<?xml version="1.0" encoding="utf-8"?>
<COLLADA xmlns="http://www.collada.org/2005/11/COLLADASchema" version="1.4.1" xmlns:xsi="http://www.w3.org/2001/XMLSchema-instance">
  <asset>
    <contributor>
      <author>Blender User</author>
      <authoring_tool>Blender 2.83.20 commit date:2022-04-19, commit time:16:00, hash:a56e2faeb7a9</authoring_tool>
    </contributor>
    <created>2026-06-24T15:32:51</created>
    <modified>2026-06-24T15:32:51</modified>
    <unit name="meter" meter="1"/>
    <up_axis>Z_UP</up_axis>
  </asset>
  <library_effects>
    <effect id="Material_002-effect">
      <profile_COMMON>
        <newparam sid="Conveyor_diffuse_png-surface">
          <surface type="2D">
            <init_from>Conveyor_diffuse_png</init_from>
          </surface>
        </newparam>
        <newparam sid="Conveyor_diffuse_png-sampler">
          <sampler2D>
            <source>Conveyor_diffuse_png-surface</source>
          </sampler2D>
        </newparam>
        <technique sid="common">
          <lambert>
            <emission>
              <color sid="emission">0 0 0 1</color>
            </emission>
            <diffuse>
              <texture texture="Conveyor_diffuse_png-sampler" texcoord="UVMap"/>
            </diffuse>
            <index_of_refraction>
              <float sid="ior">1.45</float>
            </index_of_refraction>
          </lambert>
        </technique>
      </profile_COMMON>
    </effect>
  </library_effects>
  <library_images>
    <image id="Conveyor_diffuse_png" name="Conveyor_diffuse_png">
      <init_from>Conveyor_diffuse.png</init_from>
    </image>
  </library_images>
  <library_materials>
    <material id="Material_002-material" name="Material.002">
      <instance_effect url="#Material_002-effect"/>
    </material>
  </library_materials>
  <library_geometries>
    <geometry id="Conveyor01Legs_Conveyor_0_005-mesh" name="Conveyor01Legs_Conveyor_0.005">
      <mesh>
        <source id="Conveyor01Legs_Conveyor_0_005-mesh-positions">
          <float_array id="Conveyor01Legs_Conveyor_0_005-mesh-positions-array" count="5412">-0.3864 -0.5545 -0.5923 -0.2862 -0.5545 -0.5923 -0.2862 -0.5645 -0.5923 -0.3864 -0.5645 -0.5923 -0.2862 -0.5645 -0.4923 -0.2862 -0.5645 -0.5923 -0.2862 -0.5545 -0.5923 -0.2862 -0.5545 -0.4923 -0.2862 -0.5545 -0.4923 -0.3864 -0.5545 -0.4923 -0.3864 -0.5645 -0.4923 -0.2862 -0.5645 -0.4923 -0.3864 -0.5645 -0.5923 -0.3864 -0.5645 -0.4923 -0.3864 -0.5545 -0.4923 -0.3864 -0.5545 -0.5923 -0.3864 -0.5545 -0.4923 -0.3786 -0.5545 -0.5002 -0.3764 -0.5545 -0.5053 -0.3864 -0.5545 -0.5923 -0.3764 -0.5545 -0.5793 -0.3786 -0.5545 -0.5844 -0.2992 -0.5545 -0.5023 -0.2862 -0.5545 -0.4923 -0.2941 -0.5545 -0.5002 -0.3734 -0.5545 -0.5023 -0.2962 -0.5545 -0.5793 -0.2862 -0.5545 -0.5923 -0.2941 -0.5545 -0.5844 -0.2962 -0.5545 -0.5053 -0.3734 -0.5545 -0.5823 -0.2992 -0.5545 -0.5823 -0.3764 -0.5545 -0.5793 -0.3764 -0.5545 -0.5053 -0.3764 -0.09709995 -0.5053 -0.3764 -0.09709995 -0.5793 -0.3734 -0.5545 -0.5023 -0.2992 -0.5545 -0.5023 -0.2992 -0.09709995 -0.5023 -0.3734 -0.09709995 -0.5023 -0.2962 -0.09709995 -0.5053 -0.2962 -0.5545 -0.5053 -0.2962 -0.5545 -0.5793 -0.2962 -0.09709995 -0.5793 -0.2992 -0.09709995 -0.5823 -0.2992 -0.5545 -0.5823 -0.3734 -0.5545 -0.5823 -0.3734 -0.09709995 -0.5823 -0.3835 -0.08809995 -0.4953 -0.3835 -0.08809995 -0.5894 -0.3835 -0.09709995 -0.5894 -0.3835 -0.09709995 -0.4953 -0.3835 -0.09709995 -0.4953 -0.2892 -0.09709995 -0.4953 -0.2892 -0.08809995 -0.4953 -0.3835 -0.08809995 -0.4953 -0.2892 -0.09709995 -0.5894 -0.2892 -0.08809995 -0.5894 -0.2892 -0.08809995 -0.4953 -0.2892 -0.09709995 -0.4953 -0.3835 -0.09709995 -0.5894 -0.3835 -0.08809995 -0.5894 -0.2892 -0.08809995 -0.5894 -0.2892 -0.09709995 -0.5894 -0.3835 -0.09709995 -0.4953 -0.3764 -0.09709995 -0.5793 -0.3764 -0.09709995 -0.5053 -0.3786 -0.09709995 -0.5002 -0.3835 -0.09709995 -0.5894 -0.3786 -0.09709995 -0.5844 -0.2892 -0.09709995 -0.4953 -0.3734 -0.09709995 -0.5023 -0.2992 -0.09709995 -0.5023 -0.2941 -0.09709995 -0.5002 -0.2962 -0.09709995 -0.5053 -0.2962 -0.09709995 -0.5793 -0.2941 -0.09709995 -0.5844 -0.2892 -0.09709995 -0.5894 -0.2992 -0.09709995 -0.5823 -0.3734 -0.09709995 -0.5823 -0.2892 -0.08809995 -0.5894 -0.3835 -0.08809995 -0.5894 -0.3835 -0.08809995 -0.4953 -0.2892 -0.08809995 -0.4953 -0.3558 -0.04079997 -0.5499 -0.3558 -0.0902 -0.5499 -0.357 -0.0902 -0.5431 -0.357 -0.04079997 -0.5431 -0.3524 -0.04079997 -0.5559 -0.3524 -0.0902 -0.5559 -0.3524 -0.0902 -0.5559 -0.3524 -0.04079997 -0.5559 -0.347 -0.04079997 -0.5604 -0.347 -0.0902 -0.5604 -0.3405 -0.04079997 -0.5627 -0.3405 -0.0902 -0.5627 -0.3336 -0.04079997 -0.5627 -0.3336 -0.0902 -0.5627 -0.327 -0.04079997 -0.5604 -0.327 -0.0902 -0.5604 -0.3217 -0.04079997 -0.5559 -0.3217 -0.0902 -0.5559 -0.3182 -0.0902 -0.5499 -0.3217 -0.0902 -0.5559 -0.3217 -0.04079997 -0.5559 -0.3182 -0.04079997 -0.5499 -0.317 -0.04079997 -0.5431 -0.317 -0.0902 -0.5431 -0.3182 -0.0902 -0.5362 -0.3182 -0.04079997 -0.5362 -0.3182 -0.04079997 -0.5362 -0.3217 -0.04079997 -0.5302 -0.3217 -0.0902 -0.5302 -0.3182 -0.0902 -0.5362 -0.327 -0.0902 -0.5257 -0.3217 -0.0902 -0.5302 -0.3217 -0.04079997 -0.5302 -0.327 -0.04079997 -0.5257 -0.3336 -0.0902 -0.5234 -0.3336 -0.04079997 -0.5234 -0.3405 -0.04079997 -0.5234 -0.3405 -0.0902 -0.5234 -0.347 -0.04079997 -0.5257 -0.347 -0.0902 -0.5257 -0.3524 -0.04079997 -0.5302 -0.3524 -0.0902 -0.5302 -0.3524 -0.0902 -0.5302 -0.3524 -0.04079997 -0.5302 -0.3558 -0.04079997 -0.5362 -0.3558 -0.0902 -0.5362 -0.3605 -0.03429996 -0.5516 -0.3605 -0.04079997 -0.5516 -0.362 -0.04079997 -0.5431 -0.362 -0.03429996 -0.5431 -0.3562 -0.03429996 -0.5591 -0.3562 -0.04079997 -0.5591 -0.3562 -0.04079997 -0.5591 -0.3562 -0.03429996 -0.5591 -0.3495 -0.03429996 -0.5647 -0.3495 -0.04079997 -0.5647 -0.3414 -0.03429996 -0.5677 -0.3414 -0.04079997 -0.5677 -0.3327 -0.03429996 -0.5677 -0.3327 -0.04079997 -0.5677 -0.3245 -0.03429996 -0.5647 -0.3245 -0.04079997 -0.5647 -0.3179 -0.03429996 -0.5591 -0.3179 -0.04079997 -0.5591 -0.3179 -0.04079997 -0.5591 -0.3179 -0.03429996 -0.5591 -0.3135 -0.03429996 -0.5516 -0.3135 -0.04079997 -0.5516 -0.312 -0.03429996 -0.5431 -0.312 -0.04079997 -0.5431 -0.3135 -0.04079997 -0.5345 -0.3135 -0.03429996 -0.5345 -0.3135 -0.04079997 -0.5345 -0.3135 -0.03429996 -0.5345 -0.3179 -0.03429996 -0.527 -0.3179 -0.04079997 -0.527 -0.3179 -0.04079997 -0.527 -0.3179 -0.03429996 -0.527 -0.3245 -0.03429996 -0.5214 -0.3245 -0.04079997 -0.5214 -0.3327 -0.04079997 -0.5184 -0.3327 -0.03429996 -0.5184 -0.3414 -0.03429996 -0.5184 -0.3414 -0.04079997 -0.5184 -0.3495 -0.03429996 -0.5214 -0.3495 -0.04079997 -0.5214 -0.3562 -0.03429996 -0.527 -0.3562 -0.04079997 -0.527 -0.3562 -0.04079997 -0.527 -0.3562 -0.03429996 -0.527 -0.3605 -0.03429996 -0.5345 -0.3605 -0.04079997 -0.5345 -0.3605 -0.04079997 -0.5516 -0.3558 -0.04079997 -0.5499 -0.357 -0.04079997 -0.5431 -0.362 -0.04079997 -0.5431 -0.3558 -0.04079997 -0.5362 -0.3605 -0.04079997 -0.5345 -0.3524 -0.04079997 -0.5302 -0.3562 -0.04079997 -0.527 -0.347 -0.04079997 -0.5257 -0.3495 -0.04079997 -0.5214 -0.3405 -0.04079997 -0.5234 -0.3414 -0.04079997 -0.5184 -0.3336 -0.04079997 -0.5234 -0.3327 -0.04079997 -0.5184 -0.327 -0.04079997 -0.5257 -0.3245 -0.04079997 -0.5214 -0.3217 -0.04079997 -0.5302 -0.3179 -0.04079997 -0.527 -0.3182 -0.04079997 -0.5362 -0.3135 -0.04079997 -0.5345 -0.317 -0.04079997 -0.5431 -0.312 -0.04079997 -0.5431 -0.3182 -0.04079997 -0.5499 -0.3135 -0.04079997 -0.5516 -0.3217 -0.04079997 -0.5559 -0.3179 -0.04079997 -0.5591 -0.327 -0.04079997 -0.5604 -0.3245 -0.04079997 -0.5647 -0.3336 -0.04079997 -0.5627 -0.3327 -0.04079997 -0.5677 -0.3405 -0.04079997 -0.5627 -0.3414 -0.04079997 -0.5677 -0.3495 -0.04079997 -0.5647 -0.347 -0.04079997 -0.5604 -0.3524 -0.04079997 -0.5559 -0.3562 -0.04079997 -0.5591 -0.2565 0 -0.5434 -0.2614 0 -0.5161 -0.2614 -0.008499979 -0.5161 -0.2565 -0.008499979 -0.5434 -0.2753 0 -0.492 -0.2753 -0.008499979 -0.492 -0.2753 -0.008499979 -0.492 -0.2753 0 -0.492 -0.2965 0 -0.4742 -0.2965 -0.008499979 -0.4742 -0.3227 0 -0.4647 -0.3227 -0.008499979 -0.4647 -0.3504 0 -0.4647 -0.3504 -0.008499979 -0.4647 -0.3765 -0.008499979 -0.4742 -0.3765 0 -0.4742 -0.3978 0 -0.492 -0.3978 -0.008499979 -0.492 -0.3978 -0.008499979 -0.492 -0.3978 0 -0.492 -0.4117 0 -0.5161 -0.4117 -0.008499979 -0.5161 -0.4165 0 -0.5434 -0.4165 -0.008499979 -0.5434 -0.4117 0 -0.5708 -0.4117 -0.008499979 -0.5708 -0.4117 -0.008499979 -0.5708 -0.4117 0 -0.5708 -0.3978 0 -0.5949 -0.3978 -0.008499979 -0.5949 -0.3978 -0.008499979 -0.5949 -0.3978 0 -0.5949 -0.3765 0 -0.6127 -0.3765 -0.008499979 -0.6127 -0.3504 0 -0.6222 -0.3504 -0.008499979 -0.6222 -0.3227 0 -0.6222 -0.3227 -0.008499979 -0.6222 -0.2965 0 -0.6127 -0.2965 -0.008499979 -0.6127 -0.2753 0 -0.5949 -0.2753 -0.008499979 -0.5949 -0.2753 -0.008499979 -0.5949 -0.2753 0 -0.5949 -0.2614 0 -0.5708 -0.2614 -0.008499979 -0.5708 -0.2753 0 -0.5949 -0.2965 0 -0.6127 -0.3227 0 -0.6222 -0.2565 0 -0.5434 -0.3504 0 -0.6222 -0.3765 0 -0.6127 -0.4117 0 -0.5708 -0.3978 0 -0.5949 -0.4165 0 -0.5434 -0.4117 0 -0.5161 -0.3765 0 -0.4742 -0.3978 0 -0.492 -0.3504 0 -0.4647 -0.3227 0 -0.4647 -0.2753 0 -0.492 -0.2965 0 -0.4742 -0.2614 0 -0.5161 -0.2614 0 -0.5708 -0.3142 -0.03459995 -0.5247 -0.3219 -0.03459995 -0.5181 -0.3091 -0.03459995 -0.5534 -0.3091 -0.03459995 -0.5334 -0.3315 -0.03459995 -0.5147 -0.3416 -0.03459995 -0.5147 -0.3589 -0.03459995 -0.5247 -0.3512 -0.03459995 -0.5181 -0.364 -0.03459995 -0.5334 -0.3658 -0.03459995 -0.5434 -0.3589 -0.03459995 -0.5622 -0.364 -0.03459995 -0.5534 -0.3512 -0.03459995 -0.5688 -0.3416 -0.03459995 -0.5722 -0.3219 -0.03459995 -0.5688 -0.3315 -0.03459995 -0.5722 -0.3142 -0.03459995 -0.5622 -0.3073 -0.03459995 -0.5434 -0.2632 -0.01119995 -0.5167 -0.3091 -0.02779996 -0.5334 -0.3073 -0.02779996 -0.5434 -0.2584 -0.01119995 -0.5434 -0.2767 -0.01119995 -0.4932 -0.3142 -0.02779996 -0.5247 -0.2975 -0.01119995 -0.4758 -0.3219 -0.02779996 -0.5181 -0.323 -0.01119995 -0.4665 -0.3315 -0.02779996 -0.5147 -0.3501 -0.01119995 -0.4665 -0.3416 -0.02779996 -0.5147 -0.3756 -0.01119995 -0.4758 -0.3512 -0.02779996 -0.5181 -0.3964 -0.01119995 -0.4932 -0.3589 -0.02779996 -0.5247 -0.4099 -0.01119995 -0.5167 -0.364 -0.02779996 -0.5334 -0.3658 -0.02779996 -0.5434 -0.4147 -0.01119995 -0.5434 -0.4099 -0.01119995 -0.5702 -0.364 -0.02779996 -0.5534 -0.3964 -0.01119995 -0.5936 -0.3589 -0.02779996 -0.5622 -0.3756 -0.01119995 -0.6111 -0.3512 -0.02779996 -0.5688 -0.3416 -0.02779996 -0.5722 -0.3501 -0.01119995 -0.6204 -0.323 -0.01119995 -0.6204 -0.3315 -0.02779996 -0.5722 -0.2975 -0.01119995 -0.6111 -0.3219 -0.02779996 -0.5688 -0.2767 -0.01119995 -0.5936 -0.3142 -0.02779996 -0.5622 -0.2632 -0.01119995 -0.5702 -0.3091 -0.02779996 -0.5534 -0.3073 -0.02779996 -0.5434 -0.3091 -0.02779996 -0.5334 -0.3091 -0.03459995 -0.5334 -0.3073 -0.03459995 -0.5434 -0.3142 -0.02779996 -0.5247 -0.3142 -0.03459995 -0.5247 -0.3219 -0.02779996 -0.5181 -0.3219 -0.03459995 -0.5181 -0.3219 -0.02779996 -0.5181 -0.3315 -0.02779996 -0.5147 -0.3315 -0.03459995 -0.5147 -0.3219 -0.03459995 -0.5181 -0.3416 -0.03459995 -0.5147 -0.3416 -0.02779996 -0.5147 -0.3512 -0.02779996 -0.5181 -0.3512 -0.03459995 -0.5181 -0.3589 -0.02779996 -0.5247 -0.3589 -0.03459995 -0.5247 -0.3512 -0.03459995 -0.5181 -0.3512 -0.02779996 -0.5181 -0.364 -0.03459995 -0.5334 -0.364 -0.02779996 -0.5334 -0.3658 -0.03459995 -0.5434 -0.3658 -0.02779996 -0.5434 -0.364 -0.02779996 -0.5534 -0.364 -0.03459995 -0.5534 -0.3658 -0.03459995 -0.5434 -0.3658 -0.02779996 -0.5434 -0.3589 -0.02779996 -0.5622 -0.3589 -0.03459995 -0.5622 -0.3512 -0.02779996 -0.5688 -0.3512 -0.03459995 -0.5688 -0.3589 -0.03459995 -0.5622 -0.3589 -0.02779996 -0.5622 -0.3416 -0.03459995 -0.5722 -0.3416 -0.02779996 -0.5722 -0.3315 -0.02779996 -0.5722 -0.3315 -0.03459995 -0.5722 -0.3219 -0.02779996 -0.5688 -0.3219 -0.03459995 -0.5688 -0.3142 -0.02779996 -0.5622 -0.3142 -0.03459995 -0.5622 -0.3091 -0.03459995 -0.5534 -0.3142 -0.03459995 -0.5622 -0.3142 -0.02779996 -0.5622 -0.3091 -0.02779996 -0.5534 -0.2632 -0.01119995 -0.5167 -0.2584 -0.01119995 -0.5434 -0.2767 -0.01119995 -0.4932 -0.2753 -0.008499979 -0.492 -0.2965 -0.008499979 -0.4742 -0.323 -0.01119995 -0.4665 -0.2975 -0.01119995 -0.4758 -0.3501 -0.01119995 -0.4665 -0.3756 -0.01119995 -0.4758 -0.3964 -0.01119995 -0.4932 -0.3756 -0.01119995 -0.4758 -0.3765 -0.008499979 -0.4742 -0.4099 -0.01119995 -0.5167 -0.4147 -0.01119995 -0.5434 -0.4165 -0.008499979 -0.5434 -0.4099 -0.01119995 -0.5702 -0.4147 -0.01119995 -0.5434 -0.3964 -0.01119995 -0.5936 -0.3765 -0.008499979 -0.6127 -0.3756 -0.01119995 -0.6111 -0.3756 -0.01119995 -0.6111 -0.3501 -0.01119995 -0.6204 -0.323 -0.01119995 -0.6204 -0.2975 -0.01119995 -0.6111 -0.2753 -0.008499979 -0.5949 -0.2767 -0.01119995 -0.5936 -0.2975 -0.01119995 -0.6111 -0.2965 -0.008499979 -0.6127 -0.2753 -0.008499979 -0.5949 -0.2614 -0.008499979 -0.5708 -0.2632 -0.01119995 -0.5702 0.3864 -0.5545 -0.5923 0.3864 -0.5645 -0.5923 0.2862 -0.5645 -0.5923 0.2862 -0.5545 -0.5923 0.2862 -0.5545 -0.4923 0.2862 -0.5545 -0.5923 0.2862 -0.5645 -0.5923 0.2862 -0.5645 -0.4923 0.2862 -0.5545 -0.4923 0.2862 -0.5645 -0.4923 0.3864 -0.5645 -0.4923 0.3864 -0.5545 -0.4923 0.3864 -0.5645 -0.4923 0.3864 -0.5645 -0.5923 0.3864 -0.5545 -0.5923 0.3864 -0.5545 -0.4923 0.3864 -0.5545 -0.5923 0.3786 -0.5545 -0.5844 0.3764 -0.5545 -0.5793 0.3786 -0.5545 -0.5002 0.3764 -0.5545 -0.5053 0.3864 -0.5545 -0.4923 0.3734 -0.5545 -0.5023 0.2941 -0.5545 -0.5002 0.2992 -0.5545 -0.5023 0.2862 -0.5545 -0.4923 0.2941 -0.5545 -0.5844 0.2962 -0.5545 -0.5053 0.2962 -0.5545 -0.5793 0.2862 -0.5545 -0.5923 0.2992 -0.5545 -0.5823 0.3734 -0.5545 -0.5823 0.3764 -0.09709995 -0.5793 0.3764 -0.09709995 -0.5053 0.3764 -0.5545 -0.5053 0.3764 -0.5545 -0.5793 0.2992 -0.09709995 -0.5023 0.2992 -0.5545 -0.5023 0.3734 -0.5545 -0.5023 0.3734 -0.09709995 -0.5023 0.2962 -0.09709995 -0.5793 0.2962 -0.5545 -0.5793 0.2962 -0.5545 -0.5053 0.2962 -0.09709995 -0.5053 0.3734 -0.5545 -0.5823 0.2992 -0.5545 -0.5823 0.2992 -0.09709995 -0.5823 0.3734 -0.09709995 -0.5823 0.3835 -0.08809995 -0.5894 0.3835 -0.08809995 -0.4953 0.3835 -0.09709995 -0.4953 0.3835 -0.09709995 -0.5894 0.2892 -0.08809995 -0.4953 0.2892 -0.09709995 -0.4953 0.3835 -0.09709995 -0.4953 0.3835 -0.08809995 -0.4953 0.2892 -0.08809995 -0.5894 0.2892 -0.09709995 -0.5894 0.2892 -0.09709995 -0.4953 0.2892 -0.08809995 -0.4953 0.3835 -0.08809995 -0.5894 0.3835 -0.09709995 -0.5894 0.2892 -0.09709995 -0.5894 0.2892 -0.08809995 -0.5894 0.3764 -0.09709995 -0.5053 0.3786 -0.09709995 -0.5844 0.3835 -0.09709995 -0.5894 0.3835 -0.09709995 -0.4953 0.3786 -0.09709995 -0.5002 0.3764 -0.09709995 -0.5793 0.2892 -0.09709995 -0.4953 0.2992 -0.09709995 -0.5023 0.2941 -0.09709995 -0.5002 0.3734 -0.09709995 -0.5023 0.2892 -0.09709995 -0.5894 0.2962 -0.09709995 -0.5793 0.2941 -0.09709995 -0.5844 0.2962 -0.09709995 -0.5053 0.3734 -0.09709995 -0.5823 0.2992 -0.09709995 -0.5823 0.3835 -0.08809995 -0.4953 0.3835 -0.08809995 -0.5894 0.2892 -0.08809995 -0.5894 0.2892 -0.08809995 -0.4953 0.357 -0.0902 -0.5431 0.3558 -0.0902 -0.5499 0.3558 -0.04079997 -0.5499 0.357 -0.04079997 -0.5431 0.3524 -0.0902 -0.5559 0.3524 -0.04079997 -0.5559 0.3524 -0.0902 -0.5559 0.347 -0.0902 -0.5604 0.347 -0.04079997 -0.5604 0.3524 -0.04079997 -0.5559 0.3405 -0.0902 -0.5627 0.3405 -0.04079997 -0.5627 0.3336 -0.04079997 -0.5627 0.3336 -0.0902 -0.5627 0.327 -0.0902 -0.5604 0.327 -0.04079997 -0.5604 0.3217 -0.04079997 -0.5559 0.3217 -0.0902 -0.5559 0.3182 -0.04079997 -0.5499 0.3217 -0.04079997 -0.5559 0.3217 -0.0902 -0.5559 0.3182 -0.0902 -0.5499 0.317 -0.0902 -0.5431 0.317 -0.04079997 -0.5431 0.3182 -0.0902 -0.5362 0.3182 -0.04079997 -0.5362 0.3217 -0.0902 -0.5302 0.3217 -0.04079997 -0.5302 0.3217 -0.04079997 -0.5302 0.3217 -0.0902 -0.5302 0.327 -0.0902 -0.5257 0.327 -0.04079997 -0.5257 0.3336 -0.0902 -0.5234 0.3336 -0.04079997 -0.5234 0.3405 -0.0902 -0.5234 0.3405 -0.04079997 -0.5234 0.347 -0.0902 -0.5257 0.347 -0.04079997 -0.5257 0.3524 -0.0902 -0.5302 0.3524 -0.04079997 -0.5302 0.3524 -0.04079997 -0.5302 0.3524 -0.0902 -0.5302 0.3558 -0.0902 -0.5362 0.3558 -0.04079997 -0.5362 0.362 -0.03429996 -0.5431 0.362 -0.04079997 -0.5431 0.3605 -0.04079997 -0.5516 0.3605 -0.03429996 -0.5516 0.3562 -0.04079997 -0.5591 0.3562 -0.03429996 -0.5591 0.3562 -0.03429996 -0.5591 0.3562 -0.04079997 -0.5591 0.3495 -0.04079997 -0.5647 0.3495 -0.03429996 -0.5647 0.3414 -0.04079997 -0.5677 0.3414 -0.03429996 -0.5677 0.3327 -0.04079997 -0.5677 0.3327 -0.03429996 -0.5677 0.3327 -0.03429996 -0.5677 0.3327 -0.04079997 -0.5677 0.3245 -0.04079997 -0.5647 0.3245 -0.03429996 -0.5647 0.3179 -0.04079997 -0.5591 0.3179 -0.03429996 -0.5591 0.3179 -0.03429996 -0.5591 0.3179 -0.04079997 -0.5591 0.3135 -0.04079997 -0.5516 0.3135 -0.03429996 -0.5516 0.312 -0.04079997 -0.5431 0.312 -0.03429996 -0.5431 0.3135 -0.04079997 -0.5345 0.3135 -0.03429996 -0.5345 0.3179 -0.04079997 -0.527 0.3179 -0.03429996 -0.527 0.3179 -0.03429996 -0.527 0.3179 -0.04079997 -0.527 0.3245 -0.04079997 -0.5214 0.3245 -0.03429996 -0.5214 0.3327 -0.04079997 -0.5184 0.3327 -0.03429996 -0.5184 0.3414 -0.04079997 -0.5184 0.3414 -0.03429996 -0.5184 0.3495 -0.04079997 -0.5214 0.3495 -0.03429996 -0.5214 0.3562 -0.04079997 -0.527 0.3562 -0.03429996 -0.527 0.3562 -0.03429996 -0.527 0.3562 -0.04079997 -0.527 0.3605 -0.04079997 -0.5345 0.3605 -0.03429996 -0.5345 0.3605 -0.04079997 -0.5516 0.362 -0.04079997 -0.5431 0.357 -0.04079997 -0.5431 0.3558 -0.04079997 -0.5499 0.3605 -0.04079997 -0.5345 0.3558 -0.04079997 -0.5362 0.3562 -0.04079997 -0.527 0.3524 -0.04079997 -0.5302 0.3495 -0.04079997 -0.5214 0.347 -0.04079997 -0.5257 0.3414 -0.04079997 -0.5184 0.3405 -0.04079997 -0.5234 0.3327 -0.04079997 -0.5184 0.3336 -0.04079997 -0.5234 0.327 -0.04079997 -0.5257 0.3245 -0.04079997 -0.5214 0.3179 -0.04079997 -0.527 0.3217 -0.04079997 -0.5302 0.3135 -0.04079997 -0.5345 0.3182 -0.04079997 -0.5362 0.312 -0.04079997 -0.5431 0.317 -0.04079997 -0.5431 0.3135 -0.04079997 -0.5516 0.3182 -0.04079997 -0.5499 0.3179 -0.04079997 -0.5591 0.3217 -0.04079997 -0.5559 0.327 -0.04079997 -0.5604 0.3245 -0.04079997 -0.5647 0.3336 -0.04079997 -0.5627 0.3327 -0.04079997 -0.5677 0.3405 -0.04079997 -0.5627 0.3414 -0.04079997 -0.5677 0.3495 -0.04079997 -0.5647 0.347 -0.04079997 -0.5604 0.3562 -0.04079997 -0.5591 0.3524 -0.04079997 -0.5559 0.2565 0 -0.5434 0.2565 -0.008499979 -0.5434 0.2614 -0.008499979 -0.5161 0.2614 0 -0.5161 0.2753 -0.008499979 -0.492 0.2753 0 -0.492 0.2753 0 -0.492 0.2753 -0.008499979 -0.492 0.2965 -0.008499979 -0.4742 0.2965 0 -0.4742 0.3227 -0.008499979 -0.4647 0.3227 0 -0.4647 0.3504 -0.008499979 -0.4647 0.3504 0 -0.4647 0.3765 -0.008499979 -0.4742 0.3765 0 -0.4742 0.3978 -0.008499979 -0.492 0.3978 0 -0.492 0.3978 -0.008499979 -0.492 0.4117 -0.008499979 -0.5161 0.4117 0 -0.5161 0.3978 0 -0.492 0.4165 -0.008499979 -0.5434 0.4165 0 -0.5434 0.4117 -0.008499979 -0.5708 0.4117 0 -0.5708 0.4117 0 -0.5708 0.4117 -0.008499979 -0.5708 0.3978 -0.008499979 -0.5949 0.3978 0 -0.5949 0.3978 0 -0.5949 0.3978 -0.008499979 -0.5949 0.3765 -0.008499979 -0.6127 0.3765 0 -0.6127 0.3504 -0.008499979 -0.6222 0.3504 0 -0.6222 0.3227 -0.008499979 -0.6222 0.3227 0 -0.6222 0.2965 -0.008499979 -0.6127 0.2965 0 -0.6127 0.2753 -0.008499979 -0.5949 0.2753 0 -0.5949 0.2753 0 -0.5949 0.2753 -0.008499979 -0.5949 0.2614 -0.008499979 -0.5708 0.2614 0 -0.5708 0.2614 0 -0.5161 0.2753 0 -0.492 0.3227 0 -0.6222 0.2565 0 -0.5434 0.2965 0 -0.4742 0.3227 0 -0.4647 0.3765 0 -0.4742 0.3504 0 -0.4647 0.4117 0 -0.5708 0.3978 0 -0.492 0.4117 0 -0.5161 0.4165 0 -0.5434 0.3978 0 -0.5949 0.3765 0 -0.6127 0.3504 0 -0.6222 0.2965 0 -0.6127 0.2753 0 -0.5949 0.2614 0 -0.5708 0.3091 -0.03459995 -0.5534 0.3142 -0.03459995 -0.5622 0.3219 -0.03459995 -0.5688 0.3219 -0.03459995 -0.5181 0.3315 -0.03459995 -0.5722 0.3416 -0.03459995 -0.5722 0.3589 -0.03459995 -0.5622 0.3512 -0.03459995 -0.5688 0.364 -0.03459995 -0.5534 0.3658 -0.03459995 -0.5434 0.3589 -0.03459995 -0.5247 0.364 -0.03459995 -0.5334 0.3512 -0.03459995 -0.5181 0.3416 -0.03459995 -0.5147 0.3315 -0.03459995 -0.5147 0.3091 -0.03459995 -0.5334 0.3142 -0.03459995 -0.5247 0.3073 -0.03459995 -0.5434 0.2584 -0.01119995 -0.5434 0.3073 -0.02779996 -0.5434 0.3091 -0.02779996 -0.5334 0.2632 -0.01119995 -0.5167 0.3142 -0.02779996 -0.5247 0.2767 -0.01119995 -0.4932 0.3219 -0.02779996 -0.5181 0.2975 -0.01119995 -0.4758 0.3315 -0.02779996 -0.5147 0.323 -0.01119995 -0.4665 0.3416 -0.02779996 -0.5147 0.3501 -0.01119995 -0.4665 0.3512 -0.02779996 -0.5181 0.3756 -0.01119995 -0.4758 0.3589 -0.02779996 -0.5247 0.3964 -0.01119995 -0.4932 0.364 -0.02779996 -0.5334 0.4099 -0.01119995 -0.5167 0.3658 -0.02779996 -0.5434 0.4147 -0.01119995 -0.5434 0.364 -0.02779996 -0.5534 0.4099 -0.01119995 -0.5702 0.3589 -0.02779996 -0.5622 0.3964 -0.01119995 -0.5936 0.3512 -0.02779996 -0.5688 0.3756 -0.01119995 -0.6111 0.3416 -0.02779996 -0.5722 0.3501 -0.01119995 -0.6204 0.3315 -0.02779996 -0.5722 0.323 -0.01119995 -0.6204 0.3219 -0.02779996 -0.5688 0.2975 -0.01119995 -0.6111 0.3142 -0.02779996 -0.5622 0.2767 -0.01119995 -0.5936 0.3091 -0.02779996 -0.5534 0.2632 -0.01119995 -0.5702 0.3073 -0.02779996 -0.5434 0.3073 -0.03459995 -0.5434 0.3091 -0.03459995 -0.5334 0.3091 -0.02779996 -0.5334 0.3142 -0.03459995 -0.5247 0.3142 -0.02779996 -0.5247 0.3219 -0.03459995 -0.5181 0.3219 -0.02779996 -0.5181 0.3219 -0.03459995 -0.5181 0.3315 -0.03459995 -0.5147 0.3315 -0.02779996 -0.5147 0.3219 -0.02779996 -0.5181 0.3416 -0.03459995 -0.5147 0.3416 -0.02779996 -0.5147 0.3512 -0.03459995 -0.5181 0.3512 -0.02779996 -0.5181 0.3512 -0.02779996 -0.5181 0.3512 -0.03459995 -0.5181 0.3589 -0.03459995 -0.5247 0.3589 -0.02779996 -0.5247 0.364 -0.03459995 -0.5334 0.364 -0.02779996 -0.5334 0.3658 -0.03459995 -0.5434 0.3658 -0.02779996 -0.5434 0.3658 -0.02779996 -0.5434 0.3658 -0.03459995 -0.5434 0.364 -0.03459995 -0.5534 0.364 -0.02779996 -0.5534 0.3589 -0.02779996 -0.5622 0.3589 -0.03459995 -0.5622 0.3512 -0.03459995 -0.5688 0.3512 -0.02779996 -0.5688 0.3512 -0.02779996 -0.5688 0.3512 -0.03459995 -0.5688 0.3416 -0.03459995 -0.5722 0.3416 -0.02779996 -0.5722 0.3315 -0.03459995 -0.5722 0.3315 -0.02779996 -0.5722 0.3219 -0.03459995 -0.5688 0.3219 -0.02779996 -0.5688 0.3142 -0.02779996 -0.5622 0.3219 -0.02779996 -0.5688 0.3219 -0.03459995 -0.5688 0.3142 -0.03459995 -0.5622 0.3142 -0.03459995 -0.5622 0.3091 -0.03459995 -0.5534 0.3091 -0.02779996 -0.5534 0.3142 -0.02779996 -0.5622 0.2584 -0.01119995 -0.5434 0.2632 -0.01119995 -0.5167 0.2767 -0.01119995 -0.4932 0.2753 -0.008499979 -0.492 0.2767 -0.01119995 -0.4932 0.2975 -0.01119995 -0.4758 0.2965 -0.008499979 -0.4742 0.2975 -0.01119995 -0.4758 0.323 -0.01119995 -0.4665 0.3501 -0.01119995 -0.4665 0.3756 -0.01119995 -0.4758 0.3765 -0.008499979 -0.4742 0.3756 -0.01119995 -0.4758 0.3964 -0.01119995 -0.4932 0.4099 -0.01119995 -0.5167 0.4147 -0.01119995 -0.5434 0.4147 -0.01119995 -0.5434 0.4099 -0.01119995 -0.5702 0.4165 -0.008499979 -0.5434 0.3964 -0.01119995 -0.5936 0.3756 -0.01119995 -0.6111 0.3765 -0.008499979 -0.6127 0.3756 -0.01119995 -0.6111 0.3501 -0.01119995 -0.6204 0.323 -0.01119995 -0.6204 0.2975 -0.01119995 -0.6111 0.2767 -0.01119995 -0.5936 0.2753 -0.008499979 -0.5949 0.2965 -0.008499979 -0.6127 0.2975 -0.01119995 -0.6111 0.2632 -0.01119995 -0.5702 0.2614 -0.008499979 -0.5708 0.2632 -0.01119995 -0.5702 -0.3864 -0.5545 0.5923 -0.3864 -0.5645 0.5923 -0.2862 -0.5645 0.5923 -0.2862 -0.5545 0.5923 -0.2862 -0.5545 0.5923 -0.2862 -0.5645 0.5923 -0.2862 -0.5645 0.4923 -0.2862 -0.5545 0.4923 -0.2862 -0.5545 0.4923 -0.2862 -0.5645 0.4923 -0.3864 -0.5645 0.4923 -0.3864 -0.5545 0.4923 -0.3864 -0.5545 0.4923 -0.3864 -0.5645 0.4923 -0.3864 -0.5645 0.5923 -0.3864 -0.5545 0.5923 -0.3864 -0.5545 0.5923 -0.3786 -0.5545 0.5844 -0.3764 -0.5545 0.5793 -0.3786 -0.5545 0.5002 -0.3764 -0.5545 0.5053 -0.3864 -0.5545 0.4923 -0.3734 -0.5545 0.5023 -0.2941 -0.5545 0.5002 -0.2992 -0.5545 0.5023 -0.2862 -0.5545 0.4923 -0.2962 -0.5545 0.5053 -0.2941 -0.5545 0.5844 -0.2962 -0.5545 0.5793 -0.2862 -0.5545 0.5923 -0.2992 -0.5545 0.5823 -0.3734 -0.5545 0.5823 -0.3764 -0.5545 0.5053 -0.3764 -0.5545 0.5793 -0.3764 -0.09709995 0.5793 -0.3764 -0.09709995 0.5053 -0.2992 -0.5545 0.5023 -0.3734 -0.5545 0.5023 -0.3734 -0.09709995 0.5023 -0.2992 -0.09709995 0.5023 -0.2962 -0.5545 0.5793 -0.2962 -0.5545 0.5053 -0.2962 -0.09709995 0.5053 -0.2962 -0.09709995 0.5793 -0.3734 -0.5545 0.5823 -0.2992 -0.5545 0.5823 -0.2992 -0.09709995 0.5823 -0.3734 -0.09709995 0.5823 -0.3835 -0.08809995 0.4953 -0.3835 -0.09709995 0.4953 -0.3835 -0.09709995 0.5894 -0.3835 -0.08809995 0.5894 -0.2892 -0.08809995 0.4953 -0.2892 -0.09709995 0.4953 -0.3835 -0.09709995 0.4953 -0.3835 -0.08809995 0.4953 -0.2892 -0.08809995 0.5894 -0.2892 -0.09709995 0.5894 -0.2892 -0.09709995 0.4953 -0.2892 -0.08809995 0.4953 -0.3835 -0.08809995 0.5894 -0.3835 -0.09709995 0.5894 -0.2892 -0.09709995 0.5894 -0.2892 -0.08809995 0.5894 -0.3786 -0.09709995 0.5844 -0.3835 -0.09709995 0.5894 -0.3835 -0.09709995 0.4953 -0.3764 -0.09709995 0.5053 -0.3786 -0.09709995 0.5002 -0.3764 -0.09709995 0.5793 -0.2892 -0.09709995 0.4953 -0.2992 -0.09709995 0.5023 -0.2941 -0.09709995 0.5002 -0.3734 -0.09709995 0.5023 -0.2892 -0.09709995 0.5894 -0.2962 -0.09709995 0.5793 -0.2941 -0.09709995 0.5844 -0.2962 -0.09709995 0.5053 -0.3734 -0.09709995 0.5823 -0.2992 -0.09709995 0.5823 -0.2892 -0.08809995 0.4953 -0.3835 -0.08809995 0.4953 -0.3835 -0.08809995 0.5894 -0.2892 -0.08809995 0.5894 -0.357 -0.04079997 0.5431 -0.357 -0.0902 0.5431 -0.3558 -0.0902 0.5499 -0.3558 -0.04079997 0.5499 -0.3524 -0.0902 0.5559 -0.3524 -0.04079997 0.5559 -0.347 -0.0902 0.5604 -0.347 -0.04079997 0.5604 -0.347 -0.04079997 0.5604 -0.347 -0.0902 0.5604 -0.3405 -0.0902 0.5627 -0.3405 -0.04079997 0.5627 -0.3336 -0.0902 0.5627 -0.3336 -0.04079997 0.5627 -0.327 -0.0902 0.5604 -0.327 -0.04079997 0.5604 -0.327 -0.04079997 0.5604 -0.327 -0.0902 0.5604 -0.3217 -0.0902 0.5559 -0.3217 -0.04079997 0.5559 -0.3182 -0.0902 0.5499 -0.3182 -0.04079997 0.5499 -0.317 -0.0902 0.5431 -0.317 -0.04079997 0.5431 -0.317 -0.04079997 0.5431 -0.317 -0.0902 0.5431 -0.3182 -0.0902 0.5362 -0.3182 -0.04079997 0.5362 -0.3217 -0.0902 0.5302 -0.3217 -0.04079997 0.5302 -0.327 -0.0902 0.5257 -0.327 -0.04079997 0.5257 -0.327 -0.04079997 0.5257 -0.327 -0.0902 0.5257 -0.3336 -0.0902 0.5234 -0.3336 -0.04079997 0.5234 -0.3405 -0.0902 0.5234 -0.3405 -0.04079997 0.5234 -0.347 -0.0902 0.5257 -0.347 -0.04079997 0.5257 -0.347 -0.04079997 0.5257 -0.347 -0.0902 0.5257 -0.3524 -0.0902 0.5302 -0.3524 -0.04079997 0.5302 -0.3524 -0.0902 0.5302 -0.3558 -0.0902 0.5362 -0.3558 -0.04079997 0.5362 -0.3524 -0.04079997 0.5302 -0.362 -0.03429996 0.5431 -0.362 -0.04079997 0.5431 -0.3605 -0.04079997 0.5516 -0.3605 -0.03429996 0.5516 -0.3562 -0.04079997 0.5591 -0.3562 -0.03429996 0.5591 -0.3495 -0.04079997 0.5647 -0.3495 -0.03429996 0.5647 -0.3495 -0.03429996 0.5647 -0.3495 -0.04079997 0.5647 -0.3414 -0.04079997 0.5677 -0.3414 -0.03429996 0.5677 -0.3327 -0.04079997 0.5677 -0.3327 -0.03429996 0.5677 -0.3245 -0.04079997 0.5647 -0.3245 -0.03429996 0.5647 -0.3245 -0.03429996 0.5647 -0.3245 -0.04079997 0.5647 -0.3179 -0.04079997 0.5591 -0.3179 -0.03429996 0.5591 -0.3135 -0.04079997 0.5516 -0.3135 -0.03429996 0.5516 -0.312 -0.04079997 0.5431 -0.312 -0.03429996 0.5431 -0.312 -0.03429996 0.5431 -0.312 -0.04079997 0.5431 -0.3135 -0.04079997 0.5345 -0.3135 -0.03429996 0.5345 -0.3179 -0.04079997 0.527 -0.3179 -0.03429996 0.527 -0.3245 -0.04079997 0.5214 -0.3245 -0.03429996 0.5214 -0.3245 -0.03429996 0.5214 -0.3245 -0.04079997 0.5214 -0.3327 -0.04079997 0.5184 -0.3327 -0.03429996 0.5184 -0.3414 -0.04079997 0.5184 -0.3414 -0.03429996 0.5184 -0.3495 -0.04079997 0.5214 -0.3495 -0.03429996 0.5214 -0.3495 -0.03429996 0.5214 -0.3495 -0.04079997 0.5214 -0.3562 -0.04079997 0.527 -0.3562 -0.03429996 0.527 -0.3562 -0.03429996 0.527 -0.3562 -0.04079997 0.527 -0.3605 -0.04079997 0.5345 -0.3605 -0.03429996 0.5345 -0.357 -0.04079997 0.5431 -0.3558 -0.04079997 0.5499 -0.3605 -0.04079997 0.5516 -0.362 -0.04079997 0.5431 -0.3605 -0.04079997 0.5345 -0.3558 -0.04079997 0.5362 -0.3562 -0.04079997 0.527 -0.3524 -0.04079997 0.5302 -0.3495 -0.04079997 0.5214 -0.347 -0.04079997 0.5257 -0.3414 -0.04079997 0.5184 -0.3405 -0.04079997 0.5234 -0.3327 -0.04079997 0.5184 -0.3336 -0.04079997 0.5234 -0.3245 -0.04079997 0.5214 -0.327 -0.04079997 0.5257 -0.3217 -0.04079997 0.5302 -0.3179 -0.04079997 0.527 -0.3182 -0.04079997 0.5362 -0.3135 -0.04079997 0.5345 -0.312 -0.04079997 0.5431 -0.317 -0.04079997 0.5431 -0.3135 -0.04079997 0.5516 -0.3182 -0.04079997 0.5499 -0.3179 -0.04079997 0.5591 -0.3217 -0.04079997 0.5559 -0.3245 -0.04079997 0.5647 -0.327 -0.04079997 0.5604 -0.3336 -0.04079997 0.5627 -0.3327 -0.04079997 0.5677 -0.3414 -0.04079997 0.5677 -0.3405 -0.04079997 0.5627 -0.3495 -0.04079997 0.5647 -0.347 -0.04079997 0.5604 -0.3562 -0.04079997 0.5591 -0.3524 -0.04079997 0.5559 -0.2565 0 0.5434 -0.2565 -0.008499979 0.5434 -0.2614 -0.008499979 0.5161 -0.2614 0 0.5161 -0.2753 -0.008499979 0.492 -0.2753 0 0.492 -0.2965 -0.008499979 0.4742 -0.2965 0 0.4742 -0.2965 0 0.4742 -0.2965 -0.008499979 0.4742 -0.3227 -0.008499979 0.4647 -0.3227 0 0.4647 -0.3504 -0.008499979 0.4647 -0.3504 0 0.4647 -0.3765 -0.008499979 0.4742 -0.3765 0 0.4742 -0.3765 0 0.4742 -0.3765 -0.008499979 0.4742 -0.3978 -0.008499979 0.492 -0.3978 0 0.492 -0.4117 -0.008499979 0.5161 -0.4117 0 0.5161 -0.4165 -0.008499979 0.5434 -0.4165 0 0.5434 -0.4165 0 0.5434 -0.4165 -0.008499979 0.5434 -0.4117 -0.008499979 0.5708 -0.4117 0 0.5708 -0.3978 -0.008499979 0.5949 -0.3978 0 0.5949 -0.3765 -0.008499979 0.6127 -0.3765 0 0.6127 -0.3765 0 0.6127 -0.3765 -0.008499979 0.6127 -0.3504 -0.008499979 0.6222 -0.3504 0 0.6222 -0.3227 -0.008499979 0.6222 -0.3227 0 0.6222 -0.2965 -0.008499979 0.6127 -0.2965 0 0.6127 -0.2965 0 0.6127 -0.2965 -0.008499979 0.6127 -0.2753 -0.008499979 0.5949 -0.2753 0 0.5949 -0.2753 -0.008499979 0.5949 -0.2614 -0.008499979 0.5708 -0.2614 0 0.5708 -0.2753 0 0.5949 -0.2565 0 0.5434 -0.2614 0 0.5161 -0.2753 0 0.492 -0.3227 0 0.6222 -0.2965 0 0.4742 -0.3227 0 0.4647 -0.3765 0 0.4742 -0.3504 0 0.4647 -0.3978 0 0.492 -0.4117 0 0.5161 -0.4117 0 0.5708 -0.4165 0 0.5434 -0.3978 0 0.5949 -0.3765 0 0.6127 -0.3504 0 0.6222 -0.2965 0 0.6127 -0.2753 0 0.5949 -0.2614 0 0.5708 -0.3091 -0.03459995 0.5534 -0.3142 -0.03459995 0.5622 -0.3219 -0.03459995 0.5688 -0.3219 -0.03459995 0.5181 -0.3315 -0.03459995 0.5722 -0.3416 -0.03459995 0.5722 -0.3589 -0.03459995 0.5622 -0.3512 -0.03459995 0.5688 -0.364 -0.03459995 0.5534 -0.3658 -0.03459995 0.5434 -0.3589 -0.03459995 0.5247 -0.364 -0.03459995 0.5334 -0.3512 -0.03459995 0.5181 -0.3416 -0.03459995 0.5147 -0.3315 -0.03459995 0.5147 -0.3142 -0.03459995 0.5247 -0.3091 -0.03459995 0.5334 -0.3073 -0.03459995 0.5434 -0.2584 -0.01119995 0.5434 -0.3073 -0.02779996 0.5434 -0.3091 -0.02779996 0.5334 -0.2632 -0.01119995 0.5167 -0.3142 -0.02779996 0.5247 -0.2767 -0.01119995 0.4932 -0.3219 -0.02779996 0.5181 -0.2975 -0.01119995 0.4758 -0.3315 -0.02779996 0.5147 -0.323 -0.01119995 0.4665 -0.3416 -0.02779996 0.5147 -0.3501 -0.01119995 0.4665 -0.3512 -0.02779996 0.5181 -0.3756 -0.01119995 0.4758 -0.3589 -0.02779996 0.5247 -0.3964 -0.01119995 0.4932 -0.364 -0.02779996 0.5334 -0.4099 -0.01119995 0.5167 -0.3658 -0.02779996 0.5434 -0.4147 -0.01119995 0.5434 -0.364 -0.02779996 0.5534 -0.4099 -0.01119995 0.5702 -0.3589 -0.02779996 0.5622 -0.3964 -0.01119995 0.5936 -0.3512 -0.02779996 0.5688 -0.3756 -0.01119995 0.6111 -0.3416 -0.02779996 0.5722 -0.3501 -0.01119995 0.6204 -0.3315 -0.02779996 0.5722 -0.323 -0.01119995 0.6204 -0.3219 -0.02779996 0.5688 -0.2975 -0.01119995 0.6111 -0.3142 -0.02779996 0.5622 -0.2767 -0.01119995 0.5936 -0.3091 -0.02779996 0.5534 -0.2632 -0.01119995 0.5702 -0.3073 -0.02779996 0.5434 -0.3073 -0.03459995 0.5434 -0.3091 -0.03459995 0.5334 -0.3091 -0.02779996 0.5334 -0.3142 -0.03459995 0.5247 -0.3142 -0.02779996 0.5247 -0.3219 -0.03459995 0.5181 -0.3219 -0.02779996 0.5181 -0.3315 -0.03459995 0.5147 -0.3315 -0.02779996 0.5147 -0.3219 -0.02779996 0.5181 -0.3219 -0.03459995 0.5181 -0.3416 -0.02779996 0.5147 -0.3416 -0.03459995 0.5147 -0.3512 -0.03459995 0.5181 -0.3512 -0.02779996 0.5181 -0.3589 -0.02779996 0.5247 -0.3512 -0.02779996 0.5181 -0.3512 -0.03459995 0.5181 -0.3589 -0.03459995 0.5247 -0.364 -0.03459995 0.5334 -0.364 -0.02779996 0.5334 -0.3658 -0.03459995 0.5434 -0.3658 -0.02779996 0.5434 -0.3658 -0.02779996 0.5434 -0.3658 -0.03459995 0.5434 -0.364 -0.03459995 0.5534 -0.364 -0.02779996 0.5534 -0.3589 -0.03459995 0.5622 -0.3589 -0.02779996 0.5622 -0.3512 -0.03459995 0.5688 -0.3512 -0.02779996 0.5688 -0.3416 -0.03459995 0.5722 -0.3416 -0.02779996 0.5722 -0.3512 -0.02779996 0.5688 -0.3512 -0.03459995 0.5688 -0.3315 -0.03459995 0.5722 -0.3315 -0.02779996 0.5722 -0.3219 -0.03459995 0.5688 -0.3219 -0.02779996 0.5688 -0.3219 -0.02779996 0.5688 -0.3219 -0.03459995 0.5688 -0.3142 -0.03459995 0.5622 -0.3142 -0.02779996 0.5622 -0.3142 -0.02779996 0.5622 -0.3142 -0.03459995 0.5622 -0.3091 -0.03459995 0.5534 -0.3091 -0.02779996 0.5534 -0.2632 -0.01119995 0.5167 -0.2584 -0.01119995 0.5434 -0.2767 -0.01119995 0.4932 -0.2753 -0.008499979 0.492 -0.2767 -0.01119995 0.4932 -0.2975 -0.01119995 0.4758 -0.323 -0.01119995 0.4665 -0.3501 -0.01119995 0.4665 -0.3756 -0.01119995 0.4758 -0.3504 -0.008499979 0.4647 -0.3501 -0.01119995 0.4665 -0.3964 -0.01119995 0.4932 -0.4099 -0.01119995 0.5167 -0.4117 -0.008499979 0.5161 -0.4099 -0.01119995 0.5167 -0.4147 -0.01119995 0.5434 -0.4099 -0.01119995 0.5702 -0.3964 -0.01119995 0.5936 -0.3978 -0.008499979 0.5949 -0.3964 -0.01119995 0.5936 -0.3756 -0.01119995 0.6111 -0.3501 -0.01119995 0.6204 -0.323 -0.01119995 0.6204 -0.2975 -0.01119995 0.6111 -0.3227 -0.008499979 0.6222 -0.323 -0.01119995 0.6204 -0.2767 -0.01119995 0.5936 -0.2632 -0.01119995 0.5702 -0.2614 -0.008499979 0.5708 -0.2632 -0.01119995 0.5702 0.3864 -0.5545 0.5923 0.2862 -0.5545 0.5923 0.2862 -0.5645 0.5923 0.3864 -0.5645 0.5923 0.2862 -0.5545 0.5923 0.2862 -0.5545 0.4923 0.2862 -0.5645 0.4923 0.2862 -0.5645 0.5923 0.2862 -0.5545 0.4923 0.3864 -0.5545 0.4923 0.3864 -0.5645 0.4923 0.2862 -0.5645 0.4923 0.3864 -0.5645 0.4923 0.3864 -0.5545 0.4923 0.3864 -0.5545 0.5923 0.3864 -0.5645 0.5923 0.3864 -0.5545 0.4923 0.3786 -0.5545 0.5002 0.3764 -0.5545 0.5053 0.3864 -0.5545 0.5923 0.3764 -0.5545 0.5793 0.3786 -0.5545 0.5844 0.2862 -0.5545 0.4923 0.2941 -0.5545 0.5002 0.2992 -0.5545 0.5023 0.3734 -0.5545 0.5023 0.2862 -0.5545 0.5923 0.2941 -0.5545 0.5844 0.2962 -0.5545 0.5793 0.2962 -0.5545 0.5053 0.3734 -0.5545 0.5823 0.2992 -0.5545 0.5823 0.3764 -0.5545 0.5793 0.3764 -0.5545 0.5053 0.3764 -0.09709995 0.5053 0.3764 -0.09709995 0.5793 0.2992 -0.5545 0.5023 0.2992 -0.09709995 0.5023 0.3734 -0.09709995 0.5023 0.3734 -0.5545 0.5023 0.2962 -0.5545 0.5793 0.2962 -0.09709995 0.5793 0.2962 -0.09709995 0.5053 0.2962 -0.5545 0.5053 0.3734 -0.5545 0.5823 0.3734 -0.09709995 0.5823 0.2992 -0.09709995 0.5823 0.2992 -0.5545 0.5823 0.3835 -0.08809995 0.4953 0.3835 -0.08809995 0.5894 0.3835 -0.09709995 0.5894 0.3835 -0.09709995 0.4953 0.2892 -0.08809995 0.4953 0.3835 -0.08809995 0.4953 0.3835 -0.09709995 0.4953 0.2892 -0.09709995 0.4953 0.2892 -0.08809995 0.5894 0.2892 -0.08809995 0.4953 0.2892 -0.09709995 0.4953 0.2892 -0.09709995 0.5894 0.3835 -0.08809995 0.5894 0.2892 -0.08809995 0.5894 0.2892 -0.09709995 0.5894 0.3835 -0.09709995 0.5894 0.3764 -0.09709995 0.5793 0.3764 -0.09709995 0.5053 0.3786 -0.09709995 0.5002 0.3835 -0.09709995 0.4953 0.3835 -0.09709995 0.5894 0.3786 -0.09709995 0.5844 0.3734 -0.09709995 0.5023 0.2992 -0.09709995 0.5023 0.2941 -0.09709995 0.5002 0.2892 -0.09709995 0.4953 0.2962 -0.09709995 0.5053 0.2962 -0.09709995 0.5793 0.2941 -0.09709995 0.5844 0.2892 -0.09709995 0.5894 0.2992 -0.09709995 0.5823 0.3734 -0.09709995 0.5823 0.2892 -0.08809995 0.4953 0.2892 -0.08809995 0.5894 0.3835 -0.08809995 0.5894 0.3835 -0.08809995 0.4953 0.357 -0.04079997 0.5431 0.3558 -0.04079997 0.5499 0.3558 -0.0902 0.5499 0.357 -0.0902 0.5431 0.3524 -0.04079997 0.5559 0.3524 -0.0902 0.5559 0.3524 -0.04079997 0.5559 0.347 -0.04079997 0.5604 0.347 -0.0902 0.5604 0.3524 -0.0902 0.5559 0.3405 -0.04079997 0.5627 0.3405 -0.0902 0.5627 0.3336 -0.04079997 0.5627 0.3336 -0.0902 0.5627 0.3336 -0.04079997 0.5627 0.327 -0.04079997 0.5604 0.327 -0.0902 0.5604 0.3336 -0.0902 0.5627 0.3217 -0.04079997 0.5559 0.3217 -0.0902 0.5559 0.3217 -0.04079997 0.5559 0.3182 -0.04079997 0.5499 0.3182 -0.0902 0.5499 0.3217 -0.0902 0.5559 0.317 -0.04079997 0.5431 0.317 -0.0902 0.5431 0.3182 -0.04079997 0.5362 0.3182 -0.0902 0.5362 0.3217 -0.04079997 0.5302 0.3217 -0.0902 0.5302 0.3217 -0.04079997 0.5302 0.327 -0.04079997 0.5257 0.327 -0.0902 0.5257 0.3217 -0.0902 0.5302 0.3336 -0.04079997 0.5234 0.3336 -0.0902 0.5234 0.3405 -0.04079997 0.5234 0.3405 -0.0902 0.5234 0.3405 -0.04079997 0.5234 0.347 -0.04079997 0.5257 0.347 -0.0902 0.5257 0.3405 -0.0902 0.5234 0.3524 -0.04079997 0.5302 0.3524 -0.0902 0.5302 0.3524 -0.04079997 0.5302 0.3558 -0.04079997 0.5362 0.3558 -0.0902 0.5362 0.3524 -0.0902 0.5302 0.362 -0.03429996 0.5431 0.3605 -0.03429996 0.5516 0.3605 -0.04079997 0.5516 0.362 -0.04079997 0.5431 0.3562 -0.03429996 0.5591 0.3562 -0.04079997 0.5591 0.3495 -0.03429996 0.5647 0.3495 -0.04079997 0.5647 0.3495 -0.03429996 0.5647 0.3414 -0.03429996 0.5677 0.3414 -0.04079997 0.5677 0.3495 -0.04079997 0.5647 0.3327 -0.03429996 0.5677 0.3327 -0.04079997 0.5677 0.3245 -0.03429996 0.5647 0.3245 -0.04079997 0.5647 0.3245 -0.03429996 0.5647 0.3179 -0.03429996 0.5591 0.3179 -0.04079997 0.5591 0.3245 -0.04079997 0.5647 0.3135 -0.03429996 0.5516 0.3135 -0.04079997 0.5516 0.312 -0.03429996 0.5431 0.312 -0.04079997 0.5431 0.312 -0.03429996 0.5431 0.3135 -0.03429996 0.5345 0.3135 -0.04079997 0.5345 0.312 -0.04079997 0.5431 0.3179 -0.03429996 0.527 0.3179 -0.04079997 0.527 0.3245 -0.03429996 0.5214 0.3245 -0.04079997 0.5214 0.3245 -0.03429996 0.5214 0.3327 -0.03429996 0.5184 0.3327 -0.04079997 0.5184 0.3245 -0.04079997 0.5214 0.3414 -0.03429996 0.5184 0.3414 -0.04079997 0.5184 0.3495 -0.03429996 0.5214 0.3495 -0.04079997 0.5214 0.3495 -0.03429996 0.5214 0.3562 -0.03429996 0.527 0.3562 -0.04079997 0.527 0.3495 -0.04079997 0.5214 0.3562 -0.03429996 0.527 0.3605 -0.03429996 0.5345 0.3605 -0.04079997 0.5345 0.3562 -0.04079997 0.527 0.3558 -0.04079997 0.5499 0.357 -0.04079997 0.5431 0.362 -0.04079997 0.5431 0.3605 -0.04079997 0.5516 0.3605 -0.04079997 0.5345 0.3558 -0.04079997 0.5362 0.3524 -0.04079997 0.5302 0.3562 -0.04079997 0.527 0.347 -0.04079997 0.5257 0.3495 -0.04079997 0.5214 0.3405 -0.04079997 0.5234 0.3414 -0.04079997 0.5184 0.3336 -0.04079997 0.5234 0.3327 -0.04079997 0.5184 0.327 -0.04079997 0.5257 0.3245 -0.04079997 0.5214 0.3217 -0.04079997 0.5302 0.3179 -0.04079997 0.527 0.3182 -0.04079997 0.5362 0.3135 -0.04079997 0.5345 0.317 -0.04079997 0.5431 0.312 -0.04079997 0.5431 0.3182 -0.04079997 0.5499 0.3135 -0.04079997 0.5516 0.3217 -0.04079997 0.5559 0.3179 -0.04079997 0.5591 0.327 -0.04079997 0.5604 0.3245 -0.04079997 0.5647 0.3327 -0.04079997 0.5677 0.3336 -0.04079997 0.5627 0.3405 -0.04079997 0.5627 0.3414 -0.04079997 0.5677 0.347 -0.04079997 0.5604 0.3495 -0.04079997 0.5647 0.3524 -0.04079997 0.5559 0.3562 -0.04079997 0.5591 0.2565 0 0.5434 0.2614 0 0.5161 0.2614 -0.008499979 0.5161 0.2565 -0.008499979 0.5434 0.2753 0 0.492 0.2753 -0.008499979 0.492 0.2965 0 0.4742 0.2965 -0.008499979 0.4742 0.2965 0 0.4742 0.3227 0 0.4647 0.3227 -0.008499979 0.4647 0.2965 -0.008499979 0.4742 0.3504 0 0.4647 0.3504 -0.008499979 0.4647 0.3765 0 0.4742 0.3765 -0.008499979 0.4742 0.3765 0 0.4742 0.3978 0 0.492 0.3978 -0.008499979 0.492 0.3765 -0.008499979 0.4742 0.4117 0 0.5161 0.4117 -0.008499979 0.5161 0.4165 0 0.5434 0.4165 -0.008499979 0.5434 0.4165 0 0.5434 0.4117 0 0.5708 0.4117 -0.008499979 0.5708 0.4165 -0.008499979 0.5434 0.3978 0 0.5949 0.3978 -0.008499979 0.5949 0.3765 0 0.6127 0.3765 -0.008499979 0.6127 0.3765 0 0.6127 0.3504 0 0.6222 0.3504 -0.008499979 0.6222 0.3765 -0.008499979 0.6127 0.3227 0 0.6222 0.3227 -0.008499979 0.6222 0.2965 0 0.6127 0.2965 -0.008499979 0.6127 0.2965 0 0.6127 0.2753 0 0.5949 0.2753 -0.008499979 0.5949 0.2965 -0.008499979 0.6127 0.2753 0 0.5949 0.2614 0 0.5708 0.2614 -0.008499979 0.5708 0.2753 -0.008499979 0.5949 0.2753 0 0.5949 0.2965 0 0.6127 0.3227 0 0.6222 0.2565 0 0.5434 0.3504 0 0.6222 0.3765 0 0.6127 0.4117 0 0.5708 0.3978 0 0.5949 0.4165 0 0.5434 0.4117 0 0.5161 0.3765 0 0.4742 0.3978 0 0.492 0.3504 0 0.4647 0.3227 0 0.4647 0.2753 0 0.492 0.2965 0 0.4742 0.2614 0 0.5161 0.2614 0 0.5708 0.3091 -0.03459995 0.5334 0.3142 -0.03459995 0.5247 0.3219 -0.03459995 0.5181 0.3091 -0.03459995 0.5534 0.3315 -0.03459995 0.5147 0.3416 -0.03459995 0.5147 0.3589 -0.03459995 0.5247 0.3512 -0.03459995 0.5181 0.3589 -0.03459995 0.5622 0.364 -0.03459995 0.5334 0.3658 -0.03459995 0.5434 0.364 -0.03459995 0.5534 0.3512 -0.03459995 0.5688 0.3416 -0.03459995 0.5722 0.3219 -0.03459995 0.5688 0.3315 -0.03459995 0.5722 0.3142 -0.03459995 0.5622 0.3073 -0.03459995 0.5434 0.2632 -0.01119995 0.5167 0.3091 -0.02779996 0.5334 0.3073 -0.02779996 0.5434 0.2584 -0.01119995 0.5434 0.2767 -0.01119995 0.4932 0.3142 -0.02779996 0.5247 0.2975 -0.01119995 0.4758 0.3219 -0.02779996 0.5181 0.323 -0.01119995 0.4665 0.3315 -0.02779996 0.5147 0.3501 -0.01119995 0.4665 0.3416 -0.02779996 0.5147 0.3512 -0.02779996 0.5181 0.3756 -0.01119995 0.4758 0.3964 -0.01119995 0.4932 0.3589 -0.02779996 0.5247 0.4099 -0.01119995 0.5167 0.364 -0.02779996 0.5334 0.3658 -0.02779996 0.5434 0.4147 -0.01119995 0.5434 0.4099 -0.01119995 0.5702 0.364 -0.02779996 0.5534 0.3964 -0.01119995 0.5936 0.3589 -0.02779996 0.5622 0.3756 -0.01119995 0.6111 0.3512 -0.02779996 0.5688 0.3416 -0.02779996 0.5722 0.3501 -0.01119995 0.6204 0.323 -0.01119995 0.6204 0.3315 -0.02779996 0.5722 0.2975 -0.01119995 0.6111 0.3219 -0.02779996 0.5688 0.2767 -0.01119995 0.5936 0.3142 -0.02779996 0.5622 0.2632 -0.01119995 0.5702 0.3091 -0.02779996 0.5534 0.3073 -0.02779996 0.5434 0.3091 -0.02779996 0.5334 0.3091 -0.03459995 0.5334 0.3073 -0.03459995 0.5434 0.3142 -0.02779996 0.5247 0.3142 -0.03459995 0.5247 0.3219 -0.03459995 0.5181 0.3219 -0.02779996 0.5181 0.3219 -0.03459995 0.5181 0.3219 -0.02779996 0.5181 0.3315 -0.02779996 0.5147 0.3315 -0.03459995 0.5147 0.3416 -0.03459995 0.5147 0.3416 -0.02779996 0.5147 0.3512 -0.02779996 0.5181 0.3512 -0.03459995 0.5181 0.3512 -0.02779996 0.5181 0.3589 -0.02779996 0.5247 0.3589 -0.03459995 0.5247 0.3512 -0.03459995 0.5181 0.364 -0.03459995 0.5334 0.364 -0.02779996 0.5334 0.3658 -0.02779996 0.5434 0.3658 -0.03459995 0.5434 0.3658 -0.03459995 0.5434 0.3658 -0.02779996 0.5434 0.364 -0.02779996 0.5534 0.364 -0.03459995 0.5534 0.3589 -0.02779996 0.5622 0.3589 -0.03459995 0.5622 0.3512 -0.03459995 0.5688 0.3512 -0.02779996 0.5688 0.3416 -0.02779996 0.5722 0.3416 -0.03459995 0.5722 0.3512 -0.03459995 0.5688 0.3512 -0.02779996 0.5688 0.3315 -0.02779996 0.5722 0.3315 -0.03459995 0.5722 0.3219 -0.03459995 0.5688 0.3219 -0.02779996 0.5688 0.3142 -0.02779996 0.5622 0.3142 -0.03459995 0.5622 0.3219 -0.03459995 0.5688 0.3219 -0.02779996 0.5688 0.3091 -0.03459995 0.5534 0.3142 -0.03459995 0.5622 0.3142 -0.02779996 0.5622 0.3091 -0.02779996 0.5534 0.2632 -0.01119995 0.5167 0.2584 -0.01119995 0.5434 0.2767 -0.01119995 0.4932 0.2753 -0.008499979 0.492 0.2975 -0.01119995 0.4758 0.2767 -0.01119995 0.4932 0.323 -0.01119995 0.4665 0.3501 -0.01119995 0.4665 0.3756 -0.01119995 0.4758 0.3501 -0.01119995 0.4665 0.3504 -0.008499979 0.4647 0.3964 -0.01119995 0.4932 0.4099 -0.01119995 0.5167 0.4147 -0.01119995 0.5434 0.4099 -0.01119995 0.5167 0.4117 -0.008499979 0.5161 0.4099 -0.01119995 0.5702 0.3964 -0.01119995 0.5936 0.3978 -0.008499979 0.5949 0.3756 -0.01119995 0.6111 0.3964 -0.01119995 0.5936 0.3501 -0.01119995 0.6204 0.323 -0.01119995 0.6204 0.2975 -0.01119995 0.6111 0.323 -0.01119995 0.6204 0.3227 -0.008499979 0.6222 0.2767 -0.01119995 0.5936 0.2614 -0.008499979 0.5708 0.2632 -0.01119995 0.5702 0.2632 -0.01119995 0.5702 -0.3764 -0.09709995 -0.5793 -0.3734 -0.09709995 -0.5823 -0.3734 -0.5545 -0.5823 -0.3764 -0.5545 -0.5793 -0.3764 -0.09709995 -0.5053 -0.3764 -0.5545 -0.5053 -0.3734 -0.5545 -0.5023 -0.3734 -0.09709995 -0.5023 -0.2992 -0.09709995 -0.5023 -0.2992 -0.5545 -0.5023 -0.2962 -0.5545 -0.5053 -0.2962 -0.09709995 -0.5053 -0.2962 -0.09709995 -0.5793 -0.2962 -0.5545 -0.5793 -0.2992 -0.5545 -0.5823 -0.2992 -0.09709995 -0.5823 0.3764 -0.09709995 -0.5793 0.3764 -0.5545 -0.5793 0.3734 -0.5545 -0.5823 0.3734 -0.09709995 -0.5823 0.3734 -0.09709995 -0.5023 0.3734 -0.5545 -0.5023 0.3764 -0.5545 -0.5053 0.3764 -0.09709995 -0.5053 0.2962 -0.09709995 -0.5053 0.2962 -0.5545 -0.5053 0.2992 -0.5545 -0.5023 0.2992 -0.09709995 -0.5023 0.2992 -0.09709995 -0.5823 0.2992 -0.5545 -0.5823 0.2962 -0.5545 -0.5793 0.2962 -0.09709995 -0.5793 -0.3734 -0.5545 0.5823 -0.3734 -0.09709995 0.5823 -0.3764 -0.09709995 0.5793 -0.3764 -0.5545 0.5793 -0.3764 -0.09709995 0.5053 -0.3734 -0.09709995 0.5023 -0.3734 -0.5545 0.5023 -0.3764 -0.5545 0.5053 -0.2992 -0.09709995 0.5023 -0.2962 -0.09709995 0.5053 -0.2962 -0.5545 0.5053 -0.2992 -0.5545 0.5023 -0.2962 -0.09709995 0.5793 -0.2992 -0.09709995 0.5823 -0.2992 -0.5545 0.5823 -0.2962 -0.5545 0.5793 0.3764 -0.5545 0.5793 0.3764 -0.09709995 0.5793 0.3734 -0.09709995 0.5823 0.3734 -0.5545 0.5823 0.3734 -0.5545 0.5023 0.3734 -0.09709995 0.5023 0.3764 -0.09709995 0.5053 0.3764 -0.5545 0.5053 0.2992 -0.5545 0.5023 0.2962 -0.5545 0.5053 0.2962 -0.09709995 0.5053 0.2992 -0.09709995 0.5023 0.2962 -0.5545 0.5793 0.2992 -0.5545 0.5823 0.2992 -0.09709995 0.5823 0.2962 -0.09709995 0.5793 0.2999 -0.1806 -0.5139 -0.3001 -0.1806 -0.5139 -0.3001 -0.2305999 -0.5139 0.2999 -0.2305999 -0.5139 -0.3001 -0.2305999 -0.5739 -0.3001 -0.1806 -0.5739 0.2999 -0.1806 -0.5739 0.2999 -0.2305999 -0.5739 -0.3001 -0.1756 -0.5189 0.2999 -0.1756 -0.5189 0.2999 -0.1756 -0.5689 -0.3001 -0.1756 -0.5689 0.2999 -0.2355999 -0.5689 0.2999 -0.2355999 -0.5189 -0.3001 -0.2355999 -0.5189 -0.3001 -0.2355999 -0.5689 -0.3001 -0.2305999 -0.5139 -0.3001 -0.2344 -0.5151 0.2999 -0.2344 -0.5151 0.2999 -0.2305999 -0.5139 0.2999 -0.1806 -0.5139 0.2999 -0.1769 -0.5151 -0.3001 -0.1769 -0.5151 -0.3001 -0.1806 -0.5139 0.2999 -0.1769 -0.5726 0.2999 -0.1806 -0.5739 -0.3001 -0.1806 -0.5739 -0.3001 -0.1769 -0.5726 -0.3001 -0.2344 -0.5726 -0.3001 -0.2305999 -0.5739 0.2999 -0.2305999 -0.5739 0.2999 -0.2344 -0.5726 -0.3001 -0.2355999 -0.5189 0.2999 -0.2355999 -0.5189 0.2999 -0.2344 -0.5151 -0.3001 -0.2344 -0.5151 0.2999 -0.1769 -0.5151 0.2999 -0.1756 -0.5189 -0.3001 -0.1756 -0.5189 -0.3001 -0.1769 -0.5151 -0.3001 -0.1769 -0.5726 -0.3001 -0.1756 -0.5689 0.2999 -0.1756 -0.5689 0.2999 -0.1769 -0.5726 0.2999 -0.2344 -0.5726 0.2999 -0.2355999 -0.5689 -0.3001 -0.2355999 -0.5689 -0.3001 -0.2344 -0.5726 -0.3001 -0.2305999 0.574 0.2999 -0.2305999 0.574 0.2999 -0.1806 0.574 -0.3001 -0.1806 0.574 0.2999 -0.2305999 0.514 -0.3001 -0.2305999 0.514 -0.3001 -0.1806 0.514 0.2999 -0.1806 0.514 -0.3001 -0.1756 0.569 0.2999 -0.1756 0.569 0.2999 -0.1756 0.519 -0.3001 -0.1756 0.519 0.2999 -0.2355999 0.569 -0.3001 -0.2355999 0.569 -0.3001 -0.2355999 0.519 0.2999 -0.2355999 0.519 -0.3001 -0.2305999 0.574 -0.3001 -0.2344 0.5727 0.2999 -0.2344 0.5727 0.2999 -0.2305999 0.574 0.2999 -0.1769 0.5727 -0.3001 -0.1769 0.5727 -0.3001 -0.1806 0.574 0.2999 -0.1806 0.574 -0.3001 -0.1769 0.5152 0.2999 -0.1769 0.5152 0.2999 -0.1806 0.514 -0.3001 -0.1806 0.514 -0.3001 -0.2344 0.5152 -0.3001 -0.2305999 0.514 0.2999 -0.2305999 0.514 0.2999 -0.2344 0.5152 0.2999 -0.2355999 0.569 0.2999 -0.2344 0.5727 -0.3001 -0.2344 0.5727 -0.3001 -0.2355999 0.569 0.2999 -0.1769 0.5727 0.2999 -0.1756 0.569 -0.3001 -0.1756 0.569 -0.3001 -0.1769 0.5727 -0.3001 -0.1769 0.5152 -0.3001 -0.1756 0.519 0.2999 -0.1756 0.519 0.2999 -0.1769 0.5152 0.2999 -0.2344 0.5152 0.2999 -0.2355999 0.519 -0.3001 -0.2355999 0.519 -0.3001 -0.2344 0.5152</float_array>
          <technique_common>
            <accessor source="#Conveyor01Legs_Conveyor_0_005-mesh-positions-array" count="1804" stride="3">
              <param name="X" type="float"/>
              <param name="Y" type="float"/>
              <param name="Z" type="float"/>
            </accessor>
          </technique_common>
        </source>
        <source id="Conveyor01Legs_Conveyor_0_005-mesh-normals">
          <float_array id="Conveyor01Legs_Conveyor_0_005-mesh-normals-array" count="3516">0 0 -1 1 0 0 0 0 1 -1 0 0 0 1 0 0 1 -7.43569e-6 0 1 -1.96489e-5 0 1 -3.7706e-5 0 1 9.82405e-6 0 1 7.43571e-6 0 1 1.88529e-5 0 1 -8.9654e-6 0 -1 0 0 -1 1.79306e-6 0 -1 -7.91966e-6 0 -1 7.66424e-6 0 -1 -7.41037e-6 0 -1 -1.48143e-6 -0.939704 0 -0.341989 -0.9397087 1.49746e-6 -0.3419761 -1 0 1.96963e-5 -1 -6.16795e-7 4.4187e-5 -0.7660072 -8.71786e-6 -0.6428321 -0.7660315 8.67449e-6 -0.6428032 -0.7660263 8.49377e-6 -0.6428093 -0.7660313 -8.4537e-6 -0.6428034 -0.5000218 0 -0.8660128 -0.5000101 0 -0.8660197 -0.1736276 1.69845e-7 -0.9848114 -0.1735684 0 -0.9848219 0.1736149 0 -0.9848137 0.1735988 0 -0.9848164 0.5000153 0 -0.8660166 0.5000188 -1.51841e-7 -0.8660147 0.7660296 -8.05861e-6 -0.6428053 0.7660346 8.0206e-6 -0.6427993 0.9396793 7.83221e-7 -0.3420569 0.7660281 8.12437e-6 -0.6428073 0.7660213 -8.08606e-6 -0.6428152 0.9396958 0 -0.3420117 1 0 1.96963e-5 1 4.93168e-7 4.41966e-5 0.9397042 8.4041e-6 0.3419887 0.9397029 -8.44395e-6 0.341992 0.9397072 -8.50779e-6 0.3419801 0.7660281 -8.12437e-6 0.6428073 0.7660213 8.08606e-6 0.6428152 0.9397037 8.54811e-6 0.3419899 0.5000132 0 0.8660179 0.7660346 8.05862e-6 0.6427993 0.7660296 -8.02058e-6 0.6428053 0.500002 0 0.8660243 0.1736149 0 0.9848137 0.1735988 0 0.9848164 -0.1736183 0 0.984813 -0.1736276 -1.69845e-7 0.9848114 -0.5000101 0 0.8660197 -0.4999778 2.12439e-6 0.8660382 -0.7660263 -8.49377e-6 0.6428093 -0.7660313 8.4537e-6 0.6428033 -0.7660315 8.71562e-6 0.6428032 -0.7660072 -6.09449e-5 0.642832 -0.9396981 -1.79026e-6 0.3420055 -0.9397096 0 0.3419738 -0.9396895 0 -0.3420287 -0.9397095 0 -0.3419739 -1 0 -1.38363e-5 -1 -3.76137e-7 -1.34602e-5 -0.7660055 -8.48019e-6 -0.6428341 -0.7660353 8.43792e-6 -0.6427985 -0.766017 8.42357e-6 -0.6428202 -0.7660204 -8.38383e-6 -0.6428164 -0.5000895 0 -0.8659737 -0.500089 0 -0.865974 -0.1736261 0 -0.9848117 -0.1736276 0 -0.9848115 0.1738085 0 -0.9847795 0.1738069 0 -0.9847798 0.5000486 0 -0.8659974 0.5000051 0 -0.8660226 0.7660043 -8.07223e-6 -0.6428356 0.766008 8.03415e-6 -0.642831 0.7660307 8.00645e-6 -0.6428042 0.7660317 -7.96866e-6 -0.6428029 0.9396817 0 -0.3420502 0.9396992 0 -0.3420022 1 0 -1.17263e-5 1 3.74844e-7 -1.6751e-5 0.9396997 8.38156e-6 0.3420007 0.9396998 -8.4213e-6 0.3420008 0.939693 8.66357e-6 0.3420194 0.939708 -8.62493e-6 0.341978 0.7660323 -8.00644e-6 0.6428021 0.7660347 7.96865e-6 0.6427992 0.7660342 8.0745e-6 0.6428 0.7660338 -8.03639e-6 0.6428002 0.4999963 0 0.8660275 0.5000164 0 0.866016 0.1737988 2.58067e-7 0.9847812 0.1736472 0 0.984808 -0.1736159 0 0.9848135 -0.1736702 0 0.9848039 -0.5000873 -6.05737e-7 0.865975 -0.5000455 0 0.8659993 -0.7660163 -8.42357e-6 0.6428211 -0.7660165 8.38382e-6 0.642821 -0.7660063 8.48018e-6 0.6428331 -0.7660083 -8.44016e-6 0.6428307 -0.939713 0 0.3419643 -0.9397124 0 0.3419658 0 -1 8.56e-7 0 -1 -8.4358e-7 0 -1 -2.10472e-7 0 -1 2.10899e-7 0 -1 1.67263e-7 0 -1 -1.66497e-7 0 -1 -8.44309e-7 0 -1 8.55988e-7 0 -1 1.68424e-7 1 0 3.172e-4 0.9396874 0 0.3420347 0.8975074 -0.2962221 0.3267003 0.955128 -0.2961937 9.60805e-7 0.7660128 -8.35786e-6 0.6428254 0.7317093 -0.2961959 0.613897 0.7316918 -0.2962298 0.6139016 0.7660326 -8.28008e-6 0.6428019 0.4996073 0 0.866252 0.4775751 -0.2961875 0.8271609 0.173511 0 0.9848319 0.1659027 -0.2961738 0.9406155 -0.1736535 0 0.9848068 -0.1659016 -0.2962087 0.9406047 -0.4775783 -0.2961933 0.8271569 -0.4998489 0 0.8661126 -0.7660228 -8.42809e-6 0.6428135 -0.7316926 -0.2961986 0.6139156 -0.7316984 -0.2961902 0.6139128 -0.7660121 -8.31842e-6 0.6428261 -0.9398512 0 0.3415841 -0.8975132 -0.2962003 0.3267042 -1 0 -1.55662e-4 -0.9551303 -0.2961858 9.48086e-6 -0.9397082 -8.38505e-6 -0.3419775 -0.8975081 -0.2962065 -0.3267127 -0.8975011 -0.2962262 -0.326714 -0.9396984 -5.81272e-5 -0.3420042 -0.766013 -8.35786e-6 -0.6428251 -0.7317035 -0.2962043 -0.6138999 -0.7316927 -0.2961987 -0.6139155 -0.7660228 -8.38832e-6 -0.6428134 -0.4998542 0 -0.8661096 -0.4775723 -0.2961735 -0.8271675 -0.173655 0 -0.9848066 -0.1659013 -0.2961837 -0.9406126 0.1734083 0 -0.9848501 0.1659007 -0.296219 -0.9406015 0.4996073 0 -0.866252 0.477572 -0.2961702 -0.8271688 0.7660326 -8.31934e-6 -0.6428018 0.7316918 -0.29623 -0.6139015 0.7317065 -0.2962034 -0.6138967 0.7660141 -5.84282e-5 -0.6428238 0.9396894 0 -0.3420291 0.8975151 -0.296198 -0.3267009 0 -1 3.1072e-7 0 -1 -1.69502e-6 0 -1 9.10133e-7 0 -1 4.11759e-7 0 -1 -9.10133e-7 0 -1 1.69502e-6 0 -1 -8.53487e-7 0.5801677 -0.7866438 0.2111804 0.3030784 -0.9465603 0.1103044 0.3223672 -0.9466148 -1.46878e-6 0.6173604 -0.7866805 -1.60262e-5 0.4728944 -0.7866709 0.3968876 0.247103 -0.9465823 0.207177 0.3086826 -0.7866614 0.5346766 0.1612997 -0.9465801 0.2792285 0.1071937 -0.7866721 0.6079939 0.05594217 -0.946587 0.3175589 -0.1072002 -0.7866881 0.607972 -0.05589365 -0.9465969 0.3175375 -0.3086859 -0.7866573 0.5346806 -0.1612481 -0.9465836 0.2792463 -0.4728755 -0.786688 0.3968762 -0.2470808 -0.9465671 0.2072727 -0.5801481 -0.7866604 0.2111722 -0.3031114 -0.9465523 0.1102825 -0.3224138 -0.9465989 -9.36401e-7 -0.6173607 -0.7866803 -1.59852e-5 -0.5801758 -0.786633 -0.2111979 -0.3030267 -0.9465761 -0.1103118 -0.4728853 -0.7866842 -0.3968723 -0.2470883 -0.9465556 -0.2073163 -0.3086769 -0.786656 -0.5346876 -0.1612264 -0.9465973 -0.2792128 -0.05589342 -0.9465971 -0.3175373 -0.1072004 -0.7866877 -0.6079726 0.1071997 -0.78669 -0.6079697 0.05584955 -0.9466072 -0.3175148 0.3086813 -0.7866601 -0.5346794 0.1612861 -0.946588 -0.2792096 0.4729119 -0.786694 -0.3968212 0.2470962 -0.9465692 -0.2072443 0.5801523 -0.7866537 -0.2111852 0.3030713 -0.9465632 -0.1102994 1 0 0 0.9396966 0 0.3420095 0.9397086 0 0.3419765 1 0 -2.50609e-7 0.7660288 0 0.6428064 0.766038 7.65415e-7 0.6427955 0.5000243 -8.82873e-6 0.8660115 0.500026 8.78706e-6 0.8660104 0.5000058 -6.11348e-5 0.8660221 0.1735885 0 0.9848183 0.173591 0 0.9848179 0.50001 8.74504e-6 0.8660196 -0.1736008 0 0.9848162 -0.1735709 0 0.9848214 -0.5000051 -8.74503e-6 0.8660225 -0.5000093 8.70377e-6 0.8660201 -0.7660628 -9.32845e-7 0.6427658 -0.7660387 0 0.6427946 -0.500026 8.82872e-6 0.8660104 -0.5000243 -8.78707e-6 0.8660115 -0.9397045 0 0.3419875 -0.9397044 0 0.3419879 -1 8.46271e-6 1.84774e-6 -1 -8.50284e-6 1.89245e-6 -0.939687 0 -0.3420358 -0.939687 0 -0.342036 -1 8.50283e-6 -2.35438e-6 -1 -8.46271e-6 -1.87755e-6 -0.7660303 -8.25815e-6 -0.6428046 -0.7660301 8.21918e-6 -0.6428046 -0.5000634 0 -0.8659889 -0.5001133 0 -0.86596 -0.7660167 7.83624e-6 -0.6428207 -0.7660179 -7.79927e-6 -0.6428192 -0.1736028 0 -0.9848158 -0.173574 0 -0.9848209 0.1735916 0 -0.9848178 0.1735929 1.64198e-6 -0.9848175 0.4999749 0 -0.8660399 0.5000666 0 -0.865987 0.7660167 -7.83624e-6 -0.6428207 0.7660179 7.79927e-6 -0.6428192 0.9396864 0 -0.3420372 0.7660285 8.25815e-6 -0.6428067 0.7660287 -8.21918e-6 -0.6428065 0.9396866 0 -0.342037 0.5801541 -0.7866529 0.2111839 0.6173613 -0.7866798 1.2964e-6 0.4728891 -0.7866777 0.3968804 0.7316957 -0.2962223 0.6139005 0.477587 -0.2961596 0.8271639 0.1072027 -0.7866702 0.6079948 0.3086926 -0.7866582 0.5346755 -0.1071979 -0.7866771 0.6079868 -0.3086652 -0.7866682 0.5346766 -0.4728948 -0.78667 0.3968891 -0.3086904 -0.7866677 0.5346627 -0.4775811 -0.296163 0.8271661 -0.580174 -0.7866345 0.2111976 -0.617383 -0.7866628 2.11895e-5 -0.9551233 -0.2962086 1.95857e-5 -0.5801662 -0.7866423 -0.2111901 -0.6173813 -0.7866641 8.73208e-6 -0.4728671 -0.7866896 -0.3968833 -0.4775955 -0.2961792 -0.8271521 -0.3086609 -0.7866685 -0.5346785 -0.3086699 -0.7866727 -0.5346672 -0.1072022 -0.7866703 -0.6079947 0.1072006 -0.7866736 -0.6079909 0.308695 -0.7866562 -0.5346771 0.7316896 -0.2962203 -0.6139088 0.4729103 -0.7866963 -0.3968186 0.3086791 -0.7866603 -0.5346803 0.4775975 -0.2961899 -0.8271471 0.7316944 -0.2962108 -0.6139077 0.897517 -0.2962005 -0.3266936 0.5801743 -0.7866407 -0.2111739 0 1 -1.88532e-5 0 1 -9.08273e-6 0 1 8.96515e-6 0 1 1.17654e-6 0 1 -1.39514e-6 0 1 2.68962e-5 0 1 1.17654e-6 0 -1 8.81796e-7 0 -1 0 0 -1 -4.01716e-6 0 -1 6.0286e-7 0 -1 -7.41032e-6 0 -1 -5.97693e-6 1 0 2.84341e-5 0.9397087 0 -0.3419761 0.939704 -1.50396e-6 -0.341989 1 0 -2.22914e-5 0.7660315 8.71562e-6 -0.6428032 0.7660072 -6.09449e-5 -0.642832 0.7660263 8.45369e-6 -0.6428093 0.5000101 0 -0.8660197 0.5000218 0 -0.8660128 0.7660313 -8.49378e-6 -0.6428034 0.1735684 1.73178e-6 -0.9848219 0.1736276 0 -0.9848114 -0.1736149 -2.62035e-6 -0.9848137 -0.1735988 0 -0.9848164 -0.5000188 0 -0.8660147 -0.5000153 0 -0.8660166 -0.7660296 -8.02058e-6 -0.6428053 -0.7660346 8.05862e-6 -0.6427993 -0.9396965 -8.88502e-7 -0.3420095 -0.7660281 -8.12437e-6 -0.6428073 -0.7660213 8.08606e-6 -0.6428152 -0.9396958 0 -0.3420118 -0.9396965 0 0.3420094 -0.9396907 0 0.3420257 -0.7660213 8.1244e-6 0.6428152 -0.7660281 -8.08604e-6 0.6428072 -0.7660296 -8.05861e-6 0.6428053 -0.7660346 8.0206e-6 0.6427993 -0.5000131 1.37246e-6 0.8660178 -0.500002 0 0.8660243 -0.1736195 2.62212e-6 0.9848128 -0.17361 0 0.9848146 0.1735684 0 0.9848219 0.1736276 1.69845e-7 0.9848114 0.5000101 0 0.8660197 0.5000218 0 0.8660128 0.7660263 8.49377e-6 0.6428093 0.7660313 -8.4537e-6 0.6428034 0.7660315 -8.71562e-6 0.6428032 0.7660072 6.09449e-5 0.642832 0.9396981 1.79026e-6 0.3420055 0.9397096 0 0.3419738 1 0 -1.36893e-5 1 3.76137e-7 -1.32988e-5 0.939708 0 -0.341978 0.9397081 0 -0.3419778 0.7660353 8.47793e-6 -0.6427985 0.7660055 -8.44017e-6 -0.6428341 0.7660171 -8.42357e-6 -0.6428202 0.7660208 8.38383e-6 -0.642816 0.5000897 0 -0.8659737 0.5000888 -8.40733e-7 -0.8659742 0.1736261 0 -0.9848117 0.1736274 -9.82596e-7 -0.9848115 -0.1736114 8.33294e-6 -0.9848142 -0.1736114 -8.29362e-6 -0.9848142 -0.1736265 -8.4145e-6 -0.9848117 -0.1735827 8.37703e-6 -0.9848193 -0.5000489 0 -0.8659972 -0.5000498 0 -0.8659967 -0.7660349 8.0745e-6 -0.642799 -0.7660074 -8.03415e-6 -0.6428319 -0.7660307 -8.00644e-6 -0.642804 -0.7660319 7.96866e-6 -0.6428025 -0.9396995 0 -0.3420015 -0.9396814 1.33895e-7 -0.342051 -0.9397038 9.91987e-7 0.3419895 -0.9397044 0 0.3419881 -0.7660323 8.00644e-6 0.6428021 -0.7660345 -7.96865e-6 0.6427995 -0.7660342 -8.0745e-6 0.6427998 -0.7660346 8.03639e-6 0.6427994 -0.5000504 0 0.8659964 -0.5000472 0 0.8659982 -0.1738002 0 0.984781 -0.1736444 -3.16959e-7 0.9848085 0.1736161 0 0.9848135 0.1736703 0 0.9848039 0.5000876 0 0.8659749 0.50009 0 0.8659735 0.7660163 8.42357e-6 0.6428213 0.766016 -8.38381e-6 0.6428215 0.7660064 -8.48018e-6 0.642833 0.7660089 8.44016e-6 0.64283 0.939713 0 0.3419643 0.9397123 0 0.3419662 0 -1 8.55997e-7 0 -1 1.67264e-7 0 -1 2.10896e-7 0 -1 -2.07472e-7 0 -1 8.55977e-7 0 -1 1.66494e-7 0 -1 -2.10896e-7 0 -1 -1.67262e-7 -1 0 -4.64192e-5 -0.9551304 -0.2961859 1.53873e-6 -0.8975145 -0.2961938 0.3267061 -0.9396874 0 0.3420347 -0.7317116 -0.2961993 0.6138926 -0.7660128 -8.34624e-5 0.6428254 -0.7660326 -8.31934e-6 0.6428018 -0.7316917 -0.2962298 0.6139016 -0.4775715 -0.2961719 0.8271686 -0.499607 0 0.8662523 -0.1659023 -0.2961666 0.9406178 -0.1734064 0 0.9848504 0.1659027 -0.2961837 0.9406123 0.1736535 0 0.9848068 0.4775763 -0.2961742 0.827165 0.4998093 0 0.8661355 0.7316927 -0.2961986 0.6139156 0.7660228 -8.38832e-6 0.6428135 0.731706 -0.2962139 0.6138923 0.8975202 -0.2961828 0.3267005 0.9397266 0 0.3419268 0.7660122 -8.35786e-6 0.6428261 0.9551315 -0.2961822 1.08697e-5 1 0 3.11035e-4 0.8975081 -0.2962065 -0.3267127 0.9397082 -8.34548e-6 -0.3419775 0.9396987 -8.31481e-6 -0.3420035 0.897522 -0.296182 -0.3266965 0.7317048 -0.2962064 -0.6138973 0.7660135 -5.84282e-5 -0.6428245 0.7660228 -8.42809e-6 -0.6428134 0.7316926 -0.2961987 -0.6139155 0.4775717 -0.2961718 -0.8271684 0.4998542 0 -0.8661096 0.1659003 -0.2962083 -0.9406051 0.173655 0 -0.9848065 -0.1659017 -0.2961944 -0.9406092 -0.1735104 0 -0.9848321 -0.4775758 -0.2961858 -0.8271611 -0.4996073 0 -0.866252 -0.7316917 -0.29623 -0.6139015 -0.7660326 -8.28009e-6 -0.6428018 -0.7660136 -8.35786e-6 -0.6428244 -0.7317069 -0.2962034 -0.6138962 -0.897512 -0.2962051 -0.3267029 -0.9397071 -5.06181e-7 -0.3419808 0 -1 -1.70697e-6 0 -1 -2.83506e-7 0 -1 8.73198e-7 -0.6173666 -0.7866756 -1.24089e-5 -0.322474 -0.9465784 0 -0.3030878 -0.9465586 0.1102939 -0.5801749 -0.7866388 0.2111793 -0.2470896 -0.9465691 0.207253 -0.4729542 -0.7866536 0.3968511 -0.1612481 -0.9465836 0.2792463 -0.308686 -0.786657 0.5346811 -0.05585068 -0.9466069 0.3175155 -0.1072004 -0.7866876 0.6079728 0.05594104 -0.9465873 0.3175581 0.1071937 -0.7866721 0.607994 0.1613044 -0.9465934 0.2791806 0.3086699 -0.7866744 0.5346648 0.247129 -0.9465435 0.2073229 0.4729453 -0.7866516 0.3968654 0.3031114 -0.9465523 0.1102826 0.5801479 -0.7866605 0.2111723 0.3224138 -0.946599 -9.38278e-7 0.6173607 -0.7866804 -1.60262e-5 0.3030512 -0.9465684 -0.1103101 0.5801511 -0.7866546 -0.2111855 0.2470968 -0.9465698 -0.2072411 0.4728975 -0.7867155 -0.3967958 0.1612877 -0.9465663 -0.2792823 0.3086768 -0.7866562 -0.5346875 0.05589324 -0.9465971 -0.3175373 0.1072003 -0.7866878 -0.6079725 -0.05598133 -0.9465771 -0.3175813 -0.107194 -0.786672 -0.607994 -0.1612997 -0.9465802 -0.2792283 -0.3086956 -0.7866532 -0.5346812 -0.247101 -0.9465667 -0.2072506 -0.4728897 -0.7866721 -0.3968909 -0.3030071 -0.9465803 -0.1103287 -0.5801507 -0.7866548 -0.2111855 -1 0 0 -1 0 -2.53019e-7 -0.9396862 0 0.3420379 -0.9397041 0 0.3419888 -0.7660655 0 0.6427624 -0.7660654 -9.30639e-7 0.6427627 -0.5000059 8.70376e-6 0.8660221 -0.1735712 -1.62372e-7 0.9848214 -0.1736012 0 0.9848161 -0.5000103 -8.74504e-6 0.8660196 0.1735879 0 0.9848185 0.1735906 0 0.984818 0.5000052 8.74503e-6 0.8660225 0.5000095 -8.70377e-6 0.86602 0.500026 -8.82872e-6 0.8660104 0.5000243 8.78707e-6 0.8660115 0.7660992 0 0.6427224 0.7660663 0 0.6427615 0.9397045 0 0.3419875 0.9397044 0 0.3419879 1 8.50283e-6 1.86264e-6 1 -8.46271e-6 1.87755e-6 1 -8.50283e-6 -2.30968e-6 1 8.46271e-6 -1.77324e-6 0.9396892 0 -0.3420298 0.9397008 0 -0.3419978 0.7660387 0 -0.6427946 0.766038 0 -0.6427953 0.5000243 8.82873e-6 -0.8660115 0.500026 -8.78706e-6 -0.8660104 0.5000073 -8.74504e-6 -0.8660213 0.5000093 8.70377e-6 -0.8660201 0.1735925 0 -0.9848176 0.1735912 0 -0.9848178 -0.1735914 0 -0.9848178 -0.1735929 1.63044e-7 -0.9848175 -0.500008 8.74503e-6 -0.8660209 -0.5000103 -8.70377e-6 -0.8660196 -0.7660167 -7.79926e-6 -0.6428207 -0.5000243 -8.82873e-6 -0.8660115 -0.500026 8.78706e-6 -0.8660104 -0.7660179 7.83624e-6 -0.6428192 -0.7660287 8.21918e-6 -0.6428064 -0.9397004 0 -0.3419991 -0.9396888 0 -0.342031 -0.7660288 -8.25815e-6 -0.6428063 -0.6173955 -0.7866529 -6.2976e-6 -0.5801531 -0.7866545 0.2111808 -0.4729646 -0.7866315 0.3968821 -0.7316958 -0.2962215 0.6139007 -0.4729684 -0.7866338 0.3968732 -0.3087095 -0.7866579 0.5346661 -0.4775988 -0.2961973 0.8271437 -0.3086925 -0.7866585 0.534675 -0.1072018 -0.7866734 0.6079908 0.1072034 -0.7866703 0.6079947 0.3086663 -0.7866777 0.534662 0.4775811 -0.2961952 0.8271546 0.3086611 -0.7866722 0.534673 0.4729686 -0.7866355 0.3968693 0.5801676 -0.7866428 0.2111845 0.6173703 -0.7866728 -4.66406e-6 0.6173757 -0.7866685 -1.70842e-5 0.5801655 -0.7866424 -0.2111917 0.9551179 -0.2962262 -1.93715e-6 0.4728882 -0.7867188 -0.3968002 0.3086591 -0.7866708 -0.5346763 0.477595 -0.2961823 -0.8271512 0.3086697 -0.7866732 -0.5346666 0.1072015 -0.7866728 -0.6079916 -0.1072015 -0.7866703 -0.607995 -0.3086951 -0.7866559 -0.5346775 -0.4728803 -0.786689 -0.3968687 -0.7317177 -0.2961786 -0.6138953 -0.4775978 -0.2961871 -0.8271479 -0.308694 -0.7866584 -0.5346744 -0.5801705 -0.7866409 -0.2111831 -0.8975171 -0.2962001 -0.3266937 -0.5801737 -0.786641 -0.211174 0 1 1.88532e-5 0 1 9.08273e-6 0 1 -8.96515e-6 0 1 -1.17654e-6 0 1 9.82386e-6 0 1 -1.96481e-5 0 1 -2.68962e-5 0 1 -1.17654e-6 0 -1 -8.81796e-7 0 -1 7.91966e-6 0 -1 0 0 -1 4.01716e-6 0 -1 -6.0286e-7 0 -1 7.41032e-6 0 -1 5.97693e-6 -1 0 -2.84198e-5 -1 0 -2.8483e-5 -0.9396913 0 0.3420239 -0.9396935 1.50564e-7 0.3420177 -0.7660696 0 0.6427577 -0.7660375 0 0.6427959 -0.5000047 8.17427e-6 0.8660228 -0.4999977 -5.71449e-5 0.8660267 -0.499992 -8.75858e-6 0.86603 -0.500009 8.71729e-6 0.8660203 -0.1737275 -1.73705e-7 0.9847939 -0.1737182 0 0.9847955 0.1737098 0 0.9847969 0.1737192 -3.9934e-6 0.9847952 0.5000098 8.98471e-6 0.8660199 0.5000267 -8.94236e-6 0.8660101 0.5000092 -8.60924e-6 0.8660202 0.5000023 8.56863e-6 0.8660242 0.7660846 0 0.6427399 0.7661489 0 0.6426631 0.9396865 0 0.3420372 0.9397016 -1.14127e-6 0.3419957 1 8.34201e-6 -1.84923e-5 1 -8.30263e-6 -1.48863e-5 1 -8.22415e-6 3.74019e-6 1 8.18535e-6 7.21216e-6 0.9396747 0 -0.3420698 0.9396932 0 -0.3420189 0.7661489 0 -0.6426632 0.7661497 0 -0.6426622 0.5000092 8.60924e-6 -0.8660202 0.5000023 -8.56863e-6 -0.8660241 0.5000098 -8.98471e-6 -0.8660199 0.5000267 8.94236e-6 -0.8660101 0.1737192 3.9934e-6 -0.9847952 0.1737098 0 -0.9847969 -0.1736909 0 -0.9848003 -0.1736778 0 -0.9848026 -0.500009 8.75862e-6 -0.8660203 -0.499992 -8.71725e-6 -0.86603 -0.5000046 -8.17427e-6 -0.8660228 -0.4999978 8.13571e-6 -0.8660266 -0.9397096 0 -0.3419738 -0.9396981 0 -0.3420054 -1 0 1.36893e-5 -1 3.76137e-7 1.32988e-5 -0.939708 0 0.341978 -0.9397081 0 0.3419778 -0.7663976 0 0.6423665 -0.7663963 0 0.6423681 -0.5000255 8.24229e-6 0.8660109 -0.5000205 -8.2034e-6 0.8660135 -0.4999978 -8.06769e-6 0.8660268 -0.499995 5.63997e-5 0.8660283 -0.1736261 0 0.9848117 -0.1737293 -1.20962e-6 0.9847934 0.1738086 0 0.9847795 0.1738579 0 0.9847708 0.499998 8.25589e-6 0.8660265 0.4999951 -8.21692e-6 0.8660283 0.5000083 -8.5934e-6 0.8660207 0.5000039 6.00749e-5 0.8660232 0.765803 0 0.6430752 0.7659697 0 0.6428768 0.9396995 0 0.3420015 0.9396814 1.33895e-7 0.342051 1 8.342e-6 -1.75238e-5 1 -5.83174e-5 -1.80155e-5 1 -8.24682e-6 -5.82635e-6 1 8.2079e-6 -5.75185e-6 0.9397038 9.91987e-7 -0.3419895 0.9397044 0 -0.3419881 0.765571 0 -0.6433515 0.7658039 0 -0.6430743 0.5000091 8.5934e-6 -0.8660202 0.5000088 -8.55285e-6 -0.8660205 0.5000313 -8.25815e-6 -0.8660073 0.4999957 8.21694e-6 -0.8660279 0.1738002 0 -0.984781 0.1736444 0 -0.9848085 -0.1736161 0 -0.9848135 -0.1737212 0 -0.9847949 -0.5000308 8.06995e-6 -0.8660078 -0.499995 -8.02963e-6 -0.8660283 -0.5000267 -8.24228e-6 -0.8660101 -0.5000268 8.20339e-6 -0.86601 -0.7660163 8.42357e-6 -0.6428213 -0.766016 -8.38381e-6 -0.6428215 -0.7660064 -8.48018e-6 -0.642833 -0.7660089 8.44016e-6 -0.64283 -0.939713 0 -0.3419643 -0.9397123 0 -0.3419662 0 -1 -8.55997e-7 0 -1 8.44332e-7 0 -1 1.68426e-7 0 -1 8.4358e-7 0 -1 -8.55977e-7 0 -1 -1.66494e-7 1 0 4.64192e-5 0.9551261 -0.2962 -5.96789e-7 0.8975149 -0.296193 -0.3267059 0.9396874 0 -0.3420347 0.7316973 -0.2962084 -0.6139054 0.7662845 0 -0.6425014 0.4775619 -0.2961881 -0.8271683 0.500007 -8.30941e-6 -0.8660215 0.4999959 -8.39185e-6 -0.8660278 0.4775741 -0.2961912 -0.8271601 0.165902 -0.2961938 -0.9406092 0.1734064 0 -0.9848504 -0.1658962 -0.2961968 -0.9406093 -0.1736535 0 -0.9848068 -0.4775865 -0.2961896 -0.8271535 -0.5000214 -8.29588e-6 -0.8660132 -0.4999939 -8.24002e-6 -0.866029 -0.4775729 -0.2961718 -0.8271677 -0.731706 -0.2961851 -0.6139062 -0.7658401 0 -0.6430311 -0.8975088 -0.2962204 -0.326698 -0.9397271 0 -0.3419254 -0.9551239 -0.2962071 -2.11597e-5 -1 -8.27332e-6 1.94013e-5 -1 -8.28308e-6 -1.83433e-5 -0.95512 -0.2962191 8.35024e-6 -0.897516 -0.2961943 0.3267019 -0.9396915 0 0.3420234 -0.7317161 -0.2961785 0.6138973 -0.7658407 0 0.6430305 -0.4775738 -0.2961683 0.8271685 -0.4999939 -8.20113e-6 0.866029 -0.5000213 -8.33521e-6 0.8660132 -0.4775745 -0.2961871 0.8271613 -0.165901 -0.2961954 0.940609 -0.173655 0 0.9848065 0.1658939 -0.2961851 0.9406135 0.173507 0 0.9848327 0.4775552 -0.2961825 0.8271742 0.4999965 -8.35225e-6 0.8660275 0.500007 -8.3488e-6 0.8660214 0.4775764 -0.2961829 0.8271618 0.7317134 -0.2961854 0.6138972 0.7660326 -8.28009e-6 0.6428018 0.7317065 -0.2962034 0.6138967 0.8975168 -0.2961941 0.3266996 0.9396909 0 0.3420251 0.766014 -8.35786e-6 0.6428238 0 -1 1.70697e-6 0 -1 2.83506e-7 0 -1 -3.1072e-7 0.6173754 -0.7866688 -1.60187e-6 0.3224205 -0.9465966 -3.27498e-6 0.3030878 -0.9465586 -0.1102939 0.5801749 -0.7866388 -0.2111793 0.2470896 -0.9465691 -0.207253 0.4729542 -0.7866536 -0.3968511 0.1612481 -0.9465836 -0.2792463 0.308686 -0.786657 -0.5346811 0.05585068 -0.9466069 -0.3175155 0.1072004 -0.7866876 -0.6079728 -0.05594104 -0.9465873 -0.3175581 -0.1071937 -0.7866721 -0.607994 -0.1613044 -0.9465934 -0.2791806 -0.3086699 -0.7866744 -0.5346648 -0.247129 -0.9465435 -0.2073229 -0.4729453 -0.7866516 -0.3968654 -0.3031114 -0.9465523 -0.1102826 -0.5801479 -0.7866605 -0.2111723 -0.3224138 -0.946599 9.38278e-7 -0.6173607 -0.7866804 1.60262e-5 -0.3030512 -0.9465684 0.1103101 -0.5801511 -0.7866546 0.2111855 -0.2470968 -0.9465698 0.2072411 -0.4729857 -0.7866249 0.39687 -0.1612877 -0.9465663 0.2792823 -0.3086768 -0.7866562 0.5346875 -0.05589324 -0.9465971 0.3175373 -0.1072003 -0.7866878 0.6079725 0.05598133 -0.9465771 0.3175813 0.107194 -0.786672 0.607994 0.1612997 -0.9465802 0.2792283 0.3086956 -0.7866532 0.5346812 0.2470963 -0.9465692 0.2072445 0.4728915 -0.7867192 0.3967956 0.303095 -0.9465563 0.1102928 0.5801811 -0.7866348 0.2111774 1 0 0 1 0 2.53019e-7 0.9396862 0 -0.3420379 0.9397041 0 -0.3419888 0.7660655 0 -0.6427624 0.7660654 -9.30639e-7 -0.6427627 0.500026 8.82872e-6 -0.8660104 0.5000243 -8.78707e-6 -0.8660115 0.1736012 0 -0.984816 0.1735714 0 -0.9848214 0.5000059 -8.74503e-6 -0.8660221 0.50001 8.70377e-6 -0.8660196 -0.1736008 0 -0.9848161 -0.1735708 0 -0.9848214 -0.5000052 8.74503e-6 -0.8660225 -0.5000095 -8.70377e-6 -0.86602 -0.7660628 0 -0.6427658 -0.7660387 6.73487e-7 -0.6427946 -0.9397045 0 -0.3419875 -0.9397044 0 -0.3419879 -1 8.50283e-6 -1.86264e-6 -1 -8.50283e-6 2.30968e-6 -1 8.46271e-6 1.77324e-6 -0.939687 0 0.342036 -0.9396869 0 0.3420361 -0.7660387 0 0.6427945 -0.7660382 0 0.6427952 -0.1735925 0 0.9848176 -0.1735912 0 0.9848178 -0.5000073 -8.74504e-6 0.8660213 0.1736032 0 0.9848158 0.1735745 0 0.9848207 0.500008 -8.70377e-6 0.8660209 0.7660167 7.83624e-6 0.6428207 0.7660179 -7.79927e-6 0.6428192 0.7660287 -8.25815e-6 0.6428065 0.7660285 8.21918e-6 0.6428067 0.9396864 0 0.3420372 0.9396866 0 0.342037 0.5801606 -0.7866494 -0.2111788 0.6173613 -0.7866797 -1.27591e-6 0.4729646 -0.7866315 -0.3968821 0.7316958 -0.2962215 -0.6139007 0.4729684 -0.7866338 -0.3968732 0.3086868 -0.7866718 -0.5346589 0.1072025 -0.7866705 -0.6079944 -0.1072002 -0.7866695 -0.6079961 -0.3086739 -0.7866751 -0.5346614 -0.1658998 -0.2961999 -0.9406078 -0.1072098 -0.7866694 -0.6079946 -0.4729766 -0.7866232 -0.3968842 -0.5801758 -0.7866378 -0.2111802 -0.8974995 -0.2962331 -0.3267118 -0.5801424 -0.7866546 -0.2112096 -0.6173918 -0.7866558 -2.85171e-6 -0.5801638 -0.7866442 0.2111895 -0.4729722 -0.7866352 0.3968658 -0.7316867 -0.2962067 0.6139188 -0.4729762 -0.7866258 0.3968799 -0.3086774 -0.7866697 0.5346673 -0.1071996 -0.7866654 0.6080017 0.1071991 -0.7866699 0.6079959 0.3086844 -0.78666 0.5346775 0.1658863 -0.2961958 0.9406114 0.1072064 -0.7866693 0.6079954 0.4728935 -0.7867112 0.3968087 0.5801616 -0.7866431 0.2111995 0.8975106 -0.2962169 0.326696 0.5801737 -0.786641 0.211174 0 1 1.96489e-5 0 1 7.43569e-6 0 1 3.7706e-5 0 1 -1.88529e-5 0 1 -7.43571e-6 0 1 8.9654e-6 0 -1 -4.48258e-6 0 -1 -7.66424e-6 0 -1 -3.95971e-6 0 -1 7.47118e-7 0 -1 -7.6538e-6 1 0 -2.84244e-5 0.9396935 0 0.3420177 0.9396913 0 0.3420239 1 0 -2.84782e-5 0.7660072 -8.71786e-6 0.6428321 0.7660315 8.67449e-6 0.6428032 0.7660263 -8.45369e-6 0.6428093 0.5000101 0 0.8660197 0.5000218 0 0.8660128 0.7660313 8.49378e-6 0.6428033 0.1737182 -1.7915e-6 0.9847955 0.1737275 0 0.9847939 -0.1737058 -8.33747e-6 0.9847976 -0.1737059 8.29813e-6 0.9847977 -0.1737026 -7.64557e-6 0.9847983 -0.5000132 0 0.8660179 -0.5000019 0 0.8660243 -0.1736834 7.68186e-6 0.9848017 -0.7660347 -8.05862e-6 0.6427993 -0.7660296 8.02058e-6 0.6428053 -0.7660213 -8.08606e-6 0.6428152 -0.9397016 0 0.3419957 -0.9396865 0 0.3420372 -0.7660281 8.12437e-6 0.6428073 -1 0 2.22914e-5 -1 0 -2.84341e-5 -0.9396932 0 -0.3420189 -0.9396747 0 -0.3420697 -0.500002 0 -0.8660243 -0.5000132 0 -0.8660179 -0.1737098 0 -0.9847969 -0.1737192 0 -0.9847952 0.1737058 -8.33747e-6 -0.9847976 0.1737059 8.29813e-6 -0.9847977 0.1736826 -7.87154e-6 -0.9848017 0.1737104 7.90663e-6 -0.9847969 0.7660315 -8.67449e-6 -0.6428032 0.939699 1.9698e-7 -0.3420026 0.9397003 0 -0.3419994 0.7660072 8.71786e-6 -0.6428321 1 0 1.17237e-5 0.9397081 0 0.3419778 0.939708 4.81462e-7 0.341978 1 0 1.67508e-5 0.7663963 0 0.6423681 0.7663977 0 0.6423665 0.5000205 -8.2423e-6 0.8660135 0.5000255 8.20339e-6 0.8660109 0.4999978 -8.02962e-6 0.8660268 0.1737293 0 0.9847934 0.1736261 0 0.9848117 0.499995 8.06768e-6 0.8660283 -0.1738579 0 0.9847708 -0.1738086 0 0.9847795 -0.4999951 -8.25588e-6 0.8660283 -0.499998 8.21693e-6 0.8660265 -0.5000083 -8.55285e-6 0.8660207 -0.7659697 0 0.6428768 -0.765803 0 0.6430752 -0.5000039 8.59341e-6 0.8660232 -0.9396814 0 0.342051 -0.9396995 0 0.3420015 -1 -8.34201e-6 -1.80304e-5 -1 8.30264e-6 -1.75238e-5 -1 -8.2079e-6 -5.82635e-6 -0.9396866 0 -0.3420367 -0.9397038 0 -0.3419896 -1 8.24682e-6 -5.75185e-6 -0.7658039 0 -0.6430743 -0.765571 0 -0.6433515 -0.5000088 -8.5934e-6 -0.8660205 -0.5000091 8.55285e-6 -0.8660202 -0.5000313 -8.21918e-6 -0.8660073 -0.1736444 0 -0.9848085 -0.1736475 3.16968e-7 -0.984808 -0.4999957 8.2559e-6 -0.8660279 0.1737212 -1.05073e-6 -0.9847949 0.173718 0 -0.9847955 0.499995 -8.0677e-6 -0.8660283 0.5000308 8.03187e-6 -0.8660078 0.5000267 -8.20339e-6 -0.8660101 0.766016 -8.42356e-6 -0.6428215 0.7660161 8.38382e-6 -0.6428213 0.5000268 8.24228e-6 -0.86601 0.7660064 -8.44017e-6 -0.642833 0.939715 0 -0.3419586 0.9397113 0 -0.341969 0.7660089 8.48017e-6 -0.64283 0 -1 -8.55988e-7 0 -1 8.44329e-7 0 -1 -8.55983e-7 0 -1 -2.07468e-7 0 -1 -1.68424e-7 -1 -1.25564e-7 4.6424e-5 -0.9396874 0 -0.3420347 -0.8975155 -0.2961911 -0.3267061 -0.9551261 -0.2961999 -4.22646e-7 -0.7662845 0 -0.6425014 -0.7316973 -0.2962083 -0.6139054 -0.500007 -8.3488e-6 -0.8660215 -0.4775618 -0.2961881 -0.8271682 -0.4999959 -8.35225e-6 -0.8660278 -0.1735086 0 -0.9848324 -0.1659021 -0.2962003 -0.9406072 -0.4775795 -0.2961804 -0.8271608 0.1736535 0 -0.9848068 0.1658963 -0.2961968 -0.9406093 0.5000214 -8.33521e-6 -0.8660132 0.4775866 -0.2961896 -0.8271535 0.4999939 -8.20114e-6 -0.866029 0.7658401 0 -0.6430311 0.7317063 -0.2961859 -0.6139055 0.4775837 -0.2961999 -0.8271515 0.9397271 0 -0.3419254 0.8975101 -0.2962118 -0.3267019 1 -8.31254e-6 1.94013e-5 0.9551239 -0.2962071 -2.11597e-5 1 -8.244e-6 -1.83433e-5 0.9396915 0 0.3420235 0.8975265 -0.2961616 0.3267025 0.9551278 -0.2961943 -9.62615e-6 0.765774 0 0.6431099 0.7317076 -0.2961933 0.6139003 0.4999939 -8.24002e-6 0.866029 0.4775739 -0.2961684 0.8271685 0.5000213 -8.29587e-6 0.8660132 0.173655 0 0.9848065 0.1659003 -0.2962086 0.9406049 0.4775751 -0.29619 0.82716 -0.1734083 0 0.9848501 -0.1659094 -0.2962244 0.9405984 -0.4999966 -8.39185e-6 0.8660275 -0.4775552 -0.2961825 0.8271741 -0.500007 -8.3094e-6 0.8660214 -0.7660326 -8.31934e-6 0.6428018 -0.7317067 -0.2961984 0.6138988 -0.4775741 -0.2961834 0.8271629 -0.7660136 -8.31842e-6 0.6428244 -0.9397071 0 0.3419808 -0.8975121 -0.296205 0.3267029 -0.7317069 -0.2962034 0.6138962 0 -1 -1.7464e-6 0 -1 -2.83005e-7 0 -1 1.98885e-7 -0.5801677 -0.7866438 -0.2111804 -0.3030784 -0.9465603 -0.1103044 -0.3223672 -0.9466148 1.46878e-6 -0.6173604 -0.7866805 1.60262e-5 -0.4729481 -0.7866482 -0.3968687 -0.247103 -0.9465823 -0.207177 -0.3087077 -0.786648 -0.5346817 -0.1612862 -0.946588 -0.2792096 -0.1072005 -0.7866875 -0.6079728 -0.05589336 -0.9465972 -0.3175373 0.1071936 -0.7866721 -0.607994 0.05589926 -0.9465978 -0.3175343 0.1612775 -0.9465759 -0.2792554 0.3086959 -0.7866563 -0.5346765 0.4729795 -0.7866278 -0.3968716 0.2470808 -0.9465671 -0.2072727 0.5801481 -0.7866604 -0.2111722 0.3031114 -0.9465523 -0.1102825 0.3224138 -0.9465989 9.36401e-7 0.6173607 -0.7866803 1.59852e-5 0.5801758 -0.786633 0.2111979 0.3030267 -0.9465761 0.1103118 0.4729666 -0.786624 0.3968948 0.2470883 -0.9465556 0.2073163 0.3086769 -0.786656 0.5346876 0.1612264 -0.9465973 0.2792128 0.05589342 -0.9465971 0.3175373 0.1072004 -0.7866877 0.6079726 -0.107194 -0.7866721 0.607994 -0.05593973 -0.9465876 0.3175573 -0.3086921 -0.7866477 0.5346911 -0.1612812 -0.9465756 0.2792543 -0.4728817 -0.7866854 0.3968743 -0.2470967 -0.9465698 0.2072415 -0.5801507 -0.7866548 0.2111855 -0.3030949 -0.9465566 0.1102918 -1 0 0 -0.9396966 0 -0.3420095 -0.9397086 0 -0.3419765 -1 0 2.50609e-7 -0.7660288 0 -0.6428064 -0.766038 7.65415e-7 -0.6427955 -0.5000059 8.74503e-6 -0.8660221 -0.1736012 1.6344e-7 -0.9848161 -0.1735712 0 -0.9848214 0.1736008 0 -0.9848162 0.1735709 0 -0.9848214 0.5000051 -8.74503e-6 -0.8660225 0.7660663 -7.48238e-7 -0.6427615 0.7660992 0 -0.6427224 0.9396913 0 -0.342024 0.939697 0 -0.3420082 1 -8.50283e-6 -1.81794e-6 1 8.50283e-6 2.35438e-6 0.939687 0 0.3420358 0.939687 0 0.342036 0.7660312 0 0.6428036 0.7660172 0 0.6428201 0.1735925 0 0.9848176 0.1735911 0 0.9848179 0.5000073 8.74504e-6 0.8660213 -0.1736032 0 0.9848158 -0.1735743 0 0.9848209 -0.500008 8.70377e-6 0.8660209 -0.7660167 -7.83624e-6 0.6428207 -0.7660179 7.79927e-6 0.6428192 -0.9396864 0 0.3420372 -0.7660285 8.25815e-6 0.6428067 -0.7660287 -8.21918e-6 0.6428065 -0.9396866 0 0.342037 -0.5801638 -0.7866468 -0.21118 -0.6173613 -0.7866798 -1.2964e-6 -0.4729653 -0.7866309 -0.3968825 -0.7316957 -0.2962223 -0.6139005 -0.3086699 -0.7866704 -0.5346704 -0.472968 -0.7866342 -0.3968729 -0.107203 -0.7866846 -0.607976 0.1072002 -0.7866695 -0.6079962 0.3086867 -0.78666 -0.5346762 0.1071917 -0.7866919 -0.6079686 0.1658939 -0.2962064 -0.9406068 0.4729708 -0.7866339 -0.3968703 0.5801779 -0.7866333 -0.2111911 0.6173894 -0.7866578 1.19954e-6 0.5801746 -0.7866334 -0.2112002 0.8975234 -0.2961794 -0.3266948 0.5801454 -0.7866603 0.21118 0.472954 -0.7866538 0.3968506 0.7316865 -0.2962069 0.6139189 0.3086744 -0.7866678 0.5346717 0.4729761 -0.7866256 0.39688 0.1072015 -0.7866732 0.6079911 -0.107199 -0.7866705 0.607995 -0.3086987 -0.7866486 0.534686 -0.1071758 -0.7866837 0.607982 -0.1659182 -0.2961928 0.9406068 -0.4728856 -0.786682 0.3968762 -0.8975107 -0.2962164 0.3266962 -0.5801619 -0.7866427 0.2111999 -0.5801743 -0.7866407 0.2111739 0 1 1.07792e-5 0 1 -1.07791e-5 0 -1 -2.69478e-6 -0.7071126 0 -0.7071011 -0.7070971 0 -0.7071165 -0.7070971 0 0.7071165 -0.7071049 0 0.7071087 0.7071049 0 0.7071088 0.7070971 0 0.7071164 0.7070971 0 -0.7071165 0.7071126 0 -0.7071011 0 -1 2.69481e-6 -0.7071126 0 -0.7071011 -0.7070971 0 -0.7071164 0 1 -1.07792e-5 0 1 1.07791e-5 0 -1 -2.69481e-6 0 -1 2.69478e-6 -0.7071126 0 0.7071011 -0.7071049 0 -0.7071087 0.7070971 0 -0.7071164 0.7071049 0 -0.7071088 0.7071126 0 0.7071011 0.7070971 0 0.7071165 0.7071126 0 0.7071011 0.7071049 0 -0.7071087 -0.7071126 0 0.7071011 -0.7070971 0 0.7071164 0 -0.3161834 0.9486981 7.59275e-7 -0.3161834 0.9486981 -7.55692e-7 -0.3161834 0.9486981 0 -0.3161834 0.9486981 0 0.3162031 0.9486916 -3.88852e-7 0.3162031 0.9486916 3.87018e-7 0.3162069 0.9486904 0 0.3162069 0.9486904 0 0.3161978 -0.9486933 -7.75379e-7 0.3161978 -0.9486933 7.7172e-7 0.3161938 -0.9486947 0 0.3161938 -0.9486947 0 -0.3161889 -0.9486963 3.79649e-7 -0.316189 -0.9486963 -3.77858e-7 -0.3161889 -0.9486963 0 -0.316189 -0.9486963 0 -0.9487 0.3161781 0 -0.9486848 0.3162236 -7.59275e-7 -0.9486998 0.3161781 7.55692e-7 -0.9487 0.3161781 0 0.9486939 0.316196 -3.79649e-7 0.9486939 0.3161961 3.77858e-7 0.9486957 0.3161905 0 0.9486958 0.3161905 0 0.9486924 -0.3162006 7.75378e-7 0.9486923 -0.3162006 -7.71721e-7 0.9486943 -0.316195 0 0.9486942 -0.316195 -3.87018e-7 -0.9486935 -0.3161973 0 -0.9486935 -0.3161974 0 -0.9486935 -0.3161973 3.88853e-7 -0.9486935 -0.3161973 3.77858e-7 -0.3161889 0.9486963 0 -0.316189 0.9486963 0 -0.3161889 0.9486963 -3.79649e-7 -0.316189 0.9486963 0 0.3161978 0.9486933 0 0.3161938 0.9486947 7.75379e-7 0.3161938 0.9486947 -7.7172e-7 0.3161978 0.9486933 3.88853e-7 0.3162069 -0.9486904 -3.87017e-7 0.3162031 -0.9486916 0 0.3162031 -0.9486916 0 0.3162069 -0.9486904 7.55692e-7 -0.3161834 -0.9486981 0 -0.3161834 -0.9486981 0 -0.3161834 -0.9486981 -7.59275e-7 -0.3161834 -0.9486981 0 -0.9486935 0.3161973 -3.88853e-7 -0.9486935 0.3161974 3.87018e-7 -0.9486935 0.3161973 0 -0.9486935 0.3161973 0 0.9486925 0.3162006 -7.75378e-7 0.9486924 0.3162007 7.71721e-7 0.9486943 0.316195 0 0.9486943 0.316195 0 0.9486939 -0.316196 3.79649e-7 0.9486939 -0.316196 -3.77858e-7 0.9486957 -0.3161905 0 0.9486958 -0.3161905 -7.55692e-7 -0.9486998 -0.3161781 0 -0.9486848 -0.3162236 0 -0.9487 -0.3161781 7.59275e-7 -0.9487 -0.3161781</float_array>
          <technique_common>
            <accessor source="#Conveyor01Legs_Conveyor_0_005-mesh-normals-array" count="1172" stride="3">
              <param name="X" type="float"/>
              <param name="Y" type="float"/>
              <param name="Z" type="float"/>
            </accessor>
          </technique_common>
        </source>
        <source id="Conveyor01Legs_Conveyor_0_005-mesh-map-0">
          <float_array id="Conveyor01Legs_Conveyor_0_005-mesh-map-0-array" count="8880">0.9122 0.4638 0.8833 0.4638 0.8833 0.4667 0.8833 0.4667 0.9122 0.4667 0.9122 0.4638 0.5782 0.207 0.6071 0.207 0.6071 0.2041 0.6071 0.2041 0.5782 0.2041 0.5782 0.207 0.9122 0.4333 0.8833 0.4333 0.8833 0.4362 0.8833 0.4362 0.9122 0.4362 0.9122 0.4333 0.5778 0.2232 0.6066 0.2232 0.6066 0.2203 0.6066 0.2203 0.5778 0.2203 0.5778 0.2232 0.7273 0.3464 0.725 0.3486 0.7244 0.3501 0.7244 0.3501 0.7273 0.3752 0.7273 0.3464 0.7244 0.3501 0.7244 0.3714 0.725 0.3729 0.725 0.3729 0.7273 0.3752 0.7244 0.3501 0.7022 0.3492 0.7273 0.3464 0.6984 0.3464 0.6984 0.3464 0.7007 0.3486 0.7022 0.3492 0.7235 0.3492 0.725 0.3486 0.7273 0.3464 0.7273 0.3464 0.7022 0.3492 0.7235 0.3492 0.7013 0.3714 0.6984 0.3464 0.6984 0.3752 0.6984 0.3752 0.7007 0.3729 0.7013 0.3714 0.7013 0.3501 0.7007 0.3486 0.6984 0.3464 0.6984 0.3464 0.7013 0.3714 0.7013 0.3501 0.7235 0.3723 0.6984 0.3752 0.7273 0.3752 0.7273 0.3752 0.725 0.3729 0.7235 0.3723 0.7235 0.3723 0.7022 0.3723 0.7007 0.3729 0.7007 0.3729 0.6984 0.3752 0.7235 0.3723 0.7039 0.5017001 0.7039 0.4804 0.5721 0.4804 0.5721 0.4804 0.5721 0.5017001 0.7039 0.5017001 0.8431 0.5800001 0.8431 0.5587 0.7114 0.5587 0.7114 0.5587 0.7114 0.5800001 0.8431 0.5800001 0.5721 0.5376001 0.7039 0.5376001 0.7039 0.5162 0.7039 0.5162 0.5721 0.5162 0.5721 0.5376001 0.7428 0.9699 0.8745 0.9699 0.8745 0.9485 0.8745 0.9485 0.7428 0.9485 0.7428 0.9699 0.6456 0.03960001 0.6184 0.03960001 0.6184 0.04220002 0.6184 0.04220002 0.6456 0.04220002 0.6456 0.03960001 0.618 0.09409999 0.6452 0.09409999 0.6452 0.09149998 0.6452 0.09149998 0.618 0.09149998 0.618 0.09409999 0.6051 0.5917 0.6051 0.5892 0.5779 0.5892 0.5779 0.5892 0.5779 0.5917 0.6051 0.5917 0.7795 0.0252 0.7795 0.02259999 0.7523 0.02259999 0.7523 0.02259999 0.7523 0.0252 0.7795 0.0252 0.7298 0.8502 0.7278 0.826 0.7278 0.8473 0.7278 0.8473 0.7284 0.8488 0.7298 0.8502 0.7278 0.826 0.7298 0.8502 0.7298 0.8231 0.7298 0.8231 0.7284 0.8246 0.7278 0.826 0.7027 0.8502 0.7269 0.8482 0.7056 0.8482 0.7056 0.8482 0.7041 0.8488 0.7027 0.8502 0.7269 0.8482 0.7027 0.8502 0.7298 0.8502 0.7298 0.8502 0.7284 0.8488 0.7269 0.8482 0.7047 0.8473 0.7047 0.826 0.7041 0.8246 0.7041 0.8246 0.7027 0.8231 0.7047 0.8473 0.7027 0.8231 0.7027 0.8502 0.7041 0.8488 0.7041 0.8488 0.7047 0.8473 0.7027 0.8231 0.7298 0.8231 0.7056 0.8252 0.7269 0.8252 0.7269 0.8252 0.7284 0.8246 0.7298 0.8231 0.7041 0.8246 0.7056 0.8252 0.7298 0.8231 0.7298 0.8231 0.7027 0.8231 0.7041 0.8246 0.6169 0.8523 0.644 0.8523 0.644 0.8252 0.644 0.8252 0.6169 0.8252 0.6169 0.8523 0.5998 0.8362 0.614 0.8362 0.614 0.8342 0.614 0.8342 0.5998 0.8342 0.5998 0.8362 0.5998 0.8362 0.5998 0.8381 0.614 0.8381 0.614 0.8381 0.614 0.8362 0.5998 0.8362 0.9432 0.8017 0.929 0.8017 0.929 0.8033 0.929 0.8033 0.9432 0.8033 0.9432 0.8017 0.9432 0.8033 0.929 0.8033 0.929 0.8052 0.929 0.8052 0.9432 0.8052 0.9432 0.8033 0.9432 0.8052 0.929 0.8052 0.929 0.8072 0.929 0.8072 0.9432 0.8072 0.9432 0.8052 0.929 0.8072 0.929 0.809 0.9432 0.809 0.9432 0.809 0.9432 0.8072 0.929 0.8072 0.9432 0.809 0.929 0.809 0.929 0.8106 0.929 0.8106 0.9432 0.8106 0.9432 0.809 0.8763 0.3813 0.8763 0.3793 0.862 0.3793 0.862 0.3793 0.862 0.3813 0.8763 0.3813 0.8763 0.3813 0.862 0.3813 0.862 0.3832 0.862 0.3832 0.8763 0.3832 0.8763 0.3813 0.8763 0.3847 0.8763 0.3832 0.862 0.3832 0.862 0.3832 0.862 0.3847 0.8763 0.3847 0.7118 0.8443 0.7118 0.8463 0.726 0.8463 0.726 0.8463 0.726 0.8443 0.7118 0.8443 0.01469999 0.008099973 0.01469999 0.006600022 5e-4 0.006600022 5e-4 0.006600022 5e-4 0.008099973 0.01469999 0.008099973 0.01469999 0.00999999 0.01469999 0.008099973 5e-4 0.008099973 5e-4 0.008099973 5e-4 0.00999999 0.01469999 0.00999999 0.01469999 0.00999999 5e-4 0.00999999 5e-4 0.01200002 5e-4 0.01200002 0.01469999 0.01200002 0.01469999 0.00999999 0.01469999 0.01200002 5e-4 0.01200002 5e-4 0.01389998 5e-4 0.01389998 0.01469999 0.01389998 0.01469999 0.01200002 0.01469999 0.01389998 5e-4 0.01389998 5e-4 0.01539999 5e-4 0.01539999 0.01469999 0.01539999 0.01469999 0.01389998 0.614 0.8308 0.5998 0.8308 0.5998 0.8323 0.5998 0.8323 0.614 0.8323 0.614 0.8308 0.614 0.8342 0.614 0.8323 0.5998 0.8323 0.5998 0.8323 0.5998 0.8342 0.614 0.8342 0.8493 0.4597 0.8493 0.4616 0.8518 0.4616 0.8518 0.4616 0.8518 0.4597 0.8493 0.4597 0.8493 0.4597 0.8469 0.4597 0.8469 0.4616 0.8469 0.4616 0.8493 0.4616 0.8493 0.4597 0.8561 0.4311 0.8561 0.4292 0.8541 0.4292 0.8541 0.4292 0.8541 0.4311 0.8561 0.4311 0.8541 0.4311 0.8541 0.4292 0.8518 0.4292 0.8518 0.4292 0.8518 0.4311 0.8541 0.4311 0.8518 0.4311 0.8518 0.4292 0.8493 0.4292 0.8493 0.4292 0.8493 0.4311 0.8518 0.4311 0.8493 0.4311 0.8493 0.4292 0.8469 0.4292 0.8469 0.4292 0.8469 0.4311 0.8493 0.4311 0.8469 0.4311 0.8469 0.4292 0.845 0.4292 0.845 0.4292 0.845 0.4311 0.8469 0.4311 0.5849 0.08749997 0.5849 0.08560001 0.5824 0.08560001 0.5824 0.08560001 0.5824 0.08749997 0.5849 0.08749997 0.5824 0.08749997 0.5824 0.08560001 0.5801 0.08560001 0.5801 0.08560001 0.5801 0.08749997 0.5824 0.08749997 0.5781 0.08749997 0.5801 0.08749997 0.5801 0.08560001 0.5801 0.08560001 0.5781 0.08560001 0.5781 0.08749997 0.9021 0.9501 0.9021 0.9482 0.8996 0.9482 0.8996 0.9482 0.8996 0.9501 0.9021 0.9501 0.8561 0.4288 0.8561 0.4269 0.8541 0.4269 0.8541 0.4269 0.8541 0.4288 0.8561 0.4288 0.8518 0.4288 0.8541 0.4288 0.8541 0.4269 0.8541 0.4269 0.8518 0.4269 0.8518 0.4288 0.8518 0.4288 0.8518 0.4269 0.8493 0.4269 0.8493 0.4269 0.8493 0.4288 0.8518 0.4288 0.8493 0.4288 0.8493 0.4269 0.8469 0.4269 0.8469 0.4269 0.8469 0.4288 0.8493 0.4288 0.8469 0.4288 0.8469 0.4269 0.845 0.4269 0.845 0.4269 0.845 0.4288 0.8469 0.4288 0.8561 0.4616 0.8561 0.4597 0.8541 0.4597 0.8541 0.4597 0.8541 0.4616 0.8561 0.4616 0.8541 0.4616 0.8541 0.4597 0.8518 0.4597 0.8518 0.4597 0.8518 0.4616 0.8541 0.4616 0.8465 0.443 0.847 0.4444 0.849 0.444 0.849 0.444 0.849 0.4426 0.8465 0.443 0.8509 0.4444 0.8514 0.443 0.849 0.4426 0.849 0.4426 0.849 0.444 0.8509 0.4444 0.8509 0.4444 0.8527 0.4454 0.8536 0.4443 0.8536 0.4443 0.8514 0.443 0.8509 0.4444 0.8527 0.4454 0.854 0.4469 0.8552 0.4462 0.8552 0.4462 0.8536 0.4443 0.8527 0.4454 0.854 0.4469 0.8546 0.4488 0.8561 0.4485 0.8561 0.4485 0.8552 0.4462 0.854 0.4469 0.8546 0.4488 0.8546 0.4508 0.8561 0.451 0.8561 0.451 0.8561 0.4485 0.8546 0.4488 0.8546 0.4508 0.854 0.4527 0.8552 0.4534 0.8552 0.4534 0.8561 0.451 0.8546 0.4508 0.8527 0.4542 0.8536 0.4553 0.8552 0.4534 0.8552 0.4534 0.854 0.4527 0.8527 0.4542 0.8509 0.4552 0.8514 0.4566 0.8536 0.4553 0.8536 0.4553 0.8527 0.4542 0.8509 0.4552 0.849 0.4556 0.849 0.457 0.8514 0.4566 0.8514 0.4566 0.8509 0.4552 0.849 0.4556 0.849 0.457 0.849 0.4556 0.847 0.4552 0.847 0.4552 0.8465 0.4566 0.849 0.457 0.8465 0.4566 0.847 0.4552 0.8453 0.4542 0.8453 0.4542 0.8443 0.4553 0.8465 0.4566 0.844 0.4527 0.8427 0.4534 0.8443 0.4553 0.8443 0.4553 0.8453 0.4542 0.844 0.4527 0.8427 0.4534 0.844 0.4527 0.8433 0.4508 0.8433 0.4508 0.8419 0.451 0.8427 0.4534 0.8419 0.451 0.8433 0.4508 0.8433 0.4488 0.8433 0.4488 0.8419 0.4485 0.8419 0.451 0.8427 0.4462 0.8419 0.4485 0.8433 0.4488 0.8433 0.4488 0.844 0.4469 0.8427 0.4462 0.8453 0.4454 0.8443 0.4443 0.8427 0.4462 0.8427 0.4462 0.844 0.4469 0.8453 0.4454 0.8443 0.4443 0.8453 0.4454 0.847 0.4444 0.847 0.4444 0.8465 0.443 0.8443 0.4443 0.6324 0.8207 0.6244 0.8207 0.6244 0.8231 0.6244 0.8231 0.6324 0.8231 0.6324 0.8207 0.6244 0.8207 0.6169 0.8207 0.6169 0.8231 0.6169 0.8231 0.6244 0.8231 0.6244 0.8207 0.7409 0.4787 0.7409 0.4763 0.7348 0.4763 0.7348 0.4763 0.7348 0.4787 0.7409 0.4787 0.7348 0.4787 0.7348 0.4763 0.7272 0.4763 0.7272 0.4763 0.7272 0.4787 0.7348 0.4787 0.7272 0.4763 0.7192 0.4763 0.7192 0.4787 0.7192 0.4787 0.7272 0.4787 0.7272 0.4763 0.7117 0.4787 0.7192 0.4787 0.7192 0.4763 0.7192 0.4763 0.7117 0.4763 0.7117 0.4787 0.7117 0.4787 0.7117 0.4763 0.7056 0.4763 0.7056 0.4763 0.7056 0.4787 0.7117 0.4787 0.7709 0.5978 0.7709 0.5953 0.7629 0.5953 0.7629 0.5953 0.7629 0.5978 0.7709 0.5978 0.7629 0.5978 0.7629 0.5953 0.7554 0.5953 0.7554 0.5953 0.7554 0.5978 0.7629 0.5978 0.7554 0.5978 0.7554 0.5953 0.7493 0.5953 0.7493 0.5953 0.7493 0.5978 0.7554 0.5978 0.5933 0.1378999 0.5933 0.1353999 0.5853 0.1353999 0.5853 0.1353999 0.5853 0.1378999 0.5933 0.1378999 0.7337 0.4123 0.7337 0.4099 0.7276 0.4099 0.7276 0.4099 0.7276 0.4123 0.7337 0.4123 0.7276 0.4123 0.7276 0.4099 0.7201 0.4099 0.7201 0.4099 0.7201 0.4123 0.7276 0.4123 0.7201 0.4123 0.7201 0.4099 0.7121 0.4099 0.7121 0.4099 0.7121 0.4123 0.7201 0.4123 0.7121 0.4123 0.7121 0.4099 0.7046 0.4099 0.7046 0.4099 0.7046 0.4123 0.7121 0.4123 0.7046 0.4123 0.7046 0.4099 0.6984 0.4099 0.6984 0.4099 0.6984 0.4123 0.7046 0.4123 0.646 0.8231 0.646 0.8207 0.6399 0.8207 0.6399 0.8207 0.6399 0.8231 0.646 0.8231 0.6399 0.8231 0.6399 0.8207 0.6324 0.8207 0.6324 0.8207 0.6324 0.8231 0.6399 0.8231 0.5718 0.7335 0.5779 0.7387 0.5854 0.7414 0.5854 0.7414 0.5664 0.7187 0.5718 0.7335 0.5854 0.7414 0.5934 0.7414 0.6009 0.7387 0.6009 0.7387 0.6111 0.7266 0.5854 0.7414 0.6009 0.7387 0.6071 0.7335 0.6111 0.7266 0.6111 0.7266 0.6125 0.7187 0.6111 0.7108 0.6111 0.7108 0.6009 0.6988 0.6111 0.7266 0.6111 0.7108 0.6071 0.7039 0.6009 0.6988 0.5934 0.696 0.5854 0.696 0.5718 0.7039 0.5718 0.7039 0.6009 0.6988 0.5934 0.696 0.5854 0.696 0.5779 0.6988 0.5718 0.7039 0.6111 0.7266 0.6009 0.6988 0.5718 0.7039 0.5718 0.7039 0.5854 0.7414 0.6111 0.7266 0.5678 0.7108 0.5664 0.7187 0.5854 0.7414 0.5854 0.7414 0.5718 0.7039 0.5678 0.7108 0.5678 0.7266 0.5718 0.7335 0.5664 0.7187 0.8924 0.53 0.8943 0.5278 0.8842 0.5315 0.8842 0.5315 0.8899 0.5315 0.8924 0.53 0.8943 0.5278 0.8953 0.525 0.8953 0.5221 0.8953 0.5221 0.8924 0.5171 0.8943 0.5278 0.8953 0.5221 0.8943 0.5194 0.8924 0.5171 0.8924 0.5171 0.8899 0.5157 0.887 0.5152 0.887 0.5152 0.8816 0.5171 0.8924 0.5171 0.887 0.5152 0.8842 0.5157 0.8816 0.5171 0.8816 0.5171 0.8797 0.5194 0.8787 0.5221 0.8787 0.5221 0.8797 0.5278 0.8816 0.5171 0.8787 0.5221 0.8787 0.525 0.8797 0.5278 0.8797 0.5278 0.8943 0.5278 0.8924 0.5171 0.8924 0.5171 0.8816 0.5171 0.8797 0.5278 0.8842 0.5315 0.8943 0.5278 0.8797 0.5278 0.8797 0.5278 0.8816 0.53 0.8842 0.5315 0.887 0.532 0.8899 0.5315 0.8842 0.5315 0.585 0.6529 0.5874 0.6675 0.5903 0.6675 0.5903 0.6675 0.5928 0.6529 0.585 0.6529 0.585 0.6529 0.5776 0.6554 0.5847 0.6685 0.5847 0.6685 0.5874 0.6675 0.585 0.6529 0.5847 0.6685 0.5776 0.6554 0.5716 0.6601 0.5716 0.6601 0.5824 0.6703 0.5847 0.6685 0.5824 0.6703 0.5716 0.6601 0.5677 0.6665 0.5677 0.6665 0.581 0.6727 0.5824 0.6703 0.581 0.6727 0.5677 0.6665 0.5664 0.6738 0.5664 0.6738 0.5805 0.6754 0.581 0.6727 0.5805 0.6754 0.5664 0.6738 0.5677 0.6811 0.5677 0.6811 0.581 0.6781 0.5805 0.6754 0.581 0.6781 0.5677 0.6811 0.5716 0.6875 0.5716 0.6875 0.5824 0.6805 0.581 0.6781 0.5716 0.6875 0.5776 0.6922 0.5847 0.6823 0.5847 0.6823 0.5824 0.6805 0.5716 0.6875 0.5874 0.6832 0.5847 0.6823 0.5776 0.6922 0.5776 0.6922 0.585 0.6947 0.5874 0.6832 0.585 0.6947 0.5928 0.6947 0.5903 0.6832 0.5903 0.6832 0.5874 0.6832 0.585 0.6947 0.5903 0.6832 0.5928 0.6947 0.6001 0.6922 0.6001 0.6922 0.5931 0.6823 0.5903 0.6832 0.6001 0.6922 0.6061 0.6875 0.5953 0.6805 0.5953 0.6805 0.5931 0.6823 0.6001 0.6922 0.5968 0.6781 0.5953 0.6805 0.6061 0.6875 0.6061 0.6875 0.61 0.6811 0.5968 0.6781 0.61 0.6811 0.6114 0.6738 0.5973 0.6754 0.5973 0.6754 0.5968 0.6781 0.61 0.6811 0.61 0.6665 0.5968 0.6727 0.5973 0.6754 0.5973 0.6754 0.6114 0.6738 0.61 0.6665 0.61 0.6665 0.6061 0.6601 0.5953 0.6703 0.5953 0.6703 0.5968 0.6727 0.61 0.6665 0.6061 0.6601 0.6001 0.6554 0.5931 0.6685 0.5931 0.6685 0.5953 0.6703 0.6061 0.6601 0.5931 0.6685 0.6001 0.6554 0.5928 0.6529 0.5928 0.6529 0.5903 0.6675 0.5931 0.6685 0.8764 0.5201 0.8764 0.5231 0.8783 0.5231 0.8783 0.5231 0.8783 0.5201 0.8764 0.5201 0.8783 0.5231 0.8764 0.5231 0.8764 0.5258 0.8764 0.5258 0.8783 0.5258 0.8783 0.5231 0.8764 0.5258 0.8764 0.5281 0.8783 0.5281 0.8783 0.5281 0.8783 0.5258 0.8764 0.5258 0.7887 0.01920002 0.7858 0.01920002 0.7858 0.0212 0.7858 0.0212 0.7887 0.0212 0.7887 0.01920002 0.783 0.0212 0.7858 0.0212 0.7858 0.01920002 0.7858 0.01920002 0.783 0.01920002 0.783 0.0212 0.7808 0.01920002 0.7808 0.0212 0.783 0.0212 0.783 0.0212 0.783 0.01920002 0.7808 0.01920002 0.706 0.3623 0.708 0.3623 0.708 0.3594 0.708 0.3594 0.706 0.3594 0.706 0.3623 0.708 0.365 0.708 0.3623 0.706 0.3623 0.706 0.3623 0.706 0.365 0.708 0.365 0.708 0.3673 0.708 0.365 0.706 0.365 0.706 0.365 0.706 0.3673 0.708 0.3673 0.7533 0.5537 0.7533 0.5557 0.7562 0.5557 0.7562 0.5557 0.7562 0.5537 0.7533 0.5537 0.7506 0.5537 0.7506 0.5557 0.7533 0.5557 0.7533 0.5557 0.7533 0.5537 0.7506 0.5537 0.8528 0.9408 0.8528 0.9427 0.855 0.9427 0.855 0.9427 0.855 0.9408 0.8528 0.9408 0.85 0.9427 0.8528 0.9427 0.8528 0.9408 0.8528 0.9408 0.85 0.9408 0.85 0.9427 0.8471 0.9408 0.8471 0.9427 0.85 0.9427 0.85 0.9427 0.85 0.9408 0.8471 0.9408 0.8471 0.9427 0.8471 0.9408 0.8444 0.9408 0.8444 0.9408 0.8444 0.9427 0.8471 0.9427 0.8421 0.9408 0.8421 0.9427 0.8444 0.9427 0.8444 0.9427 0.8444 0.9408 0.8421 0.9408 0.8783 0.5174 0.8783 0.5152 0.8764 0.5152 0.8764 0.5152 0.8764 0.5174 0.8783 0.5174 0.8764 0.5174 0.8764 0.5201 0.8783 0.5201 0.8783 0.5201 0.8783 0.5174 0.8764 0.5174 0.6245 0.8239 0.6323 0.8239 0.6324 0.8231 0.6324 0.8231 0.6244 0.8231 0.6245 0.8239 0.6169 0.8231 0.6171 0.8239 0.6245 0.8239 0.6245 0.8239 0.6244 0.8231 0.6169 0.8231 0.5716 0.6601 0.5776 0.6554 0.5774 0.6547001 0.5774 0.6547001 0.5712 0.6596 0.5716 0.6601 0.7272 0.4787 0.7271 0.4795 0.7345 0.4795 0.7345 0.4795 0.7348 0.4787 0.7272 0.4787 0.7192 0.4787 0.7193 0.4795 0.7271 0.4795 0.7271 0.4795 0.7272 0.4787 0.7192 0.4787 0.7117 0.4787 0.712 0.4795 0.7193 0.4795 0.7193 0.4795 0.7192 0.4787 0.7117 0.4787 0.7708 0.5986 0.7782 0.5986 0.7784 0.5978 0.7784 0.5978 0.7709 0.5978 0.7708 0.5986 0.7709 0.5978 0.7629 0.5978 0.763 0.5986 0.763 0.5986 0.7708 0.5986 0.7709 0.5978 0.7629 0.5978 0.7554 0.5978 0.7557 0.5986 0.7557 0.5986 0.763 0.5986 0.7629 0.5978 0.6009 0.1378999 0.5933 0.1378999 0.5932 0.1387 0.5932 0.1387 0.6006 0.1387 0.6009 0.1378999 0.5932 0.1387 0.5933 0.1378999 0.5853 0.1378999 0.5853 0.1378999 0.5854 0.1387 0.5932 0.1387 0.5778 0.1378999 0.5781 0.1387 0.5854 0.1387 0.5854 0.1387 0.5853 0.1378999 0.5778 0.1378999 0.7273 0.4131 0.7276 0.4123 0.7201 0.4123 0.7201 0.4123 0.72 0.4131 0.7273 0.4131 0.72 0.4131 0.7201 0.4123 0.7121 0.4123 0.7121 0.4123 0.7122 0.4131 0.72 0.4131 0.7048 0.4131 0.7122 0.4131 0.7121 0.4123 0.7121 0.4123 0.7046 0.4123 0.7048 0.4131 0.8405 0.4621 0.8414 0.462 0.8414 0.4542 0.8414 0.4542 0.8405 0.4541 0.8405 0.4621 0.6001 0.6554 0.6061 0.6601 0.6065 0.6596 0.6065 0.6596 0.6004 0.6547001 0.6001 0.6554 0.6323 0.8239 0.6396 0.8239 0.6399 0.8231 0.6399 0.8231 0.6324 0.8231 0.6323 0.8239 0.7006 0.6709 0.7006 0.6738 0.7295 0.6738 0.7295 0.6738 0.7295 0.6709 0.7006 0.6709 0.6911 0.2253 0.6623 0.2253 0.6623 0.2282 0.6623 0.2282 0.6911 0.2282 0.6911 0.2253 0.8833 0.4028 0.8833 0.4057 0.9122 0.4057 0.9122 0.4057 0.9122 0.4028 0.8833 0.4028 0.6623 0.2444 0.6911 0.2444 0.6911 0.2415 0.6911 0.2415 0.6623 0.2415 0.6623 0.2444 0.8319 0.4667 0.8342 0.4644 0.8348 0.463 0.8348 0.463 0.8342 0.4402 0.8319 0.4667 0.8348 0.463 0.8348 0.4417 0.8342 0.4402 0.8319 0.4667 0.8342 0.4402 0.8319 0.4379 0.8319 0.4379 0.8342 0.4402 0.8356 0.4408 0.8356 0.4408 0.8585 0.4402 0.8319 0.4379 0.8356 0.4408 0.857 0.4408 0.8585 0.4402 0.8319 0.4379 0.8585 0.4402 0.8607 0.4379 0.8585 0.4644 0.8607 0.4379 0.8585 0.4402 0.8585 0.4402 0.8579 0.4417 0.8585 0.4644 0.8579 0.4417 0.8579 0.463 0.8585 0.4644 0.8607 0.4379 0.8585 0.4644 0.8607 0.4667 0.8342 0.4644 0.8607 0.4667 0.8585 0.4644 0.8585 0.4644 0.857 0.4638 0.8342 0.4644 0.857 0.4638 0.8356 0.4638 0.8342 0.4644 0.8607 0.4667 0.8342 0.4644 0.8319 0.4667 0.5779 0.5579 0.5779 0.5792 0.7097 0.5792 0.7097 0.5792 0.7097 0.5579 0.5779 0.5579 0.6984 0.4057 0.8302 0.4057 0.8302 0.3843 0.8302 0.3843 0.6984 0.3843 0.6984 0.4057 0.5779 0.6208 0.7097 0.6208 0.7097 0.5995 0.7097 0.5995 0.5779 0.5995 0.5779 0.6208 0.8302 0.4667 0.8302 0.4453 0.6984 0.4453 0.6984 0.4453 0.6984 0.4667 0.8302 0.4667 0.6051 0.5476 0.5779 0.5476 0.5779 0.5501 0.5779 0.5501 0.6051 0.5501 0.6051 0.5476 0.5782 0.06410002 0.5782 0.06669998 0.6054 0.06669998 0.6054 0.06669998 0.6054 0.06410002 0.5782 0.06410002 0.6181 0.5943 0.6181 0.5969 0.6453 0.5969 0.6453 0.5969 0.6453 0.5943 0.6181 0.5943 0.618 0.08039999 0.618 0.083 0.6452 0.083 0.6452 0.083 0.6452 0.08039999 0.618 0.08039999 0.6147 0.6607 0.6141 0.6379 0.6127 0.6365 0.6127 0.6365 0.6127 0.6636 0.6147 0.6607 0.6127 0.6636 0.6141 0.6622 0.6147 0.6607 0.6147 0.6394 0.6141 0.6379 0.6147 0.6607 0.6127 0.6636 0.6398 0.6636 0.6369 0.6616 0.6369 0.6616 0.6141 0.6622 0.6127 0.6636 0.6398 0.6636 0.6384 0.6622 0.6369 0.6616 0.6156 0.6616 0.6141 0.6622 0.6369 0.6616 0.6384 0.6622 0.6398 0.6636 0.6398 0.6365 0.6398 0.6365 0.6378 0.6394 0.6384 0.6622 0.6398 0.6365 0.6384 0.6379 0.6378 0.6394 0.6378 0.6607 0.6384 0.6622 0.6378 0.6394 0.6398 0.6365 0.6127 0.6365 0.6156 0.6385 0.6156 0.6385 0.6384 0.6379 0.6398 0.6365 0.6127 0.6365 0.6141 0.6379 0.6156 0.6385 0.6369 0.6385 0.6384 0.6379 0.6156 0.6385 0.872 0.4755 0.872 0.5026 0.8992 0.5026 0.8992 0.5026 0.8992 0.4755 0.872 0.4755 0.718 0.8928 0.718 0.8909 0.7038 0.8909 0.7038 0.8909 0.7038 0.8928 0.718 0.8928 0.7038 0.8909 0.718 0.8909 0.718 0.8891 0.718 0.8891 0.7038 0.8891 0.7038 0.8909 0.7722 0.9817 0.7722 0.9801 0.758 0.9801 0.758 0.9801 0.758 0.9817 0.7722 0.9817 0.7722 0.9801 0.7722 0.9782 0.758 0.9782 0.758 0.9782 0.758 0.9801 0.7722 0.9801 0.758 0.9762 0.758 0.9782 0.7722 0.9782 0.7722 0.9782 0.7722 0.9762 0.758 0.9762 0.758 0.9762 0.7722 0.9762 0.7722 0.9744 0.7722 0.9744 0.758 0.9744 0.758 0.9762 0.758 0.9728 0.758 0.9744 0.7722 0.9744 0.7722 0.9744 0.7722 0.9728 0.758 0.9728 0.6138 0.7072 0.6138 0.7089 0.628 0.7089 0.628 0.7089 0.628 0.7072 0.6138 0.7072 0.6138 0.7072 0.628 0.7072 0.628 0.7052 0.628 0.7052 0.6138 0.7052 0.6138 0.7072 0.628 0.7052 0.628 0.7033 0.6138 0.7033 0.6138 0.7033 0.6138 0.7052 0.628 0.7052 0.6138 0.7033 0.628 0.7033 0.628 0.7015 0.628 0.7015 0.6138 0.7015 0.6138 0.7033 0.9321 0.9995 0.9463 0.9995 0.9463 0.998 0.9463 0.998 0.9321 0.998 0.9321 0.9995 0.9321 0.998 0.9463 0.998 0.9463 0.9961 0.9463 0.9961 0.9321 0.9961 0.9321 0.998 0.9321 0.9961 0.9463 0.9961 0.9463 0.9941 0.9463 0.9941 0.9321 0.9941 0.9321 0.9961 0.9321 0.9941 0.9463 0.9941 0.9463 0.9922 0.9463 0.9922 0.9321 0.9922 0.9321 0.9941 0.9321 0.9922 0.9463 0.9922 0.9463 0.9907 0.9463 0.9907 0.9321 0.9907 0.9321 0.9922 0.7038 0.8965 0.718 0.8965 0.718 0.8948 0.718 0.8948 0.7038 0.8948 0.7038 0.8965 0.718 0.8948 0.718 0.8928 0.7038 0.8928 0.7038 0.8928 0.7038 0.8948 0.718 0.8948 0.8514 0.4574 0.8514 0.4593 0.8539 0.4593 0.8539 0.4593 0.8539 0.4574 0.8514 0.4574 0.8539 0.4574 0.8539 0.4593 0.8561 0.4593 0.8561 0.4593 0.8561 0.4574 0.8539 0.4574 0.5945 0.1654999 0.5945 0.1672999 0.597 0.1672999 0.597 0.1672999 0.597 0.1654999 0.5945 0.1654999 0.597 0.1654999 0.597 0.1672999 0.5994 0.1672999 0.5994 0.1672999 0.5994 0.1654999 0.597 0.1654999 0.5994 0.1654999 0.5994 0.1672999 0.6013 0.1672999 0.6013 0.1672999 0.6013 0.1654999 0.5994 0.1654999 0.7736 0.5953 0.7736 0.5972 0.7761 0.5972 0.7761 0.5972 0.7761 0.5953 0.7736 0.5953 0.7761 0.5953 0.7761 0.5972 0.7784 0.5972 0.7784 0.5972 0.7784 0.5953 0.7761 0.5953 0.8373 0.4519 0.8392 0.4519 0.8392 0.4497 0.8392 0.4497 0.8373 0.4497 0.8373 0.4519 0.8373 0.4497 0.8392 0.4497 0.8392 0.4472 0.8392 0.4472 0.8373 0.4472 0.8373 0.4497 0.8373 0.4472 0.8392 0.4472 0.8392 0.4448 0.8392 0.4448 0.8373 0.4448 0.8373 0.4472 0.8373 0.4448 0.8392 0.4448 0.8392 0.4426 0.8392 0.4426 0.8373 0.4426 0.8373 0.4448 0.8396 0.4536 0.8414 0.4536 0.8414 0.4517 0.8414 0.4517 0.8396 0.4517 0.8396 0.4536 0.8396 0.4517 0.8414 0.4517 0.8414 0.4494 0.8414 0.4494 0.8396 0.4494 0.8396 0.4517 0.8396 0.4494 0.8414 0.4494 0.8414 0.4469 0.8414 0.4469 0.8396 0.4469 0.8396 0.4494 0.8396 0.4469 0.8414 0.4469 0.8414 0.4445 0.8414 0.4445 0.8396 0.4445 0.8396 0.4469 0.8396 0.4445 0.8414 0.4445 0.8414 0.4426 0.8414 0.4426 0.8396 0.4426 0.8396 0.4445 0.8468 0.4574 0.8468 0.4593 0.849 0.4593 0.849 0.4593 0.849 0.4574 0.8468 0.4574 0.849 0.4574 0.849 0.4593 0.8514 0.4593 0.8514 0.4593 0.8514 0.4574 0.849 0.4574 0.7131 0.365 0.7155 0.3654 0.7155 0.364 0.7155 0.364 0.7135 0.3636 0.7131 0.365 0.7155 0.3654 0.718 0.365 0.7175 0.3636 0.7175 0.3636 0.7155 0.364 0.7155 0.3654 0.7201 0.3638 0.7192 0.3626 0.7175 0.3636 0.7175 0.3636 0.718 0.365 0.7201 0.3638 0.7192 0.3626 0.7201 0.3638 0.7218 0.3618 0.7218 0.3618 0.7205 0.3611 0.7192 0.3626 0.7226 0.3595 0.7212 0.3592 0.7205 0.3611 0.7205 0.3611 0.7218 0.3618 0.7226 0.3595 0.7226 0.3595 0.7226 0.357 0.7212 0.3572 0.7212 0.3572 0.7212 0.3592 0.7226 0.3595 0.7205 0.3554 0.7212 0.3572 0.7226 0.357 0.7226 0.357 0.7218 0.3546 0.7205 0.3554 0.7205 0.3554 0.7218 0.3546 0.7201 0.3527 0.7201 0.3527 0.7192 0.3538 0.7205 0.3554 0.7192 0.3538 0.7201 0.3527 0.718 0.3515 0.718 0.3515 0.7175 0.3528 0.7192 0.3538 0.7175 0.3528 0.718 0.3515 0.7155 0.351 0.7155 0.351 0.7155 0.3525 0.7175 0.3528 0.7155 0.3525 0.7155 0.351 0.7131 0.3515 0.7131 0.3515 0.7135 0.3528 0.7155 0.3525 0.7135 0.3528 0.7131 0.3515 0.7109 0.3527 0.7109 0.3527 0.7118 0.3538 0.7135 0.3528 0.7105 0.3554 0.7118 0.3538 0.7109 0.3527 0.7109 0.3527 0.7093 0.3546 0.7105 0.3554 0.7098 0.3572 0.7105 0.3554 0.7093 0.3546 0.7093 0.3546 0.7084 0.357 0.7098 0.3572 0.7098 0.3592 0.7098 0.3572 0.7084 0.357 0.7084 0.357 0.7084 0.3595 0.7098 0.3592 0.7093 0.3618 0.7105 0.3611 0.7098 0.3592 0.7098 0.3592 0.7084 0.3595 0.7093 0.3618 0.7105 0.3611 0.7093 0.3618 0.7109 0.3638 0.7109 0.3638 0.7118 0.3626 0.7105 0.3611 0.7118 0.3626 0.7109 0.3638 0.7131 0.365 0.7131 0.365 0.7135 0.3636 0.7118 0.3626 0.92 0.6184 0.92 0.6209 0.928 0.6209 0.928 0.6209 0.928 0.6184 0.92 0.6184 0.928 0.6184 0.928 0.6209 0.9355 0.6209 0.9355 0.6209 0.9355 0.6184 0.928 0.6184 0.6984 0.3794 0.6984 0.3818 0.7046 0.3818 0.7046 0.3818 0.7046 0.3794 0.6984 0.3794 0.7046 0.3794 0.7046 0.3818 0.7121 0.3818 0.7121 0.3818 0.7121 0.3794 0.7046 0.3794 0.7121 0.3794 0.7121 0.3818 0.7201 0.3818 0.7201 0.3818 0.7201 0.3794 0.7121 0.3794 0.7201 0.3794 0.7201 0.3818 0.7276 0.3818 0.7276 0.3818 0.7276 0.3794 0.7201 0.3794 0.7276 0.3794 0.7276 0.3818 0.7337 0.3818 0.7337 0.3818 0.7337 0.3794 0.7276 0.3794 0.7568 0.5562 0.7648 0.5562 0.7648 0.5537 0.7648 0.5537 0.7568 0.5537 0.7568 0.5562 0.7648 0.5537 0.7648 0.5562 0.7723 0.5562 0.7723 0.5562 0.7723 0.5537 0.7648 0.5537 0.7723 0.5562 0.7784 0.5562 0.7784 0.5537 0.7784 0.5537 0.7723 0.5537 0.7723 0.5562 0.5853 0.08560001 0.5853 0.08810001 0.5933 0.08810001 0.5933 0.08810001 0.5933 0.08560001 0.5853 0.08560001 0.6984 0.4404 0.6984 0.4429 0.7046 0.4429 0.7046 0.4429 0.7046 0.4404 0.6984 0.4404 0.7046 0.4404 0.7046 0.4429 0.7121 0.4429 0.7121 0.4429 0.7121 0.4404 0.7046 0.4404 0.7121 0.4404 0.7121 0.4429 0.7201 0.4429 0.7201 0.4429 0.7201 0.4404 0.7121 0.4404 0.7201 0.4404 0.7201 0.4429 0.7276 0.4429 0.7276 0.4429 0.7276 0.4404 0.7201 0.4404 0.7276 0.4404 0.7276 0.4429 0.7337 0.4429 0.7337 0.4429 0.7337 0.4404 0.7276 0.4404 0.9063 0.6184 0.9063 0.6209 0.9125 0.6209 0.9125 0.6209 0.9125 0.6184 0.9063 0.6184 0.92 0.6209 0.92 0.6184 0.9125 0.6184 0.9125 0.6184 0.9125 0.6209 0.92 0.6209 0.6142 0.8542 0.6102 0.8473 0.5965 0.8848 0.5965 0.8848 0.6156 0.8621 0.6142 0.8542 0.6102 0.8473 0.6041 0.8421 0.5965 0.8394 0.5965 0.8394 0.581 0.8421 0.6102 0.8473 0.5965 0.8394 0.5885 0.8394 0.581 0.8421 0.5709 0.87 0.581 0.8421 0.5749 0.8473 0.5749 0.8473 0.5709 0.8542 0.5709 0.87 0.5709 0.8542 0.5695 0.8621 0.5709 0.87 0.5709 0.87 0.5965 0.8848 0.6102 0.8473 0.6102 0.8473 0.581 0.8421 0.5709 0.87 0.5709 0.87 0.5749 0.8769 0.581 0.882 0.581 0.882 0.5965 0.8848 0.5709 0.87 0.581 0.882 0.5885 0.8848 0.5965 0.8848 0.5965 0.8848 0.6041 0.882 0.6102 0.8769 0.6102 0.8769 0.6156 0.8621 0.5965 0.8848 0.6142 0.87 0.6156 0.8621 0.6102 0.8769 0.6248 0.6408 0.6223 0.6423 0.6204 0.6445 0.6204 0.6445 0.635 0.6445 0.6248 0.6408 0.6194 0.6473 0.6194 0.6502 0.6223 0.6552 0.6223 0.6552 0.6204 0.6445 0.6194 0.6473 0.6194 0.6502 0.6204 0.653 0.6223 0.6552 0.6248 0.6567 0.6277 0.6572 0.6331 0.6552 0.6331 0.6552 0.6223 0.6552 0.6248 0.6567 0.6277 0.6572 0.6306 0.6567 0.6331 0.6552 0.6204 0.6445 0.6223 0.6552 0.6331 0.6552 0.6331 0.6552 0.635 0.6445 0.6204 0.6445 0.6331 0.6552 0.635 0.653 0.636 0.6502 0.636 0.6502 0.635 0.6445 0.6331 0.6552 0.636 0.6502 0.636 0.6473 0.635 0.6445 0.6306 0.6408 0.6248 0.6408 0.635 0.6445 0.635 0.6445 0.6331 0.6423 0.6306 0.6408 0.6277 0.6403 0.6248 0.6408 0.6306 0.6408 0.7878 0.9246 0.7737 0.9246 0.7732 0.9275 0.7732 0.9275 0.7864 0.9323 0.7878 0.9246 0.7864 0.9323 0.7732 0.9275 0.7717 0.93 0.7717 0.93 0.7825 0.9391 0.7864 0.9323 0.7825 0.9391 0.7717 0.93 0.7695 0.9319 0.7695 0.9319 0.7765 0.9441 0.7825 0.9391 0.7765 0.9441 0.7695 0.9319 0.7668 0.9329 0.7668 0.9329 0.7692 0.9468 0.7765 0.9441 0.7692 0.9468 0.7668 0.9329 0.7638 0.9329 0.7638 0.9329 0.7614 0.9468 0.7692 0.9468 0.7614 0.9468 0.7638 0.9329 0.7611 0.9319 0.7611 0.9319 0.754 0.9441 0.7614 0.9468 0.754 0.9441 0.7611 0.9319 0.7588 0.93 0.7588 0.93 0.7481 0.9391 0.754 0.9441 0.7481 0.9391 0.7588 0.93 0.7574 0.9275 0.7574 0.9275 0.7442 0.9323 0.7481 0.9391 0.7442 0.9323 0.7574 0.9275 0.7569 0.9246 0.7569 0.9246 0.7428 0.9246 0.7442 0.9323 0.7428 0.9246 0.7569 0.9246 0.7574 0.9218 0.7574 0.9218 0.7442 0.9169 0.7428 0.9246 0.7442 0.9169 0.7574 0.9218 0.7588 0.9192 0.7588 0.9192 0.7481 0.9102 0.7442 0.9169 0.7481 0.9102 0.7588 0.9192 0.7611 0.9173 0.7611 0.9173 0.754 0.9052 0.7481 0.9102 0.754 0.9052 0.7611 0.9173 0.7638 0.9163 0.7638 0.9163 0.7614 0.9025 0.754 0.9052 0.7614 0.9025 0.7638 0.9163 0.7668 0.9163 0.7668 0.9163 0.7692 0.9025 0.7614 0.9025 0.7692 0.9025 0.7668 0.9163 0.7695 0.9173 0.7695 0.9173 0.7765 0.9052 0.7692 0.9025 0.7765 0.9052 0.7695 0.9173 0.7717 0.9192 0.7717 0.9192 0.7825 0.9102 0.7765 0.9052 0.7717 0.9192 0.7732 0.9218 0.7864 0.9169 0.7864 0.9169 0.7825 0.9102 0.7717 0.9192 0.7878 0.9246 0.7864 0.9169 0.7732 0.9218 0.7732 0.9218 0.7737 0.9246 0.7878 0.9246 0.8874 0.5324 0.8874 0.5344 0.8903 0.5344 0.8903 0.5344 0.8903 0.5324 0.8874 0.5324 0.8903 0.5324 0.8903 0.5344 0.8931 0.5344 0.8931 0.5344 0.8931 0.5324 0.8903 0.5324 0.8953 0.5344 0.8953 0.5324 0.8931 0.5324 0.8931 0.5324 0.8931 0.5344 0.8953 0.5344 0.7056 0.3673 0.7056 0.3644 0.7037 0.3644 0.7037 0.3644 0.7037 0.3673 0.7056 0.3673 0.7056 0.3616 0.7037 0.3616 0.7037 0.3644 0.7037 0.3644 0.7056 0.3644 0.7056 0.3616 0.7037 0.3616 0.7056 0.3616 0.7056 0.3594 0.7056 0.3594 0.7037 0.3594 0.7037 0.3616 0.8372 0.4602 0.8392 0.4602 0.8392 0.4573 0.8392 0.4573 0.8372 0.4573 0.8372 0.4602 0.8372 0.4573 0.8392 0.4573 0.8392 0.4545 0.8392 0.4545 0.8372 0.4545 0.8372 0.4573 0.8372 0.4545 0.8392 0.4545 0.8392 0.4523 0.8392 0.4523 0.8372 0.4523 0.8372 0.4545 0.7147 0.3659 0.7147 0.3678 0.7176 0.3678 0.7176 0.3678 0.7176 0.3659 0.7147 0.3659 0.7204 0.3659 0.7176 0.3659 0.7176 0.3678 0.7176 0.3678 0.7204 0.3678 0.7204 0.3659 0.7204 0.3678 0.7226 0.3678 0.7226 0.3659 0.7226 0.3659 0.7204 0.3659 0.7204 0.3678 0.7653 0.9283 0.7672 0.9283 0.7672 0.9254 0.7672 0.9254 0.7653 0.9254 0.7653 0.9283 0.7653 0.9254 0.7672 0.9254 0.7672 0.9226 0.7672 0.9226 0.7653 0.9226 0.7653 0.9254 0.7653 0.9226 0.7672 0.9226 0.7672 0.9204 0.7672 0.9204 0.7653 0.9204 0.7653 0.9226 0.9054 0.9482 0.9025 0.9482 0.9025 0.9502 0.9025 0.9502 0.9054 0.9502 0.9054 0.9482 0.8824 0.5344 0.8847 0.5344 0.8847 0.5324 0.8847 0.5324 0.8824 0.5324 0.8824 0.5344 0.8847 0.5324 0.8847 0.5344 0.8874 0.5344 0.8874 0.5344 0.8874 0.5324 0.8847 0.5324 0.928 0.6209 0.92 0.6209 0.9201 0.6216 0.9201 0.6216 0.9279 0.6216 0.928 0.6209 0.928 0.6209 0.9279 0.6216 0.9352 0.6216 0.9352 0.6216 0.9355 0.6209 0.928 0.6209 0.6805 0.7039 0.6815 0.7038 0.6815 0.696 0.6815 0.696 0.6805 0.6959 0.6805 0.7039 0.7048 0.3826 0.7122 0.3826 0.7121 0.3818 0.7121 0.3818 0.7046 0.3818 0.7048 0.3826 0.7121 0.3818 0.7122 0.3826 0.72 0.3826 0.72 0.3826 0.7201 0.3818 0.7121 0.3818 0.7201 0.3818 0.72 0.3826 0.7273 0.3826 0.7273 0.3826 0.7276 0.3818 0.7201 0.3818 0.7568 0.5562 0.7493 0.5562 0.7495 0.5569 0.7495 0.5569 0.7569 0.5569 0.7568 0.5562 0.7647 0.5569 0.7648 0.5562 0.7568 0.5562 0.7568 0.5562 0.7569 0.5569 0.7647 0.5569 0.7647 0.5569 0.772 0.5569 0.7723 0.5562 0.7723 0.5562 0.7648 0.5562 0.7647 0.5569 0.5781 0.08880001 0.5854 0.08880001 0.5853 0.08810001 0.5853 0.08810001 0.5778 0.08810001 0.5781 0.08880001 0.5854 0.08880001 0.5932 0.08880001 0.5933 0.08810001 0.5933 0.08810001 0.5853 0.08810001 0.5854 0.08880001 0.5932 0.08880001 0.6006 0.08880001 0.6009 0.08810001 0.6009 0.08810001 0.5933 0.08810001 0.5932 0.08880001 0.7048 0.4436 0.7122 0.4436 0.7121 0.4429 0.7121 0.4429 0.7046 0.4429 0.7048 0.4436 0.72 0.4436 0.7201 0.4429 0.7121 0.4429 0.7121 0.4429 0.7122 0.4436 0.72 0.4436 0.7273 0.4436 0.7276 0.4429 0.7201 0.4429 0.7201 0.4429 0.72 0.4436 0.7273 0.4436 0.708 0.835 0.709 0.8349 0.708 0.827 0.708 0.827 0.7071 0.8272 0.708 0.835 0.7074 0.8424 0.7083 0.8426 0.709 0.8349 0.709 0.8349 0.708 0.835 0.7074 0.8424 0.9201 0.6216 0.92 0.6209 0.9125 0.6209 0.9125 0.6209 0.9127 0.6216 0.9201 0.6216 0.7665 0.3723 0.7665 0.3752 0.7953 0.3752 0.7953 0.3752 0.7953 0.3723 0.7665 0.3723 0.5782 0.188 0.5782 0.1909 0.6071 0.1909 0.6071 0.1909 0.6071 0.188 0.5782 0.188 0.7286 0.3538 0.7286 0.3567 0.7574 0.3567 0.7574 0.3567 0.7574 0.3538 0.7286 0.3538 0.6075 0.1768 0.6075 0.1797 0.6363 0.1797 0.6363 0.1797 0.6363 0.1768 0.6075 0.1768 0.8607 0.4074 0.8585 0.4097 0.8579 0.4111 0.8579 0.4111 0.8585 0.4339 0.8607 0.4074 0.8579 0.4111 0.8579 0.4325 0.8585 0.4339 0.8607 0.4074 0.8585 0.4339 0.8607 0.4362 0.8607 0.4362 0.8585 0.4339 0.857 0.4333 0.857 0.4333 0.8342 0.4339 0.8607 0.4362 0.857 0.4333 0.8356 0.4333 0.8342 0.4339 0.8607 0.4362 0.8342 0.4339 0.8319 0.4362 0.8319 0.4362 0.8342 0.4339 0.8348 0.4325 0.8348 0.4325 0.8342 0.4097 0.8319 0.4362 0.8348 0.4325 0.8348 0.4111 0.8342 0.4097 0.8319 0.4362 0.8342 0.4097 0.8319 0.4074 0.8319 0.4074 0.8342 0.4097 0.8356 0.4103 0.8356 0.4103 0.8585 0.4097 0.8319 0.4074 0.8356 0.4103 0.857 0.4103 0.8585 0.4097 0.8319 0.4074 0.8585 0.4097 0.8607 0.4074 0.6967 0.4353 0.6967 0.414 0.565 0.414 0.565 0.414 0.565 0.4353 0.6967 0.4353 0.8431 0.6216 0.8431 0.6003 0.7114 0.6003 0.7114 0.6003 0.7114 0.6216 0.8431 0.6216 0.6967 0.4048 0.6967 0.3835 0.565 0.3835 0.565 0.3835 0.565 0.4048 0.6967 0.4048 0.8373 0.5384 0.8373 0.5171 0.7056 0.5171 0.7056 0.5171 0.7056 0.5384 0.8373 0.5384 0.6184 0.05889999 0.6184 0.06150001 0.6456 0.06150001 0.6456 0.06150001 0.6456 0.05889999 0.6184 0.05889999 0.7495 0.0266 0.7495 0.02920001 0.7766 0.02920001 0.7766 0.02920001 0.7766 0.0266 0.7495 0.0266 0.5782 0.05369997 0.5782 0.05629998 0.6054 0.05629998 0.6054 0.05629998 0.6054 0.05369997 0.5782 0.05369997 0.7495 0.03070002 0.7495 0.03320002 0.7766 0.03320002 0.7766 0.03320002 0.7766 0.03070002 0.7495 0.03070002 0.8978 0.537 0.8992 0.5384 0.8992 0.5113 0.8992 0.5113 0.8971 0.5142 0.8978 0.537 0.8992 0.5113 0.8978 0.5127 0.8971 0.5142 0.8971 0.5355 0.8978 0.537 0.8971 0.5142 0.8992 0.5113 0.872 0.5113 0.8749 0.5133 0.8749 0.5133 0.8978 0.5127 0.8992 0.5113 0.872 0.5113 0.8734 0.5127 0.8749 0.5133 0.8963 0.5133 0.8978 0.5127 0.8749 0.5133 0.8734 0.5127 0.872 0.5113 0.872 0.5384 0.872 0.5384 0.874 0.5355 0.8734 0.5127 0.872 0.5384 0.8734 0.537 0.874 0.5355 0.874 0.5142 0.8734 0.5127 0.874 0.5355 0.8963 0.5364 0.8734 0.537 0.872 0.5384 0.872 0.5384 0.8992 0.5384 0.8963 0.5364 0.8992 0.5384 0.8978 0.537 0.8963 0.5364 0.8749 0.5364 0.8734 0.537 0.8963 0.5364 0.8779 0.5800001 0.905 0.5800001 0.905 0.5529 0.905 0.5529 0.8779 0.5529 0.8779 0.5800001 0.8274 0.7807 0.8416 0.7807 0.8416 0.7787 0.8416 0.7787 0.8274 0.7787 0.8274 0.7807 0.8274 0.7787 0.8416 0.7787 0.8416 0.7768 0.8416 0.7768 0.8274 0.7768 0.8274 0.7787 0.8274 0.7768 0.8416 0.7768 0.8416 0.7752 0.8416 0.7752 0.8274 0.7752 0.8274 0.7768 0.618 0.1067 0.6322 0.1067 0.6322 0.1047 0.6322 0.1047 0.618 0.1047 0.618 0.1067 0.618 0.1047 0.6322 0.1047 0.6322 0.1028 0.6322 0.1028 0.618 0.1028 0.618 0.1047 0.618 0.1028 0.6322 0.1028 0.6322 0.1013 0.6322 0.1013 0.618 0.1013 0.618 0.1028 0.7733 0.7471 0.7876 0.7471 0.7876 0.7451 0.7876 0.7451 0.7733 0.7451 0.7733 0.7471 0.7733 0.7451 0.7876 0.7451 0.7876 0.7432 0.7876 0.7432 0.7733 0.7432 0.7733 0.7451 0.7733 0.7432 0.7876 0.7432 0.7876 0.7417 0.7876 0.7417 0.7733 0.7417 0.7733 0.7432 0.7219 0.6947 0.7361 0.6947 0.7361 0.6927 0.7361 0.6927 0.7219 0.6927 0.7219 0.6947 0.7219 0.6927 0.7361 0.6927 0.7361 0.6909 0.7361 0.6909 0.7219 0.6909 0.7219 0.6927 0.7219 0.6909 0.7361 0.6909 0.7361 0.6893 0.7361 0.6893 0.7219 0.6893 0.7219 0.6909 0.5778 0.1014999 0.592 0.1014999 0.592 0.0995 0.592 0.0995 0.5778 0.0995 0.5778 0.1014999 0.5778 0.0995 0.592 0.0995 0.592 0.09759998 0.592 0.09759998 0.5778 0.09759998 0.5778 0.0995 0.592 0.09759998 0.592 0.09609997 0.5778 0.09609997 0.5778 0.09609997 0.5778 0.09759998 0.592 0.09759998 0.617 0.6403 0.617 0.6546 0.619 0.6546 0.619 0.6546 0.619 0.6403 0.617 0.6403 0.8416 0.7841 0.8416 0.7825 0.8274 0.7825 0.8274 0.7825 0.8274 0.7841 0.8416 0.7841 0.8416 0.7807 0.8274 0.7807 0.8274 0.7825 0.8274 0.7825 0.8416 0.7825 0.8416 0.7807 0.8493 0.3964 0.8493 0.3982 0.8518 0.3982 0.8518 0.3982 0.8518 0.3964 0.8493 0.3964 0.8518 0.3964 0.8518 0.3982 0.8541 0.3982 0.8541 0.3982 0.8541 0.3964 0.8518 0.3964 0.8541 0.3964 0.8541 0.3982 0.8561 0.3982 0.8561 0.3982 0.8561 0.3964 0.8541 0.3964 0.5941 0.1353999 0.5941 0.1373 0.5966 0.1373 0.5966 0.1373 0.5966 0.1353999 0.5941 0.1353999 0.5966 0.1353999 0.5966 0.1373 0.5989 0.1373 0.5989 0.1373 0.5989 0.1353999 0.5966 0.1353999 0.5989 0.1353999 0.5989 0.1373 0.6009 0.1373 0.6009 0.1373 0.6009 0.1353999 0.5989 0.1353999 0.6181 0.5912 0.6181 0.593 0.6206 0.593 0.6206 0.593 0.6206 0.5912 0.6181 0.5912 0.6206 0.5912 0.6206 0.593 0.623 0.593 0.623 0.593 0.623 0.5912 0.6206 0.5912 0.623 0.5912 0.623 0.593 0.6249 0.593 0.6249 0.593 0.6249 0.5912 0.623 0.5912 0.5786 0.1492999 0.5786 0.1511999 0.5811 0.1511999 0.5811 0.1511999 0.5811 0.1492999 0.5786 0.1492999 0.5811 0.1492999 0.5811 0.1511999 0.5834 0.1511999 0.5834 0.1511999 0.5834 0.1492999 0.5811 0.1492999 0.5834 0.1492999 0.5834 0.1511999 0.5853 0.1511999 0.5853 0.1511999 0.5853 0.1492999 0.5834 0.1492999 0.5786 0.1654999 0.5786 0.1672999 0.5811 0.1672999 0.5811 0.1672999 0.5811 0.1654999 0.5786 0.1654999 0.5811 0.1654999 0.5811 0.1672999 0.5834 0.1672999 0.5834 0.1672999 0.5834 0.1654999 0.5811 0.1654999 0.5834 0.1654999 0.5834 0.1672999 0.5853 0.1672999 0.5853 0.1672999 0.5853 0.1654999 0.5834 0.1654999 0.8123 0.2652 0.8123 0.267 0.8148 0.267 0.8148 0.267 0.8148 0.2652 0.8123 0.2652 0.845 0.3964 0.845 0.3982 0.8469 0.3982 0.8469 0.3982 0.8469 0.3964 0.845 0.3964 0.8469 0.3964 0.8469 0.3982 0.8493 0.3982 0.8493 0.3982 0.8493 0.3964 0.8469 0.3964 0.849 0.383 0.8509 0.3833 0.8514 0.382 0.8514 0.382 0.849 0.3816 0.849 0.383 0.849 0.383 0.849 0.3816 0.8465 0.382 0.8465 0.382 0.847 0.3833 0.849 0.383 0.847 0.3833 0.8465 0.382 0.8443 0.3832 0.8443 0.3832 0.8453 0.3843 0.847 0.3833 0.8453 0.3843 0.8443 0.3832 0.8427 0.3852 0.8427 0.3852 0.844 0.3859 0.8453 0.3843 0.8427 0.3852 0.8419 0.3875 0.8433 0.3878 0.8433 0.3878 0.844 0.3859 0.8427 0.3852 0.8419 0.39 0.8433 0.3898 0.8433 0.3878 0.8433 0.3878 0.8419 0.3875 0.8419 0.39 0.8427 0.3924 0.844 0.3916 0.8433 0.3898 0.8433 0.3898 0.8419 0.39 0.8427 0.3924 0.8453 0.3932 0.844 0.3916 0.8427 0.3924 0.8427 0.3924 0.8443 0.3943 0.8453 0.3932 0.847 0.3942 0.8453 0.3932 0.8443 0.3943 0.8443 0.3943 0.8465 0.3955 0.847 0.3942 0.849 0.396 0.849 0.3945 0.847 0.3942 0.847 0.3942 0.8465 0.3955 0.849 0.396 0.849 0.3945 0.849 0.396 0.8514 0.3955 0.8514 0.3955 0.8509 0.3942 0.849 0.3945 0.8509 0.3942 0.8514 0.3955 0.8536 0.3943 0.8536 0.3943 0.8527 0.3932 0.8509 0.3942 0.8527 0.3932 0.8536 0.3943 0.8552 0.3924 0.8552 0.3924 0.854 0.3916 0.8527 0.3932 0.8546 0.3898 0.854 0.3916 0.8552 0.3924 0.8552 0.3924 0.8561 0.39 0.8546 0.3898 0.8546 0.3898 0.8561 0.39 0.8561 0.3875 0.8561 0.3875 0.8546 0.3878 0.8546 0.3898 0.8552 0.3852 0.854 0.3859 0.8546 0.3878 0.8546 0.3878 0.8561 0.3875 0.8552 0.3852 0.854 0.3859 0.8552 0.3852 0.8536 0.3832 0.8536 0.3832 0.8527 0.3843 0.854 0.3859 0.8514 0.382 0.8509 0.3833 0.8527 0.3843 0.8527 0.3843 0.8536 0.3832 0.8514 0.382 0.7685 0.7895 0.7685 0.792 0.7765 0.792 0.7765 0.792 0.7765 0.7895 0.7685 0.7895 0.7765 0.7895 0.7765 0.792 0.784 0.792 0.784 0.792 0.784 0.7895 0.7765 0.7895 0.784 0.7895 0.784 0.792 0.7902 0.792 0.7902 0.792 0.7902 0.7895 0.784 0.7895 0.908 0.4994 0.908 0.5018 0.916 0.5018 0.916 0.5018 0.916 0.4994 0.908 0.4994 0.916 0.4994 0.916 0.5018 0.9235 0.5018 0.9235 0.5018 0.9235 0.4994 0.916 0.4994 0.9235 0.4994 0.9235 0.5018 0.9296 0.5018 0.9296 0.5018 0.9296 0.4994 0.9235 0.4994 0.9217 0.9667 0.9217 0.9691 0.9297 0.9691 0.9297 0.9691 0.9297 0.9667 0.9217 0.9667 0.9297 0.9667 0.9297 0.9691 0.9372 0.9691 0.9372 0.9691 0.9372 0.9667 0.9297 0.9667 0.9372 0.9667 0.9372 0.9691 0.9433 0.9691 0.9433 0.9691 0.9433 0.9667 0.9372 0.9667 0.6202 0.632 0.6202 0.6344 0.6282 0.6344 0.6282 0.6344 0.6282 0.632 0.6202 0.632 0.6282 0.632 0.6282 0.6344 0.6357 0.6344 0.6357 0.6344 0.6357 0.632 0.6282 0.632 0.6357 0.632 0.6357 0.6344 0.6418 0.6344 0.6418 0.6344 0.6418 0.632 0.6357 0.632 0.796 0.2891 0.796 0.2916 0.804 0.2916 0.804 0.2916 0.804 0.2891 0.796 0.2891 0.804 0.2891 0.804 0.2916 0.8116 0.2916 0.8116 0.2916 0.8116 0.2891 0.804 0.2891 0.8116 0.2916 0.8177 0.2916 0.8177 0.2891 0.8177 0.2891 0.8116 0.2891 0.8116 0.2916 0.5858 0.1492999 0.5858 0.1517999 0.5938 0.1517999 0.5938 0.1517999 0.5938 0.1492999 0.5858 0.1492999 0.7549 0.792 0.761 0.792 0.761 0.7895 0.761 0.7895 0.7549 0.7895 0.7549 0.792 0.7685 0.792 0.7685 0.7895 0.761 0.7895 0.761 0.7895 0.761 0.792 0.7685 0.792 0.6564 0.905 0.6578 0.9129 0.6618 0.9198 0.6618 0.9198 0.6754 0.8823 0.6564 0.905 0.6618 0.9198 0.6679 0.925 0.6754 0.9277 0.6754 0.9277 0.691 0.925 0.6618 0.9198 0.6754 0.9277 0.6834 0.9277 0.691 0.925 0.691 0.925 0.6971 0.9198 0.7011 0.9129 0.7011 0.9129 0.7011 0.8971 0.691 0.925 0.7011 0.9129 0.7025 0.905 0.7011 0.8971 0.6618 0.9198 0.691 0.925 0.7011 0.8971 0.7011 0.8971 0.6754 0.8823 0.6618 0.9198 0.7011 0.8971 0.6971 0.8902 0.691 0.8851 0.691 0.8851 0.6754 0.8823 0.7011 0.8971 0.691 0.8851 0.6834 0.8823 0.6754 0.8823 0.6754 0.8823 0.6679 0.8851 0.6618 0.8902 0.6618 0.8902 0.6564 0.905 0.6754 0.8823 0.6578 0.8971 0.6564 0.905 0.6618 0.8902 0.8496 0.9399 0.8522 0.9384 0.854 0.9362 0.854 0.9362 0.8395 0.9362 0.8496 0.9399 0.855 0.9334 0.855 0.9305 0.8522 0.9255 0.8522 0.9255 0.854 0.9362 0.855 0.9334 0.855 0.9305 0.854 0.9277 0.8522 0.9255 0.8496 0.924 0.8467 0.9235 0.8413 0.9255 0.8413 0.9255 0.8522 0.9255 0.8496 0.924 0.8467 0.9235 0.8439 0.924 0.8413 0.9255 0.854 0.9362 0.8522 0.9255 0.8413 0.9255 0.8413 0.9255 0.8395 0.9362 0.854 0.9362 0.8413 0.9255 0.8395 0.9277 0.8385 0.9305 0.8385 0.9305 0.8395 0.9362 0.8413 0.9255 0.8385 0.9305 0.8385 0.9334 0.8395 0.9362 0.8496 0.9399 0.8395 0.9362 0.8413 0.9384 0.8413 0.9384 0.8439 0.9399 0.8496 0.9399 0.8467 0.9404 0.8496 0.9399 0.8439 0.9399 0.6719 0.6777001 0.6743 0.6923 0.6772 0.6923 0.6772 0.6923 0.6797 0.6777001 0.6719 0.6777001 0.6797 0.6777001 0.6772 0.6923 0.68 0.6933 0.68 0.6933 0.687 0.6802 0.6797 0.6777001 0.687 0.6802 0.68 0.6933 0.6822 0.6951 0.6822 0.6951 0.693 0.6849 0.687 0.6802 0.693 0.6849 0.6822 0.6951 0.6837 0.6975 0.6837 0.6975 0.6969 0.6913 0.693 0.6849 0.6969 0.6913 0.6837 0.6975 0.6842 0.7002 0.6842 0.7002 0.6983 0.6986 0.6969 0.6913 0.6983 0.6986 0.6842 0.7002 0.6837 0.7029 0.6837 0.7029 0.6969 0.7059 0.6983 0.6986 0.6969 0.7059 0.6837 0.7029 0.6822 0.7053 0.6822 0.7053 0.693 0.7123 0.6969 0.7059 0.693 0.7123 0.6822 0.7053 0.68 0.7071 0.68 0.7071 0.687 0.717 0.693 0.7123 0.687 0.717 0.68 0.7071 0.6772 0.708 0.6772 0.708 0.6797 0.7196 0.687 0.717 0.6797 0.7196 0.6772 0.708 0.6743 0.708 0.6743 0.708 0.6719 0.7196 0.6797 0.7196 0.6719 0.7196 0.6743 0.708 0.6716 0.7071 0.6716 0.7071 0.6645 0.717 0.6719 0.7196 0.6645 0.717 0.6716 0.7071 0.6693 0.7053 0.6693 0.7053 0.6585 0.7123 0.6645 0.717 0.6585 0.7123 0.6693 0.7053 0.6679 0.7029 0.6679 0.7029 0.6546 0.7059 0.6585 0.7123 0.6546 0.7059 0.6679 0.7029 0.6673 0.7002 0.6673 0.7002 0.6533 0.6986 0.6546 0.7059 0.6533 0.6986 0.6673 0.7002 0.6679 0.6975 0.6679 0.6975 0.6546 0.6913 0.6533 0.6986 0.6546 0.6913 0.6679 0.6975 0.6693 0.6951 0.6693 0.6951 0.6585 0.6849 0.6546 0.6913 0.6585 0.6849 0.6693 0.6951 0.6716 0.6933 0.6716 0.6933 0.6645 0.6802 0.6585 0.6849 0.6645 0.6802 0.6716 0.6933 0.6743 0.6923 0.6743 0.6923 0.6719 0.6777001 0.6645 0.6802 0.6281 0.6576 0.6281 0.6595 0.631 0.6595 0.631 0.6595 0.631 0.6576 0.6281 0.6576 0.631 0.6576 0.631 0.6595 0.6337 0.6595 0.6337 0.6595 0.6337 0.6576 0.631 0.6576 0.6337 0.6576 0.6337 0.6595 0.636 0.6595 0.636 0.6595 0.636 0.6576 0.6337 0.6576 0.6494 0.09409999 0.6494 0.09210002 0.6465 0.09210002 0.6465 0.09210002 0.6465 0.09409999 0.6494 0.09409999 0.6522 0.09210002 0.6494 0.09210002 0.6494 0.09409999 0.6494 0.09409999 0.6522 0.09409999 0.6522 0.09210002 0.6522 0.09210002 0.6522 0.09409999 0.6544 0.09409999 0.6544 0.09409999 0.6544 0.09210002 0.6522 0.09210002 0.7337 0.6718 0.7308 0.6718 0.7308 0.6738 0.7308 0.6738 0.7337 0.6738 0.7337 0.6718 0.7337 0.6718 0.7337 0.6738 0.7365 0.6738 0.7365 0.6738 0.7365 0.6718 0.7337 0.6718 0.7365 0.6718 0.7365 0.6738 0.7387 0.6738 0.7387 0.6738 0.7387 0.6718 0.7365 0.6718 0.7629 0.9283 0.7649 0.9283 0.7649 0.9254 0.7649 0.9254 0.7629 0.9254 0.7629 0.9283 0.7629 0.9254 0.7649 0.9254 0.7649 0.9226 0.7649 0.9226 0.7629 0.9226 0.7629 0.9254 0.7629 0.9226 0.7649 0.9226 0.7649 0.9204 0.7649 0.9204 0.7629 0.9204 0.7629 0.9226 0.7625 0.9254 0.7605 0.9254 0.7605 0.9283 0.7605 0.9283 0.7625 0.9283 0.7625 0.9254 0.7605 0.9254 0.7625 0.9254 0.7625 0.9226 0.7625 0.9226 0.7605 0.9226 0.7605 0.9254 0.7625 0.9226 0.7625 0.9204 0.7605 0.9204 0.7605 0.9204 0.7605 0.9226 0.7625 0.9226 0.9182 0.9667 0.9182 0.9686 0.9211 0.9686 0.9211 0.9686 0.9211 0.9667 0.9182 0.9667 0.6231 0.6576 0.6231 0.6595 0.6253 0.6595 0.6253 0.6595 0.6253 0.6576 0.6231 0.6576 0.6253 0.6576 0.6253 0.6595 0.6281 0.6595 0.6281 0.6595 0.6281 0.6576 0.6253 0.6576 0.7764 0.7927 0.7765 0.792 0.7685 0.792 0.7685 0.792 0.7686 0.7927 0.7764 0.7927 0.7765 0.792 0.7764 0.7927 0.7838 0.7927 0.7838 0.7927 0.784 0.792 0.7765 0.792 0.9005 0.5018 0.9007 0.5026 0.9081 0.5026 0.9081 0.5026 0.908 0.5018 0.9005 0.5018 0.916 0.5018 0.908 0.5018 0.9081 0.5026 0.9081 0.5026 0.9159 0.5026 0.916 0.5018 0.9235 0.5018 0.916 0.5018 0.9159 0.5026 0.9159 0.5026 0.9232 0.5026 0.9235 0.5018 0.9217 0.9699 0.9217 0.9691 0.9141 0.9691 0.9141 0.9691 0.9144 0.9699 0.9217 0.9699 0.9217 0.9699 0.9296 0.9699 0.9297 0.9691 0.9297 0.9691 0.9217 0.9691 0.9217 0.9699 0.9372 0.9691 0.9297 0.9691 0.9296 0.9699 0.9296 0.9699 0.9369 0.9699 0.9372 0.9691 0.6127 0.6344 0.6129 0.6352 0.6203 0.6352 0.6203 0.6352 0.6202 0.6344 0.6127 0.6344 0.6202 0.6344 0.6203 0.6352 0.6281 0.6352 0.6281 0.6352 0.6282 0.6344 0.6202 0.6344 0.6281 0.6352 0.6354 0.6352 0.6357 0.6344 0.6357 0.6344 0.6282 0.6344 0.6281 0.6352 0.7885 0.2916 0.7888 0.2924 0.7961 0.2924 0.7961 0.2924 0.796 0.2916 0.7885 0.2916 0.796 0.2916 0.7961 0.2924 0.8039 0.2924 0.8039 0.2924 0.804 0.2916 0.796 0.2916 0.8116 0.2916 0.804 0.2916 0.8039 0.2924 0.8039 0.2924 0.8113 0.2924 0.8116 0.2916 0.5859 0.1525999 0.5858 0.1517999 0.5782 0.1517999 0.5782 0.1517999 0.5785 0.1525999 0.5859 0.1525999 0.5859 0.1525999 0.5937 0.1525999 0.5938 0.1517999 0.5938 0.1517999 0.5858 0.1517999 0.5859 0.1525999 0.5937 0.1525999 0.601 0.1525999 0.6013 0.1517999 0.6013 0.1517999 0.5938 0.1517999 0.5937 0.1525999 0.761 0.792 0.7613 0.7927 0.7686 0.7927 0.7686 0.7927 0.7685 0.792 0.761 0.792 0.6067 0.2361999 0.5778 0.2361999 0.5778 0.2390999 0.5778 0.2390999 0.6067 0.2390999 0.6067 0.2361999 0.6915 0.2091 0.6627 0.2091 0.6627 0.212 0.6627 0.212 0.6915 0.212 0.6915 0.2091 0.8216 0.7633 0.7928 0.7633 0.7928 0.7662 0.7928 0.7662 0.8216 0.7662 0.8216 0.7633 0.6915 0.1958 0.6915 0.193 0.6627 0.193 0.6627 0.193 0.6627 0.1958 0.6915 0.1958 0.8319 0.4057 0.8342 0.4034 0.8348 0.4019 0.8348 0.4019 0.8319 0.3769 0.8319 0.4057 0.8348 0.4019 0.8348 0.3806 0.8342 0.3791 0.8342 0.3791 0.8319 0.3769 0.8348 0.4019 0.8607 0.4057 0.8585 0.4034 0.857 0.4028 0.857 0.4028 0.8319 0.4057 0.8607 0.4057 0.8319 0.4057 0.857 0.4028 0.8356 0.4028 0.8356 0.4028 0.8342 0.4034 0.8319 0.4057 0.8607 0.4057 0.8607 0.3769 0.8585 0.3791 0.8585 0.3791 0.8579 0.3806 0.8607 0.4057 0.8579 0.3806 0.8579 0.4019 0.8585 0.4034 0.8585 0.4034 0.8607 0.4057 0.8579 0.3806 0.8319 0.3769 0.8342 0.3791 0.8356 0.3798 0.8356 0.3798 0.8607 0.3769 0.8319 0.3769 0.8356 0.3798 0.857 0.3798 0.8585 0.3791 0.8585 0.3791 0.8607 0.3769 0.8356 0.3798 0.6967 0.3743 0.6967 0.353 0.565 0.353 0.565 0.353 0.565 0.3743 0.6967 0.3743 0.8373 0.4812 0.7056 0.4812 0.7056 0.5026 0.7056 0.5026 0.8373 0.5026 0.8373 0.4812 0.6967 0.4445 0.565 0.4445 0.565 0.4659 0.565 0.4659 0.6967 0.4659 0.6967 0.4445 0.8302 0.4148 0.6984 0.4148 0.6984 0.4362 0.6984 0.4362 0.8302 0.4362 0.8302 0.4148 0.6456 0.0485 0.6184 0.0485 0.6184 0.05110001 0.6184 0.05110001 0.6456 0.05110001 0.6456 0.0485 0.605 0.0751 0.5778 0.0751 0.5778 0.07770001 0.5778 0.07770001 0.605 0.07770001 0.605 0.0751 0.6456 0.06929999 0.6184 0.06929999 0.6184 0.07179999 0.6184 0.07179999 0.6456 0.07179999 0.6456 0.06929999 0.7795 0.01859998 0.7523 0.01859998 0.7523 0.0212 0.7523 0.0212 0.7795 0.0212 0.7795 0.01859998 0.8338 0.9439 0.8338 0.9226 0.8332 0.9211 0.8332 0.9211 0.8317 0.9197 0.8338 0.9439 0.8317 0.9197 0.8317 0.9468 0.8332 0.9454 0.8332 0.9454 0.8338 0.9439 0.8317 0.9197 0.8346 0.9217 0.856 0.9217 0.8575 0.9211 0.8575 0.9211 0.8589 0.9197 0.8346 0.9217 0.8346 0.9217 0.8589 0.9197 0.8317 0.9197 0.8317 0.9197 0.8332 0.9211 0.8346 0.9217 0.8569 0.9226 0.8569 0.9439 0.8575 0.9454 0.8575 0.9454 0.8589 0.9468 0.8569 0.9226 0.8569 0.9226 0.8589 0.9468 0.8589 0.9197 0.8589 0.9197 0.8575 0.9211 0.8569 0.9226 0.856 0.9448 0.8346 0.9448 0.8332 0.9454 0.8332 0.9454 0.8317 0.9468 0.856 0.9448 0.856 0.9448 0.8317 0.9468 0.8589 0.9468 0.8589 0.9468 0.8575 0.9454 0.856 0.9448 0.905 0.6216 0.905 0.5945 0.8779 0.5945 0.8779 0.5945 0.8779 0.6216 0.905 0.6216 0.7728 0.8556 0.7728 0.8576 0.7871 0.8576 0.7871 0.8576 0.7871 0.8556 0.7728 0.8556 0.7728 0.8576 0.7728 0.8593 0.7871 0.8593 0.7871 0.8593 0.7871 0.8576 0.7728 0.8576 0.862 0.4098 0.862 0.4118 0.8763 0.4118 0.8763 0.4118 0.8763 0.4098 0.862 0.4098 0.862 0.4118 0.862 0.4137 0.8763 0.4137 0.8763 0.4137 0.8763 0.4118 0.862 0.4118 0.862 0.4137 0.862 0.4152 0.8763 0.4152 0.8763 0.4152 0.8763 0.4137 0.862 0.4137 0.8414 0.4121 0.8394 0.4121 0.8394 0.4263 0.8394 0.4263 0.8414 0.4263 0.8414 0.4121 0.8394 0.4121 0.8376 0.4121 0.8376 0.4263 0.8376 0.4263 0.8394 0.4263 0.8394 0.4121 0.5964 0.6442 0.5964 0.6459 0.6107 0.6459 0.6107 0.6459 0.6107 0.6442 0.5964 0.6442 0.5964 0.6459 0.5964 0.6479 0.6107 0.6479 0.6107 0.6479 0.6107 0.6459 0.5964 0.6459 0.5964 0.6479 0.5964 0.6499 0.6107 0.6499 0.6107 0.6499 0.6107 0.6479 0.5964 0.6479 0.5964 0.6499 0.5964 0.6516 0.6107 0.6516 0.6107 0.6516 0.6107 0.6499 0.5964 0.6499 0.862 0.4403 0.862 0.4423 0.8763 0.4423 0.8763 0.4423 0.8763 0.4403 0.862 0.4403 0.862 0.4423 0.862 0.4442 0.8763 0.4442 0.8763 0.4442 0.8763 0.4423 0.862 0.4423 0.862 0.4442 0.862 0.4458 0.8763 0.4458 0.8763 0.4458 0.8763 0.4442 0.862 0.4442 0.8414 0.3816 0.8394 0.3816 0.8394 0.3958 0.8394 0.3958 0.8414 0.3958 0.8414 0.3816 0.8394 0.3816 0.8376 0.3816 0.8376 0.3958 0.8376 0.3958 0.8394 0.3958 0.8394 0.3816 0.7728 0.8519 0.7728 0.8536 0.7871 0.8536 0.7871 0.8536 0.7871 0.8519 0.7728 0.8519 0.7871 0.8556 0.7871 0.8536 0.7728 0.8536 0.7728 0.8536 0.7728 0.8556 0.7871 0.8556 0.8518 0.3987 0.8493 0.3987 0.8493 0.4005 0.8493 0.4005 0.8518 0.4005 0.8518 0.3987 0.8493 0.3987 0.8469 0.3987 0.8469 0.4005 0.8469 0.4005 0.8493 0.4005 0.8493 0.3987 0.8469 0.3987 0.845 0.3987 0.845 0.4005 0.845 0.4005 0.8469 0.4005 0.8469 0.3987 0.6009 0.08560001 0.5984 0.08560001 0.5984 0.08749997 0.5984 0.08749997 0.6009 0.08749997 0.6009 0.08560001 0.5984 0.08560001 0.596 0.08560001 0.596 0.08749997 0.596 0.08749997 0.5984 0.08749997 0.5984 0.08560001 0.596 0.08560001 0.5941 0.08560001 0.5941 0.08749997 0.5941 0.08749997 0.596 0.08749997 0.596 0.08560001 0.6533 0.595 0.6508 0.595 0.6508 0.5969 0.6508 0.5969 0.6533 0.5969 0.6533 0.595 0.6508 0.595 0.6485 0.595 0.6485 0.5969 0.6485 0.5969 0.6508 0.5969 0.6508 0.595 0.6485 0.595 0.6465 0.595 0.6465 0.5969 0.6465 0.5969 0.6485 0.5969 0.6485 0.595 0.5849 0.1353999 0.5824 0.1353999 0.5824 0.1373 0.5824 0.1373 0.5849 0.1373 0.5849 0.1353999 0.5824 0.1353999 0.5801 0.1353999 0.5801 0.1373 0.5801 0.1373 0.5824 0.1373 0.5824 0.1353999 0.5801 0.1353999 0.5781 0.1353999 0.5781 0.1373 0.5781 0.1373 0.5801 0.1373 0.5801 0.1353999 0.6013 0.1492999 0.5988 0.1492999 0.5988 0.1511999 0.5988 0.1511999 0.6013 0.1511999 0.6013 0.1492999 0.5988 0.1492999 0.5964 0.1492999 0.5964 0.1511999 0.5964 0.1511999 0.5988 0.1511999 0.5988 0.1492999 0.5964 0.1492999 0.5945 0.1492999 0.5945 0.1511999 0.5945 0.1511999 0.5964 0.1511999 0.5964 0.1492999 0.8177 0.2652 0.8152 0.2652 0.8152 0.267 0.8152 0.267 0.8177 0.267 0.8177 0.2652 0.8561 0.3987 0.8541 0.3987 0.8541 0.4005 0.8541 0.4005 0.8561 0.4005 0.8561 0.3987 0.8541 0.4005 0.8541 0.3987 0.8518 0.3987 0.8518 0.3987 0.8518 0.4005 0.8541 0.4005 0.8509 0.4247 0.849 0.425 0.849 0.4265 0.849 0.4265 0.8514 0.426 0.8509 0.4247 0.8465 0.426 0.849 0.4265 0.849 0.425 0.849 0.425 0.847 0.4247 0.8465 0.426 0.847 0.4247 0.8453 0.4237 0.8443 0.4248 0.8443 0.4248 0.8465 0.426 0.847 0.4247 0.844 0.4222 0.8427 0.4229 0.8443 0.4248 0.8443 0.4248 0.8453 0.4237 0.844 0.4222 0.8433 0.4203 0.8419 0.4205 0.8427 0.4229 0.8427 0.4229 0.844 0.4222 0.8433 0.4203 0.8433 0.4183 0.8419 0.418 0.8419 0.4205 0.8419 0.4205 0.8433 0.4203 0.8433 0.4183 0.844 0.4164 0.8427 0.4157 0.8419 0.418 0.8419 0.418 0.8433 0.4183 0.844 0.4164 0.844 0.4164 0.8453 0.4149 0.8443 0.4138 0.8443 0.4138 0.8427 0.4157 0.844 0.4164 0.847 0.4139 0.8465 0.4125 0.8443 0.4138 0.8443 0.4138 0.8453 0.4149 0.847 0.4139 0.847 0.4139 0.849 0.4135 0.849 0.4121 0.849 0.4121 0.8465 0.4125 0.847 0.4139 0.849 0.4135 0.8509 0.4139 0.8514 0.4125 0.8514 0.4125 0.849 0.4121 0.849 0.4135 0.8514 0.4125 0.8509 0.4139 0.8527 0.4149 0.8527 0.4149 0.8536 0.4138 0.8514 0.4125 0.8536 0.4138 0.8527 0.4149 0.854 0.4164 0.854 0.4164 0.8552 0.4157 0.8536 0.4138 0.8561 0.418 0.8552 0.4157 0.854 0.4164 0.854 0.4164 0.8546 0.4183 0.8561 0.418 0.8561 0.418 0.8546 0.4183 0.8546 0.4203 0.8546 0.4203 0.8561 0.4205 0.8561 0.418 0.8546 0.4203 0.854 0.4222 0.8552 0.4229 0.8552 0.4229 0.8561 0.4205 0.8546 0.4203 0.854 0.4222 0.8527 0.4237 0.8536 0.4248 0.8536 0.4248 0.8552 0.4229 0.854 0.4222 0.8527 0.4237 0.8509 0.4247 0.8514 0.426 0.8514 0.426 0.8536 0.4248 0.8527 0.4237 0.7272 0.5121 0.7192 0.5121 0.7192 0.5146 0.7192 0.5146 0.7272 0.5146 0.7272 0.5121 0.7192 0.5121 0.7117 0.5121 0.7117 0.5146 0.7117 0.5146 0.7192 0.5146 0.7192 0.5121 0.7117 0.5121 0.7056 0.5121 0.7056 0.5146 0.7056 0.5146 0.7117 0.5146 0.7117 0.5121 0.928 0.5768 0.92 0.5768 0.92 0.5793 0.92 0.5793 0.928 0.5793 0.928 0.5768 0.92 0.5768 0.9125 0.5768 0.9125 0.5793 0.9125 0.5793 0.92 0.5793 0.92 0.5768 0.9125 0.5768 0.9063 0.5768 0.9063 0.5793 0.9063 0.5793 0.9125 0.5793 0.9125 0.5768 0.8979 0.9482 0.8899 0.9482 0.8899 0.9507 0.8899 0.9507 0.8979 0.9507 0.8979 0.9482 0.8899 0.9482 0.8824 0.9482 0.8824 0.9507 0.8824 0.9507 0.8899 0.9507 0.8899 0.9482 0.8824 0.9482 0.8763 0.9482 0.8763 0.9507 0.8763 0.9507 0.8824 0.9507 0.8824 0.9482 0.8102 0.2652 0.8022 0.2652 0.8022 0.2676 0.8022 0.2676 0.8102 0.2676 0.8102 0.2652 0.8022 0.2652 0.7947 0.2652 0.7947 0.2676 0.7947 0.2676 0.8022 0.2676 0.8022 0.2652 0.7947 0.2652 0.7885 0.2652 0.7885 0.2676 0.7885 0.2676 0.7947 0.2676 0.7947 0.2652 0.9221 0.5352 0.9141 0.5352 0.9141 0.5377 0.9141 0.5377 0.9221 0.5377 0.9221 0.5352 0.9141 0.5352 0.9066 0.5352 0.9066 0.5377 0.9066 0.5377 0.9141 0.5377 0.9141 0.5352 0.9066 0.5352 0.9005 0.5352 0.9005 0.5377 0.9005 0.5377 0.9066 0.5377 0.9066 0.5352 0.5938 0.1654999 0.5858 0.1654999 0.5858 0.1679 0.5858 0.1679 0.5938 0.1679 0.5938 0.1654999 0.7409 0.5121 0.7348 0.5121 0.7348 0.5146 0.7348 0.5146 0.7409 0.5146 0.7409 0.5121 0.7272 0.5146 0.7348 0.5146 0.7348 0.5121 0.7348 0.5121 0.7272 0.5121 0.7272 0.5146 0.694 0.7287001 0.6878 0.7236 0.6803 0.7208001 0.6803 0.7208001 0.6994 0.7435 0.694 0.7287001 0.6803 0.7208001 0.6723 0.7208001 0.6648 0.7236 0.6648 0.7236 0.6547 0.7356 0.6803 0.7208001 0.6648 0.7236 0.6587 0.7287001 0.6547 0.7356 0.6547 0.7356 0.6533 0.7435 0.6547 0.7514 0.6547 0.7514 0.6648 0.7635 0.6547 0.7356 0.6547 0.7514 0.6587 0.7583 0.6648 0.7635 0.6648 0.7635 0.6723 0.7662 0.6803 0.7662 0.6803 0.7662 0.694 0.7583 0.6648 0.7635 0.6803 0.7662 0.6878 0.7635 0.694 0.7583 0.6648 0.7635 0.694 0.7583 0.6803 0.7208001 0.6803 0.7208001 0.6547 0.7356 0.6648 0.7635 0.694 0.7583 0.698 0.7514 0.6994 0.7435 0.6994 0.7435 0.6803 0.7208001 0.694 0.7583 0.698 0.7356 0.694 0.7287001 0.6994 0.7435 0.7148 0.8275 0.7123 0.829 0.7104 0.8312 0.7104 0.8312 0.7206 0.8275 0.7148 0.8275 0.7104 0.8312 0.7094 0.8339 0.7094 0.8369 0.7094 0.8369 0.7123 0.8419 0.7104 0.8312 0.7094 0.8369 0.7104 0.8396 0.7123 0.8419 0.7231 0.8419 0.7123 0.8419 0.7148 0.8433 0.7148 0.8433 0.7177 0.8438 0.7231 0.8419 0.7177 0.8438 0.7206 0.8433 0.7231 0.8419 0.7231 0.8419 0.725 0.8396 0.726 0.8369 0.726 0.8369 0.725 0.8312 0.7231 0.8419 0.726 0.8369 0.726 0.8339 0.725 0.8312 0.7104 0.8312 0.7123 0.8419 0.7231 0.8419 0.7231 0.8419 0.725 0.8312 0.7104 0.8312 0.7104 0.8312 0.725 0.8312 0.7231 0.829 0.7231 0.829 0.7206 0.8275 0.7104 0.8312 0.7177 0.827 0.7148 0.8275 0.7206 0.8275 0.675 0.8392 0.6774 0.8538 0.6803 0.8538 0.6803 0.8538 0.6828 0.8392 0.675 0.8392 0.675 0.8392 0.6676 0.8417 0.6747 0.8548 0.6747 0.8548 0.6774 0.8538 0.675 0.8392 0.6747 0.8548 0.6676 0.8417 0.6617 0.8464 0.6617 0.8464 0.6724 0.8566 0.6747 0.8548 0.6617 0.8464 0.6577 0.8528 0.671 0.8589 0.671 0.8589 0.6724 0.8566 0.6617 0.8464 0.6577 0.8528 0.6564 0.8601 0.6705 0.8617 0.6705 0.8617 0.671 0.8589 0.6577 0.8528 0.671 0.8644 0.6705 0.8617 0.6564 0.8601 0.6564 0.8601 0.6577 0.8674 0.671 0.8644 0.671 0.8644 0.6577 0.8674 0.6617 0.8738 0.6617 0.8738 0.6724 0.8668 0.671 0.8644 0.6617 0.8738 0.6676 0.8785 0.6747 0.8686 0.6747 0.8686 0.6724 0.8668 0.6617 0.8738 0.6774 0.8695 0.6747 0.8686 0.6676 0.8785 0.6676 0.8785 0.675 0.881 0.6774 0.8695 0.675 0.881 0.6828 0.881 0.6803 0.8695 0.6803 0.8695 0.6774 0.8695 0.675 0.881 0.6803 0.8695 0.6828 0.881 0.6901 0.8785 0.6901 0.8785 0.6831 0.8686 0.6803 0.8695 0.6901 0.8785 0.6961 0.8738 0.6853 0.8668 0.6853 0.8668 0.6831 0.8686 0.6901 0.8785 0.6868 0.8644 0.6853 0.8668 0.6961 0.8738 0.6961 0.8738 0.7 0.8674 0.6868 0.8644 0.7 0.8674 0.7014 0.8601 0.6873 0.8617 0.6873 0.8617 0.6868 0.8644 0.7 0.8674 0.7014 0.8601 0.7 0.8528 0.6868 0.8589 0.6868 0.8589 0.6873 0.8617 0.7014 0.8601 0.6868 0.8589 0.7 0.8528 0.6961 0.8464 0.6961 0.8464 0.6853 0.8566 0.6868 0.8589 0.6853 0.8566 0.6961 0.8464 0.6901 0.8417 0.6901 0.8417 0.6831 0.8548 0.6853 0.8566 0.6831 0.8548 0.6901 0.8417 0.6828 0.8392 0.6828 0.8392 0.6803 0.8538 0.6831 0.8548 0.8361 0.9285 0.8361 0.9314 0.838 0.9314 0.838 0.9314 0.838 0.9285 0.8361 0.9285 0.838 0.9314 0.8361 0.9314 0.8361 0.9342 0.8361 0.9342 0.838 0.9342 0.838 0.9314 0.838 0.9364 0.838 0.9342 0.8361 0.9342 0.8361 0.9342 0.8361 0.9364 0.838 0.9364 0.7696 0.9204 0.7677 0.9204 0.7677 0.9233 0.7677 0.9233 0.7696 0.9233 0.7696 0.9204 0.7696 0.926 0.7696 0.9233 0.7677 0.9233 0.7677 0.9233 0.7677 0.926 0.7696 0.926 0.7677 0.9283 0.7696 0.9283 0.7696 0.926 0.7696 0.926 0.7677 0.926 0.7677 0.9283 0.7226 0.3682 0.7197 0.3682 0.7197 0.3702 0.7197 0.3702 0.7226 0.3702 0.7226 0.3682 0.7169 0.3702 0.7197 0.3702 0.7197 0.3682 0.7197 0.3682 0.7169 0.3682 0.7169 0.3702 0.7147 0.3682 0.7147 0.3702 0.7169 0.3702 0.7169 0.3702 0.7169 0.3682 0.7147 0.3682 0.708 0.351 0.706 0.351 0.706 0.354 0.706 0.354 0.708 0.354 0.708 0.351 0.708 0.354 0.706 0.354 0.706 0.3567 0.706 0.3567 0.708 0.3567 0.708 0.354 0.708 0.3589 0.708 0.3567 0.706 0.3567 0.706 0.3567 0.706 0.3589 0.708 0.3589 0.7037 0.354 0.7056 0.354 0.7056 0.351 0.7056 0.351 0.7037 0.351 0.7037 0.354 0.7056 0.354 0.7037 0.354 0.7037 0.3567 0.7037 0.3567 0.7056 0.3567 0.7056 0.354 0.7056 0.3589 0.7056 0.3567 0.7037 0.3567 0.7037 0.3567 0.7037 0.3589 0.7056 0.3589 0.9148 0.9667 0.9148 0.9686 0.9177 0.9686 0.9177 0.9686 0.9177 0.9667 0.9148 0.9667 0.838 0.9258 0.838 0.9235 0.8361 0.9235 0.8361 0.9235 0.8361 0.9258 0.838 0.9258 0.8361 0.9258 0.8361 0.9285 0.838 0.9285 0.838 0.9285 0.838 0.9258 0.8361 0.9258 0.7193 0.5153 0.7271 0.5153 0.7272 0.5146 0.7272 0.5146 0.7192 0.5146 0.7193 0.5153 0.712 0.5153 0.7193 0.5153 0.7192 0.5146 0.7192 0.5146 0.7117 0.5146 0.712 0.5153 0.9355 0.5793 0.928 0.5793 0.9279 0.5800001 0.9279 0.5800001 0.9352 0.5800001 0.9355 0.5793 0.9201 0.5800001 0.9279 0.5800001 0.928 0.5793 0.928 0.5793 0.92 0.5793 0.9201 0.5800001 0.9125 0.5793 0.9127 0.5800001 0.9201 0.5800001 0.9201 0.5800001 0.92 0.5793 0.9125 0.5793 0.8979 0.9507 0.8978 0.9514 0.9052 0.9514 0.9052 0.9514 0.9054 0.9507 0.8979 0.9507 0.8978 0.9514 0.8979 0.9507 0.8899 0.9507 0.8899 0.9507 0.89 0.9514 0.8978 0.9514 0.8827 0.9514 0.89 0.9514 0.8899 0.9507 0.8899 0.9507 0.8824 0.9507 0.8827 0.9514 0.8101 0.2684 0.8174 0.2684 0.8177 0.2676 0.8177 0.2676 0.8102 0.2676 0.8101 0.2684 0.8101 0.2684 0.8102 0.2676 0.8022 0.2676 0.8022 0.2676 0.8023 0.2684 0.8101 0.2684 0.7949 0.2684 0.8023 0.2684 0.8022 0.2676 0.8022 0.2676 0.7947 0.2676 0.7949 0.2684 0.9296 0.5377 0.9221 0.5377 0.922 0.5384 0.922 0.5384 0.9294 0.5384 0.9296 0.5377 0.9141 0.5377 0.9142 0.5384 0.922 0.5384 0.922 0.5384 0.9221 0.5377 0.9141 0.5377 0.9069 0.5384 0.9142 0.5384 0.9141 0.5377 0.9141 0.5377 0.9066 0.5377 0.9069 0.5384 0.5938 0.1679 0.5937 0.1686999 0.601 0.1686999 0.601 0.1686999 0.6013 0.1679 0.5938 0.1679 0.5859 0.1686999 0.5937 0.1686999 0.5938 0.1679 0.5938 0.1679 0.5858 0.1679 0.5859 0.1686999 0.5859 0.1686999 0.5858 0.1679 0.5782 0.1679 0.5782 0.1679 0.5785 0.1686999 0.5859 0.1686999 0.7271 0.5153 0.7345 0.5153 0.7348 0.5146 0.7348 0.5146 0.7272 0.5146 0.7271 0.5153 0.725 0.3729 0.7244 0.3714 0.7235 0.3723 0.725 0.3486 0.7235 0.3492 0.7244 0.3501 0.7007 0.3486 0.7013 0.3501 0.7022 0.3492 0.7007 0.3729 0.7022 0.3723 0.7013 0.3714 0.7278 0.826 0.7284 0.8246 0.7269 0.8252 0.7269 0.8482 0.7284 0.8488 0.7278 0.8473 0.7047 0.8473 0.7041 0.8488 0.7056 0.8482 0.7056 0.8252 0.7041 0.8246 0.7047 0.826 0.5721 0.5017001 0.5721 0.5026 0.7039 0.5026 0.7039 0.5026 0.7039 0.5017001 0.5721 0.5017001 0.5721 0.4804 0.7039 0.4804 0.7039 0.4795 0.7039 0.4795 0.5721 0.4795 0.5721 0.4804 0.5721 0.5384 0.7039 0.5384 0.7039 0.5376001 0.7039 0.5376001 0.5721 0.5376001 0.5721 0.5384 0.5721 0.5162 0.7039 0.5162 0.7039 0.5154 0.7039 0.5154 0.5721 0.5154 0.5721 0.5162 0.8342 0.4644 0.8356 0.4638 0.8348 0.463 0.8342 0.4402 0.8348 0.4417 0.8356 0.4408 0.8585 0.4402 0.857 0.4408 0.8579 0.4417 0.8585 0.4644 0.8579 0.463 0.857 0.4638 0.6156 0.6385 0.6141 0.6379 0.6147 0.6394 0.6147 0.6607 0.6141 0.6622 0.6156 0.6616 0.6369 0.6616 0.6384 0.6622 0.6378 0.6607 0.6378 0.6394 0.6384 0.6379 0.6369 0.6385 0.5779 0.5579 0.7097 0.5579 0.7097 0.5570001 0.7097 0.5570001 0.5779 0.5570001 0.5779 0.5579 0.5779 0.5800001 0.7097 0.5800001 0.7097 0.5792 0.7097 0.5792 0.5779 0.5792 0.5779 0.5800001 0.5779 0.5995 0.7097 0.5995 0.7097 0.5986 0.7097 0.5986 0.5779 0.5986 0.5779 0.5995 0.5779 0.6216 0.7097 0.6216 0.7097 0.6208 0.7097 0.6208 0.5779 0.6208 0.5779 0.6216 0.8585 0.4097 0.857 0.4103 0.8579 0.4111 0.8585 0.4339 0.8579 0.4325 0.857 0.4333 0.8342 0.4339 0.8356 0.4333 0.8348 0.4325 0.8342 0.4097 0.8348 0.4111 0.8356 0.4103 0.8963 0.5364 0.8978 0.537 0.8971 0.5355 0.8971 0.5142 0.8978 0.5127 0.8963 0.5133 0.8749 0.5133 0.8734 0.5127 0.874 0.5142 0.874 0.5355 0.8734 0.537 0.8749 0.5364 0.8342 0.3791 0.8348 0.3806 0.8356 0.3798 0.8342 0.4034 0.8356 0.4028 0.8348 0.4019 0.8585 0.4034 0.8579 0.4019 0.857 0.4028 0.8585 0.3791 0.857 0.3798 0.8579 0.3806 0.8338 0.9439 0.8332 0.9454 0.8346 0.9448 0.8346 0.9217 0.8332 0.9211 0.8338 0.9226 0.8569 0.9226 0.8575 0.9211 0.856 0.9217 0.856 0.9448 0.8575 0.9454 0.8569 0.9439 0.6967 0.4132 0.565 0.4132 0.565 0.414 0.565 0.414 0.6967 0.414 0.6967 0.4132 0.565 0.4353 0.565 0.4362 0.6967 0.4362 0.6967 0.4362 0.6967 0.4353 0.565 0.4353 0.565 0.3826 0.565 0.3835 0.6967 0.3835 0.6967 0.3835 0.6967 0.3826 0.565 0.3826 0.565 0.4048 0.565 0.4057 0.6967 0.4057 0.6967 0.4057 0.6967 0.4048 0.565 0.4048 0.6967 0.3743 0.565 0.3743 0.565 0.3752 0.565 0.3752 0.6967 0.3752 0.6967 0.3743 0.6967 0.3521 0.565 0.3521 0.565 0.353 0.565 0.353 0.6967 0.353 0.6967 0.3521 0.6967 0.4667 0.6967 0.4659 0.565 0.4659 0.565 0.4659 0.565 0.4667 0.6967 0.4667 0.6967 0.4445 0.6967 0.4437 0.565 0.4437 0.565 0.4437 0.565 0.4445 0.6967 0.4445 0.1733 0.01779997 5e-4 0.01779997 5e-4 0.03219997 5e-4 0.03219997 0.1733 0.03219997 0.1733 0.01779997 0.9308 0.9984 0.9308 0.984 0.758 0.984 0.758 0.984 0.758 0.9984 0.9308 0.9984 0.7506 0.303 0.5778 0.303 0.5778 0.3174 0.5778 0.3174 0.7506 0.3174 0.7506 0.303 0.6533 0.7686 0.6533 0.783 0.8261 0.783 0.8261 0.783 0.8261 0.7686 0.6533 0.7686 5e-4 0.03219997 5e-4 0.03320002 0.1733 0.03320002 0.1733 0.03320002 0.1733 0.03219997 5e-4 0.03219997 0.1733 0.01779997 0.1733 0.01670002 5e-4 0.01670002 5e-4 0.01670002 5e-4 0.01779997 0.1733 0.01779997 0.758 0.9829 0.758 0.984 0.9308 0.984 0.9308 0.984 0.9308 0.9829 0.758 0.9829 0.9308 0.9995 0.9308 0.9984 0.758 0.9984 0.758 0.9984 0.758 0.9995 0.9308 0.9995 0.8261 0.783 0.6533 0.783 0.6533 0.7841 0.6533 0.7841 0.8261 0.7841 0.8261 0.783 0.5778 0.3019 0.5778 0.303 0.7506 0.303 0.7506 0.303 0.7506 0.3019 0.5778 0.3019 0.7506 0.3185 0.7506 0.3174 0.5778 0.3174 0.5778 0.3174 0.5778 0.3185 0.7506 0.3185 0.6533 0.7675 0.6533 0.7686 0.8261 0.7686 0.8261 0.7686 0.8261 0.7675 0.6533 0.7675 0.5778 0.3436 0.7506 0.3436 0.7506 0.3292 0.7506 0.3292 0.5778 0.3292 0.5778 0.3436 0.7549 0.8095 0.9277 0.8095 0.9277 0.7951 0.9277 0.7951 0.7549 0.7951 0.7549 0.8095 0.7506 0.2769 0.5778 0.2769 0.5778 0.2913 0.5778 0.2913 0.7506 0.2913 0.7506 0.2769 0.5778 0.2673 0.7506 0.2673 0.7506 0.2529 0.7506 0.2529 0.5778 0.2529 0.5778 0.2673 0.5778 0.3436 0.5778 0.3446 0.7506 0.3446 0.7506 0.3446 0.7506 0.3436 0.5778 0.3436 0.7506 0.3281 0.5778 0.3281 0.5778 0.3292 0.5778 0.3292 0.7506 0.3292 0.7506 0.3281 0.9277 0.794 0.7549 0.794 0.7549 0.7951 0.7549 0.7951 0.9277 0.7951 0.9277 0.794 0.9277 0.8106 0.9277 0.8095 0.7549 0.8095 0.7549 0.8095 0.7549 0.8106 0.9277 0.8106 0.5778 0.2673 0.5778 0.2684 0.7506 0.2684 0.7506 0.2684 0.7506 0.2673 0.5778 0.2673 0.5778 0.2758 0.5778 0.2769 0.7506 0.2769 0.7506 0.2769 0.7506 0.2758 0.5778 0.2758 0.7506 0.2924 0.7506 0.2913 0.5778 0.2913 0.5778 0.2913 0.5778 0.2924 0.7506 0.2924 0.5778 0.2518 0.5778 0.2529 0.7506 0.2529 0.7506 0.2529 0.7506 0.2518 0.5778 0.2518</float_array>
          <technique_common>
            <accessor source="#Conveyor01Legs_Conveyor_0_005-mesh-map-0-array" count="4440" stride="2">
              <param name="S" type="float"/>
              <param name="T" type="float"/>
            </accessor>
          </technique_common>
        </source>
        <vertices id="Conveyor01Legs_Conveyor_0_005-mesh-vertices">
          <input semantic="POSITION" source="#Conveyor01Legs_Conveyor_0_005-mesh-positions"/>
        </vertices>
        <triangles material="Material_002-material" count="1480">
          <input semantic="VERTEX" source="#Conveyor01Legs_Conveyor_0_005-mesh-vertices" offset="0"/>
          <input semantic="NORMAL" source="#Conveyor01Legs_Conveyor_0_005-mesh-normals" offset="1"/>
          <input semantic="TEXCOORD" source="#Conveyor01Legs_Conveyor_0_005-mesh-map-0" offset="2" set="0"/>
          <p>0 0 0 1 0 1 2 0 2 2 0 3 3 0 4 0 0 5 4 1 6 5 1 7 6 1 8 6 1 9 7 1 10 4 1 11 8 2 12 9 2 13 10 2 14 10 2 15 11 2 16 8 2 17 12 3 18 13 3 19 14 3 20 14 3 21 15 3 22 12 3 23 16 4 24 17 4 25 18 4 26 18 4 27 19 4 28 16 4 29 18 4 30 20 4 31 21 4 32 21 4 33 19 4 34 18 4 35 22 5 36 16 5 37 23 5 38 23 6 39 24 6 40 22 6 41 25 7 42 17 7 43 16 7 44 16 4 45 22 4 46 25 4 47 26 4 48 23 4 49 27 4 50 27 8 51 28 8 52 26 8 53 29 4 54 24 4 55 23 4 56 23 4 57 26 4 58 29 4 59 30 9 60 27 9 61 19 9 62 19 10 63 21 10 64 30 10 65 30 11 66 31 11 67 28 11 68 28 4 69 27 4 70 30 4 71 32 3 72 33 3 73 34 3 74 34 3 75 35 3 76 32 3 77 36 2 78 37 2 79 38 2 80 38 2 81 39 2 82 36 2 83 40 1 84 41 1 85 42 1 86 42 1 87 43 1 88 40 1 89 44 0 90 45 0 91 46 0 92 46 0 93 47 0 94 44 0 95 48 3 96 49 3 97 50 3 98 50 3 99 51 3 100 48 3 101 52 2 102 53 2 103 54 2 104 54 2 105 55 2 106 52 2 107 56 1 108 57 1 109 58 1 110 58 1 111 59 1 112 56 1 113 60 0 114 61 0 115 62 0 116 62 0 117 63 0 118 60 0 119 64 12 120 65 12 121 66 12 122 66 12 123 67 12 124 64 12 125 65 12 126 64 12 127 68 12 128 68 12 129 69 12 130 65 12 131 70 13 132 71 13 133 72 13 134 72 14 135 73 14 136 70 14 137 71 12 138 70 12 139 64 12 140 64 15 141 67 15 142 71 15 143 74 12 144 75 12 145 76 12 146 76 12 147 77 12 148 74 12 149 77 12 150 70 12 151 73 12 152 73 12 153 74 12 154 77 12 155 68 12 156 78 12 157 79 12 158 79 16 159 69 16 160 68 16 161 76 12 162 78 12 163 68 12 164 68 17 165 77 17 166 76 17 167 80 4 168 81 4 169 82 4 170 82 4 171 83 4 172 80 4 173 84 18 174 85 19 175 86 20 176 86 20 177 87 21 178 84 18 179 84 18 180 88 22 181 89 23 182 89 23 183 85 19 184 84 18 185 90 24 186 91 25 187 92 26 188 92 26 189 93 27 190 90 24 191 93 27 192 92 26 193 94 28 194 94 28 195 95 29 196 93 27 197 95 29 198 94 28 199 96 30 200 96 30 201 97 31 202 95 29 203 96 30 204 98 32 205 99 33 206 99 33 207 97 31 208 96 30 209 99 33 210 98 32 211 100 34 212 100 34 213 101 35 214 99 33 215 102 36 216 103 37 217 104 38 218 104 38 219 105 39 220 102 36 221 102 36 222 105 39 223 106 40 224 106 40 225 107 41 226 102 36 227 108 42 228 107 41 229 106 40 230 106 40 231 109 43 232 108 42 233 110 44 234 111 45 235 112 46 236 112 46 237 113 47 238 110 44 239 114 48 240 115 49 241 116 50 242 116 50 243 117 51 244 114 48 245 118 52 246 114 48 247 117 51 248 117 51 249 119 53 250 118 52 251 118 52 252 119 53 253 120 54 254 120 54 255 121 55 256 118 52 257 121 55 258 120 54 259 122 56 260 122 56 261 123 57 262 121 55 263 123 57 264 122 56 265 124 58 266 124 58 267 125 59 268 123 57 269 126 60 270 127 61 271 128 62 272 128 62 273 129 63 274 126 60 275 86 20 276 129 63 277 128 62 278 128 62 279 87 21 280 86 20 281 130 64 282 131 65 283 132 66 284 132 66 285 133 67 286 130 64 287 130 64 288 134 68 289 135 69 290 135 69 291 131 65 292 130 64 293 136 70 294 137 71 295 138 72 296 138 72 297 139 73 298 136 70 299 139 73 300 138 72 301 140 74 302 140 74 303 141 75 304 139 73 305 141 75 306 140 74 307 142 76 308 142 76 309 143 77 310 141 75 311 143 77 312 142 76 313 144 78 314 144 78 315 145 79 316 143 77 317 145 79 318 144 78 319 146 80 320 146 80 321 147 81 322 145 79 323 148 82 324 149 83 325 150 84 326 150 84 327 151 85 328 148 82 329 151 85 330 150 84 331 152 86 332 152 86 333 153 87 334 151 85 335 154 88 336 153 87 337 152 86 338 152 86 339 155 89 340 154 88 341 156 90 342 157 91 343 158 92 344 158 92 345 159 93 346 156 90 347 160 94 348 161 95 349 162 96 350 162 96 351 163 97 352 160 94 353 164 98 354 163 97 355 162 96 356 162 96 357 165 99 358 164 98 359 164 98 360 165 99 361 166 100 362 166 100 363 167 101 364 164 98 365 167 101 366 166 100 367 168 102 368 168 102 369 169 103 370 167 101 371 169 103 372 168 102 373 170 104 374 170 104 375 171 105 376 169 103 377 172 106 378 173 107 379 174 108 380 174 108 381 175 109 382 172 106 383 175 109 384 174 108 385 133 67 386 133 67 387 132 66 388 175 109 389 176 110 390 177 110 391 178 110 392 178 12 393 179 12 394 176 12 395 180 12 396 181 12 397 179 12 398 179 111 399 178 111 400 180 111 401 180 12 402 182 12 403 183 12 404 183 12 405 181 12 406 180 12 407 182 12 408 184 12 409 185 12 410 185 12 411 183 12 412 182 12 413 184 112 414 186 112 415 187 112 416 187 12 417 185 12 418 184 12 419 186 113 420 188 113 421 189 113 422 189 114 423 187 114 424 186 114 425 188 12 426 190 12 427 191 12 428 191 115 429 189 115 430 188 115 431 192 12 432 193 12 433 191 12 434 191 12 435 190 12 436 192 12 437 194 12 438 195 12 439 193 12 440 193 12 441 192 12 442 194 12 443 196 12 444 197 12 445 195 12 446 195 116 447 194 116 448 196 116 449 197 117 450 196 117 451 198 117 452 198 12 453 199 12 454 197 12 455 199 12 456 198 12 457 200 12 458 200 12 459 201 12 460 199 12 461 202 12 462 203 12 463 201 12 464 201 12 465 200 12 466 202 12 467 203 12 468 202 12 469 204 12 470 204 12 471 205 12 472 203 12 473 205 12 474 204 12 475 206 12 476 206 12 477 207 12 478 205 12 479 208 118 480 207 118 481 206 118 482 206 12 483 209 12 484 208 12 485 210 12 486 211 12 487 208 12 488 208 12 489 209 12 490 210 12 491 211 12 492 210 12 493 177 12 494 177 12 495 176 12 496 211 12 497 212 119 498 213 120 499 214 121 500 214 121 501 215 122 502 212 119 503 213 120 504 216 123 505 217 124 506 217 124 507 214 121 508 213 120 509 218 125 510 219 126 511 220 127 512 220 127 513 221 128 514 218 125 515 221 128 516 220 127 517 222 129 518 222 129 519 223 130 520 221 128 521 222 129 522 224 131 523 225 132 524 225 132 525 223 130 526 222 129 527 226 133 528 225 132 529 224 131 530 224 131 531 227 134 532 226 133 533 226 133 534 227 134 535 228 135 536 228 135 537 229 136 538 226 133 539 230 137 540 231 138 541 232 139 542 232 139 543 233 140 544 230 137 545 233 140 546 232 139 547 234 141 548 234 141 549 235 142 550 233 140 551 235 142 552 234 141 553 236 143 554 236 143 555 237 144 556 235 142 557 238 145 558 239 146 559 240 147 560 240 147 561 241 148 562 238 145 563 242 149 564 243 150 565 244 151 566 244 151 567 245 152 568 242 149 569 245 152 570 244 151 571 246 153 572 246 153 573 247 154 574 245 152 575 247 154 576 246 153 577 248 155 578 248 155 579 249 156 580 247 154 581 249 156 582 248 155 583 250 157 584 250 157 585 251 158 586 249 156 587 251 158 588 250 157 589 252 159 590 252 159 591 253 160 592 251 158 593 254 161 594 255 162 595 256 163 596 256 163 597 257 164 598 254 161 599 257 164 600 256 163 601 212 119 602 212 119 603 215 122 604 257 164 605 258 4 606 259 4 607 260 4 608 260 4 609 261 4 610 258 4 611 260 4 612 262 4 613 263 4 614 263 4 615 264 4 616 260 4 617 263 4 618 265 4 619 264 4 620 264 4 621 266 4 622 267 4 623 267 4 624 268 4 625 264 4 626 267 4 627 269 4 628 268 4 629 270 4 630 271 4 631 272 4 632 272 4 633 268 4 634 270 4 635 271 4 636 273 4 637 272 4 638 264 4 639 268 4 640 272 4 641 272 4 642 260 4 643 264 4 644 274 4 645 261 4 646 260 4 647 260 4 648 272 4 649 274 4 650 275 4 651 258 4 652 261 4 653 276 165 654 277 165 655 278 165 656 278 12 657 279 12 658 276 12 659 277 166 660 280 166 661 281 166 662 281 167 663 282 167 664 277 167 665 281 12 666 283 12 667 282 12 668 282 168 669 284 168 670 285 168 671 285 12 672 286 12 673 282 12 674 285 12 675 287 12 676 286 12 677 286 12 678 288 12 679 289 12 680 289 169 681 290 169 682 286 169 683 289 170 684 291 170 685 290 170 686 290 12 687 277 12 688 282 12 689 282 12 690 286 12 691 290 12 692 278 12 693 277 12 694 290 12 695 290 171 696 292 171 697 278 171 698 293 12 699 279 12 700 278 12 701 294 172 702 295 173 703 296 174 704 296 174 705 297 175 706 294 172 707 294 172 708 298 176 709 299 177 710 299 177 711 295 173 712 294 172 713 299 177 714 298 176 715 300 178 716 300 178 717 301 179 718 299 177 719 301 179 720 300 178 721 302 180 722 302 180 723 303 181 724 301 179 725 303 181 726 302 180 727 304 182 728 304 182 729 305 183 730 303 181 731 305 183 732 304 182 733 306 184 734 306 184 735 307 185 736 305 183 737 307 185 738 306 184 739 308 186 740 308 186 741 309 187 742 307 185 743 308 186 744 310 188 745 311 189 746 311 189 747 309 187 748 308 186 749 312 190 750 311 189 751 310 188 752 310 188 753 313 191 754 312 190 755 313 191 756 314 192 757 315 193 758 315 193 759 312 190 760 313 191 761 315 193 762 314 192 763 316 194 764 316 194 765 317 195 766 315 193 767 316 194 768 318 196 769 319 197 770 319 197 771 317 195 772 316 194 773 320 198 774 319 197 775 318 196 776 318 196 777 321 199 778 320 198 779 321 199 780 322 200 781 323 201 782 323 201 783 320 198 784 321 199 785 324 202 786 325 203 787 323 201 788 323 201 789 322 200 790 324 202 791 324 202 792 326 204 793 327 205 794 327 205 795 325 203 796 324 202 797 326 204 798 328 206 799 329 207 800 329 207 801 327 205 802 326 204 803 329 207 804 328 206 805 297 175 806 297 175 807 296 174 808 329 207 809 330 208 810 331 209 811 332 210 812 332 210 813 333 211 814 330 208 815 332 210 816 331 209 817 334 212 818 334 212 819 335 213 820 332 210 821 334 212 822 336 214 823 337 215 824 337 215 825 335 213 826 334 212 827 338 216 828 339 217 829 340 218 830 340 218 831 341 219 832 338 216 833 342 220 834 340 218 835 339 217 836 339 217 837 343 221 838 342 220 839 344 222 840 345 223 841 342 220 842 342 220 843 343 221 844 344 222 845 346 224 846 347 225 847 348 226 848 348 226 849 349 227 850 346 224 851 350 228 852 347 225 853 346 224 854 346 224 855 351 229 856 350 228 857 352 230 858 350 228 859 351 229 860 351 229 861 353 231 862 352 230 863 354 232 864 355 233 865 356 234 866 356 234 867 357 235 868 354 232 869 358 236 870 359 237 871 355 233 872 355 233 873 354 232 874 358 236 875 360 238 876 361 239 877 362 240 878 362 240 879 363 241 880 360 238 881 364 242 882 361 239 883 360 238 884 360 238 885 365 243 886 364 242 887 366 244 888 367 245 889 364 242 890 364 242 891 365 243 892 366 244 893 367 245 894 366 244 895 368 246 896 368 246 897 369 247 898 367 245 899 370 248 900 371 249 901 369 247 902 369 247 903 368 246 904 370 248 905 372 250 906 373 251 907 374 252 908 374 252 909 375 253 910 372 250 911 375 253 912 330 208 913 333 211 914 333 211 915 372 250 916 375 253 917 376 254 918 377 255 919 215 122 920 215 122 921 214 121 922 376 254 923 217 124 924 378 256 925 376 254 926 376 254 927 214 121 928 217 124 929 300 178 930 298 176 931 379 257 932 379 257 933 380 258 934 300 178 935 223 130 936 381 259 937 382 260 938 382 260 939 221 128 940 223 130 941 225 132 942 383 261 943 381 259 944 381 259 945 223 130 946 225 132 947 226 133 948 384 262 949 383 261 950 383 261 951 225 132 952 226 133 953 385 263 954 386 264 955 387 265 956 387 265 957 230 137 958 385 263 959 230 137 960 233 140 961 388 266 962 388 266 963 385 263 964 230 137 965 233 140 966 235 142 967 389 267 968 389 267 969 388 266 970 233 140 971 390 268 972 238 145 973 391 269 974 391 269 975 392 270 976 390 268 977 391 269 978 238 145 979 241 148 980 241 148 981 393 271 982 391 269 983 394 272 984 395 273 985 393 271 986 393 271 987 241 148 988 394 272 989 396 274 990 245 152 991 247 154 992 247 154 993 397 275 994 396 274 995 397 275 996 247 154 997 249 156 998 249 156 999 398 276 1000 397 275 1001 399 277 1002 398 276 1003 249 156 1004 249 156 1005 251 158 1006 399 277 1007 400 278 1008 401 279 1009 402 280 1010 402 280 1011 403 281 1012 400 278 1013 328 206 1014 326 204 1015 404 282 1016 404 282 1017 405 283 1018 328 206 1019 377 255 1020 406 284 1021 257 164 1022 257 164 1023 215 122 1024 377 255 1025 407 0 1026 408 0 1027 409 0 1028 409 0 1029 410 0 1030 407 0 1031 411 3 1032 412 3 1033 413 3 1034 413 3 1035 414 3 1036 411 3 1037 415 2 1038 416 2 1039 417 2 1040 417 2 1041 418 2 1042 415 2 1043 419 1 1044 420 1 1045 421 1 1046 421 1 1047 422 1 1048 419 1 1049 423 4 1050 424 4 1051 425 4 1052 425 4 1053 426 4 1054 423 4 1055 425 4 1056 427 4 1057 426 4 1058 423 4 1059 426 4 1060 428 4 1061 428 285 1062 426 285 1063 429 285 1064 429 286 1065 430 286 1066 428 286 1067 429 287 1068 431 287 1069 430 287 1070 428 288 1071 430 288 1072 432 288 1073 433 4 1074 432 4 1075 430 4 1076 430 4 1077 434 4 1078 433 4 1079 434 4 1080 435 4 1081 433 4 1082 432 4 1083 433 4 1084 436 4 1085 424 289 1086 436 289 1087 433 289 1088 433 4 1089 437 4 1090 424 4 1091 437 290 1092 438 290 1093 424 290 1094 436 291 1095 424 291 1096 423 291 1097 439 1 1098 440 1 1099 441 1 1100 441 1 1101 442 1 1102 439 1 1103 443 2 1104 444 2 1105 445 2 1106 445 2 1107 446 2 1108 443 2 1109 447 3 1110 448 3 1111 449 3 1112 449 3 1113 450 3 1114 447 3 1115 451 0 1116 452 0 1117 453 0 1118 453 0 1119 454 0 1120 451 0 1121 455 1 1122 456 1 1123 457 1 1124 457 1 1125 458 1 1126 455 1 1127 459 2 1128 460 2 1129 461 2 1130 461 2 1131 462 2 1132 459 2 1133 463 3 1134 464 3 1135 465 3 1136 465 3 1137 466 3 1138 463 3 1139 467 0 1140 468 0 1141 469 0 1142 469 0 1143 470 0 1144 467 0 1145 471 12 1146 472 12 1147 473 12 1148 473 12 1149 474 12 1150 471 12 1151 474 12 1152 475 12 1153 471 12 1154 476 12 1155 472 12 1156 471 12 1157 474 292 1158 477 292 1159 478 292 1160 478 12 1161 475 12 1162 474 12 1163 477 14 1164 479 14 1165 478 14 1166 480 12 1167 475 12 1168 478 12 1169 479 12 1170 477 12 1171 481 12 1172 481 293 1173 482 293 1174 479 293 1175 481 294 1176 483 294 1177 482 294 1178 484 12 1179 479 12 1180 482 12 1181 481 12 1182 473 12 1183 485 12 1184 485 295 1185 483 295 1186 481 295 1187 473 296 1188 472 296 1189 485 296 1190 486 297 1191 483 297 1192 485 297 1193 487 4 1194 488 4 1195 489 4 1196 489 4 1197 490 4 1198 487 4 1199 491 298 1200 492 299 1201 493 300 1202 493 300 1203 494 301 1204 491 298 1205 493 300 1206 492 299 1207 495 302 1208 495 302 1209 496 303 1210 493 300 1211 497 304 1212 498 305 1213 499 306 1214 499 306 1215 500 307 1216 497 304 1217 498 305 1218 501 308 1219 502 309 1220 502 309 1221 499 306 1222 498 305 1223 503 310 1224 502 309 1225 501 308 1226 501 308 1227 504 311 1228 503 310 1229 503 310 1230 504 311 1231 505 312 1232 505 312 1233 506 313 1234 503 310 1235 507 314 1236 506 313 1237 505 312 1238 505 312 1239 508 315 1240 507 314 1241 509 316 1242 510 317 1243 511 318 1244 511 318 1245 512 319 1246 509 316 1247 509 316 1248 512 319 1249 513 20 1250 513 20 1251 514 21 1252 509 316 1253 513 20 1254 515 320 1255 516 321 1256 516 321 1257 514 21 1258 513 20 1259 516 321 1260 515 320 1261 517 322 1262 517 322 1263 518 323 1264 516 321 1265 519 324 1266 520 325 1267 521 326 1268 521 326 1269 522 327 1270 519 324 1271 522 327 1272 521 326 1273 523 328 1274 523 328 1275 524 329 1276 522 327 1277 524 329 1278 523 328 1279 525 330 1280 525 330 1281 526 331 1282 524 329 1283 526 331 1284 525 330 1285 527 332 1286 527 332 1287 528 333 1288 526 331 1289 528 333 1290 527 332 1291 529 334 1292 529 334 1293 530 335 1294 528 333 1295 531 336 1296 532 337 1297 533 338 1298 533 338 1299 534 339 1300 531 336 1301 533 338 1302 491 298 1303 494 301 1304 494 301 1305 534 339 1306 533 338 1307 535 340 1308 536 341 1309 537 342 1310 537 342 1311 538 343 1312 535 340 1313 538 343 1314 537 342 1315 539 344 1316 539 344 1317 540 345 1318 538 343 1319 541 346 1320 542 347 1321 543 348 1322 543 348 1323 544 349 1324 541 346 1325 544 349 1326 543 348 1327 545 350 1328 545 350 1329 546 351 1330 544 349 1331 546 351 1332 545 350 1333 547 352 1334 547 352 1335 548 353 1336 546 351 1337 549 354 1338 550 355 1339 551 356 1340 551 356 1341 552 357 1342 549 354 1343 552 357 1344 551 356 1345 553 358 1346 553 358 1347 554 359 1348 552 357 1349 555 360 1350 556 361 1351 557 362 1352 557 362 1353 558 363 1354 555 360 1355 558 363 1356 557 362 1357 559 66 1358 559 66 1359 560 67 1360 558 363 1361 560 67 1362 559 66 1363 561 364 1364 561 364 1365 562 365 1366 560 67 1367 562 365 1368 561 364 1369 563 366 1370 563 366 1371 564 367 1372 562 365 1373 565 368 1374 566 369 1375 567 370 1376 567 370 1377 568 371 1378 565 368 1379 568 371 1380 567 370 1381 569 372 1382 569 372 1383 570 373 1384 568 371 1385 570 373 1386 569 372 1387 571 374 1388 571 374 1389 572 375 1390 570 373 1391 572 375 1392 571 374 1393 573 376 1394 573 376 1395 574 377 1396 572 375 1397 574 377 1398 573 376 1399 575 378 1400 575 378 1401 576 379 1402 574 377 1403 577 380 1404 578 381 1405 579 382 1406 579 382 1407 580 383 1408 577 380 1409 580 383 1410 579 382 1411 536 341 1412 536 341 1413 535 340 1414 580 383 1415 581 12 1416 582 12 1417 583 12 1418 583 384 1419 584 384 1420 581 384 1421 582 12 1422 585 12 1423 586 12 1424 586 111 1425 583 111 1426 582 111 1427 587 12 1428 588 12 1429 586 12 1430 586 12 1431 585 12 1432 587 12 1433 588 12 1434 587 12 1435 589 12 1436 589 12 1437 590 12 1438 588 12 1439 591 12 1440 592 12 1441 590 12 1442 590 12 1443 589 12 1444 591 12 1445 591 385 1446 593 385 1447 594 385 1448 594 386 1449 592 386 1450 591 386 1451 595 387 1452 594 387 1453 593 387 1454 593 12 1455 596 12 1456 595 12 1457 595 12 1458 596 12 1459 597 12 1460 597 12 1461 598 12 1462 595 12 1463 598 12 1464 597 12 1465 599 12 1466 599 12 1467 600 12 1468 598 12 1469 600 12 1470 599 12 1471 601 12 1472 601 111 1473 602 111 1474 600 111 1475 602 12 1476 601 12 1477 603 12 1478 603 388 1479 604 388 1480 602 388 1481 604 12 1482 603 12 1483 605 12 1484 605 12 1485 606 12 1486 604 12 1487 607 12 1488 606 12 1489 605 12 1490 605 12 1491 608 12 1492 607 12 1493 609 12 1494 607 12 1495 608 12 1496 608 389 1497 610 389 1498 609 389 1499 611 390 1500 609 390 1501 610 390 1502 610 391 1503 612 391 1504 611 391 1505 613 12 1506 614 12 1507 611 12 1508 611 12 1509 612 12 1510 613 12 1511 614 12 1512 613 12 1513 615 12 1514 615 12 1515 616 12 1516 614 12 1517 616 12 1518 615 12 1519 581 12 1520 581 12 1521 584 12 1522 616 12 1523 617 392 1524 618 393 1525 619 394 1526 619 394 1527 620 395 1528 617 392 1529 620 395 1530 619 394 1531 621 396 1532 621 396 1533 622 397 1534 620 395 1535 623 398 1536 624 399 1537 625 400 1538 625 400 1539 626 401 1540 623 398 1541 626 401 1542 625 400 1543 627 402 1544 627 402 1545 628 403 1546 626 401 1547 628 403 1548 627 402 1549 629 404 1550 629 404 1551 630 405 1552 628 403 1553 630 405 1554 629 404 1555 631 406 1556 631 406 1557 632 407 1558 630 405 1559 632 407 1560 631 406 1561 633 408 1562 633 408 1563 634 409 1564 632 407 1565 635 410 1566 636 411 1567 637 412 1568 637 412 1569 638 413 1570 635 410 1571 637 412 1572 636 411 1573 639 414 1574 639 414 1575 640 415 1576 637 412 1577 639 414 1578 641 416 1579 642 417 1580 642 417 1581 640 415 1582 639 414 1583 643 418 1584 644 419 1585 645 420 1586 645 420 1587 646 421 1588 643 418 1589 647 422 1590 648 423 1591 649 424 1592 649 424 1593 650 425 1594 647 422 1595 650 425 1596 649 424 1597 651 426 1598 651 426 1599 652 427 1600 650 425 1601 652 427 1602 651 426 1603 653 428 1604 653 428 1605 654 429 1606 652 427 1607 654 429 1608 653 428 1609 655 430 1610 655 430 1611 656 431 1612 654 429 1613 656 431 1614 655 430 1615 657 432 1616 657 432 1617 658 433 1618 656 431 1619 659 434 1620 660 435 1621 661 436 1622 661 436 1623 662 437 1624 659 434 1625 618 393 1626 617 392 1627 662 437 1628 662 437 1629 661 436 1630 618 393 1631 663 4 1632 664 4 1633 665 4 1634 665 4 1635 666 4 1636 663 4 1637 664 4 1638 667 4 1639 668 4 1640 668 4 1641 669 4 1642 664 4 1643 668 4 1644 670 4 1645 669 4 1646 671 4 1647 669 4 1648 672 4 1649 672 4 1650 673 4 1651 671 4 1652 673 4 1653 674 4 1654 671 4 1655 671 4 1656 665 4 1657 664 4 1658 664 4 1659 669 4 1660 671 4 1661 671 4 1662 675 4 1663 676 4 1664 676 4 1665 665 4 1666 671 4 1667 676 4 1668 677 4 1669 665 4 1670 665 4 1671 678 4 1672 679 4 1673 679 4 1674 666 4 1675 665 4 1676 680 4 1677 666 4 1678 679 4 1679 681 438 1680 682 438 1681 683 438 1682 683 12 1683 684 12 1684 681 12 1685 685 12 1686 686 12 1687 687 12 1688 687 12 1689 683 12 1690 685 12 1691 686 12 1692 688 12 1693 687 12 1694 689 439 1695 690 439 1696 691 439 1697 691 12 1698 687 12 1699 689 12 1700 690 12 1701 692 12 1702 691 12 1703 683 12 1704 687 12 1705 691 12 1706 691 12 1707 684 12 1708 683 12 1709 691 12 1710 693 12 1711 694 12 1712 694 167 1713 684 167 1714 691 167 1715 694 166 1716 695 166 1717 684 166 1718 696 12 1719 681 12 1720 684 12 1721 684 440 1722 697 440 1723 696 440 1724 698 12 1725 681 12 1726 696 12 1727 699 441 1728 700 442 1729 701 443 1730 701 443 1731 702 444 1732 699 441 1733 702 444 1734 701 443 1735 703 445 1736 703 445 1737 704 446 1738 702 444 1739 704 446 1740 703 445 1741 705 447 1742 705 447 1743 706 448 1744 704 446 1745 706 448 1746 705 447 1747 707 449 1748 707 449 1749 708 450 1750 706 448 1751 708 450 1752 707 449 1753 709 451 1754 709 451 1755 710 452 1756 708 450 1757 710 452 1758 709 451 1759 711 453 1760 711 453 1761 712 454 1762 710 452 1763 712 454 1764 711 453 1765 713 455 1766 713 455 1767 714 456 1768 712 454 1769 714 456 1770 713 455 1771 715 457 1772 715 457 1773 716 458 1774 714 456 1775 716 458 1776 715 457 1777 717 459 1778 717 459 1779 718 460 1780 716 458 1781 718 460 1782 717 459 1783 719 461 1784 719 461 1785 720 462 1786 718 460 1787 720 462 1788 719 461 1789 721 463 1790 721 463 1791 722 464 1792 720 462 1793 722 464 1794 721 463 1795 723 465 1796 723 465 1797 724 466 1798 722 464 1799 724 466 1800 723 465 1801 725 467 1802 725 467 1803 726 468 1804 724 466 1805 726 468 1806 725 467 1807 727 469 1808 727 469 1809 728 470 1810 726 468 1811 728 470 1812 727 469 1813 729 471 1814 729 471 1815 730 472 1816 728 470 1817 730 472 1818 729 471 1819 731 473 1820 731 473 1821 732 474 1822 730 472 1823 731 473 1824 733 475 1825 734 476 1826 734 476 1827 732 474 1828 731 473 1829 699 441 1830 734 476 1831 733 475 1832 733 475 1833 700 442 1834 699 441 1835 735 477 1836 736 478 1837 737 479 1838 737 479 1839 738 480 1840 735 477 1841 738 480 1842 737 479 1843 739 481 1844 739 481 1845 740 482 1846 738 480 1847 741 226 1848 742 227 1849 740 482 1850 740 482 1851 739 481 1852 741 226 1853 743 483 1854 744 484 1855 745 485 1856 745 485 1857 746 486 1858 743 483 1859 747 487 1860 748 488 1861 745 485 1862 745 485 1863 744 484 1864 747 487 1865 748 488 1866 747 487 1867 749 489 1868 749 489 1869 750 490 1870 748 488 1871 751 491 1872 752 492 1873 753 493 1874 753 493 1875 754 494 1876 751 491 1877 754 494 1878 753 493 1879 755 495 1880 755 495 1881 756 496 1882 754 494 1883 756 496 1884 755 495 1885 757 497 1886 757 497 1887 758 498 1888 756 496 1889 759 499 1890 760 500 1891 761 501 1892 761 501 1893 762 502 1894 759 499 1895 763 503 1896 762 502 1897 761 501 1898 761 501 1899 764 504 1900 763 503 1901 764 504 1902 765 505 1903 766 506 1904 766 506 1905 763 503 1906 764 504 1907 767 507 1908 768 508 1909 769 509 1910 769 509 1911 770 510 1912 767 507 1913 770 510 1914 769 509 1915 771 511 1916 771 511 1917 772 512 1918 770 510 1919 772 512 1920 771 511 1921 773 513 1922 773 513 1923 774 514 1924 772 512 1925 775 515 1926 776 516 1927 777 517 1928 777 517 1929 778 518 1930 775 515 1931 779 519 1932 780 520 1933 781 521 1934 781 521 1935 782 522 1936 779 519 1937 781 521 1938 780 520 1939 736 478 1940 736 478 1941 735 477 1942 781 521 1943 619 394 1944 618 393 1945 783 523 1946 783 523 1947 784 524 1948 619 394 1949 619 394 1950 784 524 1951 785 525 1952 785 525 1953 621 396 1954 619 394 1955 786 526 1956 787 527 1957 788 528 1958 788 528 1959 789 529 1960 786 526 1961 790 530 1962 791 531 1963 627 402 1964 627 402 1965 625 400 1966 790 530 1967 627 402 1968 791 531 1969 792 532 1970 792 532 1971 629 404 1972 627 402 1973 629 404 1974 792 532 1975 793 533 1976 793 533 1977 631 406 1978 629 404 1979 635 410 1980 794 534 1981 795 535 1982 795 535 1983 796 536 1984 635 410 1985 797 537 1986 636 411 1987 635 410 1988 635 410 1989 796 536 1990 797 537 1991 797 537 1992 798 538 1993 639 414 1994 639 414 1995 636 411 1996 797 537 1997 799 539 1998 800 540 1999 644 419 2000 644 419 2001 801 541 2002 799 539 2003 800 540 2004 802 542 2005 645 420 2006 645 420 2007 644 419 2008 800 540 2009 802 542 2010 803 543 2011 804 544 2012 804 544 2013 645 420 2014 802 542 2015 805 545 2016 806 546 2017 651 426 2018 651 426 2019 649 424 2020 805 545 2021 807 547 2022 653 428 2023 651 426 2024 651 426 2025 806 546 2026 807 547 2027 808 548 2028 655 430 2029 653 428 2030 653 428 2031 807 547 2032 808 548 2033 809 549 2034 810 550 2035 811 551 2036 811 551 2037 812 552 2038 809 549 2039 813 553 2040 814 554 2041 810 550 2042 810 550 2043 809 549 2044 813 553 2045 783 523 2046 618 393 2047 661 436 2048 661 436 2049 815 555 2050 783 523 2051 816 2 2052 817 2 2053 818 2 2054 818 2 2055 819 2 2056 816 2 2057 820 1 2058 821 1 2059 822 1 2060 822 1 2061 823 1 2062 820 1 2063 824 0 2064 825 0 2065 826 0 2066 826 0 2067 827 0 2068 824 0 2069 828 3 2070 829 3 2071 830 3 2072 830 3 2073 831 3 2074 828 3 2075 832 4 2076 833 4 2077 834 4 2078 834 4 2079 835 4 2080 832 4 2081 834 4 2082 836 4 2083 835 4 2084 832 4 2085 835 4 2086 837 4 2087 837 556 2088 835 556 2089 838 556 2090 838 557 2091 839 557 2092 837 557 2093 838 558 2094 840 558 2095 839 558 2096 837 559 2097 839 559 2098 841 559 2099 841 560 2100 839 560 2101 842 560 2102 842 4 2103 843 4 2104 841 4 2105 842 4 2106 844 4 2107 843 4 2108 841 4 2109 843 4 2110 845 4 2111 845 561 2112 843 561 2113 846 561 2114 846 4 2115 833 4 2116 845 4 2117 846 562 2118 847 562 2119 833 562 2120 845 563 2121 833 563 2122 832 563 2123 848 3 2124 849 3 2125 850 3 2126 850 3 2127 851 3 2128 848 3 2129 852 0 2130 853 0 2131 854 0 2132 854 0 2133 855 0 2134 852 0 2135 856 1 2136 857 1 2137 858 1 2138 858 1 2139 859 1 2140 856 1 2141 860 2 2142 861 2 2143 862 2 2144 862 2 2145 863 2 2146 860 2 2147 864 3 2148 865 3 2149 866 3 2150 866 3 2151 867 3 2152 864 3 2153 868 0 2154 869 0 2155 870 0 2156 870 0 2157 871 0 2158 868 0 2159 872 1 2160 873 1 2161 874 1 2162 874 1 2163 875 1 2164 872 1 2165 876 2 2166 877 2 2167 878 2 2168 878 2 2169 879 2 2170 876 2 2171 880 12 2172 881 12 2173 882 12 2174 882 12 2175 883 12 2176 880 12 2177 882 12 2178 884 12 2179 883 12 2180 885 12 2181 880 12 2182 883 12 2183 882 564 2184 886 564 2185 887 564 2186 887 12 2187 884 12 2188 882 12 2189 886 565 2190 888 565 2191 887 565 2192 889 12 2193 884 12 2194 887 12 2195 888 12 2196 886 12 2197 890 12 2198 890 566 2199 891 566 2200 888 566 2201 890 567 2202 892 567 2203 891 567 2204 893 12 2205 888 12 2206 891 12 2207 894 568 2208 892 568 2209 890 568 2210 890 12 2211 881 12 2212 894 12 2213 881 569 2214 880 569 2215 894 569 2216 895 570 2217 892 570 2218 894 570 2219 896 4 2220 897 4 2221 898 4 2222 898 4 2223 899 4 2224 896 4 2225 900 571 2226 901 572 2227 902 573 2228 902 573 2229 903 574 2230 900 571 2231 903 574 2232 902 573 2233 904 575 2234 904 575 2235 905 576 2236 903 574 2237 905 576 2238 904 575 2239 906 577 2240 906 577 2241 907 578 2242 905 576 2243 908 579 2244 909 580 2245 910 581 2246 910 581 2247 911 582 2248 908 579 2249 911 582 2250 910 581 2251 912 583 2252 912 583 2253 913 584 2254 911 582 2255 913 584 2256 912 583 2257 914 585 2258 914 585 2259 915 586 2260 913 584 2261 916 587 2262 917 588 2263 918 589 2264 918 589 2265 919 590 2266 916 587 2267 919 590 2268 918 589 2269 920 591 2270 920 591 2271 921 592 2272 919 590 2273 921 592 2274 920 591 2275 922 593 2276 922 593 2277 923 594 2278 921 592 2279 924 595 2280 925 596 2281 926 597 2282 926 597 2283 927 598 2284 924 595 2285 927 598 2286 926 597 2287 928 599 2288 928 599 2289 929 600 2290 927 598 2291 929 600 2292 928 599 2293 930 601 2294 930 601 2295 931 602 2296 929 600 2297 932 603 2298 933 604 2299 934 605 2300 934 605 2301 935 606 2302 932 603 2303 935 606 2304 934 605 2305 936 607 2306 936 607 2307 937 608 2308 935 606 2309 936 607 2310 938 609 2311 939 610 2312 939 610 2313 937 608 2314 936 607 2315 940 611 2316 941 612 2317 942 24 2318 942 24 2319 943 25 2320 940 611 2321 944 23 2322 945 613 2323 946 614 2324 946 614 2325 947 22 2326 944 23 2327 901 572 2328 900 571 2329 946 614 2330 946 614 2331 945 613 2332 901 572 2333 948 615 2334 949 616 2335 950 617 2336 950 617 2337 951 618 2338 948 615 2339 951 618 2340 950 617 2341 952 619 2342 952 619 2343 953 620 2344 951 618 2345 953 620 2346 952 619 2347 954 621 2348 954 621 2349 955 622 2350 953 620 2351 956 623 2352 957 624 2353 958 625 2354 958 625 2355 959 626 2356 956 623 2357 959 626 2358 958 625 2359 960 627 2360 960 627 2361 961 628 2362 959 626 2363 961 628 2364 960 627 2365 962 629 2366 962 629 2367 963 630 2368 961 628 2369 964 631 2370 965 632 2371 966 633 2372 966 633 2373 967 634 2374 964 631 2375 967 634 2376 966 633 2377 968 635 2378 968 635 2379 969 636 2380 967 634 2381 969 636 2382 968 635 2383 970 637 2384 970 637 2385 971 638 2386 969 636 2387 972 639 2388 973 640 2389 974 641 2390 974 641 2391 975 642 2392 972 639 2393 975 642 2394 974 641 2395 976 643 2396 976 643 2397 977 644 2398 975 642 2399 977 644 2400 976 643 2401 978 645 2402 978 645 2403 979 646 2404 977 644 2405 980 647 2406 981 648 2407 982 649 2408 982 649 2409 983 650 2410 980 647 2411 983 650 2412 982 649 2413 984 651 2414 984 651 2415 985 652 2416 983 650 2417 985 652 2418 984 651 2419 986 653 2420 986 653 2421 987 654 2422 985 652 2423 988 655 2424 989 656 2425 990 657 2426 990 657 2427 991 658 2428 988 655 2429 992 659 2430 993 660 2431 994 661 2432 994 661 2433 995 662 2434 992 659 2435 995 662 2436 994 661 2437 949 616 2438 949 616 2439 948 615 2440 995 662 2441 996 663 2442 997 663 2443 998 663 2444 998 12 2445 999 12 2446 996 12 2447 996 12 2448 999 12 2449 1000 12 2450 1000 664 2451 1001 664 2452 996 664 2453 1001 12 2454 1000 12 2455 1002 12 2456 1002 12 2457 1003 12 2458 1001 12 2459 1003 12 2460 1002 12 2461 1004 12 2462 1004 12 2463 1005 12 2464 1003 12 2465 1004 665 2466 1006 665 2467 1007 665 2468 1007 12 2469 1005 12 2470 1004 12 2471 1008 12 2472 1009 12 2473 1007 12 2474 1007 12 2475 1006 12 2476 1008 12 2477 1010 12 2478 1011 12 2479 1009 12 2480 1009 12 2481 1008 12 2482 1010 12 2483 1012 12 2484 1011 12 2485 1010 12 2486 1010 12 2487 1013 12 2488 1012 12 2489 1014 12 2490 1012 12 2491 1013 12 2492 1013 12 2493 1015 12 2494 1014 12 2495 1016 666 2496 1017 666 2497 1014 666 2498 1014 12 2499 1015 12 2500 1016 12 2501 1017 12 2502 1016 12 2503 1018 12 2504 1018 667 2505 1019 667 2506 1017 667 2507 1019 12 2508 1018 12 2509 1020 12 2510 1020 12 2511 1021 12 2512 1019 12 2513 1021 12 2514 1020 12 2515 1022 12 2516 1022 12 2517 1023 12 2518 1021 12 2519 1024 12 2520 1023 12 2521 1022 12 2522 1022 668 2523 1025 668 2524 1024 668 2525 1024 12 2526 1025 12 2527 1026 12 2528 1026 12 2529 1027 12 2530 1024 12 2531 1028 12 2532 1029 12 2533 1027 12 2534 1027 12 2535 1026 12 2536 1028 12 2537 1029 12 2538 1028 12 2539 1030 12 2540 1030 12 2541 1031 12 2542 1029 12 2543 998 12 2544 997 12 2545 1031 12 2546 1031 12 2547 1030 12 2548 998 12 2549 1032 669 2550 1033 670 2551 1034 671 2552 1034 671 2553 1035 672 2554 1032 669 2555 1035 672 2556 1034 671 2557 1036 673 2558 1036 673 2559 1037 674 2560 1035 672 2561 1037 674 2562 1036 673 2563 1038 675 2564 1038 675 2565 1039 676 2566 1037 674 2567 1040 677 2568 1041 678 2569 1042 679 2570 1042 679 2571 1043 680 2572 1040 677 2573 1043 680 2574 1042 679 2575 1044 681 2576 1044 681 2577 1045 682 2578 1043 680 2579 1045 682 2580 1044 681 2581 1046 683 2582 1046 683 2583 1047 684 2584 1045 682 2585 1048 685 2586 1049 686 2587 1050 687 2588 1050 687 2589 1051 688 2590 1048 685 2591 1051 688 2592 1050 687 2593 1052 689 2594 1052 689 2595 1053 690 2596 1051 688 2597 1053 690 2598 1052 689 2599 1054 691 2600 1054 691 2601 1055 692 2602 1053 690 2603 1056 693 2604 1057 694 2605 1058 695 2606 1058 695 2607 1059 696 2608 1056 693 2609 1059 696 2610 1058 695 2611 1060 697 2612 1060 697 2613 1061 698 2614 1059 696 2615 1061 698 2616 1060 697 2617 1062 699 2618 1062 699 2619 1063 700 2620 1061 698 2621 1064 701 2622 1065 702 2623 1066 703 2624 1066 703 2625 1067 704 2626 1064 701 2627 1067 704 2628 1066 703 2629 1068 705 2630 1068 705 2631 1069 706 2632 1067 704 2633 1068 705 2634 1070 707 2635 1071 708 2636 1071 708 2637 1069 706 2638 1068 705 2639 1072 709 2640 1073 710 2641 1074 711 2642 1074 711 2643 1075 712 2644 1072 709 2645 1076 713 2646 1077 714 2647 1078 715 2648 1078 715 2649 1079 716 2650 1076 713 2651 1033 670 2652 1032 669 2653 1078 715 2654 1078 715 2655 1077 714 2656 1033 670 2657 1080 4 2658 1081 4 2659 1082 4 2660 1082 4 2661 1083 4 2662 1080 4 2663 1082 4 2664 1084 4 2665 1085 4 2666 1085 4 2667 1086 4 2668 1082 4 2669 1085 4 2670 1087 4 2671 1086 4 2672 1086 4 2673 1088 4 2674 1089 4 2675 1089 4 2676 1090 4 2677 1086 4 2678 1089 4 2679 1091 4 2680 1090 4 2681 1082 4 2682 1086 4 2683 1090 4 2684 1090 4 2685 1083 4 2686 1082 4 2687 1090 4 2688 1092 4 2689 1093 4 2690 1093 4 2691 1083 4 2692 1090 4 2693 1093 4 2694 1094 4 2695 1083 4 2696 1083 4 2697 1095 4 2698 1096 4 2699 1096 4 2700 1080 4 2701 1083 4 2702 1097 4 2703 1080 4 2704 1096 4 2705 1098 717 2706 1099 717 2707 1100 717 2708 1100 12 2709 1101 12 2710 1098 12 2711 1102 12 2712 1103 12 2713 1104 12 2714 1104 12 2715 1100 12 2716 1102 12 2717 1103 12 2718 1105 12 2719 1104 12 2720 1106 718 2721 1107 718 2722 1108 718 2723 1108 12 2724 1104 12 2725 1106 12 2726 1107 12 2727 1109 12 2728 1108 12 2729 1100 12 2730 1104 12 2731 1108 12 2732 1108 12 2733 1101 12 2734 1100 12 2735 1108 12 2736 1110 12 2737 1111 12 2738 1111 169 2739 1101 169 2740 1108 169 2741 1111 170 2742 1112 170 2743 1101 170 2744 1098 719 2745 1101 719 2746 1113 719 2747 1113 12 2748 1114 12 2749 1098 12 2750 1115 12 2751 1098 12 2752 1114 12 2753 1116 720 2754 1117 721 2755 1118 722 2756 1118 722 2757 1119 723 2758 1116 720 2759 1119 723 2760 1118 722 2761 1120 724 2762 1120 724 2763 1121 725 2764 1119 723 2765 1121 725 2766 1120 724 2767 1122 726 2768 1122 726 2769 1123 727 2770 1121 725 2771 1123 727 2772 1122 726 2773 1124 728 2774 1124 728 2775 1125 729 2776 1123 727 2777 1125 729 2778 1124 728 2779 1126 730 2780 1126 730 2781 1127 731 2782 1125 729 2783 1127 731 2784 1126 730 2785 1128 732 2786 1128 732 2787 1129 733 2788 1127 731 2789 1129 733 2790 1128 732 2791 1130 734 2792 1130 734 2793 1131 735 2794 1129 733 2795 1131 735 2796 1130 734 2797 1132 736 2798 1132 736 2799 1133 737 2800 1131 735 2801 1133 737 2802 1132 736 2803 1134 738 2804 1134 738 2805 1135 739 2806 1133 737 2807 1135 739 2808 1134 738 2809 1136 740 2810 1136 740 2811 1137 741 2812 1135 739 2813 1137 741 2814 1136 740 2815 1138 742 2816 1138 742 2817 1139 743 2818 1137 741 2819 1139 743 2820 1138 742 2821 1140 744 2822 1140 744 2823 1141 745 2824 1139 743 2825 1141 745 2826 1140 744 2827 1142 746 2828 1142 746 2829 1143 747 2830 1141 745 2831 1143 747 2832 1142 746 2833 1144 748 2834 1144 748 2835 1145 749 2836 1143 747 2837 1145 749 2838 1144 748 2839 1146 750 2840 1146 750 2841 1147 751 2842 1145 749 2843 1147 751 2844 1146 750 2845 1148 752 2846 1148 752 2847 1149 753 2848 1147 751 2849 1149 753 2850 1148 752 2851 1150 754 2852 1150 754 2853 1151 755 2854 1149 753 2855 1151 755 2856 1150 754 2857 1117 721 2858 1117 721 2859 1116 720 2860 1151 755 2861 1152 756 2862 1153 757 2863 1154 758 2864 1154 758 2865 1155 759 2866 1152 756 2867 1155 759 2868 1154 758 2869 1156 760 2870 1156 760 2871 1157 761 2872 1155 759 2873 1157 761 2874 1156 760 2875 1158 762 2876 1158 762 2877 1159 763 2878 1157 761 2879 1160 764 2880 1161 765 2881 1162 766 2882 1162 766 2883 1163 767 2884 1160 764 2885 1164 768 2886 1161 765 2887 1160 764 2888 1160 764 2889 1165 769 2890 1164 768 2891 1164 768 2892 1165 769 2893 1166 770 2894 1166 770 2895 1167 771 2896 1164 768 2897 1168 772 2898 1169 516 2899 1170 517 2900 1170 517 2901 1171 773 2902 1168 772 2903 1168 772 2904 1171 773 2905 1172 774 2906 1172 774 2907 1173 775 2908 1168 772 2909 1173 775 2910 1172 774 2911 1174 776 2912 1174 776 2913 1175 235 2914 1173 775 2915 1176 777 2916 1177 778 2917 1178 779 2918 1178 779 2919 1179 780 2920 1176 777 2921 1179 780 2922 1178 779 2923 1180 781 2924 1180 781 2925 1181 782 2926 1179 780 2927 1181 782 2928 1180 781 2929 1182 226 2930 1182 226 2931 1183 227 2932 1181 782 2933 1184 783 2934 1185 784 2935 1186 785 2936 1186 785 2937 1187 223 2938 1184 783 2939 1185 784 2940 1184 783 2941 1188 786 2942 1188 786 2943 1189 787 2944 1185 784 2945 1188 786 2946 1190 219 2947 1191 788 2948 1191 788 2949 1189 787 2950 1188 786 2951 1192 491 2952 1193 492 2953 1194 789 2954 1194 789 2955 1195 790 2956 1192 491 2957 1196 791 2958 1197 792 2959 1198 793 2960 1198 793 2961 1199 794 2962 1196 791 2963 1199 794 2964 1198 793 2965 1153 757 2966 1153 757 2967 1152 756 2968 1199 794 2969 1200 795 2970 1034 671 2971 1033 670 2972 1033 670 2973 1201 796 2974 1200 795 2975 1034 671 2976 1200 795 2977 1202 797 2978 1202 797 2979 1036 673 2980 1034 671 2981 1203 798 2982 1204 799 2983 1205 800 2984 1205 800 2985 1041 678 2986 1203 798 2987 1042 679 2988 1041 678 2989 1205 800 2990 1205 800 2991 1206 801 2992 1042 679 2993 1044 681 2994 1042 679 2995 1206 801 2996 1206 801 2997 1207 802 2998 1044 681 2999 1208 803 3000 1049 686 3001 1209 804 3002 1209 804 3003 1210 805 3004 1208 803 3005 1208 803 3006 1211 806 3007 1050 687 3008 1050 687 3009 1049 686 3010 1208 803 3011 1052 689 3012 1050 687 3013 1211 806 3014 1211 806 3015 1212 807 3016 1052 689 3017 1213 808 3018 1214 809 3019 1215 810 3020 1215 810 3021 1057 694 3022 1213 808 3023 1057 694 3024 1215 810 3025 1216 811 3026 1216 811 3027 1058 695 3028 1057 694 3029 1216 811 3030 1217 812 3031 1060 697 3032 1060 697 3033 1058 695 3034 1216 811 3035 1218 813 3036 1219 814 3037 1220 815 3038 1220 815 3039 1065 702 3040 1218 813 3041 1065 702 3042 1220 815 3043 1221 816 3044 1221 816 3045 1066 703 3046 1065 702 3047 1068 705 3048 1066 703 3049 1221 816 3050 1221 816 3051 1222 817 3052 1068 705 3053 1223 818 3054 1073 710 3055 1224 819 3056 1224 819 3057 1225 820 3058 1223 818 3059 1223 818 3060 1226 821 3061 1074 711 3062 1074 711 3063 1073 710 3064 1223 818 3065 1226 821 3066 1227 822 3067 1228 823 3068 1228 823 3069 1074 711 3070 1226 821 3071 1077 714 3072 1229 824 3073 1201 796 3074 1201 796 3075 1033 670 3076 1077 714 3077 1230 2 3078 1231 2 3079 1232 2 3080 1232 2 3081 1233 2 3082 1230 2 3083 1234 3 3084 1235 3 3085 1236 3 3086 1236 3 3087 1237 3 3088 1234 3 3089 1238 0 3090 1239 0 3091 1240 0 3092 1240 0 3093 1241 0 3094 1238 0 3095 1242 1 3096 1243 1 3097 1244 1 3098 1244 1 3099 1245 1 3100 1242 1 3101 1246 4 3102 1247 4 3103 1248 4 3104 1248 4 3105 1249 4 3106 1246 4 3107 1248 4 3108 1250 4 3109 1251 4 3110 1251 4 3111 1249 4 3112 1248 4 3113 1252 825 3114 1253 825 3115 1254 825 3116 1254 826 3117 1246 826 3118 1252 826 3119 1246 4 3120 1254 4 3121 1255 4 3122 1255 827 3123 1247 827 3124 1246 827 3125 1252 4 3126 1256 4 3127 1257 4 3128 1257 4 3129 1258 4 3130 1252 4 3131 1258 4 3132 1259 4 3133 1253 4 3134 1253 4 3135 1252 4 3136 1258 4 3137 1249 828 3138 1251 828 3139 1260 828 3140 1260 829 3141 1256 829 3142 1249 829 3143 1260 830 3144 1261 830 3145 1257 830 3146 1257 4 3147 1256 4 3148 1260 4 3149 1262 1 3150 1263 1 3151 1264 1 3152 1264 1 3153 1265 1 3154 1262 1 3155 1266 0 3156 1267 0 3157 1268 0 3158 1268 0 3159 1269 0 3160 1266 0 3161 1270 3 3162 1271 3 3163 1272 3 3164 1272 3 3165 1273 3 3166 1270 3 3167 1274 2 3168 1275 2 3169 1276 2 3170 1276 2 3171 1277 2 3172 1274 2 3173 1278 1 3174 1279 1 3175 1280 1 3176 1280 1 3177 1281 1 3178 1278 1 3179 1282 0 3180 1283 0 3181 1284 0 3182 1284 0 3183 1285 0 3184 1282 0 3185 1286 3 3186 1287 3 3187 1288 3 3188 1288 3 3189 1289 3 3190 1286 3 3191 1290 2 3192 1291 2 3193 1292 2 3194 1292 2 3195 1293 2 3196 1290 2 3197 1294 12 3198 1295 12 3199 1296 12 3200 1296 12 3201 1297 12 3202 1294 12 3203 1297 12 3204 1298 12 3205 1299 12 3206 1299 12 3207 1294 12 3208 1297 12 3209 1300 831 3210 1301 831 3211 1302 831 3212 1302 12 3213 1303 12 3214 1300 12 3215 1300 12 3216 1303 12 3217 1297 12 3218 1297 832 3219 1296 832 3220 1300 832 3221 1304 12 3222 1305 12 3223 1306 12 3224 1306 12 3225 1307 12 3226 1304 12 3227 1304 12 3228 1307 12 3229 1303 12 3230 1303 833 3231 1302 833 3232 1304 833 3233 1308 834 3234 1309 834 3235 1299 834 3236 1299 12 3237 1298 12 3238 1308 12 3239 1308 12 3240 1298 12 3241 1307 12 3242 1307 835 3243 1306 835 3244 1308 835 3245 1310 4 3246 1311 4 3247 1312 4 3248 1312 4 3249 1313 4 3250 1310 4 3251 1314 836 3252 1315 837 3253 1316 838 3254 1316 838 3255 1317 839 3256 1314 836 3257 1315 837 3258 1318 840 3259 1319 841 3260 1319 841 3261 1316 838 3262 1315 837 3263 1320 842 3264 1321 843 3265 1322 844 3266 1322 844 3267 1323 845 3268 1320 842 3269 1321 843 3270 1324 846 3271 1325 847 3272 1325 847 3273 1322 844 3274 1321 843 3275 1324 846 3276 1326 848 3277 1327 849 3278 1327 849 3279 1325 847 3280 1324 846 3281 1328 850 3282 1329 851 3283 1330 852 3284 1330 852 3285 1331 853 3286 1328 850 3287 1329 851 3288 1332 854 3289 1333 855 3290 1333 855 3291 1330 852 3292 1329 851 3293 1334 856 3294 1335 857 3295 1336 858 3296 1336 858 3297 1337 859 3298 1334 856 3299 1335 857 3300 1338 860 3301 1339 861 3302 1339 861 3303 1336 858 3304 1335 857 3305 1338 860 3306 1340 862 3307 1341 863 3308 1341 863 3309 1339 861 3310 1338 860 3311 1340 862 3312 1342 317 3313 1343 318 3314 1343 318 3315 1341 863 3316 1340 862 3317 1344 314 3318 1345 864 3319 1346 865 3320 1346 865 3321 1347 315 3322 1344 314 3323 1345 864 3324 1348 866 3325 1349 867 3326 1349 867 3327 1346 865 3328 1345 864 3329 1348 866 3330 1350 868 3331 1351 869 3332 1351 869 3333 1349 867 3334 1348 866 3335 1352 870 3336 1353 306 3337 1354 305 3338 1354 305 3339 1355 871 3340 1352 870 3341 1353 306 3342 1356 307 3343 1357 304 3344 1357 304 3345 1354 305 3346 1353 306 3347 1358 872 3348 1359 873 3349 1360 874 3350 1360 874 3351 1361 875 3352 1358 872 3353 1317 839 3354 1360 874 3355 1359 873 3356 1359 873 3357 1314 836 3358 1317 839 3359 1362 876 3360 1363 877 3361 1364 878 3362 1364 878 3363 1365 879 3364 1362 876 3365 1363 877 3366 1366 880 3367 1367 881 3368 1367 881 3369 1364 878 3370 1363 877 3371 1366 880 3372 1368 882 3373 1369 883 3374 1369 883 3375 1367 881 3376 1366 880 3377 1370 884 3378 1371 885 3379 1372 886 3380 1372 886 3381 1373 887 3382 1370 884 3383 1371 885 3384 1374 888 3385 1375 889 3386 1375 889 3387 1372 886 3388 1371 885 3389 1374 888 3390 1376 890 3391 1377 891 3392 1377 891 3393 1375 889 3394 1374 888 3395 1378 892 3396 1379 893 3397 1380 894 3398 1380 894 3399 1381 895 3400 1378 892 3401 1379 893 3402 1382 896 3403 1383 897 3404 1383 897 3405 1380 894 3406 1379 893 3407 1382 896 3408 1384 898 3409 1385 899 3410 1385 899 3411 1383 897 3412 1382 896 3413 1386 900 3414 1387 901 3415 1388 902 3416 1388 902 3417 1389 903 3418 1386 900 3419 1387 901 3420 1390 904 3421 1391 905 3422 1391 905 3423 1388 902 3424 1387 901 3425 1390 904 3426 1392 906 3427 1393 907 3428 1393 907 3429 1391 905 3430 1390 904 3431 1394 908 3432 1395 909 3433 1396 910 3434 1396 910 3435 1397 911 3436 1394 908 3437 1395 909 3438 1398 912 3439 1399 913 3440 1399 913 3441 1396 910 3442 1395 909 3443 1398 912 3444 1400 914 3445 1401 915 3446 1401 915 3447 1399 913 3448 1398 912 3449 1402 916 3450 1403 917 3451 1404 918 3452 1404 918 3453 1405 919 3454 1402 916 3455 1406 920 3456 1407 921 3457 1408 922 3458 1408 922 3459 1409 923 3460 1406 920 3461 1408 922 3462 1407 921 3463 1362 876 3464 1362 876 3465 1365 879 3466 1408 922 3467 1410 924 3468 1411 924 3469 1412 924 3470 1412 12 3471 1413 12 3472 1410 12 3473 1414 12 3474 1412 12 3475 1411 12 3476 1411 925 3477 1415 925 3478 1414 925 3479 1415 12 3480 1416 12 3481 1417 12 3482 1417 12 3483 1414 12 3484 1415 12 3485 1418 12 3486 1419 12 3487 1417 12 3488 1417 12 3489 1416 12 3490 1418 12 3491 1420 12 3492 1421 12 3493 1419 12 3494 1419 12 3495 1418 12 3496 1420 12 3497 1422 12 3498 1423 12 3499 1421 12 3500 1421 12 3501 1420 12 3502 1422 12 3503 1424 12 3504 1425 12 3505 1423 12 3506 1423 12 3507 1422 12 3508 1424 12 3509 1424 12 3510 1426 12 3511 1427 12 3512 1427 12 3513 1425 12 3514 1424 12 3515 1428 12 3516 1429 12 3517 1427 12 3518 1427 12 3519 1426 12 3520 1428 12 3521 1428 666 3522 1430 666 3523 1431 666 3524 1431 12 3525 1429 12 3526 1428 12 3527 1430 926 3528 1432 926 3529 1433 926 3530 1433 12 3531 1431 12 3532 1430 12 3533 1433 12 3534 1432 12 3535 1434 12 3536 1434 12 3537 1435 12 3538 1433 12 3539 1435 12 3540 1434 12 3541 1436 12 3542 1436 12 3543 1437 12 3544 1435 12 3545 1438 12 3546 1437 12 3547 1436 12 3548 1436 927 3549 1439 927 3550 1438 927 3551 1438 12 3552 1439 12 3553 1440 12 3554 1440 12 3555 1441 12 3556 1438 12 3557 1440 12 3558 1442 12 3559 1443 12 3560 1443 928 3561 1441 928 3562 1440 928 3563 1442 12 3564 1444 12 3565 1445 12 3566 1445 12 3567 1443 12 3568 1442 12 3569 1444 12 3570 1410 12 3571 1413 12 3572 1413 12 3573 1445 12 3574 1444 12 3575 1446 929 3576 1447 930 3577 1448 931 3578 1448 931 3579 1449 932 3580 1446 929 3581 1447 930 3582 1450 933 3583 1451 934 3584 1451 934 3585 1448 931 3586 1447 930 3587 1450 933 3588 1452 935 3589 1453 936 3590 1453 936 3591 1451 934 3592 1450 933 3593 1454 937 3594 1455 938 3595 1456 939 3596 1456 939 3597 1457 940 3598 1454 937 3599 1455 938 3600 1458 941 3601 1459 942 3602 1459 942 3603 1456 939 3604 1455 938 3605 1458 941 3606 1460 943 3607 1461 944 3608 1461 944 3609 1459 942 3610 1458 941 3611 1462 945 3612 1463 946 3613 1464 947 3614 1464 947 3615 1465 948 3616 1462 945 3617 1463 946 3618 1466 949 3619 1467 950 3620 1467 950 3621 1464 947 3622 1463 946 3623 1466 949 3624 1468 951 3625 1469 952 3626 1469 952 3627 1467 950 3628 1466 949 3629 1470 953 3630 1471 954 3631 1472 955 3632 1472 955 3633 1473 956 3634 1470 953 3635 1471 954 3636 1474 957 3637 1475 958 3638 1475 958 3639 1472 955 3640 1471 954 3641 1474 957 3642 1476 959 3643 1477 960 3644 1477 960 3645 1475 958 3646 1474 957 3647 1478 961 3648 1479 962 3649 1480 963 3650 1480 963 3651 1481 964 3652 1478 961 3653 1479 962 3654 1482 965 3655 1483 966 3656 1483 966 3657 1480 963 3658 1479 962 3659 1482 965 3660 1484 967 3661 1485 968 3662 1485 968 3663 1483 966 3664 1482 965 3665 1486 969 3666 1487 970 3667 1488 971 3668 1488 971 3669 1489 972 3670 1486 969 3671 1490 973 3672 1491 974 3673 1492 975 3674 1492 975 3675 1493 976 3676 1490 973 3677 1449 932 3678 1492 975 3679 1491 974 3680 1491 974 3681 1446 929 3682 1449 932 3683 1494 4 3684 1495 4 3685 1496 4 3686 1496 4 3687 1497 4 3688 1494 4 3689 1496 4 3690 1498 4 3691 1499 4 3692 1499 4 3693 1500 4 3694 1496 4 3695 1499 4 3696 1501 4 3697 1500 4 3698 1500 4 3699 1502 4 3700 1503 4 3701 1503 4 3702 1504 4 3703 1500 4 3704 1503 4 3705 1505 4 3706 1504 4 3707 1504 4 3708 1506 4 3709 1507 4 3710 1507 4 3711 1508 4 3712 1504 4 3713 1507 4 3714 1509 4 3715 1508 4 3716 1504 4 3717 1508 4 3718 1496 4 3719 1496 4 3720 1500 4 3721 1504 4 3722 1508 4 3723 1510 4 3724 1497 4 3725 1497 4 3726 1496 4 3727 1508 4 3728 1511 4 3729 1494 4 3730 1497 4 3731 1512 977 3732 1513 977 3733 1514 977 3734 1514 12 3735 1515 12 3736 1512 12 3737 1514 170 3738 1516 170 3739 1517 170 3740 1517 169 3741 1518 169 3742 1514 169 3743 1517 12 3744 1519 12 3745 1518 12 3746 1520 12 3747 1518 12 3748 1521 12 3749 1521 978 3750 1522 978 3751 1520 978 3752 1522 12 3753 1523 12 3754 1520 12 3755 1520 12 3756 1524 12 3757 1525 12 3758 1525 167 3759 1526 167 3760 1520 167 3761 1525 166 3762 1527 166 3763 1526 166 3764 1514 12 3765 1518 12 3766 1520 12 3767 1520 12 3768 1526 12 3769 1514 12 3770 1514 12 3771 1526 12 3772 1528 12 3773 1528 979 3774 1515 979 3775 1514 979 3776 1529 12 3777 1512 12 3778 1515 12 3779 1530 980 3780 1531 981 3781 1532 982 3782 1532 982 3783 1533 983 3784 1530 980 3785 1530 980 3786 1534 984 3787 1535 985 3788 1535 985 3789 1531 981 3790 1530 980 3791 1535 985 3792 1534 984 3793 1536 986 3794 1536 986 3795 1537 987 3796 1535 985 3797 1536 986 3798 1538 988 3799 1539 989 3800 1539 989 3801 1537 987 3802 1536 986 3803 1538 988 3804 1540 990 3805 1541 991 3806 1541 991 3807 1539 989 3808 1538 988 3809 1542 992 3810 1541 991 3811 1540 990 3812 1540 990 3813 1543 993 3814 1542 992 3815 1542 992 3816 1543 993 3817 1544 994 3818 1544 994 3819 1545 995 3820 1542 992 3821 1544 994 3822 1546 996 3823 1547 997 3824 1547 997 3825 1545 995 3826 1544 994 3827 1548 998 3828 1547 997 3829 1546 996 3830 1546 996 3831 1549 999 3832 1548 998 3833 1549 999 3834 1550 1000 3835 1551 1001 3836 1551 1001 3837 1548 998 3838 1549 999 3839 1551 1001 3840 1550 1000 3841 1552 1002 3842 1552 1002 3843 1553 1003 3844 1551 1001 3845 1552 1002 3846 1554 1004 3847 1555 1005 3848 1555 1005 3849 1553 1003 3850 1552 1002 3851 1556 1006 3852 1555 1005 3853 1554 1004 3854 1554 1004 3855 1557 1007 3856 1556 1006 3857 1557 1007 3858 1558 1008 3859 1559 1009 3860 1559 1009 3861 1556 1006 3862 1557 1007 3863 1558 1008 3864 1560 1010 3865 1561 1011 3866 1561 1011 3867 1559 1009 3868 1558 1008 3869 1561 1011 3870 1560 1010 3871 1562 1012 3872 1562 1012 3873 1563 1013 3874 1561 1011 3875 1563 1013 3876 1562 1012 3877 1564 1014 3878 1564 1014 3879 1565 1015 3880 1563 1013 3881 1565 1015 3882 1564 1014 3883 1533 983 3884 1533 983 3885 1532 982 3886 1565 1015 3887 1566 1016 3888 1567 1017 3889 1568 1018 3890 1568 1018 3891 1569 1019 3892 1566 1016 3893 1568 1018 3894 1567 1017 3895 1570 1020 3896 1570 1020 3897 1571 1021 3898 1568 1018 3899 1572 517 3900 1571 1021 3901 1570 1020 3902 1570 1020 3903 1573 516 3904 1572 517 3905 1574 1022 3906 1575 514 3907 1576 1023 3908 1576 1023 3909 1577 1024 3910 1574 1022 3911 1578 1025 3912 1577 1024 3913 1576 1023 3914 1576 1023 3915 1579 1026 3916 1578 1025 3917 1580 1027 3918 1581 508 3919 1578 1025 3920 1578 1025 3921 1579 1026 3922 1580 1027 3923 1582 506 3924 1583 1028 3925 1584 1029 3926 1584 1029 3927 1585 505 3928 1582 506 3929 1586 1030 3930 1584 1029 3931 1583 1028 3932 1583 1028 3933 1587 1031 3934 1586 1030 3935 1588 1032 3936 1589 500 3937 1586 1030 3938 1586 1030 3939 1587 1031 3940 1588 1032 3941 1590 1033 3942 1591 498 3943 1592 1034 3944 1592 1034 3945 1593 1035 3946 1590 1033 3947 1593 1035 3948 1592 1034 3949 1594 1036 3950 1594 1036 3951 1595 1037 3952 1593 1035 3953 1596 215 3954 1595 1037 3955 1594 1036 3956 1594 1036 3957 1597 214 3958 1596 215 3959 1598 1038 3960 1599 1039 3961 1600 1040 3962 1600 1040 3963 1601 490 3964 1598 1038 3965 1599 1039 3966 1598 1038 3967 1602 1041 3968 1602 1041 3969 1603 1042 3970 1599 1039 3971 1604 1043 3972 1603 1042 3973 1602 1041 3974 1602 1041 3975 1605 486 3976 1604 1043 3977 1606 1044 3978 1607 1045 3979 1608 226 3980 1608 226 3981 1609 227 3982 1606 1044 3983 1610 1046 3984 1611 1047 3985 1612 1048 3986 1612 1048 3987 1613 1049 3988 1610 1046 3989 1613 1049 3990 1566 1016 3991 1569 1019 3992 1569 1019 3993 1610 1046 3994 1613 1049 3995 1614 1050 3996 1615 1051 3997 1449 932 3998 1449 932 3999 1448 931 4000 1614 1050 4001 1616 1052 4002 1614 1050 4003 1448 931 4004 1448 931 4005 1451 934 4006 1616 1052 4007 1617 1053 4008 1457 940 4009 1618 1054 4010 1618 1054 4011 1619 1055 4012 1617 1053 4013 1620 1056 4014 1618 1054 4015 1457 940 4016 1457 940 4017 1456 939 4018 1620 1056 4019 1459 942 4020 1621 1057 4021 1620 1056 4022 1620 1056 4023 1456 939 4024 1459 942 4025 1465 948 4026 1622 1058 4027 1623 1059 4028 1623 1059 4029 1624 1060 4030 1465 948 4031 1622 1058 4032 1465 948 4033 1464 947 4034 1464 947 4035 1625 1061 4036 1622 1058 4037 1626 1062 4038 1625 1061 4039 1464 947 4040 1464 947 4041 1467 950 4042 1626 1062 4043 1627 1063 4044 1628 1064 4045 1629 1065 4046 1629 1065 4047 1473 956 4048 1627 1063 4049 1627 1063 4050 1473 956 4051 1472 955 4052 1472 955 4053 1630 1066 4054 1627 1063 4055 1631 1067 4056 1630 1066 4057 1472 955 4058 1472 955 4059 1475 958 4060 1631 1067 4061 1632 1068 4062 1481 964 4063 1633 1069 4064 1633 1069 4065 1634 1070 4066 1632 1068 4067 1480 963 4068 1635 1071 4069 1633 1069 4070 1633 1069 4071 1481 964 4072 1480 963 4073 1636 1072 4074 1635 1071 4075 1480 963 4076 1480 963 4077 1483 966 4078 1636 1072 4079 1489 972 4080 1637 1073 4081 1638 1074 4082 1638 1074 4083 1639 1075 4084 1489 972 4085 1640 1076 4086 1637 1073 4087 1489 972 4088 1489 972 4089 1488 971 4090 1640 1076 4091 1640 1076 4092 1488 971 4093 1641 1077 4094 1641 1077 4095 1642 1078 4096 1640 1076 4097 1615 1051 4098 1643 1079 4099 1492 975 4100 1492 975 4101 1449 932 4102 1615 1051 4103 21 4 4104 20 4 4105 30 4 4106 17 4 4107 25 4 4108 18 4 4109 24 1080 4110 29 1080 4111 22 1080 4112 28 1081 4113 31 1081 4114 26 1081 4115 65 12 4116 69 12 4117 79 12 4118 71 12 4119 67 12 4120 66 12 4121 74 12 4122 73 12 4123 72 12 4124 78 1082 4125 76 1082 4126 75 1082 4127 1644 1083 4128 1645 1083 4129 1646 1083 4130 1646 1084 4131 1647 1084 4132 1644 1084 4133 1648 1085 4134 1649 1085 4135 1650 1085 4136 1650 1086 4137 1651 1086 4138 1648 1086 4139 1652 1087 4140 1653 1087 4141 1654 1087 4142 1654 1088 4143 1655 1088 4144 1652 1088 4145 1656 1089 4146 1657 1089 4147 1658 1089 4148 1658 1090 4149 1659 1090 4150 1656 1090 4151 424 4 4152 438 4 4153 425 4 4154 426 4 4155 427 4 4156 429 4 4157 430 1080 4158 431 1080 4159 434 1080 4160 433 1081 4161 435 1081 4162 437 1081 4163 485 12 4164 472 12 4165 476 12 4166 471 12 4167 475 12 4168 480 12 4169 478 1091 4170 479 1091 4171 484 1091 4172 482 12 4173 483 12 4174 486 12 4175 1660 1089 4176 1661 1089 4177 1662 1089 4178 1662 1090 4179 1663 1090 4180 1660 1090 4181 1664 1087 4182 1665 1087 4183 1666 1087 4184 1666 1088 4185 1667 1088 4186 1664 1088 4187 1668 1085 4188 1669 1085 4189 1670 1085 4190 1670 1086 4191 1671 1086 4192 1668 1086 4193 1672 1092 4194 1673 1092 4195 1674 1092 4196 1674 1093 4197 1675 1093 4198 1672 1093 4199 833 4 4200 847 4 4201 834 4 4202 835 4 4203 836 4 4204 838 4 4205 839 1094 4206 840 1094 4207 842 1094 4208 843 1095 4209 844 1095 4210 846 1095 4211 894 12 4212 880 12 4213 885 12 4214 883 12 4215 884 12 4216 889 12 4217 887 1096 4218 888 1096 4219 893 1096 4220 891 12 4221 892 12 4222 895 12 4223 1251 4 4224 1250 4 4225 1260 4 4226 1247 4 4227 1255 4 4228 1248 4 4229 1253 1094 4230 1259 1094 4231 1254 1094 4232 1257 1095 4233 1261 1095 4234 1258 1095 4235 1294 12 4236 1299 12 4237 1309 12 4238 1300 12 4239 1296 12 4240 1295 12 4241 1304 12 4242 1302 12 4243 1301 12 4244 1308 1097 4245 1306 1097 4246 1305 1097 4247 1676 1098 4248 1677 1098 4249 1678 1098 4250 1678 1085 4251 1679 1085 4252 1676 1085 4253 1680 1099 4254 1681 1099 4255 1682 1099 4256 1682 1084 4257 1683 1084 4258 1680 1084 4259 1684 1100 4260 1685 1100 4261 1686 1100 4262 1686 1101 4263 1687 1101 4264 1684 1101 4265 1688 1102 4266 1689 1102 4267 1690 1102 4268 1690 1103 4269 1691 1103 4270 1688 1103 4271 1692 1088 4272 1693 1088 4273 1694 1088 4274 1694 1104 4275 1695 1104 4276 1692 1104 4277 1696 1105 4278 1697 1105 4279 1698 1105 4280 1698 1089 4281 1699 1089 4282 1696 1089 4283 1700 1084 4284 1701 1084 4285 1702 1084 4286 1702 1099 4287 1703 1099 4288 1700 1099 4289 1704 1106 4290 1705 1106 4291 1706 1106 4292 1706 1107 4293 1707 1107 4294 1704 1107 4295 1708 2 4296 1709 2 4297 1710 2 4298 1710 2 4299 1711 2 4300 1708 2 4301 1712 0 4302 1713 0 4303 1714 0 4304 1714 0 4305 1715 0 4306 1712 0 4307 1716 4 4308 1717 4 4309 1718 4 4310 1718 4 4311 1719 4 4312 1716 4 4313 1720 12 4314 1721 12 4315 1722 12 4316 1722 12 4317 1723 12 4318 1720 12 4319 1724 1108 4320 1725 1109 4321 1726 1110 4322 1726 1110 4323 1727 1111 4324 1724 1108 4325 1728 1112 4326 1729 1113 4327 1730 1114 4328 1730 1114 4329 1731 1115 4330 1728 1112 4331 1732 1116 4332 1733 1117 4333 1734 1118 4334 1734 1118 4335 1735 1119 4336 1732 1116 4337 1736 1120 4338 1737 1121 4339 1738 1122 4340 1738 1122 4341 1739 1123 4342 1736 1120 4343 1740 1124 4344 1741 1125 4345 1742 1126 4346 1742 1126 4347 1743 1127 4348 1740 1124 4349 1744 1128 4350 1745 1129 4351 1746 1130 4352 1746 1130 4353 1747 1131 4354 1744 1128 4355 1748 1132 4356 1749 1133 4357 1750 1134 4358 1750 1134 4359 1751 1135 4360 1748 1132 4361 1752 1136 4362 1753 1137 4363 1754 1138 4364 1754 1138 4365 1755 1139 4366 1752 1136 4367 1756 2 4368 1757 2 4369 1758 2 4370 1758 2 4371 1759 2 4372 1756 2 4373 1760 0 4374 1761 0 4375 1762 0 4376 1762 0 4377 1763 0 4378 1760 0 4379 1764 4 4380 1765 4 4381 1766 4 4382 1766 4 4383 1767 4 4384 1764 4 4385 1768 12 4386 1769 12 4387 1770 12 4388 1770 12 4389 1771 12 4390 1768 12 4391 1772 1140 4392 1773 1141 4393 1774 1142 4394 1774 1142 4395 1775 1143 4396 1772 1140 4397 1776 1144 4398 1777 1145 4399 1778 1146 4400 1778 1146 4401 1779 1147 4402 1776 1144 4403 1780 1148 4404 1781 1149 4405 1782 1150 4406 1782 1150 4407 1783 1151 4408 1780 1148 4409 1784 1152 4410 1785 1153 4411 1786 1154 4412 1786 1154 4413 1787 1155 4414 1784 1152 4415 1788 1156 4416 1789 1157 4417 1790 1158 4418 1790 1158 4419 1791 1159 4420 1788 1156 4421 1792 1160 4422 1793 1161 4423 1794 1162 4424 1794 1162 4425 1795 1163 4426 1792 1160 4427 1796 1164 4428 1797 1165 4429 1798 1166 4430 1798 1166 4431 1799 1167 4432 1796 1164 4433 1800 1168 4434 1801 1169 4435 1802 1170 4436 1802 1170 4437 1803 1171 4438 1800 1168 4439</p>
        </triangles>
      </mesh>
    </geometry>
  </library_geometries>
  <library_visual_scenes>
    <visual_scene id="Scene" name="Scene">
      <node id="Conveyor01Legs_Conveyor_0_004" name="Conveyor01Legs_Conveyor_0.004" type="NODE">
        <matrix sid="transform">1 0 0 0 0 1 1.34359e-7 1.06581e-14 0 -1.34359e-7 1 0.85 0 0 0 1</matrix>
        <instance_geometry url="#Conveyor01Legs_Conveyor_0_005-mesh" name="Conveyor01Legs_Conveyor_0.004">
          <bind_material>
            <technique_common>
              <instance_material symbol="Material_002-material" target="#Material_002-material">
                <bind_vertex_input semantic="UVMap" input_semantic="TEXCOORD" input_set="0"/>
              </instance_material>
            </technique_common>
          </bind_material>
        </instance_geometry>
      </node>
    </visual_scene>
  </library_visual_scenes>
  <scene>
    <instance_visual_scene url="#Scene"/>
  </scene>
</COLLADA>