<?xml version="1.0" encoding="utf-8"?>
<COLLADA xmlns="http://www.collada.org/2005/11/COLLADASchema" version="1.4.1" xmlns:xsi="http://www.w3.org/2001/XMLSchema-instance">
  <asset>
    <contributor>
      <author>Blender User</author>
      <authoring_tool>Blender 2.83.20 commit date:2022-04-19, commit time:16:00, hash:a56e2faeb7a9</authoring_tool>
    </contributor>
    <created>2026-06-24T15:47:08</created>
    <modified>2026-06-24T15:47:08</modified>
    <unit name="meter" meter="1"/>
    <up_axis>Z_UP</up_axis>
  </asset>
  <library_effects>
    <effect id="Material_002-effect">
      <profile_COMMON>
        <newparam sid="Conveyor_diffuse_png-surface">
          <surface type="2D">
            <init_from>Conveyor_diffuse_png</init_from>
          </surface>
        </newparam>
        <newparam sid="Conveyor_diffuse_png-sampler">
          <sampler2D>
            <source>Conveyor_diffuse_png-surface</source>
          </sampler2D>
        </newparam>
        <technique sid="common">
          <lambert>
            <emission>
              <color sid="emission">0 0 0 1</color>
            </emission>
            <diffuse>
              <texture texture="Conveyor_diffuse_png-sampler" texcoord="UVMap"/>
            </diffuse>
            <index_of_refraction>
              <float sid="ior">1.45</float>
            </index_of_refraction>
          </lambert>
        </technique>
      </profile_COMMON>
    </effect>
  </library_effects>
  <library_images>
    <image id="Conveyor_diffuse_png" name="Conveyor_diffuse_png">
      <init_from>Conveyor_diffuse.png</init_from>
    </image>
  </library_images>
  <library_materials>
    <material id="Material_002-material" name="Material.002">
      <instance_effect url="#Material_002-effect"/>
    </material>
  </library_materials>
  <library_geometries>
    <geometry id="Conveyor01Frame02_Conveyor_0_377-mesh" name="Conveyor01Frame02_Conveyor_0.377">
      <mesh>
        <source id="Conveyor01Frame02_Conveyor_0_377-mesh-positions">
          <float_array id="Conveyor01Frame02_Conveyor_0_377-mesh-positions-array" count="16302">0.3294 -0.6976 1 0.3294 -0.6976 -1 0.3294 -0.7294 -1 0.3294 -0.7494 0.98 0.3294 -0.7481 -0.9887 0.3294 -0.7494 -0.98 0.3294 -0.7444 -0.995 0.3294 -0.7381 -0.9987 0.3294 -0.7481 0.9887 0.3294 -0.7444 0.995 0.3294 -0.7381 0.9987 0.3294 -0.7294 1 0.3294 -0.7494 -0.98 0.3375 -0.7494 -0.98 0.3375 -0.7494 0.98 0.3294 -0.7494 0.98 0.3375 -0.7294 -1 0.3375 -0.7051 -1 0.3375 -0.7444 -0.995 0.3375 -0.7381 -0.9987 0.3375 -0.7481 -0.9887 0.3375 -0.7494 -0.98 0.3375 -0.7051 1 0.3375 -0.7294 1 0.3375 -0.7381 0.9987 0.3375 -0.7444 0.995 0.3375 -0.7481 0.9887 0.3375 -0.7494 0.98 0.3875 -0.6976 1 0.3875 -0.7051 1 0.3875 -0.7051 -1 0.3875 -0.6976 -1 0.3796 -0.6976 -1 0.3875 -0.6976 -1 0.3875 -0.7051 -1 0.3375 -0.7051 -1 0.3294 -0.6976 -1 0.3375 -0.7051 -1 0.3875 -0.7051 -1 0.3875 -0.7051 1 0.3375 -0.7051 1 0.3875 -0.6188 -1 0.3796 -0.6188 -1 0.3796 -0.6188 1 0.3875 -0.6188 1 0.3875 -0.6188 -1 0.3875 -0.6188 1 0.3875 -0.6976 1 0.3875 -0.6188 1 0.3796 -0.6188 1 0.3796 -0.6976 1 0.3796 -0.6976 1 0.3796 -0.6188 1 0.3796 -0.6188 -1 0.3796 -0.6976 -1 0.3875 -0.6188 -1 0.3796 -0.6188 -1 0.3294 -0.7381 0.9987 0.3375 -0.7381 0.9987 0.3375 -0.7294 1 0.3294 -0.7294 1 0.3294 -0.7294 -1 0.3375 -0.7294 -1 0.3375 -0.7381 -0.9987 0.3294 -0.7381 -0.9987 0.3294 -0.7444 0.995 0.3375 -0.7444 0.995 0.3294 -0.7444 0.995 0.3294 -0.7481 0.9887 0.3375 -0.7481 0.9887 0.3375 -0.7444 0.995 0.3375 -0.7444 -0.995 0.3294 -0.7444 -0.995 0.3375 -0.7444 -0.995 0.3375 -0.7481 -0.9887 0.3294 -0.7481 -0.9887 0.3294 -0.7444 -0.995 0.3796 -0.6976 -1 0.3294 -0.6976 -1 0.3294 -0.6976 1 0.3796 -0.6976 1 0.3375 -0.7051 1 0.3294 -0.6976 1 0.3875 -0.7051 1 0.3563 -0.5701 0.998 0.3563 -0.5649 0.998 0.3563 -0.5649 -0.998 0.3563 -0.5701 -0.998 0.3813 -0.6043 0.998 0.3813 -0.6043 -0.998 0.3863 -0.6043 -0.998 0.3863 -0.6043 0.998 0.3863 -0.6043 -0.998 0.3863 -0.6038 -0.9995 0.3863 -0.6023 -1 0.3863 -0.5649 -1 0.3863 -0.5649 1 0.3863 -0.6023 1 0.3863 -0.6043 0.998 0.3863 -0.6038 0.9995 0.3813 -0.6043 0.998 0.3813 -0.6023 -1 0.3813 -0.6038 -0.9995 0.3813 -0.6043 -0.998 0.3813 -0.5701 1 0.3813 -0.5701 -1 0.3813 -0.6038 0.9995 0.3813 -0.6023 1 0.3813 -0.5701 -1 0.3583 -0.5701 -1 0.3583 -0.5649 -1 0.3863 -0.5649 -1 0.3563 -0.5649 0.998 0.3583 -0.5649 -1 0.3568 -0.5649 -0.9995 0.3563 -0.5649 -0.998 0.3568 -0.5649 0.9995 0.3583 -0.5649 1 0.3863 -0.5649 1 0.3863 -0.5649 -1 0.3583 -0.5649 1 0.3583 -0.5701 1 0.3813 -0.5701 1 0.3863 -0.5649 1 0.3583 -0.5701 1 0.3568 -0.5701 0.9995 0.3563 -0.5701 0.998 0.3563 -0.5701 -0.998 0.3813 -0.5701 1 0.3813 -0.5701 -1 0.3568 -0.5701 -0.9995 0.3583 -0.5701 -1 0.3813 -0.6038 0.9995 0.3863 -0.6038 0.9995 0.3863 -0.6023 1 0.3813 -0.6023 1 0.3863 -0.6023 -1 0.3863 -0.6038 -0.9995 0.3813 -0.6038 -0.9995 0.3813 -0.6023 -1 0.3568 -0.5649 -0.9995 0.3568 -0.5701 -0.9995 0.3568 -0.5649 0.9995 0.3568 -0.5701 0.9995 0.3863 -0.6038 0.9995 0.3813 -0.6038 0.9995 0.3813 -0.6038 -0.9995 0.3863 -0.6038 -0.9995 0.3568 -0.5701 -0.9995 0.3568 -0.5649 -0.9995 0.3568 -0.5649 0.9995 0.3568 -0.5701 0.9995 0.374 -0.705 -0.8143 0.3731 -0.705 -0.8092 0.3731 -0.7089 -0.8092 0.374 -0.7089 -0.8143 0.3705 -0.705 -0.8046 0.3705 -0.7089 -0.8046 0.3705 -0.7089 -0.8046 0.3705 -0.705 -0.8046 0.3665 -0.705 -0.8013 0.3665 -0.7089 -0.8013 0.3616 -0.705 -0.7995 0.3616 -0.7089 -0.7995 0.3564 -0.705 -0.7995 0.3564 -0.7089 -0.7995 0.3515 -0.705 -0.8013 0.3515 -0.7089 -0.8013 0.3475 -0.705 -0.8046 0.3475 -0.7089 -0.8046 0.3475 -0.7089 -0.8046 0.3475 -0.705 -0.8046 0.3449 -0.705 -0.8092 0.3449 -0.7089 -0.8092 0.344 -0.705 -0.8143 0.344 -0.7089 -0.8143 0.3449 -0.705 -0.8194 0.3449 -0.7089 -0.8194 0.3475 -0.705 -0.8239 0.3475 -0.7089 -0.8239 0.3475 -0.7089 -0.8239 0.3475 -0.705 -0.8239 0.3515 -0.705 -0.8273 0.3515 -0.7089 -0.8273 0.3564 -0.705 -0.8291 0.3564 -0.7089 -0.8291 0.3616 -0.705 -0.8291 0.3616 -0.7089 -0.8291 0.3665 -0.705 -0.8273 0.3665 -0.7089 -0.8273 0.3705 -0.705 -0.8239 0.3705 -0.7089 -0.8239 0.3731 -0.7089 -0.8194 0.3705 -0.7089 -0.8239 0.3705 -0.705 -0.8239 0.3731 -0.705 -0.8194 0.3683 -0.7109 -0.8109 0.3666 -0.7109 -0.8079 0.364 -0.7109 -0.8057 0.3683 -0.7109 -0.8177 0.3607 -0.7109 -0.8045 0.3573 -0.7109 -0.8045 0.3514 -0.7109 -0.8079 0.354 -0.7109 -0.8057 0.3497 -0.7109 -0.8109 0.3491 -0.7109 -0.8143 0.3514 -0.7109 -0.8207 0.3497 -0.7109 -0.8177 0.354 -0.7109 -0.8229 0.3573 -0.7109 -0.8241 0.364 -0.7109 -0.8229 0.3607 -0.7109 -0.8241 0.3666 -0.7109 -0.8207 0.3689 -0.7109 -0.8143 0.3689 -0.7089 -0.8143 0.374 -0.7089 -0.8143 0.3731 -0.7089 -0.8092 0.3683 -0.7089 -0.8109 0.3705 -0.7089 -0.8046 0.3666 -0.7089 -0.8079 0.364 -0.7089 -0.8057 0.3665 -0.7089 -0.8013 0.3616 -0.7089 -0.7995 0.3607 -0.7089 -0.8045 0.3564 -0.7089 -0.7995 0.3573 -0.7089 -0.8045 0.3515 -0.7089 -0.8013 0.354 -0.7089 -0.8057 0.3514 -0.7089 -0.8079 0.3475 -0.7089 -0.8046 0.3449 -0.7089 -0.8092 0.3497 -0.7089 -0.8109 0.344 -0.7089 -0.8143 0.3491 -0.7089 -0.8143 0.3449 -0.7089 -0.8194 0.3497 -0.7089 -0.8177 0.3475 -0.7089 -0.8239 0.3514 -0.7089 -0.8207 0.3515 -0.7089 -0.8273 0.354 -0.7089 -0.8229 0.3564 -0.7089 -0.8291 0.3573 -0.7089 -0.8241 0.3616 -0.7089 -0.8291 0.3607 -0.7089 -0.8241 0.3665 -0.7089 -0.8273 0.364 -0.7089 -0.8229 0.3705 -0.7089 -0.8239 0.3666 -0.7089 -0.8207 0.3731 -0.7089 -0.8194 0.3683 -0.7089 -0.8177 0.3689 -0.7089 -0.8143 0.3683 -0.7089 -0.8109 0.3683 -0.7109 -0.8109 0.3689 -0.7109 -0.8143 0.3666 -0.7109 -0.8079 0.3683 -0.7109 -0.8109 0.3683 -0.7089 -0.8109 0.3666 -0.7089 -0.8079 0.3666 -0.7089 -0.8079 0.364 -0.7089 -0.8057 0.364 -0.7109 -0.8057 0.3666 -0.7109 -0.8079 0.3607 -0.7089 -0.8045 0.3607 -0.7109 -0.8045 0.364 -0.7109 -0.8057 0.364 -0.7089 -0.8057 0.3573 -0.7089 -0.8045 0.3573 -0.7109 -0.8045 0.3607 -0.7109 -0.8045 0.3607 -0.7089 -0.8045 0.3573 -0.7089 -0.8045 0.354 -0.7089 -0.8057 0.354 -0.7109 -0.8057 0.3573 -0.7109 -0.8045 0.3514 -0.7089 -0.8079 0.3514 -0.7109 -0.8079 0.354 -0.7109 -0.8057 0.354 -0.7089 -0.8057 0.3514 -0.7109 -0.8079 0.3514 -0.7089 -0.8079 0.3497 -0.7089 -0.8109 0.3497 -0.7109 -0.8109 0.3497 -0.7109 -0.8109 0.3497 -0.7089 -0.8109 0.3491 -0.7089 -0.8143 0.3491 -0.7109 -0.8143 0.3491 -0.7109 -0.8143 0.3491 -0.7089 -0.8143 0.3497 -0.7089 -0.8177 0.3497 -0.7109 -0.8177 0.3497 -0.7109 -0.8177 0.3497 -0.7089 -0.8177 0.3514 -0.7089 -0.8207 0.3514 -0.7109 -0.8207 0.3514 -0.7109 -0.8207 0.3514 -0.7089 -0.8207 0.354 -0.7089 -0.8229 0.354 -0.7109 -0.8229 0.354 -0.7109 -0.8229 0.354 -0.7089 -0.8229 0.3573 -0.7089 -0.8241 0.3573 -0.7109 -0.8241 0.3573 -0.7109 -0.8241 0.3573 -0.7089 -0.8241 0.3607 -0.7089 -0.8241 0.3607 -0.7109 -0.8241 0.3607 -0.7089 -0.8241 0.364 -0.7089 -0.8229 0.364 -0.7109 -0.8229 0.3607 -0.7109 -0.8241 0.3666 -0.7089 -0.8207 0.3666 -0.7109 -0.8207 0.364 -0.7109 -0.8229 0.364 -0.7089 -0.8229 0.3666 -0.7109 -0.8207 0.3666 -0.7089 -0.8207 0.3683 -0.7089 -0.8177 0.3683 -0.7109 -0.8177 0.3683 -0.7089 -0.8177 0.3689 -0.7089 -0.8143 0.3689 -0.7109 -0.8143 0.3683 -0.7109 -0.8177 0.3731 -0.705 -0.5377 0.3731 -0.7089 -0.5377 0.374 -0.7089 -0.5429 0.374 -0.705 -0.5429 0.3705 -0.705 -0.5332 0.3705 -0.7089 -0.5332 0.3705 -0.7089 -0.5332 0.3705 -0.705 -0.5332 0.3665 -0.705 -0.5299 0.3665 -0.7089 -0.5299 0.3616 -0.705 -0.5281 0.3616 -0.7089 -0.5281 0.3564 -0.705 -0.5281 0.3564 -0.7089 -0.5281 0.3515 -0.705 -0.5299 0.3515 -0.7089 -0.5299 0.3475 -0.705 -0.5332 0.3475 -0.7089 -0.5332 0.3475 -0.7089 -0.5332 0.3475 -0.705 -0.5332 0.3449 -0.705 -0.5377 0.3449 -0.7089 -0.5377 0.344 -0.7089 -0.5429 0.344 -0.705 -0.5429 0.3449 -0.705 -0.548 0.3449 -0.7089 -0.548 0.3475 -0.705 -0.5525 0.3475 -0.7089 -0.5525 0.3515 -0.7089 -0.5558 0.3475 -0.7089 -0.5525 0.3475 -0.705 -0.5525 0.3515 -0.705 -0.5558 0.3564 -0.705 -0.5576 0.3564 -0.7089 -0.5576 0.3616 -0.705 -0.5576 0.3616 -0.7089 -0.5576 0.3665 -0.705 -0.5558 0.3665 -0.7089 -0.5558 0.3705 -0.705 -0.5525 0.3705 -0.7089 -0.5525 0.3705 -0.7089 -0.5525 0.3705 -0.705 -0.5525 0.3731 -0.705 -0.548 0.3731 -0.7089 -0.548 0.3666 -0.7109 -0.5365 0.364 -0.7109 -0.5343 0.3683 -0.7109 -0.5463 0.3683 -0.7109 -0.5395 0.3607 -0.7109 -0.5331 0.3573 -0.7109 -0.5331 0.3514 -0.7109 -0.5365 0.354 -0.7109 -0.5343 0.3497 -0.7109 -0.5395 0.3491 -0.7109 -0.5429 0.3514 -0.7109 -0.5492 0.3497 -0.7109 -0.5463 0.364 -0.7109 -0.5515 0.354 -0.7109 -0.5515 0.3573 -0.7109 -0.5526 0.3607 -0.7109 -0.5526 0.3666 -0.7109 -0.5492 0.3689 -0.7109 -0.5429 0.374 -0.7089 -0.5429 0.3731 -0.7089 -0.5377 0.3683 -0.7089 -0.5395 0.3689 -0.7089 -0.5429 0.3705 -0.7089 -0.5332 0.3666 -0.7089 -0.5365 0.3665 -0.7089 -0.5299 0.364 -0.7089 -0.5343 0.3616 -0.7089 -0.5281 0.3607 -0.7089 -0.5331 0.3564 -0.7089 -0.5281 0.3573 -0.7089 -0.5331 0.3515 -0.7089 -0.5299 0.354 -0.7089 -0.5343 0.3475 -0.7089 -0.5332 0.3514 -0.7089 -0.5365 0.3449 -0.7089 -0.5377 0.3497 -0.7089 -0.5395 0.344 -0.7089 -0.5429 0.3491 -0.7089 -0.5429 0.3449 -0.7089 -0.548 0.3497 -0.7089 -0.5463 0.3491 -0.7089 -0.5429 0.344 -0.7089 -0.5429 0.3475 -0.7089 -0.5525 0.3514 -0.7089 -0.5492 0.3497 -0.7089 -0.5463 0.3449 -0.7089 -0.548 0.3515 -0.7089 -0.5558 0.354 -0.7089 -0.5515 0.3564 -0.7089 -0.5576 0.3573 -0.7089 -0.5526 0.3616 -0.7089 -0.5576 0.3607 -0.7089 -0.5526 0.3665 -0.7089 -0.5558 0.364 -0.7089 -0.5515 0.3705 -0.7089 -0.5525 0.3666 -0.7089 -0.5492 0.3731 -0.7089 -0.548 0.3683 -0.7089 -0.5463 0.374 -0.7089 -0.5429 0.3689 -0.7089 -0.5429 0.3683 -0.7089 -0.5463 0.3731 -0.7089 -0.548 0.3683 -0.7089 -0.5395 0.3683 -0.7109 -0.5395 0.3689 -0.7109 -0.5429 0.3689 -0.7089 -0.5429 0.3683 -0.7089 -0.5395 0.3666 -0.7089 -0.5365 0.3666 -0.7109 -0.5365 0.3683 -0.7109 -0.5395 0.3666 -0.7109 -0.5365 0.3666 -0.7089 -0.5365 0.364 -0.7089 -0.5343 0.364 -0.7109 -0.5343 0.364 -0.7089 -0.5343 0.3607 -0.7089 -0.5331 0.3607 -0.7109 -0.5331 0.364 -0.7109 -0.5343 0.3607 -0.7089 -0.5331 0.3573 -0.7089 -0.5331 0.3573 -0.7109 -0.5331 0.3607 -0.7109 -0.5331 0.354 -0.7089 -0.5343 0.354 -0.7109 -0.5343 0.3573 -0.7109 -0.5331 0.3573 -0.7089 -0.5331 0.3514 -0.7089 -0.5365 0.3514 -0.7109 -0.5365 0.354 -0.7109 -0.5343 0.354 -0.7089 -0.5343 0.3497 -0.7089 -0.5395 0.3497 -0.7109 -0.5395 0.3514 -0.7109 -0.5365 0.3514 -0.7089 -0.5365 0.3491 -0.7109 -0.5429 0.3497 -0.7109 -0.5395 0.3497 -0.7089 -0.5395 0.3491 -0.7089 -0.5429 0.3491 -0.7109 -0.5429 0.3491 -0.7089 -0.5429 0.3497 -0.7089 -0.5463 0.3497 -0.7109 -0.5463 0.3497 -0.7089 -0.5463 0.3514 -0.7089 -0.5492 0.3514 -0.7109 -0.5492 0.3497 -0.7109 -0.5463 0.354 -0.7089 -0.5515 0.354 -0.7109 -0.5515 0.3514 -0.7109 -0.5492 0.3514 -0.7089 -0.5492 0.354 -0.7089 -0.5515 0.3573 -0.7089 -0.5526 0.3573 -0.7109 -0.5526 0.354 -0.7109 -0.5515 0.3573 -0.7109 -0.5526 0.3573 -0.7089 -0.5526 0.3607 -0.7089 -0.5526 0.3607 -0.7109 -0.5526 0.3607 -0.7089 -0.5526 0.364 -0.7089 -0.5515 0.364 -0.7109 -0.5515 0.3607 -0.7109 -0.5526 0.364 -0.7109 -0.5515 0.364 -0.7089 -0.5515 0.3666 -0.7089 -0.5492 0.3666 -0.7109 -0.5492 0.3666 -0.7089 -0.5492 0.3683 -0.7089 -0.5463 0.3683 -0.7109 -0.5463 0.3666 -0.7109 -0.5492 0.3683 -0.7089 -0.5463 0.3689 -0.7089 -0.5429 0.3689 -0.7109 -0.5429 0.3683 -0.7109 -0.5463 0.374 -0.7089 -0.2714 0.374 -0.705 -0.2714 0.3731 -0.705 -0.2663 0.3731 -0.7089 -0.2663 0.3705 -0.705 -0.2618 0.3705 -0.7089 -0.2618 0.3705 -0.705 -0.2618 0.3665 -0.705 -0.2584 0.3665 -0.7089 -0.2584 0.3705 -0.7089 -0.2618 0.3616 -0.7089 -0.2567 0.3616 -0.705 -0.2567 0.3564 -0.705 -0.2567 0.3564 -0.7089 -0.2567 0.3515 -0.705 -0.2584 0.3515 -0.7089 -0.2584 0.3475 -0.705 -0.2618 0.3475 -0.7089 -0.2618 0.3475 -0.705 -0.2618 0.3449 -0.705 -0.2663 0.3449 -0.7089 -0.2663 0.3475 -0.7089 -0.2618 0.344 -0.705 -0.2714 0.344 -0.7089 -0.2714 0.3449 -0.705 -0.2766 0.3449 -0.7089 -0.2766 0.3475 -0.705 -0.2811 0.3475 -0.7089 -0.2811 0.3475 -0.705 -0.2811 0.3515 -0.705 -0.2844 0.3515 -0.7089 -0.2844 0.3475 -0.7089 -0.2811 0.3564 -0.7089 -0.2862 0.3564 -0.705 -0.2862 0.3616 -0.705 -0.2862 0.3616 -0.7089 -0.2862 0.3665 -0.705 -0.2844 0.3665 -0.7089 -0.2844 0.3705 -0.705 -0.2811 0.3705 -0.7089 -0.2811 0.3705 -0.705 -0.2811 0.3731 -0.705 -0.2766 0.3731 -0.7089 -0.2766 0.3705 -0.7089 -0.2811 0.3666 -0.7109 -0.2651 0.364 -0.7109 -0.2628 0.3683 -0.7109 -0.2748 0.3683 -0.7109 -0.268 0.3514 -0.7109 -0.2651 0.3607 -0.7109 -0.2617 0.3573 -0.7109 -0.2617 0.354 -0.7109 -0.2628 0.3497 -0.7109 -0.268 0.3491 -0.7109 -0.2714 0.3514 -0.7109 -0.2778 0.3497 -0.7109 -0.2748 0.354 -0.7109 -0.28 0.3573 -0.7109 -0.2812 0.364 -0.7109 -0.28 0.3607 -0.7109 -0.2812 0.3666 -0.7109 -0.2778 0.3689 -0.7109 -0.2714 0.3683 -0.7089 -0.268 0.3689 -0.7089 -0.2714 0.374 -0.7089 -0.2714 0.3731 -0.7089 -0.2663 0.3705 -0.7089 -0.2618 0.3666 -0.7089 -0.2651 0.3665 -0.7089 -0.2584 0.364 -0.7089 -0.2628 0.3616 -0.7089 -0.2567 0.3607 -0.7089 -0.2617 0.3564 -0.7089 -0.2567 0.3573 -0.7089 -0.2617 0.3515 -0.7089 -0.2584 0.354 -0.7089 -0.2628 0.3475 -0.7089 -0.2618 0.3514 -0.7089 -0.2651 0.3449 -0.7089 -0.2663 0.3497 -0.7089 -0.268 0.344 -0.7089 -0.2714 0.3491 -0.7089 -0.2714 0.3449 -0.7089 -0.2766 0.3497 -0.7089 -0.2748 0.3475 -0.7089 -0.2811 0.3514 -0.7089 -0.2778 0.3515 -0.7089 -0.2844 0.354 -0.7089 -0.28 0.3564 -0.7089 -0.2862 0.3573 -0.7089 -0.2812 0.3616 -0.7089 -0.2862 0.3607 -0.7089 -0.2812 0.3665 -0.7089 -0.2844 0.364 -0.7089 -0.28 0.3705 -0.7089 -0.2811 0.3666 -0.7089 -0.2778 0.3731 -0.7089 -0.2766 0.3683 -0.7089 -0.2748 0.3689 -0.7089 -0.2714 0.3683 -0.7089 -0.268 0.3683 -0.7109 -0.268 0.3689 -0.7109 -0.2714 0.3666 -0.7089 -0.2651 0.3666 -0.7109 -0.2651 0.3683 -0.7109 -0.268 0.3683 -0.7089 -0.268 0.3666 -0.7089 -0.2651 0.364 -0.7089 -0.2628 0.364 -0.7109 -0.2628 0.3666 -0.7109 -0.2651 0.364 -0.7089 -0.2628 0.3607 -0.7089 -0.2617 0.3607 -0.7109 -0.2617 0.364 -0.7109 -0.2628 0.3607 -0.7089 -0.2617 0.3573 -0.7089 -0.2617 0.3573 -0.7109 -0.2617 0.3607 -0.7109 -0.2617 0.3573 -0.7109 -0.2617 0.3573 -0.7089 -0.2617 0.354 -0.7089 -0.2628 0.354 -0.7109 -0.2628 0.3514 -0.7109 -0.2651 0.354 -0.7109 -0.2628 0.354 -0.7089 -0.2628 0.3514 -0.7089 -0.2651 0.3514 -0.7089 -0.2651 0.3497 -0.7089 -0.268 0.3497 -0.7109 -0.268 0.3514 -0.7109 -0.2651 0.3491 -0.7109 -0.2714 0.3497 -0.7109 -0.268 0.3497 -0.7089 -0.268 0.3491 -0.7089 -0.2714 0.3497 -0.7089 -0.2748 0.3497 -0.7109 -0.2748 0.3491 -0.7109 -0.2714 0.3491 -0.7089 -0.2714 0.3497 -0.7109 -0.2748 0.3497 -0.7089 -0.2748 0.3514 -0.7089 -0.2778 0.3514 -0.7109 -0.2778 0.354 -0.7089 -0.28 0.354 -0.7109 -0.28 0.3514 -0.7109 -0.2778 0.3514 -0.7089 -0.2778 0.354 -0.7089 -0.28 0.3573 -0.7089 -0.2812 0.3573 -0.7109 -0.2812 0.354 -0.7109 -0.28 0.3607 -0.7089 -0.2812 0.3607 -0.7109 -0.2812 0.3573 -0.7109 -0.2812 0.3573 -0.7089 -0.2812 0.3607 -0.7089 -0.2812 0.364 -0.7089 -0.28 0.364 -0.7109 -0.28 0.3607 -0.7109 -0.2812 0.364 -0.7089 -0.28 0.3666 -0.7089 -0.2778 0.3666 -0.7109 -0.2778 0.364 -0.7109 -0.28 0.3666 -0.7089 -0.2778 0.3683 -0.7089 -0.2748 0.3683 -0.7109 -0.2748 0.3666 -0.7109 -0.2778 0.3683 -0.7089 -0.2748 0.3689 -0.7089 -0.2714 0.3689 -0.7109 -0.2714 0.3683 -0.7109 -0.2748 0.374 -0.705 0 0.3731 -0.705 0.005099952 0.3731 -0.7089 0.005099952 0.374 -0.7089 0 0.3705 -0.705 0.009599983 0.3705 -0.7089 0.009599983 0.3705 -0.705 0.009599983 0.3665 -0.705 0.01299995 0.3665 -0.7089 0.01299995 0.3705 -0.7089 0.009599983 0.3616 -0.705 0.01479995 0.3616 -0.7089 0.01479995 0.3564 -0.705 0.01479995 0.3564 -0.7089 0.01479995 0.3515 -0.705 0.01299995 0.3515 -0.7089 0.01299995 0.3475 -0.705 0.009599983 0.3475 -0.7089 0.009599983 0.3475 -0.705 0.009599983 0.3449 -0.705 0.005099952 0.3449 -0.7089 0.005099952 0.3475 -0.7089 0.009599983 0.344 -0.705 0 0.344 -0.7089 0 0.3449 -0.705 -0.005099952 0.3449 -0.7089 -0.005099952 0.3475 -0.705 -0.009599983 0.3475 -0.7089 -0.009599983 0.3475 -0.705 -0.009599983 0.3515 -0.705 -0.01299995 0.3515 -0.7089 -0.01299995 0.3475 -0.7089 -0.009599983 0.3564 -0.705 -0.01479995 0.3564 -0.7089 -0.01479995 0.3616 -0.705 -0.01479995 0.3616 -0.7089 -0.01479995 0.3665 -0.705 -0.01299995 0.3665 -0.7089 -0.01299995 0.3705 -0.705 -0.009599983 0.3705 -0.7089 -0.009599983 0.3705 -0.705 -0.009599983 0.3731 -0.705 -0.005099952 0.3731 -0.7089 -0.005099952 0.3705 -0.7089 -0.009599983 0.3683 -0.7109 0.003399968 0.3666 -0.7109 0.006399989 0.364 -0.7109 0.008599996 0.3683 -0.7109 -0.003399968 0.3607 -0.7109 0.009799957 0.3573 -0.7109 0.009799957 0.3514 -0.7109 0.006399989 0.354 -0.7109 0.008599996 0.3497 -0.7109 0.003399968 0.3491 -0.7109 0 0.3514 -0.7109 -0.006399989 0.3497 -0.7109 -0.003399968 0.354 -0.7109 -0.008599996 0.3573 -0.7109 -0.009799957 0.364 -0.7109 -0.008599996 0.3607 -0.7109 -0.009799957 0.3666 -0.7109 -0.006399989 0.3689 -0.7109 0 0.3689 -0.7089 0 0.374 -0.7089 0 0.3731 -0.7089 0.005099952 0.3683 -0.7089 0.003399968 0.3705 -0.7089 0.009599983 0.3666 -0.7089 0.006399989 0.364 -0.7089 0.008599996 0.3665 -0.7089 0.01299995 0.3616 -0.7089 0.01479995 0.3607 -0.7089 0.009799957 0.3564 -0.7089 0.01479995 0.3573 -0.7089 0.009799957 0.3515 -0.7089 0.01299995 0.354 -0.7089 0.008599996 0.3475 -0.7089 0.009599983 0.3514 -0.7089 0.006399989 0.3449 -0.7089 0.005099952 0.3497 -0.7089 0.003399968 0.344 -0.7089 0 0.3491 -0.7089 0 0.3449 -0.7089 -0.005099952 0.3497 -0.7089 -0.003399968 0.3475 -0.7089 -0.009599983 0.3514 -0.7089 -0.006399989 0.354 -0.7089 -0.008599996 0.3515 -0.7089 -0.01299995 0.3564 -0.7089 -0.01479995 0.3573 -0.7089 -0.009799957 0.3607 -0.7089 -0.009799957 0.3616 -0.7089 -0.01479995 0.3665 -0.7089 -0.01299995 0.364 -0.7089 -0.008599996 0.3705 -0.7089 -0.009599983 0.3666 -0.7089 -0.006399989 0.3731 -0.7089 -0.005099952 0.3683 -0.7089 -0.003399968 0.3689 -0.7089 0 0.3683 -0.7089 0.003399968 0.3683 -0.7109 0.003399968 0.3689 -0.7109 0 0.3666 -0.7109 0.006399989 0.3683 -0.7109 0.003399968 0.3683 -0.7089 0.003399968 0.3666 -0.7089 0.006399989 0.3666 -0.7109 0.006399989 0.3666 -0.7089 0.006399989 0.364 -0.7089 0.008599996 0.364 -0.7109 0.008599996 0.3607 -0.7109 0.009799957 0.364 -0.7109 0.008599996 0.364 -0.7089 0.008599996 0.3607 -0.7089 0.009799957 0.3607 -0.7109 0.009799957 0.3607 -0.7089 0.009799957 0.3573 -0.7089 0.009799957 0.3573 -0.7109 0.009799957 0.3573 -0.7109 0.009799957 0.3573 -0.7089 0.009799957 0.354 -0.7089 0.008599996 0.354 -0.7109 0.008599996 0.354 -0.7089 0.008599996 0.3514 -0.7089 0.006399989 0.3514 -0.7109 0.006399989 0.354 -0.7109 0.008599996 0.3497 -0.7089 0.003399968 0.3497 -0.7109 0.003399968 0.3514 -0.7109 0.006399989 0.3514 -0.7089 0.006399989 0.3497 -0.7109 0.003399968 0.3497 -0.7089 0.003399968 0.3491 -0.7089 0 0.3491 -0.7109 0 0.3491 -0.7109 0 0.3491 -0.7089 0 0.3497 -0.7089 -0.003399968 0.3497 -0.7109 -0.003399968 0.3497 -0.7109 -0.003399968 0.3497 -0.7089 -0.003399968 0.3514 -0.7089 -0.006399989 0.3514 -0.7109 -0.006399989 0.3514 -0.7109 -0.006399989 0.3514 -0.7089 -0.006399989 0.354 -0.7089 -0.008599996 0.354 -0.7109 -0.008599996 0.354 -0.7109 -0.008599996 0.354 -0.7089 -0.008599996 0.3573 -0.7089 -0.009799957 0.3573 -0.7109 -0.009799957 0.3573 -0.7109 -0.009799957 0.3573 -0.7089 -0.009799957 0.3607 -0.7089 -0.009799957 0.3607 -0.7109 -0.009799957 0.3607 -0.7109 -0.009799957 0.3607 -0.7089 -0.009799957 0.364 -0.7089 -0.008599996 0.364 -0.7109 -0.008599996 0.364 -0.7089 -0.008599996 0.3666 -0.7089 -0.006399989 0.3666 -0.7109 -0.006399989 0.364 -0.7109 -0.008599996 0.3666 -0.7089 -0.006399989 0.3683 -0.7089 -0.003399968 0.3683 -0.7109 -0.003399968 0.3666 -0.7109 -0.006399989 0.3683 -0.7089 -0.003399968 0.3689 -0.7089 0 0.3689 -0.7109 0 0.3683 -0.7109 -0.003399968 0.374 -0.705 0.2714 0.3731 -0.705 0.2766 0.3731 -0.7089 0.2766 0.374 -0.7089 0.2714 0.3705 -0.705 0.2811 0.3705 -0.7089 0.2811 0.3705 -0.705 0.2811 0.3665 -0.705 0.2844 0.3665 -0.7089 0.2844 0.3705 -0.7089 0.2811 0.3616 -0.705 0.2862 0.3616 -0.7089 0.2862 0.3564 -0.705 0.2862 0.3564 -0.7089 0.2862 0.3515 -0.705 0.2844 0.3515 -0.7089 0.2844 0.3475 -0.705 0.2811 0.3475 -0.7089 0.2811 0.3475 -0.705 0.2811 0.3449 -0.705 0.2766 0.3449 -0.7089 0.2766 0.3475 -0.7089 0.2811 0.344 -0.705 0.2714 0.344 -0.7089 0.2714 0.3449 -0.705 0.2663 0.3449 -0.7089 0.2663 0.3475 -0.705 0.2618 0.3475 -0.7089 0.2618 0.3475 -0.705 0.2618 0.3515 -0.705 0.2584 0.3515 -0.7089 0.2584 0.3475 -0.7089 0.2618 0.3564 -0.705 0.2567 0.3564 -0.7089 0.2567 0.3616 -0.705 0.2567 0.3616 -0.7089 0.2567 0.3665 -0.705 0.2584 0.3665 -0.7089 0.2584 0.3705 -0.705 0.2618 0.3705 -0.7089 0.2618 0.3705 -0.705 0.2618 0.3731 -0.705 0.2663 0.3731 -0.7089 0.2663 0.3705 -0.7089 0.2618 0.3683 -0.7109 0.2748 0.3666 -0.7109 0.2778 0.364 -0.7109 0.28 0.3683 -0.7109 0.268 0.3607 -0.7109 0.2812 0.3573 -0.7109 0.2812 0.3514 -0.7109 0.2778 0.354 -0.7109 0.28 0.3497 -0.7109 0.2748 0.3491 -0.7109 0.2714 0.3514 -0.7109 0.2651 0.3497 -0.7109 0.268 0.354 -0.7109 0.2628 0.3573 -0.7109 0.2617 0.364 -0.7109 0.2628 0.3607 -0.7109 0.2617 0.3666 -0.7109 0.2651 0.3689 -0.7109 0.2714 0.3689 -0.7089 0.2714 0.374 -0.7089 0.2714 0.3731 -0.7089 0.2766 0.3683 -0.7089 0.2748 0.3705 -0.7089 0.2811 0.3666 -0.7089 0.2778 0.364 -0.7089 0.28 0.3665 -0.7089 0.2844 0.3616 -0.7089 0.2862 0.3607 -0.7089 0.2812 0.3564 -0.7089 0.2862 0.3573 -0.7089 0.2812 0.3515 -0.7089 0.2844 0.354 -0.7089 0.28 0.3475 -0.7089 0.2811 0.3514 -0.7089 0.2778 0.3449 -0.7089 0.2766 0.3497 -0.7089 0.2748 0.344 -0.7089 0.2714 0.3491 -0.7089 0.2714 0.3449 -0.7089 0.2663 0.3497 -0.7089 0.268 0.3475 -0.7089 0.2618 0.3514 -0.7089 0.2651 0.354 -0.7089 0.2628 0.3515 -0.7089 0.2584 0.3564 -0.7089 0.2567 0.3573 -0.7089 0.2617 0.3607 -0.7089 0.2617 0.3616 -0.7089 0.2567 0.3665 -0.7089 0.2584 0.364 -0.7089 0.2628 0.3705 -0.7089 0.2618 0.3666 -0.7089 0.2651 0.3731 -0.7089 0.2663 0.3683 -0.7089 0.268 0.3689 -0.7089 0.2714 0.3683 -0.7089 0.2748 0.3683 -0.7109 0.2748 0.3689 -0.7109 0.2714 0.3666 -0.7109 0.2778 0.3683 -0.7109 0.2748 0.3683 -0.7089 0.2748 0.3666 -0.7089 0.2778 0.3666 -0.7109 0.2778 0.3666 -0.7089 0.2778 0.364 -0.7089 0.28 0.364 -0.7109 0.28 0.3607 -0.7109 0.2812 0.364 -0.7109 0.28 0.364 -0.7089 0.28 0.3607 -0.7089 0.2812 0.3607 -0.7109 0.2812 0.3607 -0.7089 0.2812 0.3573 -0.7089 0.2812 0.3573 -0.7109 0.2812 0.3573 -0.7109 0.2812 0.3573 -0.7089 0.2812 0.354 -0.7089 0.28 0.354 -0.7109 0.28 0.354 -0.7089 0.28 0.3514 -0.7089 0.2778 0.3514 -0.7109 0.2778 0.354 -0.7109 0.28 0.3497 -0.7089 0.2748 0.3497 -0.7109 0.2748 0.3514 -0.7109 0.2778 0.3514 -0.7089 0.2778 0.3497 -0.7109 0.2748 0.3497 -0.7089 0.2748 0.3491 -0.7089 0.2714 0.3491 -0.7109 0.2714 0.3491 -0.7109 0.2714 0.3491 -0.7089 0.2714 0.3497 -0.7089 0.268 0.3497 -0.7109 0.268 0.3497 -0.7109 0.268 0.3497 -0.7089 0.268 0.3514 -0.7089 0.2651 0.3514 -0.7109 0.2651 0.3514 -0.7109 0.2651 0.3514 -0.7089 0.2651 0.354 -0.7089 0.2628 0.354 -0.7109 0.2628 0.354 -0.7109 0.2628 0.354 -0.7089 0.2628 0.3573 -0.7089 0.2617 0.3573 -0.7109 0.2617 0.3573 -0.7109 0.2617 0.3573 -0.7089 0.2617 0.3607 -0.7089 0.2617 0.3607 -0.7109 0.2617 0.3607 -0.7109 0.2617 0.3607 -0.7089 0.2617 0.364 -0.7089 0.2628 0.364 -0.7109 0.2628 0.364 -0.7089 0.2628 0.3666 -0.7089 0.2651 0.3666 -0.7109 0.2651 0.364 -0.7109 0.2628 0.3666 -0.7089 0.2651 0.3683 -0.7089 0.268 0.3683 -0.7109 0.268 0.3666 -0.7109 0.2651 0.3683 -0.7089 0.268 0.3689 -0.7089 0.2714 0.3689 -0.7109 0.2714 0.3683 -0.7109 0.268 0.374 -0.705 0.5429 0.3731 -0.705 0.548 0.3731 -0.7089 0.548 0.374 -0.7089 0.5429 0.3705 -0.705 0.5525 0.3705 -0.7089 0.5525 0.3705 -0.705 0.5525 0.3665 -0.705 0.5558 0.3665 -0.7089 0.5558 0.3705 -0.7089 0.5525 0.3616 -0.705 0.5576 0.3616 -0.7089 0.5576 0.3564 -0.705 0.5576 0.3564 -0.7089 0.5576 0.3515 -0.705 0.5558 0.3515 -0.7089 0.5558 0.3475 -0.705 0.5525 0.3475 -0.7089 0.5525 0.3475 -0.705 0.5525 0.3449 -0.705 0.548 0.3449 -0.7089 0.548 0.3475 -0.7089 0.5525 0.344 -0.705 0.5429 0.344 -0.7089 0.5429 0.3449 -0.705 0.5377 0.3449 -0.7089 0.5377 0.3475 -0.705 0.5332 0.3475 -0.7089 0.5332 0.3475 -0.705 0.5332 0.3515 -0.705 0.5299 0.3515 -0.7089 0.5299 0.3475 -0.7089 0.5332 0.3564 -0.705 0.5281 0.3564 -0.7089 0.5281 0.3616 -0.705 0.5281 0.3616 -0.7089 0.5281 0.3665 -0.705 0.5299 0.3665 -0.7089 0.5299 0.3705 -0.705 0.5332 0.3705 -0.7089 0.5332 0.3705 -0.705 0.5332 0.3731 -0.705 0.5377 0.3731 -0.7089 0.5377 0.3705 -0.7089 0.5332 0.3683 -0.7109 0.5463 0.3666 -0.7109 0.5492 0.364 -0.7109 0.5515 0.3683 -0.7109 0.5395 0.3607 -0.7109 0.5526 0.3573 -0.7109 0.5526 0.3514 -0.7109 0.5492 0.354 -0.7109 0.5515 0.3497 -0.7109 0.5463 0.3491 -0.7109 0.5429 0.3514 -0.7109 0.5365 0.3497 -0.7109 0.5395 0.354 -0.7109 0.5343 0.3573 -0.7109 0.5331 0.364 -0.7109 0.5343 0.3607 -0.7109 0.5331 0.3666 -0.7109 0.5365 0.3689 -0.7109 0.5429 0.3689 -0.7089 0.5429 0.374 -0.7089 0.5429 0.3731 -0.7089 0.548 0.3683 -0.7089 0.5463 0.3705 -0.7089 0.5525 0.3666 -0.7089 0.5492 0.364 -0.7089 0.5515 0.3665 -0.7089 0.5558 0.3616 -0.7089 0.5576 0.3607 -0.7089 0.5526 0.3564 -0.7089 0.5576 0.3573 -0.7089 0.5526 0.3515 -0.7089 0.5558 0.354 -0.7089 0.5515 0.3475 -0.7089 0.5525 0.3514 -0.7089 0.5492 0.3449 -0.7089 0.548 0.3497 -0.7089 0.5463 0.344 -0.7089 0.5429 0.3491 -0.7089 0.5429 0.3449 -0.7089 0.5377 0.3497 -0.7089 0.5395 0.3475 -0.7089 0.5332 0.3514 -0.7089 0.5365 0.354 -0.7089 0.5343 0.3515 -0.7089 0.5299 0.3564 -0.7089 0.5281 0.3573 -0.7089 0.5331 0.3607 -0.7089 0.5331 0.3616 -0.7089 0.5281 0.3665 -0.7089 0.5299 0.364 -0.7089 0.5343 0.3705 -0.7089 0.5332 0.3666 -0.7089 0.5365 0.3731 -0.7089 0.5377 0.3683 -0.7089 0.5395 0.3689 -0.7089 0.5429 0.3683 -0.7089 0.5463 0.3683 -0.7109 0.5463 0.3689 -0.7109 0.5429 0.3666 -0.7109 0.5492 0.3683 -0.7109 0.5463 0.3683 -0.7089 0.5463 0.3666 -0.7089 0.5492 0.3666 -0.7109 0.5492 0.3666 -0.7089 0.5492 0.364 -0.7089 0.5515 0.364 -0.7109 0.5515 0.3607 -0.7109 0.5526 0.364 -0.7109 0.5515 0.364 -0.7089 0.5515 0.3607 -0.7089 0.5526 0.3607 -0.7109 0.5526 0.3607 -0.7089 0.5526 0.3573 -0.7089 0.5526 0.3573 -0.7109 0.5526 0.3573 -0.7109 0.5526 0.3573 -0.7089 0.5526 0.354 -0.7089 0.5515 0.354 -0.7109 0.5515 0.354 -0.7089 0.5515 0.3514 -0.7089 0.5492 0.3514 -0.7109 0.5492 0.354 -0.7109 0.5515 0.3497 -0.7089 0.5463 0.3497 -0.7109 0.5463 0.3514 -0.7109 0.5492 0.3514 -0.7089 0.5492 0.3497 -0.7109 0.5463 0.3497 -0.7089 0.5463 0.3491 -0.7089 0.5429 0.3491 -0.7109 0.5429 0.3491 -0.7109 0.5429 0.3491 -0.7089 0.5429 0.3497 -0.7089 0.5395 0.3497 -0.7109 0.5395 0.3497 -0.7109 0.5395 0.3497 -0.7089 0.5395 0.3514 -0.7089 0.5365 0.3514 -0.7109 0.5365 0.3514 -0.7109 0.5365 0.3514 -0.7089 0.5365 0.354 -0.7089 0.5343 0.354 -0.7109 0.5343 0.354 -0.7109 0.5343 0.354 -0.7089 0.5343 0.3573 -0.7089 0.5331 0.3573 -0.7109 0.5331 0.3573 -0.7109 0.5331 0.3573 -0.7089 0.5331 0.3607 -0.7089 0.5331 0.3607 -0.7109 0.5331 0.3607 -0.7109 0.5331 0.3607 -0.7089 0.5331 0.364 -0.7089 0.5343 0.364 -0.7109 0.5343 0.364 -0.7089 0.5343 0.3666 -0.7089 0.5365 0.3666 -0.7109 0.5365 0.364 -0.7109 0.5343 0.3666 -0.7089 0.5365 0.3683 -0.7089 0.5395 0.3683 -0.7109 0.5395 0.3666 -0.7109 0.5365 0.3683 -0.7089 0.5395 0.3689 -0.7089 0.5429 0.3689 -0.7109 0.5429 0.3683 -0.7109 0.5395 0.374 -0.705 0.8143 0.3731 -0.705 0.8194 0.3731 -0.7089 0.8194 0.374 -0.7089 0.8143 0.3705 -0.705 0.8239 0.3705 -0.7089 0.8239 0.3705 -0.705 0.8239 0.3665 -0.705 0.8273 0.3665 -0.7089 0.8273 0.3705 -0.7089 0.8239 0.3616 -0.705 0.8291 0.3616 -0.7089 0.8291 0.3564 -0.705 0.8291 0.3564 -0.7089 0.8291 0.3515 -0.705 0.8273 0.3515 -0.7089 0.8273 0.3475 -0.705 0.8239 0.3475 -0.7089 0.8239 0.3475 -0.705 0.8239 0.3449 -0.705 0.8194 0.3449 -0.7089 0.8194 0.3475 -0.7089 0.8239 0.344 -0.705 0.8143 0.344 -0.7089 0.8143 0.3449 -0.705 0.8092 0.3449 -0.7089 0.8092 0.3475 -0.705 0.8046 0.3475 -0.7089 0.8046 0.3475 -0.705 0.8046 0.3515 -0.705 0.8013 0.3515 -0.7089 0.8013 0.3475 -0.7089 0.8046 0.3564 -0.705 0.7995 0.3564 -0.7089 0.7995 0.3616 -0.705 0.7995 0.3616 -0.7089 0.7995 0.3665 -0.705 0.8013 0.3665 -0.7089 0.8013 0.3705 -0.705 0.8046 0.3705 -0.7089 0.8046 0.3705 -0.705 0.8046 0.3731 -0.705 0.8092 0.3731 -0.7089 0.8092 0.3705 -0.7089 0.8046 0.3683 -0.7109 0.8177 0.3666 -0.7109 0.8207 0.364 -0.7109 0.8229 0.3683 -0.7109 0.8109 0.3607 -0.7109 0.8241 0.3573 -0.7109 0.8241 0.3514 -0.7109 0.8207 0.354 -0.7109 0.8229 0.3497 -0.7109 0.8177 0.3491 -0.7109 0.8143 0.3514 -0.7109 0.8079 0.3497 -0.7109 0.8109 0.354 -0.7109 0.8057 0.3573 -0.7109 0.8045 0.364 -0.7109 0.8057 0.3607 -0.7109 0.8045 0.3666 -0.7109 0.8079 0.3689 -0.7109 0.8143 0.3689 -0.7089 0.8143 0.374 -0.7089 0.8143 0.3731 -0.7089 0.8194 0.3683 -0.7089 0.8177 0.3705 -0.7089 0.8239 0.3666 -0.7089 0.8207 0.3683 -0.7089 0.8177 0.3731 -0.7089 0.8194 0.364 -0.7089 0.8229 0.3665 -0.7089 0.8273 0.364 -0.7089 0.8229 0.3665 -0.7089 0.8273 0.3616 -0.7089 0.8291 0.3607 -0.7089 0.8241 0.3564 -0.7089 0.8291 0.3573 -0.7089 0.8241 0.3564 -0.7089 0.8291 0.3515 -0.7089 0.8273 0.354 -0.7089 0.8229 0.3573 -0.7089 0.8241 0.354 -0.7089 0.8229 0.3515 -0.7089 0.8273 0.3475 -0.7089 0.8239 0.3514 -0.7089 0.8207 0.3449 -0.7089 0.8194 0.3497 -0.7089 0.8177 0.344 -0.7089 0.8143 0.3491 -0.7089 0.8143 0.3449 -0.7089 0.8092 0.3497 -0.7089 0.8109 0.3497 -0.7089 0.8109 0.3449 -0.7089 0.8092 0.3475 -0.7089 0.8046 0.3514 -0.7089 0.8079 0.354 -0.7089 0.8057 0.3515 -0.7089 0.8013 0.3515 -0.7089 0.8013 0.3564 -0.7089 0.7995 0.3573 -0.7089 0.8045 0.354 -0.7089 0.8057 0.3607 -0.7089 0.8045 0.3573 -0.7089 0.8045 0.3564 -0.7089 0.7995 0.3616 -0.7089 0.7995 0.3607 -0.7089 0.8045 0.3616 -0.7089 0.7995 0.3665 -0.7089 0.8013 0.364 -0.7089 0.8057 0.364 -0.7089 0.8057 0.3665 -0.7089 0.8013 0.3705 -0.7089 0.8046 0.3666 -0.7089 0.8079 0.3731 -0.7089 0.8092 0.3683 -0.7089 0.8109 0.3731 -0.7089 0.8092 0.374 -0.7089 0.8143 0.3689 -0.7089 0.8143 0.3683 -0.7089 0.8109 0.3689 -0.7089 0.8143 0.3683 -0.7089 0.8177 0.3683 -0.7109 0.8177 0.3689 -0.7109 0.8143 0.3666 -0.7109 0.8207 0.3683 -0.7109 0.8177 0.3683 -0.7089 0.8177 0.3666 -0.7089 0.8207 0.3666 -0.7109 0.8207 0.3666 -0.7089 0.8207 0.364 -0.7089 0.8229 0.364 -0.7109 0.8229 0.3607 -0.7109 0.8241 0.364 -0.7109 0.8229 0.364 -0.7089 0.8229 0.3607 -0.7089 0.8241 0.3607 -0.7109 0.8241 0.3607 -0.7089 0.8241 0.3573 -0.7089 0.8241 0.3573 -0.7109 0.8241 0.3573 -0.7109 0.8241 0.3573 -0.7089 0.8241 0.354 -0.7089 0.8229 0.354 -0.7109 0.8229 0.354 -0.7089 0.8229 0.3514 -0.7089 0.8207 0.3514 -0.7109 0.8207 0.354 -0.7109 0.8229 0.3497 -0.7089 0.8177 0.3497 -0.7109 0.8177 0.3514 -0.7109 0.8207 0.3514 -0.7089 0.8207 0.3497 -0.7109 0.8177 0.3497 -0.7089 0.8177 0.3491 -0.7089 0.8143 0.3491 -0.7109 0.8143 0.3491 -0.7109 0.8143 0.3491 -0.7089 0.8143 0.3497 -0.7089 0.8109 0.3497 -0.7109 0.8109 0.3497 -0.7109 0.8109 0.3497 -0.7089 0.8109 0.3514 -0.7089 0.8079 0.3514 -0.7109 0.8079 0.3514 -0.7109 0.8079 0.3514 -0.7089 0.8079 0.354 -0.7089 0.8057 0.354 -0.7109 0.8057 0.354 -0.7109 0.8057 0.354 -0.7089 0.8057 0.3573 -0.7089 0.8045 0.3573 -0.7109 0.8045 0.3573 -0.7109 0.8045 0.3573 -0.7089 0.8045 0.3607 -0.7089 0.8045 0.3607 -0.7109 0.8045 0.3607 -0.7109 0.8045 0.3607 -0.7089 0.8045 0.364 -0.7089 0.8057 0.364 -0.7109 0.8057 0.364 -0.7089 0.8057 0.3666 -0.7089 0.8079 0.3666 -0.7109 0.8079 0.364 -0.7109 0.8057 0.3666 -0.7089 0.8079 0.3683 -0.7089 0.8109 0.3683 -0.7109 0.8109 0.3666 -0.7109 0.8079 0.3683 -0.7089 0.8109 0.3689 -0.7089 0.8143 0.3689 -0.7109 0.8143 0.3683 -0.7109 0.8109 0.4005 -0.7078 -0.8641 0.4005 -0.7089 -0.872 0.4005 -0.7089 -0.9725 0.4005 -0.7047 -0.859 0.4005 -0.6996 -0.856 0.4005 -0.6917 -0.8548 0.4005 -0.6996 -0.9886 0.4005 -0.6917 -0.9897 0.4005 -0.5885 -0.9897 0.4005 -0.7047 -0.9855 0.4005 -0.7078 -0.9805 0.4005 -0.5724 -0.9805 0.4005 -0.5713 -0.9725 0.4005 -0.5713 -0.872 0.4005 -0.5755 -0.9855 0.4005 -0.5806 -0.9886 0.4005 -0.5724 -0.8641 0.4005 -0.5755 -0.859 0.4005 -0.5806 -0.856 0.4005 -0.5885 -0.8548 0.3879 -0.5683 -0.8718 0.3975 -0.5683 -0.8718 0.3975 -0.5683 -0.9727 0.3879 -0.5683 -0.9727 0.3879 -0.5883 -0.9927 0.3975 -0.5883 -0.9927 0.3975 -0.6919 -0.9927 0.3879 -0.6919 -0.9927 0.3879 -0.7119 -0.9727 0.3975 -0.7119 -0.9727 0.3975 -0.7119 -0.8718 0.3879 -0.7119 -0.8718 0.3879 -0.6919 -0.8518 0.3975 -0.6919 -0.8518 0.3975 -0.5883 -0.8518 0.3879 -0.5883 -0.8518 0.3975 -0.5696 -0.9815 0.3879 -0.5696 -0.9815 0.3879 -0.5696 -0.8631 0.3975 -0.5696 -0.8631 0.3975 -0.7007 -0.9915 0.3879 -0.7007 -0.9915 0.3975 -0.7107 -0.8631 0.3879 -0.7107 -0.8631 0.3975 -0.5733 -0.9877 0.3879 -0.5733 -0.9877 0.3975 -0.5796 -0.9915 0.3879 -0.5796 -0.9915 0.3879 -0.5733 -0.9877 0.3975 -0.5733 -0.9877 0.3879 -0.5733 -0.8568 0.3975 -0.5733 -0.8568 0.3879 -0.5796 -0.8531 0.3975 -0.5796 -0.8531 0.3975 -0.5733 -0.8568 0.3879 -0.5733 -0.8568 0.3975 -0.7069 -0.9877 0.3879 -0.7069 -0.9877 0.3975 -0.7107 -0.9815 0.3879 -0.7107 -0.9815 0.3879 -0.7069 -0.9877 0.3975 -0.7069 -0.9877 0.3975 -0.7069 -0.8568 0.3879 -0.7069 -0.8568 0.3975 -0.7007 -0.8531 0.3879 -0.7007 -0.8531 0.3879 -0.7069 -0.8568 0.3975 -0.7069 -0.8568 0.4005 -0.5713 -0.9725 0.3997 -0.5691 -0.9727 0.3997 -0.5691 -0.8719 0.4005 -0.5713 -0.872 0.3997 -0.6919 -0.992 0.3997 -0.5884 -0.992 0.4005 -0.5885 -0.9897 0.4005 -0.6917 -0.9897 0.3997 -0.7112 -0.8719 0.3997 -0.7112 -0.9727 0.4005 -0.7089 -0.9725 0.4005 -0.7089 -0.872 0.4005 -0.5885 -0.8548 0.3997 -0.5884 -0.8526 0.3997 -0.6919 -0.8526 0.4005 -0.6917 -0.8548 0.3997 -0.5703 -0.8633 0.3997 -0.5691 -0.8719 0.3997 -0.5884 -0.992 0.3997 -0.5798 -0.9908 0.3997 -0.7004 -0.8538 0.3997 -0.6919 -0.8526 0.3997 -0.7099 -0.9812 0.3997 -0.7112 -0.9727 0.3997 -0.5884 -0.8526 0.3997 -0.5798 -0.8538 0.3997 -0.5738 -0.8574 0.3997 -0.5738 -0.8574 0.3997 -0.5691 -0.9727 0.3997 -0.5703 -0.9812 0.3997 -0.5738 -0.9872 0.3997 -0.5738 -0.9872 0.3997 -0.7099 -0.8633 0.3997 -0.7112 -0.8719 0.3997 -0.7064 -0.8574 0.3997 -0.7064 -0.8574 0.3997 -0.6919 -0.992 0.3997 -0.7004 -0.9908 0.3997 -0.7064 -0.9872 0.3997 -0.7064 -0.9872 0.3997 -0.5703 -0.8633 0.4005 -0.5724 -0.8641 0.3997 -0.5798 -0.9908 0.4005 -0.5806 -0.9886 0.3997 -0.7004 -0.8538 0.4005 -0.6996 -0.856 0.3997 -0.7099 -0.9812 0.4005 -0.7078 -0.9805 0.3997 -0.5798 -0.8538 0.4005 -0.5806 -0.856 0.3997 -0.5738 -0.8574 0.4005 -0.5755 -0.859 0.3997 -0.5703 -0.9812 0.4005 -0.5724 -0.9805 0.4005 -0.5755 -0.9855 0.3997 -0.5738 -0.9872 0.4005 -0.7078 -0.8641 0.3997 -0.7099 -0.8633 0.3997 -0.7064 -0.8574 0.4005 -0.7047 -0.859 0.4005 -0.6996 -0.9886 0.3997 -0.7004 -0.9908 0.4005 -0.7047 -0.9855 0.3997 -0.7064 -0.9872 0.3996 -0.6919 -0.9854 0.4086 -0.6919 -0.9854 0.4086 -0.7023 -0.9794 0.3996 -0.7023 -0.9794 0.3996 -0.7023 -0.9794 0.4086 -0.7023 -0.9794 0.4086 -0.7023 -0.9674 0.3996 -0.7023 -0.9674 0.3996 -0.7023 -0.9674 0.4086 -0.7023 -0.9674 0.4086 -0.6919 -0.9614 0.3996 -0.6919 -0.9614 0.3996 -0.6919 -0.9614 0.4086 -0.6919 -0.9614 0.4086 -0.6815 -0.9674 0.3996 -0.6815 -0.9674 0.3996 -0.6815 -0.9674 0.4086 -0.6815 -0.9674 0.4086 -0.6815 -0.9794 0.3996 -0.6815 -0.9794 0.4086 -0.6815 -0.9794 0.4086 -0.6919 -0.9854 0.3996 -0.6919 -0.9854 0.3996 -0.6815 -0.9794 0.4096 -0.6825 -0.9788 0.4096 -0.6825 -0.968 0.4096 -0.6919 -0.9626 0.4096 -0.7013 -0.9788 0.4096 -0.7013 -0.968 0.4096 -0.6919 -0.9843 0.4096 -0.6919 -0.9843 0.4096 -0.7013 -0.9788 0.4086 -0.7023 -0.9794 0.4086 -0.6919 -0.9854 0.4086 -0.7023 -0.9674 0.4096 -0.7013 -0.968 0.4096 -0.6919 -0.9626 0.4086 -0.6919 -0.9614 0.4096 -0.6825 -0.968 0.4086 -0.6815 -0.9674 0.4086 -0.6815 -0.9794 0.4096 -0.6825 -0.9788 0.3996 -0.6919 -0.8831 0.4086 -0.6919 -0.8831 0.4086 -0.7023 -0.8771 0.3996 -0.7023 -0.8771 0.3996 -0.7023 -0.8771 0.4086 -0.7023 -0.8771 0.4086 -0.7023 -0.8651 0.3996 -0.7023 -0.8651 0.3996 -0.7023 -0.8651 0.4086 -0.7023 -0.8651 0.4086 -0.6919 -0.8591 0.3996 -0.6919 -0.8591 0.3996 -0.6919 -0.8591 0.4086 -0.6919 -0.8591 0.4086 -0.6815 -0.8651 0.3996 -0.6815 -0.8651 0.3996 -0.6815 -0.8651 0.4086 -0.6815 -0.8651 0.4086 -0.6815 -0.8771 0.3996 -0.6815 -0.8771 0.3996 -0.6815 -0.8771 0.4086 -0.6815 -0.8771 0.4086 -0.6919 -0.8831 0.3996 -0.6919 -0.8831 0.4096 -0.6825 -0.8765 0.4096 -0.6825 -0.8657 0.4096 -0.6919 -0.8603 0.4096 -0.7013 -0.8765 0.4096 -0.7013 -0.8657 0.4096 -0.6919 -0.882 0.4086 -0.7023 -0.8771 0.4086 -0.6919 -0.8831 0.4096 -0.6919 -0.882 0.4096 -0.7013 -0.8765 0.4086 -0.7023 -0.8771 0.4096 -0.7013 -0.8765 0.4096 -0.7013 -0.8657 0.4086 -0.7023 -0.8651 0.4086 -0.6919 -0.8591 0.4086 -0.7023 -0.8651 0.4096 -0.7013 -0.8657 0.4096 -0.6919 -0.8603 0.4086 -0.6919 -0.8591 0.4096 -0.6919 -0.8603 0.4096 -0.6825 -0.8657 0.4086 -0.6815 -0.8651 0.4086 -0.6815 -0.8771 0.4086 -0.6815 -0.8651 0.4096 -0.6825 -0.8657 0.4096 -0.6825 -0.8765 0.4096 -0.6825 -0.8765 0.4096 -0.6919 -0.882 0.4086 -0.6919 -0.8831 0.4086 -0.6815 -0.8771 0.3996 -0.5896 -0.8831 0.4086 -0.5896 -0.8831 0.4086 -0.6 -0.8771 0.3996 -0.6 -0.8771 0.3996 -0.6 -0.8771 0.4086 -0.6 -0.8771 0.4086 -0.6 -0.8651 0.3996 -0.6 -0.8651 0.3996 -0.6 -0.8651 0.4086 -0.6 -0.8651 0.4086 -0.5896 -0.8591 0.3996 -0.5896 -0.8591 0.4086 -0.5896 -0.8591 0.4086 -0.5792 -0.8651 0.3996 -0.5792 -0.8651 0.3996 -0.5896 -0.8591 0.3996 -0.5792 -0.8651 0.4086 -0.5792 -0.8651 0.4086 -0.5792 -0.8771 0.3996 -0.5792 -0.8771 0.3996 -0.5792 -0.8771 0.4086 -0.5792 -0.8771 0.4086 -0.5896 -0.8831 0.3996 -0.5896 -0.8831 0.4096 -0.5802 -0.8765 0.4096 -0.5802 -0.8657 0.4096 -0.5896 -0.8603 0.4096 -0.599 -0.8765 0.4096 -0.599 -0.8657 0.4096 -0.5896 -0.882 0.4096 -0.599 -0.8765 0.4086 -0.6 -0.8771 0.4086 -0.5896 -0.8831 0.4096 -0.5896 -0.882 0.4096 -0.599 -0.8657 0.4086 -0.6 -0.8651 0.4086 -0.6 -0.8771 0.4096 -0.599 -0.8765 0.4096 -0.5896 -0.8603 0.4086 -0.5896 -0.8591 0.4096 -0.5802 -0.8657 0.4086 -0.5792 -0.8651 0.4086 -0.5792 -0.8771 0.4096 -0.5802 -0.8765 0.4086 -0.5896 -0.8831 0.4086 -0.5792 -0.8771 0.4096 -0.5802 -0.8765 0.4096 -0.5896 -0.882 0.3996 -0.5896 -0.9854 0.4086 -0.5896 -0.9854 0.4086 -0.6 -0.9794 0.3996 -0.6 -0.9794 0.3996 -0.6 -0.9794 0.4086 -0.6 -0.9794 0.4086 -0.6 -0.9674 0.3996 -0.6 -0.9674 0.3996 -0.6 -0.9674 0.4086 -0.6 -0.9674 0.4086 -0.5896 -0.9614 0.3996 -0.5896 -0.9614 0.3996 -0.5896 -0.9614 0.4086 -0.5896 -0.9614 0.4086 -0.5792 -0.9674 0.3996 -0.5792 -0.9674 0.3996 -0.5792 -0.9674 0.4086 -0.5792 -0.9674 0.4086 -0.5792 -0.9794 0.3996 -0.5792 -0.9794 0.3996 -0.5792 -0.9794 0.4086 -0.5792 -0.9794 0.4086 -0.5896 -0.9854 0.3996 -0.5896 -0.9854 0.4096 -0.5802 -0.9788 0.4096 -0.5802 -0.968 0.4096 -0.5896 -0.9626 0.4096 -0.599 -0.9788 0.4096 -0.599 -0.968 0.4096 -0.5896 -0.9843 0.4096 -0.599 -0.9788 0.4086 -0.6 -0.9794 0.4086 -0.5896 -0.9854 0.4096 -0.5896 -0.9843 0.4086 -0.6 -0.9674 0.4086 -0.6 -0.9794 0.4096 -0.599 -0.9788 0.4096 -0.599 -0.968 0.4096 -0.599 -0.968 0.4096 -0.5896 -0.9626 0.4086 -0.5896 -0.9614 0.4086 -0.6 -0.9674 0.4086 -0.5792 -0.9674 0.4086 -0.5896 -0.9614 0.4096 -0.5896 -0.9626 0.4096 -0.5802 -0.968 0.4086 -0.5792 -0.9794 0.4086 -0.5792 -0.9674 0.4096 -0.5802 -0.968 0.4096 -0.5802 -0.9788 0.4086 -0.5896 -0.9854 0.4086 -0.5792 -0.9794 0.4096 -0.5802 -0.9788 0.4096 -0.5896 -0.9843 0.4003 -0.6428 -0.9778 0.4148 -0.6428 -0.9778 0.4148 -0.6617 -0.9744 0.4003 -0.6617 -0.9744 0.4148 -0.6782 -0.9649 0.4003 -0.6782 -0.9649 0.4003 -0.6782 -0.9649 0.4148 -0.6782 -0.9649 0.4148 -0.6905 -0.9503 0.4003 -0.6905 -0.9503 0.4148 -0.697 -0.9323 0.4003 -0.697 -0.9323 0.4148 -0.697 -0.9132 0.4003 -0.697 -0.9132 0.4148 -0.6905 -0.8953 0.4003 -0.6905 -0.8953 0.4148 -0.6782 -0.8806 0.4003 -0.6782 -0.8806 0.4003 -0.6782 -0.8806 0.4148 -0.6782 -0.8806 0.4148 -0.6617 -0.8711 0.4003 -0.6617 -0.8711 0.4148 -0.6428 -0.8678 0.4003 -0.6428 -0.8678 0.4148 -0.624 -0.8711 0.4003 -0.624 -0.8711 0.4148 -0.6075 -0.8806 0.4003 -0.6075 -0.8806 0.4003 -0.6075 -0.8806 0.4148 -0.6075 -0.8806 0.4148 -0.5952 -0.8953 0.4003 -0.5952 -0.8953 0.4148 -0.5887 -0.9132 0.4003 -0.5887 -0.9132 0.4148 -0.5887 -0.9323 0.4003 -0.5887 -0.9323 0.4148 -0.5952 -0.9503 0.4003 -0.5952 -0.9503 0.4148 -0.6075 -0.9649 0.4003 -0.6075 -0.9649 0.4003 -0.6075 -0.9649 0.4148 -0.6075 -0.9649 0.4148 -0.624 -0.9744 0.4003 -0.624 -0.9744 0.402 -0.631 -0.9554 0.402 -0.6205 -0.9493 0.402 -0.6128 -0.9401 0.402 -0.6729 -0.9401 0.402 -0.6087 -0.9288 0.402 -0.6087 -0.9167 0.402 -0.6205 -0.8962 0.402 -0.6128 -0.9054 0.402 -0.6651 -0.8962 0.402 -0.631 -0.8902 0.402 -0.6428 -0.8881 0.402 -0.6547 -0.8902 0.402 -0.6729 -0.9054 0.402 -0.677 -0.9167 0.402 -0.677 -0.9288 0.402 -0.6547 -0.9554 0.402 -0.6651 -0.9493 0.402 -0.6428 -0.9574 0.4148 -0.6599 -0.9697 0.4148 -0.6617 -0.9744 0.4148 -0.6428 -0.9778 0.4148 -0.6428 -0.9727 0.4148 -0.6782 -0.9649 0.4148 -0.6749 -0.961 0.4148 -0.6861 -0.9477 0.4148 -0.6905 -0.9503 0.4148 -0.692 -0.9314 0.4148 -0.697 -0.9323 0.4148 -0.697 -0.9132 0.4148 -0.692 -0.9141 0.4148 -0.6905 -0.8953 0.4148 -0.6861 -0.8978 0.4148 -0.6782 -0.8806 0.4148 -0.6749 -0.8845 0.4148 -0.6617 -0.8711 0.4148 -0.6599 -0.8758 0.4148 -0.6428 -0.8678 0.4148 -0.6428 -0.8728 0.4148 -0.624 -0.8711 0.4148 -0.6258 -0.8758 0.4148 -0.6075 -0.8806 0.4148 -0.6108 -0.8845 0.4148 -0.5996 -0.8978 0.4148 -0.5952 -0.8953 0.4148 -0.5937 -0.9141 0.4148 -0.5887 -0.9132 0.4148 -0.5937 -0.9314 0.4148 -0.5887 -0.9323 0.4148 -0.5952 -0.9503 0.4148 -0.5996 -0.9477 0.4148 -0.6075 -0.9649 0.4148 -0.6108 -0.961 0.4148 -0.6258 -0.9697 0.4148 -0.624 -0.9744 0.4068 -0.6599 -0.9697 0.4148 -0.6599 -0.9697 0.4148 -0.6428 -0.9727 0.4068 -0.6428 -0.9727 0.4068 -0.6749 -0.961 0.4148 -0.6749 -0.961 0.4068 -0.6861 -0.9477 0.4148 -0.6861 -0.9477 0.4148 -0.6749 -0.961 0.4068 -0.6749 -0.961 0.4068 -0.692 -0.9314 0.4148 -0.692 -0.9314 0.4148 -0.692 -0.9141 0.4068 -0.692 -0.9141 0.4068 -0.6861 -0.8978 0.4148 -0.6861 -0.8978 0.4068 -0.6749 -0.8845 0.4148 -0.6749 -0.8845 0.4068 -0.6599 -0.8758 0.4148 -0.6599 -0.8758 0.4148 -0.6749 -0.8845 0.4068 -0.6749 -0.8845 0.4068 -0.6428 -0.8728 0.4148 -0.6428 -0.8728 0.4068 -0.6258 -0.8758 0.4148 -0.6258 -0.8758 0.4068 -0.6108 -0.8845 0.4148 -0.6108 -0.8845 0.4148 -0.5996 -0.8978 0.4148 -0.6108 -0.8845 0.4068 -0.6108 -0.8845 0.4068 -0.5996 -0.8978 0.4068 -0.5937 -0.9141 0.4148 -0.5937 -0.9141 0.4068 -0.5937 -0.9314 0.4148 -0.5937 -0.9314 0.4148 -0.5996 -0.9477 0.4068 -0.5996 -0.9477 0.4068 -0.6108 -0.961 0.4148 -0.6108 -0.961 0.4148 -0.6108 -0.961 0.4068 -0.6108 -0.961 0.4068 -0.6258 -0.9697 0.4148 -0.6258 -0.9697 0.4068 -0.6547 -0.9554 0.4068 -0.6599 -0.9697 0.4068 -0.6428 -0.9727 0.4068 -0.6428 -0.9574 0.4068 -0.6651 -0.9493 0.4068 -0.6749 -0.961 0.4068 -0.6729 -0.9401 0.4068 -0.6861 -0.9477 0.4068 -0.692 -0.9314 0.4068 -0.677 -0.9288 0.4068 -0.677 -0.9167 0.4068 -0.692 -0.9141 0.4068 -0.6861 -0.8978 0.4068 -0.6729 -0.9054 0.4068 -0.6749 -0.8845 0.4068 -0.6651 -0.8962 0.4068 -0.6547 -0.8902 0.4068 -0.6599 -0.8758 0.4068 -0.6428 -0.8728 0.4068 -0.6428 -0.8881 0.4068 -0.6258 -0.8758 0.4068 -0.631 -0.8902 0.4068 -0.6205 -0.8962 0.4068 -0.6108 -0.8845 0.4068 -0.6128 -0.9054 0.4068 -0.5996 -0.8978 0.4068 -0.5937 -0.9141 0.4068 -0.6087 -0.9167 0.4068 -0.6087 -0.9288 0.4068 -0.5937 -0.9314 0.4068 -0.6128 -0.9401 0.4068 -0.5996 -0.9477 0.4068 -0.6205 -0.9493 0.4068 -0.6108 -0.961 0.4068 -0.631 -0.9554 0.4068 -0.6258 -0.9697 0.402 -0.6547 -0.9554 0.4068 -0.6547 -0.9554 0.4068 -0.6428 -0.9574 0.402 -0.6428 -0.9574 0.402 -0.6651 -0.9493 0.4068 -0.6651 -0.9493 0.402 -0.6729 -0.9401 0.4068 -0.6729 -0.9401 0.4068 -0.6651 -0.9493 0.402 -0.6651 -0.9493 0.402 -0.677 -0.9288 0.4068 -0.677 -0.9288 0.402 -0.677 -0.9167 0.4068 -0.677 -0.9167 0.402 -0.6729 -0.9054 0.4068 -0.6729 -0.9054 0.4068 -0.6651 -0.8962 0.402 -0.6651 -0.8962 0.4068 -0.6651 -0.8962 0.402 -0.6651 -0.8962 0.402 -0.6547 -0.8902 0.4068 -0.6547 -0.8902 0.4068 -0.6428 -0.8881 0.402 -0.6428 -0.8881 0.4068 -0.631 -0.8902 0.402 -0.631 -0.8902 0.402 -0.6205 -0.8962 0.4068 -0.6205 -0.8962 0.4068 -0.6205 -0.8962 0.402 -0.6205 -0.8962 0.402 -0.6128 -0.9054 0.4068 -0.6128 -0.9054 0.402 -0.6087 -0.9167 0.4068 -0.6087 -0.9167 0.402 -0.6087 -0.9288 0.4068 -0.6087 -0.9288 0.4068 -0.6128 -0.9401 0.402 -0.6128 -0.9401 0.402 -0.6205 -0.9493 0.4068 -0.6205 -0.9493 0.4068 -0.631 -0.9554 0.4068 -0.6205 -0.9493 0.402 -0.6205 -0.9493 0.402 -0.631 -0.9554 0.4379 -0.6539 -0.9531 0.4113 -0.6539 -0.9531 0.4113 -0.643 -0.9551 0.4379 -0.643 -0.9551 0.4113 -0.6636 -0.9476 0.4379 -0.6636 -0.9476 0.4379 -0.6707 -0.9391 0.4113 -0.6707 -0.9391 0.4113 -0.6636 -0.9476 0.4379 -0.6636 -0.9476 0.4379 -0.6745 -0.9286 0.4113 -0.6745 -0.9286 0.4379 -0.6745 -0.9175 0.4113 -0.6745 -0.9175 0.4379 -0.6707 -0.9071 0.4113 -0.6707 -0.9071 0.4113 -0.6636 -0.8985 0.4379 -0.6636 -0.8985 0.4379 -0.6539 -0.893 0.4113 -0.6539 -0.893 0.4113 -0.6636 -0.8985 0.4379 -0.6636 -0.8985 0.4379 -0.643 -0.8911 0.4113 -0.643 -0.8911 0.4113 -0.6321 -0.893 0.4379 -0.6321 -0.893 0.4379 -0.6224 -0.8985 0.4113 -0.6224 -0.8985 0.4113 -0.6153 -0.9071 0.4113 -0.6224 -0.8985 0.4379 -0.6224 -0.8985 0.4379 -0.6153 -0.9071 0.4113 -0.6115 -0.9175 0.4379 -0.6115 -0.9175 0.4379 -0.6115 -0.9286 0.4113 -0.6115 -0.9286 0.4113 -0.6153 -0.9391 0.4379 -0.6153 -0.9391 0.4379 -0.6224 -0.9476 0.4113 -0.6224 -0.9476 0.4113 -0.6321 -0.9531 0.4113 -0.6224 -0.9476 0.4379 -0.6224 -0.9476 0.4379 -0.6321 -0.9531 0.4347 -0.6396 -0.9323 0.4347 -0.6367 -0.9306 0.4347 -0.6345 -0.928 0.4347 -0.6515 -0.928 0.4347 -0.6333 -0.9248 0.4347 -0.6333 -0.9213 0.4347 -0.6367 -0.9155 0.4347 -0.6345 -0.9181 0.4347 -0.6396 -0.9138 0.4347 -0.643 -0.9132 0.4347 -0.6493 -0.9155 0.4347 -0.6464 -0.9138 0.4347 -0.6527 -0.9213 0.4347 -0.6515 -0.9181 0.4347 -0.6527 -0.9248 0.4347 -0.6493 -0.9306 0.4347 -0.6464 -0.9323 0.4347 -0.643 -0.9329 0.4399 -0.643 -0.9431 0.4447 -0.643 -0.9431 0.4447 -0.6498 -0.9419 0.4399 -0.6498 -0.9419 0.402 -0.643 -0.9431 0.4113 -0.643 -0.9431 0.4113 -0.6498 -0.9419 0.402 -0.6498 -0.9419 0.4447 -0.6559 -0.9384 0.4399 -0.6559 -0.9384 0.402 -0.6559 -0.9384 0.4113 -0.6559 -0.9384 0.4399 -0.6603 -0.9331 0.4399 -0.6559 -0.9384 0.4447 -0.6559 -0.9384 0.4447 -0.6603 -0.9331 0.4113 -0.6559 -0.9384 0.4113 -0.6603 -0.9331 0.402 -0.6603 -0.9331 0.402 -0.6559 -0.9384 0.4447 -0.6627 -0.9265 0.4399 -0.6627 -0.9265 0.402 -0.6627 -0.9265 0.4113 -0.6627 -0.9265 0.4447 -0.6627 -0.9196 0.4399 -0.6627 -0.9196 0.4113 -0.6627 -0.9196 0.402 -0.6627 -0.9196 0.4447 -0.6603 -0.9131 0.4399 -0.6603 -0.9131 0.402 -0.6603 -0.9131 0.4113 -0.6603 -0.9131 0.4399 -0.6559 -0.9077 0.4447 -0.6559 -0.9077 0.402 -0.6559 -0.9077 0.4113 -0.6559 -0.9077 0.4399 -0.6498 -0.9043 0.4399 -0.6559 -0.9077 0.4447 -0.6559 -0.9077 0.4447 -0.6498 -0.9043 0.4113 -0.6559 -0.9077 0.4113 -0.6498 -0.9043 0.402 -0.6498 -0.9043 0.402 -0.6559 -0.9077 0.4399 -0.643 -0.9031 0.4447 -0.643 -0.9031 0.4113 -0.643 -0.9031 0.402 -0.643 -0.9031 0.4399 -0.6362 -0.9043 0.4447 -0.6362 -0.9043 0.4113 -0.6362 -0.9043 0.402 -0.6362 -0.9043 0.4447 -0.6301 -0.9077 0.4399 -0.6301 -0.9077 0.402 -0.6301 -0.9077 0.4113 -0.6301 -0.9077 0.4399 -0.6257 -0.9131 0.4399 -0.6301 -0.9077 0.4447 -0.6301 -0.9077 0.4447 -0.6257 -0.9131 0.402 -0.6301 -0.9077 0.4113 -0.6301 -0.9077 0.4113 -0.6257 -0.9131 0.402 -0.6257 -0.9131 0.4447 -0.6233 -0.9196 0.4399 -0.6233 -0.9196 0.4113 -0.6233 -0.9196 0.402 -0.6233 -0.9196 0.4447 -0.6233 -0.9265 0.4399 -0.6233 -0.9265 0.402 -0.6233 -0.9265 0.4113 -0.6233 -0.9265 0.4447 -0.6257 -0.9331 0.4399 -0.6257 -0.9331 0.402 -0.6257 -0.9331 0.4113 -0.6257 -0.9331 0.4399 -0.6301 -0.9384 0.4447 -0.6301 -0.9384 0.402 -0.6301 -0.9384 0.4113 -0.6301 -0.9384 0.4399 -0.6362 -0.9419 0.4399 -0.6301 -0.9384 0.4447 -0.6301 -0.9384 0.4447 -0.6362 -0.9419 0.402 -0.6301 -0.9384 0.4113 -0.6301 -0.9384 0.4113 -0.6362 -0.9419 0.402 -0.6362 -0.9419 0.4399 -0.6498 -0.9419 0.4399 -0.6519 -0.9475 0.4399 -0.643 -0.9491 0.4399 -0.643 -0.9431 0.4399 -0.6362 -0.9419 0.4399 -0.6341 -0.9475 0.4399 -0.6263 -0.943 0.4399 -0.6301 -0.9384 0.4399 -0.6205 -0.9361 0.4399 -0.6257 -0.9331 0.4399 -0.6174 -0.9276 0.4399 -0.6233 -0.9265 0.4399 -0.6174 -0.9185 0.4399 -0.6233 -0.9196 0.4399 -0.6205 -0.9101 0.4399 -0.6257 -0.9131 0.4399 -0.6263 -0.9031 0.4399 -0.6301 -0.9077 0.4399 -0.6362 -0.9043 0.4399 -0.6341 -0.8986 0.4399 -0.643 -0.8971 0.4399 -0.643 -0.9031 0.4399 -0.6519 -0.8986 0.4399 -0.6498 -0.9043 0.4399 -0.6597 -0.9031 0.4399 -0.6559 -0.9077 0.4399 -0.6603 -0.9131 0.4399 -0.6655 -0.9101 0.4399 -0.6686 -0.9185 0.4399 -0.6627 -0.9196 0.4399 -0.6627 -0.9265 0.4399 -0.6686 -0.9276 0.4399 -0.6655 -0.9361 0.4399 -0.6603 -0.9331 0.4399 -0.6597 -0.943 0.4399 -0.6559 -0.9384 0.4399 -0.6533 -0.9512 0.4399 -0.643 -0.9531 0.4399 -0.6327 -0.9512 0.4399 -0.6237 -0.946 0.4399 -0.617 -0.9381 0.4399 -0.6135 -0.9283 0.4399 -0.6135 -0.9178 0.4399 -0.617 -0.9081 0.4399 -0.6237 -0.9001 0.4399 -0.6327 -0.8949 0.4399 -0.643 -0.8931 0.4399 -0.6533 -0.8949 0.4399 -0.6623 -0.9001 0.4399 -0.669 -0.9081 0.4399 -0.6725 -0.9178 0.4399 -0.6725 -0.9283 0.4399 -0.669 -0.9381 0.4399 -0.6623 -0.946 0.4447 -0.6498 -0.9419 0.4447 -0.643 -0.9431 0.4447 -0.643 -0.9329 0.4447 -0.6464 -0.9323 0.4447 -0.6559 -0.9384 0.4447 -0.6493 -0.9306 0.4447 -0.6515 -0.928 0.4447 -0.6603 -0.9331 0.4447 -0.6527 -0.9248 0.4447 -0.6627 -0.9265 0.4447 -0.6527 -0.9213 0.4447 -0.6627 -0.9196 0.4447 -0.6515 -0.9181 0.4447 -0.6603 -0.9131 0.4447 -0.6493 -0.9155 0.4447 -0.6559 -0.9077 0.4447 -0.6464 -0.9138 0.4447 -0.6498 -0.9043 0.4447 -0.643 -0.9031 0.4447 -0.643 -0.9132 0.4447 -0.6396 -0.9138 0.4447 -0.6362 -0.9043 0.4447 -0.6367 -0.9155 0.4447 -0.6301 -0.9077 0.4447 -0.6345 -0.9181 0.4447 -0.6257 -0.9131 0.4447 -0.6333 -0.9213 0.4447 -0.6233 -0.9196 0.4447 -0.6333 -0.9248 0.4447 -0.6233 -0.9265 0.4447 -0.6257 -0.9331 0.4447 -0.6345 -0.928 0.4447 -0.6367 -0.9306 0.4447 -0.6301 -0.9384 0.4447 -0.6362 -0.9419 0.4447 -0.6396 -0.9323 0.4347 -0.6464 -0.9323 0.4447 -0.6464 -0.9323 0.4447 -0.643 -0.9329 0.4347 -0.643 -0.9329 0.4347 -0.6493 -0.9306 0.4447 -0.6493 -0.9306 0.4347 -0.6515 -0.928 0.4447 -0.6515 -0.928 0.4447 -0.6493 -0.9306 0.4347 -0.6493 -0.9306 0.4347 -0.6527 -0.9248 0.4447 -0.6527 -0.9248 0.4347 -0.6527 -0.9213 0.4447 -0.6527 -0.9213 0.4347 -0.6515 -0.9181 0.4447 -0.6515 -0.9181 0.4347 -0.6493 -0.9155 0.4447 -0.6493 -0.9155 0.4347 -0.6493 -0.9155 0.4347 -0.6464 -0.9138 0.4447 -0.6464 -0.9138 0.4447 -0.6493 -0.9155 0.4347 -0.643 -0.9132 0.4447 -0.643 -0.9132 0.4447 -0.6396 -0.9138 0.4347 -0.6396 -0.9138 0.4447 -0.6367 -0.9155 0.4347 -0.6367 -0.9155 0.4347 -0.6345 -0.9181 0.4447 -0.6345 -0.9181 0.4447 -0.6367 -0.9155 0.4347 -0.6367 -0.9155 0.4447 -0.6333 -0.9213 0.4347 -0.6333 -0.9213 0.4447 -0.6333 -0.9248 0.4347 -0.6333 -0.9248 0.4347 -0.6345 -0.928 0.4447 -0.6345 -0.928 0.4447 -0.6367 -0.9306 0.4347 -0.6367 -0.9306 0.4347 -0.6396 -0.9323 0.4447 -0.6396 -0.9323 0.4447 -0.6367 -0.9306 0.4347 -0.6367 -0.9306 0.4394 -0.643 -0.9546 0.4394 -0.6538 -0.9527 0.4394 -0.6322 -0.9527 0.4394 -0.6228 -0.9472 0.4394 -0.6157 -0.9388 0.4394 -0.6228 -0.9472 0.4394 -0.612 -0.9285 0.4394 -0.612 -0.9176 0.4394 -0.6157 -0.9073 0.4394 -0.6228 -0.8989 0.4394 -0.6322 -0.8935 0.4394 -0.6228 -0.8989 0.4394 -0.643 -0.8916 0.4394 -0.6538 -0.8935 0.4394 -0.6632 -0.8989 0.4394 -0.6703 -0.9073 0.4394 -0.6632 -0.8989 0.4394 -0.674 -0.9176 0.4394 -0.674 -0.9285 0.4394 -0.6703 -0.9388 0.4394 -0.6632 -0.9472 0.4394 -0.6632 -0.9472 0.4394 -0.6538 -0.9527 0.4394 -0.643 -0.9546 0.4394 -0.6322 -0.9527 0.4394 -0.6228 -0.9472 0.4394 -0.6157 -0.9388 0.4394 -0.612 -0.9285 0.4394 -0.612 -0.9176 0.4394 -0.6157 -0.9073 0.4394 -0.6228 -0.8989 0.4394 -0.6322 -0.8935 0.4394 -0.643 -0.8916 0.4394 -0.6538 -0.8935 0.4394 -0.6632 -0.8989 0.4394 -0.6703 -0.9073 0.4394 -0.674 -0.9176 0.4394 -0.674 -0.9285 0.4394 -0.6703 -0.9388 0.4394 -0.6632 -0.9472 0.4124 -0.5724 0.9805 0.4124 -0.5755 0.9855 0.4124 -0.5713 0.872 0.4124 -0.5713 0.9725 0.4124 -0.5885 0.9897 0.4124 -0.5806 0.9886 0.4124 -0.6917 0.9897 0.4124 -0.6996 0.9886 0.4124 -0.7047 0.9855 0.4124 -0.7078 0.9805 0.4124 -0.7089 0.9725 0.4124 -0.6917 0.8548 0.4124 -0.7089 0.872 0.4124 -0.7078 0.8641 0.4124 -0.7047 0.859 0.4124 -0.6996 0.856 0.4124 -0.5755 0.859 0.4124 -0.5724 0.8641 0.4124 -0.5806 0.856 0.4124 -0.5885 0.8548 0.4094 -0.5683 0.9727 0.4094 -0.5683 0.8718 0.3998 -0.5683 0.8718 0.3998 -0.5683 0.9727 0.3998 -0.5883 0.9927 0.3998 -0.6919 0.9927 0.4094 -0.6919 0.9927 0.4094 -0.5883 0.9927 0.4094 -0.7119 0.8718 0.4094 -0.7119 0.9727 0.3998 -0.7119 0.9727 0.3998 -0.7119 0.8718 0.3998 -0.6919 0.8518 0.3998 -0.5883 0.8518 0.4094 -0.5883 0.8518 0.4094 -0.6919 0.8518 0.3998 -0.5696 0.9815 0.4094 -0.5696 0.9815 0.4094 -0.5696 0.8631 0.3998 -0.5696 0.8631 0.3998 -0.7007 0.9915 0.4094 -0.7007 0.9915 0.3998 -0.7107 0.8631 0.4094 -0.7107 0.8631 0.3998 -0.5733 0.9877 0.4094 -0.5733 0.9877 0.4094 -0.5796 0.9915 0.4094 -0.5733 0.9877 0.3998 -0.5733 0.9877 0.3998 -0.5796 0.9915 0.3998 -0.5733 0.8568 0.4094 -0.5733 0.8568 0.4094 -0.5796 0.8531 0.3998 -0.5796 0.8531 0.3998 -0.5733 0.8568 0.4094 -0.5733 0.8568 0.3998 -0.7069 0.9877 0.4094 -0.7069 0.9877 0.3998 -0.7107 0.9815 0.4094 -0.7107 0.9815 0.4094 -0.7069 0.9877 0.3998 -0.7069 0.9877 0.3998 -0.7069 0.8568 0.4094 -0.7069 0.8568 0.4094 -0.7007 0.8531 0.4094 -0.7069 0.8568 0.3998 -0.7069 0.8568 0.3998 -0.7007 0.8531 0.4124 -0.5713 0.872 0.4117 -0.5691 0.8719 0.4117 -0.5691 0.9727 0.4124 -0.5713 0.9725 0.4117 -0.6919 0.992 0.4124 -0.6917 0.9897 0.4124 -0.5885 0.9897 0.4117 -0.5884 0.992 0.4124 -0.7089 0.9725 0.4117 -0.7112 0.9727 0.4117 -0.7112 0.8719 0.4124 -0.7089 0.872 0.4117 -0.5884 0.8526 0.4124 -0.5885 0.8548 0.4124 -0.6917 0.8548 0.4117 -0.6919 0.8526 0.4117 -0.5691 0.8719 0.4117 -0.5703 0.8633 0.4117 -0.5884 0.992 0.4117 -0.5798 0.9908 0.4117 -0.6919 0.8526 0.4117 -0.7004 0.8538 0.4117 -0.7112 0.9727 0.4117 -0.7099 0.9812 0.4117 -0.5798 0.8538 0.4117 -0.5884 0.8526 0.4117 -0.5738 0.8574 0.4117 -0.5738 0.8574 0.4117 -0.5691 0.9727 0.4117 -0.5703 0.9812 0.4117 -0.5738 0.9872 0.4117 -0.5738 0.9872 0.4117 -0.7112 0.8719 0.4117 -0.7099 0.8633 0.4117 -0.7064 0.8574 0.4117 -0.7064 0.8574 0.4117 -0.7004 0.9908 0.4117 -0.6919 0.992 0.4117 -0.7064 0.9872 0.4117 -0.7064 0.9872 0.4124 -0.5724 0.8641 0.4117 -0.5703 0.8633 0.4124 -0.5806 0.9886 0.4117 -0.5798 0.9908 0.4124 -0.6996 0.856 0.4117 -0.7004 0.8538 0.4117 -0.7099 0.9812 0.4124 -0.7078 0.9805 0.4117 -0.5798 0.8538 0.4124 -0.5806 0.856 0.4117 -0.5738 0.8574 0.4124 -0.5755 0.859 0.4117 -0.5703 0.9812 0.4124 -0.5724 0.9805 0.4117 -0.5738 0.9872 0.4124 -0.5755 0.9855 0.4124 -0.7078 0.8641 0.4117 -0.7099 0.8633 0.4117 -0.7064 0.8574 0.4124 -0.7047 0.859 0.4117 -0.7004 0.9908 0.4124 -0.6996 0.9886 0.4117 -0.7064 0.9872 0.4124 -0.7047 0.9855 0.3874 -0.5883 0.6955 0.3874 -0.6919 0.6955 0.3874 -0.7007 0.6968 0.3874 -0.7069 0.7005 0.3874 -0.7107 0.7068 0.3874 -0.7119 0.7155 0.3874 -0.7119 0.9727 0.3874 -0.7107 0.9815 0.3874 -0.7069 0.9877 0.3874 -0.7007 0.9915 0.3874 -0.6919 0.9927 0.3874 -0.5683 0.9727 0.3874 -0.5733 0.9877 0.3874 -0.5883 0.9927 0.3874 -0.5796 0.9915 0.3874 -0.5696 0.9815 0.3874 -0.5733 0.7005 0.3874 -0.5796 0.6968 0.3874 -0.5696 0.7068 0.3874 -0.5683 0.7155 0.4001 -0.5713 0.9725 0.4001 -0.5724 0.9805 0.4001 -0.5755 0.9855 0.4001 -0.5713 0.7157 0.4001 -0.5806 0.9886 0.4001 -0.5885 0.9897 0.4001 -0.7047 0.9855 0.4001 -0.6917 0.9897 0.4001 -0.6996 0.9886 0.4001 -0.7078 0.9805 0.4001 -0.7089 0.9725 0.4001 -0.6917 0.6985 0.4001 -0.7089 0.7157 0.4001 -0.7078 0.7078 0.4001 -0.7047 0.7027 0.4001 -0.6996 0.6997 0.4001 -0.5755 0.7027 0.4001 -0.5724 0.7078 0.4001 -0.5885 0.6985 0.4001 -0.5806 0.6997 0.3874 -0.5683 0.9727 0.3971 -0.5683 0.9727 0.3971 -0.5683 0.7155 0.3874 -0.5683 0.7155 0.3874 -0.6919 0.9927 0.3971 -0.6919 0.9927 0.3971 -0.5883 0.9927 0.3874 -0.5883 0.9927 0.3874 -0.7119 0.7155 0.3971 -0.7119 0.7155 0.3971 -0.7119 0.9727 0.3874 -0.7119 0.9727 0.3971 -0.5883 0.6955 0.3971 -0.6919 0.6955 0.3874 -0.6919 0.6955 0.3874 -0.5883 0.6955 0.3874 -0.5696 0.9815 0.3971 -0.5696 0.9815 0.3971 -0.5696 0.7068 0.3874 -0.5696 0.7068 0.3874 -0.7007 0.9915 0.3971 -0.7007 0.9915 0.3971 -0.7107 0.7068 0.3874 -0.7107 0.7068 0.3874 -0.5733 0.9877 0.3971 -0.5733 0.9877 0.3874 -0.5796 0.9915 0.3971 -0.5796 0.9915 0.3971 -0.5733 0.9877 0.3874 -0.5733 0.9877 0.3971 -0.5733 0.7005 0.3874 -0.5733 0.7005 0.3874 -0.5733 0.7005 0.3971 -0.5733 0.7005 0.3971 -0.5796 0.6968 0.3874 -0.5796 0.6968 0.3874 -0.7069 0.9877 0.3971 -0.7069 0.9877 0.3874 -0.7107 0.9815 0.3971 -0.7107 0.9815 0.3971 -0.7069 0.9877 0.3874 -0.7069 0.9877 0.3874 -0.7069 0.7005 0.3971 -0.7069 0.7005 0.3874 -0.7069 0.7005 0.3874 -0.7007 0.6968 0.3971 -0.7007 0.6968 0.3971 -0.7069 0.7005 0.4001 -0.5713 0.7157 0.3997 -0.5696 0.7156 0.3997 -0.5696 0.9726 0.4001 -0.5713 0.9725 0.3997 -0.6918 0.9914 0.4001 -0.6917 0.9897 0.4001 -0.5885 0.9897 0.3997 -0.5884 0.9914 0.3997 -0.7106 0.7156 0.4001 -0.7089 0.7157 0.4001 -0.7089 0.9725 0.3997 -0.7106 0.9726 0.3997 -0.5884 0.6969 0.4001 -0.5885 0.6985 0.4001 -0.6917 0.6985 0.3997 -0.6918 0.6969 0.3987 -0.5686 0.7155 0.3987 -0.5699 0.7069 0.3987 -0.5883 0.9924 0.3987 -0.5797 0.9912 0.3987 -0.6919 0.6959 0.3987 -0.7005 0.6971 0.3987 -0.7116 0.9727 0.3987 -0.7103 0.9814 0.3987 -0.5797 0.6971 0.3987 -0.5883 0.6959 0.3987 -0.5735 0.7008 0.3987 -0.5735 0.7008 0.3987 -0.5699 0.9814 0.3987 -0.5686 0.9727 0.3987 -0.5735 0.9875 0.3987 -0.5735 0.9875 0.3987 -0.7116 0.7155 0.3987 -0.7103 0.7069 0.3987 -0.7067 0.7008 0.3987 -0.7067 0.7008 0.3987 -0.7005 0.9912 0.3987 -0.6919 0.9924 0.3987 -0.7067 0.9875 0.3987 -0.7067 0.9875 0.3987 -0.5686 0.9727 0.3987 -0.5686 0.7155 0.3997 -0.6918 0.9914 0.3997 -0.5884 0.9914 0.3987 -0.7116 0.7155 0.3987 -0.7116 0.9727 0.3997 -0.5884 0.6969 0.3997 -0.6918 0.6969 0.3997 -0.5708 0.7072 0.3987 -0.5699 0.7069 0.4001 -0.5724 0.7078 0.3997 -0.58 0.9902 0.3987 -0.5797 0.9912 0.3987 -0.5883 0.9924 0.3997 -0.5884 0.9914 0.4001 -0.5806 0.9886 0.3997 -0.58 0.9902 0.3997 -0.7002 0.6981 0.3987 -0.7005 0.6971 0.3987 -0.6919 0.6959 0.3997 -0.6918 0.6969 0.4001 -0.6996 0.6997 0.3997 -0.7002 0.6981 0.3997 -0.7094 0.981 0.3987 -0.7103 0.9814 0.4001 -0.7078 0.9805 0.3997 -0.5884 0.6969 0.3987 -0.5883 0.6959 0.3987 -0.5797 0.6971 0.3997 -0.58 0.6981 0.3997 -0.58 0.6981 0.4001 -0.5806 0.6997 0.3987 -0.5735 0.7008 0.3997 -0.5743 0.7015 0.3997 -0.5743 0.7015 0.4001 -0.5755 0.7027 0.3987 -0.5699 0.7069 0.3997 -0.5708 0.7072 0.3997 -0.5743 0.7015 0.3987 -0.5735 0.7008 0.3987 -0.5699 0.9814 0.3997 -0.5708 0.981 0.4001 -0.5724 0.9805 0.3987 -0.5735 0.9875 0.3997 -0.5743 0.9868 0.3997 -0.5708 0.981 0.3987 -0.5699 0.9814 0.4001 -0.5755 0.9855 0.3997 -0.5743 0.9868 0.3987 -0.7103 0.7069 0.3997 -0.7094 0.7072 0.4001 -0.7078 0.7078 0.3987 -0.7067 0.7008 0.3997 -0.7059 0.7015 0.3997 -0.7094 0.7072 0.3987 -0.7103 0.7069 0.4001 -0.7047 0.7027 0.3997 -0.7059 0.7015 0.3997 -0.7002 0.9902 0.3997 -0.6918 0.9914 0.3987 -0.6919 0.9924 0.3987 -0.7005 0.9912 0.3997 -0.7002 0.9902 0.4001 -0.6996 0.9886 0.3987 -0.7067 0.9875 0.3997 -0.7059 0.9868 0.3997 -0.7059 0.9868 0.4001 -0.7047 0.9855 0.3987 -0.7067 0.9875 0.4116 -0.6919 0.9854 0.4116 -0.7023 0.9794 0.4206 -0.7023 0.9794 0.4206 -0.6919 0.9854 0.4116 -0.7023 0.9794 0.4116 -0.7023 0.9674 0.4206 -0.7023 0.9674 0.4206 -0.7023 0.9794 0.4206 -0.7023 0.9674 0.4116 -0.7023 0.9674 0.4116 -0.6919 0.9614 0.4206 -0.6919 0.9614 0.4206 -0.6919 0.9614 0.4116 -0.6919 0.9614 0.4116 -0.6815 0.9674 0.4206 -0.6815 0.9674 0.4206 -0.6815 0.9674 0.4116 -0.6815 0.9674 0.4116 -0.6815 0.9794 0.4206 -0.6815 0.9794 0.4206 -0.6919 0.9854 0.4206 -0.6815 0.9794 0.4116 -0.6815 0.9794 0.4116 -0.6919 0.9854 0.4216 -0.7013 0.968 0.4216 -0.6919 0.9626 0.4216 -0.6825 0.9788 0.4216 -0.7013 0.9788 0.4216 -0.6825 0.968 0.4216 -0.6919 0.9843 0.4206 -0.6919 0.9854 0.4206 -0.7023 0.9794 0.4216 -0.7013 0.9788 0.4216 -0.6919 0.9843 0.4216 -0.7013 0.9788 0.4206 -0.7023 0.9794 0.4206 -0.7023 0.9674 0.4216 -0.7013 0.968 0.4216 -0.7013 0.968 0.4206 -0.7023 0.9674 0.4206 -0.6919 0.9614 0.4216 -0.6919 0.9626 0.4216 -0.6919 0.9626 0.4206 -0.6919 0.9614 0.4206 -0.6815 0.9674 0.4216 -0.6825 0.968 0.4206 -0.6815 0.9794 0.4216 -0.6825 0.9788 0.4216 -0.6825 0.968 0.4206 -0.6815 0.9674 0.4206 -0.6815 0.9794 0.4206 -0.6919 0.9854 0.4216 -0.6919 0.9843 0.4216 -0.6825 0.9788 0.4116 -0.7023 0.8771 0.4206 -0.7023 0.8771 0.4206 -0.6919 0.8831 0.4116 -0.6919 0.8831 0.4116 -0.7023 0.8771 0.4116 -0.7023 0.8651 0.4206 -0.7023 0.8651 0.4206 -0.7023 0.8771 0.4206 -0.7023 0.8651 0.4116 -0.7023 0.8651 0.4116 -0.6919 0.8591 0.4206 -0.6919 0.8591 0.4116 -0.6815 0.8651 0.4206 -0.6815 0.8651 0.4206 -0.6919 0.8591 0.4116 -0.6919 0.8591 0.4116 -0.6815 0.8651 0.4116 -0.6815 0.8771 0.4206 -0.6815 0.8771 0.4206 -0.6815 0.8651 0.4116 -0.6919 0.8831 0.4206 -0.6919 0.8831 0.4206 -0.6815 0.8771 0.4116 -0.6815 0.8771 0.4216 -0.7013 0.8765 0.4216 -0.7013 0.8657 0.4216 -0.6919 0.8603 0.4216 -0.6825 0.8765 0.4216 -0.6825 0.8657 0.4216 -0.6919 0.882 0.4206 -0.6919 0.8831 0.4206 -0.7023 0.8771 0.4216 -0.7013 0.8765 0.4216 -0.6919 0.882 0.4206 -0.7023 0.8651 0.4216 -0.7013 0.8657 0.4216 -0.7013 0.8765 0.4206 -0.7023 0.8771 0.4206 -0.6919 0.8591 0.4216 -0.6919 0.8603 0.4216 -0.7013 0.8657 0.4206 -0.7023 0.8651 0.4206 -0.6815 0.8651 0.4216 -0.6825 0.8657 0.4216 -0.6919 0.8603 0.4206 -0.6919 0.8591 0.4206 -0.6815 0.8771 0.4216 -0.6825 0.8765 0.4216 -0.6825 0.8657 0.4206 -0.6815 0.8651 0.4206 -0.6815 0.8771 0.4206 -0.6919 0.8831 0.4216 -0.6919 0.882 0.4216 -0.6825 0.8765 0.4003 -0.6919 0.8362 0.4003 -0.7023 0.8302 0.4093 -0.7023 0.8302 0.4093 -0.6919 0.8362 0.4003 -0.7023 0.8302 0.4003 -0.7023 0.8182 0.4093 -0.7023 0.8182 0.4093 -0.7023 0.8302 0.4003 -0.7023 0.8182 0.4003 -0.6919 0.8122 0.4093 -0.6919 0.8122 0.4093 -0.7023 0.8182 0.4003 -0.6919 0.8122 0.4003 -0.6815 0.8182 0.4093 -0.6815 0.8182 0.4093 -0.6919 0.8122 0.4003 -0.6815 0.8182 0.4003 -0.6815 0.8302 0.4093 -0.6815 0.8302 0.4093 -0.6815 0.8182 0.4093 -0.6919 0.8362 0.4093 -0.6815 0.8302 0.4003 -0.6815 0.8302 0.4003 -0.6919 0.8362 0.4103 -0.7013 0.8296 0.4103 -0.7013 0.8188 0.4103 -0.6919 0.8134 0.4103 -0.6825 0.8296 0.4103 -0.6825 0.8188 0.4103 -0.6919 0.835 0.4093 -0.6919 0.8362 0.4093 -0.7023 0.8302 0.4103 -0.7013 0.8296 0.4103 -0.6919 0.835 0.4093 -0.7023 0.8182 0.4103 -0.7013 0.8188 0.4103 -0.7013 0.8188 0.4093 -0.7023 0.8182 0.4093 -0.6919 0.8122 0.4103 -0.6919 0.8134 0.4093 -0.6815 0.8182 0.4103 -0.6825 0.8188 0.4103 -0.6919 0.8134 0.4093 -0.6919 0.8122 0.4103 -0.6825 0.8188 0.4093 -0.6815 0.8182 0.4093 -0.6815 0.8302 0.4103 -0.6825 0.8296 0.4003 -0.6919 0.7339 0.4003 -0.7023 0.7279 0.4093 -0.7023 0.7279 0.4093 -0.6919 0.7339 0.4003 -0.7023 0.7279 0.4003 -0.7023 0.7159 0.4093 -0.7023 0.7159 0.4093 -0.7023 0.7279 0.4003 -0.7023 0.7159 0.4003 -0.6919 0.7099 0.4093 -0.6919 0.7099 0.4093 -0.7023 0.7159 0.4003 -0.6919 0.7099 0.4003 -0.6815 0.7159 0.4093 -0.6815 0.7159 0.4093 -0.6919 0.7099 0.4003 -0.6815 0.7159 0.4003 -0.6815 0.7279 0.4093 -0.6815 0.7279 0.4093 -0.6815 0.7159 0.4093 -0.6919 0.7339 0.4093 -0.6815 0.7279 0.4003 -0.6815 0.7279 0.4003 -0.6919 0.7339 0.4103 -0.7013 0.7273 0.4103 -0.7013 0.7165 0.4103 -0.6919 0.711 0.4103 -0.6825 0.7273 0.4103 -0.6825 0.7165 0.4103 -0.6919 0.7327 0.4103 -0.6919 0.7327 0.4093 -0.6919 0.7339 0.4093 -0.7023 0.7279 0.4103 -0.7013 0.7273 0.4093 -0.7023 0.7159 0.4103 -0.7013 0.7165 0.4103 -0.7013 0.7273 0.4093 -0.7023 0.7279 0.4103 -0.7013 0.7165 0.4093 -0.7023 0.7159 0.4093 -0.6919 0.7099 0.4103 -0.6919 0.711 0.4103 -0.6919 0.711 0.4093 -0.6919 0.7099 0.4093 -0.6815 0.7159 0.4103 -0.6825 0.7165 0.4093 -0.6815 0.7159 0.4093 -0.6815 0.7279 0.4103 -0.6825 0.7273 0.4103 -0.6825 0.7165 0.4103 -0.6919 0.7327 0.4103 -0.6825 0.7273 0.4093 -0.6815 0.7279 0.4093 -0.6919 0.7339 0.4003 -0.5896 0.7339 0.4003 -0.6 0.7279 0.4093 -0.6 0.7279 0.4093 -0.5896 0.7339 0.4003 -0.6 0.7279 0.4003 -0.6 0.7159 0.4093 -0.6 0.7159 0.4093 -0.6 0.7279 0.4003 -0.6 0.7159 0.4003 -0.5896 0.7099 0.4093 -0.5896 0.7099 0.4093 -0.6 0.7159 0.4003 -0.5896 0.7099 0.4003 -0.5792 0.7159 0.4093 -0.5792 0.7159 0.4093 -0.5896 0.7099 0.4003 -0.5792 0.7159 0.4003 -0.5792 0.7279 0.4093 -0.5792 0.7279 0.4093 -0.5792 0.7159 0.4093 -0.5896 0.7339 0.4093 -0.5792 0.7279 0.4003 -0.5792 0.7279 0.4003 -0.5896 0.7339 0.4103 -0.599 0.7273 0.4103 -0.599 0.7165 0.4103 -0.5896 0.711 0.4103 -0.5802 0.7273 0.4103 -0.5802 0.7165 0.4103 -0.5896 0.7327 0.4093 -0.6 0.7279 0.4103 -0.599 0.7273 0.4103 -0.5896 0.7327 0.4093 -0.5896 0.7339 0.4093 -0.6 0.7159 0.4103 -0.599 0.7165 0.4103 -0.599 0.7273 0.4093 -0.6 0.7279 0.4103 -0.599 0.7165 0.4093 -0.6 0.7159 0.4093 -0.5896 0.7099 0.4103 -0.5896 0.711 0.4093 -0.5896 0.7099 0.4093 -0.5792 0.7159 0.4103 -0.5802 0.7165 0.4103 -0.5896 0.711 0.4103 -0.5802 0.7165 0.4093 -0.5792 0.7159 0.4093 -0.5792 0.7279 0.4103 -0.5802 0.7273 0.4103 -0.5896 0.7327 0.4103 -0.5802 0.7273 0.4093 -0.5792 0.7279 0.4093 -0.5896 0.7339 0.4003 -0.5896 0.8362 0.4003 -0.6 0.8302 0.4093 -0.6 0.8302 0.4093 -0.5896 0.8362 0.4003 -0.6 0.8302 0.4003 -0.6 0.8182 0.4093 -0.6 0.8182 0.4093 -0.6 0.8302 0.4003 -0.6 0.8182 0.4003 -0.5896 0.8122 0.4093 -0.5896 0.8122 0.4093 -0.6 0.8182 0.4003 -0.5896 0.8122 0.4003 -0.5792 0.8182 0.4093 -0.5792 0.8182 0.4093 -0.5896 0.8122 0.4003 -0.5792 0.8182 0.4003 -0.5792 0.8302 0.4093 -0.5792 0.8302 0.4093 -0.5792 0.8182 0.4093 -0.5896 0.8362 0.4093 -0.5792 0.8302 0.4003 -0.5792 0.8302 0.4003 -0.5896 0.8362 0.4103 -0.599 0.8296 0.4103 -0.599 0.8188 0.4103 -0.5896 0.8134 0.4103 -0.5802 0.8296 0.4103 -0.5802 0.8188 0.4103 -0.5896 0.835 0.4103 -0.5896 0.835 0.4093 -0.5896 0.8362 0.4093 -0.6 0.8302 0.4103 -0.599 0.8296 0.4093 -0.6 0.8182 0.4103 -0.599 0.8188 0.4103 -0.599 0.8296 0.4093 -0.6 0.8302 0.4103 -0.599 0.8188 0.4093 -0.6 0.8182 0.4093 -0.5896 0.8122 0.4103 -0.5896 0.8134 0.4103 -0.5896 0.8134 0.4093 -0.5896 0.8122 0.4093 -0.5792 0.8182 0.4103 -0.5802 0.8188 0.4093 -0.5792 0.8182 0.4093 -0.5792 0.8302 0.4103 -0.5802 0.8296 0.4103 -0.5802 0.8188 0.4103 -0.5896 0.835 0.4103 -0.5802 0.8296 0.4093 -0.5792 0.8302 0.4093 -0.5896 0.8362 0.4116 -0.5896 0.8831 0.4116 -0.6 0.8771 0.4206 -0.6 0.8771 0.4206 -0.5896 0.8831 0.4116 -0.6 0.8771 0.4116 -0.6 0.8651 0.4206 -0.6 0.8651 0.4206 -0.6 0.8771 0.4116 -0.6 0.8651 0.4116 -0.5896 0.8591 0.4206 -0.5896 0.8591 0.4206 -0.6 0.8651 0.4206 -0.5792 0.8651 0.4206 -0.5896 0.8591 0.4116 -0.5896 0.8591 0.4116 -0.5792 0.8651 0.4116 -0.5792 0.8651 0.4116 -0.5792 0.8771 0.4206 -0.5792 0.8771 0.4206 -0.5792 0.8651 0.4206 -0.5896 0.8831 0.4206 -0.5792 0.8771 0.4116 -0.5792 0.8771 0.4116 -0.5896 0.8831 0.4216 -0.599 0.8765 0.4216 -0.599 0.8657 0.4216 -0.5896 0.8603 0.4216 -0.5802 0.8765 0.4216 -0.5802 0.8657 0.4216 -0.5896 0.882 0.4206 -0.5896 0.8831 0.4206 -0.6 0.8771 0.4216 -0.599 0.8765 0.4216 -0.5896 0.882 0.4206 -0.6 0.8651 0.4216 -0.599 0.8657 0.4216 -0.599 0.8765 0.4206 -0.6 0.8771 0.4206 -0.5896 0.8591 0.4216 -0.5896 0.8603 0.4216 -0.599 0.8657 0.4206 -0.6 0.8651 0.4216 -0.5896 0.8603 0.4206 -0.5896 0.8591 0.4206 -0.5792 0.8651 0.4216 -0.5802 0.8657 0.4216 -0.5802 0.8657 0.4206 -0.5792 0.8651 0.4206 -0.5792 0.8771 0.4216 -0.5802 0.8765 0.4216 -0.5802 0.8765 0.4206 -0.5792 0.8771 0.4206 -0.5896 0.8831 0.4216 -0.5896 0.882 0.4116 -0.5896 0.9854 0.4116 -0.6 0.9794 0.4206 -0.6 0.9794 0.4206 -0.5896 0.9854 0.4206 -0.6 0.9674 0.4206 -0.6 0.9794 0.4116 -0.6 0.9794 0.4116 -0.6 0.9674 0.4116 -0.6 0.9674 0.4116 -0.5896 0.9614 0.4206 -0.5896 0.9614 0.4206 -0.6 0.9674 0.4116 -0.5896 0.9614 0.4116 -0.5792 0.9674 0.4206 -0.5792 0.9674 0.4206 -0.5896 0.9614 0.4116 -0.5792 0.9674 0.4116 -0.5792 0.9794 0.4206 -0.5792 0.9794 0.4206 -0.5792 0.9674 0.4206 -0.5896 0.9854 0.4206 -0.5792 0.9794 0.4116 -0.5792 0.9794 0.4116 -0.5896 0.9854 0.4216 -0.599 0.9788 0.4216 -0.599 0.968 0.4216 -0.5896 0.9626 0.4216 -0.5802 0.9788 0.4216 -0.5802 0.968 0.4216 -0.5896 0.9843 0.4216 -0.5896 0.9843 0.4206 -0.5896 0.9854 0.4206 -0.6 0.9794 0.4216 -0.599 0.9788 0.4206 -0.6 0.9674 0.4216 -0.599 0.968 0.4216 -0.599 0.9788 0.4206 -0.6 0.9794 0.4206 -0.5896 0.9614 0.4216 -0.5896 0.9626 0.4216 -0.599 0.968 0.4206 -0.6 0.9674 0.4206 -0.5792 0.9674 0.4216 -0.5802 0.968 0.4216 -0.5896 0.9626 0.4206 -0.5896 0.9614 0.4216 -0.5802 0.968 0.4206 -0.5792 0.9674 0.4206 -0.5792 0.9794 0.4216 -0.5802 0.9788 0.4216 -0.5802 0.9788 0.4206 -0.5792 0.9794 0.4206 -0.5896 0.9854 0.4216 -0.5896 0.9843 0.4123 -0.6428 0.9778 0.4123 -0.6617 0.9744 0.4267 -0.6617 0.9744 0.4267 -0.6428 0.9778 0.4267 -0.6782 0.9649 0.4123 -0.6782 0.9649 0.4267 -0.6905 0.9503 0.4267 -0.6782 0.9649 0.4123 -0.6782 0.9649 0.4123 -0.6905 0.9503 0.4123 -0.697 0.9323 0.4267 -0.697 0.9323 0.4123 -0.697 0.9132 0.4267 -0.697 0.9132 0.4123 -0.697 0.9132 0.4123 -0.6905 0.8953 0.4267 -0.6905 0.8953 0.4267 -0.697 0.9132 0.4123 -0.6782 0.8806 0.4267 -0.6782 0.8806 0.4123 -0.6782 0.8806 0.4123 -0.6617 0.8711 0.4267 -0.6617 0.8711 0.4267 -0.6782 0.8806 0.4123 -0.6428 0.8678 0.4267 -0.6428 0.8678 0.4123 -0.624 0.8711 0.4267 -0.624 0.8711 0.4123 -0.6075 0.8806 0.4267 -0.6075 0.8806 0.4123 -0.6075 0.8806 0.4123 -0.5952 0.8953 0.4267 -0.5952 0.8953 0.4267 -0.6075 0.8806 0.4267 -0.5887 0.9132 0.4123 -0.5887 0.9132 0.4123 -0.5887 0.9323 0.4267 -0.5887 0.9323 0.4267 -0.5952 0.9503 0.4123 -0.5952 0.9503 0.4267 -0.6075 0.9649 0.4123 -0.6075 0.9649 0.4123 -0.6075 0.9649 0.4123 -0.624 0.9744 0.4267 -0.624 0.9744 0.4267 -0.6075 0.9649 0.414 -0.6547 0.9554 0.414 -0.6651 0.9493 0.414 -0.6729 0.9401 0.414 -0.631 0.9554 0.414 -0.677 0.9288 0.414 -0.677 0.9167 0.414 -0.6651 0.8962 0.414 -0.6729 0.9054 0.414 -0.6547 0.8902 0.414 -0.6428 0.8881 0.414 -0.6205 0.8962 0.414 -0.631 0.8902 0.414 -0.6087 0.9167 0.414 -0.6128 0.9401 0.414 -0.6128 0.9054 0.414 -0.6087 0.9288 0.414 -0.6205 0.9493 0.414 -0.6428 0.9574 0.4267 -0.6428 0.9778 0.4267 -0.6617 0.9744 0.4267 -0.6599 0.9697 0.4267 -0.6428 0.9727 0.4267 -0.6782 0.9649 0.4267 -0.6749 0.961 0.4267 -0.6861 0.9477 0.4267 -0.6905 0.9503 0.4267 -0.697 0.9323 0.4267 -0.692 0.9314 0.4267 -0.697 0.9132 0.4267 -0.692 0.9141 0.4267 -0.6905 0.8953 0.4267 -0.6861 0.8978 0.4267 -0.6782 0.8806 0.4267 -0.6749 0.8845 0.4267 -0.6617 0.8711 0.4267 -0.6599 0.8758 0.4267 -0.6428 0.8678 0.4267 -0.6428 0.8728 0.4267 -0.624 0.8711 0.4267 -0.6258 0.8758 0.4267 -0.6075 0.8806 0.4267 -0.6108 0.8845 0.4267 -0.5952 0.8953 0.4267 -0.5996 0.8978 0.4267 -0.5937 0.9141 0.4267 -0.5887 0.9132 0.4267 -0.5887 0.9323 0.4267 -0.5937 0.9314 0.4267 -0.5952 0.9503 0.4267 -0.5996 0.9477 0.4267 -0.6075 0.9649 0.4267 -0.6108 0.961 0.4267 -0.624 0.9744 0.4267 -0.6258 0.9697 0.4267 -0.6599 0.9697 0.4188 -0.6599 0.9697 0.4188 -0.6428 0.9727 0.4267 -0.6428 0.9727 0.4188 -0.6749 0.961 0.4267 -0.6749 0.961 0.4188 -0.6749 0.961 0.4267 -0.6749 0.961 0.4267 -0.6861 0.9477 0.4188 -0.6861 0.9477 0.4267 -0.692 0.9314 0.4188 -0.692 0.9314 0.4267 -0.692 0.9141 0.4188 -0.692 0.9141 0.4267 -0.6861 0.8978 0.4188 -0.6861 0.8978 0.4267 -0.6749 0.8845 0.4188 -0.6749 0.8845 0.4267 -0.6749 0.8845 0.4267 -0.6599 0.8758 0.4188 -0.6599 0.8758 0.4188 -0.6749 0.8845 0.4188 -0.6428 0.8728 0.4267 -0.6428 0.8728 0.4267 -0.6258 0.8758 0.4188 -0.6258 0.8758 0.4267 -0.6108 0.8845 0.4188 -0.6108 0.8845 0.4188 -0.6108 0.8845 0.4267 -0.6108 0.8845 0.4267 -0.5996 0.8978 0.4188 -0.5996 0.8978 0.4267 -0.5937 0.9141 0.4188 -0.5937 0.9141 0.4267 -0.5937 0.9314 0.4188 -0.5937 0.9314 0.4267 -0.5937 0.9314 0.4267 -0.5996 0.9477 0.4188 -0.5996 0.9477 0.4188 -0.5937 0.9314 0.4267 -0.6108 0.961 0.4188 -0.6108 0.961 0.4188 -0.6108 0.961 0.4267 -0.6108 0.961 0.4267 -0.6258 0.9697 0.4188 -0.6258 0.9697 0.4188 -0.6428 0.9727 0.4188 -0.6599 0.9697 0.4188 -0.6547 0.9554 0.4188 -0.6428 0.9574 0.4188 -0.6749 0.961 0.4188 -0.6651 0.9493 0.4188 -0.6861 0.9477 0.4188 -0.6729 0.9401 0.4188 -0.692 0.9314 0.4188 -0.677 0.9288 0.4188 -0.692 0.9141 0.4188 -0.677 0.9167 0.4188 -0.6861 0.8978 0.4188 -0.6729 0.9054 0.4188 -0.6749 0.8845 0.4188 -0.6651 0.8962 0.4188 -0.6599 0.8758 0.4188 -0.6547 0.8902 0.4188 -0.6428 0.8728 0.4188 -0.6428 0.8881 0.4188 -0.6258 0.8758 0.4188 -0.631 0.8902 0.4188 -0.6108 0.8845 0.4188 -0.6205 0.8962 0.4188 -0.5996 0.8978 0.4188 -0.6128 0.9054 0.4188 -0.5937 0.9141 0.4188 -0.6087 0.9167 0.4188 -0.5937 0.9314 0.4188 -0.6087 0.9288 0.4188 -0.6128 0.9401 0.4188 -0.5996 0.9477 0.4188 -0.6108 0.961 0.4188 -0.6205 0.9493 0.4188 -0.6258 0.9697 0.4188 -0.631 0.9554 0.414 -0.6428 0.9574 0.4188 -0.6428 0.9574 0.4188 -0.6547 0.9554 0.414 -0.6547 0.9554 0.4188 -0.6651 0.9493 0.414 -0.6651 0.9493 0.414 -0.6651 0.9493 0.4188 -0.6651 0.9493 0.4188 -0.6729 0.9401 0.414 -0.6729 0.9401 0.4188 -0.677 0.9288 0.414 -0.677 0.9288 0.4188 -0.677 0.9167 0.414 -0.677 0.9167 0.4188 -0.6729 0.9054 0.414 -0.6729 0.9054 0.4188 -0.6651 0.8962 0.414 -0.6651 0.8962 0.4188 -0.6651 0.8962 0.4188 -0.6547 0.8902 0.414 -0.6547 0.8902 0.414 -0.6651 0.8962 0.4188 -0.6428 0.8881 0.414 -0.6428 0.8881 0.4188 -0.631 0.8902 0.414 -0.631 0.8902 0.4188 -0.6205 0.8962 0.414 -0.6205 0.8962 0.4188 -0.6205 0.8962 0.4188 -0.6128 0.9054 0.414 -0.6128 0.9054 0.414 -0.6205 0.8962 0.4188 -0.6087 0.9167 0.414 -0.6087 0.9167 0.414 -0.6087 0.9288 0.4188 -0.6087 0.9288 0.414 -0.6128 0.9401 0.414 -0.6087 0.9288 0.4188 -0.6087 0.9288 0.4188 -0.6128 0.9401 0.4188 -0.6205 0.9493 0.414 -0.6205 0.9493 0.414 -0.6205 0.9493 0.4188 -0.6205 0.9493 0.4188 -0.631 0.9554 0.414 -0.631 0.9554 0.4232 -0.643 0.9551 0.4232 -0.6539 0.9531 0.4499 -0.6539 0.9531 0.4499 -0.643 0.9551 0.4232 -0.6636 0.9476 0.4499 -0.6636 0.9476 0.4232 -0.6636 0.9476 0.4232 -0.6707 0.9391 0.4499 -0.6707 0.9391 0.4499 -0.6636 0.9476 0.4232 -0.6745 0.9286 0.4499 -0.6745 0.9286 0.4232 -0.6745 0.9175 0.4499 -0.6745 0.9175 0.4232 -0.6707 0.9071 0.4499 -0.6707 0.9071 0.4499 -0.6745 0.9175 0.4232 -0.6745 0.9175 0.4499 -0.6636 0.8985 0.4232 -0.6636 0.8985 0.4499 -0.6636 0.8985 0.4232 -0.6636 0.8985 0.4232 -0.6539 0.893 0.4499 -0.6539 0.893 0.4232 -0.643 0.8911 0.4499 -0.643 0.8911 0.4232 -0.6321 0.893 0.4499 -0.6321 0.893 0.4232 -0.6224 0.8985 0.4499 -0.6224 0.8985 0.4232 -0.6224 0.8985 0.4232 -0.6153 0.9071 0.4499 -0.6153 0.9071 0.4499 -0.6224 0.8985 0.4232 -0.6115 0.9175 0.4499 -0.6115 0.9175 0.4232 -0.6115 0.9286 0.4499 -0.6115 0.9286 0.4499 -0.6153 0.9391 0.4232 -0.6153 0.9391 0.4232 -0.6224 0.9476 0.4499 -0.6224 0.9476 0.4232 -0.6224 0.9476 0.4232 -0.6321 0.9531 0.4499 -0.6321 0.9531 0.4499 -0.6224 0.9476 0.4467 -0.6464 0.9323 0.4467 -0.6493 0.9306 0.4467 -0.6515 0.928 0.4467 -0.6396 0.9323 0.4467 -0.6527 0.9248 0.4467 -0.6527 0.9213 0.4467 -0.6493 0.9155 0.4467 -0.6515 0.9181 0.4467 -0.6464 0.9138 0.4467 -0.643 0.9132 0.4467 -0.6367 0.9155 0.4467 -0.6396 0.9138 0.4467 -0.6345 0.9181 0.4467 -0.6333 0.9213 0.4467 -0.6345 0.928 0.4467 -0.6333 0.9248 0.4467 -0.6367 0.9306 0.4467 -0.643 0.9329 0.4567 -0.643 0.9431 0.4519 -0.643 0.9431 0.4519 -0.6498 0.9419 0.4567 -0.6498 0.9419 0.4232 -0.643 0.9431 0.414 -0.643 0.9431 0.414 -0.6498 0.9419 0.4232 -0.6498 0.9419 0.4567 -0.6559 0.9384 0.4519 -0.6559 0.9384 0.414 -0.6559 0.9384 0.4232 -0.6559 0.9384 0.4567 -0.6559 0.9384 0.4519 -0.6559 0.9384 0.4519 -0.6603 0.9331 0.4567 -0.6603 0.9331 0.4232 -0.6559 0.9384 0.414 -0.6559 0.9384 0.414 -0.6603 0.9331 0.4232 -0.6603 0.9331 0.4519 -0.6627 0.9265 0.4567 -0.6627 0.9265 0.414 -0.6627 0.9265 0.4232 -0.6627 0.9265 0.4519 -0.6627 0.9196 0.4567 -0.6627 0.9196 0.4232 -0.6627 0.9196 0.414 -0.6627 0.9196 0.4567 -0.6603 0.9131 0.4567 -0.6627 0.9196 0.4519 -0.6627 0.9196 0.4519 -0.6603 0.9131 0.4232 -0.6603 0.9131 0.4232 -0.6627 0.9196 0.414 -0.6627 0.9196 0.414 -0.6603 0.9131 0.4519 -0.6559 0.9077 0.4567 -0.6559 0.9077 0.414 -0.6559 0.9077 0.4232 -0.6559 0.9077 0.4567 -0.6559 0.9077 0.4519 -0.6559 0.9077 0.4519 -0.6498 0.9043 0.4567 -0.6498 0.9043 0.414 -0.6498 0.9043 0.4232 -0.6498 0.9043 0.4232 -0.6559 0.9077 0.414 -0.6559 0.9077 0.4567 -0.643 0.9031 0.4519 -0.643 0.9031 0.414 -0.643 0.9031 0.4232 -0.643 0.9031 0.4567 -0.6362 0.9043 0.4519 -0.6362 0.9043 0.4232 -0.6362 0.9043 0.414 -0.6362 0.9043 0.4567 -0.6301 0.9077 0.4519 -0.6301 0.9077 0.4232 -0.6301 0.9077 0.414 -0.6301 0.9077 0.4567 -0.6257 0.9131 0.4567 -0.6301 0.9077 0.4519 -0.6301 0.9077 0.4519 -0.6257 0.9131 0.4232 -0.6257 0.9131 0.4232 -0.6301 0.9077 0.414 -0.6301 0.9077 0.414 -0.6257 0.9131 0.4567 -0.6233 0.9196 0.4519 -0.6233 0.9196 0.4232 -0.6233 0.9196 0.414 -0.6233 0.9196 0.4567 -0.6233 0.9265 0.4519 -0.6233 0.9265 0.4232 -0.6233 0.9265 0.414 -0.6233 0.9265 0.4567 -0.6257 0.9331 0.4519 -0.6257 0.9331 0.4232 -0.6257 0.9331 0.414 -0.6257 0.9331 0.4567 -0.6301 0.9384 0.4519 -0.6301 0.9384 0.4232 -0.6301 0.9384 0.414 -0.6301 0.9384 0.4567 -0.6362 0.9419 0.4567 -0.6301 0.9384 0.4519 -0.6301 0.9384 0.4519 -0.6362 0.9419 0.4232 -0.6362 0.9419 0.4232 -0.6301 0.9384 0.414 -0.6301 0.9384 0.414 -0.6362 0.9419 0.4519 -0.6498 0.9419 0.4519 -0.643 0.9431 0.4519 -0.643 0.9491 0.4519 -0.6519 0.9475 0.4519 -0.6341 0.9475 0.4519 -0.6362 0.9419 0.4519 -0.6301 0.9384 0.4519 -0.6263 0.943 0.4519 -0.6205 0.9361 0.4519 -0.6257 0.9331 0.4519 -0.6174 0.9276 0.4519 -0.6233 0.9265 0.4519 -0.6233 0.9196 0.4519 -0.6174 0.9185 0.4519 -0.6205 0.9101 0.4519 -0.6257 0.9131 0.4519 -0.6263 0.9031 0.4519 -0.6301 0.9077 0.4519 -0.6362 0.9043 0.4519 -0.6341 0.8986 0.4519 -0.643 0.8971 0.4519 -0.643 0.9031 0.4519 -0.6519 0.8986 0.4519 -0.6498 0.9043 0.4519 -0.6597 0.9031 0.4519 -0.6559 0.9077 0.4519 -0.6603 0.9131 0.4519 -0.6655 0.9101 0.4519 -0.6627 0.9196 0.4519 -0.6686 0.9185 0.4519 -0.6686 0.9276 0.4519 -0.6627 0.9265 0.4519 -0.6655 0.9361 0.4519 -0.6603 0.9331 0.4519 -0.6597 0.943 0.4519 -0.6559 0.9384 0.4519 -0.643 0.9531 0.4519 -0.6533 0.9512 0.4519 -0.6327 0.9512 0.4519 -0.6237 0.946 0.4519 -0.617 0.9381 0.4519 -0.6135 0.9283 0.4519 -0.6135 0.9178 0.4519 -0.617 0.9081 0.4519 -0.6237 0.9001 0.4519 -0.6327 0.8949 0.4519 -0.643 0.8931 0.4519 -0.6533 0.8949 0.4519 -0.6623 0.9001 0.4519 -0.669 0.9081 0.4519 -0.6725 0.9178 0.4519 -0.6725 0.9283 0.4519 -0.669 0.9381 0.4519 -0.6623 0.946 0.4567 -0.643 0.9431 0.4567 -0.6498 0.9419 0.4567 -0.6464 0.9323 0.4567 -0.643 0.9329 0.4567 -0.6559 0.9384 0.4567 -0.6493 0.9306 0.4567 -0.6603 0.9331 0.4567 -0.6515 0.928 0.4567 -0.6627 0.9265 0.4567 -0.6527 0.9248 0.4567 -0.6627 0.9196 0.4567 -0.6527 0.9213 0.4567 -0.6515 0.9181 0.4567 -0.6603 0.9131 0.4567 -0.6493 0.9155 0.4567 -0.6559 0.9077 0.4567 -0.6498 0.9043 0.4567 -0.6464 0.9138 0.4567 -0.643 0.9031 0.4567 -0.643 0.9132 0.4567 -0.6362 0.9043 0.4567 -0.6396 0.9138 0.4567 -0.6301 0.9077 0.4567 -0.6367 0.9155 0.4567 -0.6257 0.9131 0.4567 -0.6345 0.9181 0.4567 -0.6233 0.9196 0.4567 -0.6333 0.9213 0.4567 -0.6233 0.9265 0.4567 -0.6333 0.9248 0.4567 -0.6257 0.9331 0.4567 -0.6345 0.928 0.4567 -0.6301 0.9384 0.4567 -0.6367 0.9306 0.4567 -0.6362 0.9419 0.4567 -0.6396 0.9323 0.4567 -0.643 0.9329 0.4567 -0.6464 0.9323 0.4467 -0.6464 0.9323 0.4467 -0.643 0.9329 0.4567 -0.6493 0.9306 0.4467 -0.6493 0.9306 0.4567 -0.6493 0.9306 0.4567 -0.6515 0.928 0.4467 -0.6515 0.928 0.4467 -0.6493 0.9306 0.4567 -0.6527 0.9248 0.4467 -0.6527 0.9248 0.4567 -0.6527 0.9213 0.4467 -0.6527 0.9213 0.4567 -0.6515 0.9181 0.4467 -0.6515 0.9181 0.4467 -0.6493 0.9155 0.4567 -0.6493 0.9155 0.4567 -0.6493 0.9155 0.4567 -0.6464 0.9138 0.4467 -0.6464 0.9138 0.4467 -0.6493 0.9155 0.4467 -0.643 0.9132 0.4567 -0.643 0.9132 0.4567 -0.6396 0.9138 0.4467 -0.6396 0.9138 0.4467 -0.6367 0.9155 0.4567 -0.6367 0.9155 0.4567 -0.6345 0.9181 0.4467 -0.6345 0.9181 0.4467 -0.6367 0.9155 0.4567 -0.6367 0.9155 0.4467 -0.6333 0.9213 0.4567 -0.6333 0.9213 0.4567 -0.6333 0.9248 0.4467 -0.6333 0.9248 0.4567 -0.6345 0.928 0.4467 -0.6345 0.928 0.4467 -0.6333 0.9248 0.4567 -0.6333 0.9248 0.4567 -0.6367 0.9306 0.4467 -0.6367 0.9306 0.4467 -0.6367 0.9306 0.4567 -0.6367 0.9306 0.4567 -0.6396 0.9323 0.4467 -0.6396 0.9323 0.4514 -0.6538 0.9527 0.4514 -0.643 0.9546 0.4514 -0.6322 0.9527 0.4514 -0.6228 0.9472 0.4514 -0.6228 0.9472 0.4514 -0.6157 0.9388 0.4514 -0.612 0.9285 0.4514 -0.612 0.9176 0.4514 -0.6157 0.9073 0.4514 -0.6228 0.8989 0.4514 -0.6322 0.8935 0.4514 -0.6228 0.8989 0.4514 -0.643 0.8916 0.4514 -0.6538 0.8935 0.4514 -0.6632 0.8989 0.4514 -0.6632 0.8989 0.4514 -0.6703 0.9073 0.4514 -0.674 0.9176 0.4514 -0.674 0.9176 0.4514 -0.674 0.9285 0.4514 -0.6703 0.9388 0.4514 -0.6632 0.9472 0.4514 -0.6632 0.9472 0.4514 -0.643 0.9546 0.4514 -0.6538 0.9527 0.4514 -0.6322 0.9527 0.4514 -0.6228 0.9472 0.4514 -0.6157 0.9388 0.4514 -0.612 0.9285 0.4514 -0.612 0.9176 0.4514 -0.6157 0.9073 0.4514 -0.6228 0.8989 0.4514 -0.6322 0.8935 0.4514 -0.643 0.8916 0.4514 -0.6538 0.8935 0.4514 -0.6632 0.8989 0.4514 -0.6703 0.9073 0.4514 -0.674 0.9176 0.4514 -0.674 0.9285 0.4514 -0.6703 0.9388 0.4514 -0.6632 0.9472 0.3294 -0.6975997 -2.5 0.3294 -0.7293996 -2.5 0.3294 -0.7480996 -2.4887 0.3294 -0.7493997 -2.48 0.3294 -0.7443997 -2.495 0.3294 -0.7380996 -2.4987 0.3294 -0.7493997 -2.48 0.3375 -0.7493997 -2.48 0.3375 -0.7293996 -2.5 0.3375 -0.7050997 -2.5 0.3375 -0.7443997 -2.495 0.3375 -0.7380996 -2.4987 0.3375 -0.7480996 -2.4887 0.3375 -0.7493997 -2.48 0.3875 -0.7050997 -2.5 0.3875 -0.6975997 -2.5 0.3796 -0.6975997 -2.5 0.3875 -0.6975997 -2.5 0.3875 -0.7050997 -2.5 0.3375 -0.7050997 -2.5 0.3294 -0.6975997 -2.5 0.3375 -0.7050997 -2.5 0.3875 -0.7050997 -2.5 0.3875 -0.6187996 -2.5 0.3796 -0.6187996 -2.5 0.3875 -0.6187996 -2.5 0.3796 -0.6187996 -2.5 0.3796 -0.6975997 -2.5 0.3875 -0.6187996 -2.5 0.3796 -0.6187996 -2.5 0.3294 -0.7293996 -2.5 0.3375 -0.7293996 -2.5 0.3375 -0.7380996 -2.4987 0.3294 -0.7380996 -2.4987 0.3375 -0.7443997 -2.495 0.3294 -0.7443997 -2.495 0.3375 -0.7443997 -2.495 0.3375 -0.7480996 -2.4887 0.3294 -0.7480996 -2.4887 0.3294 -0.7443997 -2.495 0.3796 -0.6975997 -2.5 0.3294 -0.6975997 -2.5 0.3563 -0.5648996 -2.498 0.3563 -0.5700997 -2.498 0.3813 -0.6042997 -2.498 0.3863 -0.6042997 -2.498 0.3863 -0.6042997 -2.498 0.3863 -0.6037997 -2.4995 0.3863 -0.6022996 -2.5 0.3863 -0.5648996 -2.5 0.3813 -0.6022996 -2.5 0.3813 -0.6037997 -2.4995 0.3813 -0.6042997 -2.498 0.3813 -0.5700997 -2.5 0.3813 -0.5700997 -2.5 0.3583 -0.5700997 -2.5 0.3583 -0.5648996 -2.5 0.3863 -0.5648996 -2.5 0.3583 -0.5648996 -2.5 0.3568 -0.5648996 -2.4995 0.3563 -0.5648996 -2.498 0.3863 -0.5648996 -2.5 0.3563 -0.5700997 -2.498 0.3813 -0.5700997 -2.5 0.3568 -0.5700997 -2.4995 0.3583 -0.5700997 -2.5 0.3863 -0.6022996 -2.5 0.3863 -0.6037997 -2.4995 0.3813 -0.6037997 -2.4995 0.3813 -0.6022996 -2.5 0.3568 -0.5648996 -2.4995 0.3568 -0.5700997 -2.4995 0.3813 -0.6037997 -2.4995 0.3863 -0.6037997 -2.4995 0.3568 -0.5700997 -2.4995 0.3568 -0.5648996 -2.4995 0.374 -0.7049996 -2.3143 0.3731 -0.7049996 -2.3092 0.3731 -0.7088996 -2.3092 0.374 -0.7088996 -2.3143 0.3705 -0.7049996 -2.3046 0.3705 -0.7088996 -2.3046 0.3705 -0.7088996 -2.3046 0.3705 -0.7049996 -2.3046 0.3665 -0.7049996 -2.3013 0.3665 -0.7088996 -2.3013 0.3616 -0.7049996 -2.2995 0.3616 -0.7088996 -2.2995 0.3564 -0.7049996 -2.2995 0.3564 -0.7088996 -2.2995 0.3515 -0.7049996 -2.3013 0.3515 -0.7088996 -2.3013 0.3475 -0.7049996 -2.3046 0.3475 -0.7088996 -2.3046 0.3475 -0.7088996 -2.3046 0.3475 -0.7049996 -2.3046 0.3449 -0.7049996 -2.3092 0.3449 -0.7088996 -2.3092 0.344 -0.7049996 -2.3143 0.344 -0.7088996 -2.3143 0.3449 -0.7049996 -2.3194 0.3449 -0.7088996 -2.3194 0.3475 -0.7049996 -2.3239 0.3475 -0.7088996 -2.3239 0.3475 -0.7088996 -2.3239 0.3475 -0.7049996 -2.3239 0.3515 -0.7049996 -2.3273 0.3515 -0.7088996 -2.3273 0.3564 -0.7049996 -2.3291 0.3564 -0.7088996 -2.3291 0.3616 -0.7049996 -2.3291 0.3616 -0.7088996 -2.3291 0.3665 -0.7049996 -2.3273 0.3665 -0.7088996 -2.3273 0.3705 -0.7049996 -2.3239 0.3705 -0.7088996 -2.3239 0.3731 -0.7088996 -2.3194 0.3705 -0.7088996 -2.3239 0.3705 -0.7049996 -2.3239 0.3731 -0.7049996 -2.3194 0.3683 -0.7108997 -2.3109 0.3666 -0.7108997 -2.3079 0.364 -0.7108997 -2.3057 0.3683 -0.7108997 -2.3177 0.3607 -0.7108997 -2.3045 0.3573 -0.7108997 -2.3045 0.3514 -0.7108997 -2.3079 0.354 -0.7108997 -2.3057 0.3497 -0.7108997 -2.3109 0.3491 -0.7108997 -2.3143 0.3514 -0.7108997 -2.3207 0.3497 -0.7108997 -2.3177 0.354 -0.7108997 -2.3229 0.3573 -0.7108997 -2.3241 0.364 -0.7108997 -2.3229 0.3607 -0.7108997 -2.3241 0.3666 -0.7108997 -2.3207 0.3689 -0.7108997 -2.3143 0.3689 -0.7088996 -2.3143 0.374 -0.7088996 -2.3143 0.3731 -0.7088996 -2.3092 0.3683 -0.7088996 -2.3109 0.3705 -0.7088996 -2.3046 0.3666 -0.7088996 -2.3079 0.364 -0.7088996 -2.3057 0.3665 -0.7088996 -2.3013 0.3616 -0.7088996 -2.2995 0.3607 -0.7088996 -2.3045 0.3564 -0.7088996 -2.2995 0.3573 -0.7088996 -2.3045 0.3515 -0.7088996 -2.3013 0.354 -0.7088996 -2.3057 0.3514 -0.7088996 -2.3079 0.3475 -0.7088996 -2.3046 0.3449 -0.7088996 -2.3092 0.3497 -0.7088996 -2.3109 0.344 -0.7088996 -2.3143 0.3491 -0.7088996 -2.3143 0.3449 -0.7088996 -2.3194 0.3497 -0.7088996 -2.3177 0.3475 -0.7088996 -2.3239 0.3514 -0.7088996 -2.3207 0.3515 -0.7088996 -2.3273 0.354 -0.7088996 -2.3229 0.3564 -0.7088996 -2.3291 0.3573 -0.7088996 -2.3241 0.3616 -0.7088996 -2.3291 0.3607 -0.7088996 -2.3241 0.3665 -0.7088996 -2.3273 0.364 -0.7088996 -2.3229 0.3705 -0.7088996 -2.3239 0.3666 -0.7088996 -2.3207 0.3731 -0.7088996 -2.3194 0.3683 -0.7088996 -2.3177 0.3689 -0.7088996 -2.3143 0.3683 -0.7088996 -2.3109 0.3683 -0.7108997 -2.3109 0.3689 -0.7108997 -2.3143 0.3666 -0.7108997 -2.3079 0.3683 -0.7108997 -2.3109 0.3683 -0.7088996 -2.3109 0.3666 -0.7088996 -2.3079 0.3666 -0.7088996 -2.3079 0.364 -0.7088996 -2.3057 0.364 -0.7108997 -2.3057 0.3666 -0.7108997 -2.3079 0.3607 -0.7088996 -2.3045 0.3607 -0.7108997 -2.3045 0.364 -0.7108997 -2.3057 0.364 -0.7088996 -2.3057 0.3573 -0.7088996 -2.3045 0.3573 -0.7108997 -2.3045 0.3607 -0.7108997 -2.3045 0.3607 -0.7088996 -2.3045 0.3573 -0.7088996 -2.3045 0.354 -0.7088996 -2.3057 0.354 -0.7108997 -2.3057 0.3573 -0.7108997 -2.3045 0.3514 -0.7088996 -2.3079 0.3514 -0.7108997 -2.3079 0.354 -0.7108997 -2.3057 0.354 -0.7088996 -2.3057 0.3514 -0.7108997 -2.3079 0.3514 -0.7088996 -2.3079 0.3497 -0.7088996 -2.3109 0.3497 -0.7108997 -2.3109 0.3497 -0.7108997 -2.3109 0.3497 -0.7088996 -2.3109 0.3491 -0.7088996 -2.3143 0.3491 -0.7108997 -2.3143 0.3491 -0.7108997 -2.3143 0.3491 -0.7088996 -2.3143 0.3497 -0.7088996 -2.3177 0.3497 -0.7108997 -2.3177 0.3497 -0.7108997 -2.3177 0.3497 -0.7088996 -2.3177 0.3514 -0.7088996 -2.3207 0.3514 -0.7108997 -2.3207 0.3514 -0.7108997 -2.3207 0.3514 -0.7088996 -2.3207 0.354 -0.7088996 -2.3229 0.354 -0.7108997 -2.3229 0.354 -0.7108997 -2.3229 0.354 -0.7088996 -2.3229 0.3573 -0.7088996 -2.3241 0.3573 -0.7108997 -2.3241 0.3573 -0.7108997 -2.3241 0.3573 -0.7088996 -2.3241 0.3607 -0.7088996 -2.3241 0.3607 -0.7108997 -2.3241 0.3607 -0.7088996 -2.3241 0.364 -0.7088996 -2.3229 0.364 -0.7108997 -2.3229 0.3607 -0.7108997 -2.3241 0.3666 -0.7088996 -2.3207 0.3666 -0.7108997 -2.3207 0.364 -0.7108997 -2.3229 0.364 -0.7088996 -2.3229 0.3666 -0.7108997 -2.3207 0.3666 -0.7088996 -2.3207 0.3683 -0.7088996 -2.3177 0.3683 -0.7108997 -2.3177 0.3683 -0.7088996 -2.3177 0.3689 -0.7088996 -2.3143 0.3689 -0.7108997 -2.3143 0.3683 -0.7108997 -2.3177 0.3731 -0.7049996 -2.0377 0.3731 -0.7088996 -2.0377 0.374 -0.7088996 -2.0429 0.374 -0.7049996 -2.0429 0.3705 -0.7049996 -2.0332 0.3705 -0.7088996 -2.0332 0.3705 -0.7088996 -2.0332 0.3705 -0.7049996 -2.0332 0.3665 -0.7049996 -2.0299 0.3665 -0.7088996 -2.0299 0.3616 -0.7049996 -2.0281 0.3616 -0.7088996 -2.0281 0.3564 -0.7049996 -2.0281 0.3564 -0.7088996 -2.0281 0.3515 -0.7049996 -2.0299 0.3515 -0.7088996 -2.0299 0.3475 -0.7049996 -2.0332 0.3475 -0.7088996 -2.0332 0.3475 -0.7088996 -2.0332 0.3475 -0.7049996 -2.0332 0.3449 -0.7049996 -2.0377 0.3449 -0.7088996 -2.0377 0.344 -0.7088996 -2.0429 0.344 -0.7049996 -2.0429 0.3449 -0.7049996 -2.048 0.3449 -0.7088996 -2.048 0.3475 -0.7049996 -2.0525 0.3475 -0.7088996 -2.0525 0.3515 -0.7088996 -2.0558 0.3475 -0.7088996 -2.0525 0.3475 -0.7049996 -2.0525 0.3515 -0.7049996 -2.0558 0.3564 -0.7049996 -2.0576 0.3564 -0.7088996 -2.0576 0.3616 -0.7049996 -2.0576 0.3616 -0.7088996 -2.0576 0.3665 -0.7049996 -2.0558 0.3665 -0.7088996 -2.0558 0.3705 -0.7049996 -2.0525 0.3705 -0.7088996 -2.0525 0.3705 -0.7088996 -2.0525 0.3705 -0.7049996 -2.0525 0.3731 -0.7049996 -2.048 0.3731 -0.7088996 -2.048 0.3666 -0.7108997 -2.0365 0.364 -0.7108997 -2.0343 0.3683 -0.7108997 -2.0463 0.3683 -0.7108997 -2.0395 0.3607 -0.7108997 -2.0331 0.3573 -0.7108997 -2.0331 0.3514 -0.7108997 -2.0365 0.354 -0.7108997 -2.0343 0.3497 -0.7108997 -2.0395 0.3491 -0.7108997 -2.0429 0.3514 -0.7108997 -2.0492 0.3497 -0.7108997 -2.0463 0.364 -0.7108997 -2.0515 0.354 -0.7108997 -2.0515 0.3573 -0.7108997 -2.0526 0.3607 -0.7108997 -2.0526 0.3666 -0.7108997 -2.0492 0.3689 -0.7108997 -2.0429 0.374 -0.7088996 -2.0429 0.3731 -0.7088996 -2.0377 0.3683 -0.7088996 -2.0395 0.3689 -0.7088996 -2.0429 0.3705 -0.7088996 -2.0332 0.3666 -0.7088996 -2.0365 0.3665 -0.7088996 -2.0299 0.364 -0.7088996 -2.0343 0.3616 -0.7088996 -2.0281 0.3607 -0.7088996 -2.0331 0.3564 -0.7088996 -2.0281 0.3573 -0.7088996 -2.0331 0.3515 -0.7088996 -2.0299 0.354 -0.7088996 -2.0343 0.3475 -0.7088996 -2.0332 0.3514 -0.7088996 -2.0365 0.3449 -0.7088996 -2.0377 0.3497 -0.7088996 -2.0395 0.344 -0.7088996 -2.0429 0.3491 -0.7088996 -2.0429 0.3449 -0.7088996 -2.048 0.3497 -0.7088996 -2.0463 0.3491 -0.7088996 -2.0429 0.344 -0.7088996 -2.0429 0.3475 -0.7088996 -2.0525 0.3514 -0.7088996 -2.0492 0.3497 -0.7088996 -2.0463 0.3449 -0.7088996 -2.048 0.3515 -0.7088996 -2.0558 0.354 -0.7088996 -2.0515 0.3564 -0.7088996 -2.0576 0.3573 -0.7088996 -2.0526 0.3616 -0.7088996 -2.0576 0.3607 -0.7088996 -2.0526 0.3665 -0.7088996 -2.0558 0.364 -0.7088996 -2.0515 0.3705 -0.7088996 -2.0525 0.3666 -0.7088996 -2.0492 0.3731 -0.7088996 -2.048 0.3683 -0.7088996 -2.0463 0.374 -0.7088996 -2.0429 0.3689 -0.7088996 -2.0429 0.3683 -0.7088996 -2.0463 0.3731 -0.7088996 -2.048 0.3683 -0.7088996 -2.0395 0.3683 -0.7108997 -2.0395 0.3689 -0.7108997 -2.0429 0.3689 -0.7088996 -2.0429 0.3683 -0.7088996 -2.0395 0.3666 -0.7088996 -2.0365 0.3666 -0.7108997 -2.0365 0.3683 -0.7108997 -2.0395 0.3666 -0.7108997 -2.0365 0.3666 -0.7088996 -2.0365 0.364 -0.7088996 -2.0343 0.364 -0.7108997 -2.0343 0.364 -0.7088996 -2.0343 0.3607 -0.7088996 -2.0331 0.3607 -0.7108997 -2.0331 0.364 -0.7108997 -2.0343 0.3607 -0.7088996 -2.0331 0.3573 -0.7088996 -2.0331 0.3573 -0.7108997 -2.0331 0.3607 -0.7108997 -2.0331 0.354 -0.7088996 -2.0343 0.354 -0.7108997 -2.0343 0.3573 -0.7108997 -2.0331 0.3573 -0.7088996 -2.0331 0.3514 -0.7088996 -2.0365 0.3514 -0.7108997 -2.0365 0.354 -0.7108997 -2.0343 0.354 -0.7088996 -2.0343 0.3497 -0.7088996 -2.0395 0.3497 -0.7108997 -2.0395 0.3514 -0.7108997 -2.0365 0.3514 -0.7088996 -2.0365 0.3491 -0.7108997 -2.0429 0.3497 -0.7108997 -2.0395 0.3497 -0.7088996 -2.0395 0.3491 -0.7088996 -2.0429 0.3491 -0.7108997 -2.0429 0.3491 -0.7088996 -2.0429 0.3497 -0.7088996 -2.0463 0.3497 -0.7108997 -2.0463 0.3497 -0.7088996 -2.0463 0.3514 -0.7088996 -2.0492 0.3514 -0.7108997 -2.0492 0.3497 -0.7108997 -2.0463 0.354 -0.7088996 -2.0515 0.354 -0.7108997 -2.0515 0.3514 -0.7108997 -2.0492 0.3514 -0.7088996 -2.0492 0.354 -0.7088996 -2.0515 0.3573 -0.7088996 -2.0526 0.3573 -0.7108997 -2.0526 0.354 -0.7108997 -2.0515 0.3573 -0.7108997 -2.0526 0.3573 -0.7088996 -2.0526 0.3607 -0.7088996 -2.0526 0.3607 -0.7108997 -2.0526 0.3607 -0.7088996 -2.0526 0.364 -0.7088996 -2.0515 0.364 -0.7108997 -2.0515 0.3607 -0.7108997 -2.0526 0.364 -0.7108997 -2.0515 0.364 -0.7088996 -2.0515 0.3666 -0.7088996 -2.0492 0.3666 -0.7108997 -2.0492 0.3666 -0.7088996 -2.0492 0.3683 -0.7088996 -2.0463 0.3683 -0.7108997 -2.0463 0.3666 -0.7108997 -2.0492 0.3683 -0.7088996 -2.0463 0.3689 -0.7088996 -2.0429 0.3689 -0.7108997 -2.0429 0.3683 -0.7108997 -2.0463 0.374 -0.7088997 -1.7714 0.374 -0.7049997 -1.7714 0.3731 -0.7049997 -1.7663 0.3731 -0.7088997 -1.7663 0.3705 -0.7049997 -1.7618 0.3705 -0.7088997 -1.7618 0.3705 -0.7049997 -1.7618 0.3665 -0.7049997 -1.7584 0.3665 -0.7088997 -1.7584 0.3705 -0.7088997 -1.7618 0.3616 -0.7088997 -1.7567 0.3616 -0.7049997 -1.7567 0.3564 -0.7049997 -1.7567 0.3564 -0.7088997 -1.7567 0.3515 -0.7049997 -1.7584 0.3515 -0.7088997 -1.7584 0.3475 -0.7049997 -1.7618 0.3475 -0.7088997 -1.7618 0.3475 -0.7049997 -1.7618 0.3449 -0.7049997 -1.7663 0.3449 -0.7088997 -1.7663 0.3475 -0.7088997 -1.7618 0.344 -0.7049997 -1.7714 0.344 -0.7088997 -1.7714 0.3449 -0.7049997 -1.7766 0.3449 -0.7088997 -1.7766 0.3475 -0.7049997 -1.7811 0.3475 -0.7088997 -1.7811 0.3475 -0.7049997 -1.7811 0.3515 -0.7049997 -1.7844 0.3515 -0.7088997 -1.7844 0.3475 -0.7088997 -1.7811 0.3564 -0.7088997 -1.7862 0.3564 -0.7049997 -1.7862 0.3616 -0.7049997 -1.7862 0.3616 -0.7088997 -1.7862 0.3665 -0.7049997 -1.7844 0.3665 -0.7088997 -1.7844 0.3705 -0.7049997 -1.7811 0.3705 -0.7088997 -1.7811 0.3705 -0.7049997 -1.7811 0.3731 -0.7049997 -1.7766 0.3731 -0.7088997 -1.7766 0.3705 -0.7088997 -1.7811 0.3666 -0.7108997 -1.7651 0.364 -0.7108997 -1.7628 0.3683 -0.7108997 -1.7748 0.3683 -0.7108997 -1.768 0.3514 -0.7108997 -1.7651 0.3607 -0.7108997 -1.7617 0.3573 -0.7108997 -1.7617 0.354 -0.7108997 -1.7628 0.3497 -0.7108997 -1.768 0.3491 -0.7108997 -1.7714 0.3514 -0.7108997 -1.7778 0.3497 -0.7108997 -1.7748 0.354 -0.7108997 -1.78 0.3573 -0.7108997 -1.7812 0.364 -0.7108997 -1.78 0.3607 -0.7108997 -1.7812 0.3666 -0.7108997 -1.7778 0.3689 -0.7108997 -1.7714 0.3683 -0.7088997 -1.768 0.3689 -0.7088997 -1.7714 0.374 -0.7088997 -1.7714 0.3731 -0.7088997 -1.7663 0.3705 -0.7088997 -1.7618 0.3666 -0.7088997 -1.7651 0.3665 -0.7088997 -1.7584 0.364 -0.7088997 -1.7628 0.3616 -0.7088997 -1.7567 0.3607 -0.7088997 -1.7617 0.3564 -0.7088997 -1.7567 0.3573 -0.7088997 -1.7617 0.3515 -0.7088997 -1.7584 0.354 -0.7088997 -1.7628 0.3475 -0.7088997 -1.7618 0.3514 -0.7088997 -1.7651 0.3449 -0.7088997 -1.7663 0.3497 -0.7088997 -1.768 0.344 -0.7088997 -1.7714 0.3491 -0.7088997 -1.7714 0.3449 -0.7088997 -1.7766 0.3497 -0.7088997 -1.7748 0.3475 -0.7088997 -1.7811 0.3514 -0.7088997 -1.7778 0.3515 -0.7088997 -1.7844 0.354 -0.7088997 -1.78 0.3564 -0.7088997 -1.7862 0.3573 -0.7088997 -1.7812 0.3616 -0.7088997 -1.7862 0.3607 -0.7088997 -1.7812 0.3665 -0.7088997 -1.7844 0.364 -0.7088997 -1.78 0.3705 -0.7088997 -1.7811 0.3666 -0.7088997 -1.7778 0.3731 -0.7088997 -1.7766 0.3683 -0.7088997 -1.7748 0.3689 -0.7088997 -1.7714 0.3683 -0.7088997 -1.768 0.3683 -0.7108997 -1.768 0.3689 -0.7108997 -1.7714 0.3666 -0.7088997 -1.7651 0.3666 -0.7108997 -1.7651 0.3683 -0.7108997 -1.768 0.3683 -0.7088997 -1.768 0.3666 -0.7088997 -1.7651 0.364 -0.7088997 -1.7628 0.364 -0.7108997 -1.7628 0.3666 -0.7108997 -1.7651 0.364 -0.7088997 -1.7628 0.3607 -0.7088997 -1.7617 0.3607 -0.7108997 -1.7617 0.364 -0.7108997 -1.7628 0.3607 -0.7088997 -1.7617 0.3573 -0.7088997 -1.7617 0.3573 -0.7108997 -1.7617 0.3607 -0.7108997 -1.7617 0.3573 -0.7108997 -1.7617 0.3573 -0.7088997 -1.7617 0.354 -0.7088997 -1.7628 0.354 -0.7108997 -1.7628 0.3514 -0.7108997 -1.7651 0.354 -0.7108997 -1.7628 0.354 -0.7088997 -1.7628 0.3514 -0.7088997 -1.7651 0.3514 -0.7088997 -1.7651 0.3497 -0.7088997 -1.768 0.3497 -0.7108997 -1.768 0.3514 -0.7108997 -1.7651 0.3491 -0.7108997 -1.7714 0.3497 -0.7108997 -1.768 0.3497 -0.7088997 -1.768 0.3491 -0.7088997 -1.7714 0.3497 -0.7088997 -1.7748 0.3497 -0.7108997 -1.7748 0.3491 -0.7108997 -1.7714 0.3491 -0.7088997 -1.7714 0.3497 -0.7108997 -1.7748 0.3497 -0.7088997 -1.7748 0.3514 -0.7088997 -1.7778 0.3514 -0.7108997 -1.7778 0.354 -0.7088997 -1.78 0.354 -0.7108997 -1.78 0.3514 -0.7108997 -1.7778 0.3514 -0.7088997 -1.7778 0.354 -0.7088997 -1.78 0.3573 -0.7088997 -1.7812 0.3573 -0.7108997 -1.7812 0.354 -0.7108997 -1.78 0.3607 -0.7088997 -1.7812 0.3607 -0.7108997 -1.7812 0.3573 -0.7108997 -1.7812 0.3573 -0.7088997 -1.7812 0.3607 -0.7088997 -1.7812 0.364 -0.7088997 -1.78 0.364 -0.7108997 -1.78 0.3607 -0.7108997 -1.7812 0.364 -0.7088997 -1.78 0.3666 -0.7088997 -1.7778 0.3666 -0.7108997 -1.7778 0.364 -0.7108997 -1.78 0.3666 -0.7088997 -1.7778 0.3683 -0.7088997 -1.7748 0.3683 -0.7108997 -1.7748 0.3666 -0.7108997 -1.7778 0.3683 -0.7088997 -1.7748 0.3689 -0.7088997 -1.7714 0.3689 -0.7108997 -1.7714 0.3683 -0.7108997 -1.7748 0.374 -0.7049997 -1.5 0.3731 -0.7049997 -1.4949 0.3731 -0.7088997 -1.4949 0.374 -0.7088997 -1.5 0.3705 -0.7049997 -1.4904 0.3705 -0.7088997 -1.4904 0.3705 -0.7049997 -1.4904 0.3665 -0.7049997 -1.487 0.3665 -0.7088997 -1.487 0.3705 -0.7088997 -1.4904 0.3616 -0.7049997 -1.4852 0.3616 -0.7088997 -1.4852 0.3564 -0.7049997 -1.4852 0.3564 -0.7088997 -1.4852 0.3515 -0.7049997 -1.487 0.3515 -0.7088997 -1.487 0.3475 -0.7049997 -1.4904 0.3475 -0.7088997 -1.4904 0.3475 -0.7049997 -1.4904 0.3449 -0.7049997 -1.4949 0.3449 -0.7088997 -1.4949 0.3475 -0.7088997 -1.4904 0.344 -0.7049997 -1.5 0.344 -0.7088997 -1.5 0.3449 -0.7049997 -1.5051 0.3449 -0.7088997 -1.5051 0.3475 -0.7049997 -1.5096 0.3475 -0.7088997 -1.5096 0.3475 -0.7049997 -1.5096 0.3515 -0.7049997 -1.513 0.3515 -0.7088997 -1.513 0.3475 -0.7088997 -1.5096 0.3564 -0.7049997 -1.5148 0.3564 -0.7088997 -1.5148 0.3616 -0.7049997 -1.5148 0.3616 -0.7088997 -1.5148 0.3665 -0.7049997 -1.513 0.3665 -0.7088997 -1.513 0.3705 -0.7049997 -1.5096 0.3705 -0.7088997 -1.5096 0.3705 -0.7049997 -1.5096 0.3731 -0.7049997 -1.5051 0.3731 -0.7088997 -1.5051 0.3705 -0.7088997 -1.5096 0.3683 -0.7108997 -1.4966 0.3666 -0.7108997 -1.4936 0.364 -0.7108997 -1.4914 0.3683 -0.7108997 -1.5034 0.3607 -0.7108997 -1.4902 0.3573 -0.7108997 -1.4902 0.3514 -0.7108997 -1.4936 0.354 -0.7108997 -1.4914 0.3497 -0.7108997 -1.4966 0.3491 -0.7108997 -1.5 0.3514 -0.7108997 -1.5064 0.3497 -0.7108997 -1.5034 0.354 -0.7108997 -1.5086 0.3573 -0.7108997 -1.5098 0.364 -0.7108997 -1.5086 0.3607 -0.7108997 -1.5098 0.3666 -0.7108997 -1.5064 0.3689 -0.7108997 -1.5 0.3689 -0.7088997 -1.5 0.374 -0.7088997 -1.5 0.3731 -0.7088997 -1.4949 0.3683 -0.7088997 -1.4966 0.3705 -0.7088997 -1.4904 0.3666 -0.7088997 -1.4936 0.364 -0.7088997 -1.4914 0.3665 -0.7088997 -1.487 0.3616 -0.7088997 -1.4852 0.3607 -0.7088997 -1.4902 0.3564 -0.7088997 -1.4852 0.3573 -0.7088997 -1.4902 0.3515 -0.7088997 -1.487 0.354 -0.7088997 -1.4914 0.3475 -0.7088997 -1.4904 0.3514 -0.7088997 -1.4936 0.3449 -0.7088997 -1.4949 0.3497 -0.7088997 -1.4966 0.344 -0.7088997 -1.5 0.3491 -0.7088997 -1.5 0.3449 -0.7088997 -1.5051 0.3497 -0.7088997 -1.5034 0.3475 -0.7088997 -1.5096 0.3514 -0.7088997 -1.5064 0.354 -0.7088997 -1.5086 0.3515 -0.7088997 -1.513 0.3564 -0.7088997 -1.5148 0.3573 -0.7088997 -1.5098 0.3607 -0.7088997 -1.5098 0.3616 -0.7088997 -1.5148 0.3665 -0.7088997 -1.513 0.364 -0.7088997 -1.5086 0.3705 -0.7088997 -1.5096 0.3666 -0.7088997 -1.5064 0.3731 -0.7088997 -1.5051 0.3683 -0.7088997 -1.5034 0.3689 -0.7088997 -1.5 0.3683 -0.7088997 -1.4966 0.3683 -0.7108997 -1.4966 0.3689 -0.7108997 -1.5 0.3666 -0.7108997 -1.4936 0.3683 -0.7108997 -1.4966 0.3683 -0.7088997 -1.4966 0.3666 -0.7088997 -1.4936 0.3666 -0.7108997 -1.4936 0.3666 -0.7088997 -1.4936 0.364 -0.7088997 -1.4914 0.364 -0.7108997 -1.4914 0.3607 -0.7108997 -1.4902 0.364 -0.7108997 -1.4914 0.364 -0.7088997 -1.4914 0.3607 -0.7088997 -1.4902 0.3607 -0.7108997 -1.4902 0.3607 -0.7088997 -1.4902 0.3573 -0.7088997 -1.4902 0.3573 -0.7108997 -1.4902 0.3573 -0.7108997 -1.4902 0.3573 -0.7088997 -1.4902 0.354 -0.7088997 -1.4914 0.354 -0.7108997 -1.4914 0.354 -0.7088997 -1.4914 0.3514 -0.7088997 -1.4936 0.3514 -0.7108997 -1.4936 0.354 -0.7108997 -1.4914 0.3497 -0.7088997 -1.4966 0.3497 -0.7108997 -1.4966 0.3514 -0.7108997 -1.4936 0.3514 -0.7088997 -1.4936 0.3497 -0.7108997 -1.4966 0.3497 -0.7088997 -1.4966 0.3491 -0.7088997 -1.5 0.3491 -0.7108997 -1.5 0.3491 -0.7108997 -1.5 0.3491 -0.7088997 -1.5 0.3497 -0.7088997 -1.5034 0.3497 -0.7108997 -1.5034 0.3497 -0.7108997 -1.5034 0.3497 -0.7088997 -1.5034 0.3514 -0.7088997 -1.5064 0.3514 -0.7108997 -1.5064 0.3514 -0.7108997 -1.5064 0.3514 -0.7088997 -1.5064 0.354 -0.7088997 -1.5086 0.354 -0.7108997 -1.5086 0.354 -0.7108997 -1.5086 0.354 -0.7088997 -1.5086 0.3573 -0.7088997 -1.5098 0.3573 -0.7108997 -1.5098 0.3573 -0.7108997 -1.5098 0.3573 -0.7088997 -1.5098 0.3607 -0.7088997 -1.5098 0.3607 -0.7108997 -1.5098 0.3607 -0.7108997 -1.5098 0.3607 -0.7088997 -1.5098 0.364 -0.7088997 -1.5086 0.364 -0.7108997 -1.5086 0.364 -0.7088997 -1.5086 0.3666 -0.7088997 -1.5064 0.3666 -0.7108997 -1.5064 0.364 -0.7108997 -1.5086 0.3666 -0.7088997 -1.5064 0.3683 -0.7088997 -1.5034 0.3683 -0.7108997 -1.5034 0.3666 -0.7108997 -1.5064 0.3683 -0.7088997 -1.5034 0.3689 -0.7088997 -1.5 0.3689 -0.7108997 -1.5 0.3683 -0.7108997 -1.5034 0.374 -0.7049997 -1.2286 0.3731 -0.7049997 -1.2234 0.3731 -0.7088997 -1.2234 0.374 -0.7088997 -1.2286 0.3705 -0.7049997 -1.2189 0.3705 -0.7088997 -1.2189 0.3705 -0.7049997 -1.2189 0.3665 -0.7049997 -1.2156 0.3665 -0.7088997 -1.2156 0.3705 -0.7088997 -1.2189 0.3616 -0.7049997 -1.2138 0.3616 -0.7088997 -1.2138 0.3564 -0.7049997 -1.2138 0.3564 -0.7088997 -1.2138 0.3515 -0.7049997 -1.2156 0.3515 -0.7088997 -1.2156 0.3475 -0.7049997 -1.2189 0.3475 -0.7088997 -1.2189 0.3475 -0.7049997 -1.2189 0.3449 -0.7049997 -1.2234 0.3449 -0.7088997 -1.2234 0.3475 -0.7088997 -1.2189 0.344 -0.7049997 -1.2286 0.344 -0.7088997 -1.2286 0.3449 -0.7049997 -1.2337 0.3449 -0.7088997 -1.2337 0.3475 -0.7049997 -1.2382 0.3475 -0.7088997 -1.2382 0.3475 -0.7049997 -1.2382 0.3515 -0.7049997 -1.2416 0.3515 -0.7088997 -1.2416 0.3475 -0.7088997 -1.2382 0.3564 -0.7049997 -1.2433 0.3564 -0.7088997 -1.2433 0.3616 -0.7049997 -1.2433 0.3616 -0.7088997 -1.2433 0.3665 -0.7049997 -1.2416 0.3665 -0.7088997 -1.2416 0.3705 -0.7049997 -1.2382 0.3705 -0.7088997 -1.2382 0.3705 -0.7049997 -1.2382 0.3731 -0.7049997 -1.2337 0.3731 -0.7088997 -1.2337 0.3705 -0.7088997 -1.2382 0.3683 -0.7108997 -1.2252 0.3666 -0.7108997 -1.2222 0.364 -0.7108997 -1.22 0.3683 -0.7108997 -1.232 0.3607 -0.7108997 -1.2188 0.3573 -0.7108997 -1.2188 0.3514 -0.7108997 -1.2222 0.354 -0.7108997 -1.22 0.3497 -0.7108997 -1.2252 0.3491 -0.7108997 -1.2286 0.3514 -0.7108997 -1.2349 0.3497 -0.7108997 -1.232 0.354 -0.7108997 -1.2372 0.3573 -0.7108997 -1.2383 0.364 -0.7108997 -1.2372 0.3607 -0.7108997 -1.2383 0.3666 -0.7108997 -1.2349 0.3689 -0.7108997 -1.2286 0.3689 -0.7088997 -1.2286 0.374 -0.7088997 -1.2286 0.3731 -0.7088997 -1.2234 0.3683 -0.7088997 -1.2252 0.3705 -0.7088997 -1.2189 0.3666 -0.7088997 -1.2222 0.364 -0.7088997 -1.22 0.3665 -0.7088997 -1.2156 0.3616 -0.7088997 -1.2138 0.3607 -0.7088997 -1.2188 0.3564 -0.7088997 -1.2138 0.3573 -0.7088997 -1.2188 0.3515 -0.7088997 -1.2156 0.354 -0.7088997 -1.22 0.3475 -0.7088997 -1.2189 0.3514 -0.7088997 -1.2222 0.3449 -0.7088997 -1.2234 0.3497 -0.7088997 -1.2252 0.344 -0.7088997 -1.2286 0.3491 -0.7088997 -1.2286 0.3449 -0.7088997 -1.2337 0.3497 -0.7088997 -1.232 0.3475 -0.7088997 -1.2382 0.3514 -0.7088997 -1.2349 0.354 -0.7088997 -1.2372 0.3515 -0.7088997 -1.2416 0.3564 -0.7088997 -1.2433 0.3573 -0.7088997 -1.2383 0.3607 -0.7088997 -1.2383 0.3616 -0.7088997 -1.2433 0.3665 -0.7088997 -1.2416 0.364 -0.7088997 -1.2372 0.3705 -0.7088997 -1.2382 0.3666 -0.7088997 -1.2349 0.3731 -0.7088997 -1.2337 0.3683 -0.7088997 -1.232 0.3689 -0.7088997 -1.2286 0.3683 -0.7088997 -1.2252 0.3683 -0.7108997 -1.2252 0.3689 -0.7108997 -1.2286 0.3666 -0.7108997 -1.2222 0.3683 -0.7108997 -1.2252 0.3683 -0.7088997 -1.2252 0.3666 -0.7088997 -1.2222 0.3666 -0.7108997 -1.2222 0.3666 -0.7088997 -1.2222 0.364 -0.7088997 -1.22 0.364 -0.7108997 -1.22 0.3607 -0.7108997 -1.2188 0.364 -0.7108997 -1.22 0.364 -0.7088997 -1.22 0.3607 -0.7088997 -1.2188 0.3607 -0.7108997 -1.2188 0.3607 -0.7088997 -1.2188 0.3573 -0.7088997 -1.2188 0.3573 -0.7108997 -1.2188 0.3573 -0.7108997 -1.2188 0.3573 -0.7088997 -1.2188 0.354 -0.7088997 -1.22 0.354 -0.7108997 -1.22 0.354 -0.7088997 -1.22 0.3514 -0.7088997 -1.2222 0.3514 -0.7108997 -1.2222 0.354 -0.7108997 -1.22 0.3497 -0.7088997 -1.2252 0.3497 -0.7108997 -1.2252 0.3514 -0.7108997 -1.2222 0.3514 -0.7088997 -1.2222 0.3497 -0.7108997 -1.2252 0.3497 -0.7088997 -1.2252 0.3491 -0.7088997 -1.2286 0.3491 -0.7108997 -1.2286 0.3491 -0.7108997 -1.2286 0.3491 -0.7088997 -1.2286 0.3497 -0.7088997 -1.232 0.3497 -0.7108997 -1.232 0.3497 -0.7108997 -1.232 0.3497 -0.7088997 -1.232 0.3514 -0.7088997 -1.2349 0.3514 -0.7108997 -1.2349 0.3514 -0.7108997 -1.2349 0.3514 -0.7088997 -1.2349 0.354 -0.7088997 -1.2372 0.354 -0.7108997 -1.2372 0.354 -0.7108997 -1.2372 0.354 -0.7088997 -1.2372 0.3573 -0.7088997 -1.2383 0.3573 -0.7108997 -1.2383 0.3573 -0.7108997 -1.2383 0.3573 -0.7088997 -1.2383 0.3607 -0.7088997 -1.2383 0.3607 -0.7108997 -1.2383 0.3607 -0.7108997 -1.2383 0.3607 -0.7088997 -1.2383 0.364 -0.7088997 -1.2372 0.364 -0.7108997 -1.2372 0.364 -0.7088997 -1.2372 0.3666 -0.7088997 -1.2349 0.3666 -0.7108997 -1.2349 0.364 -0.7108997 -1.2372 0.3666 -0.7088997 -1.2349 0.3683 -0.7088997 -1.232 0.3683 -0.7108997 -1.232 0.3666 -0.7108997 -1.2349 0.3683 -0.7088997 -1.232 0.3689 -0.7088997 -1.2286 0.3689 -0.7108997 -1.2286 0.3683 -0.7108997 -1.232 0.4005 -0.7077996 -2.3641 0.4005 -0.7088996 -2.372 0.4005 -0.7088996 -2.4725 0.4005 -0.7046996 -2.359 0.4005 -0.6995996 -2.356 0.4005 -0.6916996 -2.3548 0.4005 -0.6995996 -2.4886 0.4005 -0.6916996 -2.4897 0.4005 -0.5884997 -2.4897 0.4005 -0.7046996 -2.4855 0.4005 -0.7077996 -2.4805 0.4005 -0.5723996 -2.4805 0.4005 -0.5712997 -2.4725 0.4005 -0.5712997 -2.372 0.4005 -0.5754997 -2.4855 0.4005 -0.5805997 -2.4886 0.4005 -0.5723996 -2.3641 0.4005 -0.5754997 -2.359 0.4005 -0.5805997 -2.356 0.4005 -0.5884997 -2.3548 0.3879 -0.5682997 -2.3718 0.3975 -0.5682997 -2.3718 0.3975 -0.5682997 -2.4727 0.3879 -0.5682997 -2.4727 0.3879 -0.5882996 -2.4927 0.3975 -0.5882996 -2.4927 0.3975 -0.6918997 -2.4927 0.3879 -0.6918997 -2.4927 0.3879 -0.7118996 -2.4727 0.3975 -0.7118996 -2.4727 0.3975 -0.7118996 -2.3718 0.3879 -0.7118996 -2.3718 0.3879 -0.6918997 -2.3518 0.3975 -0.6918997 -2.3518 0.3975 -0.5882996 -2.3518 0.3879 -0.5882996 -2.3518 0.3975 -0.5695996 -2.4815 0.3879 -0.5695996 -2.4815 0.3879 -0.5695996 -2.3631 0.3975 -0.5695996 -2.3631 0.3975 -0.7006996 -2.4915 0.3879 -0.7006996 -2.4915 0.3975 -0.7106996 -2.3631 0.3879 -0.7106996 -2.3631 0.3975 -0.5732997 -2.4877 0.3879 -0.5732997 -2.4877 0.3975 -0.5795996 -2.4915 0.3879 -0.5795996 -2.4915 0.3879 -0.5732997 -2.4877 0.3975 -0.5732997 -2.4877 0.3879 -0.5732997 -2.3568 0.3975 -0.5732997 -2.3568 0.3879 -0.5795996 -2.3531 0.3975 -0.5795996 -2.3531 0.3975 -0.5732997 -2.3568 0.3879 -0.5732997 -2.3568 0.3975 -0.7068997 -2.4877 0.3879 -0.7068997 -2.4877 0.3975 -0.7106996 -2.4815 0.3879 -0.7106996 -2.4815 0.3879 -0.7068997 -2.4877 0.3975 -0.7068997 -2.4877 0.3975 -0.7068997 -2.3568 0.3879 -0.7068997 -2.3568 0.3975 -0.7006996 -2.3531 0.3879 -0.7006996 -2.3531 0.3879 -0.7068997 -2.3568 0.3975 -0.7068997 -2.3568 0.4005 -0.5712997 -2.4725 0.3997 -0.5690997 -2.4727 0.3997 -0.5690997 -2.3719 0.4005 -0.5712997 -2.372 0.3997 -0.6918997 -2.492 0.3997 -0.5883997 -2.492 0.4005 -0.5884997 -2.4897 0.4005 -0.6916996 -2.4897 0.3997 -0.7111997 -2.3719 0.3997 -0.7111997 -2.4727 0.4005 -0.7088996 -2.4725 0.4005 -0.7088996 -2.372 0.4005 -0.5884997 -2.3548 0.3997 -0.5883997 -2.3526 0.3997 -0.6918997 -2.3526 0.4005 -0.6916996 -2.3548 0.3997 -0.5702996 -2.3633 0.3997 -0.5690997 -2.3719 0.3997 -0.5883997 -2.492 0.3997 -0.5797997 -2.4908 0.3997 -0.7003996 -2.3538 0.3997 -0.6918997 -2.3526 0.3997 -0.7098997 -2.4812 0.3997 -0.7111997 -2.4727 0.3997 -0.5883997 -2.3526 0.3997 -0.5797997 -2.3538 0.3997 -0.5737997 -2.3574 0.3997 -0.5737997 -2.3574 0.3997 -0.5690997 -2.4727 0.3997 -0.5702996 -2.4812 0.3997 -0.5737997 -2.4872 0.3997 -0.5737997 -2.4872 0.3997 -0.7098997 -2.3633 0.3997 -0.7111997 -2.3719 0.3997 -0.7063996 -2.3574 0.3997 -0.7063996 -2.3574 0.3997 -0.6918997 -2.492 0.3997 -0.7003996 -2.4908 0.3997 -0.7063996 -2.4872 0.3997 -0.7063996 -2.4872 0.3997 -0.5702996 -2.3633 0.4005 -0.5723996 -2.3641 0.3997 -0.5797997 -2.4908 0.4005 -0.5805997 -2.4886 0.3997 -0.7003996 -2.3538 0.4005 -0.6995996 -2.356 0.3997 -0.7098997 -2.4812 0.4005 -0.7077996 -2.4805 0.3997 -0.5797997 -2.3538 0.4005 -0.5805997 -2.356 0.3997 -0.5737997 -2.3574 0.4005 -0.5754997 -2.359 0.3997 -0.5702996 -2.4812 0.4005 -0.5723996 -2.4805 0.4005 -0.5754997 -2.4855 0.3997 -0.5737997 -2.4872 0.4005 -0.7077996 -2.3641 0.3997 -0.7098997 -2.3633 0.3997 -0.7063996 -2.3574 0.4005 -0.7046996 -2.359 0.4005 -0.6995996 -2.4886 0.3997 -0.7003996 -2.4908 0.4005 -0.7046996 -2.4855 0.3997 -0.7063996 -2.4872 0.3996 -0.6918997 -2.4854 0.4086 -0.6918997 -2.4854 0.4086 -0.7022997 -2.4794 0.3996 -0.7022997 -2.4794 0.3996 -0.7022997 -2.4794 0.4086 -0.7022997 -2.4794 0.4086 -0.7022997 -2.4674 0.3996 -0.7022997 -2.4674 0.3996 -0.7022997 -2.4674 0.4086 -0.7022997 -2.4674 0.4086 -0.6918997 -2.4614 0.3996 -0.6918997 -2.4614 0.3996 -0.6918997 -2.4614 0.4086 -0.6918997 -2.4614 0.4086 -0.6814997 -2.4674 0.3996 -0.6814997 -2.4674 0.3996 -0.6814997 -2.4674 0.4086 -0.6814997 -2.4674 0.4086 -0.6814997 -2.4794 0.3996 -0.6814997 -2.4794 0.4086 -0.6814997 -2.4794 0.4086 -0.6918997 -2.4854 0.3996 -0.6918997 -2.4854 0.3996 -0.6814997 -2.4794 0.4096 -0.6824997 -2.4788 0.4096 -0.6824997 -2.468 0.4096 -0.6918997 -2.4626 0.4096 -0.7012997 -2.4788 0.4096 -0.7012997 -2.468 0.4096 -0.6918997 -2.4843 0.4096 -0.6918997 -2.4843 0.4096 -0.7012997 -2.4788 0.4086 -0.7022997 -2.4794 0.4086 -0.6918997 -2.4854 0.4086 -0.7022997 -2.4674 0.4096 -0.7012997 -2.468 0.4096 -0.6918997 -2.4626 0.4086 -0.6918997 -2.4614 0.4096 -0.6824997 -2.468 0.4086 -0.6814997 -2.4674 0.4086 -0.6814997 -2.4794 0.4096 -0.6824997 -2.4788 0.3996 -0.6918997 -2.3831 0.4086 -0.6918997 -2.3831 0.4086 -0.7022997 -2.3771 0.3996 -0.7022997 -2.3771 0.3996 -0.7022997 -2.3771 0.4086 -0.7022997 -2.3771 0.4086 -0.7022997 -2.3651 0.3996 -0.7022997 -2.3651 0.3996 -0.7022997 -2.3651 0.4086 -0.7022997 -2.3651 0.4086 -0.6918997 -2.3591 0.3996 -0.6918997 -2.3591 0.3996 -0.6918997 -2.3591 0.4086 -0.6918997 -2.3591 0.4086 -0.6814997 -2.3651 0.3996 -0.6814997 -2.3651 0.3996 -0.6814997 -2.3651 0.4086 -0.6814997 -2.3651 0.4086 -0.6814997 -2.3771 0.3996 -0.6814997 -2.3771 0.3996 -0.6814997 -2.3771 0.4086 -0.6814997 -2.3771 0.4086 -0.6918997 -2.3831 0.3996 -0.6918997 -2.3831 0.4096 -0.6824997 -2.3765 0.4096 -0.6824997 -2.3657 0.4096 -0.6918997 -2.3603 0.4096 -0.7012997 -2.3765 0.4096 -0.7012997 -2.3657 0.4096 -0.6918997 -2.382 0.4086 -0.7022997 -2.3771 0.4086 -0.6918997 -2.3831 0.4096 -0.6918997 -2.382 0.4096 -0.7012997 -2.3765 0.4086 -0.7022997 -2.3771 0.4096 -0.7012997 -2.3765 0.4096 -0.7012997 -2.3657 0.4086 -0.7022997 -2.3651 0.4086 -0.6918997 -2.3591 0.4086 -0.7022997 -2.3651 0.4096 -0.7012997 -2.3657 0.4096 -0.6918997 -2.3603 0.4086 -0.6918997 -2.3591 0.4096 -0.6918997 -2.3603 0.4096 -0.6824997 -2.3657 0.4086 -0.6814997 -2.3651 0.4086 -0.6814997 -2.3771 0.4086 -0.6814997 -2.3651 0.4096 -0.6824997 -2.3657 0.4096 -0.6824997 -2.3765 0.4096 -0.6824997 -2.3765 0.4096 -0.6918997 -2.382 0.4086 -0.6918997 -2.3831 0.4086 -0.6814997 -2.3771 0.3996 -0.5895997 -2.3831 0.4086 -0.5895997 -2.3831 0.4086 -0.5999997 -2.3771 0.3996 -0.5999997 -2.3771 0.3996 -0.5999997 -2.3771 0.4086 -0.5999997 -2.3771 0.4086 -0.5999997 -2.3651 0.3996 -0.5999997 -2.3651 0.3996 -0.5999997 -2.3651 0.4086 -0.5999997 -2.3651 0.4086 -0.5895997 -2.3591 0.3996 -0.5895997 -2.3591 0.4086 -0.5895997 -2.3591 0.4086 -0.5791997 -2.3651 0.3996 -0.5791997 -2.3651 0.3996 -0.5895997 -2.3591 0.3996 -0.5791997 -2.3651 0.4086 -0.5791997 -2.3651 0.4086 -0.5791997 -2.3771 0.3996 -0.5791997 -2.3771 0.3996 -0.5791997 -2.3771 0.4086 -0.5791997 -2.3771 0.4086 -0.5895997 -2.3831 0.3996 -0.5895997 -2.3831 0.4096 -0.5801997 -2.3765 0.4096 -0.5801997 -2.3657 0.4096 -0.5895997 -2.3603 0.4096 -0.5989996 -2.3765 0.4096 -0.5989996 -2.3657 0.4096 -0.5895997 -2.382 0.4096 -0.5989996 -2.3765 0.4086 -0.5999997 -2.3771 0.4086 -0.5895997 -2.3831 0.4096 -0.5895997 -2.382 0.4096 -0.5989996 -2.3657 0.4086 -0.5999997 -2.3651 0.4086 -0.5999997 -2.3771 0.4096 -0.5989996 -2.3765 0.4096 -0.5895997 -2.3603 0.4086 -0.5895997 -2.3591 0.4096 -0.5801997 -2.3657 0.4086 -0.5791997 -2.3651 0.4086 -0.5791997 -2.3771 0.4096 -0.5801997 -2.3765 0.4086 -0.5895997 -2.3831 0.4086 -0.5791997 -2.3771 0.4096 -0.5801997 -2.3765 0.4096 -0.5895997 -2.382 0.3996 -0.5895997 -2.4854 0.4086 -0.5895997 -2.4854 0.4086 -0.5999997 -2.4794 0.3996 -0.5999997 -2.4794 0.3996 -0.5999997 -2.4794 0.4086 -0.5999997 -2.4794 0.4086 -0.5999997 -2.4674 0.3996 -0.5999997 -2.4674 0.3996 -0.5999997 -2.4674 0.4086 -0.5999997 -2.4674 0.4086 -0.5895997 -2.4614 0.3996 -0.5895997 -2.4614 0.3996 -0.5895997 -2.4614 0.4086 -0.5895997 -2.4614 0.4086 -0.5791997 -2.4674 0.3996 -0.5791997 -2.4674 0.3996 -0.5791997 -2.4674 0.4086 -0.5791997 -2.4674 0.4086 -0.5791997 -2.4794 0.3996 -0.5791997 -2.4794 0.3996 -0.5791997 -2.4794 0.4086 -0.5791997 -2.4794 0.4086 -0.5895997 -2.4854 0.3996 -0.5895997 -2.4854 0.4096 -0.5801997 -2.4788 0.4096 -0.5801997 -2.468 0.4096 -0.5895997 -2.4626 0.4096 -0.5989996 -2.4788 0.4096 -0.5989996 -2.468 0.4096 -0.5895997 -2.4843 0.4096 -0.5989996 -2.4788 0.4086 -0.5999997 -2.4794 0.4086 -0.5895997 -2.4854 0.4096 -0.5895997 -2.4843 0.4086 -0.5999997 -2.4674 0.4086 -0.5999997 -2.4794 0.4096 -0.5989996 -2.4788 0.4096 -0.5989996 -2.468 0.4096 -0.5989996 -2.468 0.4096 -0.5895997 -2.4626 0.4086 -0.5895997 -2.4614 0.4086 -0.5999997 -2.4674 0.4086 -0.5791997 -2.4674 0.4086 -0.5895997 -2.4614 0.4096 -0.5895997 -2.4626 0.4096 -0.5801997 -2.468 0.4086 -0.5791997 -2.4794 0.4086 -0.5791997 -2.4674 0.4096 -0.5801997 -2.468 0.4096 -0.5801997 -2.4788 0.4086 -0.5895997 -2.4854 0.4086 -0.5791997 -2.4794 0.4096 -0.5801997 -2.4788 0.4096 -0.5895997 -2.4843 0.4003 -0.6427996 -2.4778 0.4148 -0.6427996 -2.4778 0.4148 -0.6616997 -2.4744 0.4003 -0.6616997 -2.4744 0.4148 -0.6781997 -2.4649 0.4003 -0.6781997 -2.4649 0.4003 -0.6781997 -2.4649 0.4148 -0.6781997 -2.4649 0.4148 -0.6904997 -2.4503 0.4003 -0.6904997 -2.4503 0.4148 -0.6969997 -2.4323 0.4003 -0.6969997 -2.4323 0.4148 -0.6969997 -2.4132 0.4003 -0.6969997 -2.4132 0.4148 -0.6904997 -2.3953 0.4003 -0.6904997 -2.3953 0.4148 -0.6781997 -2.3806 0.4003 -0.6781997 -2.3806 0.4003 -0.6781997 -2.3806 0.4148 -0.6781997 -2.3806 0.4148 -0.6616997 -2.3711 0.4003 -0.6616997 -2.3711 0.4148 -0.6427996 -2.3678 0.4003 -0.6427996 -2.3678 0.4148 -0.6239997 -2.3711 0.4003 -0.6239997 -2.3711 0.4148 -0.6074997 -2.3806 0.4003 -0.6074997 -2.3806 0.4003 -0.6074997 -2.3806 0.4148 -0.6074997 -2.3806 0.4148 -0.5951997 -2.3953 0.4003 -0.5951997 -2.3953 0.4148 -0.5886996 -2.4132 0.4003 -0.5886996 -2.4132 0.4148 -0.5886996 -2.4323 0.4003 -0.5886996 -2.4323 0.4148 -0.5951997 -2.4503 0.4003 -0.5951997 -2.4503 0.4148 -0.6074997 -2.4649 0.4003 -0.6074997 -2.4649 0.4003 -0.6074997 -2.4649 0.4148 -0.6074997 -2.4649 0.4148 -0.6239997 -2.4744 0.4003 -0.6239997 -2.4744 0.402 -0.6309996 -2.4554 0.402 -0.6204997 -2.4493 0.402 -0.6127997 -2.4401 0.402 -0.6728997 -2.4401 0.402 -0.6086996 -2.4288 0.402 -0.6086996 -2.4167 0.402 -0.6204997 -2.3962 0.402 -0.6127997 -2.4054 0.402 -0.6650996 -2.3962 0.402 -0.6309996 -2.3902 0.402 -0.6427996 -2.3881 0.402 -0.6546996 -2.3902 0.402 -0.6728997 -2.4054 0.402 -0.6769996 -2.4167 0.402 -0.6769996 -2.4288 0.402 -0.6546996 -2.4554 0.402 -0.6650996 -2.4493 0.402 -0.6427996 -2.4574 0.4148 -0.6598997 -2.4697 0.4148 -0.6616997 -2.4744 0.4148 -0.6427996 -2.4778 0.4148 -0.6427996 -2.4727 0.4148 -0.6781997 -2.4649 0.4148 -0.6748996 -2.461 0.4148 -0.6860997 -2.4477 0.4148 -0.6904997 -2.4503 0.4148 -0.6919996 -2.4314 0.4148 -0.6969997 -2.4323 0.4148 -0.6969997 -2.4132 0.4148 -0.6919996 -2.4141 0.4148 -0.6904997 -2.3953 0.4148 -0.6860997 -2.3978 0.4148 -0.6781997 -2.3806 0.4148 -0.6748996 -2.3845 0.4148 -0.6616997 -2.3711 0.4148 -0.6598997 -2.3758 0.4148 -0.6427996 -2.3678 0.4148 -0.6427996 -2.3728 0.4148 -0.6239997 -2.3711 0.4148 -0.6257997 -2.3758 0.4148 -0.6074997 -2.3806 0.4148 -0.6107997 -2.3845 0.4148 -0.5995997 -2.3978 0.4148 -0.5951997 -2.3953 0.4148 -0.5936996 -2.4141 0.4148 -0.5886996 -2.4132 0.4148 -0.5936996 -2.4314 0.4148 -0.5886996 -2.4323 0.4148 -0.5951997 -2.4503 0.4148 -0.5995997 -2.4477 0.4148 -0.6074997 -2.4649 0.4148 -0.6107997 -2.461 0.4148 -0.6257997 -2.4697 0.4148 -0.6239997 -2.4744 0.4068 -0.6598997 -2.4697 0.4148 -0.6598997 -2.4697 0.4148 -0.6427996 -2.4727 0.4068 -0.6427996 -2.4727 0.4068 -0.6748996 -2.461 0.4148 -0.6748996 -2.461 0.4068 -0.6860997 -2.4477 0.4148 -0.6860997 -2.4477 0.4148 -0.6748996 -2.461 0.4068 -0.6748996 -2.461 0.4068 -0.6919996 -2.4314 0.4148 -0.6919996 -2.4314 0.4148 -0.6919996 -2.4141 0.4068 -0.6919996 -2.4141 0.4068 -0.6860997 -2.3978 0.4148 -0.6860997 -2.3978 0.4068 -0.6748996 -2.3845 0.4148 -0.6748996 -2.3845 0.4068 -0.6598997 -2.3758 0.4148 -0.6598997 -2.3758 0.4148 -0.6748996 -2.3845 0.4068 -0.6748996 -2.3845 0.4068 -0.6427996 -2.3728 0.4148 -0.6427996 -2.3728 0.4068 -0.6257997 -2.3758 0.4148 -0.6257997 -2.3758 0.4068 -0.6107997 -2.3845 0.4148 -0.6107997 -2.3845 0.4148 -0.5995997 -2.3978 0.4148 -0.6107997 -2.3845 0.4068 -0.6107997 -2.3845 0.4068 -0.5995997 -2.3978 0.4068 -0.5936996 -2.4141 0.4148 -0.5936996 -2.4141 0.4068 -0.5936996 -2.4314 0.4148 -0.5936996 -2.4314 0.4148 -0.5995997 -2.4477 0.4068 -0.5995997 -2.4477 0.4068 -0.6107997 -2.461 0.4148 -0.6107997 -2.461 0.4148 -0.6107997 -2.461 0.4068 -0.6107997 -2.461 0.4068 -0.6257997 -2.4697 0.4148 -0.6257997 -2.4697 0.4068 -0.6546996 -2.4554 0.4068 -0.6598997 -2.4697 0.4068 -0.6427996 -2.4727 0.4068 -0.6427996 -2.4574 0.4068 -0.6650996 -2.4493 0.4068 -0.6748996 -2.461 0.4068 -0.6728997 -2.4401 0.4068 -0.6860997 -2.4477 0.4068 -0.6919996 -2.4314 0.4068 -0.6769996 -2.4288 0.4068 -0.6769996 -2.4167 0.4068 -0.6919996 -2.4141 0.4068 -0.6860997 -2.3978 0.4068 -0.6728997 -2.4054 0.4068 -0.6748996 -2.3845 0.4068 -0.6650996 -2.3962 0.4068 -0.6546996 -2.3902 0.4068 -0.6598997 -2.3758 0.4068 -0.6427996 -2.3728 0.4068 -0.6427996 -2.3881 0.4068 -0.6257997 -2.3758 0.4068 -0.6309996 -2.3902 0.4068 -0.6204997 -2.3962 0.4068 -0.6107997 -2.3845 0.4068 -0.6127997 -2.4054 0.4068 -0.5995997 -2.3978 0.4068 -0.5936996 -2.4141 0.4068 -0.6086996 -2.4167 0.4068 -0.6086996 -2.4288 0.4068 -0.5936996 -2.4314 0.4068 -0.6127997 -2.4401 0.4068 -0.5995997 -2.4477 0.4068 -0.6204997 -2.4493 0.4068 -0.6107997 -2.461 0.4068 -0.6309996 -2.4554 0.4068 -0.6257997 -2.4697 0.402 -0.6546996 -2.4554 0.4068 -0.6546996 -2.4554 0.4068 -0.6427996 -2.4574 0.402 -0.6427996 -2.4574 0.402 -0.6650996 -2.4493 0.4068 -0.6650996 -2.4493 0.402 -0.6728997 -2.4401 0.4068 -0.6728997 -2.4401 0.4068 -0.6650996 -2.4493 0.402 -0.6650996 -2.4493 0.402 -0.6769996 -2.4288 0.4068 -0.6769996 -2.4288 0.402 -0.6769996 -2.4167 0.4068 -0.6769996 -2.4167 0.402 -0.6728997 -2.4054 0.4068 -0.6728997 -2.4054 0.4068 -0.6650996 -2.3962 0.402 -0.6650996 -2.3962 0.4068 -0.6650996 -2.3962 0.402 -0.6650996 -2.3962 0.402 -0.6546996 -2.3902 0.4068 -0.6546996 -2.3902 0.4068 -0.6427996 -2.3881 0.402 -0.6427996 -2.3881 0.4068 -0.6309996 -2.3902 0.402 -0.6309996 -2.3902 0.402 -0.6204997 -2.3962 0.4068 -0.6204997 -2.3962 0.4068 -0.6204997 -2.3962 0.402 -0.6204997 -2.3962 0.402 -0.6127997 -2.4054 0.4068 -0.6127997 -2.4054 0.402 -0.6086996 -2.4167 0.4068 -0.6086996 -2.4167 0.402 -0.6086996 -2.4288 0.4068 -0.6086996 -2.4288 0.4068 -0.6127997 -2.4401 0.402 -0.6127997 -2.4401 0.402 -0.6204997 -2.4493 0.4068 -0.6204997 -2.4493 0.4068 -0.6309996 -2.4554 0.4068 -0.6204997 -2.4493 0.402 -0.6204997 -2.4493 0.402 -0.6309996 -2.4554 0.4379 -0.6538997 -2.4531 0.4113 -0.6538997 -2.4531 0.4113 -0.6429997 -2.4551 0.4379 -0.6429997 -2.4551 0.4113 -0.6635997 -2.4476 0.4379 -0.6635997 -2.4476 0.4379 -0.6706997 -2.4391 0.4113 -0.6706997 -2.4391 0.4113 -0.6635997 -2.4476 0.4379 -0.6635997 -2.4476 0.4379 -0.6744996 -2.4286 0.4113 -0.6744996 -2.4286 0.4379 -0.6744996 -2.4175 0.4113 -0.6744996 -2.4175 0.4379 -0.6706997 -2.4071 0.4113 -0.6706997 -2.4071 0.4113 -0.6635997 -2.3985 0.4379 -0.6635997 -2.3985 0.4379 -0.6538997 -2.393 0.4113 -0.6538997 -2.393 0.4113 -0.6635997 -2.3985 0.4379 -0.6635997 -2.3985 0.4379 -0.6429997 -2.3911 0.4113 -0.6429997 -2.3911 0.4113 -0.6320996 -2.393 0.4379 -0.6320996 -2.393 0.4379 -0.6223996 -2.3985 0.4113 -0.6223996 -2.3985 0.4113 -0.6152997 -2.4071 0.4113 -0.6223996 -2.3985 0.4379 -0.6223996 -2.3985 0.4379 -0.6152997 -2.4071 0.4113 -0.6114997 -2.4175 0.4379 -0.6114997 -2.4175 0.4379 -0.6114997 -2.4286 0.4113 -0.6114997 -2.4286 0.4113 -0.6152997 -2.4391 0.4379 -0.6152997 -2.4391 0.4379 -0.6223996 -2.4476 0.4113 -0.6223996 -2.4476 0.4113 -0.6320996 -2.4531 0.4113 -0.6223996 -2.4476 0.4379 -0.6223996 -2.4476 0.4379 -0.6320996 -2.4531 0.4347 -0.6395996 -2.4323 0.4347 -0.6366996 -2.4306 0.4347 -0.6344997 -2.428 0.4347 -0.6514996 -2.428 0.4347 -0.6332997 -2.4248 0.4347 -0.6332997 -2.4213 0.4347 -0.6366996 -2.4155 0.4347 -0.6344997 -2.4181 0.4347 -0.6395996 -2.4138 0.4347 -0.6429997 -2.4132 0.4347 -0.6492996 -2.4155 0.4347 -0.6463996 -2.4138 0.4347 -0.6526997 -2.4213 0.4347 -0.6514996 -2.4181 0.4347 -0.6526997 -2.4248 0.4347 -0.6492996 -2.4306 0.4347 -0.6463996 -2.4323 0.4347 -0.6429997 -2.4329 0.4399 -0.6429997 -2.4431 0.4447 -0.6429997 -2.4431 0.4447 -0.6497997 -2.4419 0.4399 -0.6497997 -2.4419 0.402 -0.6429997 -2.4431 0.4113 -0.6429997 -2.4431 0.4113 -0.6497997 -2.4419 0.402 -0.6497997 -2.4419 0.4447 -0.6558997 -2.4384 0.4399 -0.6558997 -2.4384 0.402 -0.6558997 -2.4384 0.4113 -0.6558997 -2.4384 0.4399 -0.6602997 -2.4331 0.4399 -0.6558997 -2.4384 0.4447 -0.6558997 -2.4384 0.4447 -0.6602997 -2.4331 0.4113 -0.6558997 -2.4384 0.4113 -0.6602997 -2.4331 0.402 -0.6602997 -2.4331 0.402 -0.6558997 -2.4384 0.4447 -0.6626996 -2.4265 0.4399 -0.6626996 -2.4265 0.402 -0.6626996 -2.4265 0.4113 -0.6626996 -2.4265 0.4447 -0.6626996 -2.4196 0.4399 -0.6626996 -2.4196 0.4113 -0.6626996 -2.4196 0.402 -0.6626996 -2.4196 0.4447 -0.6602997 -2.4131 0.4399 -0.6602997 -2.4131 0.402 -0.6602997 -2.4131 0.4113 -0.6602997 -2.4131 0.4399 -0.6558997 -2.4077 0.4447 -0.6558997 -2.4077 0.402 -0.6558997 -2.4077 0.4113 -0.6558997 -2.4077 0.4399 -0.6497997 -2.4043 0.4399 -0.6558997 -2.4077 0.4447 -0.6558997 -2.4077 0.4447 -0.6497997 -2.4043 0.4113 -0.6558997 -2.4077 0.4113 -0.6497997 -2.4043 0.402 -0.6497997 -2.4043 0.402 -0.6558997 -2.4077 0.4399 -0.6429997 -2.4031 0.4447 -0.6429997 -2.4031 0.4113 -0.6429997 -2.4031 0.402 -0.6429997 -2.4031 0.4399 -0.6361997 -2.4043 0.4447 -0.6361997 -2.4043 0.4113 -0.6361997 -2.4043 0.402 -0.6361997 -2.4043 0.4447 -0.6300997 -2.4077 0.4399 -0.6300997 -2.4077 0.402 -0.6300997 -2.4077 0.4113 -0.6300997 -2.4077 0.4399 -0.6256996 -2.4131 0.4399 -0.6300997 -2.4077 0.4447 -0.6300997 -2.4077 0.4447 -0.6256996 -2.4131 0.402 -0.6300997 -2.4077 0.4113 -0.6300997 -2.4077 0.4113 -0.6256996 -2.4131 0.402 -0.6256996 -2.4131 0.4447 -0.6232997 -2.4196 0.4399 -0.6232997 -2.4196 0.4113 -0.6232997 -2.4196 0.402 -0.6232997 -2.4196 0.4447 -0.6232997 -2.4265 0.4399 -0.6232997 -2.4265 0.402 -0.6232997 -2.4265 0.4113 -0.6232997 -2.4265 0.4447 -0.6256996 -2.4331 0.4399 -0.6256996 -2.4331 0.402 -0.6256996 -2.4331 0.4113 -0.6256996 -2.4331 0.4399 -0.6300997 -2.4384 0.4447 -0.6300997 -2.4384 0.402 -0.6300997 -2.4384 0.4113 -0.6300997 -2.4384 0.4399 -0.6361997 -2.4419 0.4399 -0.6300997 -2.4384 0.4447 -0.6300997 -2.4384 0.4447 -0.6361997 -2.4419 0.402 -0.6300997 -2.4384 0.4113 -0.6300997 -2.4384 0.4113 -0.6361997 -2.4419 0.402 -0.6361997 -2.4419 0.4399 -0.6497997 -2.4419 0.4399 -0.6518996 -2.4475 0.4399 -0.6429997 -2.4491 0.4399 -0.6429997 -2.4431 0.4399 -0.6361997 -2.4419 0.4399 -0.6340997 -2.4475 0.4399 -0.6262996 -2.443 0.4399 -0.6300997 -2.4384 0.4399 -0.6204997 -2.4361 0.4399 -0.6256996 -2.4331 0.4399 -0.6173996 -2.4276 0.4399 -0.6232997 -2.4265 0.4399 -0.6173996 -2.4185 0.4399 -0.6232997 -2.4196 0.4399 -0.6204997 -2.4101 0.4399 -0.6256996 -2.4131 0.4399 -0.6262996 -2.4031 0.4399 -0.6300997 -2.4077 0.4399 -0.6361997 -2.4043 0.4399 -0.6340997 -2.3986 0.4399 -0.6429997 -2.3971 0.4399 -0.6429997 -2.4031 0.4399 -0.6518996 -2.3986 0.4399 -0.6497997 -2.4043 0.4399 -0.6596996 -2.4031 0.4399 -0.6558997 -2.4077 0.4399 -0.6602997 -2.4131 0.4399 -0.6654996 -2.4101 0.4399 -0.6685997 -2.4185 0.4399 -0.6626996 -2.4196 0.4399 -0.6626996 -2.4265 0.4399 -0.6685997 -2.4276 0.4399 -0.6654996 -2.4361 0.4399 -0.6602997 -2.4331 0.4399 -0.6596996 -2.443 0.4399 -0.6558997 -2.4384 0.4399 -0.6532996 -2.4512 0.4399 -0.6429997 -2.4531 0.4399 -0.6326997 -2.4512 0.4399 -0.6236997 -2.446 0.4399 -0.6169996 -2.4381 0.4399 -0.6134997 -2.4283 0.4399 -0.6134997 -2.4178 0.4399 -0.6169996 -2.4081 0.4399 -0.6236997 -2.4001 0.4399 -0.6326997 -2.3949 0.4399 -0.6429997 -2.3931 0.4399 -0.6532996 -2.3949 0.4399 -0.6622996 -2.4001 0.4399 -0.6689997 -2.4081 0.4399 -0.6724997 -2.4178 0.4399 -0.6724997 -2.4283 0.4399 -0.6689997 -2.4381 0.4399 -0.6622996 -2.446 0.4447 -0.6497997 -2.4419 0.4447 -0.6429997 -2.4431 0.4447 -0.6429997 -2.4329 0.4447 -0.6463996 -2.4323 0.4447 -0.6558997 -2.4384 0.4447 -0.6492996 -2.4306 0.4447 -0.6514996 -2.428 0.4447 -0.6602997 -2.4331 0.4447 -0.6526997 -2.4248 0.4447 -0.6626996 -2.4265 0.4447 -0.6526997 -2.4213 0.4447 -0.6626996 -2.4196 0.4447 -0.6514996 -2.4181 0.4447 -0.6602997 -2.4131 0.4447 -0.6492996 -2.4155 0.4447 -0.6558997 -2.4077 0.4447 -0.6463996 -2.4138 0.4447 -0.6497997 -2.4043 0.4447 -0.6429997 -2.4031 0.4447 -0.6429997 -2.4132 0.4447 -0.6395996 -2.4138 0.4447 -0.6361997 -2.4043 0.4447 -0.6366996 -2.4155 0.4447 -0.6300997 -2.4077 0.4447 -0.6344997 -2.4181 0.4447 -0.6256996 -2.4131 0.4447 -0.6332997 -2.4213 0.4447 -0.6232997 -2.4196 0.4447 -0.6332997 -2.4248 0.4447 -0.6232997 -2.4265 0.4447 -0.6256996 -2.4331 0.4447 -0.6344997 -2.428 0.4447 -0.6366996 -2.4306 0.4447 -0.6300997 -2.4384 0.4447 -0.6361997 -2.4419 0.4447 -0.6395996 -2.4323 0.4347 -0.6463996 -2.4323 0.4447 -0.6463996 -2.4323 0.4447 -0.6429997 -2.4329 0.4347 -0.6429997 -2.4329 0.4347 -0.6492996 -2.4306 0.4447 -0.6492996 -2.4306 0.4347 -0.6514996 -2.428 0.4447 -0.6514996 -2.428 0.4447 -0.6492996 -2.4306 0.4347 -0.6492996 -2.4306 0.4347 -0.6526997 -2.4248 0.4447 -0.6526997 -2.4248 0.4347 -0.6526997 -2.4213 0.4447 -0.6526997 -2.4213 0.4347 -0.6514996 -2.4181 0.4447 -0.6514996 -2.4181 0.4347 -0.6492996 -2.4155 0.4447 -0.6492996 -2.4155 0.4347 -0.6492996 -2.4155 0.4347 -0.6463996 -2.4138 0.4447 -0.6463996 -2.4138 0.4447 -0.6492996 -2.4155 0.4347 -0.6429997 -2.4132 0.4447 -0.6429997 -2.4132 0.4447 -0.6395996 -2.4138 0.4347 -0.6395996 -2.4138 0.4447 -0.6366996 -2.4155 0.4347 -0.6366996 -2.4155 0.4347 -0.6344997 -2.4181 0.4447 -0.6344997 -2.4181 0.4447 -0.6366996 -2.4155 0.4347 -0.6366996 -2.4155 0.4447 -0.6332997 -2.4213 0.4347 -0.6332997 -2.4213 0.4447 -0.6332997 -2.4248 0.4347 -0.6332997 -2.4248 0.4347 -0.6344997 -2.428 0.4447 -0.6344997 -2.428 0.4447 -0.6366996 -2.4306 0.4347 -0.6366996 -2.4306 0.4347 -0.6395996 -2.4323 0.4447 -0.6395996 -2.4323 0.4447 -0.6366996 -2.4306 0.4347 -0.6366996 -2.4306 0.4394 -0.6429997 -2.4546 0.4394 -0.6537997 -2.4527 0.4394 -0.6321997 -2.4527 0.4394 -0.6227996 -2.4472 0.4394 -0.6156997 -2.4388 0.4394 -0.6227996 -2.4472 0.4394 -0.6119996 -2.4285 0.4394 -0.6119996 -2.4176 0.4394 -0.6156997 -2.4073 0.4394 -0.6227996 -2.3989 0.4394 -0.6321997 -2.3935 0.4394 -0.6227996 -2.3989 0.4394 -0.6429997 -2.3916 0.4394 -0.6537997 -2.3935 0.4394 -0.6631997 -2.3989 0.4394 -0.6702997 -2.4073 0.4394 -0.6631997 -2.3989 0.4394 -0.6739997 -2.4176 0.4394 -0.6739997 -2.4285 0.4394 -0.6702997 -2.4388 0.4394 -0.6631997 -2.4472 0.4394 -0.6631997 -2.4472 0.4394 -0.6537997 -2.4527 0.4394 -0.6429997 -2.4546 0.4394 -0.6321997 -2.4527 0.4394 -0.6227996 -2.4472 0.4394 -0.6156997 -2.4388 0.4394 -0.6119996 -2.4285 0.4394 -0.6119996 -2.4176 0.4394 -0.6156997 -2.4073 0.4394 -0.6227996 -2.3989 0.4394 -0.6321997 -2.3935 0.4394 -0.6429997 -2.3916 0.4394 -0.6537997 -2.3935 0.4394 -0.6631997 -2.3989 0.4394 -0.6702997 -2.4073 0.4394 -0.6739997 -2.4176 0.4394 -0.6739997 -2.4285 0.4394 -0.6702997 -2.4388 0.4394 -0.6631997 -2.4472 0.3796 -0.6975998 -0.9999998 0.3796 -0.6778998 -0.9999998 0.3875 -0.6778998 -0.9999998 0.3875 -0.6975998 -0.9999998 0.3375 -0.7050998 -0.9999997 0.3375 -0.7233247 -0.9999997 0.3375 -0.7344502 -0.9999998 0.3294 -0.6975998 -0.9999997 0.34195 -0.6975998 -0.9999997 0.3294 -0.7445513 -0.9999998 0.3294 -0.7055498 -0.9999998 0.3796 -0.6975998 -0.9999997 0.3294 -0.6975998 -0.9999998 0.3875 -0.6994748 -0.9999998 0.3875 -0.7050998 -0.9999997 0.375 -0.7050998 -0.9999997 0.3875 -0.7050998 -0.9999998 0.3375 -0.7409477 -0.9999997 0.3375 -0.7050998 -0.9999997 0.3375 -0.7456529 -0.9999999 0.3375 -0.7484225 -0.9999997 0.3375 -0.7493998 -0.9999998 0.3294 -0.7481846 -0.9999998 0.3294 -0.7490828 -0.9999998 0.3294 -0.7493998 -0.9999998 0.3294 -0.7493998 -0.9999998 0.3355163 -0.7493998 -0.9999998 0.3375 -0.7493998 -0.9999998 0.3294 -0.7466586 -0.9999999 0.3583 -0.5648998 -0.9999997 0.3793 -0.5648998 -0.9999997 0.3875 -0.6187998 -0.9999997 0.3875 -0.6187998 -0.9999997 0.381575 -0.6187998 -0.9999997 0.3863 -0.5648998 -0.9999998 0.3863 -0.6042998 -0.9999998 0.3863 -0.6028003 -0.9999999 0.3813 -0.5700998 -0.9999998 0.3750438 -0.5700998 -0.9999999 0.3571747 -0.5648998 -0.9999999 0.3863 -0.5648998 -0.9999997 0.3863 -0.5747596 -0.9999999 0.3563 -0.5700998 -0.9999998 0.3577995 -0.5700998 -0.9999998 0.3796 -0.6187998 -0.9999998 0.3796 -0.6187998 -0.9999997 0.3813 -0.5700998 -0.9999998 0.3813 -0.5957755 -0.9999998 0.3567985 -0.5648998 -0.9999998 0.3813 -0.6042998 -0.9999998 0.3825475 -0.6042998 -0.9999998 0.3563 -0.5648998 -0.9999998 0.3564246 -0.5648998 -0.9999999 0.3563 -0.5648998 -0.9999998 0.3563 -0.5688024 -0.9999998 0.3863 -0.6042998 -0.9999998 0.3813 -0.6042998 -0.9999998 0.3813 -0.6041751 -0.9999999 0.3813 -0.6038013 -0.9999998 0.3563 -0.5700998 -0.9999998</float_array>
          <technique_common>
            <accessor source="#Conveyor01Frame02_Conveyor_0_377-mesh-positions-array" count="5434" stride="3">
              <param name="X" type="float"/>
              <param name="Y" type="float"/>
              <param name="Z" type="float"/>
            </accessor>
          </technique_common>
        </source>
        <source id="Conveyor01Frame02_Conveyor_0_377-mesh-normals">
          <float_array id="Conveyor01Frame02_Conveyor_0_377-mesh-normals-array" count="11202">1 0 0 1 2.26128e-7 0 -1 -4.67841e-5 0 1 -6.65604e-6 0 1 1.48226e-6 0 1 -4.85098e-6 0 0 0.9974654 0.07115417 -1.02212e-6 0.9974653 -0.07115465 0 0.9974665 0.07113862 0 0.9974665 -0.07113867 -1 0 0 -1 -1.01633e-6 0 -1 -1.37404e-7 0 -1 8.66345e-7 0 -1 4.28802e-6 0 0 0 1 0 1 0 0 -1 0 0 0 -1 0 0.3343422 -0.9424518 0 0.07113319 -0.9974669 -4.72684e-7 0.3343446 -0.942451 1.02277e-6 0.07114124 -0.9974663 0 0.07114076 0.9974663 0 0.334343 0.9424515 0 0.07113027 0.9974671 4.72697e-7 0.3343452 0.9424507 -0.251627 0.4901371 -0.8345355 0.251627 0.4901376 -0.8345353 -0.2516272 0.8345398 -0.4901298 0 0.9424365 -0.3343853 6.23577e-7 0.9424394 -0.3343771 0.2516264 0.8345353 -0.4901377 -0.251627 0.4901371 0.8345355 0.251627 0.4901376 0.8345352 0.2516272 0.8345397 0.49013 0 0.9424512 0.3343438 0 0.9424533 0.334338 -0.2516267 0.8345372 0.4901344 0.9987307 0 -0.05036884 0.9870873 0 0.1601833 0.9870873 0 -0.1601833 0.9870874 0 0.1601833 0 0.9870853 -0.1601956 0 0.9870853 0.1601956 0 0.9870852 0.160196 0 0.9870852 -0.160196 -1 1.45518e-5 0 1 -1.0909e-5 0 -1 -1.45518e-5 0 0.1601937 0 0.9870857 0.1601955 0 0.9870854 0 1 0 0 1 0 0.1601933 0 -0.9870857 0.1601951 0 -0.9870855 0 1 2.91036e-5 0 1 0 0 1 -7.97392e-6 0 0.3162279 -0.9486833 0 0.1601879 -0.9870866 0 0.3162422 -0.9486786 0 0.1601805 -0.9870878 0 0.1601879 0.9870865 0 0.3162279 0.9486833 0 0.3162422 0.9486786 0 0.1601805 0.9870878 0.9486826 0 0.3162299 0.9486827 0 0.3162299 0.9486827 0 -0.3162299 -0.9486827 0 0.3162299 0 0.9486746 -0.3162543 0 0.9486745 -0.3162543 0 0.9486746 0.3162543 0 0.9486745 0.3162543 0.3162525 0 0.9486751 0.316249 0 0.9486762 0.3162498 0 -0.948676 0.3162533 0 -0.9486749 -1 0 3.66052e-7 -0.9399113 1.3315e-6 -0.3414189 -0.9399145 0 -0.34141 -1 0 2.00365e-6 -0.8558876 -0.1826689 -0.483827 -0.8559138 0.182717 -0.4837623 0.7660223 8.7269e-6 0.642814 0.7660206 -8.68572e-6 0.642816 0.4999546 0 0.8660517 0.4999582 0 0.8660496 0.1737421 0 0.9847912 0.173694 0 0.9847998 -0.1737017 0 0.9847984 -0.1736927 0 0.9848 -0.4999697 0 0.866043 -0.4999946 0 0.8660286 -0.7660188 -8.72689e-6 0.6428184 -0.7660316 8.68789e-6 0.6428031 0.8559135 -0.1826686 -0.4837813 0.9399145 0 -0.34141 0.8559139 0.1827167 -0.4837624 0.9399113 0 -0.3414189 1 0 -5.00913e-7 1 0 -4.81648e-7 0.9396152 0 0.342233 0.9396136 0 0.3422371 0.8527452 0.173375 0.4927136 0.8527413 -0.1733746 0.4927206 0.6385222 -0.1673293 0.7511927 0.5006372 0 0.8656573 0.6385365 0.1673282 0.7511807 0.5005901 0 0.8656845 0.1738979 0 0.9847637 0.1739844 0 0.9847484 -0.1739051 -5.93002e-7 0.9847624 -0.1739428 0 0.9847558 -0.5006017 0 0.8656778 -0.5005945 0 0.8656819 -0.6385179 0.1673296 0.7511962 -0.6385641 -0.167377 0.7511463 -0.9396139 0 0.3422363 -0.8527203 0.1733753 0.4927568 -0.8527412 -0.1733748 0.4927206 -0.939616 0 0.3422307 0 1 5.62398e-5 0 1 4.3875e-5 0 1 -5.85001e-5 0 1 -1.1248e-4 0 1 2.0141e-5 0 1 -8.78603e-6 0 1 9.0069e-6 0 1 1.7828e-5 0 1 -3.98682e-5 0 1 2.65786e-5 0 1 1.37444e-5 0 1 -8.7794e-6 0 1 1.34664e-5 0 1 1.79032e-5 0 1 -3.35683e-5 0 1 6.71375e-6 0 1 -2.64874e-5 0 1 -1.78279e-5 0 1 2.6579e-5 0 1 1.34662e-5 0 1 -2.68547e-5 -0.9847832 0 -0.1737877 -0.9847836 0 -0.1737853 0.8660235 3.84727e-7 0.5000034 0.8660235 0 0.5000034 0.8660235 0 0.5000034 0.8660235 -3.86552e-7 0.5000034 0.6427839 0 0.7660477 0.6427726 -1.97881e-7 0.766057 0.6427783 1.97605e-6 0.7660522 0.6427896 0 0.7660428 0.3417324 0 0.9397973 0.341783 0 0.9397789 -0.3417617 0 0.9397867 -0.3417324 0 0.9397973 -0.6428206 0 0.7660169 -0.642863 0 0.7659812 -0.6428518 1.93279e-7 0.7659907 -0.6428461 -1.92367e-7 0.7659955 -0.8660235 3.86552e-7 0.5000034 -0.8660235 -3.84727e-7 0.5000034 -0.8660235 0 0.5000034 -0.8660235 0 0.5000034 -0.9847832 0 0.1737877 -0.9847836 0 0.1737853 -0.9847822 0 -0.1737935 -0.9847846 0 -0.1737796 0.8699967 0.008053481 0.4929919 0.8699911 0.008053541 0.4930017 0.8700019 -0.008101403 0.4929819 0.8699844 -0.008053481 0.4930134 0.6459325 0.004074752 0.7633838 0.6459442 0.004074752 0.7633738 0.6459202 -0.00402683 0.7633944 0.6459565 -0.004122674 0.7633631 -0.3417537 0 0.9397897 -0.6459378 -0.004122674 0.7633789 -0.6459386 -0.004122674 0.7633783 -0.6459368 0.004122674 0.7633798 -0.6459397 0.004122674 0.7633774 -0.8699911 -0.008053541 0.4930017 -0.8699967 -0.008053481 0.4929919 -0.8699844 0.008053481 0.4930134 -0.8700019 0.008101403 0.4929819 -0.9847822 0 0.1737935 -0.9847846 0 0.1737796 -0.9397848 0 -0.3417671 -1 0 2.35555e-4 -0.9397669 0 -0.3418163 -1 0 1.89373e-4 -0.852746 -0.1733754 -0.4927123 -0.8527452 0.1733753 -0.4927134 0.7660295 8.72694e-6 0.6428055 0.7660327 -8.68577e-6 0.6428016 0.5000024 0 0.8660241 0.4999544 0 0.8660518 0.1736341 0 0.9848102 0.1736325 7.18677e-7 0.9848105 -0.1736403 0 0.9848092 -0.1736355 0 0.9848101 -0.4999659 0 0.8660452 -0.4999977 0 0.8660267 -0.7660259 -8.72692e-6 0.6428098 -0.7660128 8.68569e-6 0.6428254 -0.7660134 8.32162e-6 0.6428247 -0.7660126 -8.28236e-6 0.6428257 -0.9397159 0 0.3419564 -0.9397007 0 0.3419983 -1 0 7.8507e-6 -1 -6.11431e-7 -5.42458e-5 -0.9396149 0 -0.3422338 -0.9396145 0 -0.342235 -0.7660168 -8.32162e-6 -0.6428206 -0.7660145 8.28236e-6 -0.6428234 0.4996751 0 0.866213 0.6257734 0.1818208 0.7585175 0.6257476 -0.1818693 0.7585272 0.4996994 -1.02105e-6 0.866199 0.1738544 0 0.9847714 0.1738974 0 0.9847639 -0.1738616 -6.14181e-7 0.9847702 -0.1738992 0 0.9847635 -0.4996516 0 0.8662265 -0.4996733 0 0.866214 -0.6257735 0.1818208 0.7585175 -0.6257476 -0.1818693 0.7585272 -0.8527503 -0.1733756 0.4927048 -0.9396148 0 0.342234 -0.8527565 0.1733763 0.4926937 -0.9396116 0 0.3422427 0 1 5.6243e-5 0 1 -5.76336e-5 0 1 -3.0369e-5 0 1 2.68547e-5 0 1 -8.85959e-6 0 1 -2.64885e-5 0 1 -8.91051e-6 0 1 1.33349e-5 0 1 6.71384e-6 0 1 -1.37442e-5 0 1 2.7489e-5 0 1 1.38506e-5 0 1 -2.01413e-5 -0.8699968 -0.008053541 -0.4929918 -0.8699993 -0.008053541 -0.4929873 -0.8700017 0.008101463 -0.4929823 -0.869994 0.008053541 -0.4929966 0.6428019 0 0.7660325 0.6427894 0 0.766043 0.6427771 -1.97879e-7 0.7660532 0.6427896 1.96945e-7 0.7660428 0.3417537 0 0.9397897 0.3417617 0 0.9397867 -0.6428441 0 0.7659971 -0.642843 0 0.765998 -0.6428451 1.93278e-7 0.7659963 -0.6428461 -1.92366e-7 0.7659954 -0.8660262 0 0.4999985 -0.8660235 0 0.5000033 -0.866029 3.86551e-7 0.4999938 -0.8660079 -3.87017e-7 0.5000305 -0.9848418 0 -0.1734548 -0.9848418 0 -0.1734548 -0.9848419 0 -0.1734548 -0.8660065 -3.13738e-7 -0.5000329 -0.8660247 0 -0.5000013 -0.8660036 0 -0.5000376 -0.8660095 3.15226e-7 -0.5000277 0.6623547 0.02607554 0.7487365 0.6623438 0.0260756 0.7487462 0.6623665 -0.02607566 0.7487261 0.6623319 -0.02607572 0.7487566 0.3160908 0.02732169 0.9483355 0.3161102 0.02727353 0.9483305 0.3161302 -0.02727371 0.9483237 0.3160708 -0.02732181 0.9483422 -0.3161169 -0.02727359 0.9483281 -0.3161042 -0.02732157 0.9483311 -0.3160909 0.02732163 0.9483355 -0.3161302 0.02727365 0.9483237 -0.6623491 -0.02607548 0.7487415 -0.6623493 -0.02607548 0.7487413 -0.6623498 0.02607548 0.7487408 -0.6623486 0.02607548 0.7487419 -0.8626824 -0.006567478 0.5057034 -0.8626854 -0.006567478 0.5056984 -0.8626884 0.006567478 0.5056932 -0.8626792 0.0066154 0.5057085 -0.9847331 -1.68543e-4 0.1740711 -0.9848127 -2.90364e-4 0.1736196 -0.9847835 3.35569e-4 0.1737853 -1 0 -2.28025e-4 -0.9396151 0 -0.3422332 -1 0 -1.8437e-4 -0.9397196 0 -0.3419462 -0.8527468 0.1733754 -0.4927107 -0.8527441 -0.173375 -0.4927157 -0.6385194 0.1673292 -0.751195 -0.4994025 0 -0.8663701 -0.4994109 -1.27605e-6 -0.8663653 -0.6385025 -0.1673772 -0.7511986 -0.1725793 0 -0.9849957 -0.1725807 2.46566e-7 -0.9849955 0.1725733 0 -0.9849967 0.172578 0 -0.9849959 0.499397 -1.40248e-7 -0.8663732 0.4994679 0 -0.8663325 0.6385195 0.1673292 -0.751195 0.6385025 -0.1673772 -0.7511987 -0.7660145 -8.28236e-6 0.6428233 -0.9397741 0 0.3417962 -0.9396142 0 0.3422355 -0.7660107 8.32164e-6 0.6428279 -1 0 -9.77388e-6 -1 0 5.03373e-5 -0.939704 0 -0.341989 -0.9396991 4.83169e-7 -0.3420027 -0.7660139 -8.32163e-6 -0.6428241 -0.7660068 8.28239e-6 -0.6428326 0.6258163 0.1818202 0.7584823 0.4996685 0 0.8662168 0.4996412 0 0.8662324 0.6257668 -0.1818208 0.7585231 0.1739432 4.56099e-7 0.9847558 0.1738989 0 0.9847635 -0.173855 -7.35187e-7 0.9847713 -0.1738911 0 0.9847649 -0.4996712 0 0.8662152 -0.4996882 0 0.8662053 -0.6257759 0.1818202 0.7585156 -0.6258071 -0.1818208 0.7584897 -0.8527464 0.1733753 0.4927116 -0.9397706 0 0.3418061 -0.9397702 0 0.341807 -0.8527413 -0.1733747 0.4927207 0 1 4.34186e-5 0 1 4.92259e-5 0 1 4.32227e-5 0 1 -8.94807e-6 0 1 -2.66246e-5 0 1 2.69634e-5 0 1 -3.35688e-5 0 1 -1.75192e-5 0 1 2.6855e-5 0 1 -9.00706e-6 0 1 -2.64878e-5 0 1 2.6579e-5 0 1 -1.37444e-5 0 1 1.33351e-5 0 1 -2.0141e-5 -0.9847841 0 -0.1737824 -0.8626809 -0.006567478 -0.505706 -0.8626825 -0.006567478 -0.5057033 -0.8626792 0.0066154 -0.5057085 -0.8626838 0.0066154 -0.5057006 -0.6623485 -0.02612334 -0.7487404 -0.6623389 -0.02612334 -0.7487488 -0.6623302 0.02612328 -0.7487565 -0.6623563 0.0261712 -0.7487317 0.3419807 -1.30289e-6 0.9397071 0.341994 0 0.9397022 0.3419874 0 0.9397045 0.3420191 1.31136e-6 0.9396931 -0.3419743 0 0.9397093 -0.3419742 0 0.9397093 -0.3420191 -1.31136e-6 0.9396931 -0.3420191 1.30517e-6 0.9396931 -0.6428133 0 0.766023 -0.6428182 1.25156e-6 0.7660189 -0.6428157 -1.24566e-6 0.766021 -0.6428108 0 0.7660251 -0.8660022 0 0.5000402 -0.8660291 -3.17526e-7 0.4999937 -0.8660036 3.13738e-7 0.5000379 -0.8660247 0 0.5000013 -0.9848418 3.87418e-7 0.1734548 -0.9848418 0 0.1734548 -0.9848419 0 0.1734548 -0.9847826 0 0.1737906 -0.9847826 0 -0.1737906 -0.8660262 0 -0.4999986 -0.8660277 0 -0.4999962 -0.8660249 -3.86552e-7 -0.500001 -0.8660235 3.84728e-7 -0.5000034 -0.6428272 -1.95578e-7 -0.7660113 -0.6428363 1.94655e-7 -0.7660037 -0.6428185 0 -0.7660187 -0.6428461 0 -0.7659954 -0.6459375 0.004122674 0.7633793 -0.645929 0.004122674 0.7633865 -0.6459199 -0.004122674 0.7633941 -0.6459466 -0.004122674 0.7633716 -0.8699941 0.008053541 0.4929966 -0.8699967 0.008053541 0.4929918 -0.8699981 -0.008053541 0.4929894 -0.8699938 -0.008053541 0.4929969 -1 0 -1.67854e-6 -0.9396123 0 -0.3422409 -0.9396141 0 -0.342236 -1 0 -1.66891e-6 -0.8527484 -0.1733756 -0.492708 -0.8527523 0.173376 -0.4927011 -0.6385176 0.1673294 -0.7511966 -0.5005986 1.9408e-6 -0.8656796 -0.5006049 0 -0.865676 -0.6385034 -0.1673772 -0.751198 -0.1739397 4.11977e-7 -0.9847563 -0.1738975 0 -0.9847638 0.1738898 0 -0.9847651 0.1738512 0 -0.9847719 0.5005935 0 -0.8656826 0.5006031 0 -0.865677 0.6385218 -0.167329 -0.7511929 0.6385308 0.1673284 -0.7511854 -0.7660142 -5.81749e-5 0.6428236 -0.9396156 0 0.3422321 -0.9396138 0 0.342237 -0.7660088 8.32164e-6 0.6428302 -1 0 -1.67613e-6 -1 0 -1.6665e-6 -0.7660222 -8.32159e-6 -0.6428142 -0.7660167 8.28235e-6 -0.6428208 0.6385176 0.1673294 0.7511966 0.5005952 3.27818e-6 0.8656815 0.5006425 0 0.8656541 0.6385034 -0.1673772 0.751198 0.1738533 0 0.9847716 0.1739014 0 0.9847632 -0.1738066 0 0.9847798 -0.1737649 -4.73011e-7 0.9847872 -0.500631 0 0.8656607 -0.5005997 0 0.8656789 -0.6385218 -0.167329 0.7511929 -0.6385308 0.1673284 0.7511854 -0.8527466 0.1733753 0.4927111 -0.9396156 0 0.3422321 -0.8527427 -0.1733749 0.4927181 0 1 4.38699e-5 0 1 -5.84932e-5 0 1 -1.12478e-4 0 1 2.01413e-5 0 1 -8.94815e-6 0 1 8.92069e-6 0 1 -2.64886e-5 0 1 1.32436e-5 0 1 -9.00001e-6 0 1 -8.92069e-6 0 1 -1.32894e-5 0 1 -1.78278e-5 0 1 2.65794e-5 0 1 1.78964e-5 0 1 -2.68552e-5 -0.9847825 0 -0.173792 -0.984784 0 -0.1737837 -0.8699958 -0.008053541 -0.4929934 -0.869996 -0.008053541 -0.4929931 -0.869996 0.008053541 -0.4929931 -0.8699958 0.008053541 -0.4929934 -0.6459292 0.004122674 -0.7633863 -0.6459344 0.004122674 -0.7633818 -0.6459235 -0.004122674 -0.7633911 -0.6459401 -0.004122674 -0.7633771 -0.3417351 0 -0.9397963 -0.3417565 0 -0.9397886 -0.3417351 0 0.9397963 -0.6428608 -1.92365e-7 0.7659831 -0.6428497 0 0.7659924 -0.6428186 0 0.7660185 -0.6428665 1.93277e-7 0.7659783 -0.8660255 0 0.5 -0.8660255 0 0.5 -0.8660255 3.86552e-7 0.4999999 -0.8660255 -3.84728e-7 0.4999999 -0.9847825 0 0.173792 -0.984784 0 0.1737837 -0.8660255 0 -0.5 -0.8660255 0 -0.5 -0.8660255 -3.86552e-7 -0.4999999 -0.8660255 3.84728e-7 -0.4999999 -0.6428186 0 -0.7660185 -0.6428497 0 -0.7659924 -0.6428608 -1.93277e-7 -0.7659831 -0.6428665 1.92365e-7 -0.7659783 -0.3417565 0 0.9397886 -0.6459344 0.004122674 0.7633818 -0.6459292 0.004122674 0.7633863 -0.6459235 -0.004122674 0.7633911 -0.6459401 -0.004122674 0.7633771 -0.8699958 0.008053541 0.4929934 -0.869996 0.008053541 0.4929931 -0.869996 -0.008053541 0.4929931 -0.8699958 -0.008053541 0.4929934 -1 0 2.72842e-4 -0.9397529 0 -0.3418546 -0.9397845 0 -0.3417676 -1 0 2.28027e-4 -0.8527481 -0.1733756 -0.4927085 -0.852751 0.1733758 -0.4927036 -0.6258163 0.1818202 -0.7584823 -0.499672 0 -0.8662148 -0.499642 0 -0.8662321 -0.6257668 -0.1818208 -0.7585231 -0.1738961 0 -0.984764 -0.1738998 0 -0.9847634 0.1738921 0 -0.9847648 0.1738512 -4.91062e-7 -0.9847719 0.4996306 0 -0.8662387 0.4996381 0 -0.8662343 0.6257799 -0.1818199 -0.7585124 0.6257892 0.1818192 -0.7585049 -0.7660139 -8.28236e-6 0.6428241 -0.9397016 0 0.3419956 -0.9397173 0 0.3419525 -0.7660068 8.32165e-6 0.6428326 -1 -6.5306e-7 5.6657e-5 -1 0 4.81191e-6 -0.9397379 -1.73373e-7 -0.3418961 -0.9397356 0 -0.3419022 -0.7660242 -8.32159e-6 -0.6428119 -0.7660171 8.28235e-6 -0.6428203 0.6385194 0.1673292 0.751195 0.4994375 0 0.8663501 0.4994105 -1.63016e-6 0.8663656 0.6385025 -0.1673772 0.7511986 0.17258 0 0.9849956 0.1725844 2.46566e-7 0.9849947 -0.1725333 2.46611e-6 0.9850038 -0.1725786 0 0.9849959 -0.4993988 0 0.8663723 -0.4994416 0 0.8663476 -0.6385236 -0.1673289 0.7511916 -0.63853 0.1673284 0.7511862 -0.8527468 0.1733754 0.4927107 -0.9397196 1.78012e-7 0.3419462 -0.939721 0 0.3419424 -0.8527441 -0.173375 0.4927157 0 1 -5.76302e-5 0 1 -9.84506e-5 0 1 2.00717e-5 0 1 -8.85951e-6 0 1 9.00698e-6 0 1 -2.64889e-5 0 1 1.32438e-5 0 1 -8.91043e-6 0 1 -1.34816e-5 0 1 -1.78896e-5 0 1 2.69638e-5 0 1 1.78961e-5 -0.8699941 -0.008053541 -0.4929966 -0.8699967 -0.008053541 -0.4929918 -0.8699981 0.008053541 -0.4929894 -0.8699938 0.008053541 -0.4929969 -0.645929 0.004122674 -0.7633865 -0.6459375 0.004122674 -0.7633793 -0.6459199 -0.004122674 -0.7633941 -0.6459466 -0.004122674 -0.7633716 -0.3417324 0 -0.9397973 -0.3417537 0 -0.9397897 0.3417324 0 -0.9397973 -0.6428272 -1.94655e-7 0.7660113 -0.6428461 0 0.7659954 -0.6428185 0 0.7660187 -0.6428363 1.95577e-7 0.7660037 -0.8660262 0 0.4999986 -0.8660277 0 0.4999962 -0.8660249 3.86552e-7 0.500001 -0.8660235 -3.84728e-7 0.5000034 -0.9847841 0 0.1737824 -0.8660036 3.15225e-7 -0.5000379 -0.8660291 -3.16028e-7 -0.4999937 -0.8660022 0 -0.5000402 -0.8660247 0 -0.5000013 -0.6428132 0 -0.766023 -0.6428108 0 -0.7660251 -0.6428157 -1.25156e-6 -0.766021 -0.6428182 1.24566e-6 -0.7660189 -0.3420191 1.31136e-6 -0.9396931 -0.3420191 -1.30517e-6 -0.9396931 -0.3419743 0 -0.9397093 -0.3419742 0 -0.9397093 0.3419874 0 -0.9397045 0.341994 0 -0.9397022 0.3419807 -1.30906e-6 -0.9397071 0.3420191 1.30517e-6 -0.9396931 -0.6623445 0.0261234 0.7487439 -0.662343 0.02612346 0.7487452 -0.6623406 -0.02612346 0.7487474 -0.6623468 -0.02612346 0.7487418 -0.8626809 -0.006567478 0.505706 -0.8626825 -0.006567478 0.5057033 -0.8626838 0.0066154 0.5057006 -1 0 -1.89376e-4 -0.9396116 0 -0.3422427 -0.9396148 0 -0.342234 -1 0 -2.35557e-4 -0.8527503 -0.1733756 -0.4927048 -0.8527565 0.1733763 -0.4926937 -0.6257734 0.1818208 -0.7585175 -0.4996733 0 -0.866214 -0.4996516 0 -0.8662264 -0.6257476 -0.1818693 -0.7585272 -0.1738992 4.74129e-7 -0.9847635 -0.1739051 0 -0.9847625 0.1738538 0 -0.9847714 0.1738979 0 -0.9847638 0.4996401 8.66571e-7 -0.8662331 0.4996396 0 -0.8662335 0.6257774 -0.1818204 -0.7585143 0.6257756 0.1818205 -0.7585158 -0.7660168 -8.28236e-6 0.6428206 -0.9396149 0 0.3422338 -0.9396145 0 0.342235 -0.7660145 8.32163e-6 0.6428234 -1 0 -4.61948e-6 -1 0 4.56328e-5 -0.9397174 0 -0.3419522 -0.9396995 4.82189e-7 -0.3420013 -0.7660126 -8.32162e-6 -0.6428257 -0.7660134 8.28235e-6 -0.6428247 -0.7660259 -8.68574e-6 -0.6428098 -0.4999658 0 -0.8660452 -0.4999532 0 -0.8660525 -0.7660128 8.72687e-6 -0.6428254 -0.1736403 0 -0.9848092 -0.1736355 5.74646e-7 -0.9848101 0.1736341 0 -0.9848102 0.1736325 0 -0.9848105 0.5000024 0 -0.8660241 0.4999544 0 -0.8660518 0.7660327 -8.72695e-6 -0.6428016 0.7660295 8.68576e-6 -0.6428055 -0.8527442 0.1733752 0.4927153 -0.939799 0 0.3417277 -0.9397874 -5.50509e-7 0.3417598 -0.8527428 -0.173327 0.4927346 0 1 4.92235e-5 0 1 4.32252e-5 0 1 -1.12486e-4 0 1 9.14855e-6 0 1 1.3312e-5 0 1 -8.91035e-6 0 1 6.69057e-6 0 1 -9.00698e-6 0 1 -1.32892e-5 0 1 1.77192e-5 0 1 -2.67623e-5 -0.8626824 0.006567478 -0.5057034 -0.8626854 0.006567478 -0.5056984 -0.8626884 -0.006567478 -0.5056932 -0.8626792 -0.0066154 -0.5057085 -0.6623429 0.02612352 -0.7487452 -0.662353 0.02617138 -0.7487347 -0.6623311 -0.02612364 -0.7487556 -0.6623648 -0.0261715 -0.7487242 -0.3161236 0.02727365 -0.9483259 -0.3160975 0.02732163 -0.9483333 -0.3160708 -0.02732181 -0.9483422 -0.3161507 -0.02722597 -0.9483183 0.3161102 0.02727353 -0.9483305 0.3160908 0.02732169 -0.9483355 0.3161302 -0.02727371 -0.9483237 0.3160708 -0.02732181 -0.9483422 0.6623491 0.02607554 -0.7487415 0.6623438 0.0260756 -0.7487462 0.6623319 -0.02607572 -0.7487566 0.6623665 -0.02607566 -0.7487261 -0.8660065 -3.15226e-7 0.5000329 -0.8660095 3.13739e-7 0.5000277 -0.8660036 0 0.5000376 -0.8660247 0 0.5000013 -0.8660262 0 -0.4999985 -0.8660235 0 -0.5000033 -0.866029 -3.86551e-7 -0.4999938 -0.8660079 3.87017e-7 -0.5000305 -0.6428754 0 -0.7659709 -0.6428261 0 -0.7660122 -0.6428506 -1.93278e-7 -0.7659917 -0.642863 1.92365e-7 -0.7659812 -0.3417617 0 -0.9397867 0.3417537 0 -0.9397897 0.3417617 0 -0.9397867 0.6427771 -1.96946e-7 -0.7660532 0.6427894 0 -0.766043 0.6428019 0 -0.7660325 0.6427896 1.97878e-7 -0.7660428 -0.8699993 0.008053541 0.4929873 -0.8699968 0.008053541 0.4929918 -0.869994 -0.008053541 0.4929966 -0.8700017 -0.008101463 0.4929823 -1 0 -2.85617e-6 -0.9396119 0 -0.3422418 -0.9396141 0 -0.3422362 -1 0 -2.84172e-6 -0.852747 -0.1733756 -0.4927105 -0.8527508 0.173376 -0.4927036 -0.6385179 0.1673296 -0.7511963 -0.5005945 0 -0.865682 -0.5006017 0 -0.8656778 -0.638509 -0.167377 -0.7511931 0.5005901 0 -0.8656845 0.5006371 0 -0.8656573 0.6385221 -0.1673293 -0.7511927 0.6385365 0.1673282 -0.7511807 0.8527078 0.173375 -0.4927784 0.9396136 0 -0.3422371 0.939721 0 -0.3419422 0.8527413 -0.1733746 -0.4927207 1 0 4.81648e-7 1 0 5.00913e-7 0.9399113 0 0.3414189 0.9399145 0 0.34141 0.8559135 -0.1826686 0.4837813 0.8559139 0.1827167 0.4837624 -0.7660187 -8.6857e-6 -0.6428183 -0.4999696 0 -0.866043 -0.4999946 0 -0.8660286 -0.7660316 8.72908e-6 -0.6428031 -0.1737018 0 -0.9847983 -0.1736926 0 -0.9848 0.1736912 0 -0.9848002 0.173694 0 -0.9847998 0.4999546 0 -0.8660517 0.4999582 0 -0.8660496 0.7660206 -8.7269e-6 -0.642816 0.7660223 8.68572e-6 -0.642814 -0.8559116 0.1826687 0.4837844 -0.9399142 0 0.3414109 -0.9399145 -1.47764e-6 0.3414102 -0.8559122 -0.1826687 0.4837836 0 1 -8.94823e-6 0 1 8.92061e-6 0 1 1.75721e-5 -0.8699911 -0.008053541 -0.4930017 -0.8699967 -0.008053481 -0.4929919 -0.8700019 0.008101403 -0.4929819 -0.8699856 0.008053481 -0.4930114 -0.6459324 0.004122674 -0.7633836 -0.6459441 0.004122674 -0.7633736 -0.6459564 -0.004170656 -0.763363 0.6459442 0.004074752 -0.7633737 0.6459325 0.004074752 -0.7633838 0.6459202 -0.00402683 -0.7633944 0.6459565 -0.004122674 -0.7633631 0.8699967 -0.008053481 -0.4929919 0.8699911 -0.008053541 -0.4930017 0.8700019 0.008101403 -0.4929819 0.8699844 0.008053481 -0.4930134 -0.8660235 0 -0.5000034 -0.8660235 0 -0.5000034 -0.8660235 -3.86552e-7 -0.5000034 -0.8660235 3.84727e-7 -0.5000034 -0.6428518 0 -0.7659907 -0.6428206 -1.95579e-7 -0.7660169 -0.642863 1.92365e-7 -0.7659812 0.6427839 -1.96946e-7 -0.7660477 0.6427727 0 -0.766057 0.6427783 0 -0.7660522 0.6427896 1.97879e-7 -0.7660428 0.8660235 -3.84727e-7 -0.5000034 0.8660235 0 -0.5000034 0.8660235 0 -0.5000034 0.8660235 3.86552e-7 -0.5000034 -1 6.73953e-5 0 -1 -1.55019e-5 0 -1 1.31578e-5 0 -1 -2.17673e-6 0 -1 -6.87189e-7 0 -1 -4.09933e-7 0 -1 1.12596e-5 0 -1 -2.93943e-6 0 -1 7.1162e-7 0 1.02218e-6 -0.9974663 -0.07114207 -0.1612486 -0.9841327 0.07403922 -0.1729608 -0.9814978 -0.08213925 0 -0.9974734 0.07104223 0.002301037 0 -0.9999974 -0.005217969 -0.00264132 -0.9999829 -4.2245e-4 0.006745994 -0.9999772 -0.1605008 0.06528574 0.9848743 0 -0.002301037 0.9999974 1.14198e-6 0.0706824 0.9974989 0 0.9974995 0.07067537 -0.1588869 0.9847459 -0.07092684 -0.1540412 0.9859105 0.06520587 7.7155e-7 0.9974972 -0.07070797 1.05077e-6 -0.07089108 0.9974841 0.1594403 -0.0700041 0.9847224 0.1594185 0.07000297 0.984726 0 0.07093834 0.9974808 -0.1623913 -0.9296383 0.3307594 0 -0.9423054 0.3347547 0 -0.9424348 -0.33439 -0.1552475 -0.9324126 -0.3263512 -0.1647891 0.3322826 0.9286726 0 0.3348659 0.9422659 -0.1799139 0.9249444 -0.334827 0 0.9424625 -0.3343123 -0.1435468 -0.9389026 0.3128201 -0.2448468 -0.8325646 0.4968765 -0.1534301 -0.3319013 0.9307528 -0.2402427 -0.5013824 0.8312035 0 -0.334434 0.9424192 -0.144102 -0.3200193 0.936388 -0.1581248 -0.1305569 0.9787499 0.002301037 -0.1366334 0.990619 -0.2516266 -0.8345309 -0.4901451 -0.1357939 -0.9434038 -0.3025712 0 0.3346499 0.9423426 0.1598865 0.3303056 0.9302336 0.1607105 0.6979304 0.6979007 1.20205e-5 0.7071101 0.7071036 -0.1448211 0.3245385 0.9347202 -0.2333499 0.5081461 0.8290569 -0.1878743 0.9284616 0.3204098 -0.2333496 0.829056 0.5081477 0 0.9422914 0.3347938 -0.1449986 0.9319276 0.3323948 -0.1373652 0.9385763 -0.3165523 -0.2402904 0.8312036 -0.5013595 0.159994 -0.3302975 0.9302181 0 -0.3345832 0.9423663 1.17521e-5 -0.7071138 0.7070997 0.1606977 -0.6979331 0.697901 -0.9308087 -0.3645952 0.02579939 -0.9303266 -0.3658146 -0.02592808 -0.9310513 -0.3639709 0.02586036 -0.9303093 -0.3658577 -0.02593898 -0.9407564 0.02405017 0.3382291 -0.9400841 -0.02415436 0.3400862 -0.9401 -0.02414315 0.340043 -0.9406123 0.02404588 0.3386301 -0.9400959 0.3400414 -0.02432286 -0.9397709 0.3409457 0.02422142 -0.9407686 0.3381831 0.02422231 -0.9392835 0.342278 -0.02434152 -0.9312611 -0.02607816 -0.3634182 -0.9310802 0.0258544 -0.3638973 -0.9303206 -0.02593344 -0.3658294 -0.9318562 0.02595412 -0.3618984 -0.3114692 -0.8953533 -0.3183231 -0.3686681 -0.9272317 -0.06576645 -0.3025549 -0.1412419 0.9426088 -0.3064107 -0.3186312 0.8969876 0.32197 -0.3167957 0.8921748 0.3169952 -0.06719517 0.9460439 -0.3872068 0.8692899 0.3072556 -0.2886828 0.9549905 0.06823009 0.316882 0.06720054 0.9460813 0.3219695 0.3168071 0.8921709 0.3249129 0.668754 0.66873 -0.07905322 -0.8556932 -0.5114096 -0.3597943 -0.9306724 0.06630939 -0.3300409 -0.8900119 0.3145663 -0.071689 -0.8649923 0.4966378 -0.07227951 -0.4986437 0.8637883 -0.3620334 0.8782455 -0.3124368 -0.2945432 0.953221 -0.06792736 -0.08613324 0.8523455 -0.5158374 0.3250038 -0.6687223 0.6687175 -0.3231337 0.3163682 0.8919058 -0.2888761 0.06846743 0.9549152 -0.06852841 0.4960067 0.8656104 -0.0901699 0.8559398 0.5091528 -0.3031291 -0.005847692 0.9529316 0.3057863 -0.005210697 -0.952086 0.307829 0.01076459 -0.9513809 0.3037112 -0.01465982 -0.9526514 -0.9342582 -0.336087 -0.1191947 -0.9334315 -0.3381595 -0.1198083 -0.9421113 -0.1121163 0.3160005 -0.9424495 -0.111825 0.3150942 -0.9413439 0.1129311 -0.3179909 -0.9415506 0.1127505 -0.3174428 -0.9333953 0.3381927 0.1199966 -0.9300681 0.3460789 0.123299 -0.941237 -0.1130092 -0.3182797 -0.9415501 -0.1127504 -0.3174441 -0.9404127 -0.240493 -0.2403896 -0.9404085 -0.2400804 -0.2408177 -0.9304364 -0.3455304 0.122053 -0.9320835 -0.3413277 0.1213091 -0.9442157 -0.2329437 0.232796 -0.9463068 -0.2284702 0.2287029 -0.9343833 0.3357222 -0.1192418 -0.9342191 0.336182 -0.1192333 -0.940414 0.240491 -0.2403864 -0.9404094 0.2400797 -0.2408153 -0.9426075 0.1117041 0.3146638 -0.9420564 0.1122468 0.316118 -0.9444719 0.2323734 0.2323263 -0.9463151 0.2287112 0.2284272 0 0.4997262 0.8661835 0 -0.4997262 0.8661835 0 0.5000131 0.8660178 0 0.5000131 0.8660178 0 0.5000131 0.8660179 2.01268e-4 -0.4994899 0.8663198 2.68524e-4 -0.4998968 0.8660851 -3.35568e-4 -0.4997225 0.8661856 -0.7296133 -7.57942e-4 0.6838597 -0.7594521 0.5633228 0.325423 -0.7612501 0.5624865 0.3226566 -0.7301291 -4.05457e-4 0.6833092 -0.761939 0.5605347 -0.3244221 -0.761394 0.5618298 -0.3234606 -0.776089 -4.54951e-7 -0.6306234 -0.7773674 0 -0.6290469 -0.7619468 -0.5605399 -0.3243953 -0.761276 -0.561994 -0.3234527 -0.7613981 -0.5611552 0.3246197 -0.7600135 -0.5633921 0.323989 3.83606e-4 0.4999719 0.8660416 2.87526e-4 0.4993907 0.8663769 -4.79384e-4 0.4997229 0.8661853 3.83606e-4 0.4999719 0.8660416 2.87528e-4 0.4993907 0.8663769 -4.79383e-4 0.4997231 0.8661852 -3.83606e-4 -0.4999719 0.8660416 -2.87528e-4 -0.4993907 0.8663769 4.79383e-4 -0.4997231 0.8661852 0 -0.4997192 0.8661875 -0.9116196 0.2069458 0.3551383 -0.3847113 0.4816609 0.7874008 -0.9047754 0.1916878 0.3803123 -0.4287121 0.4603465 0.7773591 -0.9113946 0.4115045 -0.004892408 -0.4114996 0.911397 -0.004877746 -0.4115232 0.9113862 0.004877746 -0.9113849 0.4115266 0.004837155 -0.9153999 0.2158077 -0.339809 -0.4241721 0.4567975 -0.7819297 -0.9140172 0.1984546 -0.3538197 -0.4374358 0.4313375 -0.7890488 0.7559078 -9.20892e-6 0.6546781 0.7558946 1.60187e-7 0.6546934 0.7558949 0.5670052 0.3273042 0.7558861 0.5670075 0.3273206 0.7558865 0.5670162 -0.3273046 0.7559099 0.566996 0.3272856 0.7559147 0.5669924 0.3272807 0.7558975 0.567004 -0.3273001 -0.4198491 -0.4575883 0.7837983 -0.907386 -0.1947436 0.3724591 -0.374839 -0.4888786 0.787714 -0.9140151 -0.1984797 0.3538112 0 0.5000131 0.8660178 0 0.5000131 0.8660178 -3.83606e-4 -0.4999719 0.8660416 -2.87526e-4 -0.4993907 0.8663769 4.79384e-4 -0.4997229 0.8661853 -0.4198696 0.4575056 0.7838355 -0.9074256 0.1947535 0.3723574 -0.913983 0.1986086 0.3538217 -0.374976 0.4887689 0.7877171 -0.7616425 0.5617688 -0.3229811 -0.9114262 0.4114351 -0.004836618 -0.7614872 0.5610837 -0.3245342 -0.4115034 0.9113954 0.004830479 -0.7758471 3.88362e-7 -0.630921 -0.7773586 0 -0.6290578 -0.7616083 -0.5617973 -0.3230122 -0.761455 -0.561121 -0.3245452 -0.9114142 -0.4114623 -0.004782676 -0.4114764 -0.9114077 0.00483179 -0.9073857 -0.1947435 0.3724597 -0.4198882 -0.457536 0.7838079 -0.913995 -0.198595 0.3537982 0 0.5000131 0.8660178 0 0.5000131 0.8660178 0 0.5000131 0.8660179 -2.68525e-4 -0.4998968 0.8660851 -2.01269e-4 -0.4994899 0.8663198 3.35569e-4 -0.4997225 0.8661856 -0.4198759 0.4575279 0.7838192 -0.9074226 0.1947746 0.3723535 -0.9139889 0.1985821 0.3538214 -0.3749153 0.488804 0.7877241 -0.9114271 0.4114331 0.004836678 -0.4114843 0.9114041 0.004830479 -0.9114177 0.411454 -0.004836618 -0.4115061 0.9113943 -0.00483042 0.7559472 -0.5669324 0.3273095 0.7558796 9.11951e-6 0.6547107 0.7559062 -1.06096e-5 0.6546801 0.755948 -0.5669245 0.3273214 0.7559364 0.5669494 0.3273051 0.7558889 2.32458e-6 0.6547 0.7558969 -3.62098e-6 0.6546908 0.7559453 0.5669306 0.3273169 0.7559257 0.5669524 -0.3273248 0.7559487 0.5669324 0.3273059 0.755948 0.5669341 0.327305 0.7559311 0.5669453 -0.3273245 -0.9074205 -0.1947689 0.3723616 -0.4198684 -0.4574834 0.7838492 -0.9139859 -0.1985853 0.3538271 -0.374914 -0.4887955 0.78773 0 -6.62686e-5 1 0 0.3422105 0.9396233 0 6.59169e-5 1 0 0.3422097 0.9396237 0.1748387 0.491286 0.8532699 -0.174886 0.4912807 0.8532633 -0.1716755 0.7534168 0.6347367 0 0.8661647 0.4997587 0.1716755 0.7534169 0.6347367 0 0.8661647 0.4997588 0 0.9848659 0.1733187 0 0.9848657 0.1733189 0 0.9848725 -0.173281 0 0.9848724 -0.1732813 0 0.8661386 -0.4998038 0 0.8661386 -0.4998039 0.1749804 0.7550988 -0.6318289 -0.1749804 0.7550988 -0.6318289 8.39185e-6 -0.6427984 0.7660354 -8.35226e-6 -0.6427994 0.7660347 0 -0.342032 0.9396883 0 -0.3419829 0.9397062 0 8.96792e-5 1 0 8.99219e-5 1 0 0.3418254 0.9397636 5.65035e-4 0.298213 0.9544993 -0.1006651 0.6152112 0.7819091 0.158675 -0.5549979 -0.816578 5.22806e-4 -0.4983651 -0.8669672 -0.1748862 -0.4912778 -0.8532649 -0.1589181 -0.7081084 -0.6879881 -5.49515e-4 -0.7674024 -0.6411657 0.1749804 -0.7550988 -0.6318289 -5.49515e-4 0.76647 0.6422799 0 0.7663517 0.6424214 0.1010262 0.6634212 0.7413947 0 -0.9396359 -0.3421759 0 -0.9848724 -0.1732814 0 -0.9396361 -0.3421755 0 -0.9848724 -0.1732816 0 -0.9848582 0.173362 0 -0.9848658 0.1733186 0 -0.8661646 0.4997589 0 -0.8661645 0.4997591 0.1716755 -0.7534168 0.6347367 -0.1716755 -0.7534169 0.6347367 -0.174886 -0.4912805 0.8532634 0 -0.3422292 0.9396166 0.174886 -0.4913239 0.8532384 5.26085e-7 -0.3422289 0.9396167 -1 9.38245e-6 0 -1 -1.87728e-5 0 -1 1.88943e-5 0 -1 -1.84706e-5 0 -1 1.87732e-5 0 -1 -9.68054e-6 0 -1 2.45223e-6 0 -1 -2.66969e-6 0 -1 -4.91972e-6 0 -1 -9.67923e-6 0 -1 1.06351e-5 0 -1 9.71628e-6 0 -1 -6.7045e-6 0 -1 3.36459e-6 0 -1 -3.05229e-6 0 -1 5.3852e-6 0 -1 -4.87952e-6 0 -1 7.97622e-6 0 -1 -7.29881e-6 0 -1 2.45679e-6 0 -1 -5.44639e-6 0 -1 4.91984e-6 0 -1 2.66973e-6 0 -1 -1.06349e-5 0 -1 -1.07704e-5 0 -1 -6.68001e-6 0 -1 2.67437e-6 0 -1 7.25942e-6 0 -1 -5.31756e-6 0 -1 4.86575e-6 0 -1 -2.46441e-6 0 0 0.3422186 0.9396204 -1.87023e-7 0.3420904 0.9396671 0 -1.62756e-5 1 1.67453e-7 -1.64548e-5 1 0 0.6428089 0.7660266 0 0.6428095 0.7660261 0 0.8660303 0.4999916 0 0.866032 0.4999885 0 0.6428233 0.7660145 0 0.6428195 0.7660177 0 0.9848161 0.173601 0 0.9848163 0.1736001 0 0.9848167 -0.1735973 0 0.984838 -0.1734769 0 0.8660293 -0.4999933 0 0.8660297 -0.4999924 0 0.6428261 -0.7660123 0 0.6428258 -0.7660125 0 -0.3418667 0.9397485 -0.1717226 -0.4942646 0.8521819 0 -0.3420138 0.939695 0.1717225 -0.4942631 0.8521827 0 -7.1238e-5 1 0 -6.58085e-5 1 0 0.341845 0.9397563 0 0.3419042 0.9397348 0.1717228 0.494267 0.8521804 -0.1717228 0.4942684 0.8521795 0 -0.8660274 -0.4999966 0 -0.6428295 -0.7660093 0 -0.6428268 -0.7660116 0 -0.8660268 -0.4999976 0 -0.9848162 -0.1736004 -3.21065e-7 -0.9848161 -0.173601 3.02848e-7 -0.9848245 0.1735533 0 -0.9848381 0.1734758 0 -0.8660279 0.4999959 0 -0.8660274 0.4999967 0 -0.6428268 0.7660116 0 -0.6428295 0.7660093 0 -0.6428107 0.7660251 0 -0.6428114 0.7660246 0 -0.3421073 0.9396609 0 -0.342024 0.9396913 -1 -1.79011e-6 0 -1 1.2788e-6 0 -1 -1.78578e-6 0 -1 5.1614e-6 0 -1 3.57265e-6 0 -1 -2.56674e-6 0 -1 1.79101e-6 0 -1 5.13126e-6 0 -1 2.5824e-6 0 -1 1.78634e-6 0 -1 -5.13347e-6 0 -1 -1.78249e-6 0 -1 -5.11519e-6 0 -1 3.58064e-6 0 -1 -2.55295e-6 0 -1 3.58354e-6 0 -1 2.59667e-6 0 -1 -3.57268e-6 0 -1 -1.79101e-6 0 -1 -5.13126e-6 0 -1 5.19335e-6 0 -1 -1.78633e-6 0 -1 -2.55836e-6 0 -1 -1.29973e-6 0 -1 1.79029e-6 0 0 0.3419303 0.9397254 0 0.3420547 0.9396801 0 1.49278e-5 1 0 1.51057e-5 1 0 0.6428056 0.7660294 0 0.6428069 0.7660284 0 0.8660096 0.5000275 0 0.8660019 0.500041 0 0.6428307 0.7660083 0 0.6428269 0.7660116 0 0.9848954 0.1731505 0 0.9848954 0.1731505 0 0.9848954 -0.1731505 0 0.9848954 -0.1731505 0 0.8660096 -0.5000275 0 0.8660019 -0.500041 0 0.6428307 -0.7660083 0 0.6428269 -0.7660116 -0.173989 -0.4920986 0.8529753 0 -0.3419338 0.9397241 0.1739891 -0.4920986 0.8529753 0 -0.3419339 0.939724 -3.97745e-7 -1.04154e-4 1 0 -1.04312e-4 1 0 0.3421392 0.9396494 0 0.3421239 0.9396549 0.1780472 0.4882099 0.8543713 -0.1780944 0.4882048 0.8543644 0 -0.6428213 -0.7660161 0 -0.6428186 -0.7660185 0 -0.8661069 -0.4998588 0 -0.8660423 -0.4999707 0 -0.9848112 -0.1736286 0 -0.9848954 -0.1731505 1.34432e-7 -0.9848345 0.1734969 0 -0.9848954 0.1731505 0 -0.8660423 0.4999708 0 -0.8661069 0.4998588 0 -0.6428186 0.7660185 0 -0.6428214 0.7660162 0 -0.3419793 0.9397076 0 -0.6428096 0.7660261 0 -0.642809 0.7660264 0 -0.3419609 0.9397142 -0.1169933 0.3327345 0.9357352 0 -8.19803e-7 1 0 0.3416163 0.9398396 -0.157301 4.58654e-7 0.9875508 -0.1813485 0.4850691 0.8554652 -0.1447321 0.348809 0.9259509 -0.1558986 0.8553082 0.4941089 -0.1758301 0.7555205 0.6310884 0 0.8661702 0.4997492 -0.1551575 0.8448255 0.5120509 -0.161941 0.9719831 0.1703644 0 0.9848664 0.1733154 0 0.9847932 -0.1737313 -0.1609042 0.9714064 -0.1745839 0 0.8662323 -0.4996417 -0.1424476 0.8638479 -0.4831932 -0.1815373 0.7583373 -0.6260741 -0.1552942 0.8502676 -0.5029204 0.1574995 -0.3377645 0.9279597 0 -0.3419845 0.9397056 8.70204e-6 -0.6427787 0.766052 0.157391 -0.6347852 0.7564892 0.1579353 -6.59791e-7 0.9874495 0 8.47389e-7 1 -1.82664e-7 0.3419523 0.9397174 0.1574879 0.3377937 0.9279509 0.1575013 0.6347859 0.7564656 8.66322e-6 0.6428154 0.7660212 0 -0.8662507 -0.4996098 -0.1550342 -0.8466621 -0.509046 -0.1814426 -0.7583464 -0.6260907 -0.1456363 -0.8525201 -0.5019956 0 -0.9847769 -0.1738238 -0.1595125 -0.9724814 -0.1698111 2.0597e-7 -0.9848733 0.1732761 -0.1597731 -0.9718716 0.173027 6.85292e-7 -0.8661702 0.4997492 -0.156344 -0.8559413 0.4928703 -0.1758301 -0.7555205 0.6310884 -0.1551489 -0.8448246 0.5120552 0 -0.3419161 0.9397306 -0.1446599 -0.3565269 0.9230179 -0.1813482 -0.4850731 0.855463 -0.1355161 -0.3550379 0.9249776 -1 -6.1267e-5 0 -1 1.08389e-5 0 0 4.74422e-7 1 0 0.3418152 0.9397672 0 0.3418198 0.9397656 0 5.10546e-7 1 0 0.3418698 0.9397474 0 1.26192e-6 1 0 0.3417793 0.9397802 -0.1763017 0.4898874 0.8537729 0.1763014 0.489892 0.8537703 -0.1763491 0.4898806 0.853767 0.1763017 0.4898885 0.8537723 0 0.8662425 0.4996239 0.1788023 0.7570046 0.6284695 -0.1788023 0.7570046 0.6284695 0 0.8662117 0.4996774 0.1788024 0.7570067 0.628467 0 0.8662344 0.4996379 0 0.8662331 0.4996402 -0.1787547 0.7570073 0.6284798 0 0.9848333 0.1735036 0 0.9848333 0.1735035 0 0.9848334 0.173503 0 0.984832 0.1735108 0 0.9847498 -0.1739768 0 0.98475 -0.173976 -9.8118e-7 0.9847607 -0.1739149 0 0.9847502 -0.1739743 0 0.8663682 -0.4994059 0 0.8663324 -0.499468 1.87242e-6 0.8663496 -0.4994384 0 0.8663308 -0.4994709 -0.1878029 0.7614322 -0.6204442 0.1878028 0.7614302 -0.6204468 -0.1878033 0.7614354 -0.6204403 0.1878031 0.761433 -0.6204432 0 -0.3420047 0.9396982 9.04804e-6 -0.6428017 0.7660327 -9.00757e-6 -0.6428304 0.7660085 0 -0.342 0.9397 -9.00755e-6 -0.6428258 0.7660125 -2.8675e-6 -0.3420131 0.9396952 0 -0.342015 0.9396945 9.05028e-6 -0.6428306 0.7660084 0 4.72014e-7 1 0 -9.44028e-7 1 0 -2.18668e-6 1 0 0 1 2.86382e-6 0.342005 0.9396982 0 0.3420049 0.9396982 0 0.341967 0.939712 2.8675e-6 0.3420138 0.939695 -9.05027e-6 0.6428286 0.7660102 9.00756e-6 0.6428281 0.7660105 9.00755e-6 0.6428261 0.7660121 -9.05027e-6 0.642828 0.7660105 0 -0.8663682 -0.499406 0.1878031 -0.7614335 -0.6204427 -0.1878033 -0.7614355 -0.6204401 0 -0.8663323 -0.4994682 -0.1878032 -0.7614342 -0.6204418 -1.48283e-6 -0.8663264 -0.4994784 0.1878037 -0.7614399 -0.6204347 0 -0.8663325 -0.4994679 0 -0.9847497 -0.1739769 7.61224e-7 -0.9847491 -0.1739809 7.05983e-7 -0.9847607 -0.1739151 0 -0.9847601 -0.1739183 0 -0.9848331 0.1735051 0 -0.9848321 0.1735099 0 -0.9848333 0.1735042 0 -0.9848338 0.1735003 0 -0.8662401 0.499628 0 -0.8662424 0.499624 0 -0.8662312 0.4996437 0 -0.8662129 0.4996751 -0.1788023 -0.7570046 0.6284695 0.1788023 -0.7570046 0.6284695 -0.1788023 -0.7570048 0.6284693 0.1788028 -0.7570105 0.6284621 0 -0.3417333 0.939797 0.1763017 -0.4898874 0.8537729 -0.1763014 -0.489892 0.8537703 0 -0.3417734 0.9397824 -0.1763491 -0.4898806 0.8537669 -4.02306e-7 -0.3417854 0.939778 0.1763017 -0.4898884 0.8537724 0 -0.3417793 0.9397802 -1 2.8533e-6 0 -1 8.7644e-6 0 -1 -5.62936e-6 0 -1 -8.73988e-6 0 -1 1.15319e-5 0 -1 8.70405e-6 0 -1 -6.50477e-6 0 -1 2.85963e-6 0 -1 -8.65531e-6 0 -1 2.82014e-6 0 -1 -5.68143e-6 0 -1 8.65531e-6 0 -1 -2.85956e-6 0 -1 6.50488e-6 0 -1 -8.69406e-6 0 -1 8.73988e-6 0 -1 -1.15319e-5 0 -1 -8.76455e-6 0 -0.9845011 0.05729293 0.1657568 -1 7.1742e-7 0 -0.9841428 -3.44206e-7 0.1773784 -1 3.33124e-6 0 -1 -5.535e-6 0 -0.9856408 -0.05154234 0.1607973 -1 -1.72629e-6 0 -0.9840387 -0.1150188 0.1357892 -1 2.59582e-6 0 -0.9835793 -0.1574087 0.08828562 -0.9842583 -0.1737957 0.03210675 -1 3.28538e-6 0 -1 1.04341e-5 0 -0.9843629 -0.1736212 -0.02975684 -0.984405 -0.1539001 -0.08521592 -1 -1.67947e-6 0 -1 1.06663e-6 0 -0.9841938 -0.1141114 -0.1354299 -1 4.06799e-7 0 -0.9838314 -0.060135 -0.1687 -0.9841623 -2.61611e-7 -0.1772699 -1 -2.16421e-6 0 -0.9840281 0.06186002 -0.1669198 -1 -1.42214e-6 0 -0.9839853 0.1151837 -0.1360365 -0.9842054 0.1533817 -0.08839619 -1 -1.56784e-6 0 -1 -5.62136e-6 0 -0.9845171 0.1723159 -0.03214776 -0.9841969 0.1744602 0.0303359 -0.9838645 0.1535015 0.0919131 -1 -2.97497e-6 0 -0.9842756 0.115141 0.1339563 -1 6.52578e-6 0 -1 -6.78408e-6 0 -1 -6.65212e-6 0 -1 6.74873e-6 0 -1 -3.34955e-6 0 -1 -2.71201e-5 0 -1 1.35604e-5 0 -1 3.32522e-6 0 -1 6.78426e-6 0 -1 -6.6981e-6 0 -1 6.65247e-6 0 -1 -6.74855e-6 0 -1 -1.66117e-6 0 -1 -6.58831e-6 0 -1 6.71384e-6 0 -1 -5.03525e-6 0 0 0.3420447 0.9396837 -1.63201e-6 0.3419978 0.9397008 0 2.34081e-6 1 0 5.00915e-7 1 0 0.642833 0.7660065 0 0.6428266 0.7660118 0 0.8660198 0.50001 0 0.8660144 0.5000193 0 0.6428219 0.7660157 0 0.6428219 0.7660157 -1.87101e-7 0.9848162 0.1736004 0 0.9848091 0.1736409 0 0.9848174 -0.1735939 -1.68507e-6 0.9848117 -0.1736261 0 0.8660198 -0.50001 0 0.8660144 -0.5000193 0 0.6428219 -0.7660157 0 0.6428219 -0.7660157 0.1671873 -0.498601 0.850556 0 -0.3416079 0.9398426 -1.51087e-7 -0.3414629 0.9398953 -0.1671869 -0.4985935 0.8505604 0 -5.15363e-7 1 0 -2.35044e-6 1 -1.89563e-6 0.3415369 0.9398684 0 0.3415441 0.9398658 -0.167187 0.4985955 0.8505593 0.1671403 0.4986069 0.8505619 0 -0.8660181 -0.5000128 0 -0.866026 -0.4999991 0 -0.6428312 -0.7660079 0 -0.6428073 -0.7660279 0 -0.9848134 -0.1736162 0 -0.9848174 -0.1735939 1.85117e-7 -0.9848108 0.173631 0 -0.9848162 0.1736004 0 -0.8660181 0.5000128 0 -0.866026 0.4999991 0 -0.6428312 0.7660079 0 -0.6428073 0.7660279 1.33634e-6 -0.3420009 0.9396997 0 -0.3420378 0.9396862 0 -0.6428282 0.7660104 0 -0.6427978 0.7660359 -0.3085279 1.37719e-7 0.9512154 -0.2174766 0.3346503 0.9169042 -0.226058 -0.3331733 0.9153652 -0.1911476 -0.5278112 0.8275737 -0.3150336 -0.8224924 0.4735612 -0.1969794 -0.7238859 0.6612023 -0.3252214 -0.931325 0.1639046 -0.3265053 -0.9309064 -0.1637308 -0.2680414 -0.8344513 -0.4815027 -0.1969687 -0.7238913 -0.6611995 0.316202 0.3245097 0.891465 0.31621 0.6098304 0.7267174 0.3162207 -5.29716e-7 0.9486858 0.3162049 -0.3245144 0.8914623 0.3162096 -0.6098202 0.7267261 -0.1790227 0.7374039 -0.6512959 -0.2581791 0.8365744 -0.4832048 -0.3236309 0.9318258 -0.1642061 -0.3265549 0.9308867 0.1637434 -0.3163635 0.8220446 0.473452 -0.1969678 0.7238904 0.6612008 -0.1691898 0.5138785 0.8410136 -0.956905 0.09930032 0.2728965 -0.9486757 0 0.3162508 -0.9569191 -0.09928375 0.2728529 -0.9483653 -0.2037618 0.2430726 -0.945591 -0.2817854 0.162649 -0.9500319 -0.3074321 0.05408287 -0.9501602 -0.307045 -0.05402863 -0.95134 -0.2668405 -0.1541053 -0.9484558 -0.2036859 -0.2427833 -0.947134 -0.1096889 -0.3015056 -0.9486041 0 -0.3164653 -0.9471515 0.1096684 -0.301458 -0.9484615 0.2036363 -0.2428023 -0.9513431 0.2668319 -0.1541011 -0.9501517 0.3070694 -0.05404084 -0.950039 0.3074118 0.05407321 -0.9456194 0.2817383 0.1625658 -0.9483605 0.2038061 0.2430549 -1 -2.25192e-5 0 -1 2.9487e-5 0 -1 3.08261e-6 0 -1 8.1987e-7 0 -1 0 0 -1 0 0 -1 4.21221e-6 0 -1 -8.19474e-6 0 -1 4.11179e-6 0 -1 7.11618e-7 0 -0.1602885 -0.984316 -0.0736863 0 -0.9974663 0.07114052 -0.1692231 -0.9823701 0.07945168 0 -0.9974701 -0.07108891 0 -0.07069778 -0.9974979 -0.1434082 0.05644482 -0.9880527 0 0.07068246 -0.9974989 -0.1461939 -0.0580309 -0.9875525 -0.1577271 0.9853034 0.06556963 0 0.9974992 -0.07067853 -0.1479536 0.9871794 -0.0598886 0 0.9974973 0.07070571 0 -0.07094252 -0.9974805 0 0.07093799 -0.9974808 0.1594377 0.07001847 -0.9847218 0.1594056 -0.07000207 -0.9847282 -0.1524583 -0.9322559 -0.3281091 0 -0.9422913 -0.3347942 -0.1453029 -0.9343155 0.3254869 0 -0.9424654 0.3343039 -0.15475 0.3295013 -0.9313868 0 0.334824 -0.9422808 0 0.9424189 0.3344347 -0.1626178 0.9293765 0.3313834 -0.2448471 -0.8325662 -0.4968737 -0.1434288 -0.9397577 -0.3102962 -0.1561895 -0.3327758 -0.9299813 -0.2402895 -0.5013746 -0.8311946 -0.1439901 -0.3186111 -0.9368852 0 -0.3344723 -0.9424057 -0.251627 -0.8345333 0.490141 -0.1358681 -0.9439713 0.3007627 0.1599193 0.3303157 -0.9302244 0 0.3346011 -0.94236 1.20775e-5 0.7071049 -0.7071087 0.1607109 0.6979018 -0.6979292 -0.1447364 0.3233602 -0.9351415 -0.233397 0.5081356 -0.8290503 0 0.9422784 -0.3348307 -0.1445865 0.9378586 -0.3154617 -0.1712449 0.9311921 -0.3218021 -0.233397 0.8289995 -0.5082182 -0.13782 0.9365159 0.3224033 -0.2402901 0.8312019 0.5013623 0.1599968 -0.330309 -0.9302134 0.160712 -0.6979321 -0.6978986 1.16966e-5 -0.7071126 -0.7071011 0 -0.3346812 -0.9423315 -0.9568058 -0.2899911 0.02068263 -0.9573355 -0.288248 -0.02054095 -0.9568077 -0.2899862 0.02066761 -0.9571508 -0.2888553 -0.02061831 -0.9642068 0.01887017 -0.2644794 -0.963727 -0.01903557 -0.2662104 -0.9641094 0.01893311 -0.2648297 -0.9637714 -0.01900827 -0.2660516 -0.9634923 0.2670497 -0.01915699 -0.9631834 0.2681807 0.01889348 -0.9642099 0.264486 -0.01861298 -0.9637764 0.2660325 0.01902413 -0.9568188 -0.02066349 0.28995 -0.9578803 0.02026134 0.286452 -0.9574428 -0.02037912 0.2879028 -0.9573571 0.02053666 0.2881763 -0.3379131 -0.9388046 0.06678819 -0.283479 -0.9038017 0.3205968 -0.2829825 -0.3209364 -0.9038367 -0.2705367 -0.06805056 -0.9603016 0.3170012 -0.06720298 -0.9460412 0.3219586 -0.3167897 -0.892181 -0.3510773 0.8823759 -0.313301 -0.2654211 0.9616765 -0.06877464 0.3219086 0.3167999 -0.8921954 0.3169791 0.06719613 -0.9460492 0.3250176 0.6687137 -0.6687194 -0.06452584 -0.8636188 0.4999991 -0.3343555 -0.9400648 -0.06696701 -0.3063773 -0.897509 -0.3171916 -0.05836099 -0.8719842 -0.4860428 -0.05894899 -0.4880543 -0.8708204 -0.2778475 0.9582175 0.06797057 -0.3478158 0.8832625 0.3144387 -0.0833553 0.8547167 0.5123586 0.325008 -0.668721 -0.6687168 -0.2997426 0.3189367 -0.8991295 -0.2655205 0.06830251 -0.9616827 -0.05524897 0.4854421 -0.8725214 -0.04250073 0.8789924 -0.4749381 -0.9590028 -0.2671218 0.09465616 -0.9585359 -0.268527 0.09540694 -0.9646838 -0.08817416 -0.2482151 -0.9648893 -0.08777427 -0.2475571 -0.9637221 0.08933138 0.251515 -0.9647111 0.08806532 0.2481473 -0.9584475 0.2688228 -0.09545964 -0.9560954 0.2761542 -0.09808409 -0.9640691 -0.08898198 0.250306 -0.9642986 -0.08862382 0.2495479 -0.9632703 -0.189813 0.1899513 -0.9633377 -0.1897354 0.189687 -0.9563586 -0.2753698 -0.09772342 -0.9574744 -0.2719566 -0.09634661 -0.9659982 -0.1825987 -0.1830445 -0.9675492 -0.1787861 -0.1785616 -0.9595843 0.265226 0.09409129 -0.9585686 0.2684463 0.09530538 -0.9628729 0.190853 0.1909212 -0.9637042 0.1888502 0.1887057 -0.9647646 0.08804219 -0.2479473 -0.9649034 0.0877574 -0.2475077 -0.967235 0.1793807 -0.1796641 -0.9664103 0.1819833 -0.1814748 -1 -5.70901e-7 0 -1 6.39496e-7 0 1 8.85859e-7 0 -1 6.03491e-6 0 1 1.48514e-5 0 1 -5.44178e-6 0 1 -3.98231e-7 0 -1 -1.9006e-5 0 -1 -5.49015e-7 0 -1 1.94981e-5 0 -1 2.41272e-5 0 -1 -1.38159e-5 0 -1 -3.08261e-6 0 -1 -8.1987e-7 0 -1 -1.64847e-6 0 -1 1.82847e-5 0 -1 -7.17252e-6 0 -1 -1.32436e-5 0 0 -0.9974697 -0.07109391 -0.09769988 -0.9923163 0.07591545 -0.09437608 -0.993245 -0.06750893 0 -0.9974672 0.07112759 0 0.07067358 -0.9974996 -0.09745812 -0.0657531 -0.9930652 -0.090056 0.06254899 -0.9939706 7.7162e-7 -0.07070595 -0.9974973 0 0.9974975 0.07070219 -0.09761935 0.9931684 -0.06393158 -0.08962887 0.9940333 0.06216663 1.31465e-6 0.9974988 -0.07068502 0.09829795 0.07050311 -0.9926565 0.09831231 -0.07050305 -0.992655 0 -0.07094192 -0.9974805 0 0.07093828 -0.9974808 -3.71317e-7 -0.942292 -0.3347923 -0.09709984 -0.938417 -0.3315799 0 -0.9424356 0.3343879 -0.0950163 -0.9394108 0.3293622 -0.1083183 0.3360304 -0.9356018 0 0.3348308 -0.9422783 -0.1092906 0.9323981 0.3445132 0 0.9424334 0.3343941 -0.08922076 -0.9509003 -0.2963588 -0.2448478 -0.832571 -0.4968655 0 -0.3343927 -0.9424339 -0.08960795 -0.3108416 -0.9462283 -0.09748911 -0.3335095 -0.9376926 -0.2402899 -0.5013703 -0.8311972 -0.2516273 -0.8345349 0.4901381 -0.07748162 -0.9534336 0.2914809 1.20775e-5 0.7071027 -0.707111 0.09990209 0.7035569 -0.7035818 0.09919124 0.3328815 -0.9377372 0 0.3345533 -0.9423769 -0.2333495 0.5081512 -0.829054 -0.09014624 0.3231082 -0.9420588 0 0.9422937 -0.3347876 -0.08999538 0.946755 -0.309121 -0.1186203 0.9405418 -0.318293 -0.2333498 0.8290571 -0.5081459 -0.2402894 0.8311976 0.5013697 -0.07869863 0.9492279 0.3045864 1.16966e-5 -0.707116 -0.7070977 0 -0.3344864 -0.9424006 0.09921592 -0.3329136 -0.9377232 0.09990024 -0.7035631 -0.7035759 -0.9652137 -0.2608101 0.01845484 -0.8755224 -0.4819246 -0.03477293 -0.8686344 -0.4931325 0.04790371 -0.9653176 -0.2604323 -0.01836454 -0.9993385 -0.002595603 0.03627419 -0.965333 -0.01841801 -0.2603712 -0.9652317 0.01844424 -0.2607442 -0.9993578 0.002558171 0.0357412 -0.8685925 0.4932064 0.04790103 -0.9651824 0.2609304 -0.01839858 -0.9652118 0.2608172 0.01845335 -0.8686385 0.4931297 -0.04785692 -0.9999622 6.34501e-4 -0.008675336 -0.9582304 0.02070915 0.2852467 -0.9582219 -0.02070838 0.2852753 -0.999958 -6.44688e-4 -0.009149849 0.09373265 -0.9930409 0.07130169 0.0432294 -0.9414798 0.3342859 0.04319751 -0.3335075 -0.9417573 -0.346789 0.04058182 -0.9370649 0.4672164 -0.06270313 -0.8819168 0.4631268 -0.2965098 -0.8352218 0.0876863 0.9936259 -0.07084274 -0.04833626 0.9407515 -0.3356341 0.4631312 0.2965146 -0.8352177 0.4671944 0.06269806 -0.8819288 0.4628868 0.6268 -0.6267836 0.0566709 -0.9624399 0.2655146 0.04483973 -0.9413576 -0.3344179 0.098324 -0.9926087 -0.07113593 0.07517921 -0.9717978 -0.2235108 0.06262749 -0.2359604 -0.9697425 0.08842861 0.9935495 0.0709933 -0.05226475 0.9406651 0.3352874 0.05669236 0.9624312 0.2655416 0.4628862 -0.6267763 -0.6268076 0.009091258 0.3325238 -0.943051 -0.3467952 -0.04050993 -0.9370657 0.05088168 0.2472792 -0.9676074 0.0752176 0.9718094 -0.2234476 -0.8776281 -0.4782208 -0.03276908 -0.8776264 -0.4782465 0.03243803 -0.6402745 0.2773554 -0.7163258 -0.6402562 -0.2774105 -0.7163208 -0.8772057 0.4790139 0.03249537 -0.8780767 0.4774013 -0.03270131 0.8766447 0.03408354 -0.4799297 0.8766459 -0.03408867 -0.4799271 -0.9103038 -0.4133254 0.02256178 -0.7501963 -0.635987 -0.1809036 -0.9651081 -0.2467299 0.08769673 -0.5553314 -0.2780179 -0.7837814 -0.713446 -0.385275 -0.5852845 -0.8891637 -0.1536597 -0.4310181 -0.6501179 -0.3746708 -0.661036 -0.965277 -0.08750283 -0.2461374 -0.9989655 0.01454192 0.04308909 -0.5554202 0.2780044 0.7837232 -0.7134275 0.3852337 0.5853343 -0.8892185 0.1536335 0.4309144 -0.6500483 0.3747696 0.6610484 -0.9991459 -0.0131976 -0.0391575 -0.9650831 0.08765393 0.2468429 -0.8545572 0.4969797 -0.1508083 -0.8619444 0.4775821 -0.1701973 -0.9627484 0.2546507 -0.09093266 0.8766543 0.03409117 -0.4799114 0.4672218 0.06269866 -0.8819143 0.4631112 0.2965163 -0.8352282 0.8698543 0.1649948 -0.4648982 -0.9990838 0.0136981 -0.04054647 -0.9649273 -0.08786833 0.2473753 0.4628836 0.6267954 -0.6267905 0.8682621 0.3507914 -0.3508082 -0.9990792 0.02792263 -0.03257435 -0.9641174 -0.1872555 0.1881831 0.463122 0.8352181 -0.296528 0.8699114 0.4647887 -0.1650024 0.8682758 0.3507723 -0.3507932 0.4628772 0.6267881 -0.6268025 -0.9074858 -0.4193232 -0.02525365 -0.7391747 -0.6440265 0.1971057 -0.9629796 -0.2538617 -0.09068912 -0.8878462 -0.3250655 -0.3256712 -0.5894672 -0.5175058 -0.620255 -0.5717127 -0.578895 -0.5813993 -0.7659255 -0.346718 -0.5414286 -0.9678293 -0.1777641 -0.1780627 -0.9981381 0.04218745 0.04405122 -0.9102976 0.4133368 0.02260744 -0.7501899 0.6359975 -0.1808934 -0.965106 0.2467378 0.08769696 -0.8862574 0.3269802 0.328073 -0.5532352 0.5289206 0.6435635 -0.5711359 0.5780979 0.5827578 -0.7439718 0.3857356 0.5456319 -0.9643701 0.1866325 0.1875063 -0.9990707 -0.02804476 -0.03273189 -0.5553613 0.2779912 -0.7837696 -0.7134514 0.3852748 -0.5852782 -0.650128 0.3746685 -0.6610276 -0.8891571 0.1536616 -0.4310311 -0.9990035 -0.01435238 0.04226261 -0.9654182 0.08727121 -0.2456656 -0.7672792 0.001607 -0.6413114 -0.5535878 0.2081006 -0.8063715 -0.9170246 0.3663661 -0.1576132 -0.9680265 0.1772561 -0.177497 -0.7916993 0.6108759 0.006554245 0 0.4997262 -0.8661835 0 -0.4997262 -0.8661835 0 0.5000131 -0.8660178 0 0.5000131 -0.8660178 0 0.5000131 -0.8660179 -2.01268e-4 -0.4994899 -0.8663198 -2.68524e-4 -0.4998968 -0.8660851 3.35568e-4 -0.4997225 -0.8661856 -0.907398 0.1947708 -0.3724154 -0.4198471 0.4575187 -0.78384 -0.9139715 0.1986849 -0.3538084 -0.3749662 0.4887527 -0.7877317 -0.411381 0.9114512 -0.004738748 -0.9114164 0.4114575 -0.00478208 -0.9113903 0.4115152 0.00478208 -0.4114859 0.9114033 0.004831075 0.7559321 -0.5669321 -0.327345 0.7559306 -0.5669553 -0.3273084 0.7559012 -1.20699e-5 -0.6546859 0.7558884 -1.29156e-5 -0.6547006 0.755887 -6.13928e-6 -0.6547022 0.7558771 4.29153e-6 -0.6547136 0.7559595 0.5669197 -0.3273031 0.7559439 0.5669292 -0.3273229 0.75596 0.5669187 0.3273035 0.7559319 0.5669431 0.3273267 0.7559584 0.5669069 -0.3273281 0.7559273 0.5669597 -0.3273084 -0.9116245 -0.2069376 -0.3551307 -0.3845825 -0.4817339 -0.7874192 -0.9047252 -0.1916951 -0.3804279 -0.4289201 -0.460331 -0.7772536 -3.83606e-4 0.4999719 -0.8660416 -2.87528e-4 0.4993907 -0.8663769 4.79383e-4 0.4997231 -0.8661852 -3.83606e-4 0.4999719 -0.8660416 -2.87526e-4 0.4993907 -0.8663769 4.79384e-4 0.4997229 -0.8661853 0 -0.4997192 -0.8661875 3.83606e-4 -0.4999719 -0.8660416 2.87528e-4 -0.4993907 -0.8663769 -4.79383e-4 -0.4997231 -0.8661852 -0.9073771 0.194643 -0.3725332 -0.4198362 0.4575847 -0.7838074 -0.9140099 0.19848 -0.3538241 -0.3748357 0.4889122 -0.7876949 -0.9113934 0.4115075 -0.004891812 -0.4114208 0.9114328 -0.004831135 -0.4115247 0.9113856 0.00487703 -0.911368 0.4115643 0.004836678 -0.9153779 0.2157621 0.3398972 -0.4241326 0.456797 0.7819514 -0.4374788 0.4312996 0.7890457 -0.9139943 0.1985639 0.3538177 0.7558872 0.5670144 -0.3273062 0.7559127 0.5669838 -0.3273004 0.7558849 0.5670187 0.3273041 0.7558982 0.5670018 0.3273022 0.7558947 0.5669956 -0.3273214 0.7558884 0.5670232 -0.3272881 -0.9116157 -0.2069464 -0.355148 -0.3847053 -0.4816929 -0.7873843 -0.9047641 -0.1915875 -0.3803896 -0.4287027 -0.4603448 -0.7773653 2.87529e-4 0.4993907 -0.8663769 3.83606e-4 0.4999719 -0.8660416 -4.79383e-4 0.499723 -0.8661853 2.87658e-4 0.4993907 -0.8663769 3.83606e-4 0.4999719 -0.8660416 -4.79384e-4 0.4997229 -0.8661853 1.62111e-7 -0.5001382 -0.8659457 0 -0.5001382 -0.8659457 0 -0.5001382 -0.8659457 0 -0.5001382 -0.8659457 0 -0.5001382 -0.8659457 0 -0.5001382 -0.8659457 0 0.5001382 -0.8659457 0 0.5001382 -0.8659457 0 0.5001382 -0.8659457 0 0.4997192 -0.8661875 -2.87529e-4 -0.4993907 -0.8663769 -3.83606e-4 -0.4999719 -0.8660416 4.79383e-4 -0.499723 -0.8661853 -1 -4.58695e-6 0 -1 9.17389e-6 0 -0.776495 -1.12654e-4 -0.6301234 -0.7616275 0.5617821 -0.3229932 -0.7614959 0.5610814 -0.324518 -0.7765976 -2.13955e-4 -0.629997 -0.9114003 0.4114932 -0.004782676 -0.4114353 0.9114266 0.004785358 -0.4243078 0.4567668 0.781874 -0.9153892 0.2157744 0.3398588 -0.9140225 0.1984524 0.3538074 -0.4373953 0.431388 0.7890435 0.7559288 0.566954 -0.3273149 0.7559557 0.5669319 -0.3272908 0.7558975 -9.80496e-6 -0.6546902 0.7558847 2.81632e-6 -0.6547048 -0.4114555 -0.9114174 0.004785299 -0.7619473 -0.5605218 -0.3244251 -0.9114052 -0.4114825 -0.004782676 -0.7614073 -0.5618194 -0.323447 -1 -4.58686e-6 0 -1 9.17372e-6 0 -0.4348001 0.4334283 -0.7893598 -0.9147011 0.196025 -0.3534064 -0.9160503 0.2166958 -0.3374834 -0.4214974 0.4558674 -0.7839163 -0.4114931 0.9114001 -0.00483632 -0.9114245 0.411439 0.004841864 -0.4198452 0.4574896 0.7838581 -0.9074237 0.1948069 0.372334 -0.9139723 0.1986039 0.3538519 -0.3750165 0.4887172 0.7877297 0.7558898 1.99676e-6 -0.6546989 0.7559063 1.63652e-5 -0.6546798 0.7559484 0.5669265 -0.3273169 0.7559409 0.5669383 -0.3273138 0.75594 0.5669437 -0.3273067 0.7559321 0.5669458 0.3273212 0.7559341 0.5669434 0.327321 0.7559356 0.5669518 -0.3273028 -0.4347994 -0.4334217 -0.7893638 -0.9146826 -0.1960509 -0.35344 -0.4215011 -0.4558722 -0.7839116 -0.916049 -0.21669 -0.3374904 -1.62111e-7 0.5001382 -0.8659457 0 0.5001382 -0.8659457 0 0.5001382 -0.8659457 -2.87658e-4 -0.4993907 -0.8663769 -3.83606e-4 -0.4999719 -0.8660416 4.79384e-4 -0.4997229 -0.8661853 -1 -4.5869e-6 0 -0.9147007 0.196023 -0.3534086 -0.4348002 0.4334287 -0.7893595 -0.4214959 0.455871 -0.7839151 -0.9113928 0.4115087 -0.004891216 -0.4115198 0.911388 -0.004834949 -0.4115095 0.9113925 0.004876434 -0.9114365 0.4114126 0.004840552 -0.4198363 0.4575757 0.7838125 -0.9074254 0.194805 0.3723307 -0.9140071 0.1984666 0.353839 -0.3750167 0.4887176 0.7877296 0.7558854 5.97537e-6 -0.6547042 0.7558974 0.5670133 -0.3272842 0.7559079 0.5670045 -0.3272756 0.7558891 -1.59144e-5 -0.6546997 0.7558882 0.5670173 -0.3272988 0.755914 0.5669908 -0.3272849 0.755894 0.5670083 0.327301 0.7559044 0.5669966 0.3272973 -0.4348025 -0.4334232 -0.7893614 -0.9147177 -0.1959571 -0.3534013 -0.4214482 -0.4559192 -0.7839128 -0.9160511 -0.2166904 -0.3374846 -0.4347698 0.433476 -0.7893503 -0.9147119 0.1959633 -0.353413 -0.9160529 0.2166947 -0.3374769 -0.4216248 0.4559209 -0.7838168 -0.9114117 0.4114682 -0.004781424 -0.4115244 0.9113857 -0.004881441 -0.4114595 0.9114155 0.004784107 -0.9114387 0.4114077 0.004840552 -0.4243067 0.4567703 0.7818727 -0.9153892 0.2157745 0.3398588 -0.9140217 0.1984506 0.3538101 -0.4373955 0.4313884 0.7890433 0.7558999 -8.43406e-6 -0.6546872 0.7558879 5.41285e-6 -0.6547011 0.7559258 0.5669522 -0.3273246 0.7559521 0.5669295 -0.3273032 -0.4347674 -0.4334716 -0.789354 -0.9147015 -0.1960239 -0.3534063 -0.4215019 -0.455866 -0.7839149 -0.9160345 -0.216709 -0.3375174 0 0.5000131 -0.8660178 0 0.5000131 -0.8660178 -0.9073998 0.1947714 -0.3724105 -0.4198318 0.4575889 -0.7838073 -0.9140055 0.19853 -0.3538075 -0.374966 0.4887595 -0.7877276 -0.9114249 0.4114381 -0.004836082 -0.4114952 0.9113993 -0.004829168 -0.4115048 0.9113948 0.004829764 -0.9113821 0.411533 0.004835426 0.7559057 -9.59635e-6 -0.6546805 0.7558882 -1.26436e-5 -0.6547008 0.755946 -0.5669332 -0.3273108 0.7559431 -0.5669292 -0.3273244 0.7558867 -6.22869e-6 -0.6547025 0.7559579 0.5669188 -0.3273084 0.7559422 0.566928 -0.327329 0.7559557 0.5669107 -0.3273277 0.7559607 0.5669031 -0.3273295 0.7559571 0.5669226 0.327304 0.7559288 0.5669474 0.3273261 -0.4198528 -0.4574973 -0.7838494 -0.9073799 -0.194743 -0.372474 -0.9139793 -0.1986075 -0.3538321 -0.3748316 -0.4888745 -0.7877201 -2.01269e-4 -0.4994899 -0.8663198 -2.68525e-4 -0.4998968 -0.8660851 3.35569e-4 -0.4997225 -0.8661856 -0.3845377 0.4817554 -0.7874279 -0.9116265 0.2068846 -0.3551565 -0.9047468 0.1916798 -0.3803842 -0.4289246 0.4603694 -0.7772284 -0.911427 0.4114335 -0.004836082 -0.4114513 0.9114192 -0.004783213 -0.4115103 0.9113925 0.004829764 -0.9114024 0.4114888 0.004780888 0.7558975 1.90139e-5 -0.6546901 0.7558996 3.31551e-7 -0.6546876 0.7559431 -0.566935 -0.3273146 -0.4198516 -0.4575154 -0.7838395 -0.9074175 -0.1947546 -0.3723763 -0.9139736 -0.1986325 -0.3538324 -0.3749612 -0.4887618 -0.7877284 0 6.5968e-5 -1 0 0.3422096 -0.9396237 0 0.3421676 -0.939639 0 6.57538e-5 -1 0.1748861 0.4913231 -0.8532389 -0.1748861 0.4912784 -0.8532645 0 0.8661649 -0.4997583 -0.1716756 0.7534176 -0.6347357 0.1716756 0.7534185 -0.6347347 0 0.8661646 -0.4997588 0 0.9848582 -0.1733619 0 0.9848582 -0.1733619 0.1736114 0.9848142 8.29362e-6 -0.1736114 0.9848142 8.33294e-6 -0.1729504 0.9257856 0.3361686 0 0.8660939 0.4998815 0 0.8661389 0.4998033 0.1729504 0.9257854 0.336169 0.1749805 0.7550995 0.631828 -0.1749806 0.7551013 0.6318257 8.3545e-6 -0.642833 -0.7660064 0 -0.3420307 -0.9396888 0 -0.3420312 -0.9396887 -8.39411e-6 -0.642834 -0.7660056 0 -1.39865e-5 -1 0 -1.42257e-5 -1 0 0.3419705 -0.9397107 -3.96216e-7 0.3418745 -0.9397457 8.39411e-6 0.6428316 -0.7660076 -5.86817e-5 0.6428336 -0.7660058 -0.1749804 -0.7550987 0.631829 0 -0.8661391 0.4998033 0 -0.8661171 0.4998412 0.1749802 -0.7550969 0.6318314 0 -0.9848721 0.173283 0 -0.9848719 0.1732841 0 -0.9848654 -0.1733215 0 -0.9848656 -0.1733202 0 -0.8661647 -0.4997587 0 -0.8661651 -0.4997581 0.1716756 -0.7534173 -0.634736 -0.1716755 -0.7534166 -0.634737 -0.1748859 -0.4912811 -0.8532631 -1.00023e-6 -0.3422291 -0.9396165 0 -0.3422292 -0.9396165 0.1748859 -0.491281 -0.8532631 -1 9.23532e-6 0 -1 4.90445e-6 0 -1 -2.43288e-6 0 -1 2.65878e-6 0 -1 -7.25942e-6 0 -1 4.9011e-6 0 -1 -1.34104e-6 0 -1 9.75914e-6 0 -1 -5.40447e-6 0 -1 -2.43294e-6 0 -1 5.40451e-6 0 -1 -9.65288e-6 0 -1 1.0764e-5 0 -1 -5.3852e-6 0 -1 1.22093e-6 0 -1 9.67923e-6 0 -1 -4.85682e-6 0 0 0.3420954 -0.9396653 0 0.3420902 -0.9396671 0 -1.81221e-5 -1 0 -1.25952e-5 -1 0 0.6428105 -0.7660253 0 0.6428106 -0.7660253 0 0.6428227 -0.7660151 0 0.6428207 -0.7660169 0 0.8660305 -0.4999912 0 0.8660304 -0.4999915 0 0.9848392 -0.1734703 0 0.9848388 -0.1734721 0 0.9848388 0.1734721 0 0.9848391 0.1734706 0 0.8660299 0.4999922 0 0.86603 0.4999922 0 0.6428227 0.7660151 0 0.6428207 0.7660169 -0.1717227 -0.4942657 -0.8521811 0 -0.3421599 -0.9396417 0 -0.3418678 -0.9397481 0.1717227 -0.4942651 -0.8521816 3.47672e-7 -2.23716e-4 -1 0 -6.84309e-5 -1 0 0.3418495 -0.9397547 0 0.3418495 -0.9397547 0.1717227 0.4942669 -0.8521806 -0.1717228 0.4942675 -0.8521801 0.1718643 0.7535301 -0.6345511 0 0.8660277 -0.499996 -0.1718642 0.7535319 -0.634549 0 0.8660269 -0.4999975 0 0.9848353 -0.1734918 0 0.9848097 -0.1736372 0.1736114 0.9848142 0 -0.1736114 0.9848142 0 0 -0.9848182 -0.1735897 0 -0.8660277 -0.499996 0 -0.8660271 -0.4999972 0 -0.9848182 -0.1735896 0 -0.6428282 -0.7660105 0 -0.6428261 -0.7660123 0 -0.6428105 -0.7660253 0 -0.6428106 -0.7660253 0 -0.3419886 -0.9397042 0 -0.3419765 -0.9397086 -1 1.79278e-6 0 -1 -2.56623e-6 0 -1 5.13347e-6 0 -1 -1.29236e-6 0 -1 -1.78579e-6 0 -1 2.66762e-6 0 -1 -1.9182e-6 0 -1 8.95159e-7 0 -1 -3.21876e-6 0 -1 8.97234e-7 0 -1 -3.84844e-6 0 -1 1.29235e-6 0 -1 -3.58133e-6 0 -1 -2.58754e-6 0 -1 5.11671e-6 0 -1 1.28964e-6 0 -1 8.99993e-7 0 0 -7.56817e-5 -1 0 -1.12263e-4 -1 0 0.3419303 -0.9397254 0 0.3418066 -0.9397704 0 0.6428019 -0.7660326 0 0.6428018 -0.7660325 0 0.6428326 -0.7660067 0 0.6428307 -0.7660084 0 0.8659685 -0.5000987 0 0.8659698 -0.5000964 0 0.9848957 -0.1731491 2.13793e-7 0.9848119 -0.173625 -1.90195e-7 0.9848109 0.1736305 0 0.9848111 0.1736292 0 0.8659699 0.5000962 0 0.8659926 0.500057 0 0.6428346 0.7660051 0 0.6428344 0.7660052 -0.173989 -0.4920986 -0.8529753 0 -0.3419328 -0.9397245 0 -0.3419321 -0.9397247 0.1739891 -0.4920986 -0.8529753 0 -4.71465e-6 -1 0 -1.00381e-4 -1 0 0.3422312 -0.9396159 0 0.3421818 -0.9396339 0.1780472 0.4882099 -0.8543713 -0.1780944 0.4882048 -0.8543644 -0.1748386 0.755041 -0.6319373 0 0.8659393 -0.5001493 0 0.8659448 -0.5001397 0.1748386 0.7550418 -0.6319364 0 0.9848955 -0.17315 0 0.9848245 -0.1735534 -0.1736115 0.9848143 0 0 -0.8660404 -0.4999743 0 -0.9848195 -0.1735819 0 -0.9848187 -0.1735862 0 -0.8660608 -0.4999387 0 -0.6428223 -0.7660153 0 -0.6428233 -0.7660146 0 -0.6428053 -0.7660297 0 -0.6428046 -0.7660303 0 -0.3419378 -0.9397226 0 -0.3419619 -0.9397139 0 0 -1 -0.1152773 0.3328096 -0.9359214 0 0.3420401 -0.9396854 -0.1574318 -6.34587e-4 -0.9875298 -0.1450651 0.3506238 -0.925213 -0.1813485 0.4850696 -0.8554649 -0.17583 0.7555199 -0.6310892 -0.1570799 0.8550549 -0.4941731 0 0.8661694 -0.4997505 -0.1558436 0.8447921 -0.5118976 -0.1620631 0.9719648 -0.1703528 2.21264e-7 0.9848664 -0.1733151 -0.1737058 0.9847976 8.33747e-6 -0.1482229 0.9775694 -0.1496267 0 0.866201 0.4996958 -0.1506569 0.866971 0.475041 -0.1388335 0.8661792 0.4800614 -0.1748386 0.9248279 0.3378236 -0.154954 0.8466722 0.5090537 -0.1815372 0.758336 0.6260758 0.1573964 -0.6347984 -0.756477 6.08343e-5 -0.6427792 -0.7660515 0 -0.3420013 -0.9396995 0.1573911 -0.3377974 -0.9279661 0 0 -1 0.1574819 0 -0.987522 0 0.3420013 -0.9396995 0.1573933 0.3377964 -0.9279661 8.7043e-6 0.642816 -0.7660207 0.1573917 0.6347717 -0.7565004 -0.18149 -0.7583425 0.6260814 -0.1339697 -0.8562451 0.4988955 0 -0.8662533 0.4996053 -0.1552894 -0.8502713 0.5029155 -0.1608507 -0.9720906 0.1707839 0 -0.9847692 0.1738672 0 -0.9848488 -0.1734158 -0.1590301 -0.9721217 -0.1723044 -0.1581422 -0.8544304 -0.4949137 0 -0.8661524 -0.4997801 -0.17583 -0.7555198 -0.6310892 -0.1558483 -0.8447913 -0.5118975 -0.1813485 -0.4851151 -0.8554393 -0.1172346 -0.34635 -0.9307513 2.19201e-7 -0.3420401 -0.9396854 -0.1447312 -0.3488052 -0.9259524 -1 1.05641e-5 0 -1 2.88118e-5 0 -1 3.91972e-5 0 -1 -3.20718e-5 0 0 4.74422e-7 -1 0 0.341817 -0.9397666 -3.91557e-7 0.3417808 -0.9397798 0 1.54127e-7 -1 0 0.3417857 -0.9397779 0 2.38897e-6 -1 0 0.3418207 -0.9397652 0.1763015 0.4898894 -0.8537718 -0.1763014 0.489892 -0.8537703 0.176349 0.4898814 -0.8537666 -0.1763016 0.4898893 -0.8537719 0.1788023 0.7570046 -0.6284695 8.98658e-7 0.866238 -0.4996317 -0.1788023 0.7570046 -0.6284695 0 0.8662387 -0.4996306 0.1787548 0.7570086 -0.6284781 0 0.8662354 -0.499636 -0.1788026 0.757008 -0.6284654 0 0.8662071 -0.4996851 0 0.9848331 -0.1735044 0 0.9848333 -0.1735035 0 0.9848338 -0.1735006 0 0.9848325 -0.1735084 0.1737059 0.9847977 8.29813e-6 -1.61624e-6 0.8663632 0.4994146 -0.1781419 0.9230946 0.3408251 0.1781418 0.9230954 0.3408234 0 0.8663619 0.4994167 -1.64527e-6 0.8663249 0.4994812 -0.1781415 0.9230967 0.3408197 0.1781896 0.9230831 0.3408315 0 0.8663336 0.499466 0.1878029 0.7614322 0.6204442 -0.1878028 0.7614302 0.6204468 -0.1878029 0.7614317 0.6204448 0.1878033 0.7614359 0.6204397 -9.05027e-6 -0.6428292 -0.7660095 9.00758e-6 -0.6428335 -0.766006 0 -0.3419731 -0.9397097 0 -0.3419758 -0.9397088 0 -0.3419681 -0.9397116 0 -0.3420136 -0.9396951 -9.05026e-6 -0.6428266 -0.7660118 6.32688e-5 -0.6428315 -0.7660077 0 4.72014e-7 -1 0 -9.44028e-7 -1 0 -5.24995e-7 -1 0 -1.27155e-6 -1 0 0.3420021 -0.9396992 0 0.3420042 -0.9396985 -2.8678e-6 0.3420128 -0.9396954 0 0.3419681 -0.9397116 -9.00756e-6 0.6428292 -0.7660095 9.05029e-6 0.6428335 -0.766006 -9.00755e-6 0.6428266 -0.7660118 9.05028e-6 0.6428315 -0.7660077 0 -0.8663659 0.4994099 -0.1878031 -0.7614335 0.6204427 0.1878033 -0.7614355 0.6204401 0 -0.866362 0.4994167 0 -0.866329 0.4994739 -0.1878033 -0.7614358 0.6204398 0.1878033 -0.7614358 0.6204397 -5.6818e-7 -0.8663513 0.4994354 0 -0.984742 0.1740209 0 -0.984741 0.1740267 0 -0.984745 0.1740042 0 -0.984745 0.1740041 0 -0.9848321 -0.1735099 0 -0.9848328 -0.173506 0 -0.9848336 -0.1735017 0 -0.9848336 -0.1735017 0 -0.8662394 -0.4996292 0 -0.8662413 -0.4996261 0 -0.8662328 -0.4996407 0 -0.866211 -0.4996785 0.1788023 -0.7570046 -0.6284695 -0.1788023 -0.7570046 -0.6284695 0.1788024 -0.7570062 -0.6284675 -0.1788026 -0.7570079 -0.6284654 0 -0.3417759 -0.9397815 -0.1763014 -0.4898906 -0.853771 0.1763011 -0.4898971 -0.8537674 0 -0.3417734 -0.9397824 0 -0.3417431 -0.9397935 -0.176349 -0.4898814 -0.8537666 0.1763016 -0.4898893 -0.8537719 4.98723e-7 -0.3417798 -0.9397801 -1 -5.59948e-6 0 -1 -5.71912e-6 0 -1 4.33659e-6 0 -1 -4.39553e-6 0 -1 1.13577e-5 0 -1 -1.14245e-5 0 -1 1.14247e-5 0 -1 8.79105e-6 0 -1 -1.13578e-5 0 -1 -4.33651e-6 0 -1 5.71925e-6 0 -1 4.34707e-6 0 -1 1.1066e-6 0 -0.9845041 0.05728155 -0.1657428 -0.9841446 6.14364e-7 -0.1773687 -0.9844308 -0.05832004 -0.1658154 -1 7.22952e-7 0 -0.9840695 -0.115202 -0.1354096 -1 9.8742e-6 0 -1 -4.99866e-6 0 -0.9835897 -0.1573141 -0.08833855 -1 7.44962e-6 0 -0.9845024 -0.1724199 -0.03204143 -1 -8.91226e-6 0 -0.9843641 -0.1736139 0.02976042 -1 7.63365e-7 0 -0.9847221 -0.1520714 0.08483469 -0.9841597 -0.1141487 0.1356458 -1 -6.49168e-6 0 -1 -2.17725e-6 0 -0.9838332 -0.06009089 0.1687048 -0.9841527 1.04914e-4 0.1773231 -0.9840627 0.06122463 0.1669493 -1 2.21822e-6 0 -0.9840376 0.1155905 0.1353102 -1 6.49155e-6 0 -1 -5.35665e-6 0 -0.9844916 0.1512686 0.08884906 -0.9842869 0.1735592 0.03250432 -1 -8.32796e-7 0 -1 4.6418e-6 0 -0.9844132 0.1733859 -0.02946412 -0.9831771 0.1567799 -0.09371757 -1 4.716e-6 0 -0.9842607 0.1152782 -0.1339477 -1 -3.26293e-6 0 -1 2.68554e-5 0 -1 -6.58822e-6 0 -1 6.83976e-6 0 -1 6.65611e-6 0 -1 6.98558e-6 0 -1 -3.32518e-6 0 -1 5.08516e-6 0 -1 -5.08516e-6 0 -1 -5.08502e-6 0 -1 6.8807e-6 0 -1 -6.87191e-6 0 -1 6.65212e-6 0 -1 -6.79182e-6 0 -1 -1.35682e-5 0 -1 6.741e-6 0 -1 -6.9254e-6 0 -1 3.29415e-6 0 -1 -1.67844e-5 0 -1 5.03531e-6 0 0 2.52384e-6 -1 0 0.3420364 -0.9396867 0 0.3420194 -0.9396929 0 6.74308e-7 -1 0 0.6428342 -0.7660054 0 0.6428244 -0.7660136 0 0.6428212 -0.7660163 0 0.8660193 -0.5000106 0 0.6428186 -0.7660184 -1.68507e-6 0.9848117 -0.1736259 0 0.9848098 -0.1736368 0 0.9848091 0.1736406 1.6979e-6 0.9848164 0.1735993 0 0.8660043 0.5000366 0 0.8660208 0.5000081 0 0.6428194 0.7660179 0 0.6428219 0.7660157 -0.1671875 -0.4986024 -0.8505552 0 -0.3415874 -0.93985 0 -0.3415936 -0.9398477 0.1671867 -0.498591 -0.8505619 0 -2.52865e-6 -1 0 -6.88756e-7 -1 0 0.3415835 -0.9398514 0 0.3415449 -0.9398655 0.167187 0.498594 -0.8505601 -0.1671404 0.4986095 -0.8505603 -2.9737e-6 0.8664419 -0.499278 0.1695497 0.7523459 -0.6365757 0 0.8665403 -0.4991073 -0.1695512 0.7523269 -0.6365978 0 0.9849196 -0.1730133 -1.97774e-6 0.9849568 -0.1728013 0 -0.8660184 -0.5000124 0 -0.8660026 -0.5000395 0 -0.9848163 -0.1736001 0 -0.984818 -0.1735904 0 -0.6428073 -0.7660279 0 -0.6428287 -0.76601 0 -0.6428269 -0.7660114 0 -0.6428 -0.766034 -1.29566e-6 -0.342022 -0.939692 0 -0.3419876 -0.9397046 -0.2219484 0.33485 -0.915759 -0.3123621 -5.04036e-4 -0.949963 -0.2173836 -0.3346574 -0.9169237 -0.1691872 -0.5138771 -0.8410149 -0.1879932 -0.7307376 -0.6562631 -0.3135777 -0.822632 -0.4742844 -0.3265105 -0.9309049 -0.163728 -0.326423 -0.9309409 0.163698 -0.2614506 -0.8356178 0.4831011 -0.1790075 -0.7374272 0.6512737 0.316204 0.3244943 -0.8914699 0.3162097 0.6098321 -0.7267161 0.316467 0 -0.9486036 0.3161836 -0.324478 -0.8914831 0.3162127 -0.6098117 -0.726732 -0.2649645 0.8353661 0.4816194 -0.1969454 0.723926 0.6611684 -0.1534482 0.9293351 0.3358424 -0.1556655 0.9877926 0.005859017 -0.3265436 0.9308906 -0.1637441 -0.3135548 0.8226391 -0.4742873 -0.1879817 0.73074 -0.6562637 -0.1691787 0.5138811 -0.8410142 -0.9569252 0.09927642 -0.2728341 -0.9486813 0 -0.3162339 -0.9572451 -0.09894305 -0.2718314 -0.9488548 -0.2028343 -0.2419362 -0.9457288 -0.2814335 -0.1624567 -0.9500335 -0.3074275 -0.05408215 -0.9501683 -0.3070232 0.05401039 -0.9516553 -0.2659793 0.1536461 -0.9487698 -0.2030124 0.2421199 -0.9471757 -0.1097268 0.3013609 -0.9486455 1.45054e-4 0.3163413 -0.9470987 0.1097739 0.3015852 -0.9482941 0.2040053 0.2431465 -0.9514605 0.2665233 0.1539101 -0.9502351 0.3068201 0.05398869 -0.950051 0.3073779 -0.05405586 -0.9457568 0.2813875 -0.1623736 -0.9484662 0.2036215 -0.2427967 1 2.65842e-6 0 1 -2.1031e-6 0 -0.003068029 0.9999954 0 0 0.9974662 0.07114207 0 0.9974659 0.07114636 -1 -4.85022e-6 0 -1 0 0 -1 4.18385e-6 0 -1 1.49051e-5 0 0 1 0 0 -1 0 -1 -1.04216e-6 0 -1.48496e-6 0.07113415 0.9974668 0 0.3343384 0.9424531 1.13894e-6 0.07112383 0.9974676 4.72696e-7 0.3343424 0.9424517 -0.2516267 0.4901406 0.8345335 0.2516268 0.8345358 0.4901369 0 0.9424512 0.334344 0 0.9424538 0.3343366 -0.2516257 0.8345289 0.4901491 -1.24549e-5 0 1 -1.44626e-5 0 1 0 -1 0 0.9870884 0 0.1601765 0.9870789 0 0.1602352 0 0.9870818 0.160217 0 1 0 0 1 0 -1 -1.45552e-5 0 -1 0 0 1 5.28298e-6 0 0.1601275 0 0.9870964 0.1603016 0 0.9870681 2.38684e-7 1 0 0 1 1.54725e-7 0 -1 0 0 1 0 0 1 1.61981e-4 0 1 1.59484e-6 0 0.1601725 0.9870891 0 0.316209 0.9486896 0 0.316209 0.9486896 0 0.1601725 0.987089 0.9486572 0 0.3163064 0.9486939 0 0.3161959 0 0.9486824 0.3162308 0 0.9870897 0.160169 0 0.9486539 0.3163161 0.3163797 0 0.9486327 0.3160451 0 0.9487442 -1 0 0 -0.93991 1.88207e-6 -0.3414223 -0.9399162 0 -0.3414054 -0.8558887 -0.1826687 -0.4838252 -0.8559192 0.1827173 -0.4837528 0.7660246 8.72694e-6 0.6428112 0.7660089 -8.68569e-6 0.6428301 0.4999724 1.00755e-6 0.8660414 0.4999797 0 0.8660371 0.173748 0 0.9847902 0.173694 4.99943e-7 0.9847998 -0.1736978 0 0.984799 -0.1736962 0 0.9847993 -0.4999834 0 0.866035 -0.5000113 0 0.8660189 -0.7660229 -8.72693e-6 0.6428134 -0.7660297 8.68791e-6 0.6428052 0.8559145 -0.1826684 -0.4837794 0.9399162 0 -0.3414054 0.8559193 0.182717 -0.4837528 0.93991 0 -0.3414223 1 0 1.61834e-6 1 0 -4.96097e-6 0.9396157 0 0.3422316 0.9396119 0 0.3422423 0.8527321 0.1733736 0.4927369 0.8527189 -0.1733724 0.49276 0.6385533 -0.1673272 0.7511667 0.5006319 0 0.8656604 0.6385365 0.1673287 0.7511807 0.5006169 0 0.865669 0.1738856 0 0.984766 0.1739882 -4.40276e-7 0.9847477 -0.173909 -1.02006e-6 0.9847618 -0.1739321 0 0.9847577 -0.5006241 0 0.8656648 -0.5005915 0 0.8656837 -0.6385512 0.1673274 0.7511683 -0.6385752 -0.1673767 0.7511371 -0.9396113 0 0.3422437 -0.8527071 0.1733739 0.49278 -0.8527189 -0.1733727 0.49276 -0.9396174 0 0.3422269 0 1 1.14137e-4 0 1 1.68696e-4 0 1 -2.24931e-4 0 1 -1.14137e-4 0 1 8.95159e-6 0 1 -1.00705e-5 0 1 1.34512e-5 0 1 -8.91385e-6 0 1 1.32896e-5 0 1 -1.79094e-5 0 1 1.78272e-5 0 1 -1.78616e-5 0 1 -8.77917e-6 0 1 4.04013e-5 0 1 -8.95159e-6 0 1 -1.00704e-5 0 1 8.95151e-6 0 1 1.00705e-5 0 1 -8.94839e-6 0 1 -1.35846e-5 0 1 1.78685e-5 0 1 1.79098e-5 0 1 -2.65791e-5 0 1 1.78412e-5 0 1 -1.34671e-5 0 1 -1.79032e-5 0.9847801 0 0.173805 0.9847856 0 0.1737738 0.8660019 3.8473e-7 0.5000407 0.8660215 0 0.5000069 0.8660117 0 0.5000239 0.8659921 -3.86556e-7 0.5000578 0.6428238 0 0.7660142 0.6428126 -1.97879e-7 0.7660235 0.6428184 1.97603e-6 0.7660186 0.6428295 0 0.7660093 0.3418495 0 0.9397547 0.3416153 0 0.9398399 -0.3416153 0 0.9398399 -0.3418495 0 0.9397547 -0.6428605 0 0.7659834 -0.642903 0 0.7659478 -0.6428918 1.93277e-7 0.765957 -0.6428861 -1.92365e-7 0.7659619 -0.8660019 3.86554e-7 0.5000407 -0.8659921 -3.84732e-7 0.5000578 -0.8660117 0 0.5000239 -0.8660215 0 0.5000069 -0.9847801 0 0.173805 -0.9847856 0 0.1737738 0.9847882 0 0.1737589 0.9847815 0 0.1737968 0.8699727 0.0080536 0.493034 0.8699822 0.008053541 0.4930175 0.8699628 -0.008101582 0.4930509 0.8699908 -0.0080536 0.4930024 0.6459656 0.004074692 0.7633557 0.6459709 0.004074752 0.7633513 0.64596 -0.00402677 0.7633607 0.6459765 -0.004122674 0.7633463 -0.6459709 -0.004122614 0.7633509 -0.6459653 -0.004122674 0.7633557 -0.6459766 0.004122614 0.7633461 -0.6459596 0.004122674 0.7633606 -0.8699725 -0.008053481 0.4930344 -0.8699824 -0.008053541 0.4930171 -0.8699618 0.008053421 0.4930535 -0.8699917 0.008101403 0.4929998 -0.9847882 0 0.1737589 -0.9847815 0 0.1737968 -0.939785 0 -0.3417663 -1 0 2.37489e-4 -0.9397656 0 -0.34182 -1 0 1.92972e-4 -0.8527469 -0.1733759 -0.4927105 -0.8527508 0.1733763 -0.4927035 0.5000171 0 0.8660157 0.1736462 0 0.9848081 0.1736431 1.23625e-6 0.9848088 -0.1736469 5.74631e-7 0.984808 -0.1736453 0 0.9848083 -0.7659989 8.68566e-6 0.6428419 0.8527469 -0.1733756 -0.4927106 0.9397851 0 -0.3417663 0.8527508 0.173376 -0.4927035 0.9397656 0 -0.34182 1 0 2.3909e-4 1 -5.27775e-7 2.7443e-4 0.9396141 0 0.3422361 0.9396123 0 0.3422409 0.8527452 0.1733754 0.4927136 0.8527412 -0.1733749 0.4927206 0.4996746 0 0.8662132 0.6258096 0.1818193 0.7584881 0.6257994 -0.1818669 0.7584851 0.4996756 -2.2159e-7 0.8662126 0.1738421 0 0.9847735 0.1739013 -4.74147e-7 0.9847632 -0.1738655 -6.14184e-7 0.9847694 -0.1738886 0 0.9847654 -0.4996441 0 0.8662308 -0.4996621 -8.83597e-7 0.8662205 -0.6258096 0.1818193 0.7584881 -0.6257994 -0.1818669 0.7584851 -0.8527469 -0.1733759 0.4927105 -0.9396126 0 0.3422399 -0.8527509 0.1733763 0.4927036 -0.9396109 0 0.3422449 0 1 1.68719e-4 0 1 -1.24502e-4 0 1 1.75187e-5 0 1 1.34508e-5 0 1 2.6488e-5 0 1 -1.8014e-5 0 1 -8.91059e-6 0 1 4.00048e-5 0 1 -1.75583e-5 0 1 -1.3761e-5 0 1 1.78614e-5 0 1 -8.91409e-6 0 1 1.3744e-5 0 1 8.9552e-6 0 1 -1.36964e-5 0 1 -2.7488e-5 0 1 1.82964e-5 0 1 -1.38514e-5 0 1 1.00704e-5 0 1 -8.95167e-6 -0.9847815 0 -0.1737968 -0.9847882 0 -0.1737589 0.8660339 0 0.4999855 0.8659681 -3.88861e-7 0.5000993 0.8660131 3.84732e-7 0.5000214 0.8660547 0 0.4999492 0.6428021 0 0.7660323 0.6427695 0 0.7660598 0.6427969 -1.97876e-7 0.7660368 0.6428296 1.9694e-7 0.7660092 -0.6428443 0 0.7659969 -0.6428231 0 0.7660147 -0.6428648 1.93275e-7 0.7659798 -0.6428862 -1.92362e-7 0.7659619 -0.8660339 0 0.4999855 -0.8660547 0 0.4999492 -0.8660131 3.86556e-7 0.5000214 -0.8659681 -3.87026e-7 0.5000993 0.9847842 0 0.1737819 0.9848108 -2.90363e-4 0.1736312 0.9847311 -1.68185e-4 0.1740828 0.9847815 3.35567e-4 0.1737968 0.8626811 0.006567418 0.5057057 0.8626601 0.006567418 0.5057414 0.8626374 -0.006615281 0.5057795 0.8627036 -0.006567358 0.5056675 0.6623735 0.02607583 0.7487199 0.6623438 0.0260756 0.7487462 0.6624041 -0.02607607 0.7486928 0.6623132 -0.02607589 0.7487733 0.3161109 0.02732163 0.9483288 0.3161504 0.02727383 0.9483171 0.3161904 -0.02727413 0.9483037 0.3160708 -0.02732193 0.9483422 -0.3161504 -0.02727377 0.948317 -0.3161109 -0.02732163 0.9483289 -0.3160708 0.02732199 0.9483422 -0.3161904 0.02727407 0.9483037 -0.6623679 -0.02607572 0.7487248 -0.6623492 -0.02607548 0.7487413 -0.6623874 0.02607589 0.7487075 -0.6623298 0.02607572 0.7487586 -0.8626697 -0.006567478 0.5057252 -0.8626715 -0.006567478 0.505722 -0.8626734 0.006567478 0.505719 -0.8626677 0.0066154 0.505728 -0.9847842 0 0.1737819 -0.9847311 -1.68542e-4 0.1740826 -0.9848108 -2.90363e-4 0.1736312 -0.9847815 3.35567e-4 0.1737968 -1 0 -2.35562e-4 -0.9396156 0 -0.3422319 -1 0 -1.91682e-4 -0.9397222 0 -0.341939 -0.8527516 0.1733758 -0.4927025 -0.8527509 -0.1733756 -0.4927036 0.7660058 -7.99349e-6 0.6428338 0.4999853 0 0.8660339 0.4999836 0 0.8660349 0.7660312 8.03364e-6 0.6428035 0.1736091 0 0.9848147 0.1736077 2.88214e-6 0.984815 -0.1736098 0 0.9848145 -0.1736114 0 0.9848142 -0.5000148 0 0.8660169 -0.4999896 -1.67446e-6 0.8660314 -0.7660058 -8.03138e-6 0.6428338 -0.7660312 7.99573e-6 0.6428035 0.8527535 0.1733757 -0.492699 0.9396162 0 -0.3422302 0.939754 0 -0.3418518 0.852751 -0.1733754 -0.4927036 1 0 -2.35872e-4 1 0 -2.74431e-4 0.9397702 5.80816e-7 0.3418071 0.9397659 0 0.3418189 0.8527489 0.1733759 0.492707 0.8527508 -0.173376 0.4927035 0.6258249 0.1818192 0.7584754 0.4996861 0 0.8662066 0.499636 0 0.8662355 0.6257892 -0.1818189 0.7585049 0.1739367 4.56098e-7 0.9847569 0.1738752 0 0.9847677 -0.1738506 -1.17642e-6 0.9847721 -0.1738791 0 0.984767 -0.4996719 1.12283e-6 0.8662148 -0.4996877 0 0.8662056 -0.6257846 0.1818192 0.7585087 -0.6258296 -0.1818189 0.7584717 -0.8527469 0.1733759 0.4927105 -0.9397692 0 0.3418098 -0.9397642 -4.13594e-7 0.3418235 -0.8527508 -0.1733763 0.4927035 0 1 2.17088e-5 0 1 -8.05639e-5 0 1 1.44076e-5 0 1 -2.6855e-5 0 1 1.37603e-5 0 1 -1.75988e-5 0 1 1.32671e-5 0 1 -1.78414e-5 0 1 1.34275e-5 0 1 -4.47579e-6 0 1 8.85975e-6 0 1 -1.34506e-5 0 1 1.80144e-5 0 1 -2.65798e-5 0 1 1.78622e-5 0 1 -2.66699e-5 0 1 8.91059e-6 0 1 4.37978e-6 0.8660094 0 0.5000276 0.8660334 0 0.4999861 0.8660094 3.15224e-7 0.5000276 0.8660334 -3.16027e-7 0.4999861 0.6427382 0 0.766086 0.642801 -1.25384e-6 0.7660333 0.6427694 1.24794e-6 0.7660597 0.6426704 0 0.7661429 0.3420107 -1.30289e-6 0.9396961 0.3420237 0 0.9396914 0.3420171 0 0.9396938 0.3420491 1.31137e-6 0.9396821 -0.3420171 0 0.9396938 -0.3420237 0 0.9396914 -0.3420557 -1.31137e-6 0.9396798 -0.3420491 1.30518e-6 0.9396821 -0.6427806 0 0.7660505 -0.6428205 1.25155e-6 0.7660169 -0.6428003 -1.24566e-6 0.7660338 -0.6427608 0 0.7660671 -0.8660094 0 0.5000276 -0.8660334 -3.17525e-7 0.4999861 -0.8660094 3.13737e-7 0.5000276 -0.8660334 0 0.4999861 -0.9848405 3.86696e-7 0.173463 -0.9848405 0 0.173463 -0.9848404 0 0.173463 -0.9847801 0 -0.173805 -0.9847856 0 -0.1737738 0.8700049 0.008053481 0.4929773 0.8699992 0.008053541 0.4929872 0.8700104 -0.008053481 0.4929676 0.8699938 -0.008053541 0.4929969 0.6459127 0.004074692 0.7634005 0.6459441 0.004074692 0.7633739 0.6458801 -0.004074633 0.7634281 0.6459769 -0.00402671 0.7633464 -0.6459125 0.004122614 0.7634003 -0.645944 0.004122614 0.7633738 -0.6459766 -0.004122614 0.7633461 -0.6458799 -0.004122555 0.7634279 -0.8699981 0.008053541 0.4929893 -0.8700049 0.008053481 0.4929773 -0.8700104 -0.008053481 0.4929676 -0.8699938 -0.008053541 0.4929969 -1 0 -2.3384e-6 -0.939618 0 -0.3422251 -0.9396146 0 -0.3422346 -1 0 -6.8394e-7 -0.8527498 -0.1733756 -0.4927056 -0.8527413 0.1733745 -0.4927207 0.7660191 -7.9935e-6 0.6428179 0.5000147 0 0.866017 0.5000261 0 0.8660105 0.7660539 8.03368e-6 0.6427763 0.1736729 0 0.9848034 0.173734 0 0.9847927 -0.1736329 5.74645e-7 0.9848105 -0.1736767 0 0.9848028 -0.5000238 0 0.8660117 -0.5000203 0 0.8660138 -0.7660132 -8.03137e-6 0.6428249 -0.7660172 7.99349e-6 0.6428201 0.8527286 0.1733757 -0.4927422 0.939616 0 -0.3422308 0.9396165 0 -0.3422294 1 0 -5.67622e-6 1 0 -4.03139e-6 0.9396146 0 0.3422345 0.9396145 0 0.3422346 0.8527547 -0.1733759 0.4926971 0.8527572 0.1733761 0.4926925 0.6385213 0.1673288 0.7511935 0.5006041 3.84594e-6 0.8656764 0.500632 0 0.8656602 0.6385314 -0.167375 0.7511747 0.1738594 0 0.9847705 0.1739013 0 0.9847632 -0.1738181 0 0.9847778 -0.1737731 0 0.9847858 -0.5006378 0 0.8656569 -0.5006019 0 0.8656777 -0.6385193 -0.167329 0.7511952 -0.6385254 0.1673285 0.7511901 -0.8527536 0.1733761 0.492699 -0.9396143 0 0.3422355 -0.9396114 0 0.3422433 -0.852762 -0.1733769 0.4926839 0 1 1.46259e-5 0 1 -4.47587e-6 0 1 -1.34277e-5 0 1 1.3584e-5 0 1 -1.78412e-5 0 1 -6.6219e-6 0 1 1.3777e-5 0 1 1.8e-5 0 1 -2.69324e-5 0 1 4.47575e-6 0 1 -1.34273e-5 0 1 8.94807e-6 0 1 -1.35844e-5 0 1 1.78414e-5 0 1 4.45692e-6 0 1 -6.848e-6 0 1 -4.47748e-6 0 1 -2.65788e-5 0 1 -1.37768e-5 0.8660235 3.84729e-7 0.5000033 0.8660235 0 0.5000033 0.8660235 0 0.5000033 0.8660235 -3.86553e-7 0.5000034 0.6427974 0 0.7660363 0.6427896 0 0.7660428 0.6428049 -1.97878e-7 0.76603 0.6428127 1.96944e-7 0.7660234 0.3416951 0 0.9398109 -0.3416951 0 0.9398109 -0.6428783 -1.92364e-7 0.7659684 -0.642863 0 0.7659812 -0.6428341 0 0.7660055 -0.6428861 1.93276e-7 0.7659619 -0.8660235 0 0.5000033 -0.8660235 3.86553e-7 0.5000033 -0.8660235 -3.84729e-7 0.5000034 -0.9847842 0 -0.1737819 0.8699887 0.008042275 0.4930062 0.8699993 0.008031129 0.4929875 0.8699777 -0.0080536 0.4930256 0.8700101 -0.008087396 0.4929677 0.6459311 0.004040777 0.763385 0.6459258 0.004009425 0.7633898 0.645937 -0.00407803 0.7633799 0.64592 -0.00402677 0.7633945 0.3418123 0 0.9397683 0.3416739 0 0.9398186 -0.341791 0 0.9397761 -0.6459255 0.004106462 0.7633895 -0.6459311 0.004090964 0.7633849 -0.6459368 -0.004170477 0.7633795 -0.6459198 -0.004122674 0.7633943 -0.8699995 0.008017599 0.4929876 -0.8699887 0.00803554 0.4930062 -0.8699777 -0.0080536 0.4930256 -0.8700098 -0.008107721 0.4929676 -1 0 2.77861e-4 -0.9397546 6.03766e-7 -0.3418499 -0.9397846 0 -0.3417676 -1 0 2.31718e-4 -0.8527518 -0.1733759 -0.492702 -0.8527525 0.1733759 -0.492701 0.7660384 -6.10085e-5 0.642795 0.4999625 -9.07952e-7 0.8660471 0.50002 0 0.866014 0.7660325 8.72693e-6 0.6428021 0.1736517 0 0.9848071 0.1736705 0 0.9848039 -0.1736204 -5.74645e-7 0.9848127 -0.1736556 0 0.9848065 -0.4999731 0 0.866041 -0.4999682 0 0.8660438 -0.7660225 -8.72689e-6 0.642814 -0.7660365 8.68576e-6 0.6427971 0.8527556 0.173376 -0.4926955 0.9397859 0 -0.3417639 0.9397682 -4.1189e-7 -0.3418127 0.8527621 -0.1733766 -0.492684 1 0 2.30251e-4 1 -5.59641e-7 1.84175e-4 0.9397208 0 0.341943 0.9397219 -1.48352e-7 0.3419401 0.4994238 0 0.8663579 0.4993916 -3.53788e-7 0.8663765 0.1725878 0 0.9849941 0.1726037 2.46565e-7 0.9849914 -0.1725637 2.46609e-6 0.9849984 -0.1725885 0 0.984994 -0.4993973 0 0.8663731 -0.4994217 0 0.866359 -0.9397215 2.84851e-7 0.3419409 -0.9397175 0 0.3419519 0 1 -4.38978e-6 0 1 -1.33813e-5 0 1 -1.80138e-5 0 1 1.35682e-5 0 1 1.78209e-5 0 1 -2.66702e-5 0 1 4.47231e-6 0 1 -2.69636e-5 0 1 -1.32666e-5 0.8660235 2.70232e-6 0.5000033 0.6427839 0 0.7660477 0.6427783 -1.9788e-7 0.7660522 0.6427726 1.96947e-7 0.766057 -0.6428151 -1.94656e-7 0.7660214 -0.6428206 0 0.7660169 -0.6428093 1.9558e-7 0.7660263 0.8626823 -0.006567418 0.5057035 0.8626766 -0.006567478 0.5057134 0.8626881 0.00661534 0.505693 0.8626703 0.0066154 0.5057235 0.6623368 0.02607566 0.7487524 0.6623429 0.02607542 0.748747 0.6623298 -0.02607572 0.7487586 0.6623498 -0.02607548 0.7487408 0.3161445 -0.02732121 0.9483176 0.3161369 -0.02727365 0.9483216 0.3161512 0.02732121 0.9483155 0.3161302 0.02727359 0.9483237 -0.3161436 0.02727371 0.9483193 -0.3161382 0.02727341 0.9483211 -0.3161503 -0.02727371 0.9483171 -0.3161311 -0.02732139 0.9483221 -0.662342 0.02612334 0.748746 -0.6623359 0.02612358 0.7487514 -0.662329 -0.02612364 0.7487576 -0.662349 -0.0261234 0.7487398 -0.8626766 -0.006567478 0.5057134 -0.8626823 -0.006567418 0.5057035 -0.8626881 0.00661534 0.505693 -0.8626703 0.0066154 0.5057235 -1 -2.81854e-6 0 -1 -3.96933e-6 0 -1 7.03724e-6 0 -1 3.83403e-7 0 -1 -5.15008e-7 0 -1 5.1501e-7 0 -1 2.46633e-5 0 0 -0.9974663 -0.07114082 -0.1612462 -0.9841331 0.07403934 -0.1729669 -0.9814968 -0.08213764 0 -0.07069808 0.9974979 -0.1583963 0.06461733 0.9852591 -0.1518949 -0.06297188 0.9863887 0 0.9974992 0.07067817 -0.1588937 0.9847449 -0.07092487 -0.1540417 0.9859104 0.06520646 1.09058e-6 0.997497 -0.0707097 2.12637e-7 0.07104486 -0.9974731 -0.009592592 -0.06486934 -0.9978477 -0.1712557 0.08019942 -0.981957 0 -0.07112479 -0.9974675 -0.1624038 -0.9296345 0.3307641 0 -0.9423051 0.3347554 0 -0.9424353 -0.3343889 -0.1809344 -0.9381266 -0.2952648 -0.1647791 0.3322872 0.9286727 0 0.3348727 0.9422634 -0.1799157 0.9249457 -0.3348221 -3.70231e-7 0.9424618 -0.3343141 -0.1435723 -0.9388984 0.3128206 -0.2448478 -0.8325667 0.4968726 -0.1534198 -0.3319064 0.9307528 -0.240243 -0.5013918 0.8311978 0 -0.3344407 0.9424169 -0.1439852 -0.3200337 0.936401 -0.0759685 0.7130588 0.6969763 0.1617716 0.7536121 0.637102 -9.91044e-4 0.8606324 0.509226 -0.2457366 -0.8619479 -0.4434631 0 -0.3344268 -0.9424218 0.1691105 -0.3563656 -0.9189152 -0.001343131 -0.3313773 -0.9434974 -0.2516269 -0.4901415 -0.834533 -0.1447916 0.3245529 0.9347197 -0.2333499 0.5081579 0.8290498 -0.1878784 0.9284594 0.3204139 -0.2333501 0.829055 0.5081491 0 0.9422904 0.3347968 -0.1450138 0.9319219 0.3324045 -0.1373894 0.9385712 -0.3165573 -0.1627479 0.3298882 -0.9298855 -0.244847 0.4968708 -0.832568 0 0.3347502 -0.9423069 0.08197814 0.3536965 -0.9317609 -0.930808 -0.3645969 0.02580022 -0.9303174 -0.3658379 -0.02592879 -0.9310506 -0.3639727 0.02586191 -0.9302996 -0.3658823 -0.02594006 -0.9407724 0.02405011 0.3381848 -0.9400765 -0.02415251 0.3401071 -0.9400914 -0.02414125 0.3400666 -0.9406301 0.02404552 0.3385807 -0.9400938 0.3400473 -0.0243231 -0.9397716 0.3409439 0.02422165 -0.9407687 0.3381826 0.02422398 -0.9392802 0.342287 -0.02434217 -0.9312409 -0.02653717 -0.3634365 -0.9393479 0.02621757 -0.3419625 -0.9303035 -0.02593255 -0.3658729 0.9456025 0.01910495 0.324763 0.9456698 -0.01750475 0.324657 0.9395745 0.0259779 0.3413574 -0.3114551 -0.8953551 -0.3183318 -0.368682 -0.9272261 -0.0657674 -0.2951849 -0.06749302 0.9530534 -0.3064212 -0.318634 0.896983 -0.333623 0.2965376 -0.8948526 -0.3634425 0.0662418 -0.9292587 -0.3872073 0.8692926 0.3072476 -0.2886815 0.9549909 0.06823176 0.3481173 0.07626628 0.9343436 0.3168466 0.06719934 0.9460933 0.3220363 0.3168032 0.8921483 0.3179286 0.3191214 0.8927951 0.3248808 0.668747 0.6687525 0.1659989 0.6327323 0.756369 -0.07908195 -0.8556897 -0.5114111 -0.4522857 -0.843284 -0.290362 -0.3597919 -0.9306733 0.0663107 -0.3300651 -0.8900053 0.3145596 -0.07174032 -0.8649903 0.496634 -0.07208663 -0.4986569 0.8637968 -0.3620465 0.8782416 -0.3124325 -0.2945588 0.9532161 -0.06792885 -0.08621919 0.8523244 -0.5158579 0.1478679 -0.6172297 0.772763 0.3250005 -0.6687201 0.6687213 0.330111 -0.4915124 0.8058798 -0.323107 0.3163741 0.8919134 -0.2889674 0.06783235 0.9549329 -0.06842982 0.4960207 0.8656101 -0.0901907 0.8559346 0.5091579 0.341238 0.02458828 0.9396553 -0.9342526 -0.336102 -0.1191951 -0.9334245 -0.3381788 -0.1198075 -0.9421187 -0.1121156 0.3159787 -0.9424538 -0.1118277 0.3150801 -0.9413494 0.1129262 -0.3179767 -0.9345353 0.06801337 -0.3493109 -0.9415535 0.1127493 -0.3174344 -0.9335861 0.03124779 -0.3569881 -0.9333948 0.3381938 0.119997 -0.9300703 0.3460742 0.1232969 -0.9412445 -0.1130014 -0.3182604 -0.9415537 -0.1127476 -0.3174347 -0.9404069 -0.2404996 -0.2404056 -0.9403979 -0.2400816 -0.2408579 -0.9304326 -0.345539 0.1220573 -0.9320802 -0.3413354 0.1213133 -0.9442057 -0.2329598 0.2328203 -0.9462939 -0.228486 0.2287405 -0.9343741 0.3357464 -0.1192451 -0.9342093 0.3362081 -0.1192364 -0.9404047 0.2405039 -0.24041 -0.9403944 0.2400895 -0.2408641 -0.9426108 0.111701 0.3146553 -0.9420607 0.1122421 0.316107 -0.9444674 0.2323848 0.2323336 -0.9463095 0.2287298 0.228432 0 0.4997225 0.8661857 0 0.4997299 0.8661813 0 -0.4997299 0.8661813 0 -0.4997225 0.8661857 -0.729719 -7.80734e-4 0.6837469 -0.7594111 0.5633688 0.3254391 -0.7611976 0.5625257 0.3227122 -0.7302392 -4.35609e-4 0.6831915 -0.7619627 0.5605027 -0.3244224 -0.7614257 0.5618073 -0.3234245 -0.7760069 -2.8708e-6 -0.6307245 -0.7772745 -3.28338e-6 -0.6291617 -0.7619912 -0.5604938 -0.3243705 -0.7613298 -0.5619577 -0.3233894 -0.7613955 -0.5611739 0.3245934 -0.7600116 -0.5633947 0.323989 3.83605e-4 0.4999715 0.8660418 2.87526e-4 0.4993902 0.8663772 -4.79383e-4 0.4997224 0.8661856 3.83606e-4 0.4999789 0.8660375 2.87528e-4 0.4993976 0.8663729 -4.79383e-4 0.49973 0.8661811 -3.83607e-4 -0.4999752 0.8660396 -2.87528e-4 -0.4993938 0.866375 4.79383e-4 -0.4997262 0.8661833 -1 4.58682e-6 0 -1 -9.17364e-6 0 -0.9116773 0.206884 0.3550263 -0.384429 0.4817147 0.7875058 -0.9046253 0.1918362 0.3805942 -0.4288945 0.4603194 0.7772746 -0.9113911 0.4115125 -0.004884541 -0.4115123 0.9113913 -0.004868566 -0.4115123 0.9113912 0.004868686 -0.9113916 0.4115119 0.004829347 0.7558696 1.98931e-5 0.6547222 0.7558457 -0.5670369 0.327363 0.7558575 -0.5670292 0.3273488 0.755897 2.36332e-5 0.6546906 0.7559016 -3.317e-5 0.6546852 0.7558935 -3.27676e-5 0.6546946 0.7558615 0.5670213 0.3273534 0.75585 0.5670284 0.327368 0.7558644 0.5670411 -0.3273124 0.7559012 0.567004 0.3272918 0.7559059 0.5670004 0.3272871 0.7558748 0.567032 -0.3273043 -0.4197247 -0.4576127 0.7838507 -0.9073796 -0.1947562 0.3724677 -0.3748383 -0.488892 0.7877062 -0.9139567 -0.1985274 0.3539352 3.83606e-4 0.4999752 0.8660396 2.87525e-4 0.4993938 0.866375 -4.79384e-4 0.4997261 0.8661834 3.83607e-4 0.4999715 0.8660418 2.87527e-4 0.4993902 0.8663772 -4.79384e-4 0.4997226 0.8661855 0 0.5000168 0.8660157 0 0.5000168 0.8660157 0 0.5000168 0.8660157 -3.83606e-4 -0.4999752 0.8660396 -2.87525e-4 -0.4993938 0.866375 4.79384e-4 -0.4997261 0.8661834 -1 -9.17398e-6 0 -0.4198037 0.4575109 0.7838678 -0.9073848 0.194813 0.3724255 -0.9139568 0.1986129 0.3538867 -0.374876 0.4888138 0.7877368 -0.7615953 0.5617992 -0.3230392 -0.9114285 0.4114304 -0.00482887 -0.7614316 0.5611369 -0.3245728 -0.4115087 0.9113931 0.004821419 -0.7758856 -2.24053e-5 -0.6308738 -0.7774097 -2.80272e-5 -0.6289947 -0.7615871 -0.5618053 -0.3230481 -0.7614318 -0.5611469 -0.324555 -0.9114059 -0.4114808 -0.004774868 -0.4114546 -0.9114176 0.004822671 -0.4197677 -0.457562 0.7838572 -0.9139383 -0.1986436 0.3539175 0 0.5000168 0.8660157 0 0.5000168 0.8660157 0 0.5000168 0.8660157 -2.68525e-4 -0.4999005 0.8660829 -2.01269e-4 -0.4994935 0.8663176 3.35568e-4 -0.4997261 0.8661834 -0.4199441 0.4575186 0.783788 -0.907392 0.1948052 0.3724121 -0.9140251 0.198536 0.3537536 -0.3748316 0.4888253 0.7877507 -0.9114224 0.4114438 0.004844486 -0.4114745 0.9114086 0.004821479 -0.9114134 0.4114638 -0.00482881 -0.4114954 0.9113991 -0.004839539 0.7559043 -0.5669642 0.3273533 0.756017 1.54674e-4 0.6545521 0.7560265 7.13095e-5 0.6545411 0.7558906 -0.5669797 0.3273581 0.7560071 0.5668944 0.3272374 0.7558025 5.27799e-5 0.6547996 0.7558218 5.86547e-5 0.6547775 0.7560367 0.5668703 0.3272103 0.7559006 0.5669811 -0.3273331 0.7559601 0.5669211 0.3272993 0.7559576 0.5669249 0.3272989 0.7559052 0.5669776 -0.3273282 -0.9074614 -0.1947169 0.3722891 -0.4199007 -0.457491 0.7838275 -0.913998 -0.1985762 0.353801 -0.3750189 -0.4887718 0.7876947 1.93899e-7 -6.61733e-5 1 0 0.3422135 0.9396223 0 6.64941e-5 1 0 0.342212 0.9396229 0.1748388 0.4912868 0.8532695 -0.1748861 0.4912803 0.8532635 0 0.8661642 0.4997596 0 0.866164 0.4997598 0 0.9848656 0.1733198 0 0.9848656 0.1733201 0 0.9848724 -0.1732816 0 0.9848724 -0.1732819 0 0.86614 -0.4998014 0 0.8661398 -0.4998021 0.1749804 0.755102 -0.631825 -0.1749803 0.7551015 -0.6318256 -0.1748389 0.4912769 -0.8532751 0 0.341836 -0.9397597 0.1748389 0.4912758 -0.8532758 0 0.3417949 -0.9397746 0 -1.41378e-4 -1 0 -1.41094e-4 -1 0 -0.3417199 -0.9398019 2.74925e-7 -0.3418443 -0.9397567 0.1748859 -0.4912745 -0.8532669 -0.1748859 -0.4912744 -0.8532668 -0.1749804 -0.7551023 -0.6318247 -2.90196e-7 -0.8661399 -0.4998016 0.1749804 -0.7551029 -0.6318241 0 -0.8661395 -0.4998023 0 -0.9848724 -0.173282 0 -0.9848723 -0.1732822 0 -0.984858 0.1733631 4.53578e-7 -0.9848656 0.1733197 0 -0.866164 0.4997599 0 -0.866164 0.4997602 -0.1586748 -0.5550054 0.816573 0 -0.4976798 0.867361 0.1748858 -0.4913294 0.8532354 -0.001486063 0.4989652 -0.8666209 0.001486063 0.4989654 -0.8666208 0.100665 0.615211 -0.7819093 0.001486063 -0.1779684 0.9840351 -0.001486063 -0.1779681 0.9840352 -1 -9.38298e-6 0 -1 1.87737e-5 0 -1 -9.4468e-6 0 -1 1.84706e-5 0 -1 -1.8773e-5 0 -1 9.68092e-6 0 -1 2.45194e-6 0 -1 -2.67003e-6 0 -1 -4.92015e-6 0 -1 2.66969e-6 0 -1 -9.67942e-6 0 -1 1.06975e-5 0 -1 -5.48545e-6 0 -1 6.72911e-7 0 -1 -6.10459e-7 0 -1 5.38526e-6 0 -1 4.87976e-6 0 -1 -2.65867e-6 0 -1 2.43285e-6 0 -1 -2.45676e-6 0 -1 -2.6698e-6 0 -1 -9.75953e-6 0 -1 -1.07705e-5 0 -1 4.25104e-6 0 -1 -8.02311e-6 0 -1 7.2597e-6 0 -1 -2.6589e-6 0 -1 2.43314e-6 0 -1 -2.4641e-6 0 0 0.3422171 0.9396209 -1.87024e-7 0.3420894 0.9396675 0 -1.61167e-5 1 0 0.6428046 0.7660303 0 0.6428058 0.7660293 0 0.8660315 0.4999894 0 0.8660331 0.4999867 0 0.642829 0.7660097 0 0.642826 0.7660122 0 0.9848159 0.1736021 0 0.9848161 0.1736009 0 0.9848163 -0.1735996 2.45388e-7 0.9848376 -0.1734791 0 0.8660303 -0.4999915 0 0.8660305 -0.4999912 0 0.6428303 -0.7660086 0 0.6428292 -0.7660096 0 -0.3418643 0.9397494 -0.1717226 -0.4942596 0.8521848 0 -0.3420113 0.939696 0.1717225 -0.4942582 0.8521856 0 -7.14018e-5 1 0 0.3418427 0.9397572 0 0.3419014 0.9397358 0.171723 0.4942638 0.8521823 -0.171723 0.494266 0.852181 0 -0.8660275 -0.4999966 0 -0.6428329 -0.7660065 0 -0.642831 -0.7660081 0 -0.8660263 -0.4999986 0 -0.9848161 -0.1736013 -3.21065e-7 -0.9848163 -0.1736001 3.02847e-7 -0.9848247 0.1735522 0 -0.9848387 0.1734727 0 -0.8660286 0.4999945 0 -0.8660274 0.4999967 0 -0.642831 0.7660081 0 -0.6428329 0.7660064 0 -0.6428075 0.7660278 0 -0.642807 0.7660282 4.73073e-7 -0.3421065 0.9396612 -1 1.79006e-6 0 -1 -3.197e-6 0 -1 -1.78582e-6 0 -1 5.16124e-6 0 -1 3.57255e-6 0 -1 -1.29244e-6 0 -1 1.28284e-6 0 -1 -8.97189e-7 0 -1 -8.96057e-7 0 -1 2.58254e-6 0 -1 1.78633e-6 0 -1 -5.13358e-6 0 -1 3.58074e-6 0 -1 1.79176e-6 0 -1 2.5967e-6 0 -1 -3.57265e-6 0 -1 -1.29234e-6 0 -1 5.19329e-6 0 -1 -1.78628e-6 0 -1 -2.55817e-6 0 -1 -1.94955e-6 0 -1 1.79032e-6 0 0 0.3419346 0.9397238 0 0.3420578 0.939679 0 1.29723e-5 1 3.45278e-7 1.31219e-5 1 0 0.6428002 0.766034 0 0.6427987 0.7660351 9.82675e-7 0.8660101 0.5000267 0 0.866002 0.5000407 0 0.6428406 0.7660001 0 0.6428385 0.7660019 0 0.9848945 0.173156 0 0.9848946 0.1731553 0 0.9848949 -0.1731532 0 0.9848952 -0.1731519 0 0.8660123 -0.5000225 0 0.8660048 -0.500036 0 0.6428406 -0.7660001 0 0.6428385 -0.7660019 -0.1739889 -0.4920864 0.8529824 0 -0.3419305 0.9397253 0.1739888 -0.4920833 0.8529841 0 -0.3419325 0.9397245 -3.97745e-7 -1.02925e-4 1 0 -1.03069e-4 1 0 0.3421337 0.9396513 5.32865e-7 0.3421174 0.9396573 0.1780475 0.4882025 0.8543756 -0.1780948 0.4881989 0.8543677 0 -0.6428278 -0.7660107 0 -0.6428257 -0.7660126 0 -0.8661073 -0.4998582 0 -0.8660427 -0.4999701 0 -0.984811 -0.1736301 0 -0.9848953 -0.1731516 1.34431e-7 -0.9848334 0.1735031 0 -0.9848943 0.173157 0 -0.866041 0.4999731 -3.71384e-7 -0.866106 0.4998605 0 -0.6428257 0.7660126 0 -0.6428278 0.7660107 -6.64403e-7 -0.3419807 0.939707 0 -0.6428044 0.7660304 0 -0.6428051 0.7660298 0 -0.3419628 0.9397136 -0.1168956 0.3327395 0.9357457 0 1.13808e-6 1 0 0.3416131 0.9398407 -0.1573515 -5.33237e-7 0.9875427 -0.1813488 0.4850534 0.855474 -0.1446915 0.3487984 0.9259612 -0.1558821 0.8553118 0.494108 -0.1758301 0.7555248 0.6310833 0 0.8661717 0.4997467 -0.1551917 0.844823 0.5120446 -0.1619309 0.9719843 0.1703672 0 0.9848663 0.1733159 0 0.9847932 -0.1737307 -0.1608878 0.9714089 -0.1745854 0 0.8662291 -0.4996472 -0.1424573 0.8638437 -0.4831978 -0.1815373 0.7583287 -0.6260846 -0.155255 0.8502702 -0.5029281 -0.003085076 0.3333091 -0.9428126 -0.1813015 0.4850738 -0.8554725 0 0.3413656 -0.9399306 0.1329388 0.3983276 -0.9075586 0 1.09775e-6 -1 0 2.59994e-7 -1 -1.60343e-7 -0.3414006 -0.9399179 -0.003095805 -0.333296 -0.9428173 -0.1813485 -0.4850736 -0.8554628 0.1328368 -0.3982112 -0.9076246 0 -0.8662498 -0.4996111 -0.1549916 -0.8466668 -0.5090512 -0.1814426 -0.7583376 -0.6261013 -0.1456208 -0.8525165 -0.5020064 0 -0.9847777 -0.1738187 -0.1595168 -0.972481 -0.1698093 2.0597e-7 -0.9848732 0.1732766 -0.1597756 -0.9718706 0.1730301 -1.67178e-7 -0.86617 0.4997497 -0.1562905 -0.8559527 0.4928674 -0.1758297 -0.7555203 0.6310887 -0.1551744 -0.8448243 0.512048 0 -0.3419142 0.9397312 -0.1447333 -0.3565254 0.923007 -0.1813482 -0.4850615 0.8554697 -0.1353468 -0.3550422 0.9250008 -1 1.44076e-5 0 0 -4.69606e-7 1 0 0.3418124 0.9397683 5.20408e-7 0.3418186 0.939766 0 0.3418663 0.9397486 3.52831e-7 0.341775 0.9397819 -0.1763017 0.4898811 0.8537765 0.1763017 0.4898818 0.8537762 -0.1763491 0.4898738 0.8537709 0.1763015 0.4898832 0.8537753 0 0.8662421 0.4996246 0.1788018 0.7570046 0.6284695 -0.1788019 0.7570046 0.6284696 -8.28791e-7 0.8662137 0.4996738 0.1788022 0.7570077 0.6284658 0 0.8662357 0.4996356 0 0.8662293 0.4996467 -0.1787555 0.75702 0.6284642 0 0.9848326 0.1735074 0 0.9848317 0.1735123 0 0.9848331 0.1735047 0 0.9848316 0.1735132 -6.85936e-7 0.9847486 -0.1739833 0 0.9847497 -0.1739774 -9.8118e-7 0.9847608 -0.1739149 0 0.866369 -0.4994046 1.47815e-6 0.8663358 -0.4994623 1.87242e-6 0.8663456 -0.499445 0 0.8663302 -0.499472 -0.1878033 0.7614322 -0.6204442 0.1878032 0.7614302 -0.6204468 -0.1878032 0.7614314 -0.6204452 0.1878038 0.7614371 -0.6204382 0 -0.3420082 0.939697 9.04804e-6 -0.6428063 0.7660289 -9.00757e-6 -0.6428369 0.7660031 0 -0.342005 0.9396982 -9.00755e-6 -0.6428319 0.7660073 -2.86751e-6 -0.3420175 0.9396936 0 -0.3420186 0.9396932 9.05027e-6 -0.6428353 0.7660045 0 9.44028e-7 1 0 -4.72014e-7 1 2.86383e-6 0.3420085 0.9396969 0 0.3420088 0.9396968 0 0.3419708 0.9397107 2.86751e-6 0.3420168 0.9396939 -9.05026e-6 0.6428326 0.7660068 9.00755e-6 0.6428323 0.766007 9.00755e-6 0.6428319 0.7660073 -9.05027e-6 0.6428353 0.7660045 0 -0.8663684 -0.4994055 0.187804 -0.7614375 -0.6204375 -0.1878042 -0.7614421 -0.6204317 -1.47815e-6 -0.8663291 -0.4994739 -0.1878032 -0.7614313 -0.6204452 -1.48283e-6 -0.8663233 -0.4994838 0.1878038 -0.761437 -0.6204381 0 -0.8663313 -0.4994698 0 -0.98475 -0.1739754 7.61224e-7 -0.9847502 -0.1739744 0 -0.9847602 -0.1739178 0 -0.984759 -0.1739249 0 -0.984833 0.1735059 0 -0.9848318 0.173512 0 -0.9848331 0.1735049 1.14444e-6 -0.8662382 0.4996314 0 -0.8662391 0.4996299 0 -0.8662306 0.4996445 0 -0.8662127 0.4996756 -0.1788023 -0.7570088 0.6284645 0.1788025 -0.7570112 0.6284613 -0.1788023 -0.7570083 0.6284651 0.1788024 -0.7570105 0.6284622 0 -0.3417297 0.9397983 0.1763018 -0.4898799 0.8537771 -0.1763014 -0.4898861 0.8537737 0 -0.3417685 0.9397842 -0.1763491 -0.4898738 0.8537709 0 -0.3417819 0.9397794 0.1763015 -0.4898831 0.8537754 0 -0.341775 0.9397819 -1 2.8531e-6 0 -1 -1.11987e-5 0 -1 -4.28924e-6 0 -1 -8.65561e-6 0 -1 1.14244e-5 0 -1 -2.18013e-6 0 -1 -1.14244e-5 0 -1 8.65561e-6 0 -1 3.2525e-6 0 -1 8.69414e-6 0 -0.9845046 0.05728513 0.1657385 -1 -2.55275e-6 0 -0.9841461 -7.19153e-7 0.1773596 -1 -3.24913e-6 0 -1 4.81508e-6 0 -0.9856442 -0.05152744 0.1607808 -1 -3.80335e-6 0 -0.9840317 -0.1150501 0.1358136 -0.9835819 -0.1573927 0.08828568 -0.9842562 -0.1738063 0.03211122 -1 3.28546e-6 0 -1 4.40591e-6 0 -0.9843621 -0.173626 -0.02975434 -0.9844086 -0.1538789 -0.08521151 -1 9.75796e-6 0 -1 7.11108e-7 0 -0.9841971 -0.1140934 -0.1354207 -1 -4.11604e-6 0 -0.9838274 -0.06014508 -0.1687197 -0.9841516 1.85661e-7 -0.1773295 -1 1.99577e-6 0 -0.9840236 0.06186544 -0.166944 -1 -1.60223e-6 0 -1 2.37357e-6 0 -0.9839897 0.1151661 -0.1360185 -0.9842083 0.153367 -0.08838915 -1 -9.72642e-6 0 -1 1.5071e-6 0 -0.9845169 0.1723175 -0.03214484 -0.9841955 0.174467 0.0303409 -1 -1.43881e-6 0 -0.9838663 0.153488 0.09191542 -1 -6.45739e-6 0 -0.9842687 0.1151716 0.1339805 -1 3.07276e-6 0 -1 -1.37589e-5 0 -1 -6.78426e-6 0 -1 6.74054e-6 0 -1 6.79246e-6 0 -1 -6.65247e-6 0 -1 -6.72893e-6 0 -1 6.87153e-6 0 -1 -6.65637e-6 0 -1 -3.34932e-6 0 -1 3.32509e-6 0 -1 1.35674e-5 0 -1 -6.69846e-6 0 -1 -3.42053e-6 0 -1 6.72875e-6 0 -1 6.82762e-6 0 -1 -6.71953e-6 0 -1 8.39242e-6 0 -1 -5.03545e-6 0 0 0.3420756 0.9396724 -1.632e-6 0.342027 0.9396902 0 2.52385e-6 1 0 6.69494e-7 1 0 0.642869 0.7659761 0 0.642861 0.7659829 0 0.8660125 0.5000226 0 0.8660075 0.5000312 0 0.6427998 0.7660344 0 0.6428118 0.7660241 -1.88425e-6 0.9848148 0.1736087 0 0.9848092 0.1736401 0 0.9848179 -0.1735904 0 0.9848141 -0.1736127 0 0.8660298 -0.4999925 -3.36309e-6 0.8660262 -0.4999988 0 0.6428457 -0.7659958 0 0.6428362 -0.7660038 0.1671873 -0.4985878 0.8505638 0 -0.3415842 0.9398512 -1.51087e-7 -0.3414402 0.9399035 -0.1671868 -0.4985783 0.8505693 0 -5.0091e-7 1 0 -2.34079e-6 1 -1.3411e-6 0.3415194 0.9398747 0 0.3415173 0.9398756 -0.1671873 0.4985878 0.8505638 0.1671395 0.4985824 0.8505763 0 -0.8660307 -0.499991 0 -0.8660303 -0.4999917 0 -0.6428608 -0.7659831 0 -0.6428462 -0.7659953 0 -0.9848123 -0.1736226 0 -0.9848179 -0.1735904 -5.09505e-7 -0.9848075 0.1736501 0 -0.9848148 0.1736087 0 -0.8660133 0.5000212 -2.37927e-6 -0.8660115 0.5000242 0 -0.6428244 0.7660136 0 -0.6428124 0.7660238 -3.25999e-7 -0.3420277 0.9396899 0 -0.3420735 0.9396733 0 -0.642869 0.7659761 0 -0.6428242 0.7660137 -0.3085829 -9.08883e-7 0.9511975 -0.2172678 0.334663 0.916949 -0.2257189 -0.3331844 0.9154448 -0.1913489 -0.5278081 0.827529 -0.3149433 -0.822517 0.4735784 -0.1970682 -0.7238753 0.6611874 -0.3252258 -0.9313246 0.1638986 -0.326513 -0.9309027 -0.1637359 -0.2680082 -0.8344564 -0.4815124 -0.1968604 -0.7239202 -0.6612001 0.3239799 0.3216713 0.8896993 0.3161638 0.3245182 0.8914754 0.3161225 0.6098445 0.7267436 0.2161226 0.5718367 0.7913874 0.3174168 1.08583e-6 0.9482862 0.3165151 1.36611e-6 0.9485876 0.3161652 -0.3245192 0.8914746 0.3239448 -0.3216396 0.8897235 0.3160279 -0.6098606 0.7267712 0.2159332 -0.5717574 0.7914963 -0.1789273 0.7374188 -0.6513053 -0.2582077 0.8365681 -0.4832004 -0.3236069 0.9318322 -0.1642172 -0.3265309 0.930897 0.1637327 -0.3163388 0.8220469 0.4734647 -0.1970688 0.7238745 0.6611881 -0.1691028 0.5138745 0.8410335 -0.9569138 0.09928929 0.2728695 -0.9486861 0 0.3162196 -0.9569277 -0.09926605 0.2728289 -0.9483446 -0.2038059 0.2431168 -0.9456027 -0.2817472 0.1626475 -0.9500269 -0.3074477 0.05408197 -0.95016 -0.3070445 -0.05403429 -0.9513498 -0.2668079 -0.1541013 -0.9484685 -0.2036513 -0.2427629 -0.9471238 -0.109698 -0.3015343 -0.9485722 0 -0.3165612 -0.9471395 0.1096756 -0.3014931 -0.9484791 0.2035995 -0.242765 -0.9513518 0.2668063 -0.1540917 -0.9501535 0.3070623 -0.05404591 -0.9500359 0.3074215 0.05407327 -0.9456282 0.2817072 0.1625685 -0.9483397 0.2038497 0.2430992 0 1 0 1 -6.43937e-6 0 0 1 0 0 1 0 0 1 1.35199e-7 -1 0 0 0 -1 0 0 -1 0 -1 0 0 0 -1 0 -1 -8.55936e-6 0 0 1 0 -1 -7.23983e-6 0 -1 1.06138e-4 0 1 2.93652e-5 0 0.003068029 0.9999953 0 1 -5.04926e-5 0 0 -1 0 0 0.9999954 -0.003067851 0 1 0 0 -1 0 -1 -9.35348e-6 0 1 0 0 -4.78071e-4 0.9999999 1.5583e-7 0 1 0 0 1 0 0 -1 0 -1 -1.83205e-7 0 1 1.08223e-5 0 1 -5.29992e-5 0</float_array>
          <technique_common>
            <accessor source="#Conveyor01Frame02_Conveyor_0_377-mesh-normals-array" count="3734" stride="3">
              <param name="X" type="float"/>
              <param name="Y" type="float"/>
              <param name="Z" type="float"/>
            </accessor>
          </technique_common>
        </source>
        <source id="Conveyor01Frame02_Conveyor_0_377-mesh-map-0">
          <float_array id="Conveyor01Frame02_Conveyor_0_377-mesh-map-0-array" count="26244">0.5765 0.2132999 5e-4 0.2224 5e-4 0.2132999 5e-4 0.2224 0.5765 0.2132999 0.5708 0.2282 0.003699958 0.2278 0.006299972 0.2282 0.5708 0.2282 0.5708 0.2282 0.003699958 0.2278 0.001899957 0.2267 0.5708 0.2282 9e-4 0.2249 5e-4 0.2224 9e-4 0.2249 0.5708 0.2282 0.001899957 0.2267 0.5708 0.2282 0.5751 0.2267 0.5733 0.2278 0.5751 0.2267 0.5708 0.2282 0.5765 0.2132999 0.5751 0.2267 0.5765 0.2224 0.5762 0.2249 0.5765 0.2224 0.5751 0.2267 0.5765 0.2132999 0.1789 0.0309 0.7434 0.03320002 0.1789 0.03320002 0.7434 0.03320002 0.1789 0.0309 0.7434 0.0309 0.5765 0.1276 0.5751 0.132 0.5765 0.1205999 0.5751 0.132 0.5765 0.1276 0.5762 0.1302 0.5733 0.133 0.5765 0.1205999 0.5751 0.132 0.5765 0.1205999 0.5733 0.133 0.5708 0.1334 0.5765 0.1205999 5e-4 0.1276 5e-4 0.1205999 5e-4 0.1276 0.5765 0.1205999 0.5708 0.1334 0.5708 0.1334 9e-4 0.1302 5e-4 0.1276 9e-4 0.1302 0.5708 0.1334 0.001899957 0.132 0.003699958 0.133 0.5708 0.1334 0.006299972 0.1334 0.5708 0.1334 0.003699958 0.133 0.001899957 0.132 5e-4 0.3425 0.5765 0.3446 5e-4 0.3446 0.5765 0.3446 5e-4 0.3425 0.5765 0.3425 0.7341 0.5547 0.7362 0.5569 0.7341 0.5569 0.7362 0.5569 0.7341 0.5547 0.7362 0.5425 0.7341 0.5402 0.7362 0.5425 0.7341 0.5547 5e-4 0.1491 0.5765 0.1635 5e-4 0.1635 0.5765 0.1635 5e-4 0.1491 0.5765 0.1491 0.7506 0.0252 0.1746 0.02289998 0.7506 0.02289998 0.1746 0.02289998 0.7506 0.0252 0.1746 0.0252 5e-4 0.3425 0.5765 0.3198 0.5765 0.3425 0.5765 0.3198 5e-4 0.3425 5e-4 0.3198 0.8989 0.9532 0.8763 0.9554 0.8763 0.9532 0.8763 0.9554 0.8989 0.9532 0.8989 0.9554 0.5765 0.2684 5e-4 0.2457 0.5765 0.2457 5e-4 0.2457 0.5765 0.2684 5e-4 0.2684 0.7114 0.5569 0.7341 0.5547 0.7341 0.5569 0.7341 0.5547 0.7114 0.5569 0.7114 0.5547 0.9106 0.9699 0.9081 0.9676 0.9106 0.9676 0.9081 0.9676 0.9106 0.9699 0.9081 0.9699 0.7432 0.5402 0.7457 0.5425 0.7432 0.5425 0.7457 0.5425 0.7432 0.5402 0.7457 0.5402 0.9124 0.9699 0.9106 0.9676 0.9124 0.9676 0.9106 0.9676 0.9124 0.9699 0.9106 0.9699 0.7477 0.0309 0.7459 0.03320002 0.7459 0.0309 0.7459 0.03320002 0.7477 0.0309 0.7477 0.03320002 0.7459 0.03320002 0.7434 0.0309 0.7459 0.0309 0.7434 0.0309 0.7459 0.03320002 0.7434 0.03320002 0.7457 0.5425 0.7475 0.5402 0.7475 0.5425 0.7475 0.5402 0.7457 0.5425 0.7457 0.5402 0.1746 0.03320002 0.1764 0.0309 0.1764 0.03320002 0.1764 0.0309 0.1746 0.03320002 0.1746 0.0309 0.1789 0.03320002 0.1764 0.0309 0.1789 0.0309 0.1764 0.0309 0.1789 0.03320002 0.1764 0.03320002 0.7432 0.5402 0.7362 0.5425 0.7341 0.5402 0.7362 0.5425 0.7432 0.5402 0.7432 0.5425 0.5765 0.212 5e-4 0.1974999 0.5765 0.1974999 5e-4 0.1974999 0.5765 0.212 5e-4 0.212 0.9011 0.9676 0.9081 0.9699 0.8989 0.9699 0.9081 0.9699 0.9011 0.9676 0.9081 0.9676 0.9011 0.9532 0.8989 0.9554 0.8989 0.9532 0.8989 0.9554 0.9011 0.9532 0.9011 0.9676 0.8989 0.9699 0.8989 0.9554 0.9011 0.9676 0.7499 0.0144 0.175 0.01289999 0.7499 0.01289999 0.175 0.01289999 0.7499 0.0144 0.175 0.0144 0.7499 0.0101 0.175 0.01160001 0.175 0.0101 0.175 0.01160001 0.7499 0.0101 0.7499 0.01160001 0.576 0.1067 0.5765 0.1061999 0.5764 0.1065999 0.5765 0.1061999 0.576 0.1067 0.5765 0.09539997 0.576 0.1067 5e-4 0.09539997 0.5765 0.09539997 5e-4 0.09539997 0.576 0.1067 5e-4 0.1061999 0.001099944 0.1067 5e-4 0.1061999 0.576 0.1067 5e-4 0.1061999 0.001099944 0.1067 6e-4 0.1065999 0.576 0.083 6e-4 0.08279997 5e-4 0.08240002 6e-4 0.08279997 0.576 0.083 0.001099944 0.083 0.576 0.083 5e-4 0.07309997 0.5765 0.07309997 5e-4 0.07309997 0.576 0.083 5e-4 0.08240002 0.576 0.083 0.5764 0.08279997 0.5765 0.08240002 0.5765 0.08240002 0.5765 0.07309997 0.576 0.083 0.7109 0.7117 0.7094 0.7051 0.7109 0.7051 0.7094 0.7051 0.7109 0.7117 0.7094 0.7132 0.001099944 0.06319999 0.5765 0.06379997 0.5764 0.06330001 0.5764 0.06330001 0.576 0.06319999 0.001099944 0.06319999 0.5765 0.06379997 0.001099944 0.06319999 6e-4 0.06330001 6e-4 0.06330001 5e-4 0.06379997 0.5765 0.06379997 5e-4 0.07179999 0.5765 0.06379997 0.5765 0.07179999 0.5765 0.06379997 5e-4 0.07179999 5e-4 0.06379997 0.5752 0.64 0.5767 0.6334 0.5767 0.64 0.5767 0.6334 0.5752 0.64 0.5752 0.6319 0.5765 0.03549998 0.576 0.03500002 0.5764 0.03509998 0.576 0.03500002 0.5765 0.03549998 0.001099944 0.03500002 0.5765 0.04220002 0.001099944 0.03500002 0.5765 0.03549998 0.001099944 0.03500002 0.5765 0.04220002 5e-4 0.04220002 6e-4 0.03509998 5e-4 0.04220002 5e-4 0.03549998 5e-4 0.04220002 6e-4 0.03509998 0.001099944 0.03500002 0.5864 0.6334 0.5859 0.6319 0.5864 0.6319 0.5859 0.6319 0.5864 0.6334 0.5859 0.6334 0.7202 0.7132 0.7206 0.7117 0.7206 0.7132 0.7206 0.7117 0.7202 0.7132 0.7202 0.7117 0.175 0.0144 0.1746 0.01289999 0.175 0.01289999 0.1746 0.01289999 0.175 0.0144 0.1746 0.0144 0.7503 0.01289999 0.7499 0.0144 0.7499 0.01289999 0.7499 0.0144 0.7503 0.0144 0.7503 0.01289999 0.7499 0.0101 0.7503 0.01160001 0.7499 0.01160001 0.7503 0.01160001 0.7499 0.0101 0.7503 0.0101 0.175 0.01160001 0.1746 0.0101 0.175 0.0101 0.1746 0.0101 0.175 0.01160001 0.1746 0.01160001 0.7094 0.7051 0.7109 0.7047 0.7109 0.7051 0.7109 0.7047 0.7094 0.7051 0.7094 0.7047 0.5767 0.64 0.5752 0.6404 0.5752 0.64 0.5752 0.6404 0.5767 0.64 0.5767 0.6404 0.7109 0.7117 0.7202 0.7132 0.7094 0.7132 0.7202 0.7132 0.7109 0.7117 0.7202 0.7117 0.5859 0.6319 0.5767 0.6334 0.5752 0.6319 0.5767 0.6334 0.5859 0.6319 0.5859 0.6334 0.202 8.00014e-4 0.2005 0.001900017 0.2005 8.00014e-4 0.2005 0.001900017 0.202 8.00014e-4 0.202 0.001900017 0.2005 8.00014e-4 0.1991 0.001900017 0.1991 8.00014e-4 0.1991 0.001900017 0.2005 8.00014e-4 0.2005 0.001900017 0.64 0.7242 0.6389 0.7242 0.6389 0.7254 0.6389 0.7254 0.64 0.7254 0.64 0.7242 0.64 0.7254 0.6389 0.7254 0.6389 0.7268 0.6389 0.7268 0.64 0.7268 0.64 0.7254 0.64 0.7268 0.6389 0.7268 0.6389 0.7283 0.6389 0.7283 0.64 0.7283 0.64 0.7268 0.64 0.7283 0.6389 0.7283 0.6389 0.7297 0.6389 0.7297 0.64 0.7297 0.64 0.7283 0.64 0.7297 0.6389 0.7297 0.6389 0.7308 0.6389 0.7308 0.64 0.7308 0.64 0.7297 0.8676 0.3776 0.8663 0.3765 0.8676 0.3765 0.8663 0.3765 0.8676 0.3776 0.8663 0.3776 0.8663 0.3776 0.8648 0.3765 0.8663 0.3765 0.8648 0.3765 0.8663 0.3776 0.8648 0.3776 0.8648 0.3776 0.8633 0.3765 0.8648 0.3765 0.8633 0.3765 0.8648 0.3776 0.8633 0.3776 0.8633 0.3776 0.862 0.3765 0.8633 0.3765 0.862 0.3765 0.8633 0.3776 0.862 0.3776 0.6431 0.8676 0.642 0.8687 0.642 0.8676 0.642 0.8687 0.6431 0.8676 0.6431 0.8687 0.6431 0.8687 0.642 0.8701 0.642 0.8687 0.642 0.8701 0.6431 0.8687 0.6431 0.8701 0.6431 0.8701 0.642 0.8716 0.642 0.8701 0.642 0.8716 0.6431 0.8701 0.6431 0.8716 0.6431 0.8716 0.642 0.873 0.642 0.8716 0.642 0.873 0.6431 0.8716 0.6431 0.873 0.6431 0.873 0.642 0.8742 0.642 0.873 0.642 0.8742 0.6431 0.873 0.6431 0.8742 0.2034 0.001900017 0.2046 8.00014e-4 0.2046 0.001900017 0.2046 8.00014e-4 0.2034 0.001900017 0.2034 8.00014e-4 0.202 8.00014e-4 0.2034 0.001900017 0.202 0.001900017 0.2034 0.001900017 0.202 8.00014e-4 0.2034 8.00014e-4 0.6077 0.1736999 0.6089 0.1751999 0.6082 0.1744999 0.6089 0.1751999 0.6077 0.1736999 0.6077 0.1717 0.6089 0.1751999 0.6109 0.1754999 0.6099 0.1754999 0.6109 0.1754999 0.6089 0.1751999 0.6126 0.1744999 0.6109 0.1754999 0.6126 0.1744999 0.6118 0.1751999 0.6126 0.1744999 0.6132 0.1726999 0.6131 0.1736999 0.6132 0.1726999 0.6126 0.1744999 0.6126 0.1707999 0.6132 0.1726999 0.6126 0.1707999 0.6131 0.1717 0.6126 0.1707999 0.6109 0.1699 0.6118 0.1701999 0.6109 0.1699 0.6126 0.1707999 0.6089 0.1701999 0.6109 0.1699 0.6089 0.1701999 0.6099 0.1699 0.6089 0.1751999 0.6126 0.1707999 0.6126 0.1744999 0.6126 0.1707999 0.6089 0.1751999 0.6089 0.1701999 0.6077 0.1717 0.6089 0.1701999 0.6089 0.1751999 0.6089 0.1701999 0.6077 0.1717 0.6082 0.1707999 0.6075 0.1726999 0.6077 0.1717 0.6077 0.1736999 0.7321 0.7201 0.7309 0.7216 0.7307 0.7201 0.7309 0.7216 0.7321 0.7201 0.7323 0.7211 0.7317 0.7229 0.7323 0.7211 0.7328 0.7219 0.7323 0.7211 0.7317 0.7229 0.7309 0.7216 0.7336 0.7226 0.7317 0.7229 0.7328 0.7219 0.7317 0.7229 0.7336 0.7226 0.7328 0.7238 0.7328 0.7238 0.7345 0.7229 0.7343 0.7244001 0.7345 0.7229 0.7328 0.7238 0.7336 0.7226 0.7345 0.7229 0.7358 0.7244001 0.7343 0.7244001 0.7358 0.7244001 0.7345 0.7229 0.7355 0.7229 0.7355 0.7229 0.7372 0.7238 0.7358 0.7244001 0.7372 0.7238 0.7355 0.7229 0.7364 0.7226 0.7372 0.7219 0.7372 0.7238 0.7364 0.7226 0.7372 0.7238 0.7372 0.7219 0.7383 0.7229 0.7372 0.7219 0.7391 0.7216 0.7383 0.7229 0.7391 0.7216 0.7372 0.7219 0.7377 0.7211 0.7377 0.7211 0.7393 0.7201 0.7391 0.7216 0.7393 0.7201 0.7377 0.7211 0.7379 0.7201 0.7379 0.7201 0.7391 0.7186 0.7393 0.7201 0.7391 0.7186 0.7379 0.7201 0.7377 0.7191 0.7377 0.7191 0.7383 0.7173 0.7391 0.7186 0.7383 0.7173 0.7377 0.7191 0.7372 0.7183 0.7372 0.7183 0.7372 0.7164 0.7383 0.7173 0.7372 0.7164 0.7372 0.7183 0.7364 0.7176 0.7364 0.7176 0.7358 0.7158 0.7372 0.7164 0.7358 0.7158 0.7364 0.7176 0.7355 0.7173 0.7355 0.7173 0.7343 0.7158 0.7358 0.7158 0.7343 0.7158 0.7355 0.7173 0.7345 0.7173 0.7345 0.7173 0.7328 0.7164 0.7343 0.7158 0.7328 0.7164 0.7345 0.7173 0.7336 0.7176 0.7336 0.7176 0.7317 0.7173 0.7328 0.7164 0.7317 0.7173 0.7336 0.7176 0.7328 0.7183 0.7309 0.7186 0.7328 0.7183 0.7323 0.7191 0.7328 0.7183 0.7309 0.7186 0.7317 0.7173 0.7321 0.7201 0.7309 0.7186 0.7323 0.7191 0.7309 0.7186 0.7321 0.7201 0.7307 0.7201 0.7215 0.7102 0.7221 0.7112 0.7215 0.7112 0.7221 0.7112 0.7215 0.7102 0.7221 0.7102 0.7221 0.7121 0.7221 0.7112 0.7215 0.7112 0.7215 0.7112 0.7215 0.7121 0.7221 0.7121 0.5857 0.6339 0.5857 0.6346001 0.5863 0.6346001 0.5863 0.6346001 0.5863 0.6339 0.5857 0.6339 0.5857 0.6356 0.5863 0.6356 0.5863 0.6346001 0.5863 0.6346001 0.5857 0.6346001 0.5857 0.6356 0.5857 0.6365 0.5863 0.6365 0.5863 0.6356 0.5863 0.6356 0.5857 0.6356 0.5857 0.6365 0.5857 0.6365 0.5857 0.6375 0.5863 0.6375 0.5863 0.6375 0.5863 0.6365 0.5857 0.6365 0.5857 0.6382001 0.5863 0.6382001 0.5863 0.6375 0.5863 0.6375 0.5857 0.6375 0.5857 0.6382001 0.7592 0.8272 0.7592 0.8278 0.7601 0.8278 0.7601 0.8278 0.7601 0.8272 0.7592 0.8272 0.7601 0.8272 0.7601 0.8278 0.761 0.8278 0.761 0.8278 0.761 0.8272 0.7601 0.8272 0.761 0.8272 0.761 0.8278 0.762 0.8278 0.762 0.8278 0.762 0.8272 0.761 0.8272 0.762 0.8272 0.7629 0.8278 0.762 0.8278 0.7629 0.8278 0.762 0.8272 0.7629 0.8272 0.7544 0.8272 0.7552 0.8278 0.7544 0.8278 0.7552 0.8278 0.7544 0.8272 0.7552 0.8272 0.7552 0.8272 0.7561 0.8278 0.7552 0.8278 0.7561 0.8278 0.7552 0.8272 0.7561 0.8272 0.7561 0.8272 0.7571 0.8278 0.7561 0.8278 0.7571 0.8278 0.7561 0.8272 0.7571 0.8272 0.7571 0.8278 0.758 0.8272 0.758 0.8278 0.758 0.8272 0.7571 0.8278 0.7571 0.8272 0.7588 0.8278 0.758 0.8272 0.7588 0.8272 0.758 0.8272 0.7588 0.8278 0.758 0.8278 0.7221 0.7085 0.7215 0.7092 0.7215 0.7085 0.7215 0.7092 0.7221 0.7085 0.7221 0.7092 0.7215 0.7092 0.7221 0.7102 0.7215 0.7102 0.7221 0.7102 0.7215 0.7092 0.7221 0.7092 0.7364 0.4086 0.7379 0.4098 0.7364 0.4098 0.7379 0.4098 0.7364 0.4086 0.7379 0.4086 0.7364 0.4086 0.735 0.4098 0.735 0.4086 0.735 0.4098 0.7364 0.4086 0.7364 0.4098 0.737 0.5554 0.737 0.5565 0.7382 0.5565 0.7382 0.5565 0.7382 0.5554 0.737 0.5554 0.7382 0.5554 0.7382 0.5565 0.7396 0.5565 0.7396 0.5565 0.7396 0.5554 0.7382 0.5554 0.7396 0.5554 0.7396 0.5565 0.7411 0.5565 0.7411 0.5565 0.7411 0.5554 0.7396 0.5554 0.7411 0.5554 0.7411 0.5565 0.7425 0.5565 0.7425 0.5565 0.7425 0.5554 0.7411 0.5554 0.7425 0.5554 0.7425 0.5565 0.7436 0.5565 0.7436 0.5565 0.7436 0.5554 0.7425 0.5554 0.6291 0.736 0.6291 0.7349 0.6278 0.7349 0.6278 0.7349 0.6278 0.736 0.6291 0.736 0.6263 0.736 0.6278 0.736 0.6278 0.7349 0.6278 0.7349 0.6263 0.7349 0.6263 0.736 0.6263 0.736 0.6263 0.7349 0.6248 0.7349 0.6248 0.7349 0.6248 0.736 0.6263 0.736 0.6248 0.736 0.6248 0.7349 0.6235 0.7349 0.6235 0.7349 0.6235 0.736 0.6248 0.736 0.8833 0.5414 0.8845 0.5403 0.8845 0.5414 0.8845 0.5403 0.8833 0.5414 0.8833 0.5403 0.8833 0.5414 0.8819 0.5403 0.8833 0.5403 0.8819 0.5403 0.8833 0.5414 0.8819 0.5414 0.8819 0.5414 0.8804 0.5403 0.8819 0.5403 0.8804 0.5403 0.8819 0.5414 0.8804 0.5414 0.8804 0.5414 0.879 0.5403 0.8804 0.5403 0.879 0.5403 0.8804 0.5414 0.879 0.5414 0.879 0.5414 0.8779 0.5403 0.879 0.5403 0.8779 0.5403 0.879 0.5414 0.8779 0.5414 0.7405 0.4098 0.7393 0.4086 0.7405 0.4086 0.7393 0.4086 0.7405 0.4098 0.7393 0.4098 0.7393 0.4098 0.7379 0.4086 0.7393 0.4086 0.7379 0.4086 0.7393 0.4098 0.7379 0.4098 0.5789 0.2019 0.5784 0.1991 0.5797 0.2024999 0.5784 0.1991 0.5789 0.2019 0.5784 0.2009999 0.5797 0.2024999 0.5816 0.2028999 0.5806 0.2028999 0.5816 0.2028999 0.5797 0.2024999 0.5833 0.2019 0.5816 0.2028999 0.5833 0.2019 0.5825 0.2024999 0.5833 0.2019 0.584 0.1999999 0.5838 0.2009999 0.584 0.1999999 0.5833 0.2019 0.5833 0.1981999 0.584 0.1999999 0.5833 0.1981999 0.5838 0.1991 0.5797 0.1976 0.5825 0.1976 0.5833 0.1981999 0.5825 0.1976 0.5797 0.1976 0.5816 0.1972 0.5816 0.1972 0.5797 0.1976 0.5806 0.1972 0.5833 0.2019 0.5797 0.1976 0.5833 0.1981999 0.5797 0.1976 0.5833 0.2019 0.5797 0.2024999 0.5797 0.1976 0.5784 0.1991 0.5789 0.1981999 0.5784 0.1991 0.5797 0.1976 0.5797 0.2024999 0.5782 0.1999999 0.5784 0.1991 0.5784 0.2009999 0.7311 0.846 0.7328 0.847 0.7314 0.8475 0.7328 0.847 0.7311 0.846 0.7326 0.846 0.7321 0.8488 0.7328 0.847 0.7333 0.8478 0.7328 0.847 0.7321 0.8488 0.7314 0.8475 0.7321 0.8488 0.734 0.8485 0.7333 0.8497 0.734 0.8485 0.7321 0.8488 0.7333 0.8478 0.7347 0.8502 0.734 0.8485 0.735 0.8488 0.734 0.8485 0.7347 0.8502 0.7333 0.8497 0.7362 0.8502 0.735 0.8488 0.7359 0.8488 0.735 0.8488 0.7362 0.8502 0.7347 0.8502 0.7359 0.8488 0.7376 0.8497 0.7362 0.8502 0.7376 0.8497 0.7359 0.8488 0.7369 0.8485 0.7388 0.8488 0.7369 0.8485 0.7376 0.8478 0.7369 0.8485 0.7388 0.8488 0.7376 0.8497 0.7376 0.8478 0.7395 0.8475 0.7388 0.8488 0.7395 0.8475 0.7376 0.8478 0.7381 0.847 0.7395 0.8475 0.7383 0.846 0.7398 0.846 0.7383 0.846 0.7395 0.8475 0.7381 0.847 0.7395 0.8445 0.7383 0.846 0.7381 0.845 0.7383 0.846 0.7395 0.8445 0.7398 0.846 0.7388 0.8432 0.7381 0.845 0.7376 0.8442 0.7381 0.845 0.7388 0.8432 0.7395 0.8445 0.7376 0.8423 0.7376 0.8442 0.7369 0.8435 0.7376 0.8442 0.7376 0.8423 0.7388 0.8432 0.7376 0.8423 0.7359 0.8432 0.7362 0.8417 0.7359 0.8432 0.7376 0.8423 0.7369 0.8435 0.7362 0.8417 0.735 0.8432 0.7347 0.8417 0.735 0.8432 0.7362 0.8417 0.7359 0.8432 0.735 0.8432 0.7333 0.8423 0.7347 0.8417 0.7333 0.8423 0.735 0.8432 0.734 0.8435 0.734 0.8435 0.7321 0.8432 0.7333 0.8423 0.7321 0.8432 0.734 0.8435 0.7333 0.8442 0.7333 0.8442 0.7314 0.8445 0.7321 0.8432 0.7314 0.8445 0.7333 0.8442 0.7328 0.845 0.7311 0.846 0.7328 0.845 0.7326 0.846 0.7328 0.845 0.7311 0.846 0.7314 0.8445 0.7519 0.7314 0.7529 0.7319 0.7519 0.7319 0.7529 0.7319 0.7519 0.7314 0.7529 0.7314 0.7519 0.7314 0.7511 0.7319 0.7511 0.7314 0.7511 0.7319 0.7519 0.7314 0.7519 0.7319 0.7448 0.8272 0.7448 0.8278 0.7455 0.8278 0.7455 0.8278 0.7455 0.8272 0.7448 0.8272 0.7455 0.8278 0.7465 0.8278 0.7465 0.8272 0.7465 0.8272 0.7455 0.8272 0.7455 0.8278 0.7465 0.8278 0.7475 0.8278 0.7475 0.8272 0.7475 0.8272 0.7465 0.8272 0.7465 0.8278 0.7484 0.8278 0.7484 0.8272 0.7475 0.8272 0.7475 0.8272 0.7475 0.8278 0.7484 0.8278 0.7492 0.8278 0.7492 0.8272 0.7484 0.8272 0.7484 0.8272 0.7484 0.8278 0.7492 0.8278 0.7592 0.8296 0.7592 0.829 0.7584 0.829 0.7584 0.829 0.7584 0.8296 0.7592 0.8296 0.7602 0.829 0.7592 0.829 0.7592 0.8296 0.7592 0.8296 0.7602 0.8296 0.7602 0.829 0.7602 0.829 0.7602 0.8296 0.7612 0.8296 0.7612 0.8296 0.7612 0.829 0.7602 0.829 0.7612 0.8296 0.7621 0.8296 0.7621 0.829 0.7621 0.829 0.7612 0.829 0.7612 0.8296 0.7946 0.8748 0.7939 0.8742 0.7946 0.8742 0.7939 0.8742 0.7946 0.8748 0.7939 0.8748 0.7946 0.8748 0.7956 0.8742 0.7956 0.8748 0.7956 0.8742 0.7946 0.8748 0.7946 0.8742 0.7956 0.8742 0.7966 0.8748 0.7956 0.8748 0.7966 0.8748 0.7956 0.8742 0.7966 0.8742 0.7966 0.8748 0.7975 0.8742 0.7975 0.8748 0.7975 0.8742 0.7966 0.8748 0.7966 0.8742 0.7975 0.8742 0.7983 0.8748 0.7975 0.8748 0.7983 0.8748 0.7975 0.8742 0.7983 0.8742 0.7547 0.7314 0.7539 0.7319 0.7539 0.7314 0.7539 0.7319 0.7547 0.7314 0.7547 0.7319 0.7539 0.7314 0.7529 0.7319 0.7529 0.7314 0.7529 0.7319 0.7539 0.7314 0.7539 0.7319 0.7379 0.3792 0.7364 0.3781 0.7379 0.3781 0.7364 0.3781 0.7379 0.3792 0.7364 0.3792 0.735 0.3781 0.7364 0.3792 0.735 0.3792 0.7364 0.3792 0.735 0.3781 0.7364 0.3781 0.6361 0.7349 0.635 0.736 0.635 0.7349 0.635 0.736 0.6361 0.7349 0.6361 0.736 0.6336 0.736 0.635 0.7349 0.635 0.736 0.635 0.7349 0.6336 0.736 0.6336 0.7349 0.6336 0.7349 0.6321 0.736 0.6321 0.7349 0.6321 0.736 0.6336 0.7349 0.6336 0.736 0.6321 0.7349 0.6307 0.736 0.6307 0.7349 0.6307 0.736 0.6321 0.7349 0.6321 0.736 0.6307 0.736 0.6295 0.7349 0.6307 0.7349 0.6295 0.7349 0.6307 0.736 0.6295 0.736 0.629 0.733 0.6277 0.733 0.6277 0.7341 0.6277 0.7341 0.629 0.7341 0.629 0.733 0.6262 0.733 0.6262 0.7341 0.6277 0.7341 0.6277 0.7341 0.6277 0.733 0.6262 0.733 0.6262 0.733 0.6247 0.733 0.6247 0.7341 0.6247 0.7341 0.6262 0.7341 0.6262 0.733 0.6234 0.733 0.6234 0.7341 0.6247 0.7341 0.6247 0.7341 0.6247 0.733 0.6234 0.733 0.6177 0.7216 0.6188 0.7228 0.6177 0.7228 0.6188 0.7228 0.6177 0.7216 0.6188 0.7216 0.6188 0.7242 0.6177 0.7228 0.6188 0.7228 0.6177 0.7228 0.6188 0.7242 0.6177 0.7242 0.6177 0.7257 0.6188 0.7242 0.6188 0.7257 0.6188 0.7242 0.6177 0.7257 0.6177 0.7242 0.6177 0.7257 0.6188 0.7271 0.6177 0.7271 0.6188 0.7271 0.6177 0.7257 0.6188 0.7257 0.6188 0.7271 0.6177 0.7282 0.6177 0.7271 0.6177 0.7282 0.6188 0.7271 0.6188 0.7282 0.7405 0.3781 0.7393 0.3792 0.7393 0.3781 0.7393 0.3792 0.7405 0.3781 0.7405 0.3792 0.7393 0.3792 0.7379 0.3781 0.7393 0.3781 0.7379 0.3781 0.7393 0.3792 0.7379 0.3792 0.609 0.2059999 0.6085 0.2031999 0.6098 0.2067 0.6085 0.2031999 0.609 0.2059999 0.6085 0.2052 0.6134 0.2059999 0.6107 0.207 0.6098 0.2067 0.6107 0.207 0.6134 0.2059999 0.6117 0.207 0.6117 0.207 0.6134 0.2059999 0.6126 0.2067 0.6134 0.2059999 0.6141 0.2042 0.6139 0.2052 0.6141 0.2042 0.6134 0.2059999 0.6134 0.2024 0.6141 0.2042 0.6134 0.2024 0.6139 0.2031999 0.6134 0.2024 0.6117 0.2013999 0.6126 0.2016999 0.6117 0.2013999 0.6134 0.2024 0.6098 0.2016999 0.6117 0.2013999 0.6098 0.2016999 0.6107 0.2013999 0.6134 0.2059999 0.6098 0.2016999 0.6134 0.2024 0.6098 0.2016999 0.6134 0.2059999 0.6098 0.2067 0.6098 0.2067 0.609 0.2024 0.6098 0.2016999 0.609 0.2024 0.6098 0.2067 0.6085 0.2031999 0.6083 0.2042 0.6085 0.2031999 0.6085 0.2052 0.6428 0.6603 0.6411 0.6593 0.6426 0.6593 0.6411 0.6593 0.6428 0.6603 0.6414 0.6608 0.6421 0.6621 0.6428 0.6603 0.6433 0.6612 0.6428 0.6603 0.6421 0.6621 0.6414 0.6608 0.6433 0.6612 0.6433 0.6631 0.6421 0.6621 0.6433 0.6631 0.6433 0.6612 0.644 0.6618 0.6447 0.6636 0.644 0.6618 0.6449 0.6621 0.644 0.6618 0.6447 0.6636 0.6433 0.6631 0.6449 0.6621 0.6462 0.6636 0.6447 0.6636 0.6462 0.6636 0.6449 0.6621 0.6459 0.6621 0.6476 0.6631 0.6459 0.6621 0.6469 0.6618 0.6459 0.6621 0.6476 0.6631 0.6462 0.6636 0.6487 0.6621 0.6469 0.6618 0.6476 0.6612 0.6469 0.6618 0.6487 0.6621 0.6476 0.6631 0.6487 0.6621 0.6481 0.6603 0.6495 0.6608 0.6481 0.6603 0.6487 0.6621 0.6476 0.6612 0.6498 0.6593 0.6481 0.6603 0.6483 0.6593 0.6481 0.6603 0.6498 0.6593 0.6495 0.6608 0.6498 0.6593 0.6481 0.6584 0.6495 0.6579 0.6481 0.6584 0.6498 0.6593 0.6483 0.6593 0.6481 0.6584 0.6487 0.6566 0.6495 0.6579 0.6487 0.6566 0.6481 0.6584 0.6476 0.6575 0.6487 0.6566 0.6469 0.6569 0.6476 0.6556 0.6469 0.6569 0.6487 0.6566 0.6476 0.6575 0.6462 0.6551 0.6469 0.6569 0.6459 0.6565 0.6469 0.6569 0.6462 0.6551 0.6476 0.6556 0.6447 0.6551 0.6459 0.6565 0.6449 0.6565 0.6459 0.6565 0.6447 0.6551 0.6462 0.6551 0.6433 0.6556 0.6449 0.6565 0.644 0.6569 0.6449 0.6565 0.6433 0.6556 0.6447 0.6551 0.6433 0.6556 0.6433 0.6575 0.6421 0.6566 0.6433 0.6575 0.6433 0.6556 0.644 0.6569 0.6414 0.6579 0.6433 0.6575 0.6428 0.6584 0.6433 0.6575 0.6414 0.6579 0.6421 0.6566 0.6428 0.6584 0.6411 0.6593 0.6414 0.6579 0.6411 0.6593 0.6428 0.6584 0.6426 0.6593 0.7028 0.6979 0.7034 0.6988 0.7028 0.6988 0.7034 0.6988 0.7028 0.6979 0.7034 0.6979 0.7028 0.6997 0.7034 0.6988 0.7034 0.6997 0.7034 0.6988 0.7028 0.6997 0.7028 0.6988 0.7496 0.8278 0.7504 0.8272 0.7504 0.8278 0.7504 0.8272 0.7496 0.8278 0.7496 0.8272 0.7504 0.8278 0.7513 0.8278 0.7513 0.8272 0.7513 0.8272 0.7504 0.8272 0.7504 0.8278 0.7513 0.8278 0.7523 0.8278 0.7523 0.8272 0.7523 0.8272 0.7513 0.8272 0.7513 0.8278 0.7523 0.8272 0.7523 0.8278 0.7532 0.8278 0.7532 0.8278 0.7532 0.8272 0.7523 0.8272 0.754 0.8272 0.7532 0.8272 0.7532 0.8278 0.7532 0.8278 0.754 0.8278 0.754 0.8272 0.7069 0.7072 0.7069 0.7081 0.7075 0.7081 0.7075 0.7081 0.7075 0.7072 0.7069 0.7072 0.7075 0.7091 0.7075 0.7081 0.7069 0.7081 0.7069 0.7081 0.7069 0.7091 0.7075 0.7091 0.7069 0.7101 0.7075 0.7101 0.7075 0.7091 0.7075 0.7091 0.7069 0.7091 0.7069 0.7101 0.7075 0.7101 0.7069 0.7101 0.7069 0.7109 0.7069 0.7109 0.7075 0.7109 0.7075 0.7101 0.7495 0.8296 0.7495 0.829 0.7488 0.829 0.7488 0.829 0.7488 0.8296 0.7495 0.8296 0.7495 0.8296 0.7505 0.829 0.7505 0.8296 0.7505 0.829 0.7495 0.8296 0.7495 0.829 0.7514 0.8296 0.7505 0.829 0.7514 0.829 0.7505 0.829 0.7514 0.8296 0.7505 0.8296 0.7514 0.8296 0.7524 0.829 0.7524 0.8296 0.7524 0.829 0.7514 0.8296 0.7514 0.829 0.7524 0.8296 0.7531 0.829 0.7531 0.8296 0.7531 0.829 0.7524 0.8296 0.7524 0.829 0.7028 0.696 0.7034 0.6969 0.7028 0.6969 0.7034 0.6969 0.7028 0.696 0.7034 0.696 0.7028 0.6969 0.7034 0.6979 0.7028 0.6979 0.7034 0.6979 0.7028 0.6969 0.7034 0.6969 0.6562 0.624 0.6547 0.6251 0.6547 0.624 0.6547 0.6251 0.6562 0.624 0.6562 0.6251 0.6547 0.624 0.6533 0.6251 0.6533 0.624 0.6533 0.6251 0.6547 0.624 0.6547 0.6251 0.8687 0.4375 0.8675 0.4386 0.8675 0.4375 0.8675 0.4386 0.8687 0.4375 0.8687 0.4386 0.8675 0.4375 0.8661 0.4386 0.8661 0.4375 0.8661 0.4386 0.8675 0.4375 0.8675 0.4386 0.8661 0.4375 0.8646 0.4386 0.8646 0.4375 0.8646 0.4386 0.8661 0.4375 0.8661 0.4386 0.8646 0.4375 0.8632 0.4386 0.8632 0.4375 0.8632 0.4386 0.8646 0.4375 0.8646 0.4386 0.8632 0.4375 0.862 0.4386 0.862 0.4375 0.862 0.4386 0.8632 0.4375 0.8632 0.4386 0.7643 0.3556 0.763 0.3556 0.763 0.3567 0.763 0.3567 0.7643 0.3567 0.7643 0.3556 0.763 0.3556 0.7615 0.3556 0.7615 0.3567 0.7615 0.3567 0.763 0.3567 0.763 0.3556 0.7615 0.3556 0.76 0.3556 0.76 0.3567 0.76 0.3567 0.7615 0.3567 0.7615 0.3556 0.76 0.3556 0.7587 0.3556 0.7587 0.3567 0.7587 0.3567 0.76 0.3567 0.76 0.3556 0.6214 0.726 0.6225 0.7272 0.6214 0.7272 0.6225 0.7272 0.6214 0.726 0.6225 0.726 0.6214 0.7272 0.6225 0.7286 0.6214 0.7286 0.6225 0.7286 0.6214 0.7272 0.6225 0.7272 0.6214 0.7286 0.6225 0.7301 0.6214 0.7301 0.6225 0.7301 0.6214 0.7286 0.6225 0.7286 0.6214 0.7301 0.6225 0.7315 0.6214 0.7315 0.6225 0.7315 0.6214 0.7301 0.6225 0.7301 0.6214 0.7315 0.6225 0.7326 0.6214 0.7326 0.6225 0.7326 0.6214 0.7315 0.6225 0.7315 0.6587 0.624 0.6576 0.6251 0.6576 0.624 0.6576 0.6251 0.6587 0.624 0.6587 0.6251 0.6562 0.6251 0.6576 0.624 0.6576 0.6251 0.6576 0.624 0.6562 0.6251 0.6562 0.624 0.7356 0.9259 0.7368 0.9274 0.7361 0.9267 0.7368 0.9274 0.7356 0.9259 0.7356 0.9239 0.7368 0.9274 0.7387 0.9277 0.7377 0.9277 0.7387 0.9277 0.7368 0.9274 0.7404 0.9267 0.7387 0.9277 0.7404 0.9267 0.7397 0.9274 0.7404 0.9267 0.7411 0.9249 0.7409 0.9259 0.7411 0.9249 0.7404 0.9267 0.7404 0.9231 0.7411 0.9249 0.7404 0.9231 0.7409 0.9239 0.7404 0.9231 0.7387 0.9221 0.7397 0.9224 0.7387 0.9221 0.7404 0.9231 0.7368 0.9224 0.7387 0.9221 0.7368 0.9224 0.7377 0.9221 0.7368 0.9274 0.7404 0.9231 0.7404 0.9267 0.7404 0.9231 0.7368 0.9274 0.7368 0.9224 0.7361 0.9231 0.7368 0.9274 0.7356 0.9239 0.7368 0.9274 0.7361 0.9231 0.7368 0.9224 0.7354 0.9249 0.7356 0.9239 0.7356 0.9259 0.6138 0.5094 0.6126 0.5109 0.6123 0.5094 0.6126 0.5109 0.6138 0.5094 0.614 0.5104 0.6133 0.5122 0.614 0.5104 0.6145 0.5112 0.614 0.5104 0.6133 0.5122 0.6126 0.5109 0.6152 0.5119 0.6133 0.5122 0.6145 0.5112 0.6133 0.5122 0.6152 0.5119 0.6145 0.5131 0.6152 0.5119 0.6159 0.5137 0.6145 0.5131 0.6159 0.5137 0.6152 0.5119 0.6162 0.5122 0.6162 0.5122 0.6174 0.5137 0.6159 0.5137 0.6174 0.5137 0.6162 0.5122 0.6172 0.5122 0.6174 0.5137 0.6181 0.5119 0.6188 0.5131 0.6181 0.5119 0.6174 0.5137 0.6172 0.5122 0.6181 0.5119 0.62 0.5122 0.6188 0.5131 0.62 0.5122 0.6181 0.5119 0.6188 0.5112 0.6188 0.5112 0.6207 0.5109 0.62 0.5122 0.6207 0.5109 0.6188 0.5112 0.6193 0.5104 0.6207 0.5109 0.6195 0.5094 0.621 0.5094 0.6195 0.5094 0.6207 0.5109 0.6193 0.5104 0.6195 0.5094 0.6207 0.5079 0.621 0.5094 0.6207 0.5079 0.6195 0.5094 0.6193 0.5084 0.6193 0.5084 0.62 0.5066 0.6207 0.5079 0.62 0.5066 0.6193 0.5084 0.6188 0.5076 0.6181 0.5069 0.62 0.5066 0.6188 0.5076 0.62 0.5066 0.6181 0.5069 0.6188 0.5057 0.6188 0.5057 0.6172 0.5066 0.6174 0.5052 0.6172 0.5066 0.6188 0.5057 0.6181 0.5069 0.6162 0.5066 0.6174 0.5052 0.6172 0.5066 0.6174 0.5052 0.6162 0.5066 0.6159 0.5052 0.6162 0.5066 0.6145 0.5057 0.6159 0.5052 0.6145 0.5057 0.6162 0.5066 0.6152 0.5069 0.6152 0.5069 0.6133 0.5066 0.6145 0.5057 0.6133 0.5066 0.6152 0.5069 0.6145 0.5076 0.6133 0.5066 0.614 0.5084 0.6126 0.5079 0.614 0.5084 0.6133 0.5066 0.6145 0.5076 0.6126 0.5079 0.6138 0.5094 0.6123 0.5094 0.6138 0.5094 0.6126 0.5079 0.614 0.5084 0.783 0.761 0.782 0.7616 0.782 0.761 0.782 0.7616 0.783 0.761 0.783 0.7616 0.7811 0.7616 0.782 0.761 0.782 0.7616 0.782 0.761 0.7811 0.7616 0.7811 0.761 0.7939 0.8724 0.7946 0.873 0.7939 0.873 0.7946 0.873 0.7939 0.8724 0.7946 0.8724 0.7955 0.8724 0.7946 0.873 0.7946 0.8724 0.7946 0.873 0.7955 0.8724 0.7955 0.873 0.7955 0.8724 0.7965 0.873 0.7955 0.873 0.7965 0.873 0.7955 0.8724 0.7965 0.8724 0.7965 0.8724 0.7965 0.873 0.7975 0.873 0.7975 0.873 0.7975 0.8724 0.7965 0.8724 0.7975 0.873 0.7982 0.873 0.7982 0.8724 0.7982 0.8724 0.7975 0.8724 0.7975 0.873 0.7215 0.7052 0.7221 0.7052 0.7221 0.7044 0.7221 0.7044 0.7215 0.7044 0.7215 0.7052 0.7221 0.7052 0.7215 0.7052 0.7215 0.7062 0.7215 0.7062 0.7221 0.7062 0.7221 0.7052 0.7221 0.7062 0.7215 0.7062 0.7215 0.7072 0.7215 0.7072 0.7221 0.7072 0.7221 0.7062 0.7221 0.7072 0.7215 0.7072 0.7215 0.708 0.7215 0.708 0.7221 0.708 0.7221 0.7072 0.7987 0.8742 0.7987 0.8748 0.7995 0.8748 0.7995 0.8748 0.7995 0.8742 0.7987 0.8742 0.7995 0.8742 0.7995 0.8748 0.8004 0.8748 0.8004 0.8748 0.8004 0.8742 0.7995 0.8742 0.8004 0.8742 0.8014 0.8748 0.8004 0.8748 0.8014 0.8748 0.8004 0.8742 0.8014 0.8742 0.8014 0.8742 0.8023 0.8748 0.8014 0.8748 0.8023 0.8748 0.8014 0.8742 0.8023 0.8742 0.8023 0.8748 0.8031 0.8742 0.8031 0.8748 0.8031 0.8742 0.8023 0.8748 0.8023 0.8742 0.7848 0.761 0.7839 0.7616 0.7839 0.761 0.7839 0.7616 0.7848 0.761 0.7848 0.7616 0.7839 0.761 0.783 0.7616 0.783 0.761 0.783 0.7616 0.7839 0.761 0.7839 0.7616 0.7823 0.8244 0.7808 0.8255 0.7808 0.8244 0.7808 0.8255 0.7823 0.8244 0.7823 0.8255 0.7808 0.8244 0.7793 0.8255 0.7793 0.8244 0.7793 0.8255 0.7808 0.8244 0.7808 0.8255 0.8845 0.5819 0.8833 0.583 0.8833 0.5819 0.8833 0.583 0.8845 0.5819 0.8845 0.583 0.8833 0.5819 0.8819 0.583 0.8819 0.5819 0.8819 0.583 0.8833 0.5819 0.8833 0.583 0.8819 0.5819 0.8804 0.583 0.8804 0.5819 0.8804 0.583 0.8819 0.5819 0.8819 0.583 0.8804 0.5819 0.879 0.583 0.879 0.5819 0.879 0.583 0.8804 0.5819 0.8804 0.583 0.879 0.5819 0.8779 0.583 0.8779 0.5819 0.8779 0.583 0.879 0.5819 0.879 0.583 0.6228 0.27 0.6215 0.27 0.6215 0.2711 0.6215 0.2711 0.6228 0.2711 0.6228 0.27 0.6215 0.27 0.62 0.27 0.62 0.2711 0.62 0.2711 0.6215 0.2711 0.6215 0.27 0.62 0.27 0.6185 0.27 0.6185 0.2711 0.6185 0.2711 0.62 0.2711 0.62 0.27 0.6185 0.27 0.6172 0.27 0.6172 0.2711 0.6172 0.2711 0.6185 0.2711 0.6185 0.27 0.6414 0.7216 0.6425 0.7228 0.6414 0.7228 0.6425 0.7228 0.6414 0.7216 0.6425 0.7216 0.6414 0.7228 0.6425 0.7242 0.6414 0.7242 0.6425 0.7242 0.6414 0.7228 0.6425 0.7228 0.6414 0.7242 0.6425 0.7257 0.6414 0.7257 0.6425 0.7257 0.6414 0.7242 0.6425 0.7242 0.6414 0.7257 0.6425 0.7271 0.6414 0.7271 0.6425 0.7271 0.6414 0.7257 0.6425 0.7257 0.6414 0.7271 0.6425 0.7282 0.6414 0.7282 0.6425 0.7282 0.6414 0.7271 0.6425 0.7271 0.7848 0.8244 0.7837 0.8255 0.7837 0.8244 0.7837 0.8255 0.7848 0.8244 0.7848 0.8255 0.7823 0.8255 0.7837 0.8244 0.7837 0.8255 0.7837 0.8244 0.7823 0.8255 0.7823 0.8244 0.6085 0.189 0.6098 0.1905 0.609 0.1898999 0.6098 0.1905 0.6085 0.189 0.6085 0.1870999 0.6098 0.1905 0.6117 0.1909 0.6107 0.1909 0.6117 0.1909 0.6098 0.1905 0.6134 0.1898999 0.6117 0.1909 0.6134 0.1898999 0.6126 0.1905 0.6134 0.1898999 0.6141 0.188 0.6139 0.189 0.6141 0.188 0.6134 0.1898999 0.6134 0.1862 0.6141 0.188 0.6134 0.1862 0.6139 0.1870999 0.6134 0.1862 0.6117 0.1851999 0.6126 0.1855999 0.6117 0.1851999 0.6134 0.1862 0.6098 0.1855999 0.6117 0.1851999 0.6098 0.1855999 0.6107 0.1851999 0.6098 0.1905 0.6134 0.1862 0.6134 0.1898999 0.6134 0.1862 0.6098 0.1905 0.6098 0.1855999 0.609 0.1862 0.6098 0.1905 0.6085 0.1870999 0.6098 0.1905 0.609 0.1862 0.6098 0.1855999 0.6083 0.188 0.6085 0.1870999 0.6085 0.189 0.9495 0.9952 0.9483 0.9967 0.948 0.9952 0.9483 0.9967 0.9495 0.9952 0.9497 0.9962 0.9491 0.998 0.9497 0.9962 0.9502 0.9971 0.9497 0.9962 0.9491 0.998 0.9483 0.9967 0.9509 0.9977 0.9491 0.998 0.9502 0.9971 0.9491 0.998 0.9509 0.9977 0.9502 0.999 0.9509 0.9977 0.9516 0.9995 0.9502 0.999 0.9516 0.9995 0.9509 0.9977 0.9519 0.9981 0.9519 0.9981 0.9531 0.9995 0.9516 0.9995 0.9531 0.9995 0.9519 0.9981 0.9529 0.9981 0.9531 0.9995 0.9538 0.9977 0.9545 0.999 0.9538 0.9977 0.9531 0.9995 0.9529 0.9981 0.9538 0.9977 0.9557 0.998 0.9545 0.999 0.9557 0.998 0.9538 0.9977 0.9546 0.9971 0.9546 0.9971 0.9564 0.9967 0.9557 0.998 0.9564 0.9967 0.9546 0.9971 0.955 0.9962 0.9564 0.9967 0.9552 0.9952 0.9567 0.9952 0.9552 0.9952 0.9564 0.9967 0.955 0.9962 0.9552 0.9952 0.9564 0.9938 0.9567 0.9952 0.9564 0.9938 0.9552 0.9952 0.955 0.9943 0.955 0.9943 0.9557 0.9925 0.9564 0.9938 0.9557 0.9925 0.955 0.9943 0.9546 0.9934 0.9538 0.9928 0.9557 0.9925 0.9546 0.9934 0.9557 0.9925 0.9538 0.9928 0.9545 0.9915 0.9545 0.9915 0.9529 0.9924 0.9531 0.991 0.9529 0.9924 0.9545 0.9915 0.9538 0.9928 0.9519 0.9924 0.9531 0.991 0.9529 0.9924 0.9531 0.991 0.9519 0.9924 0.9516 0.991 0.9519 0.9924 0.9502 0.9915 0.9516 0.991 0.9502 0.9915 0.9519 0.9924 0.9509 0.9928 0.9509 0.9928 0.9491 0.9925 0.9502 0.9915 0.9491 0.9925 0.9509 0.9928 0.9502 0.9934 0.9491 0.9925 0.9497 0.9943 0.9483 0.9938 0.9497 0.9943 0.9491 0.9925 0.9502 0.9934 0.9483 0.9938 0.9495 0.9952 0.948 0.9952 0.9495 0.9952 0.9483 0.9938 0.9497 0.9943 0.7018 0.6977 0.7024 0.6987 0.7018 0.6987 0.7024 0.6987 0.7018 0.6977 0.7024 0.6977 0.7024 0.6997 0.7018 0.6987 0.7024 0.6987 0.7018 0.6987 0.7024 0.6997 0.7018 0.6997 0.8035 0.8742 0.8043 0.8748 0.8035 0.8748 0.8043 0.8748 0.8035 0.8742 0.8043 0.8742 0.8052 0.8742 0.8043 0.8748 0.8043 0.8742 0.8043 0.8748 0.8052 0.8742 0.8052 0.8748 0.8052 0.8742 0.8062 0.8748 0.8052 0.8748 0.8062 0.8748 0.8052 0.8742 0.8062 0.8742 0.8062 0.8742 0.8071 0.8748 0.8062 0.8748 0.8071 0.8748 0.8062 0.8742 0.8071 0.8742 0.8071 0.8748 0.8079 0.8748 0.8079 0.8742 0.8079 0.8742 0.8071 0.8742 0.8071 0.8748 0.7633 0.8296 0.7633 0.829 0.7625 0.829 0.7625 0.829 0.7625 0.8296 0.7633 0.8296 0.7633 0.829 0.7633 0.8296 0.7643 0.8296 0.7643 0.8296 0.7643 0.829 0.7633 0.829 0.7643 0.829 0.7643 0.8296 0.7653 0.8296 0.7653 0.8296 0.7653 0.829 0.7643 0.829 0.7653 0.829 0.7653 0.8296 0.7662 0.8296 0.7662 0.8296 0.7662 0.829 0.7653 0.829 0.8035 0.8724 0.8035 0.873 0.8042 0.873 0.8042 0.873 0.8042 0.8724 0.8035 0.8724 0.8042 0.8724 0.8042 0.873 0.8052 0.873 0.8052 0.873 0.8052 0.8724 0.8042 0.8724 0.8052 0.8724 0.8052 0.873 0.8062 0.873 0.8062 0.873 0.8062 0.8724 0.8052 0.8724 0.8062 0.8724 0.8062 0.873 0.8071 0.873 0.8071 0.873 0.8071 0.8724 0.8062 0.8724 0.8071 0.873 0.8078 0.8724 0.8078 0.873 0.8078 0.8724 0.8071 0.873 0.8071 0.8724 0.7018 0.696 0.7024 0.6968 0.7018 0.6968 0.7024 0.6968 0.7018 0.696 0.7024 0.696 0.7018 0.6968 0.7024 0.6977 0.7018 0.6977 0.7024 0.6977 0.7018 0.6968 0.7024 0.6968 0.854 0.3435 0.8525 0.3446 0.8525 0.3435 0.8525 0.3446 0.854 0.3435 0.854 0.3446 0.8525 0.3435 0.8511 0.3446 0.8511 0.3435 0.8511 0.3446 0.8525 0.3435 0.8525 0.3446 0.6446 0.865 0.6457 0.8661 0.6446 0.8661 0.6457 0.8661 0.6446 0.865 0.6457 0.865 0.6446 0.8661 0.6457 0.8675 0.6446 0.8675 0.6457 0.8675 0.6446 0.8661 0.6457 0.8661 0.6446 0.8675 0.6457 0.869 0.6446 0.869 0.6457 0.869 0.6446 0.8675 0.6457 0.8675 0.6446 0.869 0.6457 0.8704 0.6446 0.8704 0.6457 0.8704 0.6446 0.869 0.6457 0.869 0.6446 0.8704 0.6457 0.8716 0.6446 0.8716 0.6457 0.8716 0.6446 0.8704 0.6457 0.8704 0.7843 0.5142 0.783 0.5142 0.783 0.5153 0.783 0.5153 0.7843 0.5153 0.7843 0.5142 0.783 0.5142 0.7815 0.5142 0.7815 0.5153 0.7815 0.5153 0.783 0.5153 0.783 0.5142 0.7815 0.5142 0.78 0.5142 0.78 0.5153 0.78 0.5153 0.7815 0.5153 0.7815 0.5142 0.78 0.5142 0.7787 0.5142 0.7787 0.5153 0.7787 0.5153 0.78 0.5153 0.78 0.5142 0.9019 0.9665 0.903 0.9665 0.903 0.9654 0.903 0.9654 0.9019 0.9654 0.9019 0.9665 0.903 0.9665 0.9044 0.9665 0.9044 0.9654 0.9044 0.9654 0.903 0.9654 0.903 0.9665 0.9044 0.9665 0.9059 0.9665 0.9059 0.9654 0.9059 0.9654 0.9044 0.9654 0.9044 0.9665 0.9059 0.9665 0.9073 0.9665 0.9073 0.9654 0.9073 0.9654 0.9059 0.9654 0.9059 0.9665 0.9073 0.9665 0.9085 0.9665 0.9085 0.9654 0.9085 0.9654 0.9073 0.9654 0.9073 0.9665 0.8565 0.3435 0.8554 0.3446 0.8554 0.3435 0.8554 0.3446 0.8565 0.3435 0.8565 0.3446 0.854 0.3446 0.8554 0.3435 0.8554 0.3446 0.8554 0.3435 0.854 0.3446 0.854 0.3435 0.6031 0.1557999 0.6044 0.1572999 0.6036 0.1567 0.6044 0.1572999 0.6031 0.1557999 0.6031 0.1539 0.6044 0.1572999 0.6063 0.1577 0.6053 0.1577 0.6063 0.1577 0.6044 0.1572999 0.608 0.1567 0.6063 0.1577 0.608 0.1567 0.6072 0.1572999 0.608 0.1567 0.6087 0.1549 0.6085 0.1557999 0.6087 0.1549 0.608 0.1567 0.608 0.1529999 0.6087 0.1549 0.608 0.1529999 0.6085 0.1539 0.608 0.1529999 0.6063 0.152 0.6072 0.1524 0.6063 0.152 0.608 0.1529999 0.6044 0.1524 0.6063 0.152 0.6044 0.1524 0.6053 0.152 0.6044 0.1572999 0.608 0.1529999 0.608 0.1567 0.608 0.1529999 0.6044 0.1572999 0.6044 0.1524 0.6036 0.1529999 0.6044 0.1572999 0.6031 0.1539 0.6044 0.1572999 0.6036 0.1529999 0.6044 0.1524 0.603 0.1549 0.6031 0.1539 0.6031 0.1557999 0.8448 0.7798 0.8436 0.7813 0.8433 0.7798 0.8436 0.7813 0.8448 0.7798 0.8449 0.7808 0.8443 0.7826 0.8449 0.7808 0.8454 0.7817 0.8449 0.7808 0.8443 0.7826 0.8436 0.7813 0.8462 0.7823 0.8443 0.7826 0.8454 0.7817 0.8443 0.7826 0.8462 0.7823 0.8455 0.7836 0.8462 0.7823 0.8469 0.7841 0.8455 0.7836 0.8469 0.7841 0.8462 0.7823 0.8471 0.7826 0.8471 0.7826 0.8484 0.7841 0.8469 0.7841 0.8484 0.7841 0.8471 0.7826 0.8481 0.7826 0.8484 0.7841 0.8491 0.7823 0.8498 0.7836 0.8491 0.7823 0.8484 0.7841 0.8481 0.7826 0.8491 0.7823 0.8509 0.7826 0.8498 0.7836 0.8509 0.7826 0.8491 0.7823 0.8498 0.7817 0.8498 0.7817 0.8517 0.7813 0.8509 0.7826 0.8517 0.7813 0.8498 0.7817 0.8503 0.7808 0.8517 0.7813 0.8505 0.7798 0.852 0.7798 0.8505 0.7798 0.8517 0.7813 0.8503 0.7808 0.8505 0.7798 0.8517 0.7783 0.852 0.7798 0.8517 0.7783 0.8505 0.7798 0.8503 0.7788 0.8503 0.7788 0.8509 0.777 0.8517 0.7783 0.8509 0.777 0.8503 0.7788 0.8498 0.778 0.8491 0.7773 0.8509 0.777 0.8498 0.778 0.8509 0.777 0.8491 0.7773 0.8498 0.7761 0.8498 0.7761 0.8481 0.777 0.8484 0.7756 0.8481 0.777 0.8498 0.7761 0.8491 0.7773 0.8471 0.777 0.8484 0.7756 0.8481 0.777 0.8484 0.7756 0.8471 0.777 0.8469 0.7756 0.8471 0.777 0.8455 0.7761 0.8469 0.7756 0.8455 0.7761 0.8471 0.777 0.8462 0.7773 0.8462 0.7773 0.8443 0.777 0.8455 0.7761 0.8443 0.777 0.8462 0.7773 0.8454 0.778 0.8443 0.777 0.8449 0.7788 0.8436 0.7783 0.8449 0.7788 0.8443 0.777 0.8454 0.778 0.8436 0.7783 0.8448 0.7798 0.8433 0.7798 0.8448 0.7798 0.8436 0.7783 0.8449 0.7788 0.727 0.6977 0.7276 0.6987 0.727 0.6987 0.7276 0.6987 0.727 0.6977 0.7276 0.6977 0.7276 0.6997 0.727 0.6987 0.7276 0.6987 0.727 0.6987 0.7276 0.6997 0.727 0.6997 0.7536 0.829 0.7543 0.8296 0.7536 0.8296 0.7543 0.8296 0.7536 0.829 0.7543 0.829 0.7553 0.829 0.7543 0.8296 0.7543 0.829 0.7543 0.8296 0.7553 0.829 0.7553 0.8296 0.7553 0.829 0.7563 0.8296 0.7553 0.8296 0.7563 0.8296 0.7553 0.829 0.7563 0.829 0.7563 0.829 0.7572 0.8296 0.7563 0.8296 0.7572 0.8296 0.7563 0.829 0.7572 0.829 0.7572 0.8296 0.758 0.829 0.758 0.8296 0.758 0.829 0.7572 0.8296 0.7572 0.829 0.7233 0.7081 0.7239 0.7081 0.7239 0.7072 0.7239 0.7072 0.7233 0.7072 0.7233 0.7081 0.7239 0.7081 0.7233 0.7081 0.7233 0.7091 0.7233 0.7091 0.7239 0.7091 0.7239 0.7081 0.7239 0.7091 0.7233 0.7091 0.7233 0.7101 0.7233 0.7101 0.7239 0.7101 0.7239 0.7091 0.7239 0.7101 0.7233 0.7101 0.7233 0.7109 0.7233 0.7109 0.7239 0.7109 0.7239 0.7101 0.8083 0.8724 0.8083 0.873 0.809 0.873 0.809 0.873 0.809 0.8724 0.8083 0.8724 0.809 0.8724 0.809 0.873 0.81 0.873 0.81 0.873 0.81 0.8724 0.809 0.8724 0.81 0.8724 0.81 0.873 0.811 0.873 0.811 0.873 0.811 0.8724 0.81 0.8724 0.811 0.8724 0.811 0.873 0.8119 0.873 0.8119 0.873 0.8119 0.8724 0.811 0.8724 0.8119 0.873 0.8127 0.873 0.8127 0.8724 0.8127 0.8724 0.8119 0.8724 0.8119 0.873 0.727 0.696 0.7276 0.6968 0.727 0.6968 0.7276 0.6968 0.727 0.696 0.7276 0.696 0.727 0.6968 0.7276 0.6977 0.727 0.6977 0.7276 0.6977 0.727 0.6968 0.7276 0.6968 0.6927 0.6274001 0.6912 0.6285 0.6912 0.6274001 0.6912 0.6285 0.6927 0.6274001 0.6927 0.6285 0.6912 0.6274001 0.6898 0.6285 0.6898 0.6274001 0.6898 0.6285 0.6912 0.6274001 0.6912 0.6285 0.642 0.8605 0.6431 0.8617 0.642 0.8617 0.6431 0.8617 0.642 0.8605 0.6431 0.8605 0.642 0.8617 0.6431 0.8631 0.642 0.8631 0.6431 0.8631 0.642 0.8617 0.6431 0.8617 0.642 0.8631 0.6431 0.8646 0.642 0.8646 0.6431 0.8646 0.642 0.8631 0.6431 0.8631 0.642 0.8646 0.6431 0.866 0.642 0.866 0.6431 0.866 0.642 0.8646 0.6431 0.8646 0.642 0.866 0.6431 0.8671 0.642 0.8671 0.6431 0.8671 0.642 0.866 0.6431 0.866 0.8676 0.407 0.8663 0.4081 0.8663 0.407 0.8663 0.4081 0.8676 0.407 0.8676 0.4081 0.8663 0.407 0.8648 0.4081 0.8648 0.407 0.8648 0.4081 0.8663 0.407 0.8663 0.4081 0.8648 0.407 0.8633 0.4081 0.8633 0.407 0.8633 0.4081 0.8648 0.407 0.8648 0.4081 0.8633 0.407 0.862 0.4081 0.862 0.407 0.862 0.4081 0.8633 0.407 0.8633 0.4081 0.6389 0.7172001 0.6389 0.7183 0.64 0.7183 0.64 0.7183 0.64 0.7172001 0.6389 0.7172001 0.6389 0.7183 0.6389 0.7197 0.64 0.7197 0.64 0.7197 0.64 0.7183 0.6389 0.7183 0.6389 0.7197 0.6389 0.7212 0.64 0.7212 0.64 0.7212 0.64 0.7197 0.6389 0.7197 0.6389 0.7212 0.6389 0.7226 0.64 0.7226 0.64 0.7226 0.64 0.7212 0.6389 0.7212 0.6389 0.7226 0.6389 0.7238 0.64 0.7238 0.64 0.7238 0.64 0.7226 0.6389 0.7226 0.6953 0.6274001 0.6941 0.6285 0.6941 0.6274001 0.6941 0.6285 0.6953 0.6274001 0.6953 0.6285 0.6927 0.6285 0.6941 0.6274001 0.6941 0.6285 0.6941 0.6274001 0.6927 0.6285 0.6927 0.6274001 0.6378 0.1777999 0.639 0.1793 0.6383 0.1786999 0.639 0.1793 0.6378 0.1777999 0.6378 0.1758999 0.639 0.1793 0.641 0.1797 0.64 0.1797 0.641 0.1797 0.639 0.1793 0.6427 0.1786999 0.641 0.1797 0.6427 0.1786999 0.6419 0.1793 0.6427 0.1786999 0.6433 0.1769 0.6431 0.1777999 0.6433 0.1769 0.6427 0.1786999 0.6427 0.175 0.6433 0.1769 0.6427 0.175 0.6431 0.1758999 0.6427 0.175 0.641 0.174 0.6419 0.1743999 0.641 0.174 0.6427 0.175 0.639 0.1743999 0.641 0.174 0.639 0.1743999 0.64 0.174 0.639 0.1793 0.6427 0.175 0.6427 0.1786999 0.6427 0.175 0.639 0.1793 0.639 0.1743999 0.6383 0.175 0.639 0.1793 0.6378 0.1758999 0.639 0.1793 0.6383 0.175 0.639 0.1743999 0.6376 0.1769 0.6378 0.1758999 0.6378 0.1777999 0.7754 0.9774 0.7742 0.9789 0.7739 0.9774 0.7742 0.9789 0.7754 0.9774 0.7756 0.9784 0.775 0.9802 0.7756 0.9784 0.7761 0.9792 0.7756 0.9784 0.775 0.9802 0.7742 0.9789 0.7768 0.9799 0.775 0.9802 0.7761 0.9792 0.775 0.9802 0.7768 0.9799 0.7761 0.9811 0.7768 0.9799 0.7775 0.9817 0.7761 0.9811 0.7775 0.9817 0.7768 0.9799 0.7778 0.9802 0.7778 0.9802 0.779 0.9817 0.7775 0.9817 0.779 0.9817 0.7778 0.9802 0.7788 0.9802 0.779 0.9817 0.7797 0.9799 0.7804 0.9811 0.7797 0.9799 0.779 0.9817 0.7788 0.9802 0.7797 0.9799 0.7816 0.9802 0.7804 0.9811 0.7816 0.9802 0.7797 0.9799 0.7805 0.9792 0.7805 0.9792 0.7823 0.9789 0.7816 0.9802 0.7823 0.9789 0.7805 0.9792 0.781 0.9784 0.7823 0.9789 0.7811 0.9774 0.7826 0.9774 0.7811 0.9774 0.7823 0.9789 0.781 0.9784 0.7811 0.9774 0.7823 0.9759 0.7826 0.9774 0.7823 0.9759 0.7811 0.9774 0.781 0.9764 0.781 0.9764 0.7816 0.9746 0.7823 0.9759 0.7816 0.9746 0.781 0.9764 0.7805 0.9756 0.7797 0.9749 0.7816 0.9746 0.7805 0.9756 0.7816 0.9746 0.7797 0.9749 0.7804 0.9737 0.7804 0.9737 0.7788 0.9746 0.779 0.9731 0.7788 0.9746 0.7804 0.9737 0.7797 0.9749 0.7778 0.9746 0.779 0.9731 0.7788 0.9746 0.779 0.9731 0.7778 0.9746 0.7775 0.9731 0.7778 0.9746 0.7761 0.9737 0.7775 0.9731 0.7761 0.9737 0.7778 0.9746 0.7768 0.9749 0.7768 0.9749 0.775 0.9746 0.7761 0.9737 0.775 0.9746 0.7768 0.9749 0.7761 0.9756 0.775 0.9746 0.7756 0.9764 0.7742 0.9759 0.7756 0.9764 0.775 0.9746 0.7761 0.9756 0.7742 0.9759 0.7754 0.9774 0.7739 0.9774 0.7754 0.9774 0.7742 0.9759 0.7756 0.9764 0.7278 0.7216 0.7284 0.7226 0.7278 0.7226 0.7284 0.7226 0.7278 0.7216 0.7284 0.7216 0.7284 0.7235 0.7278 0.7226 0.7284 0.7226 0.7278 0.7226 0.7284 0.7235 0.7278 0.7235 0.7891 0.8742 0.7898 0.8748 0.7891 0.8748 0.7898 0.8748 0.7891 0.8742 0.7898 0.8742 0.7908 0.8742 0.7898 0.8748 0.7898 0.8742 0.7898 0.8748 0.7908 0.8742 0.7908 0.8748 0.7908 0.8742 0.7918 0.8748 0.7908 0.8748 0.7918 0.8748 0.7908 0.8742 0.7918 0.8742 0.7918 0.8742 0.7927 0.8748 0.7918 0.8748 0.7927 0.8748 0.7918 0.8742 0.7927 0.8742 0.7927 0.8748 0.7935 0.8742 0.7935 0.8748 0.7935 0.8742 0.7927 0.8748 0.7927 0.8742 0.7288 0.7208001 0.7294 0.7199 0.7294 0.7208001 0.7294 0.7199 0.7288 0.7208001 0.7288 0.7199 0.7294 0.7208001 0.7288 0.7208001 0.7288 0.7217 0.7288 0.7217 0.7294 0.7217 0.7294 0.7208001 0.7294 0.7217 0.7288 0.7217 0.7288 0.7227 0.7288 0.7227 0.7294 0.7227 0.7294 0.7217 0.7294 0.7227 0.7288 0.7227 0.7288 0.7236 0.7288 0.7236 0.7294 0.7236 0.7294 0.7227 0.7987 0.8724 0.7987 0.873 0.7994 0.873 0.7994 0.873 0.7994 0.8724 0.7987 0.8724 0.7994 0.8724 0.7994 0.873 0.8004 0.873 0.8004 0.873 0.8004 0.8724 0.7994 0.8724 0.8004 0.8724 0.8004 0.873 0.8013 0.873 0.8013 0.873 0.8013 0.8724 0.8004 0.8724 0.8013 0.8724 0.8013 0.873 0.8023 0.873 0.8023 0.873 0.8023 0.8724 0.8013 0.8724 0.8023 0.873 0.803 0.873 0.803 0.8724 0.803 0.8724 0.8023 0.8724 0.8023 0.873 0.7278 0.7199 0.7278 0.7207 0.7284 0.7207 0.7284 0.7207 0.7284 0.7199 0.7278 0.7199 0.7278 0.7207 0.7284 0.7216 0.7278 0.7216 0.7284 0.7216 0.7278 0.7207 0.7284 0.7207 0.829 0.9435 0.8294 0.9122 0.8294 0.9412 0.8294 0.9122 0.829 0.9435 0.8282 0.9449 0.8267 0.9458 0.8294 0.9122 0.8282 0.9449 0.8294 0.9122 0.8267 0.9458 0.8244 0.9461 0.8267 0.9076 0.7947 0.9073 0.8244 0.9073 0.7947 0.9073 0.8267 0.9076 0.8282 0.9085 0.829 0.91 0.7947 0.9073 0.8282 0.9085 0.7947 0.9073 0.829 0.91 0.8294 0.9122 0.7901 0.91 0.7897 0.9412 0.7897 0.9122 0.7897 0.9412 0.7901 0.91 0.7909 0.9085 0.7924 0.9076 0.7897 0.9412 0.7909 0.9085 0.7897 0.9412 0.7924 0.9076 0.7947 0.9073 0.8294 0.9122 0.7897 0.9412 0.7947 0.9073 0.7897 0.9412 0.8294 0.9122 0.8244 0.9461 0.7897 0.9412 0.7909 0.9449 0.7901 0.9435 0.7909 0.9449 0.7897 0.9412 0.8244 0.9461 0.8244 0.9461 0.7924 0.9458 0.7909 0.9449 0.7924 0.9458 0.8244 0.9461 0.7947 0.9461 0.5821 0.2972 0.6112 0.3 0.5821 0.3 0.6112 0.3 0.5821 0.2972 0.6112 0.2972 0.5826 0.05800002 0.5826 0.06080001 0.6124 0.06080001 0.6124 0.06080001 0.5826 0.05800002 0.6124 0.05800002 0.5693 0.3775 0.5984 0.3803 0.5693 0.3803 0.5984 0.3803 0.5693 0.3775 0.5984 0.3775 0.6063 0.4778 0.6063 0.475 0.5765 0.475 0.5765 0.475 0.5765 0.4778 0.6063 0.4778 0.6137 0.3 0.6112 0.2972 0.6137 0.2972 0.6112 0.2972 0.6137 0.3 0.6112 0.3 0.5796 0.2972 0.5821 0.3 0.5796 0.3 0.5821 0.3 0.5796 0.2972 0.5821 0.2972 0.6149 0.06080001 0.6124 0.05800002 0.6149 0.05800002 0.6124 0.05800002 0.6149 0.06080001 0.6124 0.06080001 0.6009 0.3803 0.5984 0.3775 0.6009 0.3775 0.5984 0.3775 0.6009 0.3803 0.5984 0.3803 0.6155 0.3 0.6137 0.2972 0.6155 0.2972 0.6137 0.2972 0.6155 0.3 0.6137 0.3 0.58 0.06080001 0.5782 0.05800002 0.58 0.05800002 0.5782 0.05800002 0.58 0.06080001 0.5782 0.06080001 0.5826 0.06080001 0.58 0.05800002 0.5826 0.05800002 0.58 0.05800002 0.5826 0.06080001 0.58 0.06080001 0.5778 0.2972 0.5796 0.3 0.5778 0.3 0.5796 0.3 0.5778 0.2972 0.5796 0.2972 0.5739 0.4778 0.5739 0.475 0.5721 0.475 0.5721 0.475 0.5721 0.4778 0.5739 0.4778 0.5765 0.4778 0.5765 0.475 0.5739 0.475 0.5739 0.475 0.5739 0.4778 0.5765 0.4778 0.6149 0.05800002 0.6167 0.06080001 0.6149 0.06080001 0.6167 0.06080001 0.6149 0.05800002 0.6167 0.05800002 0.5668 0.3803 0.565 0.3775 0.5668 0.3775 0.565 0.3775 0.5668 0.3803 0.565 0.3803 0.5693 0.3775 0.5668 0.3803 0.5668 0.3775 0.5668 0.3803 0.5693 0.3775 0.5693 0.3803 0.6027 0.3803 0.6009 0.3775 0.6027 0.3775 0.6009 0.3775 0.6027 0.3803 0.6009 0.3803 0.6088 0.475 0.6088 0.4778 0.6106 0.4778 0.6106 0.4778 0.6106 0.475 0.6088 0.475 0.6088 0.4778 0.6088 0.475 0.6063 0.475 0.6063 0.475 0.6063 0.4778 0.6088 0.4778 0.7897 0.9122 0.7891 0.9412 0.7891 0.9122 0.7891 0.9412 0.7897 0.9122 0.7897 0.9412 0.8245 0.9066 0.7947 0.9073 0.7946 0.9066 0.7947 0.9073 0.8245 0.9066 0.8244 0.9073 0.83 0.9412 0.8294 0.9122 0.83 0.9122 0.8294 0.9122 0.83 0.9412 0.8294 0.9412 0.7947 0.9461 0.8245 0.9468 0.7946 0.9468 0.8245 0.9468 0.7947 0.9461 0.8244 0.9461 0.5821 0.3 0.5797 0.3006 0.5796 0.3 0.5797 0.3006 0.5821 0.3 0.5822 0.3006 0.5826 0.06150001 0.58 0.06080001 0.5826 0.06080001 0.58 0.06080001 0.5826 0.06150001 0.5801 0.06150001 0.6087 0.4744 0.6063 0.4744 0.6063 0.475 0.6063 0.475 0.6088 0.475 0.6087 0.4744 0.5669 0.3809 0.5693 0.3803 0.5693 0.3809 0.5693 0.3803 0.5669 0.3809 0.5668 0.3803 0.5765 0.475 0.5765 0.4744 0.574 0.4744 0.574 0.4744 0.5739 0.475 0.5765 0.475 0.5739 0.475 0.574 0.4744 0.5723 0.4744 0.5723 0.4744 0.5721 0.475 0.5739 0.475 0.5796 0.3 0.578 0.3006 0.5778 0.3 0.578 0.3006 0.5796 0.3 0.5797 0.3006 0.6112 0.3006 0.6137 0.3 0.6136 0.3006 0.6137 0.3 0.6112 0.3006 0.6112 0.3 0.6137 0.3 0.6154 0.3006 0.6136 0.3006 0.6154 0.3006 0.6137 0.3 0.6155 0.3 0.5784 0.06150001 0.58 0.06080001 0.5801 0.06150001 0.58 0.06080001 0.5784 0.06150001 0.5782 0.06080001 0.6008 0.3809 0.5984 0.3803 0.6009 0.3803 0.5984 0.3803 0.6008 0.3809 0.5983 0.3809 0.6008 0.3809 0.6027 0.3803 0.6025 0.3809 0.6027 0.3803 0.6008 0.3809 0.6009 0.3803 0.6106 0.475 0.6105 0.4744 0.6087 0.4744 0.6087 0.4744 0.6088 0.475 0.6106 0.475 0.6124 0.06080001 0.6149 0.06150001 0.6124 0.06150001 0.6149 0.06150001 0.6124 0.06080001 0.6149 0.06080001 0.6149 0.06150001 0.6167 0.06080001 0.6166 0.06150001 0.6167 0.06080001 0.6149 0.06150001 0.6149 0.06080001 0.5668 0.3803 0.5651 0.3809 0.565 0.3803 0.5651 0.3809 0.5668 0.3803 0.5669 0.3809 0.6112 0.3006 0.5821 0.3 0.6112 0.3 0.5821 0.3 0.6112 0.3006 0.5822 0.3006 0.6124 0.06150001 0.5826 0.06080001 0.6124 0.06080001 0.5826 0.06080001 0.5826 0.06150001 0.6124 0.06150001 0.5983 0.3809 0.5693 0.3803 0.5984 0.3803 0.5693 0.3803 0.5983 0.3809 0.5693 0.3809 0.6063 0.4744 0.5765 0.4744 0.5765 0.475 0.5765 0.475 0.6063 0.475 0.6063 0.4744 0.7891 0.9412 0.7901 0.9435 0.7894 0.9437 0.7901 0.9435 0.7891 0.9412 0.7897 0.9412 0.7947 0.9073 0.7922 0.907 0.7946 0.9066 0.7922 0.907 0.7947 0.9073 0.7924 0.9076 0.8269 0.9464 0.8244 0.9461 0.8267 0.9458 0.8244 0.9461 0.8269 0.9464 0.8245 0.9468 0.8294 0.9122 0.8297 0.9097 0.83 0.9122 0.8297 0.9097 0.8294 0.9122 0.829 0.91 0.7922 0.9464 0.7947 0.9461 0.7946 0.9468 0.7947 0.9461 0.7922 0.9464 0.7924 0.9458 0.7905 0.9454 0.7924 0.9458 0.7922 0.9464 0.7924 0.9458 0.7905 0.9454 0.7909 0.9449 0.7905 0.9454 0.7901 0.9435 0.7909 0.9449 0.7901 0.9435 0.7905 0.9454 0.7894 0.9437 0.7894 0.9097 0.7897 0.9122 0.7891 0.9122 0.7897 0.9122 0.7894 0.9097 0.7901 0.91 0.7901 0.91 0.7905 0.908 0.7909 0.9085 0.7905 0.908 0.7901 0.91 0.7894 0.9097 0.7924 0.9076 0.7905 0.908 0.7922 0.907 0.7905 0.908 0.7924 0.9076 0.7909 0.9085 0.8294 0.9412 0.8297 0.9437 0.829 0.9435 0.8297 0.9437 0.8294 0.9412 0.83 0.9412 0.8286 0.9454 0.829 0.9435 0.8297 0.9437 0.829 0.9435 0.8286 0.9454 0.8282 0.9449 0.8286 0.9454 0.8267 0.9458 0.8282 0.9449 0.8267 0.9458 0.8286 0.9454 0.8269 0.9464 0.8244 0.9073 0.8269 0.907 0.8267 0.9076 0.8269 0.907 0.8244 0.9073 0.8245 0.9066 0.8269 0.907 0.8282 0.9085 0.8267 0.9076 0.8282 0.9085 0.8269 0.907 0.8286 0.908 0.8282 0.9085 0.8297 0.9097 0.829 0.91 0.8297 0.9097 0.8282 0.9085 0.8286 0.908 0.9733 0.6191 0.9768 0.6216 0.9733 0.6216 0.9768 0.6216 0.9733 0.6191 0.9768 0.6191 0.6454 0.7365 0.6428 0.7399 0.6428 0.7365 0.6428 0.7399 0.6454 0.7365 0.6454 0.7399 0.6271 0.7166 0.6271 0.714 0.6237 0.714 0.6237 0.714 0.6237 0.7166 0.6271 0.7166 0.9768 0.5800001 0.9768 0.5774 0.9733 0.5774 0.9733 0.5774 0.9733 0.5800001 0.9768 0.5800001 0.6358 0.8574 0.6358 0.86 0.6392 0.86 0.6392 0.86 0.6392 0.8574 0.6358 0.8574 0.6143 0.7102 0.6169 0.7137 0.6143 0.7137 0.6169 0.7137 0.6143 0.7102 0.6169 0.7102 0.7133 0.7104 0.718 0.7077 0.7164 0.7104 0.718 0.7077 0.7133 0.7104 0.7133 0.7049 0.718 0.7077 0.7133 0.7049 0.7164 0.7049 0.7118 0.7077 0.7133 0.7049 0.7133 0.7104 0.7118 0.7077 0.7131 0.7047 0.7133 0.7049 0.7131 0.7047 0.7118 0.7077 0.7114 0.7077 0.7166 0.7047 0.7133 0.7049 0.7131 0.7047 0.7133 0.7049 0.7166 0.7047 0.7164 0.7049 0.7166 0.7047 0.718 0.7077 0.7164 0.7049 0.718 0.7077 0.7166 0.7047 0.7183 0.7077 0.718 0.7077 0.7166 0.7106 0.7164 0.7104 0.7166 0.7106 0.718 0.7077 0.7183 0.7077 0.7131 0.7106 0.7164 0.7104 0.7166 0.7106 0.7164 0.7104 0.7131 0.7106 0.7133 0.7104 0.7114 0.7077 0.7133 0.7104 0.7131 0.7106 0.7133 0.7104 0.7114 0.7077 0.7118 0.7077 0.7311 0.8376 0.7346 0.8402 0.7311 0.8402 0.7346 0.8402 0.7311 0.8376 0.7346 0.8376 0.878 0.3818 0.8814 0.3844 0.878 0.3844 0.8814 0.3844 0.878 0.3818 0.8814 0.3818 0.01989996 0.005599975 0.01989996 0.00300002 0.01639997 0.00300002 0.01639997 0.00300002 0.01639997 0.005599975 0.01989996 0.005599975 0.02979999 0.01539999 0.02979999 0.01279997 0.02639997 0.01279997 0.02639997 0.01279997 0.02639997 0.01539999 0.02979999 0.01539999 0.6538 0.2476 0.6538 0.2502 0.6572 0.2502 0.6572 0.2502 0.6572 0.2476 0.6538 0.2476 0.6281 0.5524 0.6315 0.555 0.6281 0.555 0.6315 0.555 0.6281 0.5524 0.6315 0.5524 0.6669 0.2185999 0.6623 0.2213 0.6638 0.2185999 0.6623 0.2213 0.6669 0.2185999 0.6669 0.2239999 0.6623 0.2213 0.6669 0.2239999 0.6638 0.2239999 0.6685 0.2213 0.6669 0.2239999 0.6669 0.2185999 0.7346 0.8402 0.7313 0.8405 0.7311 0.8402 0.7313 0.8405 0.7346 0.8402 0.7344 0.8405 0.878 0.3844 0.8813 0.3847 0.8781 0.3847 0.8813 0.3847 0.878 0.3844 0.8814 0.3844 0.01639997 0.00300002 0.01969999 0.002699971 0.01989996 0.00300002 0.01969999 0.002699971 0.01639997 0.00300002 0.01659995 0.002699971 0.02979999 0.01279997 0.02969998 0.01249998 0.02649998 0.01249998 0.02649998 0.01249998 0.02639997 0.01279997 0.02979999 0.01279997 0.6572 0.2502 0.6538 0.2502 0.654 0.2505 0.654 0.2505 0.6571 0.2505 0.6572 0.2502 0.6282 0.5553 0.6315 0.555 0.6314 0.5553 0.6315 0.555 0.6282 0.5553 0.6281 0.555 0.8407 0.2655 0.8441 0.2681 0.8407 0.2681 0.8441 0.2681 0.8407 0.2655 0.8441 0.2655 0.6454 0.7102 0.6428 0.7137 0.6428 0.7102 0.6428 0.7137 0.6454 0.7102 0.6454 0.7137 0.6361 0.7166 0.6361 0.714 0.6327 0.714 0.6327 0.714 0.6327 0.7166 0.6361 0.7166 0.9709 0.5358 0.9675 0.5358 0.9675 0.5384 0.9675 0.5384 0.9709 0.5384 0.9709 0.5358 0.6169 0.7365 0.6143 0.7365 0.6143 0.7399 0.6143 0.7399 0.6169 0.7399 0.6169 0.7365 0.6169 0.8125 0.6203 0.8151 0.6169 0.8151 0.6203 0.8151 0.6169 0.8125 0.6203 0.8125 0.6493 0.6891 0.6446 0.6918 0.6462 0.6891 0.6446 0.6918 0.6493 0.6891 0.6493 0.6945 0.6446 0.6918 0.6493 0.6945 0.6462 0.6945 0.6509 0.6918 0.6493 0.6945 0.6493 0.6891 0.844 0.2684 0.8407 0.2681 0.8441 0.2681 0.8407 0.2681 0.844 0.2684 0.8408 0.2684 0.6462 0.6945 0.6495 0.6947 0.646 0.6947 0.6495 0.6947 0.6462 0.6945 0.6493 0.6945 0.6462 0.6945 0.6443 0.6918 0.6446 0.6918 0.6443 0.6918 0.6462 0.6945 0.646 0.6947 0.6443 0.6918 0.6462 0.6891 0.6446 0.6918 0.6462 0.6891 0.6443 0.6918 0.646 0.6888 0.6495 0.6888 0.6462 0.6891 0.646 0.6888 0.6462 0.6891 0.6495 0.6888 0.6493 0.6891 0.6203 0.8151 0.617 0.8154 0.6169 0.8151 0.617 0.8154 0.6203 0.8151 0.6202 0.8154 0.7885 0.281 0.792 0.2836 0.7885 0.2836 0.792 0.2836 0.7885 0.281 0.792 0.281 0.7416 0.6944 0.7379 0.6922 0.7413 0.6918 0.7379 0.6922 0.7416 0.6944 0.7381 0.6947 0.8413 0.7735 0.8413 0.7709 0.8378 0.7709 0.8378 0.7709 0.8378 0.7735 0.8413 0.7735 0.6161 0.6267001 0.6161 0.6241 0.6127 0.6241 0.6127 0.6241 0.6127 0.6267001 0.6161 0.6267001 0.6486 0.8536 0.646 0.8536 0.646 0.857 0.646 0.857 0.6486 0.857 0.6486 0.8536 0.9005 0.4912 0.9039 0.4938 0.9005 0.4938 0.9039 0.4938 0.9005 0.4912 0.9039 0.4912 0.8975 0.5043 0.8928 0.507 0.8944 0.5043 0.8928 0.507 0.8975 0.5043 0.8975 0.5097 0.8928 0.507 0.8975 0.5097 0.8944 0.5097 0.899 0.507 0.8975 0.5097 0.8975 0.5043 0.7918 0.2838 0.7885 0.2836 0.792 0.2836 0.7885 0.2836 0.7918 0.2838 0.7887 0.2838 0.8942 0.51 0.8975 0.5097 0.8977 0.51 0.8975 0.5097 0.8942 0.51 0.8944 0.5097 0.8411 0.7706 0.838 0.7706 0.8378 0.7709 0.8378 0.7709 0.8413 0.7709 0.8411 0.7706 0.6127 0.6241 0.6161 0.6241 0.6159 0.6238 0.6159 0.6238 0.6128 0.6238 0.6127 0.6241 0.8977 0.504 0.8942 0.504 0.8944 0.5043 0.8944 0.5043 0.8975 0.5043 0.8977 0.504 0.9039 0.4938 0.9006 0.4941 0.9005 0.4938 0.9006 0.4941 0.9039 0.4938 0.9038 0.4941 0.7129 0.8177 0.7183 0.8218 0.7129 0.8218 0.7183 0.8218 0.7129 0.8177 0.7183 0.8177 0.7183 0.8177 0.723 0.8218 0.7183 0.8218 0.723 0.8218 0.7183 0.8177 0.723 0.8177 0.8448 0.5849 0.8491 0.5891 0.8448 0.5891 0.8491 0.5891 0.8448 0.5849 0.8491 0.5849 0.8491 0.5849 0.8542 0.5891 0.8491 0.5891 0.8542 0.5891 0.8491 0.5849 0.8542 0.5849 0.8542 0.5849 0.8597 0.5891 0.8542 0.5891 0.8597 0.5891 0.8542 0.5849 0.8597 0.5849 0.8597 0.5849 0.8649 0.5891 0.8597 0.5891 0.8649 0.5891 0.8597 0.5849 0.8649 0.5849 0.8649 0.5849 0.8691 0.5891 0.8649 0.5891 0.8691 0.5891 0.8649 0.5849 0.8691 0.5849 0.5982 0.1140999 0.5982 0.1098999 0.5934 0.1098999 0.5934 0.1098999 0.5934 0.1140999 0.5982 0.1140999 0.5934 0.1140999 0.5934 0.1098999 0.588 0.1098999 0.588 0.1098999 0.588 0.1140999 0.5934 0.1140999 0.588 0.1140999 0.588 0.1098999 0.5826 0.1098999 0.5826 0.1098999 0.5826 0.1140999 0.588 0.1140999 0.5826 0.1140999 0.5826 0.1098999 0.5778 0.1098999 0.5778 0.1098999 0.5826 0.1140999 0.5778 0.1140999 0.8448 0.5433 0.8491 0.5475 0.8448 0.5475 0.8491 0.5475 0.8491 0.5433 0.8448 0.5433 0.8491 0.5433 0.8542 0.5475 0.8491 0.5475 0.8542 0.5475 0.8491 0.5433 0.8542 0.5433 0.8542 0.5433 0.8597 0.5475 0.8542 0.5475 0.8597 0.5475 0.8542 0.5433 0.8597 0.5433 0.8597 0.5433 0.8649 0.5475 0.8597 0.5475 0.8649 0.5475 0.8597 0.5433 0.8649 0.5433 0.8649 0.5433 0.8691 0.5475 0.8649 0.5475 0.8691 0.5475 0.8649 0.5433 0.8691 0.5433 0.7027 0.8177 0.7074 0.8218 0.7027 0.8218 0.7074 0.8218 0.7027 0.8177 0.7074 0.8177 0.7074 0.8177 0.7129 0.8218 0.7074 0.8218 0.7129 0.8218 0.7074 0.8177 0.7129 0.8177 0.8814 0.4535 0.877 0.4482 0.8797 0.4505 0.877 0.4482 0.8814 0.4535 0.877 0.4655 0.877 0.4482 0.8703 0.447 0.8738 0.447 0.8703 0.447 0.877 0.4482 0.8644 0.4505 0.8703 0.447 0.8644 0.4505 0.867 0.4482 0.8644 0.4633 0.8626 0.4535 0.8644 0.4505 0.8626 0.4535 0.8644 0.4633 0.862 0.4569 0.862 0.4569 0.8644 0.4633 0.8626 0.4603 0.877 0.4655 0.8644 0.4505 0.877 0.4482 0.8644 0.4505 0.877 0.4655 0.8644 0.4633 0.8644 0.4633 0.8703 0.4667 0.867 0.4655 0.8703 0.4667 0.8644 0.4633 0.877 0.4655 0.8703 0.4667 0.877 0.4655 0.8738 0.4667 0.8814 0.4603 0.877 0.4655 0.8814 0.4535 0.877 0.4655 0.8814 0.4603 0.8797 0.4633 0.882 0.4569 0.8814 0.4603 0.8814 0.4535 0.6462 0.8741 0.6486 0.8692 0.6476 0.8746 0.6486 0.8692 0.6462 0.8741 0.6471 0.8692 0.6448 0.8794 0.6462 0.8741 0.6476 0.8746 0.6462 0.8741 0.6448 0.8794 0.6437 0.8784 0.6399 0.8816 0.6448 0.8794 0.6406 0.8829 0.6448 0.8794 0.6399 0.8816 0.6437 0.8784 0.6406 0.8829 0.6352 0.8833 0.6399 0.8816 0.6352 0.8833 0.6406 0.8829 0.6355 0.8848 0.63 0.8848 0.6352 0.8833 0.6355 0.8848 0.6352 0.8833 0.63 0.8848 0.6302 0.8833 0.6248 0.8829 0.6302 0.8833 0.63 0.8848 0.6302 0.8833 0.6248 0.8829 0.6255 0.8816 0.6206 0.8794 0.6255 0.8816 0.6248 0.8829 0.6255 0.8816 0.6206 0.8794 0.6217 0.8784 0.6178 0.8746 0.6217 0.8784 0.6206 0.8794 0.6217 0.8784 0.6178 0.8746 0.6192 0.8741 0.6169 0.8692 0.6192 0.8741 0.6178 0.8746 0.6192 0.8741 0.6169 0.8692 0.6183 0.8692 0.6178 0.8637 0.6183 0.8692 0.6169 0.8692 0.6183 0.8692 0.6178 0.8637 0.6192 0.8643 0.6206 0.859 0.6192 0.8643 0.6178 0.8637 0.6192 0.8643 0.6206 0.859 0.6217 0.8599 0.6255 0.8567 0.6206 0.859 0.6248 0.8554 0.6206 0.859 0.6255 0.8567 0.6217 0.8599 0.6302 0.855 0.6248 0.8554 0.63 0.8536 0.6248 0.8554 0.6302 0.855 0.6255 0.8567 0.6352 0.855 0.63 0.8536 0.6355 0.8536 0.63 0.8536 0.6352 0.855 0.6302 0.855 0.6406 0.8554 0.6352 0.855 0.6355 0.8536 0.6352 0.855 0.6406 0.8554 0.6399 0.8567 0.6448 0.859 0.6399 0.8567 0.6406 0.8554 0.6399 0.8567 0.6448 0.859 0.6437 0.8599 0.6437 0.8599 0.6476 0.8637 0.6462 0.8643 0.6476 0.8637 0.6437 0.8599 0.6448 0.859 0.6486 0.8692 0.6462 0.8643 0.6476 0.8637 0.6462 0.8643 0.6486 0.8692 0.6471 0.8692 0.9283 0.9654 0.9283 0.9631 0.9234 0.9631 0.9234 0.9631 0.9234 0.9654 0.9283 0.9654 0.9283 0.9654 0.9326 0.9654 0.9326 0.9631 0.9326 0.9631 0.9283 0.9631 0.9283 0.9654 0.8499 0.9102 0.8499 0.9125 0.8538 0.9125 0.8538 0.9125 0.8538 0.9102 0.8499 0.9102 0.8499 0.9102 0.8452 0.9102 0.8452 0.9125 0.8452 0.9125 0.8499 0.9125 0.8499 0.9102 0.8402 0.9125 0.8452 0.9125 0.8452 0.9102 0.8452 0.9102 0.8402 0.9102 0.8402 0.9125 0.8402 0.9125 0.8402 0.9102 0.8356 0.9102 0.8356 0.9102 0.8356 0.9125 0.8402 0.9125 0.8317 0.9102 0.8317 0.9125 0.8356 0.9125 0.8356 0.9125 0.8356 0.9102 0.8317 0.9102 0.7939 0.5547 0.7982 0.5569 0.7939 0.5569 0.7982 0.5569 0.7939 0.5547 0.7982 0.5547 0.789 0.5547 0.7939 0.5569 0.789 0.5569 0.7939 0.5569 0.789 0.5547 0.7939 0.5547 0.789 0.5547 0.7841 0.5569 0.7841 0.5547 0.7841 0.5569 0.789 0.5547 0.789 0.5569 0.7841 0.5569 0.7797 0.5547 0.7841 0.5547 0.7797 0.5547 0.7841 0.5569 0.7797 0.5569 0.9491 0.5026 0.953 0.5026 0.953 0.5003 0.953 0.5003 0.9491 0.5003 0.9491 0.5026 0.9444 0.5003 0.9444 0.5026 0.9491 0.5026 0.9491 0.5026 0.9491 0.5003 0.9444 0.5003 0.9395 0.5003 0.9395 0.5026 0.9444 0.5026 0.9444 0.5026 0.9444 0.5003 0.9395 0.5003 0.9348 0.5026 0.9395 0.5026 0.9395 0.5003 0.9395 0.5003 0.9348 0.5003 0.9348 0.5026 0.9309 0.5003 0.9309 0.5026 0.9348 0.5026 0.9348 0.5026 0.9348 0.5003 0.9309 0.5003 0.9141 0.9631 0.9141 0.9654 0.9185 0.9654 0.9185 0.9654 0.9185 0.9631 0.9141 0.9631 0.9234 0.9654 0.9234 0.9631 0.9185 0.9631 0.9185 0.9631 0.9185 0.9654 0.9234 0.9654 0.5901 0.6408 0.5951 0.6374 0.5943 0.6423 0.5951 0.6374 0.5901 0.6408 0.5907 0.6374 0.5884 0.6439 0.5943 0.6423 0.5918 0.6467 0.5943 0.6423 0.5884 0.6439 0.5901 0.6408 0.5858 0.6461001 0.5918 0.6467 0.5879 0.6499 0.5918 0.6467 0.5858 0.6461001 0.5884 0.6439 0.5833 0.6516 0.5858 0.6461001 0.5879 0.6499 0.5858 0.6461001 0.5833 0.6516 0.5825 0.6473 0.5825 0.6473 0.5783 0.6516 0.579 0.6473 0.5783 0.6516 0.5825 0.6473 0.5833 0.6516 0.5736 0.6499 0.579 0.6473 0.5783 0.6516 0.579 0.6473 0.5736 0.6499 0.5758 0.6461001 0.5697 0.6467 0.5758 0.6461001 0.5736 0.6499 0.5758 0.6461001 0.5697 0.6467 0.5731 0.6439 0.5697 0.6467 0.5714 0.6408 0.5731 0.6439 0.5714 0.6408 0.5697 0.6467 0.5672 0.6423 0.5664 0.6374 0.5714 0.6408 0.5672 0.6423 0.5714 0.6408 0.5664 0.6374 0.5708 0.6374 0.5672 0.6325 0.5708 0.6374 0.5664 0.6374 0.5708 0.6374 0.5672 0.6325 0.5714 0.634 0.5672 0.6325 0.5731 0.6310001 0.5714 0.634 0.5731 0.6310001 0.5672 0.6325 0.5697 0.6282 0.5697 0.6282 0.5758 0.6288 0.5731 0.6310001 0.5758 0.6288 0.5697 0.6282 0.5736 0.625 0.5783 0.6233 0.5758 0.6288 0.5736 0.625 0.5758 0.6288 0.5783 0.6233 0.579 0.6276 0.5825 0.6276 0.5783 0.6233 0.5833 0.6233 0.5783 0.6233 0.5825 0.6276 0.579 0.6276 0.5858 0.6288 0.5833 0.6233 0.5879 0.625 0.5833 0.6233 0.5858 0.6288 0.5825 0.6276 0.5858 0.6288 0.5918 0.6282 0.5884 0.6310001 0.5918 0.6282 0.5858 0.6288 0.5879 0.625 0.5901 0.634 0.5918 0.6282 0.5943 0.6325 0.5918 0.6282 0.5901 0.634 0.5884 0.6310001 0.5943 0.6325 0.5907 0.6374 0.5901 0.634 0.5907 0.6374 0.5943 0.6325 0.5951 0.6374 0.7333 0.5432 0.7319 0.5432 0.7319 0.5466 0.7319 0.5466 0.7333 0.5466 0.7333 0.5432 0.7319 0.5432 0.7333 0.5432 0.7333 0.5402 0.7333 0.5402 0.7319 0.5402 0.7319 0.5432 0.6126 0.1126999 0.6126 0.1140999 0.6152 0.1140999 0.6152 0.1140999 0.6152 0.1126999 0.6126 0.1126999 0.6126 0.1126999 0.6093 0.1126999 0.6093 0.1140999 0.6093 0.1140999 0.6126 0.1140999 0.6126 0.1126999 0.6058 0.1126999 0.6058 0.1140999 0.6093 0.1140999 0.6093 0.1140999 0.6093 0.1126999 0.6058 0.1126999 0.6058 0.1140999 0.6058 0.1126999 0.6026 0.1126999 0.6026 0.1126999 0.6026 0.1140999 0.6058 0.1140999 0.5999 0.1140999 0.6026 0.1140999 0.6026 0.1126999 0.6026 0.1126999 0.5999 0.1126999 0.5999 0.1140999 0.8981 0.9559 0.8967 0.9589 0.8967 0.9559 0.8967 0.9589 0.8981 0.9559 0.8981 0.9589 0.8981 0.9623 0.8967 0.9589 0.8981 0.9589 0.8967 0.9589 0.8981 0.9623 0.8967 0.9623 0.8981 0.9657 0.8967 0.9623 0.8981 0.9623 0.8967 0.9623 0.8981 0.9657 0.8967 0.9657 0.8981 0.9657 0.8967 0.9687 0.8967 0.9657 0.8967 0.9687 0.8981 0.9657 0.8981 0.9687 0.6333 0.1134999 0.6333 0.1121 0.6307 0.1121 0.6307 0.1121 0.6307 0.1134999 0.6333 0.1134999 0.6307 0.1134999 0.6307 0.1121 0.6274 0.1121 0.6274 0.1121 0.6274 0.1134999 0.6307 0.1134999 0.6239 0.1121 0.6239 0.1134999 0.6274 0.1134999 0.6274 0.1134999 0.6274 0.1121 0.6239 0.1121 0.6207 0.1134999 0.6239 0.1134999 0.6239 0.1121 0.6239 0.1121 0.6207 0.1121 0.6207 0.1134999 0.6207 0.1121 0.618 0.1121 0.618 0.1134999 0.618 0.1134999 0.6207 0.1134999 0.6207 0.1121 0.7319 0.5501 0.7319 0.5531 0.7333 0.5531 0.7333 0.5531 0.7333 0.5501 0.7319 0.5501 0.7333 0.5466 0.7319 0.5466 0.7319 0.5501 0.7319 0.5501 0.7333 0.5501 0.7333 0.5466 0.731 0.543 0.7233 0.5462 0.7233 0.543 0.7233 0.5462 0.731 0.543 0.731 0.5461 0.7233 0.5402 0.731 0.543 0.7233 0.543 0.731 0.543 0.7233 0.5402 0.731 0.5402 0.6295 0.8685 0.627 0.8608 0.6295 0.8608 0.627 0.8608 0.6295 0.8685 0.627 0.8685 0.6325 0.8685 0.6295 0.8608 0.6325 0.8608 0.6295 0.8608 0.6325 0.8685 0.6295 0.8685 0.6325 0.8685 0.6357 0.8608 0.6357 0.8685 0.6357 0.8608 0.6325 0.8685 0.6325 0.8608 0.6357 0.8685 0.6387 0.8608 0.6387 0.8685 0.6387 0.8608 0.6357 0.8685 0.6357 0.8608 0.6412 0.8608 0.6387 0.8685 0.6387 0.8608 0.6387 0.8685 0.6412 0.8608 0.6412 0.8685 0.8886 0.9587 0.8963 0.9587 0.8963 0.9559 0.8963 0.9559 0.8886 0.9559 0.8886 0.9587 0.8886 0.9587 0.8886 0.9618 0.8963 0.9618 0.8963 0.9618 0.8963 0.9587 0.8886 0.9587 0.8963 0.965 0.8963 0.9618 0.8886 0.9618 0.8886 0.9618 0.8886 0.965 0.8963 0.965 0.8886 0.965 0.8886 0.9678 0.8963 0.9678 0.8963 0.9678 0.8963 0.965 0.8886 0.965 0.6264 0.7175 0.6239 0.7252 0.6239 0.7175 0.6239 0.7252 0.6264 0.7175 0.6264 0.7252 0.6294 0.7175 0.6264 0.7252 0.6264 0.7175 0.6264 0.7252 0.6294 0.7175 0.6294 0.7252 0.6294 0.7252 0.6326 0.7175 0.6326 0.7252 0.6326 0.7175 0.6294 0.7252 0.6294 0.7175 0.6356 0.7175 0.6326 0.7252 0.6326 0.7175 0.6326 0.7252 0.6356 0.7175 0.6356 0.7252 0.6356 0.7252 0.638 0.7175 0.638 0.7252 0.638 0.7175 0.6356 0.7252 0.6356 0.7175 0.7233 0.5493 0.731 0.5521 0.7233 0.5521 0.731 0.5521 0.7233 0.5493 0.731 0.5493 0.731 0.5461 0.7233 0.5493 0.7233 0.5462 0.7233 0.5493 0.731 0.5461 0.731 0.5493 0.6106 0.1377999 0.6093 0.1363 0.6101 0.1369 0.6093 0.1363 0.6106 0.1377999 0.6093 0.1412 0.6093 0.1363 0.6074 0.1359999 0.6084 0.1359999 0.6074 0.1359999 0.6093 0.1363 0.6057 0.1369 0.6074 0.1359999 0.6057 0.1369 0.6065 0.1363 0.6057 0.1369 0.6051 0.1388 0.6052 0.1377999 0.6051 0.1388 0.6057 0.1369 0.6057 0.1406 0.6051 0.1388 0.6057 0.1406 0.6052 0.1396999 0.6057 0.1406 0.6093 0.1363 0.6093 0.1412 0.6093 0.1363 0.6057 0.1406 0.6057 0.1369 0.6074 0.1414999 0.6057 0.1406 0.6093 0.1412 0.6057 0.1406 0.6074 0.1414999 0.6065 0.1412 0.6074 0.1414999 0.6093 0.1412 0.6084 0.1414999 0.6106 0.1377999 0.6101 0.1406 0.6093 0.1412 0.6101 0.1406 0.6106 0.1377999 0.6106 0.1396999 0.6107 0.1388 0.6106 0.1396999 0.6106 0.1377999 0.727 0.5525 0.729 0.5539 0.727 0.5539 0.729 0.5539 0.727 0.5525 0.729 0.5525 0.6266 0.8645 0.624 0.8665 0.624 0.8645 0.624 0.8665 0.6266 0.8645 0.6266 0.8665 0.729 0.5539 0.7307 0.5525 0.7307 0.5539 0.7307 0.5525 0.729 0.5539 0.729 0.5525 0.6266 0.8682 0.624 0.8665 0.6266 0.8665 0.624 0.8665 0.6266 0.8682 0.624 0.8682 0.8778 0.9677 0.8763 0.9691 0.8763 0.9677 0.8763 0.9691 0.8778 0.9677 0.8778 0.9691 0.7733 0.7399 0.7749 0.7373 0.7749 0.7399 0.7749 0.7373 0.7733 0.7399 0.7733 0.7373 0.8778 0.9677 0.8797 0.9691 0.8778 0.9691 0.8797 0.9691 0.8778 0.9677 0.8797 0.9677 0.7767 0.7373 0.7749 0.7399 0.7749 0.7373 0.7749 0.7399 0.7767 0.7373 0.7767 0.7399 0.8797 0.9677 0.8817 0.9691 0.8797 0.9691 0.8817 0.9691 0.8797 0.9677 0.8817 0.9677 0.7767 0.7373 0.7787 0.7399 0.7767 0.7399 0.7787 0.7399 0.7767 0.7373 0.7787 0.7373 0.8817 0.9677 0.8835 0.9691 0.8817 0.9691 0.8835 0.9691 0.8817 0.9677 0.8835 0.9677 0.7806 0.7373 0.7787 0.7399 0.7787 0.7373 0.7787 0.7399 0.7806 0.7373 0.7806 0.7399 0.8851 0.9677 0.8835 0.9691 0.8835 0.9677 0.8835 0.9691 0.8851 0.9677 0.8851 0.9691 0.7822 0.7373 0.7806 0.7399 0.7806 0.7373 0.7806 0.7399 0.7822 0.7373 0.7822 0.7399 0.7177 0.7178 0.7195 0.7178 0.7195 0.7164 0.7195 0.7164 0.7177 0.7164 0.7177 0.7178 0.6505 0.6325 0.6488 0.6325 0.6488 0.6352 0.6488 0.6352 0.6505 0.6352 0.6505 0.6325 0.7158 0.7178 0.7177 0.7178 0.7177 0.7164 0.7177 0.7164 0.7158 0.7164 0.7158 0.7178 0.6488 0.6325 0.6468 0.6325 0.6468 0.6352 0.6468 0.6352 0.6488 0.6352 0.6488 0.6325 0.7138 0.7178 0.7158 0.7178 0.7158 0.7164 0.7158 0.7164 0.7138 0.7164 0.7138 0.7178 0.6468 0.6325 0.6449 0.6325 0.6449 0.6352 0.6449 0.6352 0.6468 0.6352 0.6468 0.6325 0.7138 0.7164 0.7121 0.7164 0.7121 0.7178 0.7121 0.7178 0.7138 0.7178 0.7138 0.7164 0.6431 0.6352 0.6449 0.6352 0.6449 0.6325 0.6449 0.6325 0.6431 0.6325 0.6431 0.6352 0.632 0.8782 0.6304 0.8796 0.6304 0.8782 0.6304 0.8796 0.632 0.8782 0.632 0.8796 0.618 0.09689998 0.6196 0.09960001 0.618 0.09960001 0.6196 0.09960001 0.618 0.09689998 0.6196 0.09689998 0.6338 0.8796 0.632 0.8782 0.6338 0.8782 0.632 0.8782 0.6338 0.8796 0.632 0.8796 0.6196 0.09960001 0.6214 0.09689998 0.6214 0.09960001 0.6214 0.09689998 0.6196 0.09960001 0.6196 0.09689998 0.6338 0.8782 0.6358 0.8796 0.6338 0.8796 0.6358 0.8796 0.6338 0.8782 0.6358 0.8782 0.6234 0.09689998 0.6214 0.09960001 0.6214 0.09689998 0.6214 0.09960001 0.6234 0.09689998 0.6234 0.09960001 0.6358 0.8796 0.6377 0.8782 0.6377 0.8796 0.6377 0.8782 0.6358 0.8796 0.6358 0.8782 0.6253 0.09689998 0.6234 0.09960001 0.6234 0.09689998 0.6234 0.09960001 0.6253 0.09689998 0.6253 0.09960001 0.6392 0.8782 0.6377 0.8796 0.6377 0.8782 0.6377 0.8796 0.6392 0.8782 0.6392 0.8796 0.6268 0.09689998 0.6253 0.09960001 0.6253 0.09689998 0.6253 0.09960001 0.6268 0.09689998 0.6268 0.09960001 0.7251 0.5525 0.7233 0.5539 0.7233 0.5525 0.7233 0.5539 0.7251 0.5525 0.7251 0.5539 0.6266 0.8608 0.624 0.8626 0.624 0.8608 0.624 0.8626 0.6266 0.8608 0.6266 0.8626 0.727 0.5525 0.7251 0.5539 0.7251 0.5525 0.7251 0.5539 0.727 0.5525 0.727 0.5539 0.624 0.8626 0.6266 0.8645 0.624 0.8645 0.6266 0.8645 0.624 0.8626 0.6266 0.8626 0.7578 0.7296 0.7598 0.7277 0.7594 0.7302 0.7598 0.7277 0.7578 0.7296 0.7581 0.7277 0.7578 0.7257 0.7598 0.7277 0.7581 0.7277 0.7598 0.7277 0.7578 0.7257 0.7594 0.7251001 0.7578 0.7257 0.7581 0.7229 0.7594 0.7251001 0.7581 0.7229 0.7578 0.7257 0.7568 0.724 0.7581 0.7229 0.7552 0.7227 0.7561 0.7212 0.7552 0.7227 0.7581 0.7229 0.7568 0.724 0.7537 0.7203 0.7552 0.7227 0.7534 0.722 0.7552 0.7227 0.7537 0.7203 0.7561 0.7212 0.7537 0.7203 0.7514 0.722 0.7511 0.7203 0.7514 0.722 0.7537 0.7203 0.7534 0.722 0.7514 0.722 0.7486 0.7212 0.7511 0.7203 0.7486 0.7212 0.7514 0.722 0.7495 0.7227 0.7495 0.7227 0.7466 0.7229 0.7486 0.7212 0.7466 0.7229 0.7495 0.7227 0.7479 0.724 0.7469 0.7257 0.7466 0.7229 0.7479 0.724 0.7466 0.7229 0.7469 0.7257 0.7453 0.7251001 0.7453 0.7251001 0.7466 0.7277 0.7449 0.7277 0.7466 0.7277 0.7453 0.7251001 0.7469 0.7257 0.7466 0.7277 0.7453 0.7302 0.7449 0.7277 0.7453 0.7302 0.7466 0.7277 0.7469 0.7296 0.7469 0.7296 0.7466 0.7325 0.7453 0.7302 0.7466 0.7325 0.7469 0.7296 0.7479 0.7314 0.7495 0.7327 0.7466 0.7325 0.7479 0.7314 0.7466 0.7325 0.7495 0.7327 0.7486 0.7342 0.7511 0.7351 0.7495 0.7327 0.7514 0.7334 0.7495 0.7327 0.7511 0.7351 0.7486 0.7342 0.7534 0.7334 0.7511 0.7351 0.7514 0.7334 0.7511 0.7351 0.7534 0.7334 0.7537 0.7351 0.7534 0.7334 0.7561 0.7342 0.7537 0.7351 0.7561 0.7342 0.7534 0.7334 0.7552 0.7327 0.7552 0.7327 0.7581 0.7325 0.7561 0.7342 0.7581 0.7325 0.7552 0.7327 0.7568 0.7314 0.7578 0.7296 0.7581 0.7325 0.7568 0.7314 0.7581 0.7325 0.7578 0.7296 0.7594 0.7302 0.7605 0.7306 0.7598 0.7277 0.761 0.7277 0.7598 0.7277 0.7605 0.7306 0.7594 0.7302 0.7594 0.7251001 0.761 0.7277 0.7598 0.7277 0.761 0.7277 0.7594 0.7251001 0.7605 0.7247 0.7605 0.7247 0.7581 0.7229 0.759 0.7221 0.7581 0.7229 0.7605 0.7247 0.7594 0.7251001 0.7561 0.7212 0.759 0.7221 0.7581 0.7229 0.759 0.7221 0.7561 0.7212 0.7567 0.7202 0.7561 0.7212 0.7539 0.7192 0.7567 0.7202 0.7539 0.7192 0.7561 0.7212 0.7537 0.7203 0.7539 0.7192 0.7511 0.7203 0.7509 0.7192 0.7511 0.7203 0.7539 0.7192 0.7537 0.7203 0.7511 0.7203 0.748 0.7202 0.7509 0.7192 0.748 0.7202 0.7511 0.7203 0.7486 0.7212 0.748 0.7202 0.7466 0.7229 0.7457 0.7221 0.7466 0.7229 0.748 0.7202 0.7486 0.7212 0.7453 0.7251001 0.7457 0.7221 0.7466 0.7229 0.7457 0.7221 0.7453 0.7251001 0.7442 0.7247 0.7453 0.7251001 0.7437 0.7277 0.7442 0.7247 0.7437 0.7277 0.7453 0.7251001 0.7449 0.7277 0.7449 0.7277 0.7442 0.7306 0.7437 0.7277 0.7442 0.7306 0.7449 0.7277 0.7453 0.7302 0.7466 0.7325 0.7442 0.7306 0.7453 0.7302 0.7442 0.7306 0.7466 0.7325 0.7457 0.7332 0.7466 0.7325 0.748 0.7352 0.7457 0.7332 0.748 0.7352 0.7466 0.7325 0.7486 0.7342 0.7511 0.7351 0.748 0.7352 0.7486 0.7342 0.748 0.7352 0.7511 0.7351 0.7509 0.7362 0.7511 0.7351 0.7539 0.7362 0.7509 0.7362 0.7539 0.7362 0.7511 0.7351 0.7537 0.7351 0.7537 0.7351 0.7567 0.7352 0.7539 0.7362 0.7567 0.7352 0.7537 0.7351 0.7561 0.7342 0.7561 0.7342 0.759 0.7332 0.7567 0.7352 0.759 0.7332 0.7561 0.7342 0.7581 0.7325 0.7581 0.7325 0.7605 0.7306 0.759 0.7332 0.7605 0.7306 0.7581 0.7325 0.7594 0.7302 0.7117 0.5439 0.7143 0.5459 0.7114 0.5459 0.7143 0.5459 0.7117 0.5439 0.7145 0.5449 0.7127 0.5422 0.7145 0.5449 0.7117 0.5439 0.7145 0.5449 0.7127 0.5422 0.715 0.5441 0.7127 0.5422 0.7157 0.5434 0.715 0.5441 0.7157 0.5434 0.7127 0.5422 0.7143 0.5409 0.7143 0.5409 0.7167 0.5431 0.7157 0.5434 0.7167 0.5431 0.7143 0.5409 0.7161 0.5402 0.7161 0.5402 0.7176 0.5431 0.7167 0.5431 0.7176 0.5431 0.7161 0.5402 0.7181 0.5402 0.7181 0.5402 0.7186 0.5434 0.7176 0.5431 0.7186 0.5434 0.7181 0.5402 0.72 0.5409 0.72 0.5409 0.7193 0.5441 0.7186 0.5434 0.7193 0.5441 0.72 0.5409 0.7216 0.5422 0.7216 0.5422 0.7198 0.5449 0.7193 0.5441 0.7198 0.5449 0.7216 0.5422 0.7226 0.5439 0.7229 0.5459 0.7198 0.5449 0.7226 0.5439 0.7198 0.5449 0.7229 0.5459 0.72 0.5459 0.72 0.5459 0.7226 0.5479 0.7198 0.5469 0.7226 0.5479 0.72 0.5459 0.7229 0.5459 0.7226 0.5479 0.7193 0.5477 0.7198 0.5469 0.7193 0.5477 0.7226 0.5479 0.7216 0.5496 0.7216 0.5496 0.7186 0.5484001 0.7193 0.5477 0.7186 0.5484001 0.7216 0.5496 0.72 0.5509 0.7186 0.5484001 0.7181 0.5516 0.7176 0.5487 0.7181 0.5516 0.7186 0.5484001 0.72 0.5509 0.7181 0.5516 0.7167 0.5487 0.7176 0.5487 0.7167 0.5487 0.7181 0.5516 0.7161 0.5516 0.7143 0.5509 0.7167 0.5487 0.7161 0.5516 0.7167 0.5487 0.7143 0.5509 0.7157 0.5484001 0.7143 0.5509 0.715 0.5477 0.7157 0.5484001 0.715 0.5477 0.7143 0.5509 0.7127 0.5496 0.7117 0.5479 0.715 0.5477 0.7127 0.5496 0.715 0.5477 0.7117 0.5479 0.7145 0.5469 0.7117 0.5479 0.7143 0.5459 0.7145 0.5469 0.7143 0.5459 0.7117 0.5479 0.7114 0.5459 0.822 0.8951 0.822 0.8922 0.821 0.8922 0.821 0.8922 0.821 0.8951 0.822 0.8951 0.8229 0.8951 0.8229 0.8922 0.822 0.8922 0.822 0.8922 0.822 0.8951 0.8229 0.8951 0.5815 0.5434 0.5815 0.5463 0.5823 0.5463 0.5823 0.5463 0.5823 0.5434 0.5815 0.5434 0.5815 0.5434 0.5806 0.5434 0.5806 0.5463 0.5806 0.5463 0.5815 0.5463 0.5815 0.5434 0.5806 0.5463 0.5806 0.5434 0.5796 0.5434 0.5796 0.5434 0.5796 0.5463 0.5806 0.5463 0.5787 0.5434 0.5787 0.5463 0.5796 0.5463 0.5796 0.5463 0.5796 0.5434 0.5787 0.5434 0.5787 0.5434 0.5779 0.5434 0.5779 0.5463 0.5779 0.5463 0.5787 0.5463 0.5787 0.5434 0.6448 0.6509 0.6439 0.6538 0.6439 0.6509 0.6439 0.6538 0.6448 0.6509 0.6448 0.6538 0.6439 0.6538 0.6429 0.6509 0.6439 0.6509 0.6429 0.6509 0.6439 0.6538 0.6429 0.6538 0.642 0.6538 0.6429 0.6509 0.6429 0.6538 0.6429 0.6509 0.642 0.6538 0.642 0.6509 0.6411 0.6538 0.642 0.6509 0.642 0.6538 0.642 0.6509 0.6411 0.6538 0.6411 0.6509 0.6347 0.8591 0.6319 0.8591 0.6319 0.8598 0.6319 0.8598 0.6347 0.8598 0.6347 0.8591 0.6319 0.8581 0.6319 0.8591 0.6347 0.8591 0.6347 0.8591 0.6347 0.8581 0.6319 0.8581 0.6319 0.8571 0.6319 0.8581 0.6347 0.8581 0.6347 0.8581 0.6347 0.8571 0.6319 0.8571 0.6347 0.8562 0.6319 0.8562 0.6319 0.8571 0.6319 0.8571 0.6347 0.8571 0.6347 0.8562 0.6319 0.8555 0.6319 0.8562 0.6347 0.8562 0.6347 0.8562 0.6347 0.8555 0.6319 0.8555 0.8201 0.8951 0.8201 0.8922 0.8192 0.8922 0.8192 0.8922 0.8192 0.8951 0.8201 0.8951 0.8201 0.8922 0.8201 0.8951 0.821 0.8951 0.821 0.8951 0.821 0.8922 0.8201 0.8922 0.7314 0.5461 0.731 0.543 0.7314 0.543 0.731 0.543 0.7314 0.5461 0.731 0.5461 0.7314 0.5461 0.731 0.5493 0.731 0.5461 0.731 0.5493 0.7314 0.5461 0.7314 0.5493 0.731 0.5521 0.7314 0.5493 0.7314 0.552 0.7314 0.5493 0.731 0.5521 0.731 0.5493 0.6355 0.7256 0.638 0.7252 0.6379 0.7256 0.638 0.7252 0.6355 0.7256 0.6356 0.7252 0.6326 0.7256 0.6356 0.7252 0.6355 0.7256 0.6356 0.7252 0.6326 0.7256 0.6326 0.7252 0.6294 0.7252 0.6326 0.7256 0.6294 0.7256 0.6326 0.7256 0.6294 0.7252 0.6326 0.7252 0.6294 0.7252 0.6264 0.7256 0.6264 0.7252 0.6264 0.7256 0.6294 0.7252 0.6294 0.7256 0.6264 0.7256 0.6239 0.7252 0.6264 0.7252 0.6239 0.7252 0.6264 0.7256 0.624 0.7256 0.8886 0.965 0.8882 0.9649 0.8882 0.9677 0.8882 0.9677 0.8886 0.9678 0.8886 0.965 0.8886 0.9618 0.8882 0.9618 0.8882 0.9649 0.8882 0.9649 0.8886 0.965 0.8886 0.9618 0.8882 0.9587 0.8882 0.9618 0.8886 0.9618 0.8886 0.9618 0.8886 0.9587 0.8882 0.9587 0.8882 0.956 0.8882 0.9587 0.8886 0.9587 0.8886 0.9587 0.8886 0.9559 0.8882 0.956 0.6387 0.8685 0.6411 0.8689 0.6386 0.8689 0.6411 0.8689 0.6387 0.8685 0.6412 0.8685 0.6387 0.8685 0.6357 0.8689 0.6357 0.8685 0.6357 0.8689 0.6387 0.8685 0.6386 0.8689 0.6325 0.8685 0.6357 0.8689 0.6325 0.8689 0.6357 0.8689 0.6325 0.8685 0.6357 0.8685 0.6296 0.8689 0.6325 0.8685 0.6325 0.8689 0.6325 0.8685 0.6296 0.8689 0.6295 0.8685 0.627 0.8685 0.6296 0.8689 0.6272 0.8689 0.6296 0.8689 0.627 0.8685 0.6295 0.8685 0.731 0.543 0.7314 0.5403 0.7314 0.543 0.7314 0.5403 0.731 0.543 0.731 0.5402 0.761 0.7277 0.7609 0.7308 0.7605 0.7306 0.7609 0.7308 0.761 0.7277 0.7614 0.7277 0.7609 0.7246 0.761 0.7277 0.7605 0.7247 0.761 0.7277 0.7609 0.7246 0.7614 0.7277 0.7609 0.7246 0.759 0.7221 0.7593 0.7218 0.759 0.7221 0.7609 0.7246 0.7605 0.7247 0.7593 0.7218 0.7567 0.7202 0.7569 0.7198 0.7567 0.7202 0.7593 0.7218 0.759 0.7221 0.7539 0.7187 0.7567 0.7202 0.7539 0.7192 0.7567 0.7202 0.7539 0.7187 0.7569 0.7198 0.7539 0.7187 0.7509 0.7192 0.7508 0.7187 0.7509 0.7192 0.7539 0.7187 0.7539 0.7192 0.7478 0.7198 0.7509 0.7192 0.748 0.7202 0.7509 0.7192 0.7478 0.7198 0.7508 0.7187 0.7457 0.7221 0.7478 0.7198 0.748 0.7202 0.7478 0.7198 0.7457 0.7221 0.7454 0.7218 0.7438 0.7246 0.7457 0.7221 0.7442 0.7247 0.7457 0.7221 0.7438 0.7246 0.7454 0.7218 0.7433 0.7277 0.7442 0.7247 0.7437 0.7277 0.7442 0.7247 0.7433 0.7277 0.7438 0.7246 0.7433 0.7277 0.7442 0.7306 0.7438 0.7308 0.7442 0.7306 0.7433 0.7277 0.7437 0.7277 0.7438 0.7308 0.7457 0.7332 0.7454 0.7335 0.7457 0.7332 0.7438 0.7308 0.7442 0.7306 0.7478 0.7355 0.7457 0.7332 0.748 0.7352 0.7457 0.7332 0.7478 0.7355 0.7454 0.7335 0.7478 0.7355 0.7509 0.7362 0.7508 0.7366001 0.7509 0.7362 0.7478 0.7355 0.748 0.7352 0.7539 0.7366001 0.7509 0.7362 0.7539 0.7362 0.7509 0.7362 0.7539 0.7366001 0.7508 0.7366001 0.7539 0.7366001 0.7567 0.7352 0.7569 0.7355 0.7567 0.7352 0.7539 0.7366001 0.7539 0.7362 0.7593 0.7335 0.7567 0.7352 0.759 0.7332 0.7567 0.7352 0.7593 0.7335 0.7569 0.7355 0.7609 0.7308 0.759 0.7332 0.7605 0.7306 0.759 0.7332 0.7609 0.7308 0.7593 0.7335 0.6542 0.6731 0.6539 0.6418 0.6551 0.6745 0.6539 0.6418 0.6542 0.6731 0.6539 0.6708 0.6589 0.6757 0.6551 0.6745 0.6539 0.6418 0.6551 0.6745 0.6589 0.6757 0.6566 0.6754 0.6589 0.6757 0.6909 0.6754 0.6886 0.6757 0.6909 0.6754 0.6589 0.6757 0.6923 0.6745 0.6589 0.6757 0.6932 0.6731 0.6923 0.6745 0.6932 0.6731 0.6589 0.6757 0.6935 0.6708 0.6935 0.6708 0.6539 0.6418 0.6886 0.6369 0.6539 0.6418 0.6935 0.6708 0.6589 0.6757 0.6935 0.6708 0.6932 0.6396 0.6935 0.6418 0.6932 0.6396 0.6935 0.6708 0.6923 0.6381 0.6909 0.6372 0.6935 0.6708 0.6886 0.6369 0.6935 0.6708 0.6909 0.6372 0.6923 0.6381 0.6539 0.6418 0.6551 0.6381 0.6886 0.6369 0.6551 0.6381 0.6539 0.6418 0.6542 0.6396 0.6566 0.6372 0.6886 0.6369 0.6551 0.6381 0.6886 0.6369 0.6566 0.6372 0.6589 0.6369 0.5821 0.2498999 0.6112 0.2470999 0.6112 0.2498999 0.6112 0.2470999 0.5821 0.2498999 0.5821 0.2470999 0.5826 0.07179999 0.6124 0.06910002 0.6124 0.07179999 0.6124 0.06910002 0.5826 0.07179999 0.5826 0.06910002 0.5693 0.4108 0.5984 0.408 0.5984 0.4108 0.5984 0.408 0.5693 0.4108 0.5693 0.408 0.6063 0.5102 0.5765 0.5102 0.5765 0.513 0.5765 0.513 0.6063 0.513 0.6063 0.5102 0.5821 0.2470999 0.5796 0.2498999 0.5796 0.2470999 0.5796 0.2498999 0.5821 0.2470999 0.5821 0.2498999 0.6137 0.2498999 0.6112 0.2470999 0.6137 0.2470999 0.6112 0.2470999 0.6137 0.2498999 0.6112 0.2498999 0.6124 0.07179999 0.6149 0.06910002 0.6149 0.07179999 0.6149 0.06910002 0.6124 0.07179999 0.6124 0.06910002 0.5693 0.4108 0.5668 0.408 0.5693 0.408 0.5668 0.408 0.5693 0.4108 0.5668 0.4108 0.5778 0.2470999 0.5796 0.2498999 0.5778 0.2498999 0.5796 0.2498999 0.5778 0.2470999 0.5796 0.2470999 0.58 0.06910002 0.5782 0.07179999 0.5782 0.06910002 0.5782 0.07179999 0.58 0.06910002 0.58 0.07179999 0.58 0.07179999 0.5826 0.06910002 0.5826 0.07179999 0.5826 0.06910002 0.58 0.07179999 0.58 0.06910002 0.6155 0.2470999 0.6137 0.2498999 0.6137 0.2470999 0.6137 0.2498999 0.6155 0.2470999 0.6155 0.2498999 0.5739 0.513 0.5739 0.5102 0.5721 0.5102 0.5721 0.5102 0.5721 0.513 0.5739 0.513 0.5765 0.5102 0.5739 0.5102 0.5739 0.513 0.5739 0.513 0.5765 0.513 0.5765 0.5102 0.6149 0.07179999 0.6167 0.06910002 0.6167 0.07179999 0.6167 0.06910002 0.6149 0.07179999 0.6149 0.06910002 0.6009 0.408 0.6027 0.4108 0.6009 0.4108 0.6027 0.4108 0.6009 0.408 0.6027 0.408 0.6009 0.4108 0.5984 0.408 0.6009 0.408 0.5984 0.408 0.6009 0.4108 0.5984 0.4108 0.5668 0.408 0.565 0.4108 0.565 0.408 0.565 0.4108 0.5668 0.408 0.5668 0.4108 0.6088 0.513 0.6106 0.513 0.6106 0.5102 0.6106 0.5102 0.6088 0.5102 0.6088 0.513 0.6088 0.513 0.6088 0.5102 0.6063 0.5102 0.6063 0.5102 0.6063 0.513 0.6088 0.513 0.6539 0.6418 0.6533 0.6708 0.6533 0.6418 0.6533 0.6708 0.6539 0.6418 0.6539 0.6708 0.6886 0.6764 0.6589 0.6757 0.6886 0.6757 0.6589 0.6757 0.6886 0.6764 0.6588 0.6764 0.6935 0.6708 0.6942 0.6418 0.6942 0.6708 0.6942 0.6418 0.6935 0.6708 0.6935 0.6418 0.6588 0.6362 0.6886 0.6369 0.6589 0.6369 0.6886 0.6369 0.6588 0.6362 0.6886 0.6362 0.6137 0.2498999 0.6112 0.2505 0.6112 0.2498999 0.6112 0.2505 0.6137 0.2498999 0.6136 0.2505 0.5826 0.06910002 0.5801 0.06840002 0.5826 0.06840002 0.5801 0.06840002 0.5826 0.06910002 0.58 0.06910002 0.6063 0.513 0.6063 0.5137 0.6087 0.5137 0.6087 0.5137 0.6088 0.513 0.6063 0.513 0.5984 0.4108 0.6008 0.4114 0.5983 0.4114 0.6008 0.4114 0.5984 0.4108 0.6009 0.4108 0.5739 0.513 0.574 0.5137 0.5765 0.5137 0.5765 0.5137 0.5765 0.513 0.5739 0.513 0.5721 0.513 0.5723 0.5137 0.574 0.5137 0.574 0.5137 0.5739 0.513 0.5721 0.513 0.6137 0.2498999 0.6154 0.2505 0.6136 0.2505 0.6154 0.2505 0.6137 0.2498999 0.6155 0.2498999 0.5822 0.2505 0.5796 0.2498999 0.5821 0.2498999 0.5796 0.2498999 0.5822 0.2505 0.5797 0.2505 0.578 0.2505 0.5796 0.2498999 0.5797 0.2505 0.5796 0.2498999 0.578 0.2505 0.5778 0.2498999 0.5784 0.06840002 0.58 0.06910002 0.5782 0.06910002 0.58 0.06910002 0.5784 0.06840002 0.5801 0.06840002 0.5693 0.4114 0.5668 0.4108 0.5693 0.4108 0.5668 0.4108 0.5693 0.4114 0.5669 0.4114 0.5651 0.4114 0.5668 0.4108 0.5669 0.4114 0.5668 0.4108 0.5651 0.4114 0.565 0.4108 0.6105 0.5137 0.6106 0.513 0.6088 0.513 0.6088 0.513 0.6087 0.5137 0.6105 0.5137 0.6149 0.06840002 0.6124 0.06910002 0.6124 0.06840002 0.6124 0.06910002 0.6149 0.06840002 0.6149 0.06910002 0.6149 0.06840002 0.6167 0.06910002 0.6149 0.06910002 0.6167 0.06910002 0.6149 0.06840002 0.6166 0.06840002 0.6008 0.4114 0.6027 0.4108 0.6025 0.4114 0.6027 0.4108 0.6008 0.4114 0.6009 0.4108 0.6112 0.2498999 0.5822 0.2505 0.5821 0.2498999 0.5822 0.2505 0.6112 0.2498999 0.6112 0.2505 0.5826 0.06910002 0.6124 0.06840002 0.6124 0.06910002 0.6124 0.06840002 0.5826 0.06910002 0.5826 0.06840002 0.5983 0.4114 0.5693 0.4108 0.5984 0.4108 0.5693 0.4108 0.5983 0.4114 0.5693 0.4114 0.6063 0.513 0.5765 0.513 0.5765 0.5137 0.5765 0.5137 0.6063 0.5137 0.6063 0.513 0.6533 0.6418 0.6542 0.6396 0.6539 0.6418 0.6542 0.6396 0.6533 0.6418 0.6536 0.6393 0.6589 0.6757 0.6564 0.676 0.6566 0.6754 0.6564 0.676 0.6589 0.6757 0.6588 0.6764 0.6886 0.6369 0.6911 0.6366 0.6909 0.6372 0.6911 0.6366 0.6886 0.6369 0.6886 0.6362 0.6938 0.6733 0.6935 0.6708 0.6942 0.6708 0.6935 0.6708 0.6938 0.6733 0.6932 0.6731 0.6564 0.6366 0.6589 0.6369 0.6566 0.6372 0.6589 0.6369 0.6564 0.6366 0.6588 0.6362 0.6546 0.6376 0.6566 0.6372 0.6551 0.6381 0.6566 0.6372 0.6546 0.6376 0.6564 0.6366 0.6542 0.6396 0.6546 0.6376 0.6551 0.6381 0.6546 0.6376 0.6542 0.6396 0.6536 0.6393 0.6536 0.6733 0.6539 0.6708 0.6542 0.6731 0.6539 0.6708 0.6536 0.6733 0.6533 0.6708 0.6546 0.675 0.6542 0.6731 0.6551 0.6745 0.6542 0.6731 0.6546 0.675 0.6536 0.6733 0.6566 0.6754 0.6546 0.675 0.6551 0.6745 0.6546 0.675 0.6566 0.6754 0.6564 0.676 0.6932 0.6396 0.6942 0.6418 0.6935 0.6418 0.6942 0.6418 0.6932 0.6396 0.6938 0.6393 0.6928 0.6376 0.6932 0.6396 0.6923 0.6381 0.6932 0.6396 0.6928 0.6376 0.6938 0.6393 0.6911 0.6366 0.6923 0.6381 0.6909 0.6372 0.6923 0.6381 0.6911 0.6366 0.6928 0.6376 0.6911 0.676 0.6886 0.6757 0.6909 0.6754 0.6886 0.6757 0.6911 0.676 0.6886 0.6764 0.6909 0.6754 0.6928 0.675 0.6911 0.676 0.6928 0.675 0.6909 0.6754 0.6923 0.6745 0.6938 0.6733 0.6923 0.6745 0.6932 0.6731 0.6923 0.6745 0.6938 0.6733 0.6928 0.675 0.5664 0.7485 0.5664 0.7783 0.5667 0.7808 0.5667 0.7808 0.5678 0.7826 0.5664 0.7485 0.5664 0.7485 0.5678 0.7826 0.5696 0.7837 0.5696 0.7837 0.5664 0.7485 0.5721 0.7841 0.5721 0.7841 0.6462 0.7841 0.6487 0.7837 0.6487 0.7837 0.5721 0.7841 0.6505 0.7826 0.5721 0.7841 0.6516 0.7808 0.6505 0.7826 0.6516 0.7808 0.652 0.7783 0.5721 0.7841 0.5664 0.7485 0.652 0.7783 0.5721 0.7841 0.652 0.7783 0.5664 0.7485 0.6462 0.7427 0.6505 0.7442 0.652 0.7485 0.652 0.7783 0.652 0.7485 0.6516 0.746 0.6505 0.7442 0.6462 0.7427 0.6505 0.7442 0.652 0.7783 0.6505 0.7442 0.6487 0.7431 0.6462 0.7427 0.6462 0.7427 0.5678 0.7442 0.5667 0.746 0.5667 0.746 0.5664 0.7485 0.6462 0.7427 0.5696 0.7431 0.5678 0.7442 0.6462 0.7427 0.6462 0.7427 0.5721 0.7427 0.5696 0.7431 0.5749 0.8868 0.5712 0.888 0.5727 0.8872 0.5712 0.888 0.5749 0.8868 0.6489 0.8868 0.5712 0.888 0.57 0.8918 0.5703 0.8895 0.57 0.8918 0.5712 0.888 0.6489 0.8868 0.5712 0.9253 0.57 0.9215 0.57 0.8918 0.57 0.9215 0.5712 0.9253 0.5703 0.9238 0.57 0.8918 0.5727 0.9261 0.5712 0.9253 0.5727 0.9261 0.57 0.8918 0.5749 0.9265 0.6539 0.9215 0.57 0.8918 0.6489 0.8868 0.57 0.8918 0.6539 0.9215 0.5749 0.9265 0.5749 0.9265 0.6512 0.9261 0.6489 0.9265 0.6512 0.9261 0.5749 0.9265 0.6526 0.9253 0.6535 0.9238 0.5749 0.9265 0.6539 0.9215 0.5749 0.9265 0.6535 0.9238 0.6526 0.9253 0.6526 0.888 0.6489 0.8868 0.6512 0.8872 0.6489 0.8868 0.6526 0.888 0.6539 0.9215 0.6539 0.8918 0.6526 0.888 0.6535 0.8895 0.6526 0.888 0.6539 0.8918 0.6539 0.9215 0.5826 0.2087 0.6566 0.2114999 0.5826 0.2114999 0.6566 0.2114999 0.5826 0.2087 0.6566 0.2087 0.612 0.1067 0.5821 0.1039999 0.612 0.1039999 0.5821 0.1039999 0.612 0.1067 0.5821 0.1067 0.5826 0.1926 0.6566 0.1953999 0.5826 0.1953999 0.6566 0.1953999 0.5826 0.1926 0.6566 0.1926 0.5821 0.1186 0.612 0.1186 0.612 0.1158 0.612 0.1158 0.5821 0.1158 0.5821 0.1186 0.5826 0.2114999 0.58 0.2087 0.5826 0.2087 0.58 0.2087 0.5826 0.2114999 0.58 0.2114999 0.6566 0.2114999 0.6592 0.2087 0.6592 0.2114999 0.6592 0.2087 0.6566 0.2114999 0.6566 0.2087 0.612 0.1067 0.6145 0.1039999 0.6145 0.1067 0.6145 0.1039999 0.612 0.1067 0.612 0.1039999 0.58 0.1953999 0.5826 0.1926 0.5826 0.1953999 0.5826 0.1926 0.58 0.1953999 0.58 0.1926 0.58 0.2087 0.5782 0.2114999 0.5782 0.2087 0.5782 0.2114999 0.58 0.2087 0.58 0.2114999 0.5796 0.1067 0.5778 0.1039999 0.5796 0.1039999 0.5778 0.1039999 0.5796 0.1067 0.5778 0.1067 0.5821 0.1039999 0.5796 0.1067 0.5796 0.1039999 0.5796 0.1067 0.5821 0.1039999 0.5821 0.1067 0.6592 0.2114999 0.661 0.2087 0.661 0.2114999 0.661 0.2087 0.6592 0.2114999 0.6592 0.2087 0.5778 0.1158 0.5778 0.1186 0.5796 0.1186 0.5796 0.1186 0.5796 0.1158 0.5778 0.1158 0.5821 0.1186 0.5821 0.1158 0.5796 0.1158 0.5796 0.1158 0.5796 0.1186 0.5821 0.1186 0.6163 0.1067 0.6145 0.1039999 0.6163 0.1039999 0.6145 0.1039999 0.6163 0.1067 0.6145 0.1067 0.6592 0.1926 0.661 0.1953999 0.6592 0.1953999 0.661 0.1953999 0.6592 0.1926 0.661 0.1926 0.6592 0.1953999 0.6566 0.1926 0.6592 0.1926 0.6566 0.1926 0.6592 0.1953999 0.6566 0.1953999 0.5782 0.1926 0.58 0.1953999 0.5782 0.1953999 0.58 0.1953999 0.5782 0.1926 0.58 0.1926 0.6163 0.1158 0.6145 0.1158 0.6145 0.1186 0.6145 0.1186 0.6163 0.1186 0.6163 0.1158 0.6145 0.1186 0.6145 0.1158 0.612 0.1158 0.612 0.1158 0.612 0.1186 0.6145 0.1186 0.6489 0.8868 0.5749 0.8863 0.6489 0.8863 0.5749 0.8863 0.6489 0.8868 0.5749 0.8868 0.5695 0.9215 0.57 0.8918 0.57 0.9215 0.57 0.8918 0.5695 0.9215 0.5695 0.8917 0.6489 0.9269 0.5749 0.9265 0.6489 0.9265 0.5749 0.9265 0.6489 0.9269 0.5749 0.9269 0.6543 0.8917 0.6539 0.9215 0.6539 0.8918 0.6539 0.9215 0.6543 0.8917 0.6543 0.9215 0.6566 0.212 0.6592 0.2114999 0.6591 0.212 0.6592 0.2114999 0.6566 0.212 0.6566 0.2114999 0.5821 0.1039999 0.5797 0.1035 0.5821 0.1035 0.5797 0.1035 0.5821 0.1039999 0.5796 0.1039999 0.612 0.1190999 0.6145 0.1190999 0.6145 0.1186 0.6145 0.1186 0.612 0.1186 0.612 0.1190999 0.6592 0.1953999 0.6566 0.1958 0.6566 0.1953999 0.6566 0.1958 0.6592 0.1953999 0.6591 0.1958 0.5796 0.1186 0.5797 0.1190999 0.5821 0.1190999 0.5821 0.1190999 0.5821 0.1186 0.5796 0.1186 0.5778 0.1186 0.5779 0.1190999 0.5797 0.1190999 0.5797 0.1190999 0.5796 0.1186 0.5778 0.1186 0.661 0.2114999 0.6591 0.212 0.6592 0.2114999 0.6591 0.212 0.661 0.2114999 0.6609 0.212 0.5801 0.212 0.5826 0.2114999 0.5826 0.212 0.5826 0.2114999 0.5801 0.212 0.58 0.2114999 0.5782 0.2114999 0.5801 0.212 0.5783 0.212 0.5801 0.212 0.5782 0.2114999 0.58 0.2114999 0.5779 0.1035 0.5796 0.1039999 0.5778 0.1039999 0.5796 0.1039999 0.5779 0.1035 0.5797 0.1035 0.5826 0.1958 0.58 0.1953999 0.5826 0.1953999 0.58 0.1953999 0.5826 0.1958 0.5801 0.1958 0.5782 0.1953999 0.5801 0.1958 0.5783 0.1958 0.5801 0.1958 0.5782 0.1953999 0.58 0.1953999 0.6162 0.1190999 0.6163 0.1186 0.6145 0.1186 0.6145 0.1186 0.6145 0.1190999 0.6162 0.1190999 0.612 0.1039999 0.6145 0.1035 0.6145 0.1039999 0.6145 0.1035 0.612 0.1039999 0.612 0.1035 0.6162 0.1035 0.6145 0.1039999 0.6145 0.1035 0.6145 0.1039999 0.6162 0.1035 0.6163 0.1039999 0.661 0.1953999 0.6591 0.1958 0.6592 0.1953999 0.6591 0.1958 0.661 0.1953999 0.6609 0.1958 0.5749 0.8861 0.6489 0.8863 0.5749 0.8863 0.6489 0.8863 0.5749 0.8861 0.649 0.8861 0.6566 0.212 0.5826 0.2114999 0.6566 0.2114999 0.5826 0.2114999 0.6566 0.212 0.5826 0.212 0.612 0.1035 0.5822 0.1032 0.612 0.1032 0.5822 0.1032 0.612 0.1035 0.5821 0.1035 0.5821 0.1035 0.612 0.1039999 0.5821 0.1039999 0.612 0.1039999 0.5821 0.1035 0.612 0.1035 0.649 0.9272 0.5749 0.9269 0.6489 0.9269 0.5749 0.9269 0.649 0.9272 0.5749 0.9272 0.6566 0.1958 0.5826 0.1953999 0.6566 0.1953999 0.5826 0.1953999 0.6566 0.1958 0.5826 0.1958 0.612 0.1190999 0.5821 0.1190999 0.5822 0.1194 0.5822 0.1194 0.612 0.1194 0.612 0.1190999 0.612 0.1186 0.5821 0.1186 0.5821 0.1190999 0.5821 0.1190999 0.612 0.1190999 0.612 0.1186 0.6513 0.8867 0.649 0.8861 0.6514 0.8864 0.649 0.8861 0.6513 0.8867 0.6489 0.8863 0.6489 0.8868 0.6513 0.8867 0.6512 0.8872 0.6513 0.8867 0.6489 0.8868 0.6489 0.8863 0.7459 0.8291 0.7483 0.8297 0.7458 0.8295 0.7483 0.8297 0.7459 0.8291 0.7483 0.8293 0.5695 0.8917 0.5703 0.8895 0.57 0.8918 0.5703 0.8895 0.5695 0.8917 0.5698 0.8893 0.8253 0.8731 0.8229 0.8724 0.8254 0.8727 0.8229 0.8724 0.8253 0.8731 0.8229 0.8728 0.6539 0.9215 0.654 0.924 0.6535 0.9238 0.654 0.924 0.6539 0.9215 0.6543 0.9215 0.5725 0.9266 0.5749 0.9272 0.5724 0.9269 0.5749 0.9272 0.5725 0.9266 0.5749 0.9269 0.5725 0.9266 0.5749 0.9265 0.5749 0.9269 0.5749 0.9265 0.5725 0.9266 0.5727 0.9261 0.7932 0.8728 0.7932 0.8724 0.7908 0.8727 0.7908 0.8727 0.7909 0.8731 0.7932 0.8728 0.654 0.8893 0.6539 0.8918 0.6535 0.8895 0.6539 0.8918 0.654 0.8893 0.6543 0.8917 0.7909 0.8731 0.7908 0.8727 0.7891 0.8734 0.7891 0.8734 0.7893 0.8738 0.7909 0.8731 0.6535 0.8895 0.653 0.8877 0.654 0.8893 0.653 0.8877 0.6535 0.8895 0.6526 0.888 0.8489 0.7785 0.8485 0.7786 0.8485 0.7805 0.8485 0.7805 0.849 0.7806 0.8489 0.7785 0.6526 0.888 0.6513 0.8867 0.653 0.8877 0.6513 0.8867 0.6526 0.888 0.6512 0.8872 0.5749 0.8861 0.5725 0.8867 0.5724 0.8864 0.5725 0.8867 0.5749 0.8861 0.5749 0.8863 0.5749 0.8863 0.5727 0.8872 0.5725 0.8867 0.5727 0.8872 0.5749 0.8863 0.5749 0.8868 0.744 0.8287 0.7431 0.8272 0.7442 0.8284 0.7431 0.8272 0.744 0.8287 0.7428 0.8275 0.5712 0.888 0.5725 0.8867 0.5727 0.8872 0.5725 0.8867 0.5712 0.888 0.5708 0.8877 0.744 0.8287 0.7459 0.8291 0.7458 0.8295 0.7459 0.8291 0.744 0.8287 0.7442 0.8284 0.5698 0.8893 0.5712 0.888 0.5703 0.8895 0.5712 0.888 0.5698 0.8893 0.5708 0.8877 0.649 0.9272 0.6513 0.9266 0.6514 0.9269 0.6513 0.9266 0.649 0.9272 0.6489 0.9269 0.6513 0.9266 0.6489 0.9265 0.6512 0.9261 0.6489 0.9265 0.6513 0.9266 0.6489 0.9269 0.8272 0.8734 0.8281 0.8749 0.827 0.8738 0.8281 0.8749 0.8272 0.8734 0.8284 0.8747 0.6526 0.9253 0.6513 0.9266 0.6512 0.9261 0.6513 0.9266 0.6526 0.9253 0.653 0.9256 0.8272 0.8734 0.8253 0.8731 0.8254 0.8727 0.8253 0.8731 0.8272 0.8734 0.827 0.8738 0.654 0.924 0.6526 0.9253 0.6535 0.9238 0.6526 0.9253 0.654 0.924 0.653 0.9256 0.7803 0.8291 0.778 0.8297 0.778 0.8293 0.778 0.8297 0.7803 0.8291 0.7804 0.8295 0.57 0.9215 0.5698 0.924 0.5695 0.9215 0.5698 0.924 0.57 0.9215 0.5703 0.9238 0.7821 0.8287 0.7803 0.8291 0.7819 0.8284 0.7803 0.8291 0.7821 0.8287 0.7804 0.8295 0.5708 0.9256 0.5703 0.9238 0.5712 0.9253 0.5703 0.9238 0.5708 0.9256 0.5698 0.924 0.5706 0.9258 0.5725 0.9266 0.5724 0.9269 0.5725 0.9266 0.5706 0.9258 0.5708 0.9256 0.5725 0.9266 0.5712 0.9253 0.5727 0.9261 0.5712 0.9253 0.5725 0.9266 0.5708 0.9256 0.7885 0.3092 0.792 0.3066 0.792 0.3092 0.792 0.3066 0.7885 0.3092 0.7885 0.3066 0.9683 0.9673 0.9648 0.9699 0.9648 0.9673 0.9648 0.9699 0.9683 0.9673 0.9683 0.9699 0.8001 0.3723 0.8001 0.3698 0.7966 0.3698 0.7966 0.3698 0.7966 0.3723 0.8001 0.3723 0.6477 0.6872 0.6477 0.6846 0.6443 0.6846 0.6443 0.6846 0.6443 0.6872 0.6477 0.6872 0.6032 0.8221 0.6032 0.8195 0.5998 0.8195 0.5998 0.8195 0.5998 0.8221 0.6032 0.8221 0.7232 0.8898 0.7197 0.8924 0.7197 0.8898 0.7197 0.8924 0.7232 0.8898 0.7232 0.8924 0.7552 0.7262 0.7498 0.7293 0.7525 0.7246 0.7498 0.7293 0.7552 0.7262 0.7552 0.7293 0.7525 0.7246 0.7498 0.7293 0.7498 0.7262 0.7525 0.7308 0.7498 0.7293 0.7552 0.7293 0.7885 0.3066 0.7918 0.3063 0.792 0.3066 0.7918 0.3063 0.7885 0.3066 0.7887 0.3063 0.7552 0.7293 0.7555 0.726 0.7555 0.7295 0.7555 0.726 0.7552 0.7293 0.7552 0.7262 0.7999 0.3726 0.8001 0.3723 0.7966 0.3723 0.7966 0.3723 0.7968 0.3726 0.7999 0.3726 0.6476 0.6875 0.6477 0.6872 0.6443 0.6872 0.6443 0.6872 0.6444 0.6875 0.6476 0.6875 0.7495 0.7295 0.7498 0.7293 0.7498 0.7262 0.7498 0.7262 0.7495 0.726 0.7495 0.7295 0.7197 0.8898 0.723 0.8895 0.7232 0.8898 0.723 0.8895 0.7197 0.8898 0.7199 0.8895 0.7873 0.9817 0.7839 0.9791 0.7873 0.9791 0.7839 0.9791 0.7873 0.9817 0.7839 0.9817 0.8315 0.7898 0.828 0.7924 0.828 0.7898 0.828 0.7924 0.8315 0.7898 0.8315 0.7924 0.6257 0.4775 0.6257 0.4749 0.6223 0.4749 0.6223 0.4749 0.6223 0.4775 0.6257 0.4775 0.958 0.9966 0.958 0.9992 0.9614 0.9992 0.9614 0.9992 0.9614 0.9966 0.958 0.9966 0.709 0.5046 0.7056 0.5046 0.7056 0.5072 0.7056 0.5072 0.709 0.5072 0.709 0.5046 0.9515 0.9897 0.948 0.9871 0.9515 0.9871 0.948 0.9871 0.9515 0.9897 0.948 0.9897 0.6095 0.2232 0.6142 0.2204999 0.6126 0.2232 0.6142 0.2204999 0.6095 0.2232 0.6095 0.2178 0.6142 0.2204999 0.6095 0.2178 0.6126 0.2178 0.6079 0.2204999 0.6095 0.2178 0.6095 0.2232 0.7839 0.9791 0.7872 0.9788 0.7873 0.9791 0.7872 0.9788 0.7839 0.9791 0.784 0.9788 0.828 0.7924 0.8313 0.7927 0.8282 0.7927 0.8313 0.7927 0.828 0.7924 0.8315 0.7924 0.6223 0.4775 0.6256 0.4778 0.6224 0.4778 0.6256 0.4778 0.6223 0.4775 0.6257 0.4775 0.958 0.9992 0.9581 0.9995 0.9613 0.9995 0.9613 0.9995 0.9614 0.9992 0.958 0.9992 0.7056 0.5072 0.7058 0.5074 0.7089 0.5074 0.7089 0.5074 0.709 0.5072 0.7056 0.5072 0.948 0.9871 0.9513 0.9868 0.9515 0.9871 0.9513 0.9868 0.948 0.9871 0.9482 0.9868 0.6174 0.8536 0.62 0.857 0.6174 0.857 0.62 0.857 0.6174 0.8536 0.62 0.8536 0.7842 0.8476 0.7807 0.8502 0.7807 0.8476 0.7807 0.8502 0.7842 0.8476 0.7842 0.8502 0.775 0.4102 0.7716 0.4102 0.7716 0.4128 0.7716 0.4128 0.775 0.4128 0.775 0.4102 0.818 0.3385 0.8145 0.3385 0.8145 0.3411 0.8145 0.3411 0.818 0.3411 0.818 0.3385 0.7763 0.8406 0.7728 0.8406 0.7728 0.8432 0.7728 0.8432 0.7763 0.8432 0.7763 0.8406 0.6303 0.8574 0.6268 0.86 0.6268 0.8574 0.6268 0.86 0.6303 0.8574 0.6303 0.86 0.6287 0.7307 0.626 0.726 0.6287 0.7276 0.626 0.726 0.6287 0.7307 0.6233 0.7307 0.626 0.726 0.6233 0.7307 0.6233 0.7276 0.626 0.7323001 0.6233 0.7307 0.6287 0.7307 0.626 0.7326 0.6287 0.7307 0.629 0.7309 0.6287 0.7307 0.626 0.7326 0.626 0.7323001 0.629 0.7274 0.6287 0.7307 0.6287 0.7276 0.6287 0.7307 0.629 0.7274 0.629 0.7309 0.7749 0.4131 0.7716 0.4128 0.775 0.4128 0.7716 0.4128 0.7749 0.4131 0.7717 0.4131 0.8145 0.3411 0.8147 0.3414 0.8178 0.3414 0.8178 0.3414 0.818 0.3411 0.8145 0.3411 0.6233 0.7276 0.623 0.7309 0.623 0.7274 0.623 0.7309 0.6233 0.7276 0.6233 0.7307 0.623 0.7309 0.626 0.7323001 0.626 0.7326 0.626 0.7323001 0.623 0.7309 0.6233 0.7307 0.7428 0.8221 0.7463 0.8195 0.7463 0.8221 0.7463 0.8195 0.7428 0.8221 0.7428 0.8195 0.6111 0.8265 0.6077 0.8291 0.6077 0.8265 0.6077 0.8291 0.6111 0.8265 0.6111 0.8291 0.7729 0.5496 0.7695 0.5496 0.7695 0.5521 0.7695 0.5521 0.7729 0.5521 0.7729 0.5496 0.7527 0.5872 0.7493 0.5872 0.7493 0.5898 0.7493 0.5898 0.7527 0.5898 0.7527 0.5872 0.8034 0.5544 0.7999 0.5544 0.7999 0.5569 0.7999 0.5569 0.8034 0.5569 0.8034 0.5544 0.818 0.3126 0.8145 0.3152 0.8145 0.3126 0.8145 0.3152 0.818 0.3126 0.818 0.3152 0.8849 0.4623 0.8896 0.4596 0.888 0.4623 0.8896 0.4596 0.8849 0.4623 0.8849 0.4569 0.8896 0.4596 0.8849 0.4569 0.888 0.4569 0.8833 0.4596 0.8849 0.4569 0.8849 0.4623 0.743 0.8192 0.7463 0.8195 0.7428 0.8195 0.7463 0.8195 0.743 0.8192 0.7461 0.8192 0.8882 0.4626 0.8849 0.4623 0.888 0.4623 0.8849 0.4623 0.8882 0.4626 0.8847 0.4626 0.7728 0.5524 0.7695 0.5521 0.7729 0.5521 0.7695 0.5521 0.7728 0.5524 0.7696 0.5524 0.7526 0.5901 0.7527 0.5898 0.7493 0.5898 0.7493 0.5898 0.7494 0.5901 0.7526 0.5901 0.8882 0.4566 0.8847 0.4566 0.8849 0.4569 0.8849 0.4569 0.888 0.4569 0.8882 0.4566 0.8178 0.3123 0.8145 0.3126 0.8147 0.3123 0.8145 0.3126 0.8178 0.3123 0.818 0.3126 0.6944 0.6345 0.6979 0.6319 0.6979 0.6345 0.6979 0.6319 0.6944 0.6345 0.6944 0.6319 0.8781 0.4458 0.8814 0.4431 0.8815 0.4456 0.8814 0.4431 0.8781 0.4458 0.878 0.4432 0.6572 0.2716 0.6538 0.2716 0.6538 0.2742 0.6538 0.2742 0.6572 0.2742 0.6572 0.2716 0.6572 0.2978 0.6538 0.2978 0.6538 0.3004 0.6538 0.3004 0.6572 0.3004 0.6572 0.2978 0.7949 0.7865 0.7915 0.7865 0.7915 0.7891 0.7915 0.7891 0.7949 0.7891 0.7949 0.7865 0.9039 0.5282 0.9005 0.5308 0.9005 0.5282 0.9005 0.5308 0.9039 0.5282 0.9039 0.5308 0.5794 0.2190999 0.5841 0.2163 0.5825 0.2190999 0.5841 0.2163 0.5794 0.2190999 0.5794 0.2135999 0.5841 0.2163 0.5794 0.2135999 0.5825 0.2135999 0.5778 0.2163 0.5794 0.2135999 0.5794 0.2190999 0.6979 0.6319 0.6946 0.6316 0.6977 0.6316 0.6946 0.6316 0.6979 0.6319 0.6944 0.6319 0.8814 0.4431 0.8781 0.4429 0.8813 0.4428 0.8781 0.4429 0.8814 0.4431 0.878 0.4432 0.6571 0.2745 0.6538 0.2742 0.6572 0.2742 0.6538 0.2742 0.6571 0.2745 0.654 0.2745 0.6572 0.3004 0.6538 0.3004 0.654 0.3006 0.654 0.3006 0.6571 0.3006 0.6572 0.3004 0.7948 0.7893 0.7949 0.7891 0.7915 0.7891 0.7915 0.7891 0.7916 0.7893 0.7948 0.7893 0.9038 0.5279 0.9005 0.5282 0.9006 0.5279 0.9005 0.5282 0.9038 0.5279 0.9039 0.5282 0.7695 0.594 0.7729 0.5915001 0.7729 0.594 0.7729 0.5915001 0.7695 0.594 0.7695 0.5915001 0.62 0.8833 0.6173 0.8799 0.6199 0.8798 0.6173 0.8799 0.62 0.8833 0.6174 0.8834 0.2391 0.002300024 0.2357 0.002300024 0.2357 0.004899978 0.2357 0.004899978 0.2391 0.004899978 0.2391 0.002300024 0.9098 0.611 0.9063 0.611 0.9063 0.6136 0.9063 0.6136 0.9098 0.6136 0.9098 0.611 0.6077 0.6399 0.6043 0.6399 0.6043 0.6425001 0.6043 0.6425001 0.6077 0.6425001 0.6077 0.6399 0.9176 0.9588 0.9141 0.9614 0.9141 0.9588 0.9141 0.9614 0.9176 0.9588 0.9176 0.9614 0.7852 0.7589 0.7825 0.7542 0.7852 0.7558 0.7825 0.7542 0.7852 0.7589 0.7798 0.7589 0.7825 0.7542 0.7798 0.7589 0.7798 0.7558 0.7825 0.7605 0.7798 0.7589 0.7852 0.7589 0.7696 0.5912 0.7729 0.5915001 0.7695 0.5915001 0.7729 0.5915001 0.7696 0.5912 0.7728 0.5912 0.7855 0.7556 0.7852 0.7589 0.7852 0.7558 0.7852 0.7589 0.7855 0.7556 0.7855 0.7591 0.239 0.005200028 0.2357 0.004899978 0.2391 0.004899978 0.2357 0.004899978 0.239 0.005200028 0.2358 0.005200028 0.9096 0.6139 0.9098 0.6136 0.9063 0.6136 0.9063 0.6136 0.9065 0.6139 0.9096 0.6139 0.7795 0.7556 0.7795 0.7591 0.7798 0.7589 0.7798 0.7589 0.7798 0.7558 0.7795 0.7556 0.9174 0.9585 0.9141 0.9588 0.9143 0.9585 0.9141 0.9588 0.9174 0.9585 0.9176 0.9588 0.7422 0.4761 0.7456 0.4735 0.7456 0.4761 0.7456 0.4735 0.7422 0.4761 0.7422 0.4735 0.7456 0.5091 0.7422 0.5117 0.7422 0.5091 0.7422 0.5117 0.7456 0.5091 0.7456 0.5117 0.792 0.3324 0.7885 0.3324 0.7885 0.335 0.7885 0.335 0.792 0.335 0.792 0.3324 0.6223 0.5134 0.6257 0.5134 0.6257 0.5108 0.6257 0.5108 0.6223 0.5108 0.6223 0.5134 0.9581 0.5 0.9547 0.5 0.9547 0.5026 0.9547 0.5026 0.9581 0.5026 0.9581 0.5 0.7527 0.5458 0.7493 0.5484001 0.7493 0.5458 0.7493 0.5484001 0.7527 0.5458 0.7527 0.5484001 0.8849 0.432 0.8896 0.4293 0.888 0.432 0.8896 0.4293 0.8849 0.432 0.8849 0.4266 0.8896 0.4293 0.8849 0.4266 0.888 0.4266 0.8833 0.4293 0.8849 0.4266 0.8849 0.432 0.7422 0.4735 0.7455 0.4732 0.7456 0.4735 0.7455 0.4732 0.7422 0.4735 0.7423 0.4732 0.7422 0.5117 0.7455 0.512 0.7423 0.512 0.7455 0.512 0.7422 0.5117 0.7456 0.5117 0.7885 0.335 0.7887 0.3353 0.7918 0.3353 0.7918 0.3353 0.792 0.335 0.7885 0.335 0.6256 0.5137 0.6257 0.5134 0.6223 0.5134 0.6223 0.5134 0.6224 0.5137 0.6256 0.5137 0.888 0.4266 0.8882 0.4263 0.8847 0.4263 0.8847 0.4263 0.8849 0.4266 0.888 0.4266 0.7494 0.5456 0.7527 0.5458 0.7493 0.5458 0.7527 0.5458 0.7494 0.5456 0.7526 0.5456 0.6297 0.7048 0.6332 0.7022 0.6332 0.7048 0.6332 0.7022 0.6297 0.7048 0.6297 0.7022 0.5964 0.6354 0.5999 0.6328 0.5999 0.6354 0.5999 0.6328 0.5964 0.6354 0.5964 0.6328 0.7374 0.8705 0.7339 0.8705 0.7339 0.8731 0.7339 0.8731 0.7374 0.8731 0.7374 0.8705 0.7699 0.3641 0.7665 0.3641 0.7665 0.3667 0.7665 0.3667 0.7699 0.3667 0.7699 0.3641 0.8034 0.596 0.7999 0.596 0.7999 0.5986 0.7999 0.5986 0.8034 0.5986 0.8034 0.596 0.8352 0.9059 0.8317 0.9085 0.8317 0.9059 0.8317 0.9085 0.8352 0.9059 0.8352 0.9085 0.8944 0.4739 0.899 0.4712 0.8975 0.4739 0.899 0.4712 0.8944 0.4739 0.8944 0.4685 0.899 0.4712 0.8944 0.4685 0.8975 0.4685 0.8928 0.4712 0.8944 0.4685 0.8944 0.4739 0.6299 0.7019 0.6332 0.7022 0.6297 0.7022 0.6332 0.7022 0.6299 0.7019 0.633 0.7019 0.8977 0.4742 0.8944 0.4739 0.8975 0.4739 0.8944 0.4739 0.8977 0.4742 0.8942 0.4742 0.7339 0.8731 0.7341 0.8733 0.7372 0.8733 0.7372 0.8733 0.7374 0.8731 0.7339 0.8731 0.7665 0.3667 0.7666 0.367 0.7697 0.367 0.7697 0.367 0.7699 0.3667 0.7665 0.3667 0.8975 0.4685 0.8977 0.4682 0.8942 0.4682 0.8942 0.4682 0.8944 0.4685 0.8975 0.4685 0.8319 0.9056 0.8352 0.9059 0.8317 0.9059 0.8352 0.9059 0.8319 0.9056 0.835 0.9056 0.7535 0.7175 0.7589 0.7133 0.7589 0.7175 0.7589 0.7133 0.7535 0.7175 0.7535 0.7133 0.7637 0.7133 0.7589 0.7175 0.7589 0.7133 0.7589 0.7175 0.7637 0.7133 0.7637 0.7175 0.6833 0.6304 0.6778 0.6345 0.6778 0.6304 0.6778 0.6345 0.6833 0.6304 0.6833 0.6345 0.6833 0.6345 0.6885 0.6304 0.6885 0.6345 0.6885 0.6304 0.6833 0.6345 0.6833 0.6304 0.6885 0.6345 0.6927 0.6304 0.6927 0.6345 0.6927 0.6304 0.6885 0.6345 0.6885 0.6304 0.01119995 6.99997e-4 0.005699992 0.004800021 0.005699992 6.99997e-4 0.005699992 0.004800021 0.01119995 6.99997e-4 0.01119995 0.004800021 0.005699992 6.99997e-4 5e-4 0.004800021 5e-4 6.99997e-4 5e-4 0.004800021 0.005699992 6.99997e-4 0.005699992 0.004800021 0.6384 0.1151999 0.6336 0.1151999 0.6336 0.1194 0.6336 0.1194 0.6384 0.1194 0.6384 0.1151999 0.6336 0.1151999 0.6282 0.1151999 0.6282 0.1194 0.6282 0.1194 0.6336 0.1194 0.6336 0.1151999 0.6282 0.1151999 0.6228 0.1151999 0.6228 0.1194 0.6228 0.1194 0.6282 0.1194 0.6282 0.1151999 0.6228 0.1151999 0.618 0.1151999 0.618 0.1194 0.618 0.1194 0.6228 0.1194 0.6228 0.1151999 0.8128 0.3405 0.8086 0.3446 0.8086 0.3405 0.8086 0.3446 0.8128 0.3405 0.8128 0.3446 0.8034 0.3446 0.8086 0.3405 0.8086 0.3446 0.8086 0.3405 0.8034 0.3446 0.8034 0.3405 0.8034 0.3405 0.7979 0.3446 0.7979 0.3405 0.7979 0.3446 0.8034 0.3405 0.8034 0.3446 0.7927 0.3446 0.7979 0.3405 0.7979 0.3446 0.7979 0.3405 0.7927 0.3446 0.7927 0.3405 0.7885 0.3446 0.7927 0.3405 0.7927 0.3446 0.7927 0.3405 0.7885 0.3446 0.7885 0.3405 0.7433 0.7175 0.7481 0.7133 0.7481 0.7175 0.7481 0.7133 0.7433 0.7175 0.7433 0.7133 0.7535 0.7133 0.7481 0.7175 0.7481 0.7133 0.7481 0.7175 0.7535 0.7133 0.7535 0.7175 0.8626 0.3993 0.867 0.4045 0.8644 0.4023 0.867 0.4045 0.8626 0.3993 0.8626 0.3924 0.867 0.4045 0.8738 0.4057 0.8703 0.4057 0.8738 0.4057 0.867 0.4045 0.8797 0.4023 0.8738 0.4057 0.8797 0.4023 0.877 0.4045 0.8814 0.3993 0.8797 0.3894 0.882 0.3958 0.8797 0.3894 0.8814 0.3993 0.8797 0.4023 0.882 0.3958 0.8797 0.3894 0.8814 0.3924 0.8738 0.386 0.8797 0.3894 0.867 0.3872 0.8797 0.3894 0.8738 0.386 0.877 0.3872 0.8738 0.386 0.867 0.3872 0.8703 0.386 0.867 0.4045 0.8797 0.3894 0.8797 0.4023 0.8797 0.3894 0.867 0.4045 0.867 0.3872 0.8644 0.3894 0.867 0.4045 0.8626 0.3924 0.867 0.4045 0.8644 0.3894 0.867 0.3872 0.862 0.3958 0.8626 0.3924 0.8626 0.3993 0.6138 0.7258 0.6161 0.7307 0.6147 0.7312 0.6161 0.7307 0.6138 0.7258 0.6152 0.7258 0.6147 0.7312 0.6186 0.7351 0.6175 0.736 0.6186 0.7351 0.6147 0.7312 0.6161 0.7307 0.6224 0.7383 0.6175 0.736 0.6186 0.7351 0.6175 0.736 0.6224 0.7383 0.6217 0.7395 0.6268 0.7414 0.6224 0.7383 0.6271 0.74 0.6224 0.7383 0.6268 0.7414 0.6217 0.7395 0.6271 0.74 0.6323 0.7414 0.6268 0.7414 0.6323 0.7414 0.6271 0.74 0.6321 0.74 0.6323 0.7414 0.6368 0.7383 0.6375 0.7395 0.6368 0.7383 0.6323 0.7414 0.6321 0.74 0.6417 0.736 0.6368 0.7383 0.6406 0.7351 0.6368 0.7383 0.6417 0.736 0.6375 0.7395 0.6445 0.7312 0.6406 0.7351 0.6431 0.7307 0.6406 0.7351 0.6445 0.7312 0.6417 0.736 0.6445 0.7312 0.644 0.7258 0.6454 0.7258 0.644 0.7258 0.6445 0.7312 0.6431 0.7307 0.644 0.7258 0.6445 0.7204 0.6454 0.7258 0.6445 0.7204 0.644 0.7258 0.6431 0.7209 0.6445 0.7204 0.6406 0.7166 0.6417 0.7156 0.6406 0.7166 0.6445 0.7204 0.6431 0.7209 0.6406 0.7166 0.6375 0.7121 0.6417 0.7156 0.6375 0.7121 0.6406 0.7166 0.6368 0.7134 0.6321 0.7117 0.6375 0.7121 0.6368 0.7134 0.6375 0.7121 0.6321 0.7117 0.6323 0.7102 0.6268 0.7102 0.6321 0.7117 0.6271 0.7117 0.6321 0.7117 0.6268 0.7102 0.6323 0.7102 0.6271 0.7117 0.6217 0.7121 0.6268 0.7102 0.6217 0.7121 0.6271 0.7117 0.6224 0.7134 0.6224 0.7134 0.6175 0.7156 0.6217 0.7121 0.6175 0.7156 0.6224 0.7134 0.6186 0.7166 0.6186 0.7166 0.6147 0.7204 0.6175 0.7156 0.6147 0.7204 0.6186 0.7166 0.6161 0.7209 0.6147 0.7204 0.6152 0.7258 0.6138 0.7258 0.6152 0.7258 0.6147 0.7204 0.6161 0.7209 0.9588 0.9699 0.9588 0.9676 0.9538 0.9676 0.9538 0.9676 0.9538 0.9699 0.9588 0.9699 0.9631 0.9676 0.9588 0.9676 0.9588 0.9699 0.9588 0.9699 0.9631 0.9699 0.9631 0.9676 0.7885 0.2856 0.7885 0.2878 0.7923 0.2878 0.7923 0.2878 0.7923 0.2856 0.7885 0.2856 0.797 0.2878 0.797 0.2856 0.7923 0.2856 0.7923 0.2856 0.7923 0.2878 0.797 0.2878 0.797 0.2856 0.797 0.2878 0.802 0.2878 0.802 0.2878 0.802 0.2856 0.797 0.2856 0.802 0.2856 0.802 0.2878 0.8067 0.2878 0.8067 0.2878 0.8067 0.2856 0.802 0.2856 0.8067 0.2856 0.8067 0.2878 0.8106 0.2878 0.8106 0.2878 0.8106 0.2856 0.8067 0.2856 0.7471 0.3503 0.7427 0.3526 0.7427 0.3503 0.7427 0.3526 0.7471 0.3503 0.7471 0.3526 0.7378 0.3526 0.7427 0.3503 0.7427 0.3526 0.7427 0.3503 0.7378 0.3526 0.7378 0.3503 0.7378 0.3503 0.7329 0.3526 0.7329 0.3503 0.7329 0.3526 0.7378 0.3503 0.7378 0.3526 0.7329 0.3503 0.7286 0.3526 0.7286 0.3503 0.7286 0.3526 0.7329 0.3503 0.7329 0.3526 0.7059 0.2282 0.7009 0.2258999 0.7059 0.2258999 0.7009 0.2258999 0.7059 0.2282 0.7009 0.2282 0.7009 0.2282 0.6962 0.2258999 0.7009 0.2258999 0.6962 0.2258999 0.7009 0.2282 0.6962 0.2282 0.6962 0.2258999 0.6923 0.2282 0.6923 0.2258999 0.6923 0.2282 0.6962 0.2258999 0.6962 0.2282 0.711 0.7159 0.7159 0.7159 0.7159 0.7136 0.7159 0.7136 0.711 0.7136 0.711 0.7159 0.7159 0.7159 0.7206 0.7159 0.7206 0.7136 0.7206 0.7136 0.7159 0.7136 0.7159 0.7159 0.9446 0.9676 0.9446 0.9699 0.9489 0.9699 0.9489 0.9699 0.9489 0.9676 0.9446 0.9676 0.9538 0.9676 0.9489 0.9676 0.9489 0.9699 0.9489 0.9699 0.9538 0.9699 0.9538 0.9676 0.7006 0.7102 0.7056 0.7136 0.7015 0.7151 0.7056 0.7136 0.7006 0.7102 0.705 0.7102 0.7056 0.7136 0.704 0.7194 0.7015 0.7151 0.704 0.7194 0.7056 0.7136 0.7074 0.7166 0.704 0.7194 0.71 0.7188 0.7078 0.7226 0.71 0.7188 0.704 0.7194 0.7074 0.7166 0.71 0.7188 0.7125 0.7244001 0.7078 0.7226 0.7125 0.7244001 0.71 0.7188 0.7133 0.72 0.7133 0.72 0.7175 0.7244001 0.7125 0.7244001 0.7175 0.7244001 0.7133 0.72 0.7168 0.72 0.7175 0.7244001 0.72 0.7188 0.7222 0.7226 0.72 0.7188 0.7175 0.7244001 0.7168 0.72 0.72 0.7188 0.726 0.7194 0.7222 0.7226 0.726 0.7194 0.72 0.7188 0.7227 0.7166 0.7285 0.7151 0.7227 0.7166 0.7244 0.7136 0.7227 0.7166 0.7285 0.7151 0.726 0.7194 0.7244 0.7136 0.7294 0.7102 0.7285 0.7151 0.7294 0.7102 0.7244 0.7136 0.725 0.7102 0.725 0.7102 0.7285 0.7053 0.7294 0.7102 0.7285 0.7053 0.725 0.7102 0.7244 0.7068 0.7285 0.7053 0.7227 0.7038 0.726 0.7009 0.7227 0.7038 0.7285 0.7053 0.7244 0.7068 0.7222 0.6977 0.7227 0.7038 0.72 0.7015 0.7227 0.7038 0.7222 0.6977 0.726 0.7009 0.72 0.7015 0.7175 0.696 0.7222 0.6977 0.7175 0.696 0.72 0.7015 0.7168 0.7004 0.7175 0.696 0.7133 0.7004 0.7125 0.696 0.7133 0.7004 0.7175 0.696 0.7168 0.7004 0.71 0.7015 0.7125 0.696 0.7133 0.7004 0.7125 0.696 0.71 0.7015 0.7078 0.6977 0.7078 0.6977 0.7074 0.7038 0.704 0.7009 0.7074 0.7038 0.7078 0.6977 0.71 0.7015 0.704 0.7009 0.7056 0.7068 0.7015 0.7053 0.7056 0.7068 0.704 0.7009 0.7074 0.7038 0.7006 0.7102 0.7056 0.7068 0.705 0.7102 0.7056 0.7068 0.7006 0.7102 0.7015 0.7053 0.7455 0.5496 0.7469 0.5496 0.7469 0.5461 0.7469 0.5461 0.7455 0.5461 0.7455 0.5496 0.7469 0.5431 0.7455 0.5431 0.7455 0.5461 0.7455 0.5461 0.7469 0.5461 0.7469 0.5431 0.6596 0.1261 0.6596 0.1274999 0.6623 0.1274999 0.6623 0.1274999 0.6623 0.1261 0.6596 0.1261 0.6623 0.1261 0.6623 0.1274999 0.6655 0.1274999 0.6655 0.1274999 0.6655 0.1261 0.6623 0.1261 0.669 0.1274999 0.669 0.1261 0.6655 0.1261 0.6655 0.1261 0.6655 0.1274999 0.669 0.1274999 0.6722 0.1274999 0.6722 0.1261 0.669 0.1261 0.669 0.1261 0.669 0.1274999 0.6722 0.1274999 0.6722 0.1261 0.6722 0.1274999 0.6749 0.1274999 0.6749 0.1274999 0.6749 0.1261 0.6722 0.1261 0.9104 0.9532 0.9118 0.9562 0.9104 0.9562 0.9118 0.9562 0.9104 0.9532 0.9118 0.9532 0.9104 0.9596 0.9118 0.9562 0.9118 0.9596 0.9118 0.9562 0.9104 0.9596 0.9104 0.9562 0.9104 0.9596 0.9118 0.963 0.9104 0.963 0.9118 0.963 0.9104 0.9596 0.9118 0.9596 0.9104 0.963 0.9118 0.966 0.9104 0.966 0.9118 0.966 0.9104 0.963 0.9118 0.963 0.7208 0.552 0.7173 0.5534 0.7173 0.552 0.7173 0.5534 0.7208 0.552 0.7208 0.5534 0.7173 0.5534 0.714 0.552 0.7173 0.552 0.714 0.552 0.7173 0.5534 0.714 0.5534 0.7114 0.5534 0.714 0.552 0.714 0.5534 0.714 0.552 0.7114 0.5534 0.7114 0.552 0.6219 0.8684 0.6219 0.865 0.6205 0.865 0.6205 0.865 0.6205 0.8684 0.6219 0.8684 0.6205 0.8684 0.6205 0.8717 0.6219 0.8717 0.6219 0.8717 0.6219 0.8684 0.6205 0.8684 0.7455 0.556 0.7469 0.556 0.7469 0.553 0.7469 0.553 0.7455 0.553 0.7455 0.556 0.7469 0.553 0.7469 0.5496 0.7455 0.5496 0.7455 0.5496 0.7455 0.553 0.7469 0.553 0.7451 0.5491001 0.7374 0.5459 0.7451 0.5459 0.7374 0.5459 0.7451 0.5491001 0.7374 0.5491001 0.7451 0.5459 0.7374 0.5431 0.7451 0.5431 0.7374 0.5431 0.7451 0.5459 0.7374 0.5459 0.6294 0.7341 0.6326 0.7265 0.6326 0.7341 0.6326 0.7265 0.6294 0.7341 0.6294 0.7265 0.6326 0.7341 0.6356 0.7265 0.6356 0.7341 0.6356 0.7265 0.6326 0.7341 0.6326 0.7265 0.638 0.7341 0.6356 0.7265 0.638 0.7265 0.6356 0.7265 0.638 0.7341 0.6356 0.7341 0.5772 0.6371 0.5848 0.6339 0.5848 0.6371 0.5848 0.6339 0.5772 0.6371 0.5772 0.6339 0.5848 0.6401 0.5772 0.6371 0.5848 0.6371 0.5772 0.6371 0.5848 0.6401 0.5772 0.6401 0.9095 0.9532 0.9019 0.9532 0.9019 0.9559 0.9019 0.9559 0.9095 0.9559 0.9095 0.9532 0.9019 0.9591 0.9095 0.9591 0.9095 0.9559 0.9095 0.9559 0.9019 0.9559 0.9019 0.9591 0.9019 0.9591 0.9019 0.9622 0.9095 0.9622 0.9095 0.9622 0.9095 0.9591 0.9019 0.9591 0.9019 0.9622 0.9019 0.965 0.9095 0.965 0.9095 0.965 0.9095 0.9622 0.9019 0.9622 0.6412 0.8694 0.6387 0.877 0.6387 0.8694 0.6387 0.877 0.6412 0.8694 0.6412 0.877 0.6387 0.8694 0.6357 0.877 0.6357 0.8694 0.6357 0.877 0.6387 0.8694 0.6387 0.877 0.6357 0.877 0.6325 0.8694 0.6357 0.8694 0.6325 0.8694 0.6357 0.877 0.6325 0.877 0.6295 0.877 0.6325 0.8694 0.6325 0.877 0.6325 0.8694 0.6295 0.877 0.6295 0.8694 0.6295 0.877 0.627 0.8694 0.6295 0.8694 0.627 0.8694 0.6295 0.877 0.627 0.877 0.7451 0.555 0.7374 0.5522 0.7451 0.5522 0.7374 0.5522 0.7451 0.555 0.7374 0.555 0.7374 0.5491001 0.7451 0.5522 0.7374 0.5522 0.7451 0.5522 0.7374 0.5491001 0.7451 0.5491001 0.6252 0.1617 0.6265 0.1632 0.6257 0.1625999 0.6265 0.1632 0.6252 0.1617 0.6252 0.1597999 0.6274 0.1635 0.63 0.1625999 0.6284 0.1635 0.63 0.1625999 0.6274 0.1635 0.6265 0.1632 0.6284 0.1635 0.63 0.1625999 0.6293 0.1632 0.6305 0.1617 0.63 0.1589 0.6307 0.1607999 0.63 0.1589 0.6305 0.1617 0.63 0.1625999 0.6307 0.1607999 0.63 0.1589 0.6305 0.1597999 0.6293 0.1582999 0.6265 0.1582999 0.6284 0.1579999 0.6265 0.1582999 0.6293 0.1582999 0.63 0.1589 0.6284 0.1579999 0.6265 0.1582999 0.6274 0.1579999 0.63 0.1589 0.6265 0.1632 0.6265 0.1582999 0.6265 0.1632 0.63 0.1589 0.63 0.1625999 0.6257 0.1589 0.6265 0.1632 0.6252 0.1597999 0.6265 0.1632 0.6257 0.1589 0.6265 0.1582999 0.625 0.1607999 0.6252 0.1597999 0.6252 0.1617 0.8919 0.9682 0.8939 0.9696 0.8919 0.9696 0.8939 0.9696 0.8919 0.9682 0.8939 0.9682 0.6266 0.8731 0.624 0.875 0.624 0.8731 0.624 0.875 0.6266 0.8731 0.6266 0.875 0.8956 0.9682 0.8939 0.9696 0.8939 0.9682 0.8939 0.9696 0.8956 0.9682 0.8956 0.9696 0.624 0.875 0.6266 0.8768 0.624 0.8768 0.6266 0.8768 0.624 0.875 0.6266 0.875 0.7188 0.7101 0.7201 0.7081 0.7201 0.7101 0.7201 0.7081 0.7188 0.7101 0.7188 0.7081 0.9067 0.9488 0.9087 0.9514 0.9067 0.9514 0.9087 0.9514 0.9067 0.9488 0.9087 0.9488 0.7201 0.7062 0.7188 0.7081 0.7188 0.7062 0.7188 0.7081 0.7201 0.7062 0.7201 0.7081 0.9106 0.9514 0.9087 0.9488 0.9106 0.9488 0.9087 0.9488 0.9106 0.9514 0.9087 0.9514 0.7201 0.7062 0.7188 0.7047 0.7201 0.7047 0.7188 0.7047 0.7201 0.7062 0.7188 0.7062 0.9121 0.9488 0.9106 0.9514 0.9106 0.9488 0.9106 0.9514 0.9121 0.9488 0.9121 0.9514 0.728 0.6979 0.7294 0.6999 0.728 0.6999 0.7294 0.6999 0.728 0.6979 0.7294 0.6979 0.6459 0.8817 0.6486 0.8837 0.6459 0.8837 0.6486 0.8837 0.6459 0.8817 0.6486 0.8817 0.7294 0.6979 0.728 0.696 0.7294 0.696 0.728 0.696 0.7294 0.6979 0.728 0.6979 0.6459 0.8817 0.6486 0.8798 0.6486 0.8817 0.6486 0.8798 0.6459 0.8817 0.6459 0.8798 0.5852 0.6451 0.5852 0.6437 0.5835 0.6437 0.5835 0.6437 0.5835 0.6451 0.5852 0.6451 0.6235 0.7232 0.6208 0.7232 0.6208 0.7249 0.6208 0.7249 0.6235 0.7249 0.6235 0.7232 0.5815 0.6451 0.5835 0.6451 0.5835 0.6437 0.5835 0.6437 0.5815 0.6437 0.5815 0.6451 0.6208 0.7232 0.6235 0.7232 0.6235 0.7212 0.6235 0.7212 0.6208 0.7212 0.6208 0.7232 0.5795 0.6451 0.5815 0.6451 0.5815 0.6437 0.5815 0.6437 0.5795 0.6437 0.5795 0.6451 0.6208 0.7192 0.6208 0.7212 0.6235 0.7212 0.6235 0.7212 0.6235 0.7192 0.6208 0.7192 0.5778 0.6451 0.5795 0.6451 0.5795 0.6437 0.5795 0.6437 0.5778 0.6437 0.5778 0.6451 0.6208 0.7175 0.6208 0.7192 0.6235 0.7192 0.6235 0.7192 0.6235 0.7175 0.6208 0.7175 0.5848 0.6422 0.5864 0.6408 0.5864 0.6422 0.5864 0.6408 0.5848 0.6422 0.5848 0.6408 0.7292 0.6876 0.7307 0.6849 0.7307 0.6876 0.7307 0.6849 0.7292 0.6876 0.7292 0.6849 0.583 0.6422 0.5848 0.6408 0.5848 0.6422 0.5848 0.6408 0.583 0.6422 0.583 0.6408 0.7273 0.6876 0.7292 0.6849 0.7292 0.6876 0.7292 0.6849 0.7273 0.6876 0.7273 0.6849 0.581 0.6422 0.583 0.6408 0.583 0.6422 0.583 0.6408 0.581 0.6422 0.581 0.6408 0.7253 0.6876 0.7273 0.6849 0.7273 0.6876 0.7273 0.6849 0.7253 0.6876 0.7253 0.6849 0.5791 0.6422 0.581 0.6408 0.581 0.6422 0.581 0.6408 0.5791 0.6422 0.5791 0.6408 0.7234 0.6876 0.7253 0.6849 0.7253 0.6876 0.7253 0.6849 0.7234 0.6876 0.7234 0.6849 0.5776 0.6422 0.5791 0.6408 0.5791 0.6422 0.5791 0.6408 0.5776 0.6422 0.5776 0.6408 0.7219 0.6876 0.7234 0.6849 0.7234 0.6876 0.7234 0.6849 0.7219 0.6876 0.7219 0.6849 0.8899 0.9682 0.8882 0.9696 0.8882 0.9682 0.8882 0.9696 0.8899 0.9682 0.8899 0.9696 0.6266 0.8711 0.624 0.8694 0.6266 0.8694 0.624 0.8694 0.6266 0.8711 0.624 0.8711 0.8899 0.9696 0.8919 0.9682 0.8919 0.9696 0.8919 0.9682 0.8899 0.9696 0.8899 0.9682 0.624 0.8731 0.6266 0.8711 0.6266 0.8731 0.6266 0.8711 0.624 0.8731 0.624 0.8711 0.777 0.7593 0.7749 0.7573 0.7766 0.7573 0.7749 0.7573 0.777 0.7593 0.7754 0.7598 0.7754 0.7547 0.7766 0.7573 0.7749 0.7573 0.7766 0.7573 0.7754 0.7547 0.777 0.7553 0.7754 0.7547 0.778 0.7536 0.777 0.7553 0.778 0.7536 0.7754 0.7547 0.7767 0.7525 0.7787 0.7508 0.778 0.7536 0.7767 0.7525 0.778 0.7536 0.7787 0.7508 0.7795 0.7523 0.7811 0.7499 0.7795 0.7523 0.7787 0.7508 0.7795 0.7523 0.7811 0.7499 0.7814 0.7516 0.7814 0.7516 0.7837 0.7499 0.7834 0.7516 0.7837 0.7499 0.7814 0.7516 0.7811 0.7499 0.7861 0.7508 0.7834 0.7516 0.7837 0.7499 0.7834 0.7516 0.7861 0.7508 0.7853 0.7523 0.7881 0.7525 0.7853 0.7523 0.7861 0.7508 0.7853 0.7523 0.7881 0.7525 0.7868 0.7536 0.7881 0.7525 0.7878 0.7553 0.7868 0.7536 0.7878 0.7553 0.7881 0.7525 0.7894 0.7547 0.7899 0.7573 0.7878 0.7553 0.7894 0.7547 0.7878 0.7553 0.7899 0.7573 0.7882 0.7573 0.7894 0.7598 0.7882 0.7573 0.7899 0.7573 0.7882 0.7573 0.7894 0.7598 0.7878 0.7593 0.7881 0.7621 0.7878 0.7593 0.7894 0.7598 0.7878 0.7593 0.7881 0.7621 0.7868 0.761 0.7881 0.7621 0.7853 0.7623 0.7868 0.761 0.7853 0.7623 0.7881 0.7621 0.7861 0.7638 0.7834 0.763 0.7861 0.7638 0.7837 0.7647 0.7861 0.7638 0.7834 0.763 0.7853 0.7623 0.7811 0.7647 0.7834 0.763 0.7837 0.7647 0.7834 0.763 0.7811 0.7647 0.7814 0.763 0.7787 0.7638 0.7814 0.763 0.7811 0.7647 0.7814 0.763 0.7787 0.7638 0.7795 0.7623 0.7767 0.7621 0.7795 0.7623 0.7787 0.7638 0.7795 0.7623 0.7767 0.7621 0.778 0.761 0.778 0.761 0.7754 0.7598 0.777 0.7593 0.7754 0.7598 0.778 0.761 0.7767 0.7621 0.7749 0.7573 0.7743 0.7602 0.7738 0.7573 0.7743 0.7602 0.7749 0.7573 0.7754 0.7598 0.7743 0.7543 0.7749 0.7573 0.7738 0.7573 0.7749 0.7573 0.7743 0.7543 0.7754 0.7547 0.7758 0.7517 0.7754 0.7547 0.7743 0.7543 0.7754 0.7547 0.7758 0.7517 0.7767 0.7525 0.7787 0.7508 0.7758 0.7517 0.7781 0.7498 0.7758 0.7517 0.7787 0.7508 0.7767 0.7525 0.7781 0.7498 0.7811 0.7499 0.7787 0.7508 0.7811 0.7499 0.7781 0.7498 0.7809 0.7488 0.7837 0.7499 0.7809 0.7488 0.7839 0.7488 0.7809 0.7488 0.7837 0.7499 0.7811 0.7499 0.7839 0.7488 0.7861 0.7508 0.7837 0.7499 0.7861 0.7508 0.7839 0.7488 0.7867 0.7498 0.7861 0.7508 0.789 0.7517 0.7881 0.7525 0.789 0.7517 0.7861 0.7508 0.7867 0.7498 0.789 0.7517 0.7894 0.7547 0.7881 0.7525 0.7894 0.7547 0.789 0.7517 0.7905 0.7543 0.791 0.7573 0.7894 0.7547 0.7905 0.7543 0.7894 0.7547 0.791 0.7573 0.7899 0.7573 0.7905 0.7602 0.7899 0.7573 0.791 0.7573 0.7899 0.7573 0.7905 0.7602 0.7894 0.7598 0.789 0.7628 0.7894 0.7598 0.7905 0.7602 0.7894 0.7598 0.789 0.7628 0.7881 0.7621 0.7861 0.7638 0.789 0.7628 0.7867 0.7648 0.789 0.7628 0.7861 0.7638 0.7881 0.7621 0.7839 0.7658 0.7861 0.7638 0.7867 0.7648 0.7861 0.7638 0.7839 0.7658 0.7837 0.7647 0.7839 0.7658 0.7811 0.7647 0.7837 0.7647 0.7811 0.7647 0.7839 0.7658 0.7809 0.7658 0.7811 0.7647 0.7781 0.7648 0.7787 0.7638 0.7781 0.7648 0.7811 0.7647 0.7809 0.7658 0.7758 0.7628 0.7787 0.7638 0.7781 0.7648 0.7787 0.7638 0.7758 0.7628 0.7767 0.7621 0.7758 0.7628 0.7754 0.7598 0.7767 0.7621 0.7754 0.7598 0.7758 0.7628 0.7743 0.7602 0.8878 0.9616 0.8847 0.9606 0.8874 0.9596 0.8847 0.9606 0.8878 0.9616 0.8848 0.9616 0.8874 0.9596 0.8842 0.9598 0.8864 0.9579 0.8842 0.9598 0.8874 0.9596 0.8847 0.9606 0.8842 0.9598 0.8849 0.9566 0.8864 0.9579 0.8849 0.9566 0.8842 0.9598 0.8834 0.9591 0.883 0.9559 0.8834 0.9591 0.8825 0.9588 0.8834 0.9591 0.883 0.9559 0.8849 0.9566 0.8825 0.9588 0.881 0.9559 0.883 0.9559 0.881 0.9559 0.8825 0.9588 0.8815 0.9588 0.8806 0.9591 0.881 0.9559 0.8815 0.9588 0.881 0.9559 0.8806 0.9591 0.8791 0.9566 0.8798 0.9598 0.8791 0.9566 0.8806 0.9591 0.8791 0.9566 0.8798 0.9598 0.8776 0.9579 0.8766 0.9596 0.8798 0.9598 0.8793 0.9606 0.8798 0.9598 0.8766 0.9596 0.8776 0.9579 0.8763 0.9616 0.8793 0.9606 0.8792 0.9616 0.8793 0.9606 0.8763 0.9616 0.8766 0.9596 0.8766 0.9635 0.8792 0.9616 0.8793 0.9625 0.8792 0.9616 0.8766 0.9635 0.8763 0.9616 0.8776 0.9653 0.8793 0.9625 0.8798 0.9634 0.8793 0.9625 0.8776 0.9653 0.8766 0.9635 0.8791 0.9666 0.8798 0.9634 0.8806 0.964 0.8798 0.9634 0.8791 0.9666 0.8776 0.9653 0.881 0.9672 0.8806 0.964 0.8815 0.9644 0.8806 0.964 0.881 0.9672 0.8791 0.9666 0.883 0.9672 0.8815 0.9644 0.8825 0.9644 0.8815 0.9644 0.883 0.9672 0.881 0.9672 0.8849 0.9666 0.8825 0.9644 0.8834 0.964 0.8825 0.9644 0.8849 0.9666 0.883 0.9672 0.8864 0.9653 0.8834 0.964 0.8842 0.9634 0.8834 0.964 0.8864 0.9653 0.8849 0.9666 0.8874 0.9635 0.8842 0.9634 0.8847 0.9625 0.8842 0.9634 0.8874 0.9635 0.8864 0.9653 0.8878 0.9616 0.8847 0.9625 0.8848 0.9616 0.8847 0.9625 0.8878 0.9616 0.8874 0.9635 0.7325 0.7146 0.7335 0.7146 0.7335 0.7117 0.7335 0.7117 0.7325 0.7117 0.7325 0.7146 0.7335 0.7117 0.7335 0.7146 0.7343 0.7146 0.7343 0.7146 0.7343 0.7117 0.7335 0.7117 0.6287 0.7121 0.6287 0.7129001 0.6316 0.7129001 0.6316 0.7129001 0.6316 0.7121 0.6287 0.7121 0.6316 0.7129001 0.6287 0.7129001 0.6287 0.7138 0.6287 0.7138 0.6316 0.7138 0.6316 0.7129001 0.6316 0.7138 0.6287 0.7138 0.6287 0.7148 0.6287 0.7148 0.6316 0.7148 0.6316 0.7138 0.6287 0.7148 0.6287 0.7157 0.6316 0.7157 0.6316 0.7157 0.6316 0.7148 0.6287 0.7148 0.6316 0.7165001 0.6316 0.7157 0.6287 0.7157 0.6287 0.7157 0.6287 0.7165001 0.6316 0.7165001 0.649 0.8396 0.6481 0.8425 0.6481 0.8396 0.6481 0.8425 0.649 0.8396 0.649 0.8425 0.6472 0.8425 0.6481 0.8396 0.6481 0.8425 0.6481 0.8396 0.6472 0.8425 0.6472 0.8396 0.6472 0.8396 0.6462 0.8425 0.6462 0.8396 0.6462 0.8425 0.6472 0.8396 0.6472 0.8425 0.6453 0.8425 0.6462 0.8396 0.6462 0.8425 0.6462 0.8396 0.6453 0.8425 0.6453 0.8396 0.6988 0.6754 0.6959 0.6764 0.6959 0.6754 0.6959 0.6764 0.6988 0.6754 0.6988 0.6764 0.6959 0.6745 0.6988 0.6754 0.6959 0.6754 0.6988 0.6754 0.6959 0.6745 0.6988 0.6745 0.6988 0.6737 0.6959 0.6745 0.6959 0.6737 0.6959 0.6745 0.6988 0.6737 0.6988 0.6745 0.7025 0.7228 0.7025 0.7199 0.7015 0.7199 0.7015 0.7199 0.7015 0.7228 0.7025 0.7228 0.7025 0.7228 0.7034 0.7228 0.7034 0.7199 0.7034 0.7199 0.7025 0.7199 0.7025 0.7228 0.7307 0.7117 0.7307 0.7146 0.7315 0.7146 0.7315 0.7146 0.7315 0.7117 0.7307 0.7117 0.7315 0.7146 0.7325 0.7146 0.7325 0.7117 0.7325 0.7117 0.7315 0.7117 0.7315 0.7146 0.7374 0.5491001 0.737 0.546 0.7374 0.5459 0.737 0.546 0.7374 0.5491001 0.737 0.5491001 0.737 0.5491001 0.7374 0.5522 0.737 0.5522 0.7374 0.5522 0.737 0.5491001 0.7374 0.5491001 0.7374 0.5522 0.737 0.5549 0.737 0.5522 0.737 0.5549 0.7374 0.5522 0.7374 0.555 0.6272 0.8775 0.6295 0.877 0.6296 0.8775 0.6295 0.877 0.6272 0.8775 0.627 0.877 0.6296 0.8775 0.6325 0.877 0.6325 0.8775 0.6325 0.877 0.6296 0.8775 0.6295 0.877 0.6325 0.877 0.6357 0.8775 0.6325 0.8775 0.6357 0.8775 0.6325 0.877 0.6357 0.877 0.6386 0.8775 0.6357 0.877 0.6387 0.877 0.6357 0.877 0.6386 0.8775 0.6357 0.8775 0.6387 0.877 0.6411 0.8775 0.6386 0.8775 0.6411 0.8775 0.6387 0.877 0.6412 0.877 0.91 0.9622 0.9095 0.9622 0.9095 0.965 0.9095 0.965 0.91 0.9649 0.91 0.9622 0.9095 0.9622 0.91 0.9622 0.91 0.9591 0.91 0.9591 0.9095 0.9591 0.9095 0.9622 0.91 0.9591 0.91 0.956 0.9095 0.9559 0.9095 0.9559 0.9095 0.9591 0.91 0.9591 0.9095 0.9559 0.91 0.956 0.91 0.9533 0.91 0.9533 0.9095 0.9532 0.9095 0.9559 0.5848 0.6401 0.5853 0.637 0.5853 0.64 0.5853 0.637 0.5848 0.6401 0.5848 0.6371 0.5853 0.6339 0.5848 0.6371 0.5848 0.6339 0.5848 0.6371 0.5853 0.6339 0.5853 0.637 0.6356 0.7265 0.6379 0.726 0.638 0.7265 0.6379 0.726 0.6356 0.7265 0.6355 0.726 0.6326 0.726 0.6356 0.7265 0.6326 0.7265 0.6356 0.7265 0.6326 0.726 0.6355 0.726 0.6326 0.7265 0.6294 0.726 0.6326 0.726 0.6294 0.726 0.6326 0.7265 0.6294 0.7265 0.737 0.5432 0.7374 0.5459 0.737 0.546 0.7374 0.5459 0.737 0.5432 0.7374 0.5431 0.7738 0.7573 0.7739 0.7604 0.7733 0.7573 0.7739 0.7604 0.7738 0.7573 0.7743 0.7602 0.7738 0.7573 0.7739 0.7542 0.7743 0.7543 0.7739 0.7542 0.7738 0.7573 0.7733 0.7573 0.7743 0.7543 0.7755 0.7515 0.7758 0.7517 0.7755 0.7515 0.7743 0.7543 0.7739 0.7542 0.7758 0.7517 0.7779 0.7494 0.7781 0.7498 0.7779 0.7494 0.7758 0.7517 0.7755 0.7515 0.7781 0.7498 0.7808 0.7484 0.7809 0.7488 0.7808 0.7484 0.7781 0.7498 0.7779 0.7494 0.7809 0.7488 0.784 0.7484 0.7839 0.7488 0.784 0.7484 0.7809 0.7488 0.7808 0.7484 0.7839 0.7488 0.7869 0.7494 0.7867 0.7498 0.7869 0.7494 0.7839 0.7488 0.784 0.7484 0.7867 0.7498 0.7894 0.7515 0.789 0.7517 0.7894 0.7515 0.7867 0.7498 0.7869 0.7494 0.789 0.7517 0.7909 0.7542 0.7905 0.7543 0.7909 0.7542 0.789 0.7517 0.7894 0.7515 0.7905 0.7543 0.7915 0.7573 0.791 0.7573 0.7915 0.7573 0.7905 0.7543 0.7909 0.7542 0.791 0.7573 0.7909 0.7604 0.7905 0.7602 0.7909 0.7604 0.791 0.7573 0.7915 0.7573 0.7905 0.7602 0.7894 0.7631 0.789 0.7628 0.7894 0.7631 0.7905 0.7602 0.7909 0.7604 0.789 0.7628 0.7869 0.7651 0.7867 0.7648 0.7869 0.7651 0.789 0.7628 0.7894 0.7631 0.7867 0.7648 0.784 0.7662 0.7839 0.7658 0.784 0.7662 0.7867 0.7648 0.7869 0.7651 0.7839 0.7658 0.7808 0.7662 0.7809 0.7658 0.7808 0.7662 0.7839 0.7658 0.784 0.7662 0.7808 0.7662 0.7781 0.7648 0.7809 0.7658 0.7781 0.7648 0.7808 0.7662 0.7779 0.7651 0.7758 0.7628 0.7779 0.7651 0.7755 0.7631 0.7779 0.7651 0.7758 0.7628 0.7781 0.7648 0.7758 0.7628 0.7739 0.7604 0.7743 0.7602 0.7739 0.7604 0.7758 0.7628 0.7755 0.7631 5e-4 0.2224 0.4325 0.215575 0.4325454 0.226794 0.4325321 0.2281025 0.006299972 0.2282 0.003699958 0.2278 0.4325516 0.2273995 0.001899957 0.2267 9e-4 0.2249 0.6051551 0.0326367 0.1789 0.03320002 0.1789 0.0309 0.5765 0.1276 0.5751 0.132 0.5765 0.1205999 0.5751 0.132 0.5765 0.1276 0.5762 0.1302 0.5733 0.133 0.5765 0.1205999 0.5751 0.132 0.5765 0.1205999 0.5733 0.133 0.5708 0.1334 0.5765 0.1205999 0.1445 0.12585 0.1445 0.1205999 0.5708 0.1334 0.1445342 0.1310065 0.1445151 0.1290646 0.5708 0.1334 0.1444739 0.1330993 0.144485 0.1323509 0.1445 0.343025 0.5765 0.3425 0.5765 0.3446 0.7341 0.5547 0.7362 0.5569 0.7341 0.5569 0.7362 0.5569 0.7341 0.5547 0.7362 0.5425 0.7341 0.5402 0.7362 0.5425 0.7341 0.5547 0.4325 0.1599 5e-4 0.1635 5e-4 0.1491 0.3185999 0.02347499 0.7506 0.02289998 0.7506 0.0252 0.5765 0.3198 0.1445 0.336825 0.1445 0.3198 0.4325 0.262725 5e-4 0.2684 5e-4 0.2457 0.7114 0.5569 0.7341 0.5547 0.7341 0.5569 0.7341 0.5547 0.7114 0.5569 0.7114 0.5547 0.7432 0.5402 0.7457 0.5425 0.7432 0.5425 0.7457 0.5425 0.7432 0.5402 0.7457 0.5402 0.7457 0.5425 0.7475 0.5402 0.7475 0.5425 0.7475 0.5402 0.7457 0.5425 0.7457 0.5402 0.1746 0.03320002 0.1764 0.0309 0.1764 0.03320002 0.1764 0.0309 0.1746 0.03320002 0.1746 0.0309 0.1789 0.03320002 0.1764 0.0309 0.1789 0.0309 0.1764 0.0309 0.1789 0.03320002 0.1764 0.03320002 0.7432 0.5402 0.7362 0.5425 0.7341 0.5402 0.7362 0.5425 0.7432 0.5402 0.7432 0.5425 0.1445 0.201125 0.5765 0.1974999 0.5765 0.212 0.6064631 0.01402574 0.175 0.0144 0.175 0.01289999 0.175 0.01160001 0.6064631 0.0104742 0.606463 0.01160001 0.576 0.1067 0.5765 0.1061999 0.5764 0.1065999 0.5765 0.1061999 0.576 0.1067 0.5765 0.09539997 0.576 0.1067 0.1445 0.09539997 0.5765 0.09539997 0.432546 0.08295011 0.001099944 0.083 6e-4 0.08279997 0.432557 0.08053243 5e-4 0.08240002 5e-4 0.07309997 0.7109 0.7117 0.7094 0.7051 0.7109 0.7051 0.7094 0.7051 0.7109 0.7117 0.7094 0.7132 0.576 0.06319999 0.1445289 0.06322491 0.5764 0.06330001 0.5765 0.06379997 0.144518 0.06334954 0.144467 0.06342488 0.5765 0.06379997 0.1445 0.06979995 0.1445 0.06379997 0.001099944 0.03500002 0.4325 0.04220002 5e-4 0.04220002 6e-4 0.03509998 5e-4 0.04220002 5e-4 0.03549998 5e-4 0.04220002 6e-4 0.03509998 0.001099944 0.03500002 0.7202 0.7132 0.7206 0.7117 0.7206 0.7132 0.7206 0.7117 0.7202 0.7132 0.7202 0.7117 0.175 0.0144 0.1746 0.01289999 0.175 0.01289999 0.1746 0.01289999 0.175 0.0144 0.1746 0.0144 0.175 0.01160001 0.1746 0.0101 0.175 0.0101 0.1746 0.0101 0.175 0.01160001 0.1746 0.01160001 0.7094 0.7051 0.7109 0.7047 0.7109 0.7051 0.7109 0.7047 0.7094 0.7051 0.7094 0.7047 0.7109 0.7117 0.7202 0.7132 0.7094 0.7132 0.7202 0.7132 0.7109 0.7117 0.7202 0.7117 0.202 8.00014e-4 0.2005 0.001900017 0.2005 8.00014e-4 0.2005 0.001900017 0.202 8.00014e-4 0.202 0.001900017 0.2005 8.00014e-4 0.1991 0.001900017 0.1991 8.00014e-4 0.1991 0.001900017 0.2005 8.00014e-4 0.2005 0.001900017 0.64 0.7242 0.6389 0.7242 0.6389 0.7254 0.6389 0.7254 0.64 0.7254 0.64 0.7242 0.64 0.7254 0.6389 0.7254 0.6389 0.7268 0.6389 0.7268 0.64 0.7268 0.64 0.7254 0.64 0.7268 0.6389 0.7268 0.6389 0.7283 0.6389 0.7283 0.64 0.7283 0.64 0.7268 0.64 0.7283 0.6389 0.7283 0.6389 0.7297 0.6389 0.7297 0.64 0.7297 0.64 0.7283 0.64 0.7297 0.6389 0.7297 0.6389 0.7308 0.6389 0.7308 0.64 0.7308 0.64 0.7297 0.8676 0.3776 0.8663 0.3765 0.8676 0.3765 0.8663 0.3765 0.8676 0.3776 0.8663 0.3776 0.8663 0.3776 0.8648 0.3765 0.8663 0.3765 0.8648 0.3765 0.8663 0.3776 0.8648 0.3776 0.8648 0.3776 0.8633 0.3765 0.8648 0.3765 0.8633 0.3765 0.8648 0.3776 0.8633 0.3776 0.8633 0.3776 0.862 0.3765 0.8633 0.3765 0.862 0.3765 0.8633 0.3776 0.862 0.3776 0.6431 0.8676 0.642 0.8687 0.642 0.8676 0.642 0.8687 0.6431 0.8676 0.6431 0.8687 0.6431 0.8687 0.642 0.8701 0.642 0.8687 0.642 0.8701 0.6431 0.8687 0.6431 0.8701 0.6431 0.8701 0.642 0.8716 0.642 0.8701 0.642 0.8716 0.6431 0.8701 0.6431 0.8716 0.6431 0.8716 0.642 0.873 0.642 0.8716 0.642 0.873 0.6431 0.8716 0.6431 0.873 0.6431 0.873 0.642 0.8742 0.642 0.873 0.642 0.8742 0.6431 0.873 0.6431 0.8742 0.2034 0.001900017 0.2046 8.00014e-4 0.2046 0.001900017 0.2046 8.00014e-4 0.2034 0.001900017 0.2034 8.00014e-4 0.202 8.00014e-4 0.2034 0.001900017 0.202 0.001900017 0.2034 0.001900017 0.202 8.00014e-4 0.2034 8.00014e-4 0.6077 0.1736999 0.6089 0.1751999 0.6082 0.1744999 0.6089 0.1751999 0.6077 0.1736999 0.6077 0.1717 0.6089 0.1751999 0.6109 0.1754999 0.6099 0.1754999 0.6109 0.1754999 0.6089 0.1751999 0.6126 0.1744999 0.6109 0.1754999 0.6126 0.1744999 0.6118 0.1751999 0.6126 0.1744999 0.6132 0.1726999 0.6131 0.1736999 0.6132 0.1726999 0.6126 0.1744999 0.6126 0.1707999 0.6132 0.1726999 0.6126 0.1707999 0.6131 0.1717 0.6126 0.1707999 0.6109 0.1699 0.6118 0.1701999 0.6109 0.1699 0.6126 0.1707999 0.6089 0.1701999 0.6109 0.1699 0.6089 0.1701999 0.6099 0.1699 0.6089 0.1751999 0.6126 0.1707999 0.6126 0.1744999 0.6126 0.1707999 0.6089 0.1751999 0.6089 0.1701999 0.6077 0.1717 0.6089 0.1701999 0.6089 0.1751999 0.6089 0.1701999 0.6077 0.1717 0.6082 0.1707999 0.6075 0.1726999 0.6077 0.1717 0.6077 0.1736999 0.7321 0.7201 0.7309 0.7216 0.7307 0.7201 0.7309 0.7216 0.7321 0.7201 0.7323 0.7211 0.7317 0.7229 0.7323 0.7211 0.7328 0.7219 0.7323 0.7211 0.7317 0.7229 0.7309 0.7216 0.7336 0.7226 0.7317 0.7229 0.7328 0.7219 0.7317 0.7229 0.7336 0.7226 0.7328 0.7238 0.7328 0.7238 0.7345 0.7229 0.7343 0.7244001 0.7345 0.7229 0.7328 0.7238 0.7336 0.7226 0.7345 0.7229 0.7358 0.7244001 0.7343 0.7244001 0.7358 0.7244001 0.7345 0.7229 0.7355 0.7229 0.7355 0.7229 0.7372 0.7238 0.7358 0.7244001 0.7372 0.7238 0.7355 0.7229 0.7364 0.7226 0.7372 0.7219 0.7372 0.7238 0.7364 0.7226 0.7372 0.7238 0.7372 0.7219 0.7383 0.7229 0.7372 0.7219 0.7391 0.7216 0.7383 0.7229 0.7391 0.7216 0.7372 0.7219 0.7377 0.7211 0.7377 0.7211 0.7393 0.7201 0.7391 0.7216 0.7393 0.7201 0.7377 0.7211 0.7379 0.7201 0.7379 0.7201 0.7391 0.7186 0.7393 0.7201 0.7391 0.7186 0.7379 0.7201 0.7377 0.7191 0.7377 0.7191 0.7383 0.7173 0.7391 0.7186 0.7383 0.7173 0.7377 0.7191 0.7372 0.7183 0.7372 0.7183 0.7372 0.7164 0.7383 0.7173 0.7372 0.7164 0.7372 0.7183 0.7364 0.7176 0.7364 0.7176 0.7358 0.7158 0.7372 0.7164 0.7358 0.7158 0.7364 0.7176 0.7355 0.7173 0.7355 0.7173 0.7343 0.7158 0.7358 0.7158 0.7343 0.7158 0.7355 0.7173 0.7345 0.7173 0.7345 0.7173 0.7328 0.7164 0.7343 0.7158 0.7328 0.7164 0.7345 0.7173 0.7336 0.7176 0.7336 0.7176 0.7317 0.7173 0.7328 0.7164 0.7317 0.7173 0.7336 0.7176 0.7328 0.7183 0.7309 0.7186 0.7328 0.7183 0.7323 0.7191 0.7328 0.7183 0.7309 0.7186 0.7317 0.7173 0.7321 0.7201 0.7309 0.7186 0.7323 0.7191 0.7309 0.7186 0.7321 0.7201 0.7307 0.7201 0.7215 0.7102 0.7215 0.7112 0.7221 0.7112 0.7221 0.7112 0.7221 0.7102 0.7215 0.7102 0.7221 0.7121 0.7221 0.7112 0.7215 0.7112 0.7215 0.7112 0.7215 0.7121 0.7221 0.7121 0.5857 0.6339 0.5857 0.6346001 0.5863 0.6346001 0.5863 0.6346001 0.5863 0.6339 0.5857 0.6339 0.5857 0.6356 0.5863 0.6356 0.5863 0.6346001 0.5863 0.6346001 0.5857 0.6346001 0.5857 0.6356 0.5857 0.6365 0.5863 0.6365 0.5863 0.6356 0.5863 0.6356 0.5857 0.6356 0.5857 0.6365 0.5857 0.6365 0.5857 0.6375 0.5863 0.6375 0.5863 0.6375 0.5863 0.6365 0.5857 0.6365 0.5857 0.6382001 0.5863 0.6382001 0.5863 0.6375 0.5863 0.6375 0.5857 0.6375 0.5857 0.6382001 0.7592 0.8272 0.7592 0.8278 0.7601 0.8278 0.7601 0.8278 0.7601 0.8272 0.7592 0.8272 0.7601 0.8272 0.7601 0.8278 0.761 0.8278 0.761 0.8278 0.761 0.8272 0.7601 0.8272 0.761 0.8272 0.762 0.8278 0.761 0.8278 0.762 0.8278 0.761 0.8272 0.762 0.8272 0.762 0.8272 0.7629 0.8278 0.762 0.8278 0.7629 0.8278 0.762 0.8272 0.7629 0.8272 0.7544 0.8272 0.7552 0.8278 0.7544 0.8278 0.7552 0.8278 0.7544 0.8272 0.7552 0.8272 0.7552 0.8272 0.7561 0.8278 0.7552 0.8278 0.7561 0.8278 0.7552 0.8272 0.7561 0.8272 0.7561 0.8272 0.7571 0.8278 0.7561 0.8278 0.7571 0.8278 0.7561 0.8272 0.7571 0.8272 0.7571 0.8278 0.758 0.8272 0.758 0.8278 0.758 0.8272 0.7571 0.8278 0.7571 0.8272 0.7588 0.8278 0.758 0.8272 0.7588 0.8272 0.758 0.8272 0.7588 0.8278 0.758 0.8278 0.7221 0.7085 0.7215 0.7092 0.7215 0.7085 0.7215 0.7092 0.7221 0.7085 0.7221 0.7092 0.7215 0.7092 0.7221 0.7102 0.7215 0.7102 0.7221 0.7102 0.7215 0.7092 0.7221 0.7092 0.7364 0.4086 0.7379 0.4098 0.7364 0.4098 0.7379 0.4098 0.7364 0.4086 0.7379 0.4086 0.7364 0.4086 0.735 0.4098 0.735 0.4086 0.735 0.4098 0.7364 0.4086 0.7364 0.4098 0.737 0.5554 0.737 0.5565 0.7382 0.5565 0.7382 0.5565 0.7382 0.5554 0.737 0.5554 0.7382 0.5554 0.7382 0.5565 0.7396 0.5565 0.7396 0.5565 0.7396 0.5554 0.7382 0.5554 0.7396 0.5554 0.7396 0.5565 0.7411 0.5565 0.7411 0.5565 0.7411 0.5554 0.7396 0.5554 0.7411 0.5554 0.7411 0.5565 0.7425 0.5565 0.7425 0.5565 0.7425 0.5554 0.7411 0.5554 0.7425 0.5554 0.7425 0.5565 0.7436 0.5565 0.7436 0.5565 0.7436 0.5554 0.7425 0.5554 0.6291 0.736 0.6278 0.7349 0.6291 0.7349 0.6278 0.7349 0.6291 0.736 0.6278 0.736 0.6263 0.736 0.6278 0.7349 0.6278 0.736 0.6278 0.7349 0.6263 0.736 0.6263 0.7349 0.6263 0.736 0.6248 0.7349 0.6263 0.7349 0.6248 0.7349 0.6263 0.736 0.6248 0.736 0.6248 0.736 0.6235 0.7349 0.6248 0.7349 0.6235 0.7349 0.6248 0.736 0.6235 0.736 0.8833 0.5414 0.8845 0.5403 0.8845 0.5414 0.8845 0.5403 0.8833 0.5414 0.8833 0.5403 0.8833 0.5414 0.8819 0.5403 0.8833 0.5403 0.8819 0.5403 0.8833 0.5414 0.8819 0.5414 0.8819 0.5414 0.8804 0.5403 0.8819 0.5403 0.8804 0.5403 0.8819 0.5414 0.8804 0.5414 0.8804 0.5414 0.879 0.5403 0.8804 0.5403 0.879 0.5403 0.8804 0.5414 0.879 0.5414 0.879 0.5414 0.8779 0.5403 0.879 0.5403 0.8779 0.5403 0.879 0.5414 0.8779 0.5414 0.7405 0.4098 0.7393 0.4086 0.7405 0.4086 0.7393 0.4086 0.7405 0.4098 0.7393 0.4098 0.7393 0.4098 0.7379 0.4086 0.7393 0.4086 0.7379 0.4086 0.7393 0.4098 0.7379 0.4098 0.5789 0.2019 0.5784 0.1991 0.5797 0.2024999 0.5784 0.1991 0.5789 0.2019 0.5784 0.2009999 0.5797 0.2024999 0.5816 0.2028999 0.5806 0.2028999 0.5816 0.2028999 0.5797 0.2024999 0.5833 0.2019 0.5816 0.2028999 0.5833 0.2019 0.5825 0.2024999 0.5833 0.2019 0.584 0.1999999 0.5838 0.2009999 0.584 0.1999999 0.5833 0.2019 0.5833 0.1981999 0.584 0.1999999 0.5833 0.1981999 0.5838 0.1991 0.5797 0.1976 0.5825 0.1976 0.5833 0.1981999 0.5825 0.1976 0.5797 0.1976 0.5816 0.1972 0.5816 0.1972 0.5797 0.1976 0.5806 0.1972 0.5833 0.2019 0.5797 0.1976 0.5833 0.1981999 0.5797 0.1976 0.5833 0.2019 0.5797 0.2024999 0.5797 0.1976 0.5784 0.1991 0.5789 0.1981999 0.5784 0.1991 0.5797 0.1976 0.5797 0.2024999 0.5782 0.1999999 0.5784 0.1991 0.5784 0.2009999 0.7311 0.846 0.7328 0.847 0.7314 0.8475 0.7328 0.847 0.7311 0.846 0.7326 0.846 0.7321 0.8488 0.7328 0.847 0.7333 0.8478 0.7328 0.847 0.7321 0.8488 0.7314 0.8475 0.7321 0.8488 0.734 0.8485 0.7333 0.8497 0.734 0.8485 0.7321 0.8488 0.7333 0.8478 0.7347 0.8502 0.734 0.8485 0.735 0.8488 0.734 0.8485 0.7347 0.8502 0.7333 0.8497 0.7362 0.8502 0.735 0.8488 0.7359 0.8488 0.735 0.8488 0.7362 0.8502 0.7347 0.8502 0.7359 0.8488 0.7376 0.8497 0.7362 0.8502 0.7376 0.8497 0.7359 0.8488 0.7369 0.8485 0.7388 0.8488 0.7369 0.8485 0.7376 0.8478 0.7369 0.8485 0.7388 0.8488 0.7376 0.8497 0.7376 0.8478 0.7395 0.8475 0.7388 0.8488 0.7395 0.8475 0.7376 0.8478 0.7381 0.847 0.7395 0.8475 0.7383 0.846 0.7398 0.846 0.7383 0.846 0.7395 0.8475 0.7381 0.847 0.7395 0.8445 0.7383 0.846 0.7381 0.845 0.7383 0.846 0.7395 0.8445 0.7398 0.846 0.7388 0.8432 0.7381 0.845 0.7376 0.8442 0.7381 0.845 0.7388 0.8432 0.7395 0.8445 0.7376 0.8423 0.7376 0.8442 0.7369 0.8435 0.7376 0.8442 0.7376 0.8423 0.7388 0.8432 0.7376 0.8423 0.7359 0.8432 0.7362 0.8417 0.7359 0.8432 0.7376 0.8423 0.7369 0.8435 0.7362 0.8417 0.735 0.8432 0.7347 0.8417 0.735 0.8432 0.7362 0.8417 0.7359 0.8432 0.735 0.8432 0.7333 0.8423 0.7347 0.8417 0.7333 0.8423 0.735 0.8432 0.734 0.8435 0.734 0.8435 0.7321 0.8432 0.7333 0.8423 0.7321 0.8432 0.734 0.8435 0.7333 0.8442 0.7333 0.8442 0.7314 0.8445 0.7321 0.8432 0.7314 0.8445 0.7333 0.8442 0.7328 0.845 0.7311 0.846 0.7328 0.845 0.7326 0.846 0.7328 0.845 0.7311 0.846 0.7314 0.8445 0.7519 0.7314 0.7529 0.7319 0.7519 0.7319 0.7529 0.7319 0.7519 0.7314 0.7529 0.7314 0.7519 0.7314 0.7511 0.7314 0.7511 0.7319 0.7511 0.7319 0.7519 0.7319 0.7519 0.7314 0.7448 0.8272 0.7448 0.8278 0.7455 0.8278 0.7455 0.8278 0.7455 0.8272 0.7448 0.8272 0.7455 0.8278 0.7465 0.8278 0.7465 0.8272 0.7465 0.8272 0.7455 0.8272 0.7455 0.8278 0.7465 0.8278 0.7475 0.8278 0.7475 0.8272 0.7475 0.8272 0.7465 0.8272 0.7465 0.8278 0.7484 0.8278 0.7484 0.8272 0.7475 0.8272 0.7475 0.8272 0.7475 0.8278 0.7484 0.8278 0.7492 0.8278 0.7492 0.8272 0.7484 0.8272 0.7484 0.8272 0.7484 0.8278 0.7492 0.8278 0.7592 0.8296 0.7592 0.829 0.7584 0.829 0.7584 0.829 0.7584 0.8296 0.7592 0.8296 0.7602 0.829 0.7592 0.829 0.7592 0.8296 0.7592 0.8296 0.7602 0.8296 0.7602 0.829 0.7602 0.829 0.7612 0.8296 0.7602 0.8296 0.7612 0.8296 0.7602 0.829 0.7612 0.829 0.7612 0.8296 0.7621 0.829 0.7621 0.8296 0.7621 0.829 0.7612 0.8296 0.7612 0.829 0.7946 0.8748 0.7939 0.8742 0.7946 0.8742 0.7939 0.8742 0.7946 0.8748 0.7939 0.8748 0.7946 0.8748 0.7956 0.8742 0.7956 0.8748 0.7956 0.8742 0.7946 0.8748 0.7946 0.8742 0.7956 0.8742 0.7966 0.8748 0.7956 0.8748 0.7966 0.8748 0.7956 0.8742 0.7966 0.8742 0.7966 0.8748 0.7975 0.8742 0.7975 0.8748 0.7975 0.8742 0.7966 0.8748 0.7966 0.8742 0.7975 0.8742 0.7983 0.8748 0.7975 0.8748 0.7983 0.8748 0.7975 0.8742 0.7983 0.8742 0.7547 0.7314 0.7539 0.7319 0.7539 0.7314 0.7539 0.7319 0.7547 0.7314 0.7547 0.7319 0.7539 0.7314 0.7529 0.7319 0.7529 0.7314 0.7529 0.7319 0.7539 0.7314 0.7539 0.7319 0.7379 0.3792 0.7364 0.3781 0.7379 0.3781 0.7364 0.3781 0.7379 0.3792 0.7364 0.3792 0.735 0.3781 0.7364 0.3792 0.735 0.3792 0.7364 0.3792 0.735 0.3781 0.7364 0.3781 0.6361 0.7349 0.635 0.7349 0.635 0.736 0.635 0.736 0.6361 0.736 0.6361 0.7349 0.6336 0.736 0.635 0.736 0.635 0.7349 0.635 0.7349 0.6336 0.7349 0.6336 0.736 0.6336 0.7349 0.6321 0.7349 0.6321 0.736 0.6321 0.736 0.6336 0.736 0.6336 0.7349 0.6321 0.7349 0.6307 0.7349 0.6307 0.736 0.6307 0.736 0.6321 0.736 0.6321 0.7349 0.6307 0.736 0.6307 0.7349 0.6295 0.7349 0.6295 0.7349 0.6295 0.736 0.6307 0.736 0.629 0.733 0.6277 0.7341 0.6277 0.733 0.6277 0.7341 0.629 0.733 0.629 0.7341 0.6262 0.733 0.6277 0.7341 0.6262 0.7341 0.6277 0.7341 0.6262 0.733 0.6277 0.733 0.6262 0.733 0.6247 0.7341 0.6247 0.733 0.6247 0.7341 0.6262 0.733 0.6262 0.7341 0.6234 0.733 0.6247 0.7341 0.6234 0.7341 0.6247 0.7341 0.6234 0.733 0.6247 0.733 0.6177 0.7216 0.6188 0.7228 0.6177 0.7228 0.6188 0.7228 0.6177 0.7216 0.6188 0.7216 0.6188 0.7242 0.6177 0.7228 0.6188 0.7228 0.6177 0.7228 0.6188 0.7242 0.6177 0.7242 0.6177 0.7257 0.6188 0.7242 0.6188 0.7257 0.6188 0.7242 0.6177 0.7257 0.6177 0.7242 0.6177 0.7257 0.6188 0.7271 0.6177 0.7271 0.6188 0.7271 0.6177 0.7257 0.6188 0.7257 0.6188 0.7271 0.6177 0.7282 0.6177 0.7271 0.6177 0.7282 0.6188 0.7271 0.6188 0.7282 0.7405 0.3781 0.7393 0.3792 0.7393 0.3781 0.7393 0.3792 0.7405 0.3781 0.7405 0.3792 0.7393 0.3792 0.7379 0.3781 0.7393 0.3781 0.7379 0.3781 0.7393 0.3792 0.7379 0.3792 0.609 0.2059999 0.6085 0.2031999 0.6098 0.2067 0.6085 0.2031999 0.609 0.2059999 0.6085 0.2052 0.6134 0.2059999 0.6107 0.207 0.6098 0.2067 0.6107 0.207 0.6134 0.2059999 0.6117 0.207 0.6117 0.207 0.6134 0.2059999 0.6126 0.2067 0.6134 0.2059999 0.6141 0.2042 0.6139 0.2052 0.6141 0.2042 0.6134 0.2059999 0.6134 0.2024 0.6141 0.2042 0.6134 0.2024 0.6139 0.2031999 0.6134 0.2024 0.6117 0.2013999 0.6126 0.2016999 0.6117 0.2013999 0.6134 0.2024 0.6098 0.2016999 0.6117 0.2013999 0.6098 0.2016999 0.6107 0.2013999 0.6134 0.2059999 0.6098 0.2016999 0.6134 0.2024 0.6098 0.2016999 0.6134 0.2059999 0.6098 0.2067 0.6098 0.2067 0.609 0.2024 0.6098 0.2016999 0.609 0.2024 0.6098 0.2067 0.6085 0.2031999 0.6083 0.2042 0.6085 0.2031999 0.6085 0.2052 0.6428 0.6603 0.6411 0.6593 0.6426 0.6593 0.6411 0.6593 0.6428 0.6603 0.6414 0.6608 0.6421 0.6621 0.6428 0.6603 0.6433 0.6612 0.6428 0.6603 0.6421 0.6621 0.6414 0.6608 0.6433 0.6612 0.6433 0.6631 0.6421 0.6621 0.6433 0.6631 0.6433 0.6612 0.644 0.6618 0.6447 0.6636 0.644 0.6618 0.6449 0.6621 0.644 0.6618 0.6447 0.6636 0.6433 0.6631 0.6449 0.6621 0.6462 0.6636 0.6447 0.6636 0.6462 0.6636 0.6449 0.6621 0.6459 0.6621 0.6476 0.6631 0.6459 0.6621 0.6469 0.6618 0.6459 0.6621 0.6476 0.6631 0.6462 0.6636 0.6487 0.6621 0.6469 0.6618 0.6476 0.6612 0.6469 0.6618 0.6487 0.6621 0.6476 0.6631 0.6487 0.6621 0.6481 0.6603 0.6495 0.6608 0.6481 0.6603 0.6487 0.6621 0.6476 0.6612 0.6498 0.6593 0.6481 0.6603 0.6483 0.6593 0.6481 0.6603 0.6498 0.6593 0.6495 0.6608 0.6498 0.6593 0.6481 0.6584 0.6495 0.6579 0.6481 0.6584 0.6498 0.6593 0.6483 0.6593 0.6481 0.6584 0.6487 0.6566 0.6495 0.6579 0.6487 0.6566 0.6481 0.6584 0.6476 0.6575 0.6487 0.6566 0.6469 0.6569 0.6476 0.6556 0.6469 0.6569 0.6487 0.6566 0.6476 0.6575 0.6462 0.6551 0.6469 0.6569 0.6459 0.6565 0.6469 0.6569 0.6462 0.6551 0.6476 0.6556 0.6447 0.6551 0.6459 0.6565 0.6449 0.6565 0.6459 0.6565 0.6447 0.6551 0.6462 0.6551 0.6433 0.6556 0.6449 0.6565 0.644 0.6569 0.6449 0.6565 0.6433 0.6556 0.6447 0.6551 0.6433 0.6556 0.6433 0.6575 0.6421 0.6566 0.6433 0.6575 0.6433 0.6556 0.644 0.6569 0.6414 0.6579 0.6433 0.6575 0.6428 0.6584 0.6433 0.6575 0.6414 0.6579 0.6421 0.6566 0.6428 0.6584 0.6411 0.6593 0.6414 0.6579 0.6411 0.6593 0.6428 0.6584 0.6426 0.6593 0.7028 0.6979 0.7034 0.6988 0.7028 0.6988 0.7034 0.6988 0.7028 0.6979 0.7034 0.6979 0.7028 0.6997 0.7034 0.6997 0.7034 0.6988 0.7034 0.6988 0.7028 0.6988 0.7028 0.6997 0.7496 0.8278 0.7504 0.8278 0.7504 0.8272 0.7504 0.8272 0.7496 0.8272 0.7496 0.8278 0.7504 0.8278 0.7513 0.8278 0.7513 0.8272 0.7513 0.8272 0.7504 0.8272 0.7504 0.8278 0.7513 0.8278 0.7523 0.8278 0.7523 0.8272 0.7523 0.8272 0.7513 0.8272 0.7513 0.8278 0.7523 0.8272 0.7523 0.8278 0.7532 0.8278 0.7532 0.8278 0.7532 0.8272 0.7523 0.8272 0.754 0.8272 0.7532 0.8272 0.7532 0.8278 0.7532 0.8278 0.754 0.8278 0.754 0.8272 0.7069 0.7072 0.7069 0.7081 0.7075 0.7081 0.7075 0.7081 0.7075 0.7072 0.7069 0.7072 0.7075 0.7091 0.7075 0.7081 0.7069 0.7081 0.7069 0.7081 0.7069 0.7091 0.7075 0.7091 0.7069 0.7101 0.7075 0.7101 0.7075 0.7091 0.7075 0.7091 0.7069 0.7091 0.7069 0.7101 0.7075 0.7101 0.7069 0.7109 0.7069 0.7101 0.7069 0.7109 0.7075 0.7101 0.7075 0.7109 0.7495 0.8296 0.7488 0.829 0.7495 0.829 0.7488 0.829 0.7495 0.8296 0.7488 0.8296 0.7495 0.8296 0.7505 0.829 0.7505 0.8296 0.7505 0.829 0.7495 0.8296 0.7495 0.829 0.7514 0.8296 0.7505 0.829 0.7514 0.829 0.7505 0.829 0.7514 0.8296 0.7505 0.8296 0.7514 0.8296 0.7524 0.829 0.7524 0.8296 0.7524 0.829 0.7514 0.8296 0.7514 0.829 0.7524 0.8296 0.7531 0.829 0.7531 0.8296 0.7531 0.829 0.7524 0.8296 0.7524 0.829 0.7028 0.696 0.7034 0.6969 0.7028 0.6969 0.7034 0.6969 0.7028 0.696 0.7034 0.696 0.7028 0.6969 0.7034 0.6979 0.7028 0.6979 0.7034 0.6979 0.7028 0.6969 0.7034 0.6969 0.6562 0.624 0.6547 0.6251 0.6547 0.624 0.6547 0.6251 0.6562 0.624 0.6562 0.6251 0.6547 0.624 0.6533 0.6251 0.6533 0.624 0.6533 0.6251 0.6547 0.624 0.6547 0.6251 0.8687 0.4375 0.8675 0.4375 0.8675 0.4386 0.8675 0.4386 0.8687 0.4386 0.8687 0.4375 0.8675 0.4375 0.8661 0.4375 0.8661 0.4386 0.8661 0.4386 0.8675 0.4386 0.8675 0.4375 0.8661 0.4375 0.8646 0.4375 0.8646 0.4386 0.8646 0.4386 0.8661 0.4386 0.8661 0.4375 0.8646 0.4375 0.8632 0.4375 0.8632 0.4386 0.8632 0.4386 0.8646 0.4386 0.8646 0.4375 0.8632 0.4375 0.862 0.4375 0.862 0.4386 0.862 0.4386 0.8632 0.4386 0.8632 0.4375 0.7643 0.3556 0.763 0.3567 0.763 0.3556 0.763 0.3567 0.7643 0.3556 0.7643 0.3567 0.763 0.3556 0.7615 0.3567 0.7615 0.3556 0.7615 0.3567 0.763 0.3556 0.763 0.3567 0.7615 0.3556 0.76 0.3567 0.76 0.3556 0.76 0.3567 0.7615 0.3556 0.7615 0.3567 0.76 0.3556 0.7587 0.3567 0.7587 0.3556 0.7587 0.3567 0.76 0.3556 0.76 0.3567 0.6214 0.726 0.6225 0.7272 0.6214 0.7272 0.6225 0.7272 0.6214 0.726 0.6225 0.726 0.6214 0.7272 0.6225 0.7286 0.6214 0.7286 0.6225 0.7286 0.6214 0.7272 0.6225 0.7272 0.6214 0.7286 0.6225 0.7301 0.6214 0.7301 0.6225 0.7301 0.6214 0.7286 0.6225 0.7286 0.6214 0.7301 0.6225 0.7315 0.6214 0.7315 0.6225 0.7315 0.6214 0.7301 0.6225 0.7301 0.6214 0.7315 0.6225 0.7326 0.6214 0.7326 0.6225 0.7326 0.6214 0.7315 0.6225 0.7315 0.6587 0.624 0.6576 0.6251 0.6576 0.624 0.6576 0.6251 0.6587 0.624 0.6587 0.6251 0.6562 0.6251 0.6576 0.624 0.6576 0.6251 0.6576 0.624 0.6562 0.6251 0.6562 0.624 0.7356 0.9259 0.7368 0.9274 0.7361 0.9267 0.7368 0.9274 0.7356 0.9259 0.7356 0.9239 0.7368 0.9274 0.7387 0.9277 0.7377 0.9277 0.7387 0.9277 0.7368 0.9274 0.7404 0.9267 0.7387 0.9277 0.7404 0.9267 0.7397 0.9274 0.7404 0.9267 0.7411 0.9249 0.7409 0.9259 0.7411 0.9249 0.7404 0.9267 0.7404 0.9231 0.7411 0.9249 0.7404 0.9231 0.7409 0.9239 0.7404 0.9231 0.7387 0.9221 0.7397 0.9224 0.7387 0.9221 0.7404 0.9231 0.7368 0.9224 0.7387 0.9221 0.7368 0.9224 0.7377 0.9221 0.7368 0.9274 0.7404 0.9231 0.7404 0.9267 0.7404 0.9231 0.7368 0.9274 0.7368 0.9224 0.7361 0.9231 0.7368 0.9274 0.7356 0.9239 0.7368 0.9274 0.7361 0.9231 0.7368 0.9224 0.7354 0.9249 0.7356 0.9239 0.7356 0.9259 0.6138 0.5094 0.6126 0.5109 0.6123 0.5094 0.6126 0.5109 0.6138 0.5094 0.614 0.5104 0.6133 0.5122 0.614 0.5104 0.6145 0.5112 0.614 0.5104 0.6133 0.5122 0.6126 0.5109 0.6152 0.5119 0.6133 0.5122 0.6145 0.5112 0.6133 0.5122 0.6152 0.5119 0.6145 0.5131 0.6152 0.5119 0.6159 0.5137 0.6145 0.5131 0.6159 0.5137 0.6152 0.5119 0.6162 0.5122 0.6162 0.5122 0.6174 0.5137 0.6159 0.5137 0.6174 0.5137 0.6162 0.5122 0.6172 0.5122 0.6174 0.5137 0.6181 0.5119 0.6188 0.5131 0.6181 0.5119 0.6174 0.5137 0.6172 0.5122 0.6181 0.5119 0.62 0.5122 0.6188 0.5131 0.62 0.5122 0.6181 0.5119 0.6188 0.5112 0.6188 0.5112 0.6207 0.5109 0.62 0.5122 0.6207 0.5109 0.6188 0.5112 0.6193 0.5104 0.6207 0.5109 0.6195 0.5094 0.621 0.5094 0.6195 0.5094 0.6207 0.5109 0.6193 0.5104 0.6195 0.5094 0.6207 0.5079 0.621 0.5094 0.6207 0.5079 0.6195 0.5094 0.6193 0.5084 0.6193 0.5084 0.62 0.5066 0.6207 0.5079 0.62 0.5066 0.6193 0.5084 0.6188 0.5076 0.6181 0.5069 0.62 0.5066 0.6188 0.5076 0.62 0.5066 0.6181 0.5069 0.6188 0.5057 0.6188 0.5057 0.6172 0.5066 0.6174 0.5052 0.6172 0.5066 0.6188 0.5057 0.6181 0.5069 0.6162 0.5066 0.6174 0.5052 0.6172 0.5066 0.6174 0.5052 0.6162 0.5066 0.6159 0.5052 0.6162 0.5066 0.6145 0.5057 0.6159 0.5052 0.6145 0.5057 0.6162 0.5066 0.6152 0.5069 0.6152 0.5069 0.6133 0.5066 0.6145 0.5057 0.6133 0.5066 0.6152 0.5069 0.6145 0.5076 0.6133 0.5066 0.614 0.5084 0.6126 0.5079 0.614 0.5084 0.6133 0.5066 0.6145 0.5076 0.6126 0.5079 0.6138 0.5094 0.6123 0.5094 0.6138 0.5094 0.6126 0.5079 0.614 0.5084 0.783 0.761 0.782 0.7616 0.782 0.761 0.782 0.7616 0.783 0.761 0.783 0.7616 0.7811 0.7616 0.782 0.7616 0.782 0.761 0.782 0.761 0.7811 0.761 0.7811 0.7616 0.7939 0.8724 0.7939 0.873 0.7946 0.873 0.7946 0.873 0.7946 0.8724 0.7939 0.8724 0.7955 0.8724 0.7946 0.8724 0.7946 0.873 0.7946 0.873 0.7955 0.873 0.7955 0.8724 0.7955 0.8724 0.7955 0.873 0.7965 0.873 0.7965 0.873 0.7965 0.8724 0.7955 0.8724 0.7965 0.8724 0.7965 0.873 0.7975 0.873 0.7975 0.873 0.7975 0.8724 0.7965 0.8724 0.7975 0.873 0.7982 0.873 0.7982 0.8724 0.7982 0.8724 0.7975 0.8724 0.7975 0.873 0.7215 0.7052 0.7221 0.7052 0.7221 0.7044 0.7221 0.7044 0.7215 0.7044 0.7215 0.7052 0.7221 0.7052 0.7215 0.7052 0.7215 0.7062 0.7215 0.7062 0.7221 0.7062 0.7221 0.7052 0.7221 0.7062 0.7215 0.7062 0.7215 0.7072 0.7215 0.7072 0.7221 0.7072 0.7221 0.7062 0.7221 0.7072 0.7215 0.708 0.7215 0.7072 0.7215 0.708 0.7221 0.7072 0.7221 0.708 0.7987 0.8742 0.7995 0.8748 0.7987 0.8748 0.7995 0.8748 0.7987 0.8742 0.7995 0.8742 0.7995 0.8742 0.8004 0.8748 0.7995 0.8748 0.8004 0.8748 0.7995 0.8742 0.8004 0.8742 0.8004 0.8742 0.8014 0.8748 0.8004 0.8748 0.8014 0.8748 0.8004 0.8742 0.8014 0.8742 0.8014 0.8742 0.8023 0.8748 0.8014 0.8748 0.8023 0.8748 0.8014 0.8742 0.8023 0.8742 0.8023 0.8748 0.8031 0.8742 0.8031 0.8748 0.8031 0.8742 0.8023 0.8748 0.8023 0.8742 0.7848 0.761 0.7839 0.7616 0.7839 0.761 0.7839 0.7616 0.7848 0.761 0.7848 0.7616 0.7839 0.761 0.783 0.7616 0.783 0.761 0.783 0.7616 0.7839 0.761 0.7839 0.7616 0.7823 0.8244 0.7808 0.8255 0.7808 0.8244 0.7808 0.8255 0.7823 0.8244 0.7823 0.8255 0.7808 0.8244 0.7793 0.8255 0.7793 0.8244 0.7793 0.8255 0.7808 0.8244 0.7808 0.8255 0.8845 0.5819 0.8833 0.5819 0.8833 0.583 0.8833 0.583 0.8845 0.583 0.8845 0.5819 0.8833 0.5819 0.8819 0.5819 0.8819 0.583 0.8819 0.583 0.8833 0.583 0.8833 0.5819 0.8819 0.5819 0.8804 0.5819 0.8804 0.583 0.8804 0.583 0.8819 0.583 0.8819 0.5819 0.8804 0.5819 0.879 0.5819 0.879 0.583 0.879 0.583 0.8804 0.583 0.8804 0.5819 0.879 0.5819 0.8779 0.5819 0.8779 0.583 0.8779 0.583 0.879 0.583 0.879 0.5819 0.6228 0.27 0.6215 0.2711 0.6215 0.27 0.6215 0.2711 0.6228 0.27 0.6228 0.2711 0.6215 0.27 0.62 0.2711 0.62 0.27 0.62 0.2711 0.6215 0.27 0.6215 0.2711 0.62 0.27 0.6185 0.2711 0.6185 0.27 0.6185 0.2711 0.62 0.27 0.62 0.2711 0.6185 0.27 0.6172 0.2711 0.6172 0.27 0.6172 0.2711 0.6185 0.27 0.6185 0.2711 0.6414 0.7216 0.6425 0.7228 0.6414 0.7228 0.6425 0.7228 0.6414 0.7216 0.6425 0.7216 0.6414 0.7228 0.6425 0.7242 0.6414 0.7242 0.6425 0.7242 0.6414 0.7228 0.6425 0.7228 0.6414 0.7242 0.6425 0.7257 0.6414 0.7257 0.6425 0.7257 0.6414 0.7242 0.6425 0.7242 0.6414 0.7257 0.6425 0.7271 0.6414 0.7271 0.6425 0.7271 0.6414 0.7257 0.6425 0.7257 0.6414 0.7271 0.6425 0.7282 0.6414 0.7282 0.6425 0.7282 0.6414 0.7271 0.6425 0.7271 0.7848 0.8244 0.7837 0.8255 0.7837 0.8244 0.7837 0.8255 0.7848 0.8244 0.7848 0.8255 0.7823 0.8255 0.7837 0.8244 0.7837 0.8255 0.7837 0.8244 0.7823 0.8255 0.7823 0.8244 0.6085 0.189 0.6098 0.1905 0.609 0.1898999 0.6098 0.1905 0.6085 0.189 0.6085 0.1870999 0.6098 0.1905 0.6117 0.1909 0.6107 0.1909 0.6117 0.1909 0.6098 0.1905 0.6134 0.1898999 0.6117 0.1909 0.6134 0.1898999 0.6126 0.1905 0.6134 0.1898999 0.6141 0.188 0.6139 0.189 0.6141 0.188 0.6134 0.1898999 0.6134 0.1862 0.6141 0.188 0.6134 0.1862 0.6139 0.1870999 0.6134 0.1862 0.6117 0.1851999 0.6126 0.1855999 0.6117 0.1851999 0.6134 0.1862 0.6098 0.1855999 0.6117 0.1851999 0.6098 0.1855999 0.6107 0.1851999 0.6098 0.1905 0.6134 0.1862 0.6134 0.1898999 0.6134 0.1862 0.6098 0.1905 0.6098 0.1855999 0.609 0.1862 0.6098 0.1905 0.6085 0.1870999 0.6098 0.1905 0.609 0.1862 0.6098 0.1855999 0.6083 0.188 0.6085 0.1870999 0.6085 0.189 0.9495 0.9952 0.9483 0.9967 0.948 0.9952 0.9483 0.9967 0.9495 0.9952 0.9497 0.9962 0.9491 0.998 0.9497 0.9962 0.9502 0.9971 0.9497 0.9962 0.9491 0.998 0.9483 0.9967 0.9509 0.9977 0.9491 0.998 0.9502 0.9971 0.9491 0.998 0.9509 0.9977 0.9502 0.999 0.9509 0.9977 0.9516 0.9995 0.9502 0.999 0.9516 0.9995 0.9509 0.9977 0.9519 0.9981 0.9519 0.9981 0.9531 0.9995 0.9516 0.9995 0.9531 0.9995 0.9519 0.9981 0.9529 0.9981 0.9531 0.9995 0.9538 0.9977 0.9545 0.999 0.9538 0.9977 0.9531 0.9995 0.9529 0.9981 0.9538 0.9977 0.9557 0.998 0.9545 0.999 0.9557 0.998 0.9538 0.9977 0.9546 0.9971 0.9546 0.9971 0.9564 0.9967 0.9557 0.998 0.9564 0.9967 0.9546 0.9971 0.955 0.9962 0.9564 0.9967 0.9552 0.9952 0.9567 0.9952 0.9552 0.9952 0.9564 0.9967 0.955 0.9962 0.9552 0.9952 0.9564 0.9938 0.9567 0.9952 0.9564 0.9938 0.9552 0.9952 0.955 0.9943 0.955 0.9943 0.9557 0.9925 0.9564 0.9938 0.9557 0.9925 0.955 0.9943 0.9546 0.9934 0.9538 0.9928 0.9557 0.9925 0.9546 0.9934 0.9557 0.9925 0.9538 0.9928 0.9545 0.9915 0.9545 0.9915 0.9529 0.9924 0.9531 0.991 0.9529 0.9924 0.9545 0.9915 0.9538 0.9928 0.9519 0.9924 0.9531 0.991 0.9529 0.9924 0.9531 0.991 0.9519 0.9924 0.9516 0.991 0.9519 0.9924 0.9502 0.9915 0.9516 0.991 0.9502 0.9915 0.9519 0.9924 0.9509 0.9928 0.9509 0.9928 0.9491 0.9925 0.9502 0.9915 0.9491 0.9925 0.9509 0.9928 0.9502 0.9934 0.9491 0.9925 0.9497 0.9943 0.9483 0.9938 0.9497 0.9943 0.9491 0.9925 0.9502 0.9934 0.9483 0.9938 0.9495 0.9952 0.948 0.9952 0.9495 0.9952 0.9483 0.9938 0.9497 0.9943 0.7018 0.6977 0.7024 0.6987 0.7018 0.6987 0.7024 0.6987 0.7018 0.6977 0.7024 0.6977 0.7024 0.6997 0.7024 0.6987 0.7018 0.6987 0.7018 0.6987 0.7018 0.6997 0.7024 0.6997 0.8035 0.8742 0.8035 0.8748 0.8043 0.8748 0.8043 0.8748 0.8043 0.8742 0.8035 0.8742 0.8052 0.8742 0.8043 0.8742 0.8043 0.8748 0.8043 0.8748 0.8052 0.8748 0.8052 0.8742 0.8052 0.8742 0.8052 0.8748 0.8062 0.8748 0.8062 0.8748 0.8062 0.8742 0.8052 0.8742 0.8062 0.8742 0.8062 0.8748 0.8071 0.8748 0.8071 0.8748 0.8071 0.8742 0.8062 0.8742 0.8071 0.8748 0.8079 0.8748 0.8079 0.8742 0.8079 0.8742 0.8071 0.8742 0.8071 0.8748 0.7633 0.8296 0.7633 0.829 0.7625 0.829 0.7625 0.829 0.7625 0.8296 0.7633 0.8296 0.7633 0.829 0.7633 0.8296 0.7643 0.8296 0.7643 0.8296 0.7643 0.829 0.7633 0.829 0.7643 0.829 0.7643 0.8296 0.7653 0.8296 0.7653 0.8296 0.7653 0.829 0.7643 0.829 0.7653 0.829 0.7662 0.8296 0.7653 0.8296 0.7662 0.8296 0.7653 0.829 0.7662 0.829 0.8035 0.8724 0.8042 0.873 0.8035 0.873 0.8042 0.873 0.8035 0.8724 0.8042 0.8724 0.8042 0.8724 0.8052 0.873 0.8042 0.873 0.8052 0.873 0.8042 0.8724 0.8052 0.8724 0.8052 0.8724 0.8062 0.873 0.8052 0.873 0.8062 0.873 0.8052 0.8724 0.8062 0.8724 0.8062 0.8724 0.8071 0.873 0.8062 0.873 0.8071 0.873 0.8062 0.8724 0.8071 0.8724 0.8071 0.873 0.8078 0.8724 0.8078 0.873 0.8078 0.8724 0.8071 0.873 0.8071 0.8724 0.7018 0.696 0.7024 0.6968 0.7018 0.6968 0.7024 0.6968 0.7018 0.696 0.7024 0.696 0.7018 0.6968 0.7024 0.6977 0.7018 0.6977 0.7024 0.6977 0.7018 0.6968 0.7024 0.6968 0.829 0.9435 0.8294 0.9122 0.8294 0.9412 0.8294 0.9122 0.829 0.9435 0.8282 0.9449 0.8267 0.9458 0.8294 0.9122 0.8282 0.9449 0.8294 0.9122 0.8267 0.9458 0.8244 0.9461 0.8267 0.9076 0.7947 0.9073 0.8244 0.9073 0.7947 0.9073 0.8267 0.9076 0.8282 0.9085 0.829 0.91 0.7947 0.9073 0.8282 0.9085 0.7947 0.9073 0.829 0.91 0.8294 0.9122 0.7901 0.91 0.7897 0.9412 0.7897 0.9122 0.7897 0.9412 0.7901 0.91 0.7909 0.9085 0.7924 0.9076 0.7897 0.9412 0.7909 0.9085 0.7897 0.9412 0.7924 0.9076 0.7947 0.9073 0.8294 0.9122 0.7897 0.9412 0.7947 0.9073 0.7897 0.9412 0.8294 0.9122 0.8244 0.9461 0.7897 0.9412 0.7909 0.9449 0.7901 0.9435 0.7909 0.9449 0.7897 0.9412 0.8244 0.9461 0.8244 0.9461 0.7924 0.9458 0.7909 0.9449 0.7924 0.9458 0.8244 0.9461 0.7947 0.9461 0.5821 0.2972 0.6112 0.3 0.5821 0.3 0.6112 0.3 0.5821 0.2972 0.6112 0.2972 0.5826 0.05800002 0.6124 0.06080001 0.5826 0.06080001 0.6124 0.06080001 0.5826 0.05800002 0.6124 0.05800002 0.5693 0.3775 0.5984 0.3803 0.5693 0.3803 0.5984 0.3803 0.5693 0.3775 0.5984 0.3775 0.6063 0.4778 0.5765 0.475 0.6063 0.475 0.5765 0.475 0.6063 0.4778 0.5765 0.4778 0.6137 0.3 0.6112 0.2972 0.6137 0.2972 0.6112 0.2972 0.6137 0.3 0.6112 0.3 0.5796 0.2972 0.5821 0.3 0.5796 0.3 0.5821 0.3 0.5796 0.2972 0.5821 0.2972 0.6149 0.06080001 0.6124 0.05800002 0.6149 0.05800002 0.6124 0.05800002 0.6149 0.06080001 0.6124 0.06080001 0.6009 0.3803 0.5984 0.3775 0.6009 0.3775 0.5984 0.3775 0.6009 0.3803 0.5984 0.3803 0.6155 0.3 0.6137 0.2972 0.6155 0.2972 0.6137 0.2972 0.6155 0.3 0.6137 0.3 0.58 0.06080001 0.5782 0.05800002 0.58 0.05800002 0.5782 0.05800002 0.58 0.06080001 0.5782 0.06080001 0.5826 0.06080001 0.58 0.05800002 0.5826 0.05800002 0.58 0.05800002 0.5826 0.06080001 0.58 0.06080001 0.5778 0.2972 0.5778 0.3 0.5796 0.3 0.5796 0.3 0.5778 0.2972 0.5796 0.2972 0.5739 0.4778 0.5721 0.475 0.5739 0.475 0.5721 0.475 0.5739 0.4778 0.5721 0.4778 0.5765 0.4778 0.5739 0.475 0.5765 0.475 0.5739 0.475 0.5765 0.4778 0.5739 0.4778 0.6149 0.05800002 0.6167 0.06080001 0.6149 0.06080001 0.6167 0.06080001 0.6149 0.05800002 0.6167 0.05800002 0.5668 0.3803 0.565 0.3775 0.5668 0.3775 0.565 0.3775 0.5668 0.3803 0.565 0.3803 0.5693 0.3775 0.5668 0.3803 0.5668 0.3775 0.5668 0.3803 0.5693 0.3775 0.5693 0.3803 0.6027 0.3803 0.6009 0.3775 0.6027 0.3775 0.6009 0.3775 0.6027 0.3803 0.6009 0.3803 0.6088 0.475 0.6106 0.4778 0.6088 0.4778 0.6106 0.4778 0.6088 0.475 0.6106 0.475 0.6088 0.4778 0.6063 0.475 0.6088 0.475 0.6063 0.475 0.6088 0.4778 0.6063 0.4778 0.7897 0.9122 0.7891 0.9412 0.7891 0.9122 0.7891 0.9412 0.7897 0.9122 0.7897 0.9412 0.8245 0.9066 0.7947 0.9073 0.7946 0.9066 0.7947 0.9073 0.8245 0.9066 0.8244 0.9073 0.83 0.9412 0.8294 0.9122 0.83 0.9122 0.8294 0.9122 0.83 0.9412 0.8294 0.9412 0.7947 0.9461 0.8245 0.9468 0.7946 0.9468 0.8245 0.9468 0.8244 0.9461 0.7947 0.9461 0.5821 0.3 0.5797 0.3006 0.5796 0.3 0.5797 0.3006 0.5821 0.3 0.5822 0.3006 0.5826 0.06150001 0.58 0.06080001 0.5826 0.06080001 0.58 0.06080001 0.5826 0.06150001 0.5801 0.06150001 0.6087 0.4744 0.6063 0.475 0.6063 0.4744 0.6063 0.475 0.6087 0.4744 0.6088 0.475 0.5669 0.3809 0.5693 0.3803 0.5693 0.3809 0.5693 0.3803 0.5669 0.3809 0.5668 0.3803 0.5765 0.475 0.5765 0.4744 0.574 0.4744 0.574 0.4744 0.5739 0.475 0.5765 0.475 0.5739 0.475 0.574 0.4744 0.5723 0.4744 0.5723 0.4744 0.5721 0.475 0.5739 0.475 0.5796 0.3 0.578 0.3006 0.5778 0.3 0.578 0.3006 0.5796 0.3 0.5797 0.3006 0.6112 0.3006 0.6137 0.3 0.6136 0.3006 0.6137 0.3 0.6112 0.3006 0.6112 0.3 0.6137 0.3 0.6154 0.3006 0.6136 0.3006 0.6154 0.3006 0.6137 0.3 0.6155 0.3 0.5784 0.06150001 0.58 0.06080001 0.5801 0.06150001 0.58 0.06080001 0.5784 0.06150001 0.5782 0.06080001 0.6008 0.3809 0.5984 0.3803 0.6009 0.3803 0.5984 0.3803 0.6008 0.3809 0.5983 0.3809 0.6008 0.3809 0.6027 0.3803 0.6025 0.3809 0.6027 0.3803 0.6008 0.3809 0.6009 0.3803 0.6106 0.475 0.6105 0.4744 0.6087 0.4744 0.6087 0.4744 0.6106 0.475 0.6088 0.475 0.6124 0.06080001 0.6149 0.06150001 0.6124 0.06150001 0.6149 0.06150001 0.6124 0.06080001 0.6149 0.06080001 0.6149 0.06150001 0.6167 0.06080001 0.6166 0.06150001 0.6167 0.06080001 0.6149 0.06150001 0.6149 0.06080001 0.5668 0.3803 0.5651 0.3809 0.565 0.3803 0.5651 0.3809 0.5668 0.3803 0.5669 0.3809 0.6112 0.3006 0.5821 0.3 0.6112 0.3 0.5821 0.3 0.6112 0.3006 0.5822 0.3006 0.6124 0.06150001 0.5826 0.06080001 0.6124 0.06080001 0.5826 0.06080001 0.6124 0.06150001 0.5826 0.06150001 0.5983 0.3809 0.5693 0.3803 0.5984 0.3803 0.5693 0.3803 0.5983 0.3809 0.5693 0.3809 0.6063 0.4744 0.5765 0.4744 0.5765 0.475 0.5765 0.475 0.6063 0.4744 0.6063 0.475 0.7891 0.9412 0.7901 0.9435 0.7894 0.9437 0.7901 0.9435 0.7891 0.9412 0.7897 0.9412 0.7947 0.9073 0.7922 0.907 0.7946 0.9066 0.7922 0.907 0.7947 0.9073 0.7924 0.9076 0.8269 0.9464 0.8244 0.9461 0.8267 0.9458 0.8244 0.9461 0.8269 0.9464 0.8245 0.9468 0.8294 0.9122 0.8297 0.9097 0.83 0.9122 0.8297 0.9097 0.8294 0.9122 0.829 0.91 0.7922 0.9464 0.7947 0.9461 0.7946 0.9468 0.7947 0.9461 0.7922 0.9464 0.7924 0.9458 0.7905 0.9454 0.7924 0.9458 0.7922 0.9464 0.7924 0.9458 0.7905 0.9454 0.7909 0.9449 0.7905 0.9454 0.7901 0.9435 0.7909 0.9449 0.7901 0.9435 0.7905 0.9454 0.7894 0.9437 0.7894 0.9097 0.7897 0.9122 0.7891 0.9122 0.7897 0.9122 0.7894 0.9097 0.7901 0.91 0.7901 0.91 0.7905 0.908 0.7909 0.9085 0.7905 0.908 0.7901 0.91 0.7894 0.9097 0.7924 0.9076 0.7905 0.908 0.7922 0.907 0.7905 0.908 0.7924 0.9076 0.7909 0.9085 0.8294 0.9412 0.8297 0.9437 0.829 0.9435 0.8297 0.9437 0.8294 0.9412 0.83 0.9412 0.8286 0.9454 0.829 0.9435 0.8297 0.9437 0.829 0.9435 0.8286 0.9454 0.8282 0.9449 0.8286 0.9454 0.8267 0.9458 0.8282 0.9449 0.8267 0.9458 0.8286 0.9454 0.8269 0.9464 0.8244 0.9073 0.8269 0.907 0.8267 0.9076 0.8269 0.907 0.8244 0.9073 0.8245 0.9066 0.8269 0.907 0.8282 0.9085 0.8267 0.9076 0.8282 0.9085 0.8269 0.907 0.8286 0.908 0.8282 0.9085 0.8297 0.9097 0.829 0.91 0.8297 0.9097 0.8282 0.9085 0.8286 0.908 0.9733 0.6191 0.9768 0.6216 0.9733 0.6216 0.9768 0.6216 0.9733 0.6191 0.9768 0.6191 0.6454 0.7365 0.6428 0.7399 0.6428 0.7365 0.6428 0.7399 0.6454 0.7365 0.6454 0.7399 0.6271 0.7166 0.6271 0.714 0.6237 0.714 0.6237 0.714 0.6237 0.7166 0.6271 0.7166 0.9768 0.5800001 0.9768 0.5774 0.9733 0.5774 0.9733 0.5774 0.9733 0.5800001 0.9768 0.5800001 0.6358 0.8574 0.6358 0.86 0.6392 0.86 0.6392 0.86 0.6392 0.8574 0.6358 0.8574 0.6143 0.7102 0.6169 0.7137 0.6143 0.7137 0.6169 0.7137 0.6143 0.7102 0.6169 0.7102 0.7133 0.7104 0.718 0.7077 0.7164 0.7104 0.718 0.7077 0.7133 0.7104 0.7133 0.7049 0.718 0.7077 0.7133 0.7049 0.7164 0.7049 0.7118 0.7077 0.7133 0.7049 0.7133 0.7104 0.7118 0.7077 0.7131 0.7047 0.7133 0.7049 0.7131 0.7047 0.7118 0.7077 0.7114 0.7077 0.7166 0.7047 0.7133 0.7049 0.7131 0.7047 0.7133 0.7049 0.7166 0.7047 0.7164 0.7049 0.7166 0.7047 0.718 0.7077 0.7164 0.7049 0.718 0.7077 0.7166 0.7047 0.7183 0.7077 0.718 0.7077 0.7166 0.7106 0.7164 0.7104 0.7166 0.7106 0.718 0.7077 0.7183 0.7077 0.7131 0.7106 0.7164 0.7104 0.7166 0.7106 0.7164 0.7104 0.7131 0.7106 0.7133 0.7104 0.7114 0.7077 0.7133 0.7104 0.7131 0.7106 0.7133 0.7104 0.7114 0.7077 0.7118 0.7077 0.7311 0.8376 0.7346 0.8402 0.7311 0.8402 0.7346 0.8402 0.7311 0.8376 0.7346 0.8376 0.878 0.3818 0.8814 0.3844 0.878 0.3844 0.8814 0.3844 0.878 0.3818 0.8814 0.3818 0.01989996 0.005599975 0.01989996 0.00300002 0.01639997 0.00300002 0.01639997 0.00300002 0.01639997 0.005599975 0.01989996 0.005599975 0.02979999 0.01539999 0.02979999 0.01279997 0.02639997 0.01279997 0.02639997 0.01279997 0.02639997 0.01539999 0.02979999 0.01539999 0.6538 0.2476 0.6538 0.2502 0.6572 0.2502 0.6572 0.2502 0.6572 0.2476 0.6538 0.2476 0.6281 0.5524 0.6315 0.555 0.6281 0.555 0.6315 0.555 0.6281 0.5524 0.6315 0.5524 0.6669 0.2185999 0.6623 0.2213 0.6638 0.2185999 0.6623 0.2213 0.6669 0.2185999 0.6669 0.2239999 0.6623 0.2213 0.6669 0.2239999 0.6638 0.2239999 0.6685 0.2213 0.6669 0.2239999 0.6669 0.2185999 0.7346 0.8402 0.7313 0.8405 0.7311 0.8402 0.7313 0.8405 0.7346 0.8402 0.7344 0.8405 0.878 0.3844 0.8813 0.3847 0.8781 0.3847 0.8813 0.3847 0.878 0.3844 0.8814 0.3844 0.01639997 0.00300002 0.01989996 0.00300002 0.01969999 0.002699971 0.01969999 0.002699971 0.01659995 0.002699971 0.01639997 0.00300002 0.02979999 0.01279997 0.02969998 0.01249998 0.02649998 0.01249998 0.02649998 0.01249998 0.02639997 0.01279997 0.02979999 0.01279997 0.6572 0.2502 0.6538 0.2502 0.654 0.2505 0.654 0.2505 0.6571 0.2505 0.6572 0.2502 0.6282 0.5553 0.6315 0.555 0.6314 0.5553 0.6315 0.555 0.6282 0.5553 0.6281 0.555 0.8407 0.2655 0.8441 0.2681 0.8407 0.2681 0.8441 0.2681 0.8407 0.2655 0.8441 0.2655 0.6454 0.7102 0.6428 0.7137 0.6428 0.7102 0.6428 0.7137 0.6454 0.7102 0.6454 0.7137 0.6361 0.7166 0.6361 0.714 0.6327 0.714 0.6327 0.714 0.6327 0.7166 0.6361 0.7166 0.9709 0.5358 0.9675 0.5358 0.9675 0.5384 0.9675 0.5384 0.9709 0.5384 0.9709 0.5358 0.6169 0.7365 0.6143 0.7365 0.6143 0.7399 0.6143 0.7399 0.6169 0.7399 0.6169 0.7365 0.6169 0.8125 0.6203 0.8151 0.6169 0.8151 0.6203 0.8151 0.6169 0.8125 0.6203 0.8125 0.6493 0.6891 0.6446 0.6918 0.6462 0.6891 0.6446 0.6918 0.6493 0.6891 0.6493 0.6945 0.6446 0.6918 0.6493 0.6945 0.6462 0.6945 0.6509 0.6918 0.6493 0.6945 0.6493 0.6891 0.844 0.2684 0.8407 0.2681 0.8441 0.2681 0.8407 0.2681 0.844 0.2684 0.8408 0.2684 0.6462 0.6945 0.6495 0.6947 0.646 0.6947 0.6495 0.6947 0.6462 0.6945 0.6493 0.6945 0.6462 0.6945 0.6443 0.6918 0.6446 0.6918 0.6443 0.6918 0.6462 0.6945 0.646 0.6947 0.6443 0.6918 0.6462 0.6891 0.6446 0.6918 0.6462 0.6891 0.6443 0.6918 0.646 0.6888 0.6495 0.6888 0.6462 0.6891 0.646 0.6888 0.6462 0.6891 0.6495 0.6888 0.6493 0.6891 0.6203 0.8151 0.617 0.8154 0.6169 0.8151 0.617 0.8154 0.6203 0.8151 0.6202 0.8154 0.7885 0.281 0.792 0.2836 0.7885 0.2836 0.792 0.2836 0.7885 0.281 0.792 0.281 0.7416 0.6944 0.7379 0.6922 0.7413 0.6918 0.7379 0.6922 0.7416 0.6944 0.7381 0.6947 0.8413 0.7735 0.8413 0.7709 0.8378 0.7709 0.8378 0.7709 0.8378 0.7735 0.8413 0.7735 0.6161 0.6267001 0.6161 0.6241 0.6127 0.6241 0.6127 0.6241 0.6127 0.6267001 0.6161 0.6267001 0.6486 0.8536 0.646 0.8536 0.646 0.857 0.646 0.857 0.6486 0.857 0.6486 0.8536 0.9005 0.4912 0.9039 0.4938 0.9005 0.4938 0.9039 0.4938 0.9005 0.4912 0.9039 0.4912 0.8975 0.5043 0.8928 0.507 0.8944 0.5043 0.8928 0.507 0.8975 0.5043 0.8975 0.5097 0.8928 0.507 0.8975 0.5097 0.8944 0.5097 0.899 0.507 0.8975 0.5097 0.8975 0.5043 0.7918 0.2838 0.7885 0.2836 0.792 0.2836 0.7885 0.2836 0.7918 0.2838 0.7887 0.2838 0.8942 0.51 0.8975 0.5097 0.8977 0.51 0.8975 0.5097 0.8942 0.51 0.8944 0.5097 0.8411 0.7706 0.838 0.7706 0.8378 0.7709 0.8378 0.7709 0.8413 0.7709 0.8411 0.7706 0.6127 0.6241 0.6161 0.6241 0.6159 0.6238 0.6159 0.6238 0.6128 0.6238 0.6127 0.6241 0.8977 0.504 0.8942 0.504 0.8944 0.5043 0.8944 0.5043 0.8975 0.5043 0.8977 0.504 0.9039 0.4938 0.9006 0.4941 0.9005 0.4938 0.9006 0.4941 0.9039 0.4938 0.9038 0.4941 0.7129 0.8177 0.7183 0.8218 0.7129 0.8218 0.7183 0.8218 0.7129 0.8177 0.7183 0.8177 0.7183 0.8177 0.723 0.8218 0.7183 0.8218 0.723 0.8218 0.7183 0.8177 0.723 0.8177 0.8448 0.5849 0.8491 0.5891 0.8448 0.5891 0.8491 0.5891 0.8448 0.5849 0.8491 0.5849 0.8491 0.5849 0.8542 0.5891 0.8491 0.5891 0.8542 0.5891 0.8491 0.5849 0.8542 0.5849 0.8542 0.5849 0.8597 0.5891 0.8542 0.5891 0.8597 0.5891 0.8542 0.5849 0.8597 0.5849 0.8597 0.5849 0.8649 0.5891 0.8597 0.5891 0.8649 0.5891 0.8597 0.5849 0.8649 0.5849 0.8649 0.5849 0.8691 0.5891 0.8649 0.5891 0.8691 0.5891 0.8649 0.5849 0.8691 0.5849 0.5982 0.1140999 0.5934 0.1098999 0.5982 0.1098999 0.5934 0.1098999 0.5982 0.1140999 0.5934 0.1140999 0.5934 0.1140999 0.588 0.1098999 0.5934 0.1098999 0.588 0.1098999 0.5934 0.1140999 0.588 0.1140999 0.588 0.1140999 0.5826 0.1098999 0.588 0.1098999 0.5826 0.1098999 0.588 0.1140999 0.5826 0.1140999 0.5826 0.1140999 0.5778 0.1098999 0.5826 0.1098999 0.5778 0.1098999 0.5826 0.1140999 0.5778 0.1140999 0.8448 0.5433 0.8491 0.5475 0.8448 0.5475 0.8491 0.5475 0.8448 0.5433 0.8491 0.5433 0.8491 0.5433 0.8542 0.5475 0.8491 0.5475 0.8542 0.5475 0.8491 0.5433 0.8542 0.5433 0.8542 0.5433 0.8597 0.5475 0.8542 0.5475 0.8597 0.5475 0.8542 0.5433 0.8597 0.5433 0.8597 0.5433 0.8649 0.5475 0.8597 0.5475 0.8649 0.5475 0.8597 0.5433 0.8649 0.5433 0.8649 0.5433 0.8691 0.5475 0.8649 0.5475 0.8691 0.5475 0.8649 0.5433 0.8691 0.5433 0.7027 0.8177 0.7074 0.8218 0.7027 0.8218 0.7074 0.8218 0.7074 0.8177 0.7027 0.8177 0.7074 0.8177 0.7129 0.8218 0.7074 0.8218 0.7129 0.8218 0.7074 0.8177 0.7129 0.8177 0.8814 0.4535 0.877 0.4482 0.8797 0.4505 0.877 0.4482 0.8814 0.4535 0.877 0.4655 0.877 0.4482 0.8703 0.447 0.8738 0.447 0.8703 0.447 0.877 0.4482 0.8644 0.4505 0.8703 0.447 0.8644 0.4505 0.867 0.4482 0.8644 0.4633 0.8626 0.4535 0.8644 0.4505 0.8626 0.4535 0.8644 0.4633 0.862 0.4569 0.862 0.4569 0.8644 0.4633 0.8626 0.4603 0.877 0.4655 0.8644 0.4505 0.877 0.4482 0.8644 0.4505 0.877 0.4655 0.8644 0.4633 0.8644 0.4633 0.8703 0.4667 0.867 0.4655 0.8703 0.4667 0.8644 0.4633 0.877 0.4655 0.8703 0.4667 0.877 0.4655 0.8738 0.4667 0.8814 0.4603 0.877 0.4655 0.8814 0.4535 0.877 0.4655 0.8814 0.4603 0.8797 0.4633 0.882 0.4569 0.8814 0.4603 0.8814 0.4535 0.6462 0.8741 0.6486 0.8692 0.6476 0.8746 0.6486 0.8692 0.6462 0.8741 0.6471 0.8692 0.6448 0.8794 0.6462 0.8741 0.6476 0.8746 0.6462 0.8741 0.6448 0.8794 0.6437 0.8784 0.6399 0.8816 0.6448 0.8794 0.6406 0.8829 0.6448 0.8794 0.6399 0.8816 0.6437 0.8784 0.6406 0.8829 0.6352 0.8833 0.6399 0.8816 0.6352 0.8833 0.6406 0.8829 0.6355 0.8848 0.63 0.8848 0.6352 0.8833 0.6355 0.8848 0.6352 0.8833 0.63 0.8848 0.6302 0.8833 0.6248 0.8829 0.6302 0.8833 0.63 0.8848 0.6302 0.8833 0.6248 0.8829 0.6255 0.8816 0.6206 0.8794 0.6255 0.8816 0.6248 0.8829 0.6255 0.8816 0.6206 0.8794 0.6217 0.8784 0.6178 0.8746 0.6217 0.8784 0.6206 0.8794 0.6217 0.8784 0.6178 0.8746 0.6192 0.8741 0.6169 0.8692 0.6192 0.8741 0.6178 0.8746 0.6192 0.8741 0.6169 0.8692 0.6183 0.8692 0.6178 0.8637 0.6183 0.8692 0.6169 0.8692 0.6183 0.8692 0.6178 0.8637 0.6192 0.8643 0.6206 0.859 0.6192 0.8643 0.6178 0.8637 0.6192 0.8643 0.6206 0.859 0.6217 0.8599 0.6255 0.8567 0.6206 0.859 0.6248 0.8554 0.6206 0.859 0.6255 0.8567 0.6217 0.8599 0.6302 0.855 0.6248 0.8554 0.63 0.8536 0.6248 0.8554 0.6302 0.855 0.6255 0.8567 0.6352 0.855 0.63 0.8536 0.6355 0.8536 0.63 0.8536 0.6352 0.855 0.6302 0.855 0.6406 0.8554 0.6352 0.855 0.6355 0.8536 0.6352 0.855 0.6406 0.8554 0.6399 0.8567 0.6448 0.859 0.6399 0.8567 0.6406 0.8554 0.6399 0.8567 0.6448 0.859 0.6437 0.8599 0.6437 0.8599 0.6476 0.8637 0.6462 0.8643 0.6476 0.8637 0.6437 0.8599 0.6448 0.859 0.6486 0.8692 0.6462 0.8643 0.6476 0.8637 0.6462 0.8643 0.6486 0.8692 0.6471 0.8692 0.9283 0.9654 0.9283 0.9631 0.9234 0.9631 0.9234 0.9631 0.9234 0.9654 0.9283 0.9654 0.9283 0.9654 0.9326 0.9654 0.9326 0.9631 0.9326 0.9631 0.9283 0.9631 0.9283 0.9654 0.8499 0.9102 0.8499 0.9125 0.8538 0.9125 0.8538 0.9125 0.8538 0.9102 0.8499 0.9102 0.8499 0.9102 0.8452 0.9102 0.8452 0.9125 0.8452 0.9125 0.8499 0.9125 0.8499 0.9102 0.8402 0.9125 0.8452 0.9125 0.8452 0.9102 0.8452 0.9102 0.8402 0.9102 0.8402 0.9125 0.8402 0.9125 0.8402 0.9102 0.8356 0.9102 0.8356 0.9102 0.8356 0.9125 0.8402 0.9125 0.8317 0.9102 0.8317 0.9125 0.8356 0.9125 0.8356 0.9125 0.8356 0.9102 0.8317 0.9102 0.7939 0.5547 0.7982 0.5569 0.7939 0.5569 0.7982 0.5569 0.7939 0.5547 0.7982 0.5547 0.789 0.5547 0.7939 0.5569 0.789 0.5569 0.7939 0.5569 0.789 0.5547 0.7939 0.5547 0.789 0.5547 0.7841 0.5569 0.7841 0.5547 0.7841 0.5569 0.789 0.5547 0.789 0.5569 0.7841 0.5569 0.7797 0.5547 0.7841 0.5547 0.7797 0.5547 0.7841 0.5569 0.7797 0.5569 0.9491 0.5026 0.953 0.5026 0.953 0.5003 0.953 0.5003 0.9491 0.5003 0.9491 0.5026 0.9444 0.5003 0.9444 0.5026 0.9491 0.5026 0.9491 0.5026 0.9491 0.5003 0.9444 0.5003 0.9395 0.5003 0.9395 0.5026 0.9444 0.5026 0.9444 0.5026 0.9444 0.5003 0.9395 0.5003 0.9348 0.5026 0.9395 0.5026 0.9395 0.5003 0.9395 0.5003 0.9348 0.5003 0.9348 0.5026 0.9309 0.5003 0.9309 0.5026 0.9348 0.5026 0.9348 0.5026 0.9348 0.5003 0.9309 0.5003 0.9141 0.9631 0.9141 0.9654 0.9185 0.9654 0.9185 0.9654 0.9185 0.9631 0.9141 0.9631 0.9234 0.9654 0.9234 0.9631 0.9185 0.9631 0.9185 0.9631 0.9185 0.9654 0.9234 0.9654 0.5901 0.6408 0.5951 0.6374 0.5943 0.6423 0.5951 0.6374 0.5901 0.6408 0.5907 0.6374 0.5884 0.6439 0.5943 0.6423 0.5918 0.6467 0.5943 0.6423 0.5884 0.6439 0.5901 0.6408 0.5858 0.6461001 0.5918 0.6467 0.5879 0.6499 0.5918 0.6467 0.5858 0.6461001 0.5884 0.6439 0.5833 0.6516 0.5858 0.6461001 0.5879 0.6499 0.5858 0.6461001 0.5833 0.6516 0.5825 0.6473 0.5825 0.6473 0.5783 0.6516 0.579 0.6473 0.5783 0.6516 0.5825 0.6473 0.5833 0.6516 0.5736 0.6499 0.579 0.6473 0.5783 0.6516 0.579 0.6473 0.5736 0.6499 0.5758 0.6461001 0.5697 0.6467 0.5758 0.6461001 0.5736 0.6499 0.5758 0.6461001 0.5697 0.6467 0.5731 0.6439 0.5697 0.6467 0.5714 0.6408 0.5731 0.6439 0.5714 0.6408 0.5697 0.6467 0.5672 0.6423 0.5664 0.6374 0.5714 0.6408 0.5672 0.6423 0.5714 0.6408 0.5664 0.6374 0.5708 0.6374 0.5672 0.6325 0.5708 0.6374 0.5664 0.6374 0.5708 0.6374 0.5672 0.6325 0.5714 0.634 0.5672 0.6325 0.5731 0.6310001 0.5714 0.634 0.5731 0.6310001 0.5672 0.6325 0.5697 0.6282 0.5697 0.6282 0.5758 0.6288 0.5731 0.6310001 0.5758 0.6288 0.5697 0.6282 0.5736 0.625 0.5783 0.6233 0.5758 0.6288 0.5736 0.625 0.5758 0.6288 0.5783 0.6233 0.579 0.6276 0.5825 0.6276 0.5783 0.6233 0.5833 0.6233 0.5783 0.6233 0.5825 0.6276 0.579 0.6276 0.5858 0.6288 0.5833 0.6233 0.5879 0.625 0.5833 0.6233 0.5858 0.6288 0.5825 0.6276 0.5858 0.6288 0.5918 0.6282 0.5884 0.6310001 0.5918 0.6282 0.5858 0.6288 0.5879 0.625 0.5901 0.634 0.5918 0.6282 0.5943 0.6325 0.5918 0.6282 0.5901 0.634 0.5884 0.6310001 0.5943 0.6325 0.5907 0.6374 0.5901 0.634 0.5907 0.6374 0.5943 0.6325 0.5951 0.6374 0.7333 0.5432 0.7319 0.5432 0.7319 0.5466 0.7319 0.5466 0.7333 0.5466 0.7333 0.5432 0.7319 0.5432 0.7333 0.5432 0.7333 0.5402 0.7333 0.5402 0.7319 0.5402 0.7319 0.5432 0.6126 0.1126999 0.6126 0.1140999 0.6152 0.1140999 0.6152 0.1140999 0.6152 0.1126999 0.6126 0.1126999 0.6126 0.1126999 0.6093 0.1126999 0.6093 0.1140999 0.6093 0.1140999 0.6126 0.1140999 0.6126 0.1126999 0.6058 0.1126999 0.6058 0.1140999 0.6093 0.1140999 0.6093 0.1140999 0.6093 0.1126999 0.6058 0.1126999 0.6058 0.1140999 0.6058 0.1126999 0.6026 0.1126999 0.6026 0.1126999 0.6026 0.1140999 0.6058 0.1140999 0.5999 0.1140999 0.6026 0.1140999 0.6026 0.1126999 0.6026 0.1126999 0.5999 0.1126999 0.5999 0.1140999 0.8981 0.9559 0.8967 0.9589 0.8967 0.9559 0.8967 0.9589 0.8981 0.9559 0.8981 0.9589 0.8981 0.9623 0.8967 0.9589 0.8981 0.9589 0.8967 0.9589 0.8981 0.9623 0.8967 0.9623 0.8981 0.9657 0.8967 0.9623 0.8981 0.9623 0.8967 0.9623 0.8981 0.9657 0.8967 0.9657 0.8981 0.9657 0.8967 0.9687 0.8967 0.9657 0.8967 0.9687 0.8981 0.9657 0.8981 0.9687 0.6333 0.1134999 0.6333 0.1121 0.6307 0.1121 0.6307 0.1121 0.6307 0.1134999 0.6333 0.1134999 0.6307 0.1134999 0.6307 0.1121 0.6274 0.1121 0.6274 0.1121 0.6274 0.1134999 0.6307 0.1134999 0.6239 0.1121 0.6239 0.1134999 0.6274 0.1134999 0.6274 0.1134999 0.6274 0.1121 0.6239 0.1121 0.6207 0.1134999 0.6239 0.1134999 0.6239 0.1121 0.6239 0.1121 0.6207 0.1121 0.6207 0.1134999 0.6207 0.1121 0.618 0.1121 0.618 0.1134999 0.618 0.1134999 0.6207 0.1134999 0.6207 0.1121 0.7319 0.5501 0.7319 0.5531 0.7333 0.5531 0.7333 0.5531 0.7333 0.5501 0.7319 0.5501 0.7333 0.5466 0.7319 0.5466 0.7319 0.5501 0.7319 0.5501 0.7333 0.5501 0.7333 0.5466 0.731 0.543 0.7233 0.5462 0.7233 0.543 0.7233 0.5462 0.731 0.543 0.731 0.5461 0.7233 0.5402 0.731 0.543 0.7233 0.543 0.731 0.543 0.7233 0.5402 0.731 0.5402 0.6295 0.8685 0.627 0.8608 0.6295 0.8608 0.627 0.8608 0.6295 0.8685 0.627 0.8685 0.6325 0.8685 0.6295 0.8608 0.6325 0.8608 0.6295 0.8608 0.6325 0.8685 0.6295 0.8685 0.6325 0.8685 0.6357 0.8608 0.6357 0.8685 0.6357 0.8608 0.6325 0.8685 0.6325 0.8608 0.6357 0.8685 0.6387 0.8608 0.6387 0.8685 0.6387 0.8608 0.6357 0.8685 0.6357 0.8608 0.6412 0.8608 0.6387 0.8685 0.6387 0.8608 0.6387 0.8685 0.6412 0.8608 0.6412 0.8685 0.8886 0.9587 0.8963 0.9559 0.8963 0.9587 0.8963 0.9559 0.8886 0.9587 0.8886 0.9559 0.8886 0.9587 0.8963 0.9618 0.8886 0.9618 0.8963 0.9618 0.8886 0.9587 0.8963 0.9587 0.8963 0.965 0.8886 0.9618 0.8963 0.9618 0.8886 0.9618 0.8963 0.965 0.8886 0.965 0.8886 0.965 0.8963 0.9678 0.8886 0.9678 0.8963 0.9678 0.8886 0.965 0.8963 0.965 0.6264 0.7175 0.6239 0.7252 0.6239 0.7175 0.6239 0.7252 0.6264 0.7175 0.6264 0.7252 0.6294 0.7175 0.6264 0.7252 0.6264 0.7175 0.6264 0.7252 0.6294 0.7175 0.6294 0.7252 0.6294 0.7252 0.6326 0.7175 0.6326 0.7252 0.6326 0.7175 0.6294 0.7252 0.6294 0.7175 0.6356 0.7175 0.6326 0.7252 0.6326 0.7175 0.6326 0.7252 0.6356 0.7175 0.6356 0.7252 0.6356 0.7252 0.638 0.7175 0.638 0.7252 0.638 0.7175 0.6356 0.7252 0.6356 0.7175 0.7233 0.5493 0.731 0.5521 0.7233 0.5521 0.731 0.5521 0.7233 0.5493 0.731 0.5493 0.731 0.5461 0.7233 0.5493 0.7233 0.5462 0.7233 0.5493 0.731 0.5461 0.731 0.5493 0.6106 0.1377999 0.6093 0.1363 0.6101 0.1369 0.6093 0.1363 0.6106 0.1377999 0.6093 0.1412 0.6093 0.1363 0.6074 0.1359999 0.6084 0.1359999 0.6074 0.1359999 0.6093 0.1363 0.6057 0.1369 0.6074 0.1359999 0.6057 0.1369 0.6065 0.1363 0.6057 0.1369 0.6051 0.1388 0.6052 0.1377999 0.6051 0.1388 0.6057 0.1369 0.6057 0.1406 0.6051 0.1388 0.6057 0.1406 0.6052 0.1396999 0.6057 0.1406 0.6093 0.1363 0.6093 0.1412 0.6093 0.1363 0.6057 0.1406 0.6057 0.1369 0.6074 0.1414999 0.6057 0.1406 0.6093 0.1412 0.6057 0.1406 0.6074 0.1414999 0.6065 0.1412 0.6074 0.1414999 0.6093 0.1412 0.6084 0.1414999 0.6106 0.1377999 0.6101 0.1406 0.6093 0.1412 0.6101 0.1406 0.6106 0.1377999 0.6106 0.1396999 0.6107 0.1388 0.6106 0.1396999 0.6106 0.1377999 0.727 0.5525 0.729 0.5539 0.727 0.5539 0.729 0.5539 0.727 0.5525 0.729 0.5525 0.6266 0.8645 0.624 0.8665 0.624 0.8645 0.624 0.8665 0.6266 0.8645 0.6266 0.8665 0.729 0.5539 0.7307 0.5525 0.7307 0.5539 0.7307 0.5525 0.729 0.5539 0.729 0.5525 0.6266 0.8682 0.624 0.8665 0.6266 0.8665 0.624 0.8665 0.6266 0.8682 0.624 0.8682 0.8778 0.9677 0.8763 0.9691 0.8763 0.9677 0.8763 0.9691 0.8778 0.9677 0.8778 0.9691 0.7733 0.7399 0.7749 0.7373 0.7749 0.7399 0.7749 0.7373 0.7733 0.7399 0.7733 0.7373 0.8778 0.9677 0.8797 0.9691 0.8778 0.9691 0.8797 0.9691 0.8778 0.9677 0.8797 0.9677 0.7767 0.7373 0.7749 0.7399 0.7749 0.7373 0.7749 0.7399 0.7767 0.7373 0.7767 0.7399 0.8797 0.9677 0.8817 0.9691 0.8797 0.9691 0.8817 0.9691 0.8797 0.9677 0.8817 0.9677 0.7767 0.7373 0.7787 0.7399 0.7767 0.7399 0.7787 0.7399 0.7767 0.7373 0.7787 0.7373 0.8817 0.9677 0.8835 0.9691 0.8817 0.9691 0.8835 0.9691 0.8817 0.9677 0.8835 0.9677 0.7806 0.7373 0.7787 0.7399 0.7787 0.7373 0.7787 0.7399 0.7806 0.7373 0.7806 0.7399 0.8851 0.9677 0.8835 0.9691 0.8835 0.9677 0.8835 0.9691 0.8851 0.9677 0.8851 0.9691 0.7822 0.7373 0.7806 0.7399 0.7806 0.7373 0.7806 0.7399 0.7822 0.7373 0.7822 0.7399 0.7177 0.7178 0.7195 0.7178 0.7195 0.7164 0.7195 0.7164 0.7177 0.7164 0.7177 0.7178 0.6505 0.6325 0.6488 0.6325 0.6488 0.6352 0.6488 0.6352 0.6505 0.6352 0.6505 0.6325 0.7158 0.7178 0.7177 0.7178 0.7177 0.7164 0.7177 0.7164 0.7158 0.7164 0.7158 0.7178 0.6488 0.6325 0.6468 0.6325 0.6468 0.6352 0.6468 0.6352 0.6488 0.6352 0.6488 0.6325 0.7138 0.7178 0.7158 0.7178 0.7158 0.7164 0.7158 0.7164 0.7138 0.7164 0.7138 0.7178 0.6468 0.6325 0.6449 0.6325 0.6449 0.6352 0.6449 0.6352 0.6468 0.6352 0.6468 0.6325 0.7138 0.7164 0.7121 0.7164 0.7121 0.7178 0.7121 0.7178 0.7138 0.7178 0.7138 0.7164 0.6431 0.6352 0.6449 0.6352 0.6449 0.6325 0.6449 0.6325 0.6431 0.6325 0.6431 0.6352 0.632 0.8782 0.6304 0.8796 0.6304 0.8782 0.6304 0.8796 0.632 0.8782 0.632 0.8796 0.618 0.09689998 0.6196 0.09960001 0.618 0.09960001 0.6196 0.09960001 0.618 0.09689998 0.6196 0.09689998 0.6338 0.8796 0.632 0.8782 0.6338 0.8782 0.632 0.8782 0.6338 0.8796 0.632 0.8796 0.6196 0.09960001 0.6214 0.09689998 0.6214 0.09960001 0.6214 0.09689998 0.6196 0.09960001 0.6196 0.09689998 0.6338 0.8782 0.6358 0.8796 0.6338 0.8796 0.6358 0.8796 0.6338 0.8782 0.6358 0.8782 0.6234 0.09689998 0.6214 0.09960001 0.6214 0.09689998 0.6214 0.09960001 0.6234 0.09689998 0.6234 0.09960001 0.6358 0.8796 0.6377 0.8782 0.6377 0.8796 0.6377 0.8782 0.6358 0.8796 0.6358 0.8782 0.6253 0.09689998 0.6234 0.09960001 0.6234 0.09689998 0.6234 0.09960001 0.6253 0.09689998 0.6253 0.09960001 0.6392 0.8782 0.6377 0.8796 0.6377 0.8782 0.6377 0.8796 0.6392 0.8782 0.6392 0.8796 0.6268 0.09689998 0.6253 0.09960001 0.6253 0.09689998 0.6253 0.09960001 0.6268 0.09689998 0.6268 0.09960001 0.7251 0.5525 0.7233 0.5539 0.7233 0.5525 0.7233 0.5539 0.7251 0.5525 0.7251 0.5539 0.6266 0.8608 0.624 0.8626 0.624 0.8608 0.624 0.8626 0.6266 0.8608 0.6266 0.8626 0.727 0.5525 0.7251 0.5539 0.7251 0.5525 0.7251 0.5539 0.727 0.5525 0.727 0.5539 0.624 0.8626 0.6266 0.8645 0.624 0.8645 0.6266 0.8645 0.624 0.8626 0.6266 0.8626 0.7578 0.7296 0.7598 0.7277 0.7594 0.7302 0.7598 0.7277 0.7578 0.7296 0.7581 0.7277 0.7578 0.7257 0.7598 0.7277 0.7581 0.7277 0.7598 0.7277 0.7578 0.7257 0.7594 0.7251001 0.7578 0.7257 0.7581 0.7229 0.7594 0.7251001 0.7581 0.7229 0.7578 0.7257 0.7568 0.724 0.7581 0.7229 0.7552 0.7227 0.7561 0.7212 0.7552 0.7227 0.7581 0.7229 0.7568 0.724 0.7537 0.7203 0.7552 0.7227 0.7534 0.722 0.7552 0.7227 0.7537 0.7203 0.7561 0.7212 0.7537 0.7203 0.7514 0.722 0.7511 0.7203 0.7514 0.722 0.7537 0.7203 0.7534 0.722 0.7514 0.722 0.7486 0.7212 0.7511 0.7203 0.7486 0.7212 0.7514 0.722 0.7495 0.7227 0.7495 0.7227 0.7466 0.7229 0.7486 0.7212 0.7466 0.7229 0.7495 0.7227 0.7479 0.724 0.7469 0.7257 0.7466 0.7229 0.7479 0.724 0.7466 0.7229 0.7469 0.7257 0.7453 0.7251001 0.7453 0.7251001 0.7466 0.7277 0.7449 0.7277 0.7466 0.7277 0.7453 0.7251001 0.7469 0.7257 0.7466 0.7277 0.7453 0.7302 0.7449 0.7277 0.7453 0.7302 0.7466 0.7277 0.7469 0.7296 0.7469 0.7296 0.7466 0.7325 0.7453 0.7302 0.7466 0.7325 0.7469 0.7296 0.7479 0.7314 0.7495 0.7327 0.7466 0.7325 0.7479 0.7314 0.7466 0.7325 0.7495 0.7327 0.7486 0.7342 0.7511 0.7351 0.7495 0.7327 0.7514 0.7334 0.7495 0.7327 0.7511 0.7351 0.7486 0.7342 0.7534 0.7334 0.7511 0.7351 0.7514 0.7334 0.7511 0.7351 0.7534 0.7334 0.7537 0.7351 0.7534 0.7334 0.7561 0.7342 0.7537 0.7351 0.7561 0.7342 0.7534 0.7334 0.7552 0.7327 0.7552 0.7327 0.7581 0.7325 0.7561 0.7342 0.7581 0.7325 0.7552 0.7327 0.7568 0.7314 0.7578 0.7296 0.7581 0.7325 0.7568 0.7314 0.7581 0.7325 0.7578 0.7296 0.7594 0.7302 0.7605 0.7306 0.7598 0.7277 0.761 0.7277 0.7598 0.7277 0.7605 0.7306 0.7594 0.7302 0.7594 0.7251001 0.761 0.7277 0.7598 0.7277 0.761 0.7277 0.7594 0.7251001 0.7605 0.7247 0.7605 0.7247 0.7581 0.7229 0.759 0.7221 0.7581 0.7229 0.7605 0.7247 0.7594 0.7251001 0.7561 0.7212 0.759 0.7221 0.7581 0.7229 0.759 0.7221 0.7561 0.7212 0.7567 0.7202 0.7561 0.7212 0.7539 0.7192 0.7567 0.7202 0.7539 0.7192 0.7561 0.7212 0.7537 0.7203 0.7539 0.7192 0.7511 0.7203 0.7509 0.7192 0.7511 0.7203 0.7539 0.7192 0.7537 0.7203 0.7511 0.7203 0.748 0.7202 0.7509 0.7192 0.748 0.7202 0.7511 0.7203 0.7486 0.7212 0.748 0.7202 0.7466 0.7229 0.7457 0.7221 0.7466 0.7229 0.748 0.7202 0.7486 0.7212 0.7453 0.7251001 0.7457 0.7221 0.7466 0.7229 0.7457 0.7221 0.7453 0.7251001 0.7442 0.7247 0.7453 0.7251001 0.7437 0.7277 0.7442 0.7247 0.7437 0.7277 0.7453 0.7251001 0.7449 0.7277 0.7449 0.7277 0.7442 0.7306 0.7437 0.7277 0.7442 0.7306 0.7449 0.7277 0.7453 0.7302 0.7466 0.7325 0.7442 0.7306 0.7453 0.7302 0.7442 0.7306 0.7466 0.7325 0.7457 0.7332 0.7466 0.7325 0.748 0.7352 0.7457 0.7332 0.748 0.7352 0.7466 0.7325 0.7486 0.7342 0.7511 0.7351 0.748 0.7352 0.7486 0.7342 0.748 0.7352 0.7511 0.7351 0.7509 0.7362 0.7511 0.7351 0.7539 0.7362 0.7509 0.7362 0.7539 0.7362 0.7511 0.7351 0.7537 0.7351 0.7537 0.7351 0.7567 0.7352 0.7539 0.7362 0.7567 0.7352 0.7537 0.7351 0.7561 0.7342 0.7561 0.7342 0.759 0.7332 0.7567 0.7352 0.759 0.7332 0.7561 0.7342 0.7581 0.7325 0.7581 0.7325 0.7605 0.7306 0.759 0.7332 0.7605 0.7306 0.7581 0.7325 0.7594 0.7302 0.7117 0.5439 0.7143 0.5459 0.7114 0.5459 0.7143 0.5459 0.7117 0.5439 0.7145 0.5449 0.7127 0.5422 0.7145 0.5449 0.7117 0.5439 0.7145 0.5449 0.7127 0.5422 0.715 0.5441 0.7127 0.5422 0.7157 0.5434 0.715 0.5441 0.7157 0.5434 0.7127 0.5422 0.7143 0.5409 0.7143 0.5409 0.7167 0.5431 0.7157 0.5434 0.7167 0.5431 0.7143 0.5409 0.7161 0.5402 0.7161 0.5402 0.7176 0.5431 0.7167 0.5431 0.7176 0.5431 0.7161 0.5402 0.7181 0.5402 0.7181 0.5402 0.7186 0.5434 0.7176 0.5431 0.7186 0.5434 0.7181 0.5402 0.72 0.5409 0.72 0.5409 0.7193 0.5441 0.7186 0.5434 0.7193 0.5441 0.72 0.5409 0.7216 0.5422 0.7216 0.5422 0.7198 0.5449 0.7193 0.5441 0.7198 0.5449 0.7216 0.5422 0.7226 0.5439 0.7229 0.5459 0.7198 0.5449 0.7226 0.5439 0.7198 0.5449 0.7229 0.5459 0.72 0.5459 0.72 0.5459 0.7226 0.5479 0.7198 0.5469 0.7226 0.5479 0.72 0.5459 0.7229 0.5459 0.7226 0.5479 0.7193 0.5477 0.7198 0.5469 0.7193 0.5477 0.7226 0.5479 0.7216 0.5496 0.7216 0.5496 0.7186 0.5484001 0.7193 0.5477 0.7186 0.5484001 0.7216 0.5496 0.72 0.5509 0.7186 0.5484001 0.7181 0.5516 0.7176 0.5487 0.7181 0.5516 0.7186 0.5484001 0.72 0.5509 0.7181 0.5516 0.7167 0.5487 0.7176 0.5487 0.7167 0.5487 0.7181 0.5516 0.7161 0.5516 0.7143 0.5509 0.7167 0.5487 0.7161 0.5516 0.7167 0.5487 0.7143 0.5509 0.7157 0.5484001 0.7143 0.5509 0.715 0.5477 0.7157 0.5484001 0.715 0.5477 0.7143 0.5509 0.7127 0.5496 0.7117 0.5479 0.715 0.5477 0.7127 0.5496 0.715 0.5477 0.7117 0.5479 0.7145 0.5469 0.7117 0.5479 0.7143 0.5459 0.7145 0.5469 0.7143 0.5459 0.7117 0.5479 0.7114 0.5459 0.822 0.8951 0.822 0.8922 0.821 0.8922 0.821 0.8922 0.821 0.8951 0.822 0.8951 0.8229 0.8951 0.8229 0.8922 0.822 0.8922 0.822 0.8922 0.822 0.8951 0.8229 0.8951 0.5815 0.5434 0.5815 0.5463 0.5823 0.5463 0.5823 0.5463 0.5823 0.5434 0.5815 0.5434 0.5815 0.5434 0.5806 0.5434 0.5806 0.5463 0.5806 0.5463 0.5815 0.5463 0.5815 0.5434 0.5806 0.5463 0.5806 0.5434 0.5796 0.5434 0.5796 0.5434 0.5796 0.5463 0.5806 0.5463 0.5787 0.5434 0.5787 0.5463 0.5796 0.5463 0.5796 0.5463 0.5796 0.5434 0.5787 0.5434 0.5787 0.5434 0.5779 0.5434 0.5779 0.5463 0.5779 0.5463 0.5787 0.5463 0.5787 0.5434 0.6448 0.6509 0.6439 0.6538 0.6439 0.6509 0.6439 0.6538 0.6448 0.6509 0.6448 0.6538 0.6439 0.6538 0.6429 0.6509 0.6439 0.6509 0.6429 0.6509 0.6439 0.6538 0.6429 0.6538 0.642 0.6538 0.6429 0.6509 0.6429 0.6538 0.6429 0.6509 0.642 0.6538 0.642 0.6509 0.6411 0.6538 0.642 0.6509 0.642 0.6538 0.642 0.6509 0.6411 0.6538 0.6411 0.6509 0.6347 0.8591 0.6319 0.8591 0.6319 0.8598 0.6319 0.8598 0.6347 0.8598 0.6347 0.8591 0.6319 0.8581 0.6319 0.8591 0.6347 0.8591 0.6347 0.8591 0.6347 0.8581 0.6319 0.8581 0.6319 0.8571 0.6319 0.8581 0.6347 0.8581 0.6347 0.8581 0.6347 0.8571 0.6319 0.8571 0.6347 0.8562 0.6319 0.8562 0.6319 0.8571 0.6319 0.8571 0.6347 0.8571 0.6347 0.8562 0.6319 0.8555 0.6319 0.8562 0.6347 0.8562 0.6347 0.8562 0.6347 0.8555 0.6319 0.8555 0.8201 0.8951 0.8201 0.8922 0.8192 0.8922 0.8192 0.8922 0.8192 0.8951 0.8201 0.8951 0.8201 0.8922 0.8201 0.8951 0.821 0.8951 0.821 0.8951 0.821 0.8922 0.8201 0.8922 0.7314 0.5461 0.731 0.543 0.7314 0.543 0.731 0.543 0.7314 0.5461 0.731 0.5461 0.7314 0.5461 0.731 0.5493 0.731 0.5461 0.731 0.5493 0.7314 0.5461 0.7314 0.5493 0.731 0.5521 0.7314 0.5493 0.7314 0.552 0.7314 0.5493 0.731 0.5521 0.731 0.5493 0.6355 0.7256 0.638 0.7252 0.6379 0.7256 0.638 0.7252 0.6355 0.7256 0.6356 0.7252 0.6326 0.7256 0.6356 0.7252 0.6355 0.7256 0.6356 0.7252 0.6326 0.7256 0.6326 0.7252 0.6294 0.7252 0.6326 0.7256 0.6294 0.7256 0.6326 0.7256 0.6294 0.7252 0.6326 0.7252 0.6294 0.7252 0.6264 0.7256 0.6264 0.7252 0.6264 0.7256 0.6294 0.7252 0.6294 0.7256 0.6264 0.7256 0.6239 0.7252 0.6264 0.7252 0.6239 0.7252 0.6264 0.7256 0.624 0.7256 0.8886 0.965 0.8882 0.9649 0.8882 0.9677 0.8882 0.9677 0.8886 0.9678 0.8886 0.965 0.8886 0.9618 0.8882 0.9618 0.8882 0.9649 0.8882 0.9649 0.8886 0.965 0.8886 0.9618 0.8882 0.9587 0.8882 0.9618 0.8886 0.9618 0.8886 0.9618 0.8886 0.9587 0.8882 0.9587 0.8882 0.956 0.8882 0.9587 0.8886 0.9587 0.8886 0.9587 0.8886 0.9559 0.8882 0.956 0.6387 0.8685 0.6411 0.8689 0.6386 0.8689 0.6411 0.8689 0.6387 0.8685 0.6412 0.8685 0.6387 0.8685 0.6357 0.8689 0.6357 0.8685 0.6357 0.8689 0.6387 0.8685 0.6386 0.8689 0.6325 0.8685 0.6357 0.8689 0.6325 0.8689 0.6357 0.8689 0.6325 0.8685 0.6357 0.8685 0.6296 0.8689 0.6325 0.8685 0.6325 0.8689 0.6325 0.8685 0.6296 0.8689 0.6295 0.8685 0.627 0.8685 0.6296 0.8689 0.6272 0.8689 0.6296 0.8689 0.627 0.8685 0.6295 0.8685 0.731 0.543 0.7314 0.5403 0.7314 0.543 0.7314 0.5403 0.731 0.543 0.731 0.5402 0.761 0.7277 0.7609 0.7308 0.7605 0.7306 0.7609 0.7308 0.761 0.7277 0.7614 0.7277 0.7609 0.7246 0.761 0.7277 0.7605 0.7247 0.761 0.7277 0.7609 0.7246 0.7614 0.7277 0.7609 0.7246 0.759 0.7221 0.7593 0.7218 0.759 0.7221 0.7609 0.7246 0.7605 0.7247 0.7593 0.7218 0.7567 0.7202 0.7569 0.7198 0.7567 0.7202 0.7593 0.7218 0.759 0.7221 0.7539 0.7187 0.7567 0.7202 0.7539 0.7192 0.7567 0.7202 0.7539 0.7187 0.7569 0.7198 0.7539 0.7187 0.7509 0.7192 0.7508 0.7187 0.7509 0.7192 0.7539 0.7187 0.7539 0.7192 0.7478 0.7198 0.7509 0.7192 0.748 0.7202 0.7509 0.7192 0.7478 0.7198 0.7508 0.7187 0.7457 0.7221 0.7478 0.7198 0.748 0.7202 0.7478 0.7198 0.7457 0.7221 0.7454 0.7218 0.7438 0.7246 0.7457 0.7221 0.7442 0.7247 0.7457 0.7221 0.7438 0.7246 0.7454 0.7218 0.7433 0.7277 0.7442 0.7247 0.7437 0.7277 0.7442 0.7247 0.7433 0.7277 0.7438 0.7246 0.7433 0.7277 0.7442 0.7306 0.7438 0.7308 0.7442 0.7306 0.7433 0.7277 0.7437 0.7277 0.7438 0.7308 0.7457 0.7332 0.7454 0.7335 0.7457 0.7332 0.7438 0.7308 0.7442 0.7306 0.7478 0.7355 0.7457 0.7332 0.748 0.7352 0.7457 0.7332 0.7478 0.7355 0.7454 0.7335 0.7478 0.7355 0.7509 0.7362 0.7508 0.7366001 0.7509 0.7362 0.7478 0.7355 0.748 0.7352 0.7539 0.7366001 0.7509 0.7362 0.7539 0.7362 0.7509 0.7362 0.7539 0.7366001 0.7508 0.7366001 0.7539 0.7366001 0.7567 0.7352 0.7569 0.7355 0.7567 0.7352 0.7539 0.7366001 0.7539 0.7362 0.7593 0.7335 0.7567 0.7352 0.759 0.7332 0.7567 0.7352 0.7593 0.7335 0.7569 0.7355 0.7609 0.7308 0.759 0.7332 0.7605 0.7306 0.759 0.7332 0.7609 0.7308 0.7593 0.7335 0.4325 0.1599 5e-4 0.1491 0.4325 0.1491 9e-4 0.2249 0.4325454 0.226794 0.4325516 0.2273995 0.4325 0.215575 5e-4 0.2132999 0.4325 0.2132999 0.144467 0.06342488 0.1445 0.06379997 0.5765 0.06379997 0.144518 0.06334954 0.5764 0.06330001 0.1445289 0.06322491 0.432506 0.04039818 0.001099944 0.03500002 0.432506 0.03537482 0.1444739 0.1330993 0.5708 0.1334 0.1445448 0.1334 0.1445 0.06979995 0.5765 0.07179999 0.1445 0.07179999 0.432557 0.08053243 5e-4 0.07309997 0.4325 0.07309997 0.1445 0.201125 0.5765 0.212 0.1445 0.212 0.1445 0.343025 0.5765 0.3446 0.1445 0.3446 0.144519 0.09822779 0.576 0.1067 0.144519 0.1063251 0.432506 0.03537482 0.432563 0.03500002 0.001099944 0.03500002 0.1445342 0.1310065 0.5708 0.1334 0.144485 0.1323509 0.6064631 0.0104742 0.175 0.0101 0.606463 0.0101 0.6064631 0.01402574 0.175 0.01289999 0.606463 0.01289999 0.1445 0.12585 0.5708 0.1334 0.1445151 0.1290646 0.144519 0.1063251 0.576 0.1067 0.1445369 0.1067 0.4325 0.262725 5e-4 0.2457 0.4325 0.2457 0.003699958 0.2278 0.4325357 0.2278354 0.4325321 0.2281025 0.6051551 0.0326367 0.1789 0.0309 0.6051551 0.0309 6e-4 0.08279997 0.4325571 0.08285045 0.432546 0.08295011 0.1445 0.336825 0.5765 0.3425 0.1445 0.3425 0.3185999 0.02347499 0.7506 0.0252 0.3185999 0.0252 0.4325321 0.2281025 0.4325551 0.2282 0.006299972 0.2282 0.4325516 0.2273995 0.4325357 0.2278354 0.001899957 0.2267 0.6051551 0.0326367 0.6051551 0.03320002 0.1789 0.03320002 0.1445 0.343025 0.1445 0.3425 0.5765 0.3425 0.4325 0.1599 0.4325 0.1635 5e-4 0.1635 0.3185999 0.02347499 0.3185999 0.02289998 0.7506 0.02289998 0.4325 0.262725 0.4325 0.2684 5e-4 0.2684 0.1445 0.201125 0.1445 0.1974999 0.5765 0.1974999 0.6064631 0.01402574 0.606463 0.0144 0.175 0.0144 0.576 0.1067 0.144519 0.09822779 0.1445 0.09539997 0.432546 0.08295011 0.432563 0.083 0.001099944 0.083 0.432557 0.08053243 0.4325571 0.08285045 5e-4 0.08240002 0.576 0.06319999 0.1445369 0.06319999 0.1445289 0.06322491 0.001099944 0.03500002 0.432506 0.04039818 0.4325 0.04220002 9e-4 0.2249 5e-4 0.2224 0.4325454 0.226794 0.4325 0.215575 5e-4 0.2224 5e-4 0.2132999 0.144518 0.06334954 0.5765 0.06379997 0.5764 0.06330001 0.1445 0.06979995 0.5765 0.06379997 0.5765 0.07179999 0.6064631 0.0104742 0.175 0.01160001 0.175 0.0101 0.1445 0.12585 0.5765 0.1205999 0.5708 0.1334 0.003699958 0.2278 0.001899957 0.2267 0.4325357 0.2278354 6e-4 0.08279997 5e-4 0.08240002 0.4325571 0.08285045 0.1445 0.336825 0.5765 0.3198 0.5765 0.3425</float_array>
          <technique_common>
            <accessor source="#Conveyor01Frame02_Conveyor_0_377-mesh-map-0-array" count="13122" stride="2">
              <param name="S" type="float"/>
              <param name="T" type="float"/>
            </accessor>
          </technique_common>
        </source>
        <vertices id="Conveyor01Frame02_Conveyor_0_377-mesh-vertices">
          <input semantic="POSITION" source="#Conveyor01Frame02_Conveyor_0_377-mesh-positions"/>
        </vertices>
        <lines count="1">
          <input semantic="VERTEX" source="#Conveyor01Frame02_Conveyor_0_377-mesh-vertices" offset="0"/>
          <p>5377 5385</p>
        </lines>
        <triangles material="Material_002-material" count="4374">
          <input semantic="VERTEX" source="#Conveyor01Frame02_Conveyor_0_377-mesh-vertices" offset="0"/>
          <input semantic="NORMAL" source="#Conveyor01Frame02_Conveyor_0_377-mesh-normals" offset="1"/>
          <input semantic="TEXCOORD" source="#Conveyor01Frame02_Conveyor_0_377-mesh-map-0" offset="2" set="0"/>
          <p>0 0 0 2 0 1 1 0 2 2 1 3 0 1 4 3 1 5 4 2 6 5 2 7 3 2 8 3 3 9 4 3 10 6 3 11 3 4 12 7 4 13 2 4 14 7 0 15 3 0 16 6 0 17 3 0 18 9 0 19 8 0 20 9 0 21 3 0 22 0 0 23 9 5 24 11 5 25 10 5 26 11 0 27 9 0 28 0 0 29 12 6 30 14 7 31 13 8 32 14 7 33 12 6 34 15 9 35 16 10 36 18 10 37 17 10 38 18 10 39 16 10 40 19 10 41 20 11 42 17 11 43 18 11 44 17 10 45 20 10 46 21 10 47 17 10 48 23 10 49 22 10 50 23 12 51 17 12 52 21 12 53 21 13 54 24 13 55 23 13 56 24 10 57 21 10 58 25 10 59 26 2 60 21 2 61 27 2 62 21 14 63 26 14 64 25 14 65 28 10 66 30 10 67 29 10 68 30 10 69 28 10 70 31 10 71 32 15 72 34 15 73 33 15 74 34 15 75 32 15 76 35 15 77 36 15 78 35 15 79 32 15 80 37 16 81 39 16 82 38 16 83 39 16 84 37 16 85 40 16 86 41 17 87 43 17 88 42 17 89 43 17 90 41 17 91 44 17 92 28 10 93 45 10 94 31 10 95 45 10 96 28 10 97 46 10 98 47 18 99 49 18 100 48 18 101 49 18 102 47 18 103 50 18 104 51 0 105 53 0 106 52 0 107 53 0 108 51 0 109 54 0 110 55 15 111 32 15 112 33 15 113 32 15 114 55 15 115 56 15 116 57 19 117 59 20 118 58 21 119 59 20 120 57 19 121 60 22 122 61 23 123 63 24 124 62 25 125 63 24 126 61 23 127 64 26 128 65 27 129 58 21 130 66 28 131 58 21 132 65 27 133 57 19 134 67 29 135 69 30 136 68 31 137 69 30 138 67 29 139 70 32 140 69 30 141 15 9 142 68 31 143 15 9 144 69 30 145 14 7 146 63 24 147 72 33 148 71 34 149 72 33 150 63 24 151 64 26 152 73 35 153 75 36 154 74 37 155 75 36 156 73 35 157 76 38 158 13 8 159 75 36 160 12 6 161 75 36 162 13 8 163 74 37 164 61 23 165 35 15 166 36 15 167 35 15 168 61 23 169 62 25 170 77 17 171 79 17 172 78 17 173 79 17 174 77 17 175 80 17 176 81 18 177 60 22 178 82 18 179 60 22 180 81 18 181 59 20 182 83 18 183 50 18 184 47 18 185 50 18 186 83 18 187 81 18 188 82 18 189 50 18 190 81 18 191 84 39 192 86 40 193 85 41 194 86 40 195 84 39 196 87 42 197 88 43 198 90 44 199 89 45 200 90 44 201 88 43 202 91 46 203 92 47 204 94 47 205 93 47 206 94 10 207 92 10 208 95 10 209 92 10 210 96 10 211 95 10 212 96 10 213 92 10 214 97 10 215 98 10 216 97 10 217 92 10 218 97 10 219 98 10 220 99 10 221 100 48 222 102 48 223 101 48 224 102 0 225 100 0 226 103 0 227 100 0 228 105 0 229 104 0 230 105 0 231 100 0 232 101 0 233 100 49 234 106 49 235 107 49 236 107 10 237 104 10 238 100 10 239 108 15 240 110 50 241 109 51 242 110 50 243 108 15 244 111 15 245 112 52 246 113 52 247 114 52 248 114 16 249 115 16 250 112 16 251 113 53 252 112 53 253 116 53 254 116 16 255 117 16 256 113 16 257 118 17 258 113 17 259 119 17 260 113 17 261 118 17 262 117 17 263 120 54 264 122 18 265 121 55 266 122 18 267 120 54 268 123 18 269 124 56 270 126 56 271 125 56 272 126 16 273 124 16 274 127 16 275 128 57 276 127 57 277 124 57 278 127 16 279 128 16 280 129 16 281 130 16 282 129 16 283 131 16 284 129 58 285 130 58 286 127 58 287 132 59 288 134 60 289 133 61 290 134 60 291 132 59 292 135 62 293 136 63 294 138 64 295 137 65 296 138 64 297 136 63 298 139 66 299 87 42 300 140 67 301 86 40 302 140 67 303 87 42 304 141 68 305 142 69 306 84 39 307 85 41 308 84 70 309 143 70 310 142 70 311 88 43 312 144 71 313 91 46 314 144 71 315 88 43 316 145 72 317 90 44 318 146 73 319 89 45 320 146 73 321 90 44 322 147 74 323 110 50 324 148 75 325 109 51 326 148 75 327 110 50 328 149 76 329 121 55 330 150 77 331 120 54 332 150 77 333 121 55 334 151 78 335 108 15 336 136 63 337 111 15 338 136 63 339 108 15 340 139 66 341 134 60 342 122 18 343 123 18 344 122 18 345 134 60 346 135 62 347 152 79 348 154 80 349 153 81 350 154 80 351 152 79 352 155 82 353 153 81 354 157 83 355 156 84 356 157 83 357 153 81 358 154 80 359 158 85 360 159 86 361 160 87 362 160 87 363 161 88 364 158 85 365 161 88 366 160 87 367 162 89 368 162 89 369 163 90 370 161 88 371 163 90 372 162 89 373 164 91 374 164 91 375 165 92 376 163 90 377 165 92 378 164 91 379 166 93 380 166 93 381 167 94 382 165 92 383 167 94 384 166 93 385 168 95 386 168 95 387 169 96 388 167 94 389 170 97 390 172 98 391 171 99 392 172 98 393 170 97 394 173 100 395 173 100 396 174 101 397 172 98 398 174 101 399 173 100 400 175 102 401 175 102 402 176 103 403 174 101 404 176 103 405 175 102 406 177 104 407 177 104 408 178 105 409 176 103 410 178 105 411 177 104 412 179 106 413 180 107 414 182 108 415 181 109 416 182 108 417 180 107 418 183 110 419 183 110 420 184 111 421 182 108 422 184 111 423 183 110 424 185 112 425 185 112 426 186 113 427 184 111 428 186 113 429 185 112 430 187 114 431 187 114 432 188 115 433 186 113 434 188 115 435 187 114 436 189 116 437 189 116 438 190 117 439 188 115 440 190 117 441 189 116 442 191 118 443 192 119 444 194 120 445 193 121 446 194 120 447 192 119 448 195 122 449 152 79 450 192 119 451 155 82 452 192 119 453 152 79 454 195 122 455 196 16 456 198 16 457 197 16 458 198 16 459 196 16 460 199 16 461 198 16 462 201 16 463 200 16 464 201 16 465 198 16 466 202 16 467 201 123 468 202 123 469 203 123 470 202 124 471 205 124 472 204 124 473 205 16 474 202 16 475 206 16 476 205 125 477 206 125 478 207 125 479 206 126 480 209 126 481 208 126 482 209 16 483 206 16 484 210 16 485 209 16 486 210 16 487 211 16 488 198 16 489 206 16 490 202 16 491 206 16 492 198 16 493 210 16 494 199 16 495 210 16 496 198 16 497 210 16 498 199 16 499 212 16 500 213 16 501 199 16 502 196 16 503 214 16 504 216 16 505 215 16 506 216 127 507 214 127 508 217 127 509 218 16 510 217 16 511 219 16 512 217 128 513 218 128 514 216 128 515 220 16 516 218 16 517 219 16 518 218 129 519 220 129 520 221 129 521 221 130 522 223 130 523 222 130 524 223 131 525 221 131 526 220 131 527 223 16 528 224 16 529 222 16 530 224 16 531 223 16 532 225 16 533 225 16 534 226 16 535 224 16 536 226 132 537 225 132 538 227 132 539 228 133 540 226 133 541 227 133 542 226 16 543 228 16 544 229 16 545 228 134 546 230 134 547 229 134 548 230 135 549 228 135 550 231 135 551 231 136 552 232 136 553 230 136 554 232 137 555 231 137 556 233 137 557 233 16 558 234 16 559 232 16 560 234 138 561 233 138 562 235 138 563 235 16 564 236 16 565 234 16 566 236 16 567 235 16 568 237 16 569 237 16 570 238 16 571 236 16 572 238 16 573 237 16 574 239 16 575 239 16 576 240 16 577 238 16 578 240 139 579 239 139 580 241 139 581 241 16 582 242 16 583 240 16 584 242 16 585 241 16 586 243 16 587 243 140 588 244 140 589 242 140 590 244 141 591 243 141 592 245 141 593 245 16 594 246 16 595 244 16 596 246 16 597 245 16 598 247 16 599 248 142 600 247 142 601 249 142 602 247 16 603 248 16 604 246 16 605 214 143 606 248 143 607 249 143 608 248 16 609 214 16 610 215 16 611 250 144 612 252 144 613 251 144 614 252 145 615 250 145 616 253 145 617 254 146 618 255 147 619 256 148 620 256 148 621 257 149 622 254 146 623 258 150 624 259 151 625 260 152 626 260 152 627 261 153 628 258 150 629 262 154 630 263 154 631 264 154 632 264 155 633 265 155 634 262 155 635 266 15 636 267 15 637 268 15 638 268 15 639 269 15 640 266 15 641 270 156 642 271 156 643 272 156 644 272 157 645 273 157 646 270 157 647 274 158 648 275 159 649 276 160 650 276 160 651 277 161 652 274 158 653 278 162 654 279 163 655 280 164 656 280 164 657 281 165 658 278 162 659 282 166 660 283 166 661 284 166 662 284 167 663 285 167 664 282 167 665 286 168 666 287 168 667 288 168 668 288 169 669 289 169 670 286 169 671 290 170 672 292 171 673 291 172 674 292 171 675 290 170 676 293 173 677 294 174 678 296 175 679 295 176 680 296 175 681 294 174 682 297 177 683 298 154 684 300 154 685 299 154 686 300 154 687 298 154 688 301 154 689 302 15 690 304 15 691 303 15 692 304 15 693 302 15 694 305 15 695 306 178 696 308 178 697 307 178 698 308 157 699 306 157 700 309 157 701 310 179 702 312 180 703 311 181 704 312 180 705 310 179 706 313 182 707 314 183 708 316 184 709 315 185 710 316 184 711 314 183 712 317 186 713 318 187 714 320 187 715 319 187 716 320 188 717 318 188 718 321 188 719 322 189 720 324 190 721 323 191 722 324 190 723 322 189 724 325 192 725 322 189 726 327 193 727 326 194 728 327 193 729 322 189 730 323 191 731 328 195 732 329 196 733 330 197 734 330 197 735 331 198 736 328 195 737 331 198 738 330 197 739 332 199 740 332 199 741 333 200 742 331 198 743 333 200 744 332 199 745 334 201 746 334 201 747 335 202 748 333 200 749 335 202 750 334 201 751 336 203 752 336 203 753 337 204 754 335 202 755 337 204 756 336 203 757 338 205 758 338 205 759 339 206 760 337 204 761 340 207 762 341 208 763 342 209 764 342 209 765 343 210 766 340 207 767 344 211 768 343 210 769 342 209 770 342 209 771 345 212 772 344 211 773 344 211 774 345 212 775 346 213 776 346 213 777 347 214 778 344 211 779 347 214 780 346 213 781 348 215 782 348 215 783 349 216 784 347 214 785 350 217 786 352 218 787 351 219 788 352 218 789 350 217 790 353 220 791 350 217 792 354 221 793 353 220 794 354 221 795 350 217 796 355 222 797 355 222 798 356 223 799 354 221 800 356 223 801 355 222 802 357 224 803 357 224 804 358 225 805 356 223 806 358 225 807 357 224 808 359 226 809 359 226 810 360 227 811 358 225 812 360 227 813 359 226 814 361 228 815 362 229 816 364 230 817 363 231 818 364 230 819 362 229 820 365 232 821 365 232 822 325 192 823 364 230 824 325 192 825 365 232 826 324 190 827 366 16 828 368 16 829 367 16 830 368 16 831 366 16 832 369 16 833 367 16 834 371 16 835 370 16 836 371 16 837 367 16 838 372 16 839 371 233 840 372 233 841 373 233 842 372 124 843 375 124 844 374 124 845 375 16 846 372 16 847 376 16 848 375 234 849 376 234 850 377 234 851 378 235 852 379 235 853 376 235 854 379 16 855 378 16 856 380 16 857 380 16 858 378 16 859 381 16 860 372 16 861 378 16 862 376 16 863 378 16 864 372 16 865 367 16 866 378 16 867 368 16 868 382 16 869 368 16 870 378 16 871 367 16 872 383 16 873 368 16 874 369 16 875 384 16 876 386 16 877 385 16 878 386 236 879 384 236 880 387 236 881 388 16 882 386 16 883 389 16 884 386 237 885 388 237 886 385 237 887 388 129 888 391 129 889 390 129 890 391 16 891 388 16 892 389 16 893 392 238 894 391 238 895 393 238 896 391 16 897 392 16 898 390 16 899 394 16 900 393 16 901 395 16 902 393 16 903 394 16 904 392 16 905 395 16 906 396 16 907 394 16 908 396 132 909 395 132 910 397 132 911 398 16 912 397 16 913 399 16 914 397 16 915 398 16 916 396 16 917 399 239 918 400 239 919 398 239 920 400 240 921 399 240 922 401 240 923 400 16 924 403 16 925 402 16 926 403 16 927 400 16 928 401 16 929 404 241 930 406 241 931 405 241 932 406 16 933 404 16 934 407 16 935 408 16 936 410 16 937 409 16 938 410 16 939 408 16 940 411 16 941 412 16 942 409 16 943 413 16 944 409 16 945 412 16 946 408 16 947 412 16 948 415 16 949 414 16 950 415 242 951 412 242 952 413 242 953 414 16 954 417 16 955 416 16 956 417 16 957 414 16 958 415 16 959 417 140 960 418 140 961 416 140 962 418 243 963 417 243 964 419 243 965 419 16 966 420 16 967 418 16 968 420 16 969 419 16 970 421 16 971 421 16 972 422 16 973 420 16 974 422 244 975 421 244 976 423 244 977 424 245 978 426 245 979 425 245 980 426 16 981 424 16 982 427 16 983 428 169 984 430 169 985 429 169 986 430 168 987 428 168 988 431 168 989 432 246 990 434 247 991 433 248 992 434 247 993 432 246 994 435 249 995 436 250 996 437 251 997 438 252 998 438 252 999 439 253 1000 436 250 1001 440 254 1002 441 254 1003 442 254 1004 442 255 1005 443 255 1006 440 255 1007 444 15 1008 445 15 1009 446 15 1010 446 15 1011 447 15 1012 444 15 1013 448 156 1014 449 156 1015 450 156 1016 450 157 1017 451 157 1018 448 157 1019 452 256 1020 453 257 1021 454 258 1022 454 258 1023 455 259 1024 452 256 1025 456 260 1026 457 261 1027 458 262 1028 458 262 1029 459 263 1030 456 260 1031 460 188 1032 461 188 1033 462 188 1034 462 187 1035 463 187 1036 460 187 1037 464 168 1038 465 168 1039 466 168 1040 466 264 1041 467 265 1042 464 266 1043 468 267 1044 469 268 1045 470 269 1046 470 269 1047 471 270 1048 468 267 1049 472 271 1050 474 272 1051 473 273 1052 474 272 1053 472 271 1054 475 274 1055 476 275 1056 478 276 1057 477 277 1058 478 276 1059 476 275 1060 479 278 1061 480 15 1062 482 15 1063 481 15 1064 482 15 1065 480 15 1066 483 15 1067 484 279 1068 486 280 1069 485 281 1070 486 280 1071 484 279 1072 487 282 1073 488 283 1074 490 284 1075 489 285 1076 490 284 1077 488 283 1078 491 286 1079 492 287 1080 494 288 1081 493 289 1082 494 288 1083 492 287 1084 495 290 1085 496 187 1086 498 187 1087 497 187 1088 498 291 1089 496 292 1090 499 293 1091 500 294 1092 502 295 1093 501 296 1094 502 295 1095 500 294 1096 503 297 1097 504 298 1098 503 297 1099 505 299 1100 503 297 1101 504 298 1102 502 295 1103 506 300 1104 508 301 1105 507 302 1106 508 301 1107 506 300 1108 509 303 1109 510 304 1110 507 302 1111 508 301 1112 507 302 1113 510 304 1114 511 305 1115 511 305 1116 513 306 1117 512 307 1118 513 306 1119 511 305 1120 510 304 1121 512 307 1122 515 308 1123 514 309 1124 515 308 1125 512 307 1126 513 306 1127 515 308 1128 516 310 1129 514 309 1130 516 310 1131 515 308 1132 517 311 1133 518 312 1134 519 313 1135 520 314 1136 520 314 1137 521 315 1138 518 312 1139 522 316 1140 523 317 1141 520 314 1142 520 314 1143 519 313 1144 522 316 1145 522 316 1146 524 318 1147 525 319 1148 525 319 1149 523 317 1150 522 316 1151 526 320 1152 527 321 1153 525 319 1154 525 319 1155 524 318 1156 526 320 1157 528 322 1158 530 323 1159 529 324 1160 530 323 1161 528 322 1162 531 325 1163 532 326 1164 529 324 1165 530 323 1166 529 324 1167 532 326 1168 533 327 1169 534 328 1170 532 326 1171 535 329 1172 532 326 1173 534 328 1174 533 327 1175 534 328 1176 537 330 1177 536 331 1178 537 330 1179 534 328 1180 535 329 1181 537 330 1182 538 332 1183 536 331 1184 538 332 1185 537 330 1186 539 333 1187 540 334 1188 542 335 1189 541 336 1190 542 335 1191 540 334 1192 543 337 1193 542 335 1194 501 296 1195 541 336 1196 501 296 1197 542 335 1198 500 294 1199 544 16 1200 546 16 1201 545 16 1202 546 16 1203 544 16 1204 547 16 1205 548 338 1206 549 338 1207 545 338 1208 549 16 1209 548 16 1210 550 16 1211 550 339 1212 548 339 1213 551 339 1214 548 340 1215 553 340 1216 552 340 1217 553 16 1218 548 16 1219 554 16 1220 553 125 1221 554 125 1222 555 125 1223 554 126 1224 557 126 1225 556 126 1226 557 16 1227 554 16 1228 558 16 1229 557 16 1230 558 16 1231 559 16 1232 548 16 1233 558 16 1234 554 16 1235 558 16 1236 548 16 1237 545 16 1238 545 16 1239 560 16 1240 558 16 1241 560 16 1242 545 16 1243 546 16 1244 561 16 1245 546 16 1246 547 16 1247 562 236 1248 564 236 1249 563 236 1250 564 16 1251 562 16 1252 565 16 1253 566 16 1254 562 16 1255 567 16 1256 562 341 1257 566 341 1258 565 341 1259 567 16 1260 568 16 1261 566 16 1262 568 16 1263 567 16 1264 569 16 1265 570 342 1266 569 342 1267 571 342 1268 569 16 1269 570 16 1270 568 16 1271 571 16 1272 572 16 1273 570 16 1274 572 16 1275 571 16 1276 573 16 1277 574 343 1278 573 343 1279 575 343 1280 573 16 1281 574 16 1282 572 16 1283 576 16 1284 575 16 1285 577 16 1286 575 16 1287 576 16 1288 574 16 1289 576 16 1290 579 16 1291 578 16 1292 579 16 1293 576 16 1294 577 16 1295 580 344 1296 579 344 1297 581 344 1298 579 136 1299 580 136 1300 578 136 1301 580 345 1302 583 345 1303 582 345 1304 583 346 1305 580 346 1306 581 346 1307 583 16 1308 584 16 1309 582 16 1310 584 16 1311 583 16 1312 585 16 1313 584 347 1314 587 347 1315 586 347 1316 587 16 1317 584 16 1318 585 16 1319 588 348 1320 587 348 1321 589 348 1322 587 16 1323 588 16 1324 586 16 1325 590 16 1326 589 16 1327 591 16 1328 589 16 1329 590 16 1330 588 16 1331 592 349 1332 591 349 1333 593 349 1334 591 140 1335 592 140 1336 590 140 1337 592 16 1338 595 16 1339 594 16 1340 595 350 1341 592 350 1342 593 350 1343 596 351 1344 595 351 1345 597 351 1346 595 16 1347 596 16 1348 594 16 1349 597 16 1350 564 16 1351 596 16 1352 564 352 1353 597 352 1354 563 352 1355 598 168 1356 600 168 1357 599 168 1358 600 353 1359 598 353 1360 601 353 1361 602 354 1362 604 355 1363 603 356 1364 604 355 1365 602 354 1366 605 357 1367 606 358 1368 608 359 1369 607 360 1370 608 359 1371 606 358 1372 609 361 1373 610 362 1374 611 363 1375 612 364 1376 612 364 1377 613 365 1378 610 362 1379 614 15 1380 615 15 1381 616 15 1382 616 15 1383 617 15 1384 614 15 1385 618 366 1386 619 367 1387 620 368 1388 620 368 1389 621 369 1390 618 366 1391 622 370 1392 623 371 1393 624 372 1394 624 372 1395 625 373 1396 622 370 1397 626 374 1398 627 375 1399 628 376 1400 628 376 1401 629 377 1402 626 374 1403 630 378 1404 631 379 1405 632 380 1406 632 381 1407 633 381 1408 630 381 1409 634 145 1410 635 145 1411 636 145 1412 636 382 1413 637 382 1414 634 382 1415 638 383 1416 639 384 1417 640 385 1418 640 385 1419 641 386 1420 638 383 1421 642 387 1422 643 388 1423 644 389 1424 644 389 1425 645 390 1426 642 387 1427 646 154 1428 648 154 1429 647 154 1430 648 154 1431 646 154 1432 649 154 1433 650 15 1434 652 15 1435 651 15 1436 652 15 1437 650 15 1438 653 15 1439 654 178 1440 656 178 1441 655 178 1442 656 157 1443 654 157 1444 657 157 1445 658 391 1446 660 392 1447 659 393 1448 660 392 1449 658 391 1450 661 394 1451 662 395 1452 664 396 1453 663 397 1454 664 396 1455 662 395 1456 665 398 1457 666 381 1458 668 381 1459 667 381 1460 668 167 1461 666 167 1462 669 167 1463 670 399 1464 672 400 1465 671 401 1466 672 400 1467 670 399 1468 673 402 1469 671 401 1470 675 403 1471 674 404 1472 675 403 1473 671 401 1474 672 400 1475 676 405 1476 678 406 1477 677 407 1478 678 406 1479 676 405 1480 679 408 1481 677 407 1482 681 409 1483 680 410 1484 681 409 1485 677 407 1486 678 406 1487 680 410 1488 683 411 1489 682 412 1490 683 411 1491 680 410 1492 681 409 1493 682 412 1494 685 413 1495 684 414 1496 685 413 1497 682 412 1498 683 411 1499 684 414 1500 687 415 1501 686 416 1502 687 415 1503 684 414 1504 685 413 1505 688 417 1506 689 418 1507 690 419 1508 690 419 1509 691 420 1510 688 417 1511 689 418 1512 692 421 1513 693 422 1514 693 422 1515 690 419 1516 689 418 1517 692 421 1518 694 401 1519 695 400 1520 695 400 1521 693 422 1522 692 421 1523 694 401 1524 696 423 1525 697 424 1526 697 424 1527 695 400 1528 694 401 1529 698 425 1530 700 426 1531 699 427 1532 700 426 1533 698 425 1534 701 428 1535 699 427 1536 703 429 1537 702 430 1538 703 429 1539 699 427 1540 700 426 1541 702 430 1542 705 431 1543 704 432 1544 705 431 1545 702 430 1546 703 429 1547 704 432 1548 707 433 1549 706 434 1550 707 433 1551 704 432 1552 705 431 1553 706 434 1554 709 435 1555 708 436 1556 709 435 1557 706 434 1558 707 433 1559 710 437 1560 712 419 1561 711 438 1562 712 419 1563 710 437 1564 713 439 1565 673 402 1566 711 438 1567 712 419 1568 711 438 1569 673 402 1570 670 399 1571 714 16 1572 716 16 1573 715 16 1574 716 16 1575 714 16 1576 717 16 1577 716 16 1578 719 16 1579 718 16 1580 719 16 1581 716 16 1582 720 16 1583 719 123 1584 720 123 1585 721 123 1586 720 440 1587 723 440 1588 722 440 1589 723 16 1590 720 16 1591 724 16 1592 723 441 1593 724 441 1594 725 441 1595 724 442 1596 727 442 1597 726 442 1598 727 16 1599 724 16 1600 728 16 1601 727 16 1602 728 16 1603 729 16 1604 716 16 1605 724 16 1606 720 16 1607 724 16 1608 716 16 1609 728 16 1610 730 16 1611 716 16 1612 717 16 1613 716 16 1614 730 16 1615 728 16 1616 731 16 1617 717 16 1618 714 16 1619 732 16 1620 734 16 1621 733 16 1622 734 443 1623 732 443 1624 735 443 1625 736 16 1626 735 16 1627 737 16 1628 735 444 1629 736 444 1630 734 444 1631 738 16 1632 736 16 1633 737 16 1634 736 445 1635 738 445 1636 739 445 1637 738 16 1638 740 16 1639 739 16 1640 740 446 1641 738 446 1642 741 446 1643 741 16 1644 742 16 1645 740 16 1646 742 16 1647 741 16 1648 743 16 1649 742 16 1650 745 16 1651 744 16 1652 745 447 1653 742 447 1654 743 447 1655 745 16 1656 746 16 1657 744 16 1658 746 16 1659 745 16 1660 747 16 1661 747 448 1662 748 448 1663 746 448 1664 748 142 1665 747 142 1666 749 142 1667 748 16 1668 751 16 1669 750 16 1670 751 16 1671 748 16 1672 749 16 1673 751 16 1674 752 16 1675 750 16 1676 752 138 1677 751 138 1678 753 138 1679 753 16 1680 754 16 1681 752 16 1682 754 16 1683 753 16 1684 755 16 1685 756 16 1686 754 16 1687 755 16 1688 754 449 1689 756 449 1690 757 449 1691 757 16 1692 759 16 1693 758 16 1694 759 450 1695 757 450 1696 756 450 1697 760 16 1698 758 16 1699 759 16 1700 758 16 1701 760 16 1702 761 16 1703 760 451 1704 762 451 1705 761 451 1706 762 452 1707 760 452 1708 763 452 1709 763 16 1710 764 16 1711 762 16 1712 764 16 1713 763 16 1714 765 16 1715 764 453 1716 767 453 1717 766 453 1718 767 16 1719 764 16 1720 765 16 1721 766 16 1722 732 16 1723 733 16 1724 732 454 1725 766 454 1726 767 454 1727 768 455 1728 770 455 1729 769 455 1730 770 456 1731 768 456 1732 771 456 1733 772 457 1734 774 458 1735 773 459 1736 774 458 1737 772 457 1738 775 460 1739 776 461 1740 778 462 1741 777 463 1742 778 462 1743 776 461 1744 779 464 1745 780 465 1746 782 465 1747 781 465 1748 782 466 1749 780 466 1750 783 466 1751 784 18 1752 786 18 1753 785 18 1754 786 18 1755 784 18 1756 787 18 1757 788 467 1758 789 467 1759 790 467 1760 790 467 1761 791 467 1762 788 467 1763 792 468 1764 793 469 1765 794 470 1766 794 470 1767 795 471 1768 792 468 1769 796 472 1770 797 473 1771 798 474 1772 798 474 1773 799 475 1774 796 472 1775 800 476 1776 801 476 1777 802 476 1778 802 477 1779 803 477 1780 800 477 1781 804 455 1782 805 455 1783 806 455 1784 806 456 1785 807 456 1786 804 456 1787 808 478 1788 809 479 1789 810 480 1790 810 480 1791 811 481 1792 808 478 1793 812 482 1794 813 483 1795 814 484 1796 814 484 1797 815 485 1798 812 482 1799 816 465 1800 817 465 1801 818 465 1802 818 465 1803 819 465 1804 816 465 1805 820 15 1806 822 15 1807 821 15 1808 822 15 1809 820 15 1810 823 15 1811 824 486 1812 826 486 1813 825 486 1814 826 467 1815 824 467 1816 827 467 1817 828 487 1818 830 488 1819 829 489 1820 830 488 1821 828 487 1822 831 490 1823 832 491 1824 834 492 1825 833 493 1826 834 492 1827 832 491 1828 835 494 1829 836 476 1830 838 476 1831 837 476 1832 838 477 1833 836 477 1834 839 477 1835 840 495 1836 842 496 1837 841 497 1838 842 496 1839 840 495 1840 843 498 1841 841 497 1842 845 499 1843 844 500 1844 845 499 1845 841 497 1846 842 496 1847 846 501 1848 848 502 1849 847 503 1850 848 502 1851 846 501 1852 849 504 1853 847 503 1854 851 505 1855 850 506 1856 851 505 1857 847 503 1858 848 502 1859 850 506 1860 853 507 1861 852 508 1862 853 507 1863 850 506 1864 851 505 1865 852 508 1866 855 509 1867 854 510 1868 855 509 1869 852 508 1870 853 507 1871 854 510 1872 857 511 1873 856 512 1874 857 511 1875 854 510 1876 855 509 1877 858 513 1878 859 514 1879 860 515 1880 860 515 1881 861 516 1882 858 513 1883 859 514 1884 862 517 1885 863 518 1886 863 518 1887 860 515 1888 859 514 1889 862 517 1890 864 519 1891 865 520 1892 865 520 1893 863 518 1894 862 517 1895 864 519 1896 866 521 1897 867 522 1898 867 522 1899 865 520 1900 864 519 1901 868 523 1902 870 524 1903 869 525 1904 870 524 1905 868 523 1906 871 526 1907 869 525 1908 873 527 1909 872 528 1910 873 527 1911 869 525 1912 870 524 1913 872 528 1914 875 529 1915 874 530 1916 875 529 1917 872 528 1918 873 527 1919 874 530 1920 877 531 1921 876 532 1922 877 531 1923 874 530 1924 875 529 1925 876 532 1926 879 533 1927 878 534 1928 879 533 1929 876 532 1930 877 531 1931 880 535 1932 882 536 1933 881 537 1934 882 536 1935 880 535 1936 883 538 1937 843 498 1938 881 537 1939 882 536 1940 881 537 1941 843 498 1942 840 495 1943 884 16 1944 886 16 1945 885 16 1946 886 16 1947 884 16 1948 887 16 1949 886 16 1950 889 16 1951 888 16 1952 889 16 1953 886 16 1954 890 16 1955 889 123 1956 890 123 1957 891 123 1958 890 124 1959 893 124 1960 892 124 1961 893 16 1962 890 16 1963 894 16 1964 893 539 1965 894 539 1966 895 539 1967 894 540 1968 897 540 1969 896 540 1970 897 16 1971 894 16 1972 898 16 1973 897 16 1974 898 16 1975 899 16 1976 886 16 1977 894 16 1978 890 16 1979 894 16 1980 886 16 1981 898 16 1982 900 16 1983 886 16 1984 887 16 1985 886 16 1986 900 16 1987 898 16 1988 901 16 1989 887 16 1990 884 16 1991 902 16 1992 904 16 1993 903 16 1994 904 541 1995 902 541 1996 905 541 1997 906 16 1998 905 16 1999 907 16 2000 905 542 2001 906 542 2002 904 542 2003 908 16 2004 906 16 2005 907 16 2006 906 543 2007 908 543 2008 909 543 2009 908 16 2010 910 16 2011 909 16 2012 910 544 2013 908 544 2014 911 544 2015 911 16 2016 912 16 2017 910 16 2018 912 16 2019 911 16 2020 913 16 2021 912 16 2022 915 16 2023 914 16 2024 915 545 2025 912 545 2026 913 545 2027 915 16 2028 916 16 2029 914 16 2030 916 16 2031 915 16 2032 917 16 2033 917 546 2034 918 546 2035 916 546 2036 918 351 2037 917 351 2038 919 351 2039 918 16 2040 921 16 2041 920 16 2042 921 16 2043 918 16 2044 919 16 2045 921 16 2046 922 16 2047 920 16 2048 922 138 2049 921 138 2050 923 138 2051 923 16 2052 924 16 2053 922 16 2054 924 16 2055 923 16 2056 925 16 2057 926 16 2058 924 16 2059 925 16 2060 924 449 2061 926 449 2062 927 449 2063 927 16 2064 929 16 2065 928 16 2066 929 547 2067 927 547 2068 926 547 2069 930 16 2070 928 16 2071 929 16 2072 928 16 2073 930 16 2074 931 16 2075 930 548 2076 932 548 2077 931 548 2078 932 549 2079 930 549 2080 933 549 2081 933 16 2082 934 16 2083 932 16 2084 934 16 2085 933 16 2086 935 16 2087 934 550 2088 937 550 2089 936 550 2090 937 16 2091 934 16 2092 935 16 2093 936 16 2094 902 16 2095 903 16 2096 902 143 2097 936 143 2098 937 143 2099 938 168 2100 940 168 2101 939 168 2102 940 353 2103 938 353 2104 941 353 2105 942 551 2106 944 552 2107 943 553 2108 944 552 2109 942 551 2110 945 554 2111 946 555 2112 948 556 2113 947 557 2114 948 556 2115 946 555 2116 949 558 2117 950 559 2118 952 559 2119 951 559 2120 952 560 2121 950 560 2122 953 560 2123 954 18 2124 956 18 2125 955 18 2126 956 18 2127 954 18 2128 957 18 2129 958 561 2130 960 561 2131 959 561 2132 960 561 2133 958 561 2134 961 561 2135 962 562 2136 963 563 2137 964 564 2138 964 564 2139 965 565 2140 962 562 2141 966 566 2142 967 567 2143 968 568 2144 968 568 2145 969 569 2146 966 566 2147 970 187 2148 971 187 2149 972 187 2150 972 570 2151 973 570 2152 970 570 2153 974 382 2154 975 382 2155 976 382 2156 976 145 2157 977 145 2158 974 145 2159 978 571 2160 979 572 2161 980 573 2162 980 573 2163 981 574 2164 978 571 2165 982 575 2166 983 576 2167 984 577 2168 984 577 2169 985 578 2170 982 575 2171 986 579 2172 987 580 2173 988 581 2174 988 581 2175 989 582 2176 986 579 2177 990 18 2178 991 18 2179 992 18 2180 992 18 2181 993 18 2182 990 18 2183 994 583 2184 995 584 2185 996 585 2186 996 585 2187 997 586 2188 994 583 2189 998 587 2190 1000 588 2191 999 589 2192 1000 588 2193 998 587 2194 1001 590 2195 1002 591 2196 1004 592 2197 1003 593 2198 1004 592 2199 1002 591 2200 1005 290 2201 1006 381 2202 1008 381 2203 1007 381 2204 1008 167 2205 1006 167 2206 1009 167 2207 1010 594 2208 1012 595 2209 1011 596 2210 1012 595 2211 1010 594 2212 1013 597 2213 1011 596 2214 1015 598 2215 1014 599 2216 1015 598 2217 1011 596 2218 1012 595 2219 1016 600 2220 1018 601 2221 1017 602 2222 1018 601 2223 1016 600 2224 1019 603 2225 1017 602 2226 1021 604 2227 1020 605 2228 1021 604 2229 1017 602 2230 1018 601 2231 1020 605 2232 1023 606 2233 1022 607 2234 1023 606 2235 1020 605 2236 1021 604 2237 1022 607 2238 1025 608 2239 1024 609 2240 1025 608 2241 1022 607 2242 1023 606 2243 1024 609 2244 1027 610 2245 1026 611 2246 1027 610 2247 1024 609 2248 1025 608 2249 1028 612 2250 1029 613 2251 1030 614 2252 1030 614 2253 1031 615 2254 1028 612 2255 1029 613 2256 1032 616 2257 1033 617 2258 1033 617 2259 1030 614 2260 1029 613 2261 1032 616 2262 1034 618 2263 1035 619 2264 1035 619 2265 1033 617 2266 1032 616 2267 1034 618 2268 1036 620 2269 1037 621 2270 1037 621 2271 1035 619 2272 1034 618 2273 1038 622 2274 1039 623 2275 1040 624 2276 1040 624 2277 1041 625 2278 1038 622 2279 1039 623 2280 1042 626 2281 1043 627 2282 1043 627 2283 1040 624 2284 1039 623 2285 1042 626 2286 1044 628 2287 1045 629 2288 1045 629 2289 1043 627 2290 1042 626 2291 1044 628 2292 1046 630 2293 1047 631 2294 1047 631 2295 1045 629 2296 1044 628 2297 1046 630 2298 1048 632 2299 1049 633 2300 1049 633 2301 1047 631 2302 1046 630 2303 1050 634 2304 1052 635 2305 1051 636 2306 1052 635 2307 1050 634 2308 1053 637 2309 1013 597 2310 1051 636 2311 1052 635 2312 1051 636 2313 1013 597 2314 1010 594 2315 1054 16 2316 1056 16 2317 1055 16 2318 1056 16 2319 1054 16 2320 1057 16 2321 1056 16 2322 1059 16 2323 1058 16 2324 1059 16 2325 1056 16 2326 1060 16 2327 1059 638 2328 1060 638 2329 1061 638 2330 1060 639 2331 1063 639 2332 1062 639 2333 1063 16 2334 1060 16 2335 1064 16 2336 1063 125 2337 1064 125 2338 1065 125 2339 1064 640 2340 1067 640 2341 1066 640 2342 1067 16 2343 1064 16 2344 1068 16 2345 1067 16 2346 1068 16 2347 1069 16 2348 1056 16 2349 1064 16 2350 1060 16 2351 1064 16 2352 1056 16 2353 1068 16 2354 1070 16 2355 1056 16 2356 1057 16 2357 1056 16 2358 1070 16 2359 1068 16 2360 1071 16 2361 1057 16 2362 1054 16 2363 1072 16 2364 1074 16 2365 1073 16 2366 1074 443 2367 1072 443 2368 1075 443 2369 1076 16 2370 1075 16 2371 1077 16 2372 1075 341 2373 1076 341 2374 1074 341 2375 1078 16 2376 1076 16 2377 1077 16 2378 1076 641 2379 1078 641 2380 1079 641 2381 1078 16 2382 1080 16 2383 1079 16 2384 1080 342 2385 1078 342 2386 1081 342 2387 1081 16 2388 1082 16 2389 1080 16 2390 1082 16 2391 1081 16 2392 1083 16 2393 1082 16 2394 1085 16 2395 1084 16 2396 1085 642 2397 1082 642 2398 1083 642 2399 1085 16 2400 1086 16 2401 1084 16 2402 1086 16 2403 1085 16 2404 1087 16 2405 1087 643 2406 1088 643 2407 1086 643 2408 1088 244 2409 1087 244 2410 1089 244 2411 1088 16 2412 1091 16 2413 1090 16 2414 1091 16 2415 1088 16 2416 1089 16 2417 1091 16 2418 1092 16 2419 1090 16 2420 1092 644 2421 1091 644 2422 1093 644 2423 1093 16 2424 1094 16 2425 1092 16 2426 1094 16 2427 1093 16 2428 1095 16 2429 1096 16 2430 1094 16 2431 1095 16 2432 1094 645 2433 1096 645 2434 1097 645 2435 1097 16 2436 1099 16 2437 1098 16 2438 1099 646 2439 1097 646 2440 1096 646 2441 1100 16 2442 1098 16 2443 1099 16 2444 1098 16 2445 1100 16 2446 1101 16 2447 1100 140 2448 1102 140 2449 1101 140 2450 1102 141 2451 1100 141 2452 1103 141 2453 1103 16 2454 1104 16 2455 1102 16 2456 1104 16 2457 1103 16 2458 1105 16 2459 1104 647 2460 1107 647 2461 1106 647 2462 1107 16 2463 1104 16 2464 1105 16 2465 1106 16 2466 1072 16 2467 1073 16 2468 1072 648 2469 1106 648 2470 1107 648 2471 1108 168 2472 1110 168 2473 1109 168 2474 1110 145 2475 1108 145 2476 1111 145 2477 1112 649 2478 1114 650 2479 1113 651 2480 1114 650 2481 1112 649 2482 1115 652 2483 1116 653 2484 1118 654 2485 1117 655 2486 1118 654 2487 1116 653 2488 1119 656 2489 1120 657 2490 1122 658 2491 1121 659 2492 1122 658 2493 1120 657 2494 1123 660 2495 1124 18 2496 1126 18 2497 1125 18 2498 1126 18 2499 1124 18 2500 1127 18 2501 1128 661 2502 1130 662 2503 1129 663 2504 1130 662 2505 1128 661 2506 1131 664 2507 1132 665 2508 1134 666 2509 1133 667 2510 1134 666 2511 1132 665 2512 1135 668 2513 1136 669 2514 1137 670 2515 1138 671 2516 1138 671 2517 1139 672 2518 1136 669 2519 1140 187 2520 1141 187 2521 1142 187 2522 1142 167 2523 1143 167 2524 1140 167 2525 1144 168 2526 1145 168 2527 1146 168 2528 1146 169 2529 1147 169 2530 1144 169 2531 1148 673 2532 1149 674 2533 1150 675 2534 1150 675 2535 1151 676 2536 1148 673 2537 1152 677 2538 1153 678 2539 1154 679 2540 1154 679 2541 1155 680 2542 1152 677 2543 1156 681 2544 1157 681 2545 1158 681 2546 1158 559 2547 1159 559 2548 1156 559 2549 1160 18 2550 1161 18 2551 1162 18 2552 1162 18 2553 1163 18 2554 1160 18 2555 1164 682 2556 1165 682 2557 1166 682 2558 1166 683 2559 1167 683 2560 1164 683 2561 1168 684 2562 1169 685 2563 1170 686 2564 1170 686 2565 1171 687 2566 1168 684 2567 1172 688 2568 1174 689 2569 1173 690 2570 1174 689 2571 1172 688 2572 1175 691 2573 1176 187 2574 1178 187 2575 1177 187 2576 1178 188 2577 1176 188 2578 1179 188 2579 1180 692 2580 1182 693 2581 1181 694 2582 1182 693 2583 1180 692 2584 1183 695 2585 1181 694 2586 1185 696 2587 1184 697 2588 1185 696 2589 1181 694 2590 1182 693 2591 1186 698 2592 1188 699 2593 1187 700 2594 1188 699 2595 1186 698 2596 1189 701 2597 1187 700 2598 1191 604 2599 1190 605 2600 1191 604 2601 1187 700 2602 1188 699 2603 1190 605 2604 1193 606 2605 1192 607 2606 1193 606 2607 1190 605 2608 1191 604 2609 1192 607 2610 1195 702 2611 1194 703 2612 1195 702 2613 1192 607 2614 1193 606 2615 1194 703 2616 1197 704 2617 1196 705 2618 1197 704 2619 1194 703 2620 1195 702 2621 1198 706 2622 1200 707 2623 1199 708 2624 1200 707 2625 1198 706 2626 1201 709 2627 1199 708 2628 1203 710 2629 1202 711 2630 1203 710 2631 1199 708 2632 1200 707 2633 1202 711 2634 1205 712 2635 1204 713 2636 1205 712 2637 1202 711 2638 1203 710 2639 1204 713 2640 1207 714 2641 1206 715 2642 1207 714 2643 1204 713 2644 1205 712 2645 1208 716 2646 1209 717 2647 1210 718 2648 1210 718 2649 1211 719 2650 1208 716 2651 1209 717 2652 1212 720 2653 1213 721 2654 1213 721 2655 1210 718 2656 1209 717 2657 1212 720 2658 1214 722 2659 1215 723 2660 1215 723 2661 1213 721 2662 1212 720 2663 1214 722 2664 1216 724 2665 1217 725 2666 1217 725 2667 1215 723 2668 1214 722 2669 1216 724 2670 1218 726 2671 1219 727 2672 1219 727 2673 1217 725 2674 1216 724 2675 1220 728 2676 1222 729 2677 1221 730 2678 1222 729 2679 1220 728 2680 1223 731 2681 1183 695 2682 1221 730 2683 1222 729 2684 1221 730 2685 1183 695 2686 1180 692 2687 1224 16 2688 1226 16 2689 1225 16 2690 1226 16 2691 1224 16 2692 1227 16 2693 1226 16 2694 1229 16 2695 1228 16 2696 1229 16 2697 1226 16 2698 1230 16 2699 1229 123 2700 1230 123 2701 1231 123 2702 1230 124 2703 1233 124 2704 1232 124 2705 1233 16 2706 1230 16 2707 1234 16 2708 1233 125 2709 1234 125 2710 1235 125 2711 1234 126 2712 1237 126 2713 1236 126 2714 1237 16 2715 1234 16 2716 1238 16 2717 1237 16 2718 1238 16 2719 1239 16 2720 1226 16 2721 1234 16 2722 1230 16 2723 1234 16 2724 1226 16 2725 1238 16 2726 1240 16 2727 1226 16 2728 1227 16 2729 1226 16 2730 1240 16 2731 1238 16 2732 1241 16 2733 1227 16 2734 1224 16 2735 1242 16 2736 1244 16 2737 1243 16 2738 1244 127 2739 1242 127 2740 1245 127 2741 1246 16 2742 1248 16 2743 1247 16 2744 1248 732 2745 1246 732 2746 1249 732 2747 1250 16 2748 1246 16 2749 1247 16 2750 1246 733 2751 1250 733 2752 1251 733 2753 1252 16 2754 1254 16 2755 1253 16 2756 1254 238 2757 1252 238 2758 1255 238 2759 1255 16 2760 1256 16 2761 1254 16 2762 1256 16 2763 1255 16 2764 1257 16 2765 1258 16 2766 1260 16 2767 1259 16 2768 1260 545 2769 1258 545 2770 1261 545 2771 1262 16 2772 1264 16 2773 1263 16 2774 1264 16 2775 1262 16 2776 1265 16 2777 1265 448 2778 1266 448 2779 1264 448 2780 1266 135 2781 1265 135 2782 1267 135 2783 1266 16 2784 1269 16 2785 1268 16 2786 1269 16 2787 1266 16 2788 1267 16 2789 1269 16 2790 1270 16 2791 1268 16 2792 1270 138 2793 1269 138 2794 1271 138 2795 1272 16 2796 1274 16 2797 1273 16 2798 1274 16 2799 1272 16 2800 1275 16 2801 1276 16 2802 1274 16 2803 1275 16 2804 1274 645 2805 1276 645 2806 1277 645 2807 1278 16 2808 1280 16 2809 1279 16 2810 1280 646 2811 1278 646 2812 1281 646 2813 1282 16 2814 1284 16 2815 1283 16 2816 1284 16 2817 1282 16 2818 1285 16 2819 1286 140 2820 1288 140 2821 1287 140 2822 1288 141 2823 1286 141 2824 1289 141 2825 1290 16 2826 1292 16 2827 1291 16 2828 1292 16 2829 1290 16 2830 1293 16 2831 1292 734 2832 1295 734 2833 1294 734 2834 1295 16 2835 1292 16 2836 1293 16 2837 1296 16 2838 1298 16 2839 1297 16 2840 1298 143 2841 1296 143 2842 1299 143 2843 1300 144 2844 1302 144 2845 1301 144 2846 1302 145 2847 1300 145 2848 1303 145 2849 1304 735 2850 1306 736 2851 1305 737 2852 1306 736 2853 1304 735 2854 1307 738 2855 1308 739 2856 1310 740 2857 1309 557 2858 1310 740 2859 1308 739 2860 1311 741 2861 1312 559 2862 1314 559 2863 1313 559 2864 1314 560 2865 1312 560 2866 1315 560 2867 1316 18 2868 1318 18 2869 1317 18 2870 1318 18 2871 1316 18 2872 1319 18 2873 1320 561 2874 1322 561 2875 1321 561 2876 1322 561 2877 1320 561 2878 1323 561 2879 1324 742 2880 1326 743 2881 1325 744 2882 1326 743 2883 1324 742 2884 1327 745 2885 1328 746 2886 1330 747 2887 1329 748 2888 1330 747 2889 1328 746 2890 1331 749 2891 1332 166 2892 1333 166 2893 1334 166 2894 1334 167 2895 1335 167 2896 1332 167 2897 1336 168 2898 1337 168 2899 1338 168 2900 1338 169 2901 1339 169 2902 1336 169 2903 1340 750 2904 1341 751 2905 1342 752 2906 1342 752 2907 1343 753 2908 1340 750 2909 1344 754 2910 1345 390 2911 1346 755 2912 1346 755 2913 1347 756 2914 1344 754 2915 1348 681 2916 1349 681 2917 1350 681 2918 1350 559 2919 1351 559 2920 1348 559 2921 1352 18 2922 1353 18 2923 1354 18 2924 1354 18 2925 1355 18 2926 1352 18 2927 1356 682 2928 1357 682 2929 1358 682 2930 1358 683 2931 1359 683 2932 1356 683 2933 1360 757 2934 1361 758 2935 1362 759 2936 1362 759 2937 1363 760 2938 1360 757 2939 1364 761 2940 1365 762 2941 1366 763 2942 1366 763 2943 1367 764 2944 1364 761 2945 1368 187 2946 1370 187 2947 1369 187 2948 1370 188 2949 1368 188 2950 1371 188 2951 1372 765 2952 1374 765 2953 1373 765 2954 1374 766 2955 1372 766 2956 1375 766 2957 1376 767 2958 1374 767 2959 1375 767 2960 1374 768 2961 1376 768 2962 1377 768 2963 1378 10 2964 1380 10 2965 1379 10 2966 1380 769 2967 1378 769 2968 1381 769 2969 1382 770 2970 1380 770 2971 1381 770 2972 1380 10 2973 1382 10 2974 1374 10 2975 1383 10 2976 1385 10 2977 1384 10 2978 1385 771 2979 1383 771 2980 1386 771 2981 1387 10 2982 1385 10 2983 1386 10 2984 1385 772 2985 1387 772 2986 1380 772 2987 1374 10 2988 1385 10 2989 1380 10 2990 1385 10 2991 1374 10 2992 1377 10 2993 1385 10 2994 1389 10 2995 1388 10 2996 1389 10 2997 1385 10 2998 1377 10 2999 1377 773 3000 1390 773 3001 1389 773 3002 1390 10 3003 1377 10 3004 1391 10 3005 1392 774 3006 1394 775 3007 1393 776 3008 1394 775 3009 1392 774 3010 1395 777 3011 1396 778 3012 1397 779 3013 1398 780 3014 1398 781 3015 1396 782 3016 1399 783 3017 1400 784 3018 1402 785 3019 1401 786 3020 1402 785 3021 1400 784 3022 1403 787 3023 1404 788 3024 1405 789 3025 1406 790 3026 1406 790 3027 1407 791 3028 1404 788 3029 1408 792 3030 1395 777 3031 1409 793 3032 1395 777 3033 1408 792 3034 1394 775 3035 1410 794 3036 1393 776 3037 1411 795 3038 1393 776 3039 1410 794 3040 1392 774 3041 1412 796 3042 1399 783 3043 1413 797 3044 1399 783 3045 1412 796 3046 1398 781 3047 1414 798 3048 1403 787 3049 1415 799 3050 1403 787 3051 1414 798 3052 1402 785 3053 1416 800 3054 1409 793 3055 1417 801 3056 1409 793 3057 1416 800 3058 1408 792 3059 1418 802 3060 1420 803 3061 1419 804 3062 1420 803 3063 1418 802 3064 1421 805 3065 1397 806 3066 1419 804 3067 1396 807 3068 1419 804 3069 1397 806 3070 1418 802 3071 1422 808 3072 1411 795 3073 1423 809 3074 1411 795 3075 1422 808 3076 1410 794 3077 1424 810 3078 1425 811 3079 1426 812 3080 1426 812 3081 1427 813 3082 1424 810 3083 1407 791 3084 1406 790 3085 1425 811 3086 1425 811 3087 1424 810 3088 1407 791 3089 1413 797 3090 1428 814 3091 1412 796 3092 1428 814 3093 1413 797 3094 1429 815 3095 1430 816 3096 1432 817 3097 1431 818 3098 1432 817 3099 1430 816 3100 1433 819 3101 1400 784 3102 1430 816 3103 1431 818 3104 1430 816 3105 1400 784 3106 1401 786 3107 1434 820 3108 1415 799 3109 1435 821 3110 1415 799 3111 1434 820 3112 1414 798 3113 1436 822 3114 1437 823 3115 1438 824 3116 1438 824 3117 1439 825 3118 1436 822 3119 1437 823 3120 1436 822 3121 1405 789 3122 1405 789 3123 1404 788 3124 1437 823 3125 1440 826 3126 1442 827 3127 1441 828 3128 1442 827 3129 1440 826 3130 1443 829 3131 1444 830 3132 1446 831 3133 1445 832 3134 1446 831 3135 1444 830 3136 1447 833 3137 1448 834 3138 1450 835 3139 1449 836 3140 1450 835 3141 1448 834 3142 1451 837 3143 1452 838 3144 1454 839 3145 1453 840 3146 1454 839 3147 1452 838 3148 1455 841 3149 1393 776 3150 1456 842 3151 1411 795 3152 1456 842 3153 1393 776 3154 1457 843 3155 1458 844 3156 1418 802 3157 1397 806 3158 1418 802 3159 1458 844 3160 1459 845 3161 1460 846 3162 1461 847 3163 1405 789 3164 1405 789 3165 1436 822 3166 1460 846 3167 1462 848 3168 1401 786 3169 1463 849 3170 1401 786 3171 1462 848 3172 1430 816 3173 1406 790 3174 1464 850 3175 1465 851 3176 1465 851 3177 1425 811 3178 1406 790 3179 1425 811 3180 1465 851 3181 1466 852 3182 1466 852 3183 1426 812 3184 1425 811 3185 1411 795 3186 1467 853 3187 1423 809 3188 1467 853 3189 1411 795 3190 1456 842 3191 1468 854 3192 1408 792 3193 1469 855 3194 1408 792 3195 1468 854 3196 1394 775 3197 1408 792 3198 1470 856 3199 1469 855 3200 1470 856 3201 1408 792 3202 1416 800 3203 1471 857 3204 1418 802 3205 1459 845 3206 1418 802 3207 1471 857 3208 1421 805 3209 1472 858 3210 1402 785 3211 1414 798 3212 1402 785 3213 1472 858 3214 1473 859 3215 1472 858 3216 1434 820 3217 1474 860 3218 1434 820 3219 1472 858 3220 1414 798 3221 1439 825 3222 1475 861 3223 1460 846 3224 1460 846 3225 1436 822 3226 1439 825 3227 1398 781 3228 1477 862 3229 1476 863 3230 1477 862 3231 1398 781 3232 1412 796 3233 1477 862 3234 1428 814 3235 1478 864 3236 1428 814 3237 1477 862 3238 1412 796 3239 1430 816 3240 1479 865 3241 1433 819 3242 1479 865 3243 1430 816 3244 1462 848 3245 1468 854 3246 1393 776 3247 1394 775 3248 1393 776 3249 1468 854 3250 1457 843 3251 1476 863 3252 1397 866 3253 1398 781 3254 1397 867 3255 1458 868 3256 1476 869 3257 1473 859 3258 1401 786 3259 1402 785 3260 1401 786 3261 1473 859 3262 1463 849 3263 1461 847 3264 1464 850 3265 1406 790 3266 1406 790 3267 1405 789 3268 1461 847 3269 1442 827 3270 1481 870 3271 1480 871 3272 1481 870 3273 1442 827 3274 1443 829 3275 1446 831 3276 1482 872 3277 1445 832 3278 1482 872 3279 1446 831 3280 1483 873 3281 1484 874 3282 1455 841 3283 1485 875 3284 1455 841 3285 1484 874 3286 1454 839 3287 1450 835 3288 1486 876 3289 1449 836 3290 1486 876 3291 1450 835 3292 1487 877 3293 1488 878 3294 1452 838 3295 1453 840 3296 1452 838 3297 1488 878 3298 1489 879 3299 1490 880 3300 1489 879 3301 1488 878 3302 1489 879 3303 1490 880 3304 1491 881 3305 1490 880 3306 1481 870 3307 1491 881 3308 1481 870 3309 1490 880 3310 1480 871 3311 1492 882 3312 1440 826 3313 1441 828 3314 1440 826 3315 1492 882 3316 1493 883 3317 1493 883 3318 1495 884 3319 1494 885 3320 1495 884 3321 1493 883 3322 1492 882 3323 1483 873 3324 1495 884 3325 1482 872 3326 1495 884 3327 1483 873 3328 1494 885 3329 1451 837 3330 1497 886 3331 1496 887 3332 1497 886 3333 1451 837 3334 1448 834 3335 1498 888 3336 1496 887 3337 1497 886 3338 1496 887 3339 1498 888 3340 1499 889 3341 1498 888 3342 1485 875 3343 1499 889 3344 1485 875 3345 1498 888 3346 1484 874 3347 1447 833 3348 1501 890 3349 1500 891 3350 1501 890 3351 1447 833 3352 1444 830 3353 1501 890 3354 1502 892 3355 1500 891 3356 1502 892 3357 1501 890 3358 1503 893 3359 1502 892 3360 1486 876 3361 1487 877 3362 1486 876 3363 1502 892 3364 1503 893 3365 1504 894 3366 1506 894 3367 1505 894 3368 1506 894 3369 1504 894 3370 1507 894 3371 1508 16 3372 1510 16 3373 1509 16 3374 1510 16 3375 1508 16 3376 1511 16 3377 1512 895 3378 1513 895 3379 1514 895 3380 1514 895 3381 1515 895 3382 1512 895 3383 1516 896 3384 1517 897 3385 1518 898 3386 1518 894 3387 1519 894 3388 1516 894 3389 1520 16 3390 1521 16 3391 1522 16 3392 1522 16 3393 1523 16 3394 1520 16 3395 1524 899 3396 1526 900 3397 1525 901 3398 1526 895 3399 1524 895 3400 1527 895 3401 1528 10 3402 1530 10 3403 1529 10 3404 1530 10 3405 1528 10 3406 1531 10 3407 1530 10 3408 1531 10 3409 1532 10 3410 1533 10 3411 1531 10 3412 1528 10 3413 1534 902 3414 1536 903 3415 1535 904 3416 1536 903 3417 1534 902 3418 1537 905 3419 1538 906 3420 1535 904 3421 1536 903 3422 1535 904 3423 1538 906 3424 1539 907 3425 1538 906 3426 1540 908 3427 1539 907 3428 1540 908 3429 1538 906 3430 1541 909 3431 1540 908 3432 1543 910 3433 1542 911 3434 1543 910 3435 1540 908 3436 1541 909 3437 1544 912 3438 1542 911 3439 1543 910 3440 1542 911 3441 1544 912 3442 1545 913 3443 1537 905 3444 1545 913 3445 1544 912 3446 1545 913 3447 1537 905 3448 1534 902 3449 1546 914 3450 1548 915 3451 1547 916 3452 1548 917 3453 1546 918 3454 1549 919 3455 1550 16 3456 1552 16 3457 1551 16 3458 1552 16 3459 1550 16 3460 1553 16 3461 1554 895 3462 1555 895 3463 1556 895 3464 1556 895 3465 1557 895 3466 1554 895 3467 1558 896 3468 1559 897 3469 1560 898 3470 1560 894 3471 1561 894 3472 1558 894 3473 1562 16 3474 1563 16 3475 1564 16 3476 1564 16 3477 1565 16 3478 1562 16 3479 1566 920 3480 1568 921 3481 1567 922 3482 1568 923 3483 1566 923 3484 1569 923 3485 1570 10 3486 1572 10 3487 1571 10 3488 1572 10 3489 1570 10 3490 1573 10 3491 1572 10 3492 1573 10 3493 1574 10 3494 1575 10 3495 1573 10 3496 1570 10 3497 1576 924 3498 1578 925 3499 1577 926 3500 1578 925 3501 1576 924 3502 1579 927 3503 1580 928 3504 1582 929 3505 1581 930 3506 1582 929 3507 1580 928 3508 1583 931 3509 1584 932 3510 1586 933 3511 1585 934 3512 1586 933 3513 1584 932 3514 1587 935 3515 1588 936 3516 1589 937 3517 1590 938 3518 1590 938 3519 1591 939 3520 1588 936 3521 1592 940 3522 1593 941 3523 1594 942 3524 1594 942 3525 1595 943 3526 1592 940 3527 1596 944 3528 1598 945 3529 1597 946 3530 1598 945 3531 1596 944 3532 1599 947 3533 1600 914 3534 1602 915 3535 1601 916 3536 1602 917 3537 1600 918 3538 1603 919 3539 1604 16 3540 1606 16 3541 1605 16 3542 1606 16 3543 1604 16 3544 1607 16 3545 1608 895 3546 1609 895 3547 1610 895 3548 1610 895 3549 1611 895 3550 1608 895 3551 1612 897 3552 1613 948 3553 1614 949 3554 1614 894 3555 1615 894 3556 1612 894 3557 1616 16 3558 1617 16 3559 1618 16 3560 1618 16 3561 1619 16 3562 1616 16 3563 1620 923 3564 1622 923 3565 1621 923 3566 1622 950 3567 1620 951 3568 1623 952 3569 1624 10 3570 1626 10 3571 1625 10 3572 1626 10 3573 1624 10 3574 1627 10 3575 1626 10 3576 1627 10 3577 1628 10 3578 1629 10 3579 1627 10 3580 1624 10 3581 1630 953 3582 1632 954 3583 1631 955 3584 1632 954 3585 1630 953 3586 1633 956 3587 1634 957 3588 1636 958 3589 1635 959 3590 1636 958 3591 1634 957 3592 1637 960 3593 1634 957 3594 1639 961 3595 1638 962 3596 1639 961 3597 1634 957 3598 1635 959 3599 1639 961 3600 1640 963 3601 1638 962 3602 1640 963 3603 1639 961 3604 1641 964 3605 1642 965 3606 1640 963 3607 1641 964 3608 1640 963 3609 1642 965 3610 1643 966 3611 1644 967 3612 1646 968 3613 1645 969 3614 1646 968 3615 1644 967 3616 1647 946 3617 1648 894 3618 1650 894 3619 1649 894 3620 1650 894 3621 1648 894 3622 1651 894 3623 1652 16 3624 1654 16 3625 1653 16 3626 1654 16 3627 1652 16 3628 1655 16 3629 1656 895 3630 1657 895 3631 1658 895 3632 1658 895 3633 1659 895 3634 1656 895 3635 1660 894 3636 1661 894 3637 1662 894 3638 1662 970 3639 1663 971 3640 1660 972 3641 1664 16 3642 1665 16 3643 1666 16 3644 1666 16 3645 1667 16 3646 1664 16 3647 1668 973 3648 1670 974 3649 1669 975 3650 1670 895 3651 1668 895 3652 1671 895 3653 1672 10 3654 1674 10 3655 1673 10 3656 1674 10 3657 1672 10 3658 1675 10 3659 1674 10 3660 1675 10 3661 1676 10 3662 1677 10 3663 1675 10 3664 1672 10 3665 1678 976 3666 1680 977 3667 1679 978 3668 1680 977 3669 1678 976 3670 1681 979 3671 1682 980 3672 1684 981 3673 1683 982 3674 1684 981 3675 1682 980 3676 1685 983 3677 1686 984 3678 1687 985 3679 1688 986 3680 1688 986 3681 1689 987 3682 1686 984 3683 1690 988 3684 1691 989 3685 1692 990 3686 1692 990 3687 1693 991 3688 1690 988 3689 1694 992 3690 1695 993 3691 1696 994 3692 1696 994 3693 1697 995 3694 1694 992 3695 1698 996 3696 1700 997 3697 1699 998 3698 1700 997 3699 1698 996 3700 1701 999 3701 1702 1000 3702 1704 1001 3703 1703 1002 3704 1704 1001 3705 1702 1000 3706 1705 1003 3707 1705 1003 3708 1706 1004 3709 1704 1001 3710 1706 1004 3711 1705 1003 3712 1707 1005 3713 1708 1006 3714 1710 1007 3715 1709 1008 3716 1710 1007 3717 1708 1006 3718 1711 1009 3719 1711 1009 3720 1712 1010 3721 1710 1007 3722 1712 1010 3723 1711 1009 3724 1713 1011 3725 1713 1011 3726 1714 1012 3727 1712 1010 3728 1714 1012 3729 1713 1011 3730 1715 1013 3731 1715 1013 3732 1716 1014 3733 1714 1012 3734 1716 1014 3735 1715 1013 3736 1717 1015 3737 1717 1015 3738 1718 1016 3739 1716 1014 3740 1718 1016 3741 1717 1015 3742 1719 1017 3743 1720 1018 3744 1721 1019 3745 1722 1020 3746 1722 1020 3747 1723 1021 3748 1720 1018 3749 1723 1021 3750 1722 1020 3751 1724 1022 3752 1724 1022 3753 1725 1023 3754 1723 1021 3755 1725 1023 3756 1724 1022 3757 1726 1024 3758 1726 1024 3759 1727 1025 3760 1725 1023 3761 1727 1025 3762 1726 1024 3763 1728 1026 3764 1728 1027 3765 1727 1028 3766 1729 1029 3767 1730 1030 3768 1732 1031 3769 1731 1032 3770 1732 1033 3771 1733 1034 3772 1730 1035 3773 1733 1036 3774 1734 1037 3775 1732 1038 3776 1734 1037 3777 1733 1036 3778 1735 1039 3779 1735 1039 3780 1736 1040 3781 1734 1037 3782 1736 1040 3783 1735 1039 3784 1737 1041 3785 1737 1041 3786 1738 1042 3787 1736 1040 3788 1738 1042 3789 1737 1041 3790 1739 1043 3791 1739 1043 3792 1740 1044 3793 1738 1042 3794 1740 1044 3795 1739 1043 3796 1741 1045 3797 1742 1046 3798 1744 1047 3799 1743 1048 3800 1744 1047 3801 1742 1046 3802 1745 1049 3803 1745 1049 3804 1703 1002 3805 1744 1047 3806 1703 1002 3807 1745 1049 3808 1702 1000 3809 1746 1050 3810 1748 1050 3811 1747 1050 3812 1748 10 3813 1746 10 3814 1749 10 3815 1748 1051 3816 1751 1051 3817 1750 1051 3818 1751 10 3819 1748 10 3820 1752 10 3821 1751 1052 3822 1752 1052 3823 1753 1052 3824 1754 10 3825 1755 10 3826 1752 10 3827 1755 10 3828 1754 10 3829 1756 10 3830 1756 10 3831 1754 10 3832 1757 10 3833 1749 10 3834 1752 10 3835 1748 10 3836 1752 10 3837 1749 10 3838 1754 10 3839 1754 1053 3840 1759 1053 3841 1758 1053 3842 1759 10 3843 1754 10 3844 1749 10 3845 1759 1054 3846 1749 1054 3847 1760 1054 3848 1761 10 3849 1749 10 3850 1746 10 3851 1749 1055 3852 1761 1055 3853 1762 1055 3854 1763 10 3855 1761 10 3856 1746 10 3857 1764 1056 3858 1766 1056 3859 1765 1056 3860 1766 1057 3861 1764 1057 3862 1767 1057 3863 1768 1058 3864 1764 1058 3865 1765 1058 3866 1764 10 3867 1768 10 3868 1769 10 3869 1770 1059 3870 1768 1059 3871 1771 1059 3872 1768 1060 3873 1770 1060 3874 1769 1060 3875 1771 10 3876 1772 10 3877 1770 10 3878 1772 1061 3879 1771 1061 3880 1773 1061 3881 1774 1062 3882 1772 1062 3883 1773 1062 3884 1772 1063 3885 1774 1063 3886 1775 1063 3887 1776 1064 3888 1775 1064 3889 1774 1064 3890 1775 1065 3891 1776 1065 3892 1777 1065 3893 1778 1066 3894 1777 1066 3895 1776 1066 3896 1777 1067 3897 1778 1067 3898 1779 1067 3899 1780 1068 3900 1779 1068 3901 1778 1068 3902 1779 10 3903 1780 10 3904 1781 10 3905 1782 1069 3906 1781 1069 3907 1780 1069 3908 1781 1070 3909 1782 1070 3910 1783 1070 3911 1784 10 3912 1783 10 3913 1782 10 3914 1783 10 3915 1784 10 3916 1785 10 3917 1786 1071 3918 1785 1071 3919 1784 1071 3920 1785 1072 3921 1786 1072 3922 1787 1072 3923 1788 10 3924 1786 10 3925 1789 10 3926 1786 1073 3927 1788 1073 3928 1787 1073 3929 1790 10 3930 1789 10 3931 1791 10 3932 1789 1074 3933 1790 1074 3934 1788 1074 3935 1792 10 3936 1791 10 3937 1793 10 3938 1791 10 3939 1792 10 3940 1790 10 3941 1794 1075 3942 1792 1075 3943 1793 1075 3944 1792 1076 3945 1794 1076 3946 1795 1076 3947 1796 1077 3948 1795 1077 3949 1794 1077 3950 1795 1078 3951 1796 1078 3952 1797 1078 3953 1797 10 3954 1799 10 3955 1798 10 3956 1799 1079 3957 1797 1079 3958 1796 1079 3959 1766 1080 3960 1798 1080 3961 1799 1080 3962 1798 10 3963 1766 10 3964 1767 10 3965 1800 1081 3966 1801 1082 3967 1802 1083 3968 1802 1083 3969 1803 1084 3970 1800 1081 3971 1800 1081 3972 1804 1085 3973 1805 1086 3974 1805 1086 3975 1801 1082 3976 1800 1081 3977 1806 1087 3978 1807 1088 3979 1808 1089 3980 1808 1089 3981 1809 1090 3982 1806 1087 3983 1806 1087 3984 1810 1091 3985 1811 1092 3986 1811 1092 3987 1807 1088 3988 1806 1087 3989 1812 1093 3990 1811 1092 3991 1810 1091 3992 1810 1091 3993 1813 1094 3994 1812 1093 3995 1812 1093 3996 1813 1094 3997 1814 1095 3998 1814 1095 3999 1815 1096 4000 1812 1093 4001 1816 1097 4002 1817 1098 4003 1815 1096 4004 1815 1096 4005 1814 1095 4006 1816 1097 4007 1818 1099 4008 1820 1100 4009 1819 1101 4010 1820 1100 4011 1818 1099 4012 1821 1102 4013 1822 1103 4014 1819 1101 4015 1823 1104 4016 1819 1101 4017 1822 1103 4018 1818 1099 4019 1822 1103 4020 1825 1105 4021 1824 1106 4022 1825 1105 4023 1822 1103 4024 1823 1104 4025 1825 1105 4026 1826 1107 4027 1824 1106 4028 1826 1107 4029 1825 1105 4030 1827 1108 4031 1828 1109 4032 1829 1110 4033 1830 1111 4034 1830 1111 4035 1831 1112 4036 1828 1109 4037 1832 1113 4038 1833 1114 4039 1828 1109 4040 1828 1109 4041 1831 1112 4042 1832 1113 4043 1834 1115 4044 1835 1116 4045 1833 1114 4046 1833 1114 4047 1832 1113 4048 1834 1115 4049 1836 1117 4050 1835 1116 4051 1834 1115 4052 1834 1115 4053 1837 1118 4054 1836 1117 4055 1838 1119 4056 1839 1120 4057 1836 1117 4058 1836 1117 4059 1837 1118 4060 1838 1119 4061 1840 1121 4062 1841 1122 4063 1842 1123 4064 1842 1123 4065 1843 1124 4066 1840 1121 4067 1803 1084 4068 1802 1083 4069 1843 1124 4070 1843 1124 4071 1842 1123 4072 1803 1084 4073 1844 1125 4074 1846 1125 4075 1845 1125 4076 1846 1126 4077 1844 1126 4078 1847 1126 4079 1848 1127 4080 1845 1127 4081 1849 1127 4082 1845 1128 4083 1848 1128 4084 1844 1128 4085 1850 1129 4086 1849 1129 4087 1851 1129 4088 1849 1130 4089 1850 1130 4090 1848 1130 4091 1852 1131 4092 1850 1131 4093 1851 1131 4094 1850 10 4095 1852 10 4096 1853 10 4097 1853 1132 4098 1855 1132 4099 1854 1132 4100 1855 10 4101 1853 10 4102 1852 10 4103 1856 10 4104 1854 10 4105 1855 10 4106 1854 1133 4107 1856 1133 4108 1857 1133 4109 1858 1134 4110 1857 1134 4111 1856 1134 4112 1857 1135 4113 1858 1135 4114 1859 1135 4115 1858 10 4116 1860 10 4117 1859 10 4118 1860 1136 4119 1858 1136 4120 1861 1136 4121 1862 10 4122 1860 10 4123 1861 10 4124 1860 1137 4125 1862 1137 4126 1863 1137 4127 1864 1138 4128 1863 1138 4129 1862 1138 4130 1863 10 4131 1864 10 4132 1865 10 4133 1864 1139 4134 1866 1139 4135 1865 1139 4136 1866 1140 4137 1864 1140 4138 1867 1140 4139 1867 1141 4140 1868 1141 4141 1866 1141 4142 1868 1142 4143 1867 1142 4144 1869 1142 4145 1870 1143 4146 1868 1143 4147 1869 1143 4148 1868 10 4149 1870 10 4150 1871 10 4151 1872 10 4152 1870 10 4153 1873 10 4154 1870 1144 4155 1872 1144 4156 1871 1144 4157 1874 10 4158 1873 10 4159 1875 10 4160 1873 10 4161 1874 10 4162 1872 10 4163 1874 1145 4164 1877 1145 4165 1876 1145 4166 1877 1146 4167 1874 1146 4168 1875 1146 4169 1878 10 4170 1877 10 4171 1879 10 4172 1877 1147 4173 1878 1147 4174 1876 1147 4175 1879 1148 4176 1847 1148 4177 1878 1148 4178 1847 1149 4179 1879 1149 4180 1846 1149 4181 1880 1150 4182 1881 1151 4183 1882 1152 4184 1882 1152 4185 1883 1153 4186 1880 1150 4187 1881 1151 4188 1880 1150 4189 1884 1154 4190 1884 1154 4191 1885 1155 4192 1881 1151 4193 1886 1156 4194 1887 1157 4195 1888 1158 4196 1888 1158 4197 1889 1159 4198 1886 1156 4199 1886 1156 4200 1890 1160 4201 1891 1161 4202 1891 1161 4203 1887 1157 4204 1886 1156 4205 1892 1162 4206 1893 1163 4207 1891 1161 4208 1891 1161 4209 1890 1160 4210 1892 1162 4211 1893 1163 4212 1892 1162 4213 1894 1164 4214 1894 1164 4215 1895 1165 4216 1893 1163 4217 1896 1166 4218 1895 1165 4219 1894 1164 4220 1894 1164 4221 1897 1167 4222 1896 1166 4223 1898 1168 4224 1900 1169 4225 1899 1170 4226 1900 1169 4227 1898 1168 4228 1901 1171 4229 1902 1172 4230 1900 1169 4231 1901 1171 4232 1900 1169 4233 1902 1172 4234 1903 1173 4235 1904 1174 4236 1903 1173 4237 1902 1172 4238 1903 1173 4239 1904 1174 4240 1905 1175 4241 1904 1174 4242 1906 1176 4243 1905 1175 4244 1906 1176 4245 1904 1174 4246 1907 1177 4247 1908 1178 4248 1909 1179 4249 1910 1180 4250 1910 1180 4251 1911 1181 4252 1908 1178 4253 1911 1181 4254 1910 1180 4255 1912 1182 4256 1912 1182 4257 1913 1183 4258 1911 1181 4259 1914 1184 4260 1915 1185 4261 1913 1183 4262 1913 1183 4263 1912 1182 4264 1914 1184 4265 1916 1186 4266 1915 1185 4267 1914 1184 4268 1914 1184 4269 1917 1187 4270 1916 1186 4271 1917 1187 4272 1918 1188 4273 1919 1189 4274 1919 1189 4275 1916 1186 4276 1917 1187 4277 1920 1190 4278 1921 1191 4279 1922 1192 4280 1922 1192 4281 1923 1193 4282 1920 1190 4283 1883 1153 4284 1882 1152 4285 1920 1190 4286 1920 1190 4287 1923 1193 4288 1883 1153 4289 1924 1194 4290 1926 1195 4291 1925 1196 4292 1926 1195 4293 1924 1194 4294 1927 1197 4295 1928 1198 4296 1924 1194 4297 1925 1196 4298 1924 1194 4299 1928 1198 4300 1929 1199 4301 1930 1200 4302 1932 1201 4303 1931 1202 4304 1932 1201 4305 1930 1200 4306 1933 1203 4307 1934 1204 4308 1931 1202 4309 1935 1205 4310 1931 1202 4311 1934 1204 4312 1930 1200 4313 1934 1204 4314 1937 1206 4315 1936 1207 4316 1937 1206 4317 1934 1204 4318 1935 1205 4319 1936 1207 4320 1939 1208 4321 1938 1209 4322 1939 1208 4323 1936 1207 4324 1937 1206 4325 1940 1210 4326 1938 1209 4327 1939 1208 4328 1938 1209 4329 1940 1210 4330 1941 1211 4331 1942 1212 4332 1943 1213 4333 1944 1214 4334 1944 1214 4335 1945 1215 4336 1942 1212 4337 1942 1212 4338 1946 1216 4339 1947 1217 4340 1947 1217 4341 1943 1213 4342 1942 1212 4343 1948 1218 4344 1947 1217 4345 1946 1216 4346 1946 1216 4347 1949 1219 4348 1948 1218 4349 1949 1219 4350 1950 1220 4351 1951 1221 4352 1951 1221 4353 1948 1218 4354 1949 1219 4355 1952 1222 4356 1954 1223 4357 1953 1224 4358 1954 1223 4359 1952 1222 4360 1955 1225 4361 1956 1226 4362 1955 1225 4363 1952 1222 4364 1955 1225 4365 1956 1226 4366 1957 1227 4367 1957 1227 4368 1959 1228 4369 1958 1229 4370 1959 1228 4371 1957 1227 4372 1956 1226 4373 1960 1230 4374 1958 1229 4375 1959 1228 4376 1958 1229 4377 1960 1230 4378 1961 1231 4379 1961 1231 4380 1963 1232 4381 1962 1233 4382 1963 1232 4383 1961 1231 4384 1960 1230 4385 1964 1234 4386 1966 1235 4387 1965 1236 4388 1966 1235 4389 1964 1234 4390 1967 1237 4391 1927 1197 4392 1964 1234 4393 1926 1195 4394 1964 1234 4395 1927 1197 4396 1967 1237 4397 1968 1238 4398 1970 1238 4399 1969 1238 4400 1970 10 4401 1968 10 4402 1971 10 4403 1970 10 4404 1973 10 4405 1972 10 4406 1973 10 4407 1970 10 4408 1974 10 4409 1973 10 4410 1974 10 4411 1975 10 4412 1974 10 4413 1977 10 4414 1976 10 4415 1977 10 4416 1974 10 4417 1978 10 4418 1977 10 4419 1978 10 4420 1979 10 4421 1978 10 4422 1970 10 4423 1971 10 4424 1970 10 4425 1978 10 4426 1974 10 4427 1980 10 4428 1978 10 4429 1971 10 4430 1978 10 4431 1980 10 4432 1981 10 4433 1980 10 4434 1971 10 4435 1982 10 4436 1968 1239 4437 1983 1239 4438 1971 1239 4439 1983 10 4440 1968 10 4441 1984 10 4442 1985 10 4443 1984 10 4444 1968 10 4445 1986 1240 4446 1988 1241 4447 1987 15 4448 1988 1241 4449 1986 1240 4450 1989 1242 4451 1990 1243 4452 1992 1244 4453 1991 1245 4454 1992 1244 4455 1990 1243 4456 1993 1246 4457 1988 1241 4458 1995 1247 4459 1994 1248 4460 1995 1247 4461 1988 1241 4462 1989 1242 4463 1996 1249 4464 1992 1244 4465 1993 1246 4466 1992 1244 4467 1996 1249 4468 1997 1250 4469 1998 1251 4470 2000 1252 4471 1999 1253 4472 2000 1252 4473 1998 1251 4474 2001 1254 4475 2002 1255 4476 2004 1256 4477 2003 1257 4478 2004 1256 4479 2002 1255 4480 2005 1258 4481 1998 1251 4482 2006 1259 4483 2001 1254 4484 2006 1259 4485 1998 1251 4486 2007 1260 4487 2008 1261 4488 2003 1257 4489 2004 1256 4490 2003 1257 4491 2008 1261 4492 2009 1262 4493 2007 1260 4494 2010 1263 4495 2006 1259 4496 2010 1263 4497 2007 1260 4498 2011 1264 4499 2008 1261 4500 2012 1265 4501 2009 1262 4502 2012 1265 4503 2008 1261 4504 2013 1266 4505 2011 1264 4506 2014 1267 4507 2010 1263 4508 2014 1267 4509 2011 1264 4510 2015 1268 4511 2016 1269 4512 2012 1265 4513 2013 1266 4514 2012 1265 4515 2016 1269 4516 2017 1270 4517 2018 1271 4518 2014 1267 4519 2015 1268 4520 2014 1267 4521 2018 1271 4522 2019 1272 4523 2020 1273 4524 2017 1270 4525 2016 1269 4526 2017 1270 4527 2020 1273 4528 2021 1274 4529 2022 1275 4530 2023 1276 4531 2024 1277 4532 2024 1277 4533 2025 1278 4534 2022 1275 4535 2026 1279 4536 2027 1280 4537 2028 1281 4538 2028 1281 4539 2029 1282 4540 2026 1279 4541 2030 1283 4542 2022 1275 4543 2025 1278 4544 2025 1278 4545 2031 1284 4546 2030 1283 4547 2027 1280 4548 2032 1285 4549 2033 1286 4550 2033 1286 4551 2028 1281 4552 2027 1280 4553 2034 1287 4554 2030 1283 4555 2031 1284 4556 2031 1284 4557 2035 1288 4558 2034 1287 4559 2032 1285 4560 2036 1289 4561 2037 1290 4562 2037 1290 4563 2033 1286 4564 2032 1285 4565 2035 1288 4566 2038 1291 4567 2039 1292 4568 2039 1292 4569 2034 1287 4570 2035 1288 4571 2040 1293 4572 2037 1290 4573 2036 1289 4574 2036 1289 4575 2041 1294 4576 2040 1293 4577 2042 1295 4578 2044 1296 4579 2043 1297 4580 2044 1296 4581 2042 1295 4582 2045 1298 4583 2046 1299 4584 2048 1300 4585 2047 1301 4586 2048 1300 4587 2046 1299 4588 2049 1302 4589 2050 1303 4590 2042 1295 4591 2051 1304 4592 2042 1295 4593 2050 1303 4594 2045 1298 4595 2048 1300 4596 2053 1305 4597 2052 1306 4598 2053 1305 4599 2048 1300 4600 2049 1302 4601 2051 1304 4602 2054 1307 4603 2050 1303 4604 2054 1307 4605 2051 1304 4606 2055 1308 4607 2056 1309 4608 2052 1306 4609 2053 1305 4610 2052 1306 4611 2056 1309 4612 2057 1310 4613 2054 1307 4614 2059 1311 4615 2058 1312 4616 2059 1311 4617 2054 1307 4618 2055 1308 4619 2060 1313 4620 2057 1310 4621 2056 1309 4622 2057 1310 4623 2060 1313 4624 2061 1314 4625 2062 1315 4626 2058 1312 4627 2059 1311 4628 2058 1312 4629 2062 1315 4630 2063 1316 4631 2064 1317 4632 2061 1314 4633 2060 1313 4634 2061 1314 4635 2064 1317 4636 2065 1318 4637 2066 1319 4638 2068 1320 4639 2067 1321 4640 2068 1320 4641 2066 1319 4642 2069 1322 4643 2070 1323 4644 2072 1324 4645 2071 1325 4646 2072 1324 4647 2070 1323 4648 2073 1326 4649 1986 1240 4650 2069 1322 4651 2066 1319 4652 2069 1322 4653 1986 1240 4654 1987 15 4655 2072 1324 4656 1990 1243 4657 1991 1245 4658 1990 1243 4659 2072 1324 4660 2073 1326 4661 2074 10 4662 2076 10 4663 2075 10 4664 2076 1327 4665 2074 1327 4666 2077 1327 4667 2078 10 4668 2076 10 4669 2077 10 4670 2076 10 4671 2078 10 4672 2079 10 4673 2078 1328 4674 2080 1328 4675 2079 1328 4676 2080 1329 4677 2078 1329 4678 2081 1329 4679 2080 1330 4680 2083 1330 4681 2082 1330 4682 2083 1331 4683 2080 1331 4684 2081 1331 4685 2084 10 4686 2083 10 4687 2085 10 4688 2083 1332 4689 2084 1332 4690 2082 1332 4691 2084 1333 4692 2087 1333 4693 2086 1333 4694 2087 1334 4695 2084 1334 4696 2085 1334 4697 2087 10 4698 2088 10 4699 2086 10 4700 2088 10 4701 2087 10 4702 2089 10 4703 2089 1335 4704 2090 1335 4705 2088 1335 4706 2090 10 4707 2089 10 4708 2091 10 4709 2092 10 4710 2090 10 4711 2091 10 4712 2090 10 4713 2092 10 4714 2093 10 4715 2093 10 4716 2095 10 4717 2094 10 4718 2095 10 4719 2093 10 4720 2092 10 4721 2095 10 4722 2096 10 4723 2094 10 4724 2096 1336 4725 2095 1336 4726 2097 1336 4727 2097 10 4728 2098 10 4729 2096 10 4730 2098 1337 4731 2097 1337 4732 2099 1337 4733 2100 10 4734 2098 10 4735 2099 10 4736 2098 1338 4737 2100 1338 4738 2101 1338 4739 2102 10 4740 2100 10 4741 2103 10 4742 2100 10 4743 2102 10 4744 2101 10 4745 2104 1339 4746 2102 1339 4747 2103 1339 4748 2102 1340 4749 2104 1340 4750 2105 1340 4751 2104 1341 4752 2106 1341 4753 2105 1341 4754 2106 10 4755 2104 10 4756 2107 10 4757 2107 1342 4758 2108 1342 4759 2106 1342 4760 2108 1343 4761 2107 1343 4762 2109 1343 4763 2074 10 4764 2108 10 4765 2109 10 4766 2108 1344 4767 2074 1344 4768 2075 1344 4769 2110 1345 4770 2076 1346 4771 2111 1347 4772 2076 1346 4773 2110 1345 4774 2075 1348 4775 2079 1349 4776 2111 1347 4777 2076 1346 4778 2111 1347 4779 2079 1349 4780 2112 1350 4781 2112 1350 4782 2080 1351 4783 2113 1352 4784 2080 1351 4785 2112 1350 4786 2079 1349 4787 2082 1353 4788 2113 1352 4789 2080 1351 4790 2113 1352 4791 2082 1353 4792 2114 1354 4793 2082 1353 4794 2115 1355 4795 2114 1354 4796 2115 1355 4797 2082 1353 4798 2084 1356 4799 2115 1355 4800 2086 1357 4801 2116 1358 4802 2086 1357 4803 2115 1355 4804 2084 1356 4805 2086 1357 4806 2117 1359 4807 2116 1358 4808 2117 1359 4809 2086 1357 4810 2088 1360 4811 2117 1359 4812 2090 1361 4813 2118 1362 4814 2090 1361 4815 2117 1359 4816 2088 1360 4817 2093 1363 4818 2118 1362 4819 2090 1361 4820 2118 1362 4821 2093 1363 4822 2119 1364 4823 2093 1363 4824 2120 1365 4825 2119 1364 4826 2120 1365 4827 2093 1363 4828 2094 1366 4829 2094 1366 4830 2121 1367 4831 2120 1365 4832 2121 1367 4833 2094 1366 4834 2096 10 4835 2098 1368 4836 2121 1367 4837 2096 10 4838 2121 1367 4839 2098 1368 4840 2122 1369 4841 2098 1368 4842 2123 1370 4843 2122 1369 4844 2123 1370 4845 2098 1368 4846 2101 1371 4847 2102 1372 4848 2123 1370 4849 2101 1371 4850 2123 1370 4851 2102 1372 4852 2124 1373 4853 2102 1372 4854 2125 1374 4855 2124 1373 4856 2125 1374 4857 2102 1372 4858 2105 10 4859 2105 10 4860 2126 1375 4861 2125 1374 4862 2126 1375 4863 2105 10 4864 2106 1376 4865 2106 1376 4866 2127 1377 4867 2126 1375 4868 2127 1377 4869 2106 1376 4870 2108 1378 4871 2108 1378 4872 2110 1345 4873 2127 1377 4874 2110 1345 4875 2108 1378 4876 2075 1348 4877 2128 10 4878 2130 10 4879 2129 10 4880 2130 10 4881 2128 10 4882 2131 10 4883 2132 10 4884 2131 10 4885 2128 10 4886 2131 10 4887 2132 10 4888 2133 10 4889 2132 1379 4890 2134 1379 4891 2133 1379 4892 2134 10 4893 2132 10 4894 2135 10 4895 2135 10 4896 2136 10 4897 2134 10 4898 2136 10 4899 2135 10 4900 2137 10 4901 2137 1380 4902 2138 1380 4903 2136 1380 4904 2138 1381 4905 2137 1381 4906 2139 1381 4907 2139 10 4908 2140 10 4909 2138 10 4910 2140 10 4911 2139 10 4912 2141 10 4913 2141 10 4914 2142 10 4915 2140 10 4916 2142 10 4917 2141 10 4918 2143 10 4919 2143 10 4920 2144 10 4921 2142 10 4922 2144 1382 4923 2143 1382 4924 2145 1382 4925 2146 10 4926 2144 10 4927 2145 10 4928 2144 10 4929 2146 10 4930 2147 10 4931 2147 1383 4932 2149 1383 4933 2148 1383 4934 2149 1384 4935 2147 1384 4936 2146 1384 4937 2149 10 4938 2150 10 4939 2148 10 4940 2150 1385 4941 2149 1385 4942 2151 1385 4943 2151 1386 4944 2152 1386 4945 2150 1386 4946 2152 1387 4947 2151 1387 4948 2153 1387 4949 2152 10 4950 2155 10 4951 2154 10 4952 2155 10 4953 2152 10 4954 2153 10 4955 2155 1388 4956 2156 1388 4957 2154 1388 4958 2156 1389 4959 2155 1389 4960 2157 1389 4961 2158 1390 4962 2156 1390 4963 2157 1390 4964 2156 10 4965 2158 10 4966 2159 10 4967 2158 10 4968 2160 10 4969 2159 10 4970 2160 10 4971 2158 10 4972 2161 10 4973 2162 1391 4974 2160 1391 4975 2161 1391 4976 2160 10 4977 2162 10 4978 2163 10 4979 2162 1392 4980 2130 1392 4981 2163 1392 4982 2130 1393 4983 2162 1393 4984 2129 1393 4985 2164 1394 4986 2165 1395 4987 2166 1396 4988 2166 1396 4989 2167 1397 4990 2164 1394 4991 2168 1398 4992 2169 1399 4993 2165 1395 4994 2165 1395 4995 2164 1394 4996 2168 1398 4997 2170 1400 4998 2171 1401 4999 2172 1402 5000 2172 1402 5001 2173 1403 5002 2170 1400 5003 2170 1400 5004 2174 1404 5005 2175 1405 5006 2175 1405 5007 2171 1401 5008 2170 1400 5009 2175 1405 5010 2174 1404 5011 2176 1406 5012 2176 1406 5013 2177 1407 5014 2175 1405 5015 2178 1408 5016 2179 1409 5017 2177 1407 5018 2177 1407 5019 2176 1406 5020 2178 1408 5021 2178 1408 5022 2180 1410 5023 2181 1411 5024 2181 1411 5025 2179 1409 5026 2178 1408 5027 2182 1412 5028 2184 1413 5029 2183 1414 5030 2184 1413 5031 2182 1412 5032 2185 1415 5033 2184 1413 5034 2186 1416 5035 2183 1414 5036 2186 1416 5037 2184 1413 5038 2187 1417 5039 2188 1418 5040 2186 1416 5041 2187 1417 5042 2186 1416 5043 2188 1418 5044 2189 1419 5045 2190 1420 5046 2189 1419 5047 2188 1418 5048 2189 1419 5049 2190 1420 5050 2191 1421 5051 2192 1422 5052 2193 1423 5053 2194 1424 5054 2194 1424 5055 2195 1425 5056 2192 1422 5057 2196 1426 5058 2193 1423 5059 2192 1422 5060 2192 1422 5061 2197 1427 5062 2196 1426 5063 2198 1428 5064 2196 1426 5065 2197 1427 5066 2197 1427 5067 2199 1429 5068 2198 1428 5069 2200 1430 5070 2201 1431 5071 2198 1428 5072 2198 1428 5073 2199 1429 5074 2200 1430 5075 2202 1432 5076 2201 1431 5077 2200 1430 5078 2200 1430 5079 2203 1433 5080 2202 1432 5081 2204 1434 5082 2205 1435 5083 2206 1436 5084 2206 1436 5085 2207 1437 5086 2204 1434 5087 2205 1435 5088 2204 1434 5089 2167 1397 5090 2167 1397 5091 2166 1396 5092 2205 1435 5093 2208 1438 5094 1924 1194 5095 2209 1439 5096 1924 1194 5097 2208 1438 5098 1927 1197 5099 2208 1438 5100 1967 1237 5101 1927 1197 5102 1967 1237 5103 2208 1438 5104 2210 1440 5105 1966 1235 5106 2210 1440 5107 2211 1441 5108 2210 1440 5109 1966 1235 5110 1967 1237 5111 2212 1442 5112 1962 1233 5113 2213 1443 5114 1962 1233 5115 2212 1442 5116 1961 1231 5117 2214 1444 5118 1961 1231 5119 2212 1442 5120 1961 1231 5121 2214 1444 5122 1958 1229 5123 1957 1227 5124 2214 1444 5125 2215 1445 5126 2214 1444 5127 1957 1227 5128 1958 1229 5129 1957 1227 5130 2216 1446 5131 1955 1225 5132 2216 1446 5133 1957 1227 5134 2215 1445 5135 2216 1446 5136 1954 1223 5137 1955 1225 5138 1954 1223 5139 2216 1446 5140 2217 1447 5141 1949 1219 5142 2218 1448 5143 2219 1449 5144 2219 1449 5145 1950 1220 5146 1949 1219 5147 1946 1216 5148 2220 1450 5149 2218 1448 5150 2218 1448 5151 1949 1219 5152 1946 1216 5153 2221 1451 5154 2220 1450 5155 1946 1216 5156 1946 1216 5157 1942 1212 5158 2221 1451 5159 2222 1452 5160 2221 1451 5161 1942 1212 5162 1942 1212 5163 1945 1215 5164 2222 1452 5165 1938 1209 5166 2224 1453 5167 2223 1454 5168 2224 1453 5169 1938 1209 5170 1941 1211 5171 1938 1209 5172 2225 1455 5173 1936 1207 5174 2225 1455 5175 1938 1209 5176 2223 1454 5177 1934 1204 5178 2225 1455 5179 2226 1456 5180 2225 1455 5181 1934 1204 5182 1936 1207 5183 2227 1457 5184 1934 1204 5185 2226 1456 5186 1934 1204 5187 2227 1457 5188 1930 1200 5189 1933 1203 5190 2227 1457 5191 2228 1458 5192 2227 1457 5193 1933 1203 5194 1930 1200 5195 1924 1194 5196 2229 1459 5197 2209 1439 5198 2229 1459 5199 1924 1194 5200 1929 1199 5201 2111 1347 5202 2230 1460 5203 2110 1345 5204 2230 1460 5205 2111 1347 5206 2231 1461 5207 2232 1462 5208 2111 1347 5209 2112 1350 5210 2111 1347 5211 2232 1462 5212 2231 1461 5213 2232 1462 5214 2113 1352 5215 2233 1463 5216 2113 1352 5217 2232 1462 5218 2112 1350 5219 2233 1463 5220 2114 1354 5221 2234 1464 5222 2114 1354 5223 2233 1463 5224 2113 1352 5225 2235 1465 5226 2114 1354 5227 2115 1355 5228 2114 1354 5229 2235 1465 5230 2234 1464 5231 2235 1465 5232 2116 1358 5233 2236 1466 5234 2116 1358 5235 2235 1465 5236 2115 1355 5237 2237 1467 5238 2116 1358 5239 2117 1359 5240 2116 1358 5241 2237 1467 5242 2236 1466 5243 2118 1362 5244 2237 1467 5245 2117 1359 5246 2237 1467 5247 2118 1362 5248 2238 1468 5249 2239 1469 5250 2118 1362 5251 2119 1364 5252 2118 1362 5253 2239 1469 5254 2238 1468 5255 2240 1470 5256 2119 1364 5257 2120 1365 5258 2119 1364 5259 2240 1470 5260 2239 1469 5261 2240 1470 5262 2121 1367 5263 2241 1471 5264 2121 1367 5265 2240 1470 5266 2120 1365 5267 2241 1471 5268 2122 1369 5269 2242 1472 5270 2122 1369 5271 2241 1471 5272 2121 1367 5273 2243 1473 5274 2122 1369 5275 2123 1370 5276 2122 1369 5277 2243 1473 5278 2242 1472 5279 2243 1473 5280 2124 1373 5281 2244 1474 5282 2124 1373 5283 2243 1473 5284 2123 1370 5285 2245 1475 5286 2124 1373 5287 2125 1374 5288 2124 1373 5289 2245 1475 5290 2244 1474 5291 2245 1475 5292 2126 1375 5293 2246 1476 5294 2126 1375 5295 2245 1475 5296 2125 1374 5297 2247 1477 5298 2126 1375 5299 2127 1377 5300 2126 1375 5301 2247 1477 5302 2246 1476 5303 2230 1460 5304 2127 1377 5305 2110 1345 5306 2127 1377 5307 2230 1460 5308 2247 1477 5309 2248 1478 5310 2250 1478 5311 2249 1478 5312 2250 1479 5313 2248 1479 5314 2251 1479 5315 2252 10 5316 2249 10 5317 2250 10 5318 2249 1480 5319 2252 1480 5320 2253 1480 5321 2252 10 5322 2255 10 5323 2254 10 5324 2255 10 5325 2252 10 5326 2256 10 5327 2252 1481 5328 2257 1481 5329 2256 1481 5330 2257 10 5331 2252 10 5332 2258 10 5333 2258 1482 5334 2250 1482 5335 2259 1482 5336 2250 1483 5337 2258 1483 5338 2252 1483 5339 2258 1484 5340 2261 1484 5341 2260 1484 5342 2261 10 5343 2258 10 5344 2262 10 5345 2263 1485 5346 2258 1485 5347 2259 1485 5348 2258 1486 5349 2263 1486 5350 2262 1486 5351 2250 10 5352 2264 10 5353 2259 10 5354 2264 10 5355 2250 10 5356 2265 10 5357 2266 1487 5358 2259 1487 5359 2264 1487 5360 2259 10 5361 2266 10 5362 2267 10 5363 2268 1488 5364 2270 1489 5365 2269 1490 5366 2270 1489 5367 2268 1488 5368 2271 1491 5369 2272 1492 5370 2274 1493 5371 2273 1494 5372 2274 1493 5373 2272 1492 5374 2275 1495 5375 2276 1496 5376 2278 1497 5377 2277 1498 5378 2278 1497 5379 2276 1496 5380 2279 1499 5381 2280 1500 5382 2281 1501 5383 2282 1502 5384 2282 1502 5385 2283 1503 5386 2280 1500 5387 2271 1491 5388 2285 1504 5389 2284 1505 5390 2285 1504 5391 2271 1491 5392 2268 1488 5393 2286 1506 5394 2270 1489 5395 2287 1507 5396 2270 1489 5397 2286 1506 5398 2269 1490 5399 2273 1494 5400 2289 1508 5401 2288 1509 5402 2289 1508 5403 2273 1494 5404 2274 1493 5405 2276 1496 5406 2290 1510 5407 2279 1499 5408 2290 1510 5409 2276 1496 5410 2291 1511 5411 2292 1512 5412 2285 1504 5413 2293 1513 5414 2285 1504 5415 2292 1512 5416 2284 1505 5417 2294 1514 5418 2296 1515 5419 2295 1516 5420 2296 1515 5421 2294 1514 5422 2297 1517 5423 2297 1517 5424 2275 1495 5425 2272 1492 5426 2275 1495 5427 2297 1517 5428 2294 1514 5429 2298 1518 5430 2286 1506 5431 2287 1507 5432 2286 1506 5433 2298 1518 5434 2299 1519 5435 2300 1520 5436 2301 1521 5437 2302 1522 5438 2302 1522 5439 2303 1523 5440 2300 1520 5441 2281 1501 5442 2301 1521 5443 2300 1520 5444 2300 1520 5445 2282 1502 5446 2281 1501 5447 2288 1509 5448 2305 1524 5449 2304 1525 5450 2305 1524 5451 2288 1509 5452 2289 1508 5453 2306 1526 5454 2308 1527 5455 2307 1528 5456 2308 1527 5457 2306 1526 5458 2309 1529 5459 2307 1528 5460 2278 1497 5461 2306 1526 5462 2278 1497 5463 2307 1528 5464 2277 1498 5465 2290 1510 5466 2311 1530 5467 2310 1531 5468 2311 1530 5469 2290 1510 5470 2291 1511 5471 2312 1532 5472 2313 1533 5473 2314 1534 5474 2314 1534 5475 2315 1535 5476 2312 1532 5477 2312 1532 5478 2315 1535 5479 2280 1500 5480 2280 1500 5481 2283 1503 5482 2312 1532 5483 2316 1536 5484 2318 1537 5485 2317 1538 5486 2318 1537 5487 2316 1536 5488 2319 1539 5489 2320 1540 5490 2322 1541 5491 2321 1542 5492 2322 1541 5493 2320 1540 5494 2323 1543 5495 2324 1544 5496 2326 1545 5497 2325 1546 5498 2326 1545 5499 2324 1544 5500 2327 1547 5501 2328 1548 5502 2330 1549 5503 2329 1550 5504 2330 1549 5505 2328 1548 5506 2331 1551 5507 2286 1506 5508 2332 1552 5509 2269 1490 5510 2332 1552 5511 2286 1506 5512 2333 1553 5513 2275 1495 5514 2335 1554 5515 2334 1555 5516 2335 1554 5517 2275 1495 5518 2294 1514 5519 2283 1503 5520 2336 1556 5521 2337 1557 5522 2337 1557 5523 2312 1532 5524 2283 1503 5525 2277 1498 5526 2339 1558 5527 2338 1559 5528 2339 1558 5529 2277 1498 5530 2307 1528 5531 2300 1520 5532 2340 1560 5533 2341 1561 5534 2341 1561 5535 2282 1502 5536 2300 1520 5537 2303 1523 5538 2342 1562 5539 2340 1560 5540 2340 1560 5541 2300 1520 5542 2303 1523 5543 2286 1506 5544 2343 1563 5545 2333 1553 5546 2343 1563 5547 2286 1506 5548 2299 1519 5549 2344 1564 5550 2285 1504 5551 2268 1488 5552 2285 1504 5553 2344 1564 5554 2345 1565 5555 2346 1566 5556 2285 1504 5557 2345 1565 5558 2285 1504 5559 2346 1566 5560 2293 1513 5561 2347 1567 5562 2294 1514 5563 2295 1516 5564 2294 1514 5565 2347 1567 5566 2335 1554 5567 2348 1568 5568 2291 1511 5569 2276 1496 5570 2291 1511 5571 2348 1568 5572 2349 1569 5573 2350 1570 5574 2291 1511 5575 2349 1569 5576 2291 1511 5577 2350 1570 5578 2311 1530 5579 2351 1571 5580 2313 1533 5581 2312 1532 5582 2312 1532 5583 2337 1557 5584 2351 1571 5585 2352 1572 5586 2274 1493 5587 2353 1573 5588 2274 1493 5589 2352 1572 5590 2289 1508 5591 2352 1572 5592 2305 1524 5593 2289 1508 5594 2305 1524 5595 2352 1572 5596 2354 1574 5597 2339 1558 5598 2308 1527 5599 2355 1575 5600 2308 1527 5601 2339 1558 5602 2307 1528 5603 2269 1490 5604 2344 1564 5605 2268 1488 5606 2344 1564 5607 2269 1490 5608 2332 1552 5609 2275 1495 5610 2353 1573 5611 2274 1493 5612 2353 1573 5613 2275 1495 5614 2334 1555 5615 2338 1559 5616 2276 1496 5617 2277 1498 5618 2276 1496 5619 2338 1559 5620 2348 1568 5621 2283 1503 5622 2282 1502 5623 2341 1561 5624 2341 1561 5625 2336 1556 5626 2283 1503 5627 2317 1538 5628 2356 1576 5629 2316 1536 5630 2356 1576 5631 2317 1538 5632 2357 1577 5633 2322 1541 5634 2359 1578 5635 2358 1579 5636 2359 1578 5637 2322 1541 5638 2323 1543 5639 2330 1549 5640 2361 1580 5641 2360 1581 5642 2361 1580 5643 2330 1549 5644 2331 1551 5645 2362 1582 5646 2324 1544 5647 2325 1546 5648 2324 1544 5649 2362 1582 5650 2363 1583 5651 2364 1584 5652 2329 1550 5653 2365 1585 5654 2329 1550 5655 2364 1584 5656 2328 1548 5657 2366 1586 5658 2365 1585 5659 2367 1587 5660 2365 1585 5661 2366 1586 5662 2364 1584 5663 2356 1576 5664 2366 1586 5665 2367 1587 5666 2366 1586 5667 2356 1576 5668 2357 1577 5669 2368 1588 5670 2319 1539 5671 2369 1589 5672 2319 1539 5673 2368 1588 5674 2318 1537 5675 2370 1590 5676 2369 1589 5677 2371 1591 5678 2369 1589 5679 2370 1590 5680 2368 1588 5681 2358 1579 5682 2370 1590 5683 2371 1591 5684 2370 1590 5685 2358 1579 5686 2359 1578 5687 2372 1592 5688 2326 1545 5689 2327 1547 5690 2326 1545 5691 2372 1592 5692 2373 1593 5693 2374 1594 5694 2372 1592 5695 2375 1595 5696 2372 1592 5697 2374 1594 5698 2373 1593 5699 2361 1580 5700 2375 1595 5701 2360 1581 5702 2375 1595 5703 2361 1580 5704 2374 1594 5705 2376 1596 5706 2321 1542 5707 2377 1597 5708 2321 1542 5709 2376 1596 5710 2320 1540 5711 2377 1597 5712 2378 1598 5713 2376 1596 5714 2378 1598 5715 2377 1597 5716 2379 1599 5717 2362 1582 5718 2379 1599 5719 2363 1583 5720 2379 1599 5721 2362 1582 5722 2378 1598 5723 2380 10 5724 2381 10 5725 2382 10 5726 2382 1600 5727 2383 1600 5728 2380 1600 5729 2380 1601 5730 2383 1601 5731 2384 1601 5732 2384 1602 5733 2380 1602 5734 2385 1602 5735 2385 1603 5736 2386 1603 5737 2387 1603 5738 2387 1604 5739 2385 1604 5740 2388 1604 5741 2385 1605 5742 2389 1605 5743 2388 1605 5744 2389 10 5745 2390 10 5746 2385 10 5747 2380 0 5748 2390 0 5749 2385 0 5750 2390 0 5751 2380 0 5752 2391 0 5753 2392 0 5754 2393 0 5755 2390 0 5756 2393 10 5757 2394 10 5758 2392 10 5759 2391 1606 5760 2392 1606 5761 2390 1606 5762 2392 1607 5763 2395 1607 5764 2391 1607 5765 2391 1608 5766 2396 1608 5767 2397 1608 5768 2397 10 5769 2380 10 5770 2391 10 5771 2398 10 5772 2396 10 5773 2391 10 5774 2391 1609 5775 2399 1609 5776 2398 1609 5777 2400 1610 5778 2402 1610 5779 2401 1610 5780 2402 1611 5781 2400 1611 5782 2403 1611 5783 2402 1612 5784 2405 1612 5785 2404 1612 5786 2405 10 5787 2402 10 5788 2403 10 5789 2406 10 5790 2407 10 5791 2405 10 5792 2407 10 5793 2406 10 5794 2408 10 5795 2405 1613 5796 2409 1613 5797 2406 1613 5798 2409 10 5799 2405 10 5800 2410 10 5801 2411 10 5802 2405 10 5803 2403 10 5804 2405 10 5805 2411 10 5806 2410 10 5807 2410 1614 5808 2413 1614 5809 2412 1614 5810 2413 1615 5811 2410 1615 5812 2414 1615 5813 2415 10 5814 2410 10 5815 2411 10 5816 2410 1616 5817 2415 1616 5818 2414 1616 5819 2416 10 5820 2403 10 5821 2417 10 5822 2403 10 5823 2416 10 5824 2411 10 5825 2418 1617 5826 2416 1617 5827 2419 1617 5828 2416 10 5829 2418 10 5830 2411 10 5831 2420 1618 5832 2422 1619 5833 2421 1620 5834 2422 1619 5835 2420 1618 5836 2423 1621 5837 2424 1622 5838 2426 1623 5839 2425 1624 5840 2426 1623 5841 2424 1622 5842 2427 1625 5843 2428 1626 5844 2430 1627 5845 2429 1628 5846 2430 1627 5847 2428 1626 5848 2431 1629 5849 2432 1630 5850 2433 1631 5851 2434 1632 5852 2434 1632 5853 2435 1633 5854 2432 1630 5855 2421 1620 5856 2436 1634 5857 2420 1618 5858 2436 1634 5859 2421 1620 5860 2437 1635 5861 2422 1619 5862 2439 1636 5863 2438 1637 5864 2439 1636 5865 2422 1619 5866 2423 1621 5867 2424 1622 5868 2441 1638 5869 2440 1639 5870 2441 1638 5871 2424 1622 5872 2425 1624 5873 2442 1640 5874 2428 1626 5875 2429 1628 5876 2428 1626 5877 2442 1640 5878 2443 1641 5879 2436 1634 5880 2445 1642 5881 2444 1643 5882 2445 1642 5883 2436 1634 5884 2437 1635 5885 2446 1644 5886 2448 1645 5887 2447 1646 5888 2448 1645 5889 2446 1644 5890 2449 1647 5891 2426 1623 5892 2446 1644 5893 2447 1646 5894 2446 1644 5895 2426 1623 5896 2427 1625 5897 2438 1637 5898 2451 1648 5899 2450 1649 5900 2451 1648 5901 2438 1637 5902 2439 1636 5903 2452 1650 5904 2453 1651 5905 2454 1652 5906 2454 1652 5907 2455 1653 5908 2452 1650 5909 2432 1630 5910 2435 1633 5911 2455 1653 5912 2455 1653 5913 2454 1652 5914 2432 1630 5915 2456 1654 5916 2441 1638 5917 2457 1655 5918 2441 1638 5919 2456 1654 5920 2440 1639 5921 2458 1656 5922 2460 1657 5923 2459 1658 5924 2460 1657 5925 2458 1656 5926 2461 1659 5927 2459 1658 5928 2431 1629 5929 2458 1656 5930 2431 1629 5931 2459 1658 5932 2430 1627 5933 2462 1660 5934 2442 1640 5935 2463 1661 5936 2442 1640 5937 2462 1660 5938 2443 1641 5939 2464 1662 5940 2465 1663 5941 2466 1664 5942 2466 1664 5943 2467 1665 5944 2464 1662 5945 2466 1664 5946 2465 1663 5947 2434 1632 5948 2434 1632 5949 2433 1631 5950 2466 1664 5951 2468 1666 5952 2470 1667 5953 2469 1668 5954 2470 1667 5955 2468 1666 5956 2471 1669 5957 2472 1670 5958 2474 1671 5959 2473 1672 5960 2474 1671 5961 2472 1670 5962 2475 1673 5963 2476 1674 5964 2478 1675 5965 2477 1676 5966 2478 1675 5967 2476 1674 5968 2479 1677 5969 2480 1678 5970 2482 1679 5971 2481 1680 5972 2482 1679 5973 2480 1678 5974 2483 1681 5975 2484 1682 5976 2438 1637 5977 2485 1683 5978 2438 1637 5979 2484 1682 5980 2422 1619 5981 2426 1623 5982 2487 1684 5983 2486 1685 5984 2487 1684 5985 2426 1623 5986 2447 1646 5987 2488 1686 5988 2489 1687 5989 2466 1664 5990 2466 1664 5991 2433 1631 5992 2488 1686 5993 2459 1658 5994 2490 1688 5995 2430 1627 5996 2490 1688 5997 2459 1658 5998 2491 1689 5999 2454 1652 6000 2492 1690 6001 2493 1691 6002 2493 1691 6003 2432 1630 6004 2454 1652 6005 2453 1651 6006 2494 1692 6007 2492 1690 6008 2492 1690 6009 2454 1652 6010 2453 1651 6011 2450 1649 6012 2485 1683 6013 2438 1637 6014 2485 1683 6015 2450 1649 6016 2495 1693 6017 2496 1694 6018 2421 1620 6019 2497 1695 6020 2421 1620 6021 2496 1694 6022 2437 1635 6023 2445 1642 6024 2496 1694 6025 2498 1696 6026 2496 1694 6027 2445 1642 6028 2437 1635 6029 2499 1697 6030 2447 1646 6031 2448 1645 6032 2447 1646 6033 2499 1697 6034 2487 1684 6035 2500 1698 6036 2442 1640 6037 2429 1628 6038 2442 1640 6039 2500 1698 6040 2501 1699 6041 2463 1661 6042 2501 1699 6043 2502 1700 6044 2501 1699 6045 2463 1661 6046 2442 1640 6047 2503 1701 6048 2467 1665 6049 2466 1664 6050 2466 1664 6051 2489 1687 6052 2503 1701 6053 2425 1624 6054 2504 1702 6055 2441 1638 6056 2504 1702 6057 2425 1624 6058 2505 1703 6059 2506 1704 6060 2441 1638 6061 2504 1702 6062 2441 1638 6063 2506 1704 6064 2457 1655 6065 2460 1657 6066 2491 1689 6067 2459 1658 6068 2491 1689 6069 2460 1657 6070 2507 1705 6071 2508 1706 6072 2469 1668 6073 2470 1667 6074 2469 1668 6075 2508 1706 6076 2509 1707 6077 2484 1682 6078 2421 1620 6079 2422 1619 6080 2421 1620 6081 2484 1682 6082 2497 1695 6083 2505 1703 6084 2511 1708 6085 2510 1709 6086 2511 1708 6087 2505 1703 6088 2486 1685 6089 2486 1685 6090 2425 1624 6091 2426 1623 6092 2425 1624 6093 2486 1685 6094 2505 1703 6095 2512 1710 6096 2479 1677 6097 2476 1674 6098 2479 1677 6099 2512 1710 6100 2513 1711 6101 2490 1688 6102 2429 1628 6103 2430 1627 6104 2429 1628 6105 2490 1688 6106 2500 1698 6107 2488 1686 6108 2493 1691 6109 2514 1712 6110 2514 1712 6111 2515 1713 6112 2488 1686 6113 2433 1631 6114 2432 1630 6115 2493 1691 6116 2493 1691 6117 2488 1686 6118 2433 1631 6119 2516 1714 6120 2509 1707 6121 2517 1715 6122 2509 1707 6123 2516 1714 6124 2469 1668 6125 2468 1666 6126 2516 1714 6127 2518 1716 6128 2516 1714 6129 2468 1666 6130 2469 1668 6131 2519 1717 6132 2521 1718 6133 2520 1719 6134 2521 1718 6135 2519 1717 6136 2522 1720 6137 2475 1673 6138 2523 1721 6139 2474 1671 6140 2523 1721 6141 2475 1673 6142 2524 1722 6143 2525 1723 6144 2527 1724 6145 2526 1725 6146 2527 1724 6147 2525 1723 6148 2528 1726 6149 2482 1679 6150 2530 1727 6151 2529 1728 6152 2530 1727 6153 2482 1679 6154 2483 1681 6155 2531 1729 6156 2513 1711 6157 2532 1730 6158 2513 1711 6159 2531 1729 6160 2479 1677 6161 2531 1729 6162 2478 1675 6163 2479 1677 6164 2478 1675 6165 2531 1729 6166 2533 1731 6167 2534 1732 6168 2535 1733 6169 2536 1734 6170 2536 1734 6171 2537 1735 6172 2534 1732 6173 2538 1736 6174 2481 1680 6175 2539 1737 6176 2481 1680 6177 2538 1736 6178 2480 1678 6179 2537 1735 6180 2536 1734 6181 2540 1738 6182 2540 1738 6183 2541 1739 6184 2537 1735 6185 2539 1737 6186 2542 1740 6187 2538 1736 6188 2542 1740 6189 2539 1737 6190 2543 1741 6191 2544 1742 6192 2545 1743 6193 2546 1744 6194 2546 1744 6195 2547 1745 6196 2544 1742 6197 2543 1741 6198 2516 1714 6199 2542 1740 6200 2516 1714 6201 2543 1741 6202 2518 1716 6203 2508 1706 6204 2549 1746 6205 2548 1747 6206 2549 1746 6207 2508 1706 6208 2470 1667 6209 2470 1667 6210 2550 1748 6211 2549 1746 6212 2550 1748 6213 2470 1667 6214 2471 1669 6215 2551 1749 6216 2553 1750 6217 2552 1751 6218 2553 1750 6219 2551 1749 6220 2554 1752 6221 2555 1753 6222 2549 1746 6223 2550 1748 6224 2549 1746 6225 2555 1753 6226 2556 1754 6227 2551 1749 6228 2519 1717 6229 2520 1719 6230 2519 1717 6231 2551 1749 6232 2552 1751 6233 2524 1722 6234 2555 1753 6235 2523 1721 6236 2555 1753 6237 2524 1722 6238 2556 1754 6239 2512 1710 6240 2558 1755 6241 2557 1756 6242 2558 1755 6243 2512 1710 6244 2476 1674 6245 2558 1755 6246 2477 1676 6247 2559 1757 6248 2477 1676 6249 2558 1755 6250 2476 1674 6251 2560 1758 6252 2562 1759 6253 2561 1760 6254 2562 1759 6255 2560 1758 6256 2563 1761 6257 2564 1762 6258 2558 1755 6259 2559 1757 6260 2558 1755 6261 2564 1762 6262 2565 1763 6263 2560 1758 6264 2525 1723 6265 2526 1725 6266 2525 1723 6267 2560 1758 6268 2561 1760 6269 2530 1727 6270 2564 1762 6271 2529 1728 6272 2564 1762 6273 2530 1727 6274 2565 1763 6275 2566 1764 6276 2568 1765 6277 2567 1766 6278 2568 1765 6279 2566 1764 6280 2569 1767 6281 2473 1672 6282 2570 1768 6283 2472 1670 6284 2570 1768 6285 2473 1672 6286 2571 1769 6287 2572 1770 6288 2566 1764 6289 2573 1771 6290 2566 1764 6291 2572 1770 6292 2569 1767 6293 2574 1772 6294 2571 1769 6295 2575 1773 6296 2571 1769 6297 2574 1772 6298 2570 1768 6299 2576 1774 6300 2531 1729 6301 2532 1730 6302 2531 1729 6303 2576 1774 6304 2574 1772 6305 2531 1729 6306 2575 1773 6307 2533 1731 6308 2575 1773 6309 2531 1729 6310 2574 1772 6311 2577 1775 6312 2579 1775 6313 2578 1775 6314 2579 1775 6315 2577 1775 6316 2580 1775 6317 2581 16 6318 2583 16 6319 2582 16 6320 2583 16 6321 2581 16 6322 2584 16 6323 2585 1776 6324 2586 1776 6325 2587 1776 6326 2587 1776 6327 2588 1776 6328 2585 1776 6329 2589 1777 6330 2590 1778 6331 2591 1779 6332 2591 1775 6333 2592 1775 6334 2589 1775 6335 2593 16 6336 2594 16 6337 2595 16 6338 2595 16 6339 2596 16 6340 2593 16 6341 2597 1776 6342 2599 1776 6343 2598 1776 6344 2599 1780 6345 2597 1781 6346 2600 1782 6347 2601 10 6348 2603 10 6349 2602 10 6350 2603 10 6351 2601 10 6352 2604 10 6353 2602 10 6354 2603 10 6355 2605 10 6356 2606 10 6357 2603 10 6358 2604 10 6359 2607 1783 6360 2609 1784 6361 2608 1785 6362 2609 1784 6363 2607 1783 6364 2610 1786 6365 2611 1787 6366 2613 1788 6367 2612 1789 6368 2613 1788 6369 2611 1787 6370 2614 1790 6371 2615 1791 6372 2616 1792 6373 2617 1793 6374 2617 1793 6375 2618 1794 6376 2615 1791 6377 2619 1795 6378 2620 1796 6379 2621 1797 6380 2621 1797 6381 2622 1798 6382 2619 1795 6383 2623 1799 6384 2624 1800 6385 2625 1801 6386 2625 1801 6387 2626 1802 6388 2623 1799 6389 2627 1803 6390 2629 1804 6391 2628 1805 6392 2629 1804 6393 2627 1803 6394 2630 1806 6395 2631 1807 6396 2633 1808 6397 2632 1809 6398 2633 1810 6399 2631 1811 6400 2634 1812 6401 2635 16 6402 2637 16 6403 2636 16 6404 2637 16 6405 2635 16 6406 2638 16 6407 2639 1776 6408 2640 1776 6409 2641 1776 6410 2641 1776 6411 2642 1776 6412 2639 1776 6413 2643 1775 6414 2644 1775 6415 2645 1775 6416 2645 1777 6417 2646 1778 6418 2643 1779 6419 2647 16 6420 2648 16 6421 2649 16 6422 2649 16 6423 2650 16 6424 2647 16 6425 2651 1813 6426 2653 1813 6427 2652 1813 6428 2653 1814 6429 2651 1815 6430 2654 1816 6431 2655 10 6432 2657 10 6433 2656 10 6434 2657 10 6435 2655 10 6436 2658 10 6437 2657 10 6438 2658 10 6439 2659 10 6440 2660 10 6441 2658 10 6442 2655 10 6443 2661 1817 6444 2663 1818 6445 2662 1819 6446 2663 1818 6447 2661 1817 6448 2664 1820 6449 2665 1821 6450 2667 1822 6451 2666 1823 6452 2667 1822 6453 2665 1821 6454 2668 1824 6455 2669 1825 6456 2671 1826 6457 2670 1827 6458 2671 1826 6459 2669 1825 6460 2672 1828 6461 2673 1829 6462 2674 1830 6463 2675 1795 6464 2675 1795 6465 2676 1796 6466 2673 1829 6467 2677 1831 6468 2678 1832 6469 2679 1833 6470 2679 1833 6471 2680 1834 6472 2677 1831 6473 2681 1835 6474 2683 1836 6475 2682 1837 6476 2683 1836 6477 2681 1835 6478 2684 1838 6479 2685 1839 6480 2687 1840 6481 2686 1841 6482 2687 1842 6483 2685 1843 6484 2688 1844 6485 2689 16 6486 2691 16 6487 2690 16 6488 2691 16 6489 2689 16 6490 2692 16 6491 2693 1845 6492 2694 1846 6493 2695 1847 6494 2695 1848 6495 2696 1849 6496 2693 1850 6497 2697 1851 6498 2698 1852 6499 2699 1853 6500 2699 1854 6501 2700 1854 6502 2697 1854 6503 2701 16 6504 2702 16 6505 2703 16 6506 2703 16 6507 2704 16 6508 2701 16 6509 2705 1855 6510 2707 1856 6511 2706 1857 6512 2707 1813 6513 2705 1813 6514 2708 1813 6515 2709 1858 6516 2711 1858 6517 2710 1858 6518 2711 10 6519 2709 10 6520 2712 10 6521 2711 1859 6522 2712 1859 6523 2713 1859 6524 2714 10 6525 2712 10 6526 2709 10 6527 2715 1860 6528 2717 1861 6529 2716 1862 6530 2717 1861 6531 2715 1860 6532 2718 1863 6533 2719 1864 6534 2717 1861 6535 2720 1865 6536 2717 1861 6537 2719 1864 6538 2716 1862 6539 2721 1866 6540 2723 1867 6541 2722 1868 6542 2723 1867 6543 2721 1866 6544 2724 1869 6545 2725 1870 6546 2726 1871 6547 2727 1872 6548 2727 1872 6549 2728 1873 6550 2725 1870 6551 2729 1874 6552 2731 1875 6553 2730 1876 6554 2731 1875 6555 2729 1874 6556 2732 1877 6557 2731 1875 6558 2718 1863 6559 2715 1860 6560 2718 1863 6561 2731 1875 6562 2732 1877 6563 2733 1839 6564 2735 1840 6565 2734 1841 6566 2735 1842 6567 2733 1843 6568 2736 1844 6569 2737 16 6570 2739 16 6571 2738 16 6572 2739 16 6573 2737 16 6574 2740 16 6575 2741 1845 6576 2742 1846 6577 2743 1847 6578 2743 1848 6579 2744 1849 6580 2741 1850 6581 2745 1851 6582 2746 1852 6583 2747 1853 6584 2747 1854 6585 2748 1854 6586 2745 1854 6587 2749 16 6588 2750 16 6589 2751 16 6590 2751 16 6591 2752 16 6592 2749 16 6593 2753 1855 6594 2755 1856 6595 2754 1857 6596 2755 1813 6597 2753 1813 6598 2756 1813 6599 2757 1878 6600 2759 1878 6601 2758 1878 6602 2759 10 6603 2757 10 6604 2760 10 6605 2759 1879 6606 2760 1879 6607 2761 1879 6608 2762 10 6609 2760 10 6610 2757 10 6611 2763 1880 6612 2765 1881 6613 2764 1882 6614 2765 1881 6615 2763 1880 6616 2766 1883 6617 2767 1864 6618 2769 1884 6619 2768 1865 6620 2769 1884 6621 2767 1864 6622 2770 1885 6623 2771 1886 6624 2773 1887 6625 2772 1888 6626 2773 1887 6627 2771 1886 6628 2774 1889 6629 2775 1890 6630 2776 1891 6631 2777 1892 6632 2777 1892 6633 2778 1893 6634 2775 1890 6635 2779 1894 6636 2780 1895 6637 2781 1896 6638 2781 1896 6639 2782 1897 6640 2779 1894 6641 2783 1898 6642 2785 1899 6643 2784 1900 6644 2785 1899 6645 2783 1898 6646 2786 1901 6647 2787 1839 6648 2789 1840 6649 2788 1841 6650 2789 1842 6651 2787 1843 6652 2790 1844 6653 2791 16 6654 2793 16 6655 2792 16 6656 2793 16 6657 2791 16 6658 2794 16 6659 2795 1845 6660 2796 1846 6661 2797 1847 6662 2797 1848 6663 2798 1849 6664 2795 1850 6665 2799 1854 6666 2800 1854 6667 2801 1854 6668 2801 1902 6669 2802 1903 6670 2799 1904 6671 2803 16 6672 2804 16 6673 2805 16 6674 2805 16 6675 2806 16 6676 2803 16 6677 2807 1813 6678 2809 1813 6679 2808 1813 6680 2809 1905 6681 2807 1906 6682 2810 1907 6683 2811 1908 6684 2813 1908 6685 2812 1908 6686 2813 10 6687 2811 10 6688 2814 10 6689 2813 1879 6690 2814 1879 6691 2815 1879 6692 2816 10 6693 2814 10 6694 2811 10 6695 2817 1909 6696 2819 1910 6697 2818 1911 6698 2819 1910 6699 2817 1909 6700 2820 1882 6701 2821 1912 6702 2823 1913 6703 2822 1914 6704 2823 1913 6705 2821 1912 6706 2824 1915 6707 2825 1916 6708 2827 1917 6709 2826 1918 6710 2827 1917 6711 2825 1916 6712 2828 1919 6713 2829 1920 6714 2830 1921 6715 2831 1922 6716 2831 1922 6717 2832 1923 6718 2829 1920 6719 2833 1924 6720 2834 1925 6721 2835 1926 6722 2835 1926 6723 2836 1927 6724 2833 1924 6725 2837 1928 6726 2839 1929 6727 2838 1930 6728 2839 1929 6729 2837 1928 6730 2840 1931 6731 2841 1839 6732 2843 1840 6733 2842 1841 6734 2843 1842 6735 2841 1843 6736 2844 1844 6737 2845 16 6738 2847 16 6739 2846 16 6740 2847 16 6741 2845 16 6742 2848 16 6743 2849 1845 6744 2850 1846 6745 2851 1847 6746 2851 1848 6747 2852 1849 6748 2849 1850 6749 2853 1854 6750 2854 1854 6751 2855 1854 6752 2855 1902 6753 2856 1903 6754 2853 1904 6755 2857 16 6756 2858 16 6757 2859 16 6758 2859 16 6759 2860 16 6760 2857 16 6761 2861 1813 6762 2863 1813 6763 2862 1813 6764 2863 1905 6765 2861 1906 6766 2864 1907 6767 2865 1858 6768 2867 1858 6769 2866 1858 6770 2867 10 6771 2865 10 6772 2868 10 6773 2867 1859 6774 2868 1859 6775 2869 1859 6776 2870 10 6777 2868 10 6778 2865 10 6779 2871 1932 6780 2873 1933 6781 2872 1934 6782 2873 1933 6783 2871 1932 6784 2874 1935 6785 2875 1936 6786 2877 1937 6787 2876 1938 6788 2877 1937 6789 2875 1936 6790 2878 1939 6791 2879 1940 6792 2881 1941 6793 2880 1942 6794 2881 1941 6795 2879 1940 6796 2882 1943 6797 2883 1944 6798 2884 1945 6799 2885 1946 6800 2885 1946 6801 2886 1947 6802 2883 1944 6803 2887 1894 6804 2888 1895 6805 2889 1896 6806 2889 1896 6807 2890 1897 6808 2887 1894 6809 2891 1948 6810 2893 1949 6811 2892 1950 6812 2893 1949 6813 2891 1948 6814 2894 1951 6815 2895 1839 6816 2897 1840 6817 2896 1841 6818 2897 1842 6819 2895 1843 6820 2898 1844 6821 2899 16 6822 2901 16 6823 2900 16 6824 2901 16 6825 2899 16 6826 2902 16 6827 2903 1776 6828 2904 1776 6829 2905 1776 6830 2905 1776 6831 2906 1776 6832 2903 1776 6833 2907 1775 6834 2908 1775 6835 2909 1775 6836 2909 1778 6837 2910 1952 6838 2907 1953 6839 2911 16 6840 2912 16 6841 2913 16 6842 2913 16 6843 2914 16 6844 2911 16 6845 2915 1813 6846 2917 1813 6847 2916 1813 6848 2917 1905 6849 2915 1906 6850 2918 1907 6851 2919 10 6852 2921 10 6853 2920 10 6854 2921 10 6855 2919 10 6856 2922 10 6857 2921 10 6858 2922 10 6859 2923 10 6860 2924 10 6861 2922 10 6862 2919 10 6863 2925 1954 6864 2927 1955 6865 2926 1956 6866 2927 1955 6867 2925 1954 6868 2928 1957 6869 2929 1958 6870 2931 1959 6871 2930 1960 6872 2931 1959 6873 2929 1958 6874 2932 1961 6875 2933 1962 6876 2934 1963 6877 2935 1964 6878 2935 1964 6879 2936 1965 6880 2933 1962 6881 2937 1966 6882 2938 1796 6883 2939 1967 6884 2939 1967 6885 2940 1968 6886 2937 1966 6887 2941 1969 6888 2942 1970 6889 2943 1971 6890 2943 1971 6891 2944 1972 6892 2941 1969 6893 2945 1973 6894 2947 1974 6895 2946 1975 6896 2947 1974 6897 2945 1973 6898 2948 1976 6899 2949 1775 6900 2951 1775 6901 2950 1775 6902 2951 1775 6903 2949 1775 6904 2952 1775 6905 2953 16 6906 2955 16 6907 2954 16 6908 2955 16 6909 2953 16 6910 2956 16 6911 2957 1776 6912 2958 1776 6913 2959 1776 6914 2959 1776 6915 2960 1776 6916 2957 1776 6917 2961 1778 6918 2962 1952 6919 2963 1953 6920 2963 1775 6921 2964 1775 6922 2961 1775 6923 2965 16 6924 2966 16 6925 2967 16 6926 2967 16 6927 2968 16 6928 2965 16 6929 2969 1977 6930 2971 1978 6931 2970 1979 6932 2971 1776 6933 2969 1776 6934 2972 1776 6935 2973 10 6936 2975 10 6937 2974 10 6938 2975 10 6939 2973 10 6940 2976 10 6941 2975 10 6942 2976 10 6943 2977 10 6944 2978 10 6945 2976 10 6946 2973 10 6947 2979 1980 6948 2981 1981 6949 2980 1982 6950 2981 1981 6951 2979 1980 6952 2982 1983 6953 2983 1984 6954 2985 1985 6955 2984 1986 6956 2985 1985 6957 2983 1984 6958 2986 1987 6959 2987 1988 6960 2988 1989 6961 2989 1990 6962 2989 1990 6963 2990 1965 6964 2987 1988 6965 2991 1967 6966 2992 1968 6967 2993 1966 6968 2993 1966 6969 2994 1796 6970 2991 1967 6971 2995 1801 6972 2996 1802 6973 2997 1799 6974 2997 1799 6975 2998 1800 6976 2995 1801 6977 2999 1991 6978 3001 1992 6979 3000 1993 6980 3001 1992 6981 2999 1991 6982 3002 1994 6983 3003 1995 6984 3005 1996 6985 3004 1997 6986 3005 1996 6987 3003 1995 6988 3006 1998 6989 3007 1999 6990 3004 1997 6991 3005 1996 6992 3004 1997 6993 3007 1999 6994 3008 2000 6995 3009 2001 6996 3011 2002 6997 3010 2003 6998 3011 2002 6999 3009 2001 7000 3012 2004 7001 3012 2004 7002 3014 2005 7003 3013 2006 7004 3014 2005 7005 3012 2004 7006 3009 2001 7007 3013 2006 7008 3016 2007 7009 3015 2008 7010 3016 2007 7011 3013 2006 7012 3014 2005 7013 3017 2009 7014 3019 2010 7015 3018 2011 7016 3019 2010 7017 3017 2009 7018 3020 2012 7019 3018 2011 7020 3022 2013 7021 3021 2014 7022 3022 2013 7023 3018 2011 7024 3019 2010 7025 3023 2015 7026 3024 2016 7027 3025 2017 7028 3025 2017 7029 3026 2018 7030 3023 2015 7031 3024 2016 7032 3027 2019 7033 3028 2020 7034 3028 2020 7035 3025 2017 7036 3024 2016 7037 3027 2019 7038 3029 2021 7039 3030 2022 7040 3030 2022 7041 3028 2020 7042 3027 2019 7043 3029 2021 7044 3031 2023 7045 3032 2024 7046 3032 2024 7047 3030 2022 7048 3029 2021 7049 3033 2025 7050 3035 2026 7051 3034 2027 7052 3035 2026 7053 3033 2025 7054 3036 2028 7055 3037 2029 7056 3034 2027 7057 3035 2026 7058 3034 2027 7059 3037 2029 7060 3038 2030 7061 3038 2030 7062 3040 2031 7063 3039 2032 7064 3040 2031 7065 3038 2030 7066 3037 2029 7067 3041 2033 7068 3039 2032 7069 3040 2031 7070 3039 2032 7071 3041 2033 7072 3042 2034 7073 3043 2035 7074 3042 2034 7075 3041 2033 7076 3042 2034 7077 3043 2035 7078 3044 2036 7079 3045 2037 7080 3047 2038 7081 3046 2039 7082 3047 2038 7083 3045 2037 7084 3048 2040 7085 3006 1998 7086 3046 2039 7087 3047 2038 7088 3046 2039 7089 3006 1998 7090 3003 1995 7091 3049 10 7092 3051 10 7093 3050 10 7094 3051 10 7095 3049 10 7096 3052 10 7097 3051 10 7098 3054 10 7099 3053 10 7100 3054 10 7101 3051 10 7102 3055 10 7103 3054 2041 7104 3055 2041 7105 3056 2041 7106 3057 10 7107 3059 10 7108 3058 10 7109 3059 10 7110 3057 10 7111 3055 10 7112 3058 10 7113 3059 10 7114 3060 10 7115 3061 10 7116 3059 10 7117 3062 10 7118 3059 10 7119 3061 10 7120 3063 10 7121 3061 10 7122 3062 10 7123 3064 10 7124 3051 10 7125 3059 10 7126 3055 10 7127 3059 10 7128 3051 10 7129 3062 10 7130 3065 10 7131 3051 10 7132 3052 10 7133 3051 10 7134 3065 10 7135 3062 10 7136 3066 10 7137 3052 10 7138 3049 10 7139 3067 2042 7140 3069 2042 7141 3068 2042 7142 3069 10 7143 3067 10 7144 3070 10 7145 3068 2043 7146 3072 2043 7147 3071 2043 7148 3072 10 7149 3068 10 7150 3069 10 7151 3073 2044 7152 3071 2044 7153 3072 2044 7154 3071 2045 7155 3073 2045 7156 3074 2045 7157 3075 10 7158 3073 10 7159 3076 10 7160 3073 10 7161 3075 10 7162 3074 10 7163 3076 10 7164 3077 10 7165 3075 10 7166 3077 10 7167 3076 10 7168 3078 10 7169 3077 2046 7170 3080 2046 7171 3079 2046 7172 3080 2047 7173 3077 2047 7174 3078 2047 7175 3081 10 7176 3080 10 7177 3082 10 7178 3080 2048 7179 3081 2048 7180 3079 2048 7181 3083 2049 7182 3082 2049 7183 3084 2049 7184 3082 10 7185 3083 10 7186 3081 10 7187 3083 10 7188 3086 10 7189 3085 10 7190 3086 10 7191 3083 10 7192 3084 10 7193 3086 10 7194 3087 10 7195 3085 10 7196 3087 10 7197 3086 10 7198 3088 10 7199 3087 2050 7200 3090 2050 7201 3089 2050 7202 3090 2051 7203 3087 2051 7204 3088 2051 7205 3090 2052 7206 3091 2052 7207 3089 2052 7208 3091 2053 7209 3090 2053 7210 3092 2053 7211 3093 2054 7212 3091 2054 7213 3092 2054 7214 3091 2055 7215 3093 2055 7216 3094 2055 7217 3095 10 7218 3093 10 7219 3096 10 7220 3093 10 7221 3095 10 7222 3094 10 7223 3096 10 7224 3097 10 7225 3095 10 7226 3097 10 7227 3096 10 7228 3098 10 7229 3098 2056 7230 3099 2056 7231 3097 2056 7232 3099 10 7233 3098 10 7234 3100 10 7235 3100 10 7236 3101 10 7237 3099 10 7238 3101 10 7239 3100 10 7240 3102 10 7241 3101 2057 7242 3070 2057 7243 3067 2057 7244 3070 10 7245 3101 10 7246 3102 10 7247 3103 2058 7248 3104 2059 7249 3105 2060 7250 3105 2060 7251 3106 2061 7252 3103 2058 7253 3107 2062 7254 3104 2059 7255 3103 2058 7256 3103 2058 7257 3108 2063 7258 3107 2062 7259 3109 2064 7260 3110 2065 7261 3111 2066 7262 3111 2066 7263 3112 2067 7264 3109 2064 7265 3113 2068 7266 3114 2069 7267 3112 2067 7268 3112 2067 7269 3111 2066 7270 3113 2068 7271 3114 2069 7272 3113 2068 7273 3115 2070 7274 3115 2070 7275 3116 2071 7276 3114 2069 7277 3116 2071 7278 3115 2070 7279 3117 2072 7280 3117 2072 7281 3118 2073 7282 3116 2071 7283 3118 2073 7284 3117 2072 7285 3119 2074 7286 3119 2074 7287 3120 2075 7288 3118 2073 7289 3121 2076 7290 3123 2077 7291 3122 2078 7292 3123 2077 7293 3121 2076 7294 3124 2079 7295 3125 2080 7296 3122 2078 7297 3123 2077 7298 3122 2078 7299 3125 2080 7300 3126 2081 7301 3126 2081 7302 3128 2082 7303 3127 2083 7304 3128 2082 7305 3126 2081 7306 3125 2080 7307 3127 2083 7308 3130 2084 7309 3129 2085 7310 3130 2084 7311 3127 2083 7312 3128 2082 7313 3131 2086 7314 3133 2087 7315 3132 2088 7316 3133 2087 7317 3131 2086 7318 3134 2089 7319 3134 2089 7320 3135 2090 7321 3133 2087 7322 3135 2090 7323 3134 2089 7324 3136 2091 7325 3135 2090 7326 3138 2092 7327 3137 2093 7328 3138 2092 7329 3135 2090 7330 3136 2091 7331 3139 2094 7332 3140 2095 7333 3141 2096 7334 3141 2096 7335 3142 2097 7336 3139 2094 7337 3140 2095 7338 3143 2098 7339 3144 2099 7340 3144 2099 7341 3141 2096 7342 3140 2095 7343 3145 2100 7344 3146 2101 7345 3147 2102 7346 3147 2102 7347 3148 2103 7348 3145 2100 7349 3105 2060 7350 3148 2103 7351 3147 2102 7352 3147 2102 7353 3106 2061 7354 3105 2060 7355 3149 10 7356 3151 10 7357 3150 10 7358 3151 10 7359 3149 10 7360 3152 10 7361 3151 2104 7362 3153 2104 7363 3150 2104 7364 3153 2105 7365 3151 2105 7366 3154 2105 7367 3153 10 7368 3156 10 7369 3155 10 7370 3156 2106 7371 3153 2106 7372 3154 2106 7373 3156 10 7374 3157 10 7375 3155 10 7376 3157 10 7377 3156 10 7378 3158 10 7379 3158 10 7380 3159 10 7381 3157 10 7382 3159 1132 7383 3158 1132 7384 3160 1132 7385 3159 10 7386 3162 10 7387 3161 10 7388 3162 2107 7389 3159 2107 7390 3160 2107 7391 3162 1142 7392 3163 1142 7393 3161 1142 7394 3163 2106 7395 3162 2106 7396 3164 2106 7397 3165 10 7398 3164 10 7399 3166 10 7400 3164 2108 7401 3165 2108 7402 3163 2108 7403 3166 2109 7404 3167 2109 7405 3165 2109 7406 3167 2110 7407 3166 2110 7408 3168 2110 7409 3168 2111 7410 3169 2111 7411 3167 2111 7412 3169 2112 7413 3168 2112 7414 3170 2112 7415 3169 1140 7416 3172 1140 7417 3171 1140 7418 3172 10 7419 3169 10 7420 3170 10 7421 3173 10 7422 3172 10 7423 3174 10 7424 3172 10 7425 3173 10 7426 3171 10 7427 3174 10 7428 3175 10 7429 3173 10 7430 3175 10 7431 3174 10 7432 3176 10 7433 3175 2113 7434 3178 2113 7435 3177 2113 7436 3178 2114 7437 3175 2114 7438 3176 2114 7439 3179 2115 7440 3177 2115 7441 3178 2115 7442 3177 1143 7443 3179 1143 7444 3180 1143 7445 3180 2116 7446 3182 2116 7447 3181 2116 7448 3182 2117 7449 3180 2117 7450 3179 2117 7451 3181 10 7452 3184 10 7453 3183 10 7454 3184 2118 7455 3181 2118 7456 3182 2118 7457 3149 2119 7458 3184 2119 7459 3152 2119 7460 3184 2120 7461 3149 2120 7462 3183 2120 7463 3185 2121 7464 3186 2122 7465 3187 2123 7466 3187 2123 7467 3188 2124 7468 3185 2121 7469 3189 2125 7470 3190 2126 7471 3188 2124 7472 3188 2124 7473 3187 2123 7474 3189 2125 7475 3191 2127 7476 3192 2128 7477 3193 2129 7478 3193 2129 7479 3194 2130 7480 3191 2127 7481 3194 2130 7482 3193 2129 7483 3195 2131 7484 3195 2131 7485 3196 2132 7486 3194 2130 7487 3197 2133 7488 3198 2134 7489 3196 2132 7490 3196 2132 7491 3195 2131 7492 3197 2133 7493 3199 2135 7494 3200 2136 7495 3198 2134 7496 3198 2134 7497 3197 2133 7498 3199 2135 7499 3200 2136 7500 3199 2135 7501 3201 2137 7502 3201 2137 7503 3202 2138 7504 3200 2136 7505 3203 2139 7506 3205 2140 7507 3204 2141 7508 3205 2140 7509 3203 2139 7510 3206 2142 7511 3207 2143 7512 3205 2140 7513 3208 2144 7514 3205 2140 7515 3207 2143 7516 3204 2141 7517 3207 2143 7518 3210 2145 7519 3209 2146 7520 3210 2145 7521 3207 2143 7522 3208 2144 7523 3209 2146 7524 3212 2147 7525 3211 2148 7526 3212 2147 7527 3209 2146 7528 3210 2145 7529 3213 2149 7530 3215 2150 7531 3214 2151 7532 3215 2150 7533 3213 2149 7534 3216 2152 7535 3215 2150 7536 3217 2153 7537 3214 2151 7538 3217 2153 7539 3215 2150 7540 3218 2154 7541 3219 2092 7542 3217 2153 7543 3218 2154 7544 3217 2153 7545 3219 2092 7546 3220 2155 7547 3221 2156 7548 3222 2157 7549 3223 2158 7550 3223 2158 7551 3224 2159 7552 3221 2156 7553 3224 2159 7554 3225 2160 7555 3226 2161 7556 3226 2161 7557 3221 2156 7558 3224 2159 7559 3227 2162 7560 3228 2163 7561 3229 2164 7562 3229 2164 7563 3230 2165 7564 3227 2162 7565 3229 2164 7566 3186 2122 7567 3185 2121 7568 3185 2121 7569 3230 2165 7570 3229 2164 7571 3231 2166 7572 3233 2167 7573 3232 2168 7574 3233 2167 7575 3231 2166 7576 3234 2169 7577 3232 2168 7578 3236 2170 7579 3235 2171 7580 3236 2170 7581 3232 2168 7582 3233 2167 7583 3237 2172 7584 3239 2173 7585 3238 2174 7586 3239 2173 7587 3237 2172 7588 3240 2175 7589 3238 2174 7590 3242 2176 7591 3241 2177 7592 3242 2176 7593 3238 2174 7594 3239 2173 7595 3243 2178 7596 3242 2176 7597 3244 2179 7598 3242 2176 7599 3243 2178 7600 3241 2177 7601 3245 2180 7602 3247 2181 7603 3246 2182 7604 3247 2181 7605 3245 2180 7606 3248 2183 7607 3249 2184 7608 3245 2180 7609 3246 2182 7610 3245 2180 7611 3249 2184 7612 3250 2185 7613 3251 2186 7614 3252 2187 7615 3253 2188 7616 3253 2188 7617 3254 2189 7618 3251 2186 7619 3255 2190 7620 3256 2191 7621 3254 2189 7622 3254 2189 7623 3253 2188 7624 3255 2190 7625 3255 2190 7626 3257 2192 7627 3258 2193 7628 3258 2193 7629 3256 2191 7630 3255 2190 7631 3257 2192 7632 3259 2194 7633 3260 2195 7634 3260 2195 7635 3258 2193 7636 3257 2192 7637 3261 2196 7638 3263 2197 7639 3262 2198 7640 3263 2197 7641 3261 2196 7642 3264 2199 7643 3262 2198 7644 3266 2200 7645 3265 2201 7646 3266 2200 7647 3262 2198 7648 3263 2197 7649 3266 2200 7650 3267 2202 7651 3265 2201 7652 3267 2202 7653 3266 2200 7654 3268 2203 7655 3269 2204 7656 3267 2202 7657 3268 2203 7658 3267 2202 7659 3269 2204 7660 3270 2205 7661 3269 2204 7662 3271 2206 7663 3270 2205 7664 3271 2206 7665 3269 2204 7666 3272 2207 7667 3273 2208 7668 3275 2209 7669 3274 2210 7670 3275 2209 7671 3273 2208 7672 3276 2211 7673 3234 2169 7674 3274 2210 7675 3275 2209 7676 3274 2210 7677 3234 2169 7678 3231 2166 7679 3277 1238 7680 3279 1238 7681 3278 1238 7682 3279 10 7683 3277 10 7684 3280 10 7685 3281 10 7686 3283 10 7687 3282 10 7688 3283 2212 7689 3281 2212 7690 3279 2212 7691 3282 10 7692 3283 10 7693 3284 10 7694 3285 10 7695 3287 10 7696 3286 10 7697 3287 10 7698 3285 10 7699 3283 10 7700 3286 2213 7701 3287 2213 7702 3288 2213 7703 3289 2214 7704 3291 2214 7705 3290 2214 7706 3291 2215 7707 3289 2215 7708 3287 2215 7709 3290 10 7710 3291 10 7711 3292 10 7712 3287 10 7713 3279 10 7714 3291 10 7715 3279 10 7716 3287 10 7717 3283 10 7718 3293 10 7719 3279 10 7720 3280 10 7721 3279 10 7722 3293 10 7723 3291 10 7724 3294 10 7725 3280 10 7726 3277 10 7727 3295 2216 7728 3297 2217 7729 3296 18 7730 3297 2217 7731 3295 2216 7732 3298 2218 7733 3299 2219 7734 3301 2220 7735 3300 2221 7736 3301 2220 7737 3299 2219 7738 3302 2222 7739 3303 2223 7740 3297 2217 7741 3298 2218 7742 3297 2217 7743 3303 2223 7744 3304 2224 7745 3301 2220 7746 3306 2225 7747 3305 2226 7748 3306 2225 7749 3301 2220 7750 3302 2222 7751 3307 2227 7752 3309 2228 7753 3308 2229 7754 3309 2228 7755 3307 2227 7756 3310 2230 7757 3311 2231 7758 3313 2232 7759 3312 2233 7760 3313 2232 7761 3311 2231 7762 3314 2234 7763 3315 2235 7764 3310 2230 7765 3316 2236 7766 3310 2230 7767 3315 2235 7768 3309 2228 7769 3317 2237 7770 3314 2234 7771 3318 2238 7772 3314 2234 7773 3317 2237 7774 3313 2232 7775 3315 2235 7776 3320 2239 7777 3319 2178 7778 3320 2239 7779 3315 2235 7780 3316 2236 7781 3321 2239 7782 3317 2237 7783 3318 2238 7784 3317 2237 7785 3321 2239 7786 3322 2178 7787 3323 2240 7788 3325 2241 7789 3324 2242 7790 3325 2241 7791 3323 2240 7792 3326 2243 7793 3327 2244 7794 3329 2245 7795 3328 2246 7796 3329 2245 7797 3327 2244 7798 3330 2247 7799 3326 2243 7800 3332 2248 7801 3331 2249 7802 3332 2248 7803 3326 2243 7804 3323 2240 7805 3327 2244 7806 3333 2250 7807 3330 2247 7808 3333 2250 7809 3327 2244 7810 3334 2251 7811 3335 2252 7812 3336 2253 7813 3337 2254 7814 3337 2254 7815 3338 2255 7816 3335 2252 7817 3339 2256 7818 3340 2257 7819 3341 2258 7820 3341 2258 7821 3342 2259 7822 3339 2256 7823 3343 2260 7824 3338 2255 7825 3337 2254 7826 3337 2254 7827 3344 2261 7828 3343 2260 7829 3340 2257 7830 3339 2256 7831 3345 2262 7832 3345 2262 7833 3346 2263 7834 3340 2257 7835 3347 2264 7836 3343 2260 7837 3344 2261 7838 3344 2261 7839 3348 2265 7840 3347 2264 7841 3349 2266 7842 3346 2263 7843 3345 2262 7844 3345 2262 7845 3350 2267 7846 3349 2266 7847 3351 2268 7848 3347 2264 7849 3348 2265 7850 3348 2265 7851 3352 2269 7852 3351 2268 7853 3353 2270 7854 3349 2266 7855 3350 2267 7856 3350 2267 7857 3354 2271 7858 3353 2270 7859 3355 2272 7860 3357 2273 7861 3356 2274 7862 3357 2273 7863 3355 2272 7864 3358 2275 7865 3359 2276 7866 3361 2277 7867 3360 2278 7868 3361 2277 7869 3359 2276 7870 3362 2279 7871 3363 2280 7872 3358 2275 7873 3355 2272 7874 3358 2275 7875 3363 2280 7876 3364 2281 7877 3365 2282 7878 3362 2279 7879 3359 2276 7880 3362 2279 7881 3365 2282 7882 3366 2283 7883 3367 2284 7884 3364 2281 7885 3363 2280 7886 3364 2281 7887 3367 2284 7888 3368 2285 7889 3369 2286 7890 3366 2283 7891 3365 2282 7892 3366 2283 7893 3369 2286 7894 3370 2287 7895 3371 2288 7896 3368 2285 7897 3367 2284 7898 3368 2285 7899 3371 2288 7900 3372 2289 7901 3373 2290 7902 3370 2287 7903 3369 2286 7904 3370 2287 7905 3373 2290 7906 3374 2291 7907 3375 2292 7908 3372 2289 7909 3371 2288 7910 3372 2289 7911 3375 2292 7912 3376 2293 7913 3377 2294 7914 3374 2291 7915 3373 2290 7916 3374 2291 7917 3377 2294 7918 3378 2295 7919 3379 2296 7920 3381 2297 7921 3380 2298 7922 3381 2297 7923 3379 2296 7924 3382 2299 7925 3383 2300 7926 3385 2301 7927 3384 2302 7928 3385 2301 7929 3383 2300 7930 3386 2303 7931 3382 2299 7932 3295 2216 7933 3296 18 7934 3295 2216 7935 3382 2299 7936 3379 2296 7937 3300 2221 7938 3383 2300 7939 3299 2219 7940 3383 2300 7941 3300 2221 7942 3386 2303 7943 3387 10 7944 3389 10 7945 3388 10 7946 3389 10 7947 3387 10 7948 3390 10 7949 3391 10 7950 3388 10 7951 3389 10 7952 3388 10 7953 3391 10 7954 3392 10 7955 3391 10 7956 3393 10 7957 3392 10 7958 3393 10 7959 3391 10 7960 3394 10 7961 3395 10 7962 3393 10 7963 3394 10 7964 3393 10 7965 3395 10 7966 3396 10 7967 3397 10 7968 3396 10 7969 3395 10 7970 3396 2304 7971 3397 2304 7972 3398 2304 7973 3398 2305 7974 3400 2305 7975 3399 2305 7976 3400 2306 7977 3398 2306 7978 3397 2306 7979 3401 2307 7980 3399 2307 7981 3400 2307 7982 3399 2308 7983 3401 2308 7984 3402 2308 7985 3403 1338 7986 3402 1338 7987 3401 1338 7988 3402 2309 7989 3403 2309 7990 3404 2309 7991 3403 1337 7992 3405 1337 7993 3404 1337 7994 3405 10 7995 3403 10 7996 3406 10 7997 3407 10 7998 3405 10 7999 3406 10 8000 3405 10 8001 3407 10 8002 3408 10 8003 3409 10 8004 3408 10 8005 3407 10 8006 3408 10 8007 3409 10 8008 3410 10 8009 3411 10 8010 3410 10 8011 3409 10 8012 3410 10 8013 3411 10 8014 3412 10 8015 3411 2310 8016 3413 2310 8017 3412 2310 8018 3413 1335 8019 3411 1335 8020 3414 1335 8021 3415 2311 8022 3414 2311 8023 3416 2311 8024 3414 2312 8025 3415 2312 8026 3413 2312 8027 3417 2313 8028 3415 2313 8029 3416 2313 8030 3415 2314 8031 3417 2314 8032 3418 2314 8033 3419 2315 8034 3418 2315 8035 3417 2315 8036 3418 10 8037 3419 10 8038 3420 10 8039 3421 1330 8040 3420 1330 8041 3419 1330 8042 3420 1331 8043 3421 1331 8044 3422 1331 8045 3422 10 8046 3390 10 8047 3387 10 8048 3390 10 8049 3422 10 8050 3421 10 8051 3389 2316 8052 3424 2317 8053 3423 2318 8054 3424 2317 8055 3389 2316 8056 3390 10 8057 3425 2319 8058 3389 2316 8059 3423 2318 8060 3389 2316 8061 3425 2319 8062 3391 2320 8063 3426 2321 8064 3391 2320 8065 3425 2319 8066 3391 2320 8067 3426 2321 8068 3394 2322 8069 3395 2323 8070 3426 2321 8071 3427 2324 8072 3426 2321 8073 3395 2323 8074 3394 2322 8075 3427 2324 8076 3397 2325 8077 3395 2323 8078 3397 2325 8079 3427 2324 8080 3428 2326 8081 3400 2327 8082 3428 2326 8083 3429 2328 8084 3428 2326 8085 3400 2327 8086 3397 2325 8087 3429 2328 8088 3401 2329 8089 3400 2327 8090 3401 2329 8091 3429 2328 8092 3430 2330 8093 3401 2329 8094 3431 2331 8095 3403 2332 8096 3431 2331 8097 3401 2329 8098 3430 2330 8099 3431 2331 8100 3406 2333 8101 3403 2332 8102 3406 2333 8103 3431 2331 8104 3432 2334 8105 3433 2335 8106 3406 2333 8107 3432 2334 8108 3406 2333 8109 3433 2335 8110 3407 10 8111 3434 2336 8112 3407 10 8113 3433 2335 8114 3407 10 8115 3434 2336 8116 3409 2337 8117 3435 2338 8118 3409 2337 8119 3434 2336 8120 3409 2337 8121 3435 2338 8122 3411 2339 8123 3414 2340 8124 3435 2338 8125 3436 2341 8126 3435 2338 8127 3414 2340 8128 3411 2339 8129 3437 2342 8130 3414 2340 8131 3436 2341 8132 3414 2340 8133 3437 2342 8134 3416 2343 8135 3437 2342 8136 3417 2344 8137 3416 2343 8138 3417 2344 8139 3437 2342 8140 3438 2345 8141 3417 2344 8142 3439 2346 8143 3419 2347 8144 3439 2346 8145 3417 2344 8146 3438 2345 8147 3440 2348 8148 3419 2347 8149 3439 2346 8150 3419 2347 8151 3440 2348 8152 3421 2349 8153 3440 2348 8154 3390 10 8155 3421 2349 8156 3390 10 8157 3440 2348 8158 3424 2317 8159 3441 10 8160 3443 10 8161 3442 10 8162 3443 2350 8163 3441 2350 8164 3444 2350 8165 3442 2351 8166 3446 2351 8167 3445 2351 8168 3446 10 8169 3442 10 8170 3443 10 8171 3446 10 8172 3447 10 8173 3445 10 8174 3447 10 8175 3446 10 8176 3448 10 8177 3449 2352 8178 3448 2352 8179 3450 2352 8180 3448 10 8181 3449 10 8182 3447 10 8183 3450 10 8184 3451 10 8185 3449 10 8186 3451 10 8187 3450 10 8188 3452 10 8189 3453 10 8190 3451 10 8191 3452 10 8192 3451 10 8193 3453 10 8194 3454 10 8195 3455 10 8196 3454 10 8197 3453 10 8198 3454 2353 8199 3455 2353 8200 3456 2353 8201 3457 2354 8202 3455 2354 8203 3458 2354 8204 3455 2355 8205 3457 2355 8206 3456 2355 8207 3459 2356 8208 3458 2356 8209 3460 2356 8210 3458 2357 8211 3459 2357 8212 3457 2357 8213 3461 2358 8214 3460 2358 8215 3462 2358 8216 3460 2356 8217 3461 2356 8218 3459 2356 8219 3463 2359 8220 3462 2359 8221 3464 2359 8222 3462 1382 8223 3463 1382 8224 3461 1382 8225 3465 2360 8226 3464 2360 8227 3466 2360 8228 3464 10 8229 3465 10 8230 3463 10 8231 3467 10 8232 3466 10 8233 3468 10 8234 3466 10 8235 3467 10 8236 3465 10 8237 3469 2361 8238 3468 2361 8239 3470 2361 8240 3468 10 8241 3469 10 8242 3467 10 8243 3471 2362 8244 3470 2362 8245 3472 2362 8246 3470 10 8247 3471 10 8248 3469 10 8249 3473 2363 8250 3472 2363 8251 3474 2363 8252 3472 2364 8253 3473 2364 8254 3471 2364 8255 3475 2365 8256 3474 2365 8257 3476 2365 8258 3474 2366 8259 3475 2366 8260 3473 2366 8261 3441 2367 8262 3476 2367 8263 3444 2367 8264 3476 2368 8265 3441 2368 8266 3475 2368 8267 3477 2369 8268 3478 2370 8269 3479 2371 8270 3479 2371 8271 3480 2372 8272 3477 2369 8273 3479 2371 8274 3478 2370 8275 3481 2373 8276 3481 2373 8277 3482 2374 8278 3479 2371 8279 3483 2375 8280 3484 1409 8281 3485 2376 8282 3485 2376 8283 3486 2377 8284 3483 2375 8285 3485 2376 8286 3484 1409 8287 3487 2378 8288 3487 2378 8289 3488 2379 8290 3485 2376 8291 3488 2379 8292 3487 2378 8293 3489 2380 8294 3489 2380 8295 3490 2381 8296 3488 2379 8297 3489 2380 8298 3491 2382 8299 3492 2383 8300 3492 2383 8301 3490 2381 8302 3489 2380 8303 3493 2384 8304 3492 2383 8305 3491 2382 8306 3491 2382 8307 3494 2385 8308 3493 2384 8309 3495 2386 8310 3497 2387 8311 3496 2388 8312 3497 2387 8313 3495 2386 8314 3498 2389 8315 3499 2390 8316 3496 2388 8317 3497 2387 8318 3496 2388 8319 3499 2390 8320 3500 2391 8321 3500 2391 8322 3502 2392 8323 3501 2393 8324 3502 2392 8325 3500 2391 8326 3499 2390 8327 3503 2394 8328 3501 2393 8329 3502 2392 8330 3501 2393 8331 3503 2394 8332 3504 2395 8333 3505 2396 8334 3507 2397 8335 3506 2398 8336 3507 2397 8337 3505 2396 8338 3508 2399 8339 3509 2400 8340 3505 2396 8341 3506 2398 8342 3505 2396 8343 3509 2400 8344 3510 2401 8345 3511 2155 8346 3509 2400 8347 3512 2092 8348 3509 2400 8349 3511 2155 8350 3510 2401 8351 3513 2402 8352 3514 2403 8353 3515 2404 8354 3515 2404 8355 3516 2405 8356 3513 2402 8357 3513 2402 8358 3517 2406 8359 3518 2407 8360 3518 2407 8361 3514 2403 8362 3513 2402 8363 3519 2408 8364 3520 2409 8365 3521 2410 8366 3521 2410 8367 3522 2411 8368 3519 2408 8369 3521 2410 8370 3477 2369 8371 3480 2372 8372 3480 2372 8373 3522 2411 8374 3521 2410 8375 3234 2169 8376 3523 2412 8377 3233 2167 8378 3523 2412 8379 3234 2169 8380 3524 2413 8381 3524 2413 8382 3275 2209 8383 3525 2414 8384 3275 2209 8385 3524 2413 8386 3234 2169 8387 3275 2209 8388 3526 2415 8389 3525 2414 8390 3526 2415 8391 3275 2209 8392 3276 2211 8393 3527 2416 8394 3269 2204 8395 3528 2417 8396 3269 2204 8397 3527 2416 8398 3272 2207 8399 3528 2417 8400 3268 2203 8401 3529 2418 8402 3268 2203 8403 3528 2417 8404 3269 2204 8405 3268 2203 8406 3530 2419 8407 3529 2418 8408 3530 2419 8409 3268 2203 8410 3266 2200 8411 3531 2420 8412 3266 2200 8413 3263 2197 8414 3266 2200 8415 3531 2420 8416 3530 2419 8417 3263 2197 8418 3532 2421 8419 3531 2420 8420 3532 2421 8421 3263 2197 8422 3264 2199 8423 3533 2422 8424 3258 2193 8425 3260 2195 8426 3260 2195 8427 3534 2423 8428 3533 2422 8429 3258 2193 8430 3533 2422 8431 3535 2424 8432 3535 2424 8433 3256 2191 8434 3258 2193 8435 3535 2424 8436 3536 2425 8437 3254 2189 8438 3254 2189 8439 3256 2191 8440 3535 2424 8441 3254 2189 8442 3536 2425 8443 3537 2426 8444 3537 2426 8445 3251 2186 8446 3254 2189 8447 3249 2184 8448 3539 2427 8449 3538 2428 8450 3539 2427 8451 3249 2184 8452 3246 2182 8453 3540 2429 8454 3246 2182 8455 3247 2181 8456 3246 2182 8457 3540 2429 8458 3539 2427 8459 3242 2176 8460 3541 2430 8461 3244 2179 8462 3541 2430 8463 3242 2176 8464 3542 2431 8465 3543 2432 8466 3242 2176 8467 3239 2173 8468 3242 2176 8469 3543 2432 8470 3542 2431 8471 3239 2173 8472 3544 2433 8473 3543 2432 8474 3544 2433 8475 3239 2173 8476 3240 2175 8477 3545 2434 8478 3233 2167 8479 3523 2412 8480 3233 2167 8481 3545 2434 8482 3236 2170 8483 3423 2318 8484 3547 2435 8485 3546 2436 8486 3547 2435 8487 3423 2318 8488 3424 2317 8489 3423 2318 8490 3548 2437 8491 3425 2319 8492 3548 2437 8493 3423 2318 8494 3546 2436 8495 3425 2319 8496 3549 2438 8497 3426 2321 8498 3549 2438 8499 3425 2319 8500 3548 2437 8501 3426 2321 8502 3550 2439 8503 3427 2324 8504 3550 2439 8505 3426 2321 8506 3549 2438 8507 3427 2324 8508 3551 2440 8509 3428 2326 8510 3551 2440 8511 3427 2324 8512 3550 2439 8513 3428 2326 8514 3552 2441 8515 3429 2328 8516 3552 2441 8517 3428 2326 8518 3551 2440 8519 3429 2328 8520 3553 2442 8521 3430 2330 8522 3553 2442 8523 3429 2328 8524 3552 2441 8525 3430 2330 8526 3554 2443 8527 3431 2331 8528 3554 2443 8529 3430 2330 8530 3553 2442 8531 3431 2331 8532 3555 2444 8533 3432 2334 8534 3555 2444 8535 3431 2331 8536 3554 2443 8537 3432 2334 8538 3556 2445 8539 3433 2335 8540 3556 2445 8541 3432 2334 8542 3555 2444 8543 3433 2335 8544 3557 2446 8545 3434 2336 8546 3557 2446 8547 3433 2335 8548 3556 2445 8549 3434 2336 8550 3558 2447 8551 3435 2338 8552 3558 2447 8553 3434 2336 8554 3557 2446 8555 3435 2338 8556 3559 2448 8557 3436 2341 8558 3559 2448 8559 3435 2338 8560 3558 2447 8561 3436 2341 8562 3560 2449 8563 3437 2342 8564 3560 2449 8565 3436 2341 8566 3559 2448 8567 3437 2342 8568 3561 2450 8569 3438 2345 8570 3561 2450 8571 3437 2342 8572 3560 2449 8573 3561 2450 8574 3439 2346 8575 3438 2345 8576 3439 2346 8577 3561 2450 8578 3562 2451 8579 3440 2348 8580 3562 2451 8581 3563 2452 8582 3562 2451 8583 3440 2348 8584 3439 2346 8585 3440 2348 8586 3547 2435 8587 3424 2317 8588 3547 2435 8589 3440 2348 8590 3563 2452 8591 3565 0 8592 5384 0 8593 5383 0 8594 5397 2453 8595 3567 2453 8596 3566 2453 8597 5402 2454 8598 3568 2454 8599 3569 2454 8600 5400 2455 8601 3571 2456 8602 3570 2457 8603 3572 10 8604 3574 10 8605 3573 10 8606 3574 2458 8607 3572 2458 8608 3575 2458 8609 3576 11 8610 3573 11 8611 3574 11 8612 3573 10 8613 3576 10 8614 3577 10 8615 3573 2459 8616 5379 2459 8617 5378 2459 8618 3577 2460 8619 5391 2460 8620 5380 2460 8621 3577 2461 8622 5394 2461 8623 5393 2461 8624 5387 10 8625 3579 10 8626 3578 10 8627 3580 15 8628 3582 15 8629 3581 15 8630 3582 15 8631 3580 15 8632 3583 15 8633 3584 15 8634 3583 15 8635 3580 15 8636 5389 2462 8637 3586 2462 8638 3585 2462 8639 5407 2463 8640 3588 2463 8641 3587 2463 8642 3589 2464 8643 5376 2464 8644 5405 2464 8645 5375 0 8646 3591 0 8647 3590 0 8648 3592 15 8649 3580 15 8650 3581 15 8651 3580 15 8652 3592 15 8653 3593 15 8654 3594 2465 8655 3596 2466 8656 3595 2467 8657 3596 2466 8658 3594 2465 8659 3597 2468 8660 3596 2466 8661 3599 2469 8662 3598 34 8663 3599 2469 8664 3596 2466 8665 3597 2468 8666 3600 2470 8667 3602 2471 8668 3601 2472 8669 3602 2471 8670 3600 2470 8671 3603 2473 8672 3571 2456 8673 3602 2471 8674 3570 2457 8675 3602 2471 8676 3571 2456 8677 3601 2472 8678 3594 2465 8679 3583 2474 8680 3584 2475 8681 3583 2474 8682 3594 2465 8683 3595 2467 8684 5382 2476 8685 3605 2476 8686 3604 2476 8687 5428 0 8688 3607 2477 8689 3606 2478 8690 3609 2479 8691 5424 2480 8692 5429 2481 8693 3610 2482 8694 3612 2482 8695 3611 2482 8696 3612 10 8697 3610 10 8698 3613 10 8699 3610 2483 8700 5414 2483 8701 3613 2483 8702 5431 2484 8703 3616 2484 8704 3615 2484 8705 5421 0 8706 3614 0 8707 3617 0 8708 3618 15 8709 3620 2485 8710 3619 2486 8711 3620 2485 8712 3618 15 8713 3621 15 8714 3624 2487 8715 5426 2487 8716 3623 2487 8717 3622 2488 8718 5422 2488 8719 5413 2488 8720 3622 2489 8721 5404 2489 8722 5403 2489 8723 3626 2490 8724 5411 2490 8725 3627 2490 8726 3628 2491 8727 3627 2491 8728 3629 2491 8729 3627 2492 8730 3628 2492 8731 3626 2492 8732 3630 2493 8733 3632 2494 8734 3631 2495 8735 3632 2494 8736 3630 2493 8737 3633 2496 8738 3607 2477 8739 3634 2497 8740 3606 2478 8741 3634 2497 8742 3607 2477 8743 3635 2498 8744 3609 2479 8745 3636 2499 8746 3608 2500 8747 3636 2499 8748 3609 2479 8749 3637 2501 8750 3620 2485 8751 3638 2502 8752 3619 2486 8753 3638 2502 8754 3620 2485 8755 3639 2503 8756 3618 15 8757 3630 2493 8758 3621 15 8759 3630 2493 8760 3618 15 8761 3633 2496 8762 3640 2504 8763 3642 2505 8764 3641 2506 8765 3642 2505 8766 3640 2504 8767 3643 10 8768 3641 2506 8769 3645 2507 8770 3644 2508 8771 3645 2507 8772 3641 2506 8773 3642 2505 8774 3646 2509 8775 3647 2510 8776 3648 2511 8777 3648 2511 8778 3649 2512 8779 3646 2509 8780 3649 2512 8781 3648 2511 8782 3650 2513 8783 3650 2513 8784 3651 2514 8785 3649 2512 8786 3651 2514 8787 3650 2513 8788 3652 2515 8789 3652 2515 8790 3653 2516 8791 3651 2514 8792 3653 2516 8793 3652 2515 8794 3654 2517 8795 3654 2517 8796 3655 2518 8797 3653 2516 8798 3655 2518 8799 3654 2517 8800 3656 2519 8801 3656 2519 8802 3657 2520 8803 3655 2518 8804 3658 2521 8805 3660 2522 8806 3659 2523 8807 3660 2522 8808 3658 2521 8809 3661 2524 8810 3661 2524 8811 3662 2525 8812 3660 2522 8813 3662 2525 8814 3661 2524 8815 3663 2526 8816 3663 2526 8817 3664 2527 8818 3662 2525 8819 3664 2527 8820 3663 2526 8821 3665 2528 8822 3665 2528 8823 3666 2529 8824 3664 2527 8825 3666 2529 8826 3665 2528 8827 3667 2530 8828 3668 2531 8829 3670 2532 8830 3669 2533 8831 3670 2532 8832 3668 2531 8833 3671 2534 8834 3671 2534 8835 3672 2535 8836 3670 2532 8837 3672 2535 8838 3671 2534 8839 3673 2536 8840 3673 2536 8841 3674 2537 8842 3672 2535 8843 3674 2537 8844 3673 2536 8845 3675 2538 8846 3675 2538 8847 3676 2539 8848 3674 2537 8849 3676 2539 8850 3675 2538 8851 3677 2540 8852 3677 2540 8853 3678 2541 8854 3676 2539 8855 3678 2541 8856 3677 2540 8857 3679 2542 8858 3680 2543 8859 3682 2544 8860 3681 2545 8861 3682 2544 8862 3680 2543 8863 3683 2546 8864 3640 2504 8865 3680 2543 8866 3643 10 8867 3680 2543 8868 3640 2504 8869 3683 2546 8870 3684 16 8871 3686 16 8872 3685 16 8873 3686 16 8874 3684 16 8875 3687 16 8876 3686 2547 8877 3689 2547 8878 3688 2547 8879 3689 16 8880 3686 16 8881 3690 16 8882 3689 2548 8883 3690 2548 8884 3691 2548 8885 3690 16 8886 3693 16 8887 3692 16 8888 3693 16 8889 3690 16 8890 3694 16 8891 3693 16 8892 3694 16 8893 3695 16 8894 3694 2549 8895 3697 2549 8896 3696 2549 8897 3697 16 8898 3694 16 8899 3698 16 8900 3697 2550 8901 3698 2550 8902 3699 2550 8903 3686 16 8904 3694 16 8905 3690 16 8906 3694 16 8907 3686 16 8908 3698 16 8909 3687 16 8910 3698 16 8911 3686 16 8912 3698 16 8913 3687 16 8914 3700 16 8915 3701 16 8916 3687 16 8917 3684 16 8918 3702 2551 8919 3704 2551 8920 3703 2551 8921 3704 2552 8922 3702 2552 8923 3705 2552 8924 3706 2553 8925 3705 2553 8926 3707 2553 8927 3705 16 8928 3706 16 8929 3704 16 8930 3708 16 8931 3706 16 8932 3707 16 8933 3706 347 8934 3708 347 8935 3709 347 8936 3709 2554 8937 3711 2554 8938 3710 2554 8939 3711 2555 8940 3709 2555 8941 3708 2555 8942 3711 2556 8943 3712 2556 8944 3710 2556 8945 3712 16 8946 3711 16 8947 3713 16 8948 3713 2557 8949 3714 2557 8950 3712 2557 8951 3714 16 8952 3713 16 8953 3715 16 8954 3716 16 8955 3714 16 8956 3715 16 8957 3714 2558 8958 3716 2558 8959 3717 2558 8960 3716 2559 8961 3718 2559 8962 3717 2559 8963 3718 2560 8964 3716 2560 8965 3719 2560 8966 3719 2561 8967 3720 2561 8968 3718 2561 8969 3720 2562 8970 3719 2562 8971 3721 2562 8972 3721 2563 8973 3722 2563 8974 3720 2563 8975 3722 2564 8976 3721 2564 8977 3723 2564 8978 3723 2565 8979 3724 2565 8980 3722 2565 8981 3724 2566 8982 3723 2566 8983 3725 2566 8984 3725 2567 8985 3726 2567 8986 3724 2567 8987 3726 16 8988 3725 16 8989 3727 16 8990 3727 16 8991 3728 16 8992 3726 16 8993 3728 16 8994 3727 16 8995 3729 16 8996 3729 2568 8997 3730 2568 8998 3728 2568 8999 3730 16 9000 3729 16 9001 3731 16 9002 3731 16 9003 3732 16 9004 3730 16 9005 3732 2569 9006 3731 2569 9007 3733 2569 9008 3733 2570 9009 3734 2570 9010 3732 2570 9011 3734 16 9012 3733 16 9013 3735 16 9014 3736 2571 9015 3735 2571 9016 3737 2571 9017 3735 16 9018 3736 16 9019 3734 16 9020 3702 16 9021 3736 16 9022 3737 16 9023 3736 2572 9024 3702 2572 9025 3703 2572 9026 3738 2573 9027 3739 2573 9028 3740 2573 9029 3740 2574 9030 3741 2574 9031 3738 2574 9032 3742 2575 9033 3743 2576 9034 3744 2577 9035 3744 2577 9036 3745 2578 9037 3742 2575 9038 3746 2579 9039 3747 2580 9040 3748 2581 9041 3748 2581 9042 3749 2582 9043 3746 2579 9044 3750 2583 9045 3751 2583 9046 3752 2583 9047 3752 2584 9048 3753 2584 9049 3750 2584 9050 3754 15 9051 3755 15 9052 3756 15 9053 3756 15 9054 3757 15 9055 3754 15 9056 3758 2585 9057 3759 2585 9058 3760 2585 9059 3760 2586 9060 3761 2586 9061 3758 2586 9062 3762 2587 9063 3763 2588 9064 3764 2589 9065 3764 2589 9066 3765 2590 9067 3762 2587 9068 3766 2591 9069 3767 2592 9070 3768 2593 9071 3768 2593 9072 3769 2594 9073 3766 2591 9074 3770 2595 9075 3771 2595 9076 3772 2595 9077 3772 2596 9078 3773 2596 9079 3770 2596 9080 3774 2597 9081 3776 2597 9082 3775 2597 9083 3776 2598 9084 3774 2598 9085 3777 2598 9086 3778 2599 9087 3780 2600 9088 3779 2601 9089 3780 2600 9090 3778 2599 9091 3781 2602 9092 3782 2603 9093 3784 2604 9094 3783 2605 9095 3784 2604 9096 3782 2603 9097 3785 2606 9098 3786 2584 9099 3788 2584 9100 3787 2584 9101 3788 2583 9102 3786 2583 9103 3789 2583 9104 3790 15 9105 3792 15 9106 3791 15 9107 3792 15 9108 3790 15 9109 3793 15 9110 3794 2585 9111 3796 2585 9112 3795 2585 9113 3796 2586 9114 3794 2586 9115 3797 2586 9116 3798 2607 9117 3800 2608 9118 3799 2609 9119 3800 2608 9120 3798 2607 9121 3801 2610 9122 3802 2611 9123 3804 2612 9124 3803 2613 9125 3804 2612 9126 3802 2611 9127 3805 2614 9128 3806 2615 9129 3808 2615 9130 3807 2615 9131 3808 2616 9132 3806 2616 9133 3809 2616 9134 3810 2617 9135 3812 2618 9136 3811 2619 9137 3812 2618 9138 3810 2617 9139 3813 2620 9140 3810 2617 9141 3815 2621 9142 3814 2622 9143 3815 2621 9144 3810 2617 9145 3811 2619 9146 3816 2509 9147 3817 2510 9148 3818 2623 9149 3818 2623 9150 3819 2512 9151 3816 2509 9152 3819 2512 9153 3818 2623 9154 3820 2624 9155 3820 2624 9156 3821 2625 9157 3819 2512 9158 3821 2625 9159 3820 2624 9160 3822 2626 9161 3822 2626 9162 3823 2627 9163 3821 2625 9164 3823 2627 9165 3822 2626 9166 3824 2517 9167 3824 2517 9168 3825 2518 9169 3823 2627 9170 3825 2518 9171 3824 2517 9172 3826 2519 9173 3826 2519 9174 3827 2628 9175 3825 2518 9176 3828 2629 9177 3830 2630 9178 3829 2631 9179 3830 2630 9180 3828 2629 9181 3831 2632 9182 3832 2633 9183 3830 2630 9184 3831 2632 9185 3830 2630 9186 3832 2633 9187 3833 2634 9188 3832 2633 9189 3834 2635 9190 3833 2634 9191 3834 2635 9192 3832 2633 9193 3835 2636 9194 3835 2636 9195 3836 2637 9196 3834 2635 9197 3836 2637 9198 3835 2636 9199 3837 2638 9200 3838 2639 9201 3840 2640 9202 3839 2641 9203 3840 2640 9204 3838 2639 9205 3841 2642 9206 3838 2639 9207 3842 2643 9208 3841 2642 9209 3842 2643 9210 3838 2639 9211 3843 2644 9212 3843 2644 9213 3844 2645 9214 3842 2643 9215 3844 2645 9216 3843 2644 9217 3845 2646 9218 3845 2646 9219 3846 2647 9220 3844 2645 9221 3846 2647 9222 3845 2646 9223 3847 2648 9224 3847 2648 9225 3848 2649 9226 3846 2647 9227 3848 2649 9228 3847 2648 9229 3849 2650 9230 3850 2651 9231 3852 2652 9232 3851 2653 9233 3852 2652 9234 3850 2651 9235 3853 2654 9236 3853 2654 9237 3813 2620 9238 3852 2652 9239 3813 2620 9240 3853 2654 9241 3812 2618 9242 3854 16 9243 3856 16 9244 3855 16 9245 3856 16 9246 3854 16 9247 3857 16 9248 3855 2547 9249 3859 2547 9250 3858 2547 9251 3859 16 9252 3855 16 9253 3860 16 9254 3859 2655 9255 3860 2655 9256 3861 2655 9257 3860 16 9258 3863 16 9259 3862 16 9260 3863 16 9261 3860 16 9262 3864 16 9263 3863 16 9264 3864 16 9265 3865 16 9266 3866 235 9267 3867 235 9268 3864 235 9269 3867 16 9270 3866 16 9271 3868 16 9272 3868 2656 9273 3866 2656 9274 3869 2656 9275 3860 16 9276 3866 16 9277 3864 16 9278 3866 16 9279 3860 16 9280 3855 16 9281 3866 16 9282 3856 16 9283 3870 16 9284 3856 16 9285 3866 16 9286 3855 16 9287 3871 16 9288 3856 16 9289 3857 16 9290 3872 2657 9291 3874 2657 9292 3873 2657 9293 3874 16 9294 3872 16 9295 3875 16 9296 3876 2658 9297 3874 2658 9298 3877 2658 9299 3874 16 9300 3876 16 9301 3873 16 9302 3876 347 9303 3879 347 9304 3878 347 9305 3879 16 9306 3876 16 9307 3877 16 9308 3880 2659 9309 3879 2659 9310 3881 2659 9311 3879 16 9312 3880 16 9313 3878 16 9314 3882 16 9315 3881 16 9316 3883 16 9317 3881 2556 9318 3882 2556 9319 3880 2556 9320 3883 2557 9321 3884 2557 9322 3882 2557 9323 3884 16 9324 3883 16 9325 3885 16 9326 3886 16 9327 3885 16 9328 3887 16 9329 3885 2660 9330 3886 2660 9331 3884 2660 9332 3887 2661 9333 3888 2661 9334 3886 2661 9335 3888 2662 9336 3887 2662 9337 3889 2662 9338 3888 2663 9339 3891 2663 9340 3890 2663 9341 3891 16 9342 3888 16 9343 3889 16 9344 3892 2564 9345 3894 2564 9346 3893 2564 9347 3894 2563 9348 3892 2563 9349 3895 2563 9350 3896 2664 9351 3898 2664 9352 3897 2664 9353 3898 2565 9354 3896 2565 9355 3899 2565 9356 3900 16 9357 3897 16 9358 3901 16 9359 3897 2665 9360 3900 2665 9361 3896 2665 9362 3900 2666 9363 3903 2666 9364 3902 2666 9365 3903 2667 9366 3900 2667 9367 3901 2667 9368 3902 2668 9369 3905 2668 9370 3904 2668 9371 3905 2669 9372 3902 2669 9373 3903 2669 9374 3905 16 9375 3906 16 9376 3904 16 9377 3906 2670 9378 3905 2670 9379 3907 2670 9380 3907 2671 9381 3908 2671 9382 3906 2671 9383 3908 16 9384 3907 16 9385 3909 16 9386 3909 16 9387 3910 16 9388 3908 16 9389 3910 2672 9390 3909 2672 9391 3911 2672 9392 3912 2673 9393 3914 2673 9394 3913 2673 9395 3914 2674 9396 3912 2674 9397 3915 2674 9398 3916 2675 9399 3918 2675 9400 3917 2675 9401 3918 2676 9402 3916 2676 9403 3919 2676 9404 3920 2677 9405 3921 2678 9406 3922 2679 9407 3922 2679 9408 3923 2680 9409 3920 2677 9410 3924 2681 9411 3925 2682 9412 3926 2683 9413 3926 2683 9414 3927 2684 9415 3924 2681 9416 3928 2583 9417 3929 2583 9418 3930 2583 9419 3930 2584 9420 3931 2584 9421 3928 2584 9422 3932 15 9423 3933 15 9424 3934 15 9425 3934 15 9426 3935 15 9427 3932 15 9428 3936 2585 9429 3937 2585 9430 3938 2585 9431 3938 2586 9432 3939 2586 9433 3936 2586 9434 3940 2685 9435 3941 2686 9436 3942 2687 9437 3942 2687 9438 3943 2688 9439 3940 2685 9440 3944 2689 9441 3945 2690 9442 3946 2691 9443 3946 2691 9444 3947 2692 9445 3944 2689 9446 3948 2616 9447 3949 2616 9448 3950 2616 9449 3950 2615 9450 3951 2615 9451 3948 2615 9452 3952 2693 9453 3954 2693 9454 3953 2693 9455 3954 2694 9456 3952 2695 9457 3955 2696 9458 3956 2697 9459 3958 2698 9460 3957 2699 9461 3958 2698 9462 3956 2697 9463 3959 2700 9464 3960 2701 9465 3962 2702 9466 3961 2703 9467 3962 2702 9468 3960 2701 9469 3963 2704 9470 3964 2705 9471 3966 2706 9472 3965 2707 9473 3966 2706 9474 3964 2705 9475 3967 2708 9476 3968 15 9477 3970 15 9478 3969 15 9479 3970 15 9480 3968 15 9481 3971 15 9482 3972 2709 9483 3974 2710 9484 3973 2711 9485 3974 2710 9486 3972 2709 9487 3975 2712 9488 3976 2713 9489 3978 2714 9490 3977 2715 9491 3978 2714 9492 3976 2713 9493 3979 2716 9494 3980 2717 9495 3982 2718 9496 3981 2719 9497 3982 2718 9498 3980 2717 9499 3983 2720 9500 3984 2721 9501 3986 2721 9502 3985 2721 9503 3986 2722 9504 3984 2723 9505 3987 2724 9506 3988 2725 9507 3990 2726 9508 3989 2727 9509 3990 2726 9510 3988 2725 9511 3991 2728 9512 3992 2729 9513 3991 2728 9514 3993 2730 9515 3991 2728 9516 3992 2729 9517 3990 2726 9518 3994 2731 9519 3995 2732 9520 3996 2733 9521 3996 2733 9522 3997 2734 9523 3994 2731 9524 3998 2735 9525 3996 2733 9526 3995 2732 9527 3995 2732 9528 3999 2736 9529 3998 2735 9530 3999 2736 9531 4000 2737 9532 4001 2738 9533 4001 2738 9534 3998 2735 9535 3999 2736 9536 4000 2737 9537 4002 2739 9538 4003 2740 9539 4003 2740 9540 4001 2738 9541 4000 2737 9542 4003 2740 9543 4002 2739 9544 4004 2741 9545 4004 2741 9546 4005 2742 9547 4003 2740 9548 4006 2743 9549 4008 2744 9550 4007 2745 9551 4008 2744 9552 4006 2743 9553 4009 2746 9554 4010 2747 9555 4008 2744 9556 4011 2748 9557 4008 2744 9558 4010 2747 9559 4007 2745 9560 4010 2747 9561 4013 2749 9562 4012 2750 9563 4013 2749 9564 4010 2747 9565 4011 2748 9566 4014 2751 9567 4013 2749 9568 4015 2752 9569 4013 2749 9570 4014 2751 9571 4012 2750 9572 4016 2753 9573 4018 2754 9574 4017 2755 9575 4018 2754 9576 4016 2753 9577 4019 2756 9578 4020 2757 9579 4017 2755 9580 4018 2754 9581 4017 2755 9582 4020 2757 9583 4021 2758 9584 4022 2759 9585 4020 2757 9586 4023 2760 9587 4020 2757 9588 4022 2759 9589 4021 2758 9590 4022 2759 9591 4025 2761 9592 4024 2762 9593 4025 2761 9594 4022 2759 9595 4023 2760 9596 4025 2761 9597 4026 2763 9598 4024 2762 9599 4026 2763 9600 4025 2761 9601 4027 2764 9602 4028 2765 9603 4030 2766 9604 4029 2767 9605 4030 2766 9606 4028 2765 9607 4031 2768 9608 4030 2766 9609 3989 2727 9610 4029 2767 9611 3989 2727 9612 4030 2766 9613 3988 2725 9614 4032 16 9615 4034 16 9616 4033 16 9617 4034 16 9618 4032 16 9619 4035 16 9620 4036 2769 9621 4037 2769 9622 4033 2769 9623 4037 2770 9624 4036 2770 9625 4038 2770 9626 4038 16 9627 4036 16 9628 4039 16 9629 4036 2771 9630 4041 2771 9631 4040 2771 9632 4041 16 9633 4036 16 9634 4042 16 9635 4041 16 9636 4042 16 9637 4043 16 9638 4042 16 9639 4045 16 9640 4044 16 9641 4045 16 9642 4042 16 9643 4046 16 9644 4045 16 9645 4046 16 9646 4047 16 9647 4036 16 9648 4046 16 9649 4042 16 9650 4046 16 9651 4036 16 9652 4033 16 9653 4033 16 9654 4048 16 9655 4046 16 9656 4048 16 9657 4033 16 9658 4034 16 9659 4049 16 9660 4034 16 9661 4035 16 9662 4050 2772 9663 4052 2772 9664 4051 2772 9665 4052 16 9666 4050 16 9667 4053 16 9668 4054 2773 9669 4050 2773 9670 4055 2773 9671 4050 16 9672 4054 16 9673 4053 16 9674 4055 2774 9675 4056 2774 9676 4054 2774 9677 4056 16 9678 4055 16 9679 4057 16 9680 4058 16 9681 4057 16 9682 4059 16 9683 4057 16 9684 4058 16 9685 4056 16 9686 4059 16 9687 4060 16 9688 4058 16 9689 4060 16 9690 4059 16 9691 4061 16 9692 4062 16 9693 4061 16 9694 4063 16 9695 4061 16 9696 4062 16 9697 4060 16 9698 4064 2775 9699 4063 2775 9700 4065 2775 9701 4063 2776 9702 4064 2776 9703 4062 2776 9704 4064 16 9705 4067 16 9706 4066 16 9707 4067 16 9708 4064 16 9709 4065 16 9710 4068 2777 9711 4067 2777 9712 4069 2777 9713 4067 2778 9714 4068 2778 9715 4066 2778 9716 4068 16 9717 4071 16 9718 4070 16 9719 4071 16 9720 4068 16 9721 4069 16 9722 4071 2779 9723 4072 2779 9724 4070 2779 9725 4072 2780 9726 4071 2780 9727 4073 2780 9728 4072 2781 9729 4075 2781 9730 4074 2781 9731 4075 16 9732 4072 16 9733 4073 16 9734 4076 16 9735 4075 16 9736 4077 16 9737 4075 16 9738 4076 16 9739 4074 16 9740 4078 16 9741 4077 16 9742 4079 16 9743 4077 16 9744 4078 16 9745 4076 16 9746 4080 2782 9747 4079 2782 9748 4081 2782 9749 4079 16 9750 4080 16 9751 4078 16 9752 4080 2783 9753 4083 2783 9754 4082 2783 9755 4083 16 9756 4080 16 9757 4081 16 9758 4084 2784 9759 4083 2784 9760 4085 2784 9761 4083 2785 9762 4084 2785 9763 4082 2785 9764 4085 2786 9765 4052 2786 9766 4084 2786 9767 4052 2777 9768 4085 2777 9769 4051 2777 9770 4086 145 9771 4088 145 9772 4087 145 9773 4088 168 9774 4086 168 9775 4089 168 9776 4090 2787 9777 4091 2788 9778 4092 2789 9779 4092 2789 9780 4093 2790 9781 4090 2787 9782 4094 2791 9783 4095 2792 9784 4096 2793 9785 4096 2793 9786 4097 2794 9787 4094 2791 9788 4098 2795 9789 4099 2796 9790 4100 2797 9791 4100 2797 9792 4101 2798 9793 4098 2795 9794 4102 15 9795 4103 15 9796 4104 15 9797 4104 15 9798 4105 15 9799 4102 15 9800 4106 2799 9801 4107 2800 9802 4108 2801 9803 4108 2801 9804 4109 2802 9805 4106 2799 9806 4110 2803 9807 4111 2804 9808 4112 2805 9809 4112 2805 9810 4113 2806 9811 4110 2803 9812 4114 2807 9813 4115 2808 9814 4116 2809 9815 4116 2809 9816 4117 2810 9817 4114 2807 9818 4118 2811 9819 4119 2812 9820 4120 2813 9821 4120 167 9822 4121 167 9823 4118 167 9824 4122 2814 9825 4123 2814 9826 4124 2814 9827 4124 2815 9828 4125 2815 9829 4122 2815 9830 4126 2816 9831 4128 2817 9832 4127 2818 9833 4128 2817 9834 4126 2816 9835 4129 2819 9836 4130 2820 9837 4132 2821 9838 4131 2822 9839 4132 2821 9840 4130 2820 9841 4133 2823 9842 4134 254 9843 4136 254 9844 4135 254 9845 4136 154 9846 4134 154 9847 4137 154 9848 4138 15 9849 4140 15 9850 4139 15 9851 4140 15 9852 4138 15 9853 4141 15 9854 4142 178 9855 4144 178 9856 4143 178 9857 4144 157 9858 4142 157 9859 4145 157 9860 4146 2824 9861 4148 2825 9862 4147 2826 9863 4148 2825 9864 4146 2824 9865 4149 2827 9866 4150 2828 9867 4152 2829 9868 4151 2830 9869 4152 2829 9870 4150 2828 9871 4153 2831 9872 4154 2596 9873 4156 2596 9874 4155 2596 9875 4156 2595 9876 4154 2595 9877 4157 2595 9878 4158 2832 9879 4160 2833 9880 4159 2834 9881 4160 2833 9882 4158 2832 9883 4161 2835 9884 4159 2834 9885 4163 2836 9886 4162 2837 9887 4163 2836 9888 4159 2834 9889 4160 2833 9890 4164 2838 9891 4165 2839 9892 4166 2840 9893 4166 2840 9894 4167 2841 9895 4164 2838 9896 4165 2839 9897 4168 2842 9898 4169 2843 9899 4169 2843 9900 4166 2840 9901 4165 2839 9902 4168 2842 9903 4170 2844 9904 4171 2845 9905 4171 2845 9906 4169 2843 9907 4168 2842 9908 4170 2844 9909 4172 2846 9910 4173 2847 9911 4173 2847 9912 4171 2845 9913 4170 2844 9914 4172 2846 9915 4174 2848 9916 4175 2849 9917 4175 2849 9918 4173 2847 9919 4172 2846 9920 4176 2850 9921 4178 2851 9922 4177 2852 9923 4178 2851 9924 4176 2850 9925 4179 2746 9926 4177 2852 9927 4181 2853 9928 4180 2854 9929 4181 2853 9930 4177 2852 9931 4178 2851 9932 4180 2854 9933 4183 2855 9934 4182 2856 9935 4183 2855 9936 4180 2854 9937 4181 2853 9938 4182 2856 9939 4185 2857 9940 4184 2858 9941 4185 2857 9942 4182 2856 9943 4183 2855 9944 4186 2859 9945 4188 2860 9946 4187 2861 9947 4188 2860 9948 4186 2859 9949 4189 2862 9950 4187 2861 9951 4191 2863 9952 4190 2864 9953 4191 2863 9954 4187 2861 9955 4188 2860 9956 4190 2864 9957 4193 2865 9958 4192 2866 9959 4193 2865 9960 4190 2864 9961 4191 2863 9962 4192 2866 9963 4195 2867 9964 4194 2868 9965 4195 2867 9966 4192 2866 9967 4193 2865 9968 4194 2868 9969 4197 2869 9970 4196 2870 9971 4197 2869 9972 4194 2868 9973 4195 2867 9974 4198 2871 9975 4200 2872 9976 4199 2873 9977 4200 2872 9978 4198 2871 9979 4201 2874 9980 4161 2835 9981 4199 2873 9982 4200 2872 9983 4199 2873 9984 4161 2835 9985 4158 2832 9986 4202 16 9987 4204 16 9988 4203 16 9989 4204 16 9990 4202 16 9991 4205 16 9992 4204 16 9993 4207 16 9994 4206 16 9995 4207 16 9996 4204 16 9997 4208 16 9998 4207 16 9999 4208 16 10000 4209 16 10001 4208 2875 10002 4211 2875 10003 4210 2875 10004 4211 16 10005 4208 16 10006 4212 16 10007 4211 16 10008 4212 16 10009 4213 16 10010 4212 16 10011 4215 16 10012 4214 16 10013 4215 16 10014 4212 16 10015 4216 16 10016 4215 16 10017 4216 16 10018 4217 16 10019 4204 16 10020 4212 16 10021 4208 16 10022 4212 16 10023 4204 16 10024 4216 16 10025 4218 16 10026 4204 16 10027 4205 16 10028 4204 16 10029 4218 16 10030 4216 16 10031 4219 16 10032 4205 16 10033 4202 16 10034 4220 2876 10035 4222 2876 10036 4221 2876 10037 4222 2877 10038 4220 2877 10039 4223 2877 10040 4224 2878 10041 4223 2878 10042 4225 2878 10043 4223 16 10044 4224 16 10045 4222 16 10046 4226 16 10047 4224 16 10048 4225 16 10049 4224 2879 10050 4226 2879 10051 4227 2879 10052 4226 16 10053 4228 16 10054 4227 16 10055 4228 16 10056 4226 16 10057 4229 16 10058 4229 16 10059 4230 16 10060 4228 16 10061 4230 16 10062 4229 16 10063 4231 16 10064 4230 16 10065 4233 16 10066 4232 16 10067 4233 2880 10068 4230 2880 10069 4231 2880 10070 4233 2879 10071 4234 2879 10072 4232 2879 10073 4234 2881 10074 4233 2881 10075 4235 2881 10076 4235 2882 10077 4236 2882 10078 4234 2882 10079 4236 2883 10080 4235 2883 10081 4237 2883 10082 4236 16 10083 4239 16 10084 4238 16 10085 4239 16 10086 4236 16 10087 4237 16 10088 4239 2884 10089 4240 2884 10090 4238 2884 10091 4240 2885 10092 4239 2885 10093 4241 2885 10094 4241 2886 10095 4242 2886 10096 4240 2886 10097 4242 2887 10098 4241 2887 10099 4243 2887 10100 4244 16 10101 4242 16 10102 4243 16 10103 4242 2888 10104 4244 2888 10105 4245 2888 10106 4245 2889 10107 4247 2889 10108 4246 2889 10109 4247 16 10110 4245 16 10111 4244 16 10112 4248 2890 10113 4246 2890 10114 4247 2890 10115 4246 2891 10116 4248 2891 10117 4249 2891 10118 4248 16 10119 4250 16 10120 4249 16 10121 4250 2892 10122 4248 2892 10123 4251 2892 10124 4251 2888 10125 4252 2888 10126 4250 2888 10127 4252 2893 10128 4251 2893 10129 4253 2893 10130 4252 16 10131 4255 16 10132 4254 16 10133 4255 16 10134 4252 16 10135 4253 16 10136 4254 16 10137 4220 16 10138 4221 16 10139 4220 16 10140 4254 16 10141 4255 16 10142 4256 145 10143 4258 145 10144 4257 145 10145 4258 168 10146 4256 168 10147 4259 168 10148 4260 2894 10149 4261 2895 10150 4262 2896 10151 4262 2896 10152 4263 2897 10153 4260 2894 10154 4264 2898 10155 4265 2899 10156 4266 2900 10157 4266 2900 10158 4267 2901 10159 4264 2898 10160 4268 154 10161 4269 154 10162 4270 154 10163 4270 2902 10164 4271 2902 10165 4268 2902 10166 4272 15 10167 4273 15 10168 4274 15 10169 4274 15 10170 4275 15 10171 4272 15 10172 4276 2903 10173 4277 2903 10174 4278 2903 10175 4278 157 10176 4279 157 10177 4276 157 10178 4280 2904 10179 4281 2905 10180 4282 2906 10181 4282 2906 10182 4283 2907 10183 4280 2904 10184 4284 2908 10185 4285 261 10186 4286 2909 10187 4286 2909 10188 4287 2910 10189 4284 2908 10190 4288 167 10191 4289 167 10192 4290 167 10193 4290 187 10194 4291 187 10195 4288 187 10196 4292 145 10197 4293 145 10198 4294 145 10199 4294 2911 10200 4295 2911 10201 4292 2911 10202 4296 2912 10203 4298 2913 10204 4297 2914 10205 4298 2913 10206 4296 2912 10207 4299 2915 10208 4300 2916 10209 4302 2917 10210 4301 2918 10211 4302 2917 10212 4300 2916 10213 4303 2919 10214 4304 2920 10215 4306 2920 10216 4305 2920 10217 4306 2921 10218 4304 2921 10219 4307 2921 10220 4308 15 10221 4310 15 10222 4309 15 10223 4310 15 10224 4308 15 10225 4311 15 10226 4312 2903 10227 4314 2903 10228 4313 2903 10229 4314 2922 10230 4312 2922 10231 4315 2922 10232 4316 2923 10233 4318 2924 10234 4317 2925 10235 4318 2924 10236 4316 2923 10237 4319 2926 10238 4320 2927 10239 4322 2928 10240 4321 2929 10241 4322 2928 10242 4320 2927 10243 4323 2930 10244 4324 167 10245 4326 167 10246 4325 167 10247 4326 2721 10248 4324 2721 10249 4327 2721 10250 4328 2931 10251 4330 2932 10252 4329 2933 10253 4330 2932 10254 4328 2931 10255 4331 2934 10256 4329 2933 10257 4333 2935 10258 4332 2936 10259 4333 2935 10260 4329 2933 10261 4330 2932 10262 4334 2937 10263 4335 2938 10264 4336 2939 10265 4336 2939 10266 4337 2940 10267 4334 2937 10268 4335 2938 10269 4338 2941 10270 4339 2942 10271 4339 2942 10272 4336 2939 10273 4335 2938 10274 4338 2941 10275 4340 2943 10276 4341 2944 10277 4341 2944 10278 4339 2942 10279 4338 2941 10280 4340 2943 10281 4342 2945 10282 4343 2946 10283 4343 2946 10284 4341 2944 10285 4340 2943 10286 4342 2945 10287 4344 2947 10288 4345 2948 10289 4345 2948 10290 4343 2946 10291 4342 2945 10292 4346 2949 10293 4348 2950 10294 4347 2951 10295 4348 2950 10296 4346 2949 10297 4349 2952 10298 4347 2951 10299 4351 2953 10300 4350 2954 10301 4351 2953 10302 4347 2951 10303 4348 2950 10304 4350 2954 10305 4353 2955 10306 4352 2956 10307 4353 2955 10308 4350 2954 10309 4351 2953 10310 4352 2956 10311 4355 2857 10312 4354 2858 10313 4355 2857 10314 4352 2956 10315 4353 2955 10316 4356 2859 10317 4358 2957 10318 4357 2958 10319 4358 2957 10320 4356 2859 10321 4359 2862 10322 4357 2958 10323 4361 2959 10324 4360 2960 10325 4361 2959 10326 4357 2958 10327 4358 2957 10328 4360 2960 10329 4363 2961 10330 4362 2962 10331 4363 2961 10332 4360 2960 10333 4361 2959 10334 4362 2962 10335 4365 2963 10336 4364 2964 10337 4365 2963 10338 4362 2962 10339 4363 2961 10340 4364 2964 10341 4367 2869 10342 4366 2870 10343 4367 2869 10344 4364 2964 10345 4365 2963 10346 4368 2871 10347 4370 2965 10348 4369 2966 10349 4370 2965 10350 4368 2871 10351 4371 2874 10352 4331 2934 10353 4369 2966 10354 4370 2965 10355 4369 2966 10356 4331 2934 10357 4328 2931 10358 4372 16 10359 4374 16 10360 4373 16 10361 4374 16 10362 4372 16 10363 4375 16 10364 4374 16 10365 4377 16 10366 4376 16 10367 4377 16 10368 4374 16 10369 4378 16 10370 4377 16 10371 4378 16 10372 4379 16 10373 4378 2875 10374 4381 2875 10375 4380 2875 10376 4381 16 10377 4378 16 10378 4382 16 10379 4381 16 10380 4382 16 10381 4383 16 10382 4382 16 10383 4385 16 10384 4384 16 10385 4385 16 10386 4382 16 10387 4386 16 10388 4385 16 10389 4386 16 10390 4387 16 10391 4374 16 10392 4382 16 10393 4378 16 10394 4382 16 10395 4374 16 10396 4386 16 10397 4388 16 10398 4374 16 10399 4375 16 10400 4374 16 10401 4388 16 10402 4386 16 10403 4389 16 10404 4375 16 10405 4372 16 10406 4390 2967 10407 4392 2967 10408 4391 2967 10409 4392 2968 10410 4390 2968 10411 4393 2968 10412 4394 2658 10413 4393 2658 10414 4395 2658 10415 4393 16 10416 4394 16 10417 4392 16 10418 4396 16 10419 4394 16 10420 4395 16 10421 4394 2969 10422 4396 2969 10423 4397 2969 10424 4396 16 10425 4398 16 10426 4397 16 10427 4398 16 10428 4396 16 10429 4399 16 10430 4399 16 10431 4400 16 10432 4398 16 10433 4400 16 10434 4399 16 10435 4401 16 10436 4400 16 10437 4403 16 10438 4402 16 10439 4403 2880 10440 4400 2880 10441 4401 2880 10442 4403 2969 10443 4404 2969 10444 4402 2969 10445 4404 2970 10446 4403 2970 10447 4405 2970 10448 4405 2971 10449 4406 2971 10450 4404 2971 10451 4406 2972 10452 4405 2972 10453 4407 2972 10454 4406 16 10455 4409 16 10456 4408 16 10457 4409 16 10458 4406 16 10459 4407 16 10460 4409 2884 10461 4410 2884 10462 4408 2884 10463 4410 2885 10464 4409 2885 10465 4411 2885 10466 4411 2886 10467 4412 2886 10468 4410 2886 10469 4412 2664 10470 4411 2664 10471 4413 2664 10472 4414 16 10473 4412 16 10474 4413 16 10475 4412 2888 10476 4414 2888 10477 4415 2888 10478 4415 2973 10479 4417 2973 10480 4416 2973 10481 4417 16 10482 4415 16 10483 4414 16 10484 4418 2890 10485 4416 2890 10486 4417 2890 10487 4416 2891 10488 4418 2891 10489 4419 2891 10490 4418 16 10491 4420 16 10492 4419 16 10493 4420 2974 10494 4418 2974 10495 4421 2974 10496 4421 2888 10497 4422 2888 10498 4420 2888 10499 4422 2975 10500 4421 2975 10501 4423 2975 10502 4422 16 10503 4425 16 10504 4424 16 10505 4425 16 10506 4422 16 10507 4423 16 10508 4424 16 10509 4390 16 10510 4391 16 10511 4390 16 10512 4424 16 10513 4425 16 10514 4426 2815 10515 4428 2815 10516 4427 2815 10517 4428 2814 10518 4426 2814 10519 4429 2814 10520 4430 2976 10521 4431 2895 10522 4432 2896 10523 4432 2896 10524 4433 2897 10525 4430 2976 10526 4434 2977 10527 4435 2899 10528 4436 2978 10529 4436 2978 10530 4437 2979 10531 4434 2977 10532 4438 154 10533 4439 154 10534 4440 154 10535 4440 254 10536 4441 254 10537 4438 254 10538 4442 15 10539 4443 15 10540 4444 15 10541 4444 15 10542 4445 15 10543 4442 15 10544 4446 178 10545 4447 178 10546 4448 178 10547 4448 157 10548 4449 157 10549 4446 157 10550 4450 2980 10551 4451 2905 10552 4452 2981 10553 4452 2981 10554 4453 2982 10555 4450 2980 10556 4454 2908 10557 4455 261 10558 4456 2909 10559 4456 2909 10560 4457 2910 10561 4454 2908 10562 4458 2596 10563 4459 2596 10564 4460 2596 10565 4460 2595 10566 4461 2595 10567 4458 2595 10568 4462 2815 10569 4463 2815 10570 4464 2815 10571 4464 168 10572 4465 168 10573 4462 168 10574 4466 2983 10575 4468 2984 10576 4467 2985 10577 4468 2984 10578 4466 2983 10579 4469 2986 10580 4470 2987 10581 4472 2988 10582 4471 2989 10583 4472 2988 10584 4470 2987 10585 4473 2990 10586 4474 2991 10587 4476 2992 10588 4475 2993 10589 4476 2992 10590 4474 2991 10591 4477 2994 10592 4478 15 10593 4480 15 10594 4479 15 10595 4480 15 10596 4478 15 10597 4481 15 10598 4482 2995 10599 4484 2996 10600 4483 2997 10601 4484 2996 10602 4482 2995 10603 4485 2998 10604 4486 2999 10605 4488 3000 10606 4487 3001 10607 4488 3000 10608 4486 2999 10609 4489 3002 10610 4490 3003 10611 4492 3004 10612 4491 3005 10613 4492 3004 10614 4490 3003 10615 4493 3006 10616 4494 2596 10617 4496 2596 10618 4495 2596 10619 4496 187 10620 4494 187 10621 4497 187 10622 4498 10 10623 4500 10 10624 4499 10 10625 4500 3007 10626 4498 3007 10627 4501 3007 10628 4502 10 10629 4500 10 10630 4501 10 10631 4500 3008 10632 4502 3008 10633 4503 3008 10634 4504 10 10635 4506 10 10636 4505 10 10637 4506 10 10638 4504 10 10639 4507 10 10640 4508 10 10641 4506 10 10642 4507 10 10643 4506 10 10644 4508 10 10645 4500 10 10646 4509 10 10647 4511 10 10648 4510 10 10649 4511 3009 10650 4509 3009 10651 4512 3009 10652 4513 10 10653 4511 10 10654 4512 10 10655 4511 3010 10656 4513 3010 10657 4506 3010 10658 4500 3011 10659 4511 3011 10660 4506 3011 10661 4511 3012 10662 4500 3012 10663 4503 3012 10664 4511 3013 10665 4515 3013 10666 4514 3013 10667 4515 10 10668 4511 10 10669 4503 10 10670 4503 10 10671 4516 10 10672 4515 10 10673 4516 10 10674 4503 10 10675 4517 10 10676 4518 3014 10677 4520 3015 10678 4519 3016 10679 4520 3015 10680 4518 3014 10681 4521 777 10682 4522 3017 10683 4524 3018 10684 4523 3019 10685 4524 3018 10686 4522 3017 10687 4525 783 10688 4526 3020 10689 4528 3021 10690 4527 3022 10691 4528 3021 10692 4526 3020 10693 4529 3023 10694 4530 3024 10695 4532 3025 10696 4531 3026 10697 4532 3025 10698 4530 3024 10699 4533 3027 10700 4534 3028 10701 4521 777 10702 4535 3029 10703 4521 777 10704 4534 3028 10705 4520 3015 10706 4536 3030 10707 4519 3016 10708 4537 3031 10709 4519 3016 10710 4536 3030 10711 4518 3014 10712 4538 3032 10713 4525 783 10714 4539 3033 10715 4525 783 10716 4538 3032 10717 4524 3018 10718 4540 3034 10719 4529 3023 10720 4541 3035 10721 4529 3023 10722 4540 3034 10723 4528 3021 10724 4542 3036 10725 4535 3029 10726 4543 3037 10727 4535 3029 10728 4542 3036 10729 4534 3028 10730 4544 3038 10731 4546 3039 10732 4545 3040 10733 4546 3039 10734 4544 3038 10735 4547 3041 10736 4523 3019 10737 4545 3040 10738 4522 3017 10739 4545 3040 10740 4523 3019 10741 4544 3038 10742 4548 3042 10743 4549 3043 10744 4537 3044 10745 4537 3031 10746 4548 3045 10747 4536 3030 10748 4550 3046 10749 4552 3047 10750 4551 3048 10751 4552 3047 10752 4550 3046 10753 4553 3049 10754 4533 3027 10755 4551 3048 10756 4532 3025 10757 4551 3048 10758 4533 3027 10759 4550 3046 10760 4539 3033 10761 4554 3050 10762 4538 3032 10763 4554 3050 10764 4539 3033 10765 4555 3051 10766 4556 3052 10767 4558 3053 10768 4557 3054 10769 4558 3053 10770 4556 3052 10771 4559 3055 10772 4526 3020 10773 4556 3052 10774 4557 3054 10775 4556 3052 10776 4526 3020 10777 4527 3022 10778 4560 3056 10779 4541 3035 10780 4561 821 10781 4541 3035 10782 4560 3056 10783 4540 3034 10784 4562 3057 10785 4564 3058 10786 4563 3059 10787 4564 3058 10788 4562 3057 10789 4565 3060 10790 4563 3059 10791 4531 3026 10792 4562 3057 10793 4531 3026 10794 4563 3059 10795 4530 3024 10796 4566 3061 10797 4568 3062 10798 4567 3063 10799 4568 3062 10800 4566 3061 10801 4569 3064 10802 4570 3065 10803 4572 3066 10804 4571 3067 10805 4572 3066 10806 4570 3065 10807 4573 3068 10808 4574 3069 10809 4576 3070 10810 4575 3071 10811 4576 3070 10812 4574 3069 10813 4577 3072 10814 4578 3073 10815 4580 3074 10816 4579 3075 10817 4580 3076 10818 4581 3077 10819 4578 3078 10820 4519 3016 10821 4582 3079 10822 4537 3031 10823 4582 3079 10824 4519 3016 10825 4583 3080 10826 4584 3081 10827 4544 3038 10828 4523 3019 10829 4544 3038 10830 4584 3081 10831 4585 3082 10832 4586 3083 10833 4531 3026 10834 4587 3084 10835 4531 3026 10836 4586 3083 10837 4562 3057 10838 4588 3085 10839 4527 3022 10840 4589 3086 10841 4527 3022 10842 4588 3085 10843 4556 3052 10844 4532 3087 10845 4590 3088 10846 4591 3089 10847 4591 3089 10848 4551 3090 10849 4532 3087 10850 4551 3090 10851 4591 3089 10852 4592 3091 10853 4592 3091 10854 4552 3092 10855 4551 3090 10856 4537 3031 10857 4593 3093 10858 4549 3094 10859 4593 3093 10860 4537 3031 10861 4582 3079 10862 4594 3095 10863 4534 3028 10864 4595 3096 10865 4534 3028 10866 4594 3095 10867 4520 3015 10868 4534 3028 10869 4596 3097 10870 4595 3096 10871 4596 3097 10872 4534 3028 10873 4542 3036 10874 4597 3098 10875 4544 3038 10876 4585 3082 10877 4544 3038 10878 4597 3098 10879 4547 3041 10880 4598 3099 10881 4528 3021 10882 4540 3034 10883 4528 3021 10884 4598 3099 10885 4599 3100 10886 4598 3099 10887 4560 3056 10888 4600 3101 10889 4560 3056 10890 4598 3099 10891 4540 3034 10892 4565 3102 10893 4601 3103 10894 4586 3104 10895 4586 3083 10896 4565 3060 10897 4562 3057 10898 4524 3018 10899 4603 3105 10900 4602 3106 10901 4603 3105 10902 4524 3018 10903 4538 3032 10904 4603 3105 10905 4554 3050 10906 4604 3107 10907 4554 3050 10908 4603 3105 10909 4538 3032 10910 4556 3052 10911 4605 3108 10912 4559 3055 10913 4605 3108 10914 4556 3052 10915 4588 3085 10916 4594 3095 10917 4519 3016 10918 4520 3015 10919 4519 3016 10920 4594 3095 10921 4583 3080 10922 4602 3106 10923 4523 3019 10924 4524 3018 10925 4523 3019 10926 4602 3106 10927 4584 3081 10928 4599 3100 10929 4527 3022 10930 4528 3021 10931 4527 3022 10932 4599 3100 10933 4589 3086 10934 4587 3109 10935 4590 3088 10936 4532 3087 10937 4532 3025 10938 4587 3084 10939 4531 3026 10940 4568 3062 10941 4607 3110 10942 4606 3111 10943 4607 3110 10944 4568 3062 10945 4569 3064 10946 4572 3066 10947 4608 3112 10948 4571 3067 10949 4608 3112 10950 4572 3066 10951 4609 3113 10952 4610 3114 10953 4581 3115 10954 4611 3116 10955 4581 3115 10956 4610 3114 10957 4580 3117 10958 4576 3070 10959 4612 3118 10960 4575 3071 10961 4612 3118 10962 4576 3070 10963 4613 3119 10964 4614 3120 10965 4578 3073 10966 4579 3075 10967 4578 3073 10968 4614 3120 10969 4615 3121 10970 4616 3122 10971 4615 3121 10972 4614 3120 10973 4615 3121 10974 4616 3122 10975 4617 3123 10976 4616 3122 10977 4607 3110 10978 4617 3123 10979 4607 3110 10980 4616 3122 10981 4606 3111 10982 4618 3124 10983 4566 3061 10984 4567 3063 10985 4566 3061 10986 4618 3124 10987 4619 3125 10988 4619 3125 10989 4621 3126 10990 4620 3127 10991 4621 3126 10992 4619 3125 10993 4618 3124 10994 4609 3113 10995 4621 3126 10996 4608 3112 10997 4621 3126 10998 4609 3113 10999 4620 3127 11000 4577 3072 11001 4623 3128 11002 4622 3129 11003 4623 3128 11004 4577 3072 11005 4574 3069 11006 4624 3130 11007 4622 3129 11008 4623 3128 11009 4622 3129 11010 4624 3130 11011 4625 3131 11012 4624 3130 11013 4611 3116 11014 4625 3131 11015 4611 3116 11016 4624 3130 11017 4610 3114 11018 4573 3068 11019 4627 3132 11020 4626 3133 11021 4627 3132 11022 4573 3068 11023 4570 3065 11024 4627 3132 11025 4628 3134 11026 4626 3133 11027 4628 3134 11028 4627 3132 11029 4629 3135 11030 4628 3134 11031 4612 3118 11032 4613 3119 11033 4612 3118 11034 4628 3134 11035 4629 3135 11036 4630 3136 11037 4632 3136 11038 4631 3136 11039 4632 3137 11040 4630 3137 11041 4633 3137 11042 4634 16 11043 4636 16 11044 4635 16 11045 4636 16 11046 4634 16 11047 4637 16 11048 4638 3138 11049 4639 3138 11050 4640 3138 11051 4640 3139 11052 4641 3139 11053 4638 3139 11054 4642 896 11055 4643 897 11056 4644 898 11057 4644 894 11058 4645 894 11059 4642 894 11060 4646 16 11061 4647 16 11062 4648 16 11063 4648 16 11064 4649 16 11065 4646 16 11066 4650 899 11067 4652 900 11068 4651 901 11069 4652 895 11070 4650 895 11071 4653 895 11072 4654 10 11073 4656 10 11074 4655 10 11075 4656 10 11076 4654 10 11077 4657 10 11078 4656 10 11079 4657 10 11080 4658 10 11081 4659 10 11082 4657 10 11083 4654 10 11084 4660 3140 11085 4662 3141 11086 4661 3142 11087 4662 3141 11088 4660 3140 11089 4663 3143 11090 4664 3144 11091 4661 3142 11092 4662 3141 11093 4661 3142 11094 4664 3144 11095 4665 3145 11096 4664 3144 11097 4666 3146 11098 4665 3145 11099 4666 3146 11100 4664 3144 11101 4667 3147 11102 4666 3146 11103 4669 3148 11104 4668 3149 11105 4669 3148 11106 4666 3146 11107 4667 3147 11108 4670 3150 11109 4668 3149 11110 4669 3148 11111 4668 3149 11112 4670 3150 11113 4671 3151 11114 4663 3143 11115 4671 3151 11116 4670 3150 11117 4671 3151 11118 4663 3143 11119 4660 3140 11120 4672 3152 11121 4674 3153 11122 4673 3154 11123 4674 3155 11124 4672 3156 11125 4675 3157 11126 4676 16 11127 4678 16 11128 4677 16 11129 4678 16 11130 4676 16 11131 4679 16 11132 4680 3138 11133 4681 3138 11134 4682 3138 11135 4682 3139 11136 4683 3139 11137 4680 3139 11138 4684 896 11139 4685 897 11140 4686 898 11141 4686 894 11142 4687 894 11143 4684 894 11144 4688 16 11145 4689 16 11146 4690 16 11147 4690 16 11148 4691 16 11149 4688 16 11150 4692 3158 11151 4694 3159 11152 4693 3160 11153 4694 3139 11154 4692 3139 11155 4695 3139 11156 4696 3161 11157 4698 3161 11158 4697 3161 11159 4698 10 11160 4696 10 11161 4699 10 11162 4698 3162 11163 4699 3162 11164 4700 3162 11165 4701 10 11166 4699 10 11167 4696 10 11168 4702 3163 11169 4704 3164 11170 4703 3165 11171 4704 3164 11172 4702 3163 11173 4705 3166 11174 4706 3167 11175 4708 3168 11176 4707 3169 11177 4708 3168 11178 4706 3167 11179 4709 3170 11180 4710 3171 11181 4711 3172 11182 4712 3173 11183 4712 3173 11184 4713 3174 11185 4710 3171 11186 4714 3175 11187 4715 3176 11188 4716 3177 11189 4716 3177 11190 4717 3178 11191 4714 3175 11192 4718 3179 11193 4719 3180 11194 4720 3181 11195 4720 3181 11196 4721 3182 11197 4718 3179 11198 4722 3183 11199 4724 3184 11200 4723 3185 11201 4724 3184 11202 4722 3183 11203 4725 3186 11204 4726 3187 11205 4728 3188 11206 4727 3189 11207 4728 3190 11208 4726 3191 11209 4729 3192 11210 4730 16 11211 4732 16 11212 4731 16 11213 4732 16 11214 4730 16 11215 4733 16 11216 4734 3139 11217 4735 3139 11218 4736 3139 11219 4736 895 11220 4737 895 11221 4734 895 11222 4738 3193 11223 4739 3194 11224 4740 3195 11225 4740 894 11226 4741 894 11227 4738 894 11228 4742 16 11229 4743 16 11230 4744 16 11231 4744 16 11232 4745 16 11233 4742 16 11234 4746 895 11235 4748 895 11236 4747 895 11237 4748 3196 11238 4746 3197 11239 4749 3198 11240 4750 3161 11241 4752 3161 11242 4751 3161 11243 4752 10 11244 4750 10 11245 4753 10 11246 4752 3199 11247 4753 3199 11248 4754 3199 11249 4755 10 11250 4753 10 11251 4750 10 11252 4756 3200 11253 4758 3201 11254 4757 3202 11255 4758 3201 11256 4756 3200 11257 4759 3203 11258 4760 3204 11259 4762 3205 11260 4761 3206 11261 4762 3205 11262 4760 3204 11263 4763 3207 11264 4760 3204 11265 4765 3208 11266 4764 3209 11267 4765 3208 11268 4760 3204 11269 4761 3206 11270 4765 3208 11271 4766 3210 11272 4764 3209 11273 4766 3210 11274 4765 3208 11275 4767 3211 11276 4768 3212 11277 4766 3210 11278 4767 3211 11279 4766 3210 11280 4768 3212 11281 4769 3213 11282 4770 3184 11283 4772 3214 11284 4771 3215 11285 4772 3214 11286 4770 3184 11287 4773 3185 11288 4774 894 11289 4776 894 11290 4775 894 11291 4776 3136 11292 4774 3136 11293 4777 3136 11294 4778 16 11295 4780 16 11296 4779 16 11297 4780 16 11298 4778 16 11299 4781 16 11300 4782 3139 11301 4783 3139 11302 4784 3139 11303 4784 895 11304 4785 895 11305 4782 895 11306 4786 894 11307 4787 894 11308 4788 894 11309 4788 3216 11310 4789 3217 11311 4786 3218 11312 4790 16 11313 4791 16 11314 4792 16 11315 4792 16 11316 4793 16 11317 4790 16 11318 4794 3219 11319 4796 3220 11320 4795 3221 11321 4796 895 11322 4794 895 11323 4797 895 11324 4798 10 11325 4800 10 11326 4799 10 11327 4800 10 11328 4798 10 11329 4801 10 11330 4800 10 11331 4801 10 11332 4802 10 11333 4803 10 11334 4801 10 11335 4798 10 11336 4804 3222 11337 4806 3223 11338 4805 3224 11339 4806 3223 11340 4804 3222 11341 4807 3225 11342 4808 3226 11343 4810 3227 11344 4809 3228 11345 4810 3227 11346 4808 3226 11347 4811 3229 11348 4812 3230 11349 4813 3231 11350 4814 3232 11351 4814 3232 11352 4815 3233 11353 4812 3230 11354 4816 3234 11355 4817 3235 11356 4818 3236 11357 4818 3236 11358 4819 3237 11359 4816 3234 11360 4820 3238 11361 4821 3239 11362 4822 3240 11363 4822 3240 11364 4823 3241 11365 4820 3238 11366 4824 3242 11367 4826 3243 11368 4825 3244 11369 4826 3243 11370 4824 3242 11371 4827 3245 11372 4828 3246 11373 4830 3247 11374 4829 3248 11375 4830 3247 11376 4828 3246 11377 4831 3249 11378 4831 3249 11379 4832 3250 11380 4830 3247 11381 4832 3250 11382 4831 3249 11383 4833 3251 11384 4834 1006 11385 4836 3252 11386 4835 1008 11387 4836 3252 11388 4834 1006 11389 4837 3253 11390 4837 3253 11391 4838 3254 11392 4836 3252 11393 4838 3254 11394 4837 3253 11395 4839 3255 11396 4839 3255 11397 4840 3256 11398 4838 3254 11399 4840 3256 11400 4839 3255 11401 4841 3257 11402 4841 3257 11403 4842 3258 11404 4840 3256 11405 4842 3258 11406 4841 3257 11407 4843 3259 11408 4843 3259 11409 4844 3260 11410 4842 3258 11411 4844 3260 11412 4843 3259 11413 4845 3261 11414 4846 3262 11415 4848 3263 11416 4847 3264 11417 4848 3263 11418 4846 3262 11419 4849 3265 11420 4849 3265 11421 4850 3266 11422 4848 3263 11423 4850 3266 11424 4849 3265 11425 4851 3267 11426 4851 3267 11427 4852 3268 11428 4850 3266 11429 4852 3268 11430 4851 3267 11431 4853 3269 11432 4853 3269 11433 4854 3270 11434 4852 3268 11435 4854 3270 11436 4853 3269 11437 4855 3271 11438 4856 3272 11439 4858 3273 11440 4857 3274 11441 4858 3273 11442 4856 3272 11443 4859 3275 11444 4859 3275 11445 4860 3276 11446 4858 3273 11447 4860 3276 11448 4859 3275 11449 4861 3277 11450 4861 3277 11451 4862 3278 11452 4860 3276 11453 4862 3278 11454 4861 3277 11455 4863 3279 11456 4863 3279 11457 4864 3280 11458 4862 3278 11459 4864 3280 11460 4863 3279 11461 4865 3281 11462 4865 3281 11463 4866 1044 11464 4864 3280 11465 4866 1044 11466 4865 3281 11467 4867 1045 11468 4868 3282 11469 4870 3283 11470 4869 3284 11471 4870 3285 11472 4871 3286 11473 4868 3287 11474 4871 3288 11475 4829 3248 11476 4870 3289 11477 4829 3248 11478 4871 3288 11479 4828 3246 11480 4872 3290 11481 4874 3290 11482 4873 3290 11483 4874 10 11484 4872 10 11485 4875 10 11486 4874 3291 11487 4877 3291 11488 4876 3291 11489 4877 10 11490 4874 10 11491 4878 10 11492 4877 3292 11493 4878 3292 11494 4879 3292 11495 4880 10 11496 4881 10 11497 4878 10 11498 4881 10 11499 4880 10 11500 4882 10 11501 4882 10 11502 4880 10 11503 4883 10 11504 4875 10 11505 4878 10 11506 4874 10 11507 4878 10 11508 4875 10 11509 4880 10 11510 4880 3293 11511 4885 3293 11512 4884 3293 11513 4885 10 11514 4880 10 11515 4875 10 11516 4885 3294 11517 4875 3294 11518 4886 3294 11519 4887 10 11520 4875 10 11521 4872 10 11522 4875 3295 11523 4887 3295 11524 4888 3295 11525 4889 10 11526 4887 10 11527 4872 10 11528 4890 3296 11529 4892 3296 11530 4891 3296 11531 4892 3297 11532 4890 3297 11533 4893 3297 11534 4894 3298 11535 4890 3298 11536 4891 3298 11537 4890 3299 11538 4894 3299 11539 4895 3299 11540 4896 3300 11541 4894 3300 11542 4897 3300 11543 4894 10 11544 4896 10 11545 4895 10 11546 4897 3301 11547 4898 3301 11548 4896 3301 11549 4898 10 11550 4897 10 11551 4899 10 11552 4900 3302 11553 4898 3302 11554 4899 3302 11555 4898 3303 11556 4900 3303 11557 4901 3303 11558 4902 3304 11559 4901 3304 11560 4900 3304 11561 4901 3305 11562 4902 3305 11563 4903 3305 11564 4904 3306 11565 4903 3306 11566 4902 3306 11567 4903 3307 11568 4904 3307 11569 4905 3307 11570 4906 3308 11571 4905 3308 11572 4904 3308 11573 4905 10 11574 4906 10 11575 4907 10 11576 4908 3309 11577 4907 3309 11578 4906 3309 11579 4907 10 11580 4908 10 11581 4909 10 11582 4910 10 11583 4909 10 11584 4908 10 11585 4909 10 11586 4910 10 11587 4911 10 11588 4912 10 11589 4911 10 11590 4910 10 11591 4911 3310 11592 4912 3310 11593 4913 3310 11594 4914 3311 11595 4912 3311 11596 4915 3311 11597 4912 10 11598 4914 10 11599 4913 10 11600 4916 10 11601 4915 10 11602 4917 10 11603 4915 3312 11604 4916 3312 11605 4914 3312 11606 4918 10 11607 4917 10 11608 4919 10 11609 4917 10 11610 4918 10 11611 4916 10 11612 4920 3313 11613 4918 3313 11614 4919 3313 11615 4918 3314 11616 4920 3314 11617 4921 3314 11618 4922 3315 11619 4921 3315 11620 4920 3315 11621 4921 3316 11622 4922 3316 11623 4923 3316 11624 4923 10 11625 4925 10 11626 4924 10 11627 4925 3317 11628 4923 3317 11629 4922 3317 11630 4892 3318 11631 4924 3318 11632 4925 3318 11633 4924 10 11634 4892 10 11635 4893 10 11636 4926 3319 11637 4927 3320 11638 4928 3321 11639 4928 3321 11640 4929 1084 11641 4926 3319 11642 4926 3319 11643 4930 3322 11644 4931 3323 11645 4931 3323 11646 4927 3320 11647 4926 3319 11648 4932 3324 11649 4933 3325 11650 4934 3326 11651 4934 3326 11652 4935 3327 11653 4932 3324 11654 4932 3324 11655 4936 3328 11656 4937 3329 11657 4937 3329 11658 4933 3325 11659 4932 3324 11660 4938 3330 11661 4937 3329 11662 4936 3328 11663 4936 3328 11664 4939 3331 11665 4938 3330 11666 4938 3330 11667 4939 3331 11668 4940 3332 11669 4940 3332 11670 4941 3333 11671 4938 3330 11672 4942 3334 11673 4943 3335 11674 4941 3333 11675 4941 3333 11676 4940 3332 11677 4942 3334 11678 4944 3336 11679 4946 3337 11680 4945 3338 11681 4946 3337 11682 4944 3336 11683 4947 3339 11684 4948 3340 11685 4945 3338 11686 4949 1104 11687 4945 3338 11688 4948 3340 11689 4944 3336 11690 4948 3340 11691 4951 3341 11692 4950 3342 11693 4951 3341 11694 4948 3340 11695 4949 1104 11696 4951 3341 11697 4952 3343 11698 4950 3342 11699 4952 3343 11700 4951 3341 11701 4953 3344 11702 4954 3345 11703 4955 3346 11704 4956 3347 11705 4956 3347 11706 4957 3348 11707 4954 3345 11708 4958 3349 11709 4959 3350 11710 4954 3345 11711 4954 3345 11712 4957 3348 11713 4958 3349 11714 4960 3351 11715 4961 3352 11716 4959 3350 11717 4959 3350 11718 4958 3349 11719 4960 3351 11720 4962 3353 11721 4961 3352 11722 4960 3351 11723 4960 3351 11724 4963 3354 11725 4962 3353 11726 4964 3355 11727 4965 3356 11728 4962 3353 11729 4962 3353 11730 4963 3354 11731 4964 3355 11732 4966 3357 11733 4967 3358 11734 4968 3359 11735 4968 3359 11736 4969 1124 11737 4966 3357 11738 4929 1084 11739 4928 3321 11740 4969 1124 11741 4969 1124 11742 4968 3359 11743 4929 1084 11744 4970 3360 11745 4972 3360 11746 4971 3360 11747 4972 3361 11748 4970 3361 11749 4973 3361 11750 4974 3362 11751 4971 3362 11752 4975 3362 11753 4971 3363 11754 4974 3363 11755 4970 3363 11756 4976 3364 11757 4975 3364 11758 4977 3364 11759 4975 1130 11760 4976 1130 11761 4974 1130 11762 4978 10 11763 4976 10 11764 4977 10 11765 4976 3365 11766 4978 3365 11767 4979 3365 11768 4979 3366 11769 4981 3366 11770 4980 3366 11771 4981 3367 11772 4979 3367 11773 4978 3367 11774 4982 3368 11775 4980 3368 11776 4981 3368 11777 4980 3369 11778 4982 3369 11779 4983 3369 11780 4984 3370 11781 4983 3370 11782 4982 3370 11783 4983 3371 11784 4984 3371 11785 4985 3371 11786 4984 10 11787 4986 10 11788 4985 10 11789 4986 10 11790 4984 10 11791 4987 10 11792 4988 10 11793 4986 10 11794 4987 10 11795 4986 1137 11796 4988 1137 11797 4989 1137 11798 4990 3372 11799 4989 3372 11800 4988 3372 11801 4989 10 11802 4990 10 11803 4991 10 11804 4990 1139 11805 4992 1139 11806 4991 1139 11807 4992 3373 11808 4990 3373 11809 4993 3373 11810 4993 3374 11811 4994 3374 11812 4992 3374 11813 4994 3375 11814 4993 3375 11815 4995 3375 11816 4996 10 11817 4994 10 11818 4995 10 11819 4994 3376 11820 4996 3376 11821 4997 3376 11822 4998 10 11823 4996 10 11824 4999 10 11825 4996 10 11826 4998 10 11827 4997 10 11828 5000 10 11829 4999 10 11830 5001 10 11831 4999 10 11832 5000 10 11833 4998 10 11834 5000 3377 11835 5003 3377 11836 5002 3377 11837 5003 3378 11838 5000 3378 11839 5001 3378 11840 5004 10 11841 5003 10 11842 5005 10 11843 5003 3379 11844 5004 3379 11845 5002 3379 11846 5005 3380 11847 4973 3380 11848 5004 3380 11849 4973 3381 11850 5005 3381 11851 4972 3381 11852 5006 3382 11853 5007 3383 11854 5008 3384 11855 5008 3384 11856 5009 3385 11857 5006 3382 11858 5007 3383 11859 5006 3382 11860 5010 3386 11861 5010 3386 11862 5011 3387 11863 5007 3383 11864 5012 3388 11865 5013 3389 11866 5014 3390 11867 5014 3390 11868 5015 3391 11869 5012 3388 11870 5012 3388 11871 5016 3392 11872 5017 3393 11873 5017 3393 11874 5013 3389 11875 5012 3388 11876 5018 3394 11877 5019 3395 11878 5017 3393 11879 5017 3393 11880 5016 3392 11881 5018 3394 11882 5019 3395 11883 5018 3394 11884 5020 3396 11885 5020 3396 11886 5021 3397 11887 5019 3395 11888 5022 3398 11889 5021 3397 11890 5020 3396 11891 5020 3396 11892 5023 3399 11893 5022 3398 11894 5024 3400 11895 5026 3401 11896 5025 3402 11897 5026 3401 11898 5024 3400 11899 5027 3403 11900 5028 3404 11901 5026 3401 11902 5027 3403 11903 5026 3401 11904 5028 3404 11905 5029 3405 11906 5030 3406 11907 5029 3405 11908 5028 3404 11909 5029 3405 11910 5030 3406 11911 5031 3407 11912 5030 3406 11913 5032 3408 11914 5031 3407 11915 5032 3408 11916 5030 3406 11917 5033 3409 11918 5034 3410 11919 5035 3411 11920 5036 3412 11921 5036 3412 11922 5037 3413 11923 5034 3410 11924 5037 3413 11925 5036 3412 11926 5038 3414 11927 5038 3414 11928 5039 3415 11929 5037 3413 11930 5040 3416 11931 5041 3417 11932 5039 3415 11933 5039 3415 11934 5038 3414 11935 5040 3416 11936 5042 3418 11937 5041 3417 11938 5040 3416 11939 5040 3416 11940 5043 3419 11941 5042 3418 11942 5043 3419 11943 5044 3420 11944 5045 3421 11945 5045 3421 11946 5042 3418 11947 5043 3419 11948 5046 3422 11949 5047 3423 11950 5048 3424 11951 5048 3424 11952 5049 3425 11953 5046 3422 11954 5009 3385 11955 5008 3384 11956 5046 3422 11957 5046 3422 11958 5049 3425 11959 5009 3385 11960 5050 3426 11961 5052 3427 11962 5051 3428 11963 5052 3427 11964 5050 3426 11965 5053 3429 11966 5054 3430 11967 5050 3426 11968 5051 3428 11969 5050 3426 11970 5054 3430 11971 5055 3431 11972 5056 3432 11973 5058 3433 11974 5057 3434 11975 5058 3433 11976 5056 3432 11977 5059 3435 11978 5060 3436 11979 5057 3434 11980 5061 3437 11981 5057 3434 11982 5060 3436 11983 5056 3432 11984 5060 3436 11985 5063 3438 11986 5062 3439 11987 5063 3438 11988 5060 3436 11989 5061 3437 11990 5062 3439 11991 5065 3440 11992 5064 3441 11993 5065 3440 11994 5062 3439 11995 5063 3438 11996 5066 3442 11997 5064 3441 11998 5065 3440 11999 5064 3441 12000 5066 3442 12001 5067 3443 12002 5068 3444 12003 5070 3445 12004 5069 3446 12005 5070 3445 12006 5068 3444 12007 5071 3447 12008 5068 3444 12009 5073 3448 12010 5072 3449 12011 5073 3448 12012 5068 3444 12013 5069 3446 12014 5074 3450 12015 5072 3449 12016 5073 3448 12017 5072 3449 12018 5074 3450 12019 5075 3451 12020 5075 3451 12021 5077 3452 12022 5076 3453 12023 5077 3452 12024 5075 3451 12025 5074 3450 12026 5078 3454 12027 5080 3455 12028 5079 3456 12029 5080 3455 12030 5078 3454 12031 5081 3457 12032 5082 3458 12033 5081 3457 12034 5078 3454 12035 5081 3457 12036 5082 3458 12037 5083 3459 12038 5083 3459 12039 5085 3460 12040 5084 3461 12041 5085 3460 12042 5083 3459 12043 5082 3458 12044 5086 3462 12045 5084 3461 12046 5085 3460 12047 5084 3461 12048 5086 3462 12049 5087 3463 12050 5087 3463 12051 5089 3464 12052 5088 3465 12053 5089 3464 12054 5087 3463 12055 5086 3462 12056 5090 3466 12057 5092 3467 12058 5091 3468 12059 5092 3467 12060 5090 3466 12061 5093 3469 12062 5053 3429 12063 5090 3466 12064 5052 3427 12065 5090 3466 12066 5053 3429 12067 5093 3469 12068 5094 10 12069 5096 10 12070 5095 10 12071 5096 10 12072 5094 10 12073 5097 10 12074 5096 10 12075 5099 10 12076 5098 10 12077 5099 10 12078 5096 10 12079 5100 10 12080 5099 10 12081 5100 10 12082 5101 10 12083 5100 3470 12084 5103 3470 12085 5102 3470 12086 5103 10 12087 5100 10 12088 5104 10 12089 5103 10 12090 5104 10 12091 5105 10 12092 5104 10 12093 5096 10 12094 5097 10 12095 5096 10 12096 5104 10 12097 5100 10 12098 5106 10 12099 5104 10 12100 5097 10 12101 5104 10 12102 5106 10 12103 5107 10 12104 5106 10 12105 5097 10 12106 5108 10 12107 5094 10 12108 5109 10 12109 5097 10 12110 5109 10 12111 5094 10 12112 5110 10 12113 5111 10 12114 5110 10 12115 5094 10 12116 5112 3471 12117 5114 3472 12118 5113 15 12119 5114 3472 12120 5112 3471 12121 5115 3473 12122 5116 1243 12123 5118 3474 12124 5117 1245 12125 5118 3474 12126 5116 1243 12127 5119 3475 12128 5114 3472 12129 5121 3476 12130 5120 3477 12131 5121 3476 12132 5114 3472 12133 5115 3473 12134 5122 3478 12135 5118 3474 12136 5119 3475 12137 5118 3474 12138 5122 3478 12139 5123 3479 12140 5124 3480 12141 5126 3481 12142 5125 3482 12143 5126 3481 12144 5124 3480 12145 5127 3483 12146 5128 3484 12147 5130 3485 12148 5129 3486 12149 5130 3485 12150 5128 3484 12151 5131 3487 12152 5124 3480 12153 5132 3488 12154 5127 3483 12155 5132 3488 12156 5124 3480 12157 5133 3489 12158 5134 3490 12159 5129 3486 12160 5130 3485 12161 5129 3486 12162 5134 3490 12163 5135 3491 12164 5133 3489 12165 5136 3492 12166 5132 3488 12167 5136 3492 12168 5133 3489 12169 5137 3493 12170 5134 3490 12171 5138 3494 12172 5135 3491 12173 5138 3494 12174 5134 3490 12175 5139 1266 12176 5137 3493 12177 5140 3495 12178 5136 3492 12179 5140 3495 12180 5137 3493 12181 5141 3496 12182 5142 3497 12183 5138 3494 12184 5139 1266 12185 5138 3494 12186 5142 3497 12187 5143 3498 12188 5144 3499 12189 5140 3495 12190 5141 3496 12191 5140 3495 12192 5144 3499 12193 5145 3500 12194 5146 3501 12195 5143 3498 12196 5142 3497 12197 5143 3498 12198 5146 3501 12199 5147 3502 12200 5148 3503 12201 5149 3504 12202 5150 3505 12203 5150 3505 12204 5151 3506 12205 5148 3503 12206 5152 3507 12207 5153 3508 12208 5154 3509 12209 5154 3509 12210 5155 3510 12211 5152 3507 12212 5156 3511 12213 5148 3503 12214 5151 3506 12215 5151 3506 12216 5157 3512 12217 5156 3511 12218 5153 3508 12219 5158 1285 12220 5159 1286 12221 5159 1286 12222 5154 3509 12223 5153 3508 12224 5160 3513 12225 5156 3511 12226 5157 3512 12227 5157 3512 12228 5161 3514 12229 5160 3513 12230 5158 1285 12231 5162 3515 12232 5163 3516 12233 5163 3516 12234 5159 1286 12235 5158 1285 12236 5161 3514 12237 5164 3517 12238 5165 3518 12239 5165 3518 12240 5160 3513 12241 5161 3514 12242 5166 3519 12243 5163 3516 12244 5162 3515 12245 5162 3515 12246 5167 3520 12247 5166 3519 12248 5168 3521 12249 5170 3522 12250 5169 3523 12251 5170 3522 12252 5168 3521 12253 5171 3524 12254 5172 3525 12255 5174 3526 12256 5173 3527 12257 5174 3526 12258 5172 3525 12259 5175 3528 12260 5176 3529 12261 5168 3521 12262 5177 3530 12263 5168 3521 12264 5176 3529 12265 5171 3524 12266 5174 3526 12267 5179 3531 12268 5178 3532 12269 5179 3531 12270 5174 3526 12271 5175 3528 12272 5177 3530 12273 5180 3533 12274 5176 3529 12275 5180 3533 12276 5177 3530 12277 5181 3533 12278 5182 3534 12279 5178 3532 12280 5179 3531 12281 5178 3532 12282 5182 3534 12283 5183 3535 12284 5180 3533 12285 5185 3536 12286 5184 3537 12287 5185 3536 12288 5180 3533 12289 5181 3533 12290 5186 3538 12291 5183 3535 12292 5182 3534 12293 5183 3535 12294 5186 3538 12295 5187 3539 12296 5188 3540 12297 5184 3537 12298 5185 3536 12299 5184 3537 12300 5188 3540 12301 5189 3541 12302 5190 3542 12303 5187 3539 12304 5186 3538 12305 5187 3539 12306 5190 3542 12307 5191 3543 12308 5192 3544 12309 5194 3545 12310 5193 3546 12311 5194 3545 12312 5192 3544 12313 5195 3547 12314 5196 3548 12315 5198 3549 12316 5197 3550 12317 5198 3549 12318 5196 3548 12319 5199 3551 12320 5112 3471 12321 5195 3547 12322 5192 3544 12323 5195 3547 12324 5112 3471 12325 5113 15 12326 5198 3549 12327 5116 1243 12328 5117 1245 12329 5116 1243 12330 5198 3549 12331 5199 3551 12332 5200 10 12333 5202 10 12334 5201 10 12335 5202 3552 12336 5200 3552 12337 5203 3552 12338 5204 10 12339 5202 10 12340 5203 10 12341 5202 10 12342 5204 10 12343 5205 10 12344 5204 10 12345 5206 10 12346 5205 10 12347 5206 10 12348 5204 10 12349 5207 10 12350 5206 10 12351 5209 10 12352 5208 10 12353 5209 10 12354 5206 10 12355 5207 10 12356 5210 3553 12357 5209 3553 12358 5211 3553 12359 5209 10 12360 5210 10 12361 5208 10 12362 5210 10 12363 5213 10 12364 5212 10 12365 5213 3554 12366 5210 3554 12367 5211 3554 12368 5213 10 12369 5214 10 12370 5212 10 12371 5214 10 12372 5213 10 12373 5215 10 12374 5215 3555 12375 5216 3555 12376 5214 3555 12377 5216 3556 12378 5215 3556 12379 5217 3556 12380 5218 10 12381 5216 10 12382 5217 10 12383 5216 10 12384 5218 10 12385 5219 10 12386 5219 10 12387 5221 10 12388 5220 10 12389 5221 10 12390 5219 10 12391 5218 10 12392 5221 3557 12393 5222 3557 12394 5220 3557 12395 5222 1336 12396 5221 1336 12397 5223 1336 12398 5223 10 12399 5224 10 12400 5222 10 12401 5224 10 12402 5223 10 12403 5225 10 12404 5226 3558 12405 5224 3558 12406 5225 3558 12407 5224 3559 12408 5226 3559 12409 5227 3559 12410 5228 10 12411 5226 10 12412 5229 10 12413 5226 10 12414 5228 10 12415 5227 10 12416 5230 10 12417 5228 10 12418 5229 10 12419 5228 3560 12420 5230 3560 12421 5231 3560 12422 5230 3561 12423 5232 3561 12424 5231 3561 12425 5232 10 12426 5230 10 12427 5233 10 12428 5233 10 12429 5234 10 12430 5232 10 12431 5234 10 12432 5233 10 12433 5235 10 12434 5200 10 12435 5234 10 12436 5235 10 12437 5234 10 12438 5200 10 12439 5201 10 12440 5236 3562 12441 5202 3563 12442 5237 3564 12443 5202 3563 12444 5236 3562 12445 5201 3565 12446 5205 3566 12447 5237 3564 12448 5202 3563 12449 5237 3564 12450 5205 3566 12451 5238 3567 12452 5238 3567 12453 5206 3568 12454 5239 3569 12455 5206 3568 12456 5238 3567 12457 5205 3566 12458 5208 10 12459 5239 3569 12460 5206 3568 12461 5239 3569 12462 5208 10 12463 5240 3570 12464 5208 10 12465 5241 3571 12466 5240 3570 12467 5241 3571 12468 5208 10 12469 5210 3572 12470 5241 3571 12471 5212 3573 12472 5242 3574 12473 5212 3573 12474 5241 3571 12475 5210 3572 12476 5212 3573 12477 5243 3575 12478 5242 3574 12479 5243 3575 12480 5212 3573 12481 5214 3576 12482 5243 3575 12483 5216 3577 12484 5244 3578 12485 5216 3577 12486 5243 3575 12487 5214 3576 12488 5219 3579 12489 5244 3578 12490 5216 3577 12491 5244 3578 12492 5219 3579 12493 5245 3580 12494 5219 3579 12495 5246 3581 12496 5245 3580 12497 5246 3581 12498 5219 3579 12499 5220 3582 12500 5220 3582 12501 5247 3583 12502 5246 3581 12503 5247 3583 12504 5220 3582 12505 5222 3584 12506 5224 3585 12507 5247 3583 12508 5222 3584 12509 5247 3583 12510 5224 3585 12511 5248 3586 12512 5224 3585 12513 5249 3587 12514 5248 3586 12515 5249 3587 12516 5224 3585 12517 5227 3588 12518 5228 3589 12519 5249 3587 12520 5227 3588 12521 5249 3587 12522 5228 3589 12523 5250 3590 12524 5228 3589 12525 5251 3591 12526 5250 3590 12527 5251 3591 12528 5228 3589 12529 5231 3592 12530 5231 3592 12531 5252 3593 12532 5251 3591 12533 5252 3593 12534 5231 3592 12535 5232 3594 12536 5232 3594 12537 5253 3595 12538 5252 3593 12539 5253 3595 12540 5232 3594 12541 5234 3596 12542 5234 3596 12543 5236 3562 12544 5253 3595 12545 5236 3562 12546 5234 3596 12547 5201 3565 12548 5254 10 12549 5256 10 12550 5255 10 12551 5256 10 12552 5254 10 12553 5257 10 12554 5258 10 12555 5257 10 12556 5254 10 12557 5257 3597 12558 5258 3597 12559 5259 3597 12560 5258 3598 12561 5260 3598 12562 5259 3598 12563 5260 3599 12564 5258 3599 12565 5261 3599 12566 5261 3600 12567 5262 3600 12568 5260 3600 12569 5262 10 12570 5261 10 12571 5263 10 12572 5263 3601 12573 5264 3601 12574 5262 3601 12575 5264 10 12576 5263 10 12577 5265 10 12578 5265 10 12579 5266 10 12580 5264 10 12581 5266 3602 12582 5265 3602 12583 5267 3602 12584 5267 3603 12585 5268 3603 12586 5266 3603 12587 5268 3604 12588 5267 3604 12589 5269 3604 12590 5269 10 12591 5270 10 12592 5268 10 12593 5270 3605 12594 5269 3605 12595 5271 3605 12596 5272 10 12597 5270 10 12598 5271 10 12599 5270 10 12600 5272 10 12601 5273 10 12602 5273 10 12603 5275 10 12604 5274 10 12605 5275 10 12606 5273 10 12607 5272 10 12608 5275 10 12609 5276 10 12610 5274 10 12611 5276 3606 12612 5275 3606 12613 5277 3606 12614 5277 3607 12615 5278 3607 12616 5276 3607 12617 5278 3608 12618 5277 3608 12619 5279 3608 12620 5278 3609 12621 5281 3609 12622 5280 3609 12623 5281 3610 12624 5278 3610 12625 5279 3610 12626 5281 10 12627 5282 10 12628 5280 10 12629 5282 10 12630 5281 10 12631 5283 10 12632 5284 10 12633 5282 10 12634 5283 10 12635 5282 10 12636 5284 10 12637 5285 10 12638 5284 3611 12639 5286 3611 12640 5285 3611 12641 5286 3612 12642 5284 3612 12643 5287 3612 12644 5288 1391 12645 5286 1391 12646 5287 1391 12647 5286 10 12648 5288 10 12649 5289 10 12650 5288 3613 12651 5256 3613 12652 5289 3613 12653 5256 3614 12654 5288 3614 12655 5255 3614 12656 5290 3615 12657 5291 3616 12658 5292 3617 12659 5292 3617 12660 5293 3618 12661 5290 3615 12662 5294 3619 12663 5295 3620 12664 5291 3616 12665 5291 3616 12666 5290 3615 12667 5294 3619 12668 5296 3621 12669 5297 3622 12670 5298 3623 12671 5298 3623 12672 5299 3624 12673 5296 3621 12674 5296 3621 12675 5300 3625 12676 5301 3626 12677 5301 3626 12678 5297 3622 12679 5296 3621 12680 5301 3626 12681 5300 3625 12682 5302 3627 12683 5302 3627 12684 5303 3628 12685 5301 3626 12686 5304 3629 12687 5305 3630 12688 5303 3628 12689 5303 3628 12690 5302 3627 12691 5304 3629 12692 5304 3629 12693 5306 3631 12694 5307 3632 12695 5307 3632 12696 5305 3630 12697 5304 3629 12698 5308 3633 12699 5310 3634 12700 5309 3635 12701 5310 3634 12702 5308 3633 12703 5311 3636 12704 5310 3634 12705 5312 3637 12706 5309 3635 12707 5312 3637 12708 5310 3634 12709 5313 3638 12710 5314 3639 12711 5312 3637 12712 5313 3638 12713 5312 3637 12714 5314 3639 12715 5315 3640 12716 5316 3641 12717 5315 3640 12718 5314 3639 12719 5315 3640 12720 5316 3641 12721 5317 3642 12722 5318 3643 12723 5319 3644 12724 5320 3645 12725 5320 3645 12726 5321 3646 12727 5318 3643 12728 5322 3647 12729 5319 3644 12730 5318 3643 12731 5318 3643 12732 5323 3648 12733 5322 3647 12734 5324 3649 12735 5322 3647 12736 5323 3648 12737 5323 3648 12738 5325 3650 12739 5324 3649 12740 5326 3651 12741 5327 3652 12742 5324 3649 12743 5324 3649 12744 5325 3650 12745 5326 3651 12746 5328 3653 12747 5327 3652 12748 5326 3651 12749 5326 3651 12750 5329 3654 12751 5328 3653 12752 5330 3655 12753 5331 3656 12754 5332 3657 12755 5332 3657 12756 5333 3658 12757 5330 3655 12758 5331 3656 12759 5330 3655 12760 5293 3618 12761 5293 3618 12762 5292 3617 12763 5331 3656 12764 5334 3659 12765 5050 3426 12766 5335 3660 12767 5050 3426 12768 5334 3659 12769 5053 3429 12770 5334 3659 12771 5093 3469 12772 5053 3429 12773 5093 3469 12774 5334 3659 12775 5336 3661 12776 5092 3467 12777 5336 3661 12778 5337 3662 12779 5336 3661 12780 5092 3467 12781 5093 3469 12782 5338 3663 12783 5088 3465 12784 5339 3664 12785 5088 3465 12786 5338 3663 12787 5087 3463 12788 5340 3665 12789 5087 3463 12790 5338 3663 12791 5087 3463 12792 5340 3665 12793 5084 3461 12794 5083 3459 12795 5340 3665 12796 5341 3666 12797 5340 3665 12798 5083 3459 12799 5084 3461 12800 5083 3459 12801 5342 3667 12802 5081 3457 12803 5342 3667 12804 5083 3459 12805 5341 3666 12806 5342 3667 12807 5080 3455 12808 5081 3457 12809 5080 3455 12810 5342 3667 12811 5343 3668 12812 5075 3669 12813 5344 3670 12814 5345 3671 12815 5345 3671 12816 5076 3672 12817 5075 3669 12818 5072 3673 12819 5346 3674 12820 5344 3670 12821 5344 3670 12822 5075 3669 12823 5072 3673 12824 5347 3675 12825 5346 3674 12826 5072 3673 12827 5072 3673 12828 5068 3676 12829 5347 3675 12830 5348 3677 12831 5347 3675 12832 5068 3676 12833 5068 3676 12834 5071 3678 12835 5348 3677 12836 5064 3441 12837 5350 3679 12838 5349 3680 12839 5350 3679 12840 5064 3441 12841 5067 3443 12842 5064 3441 12843 5351 3681 12844 5062 3439 12845 5351 3681 12846 5064 3441 12847 5349 3680 12848 5060 3436 12849 5351 3681 12850 5352 3682 12851 5351 3681 12852 5060 3436 12853 5062 3439 12854 5353 3683 12855 5060 3436 12856 5352 3682 12857 5060 3436 12858 5353 3683 12859 5056 3432 12860 5059 3435 12861 5353 3683 12862 5354 3684 12863 5353 3683 12864 5059 3435 12865 5056 3432 12866 5050 3426 12867 5355 3685 12868 5335 3660 12869 5355 3685 12870 5050 3426 12871 5055 3431 12872 5237 3564 12873 5356 3686 12874 5236 3562 12875 5356 3686 12876 5237 3564 12877 5357 3687 12878 5358 3688 12879 5237 3564 12880 5238 3567 12881 5237 3564 12882 5358 3688 12883 5357 3687 12884 5358 3688 12885 5239 3569 12886 5359 3689 12887 5239 3569 12888 5358 3688 12889 5238 3567 12890 5359 3689 12891 5240 3570 12892 5360 3690 12893 5240 3570 12894 5359 3689 12895 5239 3569 12896 5361 3691 12897 5240 3570 12898 5241 3571 12899 5240 3570 12900 5361 3691 12901 5360 3690 12902 5361 3691 12903 5242 3574 12904 5362 3692 12905 5242 3574 12906 5361 3691 12907 5241 3571 12908 5363 3693 12909 5242 3574 12910 5243 3575 12911 5242 3574 12912 5363 3693 12913 5362 3692 12914 5244 3578 12915 5363 3693 12916 5243 3575 12917 5363 3693 12918 5244 3578 12919 5364 3694 12920 5365 3695 12921 5244 3578 12922 5245 3580 12923 5244 3578 12924 5365 3695 12925 5364 3694 12926 5366 3696 12927 5245 3580 12928 5246 3581 12929 5245 3580 12930 5366 3696 12931 5365 3695 12932 5366 3696 12933 5247 3583 12934 5367 3697 12935 5247 3583 12936 5366 3696 12937 5246 3581 12938 5367 3697 12939 5248 3586 12940 5368 3698 12941 5248 3586 12942 5367 3697 12943 5247 3583 12944 5369 3699 12945 5248 3586 12946 5249 3587 12947 5248 3586 12948 5369 3699 12949 5368 3698 12950 5369 3699 12951 5250 3590 12952 5370 3700 12953 5250 3590 12954 5369 3699 12955 5249 3587 12956 5371 3701 12957 5250 3590 12958 5251 3591 12959 5250 3590 12960 5371 3701 12961 5370 3700 12962 5371 3701 12963 5252 3593 12964 5372 3702 12965 5252 3593 12966 5371 3701 12967 5251 3591 12968 5373 3703 12969 5252 3593 12970 5253 3595 12971 5252 3593 12972 5373 3703 12973 5372 3702 12974 5356 3686 12975 5253 3595 12976 5236 3562 12977 5253 3595 12978 5356 3686 12979 5373 3703 12980 5389 3704 12981 3585 3704 12982 5392 3704 12983 3569 3705 12984 5383 3705 12985 5402 3705 12986 5384 0 12987 3564 0 12988 5386 0 12989 5413 3706 12990 5403 3706 12991 3622 3706 12992 5422 3707 12993 3623 3707 12994 5426 3707 12995 5412 3708 12996 3626 3708 12997 5417 3708 12998 5394 3709 12999 3577 3709 13000 5395 3709 13001 5404 3710 13002 3625 3710 13003 5408 3710 13004 5421 0 13005 3617 0 13006 5420 0 13007 5382 3711 13008 3604 3711 13009 5385 3711 13010 5387 10 13011 3578 10 13012 5390 10 13013 5415 3712 13014 3610 3712 13015 5410 3712 13016 5417 3713 13017 5416 3713 13018 3626 3713 13019 5391 3714 13020 3577 3714 13021 5393 3714 13022 5424 2480 13023 3608 2500 13024 5423 3715 13025 5428 0 13026 3606 2478 13027 5427 0 13028 5379 3716 13029 3577 3716 13030 5380 3716 13031 5410 3717 13032 3610 3717 13033 5409 3717 13034 5375 0 13035 3590 0 13036 5418 0 13037 3566 3718 13038 5396 3718 13039 5397 3718 13040 5400 2455 13041 3570 2457 13042 5399 3719 13043 3615 3720 13044 5432 3720 13045 5431 3720 13046 5376 10 13047 3579 10 13048 5377 10 13049 5407 3721 13050 3587 3721 13051 5406 3721 13052 5397 0 13053 5398 0 13054 3567 0 13055 5402 0 13056 5396 0 13057 3568 0 13058 5400 2455 13059 5401 3722 13060 3571 2456 13061 5387 10 13062 5377 10 13063 3579 10 13064 5389 3723 13065 5388 3723 13066 3586 3723 13067 5407 3724 13068 5419 3724 13069 3588 3724 13070 5375 0 13071 5374 0 13072 3591 0 13073 5382 2476 13074 5381 2476 13075 3605 2476 13076 5428 0 13077 5433 0 13078 3607 2477 13079 3610 3725 13080 5415 3725 13081 5414 3725 13082 5431 3726 13083 5430 3726 13084 3616 3726 13085 5421 0 13086 5432 0 13087 3614 0 13088 3624 3727 13089 5425 3727 13090 5426 3727 13091 3626 3728 13092 5412 3728 13093 5411 3728 13094 3569 0 13095 3565 0 13096 5383 0 13097 5384 0 13098 3565 0 13099 3564 0 13100 5422 3729 13101 3622 3729 13102 3623 3729 13103 5404 3730 13104 3622 3730 13105 3625 3730 13106 5424 2480 13107 3609 2479 13108 3608 2500 13109 5379 3731 13110 3573 3731 13111 3577 3731 13112 3566 3732 13113 3568 3732 13114 5396 3732 13115 3615 3733 13116 3614 3733 13117 5432 3733 13118 5376 10 13119 3589 10 13120 3579 10 13121</p>
        </triangles>
      </mesh>
    </geometry>
  </library_geometries>
  <library_visual_scenes>
    <visual_scene id="Scene" name="Scene">
      <node id="Conveyor01Frame02_Conveyor_0_012" name="Conveyor01Frame02_Conveyor_0.012" type="NODE">
        <matrix sid="transform">-1 0 0 0 0 1 2.02816e-7 1.06581e-14 0 -2.02816e-7 1 0.75 0 0 0 1</matrix>
        <instance_geometry url="#Conveyor01Frame02_Conveyor_0_377-mesh" name="Conveyor01Frame02_Conveyor_0.012">
          <bind_material>
            <technique_common>
              <instance_material symbol="Material_002-material" target="#Material_002-material">
                <bind_vertex_input semantic="UVMap" input_semantic="TEXCOORD" input_set="0"/>
              </instance_material>
            </technique_common>
          </bind_material>
        </instance_geometry>
      </node>
    </visual_scene>
  </library_visual_scenes>
  <scene>
    <instance_visual_scene url="#Scene"/>
  </scene>
</COLLADA>