<?xml version="1.0" encoding="utf-8"?>
<COLLADA xmlns="http://www.collada.org/2005/11/COLLADASchema" version="1.4.1" xmlns:xsi="http://www.w3.org/2001/XMLSchema-instance">
  <asset>
    <contributor>
      <author>Blender User</author>
      <authoring_tool>Blender 4.4.0 commit date:2025-03-17, commit time:17:00, hash:05377985c527</authoring_tool>
    </contributor>
    <created>2026-07-15T15:49:22</created>
    <modified>2026-07-15T15:49:22</modified>
    <unit name="meter" meter="1"/>
    <up_axis>Z_UP</up_axis>
  </asset>
  <library_effects>
    <effect id="___ARD_front-effect">
      <profile_COMMON>
        <newparam sid="___ARD-I1_jpg_001-surface">
          <surface type="2D">
            <init_from>___ARD-I1_jpg_001</init_from>
          </surface>
        </newparam>
        <newparam sid="___ARD-I1_jpg_001-sampler">
          <sampler2D>
            <source>___ARD-I1_jpg_001-surface</source>
          </sampler2D>
        </newparam>
        <technique sid="common">
          <lambert>
            <emission>
              <color sid="emission">0 0 0 1</color>
            </emission>
            <diffuse>
              <texture texture="___ARD-I1_jpg_001-sampler" texcoord="___ARD-geom-tcs"/>
            </diffuse>
            <index_of_refraction>
              <float sid="ior">0</float>
            </index_of_refraction>
          </lambert>
        </technique>
      </profile_COMMON>
    </effect>
    <effect id="___ARD_back-effect">
      <profile_COMMON>
        <technique sid="common">
          <lambert>
            <emission>
              <color sid="emission">0 0 0 1</color>
            </emission>
            <diffuse>
              <color sid="diffuse">0.7764706 0.7490196 0.7019608 1</color>
            </diffuse>
            <index_of_refraction>
              <float sid="ior">0</float>
            </index_of_refraction>
          </lambert>
        </technique>
      </profile_COMMON>
    </effect>
    <effect id="___ARD_edge-effect">
      <profile_COMMON>
        <technique sid="common">
          <lambert>
            <emission>
              <color sid="emission">0 0 0 1</color>
            </emission>
            <diffuse>
              <color sid="diffuse">0.7764706 0.7490196 0.7019608 1</color>
            </diffuse>
            <index_of_refraction>
              <float sid="ior">0</float>
            </index_of_refraction>
          </lambert>
        </technique>
      </profile_COMMON>
    </effect>
  </library_effects>
  <library_images>
    <image id="___ARD-I1_jpg_001" name="___ARD-I1_jpg_001">
      <init_from>___ARD-I1.jpg.001.jpg</init_from>
    </image>
  </library_images>
  <library_materials>
    <material id="___ARD_front-material" name="___ARD_front">
      <instance_effect url="#___ARD_front-effect"/>
    </material>
    <material id="___ARD_back-material" name="___ARD_back">
      <instance_effect url="#___ARD_back-effect"/>
    </material>
    <material id="___ARD_edge-material" name="___ARD_edge">
      <instance_effect url="#___ARD_edge-effect"/>
    </material>
  </library_materials>
  <library_geometries>
    <geometry id="___ARD-geom-mesh" name="___ARD-geom">
      <mesh>
        <source id="___ARD-geom-mesh-positions">
          <float_array id="___ARD-geom-mesh-positions-array" count="7050">70.32485 110.1137 36.41481 -70.42088 110.1137 36.41365 -70.42088 110.2042 36.32896 -70.42088 110.3001 36.25037 -70.42088 110.3679 36.15544 -70.42088 110.394 36.03422 -70.42088 110.3997 35.89961 -70.42355 110.3997 36.47978 -70.44358 110.3997 36.3298 -70.51245 110.3997 36.17297 -70.62207 110.3997 36.04132 -70.76387 110.3997 35.9452 -70.92674 110.3997 35.8921 -71.00793 110.3997 35.89006 -71.14254 110.394 35.88649 -71.26379 110.3679 35.88302 -71.3587 110.3001 35.88109 -71.43731 110.2042 35.87817 -71.52197 110.1137 35.8748 -71.52035 110.1137 -35.00046 -71.43414 110.2042 -35.01266 -71.35406 110.3001 -35.02316 -71.25738 110.3679 -35.03018 -71.13854 110.394 -35.06518 -71.00793 110.3997 -35.10989 -70.94281 110.3997 -35.13113 -70.67059 110.3997 -35.28906 -70.45216 110.3997 -35.48688 -70.43734 110.3997 -34.9003 -70.43734 110.394 -35.03491 -70.43734 110.3679 -35.1561 -70.43734 110.3001 -35.25104 -70.43734 110.2042 -35.32962 -70.43734 110.1137 -35.41431 70.32679 110.1137 -35.41431 70.32679 110.2042 -35.32962 70.32679 110.3001 -35.25104 70.32679 110.3679 -35.1561 70.32679 110.394 -35.03491 70.3268 110.3997 -34.9003 70.34162 110.3997 -35.48688 70.56012 110.3997 -35.28906 70.83242 110.3997 -35.13116 70.84466 110.3997 -35.1272 70.97591 110.394 -35.08227 71.09368 110.3679 -35.03894 71.18991 110.3001 -35.02716 71.27026 110.2042 -35.01486 71.35678 110.1137 -35.00058 71.35868 110.1137 35.87617 71.27402 110.2042 35.87953 71.1954 110.3001 35.8824 71.1005 110.3679 35.88437 70.97928 110.394 35.88783 70.84466 110.3997 35.8914 70.81645 110.3997 35.8921 70.65358 110.3997 35.9452 70.51178 110.3997 36.04132 70.40216 110.3997 36.17297 70.33329 110.3997 36.3298 70.32584 110.3997 36.48033 70.32485 110.3997 35.90033 70.32485 110.394 36.03497 70.32485 110.3679 36.15626 70.32485 110.3001 36.25108 70.32485 110.2042 36.32988 -70.25595 0.1999816 36.70022 -70.41375 0.1999816 36.70022 -70.43887 0.3672333 36.70022 -70.44778 0.3868561 36.70022 -70.52479 0.5495148 36.69453 -70.62974 0.6759338 36.66843 -70.73645 0.73172 36.60065 -70.83082 0.7834473 36.5047 -70.93847 0.8248596 36.41424 -70.96182 109.5926 36.4142 -70.87406 109.6113 36.70021 -70.71275 109.6783 36.70021 -70.57693 109.7882 36.70021 -70.47767 109.9319 36.70021 -70.42304 110.0979 36.70021 -70.41375 110.1137 36.4142 70.31771 110.1137 36.4142 70.32698 110.0979 36.70021 70.34484 110.024 36.70021 70.43373 109.8457 36.70021 70.57518 109.7054 36.70021 70.75419 109.6179 36.70021 70.86582 109.5873 36.4142 70.86582 0.8248596 36.41424 70.79778 0.7907562 36.70022 70.62398 0.7238464 36.70022 70.47864 0.607254 36.70022 70.37511 0.4523468 36.70022 70.32294 0.2734833 36.70022 70.32698 0.08720397 36.70022 70.31772 0.285965 36.41424 -70.23594 0.285965 36.41424 -70.23594 0.3706207 36.5047 -70.23594 0.449234 36.60065 -70.23594 0.5441437 36.66843 -70.23594 0.6653748 36.69453 -70.23593 0.7999878 36.70022 70.78116 0.8193665 36.5047 70.70254 0.8146362 36.60065 70.60765 0.8114624 36.66843 70.48642 0.8058319 36.69453 70.35179 0.7999878 36.70022 70.35181 109.5997 36.70021 70.48643 109.5968 36.6945 70.60765 109.594 36.66841 70.70255 109.5924 36.6006 70.78116 109.5901 36.50468 70.69931 0.7928009 36.70022 70.61447 0.7945557 36.70022 70.55764 0.7957306 36.70022 70.45655 0.7978211 36.70022 70.56388 0.7406616 36.70022 70.51212 0.7551422 36.70022 70.47742 0.7648468 36.70022 70.41573 0.7821045 36.70022 70.45064 0.6498108 36.70022 70.42652 0.6864624 36.70022 70.41034 0.7110291 36.70022 70.38159 0.754715 36.70022 70.36995 0.5290985 36.70022 70.36553 0.5952301 36.70022 70.36255 0.6395416 36.70022 70.35727 0.718338 36.70022 70.32931 0.38974 36.70022 70.3348 0.4898834 36.70022 70.33848 0.5569916 36.70022 70.34502 0.6763306 36.70022 70.33246 0.2445831 36.70022 70.33718 0.3801575 36.70022 70.34035 0.4710083 36.70022 70.34597 0.6325836 36.70022 70.32524 0.3706207 36.5047 70.33173 0.449234 36.60065 70.33607 0.5441437 36.66843 70.3438 0.6653748 36.69453 -70.87715 109.5942 36.50468 -70.79855 109.5955 36.6006 -70.70362 109.5964 36.66841 -70.58238 109.598 36.6945 -70.44778 109.5997 36.70021 -70.77995 109.6087 36.70021 -70.69886 109.6065 36.70021 -70.64453 109.605 36.70021 -70.54791 109.6024 36.70021 -70.65426 109.6609 36.70021 -70.60385 109.646 36.70021 -70.57008 109.636 36.70021 -70.51 109.6182 36.70021 -70.54838 109.7465 36.70021 -70.52386 109.7107 36.70021 -70.50738 109.6867 36.70021 -70.4781 109.644 36.70021 -70.47106 109.8586 36.70021 -70.46539 109.7954 36.70021 -70.46156 109.753 36.70021 -70.45478 109.6777 36.70021 -70.42849 109.9879 36.70021 -70.43319 109.8931 36.70021 -70.43637 109.8296 36.70021 -70.44198 109.7167 36.70021 -70.42126 110.0291 36.50468 -70.42773 109.9504 36.6006 -70.43206 109.8555 36.66841 -70.43978 109.7343 36.6945 70.32524 110.0291 36.50468 70.33172 109.9504 36.6006 70.33607 109.8555 36.66841 70.3438 109.7343 36.6945 70.33246 109.9879 36.70021 70.33719 109.8931 36.70021 70.34035 109.8296 36.70021 70.34598 109.7167 36.70021 70.34638 109.9303 36.70021 70.3477 109.8496 36.70021 70.34859 109.7955 36.70021 70.35018 109.6993 36.70021 70.41565 109.7914 36.70021 70.40007 109.7446 36.70021 70.38962 109.7132 36.70021 70.37105 109.6575 36.70021 70.52587 109.682 36.70021 70.48337 109.6619 36.70021 70.45491 109.6485 36.70021 70.40427 109.6245 36.70021 70.66535 109.6139 36.70021 70.58881 109.6104 36.70021 70.53752 109.6081 36.70021 70.44631 109.604 36.70021 -59.00162 84.19358 -35.70026 58.89105 84.19358 -35.70026 59.54039 84.26463 -35.70026 60.15893 84.47463 -35.70026 60.71737 84.81352 -35.70026 61.18923 85.26524 -35.70026 61.55215 85.80837 -35.70026 61.78897 86.41738 -35.70026 70.01406 109.5937 -35.70026 70.0677 109.739 -35.69458 70.11946 109.8712 -35.66846 70.16533 109.9617 -35.60071 70.24007 110.0349 -35.50476 70.32681 110.1137 -35.41431 -70.43734 110.1137 -35.41431 -70.35063 110.0349 -35.50476 -70.27595 109.9617 -35.60071 -70.2301 109.8711 -35.66846 -70.17834 109.739 -35.69458 -70.12469 109.5937 -35.70026 -61.89922 86.41745 -35.70026 -61.66263 85.80857 -35.70026 -61.29978 85.26538 -35.70026 -60.82796 84.81362 -35.70026 -60.26952 84.4747 -35.70026 -59.65096 84.2647 -35.70026 -70.23594 0.2859764 36.41424 70.31771 0.2859764 36.41424 70.32697 -3.8147e-6 36.38742 70.37968 -3.8147e-6 36.2254 70.475 -3.8147e-6 36.08417 70.60556 -3.8147e-6 35.97468 70.76123 -3.8147e-6 35.90542 70.85179 -3.8147e-6 35.89273 70.98584 0.005699157 35.8802 71.10721 0.03179931 35.87677 71.20223 0.09957885 35.87485 71.28094 0.1955184 35.87196 71.36571 0.2859764 35.86862 71.36582 0.2859764 -35.87643 71.28115 0.1955184 -35.87979 71.20253 0.09957885 -35.88272 71.10764 0.03179931 -35.88464 70.98641 0.005699157 -35.88812 70.85179 -3.8147e-6 -35.89169 70.82359 -3.8147e-6 -35.89239 70.66071 -3.8147e-6 -35.94546 70.51891 -3.8147e-6 -36.04159 70.40928 -3.8147e-6 -36.17322 70.34041 -3.8147e-6 -36.33008 70.33296 -3.8147e-6 -36.48059 70.33198 -3.8147e-6 -35.90057 70.33198 0.005699157 -36.03522 70.33198 0.03179931 -36.15652 70.33197 0.09957885 -36.25131 70.33197 0.1955184 -36.33014 70.33197 0.2859764 -36.41507 -70.41375 0.2859764 -36.41391 -70.41375 0.1955184 -36.32925 -70.41375 0.09957885 -36.25058 -70.41375 0.03179931 -36.1557 -70.41375 0.005699157 -36.03451 -70.41375 -3.8147e-6 -35.89987 -70.41639 -3.8147e-6 -36.48004 -70.43643 -3.8147e-6 -36.33008 -70.50531 -3.8147e-6 -36.17322 -70.61491 -3.8147e-6 -36.04156 -70.75671 -3.8147e-6 -35.94546 -70.91961 -3.8147e-6 -35.89239 -70.94781 -3.8147e-6 -35.89169 -71.08242 0.005699157 -35.88812 -71.20364 0.03179931 -35.88464 -71.29855 0.09957885 -35.88266 -71.37719 0.1955184 -35.87979 -71.46182 0.2859764 -35.87643 -71.46171 0.2859764 35.86862 -71.3769 0.1955184 35.87196 -71.29817 0.09957885 35.87485 -71.2031 0.03179931 35.87677 -71.08169 0.005699157 35.8802 -70.94781 -3.8147e-6 35.89421 -70.83563 -3.8147e-6 35.91205 -70.66406 -3.8147e-6 36.00009 -70.52842 -3.8147e-6 36.1371 -70.42304 -3.8147e-6 36.38745 -70.25306 -3.8147e-6 36.48991 -70.23594 -3.8147e-6 35.90022 -70.23594 0.005699157 36.03485 -70.23594 0.03179931 36.15607 -70.23594 0.09957885 36.25096 -70.23594 0.1955184 36.3296 70.31771 0.1955184 36.3296 70.31771 0.09957885 36.25096 70.31771 0.03179931 36.15607 70.31771 0.005699157 36.03485 70.31771 -3.8147e-6 35.90022 -70.95471 108.4069 -36.41446 -70.9329 0.8075104 -36.41446 -70.85014 0.7838287 -36.70047 -70.69447 0.7145538 -36.70047 -70.5639 0.6050873 -36.70047 -70.46858 0.4638214 -36.70047 -70.40658 0.285965 -36.41446 70.32483 0.285965 -36.41446 70.35198 0.3757172 -36.70047 70.43157 0.5407562 -36.70047 70.55645 0.6748505 -36.70047 70.71542 0.765976 -36.70047 70.87296 0.8211212 -36.41446 70.87296 108.4068 -36.41446 70.78829 108.4305 -36.50491 70.70967 108.451 -36.60086 70.61478 108.4647 -36.66864 70.49356 108.4891 -36.6947 70.35894 108.5144 -36.70044 69.19844 108.7225 -36.70044 68.87935 108.8163 -36.70044 68.58874 108.978 -36.70044 68.34083 109.1998 -36.70044 14.99593 109.1997 -36.70044 -15.06618 109.1997 -36.70044 -68.42286 109.1997 -36.70044 -68.67086 108.9779 -36.70044 -68.96165 108.8162 -36.70044 -69.28079 108.7223 -36.70044 -70.4407 108.5144 -36.70044 -70.57533 108.4891 -36.6947 -70.69654 108.4648 -36.66864 -70.79144 108.451 -36.60086 -70.87007 108.4306 -36.50491 -70.84826 0.8058319 -36.50494 -70.76965 0.8043976 -36.60086 -70.67474 0.8034515 -36.66867 -70.55351 0.8017731 -36.69476 -70.41888 0.8000031 -36.70047 -70.75494 0.7873993 -36.70047 -70.67291 0.7904816 -36.70047 -70.61793 0.7925263 -36.70047 -70.52018 0.7962189 -36.70047 -70.63363 0.7334137 -36.70047 -70.58119 0.7496796 -36.70047 -70.54606 0.7605744 -36.70047 -70.48362 0.7799225 -36.70047 -70.5319 0.6481171 -36.70047 -70.5043 0.6851959 -36.70047 -70.48582 0.7100372 -36.70047 -70.45295 0.7542267 -36.70047 -70.45762 0.5380402 -36.70047 -70.44815 0.602005 -36.70047 -70.44183 0.6448517 -36.70047 -70.43057 0.7210541 -36.70047 -70.40931 0.3706207 -36.50494 -70.41165 0.4492645 -36.60086 -70.41322 0.5441742 -36.66867 -70.41601 0.6653595 -36.69476 70.33235 0.3706207 -36.50494 70.33885 0.4492645 -36.60086 70.3432 0.5441742 -36.66867 70.35093 0.6653595 -36.69476 70.35894 0.8000031 -36.70047 70.35351 0.4694061 -36.70047 70.35484 0.5500946 -36.70047 70.35573 0.6041718 -36.70047 70.3573 0.7003632 -36.70047 70.41554 0.5980072 -36.70047 70.40172 0.6472931 -36.70047 70.39247 0.6803436 -36.70047 70.37599 0.7391205 -36.70047 70.51284 0.7024994 -36.70047 70.47528 0.7263031 -36.70047 70.4501 0.7422333 -36.70047 70.40533 0.7706146 -36.70047 70.63671 0.7734833 -36.70047 70.56891 0.779953 -36.70047 70.52347 0.7842865 -36.70047 70.44267 0.7920075 -36.70047 70.7883 0.816452 -36.50494 70.70968 0.8124542 -36.60086 70.61478 0.8097382 -36.66867 70.49356 0.8049774 -36.69476 -71.23767 93.59217 -0.4971466 -71.22218 17.17145 -0.4816742 -71.22189 15.62622 -0.6014557 -71.22157 14.1181 -0.9585266 -71.22126 12.68325 -1.544388 -71.22102 11.35616 -2.34491 -71.22076 10.1687 -3.340897 -71.22059 9.149418 -4.508392 -71.22041 8.32277 -5.819366 -71.22027 7.708649 -7.242325 -71.22018 7.321751 -8.743119 -71.2189 0.9482689 -35.90042 -71.21321 0.9151917 -36.03506 -71.1871 0.8832817 -36.15628 -71.1193 0.8653641 -36.25119 -71.02337 0.838604 -36.3298 -70.9329 0.8075066 -36.41446 -70.95471 108.4069 -36.41443 -71.04515 108.3831 -36.32977 -71.14108 108.3627 -36.25116 -71.20886 108.349 -36.15628 -71.23497 108.3246 -36.03503 -71.24067 108.2994 -35.90042 -71.23966 103.4386 -8.762665 -71.23959 103.0524 -7.261719 -71.23947 102.4388 -5.838486 -71.2393 101.6127 -4.527176 -71.2391 100.5938 -3.359253 -71.23887 99.40676 -2.362793 -71.23858 98.07995 -1.561737 -71.23831 96.64535 -0.975296 -71.23799 95.13732 -0.6175537 71.1518 93.58509 0.5002442 71.1518 16.81437 0.5002442 71.1518 15.26921 0.620285 71.1518 13.76119 0.977768 71.1518 12.32651 1.563934 71.1518 10.99962 2.364731 71.1518 9.812413 3.360931 71.1518 8.79337 4.528625 71.1518 7.966984 5.839722 71.1518 7.353107 7.262772 71.1518 6.966465 8.763642 71.1518 0.9577293 35.90022 71.14609 0.9265251 36.03485 71.11999 0.8964043 36.15607 71.05222 0.8794823 36.25096 70.95627 0.8542137 36.3296 70.86582 0.8248711 36.41424 70.86582 109.5873 36.41424 70.95627 109.5579 36.32957 71.05222 109.5326 36.25094 71.11999 109.5157 36.15605 71.14609 109.4855 36.03482 71.1518 109.4542 35.90021 71.1518 103.4333 8.763504 71.1518 103.0466 7.262665 71.1518 102.4327 5.839569 71.1518 101.6063 4.528412 71.1518 100.5872 3.360687 71.1518 99.39994 2.364487 71.1518 98.07299 1.563721 71.1518 96.63822 0.9776154 71.1518 95.13012 0.6202545 71.15893 17.16417 -0.500473 71.15893 93.58489 -0.500473 71.15893 95.13008 -0.6204376 71.15893 96.63817 -0.97789 71.15893 98.07292 -1.564026 71.15893 99.39987 -2.364807 71.15893 100.5871 -3.361053 71.15893 101.6062 -4.528748 71.15893 102.4326 -5.839905 71.15893 103.0465 -7.263016 71.15893 103.4331 -8.763871 71.15894 108.2992 -35.90042 71.15323 108.3244 -36.03506 71.12713 108.3488 -36.15628 71.05936 108.3625 -36.25119 70.96341 108.383 -36.3298 70.87296 108.4068 -36.41446 70.87296 0.8211327 -36.41446 70.96341 0.852169 -36.32983 71.05936 0.8788719 -36.25119 71.12713 0.8967857 -36.15631 71.15323 0.9286461 -36.03509 71.15894 0.9616356 -35.90042 71.15893 7.316151 -8.763871 71.15893 7.702721 -7.263016 71.15893 8.316548 -5.839905 71.15893 9.142933 -4.528717 71.15893 10.16198 -3.361038 71.15893 11.34926 -2.364792 71.15893 12.6762 -1.563995 71.15893 14.11095 -0.9778748 71.15893 15.61904 -0.6205139 71.65172 54.7 30.50133 71.65172 54.7 -30.50086 71.65172 54.63307 -31.13196 71.65172 54.43471 -31.7348 71.65172 54.11396 -32.28244 71.65172 53.68517 -32.75033 71.65172 53.16755 -33.11755 71.65172 52.58425 -33.36764 71.65172 51.96147 -33.48944 71.65173 34.70009 -34.99982 71.65174 0.7999954 -35.86117 71.64603 0.6653748 -35.86474 71.61993 0.5441513 -35.86822 71.55216 0.4492569 -35.87018 71.45622 0.370636 -35.87308 71.36576 0.2859764 -35.87643 71.36576 0.2859764 35.86862 71.45622 0.370636 35.86528 71.55216 0.4492569 35.86241 71.61993 0.5441513 35.86049 71.64603 0.6653748 35.85708 71.65174 0.7999954 35.85353 71.65173 34.69988 35.00024 71.65172 51.96147 33.49005 71.65172 52.58433 33.36842 71.65172 53.16756 33.11816 71.65172 53.68511 32.75085 71.65172 54.11383 32.28288 71.65172 54.43454 31.73521 71.65172 54.63288 31.13236 71.64368 55.6997 -30.5015 71.64373 55.69968 30.50073 71.64373 55.7666 31.13181 71.64373 55.96498 31.73465 71.64373 56.28574 32.28229 71.64373 56.71453 32.75018 71.64373 57.23215 33.1174 71.64373 57.81544 33.36752 71.64373 58.4382 33.4893 71.64373 75.69958 34.99965 71.64374 109.5997 35.86093 71.63803 109.7343 35.86453 71.61194 109.8555 35.86796 71.54416 109.9504 35.86993 71.44821 110.029 35.87283 71.35776 110.1137 35.87617 71.3577 110.1137 -35.00058 71.44817 110.0291 -35.00058 71.5441 109.9504 -35.00058 71.61188 109.8555 -35.00058 71.63798 109.7343 -35.00058 71.64368 109.5997 -35.00058 71.64368 75.69982 -35.00046 71.64368 58.43822 -33.4902 71.64368 57.81541 -33.36832 71.64368 57.23216 -33.11816 71.64368 56.71458 -32.75091 71.64368 56.28585 -32.28299 71.64368 55.96513 -31.73535 71.64368 55.76679 -31.13251 -71.80711 55.75241 30.50076 -71.80711 55.75239 -30.50147 -71.80711 55.81937 -31.13254 -71.80711 56.01771 -31.73538 -71.80711 56.33845 -32.28302 -71.80711 56.76724 -32.75094 -71.80711 57.28485 -33.11819 -71.80711 57.86814 -33.36828 -71.80711 58.4909 -33.49002 -71.80711 75.75259 -35.00046 -71.80714 109.5997 -35.00046 -71.80142 109.7343 -35.00046 -71.77531 109.8555 -35.00046 -71.70755 109.9504 -35.00046 -71.6116 110.029 -35.00046 -71.52114 110.1137 -35.00046 -71.52114 110.1137 35.87485 -71.6116 110.0291 35.87146 -71.70755 109.9505 35.86856 -71.77531 109.8556 35.86662 -71.80142 109.7343 35.86317 -71.80714 109.5997 35.8596 -71.80711 75.75251 34.99965 -71.80711 58.49082 33.48944 -71.80711 57.868 33.36755 -71.80711 57.28475 33.11737 -71.80711 56.7672 32.75009 -71.80711 56.33848 32.28213 -71.80711 56.01778 31.73448 -71.80711 55.81948 31.13162 -71.23611 16.817 0.4999237 -71.23611 93.58773 0.5000916 -71.23611 95.13292 0.6199951 -71.23611 96.641 0.9773865 -71.23611 98.07574 1.563522 -71.23611 99.40268 2.364334 -71.23611 100.5899 3.360535 -71.23611 101.609 4.528244 -71.23611 102.4354 5.839371 -71.23611 103.0493 7.262466 -71.23611 103.4359 8.763321 -71.23612 109.4569 35.90021 -71.23042 109.4881 36.03482 -71.20431 109.5183 36.15605 -71.13653 109.5353 36.25096 -71.04058 109.5606 36.32957 -70.95014 109.59 36.41424 -70.95014 0.827507 36.41426 -71.04058 0.8568497 36.3296 -71.13653 0.8821182 36.25101 -71.20431 0.8990402 36.15608 -71.23042 0.9291611 36.03485 -71.23612 0.9603653 35.90025 -71.23611 6.969101 8.763474 -71.23611 7.355808 7.262665 -71.23611 7.969666 5.839615 -71.23611 8.796021 4.528488 -71.23611 9.815049 3.360794 -71.23611 11.00224 2.364563 -71.23611 12.32912 1.563721 -71.23611 13.76381 0.9775696 -71.23611 15.27182 0.6200867 -71.74771 54.70029 -30.50086 -71.74771 54.70029 30.50133 -71.74771 54.6333 31.1324 -71.74771 54.43495 31.73529 -71.74771 54.11421 32.28293 -71.74771 53.68544 32.75081 -71.74771 53.16781 33.11804 -71.74771 52.58453 33.36816 -71.74771 51.96178 33.48994 -71.74771 34.70009 35.00024 -71.74771 0.8000031 35.85353 -71.742 0.66539 35.85708 -71.71591 0.5441589 35.86049 -71.64813 0.4492493 35.86241 -71.55218 0.370636 35.86528 -71.46174 0.2859802 35.86862 -71.46174 0.2859802 -35.87643 -71.55218 0.370636 -35.87308 -71.64813 0.4492493 -35.87018 -71.71591 0.5441589 -35.86822 -71.742 0.66539 -35.86474 -71.74771 0.8000031 -35.86117 -71.74771 34.70019 -34.99982 -71.74771 51.96188 -33.48956 -71.74771 52.5847 -33.36764 -71.74771 53.16794 -33.11746 -71.74771 53.6855 -32.75018 -71.74771 54.11423 -32.28223 -71.74771 54.43492 -31.73459 -71.74771 54.63322 -31.13171 70.32485 109.7269 36.03006 -70.42088 109.7269 36.02682 -70.42088 109.7732 35.98663 -70.42088 109.8247 35.95317 -70.42088 109.8803 35.9272 -70.42088 109.939 35.90924 -70.42088 109.9997 35.89961 -70.42355 109.9997 36.47978 -70.44358 109.9997 36.32983 -70.51245 109.9997 36.17297 -70.62207 109.9997 36.04132 -70.76387 109.9997 35.9452 -70.92674 109.9997 35.8921 -71.00793 109.9997 35.89006 -71.01754 109.939 35.88649 -71.03555 109.8803 35.88302 -71.06149 109.8247 35.88109 -71.09497 109.7732 35.8782 -71.13514 109.7269 35.8748 -71.12634 109.7269 -35.00046 -71.08538 109.7732 -35.01266 -71.05131 109.8247 -35.02316 -71.0249 109.8803 -35.03018 -71.01118 109.939 -35.06515 -71.00793 109.9997 -35.10986 -70.94281 109.9997 -35.13113 -70.67059 109.9997 -35.28903 -70.45216 109.9997 -35.48688 -70.43734 109.9997 -34.9003 -70.43734 109.939 -34.90991 -70.43734 109.8803 -34.92786 -70.43734 109.8247 -34.95383 -70.43734 109.7732 -34.9873 -70.43734 109.7269 -35.0275 70.32679 109.7269 -35.0275 70.32679 109.7732 -34.9873 70.32679 109.8247 -34.95383 70.32679 109.8803 -34.92786 70.32679 109.939 -34.90991 70.3268 109.9997 -34.9003 70.34162 109.9997 -35.48688 70.56012 109.9997 -35.28906 70.83242 109.9997 -35.13116 70.84466 109.9997 -35.1272 70.84815 109.939 -35.08227 70.86041 109.8803 -35.03894 70.88616 109.8247 -35.02716 70.92035 109.7732 -35.01486 70.96144 109.7269 -35.00058 70.97185 109.7269 35.87617 70.93166 109.7732 35.87953 70.8982 109.8247 35.88245 70.87226 109.8803 35.88437 70.85428 109.939 35.88785 70.84466 109.9997 35.8914 70.81645 109.9997 35.8921 70.65358 109.9997 35.9452 70.51178 109.9997 36.04132 70.40216 109.9997 36.17297 70.33329 109.9997 36.32983 70.32584 109.9997 36.48035 70.32485 109.9997 35.90033 70.32485 109.939 35.91064 70.32485 109.8803 35.92926 70.32485 109.8247 35.95549 70.32485 109.7732 35.98936 -70.25595 0.1999816 36.3002 -70.41375 0.1999816 36.3002 -70.43887 0.3672333 36.3002 -70.44778 0.3868561 36.3002 -70.36582 0.5495148 36.23956 -70.33955 0.6759338 36.18086 -70.35855 0.73172 36.12521 -70.39552 0.7834473 36.0737 -70.44665 0.8248596 36.02742 -70.57501 109.5926 36.0274 -70.87406 109.6113 36.3002 -70.71275 109.6783 36.3002 -70.57693 109.7882 36.3002 -70.47767 109.9319 36.3002 -70.42304 110.0979 36.3002 -70.41375 109.7269 36.0274 70.31771 109.7269 36.0274 70.32698 110.0979 36.3002 70.34484 110.024 36.3002 70.43373 109.8457 36.3002 70.57518 109.7054 36.3002 70.75419 109.6179 36.3002 70.47901 109.5873 36.0274 70.479 0.8248596 36.02742 70.79778 0.7907562 36.3002 70.62398 0.7238464 36.3002 70.47864 0.607254 36.3002 70.37511 0.4523468 36.3002 70.32294 0.2734833 36.3002 70.32698 0.08720397 36.3002 70.31772 0.6727753 36.02742 -70.23594 0.6727753 36.02742 -70.23594 0.7129669 36.0737 -70.23594 0.7464295 36.12521 -70.23594 0.7723847 36.18086 -70.23594 0.7903748 36.23956 -70.23593 0.7999878 36.3002 70.4388 0.8193665 36.0737 70.40534 0.8146362 36.12521 70.3794 0.8114624 36.18086 70.36142 0.8058319 36.23956 70.35179 0.7999878 36.3002 70.35181 109.5997 36.3002 70.36143 109.5968 36.23956 70.37941 109.594 36.18085 70.40535 109.5924 36.12518 70.43881 109.5901 36.07368 70.69931 0.7928009 36.3002 70.61447 0.7945557 36.3002 70.55764 0.7957306 36.3002 70.45655 0.7978211 36.3002 70.56388 0.7406616 36.3002 70.51212 0.7551422 36.3002 70.47742 0.7648468 36.3002 70.41573 0.7821045 36.3002 70.45064 0.6498108 36.3002 70.42652 0.6864624 36.3002 70.41034 0.7110291 36.3002 70.38159 0.754715 36.3002 70.36995 0.5290985 36.3002 70.36553 0.5952301 36.3002 70.36255 0.6395416 36.3002 70.35727 0.718338 36.3002 70.32931 0.38974 36.3002 70.3348 0.4898834 36.3002 70.33848 0.5569916 36.3002 70.34502 0.6763306 36.3002 70.33246 0.2445831 36.3002 70.33718 0.3801575 36.3002 70.34035 0.4710083 36.3002 70.34597 0.6325836 36.3002 70.32524 0.7129669 36.0737 70.33173 0.7464295 36.12521 70.33607 0.7723847 36.18086 70.3438 0.7903748 36.23956 -70.53483 109.5942 36.07368 -70.50134 109.5955 36.12518 -70.47538 109.5964 36.18085 -70.45738 109.598 36.23956 -70.44778 109.5997 36.3002 -70.77995 109.6087 36.3002 -70.69886 109.6065 36.3002 -70.64453 109.605 36.3002 -70.54791 109.6024 36.3002 -70.65426 109.6609 36.3002 -70.60385 109.646 36.3002 -70.57008 109.636 36.3002 -70.51 109.6182 36.3002 -70.54838 109.7465 36.3002 -70.52386 109.7107 36.3002 -70.50738 109.6867 36.3002 -70.4781 109.644 36.3002 -70.47106 109.8586 36.3002 -70.46539 109.7954 36.3002 -70.46156 109.753 36.3002 -70.45478 109.6777 36.3002 -70.42849 109.9879 36.3002 -70.43319 109.8931 36.3002 -70.43637 109.8296 36.3002 -70.44198 109.7167 36.3002 -70.42126 109.6867 36.07368 -70.42773 109.6532 36.12518 -70.43206 109.6273 36.18085 -70.43978 109.6093 36.23956 70.32524 109.6867 36.07368 70.33172 109.6532 36.12518 70.33607 109.6273 36.18085 70.3438 109.6093 36.23956 70.33246 109.9879 36.3002 70.33719 109.8931 36.3002 70.34035 109.8296 36.3002 70.34598 109.7167 36.3002 70.34638 109.9303 36.3002 70.3477 109.8496 36.3002 70.34859 109.7955 36.3002 70.35018 109.6993 36.3002 70.41565 109.7914 36.3002 70.40007 109.7446 36.3002 70.38962 109.7132 36.3002 70.37105 109.6575 36.3002 70.52587 109.682 36.3002 70.48337 109.6619 36.3002 70.45491 109.6485 36.3002 70.40427 109.6245 36.3002 70.66535 109.6139 36.3002 70.58881 109.6104 36.3002 70.53752 109.6081 36.3002 70.44631 109.604 36.3002 -59.00162 84.19358 -35.30026 58.89105 84.19358 -35.30026 59.54039 84.26463 -35.30026 60.15893 84.47463 -35.30026 60.71737 84.81352 -35.30026 61.18923 85.26524 -35.30026 61.55215 85.80837 -35.30026 61.78897 86.41738 -35.30026 70.01406 109.5937 -35.30029 70.0677 109.6227 -35.23962 70.11946 109.6587 -35.18094 70.16533 109.685 -35.12527 70.24007 109.7161 -35.07376 70.32681 109.7536 -35.0275 -70.43734 109.7536 -35.0275 -70.35063 109.7161 -35.07376 -70.27595 109.685 -35.12527 -70.2301 109.6586 -35.18094 -70.17834 109.6226 -35.23962 -70.12469 109.5938 -35.30029 -61.89922 86.41745 -35.30026 -61.66263 85.80857 -35.30026 -61.29978 85.26538 -35.30026 -60.82796 84.81362 -35.30026 -60.26952 84.4747 -35.30026 -59.65096 84.2647 -35.30026 -70.23594 0.6727982 36.02745 70.31771 0.6727982 36.02745 70.32697 0.3999977 36.38742 70.37968 0.3999977 36.2254 70.475 0.3999977 36.08417 70.60556 0.3999977 35.97468 70.76123 0.3999977 35.90542 70.85179 0.3999977 35.89273 70.86069 0.460659 35.8802 70.87868 0.5193558 35.87677 70.90465 0.575016 35.87485 70.93816 0.6265183 35.87196 70.9784 0.6727982 35.86862 70.97899 0.6727982 -35.87643 70.93879 0.6265183 -35.87979 70.90533 0.575016 -35.88272 70.8794 0.5193558 -35.88464 70.86141 0.460659 -35.88812 70.85179 0.3999977 -35.89169 70.82359 0.3999977 -35.89239 70.66071 0.3999977 -35.94546 70.51891 0.3999977 -36.04159 70.40928 0.3999977 -36.17322 70.34041 0.3999977 -36.33008 70.33296 0.3999977 -36.48059 70.33198 0.3999977 -35.90057 70.33198 0.460659 -35.91086 70.33198 0.5193558 -35.9295 70.33197 0.575016 -35.95572 70.33197 0.6265183 -35.98962 70.33197 0.6727982 -36.0303 -70.41375 0.6727982 -36.0271 -70.41375 0.6265183 -35.98688 -70.41375 0.575016 -35.9534 -70.41375 0.5193558 -35.92746 -70.41375 0.460659 -35.90951 -70.41375 0.3999977 -35.89987 -70.41639 0.3999977 -36.48004 -70.43643 0.3999977 -36.33008 -70.50531 0.3999977 -36.17322 -70.61491 0.3999977 -36.04156 -70.75671 0.3999977 -35.94546 -70.91961 0.3999977 -35.89239 -70.94781 0.3999977 -35.89169 -70.95742 0.460659 -35.88812 -70.9754 0.5193558 -35.88464 -71.00137 0.575016 -35.88266 -71.03483 0.6265183 -35.87979 -71.07502 0.6727982 -35.87643 -71.07426 0.6727982 35.86862 -71.03401 0.6265183 35.87196 -71.00047 0.575016 35.87485 -70.9745 0.5193558 35.87677 -70.95646 0.460659 35.8802 -70.94781 0.3999977 35.89421 -70.83563 0.3999977 35.91205 -70.66406 0.3999977 36.00009 -70.52842 0.3999977 36.1371 -70.42304 0.3999977 36.38745 -70.25306 0.3999977 36.48991 -70.23594 0.3999977 35.90022 -70.23594 0.460659 35.90985 -70.23594 0.5193558 35.92782 -70.23594 0.575016 35.95378 -70.23594 0.6265183 35.98724 70.31771 0.6265183 35.98724 70.31771 0.575016 35.95378 70.31771 0.5193558 35.92782 70.31771 0.460659 35.90985 70.31771 0.3999977 35.90022 -70.56791 108.4069 -36.02762 -70.54611 0.8075714 -36.02762 -70.85014 0.7838287 -36.30047 -70.69447 0.7145538 -36.30047 -70.5639 0.6050873 -36.30047 -70.46858 0.4638214 -36.30047 -70.40658 0.6727753 -36.02762 70.32483 0.6727753 -36.02762 70.35198 0.3757172 -36.30047 70.43157 0.5407562 -36.30047 70.55645 0.6748505 -36.30047 70.71542 0.765976 -36.30047 70.48615 0.8211212 -36.02762 70.48613 108.4068 -36.02762 70.44594 108.4305 -36.07391 70.41247 108.451 -36.12543 70.38654 108.4647 -36.18106 70.36855 108.4891 -36.23978 70.35894 108.5144 -36.30044 69.19844 108.7225 -36.30044 68.87935 108.8163 -36.30044 68.58874 108.978 -36.30044 68.34083 109.1998 -36.30044 14.99593 109.1997 -36.30044 -15.06618 109.1997 -36.30044 -68.42286 109.1997 -36.30044 -68.67086 108.9779 -36.30044 -68.96165 108.8162 -36.30044 -69.28079 108.7223 -36.30044 -70.4407 108.5144 -36.30044 -70.45033 108.4891 -36.23978 -70.4683 108.4648 -36.18106 -70.49426 108.4511 -36.12543 -70.5277 108.4307 -36.07391 -70.5059 0.8059235 -36.07394 -70.47244 0.8044586 -36.12546 -70.4465 0.8035126 -36.18106 -70.42851 0.8018036 -36.23978 -70.41888 0.8000031 -36.30047 -70.75494 0.7873993 -36.30047 -70.67291 0.7904816 -36.30047 -70.61793 0.7925263 -36.30047 -70.52018 0.7962189 -36.30047 -70.63363 0.7334137 -36.30047 -70.58119 0.7496796 -36.30047 -70.54606 0.7605744 -36.30047 -70.48362 0.7799225 -36.30047 -70.5319 0.6481171 -36.30047 -70.5043 0.6851959 -36.30047 -70.48582 0.7100372 -36.30047 -70.45295 0.7542267 -36.30047 -70.45762 0.5380402 -36.30047 -70.44815 0.602005 -36.30047 -70.44183 0.6448517 -36.30047 -70.43057 0.7210541 -36.30047 -70.40931 0.7129974 -36.07394 -70.41165 0.7464752 -36.12546 -70.41322 0.7723847 -36.18106 -70.41601 0.7903595 -36.23978 70.33235 0.7129974 -36.07394 70.33885 0.7464752 -36.12546 70.3432 0.7723847 -36.18106 70.35093 0.7903595 -36.23978 70.35894 0.8000031 -36.30047 70.35351 0.4694061 -36.30047 70.35484 0.5500946 -36.30047 70.35573 0.6041718 -36.30047 70.3573 0.7003632 -36.30047 70.41554 0.5980072 -36.30047 70.40172 0.6472931 -36.30047 70.39247 0.6803436 -36.30047 70.37599 0.7391205 -36.30047 70.51284 0.7024994 -36.30047 70.47528 0.7263031 -36.30047 70.4501 0.7422333 -36.30047 70.40533 0.7706146 -36.30047 70.63671 0.7734833 -36.30047 70.56891 0.779953 -36.30047 70.52347 0.7842865 -36.30047 70.44267 0.7920075 -36.30047 70.44595 0.816452 -36.07394 70.41249 0.8124542 -36.12546 70.38655 0.8097382 -36.18106 70.36856 0.8049774 -36.23978 -70.83769 93.59224 -0.4971466 -70.82218 17.17152 -0.4816742 -70.82186 15.6263 -0.6014557 -70.82156 14.11818 -0.9585266 -70.82127 12.68333 -1.544388 -70.82101 11.35624 -2.34491 -70.82078 10.16878 -3.340897 -70.82057 9.149498 -4.508392 -70.82038 8.32285 -5.819366 -70.82026 7.708733 -7.242325 -70.82019 7.321831 -8.743119 -70.8189 0.948349 -35.90042 -70.75825 0.9152794 -35.91003 -70.69952 0.8833656 -35.92798 -70.64387 0.8654595 -35.95398 -70.59237 0.8386688 -35.9874 -70.54609 0.8076019 -36.02762 -70.56791 108.407 -36.02762 -70.61415 108.3832 -35.98743 -70.66566 108.3628 -35.95398 -70.72131 108.349 -35.92804 -70.78001 108.3247 -35.91003 -70.84066 108.2994 -35.90042 -70.83967 103.4387 -8.762665 -70.83958 103.0525 -7.261719 -70.83946 102.4389 -5.838486 -70.8393 101.6127 -4.527176 -70.83911 100.5939 -3.359253 -70.83886 99.40684 -2.362793 -70.83859 98.08003 -1.561737 -70.8383 96.64543 -0.975296 -70.83798 95.13742 -0.6175537 70.75179 93.58509 0.5002442 70.75179 16.81437 0.5002442 70.75179 15.26921 0.620285 70.75179 13.76119 0.977768 70.75179 12.32651 1.563934 70.75179 10.99962 2.364731 70.75179 9.812413 3.360931 70.75179 8.79337 4.528625 70.75179 7.966984 5.839722 70.75179 7.353107 7.262772 70.75179 6.966465 8.763642 70.7518 0.9577293 35.90022 70.69113 0.9265251 35.90985 70.63243 0.8964043 35.92782 70.57678 0.8794823 35.95376 70.52527 0.8542137 35.98724 70.47899 0.8248711 36.02742 70.47899 109.5873 36.0274 70.52527 109.5579 35.98721 70.57678 109.5326 35.95372 70.63243 109.5157 35.92781 70.69113 109.4855 35.90982 70.7518 109.4542 35.90021 70.75179 103.4333 8.763504 70.75179 103.0466 7.262665 70.75179 102.4327 5.839569 70.75179 101.6063 4.528412 70.75179 100.5872 3.360702 70.75179 99.39994 2.364487 70.75179 98.07299 1.563721 70.75179 96.63822 0.9776154 70.75179 95.13012 0.6202545 70.75893 17.16417 -0.500473 70.75893 93.58489 -0.500473 70.75893 95.13008 -0.6204376 70.75893 96.63817 -0.97789 70.75893 98.07292 -1.564026 70.75893 99.39987 -2.364807 70.75893 100.5871 -3.361053 70.75893 101.6062 -4.528748 70.75893 102.4326 -5.839905 70.75893 103.0465 -7.263016 70.75893 103.4331 -8.763871 70.75894 108.2992 -35.90042 70.69828 108.3244 -35.91006 70.63957 108.3488 -35.92804 70.58391 108.3625 -35.95398 70.53241 108.383 -35.98746 70.48613 108.4068 -36.02762 70.48613 0.8211327 -36.02762 70.53241 0.852169 -35.98746 70.58391 0.8788719 -35.95398 70.63957 0.8967857 -35.92807 70.69828 0.9286461 -35.91009 70.75894 0.9616356 -35.90042 70.75893 7.316151 -8.763871 70.75893 7.702721 -7.263016 70.75893 8.316548 -5.839905 70.75893 9.142933 -4.528717 70.75893 10.16198 -3.361038 70.75893 11.34926 -2.364792 70.75893 12.6762 -1.563995 70.75893 14.11095 -0.9778748 70.75893 15.61904 -0.6205139 71.25173 54.7 30.50133 71.25173 54.7 -30.50086 71.25173 54.63307 -31.13196 71.25173 54.43471 -31.7348 71.25173 54.11396 -32.28244 71.25173 53.68517 -32.75033 71.25173 53.16755 -33.11755 71.25173 52.58425 -33.36764 71.25173 51.96147 -33.48944 71.25173 34.70009 -34.99982 71.25173 0.7999954 -35.86117 71.19107 0.7903786 -35.86474 71.13237 0.7723961 -35.86822 71.07671 0.74646 -35.87018 71.02521 0.7129974 -35.87308 70.97893 0.6727982 -35.87643 70.97893 0.6727982 35.86862 71.02521 0.7129974 35.86528 71.07671 0.74646 35.86241 71.13237 0.7723961 35.86049 71.19107 0.7903786 35.85708 71.25173 0.7999954 35.85353 71.25173 34.69988 35.00024 71.25173 51.96147 33.49005 71.25173 52.58433 33.36842 71.25173 53.16756 33.11816 71.25173 53.68511 32.75085 71.25173 54.11383 32.28288 71.25173 54.43453 31.73521 71.25173 54.63288 31.13236 71.24368 55.6997 -30.5015 71.24372 55.69968 30.50073 71.24372 55.7666 31.13182 71.24372 55.96498 31.73467 71.24372 56.28574 32.28229 71.24372 56.71453 32.75018 71.24373 57.23215 33.1174 71.24373 57.81544 33.36752 71.24373 58.4382 33.4893 71.24373 75.69958 34.99965 71.24374 109.5997 35.86093 71.18308 109.6093 35.86453 71.12438 109.6273 35.86796 71.06871 109.6532 35.86993 71.01721 109.6867 35.87283 70.97093 109.7269 35.87617 70.97089 109.7269 -35.00058 71.01716 109.6867 -35.00058 71.06867 109.6532 -35.00058 71.12432 109.6273 -35.00055 71.18302 109.6093 -35.00055 71.24368 109.5997 -35.00055 71.24368 75.69982 -35.00046 71.24367 58.43822 -33.4902 71.24367 57.81541 -33.36832 71.24367 57.23216 -33.11816 71.24367 56.71458 -32.75091 71.24367 56.28585 -32.28299 71.24367 55.96513 -31.73535 71.24367 55.76679 -31.13251 -71.40713 55.75241 30.50076 -71.40713 55.75239 -30.50147 -71.40713 55.81937 -31.13254 -71.40713 56.01771 -31.73538 -71.40713 56.33845 -32.28302 -71.40713 56.76724 -32.75094 -71.40713 57.28485 -33.11819 -71.40713 57.86814 -33.36828 -71.40713 58.4909 -33.49002 -71.40713 75.75259 -35.00046 -71.40713 109.5997 -35.00046 -71.34646 109.6093 -35.00046 -71.28779 109.6273 -35.00046 -71.23211 109.6532 -35.00046 -71.1806 109.6867 -35.00046 -71.13432 109.7269 -35.00046 -71.13432 109.7269 35.87485 -71.1806 109.6867 35.87146 -71.23211 109.6533 35.86856 -71.28779 109.6273 35.86662 -71.34646 109.6093 35.86317 -71.40713 109.5997 35.8596 -71.40713 75.75251 34.99965 -71.40713 58.49082 33.48944 -71.40713 57.868 33.36755 -71.40713 57.28475 33.11737 -71.40713 56.7672 32.75009 -71.40713 56.33848 32.28213 -71.40713 56.01778 31.73448 -71.40713 55.81948 31.13162 -70.8361 16.817 0.4999237 -70.8361 93.58773 0.5000916 -70.8361 95.13292 0.6199951 -70.8361 96.641 0.9773865 -70.8361 98.07574 1.563522 -70.8361 99.40268 2.364334 -70.8361 100.5899 3.360535 -70.8361 101.609 4.528244 -70.8361 102.4354 5.839371 -70.8361 103.0493 7.262466 -70.8361 103.4359 8.763321 -70.8361 109.4569 35.90021 -70.77546 109.4881 35.90982 -70.71675 109.5183 35.92781 -70.6611 109.5353 35.95376 -70.60958 109.5606 35.98724 -70.5633 109.59 36.02742 -70.5633 0.827507 36.02745 -70.60958 0.8568497 35.98727 -70.6611 0.8821182 35.95381 -70.71675 0.8990402 35.92784 -70.77546 0.9291611 35.90985 -70.8361 0.9603653 35.90025 -70.8361 6.969101 8.763474 -70.8361 7.355808 7.262665 -70.8361 7.969666 5.839615 -70.8361 8.796021 4.528488 -70.8361 9.815049 3.360794 -70.8361 11.00224 2.364563 -70.8361 12.32912 1.563766 -70.8361 13.76381 0.9775696 -70.8361 15.27182 0.6200867 -71.34771 54.70029 -30.50086 -71.34771 54.70029 30.50133 -71.34771 54.6333 31.1324 -71.34771 54.43495 31.73529 -71.34771 54.11421 32.28293 -71.34771 53.68544 32.75081 -71.34771 53.16781 33.11804 -71.34771 52.58453 33.36816 -71.34771 51.96178 33.48994 -71.34771 34.70009 35.00024 -71.34771 0.8000031 35.85353 -71.28706 0.79039 35.85708 -71.22834 0.7723999 35.86049 -71.17268 0.7464447 35.86241 -71.12118 0.7129822 35.86528 -71.0749 0.6727905 35.86862 -71.0749 0.6727905 -35.87643 -71.12118 0.7129822 -35.87308 -71.17268 0.7464447 -35.87018 -71.22834 0.7723999 -35.86822 -71.28706 0.79039 -35.86474 -71.34771 0.8000031 -35.86117 -71.34771 34.70019 -34.99982 -71.34771 51.96188 -33.48956 -71.34771 52.5847 -33.36764 -71.34771 53.16794 -33.11746 -71.34771 53.6855 -32.75018 -71.34771 54.11423 -32.28223 -71.34771 54.43492 -31.73459 -71.34771 54.63322 -31.13171 -70.42088 110.1137 36.41365 -70.42088 110.2042 36.32896 -70.42088 110.3001 36.25037 -70.42088 110.3679 36.15544 -70.42088 110.394 36.03422 -70.42088 110.3997 35.89961 -70.42355 110.3997 36.47978 -70.44358 110.3997 36.3298 -70.44358 110.3997 36.3298 -70.51245 110.3997 36.17297 -70.51245 110.3997 36.17297 -70.62207 110.3997 36.04132 -70.62207 110.3997 36.04132 -70.76387 110.3997 35.9452 -70.76387 110.3997 35.9452 -70.92674 110.3997 35.8921 -70.92674 110.3997 35.8921 -71.00793 110.3997 35.89006 -71.14254 110.394 35.88649 -71.26379 110.3679 35.88302 -71.3587 110.3001 35.88109 -71.43731 110.2042 35.87817 -71.52197 110.1137 35.8748 -71.52035 110.1137 -35.00046 -71.43414 110.2042 -35.01266 -71.35406 110.3001 -35.02316 -71.25738 110.3679 -35.03018 -71.25738 110.3679 -35.03018 -71.13854 110.394 -35.06518 -71.00793 110.3997 -35.10989 -70.94281 110.3997 -35.13113 -70.67059 110.3997 -35.28906 -70.45216 110.3997 -35.48688 -70.45216 110.3997 -35.48688 -70.43734 110.3997 -34.9003 -70.43734 110.394 -35.03491 -70.43734 110.3679 -35.1561 -70.43734 110.3001 -35.25104 -70.43734 110.2042 -35.32962 -70.43734 110.1137 -35.41431 70.32679 110.1137 -35.41431 70.32679 110.2042 -35.32962 70.32679 110.3001 -35.25104 70.32679 110.3679 -35.1561 70.32679 110.394 -35.03491 70.3268 110.3997 -34.9003 70.34162 110.3997 -35.48688 70.34162 110.3997 -35.48688 70.56012 110.3997 -35.28906 70.83242 110.3997 -35.13116 70.84466 110.3997 -35.1272 70.97591 110.394 -35.08227 71.09368 110.3679 -35.03894 71.18991 110.3001 -35.02716 71.27026 110.2042 -35.01486 71.35678 110.1137 -35.00058 71.35868 110.1137 35.87617 71.27402 110.2042 35.87953 71.1954 110.3001 35.8824 71.1005 110.3679 35.88437 70.97928 110.394 35.88783 70.84466 110.3997 35.8914 70.81645 110.3997 35.8921 70.81645 110.3997 35.8921 70.65358 110.3997 35.9452 70.65358 110.3997 35.9452 70.51178 110.3997 36.04132 70.51178 110.3997 36.04132 70.40216 110.3997 36.17297 70.40216 110.3997 36.17297 70.33329 110.3997 36.3298 70.33329 110.3997 36.3298 70.32584 110.3997 36.48033 70.32485 110.3997 35.90033 70.32485 110.394 36.03497 70.32485 110.3679 36.15626 70.32485 110.3001 36.25108 70.32485 110.2042 36.32988 70.32485 110.1137 36.41481 -70.42088 109.7269 36.02682 -70.42088 109.7732 35.98663 -70.42088 109.8247 35.95317 -70.42088 109.8803 35.9272 -70.42088 109.939 35.90924 -70.42088 109.9997 35.89961 -70.42355 109.9997 36.47978 -70.44358 109.9997 36.32983 -70.44358 109.9997 36.32983 -70.51245 109.9997 36.17297 -70.51245 109.9997 36.17297 -70.62207 109.9997 36.04132 -70.62207 109.9997 36.04132 -70.76387 109.9997 35.9452 -70.76387 109.9997 35.9452 -70.92674 109.9997 35.8921 -70.92674 109.9997 35.8921 -71.00793 109.9997 35.89006 -71.01754 109.939 35.88649 -71.03555 109.8803 35.88302 -71.06149 109.8247 35.88109 -71.09497 109.7732 35.8782 -71.13514 109.7269 35.8748 -71.12634 109.7269 -35.00046 -71.08538 109.7732 -35.01266 -71.05131 109.8247 -35.02316 -71.0249 109.8803 -35.03018 -71.0249 109.8803 -35.03018 -71.01118 109.939 -35.06515 -71.00793 109.9997 -35.10986 -70.94281 109.9997 -35.13113 -70.67059 109.9997 -35.28903 -70.45216 109.9997 -35.48688 -70.45216 109.9997 -35.48688 -70.43734 109.9997 -34.9003 -70.43734 109.939 -34.90991 -70.43734 109.8803 -34.92786 -70.43734 109.8247 -34.95383 -70.43734 109.7732 -34.9873 -70.43734 109.7269 -35.0275 70.32679 109.7269 -35.0275 70.32679 109.7732 -34.9873 70.32679 109.8247 -34.95383 70.32679 109.8803 -34.92786 70.32679 109.939 -34.90991 70.3268 109.9997 -34.9003 70.34162 109.9997 -35.48688 70.34162 109.9997 -35.48688 70.56012 109.9997 -35.28906 70.83242 109.9997 -35.13116 70.84466 109.9997 -35.1272 70.84815 109.939 -35.08227 70.86041 109.8803 -35.03894 70.88616 109.8247 -35.02716 70.92035 109.7732 -35.01486 70.96144 109.7269 -35.00058 70.97185 109.7269 35.87617 70.93166 109.7732 35.87953 70.8982 109.8247 35.88245 70.87226 109.8803 35.88437 70.85428 109.939 35.88785 70.84466 109.9997 35.8914 70.81645 109.9997 35.8921 70.81645 109.9997 35.8921 70.65358 109.9997 35.9452 70.65358 109.9997 35.9452 70.51178 109.9997 36.04132 70.51178 109.9997 36.04132 70.40216 109.9997 36.17297 70.40216 109.9997 36.17297 70.33329 109.9997 36.32983 70.33329 109.9997 36.32983 70.32584 109.9997 36.48035 70.32485 109.9997 35.90033 70.32485 109.939 35.91064 70.32485 109.8803 35.92926 70.32485 109.8247 35.95549 70.32485 109.7732 35.98936 70.32485 109.7269 36.03006 -70.25595 0.1999816 36.70022 -70.41375 0.1999816 36.70022 -70.41375 0.1999816 36.70022 -70.43887 0.3672333 36.70022 -70.43887 0.3672333 36.70022 -70.44778 0.3868561 36.70022 -70.52479 0.5495148 36.69453 -70.52479 0.5495148 36.69453 -70.62974 0.6759338 36.66843 -70.73645 0.73172 36.60065 -70.83082 0.7834473 36.5047 -70.93847 0.8248596 36.41424 -70.96182 109.5926 36.4142 -70.87406 109.6113 36.70021 -70.87406 109.6113 36.70021 -70.71275 109.6783 36.70021 -70.71275 109.6783 36.70021 -70.57693 109.7882 36.70021 -70.57693 109.7882 36.70021 -70.47767 109.9319 36.70021 -70.47767 109.9319 36.70021 -70.42304 110.0979 36.70021 -70.41375 110.1137 36.4142 70.31771 110.1137 36.4142 70.32698 110.0979 36.70021 70.34484 110.024 36.70021 70.43373 109.8457 36.70021 70.43373 109.8457 36.70021 70.57518 109.7054 36.70021 70.57518 109.7054 36.70021 70.75419 109.6179 36.70021 70.75419 109.6179 36.70021 70.86582 109.5873 36.4142 70.86582 0.8248596 36.41424 70.79778 0.7907562 36.70022 70.62398 0.7238464 36.70022 70.62398 0.7238464 36.70022 70.47864 0.607254 36.70022 70.47864 0.607254 36.70022 70.37511 0.4523468 36.70022 70.37511 0.4523468 36.70022 70.32294 0.2734833 36.70022 70.32294 0.2734833 36.70022 70.32698 0.08720397 36.70022 70.31772 0.285965 36.41424 -70.23594 0.285965 36.41424 -70.23594 0.3706207 36.5047 -70.23594 0.449234 36.60065 -70.23594 0.5441437 36.66843 -70.23594 0.6653748 36.69453 -70.23593 0.7999878 36.70022 -70.25595 0.1999816 36.70022 -70.25595 0.1999816 36.3002 -70.41375 0.1999816 36.3002 -70.41375 0.1999816 36.3002 -70.43887 0.3672333 36.3002 -70.43887 0.3672333 36.3002 -70.44778 0.3868561 36.3002 -70.36582 0.5495148 36.23956 -70.36582 0.5495148 36.23956 -70.33955 0.6759338 36.18086 -70.35855 0.73172 36.12521 -70.39552 0.7834473 36.0737 -70.44665 0.8248596 36.02742 -70.57501 109.5926 36.0274 -70.87406 109.6113 36.3002 -70.87406 109.6113 36.3002 -70.71275 109.6783 36.3002 -70.71275 109.6783 36.3002 -70.57693 109.7882 36.3002 -70.57693 109.7882 36.3002 -70.47767 109.9319 36.3002 -70.47767 109.9319 36.3002 -70.42304 110.0979 36.3002 -70.41375 109.7269 36.0274 70.31771 109.7269 36.0274 70.32698 110.0979 36.3002 70.34484 110.024 36.3002 70.43373 109.8457 36.3002 70.43373 109.8457 36.3002 70.57518 109.7054 36.3002 70.57518 109.7054 36.3002 70.75419 109.6179 36.3002 70.75419 109.6179 36.3002 70.47901 109.5873 36.0274 70.479 0.8248596 36.02742 70.79778 0.7907562 36.3002 70.62398 0.7238464 36.3002 70.62398 0.7238464 36.3002 70.47864 0.607254 36.3002 70.47864 0.607254 36.3002 70.37511 0.4523468 36.3002 70.37511 0.4523468 36.3002 70.32294 0.2734833 36.3002 70.32294 0.2734833 36.3002 70.32698 0.08720397 36.3002 70.31772 0.6727753 36.02742 -70.23594 0.6727753 36.02742 -70.23594 0.7129669 36.0737 -70.23594 0.7464295 36.12521 -70.23594 0.7723847 36.18086 -70.23594 0.7903748 36.23956 -70.23593 0.7999878 36.3002 -70.25595 0.1999816 36.3002 -59.00162 84.19358 -35.70026 58.89105 84.19358 -35.70026 58.89105 84.19358 -35.70026 59.54039 84.26463 -35.70026 60.15893 84.47463 -35.70026 60.71737 84.81352 -35.70026 61.18923 85.26524 -35.70026 61.55215 85.80837 -35.70026 61.78897 86.41738 -35.70026 70.01406 109.5937 -35.70026 70.0677 109.739 -35.69458 70.11946 109.8712 -35.66846 70.16533 109.9617 -35.60071 70.24007 110.0349 -35.50476 70.32681 110.1137 -35.41431 -70.43734 110.1137 -35.41431 -70.35063 110.0349 -35.50476 -70.27595 109.9617 -35.60071 -70.2301 109.8711 -35.66846 -70.17834 109.739 -35.69458 -70.12469 109.5937 -35.70026 -61.89922 86.41745 -35.70026 -61.66263 85.80857 -35.70026 -61.29978 85.26538 -35.70026 -60.82796 84.81362 -35.70026 -60.26952 84.4747 -35.70026 -59.65096 84.2647 -35.70026 -59.00162 84.19358 -35.70026 -59.00162 84.19358 -35.30026 58.89105 84.19358 -35.30026 58.89105 84.19358 -35.30026 59.54039 84.26463 -35.30026 60.15893 84.47463 -35.30026 60.71737 84.81352 -35.30026 61.18923 85.26524 -35.30026 61.55215 85.80837 -35.30026 61.78897 86.41738 -35.30026 70.01406 109.5937 -35.30029 70.0677 109.6227 -35.23962 70.11946 109.6587 -35.18094 70.16533 109.685 -35.12527 70.24007 109.7161 -35.07376 70.32681 109.7536 -35.0275 -70.43734 109.7536 -35.0275 -70.35063 109.7161 -35.07376 -70.27595 109.685 -35.12527 -70.2301 109.6586 -35.18094 -70.17834 109.6226 -35.23962 -70.12469 109.5938 -35.30029 -61.89922 86.41745 -35.30026 -61.66263 85.80857 -35.30026 -61.29978 85.26538 -35.30026 -60.82796 84.81362 -35.30026 -60.26952 84.4747 -35.30026 -59.65096 84.2647 -35.30026 -59.00162 84.19358 -35.30026 70.31771 0.2859764 36.41424 70.32697 -3.8147e-6 36.38742 70.37968 -3.8147e-6 36.2254 70.37968 -3.8147e-6 36.2254 70.475 -3.8147e-6 36.08417 70.475 -3.8147e-6 36.08417 70.60556 -3.8147e-6 35.97468 70.60556 -3.8147e-6 35.97468 70.76123 -3.8147e-6 35.90542 70.76123 -3.8147e-6 35.90542 70.85179 -3.8147e-6 35.89273 70.85179 -3.8147e-6 35.89273 70.98584 0.005699157 35.8802 71.10721 0.03179931 35.87677 71.20223 0.09957885 35.87485 71.28094 0.1955184 35.87196 71.36571 0.2859764 35.86862 71.36582 0.2859764 -35.87643 71.28115 0.1955184 -35.87979 71.20253 0.09957885 -35.88272 71.10764 0.03179931 -35.88464 70.98641 0.005699157 -35.88812 70.85179 -3.8147e-6 -35.89169 70.82359 -3.8147e-6 -35.89239 70.82359 -3.8147e-6 -35.89239 70.66071 -3.8147e-6 -35.94546 70.66071 -3.8147e-6 -35.94546 70.51891 -3.8147e-6 -36.04159 70.51891 -3.8147e-6 -36.04159 70.40928 -3.8147e-6 -36.17322 70.40928 -3.8147e-6 -36.17322 70.34041 -3.8147e-6 -36.33008 70.34041 -3.8147e-6 -36.33008 70.33296 -3.8147e-6 -36.48059 70.33198 -3.8147e-6 -35.90057 70.33198 0.005699157 -36.03522 70.33198 0.03179931 -36.15652 70.33197 0.09957885 -36.25131 70.33197 0.1955184 -36.33014 70.33197 0.2859764 -36.41507 -70.41375 0.2859764 -36.41391 -70.41375 0.1955184 -36.32925 -70.41375 0.09957885 -36.25058 -70.41375 0.03179931 -36.1557 -70.41375 0.005699157 -36.03451 -70.41375 -3.8147e-6 -35.89987 -70.41639 -3.8147e-6 -36.48004 -70.43643 -3.8147e-6 -36.33008 -70.43643 -3.8147e-6 -36.33008 -70.50531 -3.8147e-6 -36.17322 -70.50531 -3.8147e-6 -36.17322 -70.61491 -3.8147e-6 -36.04156 -70.61491 -3.8147e-6 -36.04156 -70.75671 -3.8147e-6 -35.94546 -70.75671 -3.8147e-6 -35.94546 -70.91961 -3.8147e-6 -35.89239 -70.91961 -3.8147e-6 -35.89239 -70.94781 -3.8147e-6 -35.89169 -71.08242 0.005699157 -35.88812 -71.20364 0.03179931 -35.88464 -71.29855 0.09957885 -35.88266 -71.37719 0.1955184 -35.87979 -71.46182 0.2859764 -35.87643 -71.46171 0.2859764 35.86862 -71.3769 0.1955184 35.87196 -71.29817 0.09957885 35.87485 -71.2031 0.03179931 35.87677 -71.08169 0.005699157 35.8802 -70.94781 -3.8147e-6 35.89421 -70.94781 -3.8147e-6 35.89421 -70.83563 -3.8147e-6 35.91205 -70.83563 -3.8147e-6 35.91205 -70.66406 -3.8147e-6 36.00009 -70.66406 -3.8147e-6 36.00009 -70.52842 -3.8147e-6 36.1371 -70.52842 -3.8147e-6 36.1371 -70.42304 -3.8147e-6 36.38745 -70.42304 -3.8147e-6 36.38745 -70.25306 -3.8147e-6 36.48991 -70.25306 -3.8147e-6 36.48991 -70.23594 -3.8147e-6 35.90022 -70.23594 0.005699157 36.03485 -70.23594 0.03179931 36.15607 -70.23594 0.09957885 36.25096 -70.23594 0.1955184 36.3296 -70.23594 0.2859764 36.41424 70.31771 0.6727982 36.02745 70.32697 0.3999977 36.38742 70.37968 0.3999977 36.2254 70.37968 0.3999977 36.2254 70.475 0.3999977 36.08417 70.475 0.3999977 36.08417 70.60556 0.3999977 35.97468 70.60556 0.3999977 35.97468 70.76123 0.3999977 35.90542 70.76123 0.3999977 35.90542 70.85179 0.3999977 35.89273 70.85179 0.3999977 35.89273 70.86069 0.460659 35.8802 70.87868 0.5193558 35.87677 70.90465 0.575016 35.87485 70.93816 0.6265183 35.87196 70.9784 0.6727982 35.86862 70.97899 0.6727982 -35.87643 70.93879 0.6265183 -35.87979 70.90533 0.575016 -35.88272 70.8794 0.5193558 -35.88464 70.86141 0.460659 -35.88812 70.85179 0.3999977 -35.89169 70.82359 0.3999977 -35.89239 70.82359 0.3999977 -35.89239 70.66071 0.3999977 -35.94546 70.66071 0.3999977 -35.94546 70.51891 0.3999977 -36.04159 70.51891 0.3999977 -36.04159 70.40928 0.3999977 -36.17322 70.40928 0.3999977 -36.17322 70.34041 0.3999977 -36.33008 70.34041 0.3999977 -36.33008 70.33296 0.3999977 -36.48059 70.33198 0.3999977 -35.90057 70.33198 0.460659 -35.91086 70.33198 0.5193558 -35.9295 70.33197 0.575016 -35.95572 70.33197 0.6265183 -35.98962 70.33197 0.6727982 -36.0303 -70.41375 0.6727982 -36.0271 -70.41375 0.6265183 -35.98688 -70.41375 0.575016 -35.9534 -70.41375 0.5193558 -35.92746 -70.41375 0.460659 -35.90951 -70.41375 0.3999977 -35.89987 -70.41639 0.3999977 -36.48004 -70.43643 0.3999977 -36.33008 -70.43643 0.3999977 -36.33008 -70.50531 0.3999977 -36.17322 -70.50531 0.3999977 -36.17322 -70.61491 0.3999977 -36.04156 -70.61491 0.3999977 -36.04156 -70.75671 0.3999977 -35.94546 -70.75671 0.3999977 -35.94546 -70.91961 0.3999977 -35.89239 -70.91961 0.3999977 -35.89239 -70.94781 0.3999977 -35.89169 -70.95742 0.460659 -35.88812 -70.9754 0.5193558 -35.88464 -71.00137 0.575016 -35.88266 -71.03483 0.6265183 -35.87979 -71.07502 0.6727982 -35.87643 -71.07426 0.6727982 35.86862 -71.03401 0.6265183 35.87196 -71.00047 0.575016 35.87485 -70.9745 0.5193558 35.87677 -70.95646 0.460659 35.8802 -70.94781 0.3999977 35.89421 -70.94781 0.3999977 35.89421 -70.83563 0.3999977 35.91205 -70.83563 0.3999977 35.91205 -70.66406 0.3999977 36.00009 -70.66406 0.3999977 36.00009 -70.52842 0.3999977 36.1371 -70.52842 0.3999977 36.1371 -70.42304 0.3999977 36.38745 -70.42304 0.3999977 36.38745 -70.25306 0.3999977 36.48991 -70.25306 0.3999977 36.48991 -70.23594 0.3999977 35.90022 -70.23594 0.460659 35.90985 -70.23594 0.5193558 35.92782 -70.23594 0.575016 35.95378 -70.23594 0.6265183 35.98724 -70.23594 0.6727982 36.02745 -70.9329 0.8075104 -36.41446 -70.85014 0.7838287 -36.70047 -70.85014 0.7838287 -36.70047 -70.69447 0.7145538 -36.70047 -70.69447 0.7145538 -36.70047 -70.5639 0.6050873 -36.70047 -70.5639 0.6050873 -36.70047 -70.46858 0.4638214 -36.70047 -70.46858 0.4638214 -36.70047 -70.40658 0.285965 -36.41446 70.32483 0.285965 -36.41446 70.35198 0.3757172 -36.70047 70.35198 0.3757172 -36.70047 70.43157 0.5407562 -36.70047 70.43157 0.5407562 -36.70047 70.55645 0.6748505 -36.70047 70.55645 0.6748505 -36.70047 70.71542 0.765976 -36.70047 70.71542 0.765976 -36.70047 70.87296 0.8211212 -36.41446 70.87296 108.4068 -36.41446 70.78829 108.4305 -36.50491 70.70967 108.451 -36.60086 70.61478 108.4647 -36.66864 70.49356 108.4891 -36.6947 70.35894 108.5144 -36.70044 69.19844 108.7225 -36.70044 68.87935 108.8163 -36.70044 68.58874 108.978 -36.70044 68.34083 109.1998 -36.70044 68.34083 109.1998 -36.70044 14.99593 109.1997 -36.70044 -15.06618 109.1997 -36.70044 -68.42286 109.1997 -36.70044 -68.42286 109.1997 -36.70044 -68.67086 108.9779 -36.70044 -68.96165 108.8162 -36.70044 -69.28079 108.7223 -36.70044 -70.4407 108.5144 -36.70044 -70.57533 108.4891 -36.6947 -70.69654 108.4648 -36.66864 -70.79144 108.451 -36.60086 -70.87007 108.4306 -36.50491 -70.95471 108.4069 -36.41446 -70.54611 0.8075714 -36.02762 -70.85014 0.7838287 -36.30047 -70.85014 0.7838287 -36.30047 -70.69447 0.7145538 -36.30047 -70.69447 0.7145538 -36.30047 -70.5639 0.6050873 -36.30047 -70.5639 0.6050873 -36.30047 -70.46858 0.4638214 -36.30047 -70.46858 0.4638214 -36.30047 -70.40658 0.6727753 -36.02762 70.32483 0.6727753 -36.02762 70.35198 0.3757172 -36.30047 70.35198 0.3757172 -36.30047 70.43157 0.5407562 -36.30047 70.43157 0.5407562 -36.30047 70.55645 0.6748505 -36.30047 70.55645 0.6748505 -36.30047 70.71542 0.765976 -36.30047 70.71542 0.765976 -36.30047 70.48615 0.8211212 -36.02762 70.48613 108.4068 -36.02762 70.44594 108.4305 -36.07391 70.41247 108.451 -36.12543 70.38654 108.4647 -36.18106 70.36855 108.4891 -36.23978 70.35894 108.5144 -36.30044 69.19844 108.7225 -36.30044 68.87935 108.8163 -36.30044 68.58874 108.978 -36.30044 68.34083 109.1998 -36.30044 68.34083 109.1998 -36.30044 14.99593 109.1997 -36.30044 -15.06618 109.1997 -36.30044 -68.42286 109.1997 -36.30044 -68.42286 109.1997 -36.30044 -68.67086 108.9779 -36.30044 -68.96165 108.8162 -36.30044 -69.28079 108.7223 -36.30044 -70.4407 108.5144 -36.30044 -70.45033 108.4891 -36.23978 -70.4683 108.4648 -36.18106 -70.49426 108.4511 -36.12543 -70.5277 108.4307 -36.07391 -70.56791 108.4069 -36.02762 -71.23767 93.59217 -0.4971466 -71.22218 17.17145 -0.4816742 -71.22189 15.62622 -0.6014557 -71.22157 14.1181 -0.9585266 -71.22126 12.68325 -1.544388 -71.22102 11.35616 -2.34491 -71.22076 10.1687 -3.340897 -71.22059 9.149418 -4.508392 -71.22041 8.32277 -5.819366 -71.22027 7.708649 -7.242325 -71.22018 7.321751 -8.743119 -71.2189 0.9482689 -35.90042 -71.21321 0.9151917 -36.03506 -71.1871 0.8832817 -36.15628 -71.1193 0.8653641 -36.25119 -71.02337 0.838604 -36.3298 -70.9329 0.8075066 -36.41446 -70.95471 108.4069 -36.41443 -71.04515 108.3831 -36.32977 -71.14108 108.3627 -36.25116 -71.20886 108.349 -36.15628 -71.23497 108.3246 -36.03503 -71.24067 108.2994 -35.90042 -71.23966 103.4386 -8.762665 -71.23959 103.0524 -7.261719 -71.23947 102.4388 -5.838486 -71.2393 101.6127 -4.527176 -71.2391 100.5938 -3.359253 -71.23887 99.40676 -2.362793 -71.23858 98.07995 -1.561737 -71.23831 96.64535 -0.975296 -71.23799 95.13732 -0.6175537 -70.83769 93.59224 -0.4971466 -70.82218 17.17152 -0.4816742 -70.82186 15.6263 -0.6014557 -70.82156 14.11818 -0.9585266 -70.82127 12.68333 -1.544388 -70.82101 11.35624 -2.34491 -70.82078 10.16878 -3.340897 -70.82057 9.149498 -4.508392 -70.82038 8.32285 -5.819366 -70.82026 7.708733 -7.242325 -70.82019 7.321831 -8.743119 -70.8189 0.948349 -35.90042 -70.75825 0.9152794 -35.91003 -70.69952 0.8833656 -35.92798 -70.64387 0.8654595 -35.95398 -70.59237 0.8386688 -35.9874 -70.54609 0.8076019 -36.02762 -70.56791 108.407 -36.02762 -70.61415 108.3832 -35.98743 -70.66566 108.3628 -35.95398 -70.72131 108.349 -35.92804 -70.78001 108.3247 -35.91003 -70.84066 108.2994 -35.90042 -70.83967 103.4387 -8.762665 -70.83958 103.0525 -7.261719 -70.83946 102.4389 -5.838486 -70.8393 101.6127 -4.527176 -70.83911 100.5939 -3.359253 -70.83886 99.40684 -2.362793 -70.83859 98.08003 -1.561737 -70.8383 96.64543 -0.975296 -70.83798 95.13742 -0.6175537 71.1518 93.58509 0.5002442 71.1518 16.81437 0.5002442 71.1518 15.26921 0.620285 71.1518 13.76119 0.977768 71.1518 12.32651 1.563934 71.1518 10.99962 2.364731 71.1518 9.812413 3.360931 71.1518 8.79337 4.528625 71.1518 7.966984 5.839722 71.1518 7.353107 7.262772 71.1518 6.966465 8.763642 71.1518 0.9577293 35.90022 71.14609 0.9265251 36.03485 71.11999 0.8964043 36.15607 71.05222 0.8794823 36.25096 70.95627 0.8542137 36.3296 70.86582 0.8248711 36.41424 70.86582 109.5873 36.41424 70.95627 109.5579 36.32957 71.05222 109.5326 36.25094 71.11999 109.5157 36.15605 71.14609 109.4855 36.03482 71.1518 109.4542 35.90021 71.1518 103.4333 8.763504 71.1518 103.0466 7.262665 71.1518 102.4327 5.839569 71.1518 101.6063 4.528412 71.1518 100.5872 3.360687 71.1518 99.39994 2.364487 71.1518 98.07299 1.563721 71.1518 96.63822 0.9776154 71.1518 95.13012 0.6202545 70.75179 93.58509 0.5002442 70.75179 16.81437 0.5002442 70.75179 15.26921 0.620285 70.75179 13.76119 0.977768 70.75179 12.32651 1.563934 70.75179 10.99962 2.364731 70.75179 9.812413 3.360931 70.75179 8.79337 4.528625 70.75179 7.966984 5.839722 70.75179 7.353107 7.262772 70.75179 6.966465 8.763642 70.7518 0.9577293 35.90022 70.69113 0.9265251 35.90985 70.63243 0.8964043 35.92782 70.57678 0.8794823 35.95376 70.52527 0.8542137 35.98724 70.47899 0.8248711 36.02742 70.47899 109.5873 36.0274 70.52527 109.5579 35.98721 70.57678 109.5326 35.95372 70.63243 109.5157 35.92781 70.69113 109.4855 35.90982 70.7518 109.4542 35.90021 70.75179 103.4333 8.763504 70.75179 103.0466 7.262665 70.75179 102.4327 5.839569 70.75179 101.6063 4.528412 70.75179 100.5872 3.360702 70.75179 99.39994 2.364487 70.75179 98.07299 1.563721 70.75179 96.63822 0.9776154 70.75179 95.13012 0.6202545 71.15893 17.16417 -0.500473 71.15893 93.58489 -0.500473 71.15893 95.13008 -0.6204376 71.15893 96.63817 -0.97789 71.15893 98.07292 -1.564026 71.15893 99.39987 -2.364807 71.15893 100.5871 -3.361053 71.15893 101.6062 -4.528748 71.15893 102.4326 -5.839905 71.15893 103.0465 -7.263016 71.15893 103.4331 -8.763871 71.15894 108.2992 -35.90042 71.15323 108.3244 -36.03506 71.12713 108.3488 -36.15628 71.05936 108.3625 -36.25119 70.96341 108.383 -36.3298 70.87296 108.4068 -36.41446 70.87296 0.8211327 -36.41446 70.96341 0.852169 -36.32983 71.05936 0.8788719 -36.25119 71.12713 0.8967857 -36.15631 71.15323 0.9286461 -36.03509 71.15894 0.9616356 -35.90042 71.15893 7.316151 -8.763871 71.15893 7.702721 -7.263016 71.15893 8.316548 -5.839905 71.15893 9.142933 -4.528717 71.15893 10.16198 -3.361038 71.15893 11.34926 -2.364792 71.15893 12.6762 -1.563995 71.15893 14.11095 -0.9778748 71.15893 15.61904 -0.6205139 70.75893 17.16417 -0.500473 70.75893 93.58489 -0.500473 70.75893 95.13008 -0.6204376 70.75893 96.63817 -0.97789 70.75893 98.07292 -1.564026 70.75893 99.39987 -2.364807 70.75893 100.5871 -3.361053 70.75893 101.6062 -4.528748 70.75893 102.4326 -5.839905 70.75893 103.0465 -7.263016 70.75893 103.4331 -8.763871 70.75894 108.2992 -35.90042 70.69828 108.3244 -35.91006 70.63957 108.3488 -35.92804 70.58391 108.3625 -35.95398 70.53241 108.383 -35.98746 70.48613 108.4068 -36.02762 70.48613 0.8211327 -36.02762 70.53241 0.852169 -35.98746 70.58391 0.8788719 -35.95398 70.63957 0.8967857 -35.92807 70.69828 0.9286461 -35.91009 70.75894 0.9616356 -35.90042 70.75893 7.316151 -8.763871 70.75893 7.702721 -7.263016 70.75893 8.316548 -5.839905 70.75893 9.142933 -4.528717 70.75893 10.16198 -3.361038 70.75893 11.34926 -2.364792 70.75893 12.6762 -1.563995 70.75893 14.11095 -0.9778748 70.75893 15.61904 -0.6205139 71.65172 54.7 30.50133 71.65172 54.7 -30.50086 71.65172 54.63307 -31.13196 71.65172 54.43471 -31.7348 71.65172 54.11396 -32.28244 71.65172 53.68517 -32.75033 71.65172 53.16755 -33.11755 71.65172 52.58425 -33.36764 71.65172 51.96147 -33.48944 71.65172 51.96147 -33.48944 71.65173 34.70009 -34.99982 71.65173 34.70009 -34.99982 71.65174 0.7999954 -35.86117 71.64603 0.6653748 -35.86474 71.61993 0.5441513 -35.86822 71.55216 0.4492569 -35.87018 71.45622 0.370636 -35.87308 71.36576 0.2859764 -35.87643 71.36576 0.2859764 35.86862 71.45622 0.370636 35.86528 71.55216 0.4492569 35.86241 71.61993 0.5441513 35.86049 71.64603 0.6653748 35.85708 71.65174 0.7999954 35.85353 71.65173 34.69988 35.00024 71.65173 34.69988 35.00024 71.65172 51.96147 33.49005 71.65172 51.96147 33.49005 71.65172 52.58433 33.36842 71.65172 53.16756 33.11816 71.65172 53.68511 32.75085 71.65172 54.11383 32.28288 71.65172 54.43454 31.73521 71.65172 54.63288 31.13236 71.25173 54.7 30.50133 71.25173 54.7 -30.50086 71.25173 54.63307 -31.13196 71.25173 54.43471 -31.7348 71.25173 54.11396 -32.28244 71.25173 53.68517 -32.75033 71.25173 53.16755 -33.11755 71.25173 52.58425 -33.36764 71.25173 51.96147 -33.48944 71.25173 51.96147 -33.48944 71.25173 34.70009 -34.99982 71.25173 34.70009 -34.99982 71.25173 0.7999954 -35.86117 71.19107 0.7903786 -35.86474 71.13237 0.7723961 -35.86822 71.07671 0.74646 -35.87018 71.02521 0.7129974 -35.87308 70.97893 0.6727982 -35.87643 70.97893 0.6727982 35.86862 71.02521 0.7129974 35.86528 71.07671 0.74646 35.86241 71.13237 0.7723961 35.86049 71.19107 0.7903786 35.85708 71.25173 0.7999954 35.85353 71.25173 34.69988 35.00024 71.25173 34.69988 35.00024 71.25173 51.96147 33.49005 71.25173 51.96147 33.49005 71.25173 52.58433 33.36842 71.25173 53.16756 33.11816 71.25173 53.68511 32.75085 71.25173 54.11383 32.28288 71.25173 54.43453 31.73521 71.25173 54.63288 31.13236 71.64368 55.6997 -30.5015 71.64373 55.69968 30.50073 71.64373 55.7666 31.13181 71.64373 55.96498 31.73465 71.64373 56.28574 32.28229 71.64373 56.71453 32.75018 71.64373 57.23215 33.1174 71.64373 57.81544 33.36752 71.64373 58.4382 33.4893 71.64373 58.4382 33.4893 71.64373 75.69958 34.99965 71.64373 75.69958 34.99965 71.64374 109.5997 35.86093 71.63803 109.7343 35.86453 71.61194 109.8555 35.86796 71.54416 109.9504 35.86993 71.44821 110.029 35.87283 71.35776 110.1137 35.87617 71.3577 110.1137 -35.00058 71.44817 110.0291 -35.00058 71.5441 109.9504 -35.00058 71.61188 109.8555 -35.00058 71.63798 109.7343 -35.00058 71.64368 109.5997 -35.00058 71.64368 75.69982 -35.00046 71.64368 75.69982 -35.00046 71.64368 58.43822 -33.4902 71.64368 58.43822 -33.4902 71.64368 57.81541 -33.36832 71.64368 57.23216 -33.11816 71.64368 56.71458 -32.75091 71.64368 56.28585 -32.28299 71.64368 55.96513 -31.73535 71.64368 55.76679 -31.13251 71.24368 55.6997 -30.5015 71.24372 55.69968 30.50073 71.24372 55.7666 31.13182 71.24372 55.96498 31.73467 71.24372 56.28574 32.28229 71.24372 56.71453 32.75018 71.24373 57.23215 33.1174 71.24373 57.81544 33.36752 71.24373 58.4382 33.4893 71.24373 58.4382 33.4893 71.24373 75.69958 34.99965 71.24373 75.69958 34.99965 71.24374 109.5997 35.86093 71.18308 109.6093 35.86453 71.12438 109.6273 35.86796 71.06871 109.6532 35.86993 71.01721 109.6867 35.87283 70.97093 109.7269 35.87617 70.97089 109.7269 -35.00058 71.01716 109.6867 -35.00058 71.06867 109.6532 -35.00058 71.12432 109.6273 -35.00055 71.18302 109.6093 -35.00055 71.24368 109.5997 -35.00055 71.24368 75.69982 -35.00046 71.24368 75.69982 -35.00046 71.24367 58.43822 -33.4902 71.24367 58.43822 -33.4902 71.24367 57.81541 -33.36832 71.24367 57.23216 -33.11816 71.24367 56.71458 -32.75091 71.24367 56.28585 -32.28299 71.24367 55.96513 -31.73535 71.24367 55.76679 -31.13251 -71.80711 55.75241 30.50076 -71.80711 55.75239 -30.50147 -71.80711 55.81937 -31.13254 -71.80711 56.01771 -31.73538 -71.80711 56.33845 -32.28302 -71.80711 56.76724 -32.75094 -71.80711 57.28485 -33.11819 -71.80711 57.86814 -33.36828 -71.80711 58.4909 -33.49002 -71.80711 58.4909 -33.49002 -71.80711 75.75259 -35.00046 -71.80711 75.75259 -35.00046 -71.80714 109.5997 -35.00046 -71.80142 109.7343 -35.00046 -71.77531 109.8555 -35.00046 -71.70755 109.9504 -35.00046 -71.6116 110.029 -35.00046 -71.52114 110.1137 -35.00046 -71.52114 110.1137 35.87485 -71.6116 110.0291 35.87146 -71.70755 109.9505 35.86856 -71.77531 109.8556 35.86662 -71.80142 109.7343 35.86317 -71.80714 109.5997 35.8596 -71.80711 75.75251 34.99965 -71.80711 75.75251 34.99965 -71.80711 58.49082 33.48944 -71.80711 58.49082 33.48944 -71.80711 57.868 33.36755 -71.80711 57.28475 33.11737 -71.80711 56.7672 32.75009 -71.80711 56.33848 32.28213 -71.80711 56.01778 31.73448 -71.80711 55.81948 31.13162 -71.40713 55.75241 30.50076 -71.40713 55.75239 -30.50147 -71.40713 55.81937 -31.13254 -71.40713 56.01771 -31.73538 -71.40713 56.33845 -32.28302 -71.40713 56.76724 -32.75094 -71.40713 57.28485 -33.11819 -71.40713 57.86814 -33.36828 -71.40713 58.4909 -33.49002 -71.40713 58.4909 -33.49002 -71.40713 75.75259 -35.00046 -71.40713 75.75259 -35.00046 -71.40713 109.5997 -35.00046 -71.34646 109.6093 -35.00046 -71.28779 109.6273 -35.00046 -71.23211 109.6532 -35.00046 -71.1806 109.6867 -35.00046 -71.13432 109.7269 -35.00046 -71.13432 109.7269 35.87485 -71.1806 109.6867 35.87146 -71.23211 109.6533 35.86856 -71.28779 109.6273 35.86662 -71.34646 109.6093 35.86317 -71.40713 109.5997 35.8596 -71.40713 75.75251 34.99965 -71.40713 75.75251 34.99965 -71.40713 58.49082 33.48944 -71.40713 58.49082 33.48944 -71.40713 57.868 33.36755 -71.40713 57.28475 33.11737 -71.40713 56.7672 32.75009 -71.40713 56.33848 32.28213 -71.40713 56.01778 31.73448 -71.40713 55.81948 31.13162 -71.23611 16.817 0.4999237 -71.23611 93.58773 0.5000916 -71.23611 95.13292 0.6199951 -71.23611 96.641 0.9773865 -71.23611 98.07574 1.563522 -71.23611 99.40268 2.364334 -71.23611 100.5899 3.360535 -71.23611 101.609 4.528244 -71.23611 102.4354 5.839371 -71.23611 103.0493 7.262466 -71.23611 103.4359 8.763321 -71.23612 109.4569 35.90021 -71.23042 109.4881 36.03482 -71.20431 109.5183 36.15605 -71.13653 109.5353 36.25096 -71.04058 109.5606 36.32957 -70.95014 109.59 36.41424 -70.95014 0.827507 36.41426 -71.04058 0.8568497 36.3296 -71.13653 0.8821182 36.25101 -71.20431 0.8990402 36.15608 -71.23042 0.9291611 36.03485 -71.23612 0.9603653 35.90025 -71.23611 6.969101 8.763474 -71.23611 7.355808 7.262665 -71.23611 7.969666 5.839615 -71.23611 8.796021 4.528488 -71.23611 9.815049 3.360794 -71.23611 11.00224 2.364563 -71.23611 12.32912 1.563721 -71.23611 13.76381 0.9775696 -71.23611 15.27182 0.6200867 -70.8361 16.817 0.4999237 -70.8361 93.58773 0.5000916 -70.8361 95.13292 0.6199951 -70.8361 96.641 0.9773865 -70.8361 98.07574 1.563522 -70.8361 99.40268 2.364334 -70.8361 100.5899 3.360535 -70.8361 101.609 4.528244 -70.8361 102.4354 5.839371 -70.8361 103.0493 7.262466 -70.8361 103.4359 8.763321 -70.8361 109.4569 35.90021 -70.77546 109.4881 35.90982 -70.71675 109.5183 35.92781 -70.6611 109.5353 35.95376 -70.60958 109.5606 35.98724 -70.5633 109.59 36.02742 -70.5633 0.827507 36.02745 -70.60958 0.8568497 35.98727 -70.6611 0.8821182 35.95381 -70.71675 0.8990402 35.92784 -70.77546 0.9291611 35.90985 -70.8361 0.9603653 35.90025 -70.8361 6.969101 8.763474 -70.8361 7.355808 7.262665 -70.8361 7.969666 5.839615 -70.8361 8.796021 4.528488 -70.8361 9.815049 3.360794 -70.8361 11.00224 2.364563 -70.8361 12.32912 1.563766 -70.8361 13.76381 0.9775696 -70.8361 15.27182 0.6200867 -71.74771 54.70029 -30.50086 -71.74771 54.70029 30.50133 -71.74771 54.6333 31.1324 -71.74771 54.43495 31.73529 -71.74771 54.11421 32.28293 -71.74771 53.68544 32.75081 -71.74771 53.16781 33.11804 -71.74771 52.58453 33.36816 -71.74771 51.96178 33.48994 -71.74771 51.96178 33.48994 -71.74771 34.70009 35.00024 -71.74771 34.70009 35.00024 -71.74771 0.8000031 35.85353 -71.742 0.66539 35.85708 -71.71591 0.5441589 35.86049 -71.64813 0.4492493 35.86241 -71.55218 0.370636 35.86528 -71.46174 0.2859802 35.86862 -71.46174 0.2859802 -35.87643 -71.55218 0.370636 -35.87308 -71.64813 0.4492493 -35.87018 -71.71591 0.5441589 -35.86822 -71.742 0.66539 -35.86474 -71.74771 0.8000031 -35.86117 -71.74771 34.70019 -34.99982 -71.74771 34.70019 -34.99982 -71.74771 51.96188 -33.48956 -71.74771 51.96188 -33.48956 -71.74771 52.5847 -33.36764 -71.74771 53.16794 -33.11746 -71.74771 53.6855 -32.75018 -71.74771 54.11423 -32.28223 -71.74771 54.43492 -31.73459 -71.74771 54.63322 -31.13171 -71.34771 54.70029 -30.50086 -71.34771 54.70029 30.50133 -71.34771 54.6333 31.1324 -71.34771 54.43495 31.73529 -71.34771 54.11421 32.28293 -71.34771 53.68544 32.75081 -71.34771 53.16781 33.11804 -71.34771 52.58453 33.36816 -71.34771 51.96178 33.48994 -71.34771 51.96178 33.48994 -71.34771 34.70009 35.00024 -71.34771 34.70009 35.00024 -71.34771 0.8000031 35.85353 -71.28706 0.79039 35.85708 -71.22834 0.7723999 35.86049 -71.17268 0.7464447 35.86241 -71.12118 0.7129822 35.86528 -71.0749 0.6727905 35.86862 -71.0749 0.6727905 -35.87643 -71.12118 0.7129822 -35.87308 -71.17268 0.7464447 -35.87018 -71.22834 0.7723999 -35.86822 -71.28706 0.79039 -35.86474 -71.34771 0.8000031 -35.86117 -71.34771 34.70019 -34.99982 -71.34771 34.70019 -34.99982 -71.34771 51.96188 -33.48956 -71.34771 51.96188 -33.48956 -71.34771 52.5847 -33.36764 -71.34771 53.16794 -33.11746 -71.34771 53.6855 -32.75018 -71.34771 54.11423 -32.28223 -71.34771 54.43492 -31.73459 -71.34771 54.63322 -31.13171</float_array>
          <technique_common>
            <accessor source="#___ARD-geom-mesh-positions-array" count="2350" stride="3">
              <param name="X" type="float"/>
              <param name="Y" type="float"/>
              <param name="Z" type="float"/>
            </accessor>
          </technique_common>
        </source>
        <source id="___ARD-geom-mesh-normals">
          <float_array id="___ARD-geom-mesh-normals-array" count="7881">-0.7071087 0.7071049 -8.36502e-7 -0.7521831 0.6589543 1.0649e-5 -0.7070628 0.7071509 9.13194e-6 -0.7522404 0.6588888 -3.31982e-6 -0.6862708 0.7273462 1.0509e-5 -0.6862567 0.7273595 -4.84841e-7 -0.3984335 0.9171973 5.75936e-6 -0.3984175 0.9172042 -3.58683e-7 -0.123375 0.9923601 1.58465e-6 -0.1233697 0.9923608 -3.64318e-7 9.41707e-6 1 -4.74881e-6 -2.13534e-5 1 -2.40537e-6 0 0.7071035 -0.7071102 0 0.6589312 -0.7522033 -4.0977e-5 0.7070892 -0.7071244 0 0.658902 -0.7522289 0 0.7273466 -0.6862704 1.57012e-6 0.727346 -0.686271 -2.28766e-5 0.9172064 -0.3984124 0 0.9172059 -0.3984136 -7.03783e-6 0.9923601 -0.1233763 0 0.9923604 -0.1233732 -1.3367e-5 1 -1.48071e-5 2.03113e-6 1 -8.28132e-6 0.7071878 0.7070257 -7.27596e-7 0.7522113 0.6589221 -1.96753e-6 0.7071092 0.7071044 -4.62607e-7 0.7522602 0.6588661 1.55298e-7 0.6861788 0.727433 -6.47575e-7 0.6862881 0.7273299 -3.97675e-7 0.398366 0.9172266 0 0.3984553 0.9171879 2.01166e-7 0.1233847 0.9923589 -2.24423e-7 0.1233384 0.9923648 1.97208e-7 1.56387e-5 1 2.82808e-6 2.50041e-5 1 2.87049e-6 -4.74919e-6 0.7070417 0.7071719 -5.52312e-6 0.6589186 0.7522143 3.12898e-7 0.7071114 0.7071023 -1.36475e-7 0.6589147 0.7522178 -4.03142e-6 0.7273781 0.686237 6.00009e-7 0.7273349 0.6862828 8.96882e-7 0.917202 0.3984225 -2.3114e-6 0.9172241 0.3983718 -1.91883e-6 0.9923491 0.1234639 -6.70034e-7 0.9923643 0.1233416 1.4085e-5 1 7.05943e-6 -2.09208e-6 1 -2.563e-6 0 1 2.9107e-5 0 1 0 0 1 -2.22052e-4 0 1 -3.76651e-7 0 1 -3.31816e-7 0 1 -3.30103e-7 2.18296e-7 1 0 3.86296e-7 1 -2.44517e-7 7.31678e-7 1 -3.88786e-7 0 1 1.48715e-5 -6.09586e-6 1 -2.95211e-7 0 1 -8.36778e-7 0 1 -1.96001e-7 0 1 -4.76077e-5 0 1 1.54033e-4 0 1 -2.19196e-7 0 1 -1.43274e-6 -1.41205e-7 1 -4.14885e-7 0 1 -9.86473e-5 0 1 2.90973e-5 0.7069579 -6.20335e-5 0.7072556 0.7522485 -6.16908e-6 0.6588797 0.707166 2.42335e-5 0.7070477 0.7522618 -8.8545e-6 0.6588643 0.6862834 -4.43406e-4 0.7273342 0.6864423 -1.03292e-4 0.7271844 0.3983953 -8.09953e-5 0.9172139 0.398554 -7.58712e-5 0.917145 0.1232358 1.19086e-4 0.9923775 0.1233852 -5.8565e-5 0.9923589 2.17005e-4 9.28715e-6 1 -4.42043e-5 2.57561e-7 1 -1.08446e-5 -2.87592e-5 1 -5.5775e-5 -4.76893e-5 1 1.02962e-5 3.67314e-5 1 3.21127e-4 6.00517e-5 1 -5.05801e-5 -6.39558e-5 1 3.4337e-5 0 1 0 0 1 4.79383e-4 4.95354e-7 0.9999999 4.79383e-4 4.37343e-7 0.9999999 4.79383e-4 4.77361e-7 0.9999999 1.28899e-4 0 1 -4.08197e-4 3.17881e-7 1 -4.08175e-4 3.11775e-7 1 -4.08155e-4 3.52346e-7 1 4.10646e-4 2.96051e-7 1 4.10687e-4 2.99435e-7 1 4.10666e-4 3.59418e-7 1 -2.52301e-5 0 1 -6.47522e-5 0 1 3.75922e-5 0 1 -3.7093e-5 0 1 3.90103e-4 1.57597e-7 1 3.9009e-4 1.62168e-7 1 3.90092e-4 1.34853e-7 1 -8.12299e-5 0 1 -7.51282e-4 1.97178e-7 0.9999998 -7.5132e-4 0 0.9999998 -7.51313e-4 1.9095e-7 0.9999998 -5.92443e-4 1.96553e-7 0.9999998 -5.92469e-4 2.22397e-7 0.9999998 -5.92496e-4 2.68672e-7 0.9999998 -7.67014e-4 2.77651e-7 0.9999997 -7.67014e-4 2.18763e-7 0.9999997 -7.67014e-4 1.62458e-7 0.9999997 -2.48478e-4 0 1 0.002924203 4.29805e-7 0.9999958 0.002924203 5.61064e-7 0.9999958 0.002924203 0 0.9999958 -0.001677811 2.08733e-7 0.9999987 -0.001677811 2.78153e-7 0.9999987 -0.001677811 0 0.9999987 -0.001830637 0 0.9999984 -0.001830637 1.73866e-7 0.9999984 -0.001830756 2.8481e-7 0.9999984 0 4.77711e-5 1 0 4.77711e-5 1 0 4.77711e-5 1 0 4.77711e-5 1 0 4.77711e-5 1 0 4.77711e-5 1 -0.004218637 2.67755e-7 0.9999911 -0.00263673 2.89801e-7 0.9999966 -0.003499567 0 0.999994 0.003499567 0 0.999994 0.00450617 1.80742e-7 0.9999899 0.005513012 8.17468e-7 0.9999848 -0.008457124 -3.97442e-7 0.9999643 -0.006843745 -6.16186e-7 0.9999766 -0.007655799 -4.17655e-7 0.9999707 0.001078069 -7.28687e-5 0.9999994 0.001078069 5.99305e-5 0.9999994 0.001078069 1.57205e-4 0.9999994 -1.51743e-4 2.9927e-4 1 -1.68597e-4 2.9011e-4 1 1.72203e-4 2.87984e-4 1 0 4.77711e-5 1 0 4.77711e-5 1 0 4.77711e-5 1 -1.63224e-4 2.93167e-4 1 -1.68611e-4 2.90102e-4 1 1.72249e-4 2.87957e-4 1 3.22685e-5 1.23519e-5 1 4.96805e-5 -0.7522127 0.6589205 1.5907e-6 -0.7071107 0.707103 6.98939e-5 -6.54533e-6 1 3.61502e-5 -0.6863346 0.727286 1.59666e-5 -1.79797e-4 1 7.62939e-5 -0.3984994 0.9171686 -9.2864e-5 4.46676e-5 1 -7.33256e-4 -0.1234577 0.9923496 4.60118e-4 3.56212e-5 1 -2.97818e-5 -1.77398e-5 1 0 -0.7522276 0.6589034 0 -0.7071232 0.7070904 0 -0.686245 0.7273705 0 -0.3984285 0.9171994 0 -0.1233751 0.9923602 3.61762e-6 -2.18189e-5 1 -0.7070546 9.55164e-6 0.7071591 -0.7522492 -1.90735e-6 0.6588788 -0.7070001 -8.4222e-5 0.7072134 -0.7521863 2.78652e-6 0.6589505 -0.6863241 -3.40641e-4 0.7272958 -0.6862391 -7.48783e-7 0.7273761 -0.3979327 -0.001025259 0.9174141 -0.3983599 0 0.9172292 -0.1229693 -0.001448452 0.9924094 -0.1230221 1.15344e-6 0.992404 -1.74467e-4 -4.59887e-5 1 3.90194e-4 6.14277e-6 1 3.66159e-5 4.29526e-5 1 2.43783e-5 1.12994e-4 1 5.76093e-6 -6.31958e-4 0.9999999 -2.12854e-6 -1.62423e-4 1 -4.42313e-5 -0.001445412 0.9999991 -1.7733e-5 0 1 4.55539e-5 0 1 -5.28541e-5 0 1 5.05456e-4 2.75802e-7 1 5.05471e-4 1.63273e-7 1 5.05463e-4 2.35188e-7 1 3.74476e-5 0 1 3.35569e-4 2.13669e-7 1 3.35568e-4 2.31026e-7 1 3.35568e-4 2.10373e-7 1 -5.42623e-5 0 1 4.04498e-5 0 1 -5.79206e-5 0 1 2.49202e-4 1.98022e-7 1 2.4918e-4 1.94095e-7 1 2.49184e-4 1.73037e-7 1 2.17297e-4 0 1 3.57167e-4 1.60297e-7 1 3.57118e-4 2.13378e-7 1 3.57129e-4 1.71858e-7 1 -4.79384e-4 2.16809e-7 0.9999999 -4.79384e-4 1.78479e-7 0.9999999 -4.79383e-4 2.08493e-7 0.9999999 -9.58767e-4 1.32321e-7 0.9999997 -9.58767e-4 0 0.9999997 -9.58767e-4 1.44268e-7 0.9999997 0.001377463 0 0.9999991 0.001377582 1.55236e-7 0.9999991 0.001377582 3.3516e-7 0.9999991 3.50631e-4 0 1 -9.10033e-5 2.34336e-5 1 -1.20848e-4 0.7522712 0.6588537 -2.27988e-5 0.7071775 0.7070361 -7.34814e-6 4.76127e-5 1 3.75509e-5 0.6862 0.727413 -8.43592e-5 -1.45182e-5 1 -7.47442e-5 0.3985285 0.9171561 -3.74019e-6 1.47955e-5 1 -2.04444e-4 0.1234599 0.9923496 -2.22877e-4 -3.86443e-5 1 9.83477e-6 2.04891e-6 1 3.44217e-5 0.7521657 0.658974 3.93378e-6 0.7070708 0.7071428 -4.42505e-4 0.6859316 0.7276659 -3.42488e-4 0.3981022 0.917341 0.002255082 0.1227852 0.9924308 -7.68714e-6 8.06525e-6 1 2.56188e-5 2.32671e-5 1 2.30386e-6 2.61366e-5 1 -7.23638e-6 5.39173e-5 1 -5.37485e-5 1.86018e-5 1 9.36121e-4 -8.20709e-5 0.9999996 3.05939e-4 0 1 -0.001974284 2.50839e-7 0.9999982 -0.001974284 0 0.9999981 -0.001974165 0 0.9999982 0.003187835 3.65195e-7 0.999995 0.003187596 2.20822e-7 0.999995 0.003187537 3.71016e-7 0.999995 6.03318e-4 0 0.9999998 0.003595352 4.16388e-7 0.9999936 0.003595352 -1.91158e-7 0.9999936 0.003595352 0 0.9999936 -0.005127966 5.56247e-7 0.9999869 -0.005127966 7.58795e-7 0.9999868 -0.005127549 5.04137e-7 0.9999869 -6.46073e-4 0 0.9999998 -0.003470063 0 0.999994 -0.003470063 2.25962e-7 0.999994 -0.003470242 -2.23052e-7 0.999994 5.38606e-4 1.26194e-7 0.9999999 5.38613e-4 2.51675e-7 0.9999999 5.3862e-4 1.88709e-7 0.9999999 -6.31343e-4 1.5476e-7 0.9999998 -6.31346e-4 1.49026e-7 0.9999998 -6.31319e-4 1.19529e-7 0.9999998 7.67014e-4 1.33718e-7 0.9999997 7.67014e-4 1.64451e-7 0.9999997 7.67014e-4 1.55822e-7 0.9999997 -9.58767e-4 1.85562e-7 0.9999997 -9.58767e-4 2.12836e-7 0.9999997 -9.58767e-4 2.28785e-7 0.9999997 -5.84076e-4 1.72382e-7 0.9999998 -5.84089e-4 1.96989e-7 0.9999998 -5.84104e-4 2.33587e-7 0.9999998 0.001773715 1.7471e-7 0.9999985 0.001773715 0 0.9999985 0.001773715 2.42842e-7 0.9999985 1.24953e-4 0 1 6.65202e-4 1.54076e-7 0.9999999 6.6522e-4 1.3251e-7 0.9999999 6.65146e-4 2.75701e-7 0.9999999 -1.16648e-5 0 1 1.73756e-5 0 1 -7.05444e-4 2.00846e-7 0.9999998 -7.05438e-4 1.96305e-7 0.9999998 -7.05424e-4 1.34547e-7 0.9999998 8.46262e-4 2.60334e-7 0.9999997 8.4623e-4 2.23896e-7 0.9999997 8.46313e-4 1.76748e-7 0.9999997 -2.46111e-5 0 1 -7.67014e-4 2.17915e-7 0.9999997 -7.67014e-4 1.79629e-7 0.9999997 -7.67014e-4 2.67188e-7 0.9999997 -4.32687e-4 2.1272e-7 1 -4.32681e-4 2.08383e-7 1 -4.32701e-4 2.1547e-7 1 -2.10627e-5 0 1 5.05515e-4 4.06042e-7 0.9999999 5.0552e-4 3.60837e-7 0.9999999 5.05529e-4 3.55489e-7 0.9999999 -4.89706e-4 0 0.9999999 -4.89704e-4 1.28577e-7 0.9999999 -4.89701e-4 1.85391e-7 0.9999999 -1.05396e-4 0 1 -7.40872e-6 0 1 5.37641e-4 1.66649e-7 0.9999999 5.37615e-4 1.89204e-7 0.9999999 5.37638e-4 2.00533e-7 0.9999999 1.40639e-5 0 1 6.38179e-5 1.86801e-4 1 -1.45121e-4 -2.16991e-4 1 9.88599e-5 -1.05947e-4 1 1.43152e-4 1.91242e-4 1 -9.44175e-5 1.69873e-6 1 0 1.40247e-7 1 0 1.40247e-7 1 3.35569e-4 1.9947e-7 1 3.35569e-4 2.01762e-7 1 3.35568e-4 1.77155e-7 1 -0.001965463 3.36848e-7 0.9999981 -0.001965463 0 0.9999981 -0.001965463 0 0.9999981 0 1.39716e-7 1 8.51974e-6 0.7072569 -0.7069566 9.30932e-5 0.7522169 -0.6589158 8.33807e-5 0.7071166 -0.707097 -8.57748e-7 0.7522811 -0.6588424 8.65124e-5 0.6862526 -0.7273634 -3.45707e-6 0.6862471 -0.7273685 4.92074e-5 0.3983665 -0.9172264 1.16974e-6 0.3985023 -0.9171674 1.58022e-5 0.123355 -0.9923626 2.83588e-7 0.1234009 -0.992357 -3.8743e-7 3.24319e-5 -1 0 1.82241e-5 -1 4.12865e-5 0 -1 2.06543e-5 0 -1 5.35137e-6 0 -1 0 0 -1 -5.70763e-6 0 -1 3.12217e-7 0 -1 5.20662e-4 -8.20015e-7 -0.9999999 5.20654e-4 -8.60018e-7 -0.9999999 5.20651e-4 -8.42614e-7 -0.9999999 2.4982e-6 0 -1 1.23256e-5 0 -1 -4.58571e-6 -0.7070993 -0.7071144 1.4416e-4 -0.6588306 -0.7522915 8.13114e-5 -0.7071094 -0.7071042 2.09434e-7 -0.6588762 -0.7522514 7.94663e-5 -0.7273263 -0.6862918 -2.09618e-7 -0.7273592 -0.686257 4.61896e-5 -0.9172065 -0.3984123 -2.29168e-6 -0.9171984 -0.3984309 1.61613e-5 -0.9923665 -0.1233239 -6.33333e-7 -0.992361 -0.1233686 1.96094e-6 -1 -1.19582e-6 -2.0962e-6 -1 -1.19582e-6 -0.707114 -0.7070996 3.48198e-7 -0.7520084 -0.6591535 2.12325e-6 -0.7070018 -0.7072118 -4.69272e-7 -0.7522641 -0.6588618 4.71777e-7 -0.6862868 -0.7273311 0 -0.6863356 -0.7272851 1.53996e-7 -0.3984458 -0.9171919 0 -0.3984715 -0.9171807 0 -0.1233801 -0.9923596 9.79955e-7 -0.1232951 -0.9923701 0 -1.06372e-6 -1 7.29691e-7 -1.18129e-5 -1 2.01598e-6 0 -0.7071138 0.7070999 -3.76701e-5 -0.6589026 0.7522284 -5.73993e-5 -0.7071142 0.7070994 0 -0.6589475 0.7521889 -3.51697e-4 -0.7273037 0.6863157 0 -0.7273539 0.6862626 -2.36929e-5 -0.9172182 0.3983853 0 -0.9171905 0.398449 1.33701e-5 -0.992363 0.1233518 0 -0.9923572 0.1233989 -5.99213e-6 -1 2.17874e-5 2.03111e-6 -1 5.99027e-6 0.7070904 -0.7071232 0 0.7521937 -0.6589421 0 0.7071183 -0.7070954 -4.05116e-7 0.752175 -0.6589634 2.73989e-6 0.6862419 -0.7273734 1.59082e-7 0.6862531 -0.7273629 -2.93745e-7 0.3984307 -0.9171985 1.46261e-7 0.3983981 -0.9172127 0 0.1233037 -0.992369 0 0.1236534 -0.9923255 8.09654e-7 7.66158e-6 -1 1.23621e-6 -4.89503e-6 -1 1.09642e-6 0 -1 0 -2.43187e-5 -1 8.50484e-6 -4.69089e-5 -1 -6.35535e-5 1.84421e-5 -1 -4.06653e-5 -0.7071244 -1.60979e-4 -0.7070893 -0.7521762 -2.79069e-4 -0.6589621 -0.7069897 -9.63667e-5 -0.7072238 -0.7521854 -1.72796e-4 -0.6589514 -0.6864172 -3.77208e-4 -0.7272079 -0.6862988 -1.5853e-4 -0.7273197 -0.3984656 -6.85453e-6 -0.9171834 -0.3985905 -9.15371e-5 -0.917129 -0.1232293 -1.68085e-5 -0.9923782 -0.1234614 -2.81358e-5 -0.9923495 -5.78963e-5 -6.89551e-6 -1 -7.92928e-5 -2.31675e-6 -1 3.77721e-5 -6.00442e-5 -1 7.6592e-5 -1.84048e-5 -1 -1.72569e-4 -4.92036e-5 -1 1.59959e-4 1.09524e-4 -1 -3.76403e-5 -6.34789e-5 -1 -3.02218e-4 2.68723e-7 -1 -3.02232e-4 2.25125e-7 -1 -3.02225e-4 2.52723e-7 -1 2.48124e-5 0 -1 3.1107e-4 1.5246e-7 -1 3.1106e-4 1.56695e-7 -1 3.11065e-4 1.50671e-7 -1 -5.7526e-4 2.20864e-7 -0.9999998 -5.7526e-4 2.1125e-7 -0.9999998 -5.7526e-4 1.71356e-7 -0.9999998 -5.22788e-5 0 -1 5.7526e-4 2.34315e-7 -0.9999998 5.7526e-4 2.47004e-7 -0.9999998 5.7526e-4 1.88738e-7 -0.9999998 3.84349e-5 0 -1 -5.51504e-5 0 -1 4.79384e-4 2.31288e-7 -1 4.79384e-4 2.26282e-7 -1 4.79384e-4 1.94086e-7 -1 -5.53025e-5 0 -1 4.79384e-4 1.59896e-7 -0.9999999 4.79384e-4 1.32219e-7 -0.9999999 4.79384e-4 1.30181e-7 -0.9999999 -6.71137e-4 2.00118e-7 -0.9999998 -6.71137e-4 2.07088e-7 -0.9999998 -6.71137e-4 2.39757e-7 -0.9999998 8.13307e-5 0 -1 -9.58767e-4 0 -0.9999997 -9.58767e-4 1.79527e-7 -0.9999997 -9.58767e-4 2.49827e-7 -0.9999997 -9.58767e-4 2.77621e-7 -0.9999997 -9.58767e-4 1.76893e-7 -0.9999997 -9.58767e-4 1.60755e-7 -0.9999997 0.0015046 1.98197e-7 -0.9999989 0.001504361 0 -0.9999989 0.001504421 0 -0.9999989 1.2219e-4 2.19643e-5 -1 2.58595e-4 -0.7522078 -0.6589261 1.12653e-4 -0.7071215 -0.7070921 7.00056e-5 -2.41533e-4 -1 -5.28403e-4 -0.6863238 -0.7272959 2.23517e-6 2.46577e-4 -1 -3.26633e-4 -0.398468 -0.9171822 4.0859e-4 -9.5278e-5 -1 6.59227e-4 -0.1233896 -0.9923581 3.08126e-4 -1.16497e-4 -1 5.98655e-6 -2.44528e-5 -1 4.73499e-4 -0.7524141 -0.6586903 -3.47046e-5 -0.7071574 -0.7070562 8.17239e-4 -0.6863347 -0.7272855 -5.23388e-4 -0.3986208 -0.9171158 6.50957e-4 -0.123521 -0.9923418 -1.33347e-5 -1.30002e-5 -1 6.89551e-5 2.42229e-5 -1 -2.5705e-5 3.46899e-5 -1 -5.75781e-5 1.62642e-5 -1 4.43399e-4 -2.45939e-5 -1 -2.79218e-4 1.19566e-4 -1 -4.79384e-4 1.52999e-7 -0.9999999 -4.79384e-4 1.74448e-7 -0.9999999 -4.79384e-4 1.41736e-7 -0.9999999 -5.72478e-4 0 -1 -5.72493e-4 1.92333e-7 -1 -5.72508e-4 0 -1 -1.30503e-4 0 -1 7.67014e-4 2.89758e-7 -0.9999997 7.67014e-4 1.68278e-7 -0.9999997 7.67014e-4 1.58092e-7 -0.9999997 0.00124222 2.13724e-7 -0.9999993 0.00124222 1.30036e-7 -0.9999992 0.00124228 2.51282e-7 -0.9999992 -0.002342402 2.04647e-7 -0.9999973 -0.002342402 0 -0.9999973 -0.002342343 3.94823e-7 -0.9999973 -5.7526e-4 2.10828e-7 -0.9999998 -5.7526e-4 2.08151e-7 -0.9999998 -5.7526e-4 1.50743e-7 -0.9999998 -4.02975e-4 2.40179e-7 -1 -4.02983e-4 3.0105e-7 -1 -4.03006e-4 3.14787e-7 -1 5.70049e-4 0 -1 5.70066e-4 1.25234e-7 -0.9999999 5.70022e-4 1.84431e-7 -1 7.54256e-5 0 -1 -0.001486063 3.66097e-7 -0.999999 -0.001486063 2.40165e-7 -0.999999 -0.001486063 1.74856e-7 -0.999999 -1.06295e-4 0 -1 -7.67014e-4 2.19879e-7 -0.9999997 -7.67014e-4 1.79396e-7 -0.9999997 -7.67014e-4 2.23314e-7 -0.9999997 3.56226e-5 0 -1 -4.15214e-4 1.94181e-7 -1 -4.15205e-4 1.75522e-7 -1 -4.15185e-4 1.69704e-7 -1 5.61733e-5 0 -1 2.93654e-4 1.8577e-7 -1 2.93649e-4 1.99037e-7 -1 2.93639e-4 2.08966e-7 -1 7.67014e-4 1.86963e-7 -0.9999997 7.67014e-4 1.49885e-7 -0.9999997 7.67014e-4 0 -0.9999997 5.9089e-5 0 -1 -5.70475e-5 0 -1 4.61545e-5 8.95262e-5 -1 0.7521854 5.25713e-5 -0.6589515 0.7070622 4.75198e-5 -0.7071514 -1.15935e-4 -9.77516e-6 -1 0.6864165 9.47714e-6 -0.7272087 -1.10067e-4 -1.07288e-6 -1 0.3985506 2.1619e-4 -0.9171463 -1.10339e-4 1.91033e-5 -1 0.1234063 6.01262e-5 -0.9923563 1.93866e-4 -4.09484e-5 -1 1.22894e-4 -5.1601e-6 -1 0.7522265 1.78756e-7 -0.6589047 0.707134 -7.07167e-7 -0.7070797 0.6860826 0 -0.7275238 0.3980529 -2.03843e-7 -0.9173625 0.1231727 0 -0.9923853 5.44853e-5 1.35042e-6 -1 0 2.83318e-7 -1 -1.42242e-5 2.83677e-7 -1 0 2.82555e-7 -1 0 2.81528e-7 -1 0 2.81528e-7 -1 0 2.82555e-7 -1 -1.4221e-5 2.83654e-7 -1 3.90801e-6 2.83309e-7 -1 -0.7070456 -1.22882e-4 -0.7071679 -0.6591426 -1.12716e-4 -0.752018 -0.7074507 -1.2231e-4 -0.7067627 -0.658841 -1.13169e-4 -0.7522823 -0.7273802 -1.2863e-4 -0.6862348 -0.7272214 -1.28275e-4 -0.686403 -0.9172298 -1.74701e-4 -0.3983587 -0.917171 -1.74114e-4 -0.3984937 -0.9923617 -1.9786e-4 -0.1233626 -0.9923621 -1.96536e-4 -0.1233592 -1 -2.0392e-4 1.94545e-5 -1 -2.01177e-4 -9.05618e-6 -1 -1.64451e-4 6.11271e-6 -1 -2.7626e-4 -6.57669e-5 -1 -2.46647e-4 -5.77074e-6 -1 -2.2095e-4 -1.9116e-6 -1 -2.04557e-4 -1.65351e-6 -1 -2.26116e-4 -1.22604e-4 -1 -2.04332e-4 0 -1 -2.00185e-4 -5.73876e-6 -1 -2.01091e-4 8.80355e-7 -1 -2.0269e-4 7.16781e-7 -1 -2.02774e-4 2.80855e-7 -1 -3.69996e-4 1.75365e-4 -1 -1.51951e-4 -2.55685e-5 -1 -2.05539e-4 -2.89415e-6 -1 -2.48662e-4 -7.18004e-6 -1 -1.63014e-4 -2.39666e-5 -1 -2.15802e-4 -1.26948e-6 -1 -2.18522e-4 1.02834e-5 -1 -1.8718e-4 -2.01236e-5 -1 -2.04552e-4 5.36346e-7 0.7070436 8.7684e-7 0.70717 0.6590532 5.11413e-7 0.7520964 0.7072152 -9.65137e-7 0.7069984 0.6587896 0 0.7523272 0.7273889 0 0.6862255 0.7272328 0 0.6863909 0.9171958 -7.08271e-7 0.398437 0.9172378 0 0.3983402 0.9923567 -7.5181e-7 0.123403 0.9923584 4.50527e-7 0.1233891 1 -3.01004e-6 4.09239e-5 1 -2.50447e-6 3.35723e-5 1 0 0 1 -2.07229e-5 0 1 4.11138e-5 0 1 -3.19666e-6 0 1 9.4607e-7 0 1 -2.14012e-6 0 1 4.11033e-5 0 1 -4.11101e-5 0 1 1.38183e-5 0 1 -7.56756e-6 0 0.7074416 7.67875e-7 -0.7067719 0.6587452 -2.35857e-7 -0.7523662 0.7069681 -1.68696e-6 -0.7072455 0.6591382 2.38826e-7 -0.7520218 0.7271651 2.87779e-7 -0.6864627 0.7274803 -3.72937e-7 -0.6861286 0.9171791 6.17932e-7 -0.3984754 0.9172813 -4.787e-7 -0.39824 0.9923644 0 -0.1233409 0.99236 0 -0.1233766 1 2.52202e-6 -6.81805e-5 1 -2.90382e-6 -2.99439e-5 1 4.11192e-5 0 1 -1.38134e-5 0 1 -3.19637e-6 0 1 -1.89195e-6 0 1 1.31688e-6 0 1 1.61301e-6 3.30942e-7 1 0 2.1552e-7 1 4.11122e-5 0 1 -2.05535e-5 0 1 1.05361e-5 0 1 -2.27392e-6 3.499e-7 0.7070413 -0.7071723 1.32236e-6 0.659017 -0.7521281 0 0.7071751 -0.7070386 -1.15322e-6 0.6589018 -0.752229 0 0.727403 -0.6862106 0 0.7273806 -0.6862342 0 0.9172095 -0.3984054 -2.44807e-7 0.9172593 -0.3982908 -1.53959e-7 0.992354 -0.1234246 -4.95187e-7 0.9923689 -0.123304 2.38375e-7 1 -4.07416e-5 3.24566e-7 1 -2.82004e-5 1.44443e-7 1 4.50146e-5 0 1 5.89968e-6 0 1 0 -4.40313e-7 1 -1.52117e-5 0 1 6.37572e-6 0 1 -5.90134e-6 0 1 0 4.40281e-7 1 5.23155e-7 0 1 5.59426e-7 0 0.7070719 0.7071418 -2.46603e-6 0.6589599 0.7521782 0 0.7070982 0.7071155 -2.15651e-7 0.6590321 0.752115 -4.26898e-7 0.7273762 0.686239 -2.40423e-7 0.7273436 0.6862736 -3.33439e-7 0.9171859 0.3984598 -7.13199e-7 0.9172046 0.3984167 -5.68369e-7 0.9923523 0.1234384 1.58938e-6 0.9923712 0.1232858 -6.65663e-7 1 7.29561e-5 1.27309e-6 1 -2.13087e-5 1.8592e-6 1 -9.00333e-5 0 1 1.27535e-5 0 1 -8.99255e-5 0 1 6.43142e-7 4.40313e-7 1 0 -7.50405e-7 1 -4.50268e-5 0 1 -7.61858e-6 0 1 6.37694e-6 0 1 -5.90131e-6 0 1 3.21549e-7 0 1 -7.84732e-7 -7.62939e-7 1 3.74872e-7 -7.62938e-7 1 0 -8.61331e-7 -0.707086 0.7071276 -2.17369e-7 -0.6589007 0.7522299 -5.29137e-7 -0.707125 0.7070887 5.25488e-7 -0.6589154 0.7522172 -3.25768e-7 -0.7273703 0.6862452 -3.2661e-7 -0.7274255 0.6861867 -3.35526e-7 -0.9171209 0.3986092 -3.52346e-7 -0.9172952 0.3982082 -1.73486e-7 -0.9923524 0.1234372 1.24594e-7 -0.9923635 0.1233477 0 -1 -1.02604e-4 -1.31561e-6 -1 2.35528e-4 2.03175e-6 -1 -4.50025e-5 0 -1 -2.45543e-4 0 -1 -2.4553e-4 0 -1 -2.45521e-4 0 -1 0 0 -1 -7.61754e-6 0 -1 -5.90207e-6 0 -1 -3.21549e-7 0 -1 3.4877e-7 0 -1 -8.1434e-7 0 -1 -1.23652e-6 0 -0.7071475 3.60422e-7 0.7070661 -0.6589388 -1.50874e-7 0.7521967 -0.7071474 1.20339e-6 0.7070663 -0.6589798 3.73111e-7 0.7521607 -0.727322 1.02213e-6 0.6862964 -0.7273488 -6.43428e-7 0.686268 -0.9172303 1.21817e-6 0.3983577 -0.9171755 -7.94418e-7 0.3984837 -0.9923616 1.16532e-6 0.1233637 -0.9923648 -6.42845e-7 0.123338 -1 3.71411e-6 4.39431e-5 -1 8.40627e-7 -8.6762e-6 -1 4.11185e-5 0 -1 -6.39365e-6 0 -1 -2.05619e-5 0 -1 7.56845e-6 0 -1 -1.05366e-5 0 -1 -1.12204e-6 -6.90607e-7 -1 0 -4.31035e-7 -1 0 -4.31038e-7 -1 2.07223e-5 0 -1 -3.19639e-6 0 -1 -1.02773e-5 0 -1 -9.45975e-7 0 -1 7.07798e-6 0 -1 0 -6.90914e-7 -0.7071501 -0.7070635 -2.19367e-6 -0.6589703 -0.752169 0 -0.7070302 -0.7071834 5.49938e-7 -0.6589844 -0.7521567 0 -0.7274134 -0.6861996 0 -0.7273967 -0.6862173 0 -0.9171911 -0.3984476 -2.29513e-7 -0.9172 -0.3984273 -2.82365e-7 -0.9923602 -0.1233752 0 -0.992366 -0.1233274 -1.31971e-7 -1 4.94194e-6 1.29163e-6 -1 1.13215e-4 1.44444e-6 -1 -4.50227e-5 0 -1 9.00293e-5 0 -1 5.9e-6 0 -1 -6.43118e-7 0 -1 -8.00424e-7 0 -1 -4.50248e-5 0 -1 1.52367e-5 0 -1 6.37702e-6 0 -1 9.01073e-5 0 -1 -5.90197e-6 0 -1 3.21546e-7 0 -1 4.35963e-7 0 -1 4.01689e-7 0 0.7069971 -0.7072165 -3.17488e-6 0.7987322 -0.6016867 -1.07288e-5 0.7069641 -0.7072495 4.91603e-6 0.7987096 -0.6017168 -1.32163e-5 0.8745921 -0.4848597 -5.39217e-6 0.874619 -0.484811 2.69634e-6 0.9335314 -0.3584959 -1.33011e-5 0.9334416 -0.3587296 3.1582e-6 0.9743703 -0.2249506 -1.95317e-5 0.9742677 -0.225394 8.94892e-7 3.13208e-4 -1 8.70091e-6 -2.20157e-5 -1 2.58237e-5 4.70741e-5 -0.7070761 0.7071375 0 -0.6017677 0.7986713 3.359e-6 -0.707081 0.7071326 2.8184e-7 -0.6014829 0.7988857 5.12773e-5 -0.4848049 0.8746223 0 -0.484683 0.8746899 0 -0.358516 0.9335237 0 -0.3585001 0.9335297 5.86995e-5 -0.2253068 0.9742879 0 -0.2254704 0.9742501 1.97686e-5 -1 -4.50611e-5 0 -1 -2.05189e-5 -0.7071195 -0.7070941 -1.70665e-6 -0.7987713 -0.6016348 1.89013e-6 -0.7071025 -0.7071111 -6.90622e-7 -0.798717 -0.6017071 1.01982e-5 -0.8746339 -0.4847842 3.05223e-6 -0.8746449 -0.4847643 8.79983e-7 -0.9335457 -0.3584583 5.63377e-7 -0.9334864 -0.3586128 9.07108e-7 -0.9743198 -0.2251691 1.17267e-6 -0.9742806 -0.2253386 0 3.62098e-5 -1 3.55387e-5 2.66153e-5 -1 -2.15769e-5 1.99638e-5 -0.7070984 -0.7071152 1.68547e-5 -0.6017334 -0.7986971 1.63282e-6 -0.7070863 -0.7071272 0 -0.6016867 -0.7987322 1.56472e-5 -0.484987 -0.8745214 0 -0.4848485 -0.8745982 1.45168e-5 -0.3585286 -0.9335188 4.35967e-6 -0.3585723 -0.933502 1.19738e-5 -0.2252042 -0.9743116 -1.16717e-6 -0.225315 -0.974286 1.71194e-6 -1 6.86944e-6 8.39701e-7 -1 4.91738e-7 0 -1 -1.09151e-5 0 -1 2.67423e-5 -1.97328e-7 -1 3.76645e-7 0 -1 1.3273e-6 -1.75293e-7 -1 6.6023e-7 -3.63843e-7 -1 7.57099e-7 -6.43802e-7 -1 4.89015e-7 -1.21962e-6 -1 3.88759e-7 1.01605e-5 -1 7.38031e-7 0 -1 9.79885e-7 0 -1 5.88002e-7 0 -1 -7.71414e-6 0 -1 1.00492e-4 0 -1 6.93542e-7 0 -1 3.82029e-6 2.35342e-7 -1 4.14885e-7 0 -0.9999988 -0.001578509 -0.7073009 -1.29822e-5 -0.7069126 -0.7987504 5.25287e-5 -0.6016626 -0.7069376 -5.2963e-5 -0.7072761 -0.7986782 -6.27637e-5 -0.6017585 -0.87461 2.99078e-5 -0.4848273 -0.8745706 -5.67138e-5 -0.4848985 -0.9335806 8.15476e-5 -0.3583678 -0.933457 -9.2268e-5 -0.3586896 -0.9742987 1.61865e-5 -0.2252602 -0.9742689 -3.46303e-5 -0.2253891 4.91291e-5 7.89775e-5 -1 8.72035e-5 -1.80274e-4 -1 -3.68981e-5 6.7018e-5 -1 -2.90666e-5 6.4522e-5 -1 3.75125e-6 3.35872e-5 -1 1.20677e-5 3.6329e-5 -1 -2.79068e-5 2.50489e-5 -1 3.4337e-5 0 -1 2.75377e-6 0 -1 -4.22956e-6 0 -1 -3.35569e-4 -1.60857e-7 -1 -3.35569e-4 -1.82394e-7 -1 -3.35569e-4 -1.50671e-7 -1 3.07378e-4 -1.63956e-7 -1 3.07372e-4 -2.1201e-7 -1 3.07366e-4 -1.98663e-7 -1 1.81191e-5 0 -1 8.90099e-6 0 -1 -8.58966e-6 0 -1 -3.23761e-5 0 -1 3.75922e-5 0 -1 -7.4186e-5 0 -1 4.55722e-4 -2.77185e-7 -1 4.55716e-4 -2.75293e-7 -1 4.55709e-4 -2.47441e-7 -1 1.33121e-5 0 -1 -5.23129e-5 0 -1 -2.85088e-4 -1.98052e-7 -1 -2.85081e-4 -1.30713e-7 -1 -2.85099e-4 -1.45315e-7 -1 -4.24853e-4 -2.90358e-7 -1 -4.2485e-4 -2.02228e-7 -1 -4.24869e-4 -2.49798e-7 -1 4.09417e-4 -3.60262e-7 -1 4.09402e-4 -3.98126e-7 -1 4.09388e-4 -3.53451e-7 -1 4.0615e-5 0 -1 -4.79384e-4 -1.84766e-7 -0.9999999 -4.79383e-4 -2.14059e-7 -0.9999999 -4.79384e-4 -1.92769e-7 -0.9999999 7.51296e-4 -1.67656e-7 -0.9999998 7.5129e-4 -2.29018e-7 -0.9999998 7.51328e-4 -1.86672e-7 -0.9999998 -4.28217e-4 -2.11803e-7 -1 -4.28228e-4 -2.23095e-7 -1 -4.28238e-4 -2.14641e-7 -1 8.62891e-4 -1.34143e-7 -0.9999997 8.6289e-4 -2.00089e-7 -0.9999997 8.6289e-4 -2.33471e-7 -0.9999997 -7.67014e-4 -1.55094e-7 -0.9999997 -7.67014e-4 -1.41532e-7 -0.9999997 -7.67014e-4 -1.69297e-7 -0.9999997 -1.24239e-4 0 -1 6.2363e-4 -1.74985e-7 -0.9999998 6.23624e-4 -1.7487e-7 -0.9999999 6.23658e-4 -1.29352e-7 -0.9999998 1.42415e-4 0 -1 -0.001619875 -3.52709e-7 -0.9999987 -0.001619815 -3.04528e-7 -0.9999987 -0.001619756 -1.84926e-7 -0.9999987 1.02201e-4 0 -1 -4.01629e-4 0 -1 -3.87498e-4 0 -1 -9.09142e-4 -2.45273e-7 -0.9999997 -8.00185e-4 0 -0.9999998 -0.0010221 0 -0.9999995 0.003212034 -4.27812e-7 -0.9999949 0.002924263 0 -0.9999958 0.00263673 -6.45581e-7 -0.9999966 -0.002313017 0 -0.9999973 -0.001713395 -2.28523e-7 -0.9999986 -0.002767443 -3.82064e-7 -0.9999962 0.005513012 0 -0.9999848 0.004649937 0 -0.9999892 0.003499567 0 -0.999994 -0.004006683 -1.9047e-7 -0.9999921 -0.003598272 -8.80566e-7 -0.9999936 -0.004417479 -8.82159e-7 -0.9999903 -0.00296241 -1.60113e-6 -0.9999957 -0.003152668 -1.64146e-7 -0.9999951 -0.003594696 -9.62755e-7 -0.9999936 0.002492964 0 -0.9999969 0.002492964 -1.88971e-7 -0.9999969 0.002348959 0 -0.9999973 0 -4.77711e-5 -1 0 -4.77711e-5 -1 0 -4.77711e-5 -1 -0.002301812 -5.80231e-5 -0.9999974 -0.002301812 2.08934e-5 -0.9999974 -0.002301812 -1.06661e-4 -0.9999974 3.66569e-5 0.7071107 -0.707103 1.86265e-7 0.7987397 -0.6016768 3.60087e-5 6.4671e-5 -1 -1.32099e-5 5.03713e-5 -1 -2.32905e-5 0.8746359 -0.4847805 -1.30676e-4 3.39195e-5 -1 -3.89861e-5 0.9335282 -0.3585041 -2.05487e-4 -3.01567e-5 -1 -6.59116e-5 0.9742841 -0.2253235 3.78266e-5 -4.25344e-5 -1 1.96993e-5 4.06364e-5 -1 3.35448e-6 0.707117 -0.7070966 0 0.7987412 -0.6016749 0 0.8745681 -0.4849028 0 0.9334433 -0.3587252 0 0.9742766 -0.2253561 -8.40268e-6 -3.07262e-5 -1 0.7067636 -8.40122e-5 -0.7074497 0.7986082 -5.38047e-5 -0.6018514 0.707201 1.91789e-6 -0.7070126 0.7986413 1.73226e-7 -0.6018075 0.8746547 -4.55326e-5 -0.4847468 0.8746426 -1.43424e-6 -0.4847685 0.9335059 -4.8115e-5 -0.3585621 0.9335372 -6.02007e-6 -0.3584806 0.9742912 -5.57242e-5 -0.2252925 0.9743115 -3.57628e-7 -0.2252044 3.30359e-5 1.30631e-4 -1 1.34379e-4 -2.62558e-5 -1 -4.94961e-5 -1.35563e-5 -1 1.79012e-5 -3.18848e-5 -1 3.78172e-5 3.38927e-5 -1 -3.8186e-5 1.52495e-4 -1 3.75187e-5 3.44478e-5 -1 -3.54711e-5 0 -1 -1.42356e-5 0 -1 1.74679e-5 0 -1 3.23093e-4 -1.74521e-7 -1 3.23095e-4 -1.99439e-7 -1 3.23098e-4 -1.75896e-7 -1 -3.6808e-5 0 -1 -3.52977e-4 -1.43671e-7 -1 -3.5298e-4 -1.74179e-7 -1 -3.52984e-4 -1.83973e-7 -1 3.35569e-4 -1.91576e-7 -1 3.35569e-4 -2.01901e-7 -1 3.35569e-4 -2.01151e-7 -1 3.89088e-4 -3.31856e-7 -1 3.8908e-4 -3.12662e-7 -1 3.89068e-4 -2.86193e-7 -1 -7.98212e-5 0 -1 -1.43152e-5 0 -1 7.43218e-5 0 -1 -3.78759e-4 -2.25284e-7 -1 -3.78757e-4 -1.85275e-7 -1 -3.78768e-4 -1.69835e-7 -1 -4.22273e-4 -1.9891e-7 -1 -4.2226e-4 -2.08936e-7 -1 -4.22248e-4 -2.27621e-7 -1 6.81854e-4 -1.26995e-7 -0.9999998 6.81845e-4 -2.26224e-7 -0.9999998 6.81893e-4 -2.2896e-7 -0.9999998 -3.35568e-4 -2.06155e-7 -1 -3.35568e-4 -2.09406e-7 -1 -3.35568e-4 -2.3091e-7 -1 1.15955e-4 0 -1 6.71137e-4 -2.40612e-7 -0.9999998 6.71137e-4 -2.29164e-7 -0.9999998 6.71137e-4 -1.96422e-7 -0.9999998 -4.05165e-4 -2.43512e-7 -1 -4.05162e-4 -2.24958e-7 -1 -4.05175e-4 -2.13586e-7 -1 -1.8412e-4 0 -1 -1.37514e-4 0 -1 -1.97472e-4 0 -1 3.88236e-4 0 -1 0.002597153 0 -0.9999967 0.002597272 0 -0.9999967 0.002597451 -1.33994e-7 -0.9999967 1.37419e-4 -0.7071543 -0.7070594 1.11386e-4 -0.7987378 -0.6016795 -7.46176e-5 1.37091e-6 -1 -2.55182e-5 4.03821e-5 -1 7.37442e-5 -0.8746419 -0.4847695 3.77819e-5 -8.10158e-6 -1 2.91312e-5 -0.9335125 -0.3585448 5.82635e-6 8.29576e-6 -1 2.97911e-5 -0.9742775 -0.2253518 7.5914e-5 3.79831e-5 -1 7.23898e-5 2.67113e-5 -1 -1.07665e-4 -0.7070044 -0.7072091 -3.84737e-5 -0.7985941 -0.60187 -1.89568e-5 -0.8745912 -0.4848611 -7.9334e-5 -0.9334308 -0.3587576 -9.81737e-5 -0.9742504 -0.225469 2.98029e-5 -3.67761e-5 -1 6.20782e-5 4.97936e-5 -1 -2.92808e-6 -1.52048e-5 -1 -1.51597e-4 2.54586e-5 -1 1.17242e-4 -2.88868e-5 -1 -4.20809e-5 -2.31885e-5 -1 6.11808e-4 0 -0.9999999 -3.92349e-4 0 -1 -0.002732157 -3.48078e-7 -0.9999963 -0.002732038 -6.37985e-7 -0.9999963 -0.002731561 -4.02913e-7 -0.9999963 -0.007190644 0 -0.9999743 -0.007190644 1.34634e-7 -0.9999743 -0.007190644 8.52626e-7 -0.9999743 -1.1673e-4 0 -1 8.78128e-4 -1.52388e-7 -0.9999997 8.78096e-4 -2.05816e-7 -0.9999997 8.78099e-4 -1.70941e-7 -0.9999997 2.45629e-4 0 -1 -9.33184e-5 0 -1 5.69218e-4 -1.23415e-7 -0.9999999 5.69187e-4 -1.49492e-7 -1 5.69199e-4 -1.79105e-7 -1 -6.18354e-4 -1.59038e-7 -0.9999998 -6.18398e-4 0 -0.9999998 -6.18413e-4 -2.1093e-7 -0.9999999 3.81543e-4 -1.6726e-7 -1 3.81532e-4 -1.65986e-7 -1 3.81536e-4 -2.09184e-7 -1 -2.48014e-4 -2.05007e-7 -1 -2.47993e-4 -2.12189e-7 -1 -2.48001e-4 -1.76136e-7 -1 -1.93498e-4 0 -1 -3.35568e-4 -4.36208e-7 -1 -3.35568e-4 -4.71322e-7 -1 -3.35568e-4 -4.58254e-7 -1 -3.35569e-4 -1.66867e-7 -1 -3.35569e-4 -1.62181e-7 -1 -3.35569e-4 -2.0118e-7 -1 -5.82479e-5 0 -1 8.60095e-5 -1.27038e-4 -1 -1.07901e-5 -8.90791e-5 -1 2.84945e-5 1.81682e-5 -1 -1.42464e-5 -4.52731e-4 -1 5.08099e-5 -7.21924e-5 -1 -4.64178e-4 -2.82802e-7 -0.9999999 -4.64176e-4 -2.09213e-7 -0.9999999 -4.64174e-4 -2.85814e-7 -0.9999999 -5.3584e-6 0 -1 -9.44324e-5 -0.7071201 0.7070935 -9.87202e-5 -0.798739 0.6016777 6.0124e-6 -0.7072958 0.7069177 0 -0.7988169 0.6015744 -1.08061e-4 -0.8746362 0.4847799 0 -0.8745296 0.4849724 -1.20007e-4 -0.9334341 0.3587491 9.31323e-7 -0.9334923 0.3585974 -1.4323e-4 -0.9743039 0.2252376 1.92821e-5 -0.9743043 0.2252359 1.30938e-5 -2.27094e-5 1 -4.47929e-5 2.50489e-5 1 4.12865e-5 0 1 -1.07026e-5 0 1 -2.49773e-6 1.80956e-6 1 0 1.20147e-6 1 0 1.20147e-6 1 4.79383e-4 8.60353e-7 0.9999999 4.79383e-4 8.28921e-7 0.9999999 4.79383e-4 7.92323e-7 0.9999999 4.43853e-6 0 1 0 1.8097e-6 1 -8.06403e-5 0.7070912 0.7071224 -9.08161e-5 0.6016886 0.7987309 1.66056e-6 0.707089 0.7071246 -2.07408e-7 0.6016922 0.7987282 1.56904e-5 0.4849054 0.8745666 -2.02761e-6 0.484794 0.8746285 1.44654e-5 0.3582593 0.9336221 -2.89387e-6 0.3585119 0.9335252 1.16984e-5 0.2252255 0.9743068 9.68909e-7 0.2253243 0.9742839 1.66067e-6 1 -3.3915e-5 8.19106e-7 1 -1.33812e-5 0.7072587 0.7069549 6.81495e-7 0.7987793 0.6016242 0 0.7071124 0.7071012 -2.99007e-6 0.7988565 0.6015218 0 0.8744921 0.4850399 -2.58675e-7 0.8748242 0.4844405 -6.18718e-7 0.9333789 0.3588925 -1.5385e-7 0.933699 0.3580588 -6.55556e-7 0.9742153 0.2256208 -1.78348e-7 0.9743261 0.2251414 -1.3024e-7 -3.28034e-4 1 5.57145e-5 -1.4152e-4 1 -1.88686e-5 -1.10053e-4 0.7071409 -0.7070727 -6.53086e-5 0.6017303 -0.7986995 3.3612e-6 0.7070944 -0.7071192 0 0.6017889 -0.7986552 -6.54757e-5 0.4856108 -0.8741752 0 0.4849108 -0.8745636 3.44443e-5 0.3585302 -0.9335182 0 0.3585839 -0.9334974 5.46873e-5 0.2268247 -0.9739356 0 0.2253339 -0.9742817 -3.72534e-6 1 9.5129e-5 0 1 2.74777e-5 -0.7070015 0.7072121 2.20817e-6 -0.7986094 0.6018497 0 -0.7072347 0.7069789 4.736e-6 -0.7987108 0.6017152 0 -0.8746603 0.4847364 -3.47754e-7 -0.8746167 0.4848152 -4.29507e-7 -0.9335551 0.358434 -2.45462e-7 -0.9335405 0.358472 0 -0.9742969 0.2252676 0 -0.9742996 0.2252563 -2.8644e-7 -9.97037e-5 1 -6.1815e-5 2.07815e-5 1 -5.0664e-7 0 1 0 0 1 0 0 1 0 0 1 0 0 1 0 0 1 0 0 1 0 0 1 0 -9.41753e-5 1 2.16216e-5 5.16474e-5 1 -6.64592e-6 1.08838e-4 1 -8.71718e-7 0.7074442 1.73941e-4 0.7067692 0.798793 2.20786e-4 0.601606 0.7073631 1.62604e-4 0.7068504 0.7987948 1.82789e-4 0.6016037 0.8744703 2.32323e-4 0.4850791 0.8746556 2.00806e-4 0.484745 0.9334473 2.35817e-4 0.3587149 0.9335668 2.14066e-4 0.3584035 0.9743063 2.43978e-4 0.2252273 0.9743051 2.24072e-4 0.2252324 -6.257e-5 -1.8884e-5 1 -4.18425e-5 -4.76539e-5 1 -2.16853e-5 4.95985e-5 1 8.05501e-6 5.38975e-5 1 3.29805e-5 5.62929e-5 1 3.5456e-5 5.75185e-5 1 4.34534e-5 2.91951e-5 1 3.68912e-4 -2.28029e-7 1 3.68919e-4 -2.32947e-7 1 3.68905e-4 -2.17769e-7 1 5.34807e-6 0 1 -4.9625e-5 0 1 -2.78106e-4 -2.73081e-7 1 -2.78095e-4 -2.969e-7 1 -2.78082e-4 -2.93461e-7 1 -9.80146e-5 0 1 5.10704e-4 -1.88695e-7 0.9999999 5.10696e-4 -1.92118e-7 0.9999999 5.10686e-4 -2.03661e-7 0.9999999 -3.17963e-4 -4.67058e-7 1 -3.17966e-4 -4.43561e-7 1 -3.17959e-4 -4.16258e-7 1 3.44947e-5 0 1 -3.33131e-5 0 1 1.67716e-5 0 1 3.8916e-5 0 1 -2.57334e-5 0 1 -1.37876e-5 0 1 -5.33608e-4 -2.20651e-7 0.9999999 -5.33621e-4 -2.1857e-7 0.9999999 -5.33639e-4 -1.9035e-7 0.9999999 5.22963e-5 0 1 3.35568e-4 -2.18599e-7 1 3.35568e-4 -2.32059e-7 1 3.35568e-4 -2.24987e-7 1 -4.11468e-5 0 1 5.44534e-5 0 1 -8.13308e-5 0 1 5.18906e-5 0 1 -4.37596e-5 0 1 9.58767e-4 -1.55298e-7 0.9999997 9.58767e-4 -2.42959e-7 0.9999997 9.58767e-4 -1.22469e-7 0.9999997 7.52242e-4 -2.25831e-7 0.9999998 7.52231e-4 -1.27649e-7 0.9999998 7.52289e-4 -1.65805e-7 0.9999998 -2.29535e-6 0.70709 0.7071236 6.4522e-6 0.7987284 0.6016919 -8.99788e-5 -1.70767e-5 1 -1.98111e-5 -2.3569e-5 1 1.32961e-4 0.8745864 0.4848698 -7.36117e-6 -1.4198e-5 1 1.9386e-4 0.9334903 0.3586029 2.69875e-4 -4.79929e-5 1 -1.11721e-5 0.9742767 0.2253558 1.74642e-5 -5.35753e-5 1 2.48402e-5 2.01166e-7 1 -8.35098e-5 0.7072668 0.7069469 -9.10433e-5 0.7987976 0.6016001 -3.18801e-5 0.8745627 0.4849124 -6.06308e-5 0.9335097 0.3585524 -5.26475e-5 0.9743059 0.2252291 4.71169e-5 -1.84774e-5 1 -1.84834e-4 -7.31251e-5 1 -8.63001e-5 4.00352e-6 1 -8.93995e-5 1.08944e-5 1 -9.80124e-5 3.95457e-5 1 8.68738e-5 -6.2976e-6 1 0.001150488 -2.75555e-7 0.9999994 0.001150488 -1.429e-7 0.9999994 0.001150488 0 0.9999994 -8.49367e-5 0 1 -0.001581907 -1.81986e-7 0.9999988 -0.001581907 -3.85975e-7 0.9999988 -0.001581907 -2.7183e-7 0.9999988 8.28237e-4 -1.95927e-7 0.9999997 8.28281e-4 -1.75725e-7 0.9999997 8.28276e-4 0 0.9999997 -0.001717031 -3.87139e-7 0.9999985 -0.001716852 0 0.9999986 -0.001716852 -3.16999e-7 0.9999985 -2.74502e-4 0 1 2.65072e-4 0 1 -7.60394e-4 -2.08121e-7 0.9999997 -7.60339e-4 -2.58122e-7 0.9999997 -7.60319e-4 -1.2372e-7 0.9999998 5.09445e-4 -2.28552e-7 1 5.0947e-4 -2.05604e-7 0.9999999 5.0946e-4 -1.39742e-7 0.9999999 -2.85029e-4 -1.46902e-7 1 -2.85018e-4 -1.54905e-7 1 -2.85022e-4 -1.7487e-7 1 1.08214e-4 0 1 0.001677811 -3.32599e-7 0.9999987 0.001677811 -2.12109e-7 0.9999987 0.001677811 -1.84868e-7 0.9999987 -5.69962e-5 0 1 3.65658e-5 0 1 -4.79383e-4 -2.31099e-7 0.9999999 -4.79384e-4 -1.68831e-7 0.9999999 -4.79384e-4 -1.63578e-7 0.9999999 1.07029e-4 0 1 -6.0138e-5 0 1 1.18178e-4 0 1 -0.7075738 1.49327e-5 0.7066396 -0.7987291 1.05376e-4 0.601691 6.37174e-5 6.77309e-5 1 9.14559e-7 4.05088e-5 1 -0.8745735 6.92857e-5 0.4848932 1.02017e-5 3.29465e-5 1 -0.9335175 4.50686e-5 0.358532 -1.60839e-6 2.8275e-5 1 -0.9742964 3.56613e-5 0.22527 -3.85335e-5 6.67348e-5 1 1.48956e-5 6.61463e-5 1 -0.7069119 -5.22845e-6 0.7073017 -0.7986713 -1.32713e-7 0.6017676 -0.8745715 -2.53553e-7 0.4848969 -0.9334685 -4.32599e-7 0.3586596 -0.9742884 -8.70787e-7 0.2253048 8.50856e-6 -5.96409e-5 1 2.83808e-6 -2.83318e-7 1 -2.13919e-6 -2.83677e-7 1 0 0 1 0 -2.82555e-7 1 0 -2.81528e-7 1 2.21654e-7 0 1 0 -2.82555e-7 1 6.80497e-6 -2.83654e-7 1 1.45024e-7 -2.83309e-7 1 0.7065005 1.31171e-4 0.7077126 0.6012739 9.86703e-5 0.7990429 0.7077515 1.25537e-4 0.7064615 0.6021213 1.00832e-4 0.7984047 0.4847276 7.36364e-5 0.8746653 0.4847037 7.38441e-5 0.8746785 0.3585198 4.55971e-5 0.9335222 0.3585283 4.73098e-5 0.9335189 0.2252117 1.7561e-5 0.9743099 0.2256987 1.78451e-5 0.9741972 1 2.09797e-4 2.92271e-4 1 1.76489e-4 -3.9624e-4 1 2.87783e-4 3.57621e-5 1 2.00287e-4 1.69694e-5 1 1.23329e-4 -1.94609e-5 1 1.38088e-4 -2.33024e-5 1 2.07755e-4 1.65274e-6 1 2.36397e-4 6.06049e-5 1 2.10008e-4 5.12716e-6 1 1.82568e-4 -1.81627e-5 1 2.00554e-4 -5.45422e-7 1 2.02843e-4 2.28168e-7 1 2.02774e-4 -2.15704e-7 1 -1.43131e-4 -7.92976e-5 1 -1.43127e-4 -7.92982e-5 1 -1.4313e-4 -7.92859e-5 1 1.93392e-4 1.34174e-5 1 2.8775e-4 -3.10856e-5 1 2.34851e-4 -7.3802e-6 1 1.91781e-4 6.82932e-6 1 2.26078e-4 -1.74114e-6 1 2.04332e-4 -1.39726e-7 1 2.10722e-4 -5.82108e-6 1 2.02847e-4 -5.36363e-7 -0.7074553 -8.13976e-7 -0.7067581 -0.60196 0 -0.7985262 -0.7070354 -1.56028e-6 -0.7071781 -0.6015193 -5.63916e-7 -0.7988584 -0.484946 -4.51924e-7 -0.8745442 -0.4846519 0 -0.8747072 -0.3586261 -1.17486e-6 -0.9334813 -0.3585459 9.02917e-7 -0.9335121 -0.2253125 -3.70666e-7 -0.9742865 -0.2249864 7.28294e-7 -0.974362 -1 1.14448e-5 4.87745e-4 -1 4.23193e-6 -4.26728e-4 -1 -2.76305e-5 0 -1 4.11138e-5 0 -1 -4.1445e-5 0 -1 6.39332e-6 0 -1 -2.05599e-5 0 -1 -1.12204e-6 3.45305e-7 -1 0 2.1552e-7 -1 4.11071e-5 0 -1 2.76366e-5 0 -1 -3.19641e-6 0 -1 2.83784e-6 0 -1 -3.12811e-6 0 -1 0 3.45459e-7 -1 0 2.1552e-7 -0.7071394 1.62981e-6 0.7070742 -0.6016728 1.00303e-6 0.7987428 -0.7069396 -1.37439e-6 0.7072739 -0.601711 -2.55182e-7 0.7987139 -0.4849053 0 0.8745668 -0.4846229 -1.35507e-7 0.8747233 -0.3589228 0 0.9333673 -0.3582064 -3.70434e-7 0.9336424 -0.2252753 4.20958e-7 0.9742952 -0.2255277 -9.14093e-7 0.9742368 -1 1.21563e-5 4.77016e-4 -1 5.62966e-5 6.73402e-5 -1 4.11064e-5 0 -1 2.05593e-5 0 -1 0 -3.30942e-7 -1 0 -2.1552e-7 -1 -4.11121e-5 0 -1 -6.90713e-6 0 -1 -1.31701e-6 0 -1 0 -3.499e-7 -0.7071001 0.7071135 -3.69758e-6 -0.6017639 0.7986741 0 -0.7070524 0.7071611 8.49588e-7 -0.6016931 0.7987273 0 -0.4848135 0.8746177 0 -0.4848245 0.8746115 0 -0.3584383 0.9335535 0 -0.3585507 0.9335103 0 -0.2252472 0.9743017 0 -0.2252753 0.9742953 0 -1 -1.48118e-5 -2.32693e-5 -1 -5.26603e-5 -8.63522e-6 -1 -9.00293e-5 0 -1 -8.99179e-5 0 -1 -3.2157e-7 0 -1 4.00218e-7 0 -1 9.00617e-5 0 -1 -9.00703e-5 0 -1 0 0 -1 -2.03983e-7 0 -0.707083 -0.7071307 3.83787e-6 -0.6016411 -0.7987666 3.29706e-7 -0.7071875 -0.7070261 3.64204e-6 -0.6017969 -0.7986493 0 -0.4847144 -0.8746726 0 -0.4847911 -0.87463 0 -0.3585654 -0.9335046 0 -0.3586049 -0.9334895 1.43569e-7 -0.2253257 -0.9742836 -2.19579e-7 -0.2253466 -0.9742787 -2.13564e-7 -1 -1.96546e-5 0 -1 1.06309e-5 3.77074e-5 -1 -4.50248e-5 5.25257e-5 -1 7.61754e-6 1.89755e-5 -1 1.27536e-5 -4.77969e-6 -1 0 -7.82646e-7 -1 3.21571e-7 2.77538e-6 -1 0 7.50405e-7 -1 -1.27539e-5 0 -1 0 1.78625e-5 -1 5.90132e-6 7.29728e-6 -1 1.2862e-6 3.21551e-6 -1 0 7.62939e-7 -1 4.11532e-7 7.62938e-7 -1 3.01719e-7 8.61331e-7 0.7072138 -0.7069998 3.88571e-6 0.6017231 -0.7987047 4.41585e-7 0.7070994 -0.7071142 3.5652e-6 0.6016384 -0.7987687 3.29569e-7 0.48475 -0.8746528 1.52984e-7 0.4847576 -0.8746486 4.39088e-7 0.3586204 -0.9334835 2.40958e-7 0.3587357 -0.9334392 4.39405e-7 0.2253197 -0.974285 2.35028e-7 0.2250632 -0.9743443 1.76406e-7 1 -1.23531e-5 9.93538e-6 1 5.88596e-6 0 1 -4.50025e-5 0 1 9.00374e-5 0 1 -7.61615e-6 0 1 8.99746e-5 0 1 -5.90016e-6 0 1 3.21568e-7 0 1 1.5008e-7 0 1 3.04702e-5 0 1 -5.90208e-6 0 1 2.67205e-7 0 0.7072984 1.12131e-6 -0.7069151 0.6017032 1.20746e-6 -0.7987198 0.7068657 -3.6567e-6 -0.7073478 0.6017798 -1.17533e-6 -0.7986621 0.4843037 5.09666e-7 -0.8749 0.4854342 -1.29547e-6 -0.8742733 0.3578845 -2.70084e-7 -0.933766 0.3588907 -1.45379e-6 -0.9333797 0.2248054 -1.44355e-7 -0.9744037 0.2256273 -1.66055e-6 -0.9742137 0.9999999 1.9521e-5 -4.93571e-4 1 -4.02331e-6 3.57747e-4 1 -6.90742e-6 0 1 1.02791e-5 0 1 2.83824e-6 0 1 -5.92685e-6 0 1 -5.61019e-7 0 1 1.25734e-7 0 1 -1.2713e-7 0 1 4.11101e-5 0 1 4.1108e-5 0 1 1.38147e-5 0 1 -6.39277e-6 0 1 1.05347e-5 0 1 5.61251e-7 0 0.7071015 0.7071121 -2.15089e-6 0.6018167 0.7986344 0 0.7068724 0.7073411 3.71785e-6 0.60157 0.7988201 0 0.4849099 0.8745641 0 0.4847498 0.8746529 0 0.3585424 0.9335135 0 0.3585228 0.933521 0 0.2252932 0.974291 0 0.2253117 0.9742867 0 1 6.41942e-5 -2.33554e-5 1 -8.6819e-5 2.55145e-5 1 7.61731e-6 0 1 -8.99817e-5 0 1 1.5008e-7 0 1 -4.50248e-5 0 1 -9.00576e-5 0 1 3.04739e-5 0 1 9.01073e-5 0 1 0 0 -1 5.71755e-5 0 -1 -7.51993e-5 0 -1 1.46585e-5 0 -1 6.14855e-5 0 -1 5.77243e-6 0 0.999982 -7.24097e-5 0.00599873 -1 3.9208e-6 0 0.9999824 2.63797e-7 0.005933225 0.9986137 0 0.05263847 0.9986121 0 0.05266791 -0.9911945 0 0.132414 -0.9911919 0 0.1324331 -0.9156193 2.78397e-5 0.4020467 -0.9156507 0 0.401975 -0.7684745 0 0.6398805 -0.7684882 0 0.639864 -0.5610882 0 0.8277561 -0.5610691 0 0.827769 -0.3096556 9.00833e-7 0.9508489 -0.3096556 9.28587e-7 0.9508489 -0.3096556 9.38051e-7 0.9508489 -0.3095189 0 0.9508934 -0.3095189 1.47214e-6 0.9508934 -0.3095189 1.52605e-6 0.9508934 -0.02518725 0 0.9996828 -0.02585816 2.92319e-7 0.9996657 -0.02627873 3.86043e-7 0.9996547 -0.0251286 0 0.9996843 -0.02627873 3.27433e-7 0.9996547 -0.02618724 5.77944e-7 0.9996571 -0.02724516 -0.003374993 0.9996232 -0.02618724 5.77226e-7 0.9996571 -0.02630883 -0.003373086 0.9996482 -0.02533638 3.41609e-6 0.999679 -0.02631115 -0.003375113 0.9996482 -0.02716141 -0.003384232 0.9996254 -0.02090924 -0.009121417 0.9997398 -0.02613401 -0.003358423 0.9996528 -0.02124464 -0.009135246 0.9997326 -0.01471436 -0.01395255 0.9997944 -0.01494348 -0.01395112 0.9997911 -0.01683348 -0.01898247 0.9996781 -0.01648885 -0.01902014 0.9996832 -0.01671367 -0.0190134 0.9996796 -0.01929152 -0.01920044 0.9996296 -0.01671367 -0.01901352 0.9996796 -0.01933312 -0.01921492 0.9996285 -0.0167607 -0.0189985 0.999679 -0.01933372 -0.01921439 0.9996285 -0.06842744 -0.06879198 -0.9952816 -0.05957442 -0.06798982 -0.9959058 -0.06888765 -0.06860363 -0.9952629 -0.0596714 -0.06799513 -0.9958996 -0.05286377 -0.0497421 -0.9973621 -0.0525996 -0.04977995 -0.9973742 -0.1613161 -0.07002902 -0.9844152 -0.1613788 -0.07003897 -0.9844041 -0.1613468 -0.0700342 -0.9844098 -0.2999407 -0.03727495 -0.9532294 -0.160793 -0.07002753 -0.9845008 -0.2992949 -0.03731459 -0.9534308 -0.3196824 -2.19308e-5 -0.9475249 -0.3191022 -7.77841e-6 -0.9477204 -0.46925 -3.52857e-5 -0.8830654 -0.4687169 -2.17207e-5 -0.8833485 -0.5870763 1.07765e-5 -0.8095316 -0.5869226 1.18059e-5 -0.8096432 -0.6712871 -2.89187e-5 -0.7411975 -0.6713284 0 -0.74116 0.9996812 0 -0.02525162 0.9994625 9.82732e-6 -0.03278386 0.9996812 0 -0.02525115 0.9994632 0 -0.03276276 -0.9999999 4.79384e-4 0 -0.9999999 4.79384e-4 0 -0.9999999 4.79384e-4 0 -1 3.35569e-4 0 -1 3.35569e-4 0 -1 3.35569e-4 0 -1 1.14058e-4 0 1 2.92158e-5 0 1 -2.69363e-5 -5.60222e-5 -0.999463 -6.75069e-4 -0.03276377 1 -1.83043e-5 -2.92168e-4 -0.9994628 1.49105e-6 -0.03277373 -0.9996812 0 -0.02525091 -0.9996812 0 -0.02525061 0.6711302 0 -0.7413395 0.5868663 -1.18712e-6 -0.8096839 0.6711398 0 -0.7413309 0.5867919 0 -0.8097378 0.4945178 0 -0.8691675 0.4945057 3.37238e-5 -0.8691744 0.3225333 -2.0687e-7 -0.9465581 0.3226747 2.3514e-5 -0.9465099 0.3290737 -0.04091715 -0.9434174 0.329256 -0.04085403 -0.9433565 0.2102703 -0.0913589 -0.9733653 0.2104493 -0.09138739 -0.973324 0.07214194 -0.06827813 -0.9950547 0.07278388 -0.06832271 -0.9950048 0.0693252 -0.07945251 -0.9944251 0.06991064 -0.07947051 -0.9943828 0.07998907 -0.08011794 -0.9935709 0.08021169 -0.08015555 -0.9935498 0.01919335 -0.01915997 0.9996323 0.01694589 -0.01900649 0.9996758 0.01655739 -0.01901495 0.9996821 0.01911973 -0.01922231 0.9996325 0.01655668 -0.01901793 0.9996821 0.01664298 -0.01902228 0.9996805 0.01471072 -0.01393687 0.9997947 0.01706415 -0.01901024 0.9996737 0.01499629 -0.01392847 0.9997906 0.02092498 -0.009080231 0.9997399 0.02073216 -0.009123623 0.9997435 0.02700221 -0.003374099 0.9996297 0.02686458 -0.003374874 0.9996334 0.02738422 -0.003333032 0.9996194 0.0266788 3.78446e-6 0.9996441 0.02738422 -0.003332912 0.9996195 0.0273289 3.97116e-6 0.9996265 0.02796161 -0.003382861 0.9996033 0.0273261 8.24267e-6 0.9996266 0.02685606 0 0.9996394 0.02580177 3.22041e-7 0.9996671 0.02685606 2.20248e-7 0.9996394 0.02450889 4.9863e-7 0.9996996 0.02561116 4.56013e-7 0.9996721 0.02450889 4.72289e-7 0.9996996 0.3099746 0 0.9507448 0.5610691 0 0.827769 0.5610882 0 0.8277561 0.7684745 0 0.6398805 0.7684882 0 0.639864 0.9155884 0 0.4021167 0.91562 2.78338e-5 0.402045 0.9987788 0 0.04940778 -0.9995297 0.02375185 0.01940214 0.9987787 0 0.04941016 -0.9996917 0.01503729 0.0197547 -0.9999963 4.70516e-4 0.002704679 -0.9999977 2.93921e-4 0.002154231 1 -7.21242e-6 0 1 -1.55885e-4 0 1 -5.65899e-5 0 1 1.13707e-4 0 -0.98891 -0.1485162 0 -0.9889184 -0.1484611 0 -0.9106216 -0.4132415 0 -0.9046719 -0.4261091 0 -0.9108196 -0.4128049 0 -0.9047404 -0.4259635 -5.88149e-5 -0.8967159 -0.4283375 -0.1114798 -0.8966742 -0.4284256 -0.1114767 -0.7563394 -0.6473781 -0.094087 -0.5668975 -0.7861152 -0.2462729 -0.7561855 -0.6475756 -0.09396475 -0.5668448 -0.7861677 -0.2462265 -0.2793987 -0.9232875 -0.2635841 -0.2793483 -0.9233162 -0.2635369 -0.2124094 -0.9466173 -0.2424831 -0.2123923 -0.9466259 -0.2424647 -0.2004544 -0.9589778 -0.2004487 -0.2005072 -0.9589538 -0.2005107 -0.04992365 0.997503 -0.04995405 -0.2085773 0.9780059 -7.15255e-6 -0.05015313 0.9974871 -0.05004233 -0.2085654 0.9780085 -1.8239e-5 -0.3836945 0.9234601 0 -0.3836752 0.9234682 0 -0.6288771 0.7775049 0 -0.6288729 0.7775082 0 -0.8229295 0.5681437 0 -0.9498665 0.3126558 0 -0.9005225 0.4348096 1.10627e-5 -0.9498546 0.3126921 0 -0.900577 0.4346966 3.47197e-5 -0.9990862 0.02989965 -0.03054523 -0.9990574 0.03067874 -0.03071278 0.9990575 0.03068298 -0.03070539 0.8920529 0.451931 -1.73915e-5 0.999057 0.03072339 -0.03068011 0.8920381 0.4519605 -1.05351e-4 0.9208979 0.389804 0 0.9209045 0.3897887 0 0.8949214 0.4462239 0 0.8949197 0.4462272 0 0.7042168 0.709985 0 0.704199 0.7100028 0 0.4389954 0.8984893 0 0.4390191 0.8984777 0 0.2642084 0.9644657 0 0.0765379 0.9941304 -0.07646411 0.2642478 0.9644549 3.98067e-6 0.07632482 0.9941437 -0.07650351 0.09544843 -0.9908481 -0.09544587 0.4142493 -0.9101635 2.12342e-6 0.09546566 -0.9908513 -0.09539526 0.4141951 -0.9101881 -1.61231e-5 0.3592806 -0.9332296 0 0.3592806 -0.9332296 0 0.6257461 -0.7800267 0 0.6257384 -0.7800331 0 0.8314002 -0.5556743 0 0.8313962 -0.5556802 0 0.9600089 -0.2799695 0 0.9599942 -0.2800201 0 0.9997646 0.02170062 0 -0.9971914 -0.07489651 1.37463e-6 0.9997645 0.02170062 0 -0.9971891 -0.0749278 -2.18377e-5 0.9889177 -0.1049793 -0.1049823 0.9889138 -0.1050064 -0.1049914 -0.9999999 4.79384e-4 0 -0.9999999 4.79384e-4 0 -0.9999999 4.79384e-4 0 -0.9999999 4.79384e-4 0 -0.9999999 4.79384e-4 0 -0.9999999 4.79384e-4 0 -1 -2.09804e-4 -1.10757e-5 0.999011 -0.04446589 3.06192e-5 -0.9999998 7.19657e-4 2.09168e-5 0.9989587 -0.04562646 1.86544e-6 0.999444 -0.03334176 0 0.9994441 -0.03334176 0 -6.71137e-4 -0.9999998 6.11143e-7 6.71137e-4 -0.9999998 6.18559e-7 -6.71137e-4 -0.9999998 6.29195e-7 5.7526e-4 -0.9999998 5.51578e-7 -5.7526e-4 -0.9999998 5.72926e-7 5.7526e-4 -0.9999998 5.36928e-7 6.50048e-4 -0.9999999 5.16544e-6 0.2164222 -0.9763 0 6.49385e-4 -0.9999998 -5.18993e-6 0.216421 -0.9763002 0 0.4226569 -0.9062898 0 0.4226561 -0.9062902 0 0.6087741 -0.7933437 0 0.6087747 -0.7933433 0 0.7660411 -0.6427916 0 0.7660416 -0.642791 0 0.8870106 -0.4617491 0 0.8870095 -0.4617512 0 0.9421439 -0.3352088 1.39416e-6 0.9421583 -0.3351682 -1.38987e-6 0.9421553 -0.3351769 0 0.9424121 -0.3344541 0 0.9421553 -0.3351769 1.31792e-7 0.9424118 -0.3344548 0 0.9422193 -0.3349969 0 0.9423898 -0.3345169 -4.5987e-7 0.9355378 -0.3505294 -0.04356837 0.9424081 -0.3344654 3.98904e-5 0.9355158 -0.3505828 -0.04361009 0.9271315 -0.3437258 -0.1492646 0.9271544 -0.3436589 -0.1492768 0.8867408 -0.3362687 -0.3171976 0.8867098 -0.3362552 -0.3172982 0.8301203 -0.367436 -0.4193938 0.8300344 -0.3675097 -0.419499 0.8097843 -0.4148777 -0.4148806 0.8096332 -0.4150298 -0.4150236 -0.8099202 -0.4146595 -0.4148333 -0.830228 -0.3672732 -0.4193232 -0.8098001 -0.4148388 -0.4148886 -0.8301917 -0.3673003 -0.4193715 -0.8868404 -0.3360898 -0.3171088 -0.886817 -0.3360765 -0.3171883 -0.927188 -0.3435562 -0.1493035 -0.9270963 -0.3438074 -0.1492952 -0.9355666 -0.3504459 -0.04362237 -0.9355303 -0.350545 -0.04360282 -0.9424121 -0.3344542 -9.44428e-6 -0.942384 -0.3345333 -4.72963e-5 -0.9424083 -0.3344647 0 -0.9421515 -0.3351874 1.42364e-7 -0.9421491 -0.3351945 0 -0.9424058 -0.3344718 0 -0.9421491 -0.3351945 2.00667e-7 -0.9421369 -0.3352286 1.37385e-6 -0.8871029 -0.4615719 0 -0.9421552 -0.3351771 -1.38267e-6 -0.8871054 -0.4615669 0 -0.7661175 -0.6427007 0 -0.7661178 -0.6427004 0 -0.6088266 -0.7933034 0 -0.6088252 -0.7933045 0 -0.4226678 -0.9062847 0 -0.4226666 -0.9062853 0 -0.2164632 -0.9762908 0 -0.2164619 -0.9762911 0 -6.09592e-4 -0.9999998 5.19679e-6 -6.57551e-4 -0.9999998 -5.16999e-6 0.9991253 0.02957874 0.02956074 0.9473831 -4.1537e-7 0.3201022 0.999127 0.02954006 0.02953994 0.9474299 6.65486e-5 0.3199638 0.9509387 0 0.3093795 0.9509388 0 0.3093795 0.8288792 0 0.5594277 0.8288792 0 0.5594277 0.6425526 0 0.7662416 0.6425363 0 0.7662554 0.4064758 0 0.9136616 0.4064991 0 0.9136512 0.138858 0 0.9903123 0.1116466 0 0.993748 0.1391465 0 0.9902719 0.1119365 0 0.9937154 0.1117348 -6.89935e-7 0.9937381 0.06153863 0.007626593 0.9980757 0.1112428 1.71002e-5 0.9937934 0.06116002 0.007644236 0.9980988 0.02094382 0.009021162 0.99974 0.02110034 0.009057581 0.9997364 0.01473027 0.01378685 0.9997965 0.01461541 0.01381236 0.9997978 0.01648646 0.01883178 0.9996867 0.01621878 0.01884579 0.9996909 0.01659196 0.01883214 0.9996851 0.01915031 0.01906067 0.999635 0.01659208 0.01883244 0.9996851 0.01850944 0.01907479 0.9996468 0.01593005 0.01883363 0.9996957 0.01850742 0.01907646 0.9996468 0.01919561 0.01916307 -0.9996321 0.01656079 0.01907891 -0.9996809 0.01707524 0.01908499 -0.9996721 0.01950514 0.01915836 -0.9996262 0.01707655 0.01908421 -0.9996721 0.01643049 0.01906836 -0.9996832 0.01496857 0.01394569 -0.9997908 0.0171734 0.01907831 -0.9996705 0.01487398 0.01395416 -0.999792 0.02132165 0.009171664 -0.9997307 0.0199927 0.009138941 -0.9997584 0.02739769 0.003373086 -0.999619 0.02686524 0.003378391 -0.9996334 0.02723985 0.003404855 -0.9996232 0.02635431 1.13079e-5 -0.9996528 0.02725917 0.00341016 -0.9996226 0.02474212 -5.35324e-6 -0.9996939 0.02572995 0.00335294 -0.9996634 0.02479541 -8.56334e-6 -0.9996926 0.02805417 1.53433e-7 -0.9996065 0.02671241 0 -0.9996432 0.02805417 2.58204e-7 -0.9996065 0.02398079 0 -0.9997125 0.02541851 0 -0.9996769 0.02398079 0 -0.9997125 0.309803 0 -0.9508009 0.3097778 0 -0.950809 0.5611362 0 -0.8277236 0.7683972 0 -0.6399734 0.7683857 0 -0.639987 0.9156327 0 -0.4020159 0.9987785 0 -0.04941225 -0.9998079 0 -0.01959902 0.9987785 0 -0.04941225 -0.9998081 0 -0.01958996 -0.9999976 1.37649e-6 -0.002211391 -0.9999976 0 -0.00221014 1 6.19233e-5 -6.03822e-5 1 0 -1.25437e-4 -1 5.6319e-5 0 -1 -5.71429e-5 0 -1 1.2219e-4 0 -1 -2.92295e-5 0 -1 5.77101e-6 0 0.9999818 4.75732e-4 -0.006021022 -1 3.91801e-6 0 0.9999823 -2.61236e-7 -0.005955994 0.9986115 0 -0.05268096 0.9986136 0 -0.05264115 -0.9911937 0 -0.1324202 -0.9911938 0 -0.1324202 -0.9156163 0 -0.4020533 -0.7685312 0 -0.6398124 -0.7685198 0 -0.639826 -0.5610218 0 -0.8278011 -0.3097384 0 -0.9508218 -0.3097636 0 -0.9508137 -0.02417922 2.25197e-7 -0.9997077 -0.02532941 0 -0.9996792 -0.02417922 0 -0.9997077 -0.02810877 -1.09379e-6 -0.9996049 -0.02671915 0 -0.9996431 -0.02810883 -2.77602e-7 -0.9996049 -0.02575546 0 -0.9996684 -0.02673679 0.003396809 -0.9996368 -0.02575546 0 -0.9996683 -0.0276224 0.003383517 -0.9996127 -0.02675634 2.35066e-5 -0.999642 -0.02762603 0.003380954 -0.9996126 -0.02705943 0.003367602 -0.9996282 -0.02107119 0.009171783 -0.999736 -0.02776098 0.003384053 -0.9996089 -0.02125006 0.009183585 -0.999732 -0.01465404 0.01395863 -0.9997952 -0.01479804 0.01395732 -0.9997931 -0.01650637 0.01897901 -0.9996836 -0.01669532 0.0189867 -0.9996804 -0.01679086 0.01898908 -0.9996787 -0.01934319 0.01915162 -0.9996296 -0.01679086 0.01898926 -0.9996787 -0.01875764 0.01915597 -0.9996405 -0.01623606 0.01898699 -0.999688 -0.01875585 0.01915764 -0.9996407 -0.01905143 0.01907426 0.9996367 -0.01647061 0.01887941 0.9996862 -0.01631796 0.01888483 0.9996886 -0.01883792 0.01906341 0.9996409 -0.01631695 0.01888412 0.9996886 -0.01664167 0.01890289 0.9996829 -0.01479083 0.01378756 0.9997956 -0.01613801 0.0188775 0.9996916 -0.01443582 0.01382398 0.9998003 -0.02086389 0.009063899 0.9997413 -0.02111214 0.00903964 0.9997363 -0.06690615 0.008372724 0.9977242 -0.06760382 0.008352518 0.9976773 -0.1279958 1.82539e-6 0.9917748 -0.1299061 -5.47022e-5 0.9915264 -0.1281985 0 0.9917486 -0.1570055 0 0.9875977 -0.1284698 0 0.9917135 -0.1573706 0 0.9875397 -0.4565562 0 0.8896946 -0.7106606 0 0.7035351 -0.9216809 0 0.3879491 -0.9216782 0 0.3879553 -0.5162633 0 0.8564299 -0.5162457 0 0.8564407 0.9995788 0 0.02902042 0.9992951 4.00506e-5 0.03754258 0.999292 0 0.0376259 -1 -1.63456e-4 0 -1 -1.6342e-4 0 -1 -1.63389e-4 0 -0.9999999 -4.79384e-4 0 -0.9999999 -4.79384e-4 0 -0.9999999 -4.79384e-4 0 -1 -1.14032e-4 0 -0.06383633 -0.9959071 0.06398636 -0.2751044 -0.9614144 2.90722e-5 -0.06377702 -0.9959071 0.06404453 -0.275041 -0.9614326 2.74926e-5 -0.4065747 -0.9136176 0 -0.4065688 -0.9136202 0 -0.6424595 -0.7663197 0 -0.6424636 -0.7663163 0 -0.8289379 -0.5593407 0 -0.9441536 -0.329506 0 -0.9825814 -0.1314854 0.1313216 -0.9443062 -0.3290683 4.85778e-6 -0.9826322 -0.1311915 0.1312355 0.9948193 -0.07190328 0.07186526 0.9571535 -0.2895814 5.02169e-5 0.9948257 -0.07180958 0.07186955 0.957197 -0.2894374 -5.1409e-6 0.9007199 -0.4344004 0 0.900702 -0.4344376 0 0.7318112 -0.6815075 0 0.49731 -0.867573 0 0.4973373 -0.8675573 0 0.3303632 -0.9438539 0 0.1225324 -0.9848808 0.1224571 0.3304191 -0.9438343 3.33488e-5 0.1225028 -0.9848857 0.1224467 0.1333088 0.9820739 0.1332656 0.1157842 0.9844458 0.1321383 0.1334013 0.9820269 0.1335184 0.1157874 0.9844267 0.1322774 0.1031357 0.9898967 0.09730178 0.1031746 0.9898903 0.09732562 0.1464157 0.9871783 0.06357204 0.1463997 0.9871787 0.06360411 0.1876717 0.981955 0.02331727 0.1873443 0.98202 0.02321487 0.1773355 0.9841505 -8.18633e-6 0.1772857 0.9841595 -2.73734e-5 0.1999595 0.9798042 0 0.1999642 0.9798033 0 0.3865992 0.9222479 0 0.3866025 0.9222465 0 0.5800409 0.8145874 0 0.5800439 0.8145853 0 0.6666247 0.7453936 0 0.6666167 0.7454007 0 -1.28719e-6 1 0 -1.28717e-6 1 0 -0.6666399 0.7453801 0 -0.5799319 0.814665 0 -0.6666443 0.745376 0 -0.57993 0.8146663 0 -0.3865032 0.9222881 0 -0.3864955 0.9222913 0 -0.1999078 0.9798147 0 -0.1999408 0.979808 0 -0.1772248 0.9841705 2.68017e-7 -0.1770642 0.9841993 1.54525e-5 -0.1875532 0.9819784 0.02328658 -0.1875525 0.9819797 0.02323782 -0.1463513 0.9871914 0.06351733 -0.1463649 0.9872043 0.06328624 -0.1032401 0.9898889 0.09727048 -0.103313 0.9898914 0.09716767 -0.1157457 0.9844896 0.1318458 -0.1157773 0.9844794 0.1318938 -0.1331695 0.9821429 0.1328956 -0.1331192 0.9821502 0.1328926 -2.18137e-7 0.001688539 0.9999986 3.82834e-7 -0.001379489 0.9999991 -1.24668e-7 0.001688539 0.9999986 9.14826e-7 -0.001379489 0.9999991 0 0.001688539 0.9999986 3.6051e-7 -0.001379489 0.9999991 2.57054e-5 -0.001333355 0.9999992 3.07963e-5 -0.1543053 0.9880233 -3.80257e-6 -0.001332938 0.9999991 3.08578e-5 -0.1543024 0.9880237 6.11396e-5 -0.305126 0.952312 6.11395e-5 -0.3051239 0.9523127 8.96869e-5 -0.4486189 0.8937231 8.97482e-5 -0.4486157 0.8937249 1.1643e-4 -0.5813247 0.8136717 1.16554e-4 -0.5813215 0.813674 1.41127e-4 -0.7000793 0.7140651 1.4094e-4 -0.7000765 0.7140679 1.5994e-4 -0.802002 0.5973215 1.59814e-4 -0.8020004 0.5973235 1.77309e-4 -0.8846716 0.4662148 1.78302e-4 -0.8846712 0.4662155 1.98172e-4 -0.9460862 0.3239151 1.98358e-4 -0.9460854 0.3239174 1.80211e-4 -0.9732798 0.2296227 1.70882e-4 -0.9732798 0.2296226 1.94825e-4 -0.9732963 0.2295523 1.94189e-4 -0.9735489 0.228479 1.94577e-4 -0.9732963 0.2295523 1.9456e-4 -0.9732964 0.2295523 2.18595e-4 -0.9735316 0.2285529 -0.02994108 -0.9696669 0.2425894 1.87945e-4 -0.9735437 0.2285009 -0.02998006 -0.9696782 0.2425397 -0.08222377 -0.9783872 0.1897304 -0.08228331 -0.9783726 0.1897805 -0.1262029 -0.9829156 0.1339772 -0.1262208 -0.9829142 0.133971 -0.1709651 -0.9738027 0.149931 -0.1708797 -0.9738292 0.1498563 -0.1721631 -0.9698791 0.1723207 -0.1720251 -0.9699223 0.1722156 -0.1332913 0.9821007 0.1330856 -0.132146 0.9844676 0.1155894 -0.1332513 0.9820945 0.1331713 -0.1321516 0.9844638 0.1156166 -0.09739512 0.9898999 0.1030169 -0.09744536 0.989898 0.1029875 -0.06374061 0.9871919 0.1462512 -0.0637716 0.9871777 0.1463332 -0.02354675 0.9819834 0.1874947 -0.02347773 0.9819946 0.1874443 -2.01588e-4 0.9843273 0.1763515 -2.22117e-4 0.9843224 0.1763787 -1.88175e-4 0.9843344 0.176312 -2.10175e-4 0.9836337 0.1801799 -2.0621e-4 0.9836345 0.1801758 -2.06168e-4 0.9843351 0.1763078 -2.06107e-4 0.9836345 0.1801758 -1.72349e-4 0.9836248 0.1802286 -2.15297e-4 0.9462248 0.32351 -1.82306e-4 0.9836253 0.1802258 -2.13932e-4 0.9462262 0.3235058 -1.71031e-4 0.8848465 0.4658828 -1.68427e-4 0.8848477 0.4658805 -1.53277e-4 0.8022347 0.5970088 -1.54767e-4 0.8022378 0.5970048 -1.4573e-4 0.7003598 0.71379 -1.46971e-4 0.7003635 0.7137864 -1.21892e-4 0.5816413 0.8134455 -1.21892e-4 0.5816439 0.8134436 -9.4121e-5 0.4489673 0.8935482 -9.41216e-5 0.4489702 0.8935467 -6.42242e-5 0.3055193 0.9521859 -6.45347e-5 0.305522 0.952185 -3.50804e-5 0.154717 0.9879589 -3.51438e-5 0.1547221 0.987958 -1.86087e-5 0.001737356 0.9999986 -4.03939e-6 0.001736998 0.9999985 0 0.001486063 -0.999999 0 -0.001486063 -0.999999 -1.53127e-7 0.001486063 -0.999999 0 -0.001533985 -0.9999989 -1.9772e-7 0.001533985 -0.9999989 -2.83565e-7 -0.001533985 -0.9999989 -3.62627e-6 -0.001550793 -0.9999989 0 -0.1545259 -0.9879888 3.64346e-6 -0.001550793 -0.9999989 0 -0.1545224 -0.9879893 0 -0.3053603 -0.952237 0 -0.3053568 -0.952238 0 -0.448812 -0.8936263 0 -0.4488099 -0.8936274 0 -0.5814966 -0.8135489 0 -0.5814946 -0.8135503 0 -0.7002176 -0.7139295 0 -0.7002152 -0.7139319 0 -0.8021206 -0.5971621 0 -0.8021181 -0.5971655 0 -0.8847526 -0.4660612 0 -0.884751 -0.4660643 0 -0.9461418 -0.3237525 0 -0.9461411 -0.3237547 -1.55515e-6 -0.9759572 -0.2179622 1.54782e-6 -0.9759573 -0.2179622 0 -0.9759555 -0.2179702 0 -0.9763509 -0.216192 0 -0.9759555 -0.2179702 0 -0.9763528 -0.2161834 0 -0.9759678 -0.2179148 -6.86326e-7 -0.9763352 -0.2162628 0.0285626 -0.9728512 -0.2296625 -4.61489e-5 -0.9763492 -0.2161995 0.0285803 -0.9728538 -0.2296495 0.07794892 -0.9806573 -0.1795421 0.07801109 -0.9806451 -0.1795814 0.1194984 -0.9847232 -0.1266505 0.1195429 -0.9847086 -0.1267219 0.1618924 -0.9765655 -0.141812 0.161895 -0.9765596 -0.1418504 0.1630558 -0.9730523 -0.16304 0.162992 -0.9730618 -0.1630473 0.1632779 0.9729769 -0.1632677 0.1621841 0.9764759 -0.1420958 0.1633219 0.9729832 -0.1631862 0.1622072 0.9764849 -0.1420078 0.1197784 0.9846431 -0.1270081 0.1197713 0.9846494 -0.1269667 0.07812201 0.9805731 -0.1799261 0.07817924 0.980586 -0.1798311 0.02862811 0.9727478 -0.2300919 0.02866882 0.9728553 -0.2296317 3.49395e-5 0.9762176 -0.2167932 -2.51532e-5 0.9762466 -0.2166626 0 0.9762579 -0.2166113 0 0.9758827 -0.2182958 0 0.9758651 -0.2183747 0 0.9762613 -0.2165967 0 0.9758651 -0.2183747 -1.5295e-6 0.9758623 -0.2183867 0 0.9461358 -0.3237701 1.53676e-6 0.975863 -0.2183839 0 0.9461374 -0.3237656 0 0.8847588 -0.4660493 0 0.8847603 -0.4660463 0 0.8021212 -0.5971613 -1.98453e-6 0.8021228 -0.5971592 -2.50171e-5 0.7001999 -0.7139469 -2.46449e-5 0.7002052 -0.7139416 -2.35657e-6 0.5814723 -0.8135663 0 0.5814762 -0.8135634 0 0.4487623 -0.8936512 0 0.4487655 -0.8936496 0 0.3052902 -0.9522594 0 0.3052939 -0.9522582 0 0.1544727 -0.9879971 0 0.1544753 -0.9879966 -3.64346e-6 0.001535773 -0.9999988 3.62627e-6 0.001535236 -0.9999989 0 -0.001533985 0.9999989 0 0.001533985 0.9999989 -1.70319e-7 -0.001533985 0.9999989 0 0.001581907 0.9999988 -2.41491e-7 -0.001581907 0.9999988 -2.7998e-7 0.001581907 0.9999988 -2.54547e-5 0.001548945 0.9999988 0 0.1544843 0.9879953 3.64117e-6 0.001548647 0.9999989 0 0.1544809 0.9879958 0 0.305335 0.9522451 0 0.3053296 0.9522467 0 0.4487863 0.8936392 0 0.4487794 0.8936426 0 0.581494 0.8135507 0 0.5814872 0.8135557 0 0.7002163 0.7139309 0 0.7002103 0.7139366 0 0.8021147 0.5971701 0 0.8021109 0.5971751 0 0.8847628 0.4660419 0 0.88476 0.4660471 0 0.9461471 0.3237374 0 0.9461445 0.3237446 -3.39102e-6 0.9835861 0.1804401 3.37502e-6 0.983585 0.1804458 -1.88873e-7 0.9835992 0.1803686 0 0.9843006 0.1765007 0 0.9835992 0.1803686 0 0.9843011 0.1764975 -3.19589e-7 0.9835997 0.1803653 0 0.9842886 0.1765677 0.02334415 0.9819507 0.1876915 -2.68668e-5 0.98429 0.1765601 0.02338057 0.9819838 0.1875132 0.0635935 0.9871693 0.1464678 0.06363296 0.9872065 0.1461991 0.09731632 0.9898929 0.1031587 0.09735268 0.9898825 0.1032238 0.1321371 0.984453 0.1157248 0.1321398 0.9844483 0.1157611 0.1333213 0.9820683 0.1332944 0.1333105 0.9820955 0.1331042 0.1719521 -0.9699829 0.171947 0.1706774 -0.9739117 0.1495501 0.1719442 -0.9699893 0.1719188 0.1707214 -0.9739038 0.1495519 0.1261335 -0.9829603 0.1337144 0.1261667 -0.9829518 0.1337451 0.08229994 -0.9784277 0.1894892 0.08237051 -0.9784139 0.1895292 0.03010863 -0.9697889 0.2420806 0.03009867 -0.9697936 0.2420631 2.38791e-5 -0.973645 0.2280687 -4.81606e-5 -0.973645 0.2280692 0 -0.9736614 0.2279989 0 -0.9734094 0.2290723 0 -0.9733996 0.2291141 0 -0.9736626 0.227994 0 -0.9733996 0.2291141 -7.01272e-6 -0.9733967 0.2291268 0 -0.946155 0.3237143 1.00313e-6 -0.9733961 0.2291288 0 -0.9461551 0.3237138 0 -0.8847679 0.466032 0 -0.8847687 0.4660307 0 -0.802128 0.5971522 0 -0.8021282 0.5971519 0 -0.7002144 0.7139326 0 -0.7002127 0.7139344 0 -0.5814856 0.8135567 0 -0.5814843 0.8135577 0 -0.4487821 0.8936412 0 -0.4487826 0.893641 0 -0.3052939 0.9522583 0 -0.3052955 0.9522577 0 -0.1544806 0.9879958 0 -0.1544831 0.9879955 -3.64346e-6 -0.001550436 0.9999989 3.62627e-6 -0.001549959 0.9999989 0 0.9999994 0.001102566 -2.7616e-7 0.9999994 -0.001102566 -1.3096e-7 0.9999994 0.001102566 0 0.9999994 -0.001102566 -1.46545e-7 0.9999994 0.001102566 -1.86594e-7 0.9999994 -0.001102566 -3.50181e-5 0.9999994 -0.001105666 0 0.9776616 -0.2101853 5.00918e-6 0.9999994 -0.001093506 -1.35264e-6 0.9776622 -0.2101824 -6.2032e-6 0.9115051 -0.411289 -6.20326e-6 0.9115034 -0.4112926 -1.35255e-6 0.8045835 -0.5938395 0 0.804583 -0.5938403 0 0.6616458 -0.7498165 0 0.6616443 -0.7498179 0 0.4890802 -0.8722389 0 0.4890806 -0.8722386 0 0.2946493 -0.9556056 0 0.2946517 -0.9556048 -4.89246e-6 0.09089529 -0.9958605 4.86938e-6 0.0908963 -0.9958603 -1.7938e-7 0.09089159 -0.9958608 0 0.08716726 -0.9961937 0 0.09089159 -0.9958608 0 0.08716559 -0.9961938 0 0.09088993 -0.9958611 0 0.02540099 -0.9996774 0 0.02540099 -0.9996774 0 0.02545869 -0.9996759 0.003348827 0.0271207 -0.9996266 0 0.02545869 -0.9996759 0.003690481 0.02715969 -0.9996244 3.17033e-4 0.02542752 -0.9996767 0.003684639 0.02711153 -0.9996257 0.003511071 0.02712517 -0.999626 0.009229898 0.02116298 -0.9997335 0.002772808 0.02713733 -0.9996279 0.009022474 0.02114343 -0.9997358 0.01393377 0.01479262 -0.9997935 0.01399546 0.01481336 -0.9997923 0.01886934 0.01664072 -0.9996835 0.01904302 0.01662731 -0.9996804 0.01904332 0.01662456 -0.9996805 0.01921463 0.01916575 -0.9996317 0.01904332 0.01662445 -0.9996805 0.01921778 0.01916098 -0.9996317 0.01903945 0.01662904 -0.9996805 0.01921725 0.01916116 -0.9996317 0.01871949 0.01907527 0.9996429 0.01864308 0.01647067 0.9996905 0.01871949 0.01907527 0.9996429 0.01907074 0.01650291 0.999682 0.01931685 0.01909178 0.9996311 0.01907289 0.01650154 0.9996819 0.01872336 0.01651191 0.9996883 0.01378005 0.0146141 0.9997982 0.01877087 0.0164926 0.9996878 0.01370054 0.01461464 0.9997993 0.009104192 0.02077382 0.9997428 0.008823513 0.02077138 0.9997453 0.003354609 0.02682906 0.9996345 0.002978742 0.0268588 0.9996348 0.00335592 0.0268346 0.9996343 3.75953e-5 0.02516794 0.9996833 0.00335586 0.02683442 0.9996343 1.47894e-6 0.02519875 0.9996825 0.003327667 0.02684408 0.9996341 -2.61875e-5 0.02519869 0.9996825 0 0.02516281 0.9996834 0 0.02516335 0.9996834 0 0.08715581 0.9961948 0 0.09083241 0.9958662 1.76335e-7 0.09083181 0.9958662 0 0.08715522 0.9961948 0 0.09083181 0.9958662 -4.85571e-6 0.09089988 0.9958601 0 0.2946569 0.9556031 4.87873e-6 0.09090089 0.99586 0 0.2946543 0.955604 0 0.4892818 0.8721259 0 0.4892833 0.8721249 -3.77785e-6 0.6617713 0.7497058 -2.42529e-6 0.6617711 0.749706 -1.35253e-6 0.8046507 0.5937486 -1.35256e-6 0.8046488 0.5937511 -8.09222e-6 0.9115339 0.4112249 -7.4159e-6 0.9115318 0.4112297 -2.02888e-6 0.9776316 0.2103245 0 0.9776309 0.2103286 -5.02292e-6 0.9999994 0.001112043 4.99922e-6 0.9999994 0.001110911 0 -0.9999994 -0.001102864 -2.752e-7 -0.9999994 0.001102268 -1.31355e-7 -0.9999994 -0.001102864 0 -0.9999994 0.001102089 -1.47505e-7 -0.9999994 -0.001103043 -1.86331e-7 -0.9999994 0.001102089 -3.50183e-5 -0.9999995 0.001108407 6.87959e-6 -0.9776585 0.2101998 -8.66943e-6 -0.9999995 0.001106142 6.20343e-6 -0.9776574 0.2102049 1.0797e-5 -0.9114989 0.4113025 6.73952e-6 -0.9114971 0.4113066 2.70515e-6 -0.804569 0.5938593 0 -0.8045741 0.5938523 0 -0.6616406 0.7498212 0 -0.661646 0.7498164 0 -0.489103 0.8722261 0 -0.4891018 0.8722268 0 -0.2946626 0.9556014 0 -0.2946608 0.955602 -4.89017e-6 -0.09092789 0.9958575 4.8671e-6 -0.09092783 0.9958575 -1.7938e-7 -0.09088939 0.995861 0 -0.08716505 0.9961939 6.22543e-7 -0.09088939 0.995861 0 -0.08716553 0.9961939 7.61589e-7 -0.09088987 0.995861 0 -0.02539873 0.9996774 7.48339e-7 -0.02548998 0.9996751 0.003340005 -0.02705943 0.9996283 7.90471e-7 -0.02548998 0.9996751 0.003362476 -0.02702832 0.9996291 -1.20737e-5 -0.02535384 0.9996786 0.003352344 -0.02703189 0.999629 0.003427863 -0.02706718 0.9996278 0.009188055 -0.02102023 0.9997369 0.002914905 -0.02708745 0.9996289 0.009095907 -0.02100491 0.999738 0.01406365 -0.0147534 0.9997923 0.0139991 -0.01478683 0.9997928 0.01910287 -0.01665997 0.9996788 0.01901847 -0.0166648 0.9996802 0.01878172 -0.01665252 0.9996849 0.01896852 -0.01921916 0.9996354 0.01878166 -0.01665252 0.9996849 0.01955747 -0.01921558 0.9996241 0.01935505 -0.01665705 0.999674 0.01955777 -0.01921474 0.9996241 -5.40463e-4 -5.38224e-6 -0.9999999 -5.40509e-4 3.3676e-7 -0.9999999 -5.40447e-4 -5.35994e-6 -0.9999999 -3.55771e-4 1.42044e-5 -1 -3.53669e-4 1.61323e-5 -1 -3.55818e-4 1.41753e-5 -1 -5.13016e-5 -1.22385e-5 -1 -3.07276e-5 -1.15439e-4 -1 -7.11889e-5 -2.80336e-6 -1 -7.8433e-5 9.37602e-5 -1 -7.83864e-5 9.37607e-5 -1 -7.84763e-5 9.37596e-5 -1 -7.20179e-5 -3.60084e-6 -1 0 -2.70077e-6 -1 0 -0.0871579 -0.9961946 -7.6263e-7 -0.0908823 -0.9958617 1.78762e-7 -0.09088724 -0.9958613 0 -0.08716291 -0.9961941 -6.22989e-7 -0.09088724 -0.9958613 -4.87394e-6 -0.09092754 -0.9958575 0 -0.2947652 -0.9555698 4.89705e-6 -0.09092748 -0.9958576 0 -0.2947666 -0.9555693 0 -0.4891754 -0.8721854 0 -0.4891734 -0.8721866 0 -0.6617009 -0.749768 0 -0.6617026 -0.7497665 0 -0.8046193 -0.5937911 0 -0.8046259 -0.5937822 0 -0.9115254 -0.4112438 0 -0.911527 -0.4112403 0 -0.9776359 -0.2103047 0 -0.9776355 -0.210307 -5.02062e-6 -0.9999994 -0.001131236 5.43157e-6 -0.9999994 -0.001132369 0 -0.9999994 0.001102864 2.76441e-7 -0.9999994 -0.001102268 1.3096e-7 -0.9999994 0.001102864 0 -0.9999994 -0.001102268 1.46264e-7 -0.9999994 0.001102864 1.86594e-7 -0.9999994 -0.001102268 4.98783e-6 -0.9999994 -0.001126408 0 -0.9776543 -0.2102192 -5.01148e-6 -0.9999994 -0.001125216 0 -0.9776554 -0.2102141 0 -0.9115163 -0.4112641 0 -0.9115183 -0.4112595 0 -0.8045995 -0.5938179 0 -0.8045973 -0.5938209 0 -0.6616712 -0.7497941 0 -0.6616687 -0.7497964 0 -0.4891056 -0.8722247 0 -0.4891045 -0.8722252 0 -0.2946058 -0.9556189 0 -0.2946045 -0.9556193 4.88789e-6 -0.0909022 -0.9958598 -4.86482e-6 -0.09090328 -0.9958598 1.78625e-7 -0.09089338 -0.9958607 0 -0.08716905 -0.9961936 0 -0.09089338 -0.9958607 0 -0.08717119 -0.9961934 0 -0.09089553 -0.9958605 -4.79383e-4 -3.4929e-7 -0.9999999 -4.79383e-4 -3.39467e-7 -0.9999999 -4.79383e-4 -3.80809e-7 -0.9999999 2.89452e-5 0 -1 -0.0193383 -0.0193383 0.9996261 -0.01898407 -0.01667779 0.9996808 -0.01901489 -0.01666784 0.9996803 -0.01919478 -0.01919448 0.9996315 -0.01901346 -0.01666861 0.9996803 -0.01886886 -0.01666402 0.9996832 -0.01385396 -0.01475727 0.9997952 -0.01899802 -0.01667743 0.9996804 -0.01392638 -0.01476025 0.9997941 -0.009108245 -0.02101111 0.9997377 -0.00913757 -0.02102988 0.9997371 -0.003380119 -0.02706629 0.999628 -0.003356635 -0.02702617 0.9996292 -0.003406882 -0.02706164 0.999628 -1.36901e-6 -0.02540516 0.9996773 -0.003406941 -0.02706217 0.999628 -2.66731e-6 -0.02543896 0.9996765 -0.003341674 -0.02708482 0.9996277 2.56684e-5 -0.02543908 0.9996764 0 -0.02539849 0.9996775 0 -0.02539873 0.9996774 0 -0.08715593 0.9961947 0 -0.09083253 0.9958662 -1.25465e-6 -0.09088021 0.9958619 0 -0.08715587 0.9961948 0 -0.09088021 0.9958619 4.87392e-6 -0.09093773 0.9958566 0 -0.2947876 0.9555628 -4.89703e-6 -0.09093397 0.995857 0 -0.2947863 0.9555633 0 -0.4892154 0.8721631 0 -0.4892159 0.8721628 0 -0.6617463 0.7497279 0 -0.6617466 0.7497276 0 -0.8046483 0.5937517 0 -0.8046472 0.5937532 0 -0.9115466 0.4111969 0 -0.9115442 0.4112024 0 -0.9776431 0.2102717 0 -0.9776423 0.2102749 5.02062e-6 -0.9999995 0.001117348 -4.99693e-6 -0.9999994 0.001116156 0 -0.001483857 -0.999999 0 0.001488268 -0.999999 1.53127e-7 -0.001483857 -0.999999 0 0.001488268 -0.999999 1.91541e-7 -0.001483857 -0.999999 2.74703e-7 0.001488268 -0.999999 3.6217e-6 0.001556038 -0.9999989 0 0.1544468 -0.9880011 -3.63887e-6 0.001555919 -0.9999988 0 0.1544438 -0.9880017 0 0.3053137 -0.9522519 0 0.3053104 -0.9522529 0 0.4487895 -0.8936375 0 0.4487876 -0.8936386 0 0.5814865 -0.8135561 0 0.581485 -0.8135572 0 0.7002018 -0.713945 0 0.700201 -0.7139459 0 0.8021181 -0.5971657 0 0.8021168 -0.5971671 0 0.8847602 -0.4660466 0 0.8847571 -0.4660526 0 0.9461453 -0.3237425 0 0.9461431 -0.3237488 1.53446e-6 0.9758653 -0.2183735 -1.5295e-6 0.9758754 -0.2183285 0 0.9758735 -0.2183372 0 0.9762592 -0.216606 0 0.9758735 -0.2183372 0 0.9762593 -0.2166052 0 0.9758735 -0.2183364 6.94417e-7 0.9762485 -0.216654 -0.02860605 0.9727417 -0.2301205 -2.77013e-5 0.9762858 -0.2164859 -0.0286529 0.9727656 -0.2300131 -0.07811492 0.98056 -0.1800006 -0.07812982 0.9806197 -0.1796685 -0.1197616 0.984639 -0.1270564 -0.1198821 0.9846491 -0.1268644 -0.1621659 0.9764717 -0.142145 -0.1623547 0.9764499 -0.14208 -0.1633071 0.9729619 -0.1633282 -0.1635471 0.9729201 -0.1633374 -0.1630591 -0.973046 -0.1630746 -0.1618717 -0.9765659 -0.1418331 -0.1630513 -0.9730494 -0.1630619 -0.1618927 -0.9765623 -0.141834 -0.1194864 -0.9847221 -0.1266705 -0.1195442 -0.9847089 -0.1267186 -0.07795321 -0.9806675 -0.179484 -0.07801753 -0.9806448 -0.1795806 -0.02856945 -0.9728562 -0.2296403 -0.02855932 -0.9728438 -0.2296942 -6.83209e-6 -0.9763414 -0.2162349 2.89977e-5 -0.9763315 -0.2162793 0 -0.9763522 -0.2161859 0 -0.9759568 -0.2179642 -6.11243e-7 -0.9759565 -0.2179656 0 -0.9763519 -0.2161874 0 -0.9759565 -0.2179656 1.55011e-6 -0.9759576 -0.2179607 0 -0.9461338 -0.323776 -1.55746e-6 -0.9759576 -0.2179607 0 -0.9461349 -0.323773 0 -0.88476 -0.466047 0 -0.8847615 -0.4660441 0 -0.8021261 -0.5971549 0 -0.8021287 -0.5971512 0 -0.7002316 -0.7139158 0 -0.7002348 -0.7139126 0 -0.5815156 -0.8135353 7.93847e-6 -0.5815169 -0.8135344 9.44775e-5 -0.4488035 -0.8936305 9.3888e-5 -0.4488127 -0.893626 8.52758e-6 -0.3053663 -0.952235 0 -0.3053724 -0.952233 0 -0.1545587 -0.9879837 0 -0.1545616 -0.9879832 3.64805e-6 -0.001532673 -0.9999989 -3.63084e-6 -0.00153315 -0.9999989 2.7616e-7 0.9999994 0.001102566 1.3096e-7 0.9999994 -0.001102566 1.46545e-7 0.9999994 -0.001102566 1.86594e-7 0.9999994 0.001102566 4.9901e-6 0.9999995 0.001102209 0 0.9776546 0.2102179 -5.01376e-6 0.9999995 0.001102209 0 0.9776549 0.2102167 0 0.9115173 0.4112617 0 0.9115199 0.411256 0 0.8045859 0.5938364 0 0.8045898 0.5938311 0 0.661651 0.749812 0 0.6616505 0.7498125 0 0.4891128 0.8722205 0 0.4891114 0.8722214 0 0.2946696 0.9555992 0 0.2946702 0.955599 4.89246e-6 0.09088009 0.9958619 -4.86938e-6 0.09088003 0.995862 1.78625e-7 0.09088569 0.9958614 0 0.08716136 0.9961943 0 0.09088569 0.9958614 0 0.0871613 0.9961943 0 0.09088563 0.9958614 0 0.02516257 0.9996834 0 0.02516257 0.9996834 0 0.0252521 0.9996811 -0.003328025 0.0268315 0.9996345 0 0.0252521 0.9996811 -0.003497064 0.02688699 0.9996324 -1.69244e-4 0.02519303 0.9996826 -0.003506839 0.02683389 0.9996339 -0.003266513 0.0268343 0.9996346 -0.009141027 0.02075481 0.9997429 -0.003565728 0.02683532 0.9996336 -0.008896529 0.02080255 0.9997441 -0.01386368 0.0146079 0.9997972 -0.0137704 0.01459795 0.9997986 -0.01882672 0.01651215 0.9996864 -0.01903301 0.01652348 0.9996823 -0.01884138 0.01652216 0.999686 -0.01905298 0.01910144 0.9996361 -0.01884186 0.0165224 0.999686 -0.01896196 0.01907825 0.9996382 -0.01873731 0.01651388 0.9996881 -0.01896226 0.01907736 0.9996383 -0.01917034 0.01916593 -0.9996326 -0.01878511 0.01660662 -0.9996857 -0.01916146 0.01664322 -0.9996779 -0.01933538 0.01916635 -0.9996294 -0.01916104 0.01664298 -0.9996779 -0.01925265 0.01662504 -0.9996764 -0.01409953 0.01480549 -0.999791 -0.01882261 0.01662671 -0.9996846 -0.01382005 0.01479351 -0.9997951 -0.009196877 0.02113747 -0.9997344 -0.009193301 0.02112919 -0.9997345 -0.003356456 0.02712976 -0.9996263 -0.00313872 0.02716076 -0.9996262 -0.003481745 0.0271244 -0.9996261 -1.08489e-4 0.02540934 -0.9996772 -0.003481864 0.02712476 -0.9996261 -9.72673e-6 0.02538269 -0.9996779 -0.003405392 0.02712458 -0.9996263 2.5672e-5 0.02538263 -0.9996779 0 0.02540028 -0.9996774 0 0.02540028 -0.9996774 0 0.08715695 -0.9961946 0 0.09088128 -0.9958618 -1.78625e-7 0.09088349 -0.9958616 0 0.08715915 -0.9961945 0 0.09088349 -0.9958616 4.87622e-6 0.09092503 -0.9958578 0 0.2948138 -0.9555549 -4.89933e-6 0.09092777 -0.9958575 0 0.2948178 -0.9555536 0 0.4892221 -0.8721593 0 0.4892213 -0.8721597 0 0.6617441 -0.7497298 0 0.6617401 -0.7497333 0 0.8046413 -0.5937613 0 0.8046433 -0.5937585 0 0.9115458 -0.4111989 0 0.9115477 -0.4111947 0 0.9776442 -0.2102667 0 0.9776442 -0.2102665 5.02062e-6 0.9999994 -0.00111407 -4.99693e-6 0.9999994 -0.001112878</float_array>
          <technique_common>
            <accessor source="#___ARD-geom-mesh-normals-array" count="2627" stride="3">
              <param name="X" type="float"/>
              <param name="Y" type="float"/>
              <param name="Z" type="float"/>
            </accessor>
          </technique_common>
        </source>
        <source id="___ARD-geom-mesh-map-0">
          <float_array id="___ARD-geom-mesh-map-0-array" count="14328">0.7839392 0.2496803 0.7834037 0.06791752 0.7839392 0.06794869 0.7839392 0.2496803 0.7834134 0.249689 0.7834037 0.06791752 0.7834134 0.249689 0.7829423 0.06789058 0.7834037 0.06791752 0.7834134 0.249689 0.7829605 0.2496964 0.7829423 0.06789058 0.7829605 0.2496964 0.7826333 0.06787258 0.7829423 0.06789058 0.7829605 0.2496964 0.7826571 0.2497014 0.7826333 0.06787258 0.7826571 0.2497014 0.7821018 0.06778287 0.7826333 0.06787258 0.7826571 0.2497014 0.7821174 0.2497103 0.7821018 0.06778287 0.7821174 0.2497103 0.7815582 0.06766819 0.7821018 0.06778287 0.7821174 0.2497103 0.7815582 0.2497195 0.7815582 0.06766819 0.7792939 0.06666713 0.2207059 0.06700682 0.2207059 0.06666713 0.7792939 0.06666713 0.7792939 0.06700682 0.2207059 0.06700682 0.7792939 0.06700682 0.2207059 0.06729942 0.2207059 0.06700682 0.7792939 0.06700682 0.7792939 0.06729942 0.2207059 0.06729942 0.7792939 0.06729942 0.2207059 0.06749552 0.2207059 0.06729942 0.7792939 0.06729942 0.7792939 0.06749552 0.2207059 0.06749552 0.7792939 0.06749552 0.2207059 0.06784427 0.2207059 0.06749552 0.7792939 0.06749552 0.7792939 0.06784427 0.2207059 0.06784427 0.7792939 0.06784427 0.2207059 0.06820559 0.2207059 0.06784427 0.7792939 0.06784427 0.7792939 0.06820559 0.2207059 0.06820559 0.2162699 0.06794846 0.2167956 0.2496924 0.2162699 0.2496838 0.2162699 0.06794846 0.2168072 0.06791186 0.2167956 0.2496924 0.2168072 0.06791186 0.2172484 0.2497 0.2167956 0.2496924 0.2168072 0.06791186 0.21727 0.06788033 0.2172484 0.2497 0.21727 0.06788033 0.217552 0.2497048 0.2172484 0.2497 0.21727 0.06788033 0.2175772 0.06785011 0.217552 0.2497048 0.2175772 0.06785011 0.2180917 0.2497137 0.217552 0.2497048 0.2175772 0.06785011 0.2181045 0.067739 0.2180917 0.2497137 0.2181045 0.067739 0.2186508 0.2497229 0.2180917 0.2497137 0.2181045 0.067739 0.2186508 0.06762385 0.2186508 0.2497229 0.2207136 0.2512843 0.7792286 0.2509428 0.7792286 0.2512824 0.2207136 0.2512843 0.2207136 0.2509446 0.7792286 0.2509428 0.2207136 0.2509446 0.7792286 0.2506502 0.7792286 0.2509428 0.2207136 0.2509446 0.2207136 0.250652 0.7792286 0.2506502 0.2207136 0.250652 0.7792286 0.250454 0.7792286 0.2506502 0.2207136 0.250652 0.2207136 0.2504559 0.7792286 0.250454 0.2207136 0.2504559 0.7792286 0.2501053 0.7792286 0.250454 0.2207136 0.2504559 0.2207136 0.2501072 0.7792286 0.2501053 0.2207136 0.2501072 0.7792286 0.2497439 0.7792286 0.2501053 0.2207136 0.2501072 0.2207136 0.2497458 0.7792286 0.2497439 0.7792939 0.06820559 0.7793527 0.06670159 0.7802195 0.06720882 0.7792939 0.06820559 0.7802195 0.06720882 0.7812998 0.06761372 0.7792939 0.06820559 0.7812998 0.06761372 0.7815582 0.06766819 0.7792939 0.06820559 0.7815582 0.06766819 0.7815582 0.2497195 0.7792939 0.06820559 0.7815582 0.2497195 0.781236 0.2497248 0.7792939 0.06820559 0.781236 0.2497248 0.7805897 0.2498608 0.7792939 0.06820559 0.7805897 0.2498608 0.780027 0.2501074 0.7792939 0.06820559 0.780027 0.2501074 0.779592 0.2504449 0.7792939 0.06820559 0.779592 0.2504449 0.7793187 0.2508471 0.7793187 0.2508471 0.7792392 0.2512316 0.7792286 0.2497439 0.7792939 0.06820559 0.7793187 0.2508471 0.7792286 0.2497439 0.2207059 0.06820559 0.7792939 0.06820559 0.7792286 0.2497439 0.2207059 0.06820559 0.7792286 0.2497439 0.2207136 0.2497458 0.2207136 0.2497458 0.2207097 0.2512331 0.2206801 0.2508471 0.2207136 0.2497458 0.2206801 0.2508471 0.2204068 0.2504449 0.2207136 0.2497458 0.2204068 0.2504449 0.2199718 0.2501074 0.2207136 0.2497458 0.2199718 0.2501074 0.2194091 0.2498608 0.2207136 0.2497458 0.2194091 0.2498608 0.2187628 0.2497248 0.2207059 0.06820559 0.2207136 0.2497458 0.2187628 0.2497248 0.2207059 0.06820559 0.2187628 0.2497248 0.2186508 0.2497229 0.2207059 0.06820559 0.2186508 0.2497229 0.2186508 0.06762385 0.2207059 0.06820559 0.2186508 0.06762385 0.2186995 0.0676136 0.2207059 0.06820559 0.2186995 0.0676136 0.2197799 0.06720876 0.2207059 0.06820559 0.2197799 0.06720876 0.220647 0.06670153 0.218254 0.2528526 0.2187798 0.5317451 0.218254 0.531731 0.218254 0.2528526 0.2187797 0.2528456 0.2187798 0.5317451 0.2187797 0.2528456 0.2192326 0.5317572 0.2187798 0.5317451 0.2187797 0.2528456 0.2192326 0.2528396 0.2192326 0.5317572 0.2192326 0.2528396 0.2195361 0.5317654 0.2192326 0.5317572 0.2192326 0.2528396 0.2195361 0.2528355 0.2195361 0.5317654 0.2195361 0.2528355 0.2200758 0.5317798 0.2195361 0.5317654 0.2195361 0.2528355 0.2200757 0.2528284 0.2200758 0.5317798 0.2200757 0.2528284 0.2206349 0.5317948 0.2200758 0.5317798 0.2200757 0.2528284 0.2206349 0.2528209 0.2206349 0.5317948 0.218254 0.531731 0.219256 0.5318132 0.2188652 0.5318185 0.218254 0.531731 0.2187798 0.5317451 0.219256 0.5318132 0.2187798 0.5317451 0.2195926 0.5318087 0.219256 0.5318132 0.2187798 0.5317451 0.2192326 0.5317572 0.2195926 0.5318087 0.2192326 0.5317572 0.2198182 0.5318057 0.2195926 0.5318087 0.2192326 0.5317572 0.2195361 0.5317654 0.2198182 0.5318057 0.2195361 0.5317654 0.2202193 0.5318003 0.2198182 0.5318057 0.2195361 0.5317654 0.2200758 0.5317798 0.2202193 0.5318003 0.2200758 0.5317798 0.2206349 0.5317948 0.2202193 0.5318003 0.2188652 0.5318185 0.2197934 0.5319469 0.2195549 0.53199 0.2188652 0.5318185 0.219256 0.5318132 0.2197934 0.5319469 0.219256 0.5318132 0.2199988 0.5319098 0.2197934 0.5319469 0.219256 0.5318132 0.2195926 0.5318087 0.2199988 0.5319098 0.2195926 0.5318087 0.2201365 0.5318849 0.2199988 0.5319098 0.2195926 0.5318087 0.2198182 0.5318057 0.2201365 0.5318849 0.2198182 0.5318057 0.2203813 0.5318406 0.2201365 0.5318849 0.2198182 0.5318057 0.2202193 0.5318003 0.2203813 0.5318406 0.2202193 0.5318003 0.2206349 0.5317948 0.2203813 0.5318406 0.2195549 0.53199 0.2202427 0.5321798 0.2201316 0.532289 0.2195549 0.53199 0.2197934 0.5319469 0.2202427 0.5321798 0.2197934 0.5319469 0.2203385 0.5320859 0.2202427 0.5321798 0.2197934 0.5319469 0.2199988 0.5319098 0.2203385 0.5320859 0.2199988 0.5319098 0.2204027 0.5320228 0.2203385 0.5320859 0.2199988 0.5319098 0.2201365 0.5318849 0.2204027 0.5320228 0.2201365 0.5318849 0.2205168 0.5319109 0.2204027 0.5320228 0.2201365 0.5318849 0.2203813 0.5318406 0.2205168 0.5319109 0.2203813 0.5318406 0.2206349 0.5317948 0.2205168 0.5319109 0.2201316 0.532289 0.2205629 0.5324894 0.2205425 0.5326861 0.2201316 0.532289 0.2202427 0.5321798 0.2205629 0.5324894 0.2202427 0.5321798 0.2205805 0.5323198 0.2205629 0.5324894 0.2202427 0.5321798 0.2203385 0.5320859 0.2205805 0.5323198 0.2203385 0.5320859 0.2205923 0.5322062 0.2205805 0.5323198 0.2203385 0.5320859 0.2204027 0.5320228 0.2205923 0.5322062 0.2204027 0.5320228 0.2206133 0.5320041 0.2205923 0.5322062 0.2204027 0.5320228 0.2205168 0.5319109 0.2206133 0.5320041 0.2205168 0.5319109 0.2206349 0.5317948 0.2206133 0.5320041 0.2205425 0.5326861 0.2207242 0.5328467 0.2207495 0.5331448 0.2205425 0.5326861 0.2205629 0.5324894 0.2207242 0.5328467 0.2205629 0.5324894 0.2207025 0.5325899 0.2207242 0.5328467 0.2205629 0.5324894 0.2205805 0.5323198 0.2207025 0.5325899 0.2205805 0.5323198 0.2206878 0.5324178 0.2207025 0.5325899 0.2205805 0.5323198 0.2205923 0.5322062 0.2206878 0.5324178 0.2205923 0.5322062 0.2206618 0.5321119 0.2206878 0.5324178 0.2205923 0.5322062 0.2206133 0.5320041 0.2206618 0.5321119 0.2206133 0.5320041 0.2206349 0.5317948 0.2206618 0.5321119 0.2207495 0.5331448 0.2207117 0.5332189 0.2207335 0.5336224 0.2207495 0.5331448 0.2207242 0.5328467 0.2207117 0.5332189 0.2207242 0.5328467 0.2206929 0.5328713 0.2207117 0.5332189 0.2207242 0.5328467 0.2207025 0.5325899 0.2206929 0.5328713 0.2207025 0.5325899 0.2206804 0.5326383 0.2206929 0.5328713 0.2207025 0.5325899 0.2206878 0.5324178 0.2206804 0.5326383 0.2206878 0.5324178 0.2206581 0.532224 0.2206804 0.5326383 0.2206878 0.5324178 0.2206618 0.5321119 0.2206581 0.532224 0.2206618 0.5321119 0.2206349 0.5317948 0.2206581 0.532224 0.2207335 0.5336224 0.2207403 0.5329936 0.2207702 0.5333333 0.2207335 0.5336224 0.2207117 0.5332189 0.2207403 0.5329936 0.2207117 0.5332189 0.2207146 0.532701 0.2207403 0.5329936 0.2207117 0.5332189 0.2206929 0.5328713 0.2207146 0.532701 0.2206929 0.5328713 0.2206974 0.5325048 0.2207146 0.532701 0.2206929 0.5328713 0.2206804 0.5326383 0.2206974 0.5325048 0.2206804 0.5326383 0.2206667 0.5321561 0.2206974 0.5325048 0.2206804 0.5326383 0.2206581 0.532224 0.2206667 0.5321561 0.2206581 0.532224 0.2206349 0.5317948 0.2206667 0.5321561 0.2207702 0.5333333 0.7785231 0.5329936 0.7785231 0.5333333 0.2207702 0.5333333 0.2207403 0.5329936 0.7785231 0.5329936 0.2207403 0.5329936 0.7785231 0.532701 0.7785231 0.5329936 0.2207403 0.5329936 0.2207146 0.532701 0.7785231 0.532701 0.2207146 0.532701 0.7785231 0.5325048 0.7785231 0.532701 0.2207146 0.532701 0.2206974 0.5325048 0.7785231 0.5325048 0.2206974 0.5325048 0.7785231 0.5321561 0.7785231 0.5325048 0.2206974 0.5325048 0.2206667 0.5321561 0.7785231 0.5321561 0.2206667 0.5321561 0.778523 0.5317948 0.7785231 0.5321561 0.2206667 0.5321561 0.2206349 0.5317948 0.778523 0.5317948 0.7817447 0.531731 0.781219 0.2528352 0.7817447 0.2528392 0.7817447 0.531731 0.7810763 0.5318372 0.781219 0.2528352 0.7810763 0.5318372 0.7807661 0.2528316 0.781219 0.2528352 0.7810763 0.5318372 0.7805226 0.5319698 0.7807661 0.2528316 0.7805226 0.5319698 0.7804626 0.2528293 0.7807661 0.2528316 0.7805226 0.5319698 0.7801921 0.5321128 0.7804626 0.2528293 0.7801921 0.5321128 0.7799229 0.2528252 0.7804626 0.2528293 0.7801921 0.5321128 0.7797011 0.532437 0.7799229 0.2528252 0.7797011 0.532437 0.7793637 0.2528209 0.7799229 0.2528252 0.7797011 0.532437 0.7793637 0.5328541 0.7793637 0.2528209 0.7817447 0.2528392 0.7806819 0.2527977 0.7810553 0.2527912 0.7817447 0.2528392 0.781219 0.2528352 0.7806819 0.2527977 0.781219 0.2528352 0.78036 0.2528034 0.7806819 0.2527977 0.781219 0.2528352 0.7807661 0.2528316 0.78036 0.2528034 0.7807661 0.2528316 0.7801445 0.2528071 0.78036 0.2528034 0.7807661 0.2528316 0.7804626 0.2528293 0.7801445 0.2528071 0.7804626 0.2528293 0.779761 0.2528139 0.7801445 0.2528071 0.7804626 0.2528293 0.7799229 0.2528252 0.779761 0.2528139 0.7799229 0.2528252 0.7793637 0.2528209 0.779761 0.2528139 0.7810553 0.2527912 0.780183 0.2526639 0.7804152 0.2526193 0.7810553 0.2527912 0.7806819 0.2527977 0.780183 0.2526639 0.7806819 0.2527977 0.7799831 0.2527022 0.780183 0.2526639 0.7806819 0.2527977 0.78036 0.2528034 0.7799831 0.2527022 0.78036 0.2528034 0.7798489 0.2527279 0.7799831 0.2527022 0.78036 0.2528034 0.7801445 0.2528071 0.7798489 0.2527279 0.7801445 0.2528071 0.7796106 0.2527736 0.7798489 0.2527279 0.7801445 0.2528071 0.779761 0.2528139 0.7796106 0.2527736 0.779761 0.2528139 0.7793637 0.2528209 0.7796106 0.2527736 0.7804152 0.2526193 0.779763 0.2524443 0.7798762 0.2523376 0.7804152 0.2526193 0.780183 0.2526639 0.779763 0.2524443 0.780183 0.2526639 0.7796655 0.2525362 0.779763 0.2524443 0.780183 0.2526639 0.7799831 0.2527022 0.7796655 0.2525362 0.7799831 0.2527022 0.7796002 0.2525979 0.7796655 0.2525362 0.7799831 0.2527022 0.7798489 0.2527279 0.7796002 0.2525979 0.7798489 0.2527279 0.7794841 0.2527074 0.7796002 0.2525979 0.7798489 0.2527279 0.7796106 0.2527736 0.7794841 0.2527074 0.7796106 0.2527736 0.7793637 0.2528209 0.7794841 0.2527074 0.7798762 0.2523376 0.779456 0.2521571 0.7794821 0.251969 0.7798762 0.2523376 0.779763 0.2524443 0.779456 0.2521571 0.779763 0.2524443 0.7794335 0.2523191 0.779456 0.2521571 0.779763 0.2524443 0.7796655 0.2525362 0.7794335 0.2523191 0.7796655 0.2525362 0.7794184 0.2524277 0.7794335 0.2523191 0.7796655 0.2525362 0.7796002 0.2525979 0.7794184 0.2524277 0.7796002 0.2525979 0.7793915 0.2526208 0.7794184 0.2524277 0.7796002 0.2525979 0.7794841 0.2527074 0.7793915 0.2526208 0.7794841 0.2527074 0.7793637 0.2528209 0.7793915 0.2526208 0.7794821 0.251969 0.7792871 0.2518255 0.7792654 0.2515435 0.7794821 0.251969 0.779456 0.2521571 0.7792871 0.2518255 0.779456 0.2521571 0.7793058 0.2520685 0.7792871 0.2518255 0.779456 0.2521571 0.7794335 0.2523191 0.7793058 0.2520685 0.7794335 0.2523191 0.7793183 0.2522313 0.7793058 0.2520685 0.7794335 0.2523191 0.7794184 0.2524277 0.7793183 0.2522313 0.7794184 0.2524277 0.7793406 0.2525209 0.7793183 0.2522313 0.7794184 0.2524277 0.7793915 0.2526208 0.7793406 0.2525209 0.7793915 0.2526208 0.7793637 0.2528209 0.7793406 0.2525209 0.7792654 0.2515435 0.7792585 0.2516222 0.7792286 0.2512824 0.7792654 0.2515435 0.7792871 0.2518255 0.7792585 0.2516222 0.7792871 0.2518255 0.7792842 0.2519147 0.7792585 0.2516222 0.7792871 0.2518255 0.7793058 0.2520685 0.7792842 0.2519147 0.7793058 0.2520685 0.7793014 0.2521108 0.7792842 0.2519147 0.7793058 0.2520685 0.7793183 0.2522313 0.7793014 0.2521108 0.7793183 0.2522313 0.779332 0.2524596 0.7793014 0.2521108 0.7793183 0.2522313 0.7793406 0.2525209 0.779332 0.2524596 0.7793406 0.2525209 0.7793637 0.2528209 0.779332 0.2524596 0.7792286 0.2512824 0.2207404 0.2516222 0.2207702 0.2512824 0.7792286 0.2512824 0.7792585 0.2516222 0.2207404 0.2516222 0.7792585 0.2516222 0.2207146 0.2519147 0.2207404 0.2516222 0.7792585 0.2516222 0.7792842 0.2519147 0.2207146 0.2519147 0.7792842 0.2519147 0.2206974 0.2521108 0.2207146 0.2519147 0.7792842 0.2519147 0.7793014 0.2521108 0.2206974 0.2521108 0.7793014 0.2521108 0.2206667 0.2524596 0.2206974 0.2521108 0.7793014 0.2521108 0.779332 0.2524596 0.2206667 0.2524596 0.779332 0.2524596 0.2206349 0.2528209 0.2206667 0.2524596 0.779332 0.2524596 0.7793637 0.2528209 0.2206349 0.2528209 0.2207702 0.2512824 0.2207117 0.2518255 0.2207335 0.2515435 0.2207702 0.2512824 0.2207404 0.2516222 0.2207117 0.2518255 0.2207404 0.2516222 0.2206929 0.2520685 0.2207117 0.2518255 0.2207404 0.2516222 0.2207146 0.2519147 0.2206929 0.2520685 0.2207146 0.2519147 0.2206804 0.2522313 0.2206929 0.2520685 0.2207146 0.2519147 0.2206974 0.2521108 0.2206804 0.2522313 0.2206974 0.2521108 0.2206581 0.2525209 0.2206804 0.2522313 0.2206974 0.2521108 0.2206667 0.2524596 0.2206581 0.2525209 0.2206667 0.2524596 0.2206349 0.2528209 0.2206581 0.2525209 0.2207335 0.2515435 0.2206565 0.2519732 0.2206626 0.251733 0.2207335 0.2515435 0.2207117 0.2518255 0.2206565 0.2519732 0.2207117 0.2518255 0.2206513 0.2521802 0.2206565 0.2519732 0.2207117 0.2518255 0.2206929 0.2520685 0.2206513 0.2521802 0.2206929 0.2520685 0.2206477 0.2523188 0.2206513 0.2521802 0.2206929 0.2520685 0.2206804 0.2522313 0.2206477 0.2523188 0.2206804 0.2522313 0.2206414 0.2525654 0.2206477 0.2523188 0.2206804 0.2522313 0.2206581 0.2525209 0.2206414 0.2525654 0.2206581 0.2525209 0.2206349 0.2528209 0.2206414 0.2525654 0.2206626 0.251733 0.2203816 0.2523294 0.2203098 0.2521902 0.2206626 0.251733 0.2206565 0.2519732 0.2203816 0.2523294 0.2206565 0.2519732 0.2204434 0.2524494 0.2203816 0.2523294 0.2206565 0.2519732 0.2206513 0.2521802 0.2204434 0.2524494 0.2206513 0.2521802 0.2204849 0.2525298 0.2204434 0.2524494 0.2206513 0.2521802 0.2206477 0.2523188 0.2204849 0.2525298 0.2206477 0.2523188 0.2205586 0.2526727 0.2204849 0.2525298 0.2206477 0.2523188 0.2206414 0.2525654 0.2205586 0.2526727 0.2206414 0.2525654 0.2206349 0.2528209 0.2205586 0.2526727 0.2203098 0.2521902 0.2199442 0.2526098 0.2197485 0.25255 0.2203098 0.2521902 0.2203816 0.2523294 0.2199442 0.2526098 0.2203816 0.2523294 0.2201129 0.2526613 0.2199442 0.2526098 0.2203816 0.2523294 0.2204434 0.2524494 0.2201129 0.2526613 0.2204434 0.2524494 0.2202258 0.2526959 0.2201129 0.2526613 0.2204434 0.2524494 0.2204849 0.2525298 0.2202258 0.2526959 0.2204849 0.2525298 0.2204267 0.2527573 0.2202258 0.2526959 0.2204849 0.2525298 0.2205586 0.2526727 0.2204267 0.2527573 0.2205586 0.2526727 0.2206349 0.2528209 0.2204267 0.2527573 0.2197485 0.25255 0.2193908 0.2527845 0.2190382 0.2527742 0.2197485 0.25255 0.2199442 0.2526098 0.2193908 0.2527845 0.2199442 0.2526098 0.2196944 0.2527934 0.2193908 0.2527845 0.2199442 0.2526098 0.2201129 0.2526613 0.2196944 0.2527934 0.2201129 0.2526613 0.219898 0.2527993 0.2196944 0.2527934 0.2201129 0.2526613 0.2202258 0.2526959 0.219898 0.2527993 0.2202258 0.2526959 0.2202599 0.25281 0.219898 0.2527993 0.2202258 0.2526959 0.2204267 0.2527573 0.2202599 0.25281 0.2204267 0.2527573 0.2206349 0.2528209 0.2202599 0.25281 0.2190382 0.2527742 0.2187797 0.2528456 0.218254 0.2528526 0.2190382 0.2527742 0.2193908 0.2527845 0.2187797 0.2528456 0.2193908 0.2527845 0.2192326 0.2528396 0.2187797 0.2528456 0.2193908 0.2527845 0.2196944 0.2527934 0.2192326 0.2528396 0.2196944 0.2527934 0.2195361 0.2528355 0.2192326 0.2528396 0.2196944 0.2527934 0.219898 0.2527993 0.2195361 0.2528355 0.219898 0.2527993 0.2200757 0.2528284 0.2195361 0.2528355 0.219898 0.2527993 0.2202599 0.25281 0.2200757 0.2528284 0.2202599 0.25281 0.2206349 0.2528209 0.2200757 0.2528284 0.778523 0.5317948 0.2206349 0.5317948 0.2206349 0.2528209 0.778523 0.5317948 0.2206349 0.2528209 0.7793637 0.2528209 0.7792286 0.5333333 0.7786025 0.5333333 0.778523 0.5317948 0.7793283 0.5329044 0.7792286 0.5333333 0.778523 0.5317948 0.7793637 0.5328541 0.7793283 0.5329044 0.778523 0.5317948 0.7793637 0.5328541 0.778523 0.5317948 0.7793637 0.2528209 0.2207059 0.06666713 0.7789499 0.06635087 0.7792939 0.06666713 0.2207059 0.06666713 0.2210501 0.06635087 0.7789499 0.06635087 0.2210501 0.06635087 0.7786535 0.06607842 0.7789499 0.06635087 0.2210501 0.06635087 0.2213466 0.06607848 0.7786535 0.06607842 0.2213466 0.06607848 0.7784716 0.06589025 0.7786535 0.06607842 0.2213466 0.06607848 0.2215287 0.06589031 0.7784716 0.06589025 0.2215287 0.06589031 0.7782661 0.06551623 0.7784716 0.06589025 0.2215287 0.06589031 0.2217341 0.06551623 0.7782661 0.06551623 0.2217341 0.06551623 0.7780534 0.06512868 0.7782661 0.06551623 0.2217341 0.06551623 0.221947 0.06512868 0.7780534 0.06512868 0.2545862 0.005701959 0.255526 0.004140377 0.2569661 0.002747774 0.2569661 0.002747774 0.2588386 0.001589536 0.2610546 7.2062e-4 0.2545862 0.005701959 0.2569661 0.002747774 0.2610546 7.2062e-4 0.2610546 7.2062e-4 0.2635092 1.8215e-4 0.2660859 0 0.2545862 0.005701959 0.2610546 7.2062e-4 0.2660859 0 0.221947 0.06512868 0.2545862 0.005701959 0.2660859 0 0.7780534 0.06512868 0.221947 0.06512868 0.2660859 0 0.7780534 0.06512868 0.2660859 0 0.7339142 0 0.7430339 0.002748131 0.7444738 0.004140913 0.7454125 0.005702137 0.7389456 7.2079e-4 0.7411616 0.001589715 0.7430339 0.002748131 0.7389456 7.2079e-4 0.7430339 0.002748131 0.7454125 0.005702137 0.7364909 1.8233e-4 0.7389456 7.2079e-4 0.7454125 0.005702137 0.7454125 0.005702137 0.7780534 0.06512868 0.7339142 0 0.7364909 1.8233e-4 0.7454125 0.005702137 0.7339142 0 0.2207136 0.720515 0.7792286 0.7201734 0.7792286 0.7205132 0.2207136 0.720515 0.2207136 0.7201753 0.7792286 0.7201734 0.2207136 0.7201753 0.7792286 0.7198808 0.7792286 0.7201734 0.2207136 0.7201753 0.2207136 0.7198826 0.7792286 0.7198808 0.2207136 0.7198826 0.7792286 0.7196847 0.7792286 0.7198808 0.2207136 0.7198826 0.2207136 0.7196865 0.7792286 0.7196847 0.2207136 0.7196865 0.7792286 0.719336 0.7792286 0.7196847 0.2207136 0.7196865 0.2207136 0.7193378 0.7792286 0.719336 0.2207136 0.7193378 0.7792286 0.7189747 0.7792286 0.719336 0.2207136 0.7193378 0.2207136 0.7189765 0.7792286 0.7189747 0.7837289 0.7189146 0.7832023 0.5349442 0.7837289 0.5349528 0.7837289 0.7189146 0.7832032 0.7189232 0.7832023 0.5349442 0.7832032 0.7189232 0.7827488 0.5349368 0.7832023 0.5349442 0.7832032 0.7189232 0.7827503 0.7189307 0.7827488 0.5349368 0.7827503 0.7189307 0.7824448 0.5349319 0.7827488 0.5349368 0.7827503 0.7189307 0.7824468 0.7189357 0.7824448 0.5349319 0.7824468 0.7189357 0.7819042 0.5349231 0.7824448 0.5349319 0.7824468 0.7189357 0.781907 0.7189446 0.7819042 0.5349231 0.781907 0.7189446 0.7813478 0.5348871 0.7819042 0.5349231 0.781907 0.7189446 0.7813478 0.7189537 0.7813478 0.5348871 0.7785231 0.5333333 0.2207702 0.5336729 0.2207702 0.5333333 0.7785231 0.5333333 0.7785231 0.5336729 0.2207702 0.5336729 0.7785231 0.5336729 0.2207702 0.5339656 0.2207702 0.5336729 0.7785231 0.5336729 0.7785231 0.5339656 0.2207702 0.5339656 0.7785231 0.5339656 0.2207702 0.5341617 0.2207702 0.5339656 0.7785231 0.5339656 0.7785231 0.5341617 0.2207702 0.5341617 0.7785231 0.5341617 0.2207702 0.5345104 0.2207702 0.5341617 0.7785231 0.5341617 0.7785231 0.5345104 0.2207702 0.5345104 0.7785231 0.5345104 0.2207702 0.5348717 0.2207702 0.5345104 0.7785231 0.5345104 0.7785231 0.5348717 0.2207702 0.5348717 0.2162699 0.5349528 0.2167956 0.7189232 0.2162699 0.7189146 0.2162699 0.5349528 0.2167962 0.5349442 0.2167956 0.7189232 0.2167962 0.5349442 0.2172484 0.7189307 0.2167956 0.7189232 0.2167962 0.5349442 0.2172496 0.5349368 0.2172484 0.7189307 0.2172496 0.5349368 0.217552 0.7189357 0.2172484 0.7189307 0.2172496 0.5349368 0.2175535 0.5349319 0.217552 0.7189357 0.2175535 0.5349319 0.2180917 0.7189446 0.217552 0.7189357 0.2175535 0.5349319 0.2180939 0.5349231 0.2180917 0.7189446 0.2180939 0.5349231 0.2186508 0.7189537 0.2180917 0.7189446 0.2180939 0.5349231 0.2186508 0.534891 0.2186508 0.7189537 0.7809028 0.5348414 0.7813478 0.5348871 0.7813478 0.7189537 0.7802219 0.5346157 0.7809028 0.5348414 0.7813478 0.7189537 0.7796837 0.5342643 0.7802219 0.5346157 0.7813478 0.7189537 0.7792654 0.5336225 0.7796837 0.5342643 0.7813478 0.7189537 0.7792654 0.5336225 0.7813478 0.7189537 0.781236 0.7189555 0.7792654 0.5336225 0.781236 0.7189555 0.7805896 0.7190917 0.7792654 0.5336225 0.7805896 0.7190917 0.7800269 0.7193381 0.7792654 0.5336225 0.7800269 0.7193381 0.7795919 0.7196756 0.7792654 0.5336225 0.7795919 0.7196756 0.7793186 0.7200778 0.7793186 0.7200778 0.7792391 0.7204623 0.7792286 0.7189747 0.7792654 0.5336225 0.7793186 0.7200778 0.7792286 0.7189747 0.7785231 0.5348717 0.778591 0.5333598 0.7792654 0.5336225 0.7785231 0.5348717 0.7792654 0.5336225 0.7792286 0.7189747 0.7785231 0.5348717 0.7792286 0.7189747 0.2207136 0.7189765 0.2207702 0.5348717 0.7785231 0.5348717 0.2207136 0.7189765 0.2207136 0.7189765 0.2207097 0.7204638 0.2206801 0.7200778 0.2207702 0.5348717 0.2207136 0.7189765 0.2206801 0.7200778 0.2207702 0.5348717 0.2206801 0.7200778 0.2204068 0.7196756 0.2207702 0.5348717 0.2204068 0.7196756 0.2199718 0.7193381 0.2207702 0.5348717 0.2199718 0.7193381 0.2194091 0.7190917 0.2207702 0.5348717 0.2194091 0.7190917 0.2187628 0.7189555 0.2207702 0.5348717 0.2187628 0.7189555 0.2186508 0.7189537 0.2207702 0.5348717 0.2186508 0.7189537 0.2186508 0.534891 0.2207702 0.5348717 0.2186508 0.534891 0.2190102 0.5348584 0.2207702 0.5348717 0.2190102 0.5348584 0.219628 0.5346809 0.2207702 0.5348717 0.219628 0.5346809 0.2201461 0.5344001 0.2207702 0.5345104 0.2207702 0.5348717 0.2201461 0.5344001 0.2207702 0.5341617 0.2207702 0.5345104 0.2201461 0.5344001 0.2207702 0.5341617 0.2201461 0.5344001 0.2205243 0.534038 0.2207702 0.5339656 0.2207702 0.5341617 0.2205243 0.534038 0.2207702 0.5336729 0.2207702 0.5339656 0.2205243 0.534038 0.2207702 0.5336729 0.2205243 0.534038 0.2207335 0.5336225 0.2207702 0.5336729 0.2207335 0.5336225 0.2207702 0.5333333 0.7817448 0.9979669 0.7811326 0.7220667 0.7816583 0.7220708 0.7817448 0.9979669 0.7812192 0.9980278 0.7811326 0.7220667 0.7812192 0.9980278 0.7806798 0.722063 0.7811326 0.7220667 0.7812192 0.9980278 0.7807663 0.9980801 0.7806798 0.722063 0.7807663 0.9980801 0.7803763 0.7220605 0.7806798 0.722063 0.7807663 0.9980801 0.7804628 0.9981154 0.7803763 0.7220605 0.7804628 0.9981154 0.7798365 0.7220562 0.7803763 0.7220605 0.7804628 0.9981154 0.7799232 0.9981779 0.7798365 0.7220562 0.7799232 0.9981779 0.7792774 0.7220516 0.7798365 0.7220562 0.7799232 0.9981779 0.7793639 0.9982427 0.7792774 0.7220516 0.7816583 0.7220708 0.7806109 0.7220193 0.7809887 0.7220102 0.7816583 0.7220708 0.7811326 0.7220667 0.7806109 0.7220193 0.7811326 0.7220667 0.7802854 0.7220272 0.7806109 0.7220193 0.7811326 0.7220667 0.7806798 0.722063 0.7802854 0.7220272 0.7806798 0.722063 0.7800672 0.7220325 0.7802854 0.7220272 0.7806798 0.722063 0.7803763 0.7220605 0.7800672 0.7220325 0.7803763 0.7220605 0.7796793 0.7220419 0.7800672 0.7220325 0.7803763 0.7220605 0.7798365 0.7220562 0.7796793 0.7220419 0.7798365 0.7220562 0.7792774 0.7220516 0.7796793 0.7220419 0.7809887 0.7220102 0.7801294 0.7218809 0.7803709 0.7218326 0.7809887 0.7220102 0.7806109 0.7220193 0.7801294 0.7218809 0.7806109 0.7220193 0.7799214 0.7219226 0.7801294 0.7218809 0.7806109 0.7220193 0.7802854 0.7220272 0.7799214 0.7219226 0.7802854 0.7220272 0.7797821 0.7219505 0.7799214 0.7219226 0.7802854 0.7220272 0.7800672 0.7220325 0.7797821 0.7219505 0.7800672 0.7220325 0.7795342 0.7220002 0.7797821 0.7219505 0.7800672 0.7220325 0.7796793 0.7220419 0.7795342 0.7220002 0.7796793 0.7220419 0.7792774 0.7220516 0.7795342 0.7220002 0.7803709 0.7218326 0.7797257 0.7216622 0.7798528 0.7215519 0.7803709 0.7218326 0.7801294 0.7218809 0.7797257 0.7216622 0.7801294 0.7218809 0.7796163 0.7217573 0.7797257 0.7216622 0.7801294 0.7218809 0.7799214 0.7219226 0.7796163 0.7217573 0.7799214 0.7219226 0.7795429 0.721821 0.7796163 0.7217573 0.7799214 0.7219226 0.7797821 0.7219505 0.7795429 0.721821 0.7797821 0.7219505 0.7794125 0.7219343 0.7795429 0.721821 0.7797821 0.7219505 0.7795342 0.7220002 0.7794125 0.7219343 0.7795342 0.7220002 0.7792774 0.7220516 0.7794125 0.7219343 0.7798528 0.7215519 0.7794311 0.72138 0.7794746 0.7211896 0.7798528 0.7215519 0.7797257 0.7216622 0.7794311 0.72138 0.7797257 0.7216622 0.7793935 0.721544 0.7794311 0.72138 0.7797257 0.7216622 0.7796163 0.7217573 0.7793935 0.721544 0.7796163 0.7217573 0.7793684 0.7216538 0.7793935 0.721544 0.7796163 0.7217573 0.7795429 0.721821 0.7793684 0.7216538 0.7795429 0.721821 0.7793237 0.7218492 0.7793684 0.7216538 0.7795429 0.721821 0.7794125 0.7219343 0.7793237 0.7218492 0.7794125 0.7219343 0.7792774 0.7220516 0.7793237 0.7218492 0.7794746 0.7211896 0.7792394 0.7208529 0.7792286 0.7205132 0.7794746 0.7211896 0.7794311 0.72138 0.7792394 0.7208529 0.7794311 0.72138 0.7792486 0.7211455 0.7792394 0.7208529 0.7794311 0.72138 0.7793935 0.721544 0.7792486 0.7211455 0.7793935 0.721544 0.7792549 0.7213416 0.7792486 0.7211455 0.7793935 0.721544 0.7793684 0.7216538 0.7792549 0.7213416 0.7793684 0.7216538 0.7792659 0.7216903 0.7792549 0.7213416 0.7793684 0.7216538 0.7793237 0.7218492 0.7792659 0.7216903 0.7793237 0.7218492 0.7792774 0.7220516 0.7792659 0.7216903 0.7792286 0.7205132 0.2207404 0.7208529 0.2207703 0.7205132 0.7792286 0.7205132 0.7792394 0.7208529 0.2207404 0.7208529 0.7792394 0.7208529 0.2207146 0.7211455 0.2207404 0.7208529 0.7792394 0.7208529 0.7792486 0.7211455 0.2207146 0.7211455 0.7792486 0.7211455 0.2206974 0.7213416 0.2207146 0.7211455 0.7792486 0.7211455 0.7792549 0.7213416 0.2206974 0.7213416 0.7792549 0.7213416 0.2206667 0.7216903 0.2206974 0.7213416 0.7792549 0.7213416 0.7792659 0.7216903 0.2206667 0.7216903 0.7792659 0.7216903 0.2206349 0.7220516 0.2206667 0.7216903 0.7792659 0.7216903 0.7792774 0.7220516 0.2206349 0.7220516 0.2207703 0.7205132 0.2206565 0.721204 0.2206626 0.7209637 0.2207703 0.7205132 0.2207404 0.7208529 0.2206565 0.721204 0.2207404 0.7208529 0.2206512 0.7214109 0.2206565 0.721204 0.2207404 0.7208529 0.2207146 0.7211455 0.2206512 0.7214109 0.2207146 0.7211455 0.2206477 0.7215495 0.2206512 0.7214109 0.2207146 0.7211455 0.2206974 0.7213416 0.2206477 0.7215495 0.2206974 0.7213416 0.2206414 0.7217962 0.2206477 0.7215495 0.2206974 0.7213416 0.2206667 0.7216903 0.2206414 0.7217962 0.2206667 0.7216903 0.2206349 0.7220516 0.2206414 0.7217962 0.2206626 0.7209637 0.2204104 0.7215338 0.2203468 0.7213869 0.2206626 0.7209637 0.2206565 0.721204 0.2204104 0.7215338 0.2206565 0.721204 0.2204652 0.7216601 0.2204104 0.7215338 0.2206565 0.721204 0.2206512 0.7214109 0.2204652 0.7216601 0.2206512 0.7214109 0.2205019 0.7217448 0.2204652 0.7216601 0.2206512 0.7214109 0.2206477 0.7215495 0.2205019 0.7217448 0.2206477 0.7215495 0.2205672 0.7218956 0.2205019 0.7217448 0.2206477 0.7215495 0.2206414 0.7217962 0.2205672 0.7218956 0.2206414 0.7217962 0.2206349 0.7220516 0.2205672 0.7218956 0.2203468 0.7213869 0.2200242 0.7218016 0.2198511 0.7217308 0.2203468 0.7213869 0.2204104 0.7215338 0.2200242 0.7218016 0.2204104 0.7215338 0.2201733 0.7218626 0.2200242 0.7218016 0.2204104 0.7215338 0.2204652 0.7216601 0.2201733 0.7218626 0.2204652 0.7216601 0.2202732 0.7219035 0.2201733 0.7218626 0.2204652 0.7216601 0.2205019 0.7217448 0.2202732 0.7219035 0.2205019 0.7217448 0.2204508 0.7219763 0.2202732 0.7219035 0.2205019 0.7217448 0.2205672 0.7218956 0.2204508 0.7219763 0.2205672 0.7218956 0.2206349 0.7220516 0.2204508 0.7219763 0.2198511 0.7217308 0.2195327 0.7219837 0.2192203 0.7219644 0.2198511 0.7217308 0.2200242 0.7218016 0.2195327 0.7219837 0.2200242 0.7218016 0.2198017 0.7220003 0.2195327 0.7219837 0.2200242 0.7218016 0.2201733 0.7218626 0.2198017 0.7220003 0.2201733 0.7218626 0.219982 0.7220113 0.2198017 0.7220003 0.2201733 0.7218626 0.2202732 0.7219035 0.219982 0.7220113 0.2202732 0.7219035 0.2203027 0.7220311 0.219982 0.7220113 0.2202732 0.7219035 0.2204508 0.7219763 0.2203027 0.7220311 0.2204508 0.7219763 0.2206349 0.7220516 0.2203027 0.7220311 0.2192203 0.7219644 0.2187797 0.7220938 0.218254 0.7221058 0.2192203 0.7219644 0.2195327 0.7219837 0.2187797 0.7220938 0.2195327 0.7219837 0.2192326 0.7220836 0.2187797 0.7220938 0.2195327 0.7219837 0.2198017 0.7220003 0.2192326 0.7220836 0.2198017 0.7220003 0.2195361 0.7220767 0.2192326 0.7220836 0.2198017 0.7220003 0.219982 0.7220113 0.2195361 0.7220767 0.219982 0.7220113 0.2200757 0.7220644 0.2195361 0.7220767 0.219982 0.7220113 0.2203027 0.7220311 0.2200757 0.7220644 0.2203027 0.7220311 0.2206349 0.7220516 0.2200757 0.7220644 0.218254 0.7221058 0.2187798 0.9980276 0.218254 0.9979667 0.218254 0.7221058 0.2187797 0.7220938 0.2187798 0.9980276 0.2187797 0.7220938 0.2192326 0.9980801 0.2187798 0.9980276 0.2187797 0.7220938 0.2192326 0.7220836 0.2192326 0.9980801 0.2192326 0.7220836 0.2195361 0.9981152 0.2192326 0.9980801 0.2192326 0.7220836 0.2195361 0.7220767 0.2195361 0.9981152 0.2195361 0.7220767 0.2200758 0.9981778 0.2195361 0.9981152 0.2195361 0.7220767 0.2200757 0.7220644 0.2200758 0.9981778 0.2200757 0.7220644 0.2206349 0.9982426 0.2200758 0.9981778 0.2200757 0.7220644 0.2206349 0.7220516 0.2206349 0.9982426 0.2252401 0.9987761 0.2206349 0.9982426 0.2206349 0.7220516 0.2265063 0.9990168 0.2252401 0.9987761 0.2206349 0.7220516 0.4403296 0.9999998 0.2286433 1 0.2276595 0.9994315 0.4403296 0.9999998 0.2276595 0.9994315 0.2265063 0.9990168 0.4403296 0.9999998 0.2265063 0.9990168 0.2206349 0.7220516 0.4403296 0.9999998 0.2206349 0.7220516 0.7792774 0.7220516 0.5596237 0.9999998 0.4403296 0.9999998 0.7792774 0.7220516 0.7723408 0.9994311 0.7713566 0.9999998 0.5596237 0.9999998 0.7734947 0.9990164 0.7723408 0.9994311 0.5596237 0.9999998 0.7734947 0.9990164 0.5596237 0.9999998 0.7792774 0.7220516 0.7747611 0.9987757 0.7734947 0.9990164 0.7792774 0.7220516 0.7793639 0.9982427 0.7747611 0.9987757 0.7792774 0.7220516 0.7816583 0.7220708 0.7822706 0.997906 0.7817448 0.9979669 0.7816583 0.7220708 0.7821842 0.7221505 0.7822706 0.997906 0.7821842 0.7221505 0.7827234 0.9978535 0.7822706 0.997906 0.7821842 0.7221505 0.782637 0.7222191 0.7827234 0.9978535 0.782637 0.7222191 0.7830269 0.9978183 0.7827234 0.9978535 0.782637 0.7222191 0.7829405 0.7222651 0.7830269 0.9978183 0.7829405 0.7222651 0.7835665 0.9977558 0.7830269 0.9978183 0.7829405 0.7222651 0.7834802 0.7223468 0.7835665 0.9977558 0.7834802 0.7223468 0.7841258 0.997691 0.7835665 0.9977558 0.7834802 0.7223468 0.7840394 0.7224316 0.7841258 0.997691 0.9172045 0.9748721 0.9132512 0.9779163 0.9086174 0.9805293 0.9203822 0.9714696 0.9172045 0.9748721 0.9086174 0.9805293 0.9086174 0.9805293 0.9034144 0.9826483 0.8977673 0.9842224 0.9086174 0.9805293 0.8977673 0.9842224 0.8918113 0.9852133 0.9203822 0.9714696 0.9086174 0.9805293 0.8918113 0.9852133 0.9241266 0.9639238 0.9227082 0.9677908 0.9203822 0.9714696 0.9241266 0.9639238 0.9203822 0.9714696 0.8918113 0.9852133 0.9246031 0.9599618 0.9241266 0.9639238 0.8918113 0.9852133 0.9246031 0.9599618 0.8918113 0.9852133 0.7841258 0.997691 0.9246031 0.7640112 0.9246031 0.9599618 0.7841258 0.997691 0.9246031 0.7640112 0.7841258 0.997691 0.7840394 0.7224316 0.9086177 0.7434439 0.9132515 0.7460568 0.9172046 0.7491011 0.9086177 0.7434439 0.9172046 0.7491011 0.9203824 0.7525035 0.8977676 0.739751 0.9034146 0.7413249 0.9086177 0.7434439 0.8918117 0.7387598 0.8977676 0.739751 0.9086177 0.7434439 0.8918117 0.7387598 0.9086177 0.7434439 0.9203824 0.7525035 0.9203824 0.7525035 0.9227084 0.7561823 0.9241266 0.7600491 0.8918117 0.7387598 0.9203824 0.7525035 0.9241266 0.7600491 0.8918117 0.7387598 0.9241266 0.7600491 0.9246031 0.7640112 0.8918117 0.7387598 0.9246031 0.7640112 0.7840394 0.7224316 0.218254 0.531731 0.2177283 0.252928 0.218254 0.2528526 0.218254 0.531731 0.2177283 0.5316558 0.2177283 0.252928 0.2177283 0.5316558 0.2172755 0.2529929 0.2177283 0.252928 0.2177283 0.5316558 0.2172755 0.5315909 0.2172755 0.2529929 0.2172755 0.5315909 0.2169719 0.2530364 0.2172755 0.2529929 0.2172755 0.5315909 0.2169719 0.5315476 0.2169719 0.2530364 0.2169719 0.5315476 0.2164323 0.2531138 0.2169719 0.2530364 0.2169719 0.5315476 0.2164323 0.5314703 0.2164323 0.2531138 0.2164323 0.5314703 0.2158731 0.2531939 0.2164323 0.2531138 0.2164323 0.5314703 0.2158731 0.5313903 0.2158731 0.2531939 0.09138256 0.5112989 0.08674889 0.508686 0.08279567 0.5056418 0.09138256 0.5112989 0.08279567 0.5056418 0.07961785 0.5022396 0.1022324 0.5149919 0.09658533 0.5134178 0.09138256 0.5112989 0.1081882 0.5159833 0.1022324 0.5149919 0.09138256 0.5112989 0.1081882 0.5159833 0.09138256 0.5112989 0.07961785 0.5022396 0.07961785 0.5022396 0.07729178 0.4985609 0.07587331 0.4946941 0.1081882 0.5159833 0.07961785 0.5022396 0.07587331 0.4946941 0.1081882 0.5159833 0.07587331 0.4946941 0.07539695 0.4907322 0.2158731 0.5313903 0.1081882 0.5159833 0.07539695 0.4907322 0.2158731 0.5313903 0.07539695 0.4907322 0.07539695 0.293884 0.08279478 0.2789742 0.086748 0.2759298 0.09138172 0.2733168 0.07961714 0.2823767 0.08279478 0.2789742 0.09138172 0.2733168 0.09138172 0.2733168 0.09658473 0.2711979 0.102232 0.2696238 0.09138172 0.2733168 0.102232 0.2696238 0.1081877 0.2686322 0.07961714 0.2823767 0.09138172 0.2733168 0.1081877 0.2686322 0.07587319 0.2899224 0.0772913 0.2860555 0.07961714 0.2823767 0.07587319 0.2899224 0.07961714 0.2823767 0.1081877 0.2686322 0.07539695 0.293884 0.07587319 0.2899224 0.1081877 0.2686322 0.07539695 0.293884 0.1081877 0.2686322 0.2158731 0.2531939 0.2158731 0.5313903 0.07539695 0.293884 0.2158731 0.2531939 0.218254 0.9979667 0.2177283 0.7221854 0.218254 0.7221058 0.218254 0.9979667 0.2177283 0.9979057 0.2177283 0.7221854 0.2177283 0.9979057 0.2172755 0.7222539 0.2177283 0.7221854 0.2177283 0.9979057 0.2172755 0.9978533 0.2172755 0.7222539 0.2172755 0.9978533 0.2169719 0.7222998 0.2172755 0.7222539 0.2172755 0.9978533 0.2169719 0.9978181 0.2169719 0.7222998 0.2169719 0.9978181 0.2164323 0.7223814 0.2169719 0.7222998 0.2169719 0.9978181 0.2164322 0.9977555 0.2164323 0.7223814 0.2164322 0.9977555 0.2158731 0.7224661 0.2164323 0.7223814 0.2164322 0.9977555 0.2158731 0.9976907 0.2158731 0.7224661 0.0913822 0.9805293 0.08674842 0.9779163 0.0827952 0.9748721 0.0913822 0.9805293 0.0827952 0.9748721 0.07961738 0.9714696 0.1022324 0.9842223 0.09658521 0.9826483 0.0913822 0.9805293 0.1081882 0.9852137 0.1022324 0.9842223 0.0913822 0.9805293 0.1081882 0.9852137 0.0913822 0.9805293 0.07961738 0.9714696 0.07961738 0.9714696 0.07729136 0.9677908 0.07587307 0.9639238 0.1081882 0.9852137 0.07961738 0.9714696 0.07587307 0.9639238 0.1081882 0.9852137 0.07587307 0.9639238 0.07539695 0.9599618 0.2158731 0.9976907 0.1081882 0.9852137 0.07539695 0.9599618 0.2158731 0.9976907 0.07539695 0.9599618 0.07539695 0.7640112 0.08279496 0.7491011 0.08674824 0.7460567 0.09138202 0.7434437 0.07961726 0.7525035 0.08279496 0.7491011 0.09138202 0.7434437 0.09138202 0.7434437 0.09658509 0.7413249 0.1022324 0.7397509 0.09138202 0.7434437 0.1022324 0.7397509 0.1081882 0.7387598 0.07961726 0.7525035 0.09138202 0.7434437 0.1081882 0.7387598 0.07587325 0.7600492 0.07729142 0.7561823 0.07961726 0.7525035 0.07587325 0.7600492 0.07961726 0.7525035 0.1081882 0.7387598 0.07539695 0.7640112 0.07587325 0.7600492 0.1081882 0.7387598 0.07539695 0.7640112 0.1081882 0.7387598 0.2158731 0.7224661 0.2158731 0.9976907 0.07539695 0.7640112 0.2158731 0.7224661 0.2162699 0.7189146 0.2157441 0.5349614 0.2162699 0.5349528 0.2162699 0.7189146 0.2157441 0.7189061 0.2157441 0.5349614 0.2157441 0.7189061 0.2152913 0.5349687 0.2157441 0.5349614 0.2157441 0.7189061 0.2152913 0.7188985 0.2152913 0.5349687 0.2152913 0.7188985 0.2149878 0.5349736 0.2152913 0.5349687 0.2152913 0.7188985 0.2149878 0.7188935 0.2149878 0.5349736 0.2149878 0.7188935 0.2144481 0.5349824 0.2149878 0.5349736 0.2149878 0.7188935 0.2144481 0.7188847 0.2144481 0.5349824 0.2144481 0.7188847 0.213889 0.5349915 0.2144481 0.5349824 0.2144481 0.7188847 0.213889 0.7188755 0.213889 0.5349915 0.008395791 0.7124818 0.006081104 0.7118405 0.004027068 0.710899 0.004027068 0.710899 0.002325534 0.7096993 0.001052677 0.7082949 0.01086711 0.7127941 0.008395791 0.7124818 0.004027068 0.710899 0.01086711 0.7127941 0.004027068 0.710899 0.001052677 0.7082949 0.001052677 0.7082949 2.6555e-4 0.7067493 0 0.7051311 0.01086711 0.7127941 0.001052677 0.7082949 0 0.7051311 0.07936471 0.7166669 0.01086711 0.7127941 0 0.7051311 0.07936471 0.7166669 0 0.7051311 0 0.5487151 0.004027307 0.5429471 0.006081044 0.5420052 0.008395493 0.5413635 0.001053392 0.5455513 0.002326011 0.544147 0.004027307 0.5429471 0.004027307 0.5429471 0.008395493 0.5413635 0.01086711 0.5410517 0.001053392 0.5455513 0.004027307 0.5429471 0.01086711 0.5410517 0 0.5487151 2.6632e-4 0.5470971 0.001053392 0.5455513 0 0.5487151 0.001053392 0.5455513 0.01086711 0.5410517 0 0.5487151 0.01086711 0.5410517 0.07936555 0.5371794 0.07936471 0.7166669 0 0.5487151 0.07936555 0.5371794 0.07936471 0.7166669 0.07936555 0.5371794 0.213889 0.5349915 0.213889 0.7188755 0.07936471 0.7166669 0.213889 0.5349915 0.2162699 0.2496838 0.2157441 0.06794846 0.2162699 0.06794846 0.2162699 0.2496838 0.2157441 0.2496752 0.2157441 0.06794846 0.2157441 0.2496752 0.2152913 0.06794846 0.2157441 0.06794846 0.2157441 0.2496752 0.2152913 0.2496678 0.2152913 0.06794846 0.2152913 0.2496678 0.2149878 0.06794846 0.2152913 0.06794846 0.2152913 0.2496678 0.2149878 0.2496628 0.2149878 0.06794846 0.2149878 0.2496628 0.2144481 0.06794846 0.2149878 0.06794846 0.2149878 0.2496628 0.2144481 0.2496539 0.2144481 0.06794846 0.2144481 0.2496539 0.213889 0.06794846 0.2144481 0.06794846 0.2144481 0.2496539 0.213889 0.2496447 0.213889 0.06794846 0.00839585 0.2432514 0.006081223 0.24261 0.004027187 0.2416685 0.004027187 0.2416685 0.002325654 0.2404688 0.001052796 0.2390646 0.01086711 0.2435637 0.00839585 0.2432514 0.004027187 0.2416685 0.01086711 0.2435637 0.004027187 0.2416685 0.001052796 0.2390646 0.001052796 0.2390646 2.656e-4 0.2375188 0 0.2359006 0.01086711 0.2435637 0.001052796 0.2390646 0 0.2359006 0.07936471 0.2474363 0.01086711 0.2435637 0 0.2359006 0.07936471 0.2474363 0 0.2359006 0 0.07948458 0.004027307 0.07371687 0.006081163 0.07277518 0.008395612 0.07213371 0.001053273 0.07632082 0.002325952 0.07491666 0.004027307 0.07371687 0.004027307 0.07371687 0.008395612 0.07213371 0.01086711 0.07182121 0.001053273 0.07632082 0.004027307 0.07371687 0.01086711 0.07182121 0 0.07948458 2.6623e-4 0.07786655 0.001053273 0.07632082 0 0.07948458 0.001053273 0.07632082 0.01086711 0.07182121 0 0.07948458 0.01086711 0.07182121 0.07936555 0.06794869 0.07936471 0.2474363 0 0.07948458 0.07936555 0.06794869 0.07936471 0.2474363 0.07936555 0.06794869 0.213889 0.06794846 0.213889 0.2496447 0.07936471 0.2474363 0.213889 0.06794846 0.7839392 0.06794869 0.7844648 0.2496717 0.7839392 0.2496803 0.7839392 0.06794869 0.7844648 0.06794869 0.7844648 0.2496717 0.7844648 0.06794869 0.7849177 0.2496643 0.7844648 0.2496717 0.7844648 0.06794869 0.7849177 0.06794869 0.7849177 0.2496643 0.7849177 0.06794869 0.7852213 0.2496593 0.7849177 0.2496643 0.7849177 0.06794869 0.7852213 0.06794869 0.7852213 0.2496593 0.7852213 0.06794869 0.7857609 0.2496504 0.7852213 0.2496593 0.7852213 0.06794869 0.7857609 0.06794869 0.7857609 0.2496504 0.7857609 0.06794869 0.7863202 0.2496412 0.7857609 0.2496504 0.7857609 0.06794869 0.7863202 0.06794869 0.7863202 0.2496412 0.9916041 0.07213377 0.9939188 0.07277506 0.9959727 0.07371664 0.9959727 0.07371664 0.9976743 0.07491636 0.998947 0.07632058 0.9891328 0.07182151 0.9916041 0.07213377 0.9959727 0.07371664 0.9891328 0.07182151 0.9959727 0.07371664 0.998947 0.07632058 0.998947 0.07632058 0.9997342 0.07786637 1 0.07948458 0.9891328 0.07182151 0.998947 0.07632058 1 0.07948458 0.920634 0.06794869 0.9891328 0.07182151 1 0.07948458 0.920634 0.06794869 1 0.07948458 1 0.2359006 0.9959729 0.2416681 0.9939193 0.2426099 0.9916047 0.2432514 0.9989469 0.239064 0.9976743 0.2404683 0.9959729 0.2416681 0.9959729 0.2416681 0.9916047 0.2432514 0.9891333 0.243564 0.9989469 0.239064 0.9959729 0.2416681 0.9891333 0.243564 1 0.2359006 0.9997338 0.2375183 0.9989469 0.239064 1 0.2359006 0.9989469 0.239064 0.9891333 0.243564 1 0.2359006 0.9891333 0.243564 0.9206345 0.2474363 0.920634 0.06794869 1 0.2359006 0.9206345 0.2474363 0.9206345 0.2474363 0.7863202 0.2496412 0.7863202 0.06794869 0.920634 0.06794869 0.9206345 0.2474363 0.7863202 0.06794869 0.7817447 0.2528526 0.7822704 0.5316558 0.7817447 0.531731 0.7817447 0.2528526 0.7822704 0.252928 0.7822704 0.5316558 0.7822704 0.252928 0.7827233 0.5315909 0.7822704 0.5316558 0.7822704 0.252928 0.7827233 0.2529929 0.7827233 0.5315909 0.7827233 0.2529929 0.7830267 0.5315476 0.7827233 0.5315909 0.7827233 0.2529929 0.7830267 0.2530364 0.7830267 0.5315476 0.7830267 0.2530364 0.7835665 0.5314703 0.7830267 0.5315476 0.7830267 0.2530364 0.7835665 0.2531138 0.7835665 0.5314703 0.7835665 0.2531138 0.7841257 0.5313903 0.7835665 0.5314703 0.7835665 0.2531138 0.7841257 0.2531939 0.7841257 0.5313903 0.9172038 0.5056419 0.9132506 0.508686 0.9086168 0.5112989 0.9203816 0.5022397 0.9172038 0.5056419 0.9086168 0.5112989 0.9086168 0.5112989 0.9034139 0.5134177 0.8977669 0.5149918 0.9086168 0.5112989 0.8977669 0.5149918 0.8918113 0.5159833 0.9203816 0.5022397 0.9086168 0.5112989 0.8918113 0.5159833 0.9241262 0.4946942 0.9227077 0.498561 0.9203816 0.5022397 0.9241262 0.4946942 0.9203816 0.5022397 0.8918113 0.5159833 0.9246031 0.4907322 0.9241262 0.4946942 0.8918113 0.5159833 0.9246031 0.4907322 0.8918113 0.5159833 0.7841257 0.5313903 0.9246025 0.293884 0.9246031 0.4907322 0.7841257 0.5313903 0.9246025 0.293884 0.7841257 0.5313903 0.7841257 0.2531939 0.9086177 0.2733166 0.9132515 0.2759296 0.9172046 0.2789739 0.9086177 0.2733166 0.9172046 0.2789739 0.9203824 0.2823763 0.8977676 0.2696236 0.9034147 0.2711976 0.9086177 0.2733166 0.8918117 0.2686322 0.8977676 0.2696236 0.9086177 0.2733166 0.8918117 0.2686322 0.9086177 0.2733166 0.9203824 0.2823763 0.9203824 0.2823763 0.9227083 0.2860552 0.9241266 0.289922 0.8918117 0.2686322 0.9203824 0.2823763 0.9241266 0.289922 0.8918117 0.2686322 0.9241266 0.289922 0.9246025 0.293884 0.8918117 0.2686322 0.9246025 0.293884 0.7841257 0.2531939 0.7837289 0.5349528 0.7842546 0.7189061 0.7837289 0.7189146 0.7837289 0.5349528 0.7842546 0.5349614 0.7842546 0.7189061 0.7842546 0.5349614 0.7847074 0.7188985 0.7842546 0.7189061 0.7842546 0.5349614 0.7847074 0.5349687 0.7847074 0.7188985 0.7847074 0.5349687 0.7850109 0.7188935 0.7847074 0.7188985 0.7847074 0.5349687 0.7850109 0.5349736 0.7850109 0.7188935 0.7850109 0.5349736 0.7855507 0.7188847 0.7850109 0.7188935 0.7850109 0.5349736 0.7855507 0.5349824 0.7855507 0.7188847 0.7855507 0.5349824 0.7861099 0.7188755 0.7855507 0.7188847 0.7855507 0.5349824 0.7861099 0.5349915 0.7861099 0.7188755 0.9916041 0.5413642 0.9939187 0.5420055 0.9959727 0.5429472 0.9959727 0.5429472 0.9976742 0.5441469 0.998947 0.5455511 0.9891328 0.5410519 0.9916041 0.5413642 0.9959727 0.5429472 0.9891328 0.5410519 0.9959727 0.5429472 0.998947 0.5455511 0.998947 0.5455511 0.9997341 0.5470969 1 0.5487151 0.9891328 0.5410519 0.998947 0.5455511 1 0.5487151 0.920634 0.5371794 0.9891328 0.5410519 1 0.5487151 0.920634 0.5371794 1 0.5487151 1 0.7051311 0.9959729 0.7108986 0.9939192 0.7118402 0.9916047 0.7124818 0.9989469 0.7082945 0.9976743 0.7096987 0.9959729 0.7108986 0.9959729 0.7108986 0.9916047 0.7124818 0.9891333 0.7127944 0.9989469 0.7082945 0.9959729 0.7108986 0.9891333 0.7127944 1 0.7051311 0.9997338 0.7067486 0.9989469 0.7082945 1 0.7051311 0.9989469 0.7082945 0.9891333 0.7127944 1 0.7051311 0.9891333 0.7127944 0.9206345 0.7166669 0.920634 0.5371794 1 0.7051311 0.9206345 0.7166669 0.9206345 0.7166669 0.7861099 0.7188755 0.7861099 0.5349915 0.920634 0.5371794 0.9206345 0.7166669 0.7861099 0.5349915 0.2160608 0.06794869 0.2165963 0.06791752 0.2160608 0.2496803 0.2165963 0.06791752 0.2165865 0.249689 0.2160608 0.2496803 0.2165963 0.06791752 0.2170576 0.06789058 0.2165865 0.249689 0.2170576 0.06789058 0.2170394 0.2496964 0.2165865 0.249689 0.2170576 0.06789058 0.2173667 0.06787258 0.2170394 0.2496964 0.2173667 0.06787258 0.2173429 0.2497014 0.2170394 0.2496964 0.2173667 0.06787258 0.2178981 0.06778287 0.2173429 0.2497014 0.2178981 0.06778287 0.2178826 0.2497103 0.2173429 0.2497014 0.2178981 0.06778287 0.2184418 0.06766819 0.2178826 0.2497103 0.2184418 0.06766819 0.2184418 0.2497195 0.2178826 0.2497103 0.7792941 0.06666713 0.7792941 0.06700682 0.2207061 0.06666713 0.7792941 0.06700682 0.2207061 0.06700682 0.2207061 0.06666713 0.7792941 0.06700682 0.7792941 0.06729942 0.2207061 0.06700682 0.7792941 0.06729942 0.2207061 0.06729942 0.2207061 0.06700682 0.7792941 0.06729942 0.7792941 0.06749552 0.2207061 0.06729942 0.7792941 0.06749552 0.2207061 0.06749552 0.2207061 0.06729942 0.7792941 0.06749552 0.7792941 0.06784427 0.2207061 0.06749552 0.7792941 0.06784427 0.2207061 0.06784427 0.2207061 0.06749552 0.7792941 0.06784427 0.7792941 0.06820559 0.2207061 0.06784427 0.7792941 0.06820559 0.2207061 0.06820559 0.2207061 0.06784427 0.7837301 0.2496838 0.7832044 0.2496924 0.7837301 0.06794846 0.7832044 0.2496924 0.7831927 0.06791186 0.7837301 0.06794846 0.7832044 0.2496924 0.7827515 0.2497 0.7831927 0.06791186 0.7827515 0.2497 0.78273 0.06788033 0.7831927 0.06791186 0.7827515 0.2497 0.782448 0.2497048 0.78273 0.06788033 0.782448 0.2497048 0.7824228 0.06785011 0.78273 0.06788033 0.782448 0.2497048 0.7819083 0.2497137 0.7824228 0.06785011 0.7819083 0.2497137 0.7818955 0.067739 0.7824228 0.06785011 0.7819083 0.2497137 0.7813491 0.2497229 0.7818955 0.067739 0.7813491 0.2497229 0.7813491 0.06762385 0.7818955 0.067739 0.2207714 0.2512824 0.2207714 0.2509428 0.7792864 0.2512843 0.2207714 0.2509428 0.7792864 0.2509446 0.7792864 0.2512843 0.2207714 0.2509428 0.2207714 0.2506502 0.7792864 0.2509446 0.2207714 0.2506502 0.7792864 0.250652 0.7792864 0.2509446 0.2207714 0.2506502 0.2207714 0.250454 0.7792864 0.250652 0.2207714 0.250454 0.7792864 0.2504559 0.7792864 0.250652 0.2207714 0.250454 0.2207714 0.2501053 0.7792864 0.2504559 0.2207714 0.2501053 0.7792864 0.2501072 0.7792864 0.2504559 0.2207714 0.2501053 0.2207714 0.2497439 0.7792864 0.2501072 0.2207714 0.2497439 0.7792864 0.2497458 0.7792864 0.2501072 0.2197805 0.06720882 0.2206472 0.06670159 0.2207061 0.06820559 0.2187002 0.06761372 0.2197805 0.06720882 0.2207061 0.06820559 0.2184418 0.06766819 0.2187002 0.06761372 0.2207061 0.06820559 0.2184418 0.2497195 0.2184418 0.06766819 0.2207061 0.06820559 0.218764 0.2497248 0.2184418 0.2497195 0.2207061 0.06820559 0.2194103 0.2498608 0.218764 0.2497248 0.2207061 0.06820559 0.219973 0.2501074 0.2194103 0.2498608 0.2207061 0.06820559 0.220408 0.2504449 0.219973 0.2501074 0.2207061 0.06820559 0.2206813 0.2508471 0.220408 0.2504449 0.2207061 0.06820559 0.2207714 0.2497439 0.2207608 0.2512316 0.2206813 0.2508471 0.2207714 0.2497439 0.2206813 0.2508471 0.2207061 0.06820559 0.2207714 0.2497439 0.2207061 0.06820559 0.7792941 0.06820559 0.7792864 0.2497458 0.2207714 0.2497439 0.7792941 0.06820559 0.7793198 0.2508471 0.7792903 0.2512331 0.7792864 0.2497458 0.7795932 0.2504449 0.7793198 0.2508471 0.7792864 0.2497458 0.7800282 0.2501074 0.7795932 0.2504449 0.7792864 0.2497458 0.7805909 0.2498608 0.7800282 0.2501074 0.7792864 0.2497458 0.7812372 0.2497248 0.7805909 0.2498608 0.7792864 0.2497458 0.7812372 0.2497248 0.7792864 0.2497458 0.7792941 0.06820559 0.7813491 0.2497229 0.7812372 0.2497248 0.7792941 0.06820559 0.7813491 0.06762385 0.7813491 0.2497229 0.7792941 0.06820559 0.7813006 0.0676136 0.7813491 0.06762385 0.7792941 0.06820559 0.78022 0.06720876 0.7813006 0.0676136 0.7792941 0.06820559 0.779353 0.06670153 0.78022 0.06720876 0.7792941 0.06820559 0.781746 0.531731 0.7812203 0.5317451 0.781746 0.2528526 0.7812203 0.5317451 0.7812203 0.2528456 0.781746 0.2528526 0.7812203 0.5317451 0.7807674 0.5317572 0.7812203 0.2528456 0.7807674 0.5317572 0.7807674 0.2528396 0.7812203 0.2528456 0.7807674 0.5317572 0.7804638 0.5317654 0.7807674 0.2528396 0.7804638 0.5317654 0.7804639 0.2528355 0.7807674 0.2528396 0.7804638 0.5317654 0.7799242 0.5317798 0.7804639 0.2528355 0.7799242 0.5317798 0.7799242 0.2528284 0.7804639 0.2528355 0.7799242 0.5317798 0.779365 0.5317948 0.7799242 0.2528284 0.779365 0.5317948 0.7793651 0.2528209 0.7799242 0.2528284 0.7811347 0.5318185 0.780744 0.5318132 0.781746 0.531731 0.780744 0.5318132 0.7812203 0.5317451 0.781746 0.531731 0.780744 0.5318132 0.7804074 0.5318087 0.7812203 0.5317451 0.7804074 0.5318087 0.7807674 0.5317572 0.7812203 0.5317451 0.7804074 0.5318087 0.7801818 0.5318057 0.7807674 0.5317572 0.7801818 0.5318057 0.7804638 0.5317654 0.7807674 0.5317572 0.7801818 0.5318057 0.7797806 0.5318003 0.7804638 0.5317654 0.7797806 0.5318003 0.7799242 0.5317798 0.7804638 0.5317654 0.7797806 0.5318003 0.779365 0.5317948 0.7799242 0.5317798 0.7804451 0.53199 0.7802066 0.5319469 0.7811347 0.5318185 0.7802066 0.5319469 0.780744 0.5318132 0.7811347 0.5318185 0.7802066 0.5319469 0.7800011 0.5319098 0.780744 0.5318132 0.7800011 0.5319098 0.7804074 0.5318087 0.780744 0.5318132 0.7800011 0.5319098 0.7798635 0.5318849 0.7804074 0.5318087 0.7798635 0.5318849 0.7801818 0.5318057 0.7804074 0.5318087 0.7798635 0.5318849 0.7796187 0.5318406 0.7801818 0.5318057 0.7796187 0.5318406 0.7797806 0.5318003 0.7801818 0.5318057 0.7796187 0.5318406 0.779365 0.5317948 0.7797806 0.5318003 0.7798683 0.532289 0.7797572 0.5321798 0.7804451 0.53199 0.7797572 0.5321798 0.7802066 0.5319469 0.7804451 0.53199 0.7797572 0.5321798 0.7796614 0.5320859 0.7802066 0.5319469 0.7796614 0.5320859 0.7800011 0.5319098 0.7802066 0.5319469 0.7796614 0.5320859 0.7795973 0.5320228 0.7800011 0.5319098 0.7795973 0.5320228 0.7798635 0.5318849 0.7800011 0.5319098 0.7795973 0.5320228 0.7794833 0.5319109 0.7798635 0.5318849 0.7794833 0.5319109 0.7796187 0.5318406 0.7798635 0.5318849 0.7794833 0.5319109 0.779365 0.5317948 0.7796187 0.5318406 0.7794575 0.5326861 0.779437 0.5324894 0.7798683 0.532289 0.779437 0.5324894 0.7797572 0.5321798 0.7798683 0.532289 0.779437 0.5324894 0.7794196 0.5323198 0.7797572 0.5321798 0.7794196 0.5323198 0.7796614 0.5320859 0.7797572 0.5321798 0.7794196 0.5323198 0.7794077 0.5322062 0.7796614 0.5320859 0.7794077 0.5322062 0.7795973 0.5320228 0.7796614 0.5320859 0.7794077 0.5322062 0.7793867 0.5320041 0.7795973 0.5320228 0.7793867 0.5320041 0.7794833 0.5319109 0.7795973 0.5320228 0.7793867 0.5320041 0.779365 0.5317948 0.7794833 0.5319109 0.7792504 0.5331448 0.7792758 0.5328467 0.7794575 0.5326861 0.7792758 0.5328467 0.779437 0.5324894 0.7794575 0.5326861 0.7792758 0.5328467 0.7792975 0.5325899 0.779437 0.5324894 0.7792975 0.5325899 0.7794196 0.5323198 0.779437 0.5324894 0.7792975 0.5325899 0.7793121 0.5324178 0.7794196 0.5323198 0.7793121 0.5324178 0.7794077 0.5322062 0.7794196 0.5323198 0.7793121 0.5324178 0.7793381 0.5321119 0.7794077 0.5322062 0.7793381 0.5321119 0.7793867 0.5320041 0.7794077 0.5322062 0.7793381 0.5321119 0.779365 0.5317948 0.7793867 0.5320041 0.7792665 0.5336224 0.7792883 0.5332189 0.7792504 0.5331448 0.7792883 0.5332189 0.7792758 0.5328467 0.7792504 0.5331448 0.7792883 0.5332189 0.779307 0.5328713 0.7792758 0.5328467 0.779307 0.5328713 0.7792975 0.5325899 0.7792758 0.5328467 0.779307 0.5328713 0.7793195 0.5326383 0.7792975 0.5325899 0.7793195 0.5326383 0.7793121 0.5324178 0.7792975 0.5325899 0.7793195 0.5326383 0.7793419 0.532224 0.7793121 0.5324178 0.7793419 0.532224 0.7793381 0.5321119 0.7793121 0.5324178 0.7793419 0.532224 0.779365 0.5317948 0.7793381 0.5321119 0.7792298 0.5333333 0.7792596 0.5329936 0.7792665 0.5336224 0.7792596 0.5329936 0.7792883 0.5332189 0.7792665 0.5336224 0.7792596 0.5329936 0.7792854 0.532701 0.7792883 0.5332189 0.7792854 0.532701 0.779307 0.5328713 0.7792883 0.5332189 0.7792854 0.532701 0.7793026 0.5325048 0.779307 0.5328713 0.7793026 0.5325048 0.7793195 0.5326383 0.779307 0.5328713 0.7793026 0.5325048 0.7793332 0.5321561 0.7793195 0.5326383 0.7793332 0.5321561 0.7793419 0.532224 0.7793195 0.5326383 0.7793332 0.5321561 0.779365 0.5317948 0.7793419 0.532224 0.2214769 0.5333333 0.2214769 0.5329936 0.7792298 0.5333333 0.2214769 0.5329936 0.7792596 0.5329936 0.7792298 0.5333333 0.2214769 0.5329936 0.2214769 0.532701 0.7792596 0.5329936 0.2214769 0.532701 0.7792854 0.532701 0.7792596 0.5329936 0.2214769 0.532701 0.2214769 0.5325048 0.7792854 0.532701 0.2214769 0.5325048 0.7793026 0.5325048 0.7792854 0.532701 0.2214769 0.5325048 0.2214769 0.5321561 0.7793026 0.5325048 0.2214769 0.5321561 0.7793332 0.5321561 0.7793026 0.5325048 0.2214769 0.5321561 0.221477 0.5317948 0.7793332 0.5321561 0.221477 0.5317948 0.779365 0.5317948 0.7793332 0.5321561 0.2182553 0.2528392 0.218781 0.2528352 0.2182553 0.531731 0.218781 0.2528352 0.2189237 0.5318372 0.2182553 0.531731 0.218781 0.2528352 0.2192339 0.2528316 0.2189237 0.5318372 0.2192339 0.2528316 0.2194774 0.5319698 0.2189237 0.5318372 0.2192339 0.2528316 0.2195374 0.2528293 0.2194774 0.5319698 0.2195374 0.2528293 0.2198078 0.5321128 0.2194774 0.5319698 0.2195374 0.2528293 0.2200771 0.2528252 0.2198078 0.5321128 0.2200771 0.2528252 0.220299 0.532437 0.2198078 0.5321128 0.2200771 0.2528252 0.2206363 0.2528209 0.220299 0.532437 0.2206363 0.2528209 0.2206363 0.5328541 0.220299 0.532437 0.2189446 0.2527912 0.2193181 0.2527977 0.2182553 0.2528392 0.2193181 0.2527977 0.218781 0.2528352 0.2182553 0.2528392 0.2193181 0.2527977 0.2196399 0.2528034 0.218781 0.2528352 0.2196399 0.2528034 0.2192339 0.2528316 0.218781 0.2528352 0.2196399 0.2528034 0.2198556 0.2528071 0.2192339 0.2528316 0.2198556 0.2528071 0.2195374 0.2528293 0.2192339 0.2528316 0.2198556 0.2528071 0.2202389 0.2528139 0.2195374 0.2528293 0.2202389 0.2528139 0.2200771 0.2528252 0.2195374 0.2528293 0.2202389 0.2528139 0.2206363 0.2528209 0.2200771 0.2528252 0.2195848 0.2526193 0.2198169 0.2526639 0.2189446 0.2527912 0.2198169 0.2526639 0.2193181 0.2527977 0.2189446 0.2527912 0.2198169 0.2526639 0.220017 0.2527022 0.2193181 0.2527977 0.220017 0.2527022 0.2196399 0.2528034 0.2193181 0.2527977 0.220017 0.2527022 0.220151 0.2527279 0.2196399 0.2528034 0.220151 0.2527279 0.2198556 0.2528071 0.2196399 0.2528034 0.220151 0.2527279 0.2203893 0.2527736 0.2198556 0.2528071 0.2203893 0.2527736 0.2202389 0.2528139 0.2198556 0.2528071 0.2203893 0.2527736 0.2206363 0.2528209 0.2202389 0.2528139 0.2201238 0.2523376 0.220237 0.2524443 0.2195848 0.2526193 0.220237 0.2524443 0.2198169 0.2526639 0.2195848 0.2526193 0.220237 0.2524443 0.2203344 0.2525362 0.2198169 0.2526639 0.2203344 0.2525362 0.220017 0.2527022 0.2198169 0.2526639 0.2203344 0.2525362 0.2203997 0.2525979 0.220017 0.2527022 0.2203997 0.2525979 0.220151 0.2527279 0.220017 0.2527022 0.2203997 0.2525979 0.2205159 0.2527074 0.220151 0.2527279 0.2205159 0.2527074 0.2203893 0.2527736 0.220151 0.2527279 0.2205159 0.2527074 0.2206363 0.2528209 0.2203893 0.2527736 0.2205178 0.251969 0.2205439 0.2521571 0.2201238 0.2523376 0.2205439 0.2521571 0.220237 0.2524443 0.2201238 0.2523376 0.2205439 0.2521571 0.2205665 0.2523191 0.220237 0.2524443 0.2205665 0.2523191 0.2203344 0.2525362 0.220237 0.2524443 0.2205665 0.2523191 0.2205816 0.2524277 0.2203344 0.2525362 0.2205816 0.2524277 0.2203997 0.2525979 0.2203344 0.2525362 0.2205816 0.2524277 0.2206084 0.2526208 0.2203997 0.2525979 0.2206084 0.2526208 0.2205159 0.2527074 0.2203997 0.2525979 0.2206084 0.2526208 0.2206363 0.2528209 0.2205159 0.2527074 0.2207345 0.2515435 0.2207129 0.2518255 0.2205178 0.251969 0.2207129 0.2518255 0.2205439 0.2521571 0.2205178 0.251969 0.2207129 0.2518255 0.2206941 0.2520685 0.2205439 0.2521571 0.2206941 0.2520685 0.2205665 0.2523191 0.2205439 0.2521571 0.2206941 0.2520685 0.2206816 0.2522313 0.2205665 0.2523191 0.2206816 0.2522313 0.2205816 0.2524277 0.2205665 0.2523191 0.2206816 0.2522313 0.2206593 0.2525209 0.2205816 0.2524277 0.2206593 0.2525209 0.2206084 0.2526208 0.2205816 0.2524277 0.2206593 0.2525209 0.2206363 0.2528209 0.2206084 0.2526208 0.2207714 0.2512824 0.2207415 0.2516222 0.2207345 0.2515435 0.2207415 0.2516222 0.2207129 0.2518255 0.2207345 0.2515435 0.2207415 0.2516222 0.2207158 0.2519147 0.2207129 0.2518255 0.2207158 0.2519147 0.2206941 0.2520685 0.2207129 0.2518255 0.2207158 0.2519147 0.2206987 0.2521108 0.2206941 0.2520685 0.2206987 0.2521108 0.2206816 0.2522313 0.2206941 0.2520685 0.2206987 0.2521108 0.220668 0.2524596 0.2206816 0.2522313 0.220668 0.2524596 0.2206593 0.2525209 0.2206816 0.2522313 0.220668 0.2524596 0.2206363 0.2528209 0.2206593 0.2525209 0.7792297 0.2512824 0.7792595 0.2516222 0.2207714 0.2512824 0.7792595 0.2516222 0.2207415 0.2516222 0.2207714 0.2512824 0.7792595 0.2516222 0.7792853 0.2519147 0.2207415 0.2516222 0.7792853 0.2519147 0.2207158 0.2519147 0.2207415 0.2516222 0.7792853 0.2519147 0.7793026 0.2521108 0.2207158 0.2519147 0.7793026 0.2521108 0.2206987 0.2521108 0.2207158 0.2519147 0.7793026 0.2521108 0.7793332 0.2524596 0.2206987 0.2521108 0.7793332 0.2524596 0.220668 0.2524596 0.2206987 0.2521108 0.7793332 0.2524596 0.7793651 0.2528209 0.220668 0.2524596 0.7793651 0.2528209 0.2206363 0.2528209 0.220668 0.2524596 0.7792665 0.2515435 0.7792883 0.2518255 0.7792297 0.2512824 0.7792883 0.2518255 0.7792595 0.2516222 0.7792297 0.2512824 0.7792883 0.2518255 0.779307 0.2520685 0.7792595 0.2516222 0.779307 0.2520685 0.7792853 0.2519147 0.7792595 0.2516222 0.779307 0.2520685 0.7793196 0.2522313 0.7792853 0.2519147 0.7793196 0.2522313 0.7793026 0.2521108 0.7792853 0.2519147 0.7793196 0.2522313 0.7793419 0.2525209 0.7793026 0.2521108 0.7793419 0.2525209 0.7793332 0.2524596 0.7793026 0.2521108 0.7793419 0.2525209 0.7793651 0.2528209 0.7793332 0.2524596 0.7793374 0.251733 0.7793435 0.2519732 0.7792665 0.2515435 0.7793435 0.2519732 0.7792883 0.2518255 0.7792665 0.2515435 0.7793435 0.2519732 0.7793487 0.2521802 0.7792883 0.2518255 0.7793487 0.2521802 0.779307 0.2520685 0.7792883 0.2518255 0.7793487 0.2521802 0.7793523 0.2523188 0.779307 0.2520685 0.7793523 0.2523188 0.7793196 0.2522313 0.779307 0.2520685 0.7793523 0.2523188 0.7793586 0.2525654 0.7793196 0.2522313 0.7793586 0.2525654 0.7793419 0.2525209 0.7793196 0.2522313 0.7793586 0.2525654 0.7793651 0.2528209 0.7793419 0.2525209 0.7796902 0.2521902 0.7796184 0.2523294 0.7793374 0.251733 0.7796184 0.2523294 0.7793435 0.2519732 0.7793374 0.251733 0.7796184 0.2523294 0.7795565 0.2524494 0.7793435 0.2519732 0.7795565 0.2524494 0.7793487 0.2521802 0.7793435 0.2519732 0.7795565 0.2524494 0.7795151 0.2525298 0.7793487 0.2521802 0.7795151 0.2525298 0.7793523 0.2523188 0.7793487 0.2521802 0.7795151 0.2525298 0.7794414 0.2526727 0.7793523 0.2523188 0.7794414 0.2526727 0.7793586 0.2525654 0.7793523 0.2523188 0.7794414 0.2526727 0.7793651 0.2528209 0.7793586 0.2525654 0.7802515 0.25255 0.7800557 0.2526098 0.7796902 0.2521902 0.7800557 0.2526098 0.7796184 0.2523294 0.7796902 0.2521902 0.7800557 0.2526098 0.7798871 0.2526613 0.7796184 0.2523294 0.7798871 0.2526613 0.7795565 0.2524494 0.7796184 0.2523294 0.7798871 0.2526613 0.7797741 0.2526959 0.7795565 0.2524494 0.7797741 0.2526959 0.7795151 0.2525298 0.7795565 0.2524494 0.7797741 0.2526959 0.7795732 0.2527573 0.7795151 0.2525298 0.7795732 0.2527573 0.7794414 0.2526727 0.7795151 0.2525298 0.7795732 0.2527573 0.7793651 0.2528209 0.7794414 0.2526727 0.7809618 0.2527742 0.7806093 0.2527845 0.7802515 0.25255 0.7806093 0.2527845 0.7800557 0.2526098 0.7802515 0.25255 0.7806093 0.2527845 0.7803055 0.2527934 0.7800557 0.2526098 0.7803055 0.2527934 0.7798871 0.2526613 0.7800557 0.2526098 0.7803055 0.2527934 0.7801019 0.2527993 0.7798871 0.2526613 0.7801019 0.2527993 0.7797741 0.2526959 0.7798871 0.2526613 0.7801019 0.2527993 0.77974 0.25281 0.7797741 0.2526959 0.77974 0.25281 0.7795732 0.2527573 0.7797741 0.2526959 0.77974 0.25281 0.7793651 0.2528209 0.7795732 0.2527573 0.781746 0.2528526 0.7812203 0.2528456 0.7809618 0.2527742 0.7812203 0.2528456 0.7806093 0.2527845 0.7809618 0.2527742 0.7812203 0.2528456 0.7807674 0.2528396 0.7806093 0.2527845 0.7807674 0.2528396 0.7803055 0.2527934 0.7806093 0.2527845 0.7807674 0.2528396 0.7804639 0.2528355 0.7803055 0.2527934 0.7804639 0.2528355 0.7801019 0.2527993 0.7803055 0.2527934 0.7804639 0.2528355 0.7799242 0.2528284 0.7801019 0.2527993 0.7799242 0.2528284 0.77974 0.25281 0.7801019 0.2527993 0.7799242 0.2528284 0.7793651 0.2528209 0.77974 0.25281 0.7793651 0.2528209 0.779365 0.5317948 0.221477 0.5317948 0.2206363 0.2528209 0.7793651 0.2528209 0.221477 0.5317948 0.221477 0.5317948 0.2213975 0.5333333 0.2207714 0.5333333 0.221477 0.5317948 0.2207714 0.5333333 0.2206716 0.5329044 0.221477 0.5317948 0.2206716 0.5329044 0.2206363 0.5328541 0.2206363 0.2528209 0.221477 0.5317948 0.2206363 0.5328541 0.220706 0.06666713 0.2210501 0.06635087 0.7792941 0.06666713 0.2210501 0.06635087 0.7789499 0.06635087 0.7792941 0.06666713 0.2210501 0.06635087 0.2213464 0.06607842 0.7789499 0.06635087 0.2213464 0.06607842 0.7786533 0.06607848 0.7789499 0.06635087 0.2213464 0.06607842 0.2215284 0.06589025 0.7786533 0.06607848 0.2215284 0.06589025 0.7784714 0.06589031 0.7786533 0.06607848 0.2215284 0.06589025 0.2217338 0.06551623 0.7784714 0.06589031 0.2217338 0.06551623 0.7782659 0.06551623 0.7784714 0.06589031 0.2217338 0.06551623 0.2219467 0.06512868 0.7782659 0.06551623 0.2219467 0.06512868 0.7780529 0.06512868 0.7782659 0.06551623 0.7430339 0.002747774 0.744474 0.004140377 0.7454138 0.005701959 0.7389454 7.2062e-4 0.7411614 0.001589536 0.7430339 0.002747774 0.7389454 7.2062e-4 0.7430339 0.002747774 0.7454138 0.005701959 0.7339141 0 0.7364909 1.8215e-4 0.7389454 7.2062e-4 0.7339141 0 0.7389454 7.2062e-4 0.7454138 0.005701959 0.7339141 0 0.7454138 0.005701959 0.7780529 0.06512868 0.7339141 0 0.7780529 0.06512868 0.2219467 0.06512868 0.2660858 0 0.7339141 0 0.2219467 0.06512868 0.2545874 0.005702137 0.2555262 0.004140913 0.2569661 0.002748131 0.2569661 0.002748131 0.2588384 0.001589715 0.2610545 7.2079e-4 0.2545874 0.005702137 0.2569661 0.002748131 0.2610545 7.2079e-4 0.2545874 0.005702137 0.2610545 7.2079e-4 0.2635092 1.8233e-4 0.2660858 0 0.2219467 0.06512868 0.2545874 0.005702137 0.2660858 0 0.2545874 0.005702137 0.2635092 1.8233e-4 0.2207714 0.7205132 0.2207714 0.7201734 0.7792864 0.720515 0.2207714 0.7201734 0.7792864 0.7201753 0.7792864 0.720515 0.2207714 0.7201734 0.2207714 0.7198808 0.7792864 0.7201753 0.2207714 0.7198808 0.7792864 0.7198826 0.7792864 0.7201753 0.2207714 0.7198808 0.2207714 0.7196847 0.7792864 0.7198826 0.2207714 0.7196847 0.7792864 0.7196865 0.7792864 0.7198826 0.2207714 0.7196847 0.2207714 0.719336 0.7792864 0.7196865 0.2207714 0.719336 0.7792864 0.7193378 0.7792864 0.7196865 0.2207714 0.719336 0.2207714 0.7189747 0.7792864 0.7193378 0.2207714 0.7189747 0.7792864 0.7189765 0.7792864 0.7193378 0.2162711 0.5349528 0.2167977 0.5349442 0.2162711 0.7189146 0.2167977 0.5349442 0.2167968 0.7189232 0.2162711 0.7189146 0.2167977 0.5349442 0.2172513 0.5349368 0.2167968 0.7189232 0.2172513 0.5349368 0.2172496 0.7189307 0.2167968 0.7189232 0.2172513 0.5349368 0.2175552 0.5349319 0.2172496 0.7189307 0.2175552 0.5349319 0.2175532 0.7189357 0.2172496 0.7189307 0.2175552 0.5349319 0.2180958 0.5349231 0.2175532 0.7189357 0.2180958 0.5349231 0.2180929 0.7189446 0.2175532 0.7189357 0.2180958 0.5349231 0.2186521 0.5348871 0.2180929 0.7189446 0.2186521 0.5348871 0.2186521 0.7189537 0.2180929 0.7189446 0.7792298 0.5333333 0.7792298 0.5336729 0.2214769 0.5333333 0.7792298 0.5336729 0.2214769 0.5336729 0.2214769 0.5333333 0.7792298 0.5336729 0.7792298 0.5339656 0.2214769 0.5336729 0.7792298 0.5339656 0.2214769 0.5339656 0.2214769 0.5336729 0.7792298 0.5339656 0.7792298 0.5341617 0.2214769 0.5339656 0.7792298 0.5341617 0.2214769 0.5341617 0.2214769 0.5339656 0.7792298 0.5341617 0.7792298 0.5345104 0.2214769 0.5341617 0.7792298 0.5345104 0.2214769 0.5345104 0.2214769 0.5341617 0.7792298 0.5345104 0.7792298 0.5348717 0.2214769 0.5345104 0.7792298 0.5348717 0.2214769 0.5348717 0.2214769 0.5345104 0.7837301 0.7189146 0.7832044 0.7189232 0.7837301 0.5349528 0.7832044 0.7189232 0.7832037 0.5349442 0.7837301 0.5349528 0.7832044 0.7189232 0.7827515 0.7189307 0.7832037 0.5349442 0.7827515 0.7189307 0.7827503 0.5349368 0.7832037 0.5349442 0.7827515 0.7189307 0.782448 0.7189357 0.7827503 0.5349368 0.782448 0.7189357 0.7824464 0.5349319 0.7827503 0.5349368 0.782448 0.7189357 0.7819083 0.7189446 0.7824464 0.5349319 0.7819083 0.7189446 0.7819061 0.5349231 0.7824464 0.5349319 0.7819083 0.7189446 0.7813491 0.7189537 0.7819061 0.5349231 0.7813491 0.7189537 0.7813491 0.534891 0.7819061 0.5349231 0.2186521 0.7189537 0.2186521 0.5348871 0.2190973 0.5348414 0.2186521 0.7189537 0.2190973 0.5348414 0.219778 0.5346157 0.2186521 0.7189537 0.219778 0.5346157 0.2203164 0.5342643 0.2186521 0.7189537 0.2203164 0.5342643 0.2207345 0.5336225 0.218764 0.7189555 0.2186521 0.7189537 0.2207345 0.5336225 0.2194104 0.7190917 0.218764 0.7189555 0.2207345 0.5336225 0.219973 0.7193381 0.2194104 0.7190917 0.2207345 0.5336225 0.220408 0.7196756 0.219973 0.7193381 0.2207345 0.5336225 0.2206813 0.7200778 0.220408 0.7196756 0.2207345 0.5336225 0.2207714 0.7189747 0.2207609 0.7204623 0.2206813 0.7200778 0.2207714 0.7189747 0.2206813 0.7200778 0.2207345 0.5336225 0.2207345 0.5336225 0.221409 0.5333598 0.2214769 0.5348717 0.2207714 0.7189747 0.2207345 0.5336225 0.2214769 0.5348717 0.7792864 0.7189765 0.2207714 0.7189747 0.2214769 0.5348717 0.7792864 0.7189765 0.2214769 0.5348717 0.7792298 0.5348717 0.7793198 0.7200778 0.7792903 0.7204638 0.7792864 0.7189765 0.7793198 0.7200778 0.7792864 0.7189765 0.7792298 0.5348717 0.7795931 0.7196756 0.7793198 0.7200778 0.7792298 0.5348717 0.7800282 0.7193381 0.7795931 0.7196756 0.7792298 0.5348717 0.7805909 0.7190917 0.7800282 0.7193381 0.7792298 0.5348717 0.7812372 0.7189555 0.7805909 0.7190917 0.7792298 0.5348717 0.7813491 0.7189537 0.7812372 0.7189555 0.7792298 0.5348717 0.7813491 0.534891 0.7813491 0.7189537 0.7792298 0.5348717 0.7809898 0.5348584 0.7813491 0.534891 0.7792298 0.5348717 0.780372 0.5346809 0.7809898 0.5348584 0.7792298 0.5348717 0.7798539 0.5344001 0.780372 0.5346809 0.7792298 0.5348717 0.7798539 0.5344001 0.7792298 0.5348717 0.7792298 0.5345104 0.7798539 0.5344001 0.7792298 0.5345104 0.7792298 0.5341617 0.7794757 0.534038 0.7798539 0.5344001 0.7792298 0.5341617 0.7794757 0.534038 0.7792298 0.5341617 0.7792298 0.5339656 0.7794757 0.534038 0.7792298 0.5339656 0.7792298 0.5336729 0.7792665 0.5336225 0.7794757 0.534038 0.7792298 0.5336729 0.7792298 0.5333333 0.7792665 0.5336225 0.7792298 0.5336729 0.2183417 0.7220708 0.2188673 0.7220667 0.2182551 0.9979669 0.2188673 0.7220667 0.2187808 0.9980278 0.2182551 0.9979669 0.2188673 0.7220667 0.2193202 0.722063 0.2187808 0.9980278 0.2193202 0.722063 0.2192336 0.9980801 0.2187808 0.9980278 0.2193202 0.722063 0.2196238 0.7220605 0.2192336 0.9980801 0.2196238 0.7220605 0.2195371 0.9981154 0.2192336 0.9980801 0.2196238 0.7220605 0.2201634 0.7220562 0.2195371 0.9981154 0.2201634 0.7220562 0.2200769 0.9981779 0.2195371 0.9981154 0.2201634 0.7220562 0.2207226 0.7220516 0.2200769 0.9981779 0.2207226 0.7220516 0.220636 0.9982427 0.2200769 0.9981779 0.2190113 0.7220102 0.2193891 0.7220193 0.2183417 0.7220708 0.2193891 0.7220193 0.2188673 0.7220667 0.2183417 0.7220708 0.2193891 0.7220193 0.2197147 0.7220272 0.2188673 0.7220667 0.2197147 0.7220272 0.2193202 0.722063 0.2188673 0.7220667 0.2197147 0.7220272 0.2199328 0.7220325 0.2193202 0.722063 0.2199328 0.7220325 0.2196238 0.7220605 0.2193202 0.722063 0.2199328 0.7220325 0.2203207 0.7220419 0.2196238 0.7220605 0.2203207 0.7220419 0.2201634 0.7220562 0.2196238 0.7220605 0.2203207 0.7220419 0.2207226 0.7220516 0.2201634 0.7220562 0.2196291 0.7218326 0.2198705 0.7218809 0.2190113 0.7220102 0.2198705 0.7218809 0.2193891 0.7220193 0.2190113 0.7220102 0.2198705 0.7218809 0.2200785 0.7219226 0.2193891 0.7220193 0.2200785 0.7219226 0.2197147 0.7220272 0.2193891 0.7220193 0.2200785 0.7219226 0.220218 0.7219505 0.2197147 0.7220272 0.220218 0.7219505 0.2199328 0.7220325 0.2197147 0.7220272 0.220218 0.7219505 0.2204657 0.7220002 0.2199328 0.7220325 0.2204657 0.7220002 0.2203207 0.7220419 0.2199328 0.7220325 0.2204657 0.7220002 0.2207226 0.7220516 0.2203207 0.7220419 0.2201471 0.7215519 0.2202742 0.7216622 0.2196291 0.7218326 0.2202742 0.7216622 0.2198705 0.7218809 0.2196291 0.7218326 0.2202742 0.7216622 0.2203837 0.7217573 0.2198705 0.7218809 0.2203837 0.7217573 0.2200785 0.7219226 0.2198705 0.7218809 0.2203837 0.7217573 0.220457 0.721821 0.2200785 0.7219226 0.220457 0.721821 0.220218 0.7219505 0.2200785 0.7219226 0.220457 0.721821 0.2205874 0.7219343 0.220218 0.7219505 0.2205874 0.7219343 0.2204657 0.7220002 0.220218 0.7219505 0.2205874 0.7219343 0.2207226 0.7220516 0.2204657 0.7220002 0.2205254 0.7211896 0.2205689 0.72138 0.2201471 0.7215519 0.2205689 0.72138 0.2202742 0.7216622 0.2201471 0.7215519 0.2205689 0.72138 0.2206065 0.721544 0.2202742 0.7216622 0.2206065 0.721544 0.2203837 0.7217573 0.2202742 0.7216622 0.2206065 0.721544 0.2206316 0.7216538 0.2203837 0.7217573 0.2206316 0.7216538 0.220457 0.721821 0.2203837 0.7217573 0.2206316 0.7216538 0.2206763 0.7218492 0.220457 0.721821 0.2206763 0.7218492 0.2205874 0.7219343 0.220457 0.721821 0.2206763 0.7218492 0.2207226 0.7220516 0.2205874 0.7219343 0.2207714 0.7205132 0.2207607 0.7208529 0.2205254 0.7211896 0.2207607 0.7208529 0.2205689 0.72138 0.2205254 0.7211896 0.2207607 0.7208529 0.2207514 0.7211455 0.2205689 0.72138 0.2207514 0.7211455 0.2206065 0.721544 0.2205689 0.72138 0.2207514 0.7211455 0.2207452 0.7213416 0.2206065 0.721544 0.2207452 0.7213416 0.2206316 0.7216538 0.2206065 0.721544 0.2207452 0.7213416 0.2207341 0.7216903 0.2206316 0.7216538 0.2207341 0.7216903 0.2206763 0.7218492 0.2206316 0.7216538 0.2207341 0.7216903 0.2207226 0.7220516 0.2206763 0.7218492 0.7792297 0.7205132 0.7792595 0.7208529 0.2207714 0.7205132 0.7792595 0.7208529 0.2207607 0.7208529 0.2207714 0.7205132 0.7792595 0.7208529 0.7792853 0.7211455 0.2207607 0.7208529 0.7792853 0.7211455 0.2207514 0.7211455 0.2207607 0.7208529 0.7792853 0.7211455 0.7793025 0.7213416 0.2207514 0.7211455 0.7793025 0.7213416 0.2207452 0.7213416 0.2207514 0.7211455 0.7793025 0.7213416 0.7793332 0.7216903 0.2207452 0.7213416 0.7793332 0.7216903 0.2207341 0.7216903 0.2207452 0.7213416 0.7793332 0.7216903 0.7793651 0.7220516 0.2207341 0.7216903 0.7793651 0.7220516 0.2207226 0.7220516 0.2207341 0.7216903 0.7793374 0.7209637 0.7793435 0.721204 0.7792297 0.7205132 0.7793435 0.721204 0.7792595 0.7208529 0.7792297 0.7205132 0.7793435 0.721204 0.7793487 0.7214109 0.7792595 0.7208529 0.7793487 0.7214109 0.7792853 0.7211455 0.7792595 0.7208529 0.7793487 0.7214109 0.7793523 0.7215495 0.7792853 0.7211455 0.7793523 0.7215495 0.7793025 0.7213416 0.7792853 0.7211455 0.7793523 0.7215495 0.7793586 0.7217962 0.7793025 0.7213416 0.7793586 0.7217962 0.7793332 0.7216903 0.7793025 0.7213416 0.7793586 0.7217962 0.7793651 0.7220516 0.7793332 0.7216903 0.7796533 0.7213869 0.7795896 0.7215338 0.7793374 0.7209637 0.7795896 0.7215338 0.7793435 0.721204 0.7793374 0.7209637 0.7795896 0.7215338 0.7795348 0.7216601 0.7793435 0.721204 0.7795348 0.7216601 0.7793487 0.7214109 0.7793435 0.721204 0.7795348 0.7216601 0.7794981 0.7217448 0.7793487 0.7214109 0.7794981 0.7217448 0.7793523 0.7215495 0.7793487 0.7214109 0.7794981 0.7217448 0.7794327 0.7218956 0.7793523 0.7215495 0.7794327 0.7218956 0.7793586 0.7217962 0.7793523 0.7215495 0.7794327 0.7218956 0.7793651 0.7220516 0.7793586 0.7217962 0.7801488 0.7217308 0.7799758 0.7218016 0.7796533 0.7213869 0.7799758 0.7218016 0.7795896 0.7215338 0.7796533 0.7213869 0.7799758 0.7218016 0.7798267 0.7218626 0.7795896 0.7215338 0.7798267 0.7218626 0.7795348 0.7216601 0.7795896 0.7215338 0.7798267 0.7218626 0.7797268 0.7219035 0.7795348 0.7216601 0.7797268 0.7219035 0.7794981 0.7217448 0.7795348 0.7216601 0.7797268 0.7219035 0.7795491 0.7219763 0.7794981 0.7217448 0.7795491 0.7219763 0.7794327 0.7218956 0.7794981 0.7217448 0.7795491 0.7219763 0.7793651 0.7220516 0.7794327 0.7218956 0.7807796 0.7219644 0.7804673 0.7219837 0.7801488 0.7217308 0.7804673 0.7219837 0.7799758 0.7218016 0.7801488 0.7217308 0.7804673 0.7219837 0.7801982 0.7220003 0.7799758 0.7218016 0.7801982 0.7220003 0.7798267 0.7218626 0.7799758 0.7218016 0.7801982 0.7220003 0.7800179 0.7220113 0.7798267 0.7218626 0.7800179 0.7220113 0.7797268 0.7219035 0.7798267 0.7218626 0.7800179 0.7220113 0.7796973 0.7220311 0.7797268 0.7219035 0.7796973 0.7220311 0.7795491 0.7219763 0.7797268 0.7219035 0.7796973 0.7220311 0.7793651 0.7220516 0.7795491 0.7219763 0.781746 0.7221058 0.7812203 0.7220938 0.7807796 0.7219644 0.7812203 0.7220938 0.7804673 0.7219837 0.7807796 0.7219644 0.7812203 0.7220938 0.7807674 0.7220836 0.7804673 0.7219837 0.7807674 0.7220836 0.7801982 0.7220003 0.7804673 0.7219837 0.7807674 0.7220836 0.7804639 0.7220767 0.7801982 0.7220003 0.7804639 0.7220767 0.7800179 0.7220113 0.7801982 0.7220003 0.7804639 0.7220767 0.7799242 0.7220644 0.7800179 0.7220113 0.7799242 0.7220644 0.7796973 0.7220311 0.7800179 0.7220113 0.7799242 0.7220644 0.7793651 0.7220516 0.7796973 0.7220311 0.781746 0.9979667 0.7812203 0.9980276 0.781746 0.7221058 0.7812203 0.9980276 0.7812203 0.7220938 0.781746 0.7221058 0.7812203 0.9980276 0.7807674 0.9980801 0.7812203 0.7220938 0.7807674 0.9980801 0.7807674 0.7220836 0.7812203 0.7220938 0.7807674 0.9980801 0.7804638 0.9981152 0.7807674 0.7220836 0.7804638 0.9981152 0.7804639 0.7220767 0.7807674 0.7220836 0.7804638 0.9981152 0.7799242 0.9981778 0.7804639 0.7220767 0.7799242 0.9981778 0.7799242 0.7220644 0.7804639 0.7220767 0.7799242 0.9981778 0.779365 0.9982426 0.7799242 0.7220644 0.779365 0.9982426 0.7793651 0.7220516 0.7799242 0.7220644 0.7793651 0.7220516 0.779365 0.9982426 0.7747598 0.9987761 0.7793651 0.7220516 0.7747598 0.9987761 0.7734937 0.9990168 0.7723404 0.9994315 0.7713567 1 0.5596705 0.9999998 0.7734937 0.9990168 0.7723404 0.9994315 0.5596705 0.9999998 0.7793651 0.7220516 0.7734937 0.9990168 0.5596705 0.9999998 0.2207226 0.7220516 0.7793651 0.7220516 0.5596705 0.9999998 0.2207226 0.7220516 0.5596705 0.9999998 0.4403763 0.9999998 0.4403763 0.9999998 0.2286434 0.9999998 0.2276592 0.9994311 0.4403763 0.9999998 0.2276592 0.9994311 0.2265053 0.9990164 0.2207226 0.7220516 0.4403763 0.9999998 0.2265053 0.9990164 0.2207226 0.7220516 0.2265053 0.9990164 0.2252389 0.9987757 0.2207226 0.7220516 0.2252389 0.9987757 0.220636 0.9982427 0.2182551 0.9979669 0.2177294 0.997906 0.2183417 0.7220708 0.2177294 0.997906 0.2178159 0.7221505 0.2183417 0.7220708 0.2177294 0.997906 0.2172765 0.9978535 0.2178159 0.7221505 0.2172765 0.9978535 0.217363 0.7222191 0.2178159 0.7221505 0.2172765 0.9978535 0.2169731 0.9978183 0.217363 0.7222191 0.2169731 0.9978183 0.2170595 0.7222651 0.217363 0.7222191 0.2169731 0.9978183 0.2164335 0.9977558 0.2170595 0.7222651 0.2164335 0.9977558 0.2165198 0.7223468 0.2170595 0.7222651 0.2164335 0.9977558 0.2158743 0.997691 0.2165198 0.7223468 0.2158743 0.997691 0.2159605 0.7224316 0.2165198 0.7223468 0.09138256 0.9805293 0.08674877 0.9779163 0.08279556 0.9748721 0.09138256 0.9805293 0.08279556 0.9748721 0.07961773 0.9714696 0.1022328 0.9842224 0.09658551 0.9826483 0.09138256 0.9805293 0.1081886 0.9852133 0.1022328 0.9842224 0.09138256 0.9805293 0.1081886 0.9852133 0.09138256 0.9805293 0.07961773 0.9714696 0.07961773 0.9714696 0.07729178 0.9677908 0.07587343 0.9639238 0.1081886 0.9852133 0.07961773 0.9714696 0.07587343 0.9639238 0.1081886 0.9852133 0.07587343 0.9639238 0.07539689 0.9599618 0.2158743 0.997691 0.1081886 0.9852133 0.07539689 0.9599618 0.2158743 0.997691 0.07539689 0.9599618 0.07539689 0.7640112 0.2159605 0.7224316 0.2158743 0.997691 0.07539689 0.7640112 0.08279526 0.7491011 0.08674854 0.7460568 0.09138226 0.7434439 0.0796175 0.7525035 0.08279526 0.7491011 0.09138226 0.7434439 0.09138226 0.7434439 0.09658527 0.7413249 0.1022325 0.739751 0.09138226 0.7434439 0.1022325 0.739751 0.1081882 0.7387598 0.0796175 0.7525035 0.09138226 0.7434439 0.1081882 0.7387598 0.07587337 0.7600491 0.0772916 0.7561823 0.0796175 0.7525035 0.07587337 0.7600491 0.0796175 0.7525035 0.1081882 0.7387598 0.07539689 0.7640112 0.07587337 0.7600491 0.1081882 0.7387598 0.2159605 0.7224316 0.07539689 0.7640112 0.1081882 0.7387598 0.781746 0.2528526 0.7822717 0.252928 0.781746 0.531731 0.7822717 0.252928 0.7822717 0.5316558 0.781746 0.531731 0.7822717 0.252928 0.7827245 0.2529929 0.7822717 0.5316558 0.7827245 0.2529929 0.7827245 0.5315909 0.7822717 0.5316558 0.7827245 0.2529929 0.783028 0.2530364 0.7827245 0.5315909 0.783028 0.2530364 0.783028 0.5315476 0.7827245 0.5315909 0.783028 0.2530364 0.7835677 0.2531138 0.783028 0.5315476 0.7835677 0.2531138 0.7835677 0.5314703 0.783028 0.5315476 0.7835677 0.2531138 0.7841269 0.2531939 0.7835677 0.5314703 0.7841269 0.2531939 0.7841269 0.5313903 0.7835677 0.5314703 0.9172043 0.5056418 0.9132511 0.508686 0.9086174 0.5112989 0.9203821 0.5022396 0.9172043 0.5056418 0.9086174 0.5112989 0.9086174 0.5112989 0.9034146 0.5134178 0.8977676 0.5149919 0.9086174 0.5112989 0.8977676 0.5149919 0.8918117 0.5159833 0.9203821 0.5022396 0.9086174 0.5112989 0.8918117 0.5159833 0.9241267 0.4946941 0.9227082 0.4985609 0.9203821 0.5022396 0.9241267 0.4946941 0.9203821 0.5022396 0.8918117 0.5159833 0.9246031 0.4907322 0.9241267 0.4946941 0.8918117 0.5159833 0.9246031 0.4907322 0.8918117 0.5159833 0.7841269 0.5313903 0.9246031 0.293884 0.9246031 0.4907322 0.7841269 0.5313903 0.9086182 0.2733168 0.913252 0.2759298 0.9172052 0.2789742 0.9086182 0.2733168 0.9172052 0.2789742 0.9203829 0.2823767 0.897768 0.2696238 0.9034153 0.2711979 0.9086182 0.2733168 0.8918122 0.2686322 0.897768 0.2696238 0.9086182 0.2733168 0.8918122 0.2686322 0.9086182 0.2733168 0.9203829 0.2823767 0.9203829 0.2823767 0.9227087 0.2860555 0.9241267 0.2899224 0.8918122 0.2686322 0.9203829 0.2823767 0.9241267 0.2899224 0.8918122 0.2686322 0.9241267 0.2899224 0.9246031 0.293884 0.7841269 0.2531939 0.8918122 0.2686322 0.9246031 0.293884 0.7841269 0.2531939 0.9246031 0.293884 0.7841269 0.5313903 0.781746 0.7221058 0.7822717 0.7221854 0.781746 0.9979667 0.7822717 0.7221854 0.7822717 0.9979057 0.781746 0.9979667 0.7822717 0.7221854 0.7827245 0.7222539 0.7822717 0.9979057 0.7827245 0.7222539 0.7827245 0.9978533 0.7822717 0.9979057 0.7827245 0.7222539 0.783028 0.7222998 0.7827245 0.9978533 0.783028 0.7222998 0.783028 0.9978181 0.7827245 0.9978533 0.783028 0.7222998 0.7835677 0.7223814 0.783028 0.9978181 0.7835677 0.7223814 0.7835677 0.9977555 0.783028 0.9978181 0.7835677 0.7223814 0.7841269 0.7224661 0.7835677 0.9977555 0.7841269 0.7224661 0.7841269 0.9976907 0.7835677 0.9977555 0.9172048 0.9748721 0.9132515 0.9779163 0.9086177 0.9805293 0.9203826 0.9714696 0.9172048 0.9748721 0.9086177 0.9805293 0.9086177 0.9805293 0.9034148 0.9826483 0.8977676 0.9842223 0.9086177 0.9805293 0.8977676 0.9842223 0.8918117 0.9852137 0.9203826 0.9714696 0.9086177 0.9805293 0.8918117 0.9852137 0.9241269 0.9639238 0.9227086 0.9677908 0.9203826 0.9714696 0.9241269 0.9639238 0.9203826 0.9714696 0.8918117 0.9852137 0.9246031 0.9599618 0.9241269 0.9639238 0.8918117 0.9852137 0.9246031 0.9599618 0.8918117 0.9852137 0.7841269 0.9976907 0.9246031 0.7640112 0.9246031 0.9599618 0.7841269 0.9976907 0.9086179 0.7434437 0.9132518 0.7460567 0.917205 0.7491011 0.9086179 0.7434437 0.917205 0.7491011 0.9203827 0.7525035 0.8977676 0.7397509 0.9034149 0.7413249 0.9086179 0.7434437 0.8918117 0.7387598 0.8977676 0.7397509 0.9086179 0.7434437 0.8918117 0.7387598 0.9086179 0.7434437 0.9203827 0.7525035 0.9203827 0.7525035 0.9227086 0.7561823 0.9241267 0.7600492 0.8918117 0.7387598 0.9203827 0.7525035 0.9241267 0.7600492 0.8918117 0.7387598 0.9241267 0.7600492 0.9246031 0.7640112 0.7841269 0.7224661 0.8918117 0.7387598 0.9246031 0.7640112 0.7841269 0.7224661 0.9246031 0.7640112 0.7841269 0.9976907 0.7837301 0.5349528 0.7842558 0.5349614 0.7837301 0.7189146 0.7842558 0.5349614 0.7842558 0.7189061 0.7837301 0.7189146 0.7842558 0.5349614 0.7847086 0.5349687 0.7842558 0.7189061 0.7847086 0.5349687 0.7847086 0.7188985 0.7842558 0.7189061 0.7847086 0.5349687 0.7850121 0.5349736 0.7847086 0.7188985 0.7850121 0.5349736 0.7850121 0.7188935 0.7847086 0.7188985 0.7850121 0.5349736 0.7855519 0.5349824 0.7850121 0.7188935 0.7855519 0.5349824 0.7855519 0.7188847 0.7850121 0.7188935 0.7855519 0.5349824 0.7861111 0.5349915 0.7855519 0.7188847 0.7861111 0.5349915 0.7861111 0.7188755 0.7855519 0.7188847 0.9959729 0.710899 0.9939189 0.7118405 0.9916042 0.7124818 0.9989473 0.7082949 0.9976744 0.7096993 0.9959729 0.710899 0.9959729 0.710899 0.9916042 0.7124818 0.9891328 0.7127941 0.9989473 0.7082949 0.9959729 0.710899 0.9891328 0.7127941 1 0.7051311 0.9997345 0.7067493 0.9989473 0.7082949 1 0.7051311 0.9989473 0.7082949 0.9891328 0.7127941 1 0.7051311 0.9891328 0.7127941 0.9206353 0.7166669 1 0.5487151 1 0.7051311 0.9206353 0.7166669 0.9916045 0.5413635 0.9939189 0.5420052 0.9959727 0.5429471 0.9959727 0.5429471 0.9976739 0.544147 0.9989466 0.5455513 0.9891328 0.5410517 0.9916045 0.5413635 0.9959727 0.5429471 0.9891328 0.5410517 0.9959727 0.5429471 0.9989466 0.5455513 0.9989466 0.5455513 0.9997337 0.5470971 1 0.5487151 0.9891328 0.5410517 0.9989466 0.5455513 1 0.5487151 0.9206344 0.5371794 0.9891328 0.5410517 1 0.5487151 0.9206344 0.5371794 1 0.5487151 0.9206353 0.7166669 0.7861111 0.5349915 0.9206344 0.5371794 0.9206353 0.7166669 0.7861111 0.5349915 0.9206353 0.7166669 0.7861111 0.7188755 0.7837301 0.06794846 0.7842558 0.06794846 0.7837301 0.2496838 0.7842558 0.06794846 0.7842558 0.2496752 0.7837301 0.2496838 0.7842558 0.06794846 0.7847086 0.06794846 0.7842558 0.2496752 0.7847086 0.06794846 0.7847086 0.2496678 0.7842558 0.2496752 0.7847086 0.06794846 0.7850121 0.06794846 0.7847086 0.2496678 0.7850121 0.06794846 0.7850121 0.2496628 0.7847086 0.2496678 0.7850121 0.06794846 0.7855519 0.06794846 0.7850121 0.2496628 0.7855519 0.06794846 0.7855519 0.2496539 0.7850121 0.2496628 0.7855519 0.06794846 0.7861111 0.06794846 0.7855519 0.2496539 0.7861111 0.06794846 0.7861111 0.2496447 0.7855519 0.2496539 0.9959728 0.2416685 0.9939188 0.24261 0.9916041 0.2432514 0.9989472 0.2390646 0.9976743 0.2404688 0.9959728 0.2416685 0.9959728 0.2416685 0.9916041 0.2432514 0.9891328 0.2435637 0.9989472 0.2390646 0.9959728 0.2416685 0.9891328 0.2435637 1 0.2359006 0.9997344 0.2375188 0.9989472 0.2390646 1 0.2359006 0.9989472 0.2390646 0.9891328 0.2435637 1 0.2359006 0.9891328 0.2435637 0.9206353 0.2474363 1 0.07948458 1 0.2359006 0.9206353 0.2474363 0.9916043 0.07213371 0.9939189 0.07277518 0.9959727 0.07371687 0.9959727 0.07371687 0.9976741 0.07491666 0.9989467 0.07632082 0.9891328 0.07182121 0.9916043 0.07213371 0.9959727 0.07371687 0.9891328 0.07182121 0.9959727 0.07371687 0.9989467 0.07632082 0.9989467 0.07632082 0.9997338 0.07786655 1 0.07948458 0.9891328 0.07182121 0.9989467 0.07632082 1 0.07948458 0.9206344 0.06794869 0.9891328 0.07182121 1 0.07948458 0.9206344 0.06794869 1 0.07948458 0.9206353 0.2474363 0.7861111 0.06794846 0.9206344 0.06794869 0.9206353 0.2474363 0.7861111 0.06794846 0.9206353 0.2474363 0.7861111 0.2496447 0.2160608 0.2496803 0.2155351 0.2496717 0.2160608 0.06794869 0.2155351 0.2496717 0.2155351 0.06794869 0.2160608 0.06794869 0.2155351 0.2496717 0.2150822 0.2496643 0.2155351 0.06794869 0.2150822 0.2496643 0.2150822 0.06794869 0.2155351 0.06794869 0.2150822 0.2496643 0.2147787 0.2496593 0.2150822 0.06794869 0.2147787 0.2496593 0.2147787 0.06794869 0.2150822 0.06794869 0.2147787 0.2496593 0.214239 0.2496504 0.2147787 0.06794869 0.214239 0.2496504 0.214239 0.06794869 0.2147787 0.06794869 0.214239 0.2496504 0.2136799 0.2496412 0.214239 0.06794869 0.2136799 0.2496412 0.2136799 0.06794869 0.214239 0.06794869 0.004027187 0.07371664 0.006081223 0.07277506 0.00839585 0.07213377 0.001052856 0.07632058 0.002325654 0.07491636 0.004027187 0.07371664 0.004027187 0.07371664 0.00839585 0.07213377 0.01086711 0.07182151 0.001052856 0.07632058 0.004027187 0.07371664 0.01086711 0.07182151 0 0.07948458 2.6581e-4 0.07786637 0.001052856 0.07632058 0 0.07948458 0.001052856 0.07632058 0.01086711 0.07182151 0 0.07948458 0.01086711 0.07182151 0.0793659 0.06794869 0 0.2359006 0 0.07948458 0.0793659 0.06794869 0.008395195 0.2432514 0.006080746 0.2426099 0.004026949 0.2416681 0.004026949 0.2416681 0.002325654 0.2404683 0.001053035 0.239064 0.0108667 0.243564 0.008395195 0.2432514 0.004026949 0.2416681 0.0108667 0.243564 0.004026949 0.2416681 0.001053035 0.239064 0.001053035 0.239064 2.6618e-4 0.2375183 0 0.2359006 0.0108667 0.243564 0.001053035 0.239064 0 0.2359006 0.07936549 0.2474363 0.0108667 0.243564 0 0.2359006 0.07936549 0.2474363 0 0.2359006 0.0793659 0.06794869 0.2136799 0.06794869 0.2136799 0.2496412 0.07936549 0.2474363 0.2136799 0.06794869 0.07936549 0.2474363 0.0793659 0.06794869 0.2182553 0.531731 0.2177296 0.5316558 0.2182553 0.2528526 0.2177296 0.5316558 0.2177296 0.252928 0.2182553 0.2528526 0.2177296 0.5316558 0.2172767 0.5315909 0.2177296 0.252928 0.2172767 0.5315909 0.2172767 0.2529929 0.2177296 0.252928 0.2172767 0.5315909 0.2169732 0.5315476 0.2172767 0.2529929 0.2169732 0.5315476 0.2169732 0.2530364 0.2172767 0.2529929 0.2169732 0.5315476 0.2164335 0.5314703 0.2169732 0.2530364 0.2164335 0.5314703 0.2164335 0.2531138 0.2169732 0.2530364 0.2164335 0.5314703 0.2158743 0.5313903 0.2164335 0.2531138 0.2158743 0.5313903 0.2158743 0.2531939 0.2164335 0.2531138 0.09138315 0.5112989 0.08674943 0.508686 0.08279621 0.5056419 0.09138315 0.5112989 0.08279621 0.5056419 0.07961839 0.5022397 0.1022331 0.5149918 0.09658604 0.5134177 0.09138315 0.5112989 0.1081886 0.5159833 0.1022331 0.5149918 0.09138315 0.5112989 0.1081886 0.5159833 0.09138315 0.5112989 0.07961839 0.5022397 0.07961839 0.5022397 0.07729226 0.498561 0.07587373 0.4946942 0.1081886 0.5159833 0.07961839 0.5022397 0.07587373 0.4946942 0.1081886 0.5159833 0.07587373 0.4946942 0.07539689 0.4907322 0.2158743 0.5313903 0.1081886 0.5159833 0.07539689 0.4907322 0.2158743 0.5313903 0.07539689 0.4907322 0.07539755 0.293884 0.2158743 0.2531939 0.2158743 0.5313903 0.07539755 0.293884 0.08279532 0.2789739 0.08674854 0.2759296 0.09138226 0.2733166 0.07961755 0.2823763 0.08279532 0.2789739 0.09138226 0.2733166 0.09138226 0.2733166 0.09658521 0.2711976 0.1022325 0.2696236 0.09138226 0.2733166 0.1022325 0.2696236 0.1081882 0.2686322 0.07961755 0.2823763 0.09138226 0.2733166 0.1081882 0.2686322 0.07587337 0.289922 0.07729166 0.2860552 0.07961755 0.2823763 0.07587337 0.289922 0.07961755 0.2823763 0.1081882 0.2686322 0.07539755 0.293884 0.07587337 0.289922 0.1081882 0.2686322 0.2158743 0.2531939 0.07539755 0.293884 0.1081882 0.2686322 0.2162711 0.7189146 0.2157454 0.7189061 0.2162711 0.5349528 0.2157454 0.7189061 0.2157454 0.5349614 0.2162711 0.5349528 0.2157454 0.7189061 0.2152925 0.7188985 0.2157454 0.5349614 0.2152925 0.7188985 0.2152925 0.5349687 0.2157454 0.5349614 0.2152925 0.7188985 0.214989 0.7188935 0.2152925 0.5349687 0.214989 0.7188935 0.214989 0.5349736 0.2152925 0.5349687 0.214989 0.7188935 0.2144494 0.7188847 0.214989 0.5349736 0.2144494 0.7188847 0.2144494 0.5349824 0.214989 0.5349736 0.2144494 0.7188847 0.2138901 0.7188755 0.2144494 0.5349824 0.2138901 0.7188755 0.2138901 0.5349915 0.2144494 0.5349824 0.004027187 0.5429472 0.006081283 0.5420055 0.00839585 0.5413642 0.001052916 0.5455511 0.002325713 0.5441469 0.004027187 0.5429472 0.004027187 0.5429472 0.00839585 0.5413642 0.01086711 0.5410519 0.001052916 0.5455511 0.004027187 0.5429472 0.01086711 0.5410519 0 0.5487151 2.6587e-4 0.5470969 0.001052916 0.5455511 0 0.5487151 0.001052916 0.5455511 0.01086711 0.5410519 0 0.5487151 0.01086711 0.5410519 0.0793659 0.5371794 0 0.7051311 0 0.5487151 0.0793659 0.5371794 0.008395195 0.7124818 0.006080806 0.7118402 0.004026949 0.7108986 0.004026949 0.7108986 0.002325654 0.7096987 0.001053035 0.7082945 0.0108667 0.7127944 0.008395195 0.7124818 0.004026949 0.7108986 0.0108667 0.7127944 0.004026949 0.7108986 0.001053035 0.7082945 0.001053035 0.7082945 2.6618e-4 0.7067486 0 0.7051311 0.0108667 0.7127944 0.001053035 0.7082945 0 0.7051311 0.07936549 0.7166669 0.0108667 0.7127944 0 0.7051311 0.07936549 0.7166669 0 0.7051311 0.0793659 0.5371794 0.2138901 0.5349915 0.2138901 0.7188755 0.07936549 0.7166669 0.2138901 0.5349915 0.07936549 0.7166669 0.0793659 0.5371794 0.2207136 0.2512843 0.2207136 0.2512843 0.2207136 0.2512843 0.2207136 0.2512843 0.2207136 0.2512843 0.2207136 0.2512843 0.2207136 0.2512843 0.2207136 0.2512843 0.2207136 0.2512843 0.2207136 0.2512843 0.2207136 0.2512843 0.2207136 0.2512843 0.2207136 0.2512843 0.2207136 0.2512843 0.2207136 0.2512843 0.2207136 0.2512843 0.2207136 0.2512843 0.2207136 0.2512843 0.2207136 0.2512843 0.2207136 0.2512843 0.2207136 0.2512843 0.2207136 0.2512843 0.2207136 0.2512843 0.2207136 0.2512843 0.2207136 0.2512843 0.2207136 0.2512843 0.2207136 0.2512843 0.2207136 0.2512843 0.2207136 0.2512843 0.2207136 0.2512843 0.2207136 0.2512843 0.2207136 0.2512843 0.2207136 0.2512843 0.2207136 0.2512843 0.2207136 0.2512843 0.2207136 0.2512843 0.2207136 0.2512843 0.2207136 0.2512843 0.2207136 0.2512843 0.2207136 0.2512843 0.2207136 0.2512843 0.2207136 0.2512843 0.2207136 0.2512843 0.2207136 0.2512843 0.2207136 0.2512843 0.2207136 0.2512843 0.2207136 0.2512843 0.2207136 0.2512843 0.2207136 0.2512843 0.2207136 0.2512843 0.2207136 0.2512843 0.2207136 0.2512843 0.2207136 0.2512843 0.2207136 0.2512843 0.2207136 0.2512843 0.2207136 0.2512843 0.2207136 0.2512843 0.2207136 0.2512843 0.2207136 0.2512843 0.2207136 0.2512843 0.2207136 0.2512843 0.2207136 0.2512843 0.2207136 0.2512843 0.2207136 0.2512843 0.2207136 0.2512843 0.2207136 0.2512843 0.2207136 0.2512843 0.2207136 0.2512843 0.2207136 0.2512843 0.2207136 0.2512843 0.2207136 0.2512843 0.2207136 0.2512843 0.2207136 0.2512843 0.2207136 0.2512843 0.2207136 0.2512843 0.2207136 0.2512843 0.2207136 0.2512843 0.2207136 0.2512843 0.2207136 0.2512843 0.2207136 0.2512843 0.2207136 0.2512843 0.2207136 0.2512843 0.2207136 0.2512843 0.2207136 0.2512843 0.2207136 0.2512843 0.2207136 0.2512843 0.2207136 0.2512843 0.2207136 0.2512843 0.2207136 0.2512843 0.2207136 0.2512843 0.2207136 0.2512843 0.2207136 0.2512843 0.2207136 0.2512843 0.2207136 0.2512843 0.2207136 0.2512843 0.2207136 0.2512843 0.2207136 0.2512843 0.2207136 0.2512843 0.2207136 0.2512843 0.2207136 0.2512843 0.2207136 0.2512843 0.2207136 0.2512843 0.2207136 0.2512843 0.2207136 0.2512843 0.2207136 0.2512843 0.2207136 0.2512843 0.2207136 0.2512843 0.2207136 0.2512843 0.2207136 0.2512843 0.2207136 0.2512843 0.2207136 0.2512843 0.2207136 0.2512843 0.2207136 0.2512843 0.2207136 0.2512843 0.2207136 0.2512843 0.2207136 0.2512843 0.2207136 0.2512843 0.2207136 0.2512843 0.2207136 0.2512843 0.2207136 0.2512843 0.2207136 0.2512843 0.2207136 0.2512843 0.2207136 0.2512843 0.2207136 0.2512843 0.2207136 0.2512843 0.2207136 0.2512843 0.2207136 0.2512843 0.2207136 0.2512843 0.2207136 0.2512843 0.2207136 0.2512843 0.2207136 0.2512843 0.2207136 0.2512843 0.2207136 0.2512843 0.2207136 0.2512843 0.2207136 0.2512843 0.2207136 0.2512843 0.2207136 0.2512843 0.2207136 0.2512843 0.2207136 0.2512843 0.2207136 0.2512843 0.2207136 0.2512843 0.2207136 0.2512843 0.2207136 0.2512843 0.2207136 0.2512843 0.2207136 0.2512843 0.2207136 0.2512843 0.2207136 0.2512843 0.2207136 0.2512843 0.2207136 0.2512843 0.2207136 0.2512843 0.2207136 0.2512843 0.2207136 0.2512843 0.2207136 0.2512843 0.2207136 0.2512843 0.2207136 0.2512843 0.2207136 0.2512843 0.2207136 0.2512843 0.2207136 0.2512843 0.2207136 0.2512843 0.2207136 0.2512843 0.2207136 0.2512843 0.2207136 0.2512843 0.2207136 0.2512843 0.2207136 0.2512843 0.2207136 0.2512843 0.2207136 0.2512843 0.2207136 0.2512843 0.2207136 0.2512843 0.2207136 0.2512843 0.2207136 0.2512843 0.2207136 0.2512843 0.2207136 0.2512843 0.2207136 0.2512843 0.2207136 0.2512843 0.2207136 0.2512843 0.2207136 0.2512843 0.2207136 0.2512843 0.2207136 0.2512843 0.2207136 0.2512843 0.2207136 0.2512843 0.2207136 0.2512843 0.2207136 0.2512843 0.2207136 0.2512843 0.2207136 0.2512843 0.2207136 0.2512843 0.2207136 0.2512843 0.2207136 0.2512843 0.2207136 0.2512843 0.2207136 0.2512843 0.2207136 0.2512843 0.2207136 0.2512843 0.2207136 0.2512843 0.2207136 0.2512843 0.2207136 0.2512843 0.2207136 0.2512843 0.2207136 0.2512843 0.2207136 0.2512843 0.2207136 0.2512843 0.2207136 0.2512843 0.2207136 0.2512843 0.2207136 0.2512843 0.2207136 0.2512843 0.2207136 0.2512843 0.2207136 0.2512843 0.2207136 0.2512843 0.2207136 0.2512843 0.2207136 0.2512843 0.2207136 0.2512843 0.2207136 0.2512843 0.2207136 0.2512843 0.2207136 0.2512843 0.2207136 0.2512843 0.2207136 0.2512843 0.2207136 0.2512843 0.2207136 0.2512843 0.2207136 0.2512843 0.2207136 0.2512843 0.2207136 0.2512843 0.2207136 0.2512843 0.2207136 0.2512843 0.2207136 0.2512843 0.2207136 0.2512843 0.2207136 0.2512843 0.2207136 0.2512843 0.2207136 0.2512843 0.2207136 0.2512843 0.2207136 0.2512843 0.2207136 0.2512843 0.2207136 0.2512843 0.2207136 0.2512843 0.2207136 0.2512843 0.2207136 0.2512843 0.2207136 0.2512843 0.2207136 0.2512843 0.2207136 0.2512843 0.2207136 0.2512843 0.2207136 0.2512843 0.2207136 0.2512843 0.2207136 0.2512843 0.2207136 0.2512843 0.2207136 0.2512843 0.2207136 0.2512843 0.2207136 0.2512843 0.2207136 0.2512843 0.2207136 0.2512843 0.2207136 0.2512843 0.2207136 0.2512843 0.2207136 0.2512843 0.2207136 0.2512843 0.2207136 0.2512843 0.2207136 0.2512843 0.2207136 0.2512843 0.2207136 0.2512843 0.2207136 0.2512843 0.2207136 0.2512843 0.2207136 0.2512843 0.2207136 0.2512843 0.2207136 0.2512843 0.2207136 0.2512843 0.2207136 0.2512843 0.2207136 0.2512843 0.2207136 0.2512843 0.2207136 0.2512843 0.2207136 0.2512843 0.2207136 0.2512843 0.2207136 0.2512843 0.2207136 0.2512843 0.2207136 0.2512843 0.2207136 0.2512843 0.2207136 0.2512843 0.2207136 0.2512843 0.2207136 0.2512843 0.2207136 0.2512843 0.2207136 0.2512843 0.2207136 0.2512843 0.2207136 0.2512843 0.2207136 0.2512843 0.2207136 0.2512843 0.2207136 0.2512843 0.2207136 0.2512843 0.2207136 0.2512843 0.2207136 0.2512843 0.2207136 0.2512843 0.2207136 0.2512843 0.2207136 0.2512843 0.2207136 0.2512843 0.2207136 0.2512843 0.2207136 0.2512843 0.2207136 0.2512843 0.2207136 0.2512843 0.2207136 0.2512843 0.2207136 0.2512843 0.2207136 0.2512843 0.2207136 0.2512843 0.2207136 0.2512843 0.2207136 0.2512843 0.2207136 0.2512843 0.2207136 0.2512843 0.2207136 0.2512843 0.2207136 0.2512843 0.2207136 0.2512843 0.2207136 0.2512843 0.2207136 0.2512843 0.2207136 0.2512843 0.2207136 0.2512843 0.2207136 0.2512843 0.2207136 0.2512843 0.2207136 0.2512843 0.2207136 0.2512843 0.2207136 0.2512843 0.2207136 0.2512843 0.2207136 0.2512843 0.2207136 0.2512843 0.2207136 0.2512843 0.2207136 0.2512843 0.2207136 0.2512843 0.2207136 0.2512843 0.2207136 0.2512843 0.2207136 0.2512843 0.2207136 0.2512843 0.2207136 0.2512843 0.2207136 0.2512843 0.2207136 0.2512843 0.2207136 0.2512843 0.2207136 0.2512843 0.2207136 0.2512843 0.2207136 0.2512843 0.2207136 0.2512843 0.2207136 0.2512843 0.2207136 0.2512843 0.2207136 0.2512843 0.2207136 0.2512843 0.2207136 0.2512843 0.2207136 0.2512843 0.2207136 0.2512843 0.2207136 0.2512843 0.2207136 0.2512843 0.2207136 0.2512843 0.2207136 0.2512843 0.2207136 0.2512843 0.2207136 0.2512843 0.2207136 0.2512843 0.2207136 0.2512843 0.2207136 0.2512843 0.2207136 0.2512843 0.2207136 0.2512843 0.2207136 0.2512843 0.2207136 0.2512843 0.2207136 0.2512843 0.2207136 0.2512843 0.2207136 0.2512843 0.2207136 0.2512843 0.2207136 0.2512843 0.2207136 0.2512843 0.2207136 0.2512843 0.2207136 0.2512843 0.2207136 0.2512843 0.2207136 0.2512843 0.2207136 0.2512843 0.2207136 0.2512843 0.2207136 0.2512843 0.2207136 0.2512843 0.2207136 0.2512843 0.2207136 0.2512843 0.2207136 0.2512843 0.2207136 0.2512843 0.2207136 0.2512843 0.2207136 0.2512843 0.2207136 0.2512843 0.2207136 0.2512843 0.2207136 0.2512843 0.2207136 0.2512843 0.2207136 0.2512843 0.2207136 0.2512843 0.2207136 0.2512843 0.2207136 0.2512843 0.2207136 0.2512843 0.2207136 0.2512843 0.2207136 0.2512843 0.2207136 0.2512843 0.2207136 0.2512843 0.2207136 0.2512843 0.2207136 0.2512843 0.2207136 0.2512843 0.2207136 0.2512843 0.2207136 0.2512843 0.2207136 0.2512843 0.2207136 0.2512843 0.2207136 0.2512843 0.2207136 0.2512843 0.2207136 0.2512843 0.2207136 0.2512843 0.2207136 0.2512843 0.2207136 0.2512843 0.2207136 0.2512843 0.2207136 0.2512843 0.2207136 0.2512843 0.2207136 0.2512843 0.2207136 0.2512843 0.2207136 0.2512843 0.2207136 0.2512843 0.2207136 0.2512843 0.2207136 0.2512843 0.2207136 0.2512843 0.2207136 0.2512843 0.2207136 0.2512843 0.2207136 0.2512843 0.2207136 0.2512843 0.2207136 0.2512843 0.2207136 0.2512843 0.2207136 0.2512843 0.2207136 0.2512843 0.2207136 0.2512843 0.2207136 0.2512843 0.2207136 0.2512843 0.2207136 0.2512843 0.2207136 0.2512843 0.2207136 0.2512843 0.2207136 0.2512843 0.2207136 0.2512843 0.2207136 0.2512843 0.2207136 0.2512843 0.2207136 0.2512843 0.2207136 0.2512843 0.2207136 0.2512843 0.2207136 0.2512843 0.2207136 0.2512843 0.2207136 0.2512843 0.2207136 0.2512843 0.2207136 0.2512843 0.2207136 0.2512843 0.2207136 0.2512843 0.2207136 0.2512843 0.2207136 0.2512843 0.2207136 0.2512843 0.2207136 0.2512843 0.2207136 0.2512843 0.2207136 0.2512843 0.2207136 0.2512843 0.2207136 0.2512843 0.2207136 0.2512843 0.2207136 0.2512843 0.2207136 0.2512843 0.2207136 0.2512843 0.2207136 0.2512843 0.2207136 0.2512843 0.2207136 0.2512843 0.2207136 0.2512843 0.2207136 0.2512843 0.2207136 0.2512843 0.2207136 0.2512843 0.2207136 0.2512843 0.2207136 0.2512843 0.2207136 0.2512843 0.2207136 0.2512843 0.2207136 0.2512843 0.2207136 0.2512843 0.2207136 0.2512843 0.2207136 0.2512843 0.2207136 0.2512843 0.2207136 0.2512843 0.2207136 0.2512843 0.2207136 0.2512843 0.2207136 0.2512843 0.2207136 0.2512843 0.2207136 0.2512843 0.2207136 0.2512843 0.2207136 0.2512843 0.2207136 0.2512843 0.2207136 0.2512843 0.2207136 0.2512843 0.2207136 0.2512843 0.2207136 0.2512843 0.2207136 0.2512843 0.2207136 0.2512843 0.2207136 0.2512843 0.2207136 0.2512843 0.2207136 0.2512843 0.2207136 0.2512843 0.2207136 0.2512843 0.2207136 0.2512843 0.2207136 0.2512843 0.2207136 0.2512843 0.2207136 0.2512843 0.2207136 0.2512843 0.2207136 0.2512843 0.2207136 0.2512843 0.2207136 0.2512843 0.2207136 0.2512843 0.2207136 0.2512843 0.2207136 0.2512843 0.2207136 0.2512843 0.2207136 0.2512843 0.2207136 0.2512843 0.2207136 0.2512843 0.2207136 0.2512843 0.2207136 0.2512843 0.2207136 0.2512843 0.2207136 0.2512843 0.2207136 0.2512843 0.2207136 0.2512843 0.2207136 0.2512843 0.2207136 0.2512843 0.2207136 0.2512843 0.2207136 0.2512843 0.2207136 0.2512843 0.2207136 0.2512843 0.2207136 0.2512843 0.2207136 0.2512843 0.2207136 0.2512843 0.2207136 0.2512843 0.2207136 0.2512843 0.2207136 0.2512843 0.2207136 0.2512843 0.2207136 0.2512843 0.2207136 0.2512843 0.2207136 0.2512843 0.2207136 0.2512843 0.2207136 0.2512843 0.2207136 0.2512843 0.2207136 0.2512843 0.2207136 0.2512843 0.2207136 0.2512843 0.2207136 0.2512843 0.2207136 0.2512843 0.2207136 0.2512843 0.2207136 0.2512843 0.2207136 0.2512843 0.2207136 0.2512843 0.2207136 0.2512843 0.2207136 0.2512843 0.2207136 0.2512843 0.2207136 0.2512843 0.2207136 0.2512843 0.2207136 0.2512843 0.2207136 0.2512843 0.2207136 0.2512843 0.2207136 0.2512843 0.2207136 0.2512843 0.2207136 0.2512843 0.2207136 0.2512843 0.2207136 0.2512843 0.2207136 0.2512843 0.2207136 0.2512843 0.2207136 0.2512843 0.2207136 0.2512843 0.2207136 0.2512843 0.2207136 0.2512843 0.2207136 0.2512843 0.2207136 0.2512843 0.2207136 0.2512843 0.2207136 0.2512843 0.2207136 0.2512843 0.2207136 0.2512843 0.2207136 0.2512843 0.2207136 0.2512843 0.2207136 0.2512843 0.2207136 0.2512843 0.2207136 0.2512843 0.2207136 0.2512843 0.2207136 0.2512843 0.2207136 0.2512843 0.2207136 0.2512843 0.2207136 0.2512843 0.2207136 0.2512843 0.2207136 0.2512843 0.2207136 0.2512843 0.2207136 0.2512843 0.2207136 0.2512843 0.2207136 0.2512843 0.2207136 0.2512843 0.2207136 0.2512843 0.2207136 0.2512843 0.2207136 0.2512843 0.2207136 0.2512843 0.2207136 0.2512843 0.2207136 0.2512843 0.2207136 0.2512843 0.2207136 0.2512843 0.2207136 0.2512843 0.2207136 0.2512843 0.2207136 0.2512843 0.2207136 0.2512843 0.2207136 0.2512843 0.2207136 0.2512843 0.2207136 0.2512843 0.2207136 0.2512843 0.2207136 0.2512843 0.2207136 0.2512843 0.2207136 0.2512843 0.2207136 0.2512843 0.2207136 0.2512843 0.2207136 0.2512843 0.2207136 0.2512843 0.2207136 0.2512843 0.2207136 0.2512843 0.2207136 0.2512843 0.2207136 0.2512843 0.2207136 0.2512843 0.2207136 0.2512843 0.2207136 0.2512843 0.2207136 0.2512843 0.2207136 0.2512843 0.2207136 0.2512843 0.2207136 0.2512843 0.2207136 0.2512843 0.2207136 0.2512843 0.2207136 0.2512843 0.2207136 0.2512843 0.2207136 0.2512843 0.2207136 0.2512843 0.2207136 0.2512843 0.2207136 0.2512843 0.2207136 0.2512843 0.2207136 0.2512843 0.2207136 0.2512843 0.2207136 0.2512843 0.2207136 0.2512843 0.2207136 0.2512843 0.2207136 0.2512843 0.2207136 0.2512843 0.2207136 0.2512843 0.2207136 0.2512843 0.2207136 0.2512843 0.2207136 0.2512843 0.2207136 0.2512843 0.2207136 0.2512843 0.2207136 0.2512843 0.2207136 0.2512843 0.2207136 0.2512843 0.2207136 0.2512843 0.2207136 0.2512843 0.2207136 0.2512843 0.2207136 0.2512843 0.2207136 0.2512843 0.2207136 0.2512843 0.2207136 0.2512843 0.2207136 0.2512843 0.2207136 0.2512843 0.2207136 0.2512843 0.2207136 0.2512843 0.2207136 0.2512843 0.2207136 0.2512843 0.2207136 0.2512843 0.2207136 0.2512843 0.2207136 0.2512843 0.2207136 0.2512843 0.2207136 0.2512843 0.2207136 0.2512843 0.2207136 0.2512843 0.2207136 0.2512843 0.2207136 0.2512843 0.2207136 0.2512843 0.2207136 0.2512843 0.2207136 0.2512843 0.2207136 0.2512843 0.2207136 0.2512843 0.2207136 0.2512843 0.2207136 0.2512843 0.2207136 0.2512843 0.2207136 0.2512843 0.2207136 0.2512843 0.2207136 0.2512843 0.2207136 0.2512843 0.2207136 0.2512843 0.2207136 0.2512843 0.2207136 0.2512843 0.2207136 0.2512843 0.2207136 0.2512843 0.2207136 0.2512843 0.2207136 0.2512843 0.2207136 0.2512843 0.2207136 0.2512843 0.2207136 0.2512843 0.2207136 0.2512843 0.2207136 0.2512843 0.2207136 0.2512843 0.2207136 0.2512843 0.2207136 0.2512843 0.2207136 0.2512843 0.2207136 0.2512843 0.2207136 0.2512843 0.2207136 0.2512843 0.2207136 0.2512843 0.2207136 0.2512843 0.2207136 0.2512843 0.2207136 0.2512843 0.2207136 0.2512843 0.2207136 0.2512843 0.2207136 0.2512843 0.2207136 0.2512843 0.2207136 0.2512843 0.2207136 0.2512843 0.2207136 0.2512843 0.2207136 0.2512843 0.2207136 0.2512843 0.2207136 0.2512843 0.2207136 0.2512843 0.2207136 0.2512843 0.2207136 0.2512843 0.2207136 0.2512843 0.2207136 0.2512843 0.2207136 0.2512843 0.2207136 0.2512843 0.2207136 0.2512843 0.2207136 0.2512843 0.2207136 0.2512843 0.2207136 0.2512843 0.2207136 0.2512843 0.2207136 0.2512843 0.2207136 0.2512843 0.2207136 0.2512843 0.2207136 0.2512843 0.2207136 0.2512843 0.2207136 0.2512843 0.2207136 0.2512843 0.2207136 0.2512843 0.2207136 0.2512843 0.2207136 0.2512843 0.2207136 0.2512843 0.2207136 0.2512843 0.2207136 0.2512843 0.2207136 0.2512843 0.2207136 0.2512843 0.2207136 0.2512843 0.2207136 0.2512843 0.2207136 0.2512843 0.2207136 0.2512843 0.2207136 0.2512843 0.2207136 0.2512843 0.2207136 0.2512843 0.2207136 0.2512843 0.2207136 0.2512843 0.2207136 0.2512843 0.2207136 0.2512843 0.2207136 0.2512843 0.2207136 0.2512843 0.2207136 0.2512843 0.2207136 0.2512843 0.2207136 0.2512843 0.2207136 0.2512843 0.2207136 0.2512843 0.2207136 0.2512843 0.2207136 0.2512843 0.2207136 0.2512843 0.2207136 0.2512843 0.2207136 0.2512843 0.2207136 0.2512843 0.2207136 0.2512843 0.2207136 0.2512843 0.2207136 0.2512843 0.2207136 0.2512843 0.2207136 0.2512843 0.2207136 0.2512843 0.2207136 0.2512843 0.2207136 0.2512843 0.2207136 0.2512843 0.2207136 0.2512843 0.2207136 0.2512843 0.2207136 0.2512843 0.2207136 0.2512843 0.2207136 0.2512843 0.2207136 0.2512843 0.2207136 0.2512843 0.2207136 0.2512843 0.2207136 0.2512843 0.2207136 0.2512843 0.2207136 0.2512843 0.2207136 0.2512843 0.2207136 0.2512843 0.2207136 0.2512843 0.2207136 0.2512843 0.2207136 0.2512843 0.2207136 0.2512843 0.2207136 0.2512843 0.2207136 0.2512843 0.2207136 0.2512843 0.2207136 0.2512843 0.2207136 0.2512843 0.2207136 0.2512843 0.2207136 0.2512843 0.2207136 0.2512843 0.2207136 0.2512843 0.2207136 0.2512843 0.2207136 0.2512843 0.2207136 0.2512843 0.2207136 0.2512843 0.2207136 0.2512843 0.2207136 0.2512843 0.2207136 0.2512843 0.2207136 0.2512843 0.2207136 0.2512843 0.2207136 0.2512843 0.2207136 0.2512843 0.2207136 0.2512843 0.2207136 0.2512843 0.2207136 0.2512843 0.2207136 0.2512843 0.2207136 0.2512843 0.2207136 0.2512843 0.2207136 0.2512843 0.2207136 0.2512843 0.2207136 0.2512843 0.2207136 0.2512843 0.2207136 0.2512843 0.2207136 0.2512843 0.2207136 0.2512843 0.2207136 0.2512843 0.2207136 0.2512843 0.2207136 0.2512843 0.2207136 0.2512843 0.2207136 0.2512843 0.2207136 0.2512843 0.2207136 0.2512843 0.2207136 0.2512843 0.2207136 0.2512843 0.2207136 0.2512843 0.2207136 0.2512843 0.2207136 0.2512843 0.2207136 0.2512843 0.2207136 0.2512843 0.2207136 0.2512843 0.2207136 0.2512843 0.2207136 0.2512843 0.2207136 0.2512843 0.2207136 0.2512843 0.2207136 0.2512843 0.2207136 0.2512843 0.2207136 0.2512843 0.2207136 0.2512843 0.2207136 0.2512843 0.2207136 0.2512843 0.2207136 0.2512843 0.2207136 0.2512843 0.2207136 0.2512843 0.2207136 0.2512843 0.2207136 0.2512843 0.2207136 0.2512843 0.2207136 0.2512843 0.2207136 0.2512843 0.2207136 0.2512843 0.2207136 0.2512843 0.2207136 0.2512843 0.2207136 0.2512843 0.2207136 0.2512843 0.2207136 0.2512843 0.2207136 0.2512843 0.2207136 0.2512843 0.2207136 0.2512843 0.2207136 0.2512843 0.2207136 0.2512843 0.2207136 0.2512843 0.2207136 0.2512843 0.2207136 0.2512843 0.2207136 0.2512843 0.2207136 0.2512843 0.2207136 0.2512843 0.2207136 0.2512843 0.2207136 0.2512843 0.2207136 0.2512843 0.2207136 0.2512843 0.2207136 0.2512843 0.2207136 0.2512843 0.2207136 0.2512843 0.2207136 0.2512843 0.2207136 0.2512843 0.2207136 0.2512843 0.2207136 0.2512843 0.2207136 0.2512843 0.2207136 0.2512843 0.2207136 0.2512843 0.2207136 0.2512843 0.2207136 0.2512843 0.2207136 0.2512843 0.2207136 0.2512843 0.2207136 0.2512843 0.2207136 0.2512843 0.2207136 0.2512843 0.2207136 0.2512843 0.2207136 0.2512843 0.2207136 0.2512843 0.2207136 0.2512843 0.2207136 0.2512843 0.2207136 0.2512843 0.2207136 0.2512843 0.2207136 0.2512843 0.2207136 0.2512843 0.2207136 0.2512843 0.2207136 0.2512843 0.2207136 0.2512843 0.2207136 0.2512843 0.2207136 0.2512843 0.2207136 0.2512843 0.2207136 0.2512843 0.2207136 0.2512843 0.2207136 0.2512843 0.2207136 0.2512843 0.2207136 0.2512843 0.2207136 0.2512843 0.2207136 0.2512843 0.2207136 0.2512843 0.2207136 0.2512843 0.2207136 0.2512843 0.2207136 0.2512843 0.2207136 0.2512843 0.2207136 0.2512843 0.2207136 0.2512843 0.2207136 0.2512843 0.2207136 0.2512843 0.2207136 0.2512843 0.2207136 0.2512843 0.2207136 0.2512843 0.2207136 0.2512843 0.2207136 0.2512843 0.2207136 0.2512843 0.2207136 0.2512843 0.2207136 0.2512843 0.2207136 0.2512843 0.2207136 0.2512843 0.2207136 0.2512843 0.2207136 0.2512843 0.2207136 0.2512843 0.2207136 0.2512843 0.2207136 0.2512843 0.2207136 0.2512843 0.2207136 0.2512843 0.2207136 0.2512843 0.2207136 0.2512843 0.2207136 0.2512843 0.2207136 0.2512843 0.2207136 0.2512843 0.2207136 0.2512843 0.2207136 0.2512843 0.2207136 0.2512843 0.2207136 0.2512843 0.2207136 0.2512843 0.2207136 0.2512843 0.2207136 0.2512843 0.2207136 0.2512843 0.2207136 0.2512843 0.2207136 0.2512843 0.2207136 0.2512843 0.2207136 0.2512843 0.2207136 0.2512843 0.2207136 0.2512843 0.2207136 0.2512843 0.2207136 0.2512843 0.2207136 0.2512843 0.2207136 0.2512843 0.2207136 0.2512843 0.2207136 0.2512843 0.2207136 0.2512843 0.2207136 0.2512843 0.2207136 0.2512843 0.2207136 0.2512843 0.2207136 0.2512843 0.2207136 0.2512843 0.2207136 0.2512843 0.2207136 0.2512843 0.2207136 0.2512843 0.2207136 0.2512843 0.2207136 0.2512843 0.2207136 0.2512843 0.2207136 0.2512843 0.2207136 0.2512843 0.2207136 0.2512843 0.2207136 0.2512843 0.2207136 0.2512843 0.2207136 0.2512843 0.2207136 0.2512843 0.2207136 0.2512843 0.2207136 0.2512843 0.2207136 0.2512843 0.2207136 0.2512843 0.2207136 0.2512843 0.2207136 0.2512843 0.2207136 0.2512843 0.2207136 0.2512843 0.2207136 0.2512843 0.2207136 0.2512843 0.2207136 0.2512843 0.2207136 0.2512843 0.2207136 0.2512843 0.2207136 0.2512843 0.2207136 0.2512843 0.2207136 0.2512843 0.2207136 0.2512843 0.2207136 0.2512843 0.2207136 0.2512843 0.2207136 0.2512843 0.2207136 0.2512843 0.2207136 0.2512843 0.2207136 0.2512843 0.2207136 0.2512843 0.2207136 0.2512843 0.2207136 0.2512843 0.2207136 0.2512843 0.2207136 0.2512843 0.2207136 0.2512843 0.2207136 0.2512843 0.2207136 0.2512843 0.2207136 0.2512843 0.2207136 0.2512843 0.2207136 0.2512843 0.2207136 0.2512843 0.2207136 0.2512843 0.2207136 0.2512843 0.2207136 0.2512843 0.2207136 0.2512843 0.2207136 0.2512843 0.2207136 0.2512843 0.2207136 0.2512843 0.2207136 0.2512843 0.2207136 0.2512843 0.2207136 0.2512843 0.2207136 0.2512843 0.2207136 0.2512843 0.2207136 0.2512843 0.2207136 0.2512843 0.2207136 0.2512843 0.2207136 0.2512843 0.2207136 0.2512843 0.2207136 0.2512843 0.2207136 0.2512843 0.2207136 0.2512843 0.2207136 0.2512843 0.2207136 0.2512843 0.2207136 0.2512843 0.2207136 0.2512843 0.2207136 0.2512843 0.2207136 0.2512843 0.2207136 0.2512843 0.2207136 0.2512843 0.2207136 0.2512843 0.2207136 0.2512843 0.2207136 0.2512843 0.2207136 0.2512843 0.2207136 0.2512843 0.2207136 0.2512843 0.2207136 0.2512843 0.2207136 0.2512843 0.2207136 0.2512843 0.2207136 0.2512843 0.2207136 0.2512843 0.2207136 0.2512843 0.2207136 0.2512843 0.2207136 0.2512843 0.2207136 0.2512843 0.2207136 0.2512843 0.2207136 0.2512843 0.2207136 0.2512843 0.2207136 0.2512843 0.2207136 0.2512843 0.2207136 0.2512843 0.2207136 0.2512843 0.2207136 0.2512843 0.2207136 0.2512843 0.2207136 0.2512843 0.2207136 0.2512843 0.2207136 0.2512843 0.2207136 0.2512843 0.2207136 0.2512843 0.2207136 0.2512843 0.2207136 0.2512843 0.2207136 0.2512843 0.2207136 0.2512843 0.2207136 0.2512843 0.2207136 0.2512843 0.2207136 0.2512843 0.2207136 0.2512843 0.2207136 0.2512843 0.2207136 0.2512843 0.2207136 0.2512843 0.2207136 0.2512843 0.2207136 0.2512843 0.2207136 0.2512843 0.2207136 0.2512843 0.2207136 0.2512843 0.2207136 0.2512843 0.2207136 0.2512843 0.2207136 0.2512843 0.2207136 0.2512843 0.2207136 0.2512843 0.2207136 0.2512843 0.2207136 0.2512843 0.2207136 0.2512843 0.2207136 0.2512843 0.2207136 0.2512843 0.2207136 0.2512843 0.2207136 0.2512843 0.2207136 0.2512843 0.2207136 0.2512843 0.2207136 0.2512843 0.2207136 0.2512843 0.2207136 0.2512843 0.2207136 0.2512843 0.2207136 0.2512843 0.2207136 0.2512843 0.2207136 0.2512843 0.2207136 0.2512843 0.2207136 0.2512843 0.2207136 0.2512843 0.2207136 0.2512843 0.2207136 0.2512843 0.2207136 0.2512843 0.2207136 0.2512843 0.2207136 0.2512843 0.2207136 0.2512843 0.2207136 0.2512843 0.2207136 0.2512843 0.2207136 0.2512843 0.2207136 0.2512843 0.2207136 0.2512843 0.2207136 0.2512843 0.2207136 0.2512843 0.2207136 0.2512843 0.2207136 0.2512843 0.2207136 0.2512843 0.2207136 0.2512843 0.2207136 0.2512843 0.2207136 0.2512843 0.2207136 0.2512843 0.2207136 0.2512843 0.2207136 0.2512843 0.2207136 0.2512843 0.2207136 0.2512843 0.2207136 0.2512843 0.2207136 0.2512843 0.2207136 0.2512843 0.2207136 0.2512843 0.2207136 0.2512843 0.2207136 0.2512843 0.2207136 0.2512843 0.2207136 0.2512843 0.2207136 0.2512843 0.2207136 0.2512843 0.2207136 0.2512843 0.2207136 0.2512843 0.2207136 0.2512843 0.2207136 0.2512843 0.2207136 0.2512843 0.2207136 0.2512843 0.2207136 0.2512843 0.2207136 0.2512843 0.2207136 0.2512843 0.2207136 0.2512843 0.2207136 0.2512843 0.2207136 0.2512843 0.2207136 0.2512843 0.2207136 0.2512843 0.2207136 0.2512843 0.2207136 0.2512843 0.2207136 0.2512843 0.2207136 0.2512843 0.2207136 0.2512843 0.2207136 0.2512843 0.2207136 0.2512843 0.2207136 0.2512843 0.2207136 0.2512843 0.2207136 0.2512843 0.2207136 0.2512843 0.2207136 0.2512843 0.2207136 0.2512843 0.2207136 0.2512843 0.2207136 0.2512843 0.2207136 0.2512843 0.2207136 0.2512843 0.2207136 0.2512843 0.2207136 0.2512843 0.2207136 0.2512843 0.2207136 0.2512843 0.2207136 0.2512843 0.2207136 0.2512843 0.2207136 0.2512843 0.2207136 0.2512843 0.2207136 0.2512843 0.2207136 0.2512843 0.2207136 0.2512843 0.2207136 0.2512843 0.2207136 0.2512843 0.2207136 0.2512843 0.2207136 0.2512843 0.2207136 0.2512843 0.2207136 0.2512843 0.2207136 0.2512843 0.2207136 0.2512843 0.2207136 0.2512843 0.2207136 0.2512843 0.2207136 0.2512843 0.2207136 0.2512843 0.2207136 0.2512843 0.2207136 0.2512843 0.2207136 0.2512843 0.2207136 0.2512843 0.2207136 0.2512843 0.2207136 0.2512843 0.2207136 0.2512843 0.2207136 0.2512843 0.2207136 0.2512843 0.2207136 0.2512843 0.2207136 0.2512843 0.2207136 0.2512843 0.2207136 0.2512843 0.2207136 0.2512843 0.2207136 0.2512843 0.2207136 0.2512843 0.2207136 0.2512843 0.2207136 0.2512843 0.2207136 0.2512843 0.2207136 0.2512843 0.2207136 0.2512843 0.2207136 0.2512843 0.2207136 0.2512843 0.2207136 0.2512843 0.2207136 0.2512843 0.2207136 0.2512843 0.2207136 0.2512843 0.2207136 0.2512843 0.2207136 0.2512843 0.2207136 0.2512843 0.2207136 0.2512843 0.2207136 0.2512843 0.2207136 0.2512843 0.2207136 0.2512843 0.2207136 0.2512843 0.2207136 0.2512843 0.2207136 0.2512843 0.2207136 0.2512843 0.2207136 0.2512843 0.2207136 0.2512843 0.2207136 0.2512843 0.2207136 0.2512843 0.2207136 0.2512843 0.2207136 0.2512843 0.2207136 0.2512843 0.2207136 0.2512843 0.2207136 0.2512843 0.2207136 0.2512843 0.2207136 0.2512843 0.2207136 0.2512843 0.2207136 0.2512843 0.2207136 0.2512843 0.2207136 0.2512843 0.2207136 0.2512843 0.2207136 0.2512843 0.2207136 0.2512843 0.2207136 0.2512843 0.2207136 0.2512843 0.2207136 0.2512843 0.2207136 0.2512843 0.2207136 0.2512843 0.2207136 0.2512843 0.2207136 0.2512843 0.2207136 0.2512843 0.2207136 0.2512843 0.2207136 0.2512843 0.2207136 0.2512843 0.2207136 0.2512843 0.2207136 0.2512843 0.2207136 0.2512843 0.2207136 0.2512843 0.2207136 0.2512843 0.2207136 0.2512843 0.2207136 0.2512843 0.2207136 0.2512843 0.2207136 0.2512843 0.2207136 0.2512843 0.2207136 0.2512843 0.2207136 0.2512843 0.2207136 0.2512843 0.2207136 0.2512843 0.2207136 0.2512843 0.2207136 0.2512843 0.2207136 0.2512843 0.2207136 0.2512843 0.2207136 0.2512843 0.2207136 0.2512843 0.2207136 0.2512843 0.2207136 0.2512843 0.2207136 0.2512843 0.2207136 0.2512843 0.2207136 0.2512843 0.2207136 0.2512843 0.2207136 0.2512843 0.2207136 0.2512843 0.2207136 0.2512843 0.2207136 0.2512843 0.2207136 0.2512843 0.2207136 0.2512843 0.2207136 0.2512843 0.2207136 0.2512843 0.2207136 0.2512843 0.2207136 0.2512843 0.2207136 0.2512843 0.2207136 0.2512843 0.2207136 0.2512843 0.2207136 0.2512843 0.2207136 0.2512843 0.2207136 0.2512843 0.2207136 0.2512843 0.2207136 0.2512843 0.2207136 0.2512843 0.2207136 0.2512843 0.2207136 0.2512843 0.2207136 0.2512843 0.2207136 0.2512843 0.2207136 0.2512843 0.2207136 0.2512843 0.2207136 0.2512843 0.2207136 0.2512843 0.2207136 0.2512843 0.2207136 0.2512843 0.2207136 0.2512843 0.2207136 0.2512843 0.2207136 0.2512843 0.2207136 0.2512843 0.2207136 0.2512843 0.2207136 0.2512843 0.2207136 0.2512843 0.2207136 0.2512843 0.2207136 0.2512843 0.2207136 0.2512843 0.2207136 0.2512843 0.2207136 0.2512843 0.2207136 0.2512843 0.2207136 0.2512843 0.2207136 0.2512843 0.2207136 0.2512843 0.2207136 0.2512843 0.2207136 0.2512843 0.2207136 0.2512843 0.2207136 0.2512843 0.2207136 0.2512843 0.2207136 0.2512843 0.2207136 0.2512843 0.2207136 0.2512843 0.2207136 0.2512843 0.2207136 0.2512843 0.2207136 0.2512843 0.2207136 0.2512843 0.2207136 0.2512843 0.2207136 0.2512843 0.2207136 0.2512843 0.2207136 0.2512843 0.2207136 0.2512843 0.2207136 0.2512843 0.2207136 0.2512843 0.2207136 0.2512843 0.2207136 0.2512843 0.2207136 0.2512843 0.2207136 0.2512843 0.2207136 0.2512843 0.2207136 0.2512843 0.2207136 0.2512843 0.2207136 0.2512843 0.2207136 0.2512843 0.2207136 0.2512843 0.2207136 0.2512843 0.2207136 0.2512843 0.2207136 0.2512843 0.2207136 0.2512843 0.2207136 0.2512843 0.2207136 0.2512843 0.2207136 0.2512843 0.2207136 0.2512843 0.2207136 0.2512843 0.2207136 0.2512843 0.2207136 0.2512843 0.2207136 0.2512843 0.2207136 0.2512843 0.2207136 0.2512843 0.2207136 0.2512843 0.2207136 0.2512843 0.2207136 0.2512843 0.2207136 0.2512843 0.2207136 0.2512843 0.2207136 0.2512843 0.2207136 0.2512843 0.2207136 0.2512843 0.2207136 0.2512843 0.2207136 0.2512843 0.2207136 0.2512843 0.2207136 0.2512843 0.2207136 0.2512843 0.2207136 0.2512843 0.2207136 0.2512843 0.2207136 0.2512843 0.2207136 0.2512843 0.2207136 0.2512843 0.2207136 0.2512843 0.2207136 0.2512843 0.2207136 0.2512843 0.2207136 0.2512843 0.2207136 0.2512843 0.2207136 0.2512843 0.2207136 0.2512843 0.2207136 0.2512843 0.2207136 0.2512843 0.2207136 0.2512843 0.2207136 0.2512843 0.2207136 0.2512843 0.2207136 0.2512843 0.2207136 0.2512843 0.2207136 0.2512843 0.2207136 0.2512843 0.2207136 0.2512843 0.2207136 0.2512843 0.2207136 0.2512843 0.2207136 0.2512843 0.2207136 0.2512843 0.2207136 0.2512843 0.2207136 0.2512843 0.2207136 0.2512843 0.2207136 0.2512843 0.2207136 0.2512843 0.2207136 0.2512843 0.2207136 0.2512843 0.2207136 0.2512843 0.2207136 0.2512843 0.2207136 0.2512843 0.2207136 0.2512843 0.2207136 0.2512843 0.2207136 0.2512843 0.2207136 0.2512843 0.2207136 0.2512843 0.2207136 0.2512843 0.2207136 0.2512843 0.2207136 0.2512843 0.2207136 0.2512843 0.2207136 0.2512843 0.2207136 0.2512843 0.2207136 0.2512843 0.2207136 0.2512843 0.2207136 0.2512843 0.2207136 0.2512843 0.2207136 0.2512843 0.2207136 0.2512843 0.2207136 0.2512843 0.2207136 0.2512843 0.2207136 0.2512843 0.2207136 0.2512843 0.2207136 0.2512843 0.2207136 0.2512843 0.2207136 0.2512843 0.2207136 0.2512843 0.2207136 0.2512843 0.2207136 0.2512843 0.2207136 0.2512843 0.2207136 0.2512843 0.2207136 0.2512843 0.2207136 0.2512843 0.2207136 0.2512843 0.2207136 0.2512843 0.2207136 0.2512843 0.2207136 0.2512843 0.2207136 0.2512843 0.2207136 0.2512843 0.2207136 0.2512843 0.2207136 0.2512843 0.2207136 0.2512843 0.2207136 0.2512843 0.2207136 0.2512843 0.2207136 0.2512843 0.2207136 0.2512843 0.2207136 0.2512843 0.2207136 0.2512843 0.2207136 0.2512843 0.2207136 0.2512843 0.2207136 0.2512843 0.2207136 0.2512843 0.2207136 0.2512843 0.2207136 0.2512843 0.2207136 0.2512843 0.2207136 0.2512843 0.2207136 0.2512843 0.2207136 0.2512843 0.2207136 0.2512843 0.2207136 0.2512843 0.2207136 0.2512843 0.2207136 0.2512843 0.2207136 0.2512843 0.2207136 0.2512843 0.2207136 0.2512843 0.2207136 0.2512843 0.2207136 0.2512843 0.2207136 0.2512843 0.2207136 0.2512843 0.2207136 0.2512843 0.2207136 0.2512843 0.2207136 0.2512843 0.2207136 0.2512843 0.2207136 0.2512843 0.2207136 0.2512843 0.2207136 0.2512843 0.2207136 0.2512843 0.2207136 0.2512843 0.2207136 0.2512843 0.2207136 0.2512843 0.2207136 0.2512843 0.2207136 0.2512843 0.2207136 0.2512843 0.2207136 0.2512843 0.2207136 0.2512843 0.2207136 0.2512843 0.2207136 0.2512843 0.2207136 0.2512843 0.2207136 0.2512843 0.2207136 0.2512843 0.2207136 0.2512843 0.2207136 0.2512843 0.2207136 0.2512843 0.2207136 0.2512843 0.2207136 0.2512843 0.2207136 0.2512843 0.2207136 0.2512843 0.2207136 0.2512843 0.2207136 0.2512843 0.2207136 0.2512843 0.2207136 0.2512843 0.2207136 0.2512843 0.2207136 0.2512843 0.2207136 0.2512843 0.2207136 0.2512843 0.2207136 0.2512843 0.2207136 0.2512843 0.2207136 0.2512843 0.2207136 0.2512843 0.2207136 0.2512843 0.2207136 0.2512843 0.2207136 0.2512843 0.2207136 0.2512843 0.2207136 0.2512843 0.2207136 0.2512843 0.2207136 0.2512843 0.2207136 0.2512843 0.2207136 0.2512843 0.2207136 0.2512843 0.2207136 0.2512843 0.2207136 0.2512843 0.2207136 0.2512843 0.2207136 0.2512843 0.2207136 0.2512843 0.2207136 0.2512843 0.2207136 0.2512843 0.2207136 0.2512843 0.2207136 0.2512843 0.2207136 0.2512843 0.2207136 0.2512843 0.2207136 0.2512843 0.2207136 0.2512843 0.2207136 0.2512843 0.2207136 0.2512843 0.2207136 0.2512843 0.2207136 0.2512843 0.2207136 0.2512843 0.2207136 0.2512843 0.2207136 0.2512843 0.2207136 0.2512843 0.2207136 0.2512843 0.2207136 0.2512843 0.2207136 0.2512843 0.2207136 0.2512843 0.2207136 0.2512843 0.2207136 0.2512843 0.2207136 0.2512843 0.2207136 0.2512843 0.2207136 0.2512843 0.2207136 0.2512843 0.2207136 0.2512843 0.2207136 0.2512843 0.2207136 0.2512843 0.2207136 0.2512843 0.2207136 0.2512843 0.2207136 0.2512843 0.2207136 0.2512843 0.2207136 0.2512843 0.2207136 0.2512843 0.2207136 0.2512843 0.2207136 0.2512843 0.2207136 0.2512843 0.2207136 0.2512843 0.2207136 0.2512843 0.2207136 0.2512843 0.2207136 0.2512843 0.2207136 0.2512843 0.2207136 0.2512843 0.2207136 0.2512843 0.2207136 0.2512843 0.2207136 0.2512843 0.2207136 0.2512843 0.2207136 0.2512843 0.2207136 0.2512843 0.2207136 0.2512843 0.2207136 0.2512843 0.2207136 0.2512843 0.2207136 0.2512843 0.2207136 0.2512843 0.2207136 0.2512843 0.2207136 0.2512843 0.2207136 0.2512843 0.2207136 0.2512843 0.2207136 0.2512843 0.2207136 0.2512843 0.2207136 0.2512843 0.2207136 0.2512843 0.2207136 0.2512843 0.2207136 0.2512843 0.2207136 0.2512843 0.2207136 0.2512843 0.2207136 0.2512843 0.2207136 0.2512843 0.2207136 0.2512843 0.2207136 0.2512843 0.2207136 0.2512843 0.2207136 0.2512843 0.2207136 0.2512843 0.2207136 0.2512843 0.2207136 0.2512843 0.2207136 0.2512843 0.2207136 0.2512843 0.2207136 0.2512843 0.2207136 0.2512843 0.2207136 0.2512843 0.2207136 0.2512843 0.2207136 0.2512843 0.2207136 0.2512843 0.2207136 0.2512843 0.2207136 0.2512843 0.2207136 0.2512843 0.2207136 0.2512843 0.2207136 0.2512843 0.2207136 0.2512843 0.2207136 0.2512843 0.2207136 0.2512843 0.2207136 0.2512843 0.2207136 0.2512843 0.2207136 0.2512843 0.2207136 0.2512843 0.2207136 0.2512843 0.2207136 0.2512843 0.2207136 0.2512843 0.2207136 0.2512843 0.2207136 0.2512843 0.2207136 0.2512843 0.2207136 0.2512843 0.2207136 0.2512843 0.2207136 0.2512843 0.2207136 0.2512843 0.2207136 0.2512843 0.2207136 0.2512843 0.2207136 0.2512843 0.2207136 0.2512843 0.2207136 0.2512843 0.2207136 0.2512843 0.2207136 0.2512843 0.2207136 0.2512843 0.2207136 0.2512843 0.2207136 0.2512843 0.2207136 0.2512843 0.2207136 0.2512843 0.2207136 0.2512843 0.2207136 0.2512843 0.2207136 0.2512843 0.2207136 0.2512843 0.2207136 0.2512843 0.2207136 0.2512843 0.2207136 0.2512843 0.2207136 0.2512843 0.2207136 0.2512843 0.2207136 0.2512843 0.2207136 0.2512843 0.2207136 0.2512843 0.2207136 0.2512843 0.2207136 0.2512843 0.2207136 0.2512843 0.2207136 0.2512843 0.2207136 0.2512843 0.2207136 0.2512843 0.2207136 0.2512843 0.2207136 0.2512843 0.2207136 0.2512843 0.2207136 0.2512843 0.2207136 0.2512843 0.2207136 0.2512843 0.2207136 0.2512843 0.2207136 0.2512843 0.2207136 0.2512843 0.2207136 0.2512843 0.2207136 0.2512843 0.2207136 0.2512843 0.2207136 0.2512843 0.2207136 0.2512843 0.2207136 0.2512843 0.2207136 0.2512843 0.2207136 0.2512843 0.2207136 0.2512843 0.2207136 0.2512843 0.2207136 0.2512843 0.2207136 0.2512843 0.2207136 0.2512843 0.2207136 0.2512843 0.2207136 0.2512843 0.2207136 0.2512843 0.2207136 0.2512843 0.2207136 0.2512843 0.2207136 0.2512843 0.2207136 0.2512843 0.2207136 0.2512843 0.2207136 0.2512843 0.2207136 0.2512843 0.2207136 0.2512843 0.2207136 0.2512843 0.2207136 0.2512843 0.2207136 0.2512843 0.2207136 0.2512843 0.2207136 0.2512843 0.2207136 0.2512843 0.2207136 0.2512843 0.2207136 0.2512843 0.2207136 0.2512843 0.2207136 0.2512843 0.2207136 0.2512843 0.2207136 0.2512843 0.2207136 0.2512843 0.2207136 0.2512843 0.2207136 0.2512843 0.2207136 0.2512843 0.2207136 0.2512843 0.2207136 0.2512843 0.2207136 0.2512843 0.2207136 0.2512843 0.2207136 0.2512843 0.2207136 0.2512843 0.2207136 0.2512843 0.2207136 0.2512843 0.2207136 0.2512843 0.2207136 0.2512843 0.2207136 0.2512843 0.2207136 0.2512843 0.2207136 0.2512843 0.2207136 0.2512843 0.2207136 0.2512843 0.2207136 0.2512843 0.2207136 0.2512843 0.2207136 0.2512843 0.2207136 0.2512843 0.2207136 0.2512843 0.2207136 0.2512843 0.2207136 0.2512843 0.2207136 0.2512843 0.2207136 0.2512843 0.2207136 0.2512843 0.2207136 0.2512843 0.2207136 0.2512843 0.2207136 0.2512843 0.2207136 0.2512843 0.2207136 0.2512843 0.2207136 0.2512843 0.2207136 0.2512843 0.2207136 0.2512843 0.2207136 0.2512843 0.2207136 0.2512843 0.2207136 0.2512843 0.2207136 0.2512843 0.2207136 0.2512843 0.2207136 0.2512843 0.2207136 0.2512843 0.2207136 0.2512843 0.2207136 0.2512843 0.2207136 0.2512843 0.2207136 0.2512843 0.2207136 0.2512843 0.2207136 0.2512843 0.2207136 0.2512843 0.2207136 0.2512843 0.2207136 0.2512843 0.2207136 0.2512843 0.2207136 0.2512843 0.2207136 0.2512843 0.2207136 0.2512843 0.2207136 0.2512843 0.2207136 0.2512843 0.2207136 0.2512843 0.2207136 0.2512843 0.2207136 0.2512843 0.2207136 0.2512843 0.2207136 0.2512843 0.2207136 0.2512843 0.2207136 0.2512843 0.2207136 0.2512843 0.2207136 0.2512843 0.2207136 0.2512843 0.2207136 0.2512843 0.2207136 0.2512843 0.2207136 0.2512843 0.2207136 0.2512843 0.2207136 0.2512843 0.2207136 0.2512843 0.2207136 0.2512843 0.2207136 0.2512843 0.2207136 0.2512843 0.2207136 0.2512843 0.2207136 0.2512843 0.2207136 0.2512843 0.2207136 0.2512843 0.2207136 0.2512843 0.2207136 0.2512843 0.2207136 0.2512843 0.2207136 0.2512843 0.2207136 0.2512843 0.2207136 0.2512843 0.2207136 0.2512843 0.2207136 0.2512843 0.2207136 0.2512843 0.2207136 0.2512843 0.2207136 0.2512843 0.2207136 0.2512843 0.2207136 0.2512843 0.2207136 0.2512843 0.2207136 0.2512843 0.2207136 0.2512843 0.2207136 0.2512843 0.2207136 0.2512843 0.2207136 0.2512843 0.2207136 0.2512843 0.2207136 0.2512843 0.2207136 0.2512843 0.2207136 0.2512843 0.2207136 0.2512843 0.2207136 0.2512843 0.2207136 0.2512843 0.2207136 0.2512843 0.2207136 0.2512843 0.2207136 0.2512843 0.2207136 0.2512843 0.2207136 0.2512843 0.2207136 0.2512843 0.2207136 0.2512843 0.2207136 0.2512843 0.2207136 0.2512843 0.2207136 0.2512843 0.2207136 0.2512843 0.2207136 0.2512843 0.2207136 0.2512843 0.2207136 0.2512843 0.2207136 0.2512843 0.2207136 0.2512843 0.2207136 0.2512843 0.2207136 0.2512843 0.2207136 0.2512843 0.2207136 0.2512843 0.2207136 0.2512843 0.2207136 0.2512843 0.2207136 0.2512843 0.2207136 0.2512843 0.2207136 0.2512843 0.2207136 0.2512843 0.2207136 0.2512843 0.2207136 0.2512843 0.2207136 0.2512843 0.2207136 0.2512843 0.2207136 0.2512843 0.2207136 0.2512843 0.2207136 0.2512843 0.2207136 0.2512843 0.2207136 0.2512843 0.2207136 0.2512843 0.2207136 0.2512843 0.2207136 0.2512843 0.2207136 0.2512843 0.2207136 0.2512843 0.2207136 0.2512843 0.2207136 0.2512843 0.2207136 0.2512843 0.2207136 0.2512843 0.2207136 0.2512843 0.2207136 0.2512843 0.2207136 0.2512843 0.2207136 0.2512843 0.2207136 0.2512843 0.2207136 0.2512843 0.2207136 0.2512843 0.2207136 0.2512843 0.2207136 0.2512843 0.2207136 0.2512843 0.2207136 0.2512843 0.2207136 0.2512843 0.2207136 0.2512843 0.2207136 0.2512843 0.2207136 0.2512843 0.2207136 0.2512843 0.2207136 0.2512843 0.2207136 0.2512843 0.2207136 0.2512843 0.2207136 0.2512843 0.2207136 0.2512843 0.2207136 0.2512843 0.2207136 0.2512843 0.2207136 0.2512843 0.2207136 0.2512843 0.2207136 0.2512843 0.2207136 0.2512843 0.2207136 0.2512843 0.2207136 0.2512843 0.2207136 0.2512843 0.2207136 0.2512843 0.2207136 0.2512843 0.2207136 0.2512843 0.2207136 0.2512843 0.2207136 0.2512843 0.2207136 0.2512843 0.2207136 0.2512843 0.2207136 0.2512843 0.2207136 0.2512843 0.2207136 0.2512843 0.2207136 0.2512843 0.2207136 0.2512843 0.2207136 0.2512843 0.2207136 0.2512843 0.2207136 0.2512843 0.2207136 0.2512843 0.2207136 0.2512843 0.2207136 0.2512843 0.2207136 0.2512843 0.2207136 0.2512843 0.2207136 0.2512843 0.2207136 0.2512843 0.2207136 0.2512843 0.2207136 0.2512843 0.2207136 0.2512843 0.2207136 0.2512843 0.2207136 0.2512843 0.2207136 0.2512843 0.2207136 0.2512843 0.2207136 0.2512843 0.2207136 0.2512843 0.2207136 0.2512843 0.2207136 0.2512843 0.2207136 0.2512843 0.2207136 0.2512843 0.2207136 0.2512843 0.2207136 0.2512843 0.2207136 0.2512843 0.2207136 0.2512843 0.2207136 0.2512843 0.2207136 0.2512843 0.2207136 0.2512843 0.2207136 0.2512843 0.2207136 0.2512843 0.2207136 0.2512843 0.2207136 0.2512843 0.2207136 0.2512843 0.2207136 0.2512843 0.2207136 0.2512843 0.2207136 0.2512843 0.2207136 0.2512843 0.2207136 0.2512843 0.2207136 0.2512843 0.2207136 0.2512843 0.2207136 0.2512843 0.2207136 0.2512843 0.2207136 0.2512843 0.2207136 0.2512843 0.2207136 0.2512843 0.2207136 0.2512843 0.2207136 0.2512843 0.2207136 0.2512843 0.2207136 0.2512843 0.2207136 0.2512843 0.2207136 0.2512843 0.2207136 0.2512843 0.2207136 0.2512843 0.2207136 0.2512843 0.2207136 0.2512843 0.2207136 0.2512843 0.2207136 0.2512843 0.2207136 0.2512843 0.2207136 0.2512843 0.2207136 0.2512843 0.2207136 0.2512843 0.2207136 0.2512843 0.2207136 0.2512843 0.2207136 0.2512843 0.2207136 0.2512843 0.2207136 0.2512843 0.2207136 0.2512843 0.2207136 0.2512843 0.2207136 0.2512843 0.2207136 0.2512843 0.2207136 0.2512843 0.2207136 0.2512843 0.2207136 0.2512843 0.2207136 0.2512843 0.2207136 0.2512843 0.2207136 0.2512843 0.2207136 0.2512843 0.2207136 0.2512843 0.2207136 0.2512843 0.2207136 0.2512843 0.2207136 0.2512843 0.2207136 0.2512843 0.2207136 0.2512843 0.2207136 0.2512843 0.2207136 0.2512843 0.2207136 0.2512843 0.2207136 0.2512843 0.2207136 0.2512843 0.2207136 0.2512843 0.2207136 0.2512843 0.2207136 0.2512843 0.2207136 0.2512843 0.2207136 0.2512843 0.2207136 0.2512843 0.2207136 0.2512843 0.2207136 0.2512843 0.2207136 0.2512843 0.2207136 0.2512843 0.2207136 0.2512843 0.2207136 0.2512843 0.2207136 0.2512843 0.2207136 0.2512843 0.2207136 0.2512843 0.2207136 0.2512843 0.2207136 0.2512843 0.2207136 0.2512843 0.2207136 0.2512843 0.2207136 0.2512843 0.2207136 0.2512843 0.2207136 0.2512843 0.2207136 0.2512843 0.2207136 0.2512843 0.2207136 0.2512843 0.2207136 0.2512843 0.2207136 0.2512843 0.2207136 0.2512843 0.2207136 0.2512843 0.2207136 0.2512843 0.2207136 0.2512843 0.2207136 0.2512843 0.2207136 0.2512843 0.2207136 0.2512843 0.2207136 0.2512843 0.2207136 0.2512843 0.2207136 0.2512843 0.2207136 0.2512843 0.2207136 0.2512843 0.2207136 0.2512843 0.2207136 0.2512843 0.2207136 0.2512843 0.2207136 0.2512843 0.2207136 0.2512843 0.2207136 0.2512843 0.2207136 0.2512843 0.2207136 0.2512843 0.2207136 0.2512843 0.2207136 0.2512843 0.2207136 0.2512843 0.2207136 0.2512843 0.2207136 0.2512843 0.2207136 0.2512843 0.2207136 0.2512843 0.2207136 0.2512843 0.2207136 0.2512843 0.2207136 0.2512843 0.2207136 0.2512843 0.2207136 0.2512843 0.2207136 0.2512843 0.2207136 0.2512843 0.2207136 0.2512843 0.2207136 0.2512843 0.2207136 0.2512843 0.2207136 0.2512843 0.2207136 0.2512843 0.2207136 0.2512843 0.2207136 0.2512843 0.2207136 0.2512843 0.2207136 0.2512843 0.2207136 0.2512843 0.2207136 0.2512843 0.2207136 0.2512843 0.2207136 0.2512843 0.2207136 0.2512843 0.2207136 0.2512843 0.2207136 0.2512843 0.2207136 0.2512843 0.2207136 0.2512843 0.2207136 0.2512843 0.2207136 0.2512843 0.2207136 0.2512843 0.2207136 0.2512843 0.2207136 0.2512843 0.2207136 0.2512843 0.2207136 0.2512843 0.2207136 0.2512843 0.2207136 0.2512843 0.2207136 0.2512843 0.2207136 0.2512843 0.2207136 0.2512843 0.2207136 0.2512843 0.2207136 0.2512843 0.2207136 0.2512843 0.2207136 0.2512843 0.2207136 0.2512843 0.2207136 0.2512843 0.2207136 0.2512843 0.2207136 0.2512843 0.2207136 0.2512843 0.2207136 0.2512843 0.2207136 0.2512843 0.2207136 0.2512843 0.2207136 0.2512843 0.2207136 0.2512843 0.2207136 0.2512843 0.2207136 0.2512843 0.2207136 0.2512843 0.2207136 0.2512843 0.2207136 0.2512843 0.2207136 0.2512843 0.2207136 0.2512843 0.2207136 0.2512843 0.2207136 0.2512843 0.2207136 0.2512843 0.2207136 0.2512843 0.2207136 0.2512843 0.2207136 0.2512843 0.2207136 0.2512843 0.2207136 0.2512843 0.2207136 0.2512843 0.2207136 0.2512843 0.2207136 0.2512843 0.2207136 0.2512843 0.2207136 0.2512843 0.2207136 0.2512843 0.2207136 0.2512843 0.2207136 0.2512843 0.2207136 0.2512843 0.2207136 0.2512843 0.2207136 0.2512843 0.2207136 0.2512843 0.2207136 0.2512843 0.2207136 0.2512843 0.2207136 0.2512843 0.2207136 0.2512843 0.2207136 0.2512843 0.2207136 0.2512843 0.2207136 0.2512843 0.2207136 0.2512843 0.2207136 0.2512843 0.2207136 0.2512843 0.2207136 0.2512843 0.2207136 0.2512843 0.2207136 0.2512843 0.2207136 0.2512843 0.2207136 0.2512843 0.2207136 0.2512843 0.2207136 0.2512843 0.2207136 0.2512843 0.2207136 0.2512843 0.2207136 0.2512843 0.2207136 0.2512843 0.2207136 0.2512843 0.2207136 0.2512843 0.2207136 0.2512843 0.2207136 0.2512843 0.2207136 0.2512843 0.2207136 0.2512843 0.2207136 0.2512843 0.2207136 0.2512843 0.2207136 0.2512843 0.2207136 0.2512843 0.2207136 0.2512843 0.2207136 0.2512843 0.2207136 0.2512843 0.2207136 0.2512843 0.2207136 0.2512843 0.2207136 0.2512843 0.2207136 0.2512843 0.2207136 0.2512843 0.2207136 0.2512843 0.2207136 0.2512843 0.2207136 0.2512843 0.2207136 0.2512843 0.2207136 0.2512843 0.2207136 0.2512843 0.2207136 0.2512843 0.2207136 0.2512843 0.2207136 0.2512843 0.2207136 0.2512843 0.2207136 0.2512843 0.2207136 0.2512843 0.2207136 0.2512843 0.2207136 0.2512843 0.2207136 0.2512843 0.2207136 0.2512843 0.2207136 0.2512843 0.2207136 0.2512843 0.2207136 0.2512843 0.2207136 0.2512843 0.2207136 0.2512843 0.2207136 0.2512843 0.2207136 0.2512843 0.2207136 0.2512843 0.2207136 0.2512843 0.2207136 0.2512843 0.2207136 0.2512843 0.2207136 0.2512843 0.2207136 0.2512843 0.2207136 0.2512843 0.2207136 0.2512843 0.2207136 0.2512843 0.2207136 0.2512843 0.2207136 0.2512843 0.2207136 0.2512843 0.2207136 0.2512843 0.2207136 0.2512843 0.2207136 0.2512843 0.2207136 0.2512843 0.2207136 0.2512843 0.2207136 0.2512843 0.2207136 0.2512843 0.2207136 0.2512843 0.2207136 0.2512843 0.2207136 0.2512843 0.2207136 0.2512843 0.2207136 0.2512843 0.2207136 0.2512843 0.2207136 0.2512843 0.2207136 0.2512843 0.2207136 0.2512843 0.2207136 0.2512843 0.2207136 0.2512843 0.2207136 0.2512843 0.2207136 0.2512843 0.2207136 0.2512843 0.2207136 0.2512843 0.2207136 0.2512843 0.2207136 0.2512843 0.2207136 0.2512843 0.2207136 0.2512843 0.2207136 0.2512843 0.2207136 0.2512843 0.2207136 0.2512843 0.2207136 0.2512843 0.2207136 0.2512843 0.2207136 0.2512843 0.2207136 0.2512843 0.2207136 0.2512843 0.2207136 0.2512843 0.2207136 0.2512843 0.2207136 0.2512843 0.2207136 0.2512843 0.2207136 0.2512843 0.2207136 0.2512843 0.2207136 0.2512843 0.2207136 0.2512843 0.2207136 0.2512843 0.2207136 0.2512843 0.2207136 0.2512843 0.2207136 0.2512843 0.2207136 0.2512843 0.2207136 0.2512843 0.2207136 0.2512843 0.2207136 0.2512843 0.2207136 0.2512843 0.2207136 0.2512843 0.2207136 0.2512843 0.2207136 0.2512843 0.2207136 0.2512843 0.2207136 0.2512843 0.2207136 0.2512843 0.2207136 0.2512843 0.2207136 0.2512843 0.2207136 0.2512843 0.2207136 0.2512843 0.2207136 0.2512843 0.2207136 0.2512843 0.2207136 0.2512843 0.2207136 0.2512843 0.2207136 0.2512843 0.2207136 0.2512843 0.2207136 0.2512843 0.2207136 0.2512843 0.2207136 0.2512843 0.2207136 0.2512843 0.2207136 0.2512843 0.2207136 0.2512843 0.2207136 0.2512843 0.2207136 0.2512843 0.2207136 0.2512843 0.2207136 0.2512843 0.2207136 0.2512843 0.2207136 0.2512843 0.2207136 0.2512843 0.2207136 0.2512843 0.2207136 0.2512843 0.2207136 0.2512843 0.2207136 0.2512843 0.2207136 0.2512843 0.2207136 0.2512843 0.2207136 0.2512843 0.2207136 0.2512843 0.2207136 0.2512843 0.2207136 0.2512843 0.2207136 0.2512843 0.2207136 0.2512843 0.2207136 0.2512843 0.2207136 0.2512843 0.2207136 0.2512843 0.2207136 0.2512843 0.2207136 0.2512843 0.2207136 0.2512843 0.2207136 0.2512843 0.2207136 0.2512843 0.2207136 0.2512843 0.2207136 0.2512843 0.2207136 0.2512843 0.2207136 0.2512843 0.2207136 0.2512843 0.2207136 0.2512843 0.2207136 0.2512843 0.2207136 0.2512843 0.2207136 0.2512843 0.2207136 0.2512843 0.2207136 0.2512843 0.2207136 0.2512843 0.2207136 0.2512843 0.2207136 0.2512843 0.2207136 0.2512843 0.2207136 0.2512843 0.2207136 0.2512843 0.2207136 0.2512843 0.2207136 0.2512843 0.2207136 0.2512843 0.2207136 0.2512843 0.2207136 0.2512843 0.2207136 0.2512843 0.2207136 0.2512843 0.2207136 0.2512843 0.2207136 0.2512843 0.2207136 0.2512843 0.2207136 0.2512843 0.2207136 0.2512843 0.2207136 0.2512843 0.2207136 0.2512843 0.2207136 0.2512843 0.2207136 0.2512843 0.2207136 0.2512843 0.2207136 0.2512843 0.2207136 0.2512843 0.2207136 0.2512843 0.2207136 0.2512843 0.2207136 0.2512843 0.2207136 0.2512843 0.2207136 0.2512843 0.2207136 0.2512843 0.2207136 0.2512843 0.2207136 0.2512843 0.2207136 0.2512843 0.2207136 0.2512843 0.2207136 0.2512843 0.2207136 0.2512843 0.2207136 0.2512843 0.2207136 0.2512843 0.2207136 0.2512843 0.2207136 0.2512843 0.2207136 0.2512843 0.2207136 0.2512843 0.2207136 0.2512843 0.2207136 0.2512843 0.2207136 0.2512843 0.2207136 0.2512843 0.2207136 0.2512843 0.2207136 0.2512843 0.2207136 0.2512843 0.2207136 0.2512843 0.2207136 0.2512843 0.2207136 0.2512843 0.2207136 0.2512843 0.2207136 0.2512843 0.2207136 0.2512843 0.2207136 0.2512843 0.2207136 0.2512843 0.2207136 0.2512843 0.2207136 0.2512843 0.2207136 0.2512843 0.2207136 0.2512843 0.2207136 0.2512843 0.2207136 0.2512843 0.2207136 0.2512843 0.2207136 0.2512843 0.2207136 0.2512843 0.2207136 0.2512843 0.2207136 0.2512843 0.2207136 0.2512843 0.2207136 0.2512843 0.2207136 0.2512843 0.2207136 0.2512843 0.2207136 0.2512843 0.2207136 0.2512843 0.2207136 0.2512843 0.2207136 0.2512843 0.2207136 0.2512843 0.2207136 0.2512843 0.2207136 0.2512843 0.2207136 0.2512843 0.2207136 0.2512843 0.2207136 0.2512843 0.2207136 0.2512843 0.2207136 0.2512843 0.2207136 0.2512843 0.2207136 0.2512843 0.2207136 0.2512843 0.2207136 0.2512843 0.2207136 0.2512843 0.2207136 0.2512843 0.2207136 0.2512843 0.2207136 0.2512843 0.2207136 0.2512843 0.2207136 0.2512843 0.2207136 0.2512843 0.2207136 0.2512843 0.2207136 0.2512843 0.2207136 0.2512843 0.2207136 0.2512843 0.2207136 0.2512843 0.2207136 0.2512843 0.2207136 0.2512843 0.2207136 0.2512843 0.2207136 0.2512843 0.2207136 0.2512843 0.2207136 0.2512843 0.2207136 0.2512843 0.2207136 0.2512843 0.2207136 0.2512843 0.2207136 0.2512843 0.2207136 0.2512843 0.2207136 0.2512843 0.2207136 0.2512843 0.2207136 0.2512843 0.2207136 0.2512843 0.2207136 0.2512843 0.2207136 0.2512843 0.2207136 0.2512843 0.2207136 0.2512843 0.2207136 0.2512843 0.2207136 0.2512843 0.2207136 0.2512843 0.2207136 0.2512843 0.2207136 0.2512843 0.2207136 0.2512843 0.2207136 0.2512843 0.2207136 0.2512843 0.2207136 0.2512843 0.2207136 0.2512843 0.2207136 0.2512843 0.2207136 0.2512843 0.2207136 0.2512843 0.2207136 0.2512843 0.2207136 0.2512843 0.2207136 0.2512843 0.2207136 0.2512843 0.2207136 0.2512843 0.2207136 0.2512843 0.2207136 0.2512843 0.2207136 0.2512843 0.2207136 0.2512843 0.2207136 0.2512843 0.2207136 0.2512843 0.2207136 0.2512843 0.2207136 0.2512843 0.2207136 0.2512843 0.2207136 0.2512843 0.2207136 0.2512843 0.2207136 0.2512843 0.2207136 0.2512843 0.2207136 0.2512843 0.2207136 0.2512843 0.2207136 0.2512843 0.2207136 0.2512843 0.2207136 0.2512843 0.2207136 0.2512843 0.2207136 0.2512843 0.2207136 0.2512843 0.2207136 0.2512843 0.2207136 0.2512843 0.2207136 0.2512843 0.2207136 0.2512843 0.2207136 0.2512843 0.2207136 0.2512843 0.2207136 0.2512843 0.2207136 0.2512843 0.2207136 0.2512843 0.2207136 0.2512843 0.2207136 0.2512843 0.2207136 0.2512843 0.2207136 0.2512843 0.2207136 0.2512843 0.2207136 0.2512843 0.2207136 0.2512843 0.2207136 0.2512843 0.2207136 0.2512843 0.2207136 0.2512843 0.2207136 0.2512843 0.2207136 0.2512843 0.2207136 0.2512843 0.2207136 0.2512843 0.2207136 0.2512843 0.2207136 0.2512843 0.2207136 0.2512843 0.2207136 0.2512843 0.2207136 0.2512843 0.2207136 0.2512843 0.2207136 0.2512843 0.2207136 0.2512843 0.2207136 0.2512843 0.2207136 0.2512843 0.2207136 0.2512843 0.2207136 0.2512843 0.2207136 0.2512843 0.2207136 0.2512843 0.2207136 0.2512843 0.2207136 0.2512843 0.2207136 0.2512843 0.2207136 0.2512843 0.2207136 0.2512843 0.2207136 0.2512843 0.2207136 0.2512843 0.2207136 0.2512843 0.2207136 0.2512843 0.2207136 0.2512843 0.2207136 0.2512843 0.2207136 0.2512843 0.2207136 0.2512843 0.2207136 0.2512843 0.2207136 0.2512843 0.2207136 0.2512843 0.2207136 0.2512843 0.2207136 0.2512843 0.2207136 0.2512843 0.2207136 0.2512843 0.2207136 0.2512843 0.2207136 0.2512843 0.2207136 0.2512843 0.2207136 0.2512843 0.2207136 0.2512843 0.2207136 0.2512843 0.2207136 0.2512843 0.2207136 0.2512843 0.2207136 0.2512843 0.2207136 0.2512843 0.2207136 0.2512843 0.2207136 0.2512843 0.2207136 0.2512843 0.2207136 0.2512843 0.2207136 0.2512843 0.2207136 0.2512843 0.2207136 0.2512843 0.2207136 0.2512843 0.2207136 0.2512843 0.2207136 0.2512843 0.2207136 0.2512843 0.2207136 0.2512843 0.2207136 0.2512843 0.2207136 0.2512843 0.2207136 0.2512843 0.2207136 0.2512843 0.2207136 0.2512843 0.2207136 0.2512843 0.2207136 0.2512843 0.2207136 0.2512843 0.2207136 0.2512843 0.2207136 0.2512843 0.2207136 0.2512843 0.2207136 0.2512843 0.2207136 0.2512843 0.2207136 0.2512843 0.2207136 0.2512843 0.2207136 0.2512843 0.2207136 0.2512843 0.2207136 0.2512843 0.2207136 0.2512843 0.2207136 0.2512843 0.2207136 0.2512843 0.2207136 0.2512843 0.2207136 0.2512843 0.2207136 0.2512843 0.2207136 0.2512843 0.2207136 0.2512843 0.2207136 0.2512843 0.2207136 0.2512843 0.2207136 0.2512843 0.2207136 0.2512843 0.2207136 0.2512843 0.2207136 0.2512843 0.2207136 0.2512843 0.2207136 0.2512843 0.2207136 0.2512843 0.2207136 0.2512843 0.2207136 0.2512843 0.2207136 0.2512843 0.2207136 0.2512843 0.2207136 0.2512843 0.2207136 0.2512843 0.2207136 0.2512843 0.2207136 0.2512843 0.2207136 0.2512843 0.2207136 0.2512843 0.2207136 0.2512843 0.2207136 0.2512843 0.2207136 0.2512843 0.2207136 0.2512843 0.2207136 0.2512843 0.2207136 0.2512843 0.2207136 0.2512843 0.2207136 0.2512843 0.2207136 0.2512843 0.2207136 0.2512843 0.2207136 0.2512843 0.2207136 0.2512843 0.2207136 0.2512843 0.2207136 0.2512843 0.2207136 0.2512843 0.2207136 0.2512843 0.2207136 0.2512843 0.2207136 0.2512843 0.2207136 0.2512843 0.2207136 0.2512843 0.2207136 0.2512843 0.2207136 0.2512843 0.2207136 0.2512843 0.2207136 0.2512843 0.2207136 0.2512843 0.2207136 0.2512843 0.2207136 0.2512843 0.2207136 0.2512843 0.2207136 0.2512843 0.2207136 0.2512843 0.2207136 0.2512843 0.2207136 0.2512843 0.2207136 0.2512843 0.2207136 0.2512843 0.2207136 0.2512843 0.2207136 0.2512843 0.2207136 0.2512843 0.2207136 0.2512843 0.2207136 0.2512843 0.2207136 0.2512843 0.2207136 0.2512843 0.2207136 0.2512843 0.2207136 0.2512843 0.2207136 0.2512843 0.2207136 0.2512843 0.2207136 0.2512843 0.2207136 0.2512843 0.2207136 0.2512843 0.2207136 0.2512843 0.2207136 0.2512843 0.2207136 0.2512843 0.2207136 0.2512843 0.2207136 0.2512843 0.2207136 0.2512843 0.2207136 0.2512843 0.2207136 0.2512843 0.2207136 0.2512843 0.2207136 0.2512843 0.2207136 0.2512843 0.2207136 0.2512843 0.2207136 0.2512843 0.2207136 0.2512843 0.2207136 0.2512843 0.2207136 0.2512843 0.2207136 0.2512843 0.2207136 0.2512843 0.2207136 0.2512843 0.2207136 0.2512843 0.2207136 0.2512843 0.2207136 0.2512843 0.2207136 0.2512843 0.2207136 0.2512843 0.2207136 0.2512843 0.2207136 0.2512843 0.2207136 0.2512843 0.2207136 0.2512843 0.2207136 0.2512843 0.2207136 0.2512843 0.2207136 0.2512843 0.2207136 0.2512843 0.2207136 0.2512843 0.2207136 0.2512843 0.2207136 0.2512843 0.2207136 0.2512843 0.2207136 0.2512843 0.2207136 0.2512843 0.2207136 0.2512843 0.2207136 0.2512843 0.2207136 0.2512843 0.2207136 0.2512843 0.2207136 0.2512843 0.2207136 0.2512843 0.2207136 0.2512843 0.2207136 0.2512843 0.2207136 0.2512843 0.2207136 0.2512843 0.2207136 0.2512843 0.2207136 0.2512843 0.2207136 0.2512843 0.2207136 0.2512843 0.2207136 0.2512843 0.2207136 0.2512843 0.2207136 0.2512843 0.2207136 0.2512843 0.2207136 0.2512843</float_array>
          <technique_common>
            <accessor source="#___ARD-geom-mesh-map-0-array" count="7164" stride="2">
              <param name="S" type="float"/>
              <param name="T" type="float"/>
            </accessor>
          </technique_common>
        </source>
        <vertices id="___ARD-geom-mesh-vertices">
          <input semantic="POSITION" source="#___ARD-geom-mesh-positions"/>
        </vertices>
        <triangles material="___ARD_front-material" count="742">
          <input semantic="VERTEX" source="#___ARD-geom-mesh-vertices" offset="0"/>
          <input semantic="NORMAL" source="#___ARD-geom-mesh-normals" offset="1"/>
          <input semantic="TEXCOORD" source="#___ARD-geom-mesh-map-0" offset="2" set="0"/>
          <p>18 0 0 20 1 1 19 2 2 18 0 3 17 3 4 20 1 5 17 3 6 21 4 7 20 1 8 17 3 9 16 5 10 21 4 11 16 5 12 22 6 13 21 4 14 16 5 15 15 7 16 22 6 17 15 7 18 23 8 19 22 6 20 15 7 21 14 9 22 23 8 23 14 9 24 24 10 25 23 8 26 14 9 27 13 11 28 24 10 29 33 12 30 35 13 31 34 14 32 33 12 33 32 15 34 35 13 35 32 15 36 36 16 37 35 13 38 32 15 39 31 17 40 36 16 41 31 17 42 37 18 43 36 16 44 31 17 45 30 19 46 37 18 47 30 19 48 38 20 49 37 18 50 30 19 51 29 21 52 38 20 53 29 21 54 39 22 55 38 20 56 29 21 57 28 23 58 39 22 59 48 24 60 50 25 61 49 26 62 48 24 63 47 27 64 50 25 65 47 27 66 51 28 67 50 25 68 47 27 69 46 29 70 51 28 71 46 29 72 52 30 73 51 28 74 46 29 75 45 31 76 52 30 77 45 31 78 53 32 79 52 30 80 45 31 81 44 33 82 53 32 83 44 33 84 54 34 85 53 32 86 44 33 87 43 35 88 54 34 89 0 36 90 2 37 91 1 38 92 0 36 93 65 39 94 2 37 95 65 39 96 3 40 97 2 37 98 65 39 99 64 41 100 3 40 101 64 41 102 4 42 103 3 40 104 64 41 105 63 43 106 4 42 107 63 43 108 5 44 109 4 42 110 63 43 111 62 45 112 5 44 113 62 45 114 6 46 115 5 44 116 62 45 117 61 47 118 6 46 119 28 48 120 27 48 121 26 48 122 28 49 123 26 49 124 25 49 125 28 50 126 25 50 127 24 50 128 28 51 129 24 51 130 13 51 131 28 52 132 13 52 133 12 52 134 28 53 135 12 53 136 11 53 137 28 54 138 11 54 139 10 54 140 28 55 141 10 55 142 9 55 143 28 56 144 9 56 145 8 56 146 8 57 147 7 57 148 6 57 149 28 58 150 8 58 151 6 58 152 39 59 153 28 59 154 6 59 155 39 60 156 6 60 157 61 60 158 61 49 159 60 49 160 59 49 161 61 49 162 59 49 163 58 49 164 61 61 165 58 61 166 57 61 167 61 49 168 57 49 169 56 49 170 61 62 171 56 62 172 55 62 173 39 63 174 61 63 175 55 63 176 39 64 177 55 64 178 54 64 179 39 65 180 54 65 181 43 65 182 39 66 183 43 66 184 42 66 185 39 49 186 42 49 187 41 49 188 39 67 189 41 67 190 40 67 191 88 68 192 103 69 193 89 70 194 88 68 195 112 71 196 103 69 197 112 71 198 104 72 199 103 69 200 112 71 201 111 73 202 104 72 203 111 73 204 105 74 205 104 72 206 111 73 207 110 75 208 105 74 209 110 75 210 106 76 211 105 74 212 110 75 213 109 77 214 106 76 215 109 77 216 107 78 217 106 76 218 109 77 219 108 79 220 107 78 221 89 70 222 113 80 223 90 81 224 89 70 225 103 69 226 113 80 227 103 69 228 114 82 229 113 80 230 103 69 231 104 72 232 114 82 233 104 72 234 115 83 235 114 82 236 104 72 237 105 74 238 115 83 239 105 74 240 116 84 241 115 83 242 105 74 243 106 76 244 116 84 245 106 76 246 107 78 247 116 84 248 90 85 249 117 85 250 91 85 251 90 86 252 113 86 253 117 86 254 113 86 255 118 86 256 117 86 257 113 86 258 114 86 259 118 86 260 114 87 261 119 88 262 118 89 263 114 90 264 115 90 265 119 90 266 115 86 267 120 86 268 119 86 269 115 91 270 116 92 271 120 93 272 116 94 273 107 95 274 120 96 275 91 97 276 121 97 277 92 97 278 91 98 279 117 98 280 121 98 281 117 99 282 122 99 283 121 99 284 117 86 285 118 86 286 122 86 287 118 100 288 123 100 289 122 100 290 118 86 291 119 86 292 123 86 293 119 86 294 124 86 295 123 86 296 119 86 297 120 86 298 124 86 299 120 86 300 107 86 301 124 86 302 92 101 303 125 102 304 93 103 305 92 86 306 121 86 307 125 86 308 121 104 309 126 104 310 125 104 311 121 86 312 122 86 313 126 86 314 122 105 315 127 106 316 126 107 317 122 86 318 123 86 319 127 86 320 123 86 321 128 86 322 127 86 323 123 108 324 124 109 325 128 110 326 124 86 327 107 86 328 128 86 329 93 111 330 129 112 331 94 113 332 93 114 333 125 114 334 129 114 335 125 86 336 130 86 337 129 86 338 125 86 339 126 86 340 130 86 341 126 86 342 131 86 343 130 86 344 126 115 345 127 116 346 131 117 347 127 118 348 132 119 349 131 120 350 127 121 351 128 122 352 132 123 353 128 86 354 107 86 355 132 86 356 94 124 357 133 125 358 95 126 359 94 127 360 129 128 361 133 129 362 129 130 363 134 131 364 133 132 365 129 133 366 130 134 367 134 135 368 130 136 369 135 137 370 134 138 371 130 139 372 131 140 373 135 141 374 131 142 375 136 143 376 135 144 377 131 145 378 132 146 379 136 147 380 132 148 381 107 149 382 136 150 383 95 151 384 137 152 385 96 153 386 95 151 387 133 154 388 137 152 389 133 154 390 138 155 391 137 152 392 133 154 393 134 156 394 138 155 395 134 156 396 139 157 397 138 155 398 134 156 399 135 158 400 139 157 401 135 158 402 140 159 403 139 157 404 135 158 405 136 160 406 140 159 407 136 160 408 107 161 409 140 159 410 96 153 411 98 162 412 97 163 413 96 153 414 137 152 415 98 162 416 137 152 417 99 164 418 98 162 419 137 152 420 138 155 421 99 164 422 138 155 423 100 165 424 99 164 425 138 155 426 139 157 427 100 165 428 139 157 429 101 166 430 100 165 431 139 157 432 140 159 433 101 166 434 140 159 435 102 167 436 101 166 437 140 159 438 107 161 439 102 167 440 74 168 441 141 169 442 75 170 443 74 168 444 73 171 445 141 169 446 73 171 447 142 172 448 141 169 449 73 171 450 72 173 451 142 172 452 72 173 453 143 174 454 142 172 455 72 173 456 71 175 457 143 174 458 71 175 459 144 176 460 143 174 461 71 175 462 70 177 463 144 176 464 70 177 465 145 178 466 144 176 467 70 177 468 69 179 469 145 178 470 75 170 471 146 180 472 76 181 473 75 170 474 141 169 475 146 180 476 141 169 477 147 182 478 146 180 479 141 169 480 142 172 481 147 182 482 142 172 483 148 183 484 147 182 485 142 172 486 143 174 487 148 183 488 143 174 489 149 184 490 148 183 491 143 174 492 144 176 493 149 184 494 144 176 495 145 178 496 149 184 497 76 185 498 150 185 499 77 185 500 76 186 501 146 186 502 150 186 503 146 187 504 151 187 505 150 187 506 146 86 507 147 86 508 151 86 509 147 188 510 152 189 511 151 190 512 147 86 513 148 86 514 152 86 515 148 191 516 153 191 517 152 191 518 148 192 519 149 193 520 153 194 521 149 86 522 145 86 523 153 86 524 77 195 525 154 195 526 78 195 527 77 86 528 150 86 529 154 86 530 150 196 531 155 196 532 154 196 533 150 86 534 151 86 535 155 86 536 151 86 537 156 86 538 155 86 539 151 86 540 152 86 541 156 86 542 152 86 543 157 86 544 156 86 545 152 86 546 153 86 547 157 86 548 153 86 549 145 86 550 157 86 551 78 197 552 158 197 553 79 197 554 78 86 555 154 86 556 158 86 557 154 198 558 159 199 559 158 200 560 154 86 561 155 86 562 159 86 563 155 86 564 160 86 565 159 86 566 155 201 567 156 201 568 160 201 569 156 202 570 161 203 571 160 204 572 156 205 573 157 206 574 161 207 575 157 86 576 145 86 577 161 86 578 79 86 579 162 86 580 80 86 581 79 208 582 158 209 583 162 210 584 158 86 585 163 86 586 162 86 587 158 86 588 159 86 589 163 86 590 159 211 591 164 212 592 163 213 593 159 214 594 160 214 595 164 214 596 160 86 597 165 86 598 164 86 599 160 86 600 161 86 601 165 86 602 161 86 603 145 86 604 165 86 605 80 215 606 166 216 607 81 217 608 80 215 609 162 218 610 166 216 611 162 218 612 167 219 613 166 216 614 162 218 615 163 220 616 167 219 617 163 220 618 168 221 619 167 219 620 163 220 621 164 222 622 168 221 623 164 222 624 169 223 625 168 221 626 164 222 627 165 224 628 169 223 629 165 224 630 145 225 631 169 223 632 81 217 633 170 226 634 82 227 635 81 217 636 166 216 637 170 226 638 166 216 639 171 228 640 170 226 641 166 216 642 167 219 643 171 228 644 167 219 645 172 229 646 171 228 647 167 219 648 168 221 649 172 229 650 168 221 651 173 230 652 172 229 653 168 221 654 169 223 655 173 230 656 169 223 657 108 231 658 173 230 659 169 223 660 145 225 661 108 231 662 82 227 663 174 232 664 83 233 665 82 227 666 170 226 667 174 232 668 170 226 669 175 234 670 174 232 671 170 226 672 171 228 673 175 234 674 171 228 675 176 235 676 175 234 677 171 228 678 172 229 679 176 235 680 172 229 681 177 236 682 176 235 683 172 229 684 173 230 685 177 236 686 173 230 687 108 231 688 177 236 689 83 237 690 178 237 691 84 237 692 83 238 693 174 239 694 178 240 695 174 241 696 179 242 697 178 243 698 174 244 699 175 244 700 179 244 701 175 245 702 180 246 703 179 247 704 175 248 705 176 249 706 180 250 707 176 251 708 181 251 709 180 251 710 176 252 711 177 253 712 181 254 713 177 86 714 108 86 715 181 86 716 84 255 717 182 256 718 85 257 719 84 258 720 178 259 721 182 260 722 178 261 723 183 262 724 182 263 725 178 264 726 179 265 727 183 266 728 179 267 729 184 268 730 183 269 731 179 270 732 180 271 733 184 272 734 180 273 735 185 273 736 184 273 737 180 274 738 181 275 739 185 276 740 181 86 741 108 86 742 185 86 743 85 277 744 186 277 745 86 277 746 85 86 747 182 86 748 186 86 749 182 278 750 187 278 751 186 278 752 182 86 753 183 86 754 187 86 755 183 279 756 188 280 757 187 281 758 183 282 759 184 283 760 188 284 761 184 285 762 189 285 763 188 285 764 184 286 765 185 287 766 189 288 767 185 289 768 108 290 769 189 291 770 86 292 771 190 292 772 87 292 773 86 86 774 186 86 775 190 86 776 186 293 777 191 294 778 190 295 779 186 86 780 187 86 781 191 86 782 187 296 783 192 297 784 191 298 785 187 299 786 188 299 787 192 299 788 188 300 789 193 300 790 192 300 791 188 301 792 189 302 793 193 303 794 189 304 795 108 304 796 193 304 797 87 305 798 112 71 799 88 68 800 87 305 801 190 306 802 112 71 803 190 306 804 111 73 805 112 71 806 190 306 807 191 307 808 111 73 809 191 307 810 110 75 811 111 73 812 191 307 813 192 308 814 110 75 815 192 308 816 109 77 817 110 75 818 192 308 819 193 309 820 109 77 821 193 309 822 108 79 823 109 77 824 102 310 825 107 310 826 108 310 827 102 311 828 108 311 829 145 311 830 67 86 831 66 86 832 102 86 833 68 312 834 67 313 835 102 314 836 69 315 837 68 316 838 102 317 839 69 318 840 102 318 841 145 318 842 207 319 843 209 320 844 208 321 845 207 319 846 206 322 847 209 320 848 206 322 849 210 323 850 209 320 851 206 322 852 205 324 853 210 323 854 205 324 855 211 325 856 210 323 857 205 324 858 204 326 859 211 325 860 204 326 861 212 327 862 211 325 863 204 326 864 203 328 865 212 327 866 203 328 867 213 329 868 212 327 869 203 328 870 202 330 871 213 329 872 201 331 873 200 331 874 199 331 875 199 332 876 198 332 877 197 332 878 201 333 879 199 333 880 197 333 881 197 334 882 196 334 883 195 334 884 201 335 885 197 335 886 195 335 887 202 336 888 201 336 889 195 336 890 213 334 891 202 334 892 195 334 893 213 334 894 195 334 895 194 334 896 216 337 897 215 338 898 214 339 899 218 334 900 217 334 901 216 334 902 218 334 903 216 334 904 214 334 905 219 334 906 218 334 907 214 334 908 214 340 909 213 340 910 194 340 911 219 341 912 214 341 913 194 341 914 250 342 915 252 343 916 251 344 917 250 342 918 249 345 919 252 343 920 249 345 921 253 346 922 252 343 923 249 345 924 248 347 925 253 346 926 248 347 927 254 348 928 253 346 929 248 347 930 247 349 931 254 348 932 247 349 933 255 350 934 254 348 935 247 349 936 246 351 937 255 350 938 246 351 939 256 352 940 255 350 941 246 351 942 245 353 943 256 352 944 268 354 945 270 355 946 269 356 947 268 354 948 267 357 949 270 355 950 267 357 951 271 358 952 270 355 953 267 357 954 266 359 955 271 358 956 266 359 957 272 360 958 271 358 959 266 359 960 265 361 961 272 360 962 265 361 963 273 362 964 272 360 965 265 361 966 264 363 967 273 362 968 264 363 969 274 364 970 273 362 971 264 363 972 263 365 973 274 364 974 220 366 975 285 367 976 221 368 977 220 366 978 284 369 979 285 367 980 284 369 981 286 370 982 285 367 983 284 369 984 283 371 985 286 370 986 283 371 987 287 372 988 286 370 989 283 371 990 282 373 991 287 372 992 282 373 993 288 374 994 287 372 995 282 373 996 281 375 997 288 374 998 281 375 999 289 376 1000 288 374 1001 281 375 1002 280 377 1003 289 376 1004 232 378 1005 234 379 1006 233 380 1007 232 378 1008 231 381 1009 234 379 1010 231 381 1011 235 382 1012 234 379 1013 231 381 1014 230 383 1015 235 382 1016 230 383 1017 236 384 1018 235 382 1019 230 383 1020 229 385 1021 236 384 1022 229 385 1023 237 386 1024 236 384 1025 229 385 1026 228 387 1027 237 386 1028 228 387 1029 238 388 1030 237 386 1031 228 387 1032 227 389 1033 238 388 1034 275 390 1035 274 390 1036 263 390 1037 276 390 1038 275 390 1039 263 390 1040 277 390 1041 276 390 1042 263 390 1043 278 390 1044 277 390 1045 263 390 1046 278 390 1047 263 390 1048 262 390 1049 278 390 1050 262 390 1051 261 390 1052 278 390 1053 261 390 1054 260 390 1055 278 390 1056 260 390 1057 259 390 1058 278 390 1059 259 390 1060 258 390 1061 258 390 1062 257 390 1063 256 390 1064 278 390 1065 258 390 1066 256 390 1067 280 390 1068 279 390 1069 278 390 1070 280 390 1071 278 390 1072 256 390 1073 280 390 1074 256 390 1075 245 390 1076 289 390 1077 280 390 1078 245 390 1079 245 390 1080 244 390 1081 243 390 1082 289 390 1083 245 390 1084 243 390 1085 289 390 1086 243 390 1087 242 390 1088 289 390 1089 242 390 1090 241 390 1091 289 390 1092 241 390 1093 240 390 1094 289 390 1095 240 390 1096 239 390 1097 289 390 1098 239 390 1099 238 390 1100 289 390 1101 238 390 1102 227 390 1103 289 390 1104 227 390 1105 226 390 1106 289 390 1107 226 390 1108 225 390 1109 289 390 1110 225 390 1111 224 390 1112 288 374 1113 289 376 1114 224 391 1115 287 372 1116 288 374 1117 224 391 1118 287 372 1119 224 391 1120 223 392 1121 286 370 1122 287 372 1123 223 392 1124 285 367 1125 286 370 1126 223 392 1127 285 367 1128 223 392 1129 222 393 1130 285 367 1131 222 393 1132 221 368 1133 290 394 1134 324 395 1135 291 396 1136 290 394 1137 323 397 1138 324 395 1139 323 397 1140 325 398 1141 324 395 1142 323 397 1143 322 399 1144 325 398 1145 322 399 1146 326 400 1147 325 398 1148 322 399 1149 321 401 1150 326 400 1151 321 401 1152 327 402 1153 326 400 1154 321 401 1155 320 403 1156 327 402 1157 320 403 1158 328 404 1159 327 402 1160 320 403 1161 319 405 1162 328 404 1163 291 396 1164 329 406 1165 292 407 1166 291 396 1167 324 395 1168 329 406 1169 324 395 1170 330 408 1171 329 406 1172 324 395 1173 325 398 1174 330 408 1175 325 398 1176 331 409 1177 330 408 1178 325 398 1179 326 400 1180 331 409 1181 326 400 1182 332 410 1183 331 409 1184 326 400 1185 327 402 1186 332 410 1187 327 402 1188 328 404 1189 332 410 1190 292 411 1191 333 412 1192 293 413 1193 292 334 1194 329 334 1195 333 334 1196 329 414 1197 334 414 1198 333 414 1199 329 334 1200 330 334 1201 334 334 1202 330 415 1203 335 416 1204 334 417 1205 330 334 1206 331 334 1207 335 334 1208 331 334 1209 336 334 1210 335 334 1211 331 418 1212 332 419 1213 336 420 1214 332 334 1215 328 334 1216 336 334 1217 293 421 1218 337 421 1219 294 421 1220 293 422 1221 333 423 1222 337 424 1223 333 334 1224 338 334 1225 337 334 1226 333 334 1227 334 334 1228 338 334 1229 334 425 1230 339 425 1231 338 425 1232 334 334 1233 335 334 1234 339 334 1235 335 426 1236 340 426 1237 339 426 1238 335 427 1239 336 428 1240 340 429 1241 336 334 1242 328 334 1243 340 334 1244 294 430 1245 341 430 1246 295 430 1247 294 431 1248 337 432 1249 341 433 1250 337 434 1251 342 435 1252 341 436 1253 337 334 1254 338 334 1255 342 334 1256 338 437 1257 343 437 1258 342 437 1259 338 334 1260 339 334 1261 343 334 1262 339 438 1263 344 439 1264 343 440 1265 339 441 1266 340 442 1267 344 443 1268 340 444 1269 328 445 1270 344 446 1271 295 447 1272 345 448 1273 296 449 1274 295 447 1275 341 450 1276 345 448 1277 341 450 1278 346 451 1279 345 448 1280 341 450 1281 342 452 1282 346 451 1283 342 452 1284 347 453 1285 346 451 1286 342 452 1287 343 454 1288 347 453 1289 343 454 1290 348 455 1291 347 453 1292 343 454 1293 344 456 1294 348 455 1295 344 456 1296 328 457 1297 348 455 1298 296 449 1299 349 458 1300 297 459 1301 296 449 1302 345 448 1303 349 458 1304 345 448 1305 350 460 1306 349 458 1307 345 448 1308 346 451 1309 350 460 1310 346 451 1311 351 461 1312 350 460 1313 346 451 1314 347 453 1315 351 461 1316 347 453 1317 352 462 1318 351 461 1319 347 453 1320 348 455 1321 352 462 1322 348 455 1323 353 463 1324 352 462 1325 348 455 1326 328 457 1327 353 463 1328 297 459 1329 354 464 1330 298 465 1331 297 459 1332 349 458 1333 354 464 1334 349 458 1335 355 466 1336 354 464 1337 349 458 1338 350 460 1339 355 466 1340 350 460 1341 356 467 1342 355 466 1343 350 460 1344 351 461 1345 356 467 1346 351 461 1347 357 468 1348 356 467 1349 351 461 1350 352 462 1351 357 468 1352 352 462 1353 353 463 1354 357 468 1355 298 469 1356 358 470 1357 299 471 1358 298 334 1359 354 334 1360 358 334 1361 354 472 1362 359 473 1363 358 474 1364 354 475 1365 355 475 1366 359 475 1367 355 476 1368 360 477 1369 359 478 1370 355 334 1371 356 334 1372 360 334 1373 356 479 1374 361 480 1375 360 481 1376 356 482 1377 357 483 1378 361 484 1379 357 334 1380 353 334 1381 361 334 1382 299 334 1383 362 334 1384 300 334 1385 299 485 1386 358 486 1387 362 487 1388 358 488 1389 363 489 1390 362 490 1391 358 491 1392 359 492 1393 363 493 1394 359 494 1395 364 494 1396 363 494 1397 359 495 1398 360 496 1399 364 497 1400 360 334 1401 365 334 1402 364 334 1403 360 498 1404 361 498 1405 365 498 1406 361 499 1407 353 500 1408 365 501 1409 300 502 1410 366 502 1411 301 502 1412 300 334 1413 362 334 1414 366 334 1415 362 503 1416 367 504 1417 366 505 1418 362 506 1419 363 506 1420 367 506 1421 363 507 1422 368 508 1423 367 509 1424 363 510 1425 364 511 1426 368 512 1427 364 334 1428 369 334 1429 368 334 1430 364 513 1431 365 513 1432 369 513 1433 365 514 1434 353 514 1435 369 514 1436 301 515 1437 370 516 1438 302 517 1439 301 515 1440 366 518 1441 370 516 1442 366 518 1443 371 519 1444 370 516 1445 366 518 1446 367 520 1447 371 519 1448 367 520 1449 372 521 1450 371 519 1451 367 520 1452 368 522 1453 372 521 1454 368 522 1455 373 523 1456 372 521 1457 368 522 1458 369 524 1459 373 523 1460 369 524 1461 353 525 1462 373 523 1463 302 517 1464 304 526 1465 303 527 1466 302 517 1467 370 516 1468 304 526 1469 370 516 1470 305 528 1471 304 526 1472 370 516 1473 371 519 1474 305 528 1475 371 519 1476 306 529 1477 305 528 1478 371 519 1479 372 521 1480 306 529 1481 372 521 1482 307 530 1483 306 529 1484 372 521 1485 373 523 1486 307 530 1487 373 523 1488 308 531 1489 307 530 1490 373 523 1491 353 525 1492 308 531 1493 309 532 1494 308 532 1495 353 532 1496 310 533 1497 309 533 1498 353 533 1499 313 334 1500 312 334 1501 311 334 1502 313 334 1503 311 334 1504 310 334 1505 313 534 1506 310 534 1507 353 534 1508 313 535 1509 353 535 1510 328 535 1511 314 536 1512 313 536 1513 328 536 1514 316 334 1515 315 334 1516 314 334 1517 317 334 1518 316 334 1519 314 334 1520 317 537 1521 314 537 1522 328 537 1523 318 538 1524 317 538 1525 328 538 1526 319 539 1527 318 539 1528 328 539 1529 390 540 1530 392 541 1531 391 542 1532 390 540 1533 389 543 1534 392 541 1535 389 543 1536 393 544 1537 392 541 1538 389 543 1539 388 545 1540 393 544 1541 388 545 1542 394 546 1543 393 544 1544 388 545 1545 387 547 1546 394 546 1547 387 547 1548 395 548 1549 394 546 1550 387 547 1551 386 549 1552 395 548 1553 386 549 1554 396 550 1555 395 548 1556 386 549 1557 385 551 1558 396 550 1559 402 552 1560 401 552 1561 400 552 1562 403 553 1563 402 553 1564 400 553 1565 400 554 1566 399 554 1567 398 554 1568 400 555 1569 398 555 1570 397 555 1571 403 556 1572 400 556 1573 397 556 1574 405 557 1575 404 557 1576 403 557 1577 405 558 1578 403 558 1579 397 558 1580 374 559 1581 405 559 1582 397 559 1583 374 560 1584 397 560 1585 396 560 1586 375 561 1587 374 561 1588 396 561 1589 375 562 1590 396 562 1591 385 562 1592 381 563 1593 380 563 1594 379 563 1595 381 564 1596 379 564 1597 378 564 1598 383 565 1599 382 565 1600 381 565 1601 384 566 1602 383 566 1603 381 566 1604 384 567 1605 381 567 1606 378 567 1607 378 568 1608 377 568 1609 376 568 1610 384 569 1611 378 569 1612 376 569 1613 384 570 1614 376 570 1615 375 570 1616 384 571 1617 375 571 1618 385 571 1619 422 572 1620 424 573 1621 423 574 1622 422 572 1623 421 575 1624 424 573 1625 421 575 1626 425 576 1627 424 573 1628 421 575 1629 420 577 1630 425 576 1631 420 577 1632 426 578 1633 425 576 1634 420 577 1635 419 579 1636 426 578 1637 419 579 1638 427 580 1639 426 578 1640 419 579 1641 418 581 1642 427 580 1643 418 581 1644 428 582 1645 427 580 1646 418 581 1647 417 583 1648 428 582 1649 413 584 1650 412 584 1651 411 584 1652 413 585 1653 411 585 1654 410 585 1655 415 586 1656 414 586 1657 413 586 1658 416 584 1659 415 584 1660 413 584 1661 416 587 1662 413 587 1663 410 587 1664 410 584 1665 409 584 1666 408 584 1667 416 588 1668 410 588 1669 408 588 1670 416 589 1671 408 589 1672 407 589 1673 417 584 1674 416 584 1675 407 584 1676 417 584 1677 407 584 1678 406 584 1679 434 590 1680 433 590 1681 432 590 1682 435 584 1683 434 584 1684 432 584 1685 432 591 1686 431 591 1687 430 591 1688 432 592 1689 430 592 1690 429 592 1691 435 584 1692 432 584 1693 429 584 1694 437 584 1695 436 584 1696 435 584 1697 437 593 1698 435 593 1699 429 593 1700 406 584 1701 437 584 1702 429 584 1703 406 584 1704 429 584 1705 428 584 1706 417 584 1707 406 584 1708 428 584 1709 454 594 1710 456 595 1711 455 596 1712 454 594 1713 453 597 1714 456 595 1715 453 597 1716 457 598 1717 456 595 1718 453 597 1719 452 599 1720 457 598 1721 452 599 1722 458 600 1723 457 598 1724 452 599 1725 451 601 1726 458 600 1727 451 601 1728 459 602 1729 458 600 1730 451 601 1731 450 603 1732 459 602 1733 450 603 1734 460 604 1735 459 602 1736 450 603 1737 449 605 1738 460 604 1739 445 606 1740 444 606 1741 443 606 1742 445 607 1743 443 607 1744 442 607 1745 447 584 1746 446 584 1747 445 584 1748 448 584 1749 447 584 1750 445 584 1751 448 608 1752 445 608 1753 442 608 1754 442 584 1755 441 584 1756 440 584 1757 448 609 1758 442 609 1759 440 609 1760 448 610 1761 440 610 1762 439 610 1763 449 611 1764 448 611 1765 439 611 1766 449 612 1767 439 612 1768 438 612 1769 466 613 1770 465 613 1771 464 613 1772 467 584 1773 466 584 1774 464 584 1775 464 584 1776 463 584 1777 462 584 1778 464 584 1779 462 584 1780 461 584 1781 467 584 1782 464 584 1783 461 584 1784 469 614 1785 468 614 1786 467 614 1787 469 584 1788 467 584 1789 461 584 1790 438 615 1791 469 615 1792 461 615 1793 438 616 1794 461 616 1795 460 616 1796 449 612 1797 438 612 1798 460 612 1799 485 617 1800 487 618 1801 486 619 1802 485 617 1803 484 620 1804 487 618 1805 484 620 1806 488 621 1807 487 618 1808 484 620 1809 483 622 1810 488 621 1811 483 622 1812 489 623 1813 488 621 1814 483 622 1815 482 624 1816 489 623 1817 482 624 1818 490 625 1819 489 623 1820 482 624 1821 481 626 1822 490 625 1823 481 626 1824 491 627 1825 490 625 1826 481 626 1827 480 628 1828 491 627 1829 477 629 1830 476 629 1831 475 629 1832 475 584 1833 474 584 1834 473 584 1835 478 584 1836 477 584 1837 475 584 1838 478 584 1839 475 584 1840 473 584 1841 473 584 1842 472 584 1843 471 584 1844 478 630 1845 473 630 1846 471 630 1847 479 631 1848 478 631 1849 471 631 1850 479 584 1851 471 584 1852 470 584 1853 496 584 1854 495 584 1855 494 584 1856 498 584 1857 497 584 1858 496 584 1859 496 632 1860 494 632 1861 493 632 1862 498 633 1863 496 633 1864 493 633 1865 470 584 1866 499 584 1867 498 584 1868 470 634 1869 498 634 1870 493 634 1871 470 635 1872 493 635 1873 492 635 1874 479 636 1875 470 636 1876 492 636 1877 479 637 1878 492 637 1879 491 637 1880 480 584 1881 479 584 1882 491 584 1883 515 638 1884 517 639 1885 516 640 1886 515 638 1887 514 641 1888 517 639 1889 514 641 1890 518 642 1891 517 639 1892 514 641 1893 513 643 1894 518 642 1895 513 643 1896 519 644 1897 518 642 1898 513 643 1899 512 645 1900 519 644 1901 512 645 1902 520 646 1903 519 644 1904 512 645 1905 511 647 1906 520 646 1907 511 647 1908 521 648 1909 520 646 1910 511 647 1911 510 649 1912 521 648 1913 507 584 1914 506 584 1915 505 584 1916 505 650 1917 504 650 1918 503 650 1919 508 584 1920 507 584 1921 505 584 1922 508 651 1923 505 651 1924 503 651 1925 503 652 1926 502 652 1927 501 652 1928 508 584 1929 503 584 1930 501 584 1931 509 653 1932 508 653 1933 501 653 1934 509 654 1935 501 654 1936 500 654 1937 526 655 1938 525 655 1939 524 655 1940 528 584 1941 527 584 1942 526 584 1943 526 656 1944 524 656 1945 523 656 1946 528 657 1947 526 657 1948 523 657 1949 500 584 1950 529 584 1951 528 584 1952 500 658 1953 528 658 1954 523 658 1955 500 659 1956 523 659 1957 522 659 1958 509 660 1959 500 660 1960 522 660 1961 509 661 1962 522 661 1963 521 661 1964 510 662 1965 509 662 1966 521 662 1967 545 663 1968 547 664 1969 546 665 1970 545 663 1971 544 666 1972 547 664 1973 544 666 1974 548 667 1975 547 664 1976 544 666 1977 543 668 1978 548 667 1979 543 668 1980 549 669 1981 548 667 1982 543 668 1983 542 670 1984 549 669 1985 542 670 1986 550 671 1987 549 669 1988 542 670 1989 541 672 1990 550 671 1991 541 672 1992 551 673 1993 550 671 1994 541 672 1995 540 674 1996 551 673 1997 537 675 1998 536 675 1999 535 675 2000 535 676 2001 534 677 2002 533 678 2003 538 679 2004 537 679 2005 535 679 2006 538 679 2007 535 679 2008 533 679 2009 533 679 2010 532 679 2011 531 679 2012 538 679 2013 533 679 2014 531 679 2015 539 679 2016 538 679 2017 531 679 2018 539 679 2019 531 679 2020 530 679 2021 556 679 2022 555 679 2023 554 679 2024 558 679 2025 557 679 2026 556 679 2027 556 680 2028 554 680 2029 553 680 2030 558 679 2031 556 679 2032 553 679 2033 530 679 2034 559 679 2035 558 679 2036 530 681 2037 558 681 2038 553 681 2039 530 682 2040 553 682 2041 552 682 2042 539 683 2043 530 683 2044 552 683 2045 552 684 2046 551 684 2047 540 684 2048 539 685 2049 552 685 2050 540 685 2051 576 686 2052 578 687 2053 577 688 2054 576 686 2055 575 689 2056 578 687 2057 575 689 2058 579 690 2059 578 687 2060 575 689 2061 574 691 2062 579 690 2063 574 691 2064 580 692 2065 579 690 2066 574 691 2067 573 693 2068 580 692 2069 573 693 2070 581 694 2071 580 692 2072 573 693 2073 572 695 2074 581 694 2075 572 695 2076 582 696 2077 581 694 2078 572 695 2079 571 697 2080 582 696 2081 588 698 2082 587 698 2083 586 698 2084 589 679 2085 588 679 2086 586 679 2087 586 679 2088 585 679 2089 584 679 2090 586 679 2091 584 679 2092 583 679 2093 589 699 2094 586 699 2095 583 699 2096 591 700 2097 590 700 2098 589 700 2099 591 701 2100 589 701 2101 583 701 2102 560 702 2103 591 702 2104 583 702 2105 560 703 2106 583 703 2107 582 703 2108 561 704 2109 560 704 2110 582 704 2111 561 705 2112 582 705 2113 571 705 2114 567 679 2115 566 679 2116 565 679 2117 567 706 2118 565 706 2119 564 706 2120 569 679 2121 568 679 2122 567 679 2123 570 679 2124 569 679 2125 567 679 2126 570 707 2127 567 707 2128 564 707 2129 564 708 2130 563 708 2131 562 708 2132 570 709 2133 564 709 2134 562 709 2135 570 710 2136 562 710 2137 561 710 2138 570 711 2139 561 711 2140 571 711 2141 607 712 2142 609 713 2143 608 714 2144 607 712 2145 606 715 2146 609 713 2147 606 715 2148 610 716 2149 609 713 2150 606 715 2151 605 717 2152 610 716 2153 605 717 2154 611 718 2155 610 716 2156 605 717 2157 604 719 2158 611 718 2159 604 719 2160 612 720 2161 611 718 2162 604 719 2163 603 721 2164 612 720 2165 603 721 2166 613 722 2167 612 720 2168 603 721 2169 602 723 2170 613 722 2171 599 724 2172 598 724 2173 597 724 2174 597 725 2175 596 725 2176 595 725 2177 600 679 2178 599 679 2179 597 679 2180 600 679 2181 597 679 2182 595 679 2183 595 679 2184 594 679 2185 593 679 2186 600 726 2187 595 726 2188 593 726 2189 601 727 2190 600 727 2191 593 727 2192 601 728 2193 593 728 2194 592 728 2195 618 729 2196 617 729 2197 616 729 2198 620 679 2199 619 679 2200 618 679 2201 618 730 2202 616 730 2203 615 730 2204 620 731 2205 618 731 2206 615 731 2207 592 732 2208 621 732 2209 620 732 2210 592 733 2211 620 733 2212 615 733 2213 592 734 2214 615 734 2215 614 734 2216 601 735 2217 592 735 2218 614 735 2219 614 736 2220 613 736 2221 602 736 2222 601 679 2223 614 679 2224 602 679 2225</p>
        </triangles>
        <triangles material="___ARD_back-material" count="742">
          <input semantic="VERTEX" source="#___ARD-geom-mesh-vertices" offset="0"/>
          <input semantic="NORMAL" source="#___ARD-geom-mesh-normals" offset="1"/>
          <input semantic="TEXCOORD" source="#___ARD-geom-mesh-map-0" offset="2" set="0"/>
          <p>641 737 2226 642 738 2227 640 739 2228 642 738 2229 639 740 2230 640 739 2231 642 738 2232 643 741 2233 639 740 2234 643 741 2235 638 742 2236 639 740 2237 643 741 2238 644 743 2239 638 742 2240 644 743 2241 637 744 2242 638 742 2243 644 743 2244 645 745 2245 637 744 2246 645 745 2247 636 746 2248 637 744 2249 645 745 2250 646 747 2251 636 746 2252 646 747 2253 635 748 2254 636 746 2255 656 749 2256 657 750 2257 655 751 2258 657 750 2259 654 752 2260 655 751 2261 657 750 2262 658 753 2263 654 752 2264 658 753 2265 653 754 2266 654 752 2267 658 753 2268 659 755 2269 653 754 2270 659 755 2271 652 756 2272 653 754 2273 659 755 2274 660 757 2275 652 756 2276 660 757 2277 651 758 2278 652 756 2279 660 757 2280 661 759 2281 651 758 2282 661 759 2283 650 760 2284 651 758 2285 671 761 2286 672 762 2287 670 763 2288 672 762 2289 669 764 2290 670 763 2291 672 762 2292 673 765 2293 669 764 2294 673 765 2295 668 766 2296 669 764 2297 673 765 2298 674 767 2299 668 766 2300 674 767 2301 667 768 2302 668 766 2303 674 767 2304 675 769 2305 667 768 2306 675 769 2307 666 770 2308 667 768 2309 675 769 2310 676 771 2311 666 770 2312 676 771 2313 665 772 2314 666 770 2315 623 773 2316 624 774 2317 622 775 2318 624 774 2319 687 776 2320 622 775 2321 624 774 2322 625 777 2323 687 776 2324 625 777 2325 686 778 2326 687 776 2327 625 777 2328 626 779 2329 686 778 2330 626 779 2331 685 780 2332 686 778 2333 626 779 2334 627 781 2335 685 780 2336 627 781 2337 684 782 2338 685 780 2339 627 781 2340 628 783 2341 684 782 2342 628 783 2343 683 784 2344 684 782 2345 648 785 2346 649 785 2347 650 785 2348 647 786 2349 648 786 2350 650 786 2351 646 390 2352 647 390 2353 650 390 2354 635 787 2355 646 787 2356 650 787 2357 634 788 2358 635 788 2359 650 788 2360 633 789 2361 634 789 2362 650 789 2363 632 790 2364 633 790 2365 650 790 2366 631 791 2367 632 791 2368 650 791 2369 630 792 2370 631 792 2371 650 792 2372 628 390 2373 629 390 2374 630 390 2375 628 793 2376 630 793 2377 650 793 2378 628 794 2379 650 794 2380 661 794 2381 683 795 2382 628 795 2383 661 795 2384 681 390 2385 682 390 2386 683 390 2387 680 796 2388 681 796 2389 683 796 2390 679 390 2391 680 390 2392 683 390 2393 678 797 2394 679 797 2395 683 797 2396 677 390 2397 678 390 2398 683 390 2399 677 798 2400 683 798 2401 661 798 2402 676 799 2403 677 799 2404 661 799 2405 665 800 2406 676 800 2407 661 800 2408 664 801 2409 665 801 2410 661 801 2411 663 390 2412 664 390 2413 661 390 2414 662 390 2415 663 390 2416 661 390 2417 711 802 2418 725 803 2419 710 804 2420 725 803 2421 734 805 2422 710 804 2423 725 803 2424 726 806 2425 734 805 2426 726 806 2427 733 807 2428 734 805 2429 726 806 2430 727 808 2431 733 807 2432 727 808 2433 732 809 2434 733 807 2435 727 808 2436 728 810 2437 732 809 2438 728 810 2439 731 811 2440 732 809 2441 728 810 2442 729 812 2443 731 811 2444 729 812 2445 730 813 2446 731 811 2447 712 814 2448 735 815 2449 711 802 2450 735 815 2451 725 803 2452 711 802 2453 735 815 2454 736 816 2455 725 803 2456 736 816 2457 726 806 2458 725 803 2459 736 816 2460 737 817 2461 726 806 2462 737 817 2463 727 808 2464 726 806 2465 737 817 2466 738 818 2467 727 808 2468 738 818 2469 728 810 2470 727 808 2471 738 818 2472 729 812 2473 728 810 2474 713 819 2475 739 819 2476 712 819 2477 739 820 2478 735 820 2479 712 820 2480 739 334 2481 740 334 2482 735 334 2483 740 821 2484 736 821 2485 735 821 2486 740 822 2487 741 823 2488 736 824 2489 741 825 2490 737 826 2491 736 827 2492 741 828 2493 742 828 2494 737 828 2495 742 829 2496 738 829 2497 737 829 2498 742 830 2499 729 830 2500 738 830 2501 714 334 2502 743 334 2503 713 334 2504 743 831 2505 739 831 2506 713 831 2507 743 832 2508 744 832 2509 739 832 2510 744 334 2511 740 334 2512 739 334 2513 744 833 2514 745 833 2515 740 833 2516 745 834 2517 741 835 2518 740 836 2519 745 837 2520 746 837 2521 741 837 2522 746 838 2523 742 838 2524 741 838 2525 746 839 2526 729 840 2527 742 841 2528 715 842 2529 747 843 2530 714 844 2531 747 845 2532 743 846 2533 714 847 2534 747 848 2535 748 848 2536 743 848 2537 748 849 2538 744 850 2539 743 851 2540 748 852 2541 749 853 2542 744 854 2543 749 855 2544 745 856 2545 744 857 2546 749 334 2547 750 334 2548 745 334 2549 750 334 2550 746 334 2551 745 334 2552 750 858 2553 729 859 2554 746 860 2555 716 861 2556 751 862 2557 715 863 2558 751 864 2559 747 864 2560 715 864 2561 751 865 2562 752 866 2563 747 867 2564 752 334 2565 748 334 2566 747 334 2567 752 868 2568 753 868 2569 748 868 2570 753 869 2571 749 870 2572 748 871 2573 753 872 2574 754 872 2575 749 872 2576 754 873 2577 750 873 2578 749 873 2579 754 874 2580 729 874 2581 750 874 2582 717 875 2583 755 876 2584 716 877 2585 755 878 2586 751 879 2587 716 880 2588 755 881 2589 756 882 2590 751 883 2591 756 884 2592 752 885 2593 751 886 2594 756 887 2595 757 888 2596 752 889 2597 757 890 2598 753 891 2599 752 892 2600 757 893 2601 758 894 2602 753 895 2603 758 896 2604 754 897 2605 753 898 2606 758 899 2607 729 900 2608 754 901 2609 718 902 2610 759 903 2611 717 904 2612 759 903 2613 755 905 2614 717 904 2615 759 903 2616 760 906 2617 755 905 2618 760 906 2619 756 907 2620 755 905 2621 760 906 2622 761 908 2623 756 907 2624 761 908 2625 757 909 2626 756 907 2627 761 908 2628 762 910 2629 757 909 2630 762 910 2631 758 911 2632 757 909 2633 762 910 2634 729 912 2635 758 911 2636 719 913 2637 720 914 2638 718 902 2639 720 914 2640 759 903 2641 718 902 2642 720 914 2643 721 915 2644 759 903 2645 721 915 2646 760 906 2647 759 903 2648 721 915 2649 722 916 2650 760 906 2651 722 916 2652 761 908 2653 760 906 2654 722 916 2655 723 917 2656 761 908 2657 723 917 2658 762 910 2659 761 908 2660 723 917 2661 724 918 2662 762 910 2663 724 918 2664 729 912 2665 762 910 2666 697 919 2667 763 920 2668 696 921 2669 763 920 2670 695 922 2671 696 921 2672 763 920 2673 764 923 2674 695 922 2675 764 923 2676 694 924 2677 695 922 2678 764 923 2679 765 925 2680 694 924 2681 765 925 2682 693 926 2683 694 924 2684 765 925 2685 766 927 2686 693 926 2687 766 927 2688 692 928 2689 693 926 2690 766 927 2691 767 929 2692 692 928 2693 767 929 2694 691 930 2695 692 928 2696 698 931 2697 768 932 2698 697 919 2699 768 932 2700 763 920 2701 697 919 2702 768 932 2703 769 933 2704 763 920 2705 769 933 2706 764 923 2707 763 920 2708 769 933 2709 770 934 2710 764 923 2711 770 934 2712 765 925 2713 764 923 2714 770 934 2715 771 935 2716 765 925 2717 771 935 2718 766 927 2719 765 925 2720 771 935 2721 767 929 2722 766 927 2723 699 936 2724 772 936 2725 698 936 2726 772 937 2727 768 937 2728 698 937 2729 772 334 2730 773 334 2731 768 334 2732 773 938 2733 769 938 2734 768 938 2735 773 334 2736 774 334 2737 769 334 2738 774 939 2739 770 940 2740 769 941 2741 774 334 2742 775 334 2743 770 334 2744 775 942 2745 771 942 2746 770 942 2747 775 334 2748 767 334 2749 771 334 2750 700 334 2751 776 334 2752 699 334 2753 776 943 2754 772 944 2755 699 945 2756 776 946 2757 777 947 2758 772 948 2759 777 949 2760 773 950 2761 772 951 2762 777 952 2763 778 952 2764 773 952 2765 778 334 2766 774 334 2767 773 334 2768 778 953 2769 779 953 2770 774 953 2771 779 334 2772 775 334 2773 774 334 2774 779 334 2775 767 334 2776 775 334 2777 701 334 2778 780 334 2779 700 334 2780 780 954 2781 776 954 2782 700 954 2783 780 955 2784 781 956 2785 776 957 2786 781 958 2787 777 959 2788 776 960 2789 781 961 2790 782 962 2791 777 963 2792 782 334 2793 778 334 2794 777 334 2795 782 964 2796 783 965 2797 778 966 2798 783 334 2799 779 334 2800 778 334 2801 783 967 2802 767 967 2803 779 967 2804 702 968 2805 784 969 2806 701 970 2807 784 334 2808 780 334 2809 701 334 2810 784 971 2811 785 972 2812 780 973 2813 785 974 2814 781 974 2815 780 974 2816 785 975 2817 786 975 2818 781 975 2819 786 334 2820 782 334 2821 781 334 2822 786 976 2823 787 976 2824 782 976 2825 787 977 2826 783 977 2827 782 977 2828 787 978 2829 767 979 2830 783 980 2831 703 981 2832 788 982 2833 702 983 2834 788 982 2835 784 984 2836 702 983 2837 788 982 2838 789 985 2839 784 984 2840 789 985 2841 785 986 2842 784 984 2843 789 985 2844 790 987 2845 785 986 2846 790 987 2847 786 988 2848 785 986 2849 790 987 2850 791 989 2851 786 988 2852 791 989 2853 787 990 2854 786 988 2855 791 989 2856 767 991 2857 787 990 2858 704 992 2859 792 993 2860 703 981 2861 792 993 2862 788 982 2863 703 981 2864 792 993 2865 793 994 2866 788 982 2867 793 994 2868 789 985 2869 788 982 2870 793 994 2871 794 995 2872 789 985 2873 794 995 2874 790 987 2875 789 985 2876 794 995 2877 795 996 2878 790 987 2879 795 996 2880 791 989 2881 790 987 2882 795 996 2883 730 997 2884 791 989 2885 730 997 2886 767 991 2887 791 989 2888 705 998 2889 796 999 2890 704 992 2891 796 999 2892 792 993 2893 704 992 2894 796 999 2895 797 1000 2896 792 993 2897 797 1000 2898 793 994 2899 792 993 2900 797 1000 2901 798 1001 2902 793 994 2903 798 1001 2904 794 995 2905 793 994 2906 798 1001 2907 799 1002 2908 794 995 2909 799 1002 2910 795 996 2911 794 995 2912 799 1002 2913 730 997 2914 795 996 2915 706 1003 2916 800 1003 2917 705 1003 2918 800 1004 2919 796 1004 2920 705 1004 2921 800 1005 2922 801 1006 2923 796 1007 2924 801 334 2925 797 334 2926 796 334 2927 801 1008 2928 802 1009 2929 797 1010 2930 802 334 2931 798 334 2932 797 334 2933 802 334 2934 803 334 2935 798 334 2936 803 334 2937 799 334 2938 798 334 2939 803 334 2940 730 334 2941 799 334 2942 707 334 2943 804 334 2944 706 334 2945 804 334 2946 800 334 2947 706 334 2948 804 334 2949 805 334 2950 800 334 2951 805 1011 2952 801 1011 2953 800 1011 2954 805 334 2955 806 334 2956 801 334 2957 806 1012 2958 802 1013 2959 801 1014 2960 806 334 2961 807 334 2962 802 334 2963 807 1015 2964 803 1015 2965 802 1015 2966 807 334 2967 730 334 2968 803 334 2969 708 1016 2970 808 1016 2971 707 1016 2972 808 1017 2973 804 1018 2974 707 1019 2975 808 1020 2976 809 1021 2977 804 1022 2978 809 1023 2979 805 1024 2980 804 1025 2981 809 334 2982 810 334 2983 805 334 2984 810 1026 2985 806 1027 2986 805 1028 2987 810 334 2988 811 334 2989 806 334 2990 811 1029 2991 807 1029 2992 806 1029 2993 811 334 2994 730 334 2995 807 334 2996 709 334 2997 812 334 2998 708 334 2999 812 1030 3000 808 1031 3001 708 1032 3002 812 334 3003 813 334 3004 808 334 3005 813 334 3006 809 334 3007 808 334 3008 813 334 3009 814 334 3010 809 334 3011 814 1033 3012 810 1034 3013 809 1035 3014 814 334 3015 815 334 3016 810 334 3017 815 1036 3018 811 1036 3019 810 1036 3020 815 334 3021 730 334 3022 811 334 3023 710 804 3024 734 805 3025 709 1037 3026 734 805 3027 812 1038 3028 709 1037 3029 734 805 3030 733 807 3031 812 1038 3032 733 807 3033 813 1039 3034 812 1038 3035 733 807 3036 732 809 3037 813 1039 3038 732 809 3039 814 1040 3040 813 1039 3041 732 809 3042 731 811 3043 814 1040 3044 731 811 3045 815 1041 3046 814 1040 3047 731 811 3048 730 813 3049 815 1041 3050 730 334 3051 729 334 3052 724 334 3053 767 334 3054 730 334 3055 724 334 3056 724 334 3057 688 334 3058 689 334 3059 724 334 3060 689 334 3061 690 334 3062 724 1042 3063 690 1043 3064 691 1044 3065 767 1045 3066 724 1045 3067 691 1045 3068 830 1046 3069 831 1047 3070 829 1048 3071 831 1047 3072 828 1049 3073 829 1048 3074 831 1047 3075 832 1050 3076 828 1049 3077 832 1050 3078 827 1051 3079 828 1049 3080 832 1050 3081 833 1052 3082 827 1051 3083 833 1052 3084 826 1053 3085 827 1051 3086 833 1052 3087 834 1054 3088 826 1053 3089 834 1054 3090 825 1055 3091 826 1053 3092 834 1054 3093 835 1056 3094 825 1055 3095 835 1056 3096 824 1057 3097 825 1055 3098 821 1058 3099 822 1058 3100 823 1058 3101 819 86 3102 820 86 3103 821 86 3104 819 1059 3105 821 1059 3106 823 1059 3107 817 86 3108 818 86 3109 819 86 3110 817 86 3111 819 86 3112 823 86 3113 817 1060 3114 823 1060 3115 824 1060 3116 817 1061 3117 824 1061 3118 835 1061 3119 816 1062 3120 817 1062 3121 835 1062 3122 836 1063 3123 837 1064 3124 838 1065 3125 838 86 3126 839 86 3127 840 86 3128 836 86 3129 838 86 3130 840 86 3131 836 1066 3132 840 1066 3133 841 1066 3134 816 1067 3135 835 1067 3136 836 1067 3137 816 86 3138 836 86 3139 841 86 3140 873 1068 3141 874 1069 3142 872 1070 3143 874 1069 3144 871 1071 3145 872 1070 3146 874 1069 3147 875 1072 3148 871 1071 3149 875 1072 3150 870 1073 3151 871 1071 3152 875 1072 3153 876 1074 3154 870 1073 3155 876 1074 3156 869 1075 3157 870 1073 3158 876 1074 3159 877 1076 3160 869 1075 3161 877 1076 3162 868 1077 3163 869 1075 3164 877 1076 3165 878 1078 3166 868 1077 3167 878 1078 3168 867 1079 3169 868 1077 3170 891 1080 3171 892 1081 3172 890 1082 3173 892 1081 3174 889 1083 3175 890 1082 3176 892 1081 3177 893 1084 3178 889 1083 3179 893 1084 3180 888 1085 3181 889 1083 3182 893 1084 3183 894 1086 3184 888 1085 3185 894 1086 3186 887 1087 3187 888 1085 3188 894 1086 3189 895 1088 3190 887 1087 3191 895 1088 3192 886 1089 3193 887 1087 3194 895 1088 3195 896 1090 3196 886 1089 3197 896 1090 3198 885 1091 3199 886 1089 3200 843 1092 3201 907 1093 3202 842 1094 3203 907 1093 3204 906 1095 3205 842 1094 3206 907 1093 3207 908 1096 3208 906 1095 3209 908 1096 3210 905 1097 3211 906 1095 3212 908 1096 3213 909 1098 3214 905 1097 3215 909 1098 3216 904 1099 3217 905 1097 3218 909 1098 3219 910 1100 3220 904 1099 3221 910 1100 3222 903 1101 3223 904 1099 3224 910 1100 3225 911 1102 3226 903 1101 3227 911 1102 3228 902 1103 3229 903 1101 3230 855 1104 3231 856 1105 3232 854 1106 3233 856 1105 3234 853 1107 3235 854 1106 3236 856 1105 3237 857 1108 3238 853 1107 3239 857 1108 3240 852 1109 3241 853 1107 3242 857 1108 3243 858 1110 3244 852 1109 3245 858 1110 3246 851 1111 3247 852 1109 3248 858 1110 3249 859 1112 3250 851 1111 3251 859 1112 3252 850 1113 3253 851 1111 3254 859 1112 3255 860 1114 3256 850 1113 3257 860 1114 3258 849 1115 3259 850 1113 3260 885 49 3261 896 49 3262 897 49 3263 885 49 3264 897 49 3265 898 49 3266 885 1116 3267 898 1116 3268 899 1116 3269 885 1117 3270 899 1117 3271 900 1117 3272 884 1118 3273 885 1118 3274 900 1118 3275 883 1119 3276 884 1119 3277 900 1119 3278 882 49 3279 883 49 3280 900 49 3281 881 49 3282 882 49 3283 900 49 3284 880 49 3285 881 49 3286 900 49 3287 878 49 3288 879 49 3289 880 49 3290 878 49 3291 880 49 3292 900 49 3293 900 1120 3294 901 1120 3295 902 1120 3296 878 49 3297 900 49 3298 902 49 3299 867 1121 3300 878 1121 3301 902 1121 3302 867 49 3303 902 49 3304 911 49 3305 865 1122 3306 866 1122 3307 867 1122 3308 865 49 3309 867 49 3310 911 49 3311 864 49 3312 865 49 3313 911 49 3314 863 1123 3315 864 1123 3316 911 1123 3317 862 49 3318 863 49 3319 911 49 3320 861 49 3321 862 49 3322 911 49 3323 860 49 3324 861 49 3325 911 49 3326 849 49 3327 860 49 3328 911 49 3329 848 49 3330 849 49 3331 911 49 3332 847 49 3333 848 49 3334 911 49 3335 846 49 3336 847 49 3337 911 49 3338 846 1124 3339 911 1102 3340 910 1100 3341 846 1124 3342 910 1100 3343 909 1098 3344 845 1125 3345 846 1124 3346 909 1098 3347 845 1125 3348 909 1098 3349 908 1096 3350 845 1125 3351 908 1096 3352 907 1093 3353 844 1126 3354 845 1125 3355 907 1093 3356 843 1092 3357 844 1126 3358 907 1093 3359 913 1127 3360 946 1128 3361 912 1129 3362 946 1128 3363 945 1130 3364 912 1129 3365 946 1128 3366 947 1131 3367 945 1130 3368 947 1131 3369 944 1132 3370 945 1130 3371 947 1131 3372 948 1133 3373 944 1132 3374 948 1133 3375 943 1134 3376 944 1132 3377 948 1133 3378 949 1135 3379 943 1134 3380 949 1135 3381 942 1136 3382 943 1134 3383 949 1135 3384 950 1137 3385 942 1136 3386 950 1137 3387 941 1138 3388 942 1136 3389 914 1139 3390 951 1140 3391 913 1127 3392 951 1140 3393 946 1128 3394 913 1127 3395 951 1140 3396 952 1141 3397 946 1128 3398 952 1141 3399 947 1131 3400 946 1128 3401 952 1141 3402 953 1142 3403 947 1131 3404 953 1142 3405 948 1133 3406 947 1131 3407 953 1142 3408 954 1143 3409 948 1133 3410 954 1143 3411 949 1135 3412 948 1133 3413 954 1143 3414 950 1137 3415 949 1135 3416 915 1144 3417 955 1145 3418 914 1146 3419 955 1147 3420 951 1147 3421 914 1147 3422 955 1148 3423 956 1148 3424 951 1148 3425 956 1149 3426 952 1150 3427 951 1151 3428 956 1152 3429 957 1152 3430 952 1152 3431 957 1153 3432 953 1154 3433 952 1155 3434 957 1156 3435 958 1157 3436 953 1158 3437 958 1159 3438 954 1159 3439 953 1159 3440 958 1160 3441 950 1160 3442 954 1160 3443 916 86 3444 959 86 3445 915 86 3446 959 1161 3447 955 1161 3448 915 1161 3449 959 1162 3450 960 1162 3451 955 1162 3452 960 1163 3453 956 1163 3454 955 1163 3455 960 86 3456 961 86 3457 956 86 3458 961 86 3459 957 86 3460 956 86 3461 961 1164 3462 962 1164 3463 957 1164 3464 962 1165 3465 958 1166 3466 957 1167 3467 962 1168 3468 950 1168 3469 958 1168 3470 917 86 3471 963 86 3472 916 86 3473 963 1169 3474 959 1170 3475 916 1171 3476 963 1172 3477 964 1172 3478 959 1172 3479 964 1173 3480 960 1173 3481 959 1173 3482 964 1174 3483 965 1174 3484 960 1174 3485 965 1175 3486 961 1175 3487 960 1175 3488 965 1176 3489 966 1176 3490 961 1176 3491 966 1177 3492 962 1178 3493 961 1179 3494 966 1180 3495 950 1181 3496 962 1182 3497 918 1183 3498 967 1184 3499 917 1185 3500 967 1184 3501 963 1186 3502 917 1185 3503 967 1184 3504 968 1187 3505 963 1186 3506 968 1187 3507 964 1188 3508 963 1186 3509 968 1187 3510 969 1189 3511 964 1188 3512 969 1189 3513 965 1190 3514 964 1188 3515 969 1189 3516 970 1191 3517 965 1190 3518 970 1191 3519 966 1192 3520 965 1190 3521 970 1191 3522 950 1193 3523 966 1192 3524 919 1194 3525 971 1195 3526 918 1183 3527 971 1195 3528 967 1184 3529 918 1183 3530 971 1195 3531 972 1196 3532 967 1184 3533 972 1196 3534 968 1187 3535 967 1184 3536 972 1196 3537 973 1197 3538 968 1187 3539 973 1197 3540 969 1189 3541 968 1187 3542 973 1197 3543 974 1198 3544 969 1189 3545 974 1198 3546 970 1191 3547 969 1189 3548 974 1198 3549 975 1199 3550 970 1191 3551 975 1199 3552 950 1193 3553 970 1191 3554 920 1200 3555 976 1201 3556 919 1194 3557 976 1201 3558 971 1195 3559 919 1194 3560 976 1201 3561 977 1202 3562 971 1195 3563 977 1202 3564 972 1196 3565 971 1195 3566 977 1202 3567 978 1203 3568 972 1196 3569 978 1203 3570 973 1197 3571 972 1196 3572 978 1203 3573 979 1204 3574 973 1197 3575 979 1204 3576 974 1198 3577 973 1197 3578 979 1204 3579 975 1199 3580 974 1198 3581 921 1205 3582 980 1206 3583 920 1207 3584 980 1208 3585 976 1208 3586 920 1208 3587 980 1209 3588 981 1210 3589 976 1211 3590 981 1212 3591 977 1213 3592 976 1214 3593 981 86 3594 982 86 3595 977 86 3596 982 1215 3597 978 1216 3598 977 1217 3599 982 86 3600 983 86 3601 978 86 3602 983 1218 3603 979 1218 3604 978 1218 3605 983 1219 3606 975 1219 3607 979 1219 3608 922 1220 3609 984 1221 3610 921 1222 3611 984 1223 3612 980 1224 3613 921 1225 3614 984 86 3615 985 86 3616 980 86 3617 985 1226 3618 981 1227 3619 980 1228 3620 985 86 3621 986 86 3622 981 86 3623 986 86 3624 982 86 3625 981 86 3626 986 1229 3627 987 1229 3628 982 1229 3629 987 1230 3630 983 1231 3631 982 1232 3632 987 86 3633 975 86 3634 983 86 3635 923 1233 3636 988 1233 3637 922 1233 3638 988 1234 3639 984 1234 3640 922 1234 3641 988 86 3642 989 86 3643 984 86 3644 989 1235 3645 985 1236 3646 984 1237 3647 989 86 3648 990 86 3649 985 86 3650 990 1238 3651 986 1238 3652 985 1238 3653 990 1239 3654 991 1239 3655 986 1239 3656 991 1240 3657 987 1240 3658 986 1240 3659 991 86 3660 975 86 3661 987 86 3662 924 1241 3663 992 1242 3664 923 1243 3665 992 1242 3666 988 1244 3667 923 1243 3668 992 1242 3669 993 1245 3670 988 1244 3671 993 1245 3672 989 1246 3673 988 1244 3674 993 1245 3675 994 1247 3676 989 1246 3677 994 1247 3678 990 1248 3679 989 1246 3680 994 1247 3681 995 1249 3682 990 1248 3683 995 1249 3684 991 1250 3685 990 1248 3686 995 1249 3687 975 1251 3688 991 1250 3689 925 1252 3690 926 1253 3691 924 1241 3692 926 1253 3693 992 1242 3694 924 1241 3695 926 1253 3696 927 1254 3697 992 1242 3698 927 1254 3699 993 1245 3700 992 1242 3701 927 1254 3702 928 1255 3703 993 1245 3704 928 1255 3705 994 1247 3706 993 1245 3707 928 1255 3708 929 1256 3709 994 1247 3710 929 1256 3711 995 1249 3712 994 1247 3713 929 1256 3714 930 1257 3715 995 1249 3716 930 1257 3717 975 1251 3718 995 1249 3719 975 1258 3720 930 1258 3721 931 1258 3722 975 1259 3723 931 1259 3724 932 1259 3725 933 1260 3726 934 1260 3727 935 1260 3728 932 86 3729 933 86 3730 935 86 3731 975 1261 3732 932 1261 3733 935 1261 3734 950 1262 3735 975 1262 3736 935 1262 3737 950 1262 3738 935 1262 3739 936 1262 3740 936 86 3741 937 86 3742 938 86 3743 936 1263 3744 938 1263 3745 939 1263 3746 950 1264 3747 936 1264 3748 939 1264 3749 950 1265 3750 939 1265 3751 940 1265 3752 950 1266 3753 940 1266 3754 941 1266 3755 1013 1267 3756 1014 1268 3757 1012 1269 3758 1014 1268 3759 1011 1270 3760 1012 1269 3761 1014 1268 3762 1015 1271 3763 1011 1270 3764 1015 1271 3765 1010 1272 3766 1011 1270 3767 1015 1271 3768 1016 1273 3769 1010 1272 3770 1016 1273 3771 1009 1274 3772 1010 1272 3773 1016 1273 3774 1017 1275 3775 1009 1274 3776 1017 1275 3777 1008 1276 3778 1009 1274 3779 1017 1275 3780 1018 1277 3781 1008 1276 3782 1018 1277 3783 1007 1278 3784 1008 1276 3785 1022 1279 3786 1023 1279 3787 1024 1279 3788 1022 1280 3789 1024 1280 3790 1025 1280 3791 1020 1281 3792 1021 1281 3793 1022 1281 3794 1019 1282 3795 1020 1282 3796 1022 1282 3797 1019 1283 3798 1022 1283 3799 1025 1283 3800 1025 1284 3801 1026 1284 3802 1027 1284 3803 1019 1285 3804 1025 1285 3805 1027 1285 3806 1019 1286 3807 1027 1286 3808 996 1286 3809 1018 1287 3810 1019 1287 3811 996 1287 3812 1018 1288 3813 996 1288 3814 997 1288 3815 1007 1289 3816 1018 1289 3817 997 1289 3818 1001 1290 3819 1002 1291 3820 1003 1292 3821 1000 1293 3822 1001 1293 3823 1003 1293 3824 1003 1294 3825 1004 1294 3826 1005 1294 3827 1003 1295 3828 1005 1295 3829 1006 1295 3830 1000 1296 3831 1003 1296 3832 1006 1296 3833 998 1297 3834 999 1297 3835 1000 1297 3836 998 1298 3837 1000 1298 3838 1006 1298 3839 997 1299 3840 998 1299 3841 1006 1299 3842 1007 1300 3843 997 1300 3844 1006 1300 3845 1045 1301 3846 1046 1302 3847 1044 1303 3848 1046 1302 3849 1043 1304 3850 1044 1303 3851 1046 1302 3852 1047 1305 3853 1043 1304 3854 1047 1305 3855 1042 1306 3856 1043 1304 3857 1047 1305 3858 1048 1307 3859 1042 1306 3860 1048 1307 3861 1041 1308 3862 1042 1306 3863 1048 1307 3864 1049 1309 3865 1041 1308 3866 1049 1309 3867 1040 1310 3868 1041 1308 3869 1049 1309 3870 1050 1311 3871 1040 1310 3872 1050 1311 3873 1039 1312 3874 1040 1310 3875 1033 679 3876 1034 679 3877 1035 679 3878 1032 1313 3879 1033 1313 3880 1035 1313 3881 1035 1314 3882 1036 1314 3883 1037 1314 3884 1035 1315 3885 1037 1315 3886 1038 1315 3887 1032 1316 3888 1035 1316 3889 1038 1316 3890 1030 1317 3891 1031 1317 3892 1032 1317 3893 1030 679 3894 1032 679 3895 1038 679 3896 1029 679 3897 1030 679 3898 1038 679 3899 1029 1318 3900 1038 1318 3901 1039 1318 3902 1028 1319 3903 1029 1319 3904 1039 1319 3905 1054 1320 3906 1055 1320 3907 1056 1320 3908 1054 679 3909 1056 679 3910 1057 679 3911 1052 679 3912 1053 679 3913 1054 679 3914 1051 1321 3915 1052 1321 3916 1054 1321 3917 1051 1322 3918 1054 1322 3919 1057 1322 3920 1057 679 3921 1058 679 3922 1059 679 3923 1051 1323 3924 1057 1323 3925 1059 1323 3926 1051 1324 3927 1059 1324 3928 1028 1324 3929 1050 1325 3930 1051 1325 3931 1028 1325 3932 1050 1326 3933 1028 1326 3934 1039 1326 3935 1077 1327 3936 1078 1328 3937 1076 1329 3938 1078 1328 3939 1075 1330 3940 1076 1329 3941 1078 1328 3942 1079 1331 3943 1075 1330 3944 1079 1331 3945 1074 1332 3946 1075 1330 3947 1079 1331 3948 1080 1333 3949 1074 1332 3950 1080 1333 3951 1073 1334 3952 1074 1332 3953 1080 1333 3954 1081 1335 3955 1073 1334 3956 1081 1335 3957 1072 1336 3958 1073 1334 3959 1081 1335 3960 1082 1337 3961 1072 1336 3962 1082 1337 3963 1071 1338 3964 1072 1336 3965 1065 679 3966 1066 679 3967 1067 679 3968 1064 679 3969 1065 679 3970 1067 679 3971 1067 1339 3972 1068 1339 3973 1069 1339 3974 1067 679 3975 1069 679 3976 1070 679 3977 1064 679 3978 1067 679 3979 1070 679 3980 1062 1340 3981 1063 1340 3982 1064 1340 3983 1062 679 3984 1064 679 3985 1070 679 3986 1061 679 3987 1062 679 3988 1070 679 3989 1061 1341 3990 1070 1341 3991 1071 1341 3992 1060 1342 3993 1061 1342 3994 1071 1342 3995 1086 1343 3996 1087 1343 3997 1088 1343 3998 1086 1344 3999 1088 1344 4000 1089 1344 4001 1084 679 4002 1085 679 4003 1086 679 4004 1083 679 4005 1084 679 4006 1086 679 4007 1083 679 4008 1086 679 4009 1089 679 4010 1089 679 4011 1090 679 4012 1091 679 4013 1083 679 4014 1089 679 4015 1091 679 4016 1083 1345 4017 1091 1345 4018 1060 1345 4019 1082 1346 4020 1083 1346 4021 1060 1346 4022 1082 1342 4023 1060 1342 4024 1071 1342 4025 1108 1347 4026 1109 1348 4027 1107 1349 4028 1109 1348 4029 1106 1350 4030 1107 1349 4031 1109 1348 4032 1110 1351 4033 1106 1350 4034 1110 1351 4035 1105 1352 4036 1106 1350 4037 1110 1351 4038 1111 1353 4039 1105 1352 4040 1111 1353 4041 1104 1354 4042 1105 1352 4043 1111 1353 4044 1112 1355 4045 1104 1354 4046 1112 1355 4047 1103 1356 4048 1104 1354 4049 1112 1355 4050 1113 1357 4051 1103 1356 4052 1113 1357 4053 1102 1358 4054 1103 1356 4055 1097 679 4056 1098 679 4057 1099 679 4058 1095 1359 4059 1096 1359 4060 1097 1359 4061 1097 679 4062 1099 679 4063 1100 679 4064 1095 679 4065 1097 679 4066 1100 679 4067 1093 1360 4068 1094 1360 4069 1095 1360 4070 1093 679 4071 1095 679 4072 1100 679 4073 1093 1361 4074 1100 1361 4075 1101 1361 4076 1092 1362 4077 1093 1362 4078 1101 1362 4079 1116 679 4080 1117 679 4081 1118 679 4082 1118 1363 4083 1119 1363 4084 1120 1363 4085 1115 679 4086 1116 679 4087 1118 679 4088 1115 679 4089 1118 679 4090 1120 679 4091 1120 1364 4092 1121 1364 4093 1092 1364 4094 1115 679 4095 1120 679 4096 1092 679 4097 1114 679 4098 1115 679 4099 1092 679 4100 1114 679 4101 1092 679 4102 1101 679 4103 1113 1365 4104 1114 1365 4105 1101 1365 4106 1113 1366 4107 1101 1366 4108 1102 1366 4109 1138 1367 4110 1139 1368 4111 1137 1369 4112 1139 1368 4113 1136 1370 4114 1137 1369 4115 1139 1368 4116 1140 1371 4117 1136 1370 4118 1140 1371 4119 1135 1372 4120 1136 1370 4121 1140 1371 4122 1141 1373 4123 1135 1372 4124 1141 1373 4125 1134 1374 4126 1135 1372 4127 1141 1373 4128 1142 1375 4129 1134 1374 4130 1142 1375 4131 1133 1376 4132 1134 1374 4133 1142 1375 4134 1143 1377 4135 1133 1376 4136 1143 1377 4137 1132 1378 4138 1133 1376 4139 1127 1379 4140 1128 1379 4141 1129 1379 4142 1125 679 4143 1126 679 4144 1127 679 4145 1127 1380 4146 1129 1380 4147 1130 1380 4148 1125 1381 4149 1127 1381 4150 1130 1381 4151 1123 679 4152 1124 679 4153 1125 679 4154 1123 1382 4155 1125 1382 4156 1130 1382 4157 1123 1383 4158 1130 1383 4159 1131 1383 4160 1122 1384 4161 1123 1384 4162 1131 1384 4163 1146 679 4164 1147 679 4165 1148 679 4166 1148 679 4167 1149 679 4168 1150 679 4169 1145 679 4170 1146 679 4171 1148 679 4172 1145 1385 4173 1148 1385 4174 1150 1385 4175 1150 1386 4176 1151 1386 4177 1122 1386 4178 1145 1387 4179 1150 1387 4180 1122 1387 4181 1144 1388 4182 1145 1388 4183 1122 1388 4184 1144 1389 4185 1122 1389 4186 1131 1389 4187 1143 1390 4188 1144 1390 4189 1131 1390 4190 1143 1391 4191 1131 1391 4192 1132 1391 4193 1168 1392 4194 1169 1393 4195 1167 1394 4196 1169 1393 4197 1166 1395 4198 1167 1394 4199 1169 1393 4200 1170 1396 4201 1166 1395 4202 1170 1396 4203 1165 1397 4204 1166 1395 4205 1170 1396 4206 1171 1398 4207 1165 1397 4208 1171 1398 4209 1164 1399 4210 1165 1397 4211 1171 1398 4212 1172 1400 4213 1164 1399 4214 1172 1400 4215 1163 1401 4216 1164 1399 4217 1172 1400 4218 1173 1402 4219 1163 1401 4220 1173 1402 4221 1162 1403 4222 1163 1401 4223 1157 1404 4224 1158 1404 4225 1159 1404 4226 1155 1405 4227 1156 1405 4228 1157 1405 4229 1157 1406 4230 1159 1406 4231 1160 1406 4232 1155 584 4233 1157 584 4234 1160 584 4235 1153 1407 4236 1154 1407 4237 1155 1407 4238 1153 1408 4239 1155 1408 4240 1160 1408 4241 1153 1409 4242 1160 1409 4243 1161 1409 4244 1152 1410 4245 1153 1410 4246 1161 1410 4247 1176 584 4248 1177 584 4249 1178 584 4250 1178 584 4251 1179 584 4252 1180 584 4253 1175 1411 4254 1176 1411 4255 1178 1411 4256 1175 584 4257 1178 584 4258 1180 584 4259 1180 584 4260 1181 584 4261 1152 584 4262 1175 1412 4263 1180 1412 4264 1152 1412 4265 1174 584 4266 1175 584 4267 1152 584 4268 1174 584 4269 1152 584 4270 1161 584 4271 1162 1413 4272 1173 1413 4273 1174 1413 4274 1162 584 4275 1174 584 4276 1161 584 4277 1199 1414 4278 1200 1415 4279 1198 1416 4280 1200 1415 4281 1197 1417 4282 1198 1416 4283 1200 1415 4284 1201 1418 4285 1197 1417 4286 1201 1418 4287 1196 1419 4288 1197 1417 4289 1201 1418 4290 1202 1420 4291 1196 1419 4292 1202 1420 4293 1195 1421 4294 1196 1419 4295 1202 1420 4296 1203 1422 4297 1195 1421 4298 1203 1422 4299 1194 1423 4300 1195 1421 4301 1203 1422 4302 1204 1424 4303 1194 1423 4304 1204 1424 4305 1193 1425 4306 1194 1423 4307 1208 584 4308 1209 584 4309 1210 584 4310 1208 1426 4311 1210 1426 4312 1211 1426 4313 1206 584 4314 1207 584 4315 1208 584 4316 1205 584 4317 1206 584 4318 1208 584 4319 1205 584 4320 1208 584 4321 1211 584 4322 1211 1427 4323 1212 1427 4324 1213 1427 4325 1205 1428 4326 1211 1428 4327 1213 1428 4328 1205 1429 4329 1213 1429 4330 1182 1429 4331 1204 1430 4332 1205 1430 4333 1182 1430 4334 1204 1431 4335 1182 1431 4336 1183 1431 4337 1193 1432 4338 1204 1432 4339 1183 1432 4340 1187 1433 4341 1188 1433 4342 1189 1433 4343 1186 584 4344 1187 584 4345 1189 584 4346 1189 1434 4347 1190 1434 4348 1191 1434 4349 1189 1435 4350 1191 1435 4351 1192 1435 4352 1186 1436 4353 1189 1436 4354 1192 1436 4355 1184 584 4356 1185 584 4357 1186 584 4358 1184 584 4359 1186 584 4360 1192 584 4361 1183 1437 4362 1184 1437 4363 1192 1437 4364 1193 1438 4365 1183 1438 4366 1192 1438 4367 1230 1439 4368 1231 1440 4369 1229 1441 4370 1231 1440 4371 1228 1442 4372 1229 1441 4373 1231 1440 4374 1232 1443 4375 1228 1442 4376 1232 1443 4377 1227 1444 4378 1228 1442 4379 1232 1443 4380 1233 1445 4381 1227 1444 4382 1233 1445 4383 1226 1446 4384 1227 1444 4385 1233 1445 4386 1234 1447 4387 1226 1446 4388 1234 1447 4389 1225 1448 4390 1226 1446 4391 1234 1447 4392 1235 1449 4393 1225 1448 4394 1235 1449 4395 1224 1450 4396 1225 1448 4397 1219 584 4398 1220 584 4399 1221 584 4400 1217 584 4401 1218 584 4402 1219 584 4403 1219 1451 4404 1221 1451 4405 1222 1451 4406 1217 584 4407 1219 584 4408 1222 584 4409 1215 1452 4410 1216 1452 4411 1217 1452 4412 1215 584 4413 1217 584 4414 1222 584 4415 1215 584 4416 1222 584 4417 1223 584 4418 1214 1453 4419 1215 1453 4420 1223 1453 4421 1238 1454 4422 1239 1454 4423 1240 1454 4424 1240 1455 4425 1241 1455 4426 1242 1455 4427 1237 1456 4428 1238 1456 4429 1240 1456 4430 1237 584 4431 1240 584 4432 1242 584 4433 1242 1457 4434 1243 1457 4435 1214 1457 4436 1237 584 4437 1242 584 4438 1214 584 4439 1236 584 4440 1237 584 4441 1214 584 4442 1236 584 4443 1214 584 4444 1223 584 4445 1224 1458 4446 1235 1458 4447 1236 1458 4448 1224 584 4449 1236 584 4450 1223 584 4451</p>
        </triangles>
        <triangles material="___ARD_edge-material" count="904">
          <input semantic="VERTEX" source="#___ARD-geom-mesh-vertices" offset="0"/>
          <input semantic="NORMAL" source="#___ARD-geom-mesh-normals" offset="1"/>
          <input semantic="TEXCOORD" source="#___ARD-geom-mesh-map-0" offset="2" set="0"/>
          <p>1244 679 4452 1245 679 4453 1323 679 4454 1324 679 4455 1323 679 4456 1245 679 4457 1245 1459 4458 1246 1459 4459 1324 1459 4460 1325 679 4461 1324 679 4462 1246 679 4463 1246 679 4464 1247 679 4465 1325 679 4466 1326 1460 4467 1325 1460 4468 1247 1460 4469 1247 1461 4470 1248 1461 4471 1326 1461 4472 1327 1462 4473 1326 1462 4474 1248 1462 4475 1248 1463 4476 1249 1464 4477 1327 1465 4478 1328 1466 4479 1327 1465 4480 1249 1464 4481 1249 1464 4482 1250 1467 4483 1328 1466 4484 1329 1468 4485 1328 1466 4486 1250 1467 4487 1250 1467 4488 1251 1469 4489 1329 1468 4490 1330 1470 4491 1329 1468 4492 1251 1469 4493 1252 1471 4494 1253 1471 4495 1331 1471 4496 1332 1472 4497 1331 1472 4498 1253 1472 4499 1254 1473 4500 1255 1473 4501 1333 1473 4502 1334 1474 4503 1333 1474 4504 1255 1474 4505 1256 1475 4506 1257 1475 4507 1335 1475 4508 1336 1476 4509 1335 1476 4510 1257 1476 4511 1258 1477 4512 1259 1478 4513 1337 1479 4514 1338 1480 4515 1337 1481 4516 1259 1482 4517 1260 1483 4518 1261 1484 4519 1339 1483 4520 1340 1485 4521 1339 1486 4522 1261 1487 4523 1261 1488 4524 1262 1489 4525 1340 1490 4526 1341 1491 4527 1340 1492 4528 1262 1493 4529 1262 1494 4530 1263 1495 4531 1341 1496 4532 1342 1497 4533 1341 1496 4534 1263 1495 4535 1263 1495 4536 1264 1498 4537 1342 1497 4538 1343 1499 4539 1342 1497 4540 1264 1498 4541 1264 1498 4542 1265 1500 4543 1343 1499 4544 1344 1501 4545 1343 1499 4546 1265 1500 4547 1265 1502 4548 1266 1503 4549 1344 1504 4550 1345 1505 4551 1344 1506 4552 1266 1507 4553 1267 1508 4554 1268 1509 4555 1346 1510 4556 1347 1511 4557 1346 1510 4558 1268 1509 4559 1268 1509 4560 1269 1512 4561 1347 1511 4562 1348 1513 4563 1347 1511 4564 1269 1512 4565 1269 1512 4566 1270 1514 4567 1348 1513 4568 1349 1515 4569 1348 1513 4570 1270 1514 4571 1271 1516 4572 1272 1517 4573 1350 1518 4574 1351 1519 4575 1350 1518 4576 1272 1517 4577 1272 1517 4578 1273 1520 4579 1351 1519 4580 1352 1521 4581 1351 1519 4582 1273 1520 4583 1273 1520 4584 1274 1522 4585 1352 1521 4586 1353 1523 4587 1352 1521 4588 1274 1522 4589 1274 1522 4590 1275 1524 4591 1353 1523 4592 1354 1525 4593 1353 1523 4594 1275 1524 4595 1275 1524 4596 1276 1526 4597 1354 1525 4598 1355 1527 4599 1354 1525 4600 1276 1526 4601 1277 1528 4602 1278 1529 4603 1356 1530 4604 1357 1531 4605 1356 1530 4606 1278 1529 4607 1278 1529 4608 1279 679 4609 1357 1531 4610 1358 679 4611 1357 1531 4612 1279 679 4613 1279 679 4614 1280 679 4615 1358 679 4616 1359 1532 4617 1358 1533 4618 1280 1534 4619 1280 679 4620 1281 679 4621 1359 679 4622 1360 1535 4623 1359 1536 4624 1281 1537 4625 1281 679 4626 1282 679 4627 1360 679 4628 1361 679 4629 1360 679 4630 1282 679 4631 1282 679 4632 1283 679 4633 1361 679 4634 1362 1538 4635 1361 1538 4636 1283 1538 4637 1284 584 4638 1285 584 4639 1363 584 4640 1364 584 4641 1363 584 4642 1285 584 4643 1285 584 4644 1286 584 4645 1364 584 4646 1365 584 4647 1364 584 4648 1286 584 4649 1286 1539 4650 1287 1539 4651 1365 1539 4652 1366 584 4653 1365 584 4654 1287 584 4655 1287 584 4656 1288 584 4657 1366 584 4658 1367 584 4659 1366 584 4660 1288 584 4661 1288 1540 4662 1289 1541 4663 1367 1542 4664 1368 1543 4665 1367 1542 4666 1289 1541 4667 1289 1541 4668 1290 1544 4669 1368 1543 4670 1369 1545 4671 1368 1543 4672 1290 1544 4673 1291 1546 4674 1292 1547 4675 1370 1548 4676 1371 1549 4677 1370 1548 4678 1292 1547 4679 1292 1547 4680 1293 1550 4681 1371 1549 4682 1372 1551 4683 1371 1549 4684 1293 1550 4685 1293 1550 4686 1294 1552 4687 1372 1551 4688 1373 1553 4689 1372 1551 4690 1294 1552 4691 1294 1552 4692 1295 1554 4693 1373 1553 4694 1374 1555 4695 1373 1553 4696 1295 1554 4697 1295 1554 4698 1296 1556 4699 1374 1555 4700 1375 1557 4701 1374 1555 4702 1296 1556 4703 1296 1556 4704 1297 1558 4705 1375 1557 4706 1376 1559 4707 1375 1557 4708 1297 1558 4709 1297 1558 4710 1298 1560 4711 1376 1559 4712 1377 1561 4713 1376 1559 4714 1298 1560 4715 1298 1560 4716 1299 1562 4717 1377 1561 4718 1378 1563 4719 1377 1561 4720 1299 1562 4721 1300 1564 4722 1301 1565 4723 1379 1564 4724 1380 1566 4725 1379 1567 4726 1301 1568 4727 1301 1569 4728 1302 1570 4729 1380 1571 4730 1381 1572 4731 1380 1571 4732 1302 1570 4733 1302 1570 4734 1303 1573 4735 1381 1572 4736 1382 1574 4737 1381 1572 4738 1303 1573 4739 1303 1573 4740 1304 1575 4741 1382 1574 4742 1383 1576 4743 1382 1574 4744 1304 1575 4745 1304 1577 4746 1305 1578 4747 1383 1579 4748 1384 1580 4749 1383 1581 4750 1305 1582 4751 1305 1583 4752 1306 1584 4753 1384 1585 4754 1385 1586 4755 1384 1587 4756 1306 1588 4757 1307 1589 4758 1308 1589 4759 1386 1589 4760 1387 1589 4761 1386 1589 4762 1308 1589 4763 1309 1590 4764 1310 1590 4765 1388 1590 4766 1389 1591 4767 1388 1591 4768 1310 1591 4769 1311 1592 4770 1312 1592 4771 1390 1592 4772 1391 1593 4773 1390 1593 4774 1312 1593 4775 1313 1594 4776 1314 1594 4777 1392 1594 4778 1393 1595 4779 1392 1595 4780 1314 1595 4781 1315 1596 4782 1316 1597 4783 1394 1598 4784 1395 1599 4785 1394 1598 4786 1316 1597 4787 1316 1597 4788 1317 1600 4789 1395 1599 4790 1396 1601 4791 1395 1599 4792 1317 1600 4793 1317 1600 4794 1318 1602 4795 1396 1601 4796 1397 1603 4797 1396 1601 4798 1318 1602 4799 1318 584 4800 1319 584 4801 1397 584 4802 1398 584 4803 1397 584 4804 1319 584 4805 1319 584 4806 1320 584 4807 1398 584 4808 1399 584 4809 1398 584 4810 1320 584 4811 1320 584 4812 1321 584 4813 1399 584 4814 1400 584 4815 1399 584 4816 1321 584 4817 1321 1604 4818 1322 1604 4819 1400 1604 4820 1401 1605 4821 1400 1605 4822 1322 1605 4823 1402 390 4824 1403 390 4825 1454 390 4826 1455 390 4827 1454 390 4828 1403 390 4829 1404 1606 4830 1405 1606 4831 1456 1606 4832 1457 1607 4833 1456 1607 4834 1405 1607 4835 1406 1608 4836 1407 1609 4837 1458 1610 4838 1459 1611 4839 1458 1610 4840 1407 1609 4841 1407 1609 4842 1408 1612 4843 1459 1611 4844 1460 1613 4845 1459 1611 4846 1408 1612 4847 1409 1614 4848 1410 1615 4849 1461 1616 4850 1462 1617 4851 1461 1616 4852 1410 1615 4853 1410 1615 4854 1411 1618 4855 1462 1617 4856 1463 1619 4857 1462 1617 4858 1411 1618 4859 1411 1618 4860 1412 1620 4861 1463 1619 4862 1464 1621 4863 1463 1619 4864 1412 1620 4865 1412 1620 4866 1413 1622 4867 1464 1621 4868 1465 1623 4869 1464 1621 4870 1413 1622 4871 1414 1624 4872 1415 1625 4873 1466 1626 4874 1467 1627 4875 1466 1626 4876 1415 1625 4877 1416 1628 4878 1417 1628 4879 1468 1628 4880 1469 1629 4881 1468 1629 4882 1417 1629 4883 1418 1630 4884 1419 1630 4885 1470 1630 4886 1471 1631 4887 1470 1631 4888 1419 1631 4889 1420 1632 4890 1421 1632 4891 1472 1632 4892 1473 1632 4893 1472 1632 4894 1421 1632 4895 1422 1633 4896 1423 1634 4897 1474 1635 4898 1475 1636 4899 1474 1635 4900 1423 1634 4901 1423 1634 4902 1424 1637 4903 1475 1636 4904 1476 1638 4905 1475 1636 4906 1424 1637 4907 1425 1639 4908 1426 1640 4909 1477 1641 4910 1478 1642 4911 1477 1641 4912 1426 1640 4913 1426 1640 4914 1427 1643 4915 1478 1642 4916 1479 1644 4917 1478 1642 4918 1427 1643 4919 1427 1643 4920 1428 1645 4921 1479 1644 4922 1480 1646 4923 1479 1644 4924 1428 1645 4925 1429 1647 4926 1430 1647 4927 1481 1647 4928 1482 1648 4929 1481 1648 4930 1430 1648 4931 1431 1649 4932 1432 1649 4933 1483 1649 4934 1484 1650 4935 1483 1650 4936 1432 1650 4937 1433 1651 4938 1434 1652 4939 1485 1653 4940 1486 1654 4941 1485 1653 4942 1434 1652 4943 1435 1655 4944 1436 1656 4945 1487 1657 4946 1488 1658 4947 1487 1657 4948 1436 1656 4949 1436 1656 4950 1437 1659 4951 1488 1658 4952 1489 1660 4953 1488 1658 4954 1437 1659 4955 1438 1661 4956 1439 1661 4957 1490 1661 4958 1491 1662 4959 1490 1662 4960 1439 1662 4961 1440 1663 4962 1441 1663 4963 1492 1663 4964 1493 1664 4965 1492 1664 4966 1441 1664 4967 1442 1665 4968 1443 1665 4969 1494 1665 4970 1495 1666 4971 1494 1666 4972 1443 1666 4973 1444 1667 4974 1445 1668 4975 1496 1669 4976 1497 1670 4977 1496 1669 4978 1445 1668 4979 1445 1668 4980 1446 1671 4981 1497 1670 4982 1498 1672 4983 1497 1670 4984 1446 1671 4985 1447 679 4986 1448 679 4987 1499 679 4988 1500 1673 4989 1499 1674 4990 1448 1675 4991 1448 679 4992 1449 679 4993 1500 679 4994 1501 679 4995 1500 679 4996 1449 679 4997 1449 679 4998 1450 679 4999 1501 679 5000 1502 1676 5001 1501 1677 5002 1450 1678 5003 1450 679 5004 1451 679 5005 1502 679 5006 1503 679 5007 1502 679 5008 1451 679 5009 1451 1679 5010 1452 1680 5011 1503 1681 5012 1504 1682 5013 1503 1681 5014 1452 1680 5015 1452 1680 5016 1453 1683 5017 1504 1682 5018 1505 1684 5019 1504 1682 5020 1453 1683 5021 1506 1685 5022 1507 1686 5023 1534 1687 5024 1535 1688 5025 1534 1689 5026 1507 1690 5027 1508 1691 5028 1509 1692 5029 1536 1693 5030 1537 1694 5031 1536 1693 5032 1509 1692 5033 1509 1692 5034 1510 1695 5035 1537 1694 5036 1538 1696 5037 1537 1694 5038 1510 1695 5039 1510 1695 5040 1511 1697 5041 1538 1696 5042 1539 1698 5043 1538 1696 5044 1511 1697 5045 1511 1697 5046 1512 1699 5047 1539 1698 5048 1540 1700 5049 1539 1698 5050 1512 1699 5051 1512 1699 5052 1513 1701 5053 1540 1700 5054 1541 1702 5055 1540 1700 5056 1513 1701 5057 1513 1701 5058 1514 1703 5059 1541 1702 5060 1542 1704 5061 1541 1702 5062 1514 1703 5063 1514 1705 5064 1515 1706 5065 1542 1707 5066 1543 1708 5067 1542 1709 5068 1515 1708 5069 1515 1710 5070 1516 1711 5071 1543 1712 5072 1544 1713 5073 1543 1712 5074 1516 1711 5075 1516 1711 5076 1517 1714 5077 1544 1713 5078 1545 1715 5079 1544 1713 5080 1517 1714 5081 1517 1714 5082 1518 1716 5083 1545 1715 5084 1546 1717 5085 1545 1715 5086 1518 1716 5087 1518 1716 5088 1519 1718 5089 1546 1717 5090 1547 1719 5091 1546 1717 5092 1519 1718 5093 1519 1718 5094 1520 1720 5095 1547 1719 5096 1548 1721 5097 1547 1719 5098 1520 1720 5099 1521 1722 5100 1522 1723 5101 1549 1724 5102 1550 1725 5103 1549 1724 5104 1522 1723 5105 1522 1723 5106 1523 1726 5107 1550 1725 5108 1551 1727 5109 1550 1725 5110 1523 1726 5111 1523 1726 5112 1524 1728 5113 1551 1727 5114 1552 1729 5115 1551 1727 5116 1524 1728 5117 1524 1728 5118 1525 1730 5119 1552 1729 5120 1553 1731 5121 1552 1729 5122 1525 1730 5123 1525 1730 5124 1526 1732 5125 1553 1731 5126 1554 1733 5127 1553 1731 5128 1526 1732 5129 1526 1734 5130 1527 1735 5131 1554 1734 5132 1555 1736 5133 1554 1737 5134 1527 1738 5135 1527 1739 5136 1528 1740 5137 1555 1741 5138 1556 1742 5139 1555 1741 5140 1528 1740 5141 1528 1740 5142 1529 1743 5143 1556 1742 5144 1557 1744 5145 1556 1742 5146 1529 1743 5147 1529 1743 5148 1530 1745 5149 1557 1744 5150 1558 1746 5151 1557 1744 5152 1530 1745 5153 1530 1745 5154 1531 1747 5155 1558 1746 5156 1559 1748 5157 1558 1746 5158 1531 1747 5159 1531 1747 5160 1532 1749 5161 1559 1748 5162 1560 1750 5163 1559 1748 5164 1532 1749 5165 1532 1749 5166 1533 1751 5167 1560 1750 5168 1561 1752 5169 1560 1750 5170 1533 1751 5171 1562 1753 5172 1563 1754 5173 1648 1755 5174 1649 1756 5175 1648 1755 5176 1563 1754 5177 1563 1754 5178 1564 1757 5179 1649 1756 5180 1650 1758 5181 1649 1756 5182 1564 1757 5183 1565 1759 5184 1566 1759 5185 1651 1759 5186 1652 1760 5187 1651 1760 5188 1566 1760 5189 1567 1761 5190 1568 1761 5191 1653 1761 5192 1654 1762 5193 1653 1762 5194 1568 1762 5195 1569 1763 5196 1570 1763 5197 1655 1763 5198 1656 1764 5199 1655 1764 5200 1570 1764 5201 1571 1765 5202 1572 1766 5203 1657 1767 5204 1658 1768 5205 1657 1767 5206 1572 1766 5207 1573 1769 5208 1574 1770 5209 1659 1771 5210 1660 1772 5211 1659 1771 5212 1574 1770 5213 1574 1770 5214 1575 1773 5215 1660 1772 5216 1661 1774 5217 1660 1772 5218 1575 1773 5219 1575 1773 5220 1576 1775 5221 1661 1774 5222 1662 1776 5223 1661 1774 5224 1576 1775 5225 1576 1775 5226 1577 1777 5227 1662 1776 5228 1663 1778 5229 1662 1776 5230 1577 1777 5231 1577 1779 5232 1578 1780 5233 1663 1781 5234 1664 1782 5235 1663 1783 5236 1578 1784 5237 1579 1785 5238 1580 1786 5239 1665 1785 5240 1666 1787 5241 1665 1788 5242 1580 1789 5243 1580 1790 5244 1581 1791 5245 1666 1792 5246 1667 1793 5247 1666 1792 5248 1581 1791 5249 1581 1791 5250 1582 1794 5251 1667 1793 5252 1668 1795 5253 1667 1793 5254 1582 1794 5255 1582 1794 5256 1583 1796 5257 1668 1795 5258 1669 1797 5259 1668 1795 5260 1583 1796 5261 1583 1798 5262 1584 1799 5263 1669 1800 5264 1670 1801 5265 1669 1802 5266 1584 1803 5267 1584 1804 5268 1585 1805 5269 1670 1806 5270 1671 1807 5271 1670 1808 5272 1585 1809 5273 1586 1810 5274 1587 1810 5275 1672 1810 5276 1673 1811 5277 1672 1811 5278 1587 1811 5279 1588 1812 5280 1589 1812 5281 1674 1812 5282 1675 1812 5283 1674 1812 5284 1589 1812 5285 1590 1813 5286 1591 1813 5287 1676 1813 5288 1677 1814 5289 1676 1814 5290 1591 1814 5291 1592 1815 5292 1593 1815 5293 1678 1815 5294 1679 1815 5295 1678 1815 5296 1593 1815 5297 1594 1816 5298 1595 1817 5299 1680 1818 5300 1681 1819 5301 1680 1818 5302 1595 1817 5303 1595 1817 5304 1596 1820 5305 1681 1819 5306 1682 1821 5307 1681 1819 5308 1596 1820 5309 1596 1820 5310 1597 584 5311 1682 1821 5312 1683 584 5313 1682 1821 5314 1597 584 5315 1597 584 5316 1598 584 5317 1683 584 5318 1684 584 5319 1683 584 5320 1598 584 5321 1598 1822 5322 1599 1822 5323 1684 1822 5324 1685 1823 5325 1684 1823 5326 1599 1823 5327 1599 584 5328 1600 584 5329 1685 584 5330 1686 584 5331 1685 584 5332 1600 584 5333 1600 584 5334 1601 584 5335 1686 584 5336 1687 584 5337 1686 584 5338 1601 584 5339 1602 1824 5340 1603 1824 5341 1688 1824 5342 1689 679 5343 1688 679 5344 1603 679 5345 1603 1825 5346 1604 1825 5347 1689 1825 5348 1690 1826 5349 1689 1826 5350 1604 1826 5351 1604 1827 5352 1605 1827 5353 1690 1827 5354 1691 679 5355 1690 679 5356 1605 679 5357 1605 679 5358 1606 679 5359 1691 679 5360 1692 679 5361 1691 679 5362 1606 679 5363 1606 1828 5364 1607 1829 5365 1692 1830 5366 1693 1831 5367 1692 1830 5368 1607 1829 5369 1607 1829 5370 1608 1832 5371 1693 1831 5372 1694 1833 5373 1693 1831 5374 1608 1832 5375 1608 1832 5376 1609 1834 5377 1694 1833 5378 1695 1835 5379 1694 1833 5380 1609 1834 5381 1610 1836 5382 1611 1836 5383 1696 1836 5384 1697 1836 5385 1696 1836 5386 1611 1836 5387 1612 1837 5388 1613 1837 5389 1698 1837 5390 1699 1838 5391 1698 1838 5392 1613 1838 5393 1614 1839 5394 1615 1839 5395 1700 1839 5396 1701 1839 5397 1700 1839 5398 1615 1839 5399 1616 1840 5400 1617 1840 5401 1702 1840 5402 1703 1841 5403 1702 1841 5404 1617 1841 5405 1618 1842 5406 1619 1843 5407 1704 1844 5408 1705 1845 5409 1704 1846 5410 1619 1847 5411 1619 1848 5412 1620 1849 5413 1705 1850 5414 1706 1851 5415 1705 1852 5416 1620 1853 5417 1620 1854 5418 1621 1855 5419 1706 1856 5420 1707 1857 5421 1706 1856 5422 1621 1855 5423 1621 1855 5424 1622 1858 5425 1707 1857 5426 1708 1859 5427 1707 1857 5428 1622 1858 5429 1622 1858 5430 1623 1860 5431 1708 1859 5432 1709 1861 5433 1708 1859 5434 1623 1860 5435 1623 1862 5436 1624 1863 5437 1709 1864 5438 1710 1865 5439 1709 1866 5440 1624 1867 5441 1625 1868 5442 1626 1869 5443 1711 1868 5444 1712 1870 5445 1711 1871 5446 1626 1872 5447 1626 1873 5448 1627 1874 5449 1712 1875 5450 1713 1876 5451 1712 1875 5452 1627 1874 5453 1627 1874 5454 1628 1877 5455 1713 1876 5456 1714 1878 5457 1713 1876 5458 1628 1877 5459 1628 1877 5460 1629 1879 5461 1714 1878 5462 1715 1880 5463 1714 1878 5464 1629 1879 5465 1629 1879 5466 1630 1881 5467 1715 1880 5468 1716 1882 5469 1715 1880 5470 1630 1881 5471 1631 1883 5472 1632 1884 5473 1717 1885 5474 1718 1886 5475 1717 1885 5476 1632 1884 5477 1633 1887 5478 1634 1887 5479 1719 1887 5480 1720 1887 5481 1719 1887 5482 1634 1887 5483 1635 1888 5484 1636 1888 5485 1721 1888 5486 1722 1888 5487 1721 1888 5488 1636 1888 5489 1637 1889 5490 1638 1889 5491 1723 1889 5492 1724 1890 5493 1723 1890 5494 1638 1890 5495 1639 1891 5496 1640 1891 5497 1725 1891 5498 1726 1892 5499 1725 1892 5500 1640 1892 5501 1641 1893 5502 1642 1894 5503 1727 1893 5504 1728 1895 5505 1727 1893 5506 1642 1894 5507 1642 1894 5508 1643 679 5509 1728 1895 5510 1729 679 5511 1728 1895 5512 1643 679 5513 1643 679 5514 1644 679 5515 1729 679 5516 1730 1896 5517 1729 1897 5518 1644 1898 5519 1644 679 5520 1645 679 5521 1730 679 5522 1731 679 5523 1730 679 5524 1645 679 5525 1645 679 5526 1646 679 5527 1731 679 5528 1732 1899 5529 1731 1900 5530 1646 1901 5531 1646 679 5532 1647 679 5533 1732 679 5534 1733 1902 5535 1732 1902 5536 1647 1902 5537 1734 1903 5538 1735 1904 5539 1778 1905 5540 1779 1906 5541 1778 1905 5542 1735 1904 5543 1736 1907 5544 1737 1907 5545 1780 1907 5546 1781 1908 5547 1780 1908 5548 1737 1908 5549 1738 1909 5550 1739 1909 5551 1782 1909 5552 1783 1910 5553 1782 1910 5554 1739 1910 5555 1740 1911 5556 1741 1911 5557 1784 1911 5558 1785 1911 5559 1784 1911 5560 1741 1911 5561 1742 1912 5562 1743 1913 5563 1786 1914 5564 1787 1915 5565 1786 1914 5566 1743 1913 5567 1744 1916 5568 1745 1917 5569 1788 1918 5570 1789 1919 5571 1788 1918 5572 1745 1917 5573 1746 1920 5574 1747 1920 5575 1790 1920 5576 1791 1921 5577 1790 1921 5578 1747 1921 5579 1748 1922 5580 1749 1922 5581 1792 1922 5582 1793 1922 5583 1792 1922 5584 1749 1922 5585 1750 1923 5586 1751 1923 5587 1794 1923 5588 1795 1924 5589 1794 1924 5590 1751 1924 5591 1752 1925 5592 1753 1926 5593 1796 1927 5594 1797 1928 5595 1796 1927 5596 1753 1926 5597 1754 1929 5598 1755 1930 5599 1798 1931 5600 1799 1932 5601 1798 1931 5602 1755 1930 5603 1755 1930 5604 1756 1933 5605 1799 1932 5606 1800 1934 5607 1799 1932 5608 1756 1933 5609 1756 1933 5610 1757 1935 5611 1800 1934 5612 1801 1936 5613 1800 1934 5614 1757 1935 5615 1757 1935 5616 1758 1937 5617 1801 1936 5618 1802 1938 5619 1801 1936 5620 1758 1937 5621 1758 1937 5622 1759 1939 5623 1802 1938 5624 1803 1940 5625 1802 1938 5626 1759 1939 5627 1759 1939 5628 1760 1941 5629 1803 1940 5630 1804 1942 5631 1803 1940 5632 1760 1941 5633 1760 1941 5634 1761 1943 5635 1804 1942 5636 1805 1944 5637 1804 1942 5638 1761 1943 5639 1761 1943 5640 1762 1945 5641 1805 1944 5642 1806 1946 5643 1805 1944 5644 1762 1945 5645 1762 1945 5646 1763 1947 5647 1806 1946 5648 1807 1948 5649 1806 1946 5650 1763 1947 5651 1764 1949 5652 1765 1949 5653 1808 1949 5654 1809 1950 5655 1808 1950 5656 1765 1950 5657 1765 49 5658 1766 49 5659 1809 49 5660 1810 49 5661 1809 49 5662 1766 49 5663 1766 49 5664 1767 49 5665 1810 49 5666 1811 49 5667 1810 49 5668 1767 49 5669 1768 1951 5670 1769 1952 5671 1812 1953 5672 1813 1954 5673 1812 1953 5674 1769 1952 5675 1769 1952 5676 1770 1955 5677 1813 1954 5678 1814 1956 5679 1813 1954 5680 1770 1955 5681 1770 1955 5682 1771 1957 5683 1814 1956 5684 1815 1958 5685 1814 1956 5686 1771 1957 5687 1771 1957 5688 1772 1959 5689 1815 1958 5690 1816 1960 5691 1815 1958 5692 1772 1959 5693 1772 1959 5694 1773 1961 5695 1816 1960 5696 1817 1962 5697 1816 1960 5698 1773 1961 5699 1773 1961 5700 1774 1963 5701 1817 1962 5702 1818 1964 5703 1817 1962 5704 1774 1963 5705 1774 1963 5706 1775 1965 5707 1818 1964 5708 1819 1966 5709 1818 1964 5710 1775 1965 5711 1775 1965 5712 1776 1967 5713 1819 1966 5714 1820 1968 5715 1819 1966 5716 1776 1967 5717 1776 1967 5718 1777 1969 5719 1820 1968 5720 1821 1970 5721 1820 1968 5722 1777 1969 5723 1822 1971 5724 1823 1972 5725 1854 1973 5726 1855 1974 5727 1854 1975 5728 1823 1976 5729 1823 1977 5730 1824 1978 5731 1855 1979 5732 1856 1980 5733 1855 1979 5734 1824 1978 5735 1824 1978 5736 1825 1981 5737 1856 1980 5738 1857 1982 5739 1856 1980 5740 1825 1981 5741 1825 1981 5742 1826 1983 5743 1857 1982 5744 1858 1984 5745 1857 1982 5746 1826 1983 5747 1826 1983 5748 1827 1985 5749 1858 1984 5750 1859 1986 5751 1858 1984 5752 1827 1985 5753 1827 1985 5754 1828 1987 5755 1859 1986 5756 1860 1988 5757 1859 1986 5758 1828 1987 5759 1828 1987 5760 1829 1989 5761 1860 1988 5762 1861 1990 5763 1860 1988 5764 1829 1989 5765 1829 1989 5766 1830 1991 5767 1861 1990 5768 1862 1992 5769 1861 1990 5770 1830 1991 5771 1830 1991 5772 1831 1993 5773 1862 1992 5774 1863 1994 5775 1862 1992 5776 1831 1993 5777 1831 1993 5778 1832 1995 5779 1863 1994 5780 1864 1996 5781 1863 1994 5782 1832 1995 5783 1832 1997 5784 1833 1998 5785 1864 1999 5786 1865 1998 5787 1864 2000 5788 1833 1998 5789 1833 2001 5790 1834 2002 5791 1865 2003 5792 1866 2004 5793 1865 2003 5794 1834 2002 5795 1834 2002 5796 1835 2005 5797 1866 2004 5798 1867 2006 5799 1866 2004 5800 1835 2005 5801 1835 2005 5802 1836 2007 5803 1867 2006 5804 1868 2008 5805 1867 2006 5806 1836 2007 5807 1836 2007 5808 1837 2009 5809 1868 2008 5810 1869 2010 5811 1868 2008 5812 1837 2009 5813 1837 2009 5814 1838 2011 5815 1869 2010 5816 1870 2012 5817 1869 2010 5818 1838 2011 5819 1839 2013 5820 1840 2014 5821 1871 2015 5822 1872 2016 5823 1871 2015 5824 1840 2014 5825 1840 2014 5826 1841 2017 5827 1872 2016 5828 1873 2018 5829 1872 2016 5830 1841 2017 5831 1841 2017 5832 1842 2019 5833 1873 2018 5834 1874 2020 5835 1873 2018 5836 1842 2019 5837 1842 2019 5838 1843 2021 5839 1874 2020 5840 1875 2022 5841 1874 2020 5842 1843 2021 5843 1843 2021 5844 1844 2023 5845 1875 2022 5846 1876 2024 5847 1875 2022 5848 1844 2023 5849 1844 2025 5850 1845 2026 5851 1876 2025 5852 1877 2027 5853 1876 2028 5854 1845 2029 5855 1845 2030 5856 1846 2031 5857 1877 2032 5858 1878 2033 5859 1877 2032 5860 1846 2031 5861 1846 2031 5862 1847 2034 5863 1878 2033 5864 1879 2035 5865 1878 2033 5866 1847 2034 5867 1847 2034 5868 1848 2036 5869 1879 2035 5870 1880 2037 5871 1879 2035 5872 1848 2036 5873 1848 2036 5874 1849 2038 5875 1880 2037 5876 1881 2039 5877 1880 2037 5878 1849 2038 5879 1849 2038 5880 1850 2040 5881 1881 2039 5882 1882 2041 5883 1881 2039 5884 1850 2040 5885 1850 2040 5886 1851 2042 5887 1882 2041 5888 1883 2043 5889 1882 2041 5890 1851 2042 5891 1851 2042 5892 1852 2044 5893 1883 2043 5894 1884 2045 5895 1883 2043 5896 1852 2044 5897 1852 2044 5898 1853 2046 5899 1884 2045 5900 1885 2047 5901 1884 2045 5902 1853 2046 5903 1853 2046 5904 1822 2048 5905 1885 2047 5906 1854 2049 5907 1885 2047 5908 1822 2048 5909 1886 2050 5910 1887 2051 5911 1918 2052 5912 1919 2053 5913 1918 2054 5914 1887 2055 5915 1887 2056 5916 1888 2057 5917 1919 2058 5918 1920 2059 5919 1919 2058 5920 1888 2057 5921 1888 2057 5922 1889 2060 5923 1920 2059 5924 1921 2061 5925 1920 2059 5926 1889 2060 5927 1889 2060 5928 1890 2062 5929 1921 2061 5930 1922 2063 5931 1921 2061 5932 1890 2062 5933 1890 2062 5934 1891 2064 5935 1922 2063 5936 1923 2065 5937 1922 2063 5938 1891 2064 5939 1891 2064 5940 1892 2066 5941 1923 2065 5942 1924 2067 5943 1923 2065 5944 1892 2066 5945 1892 2066 5946 1893 2068 5947 1924 2067 5948 1925 2069 5949 1924 2067 5950 1893 2068 5951 1893 2068 5952 1894 2070 5953 1925 2069 5954 1926 2071 5955 1925 2069 5956 1894 2070 5957 1894 2070 5958 1895 2072 5959 1926 2071 5960 1927 2073 5961 1926 2071 5962 1895 2072 5963 1895 2072 5964 1896 2074 5965 1927 2073 5966 1928 2075 5967 1927 2073 5968 1896 2074 5969 1896 2076 5970 1897 2077 5971 1928 2078 5972 1929 2079 5973 1928 2080 5974 1897 2079 5975 1897 2081 5976 1898 2082 5977 1929 2083 5978 1930 2084 5979 1929 2083 5980 1898 2082 5981 1898 2082 5982 1899 2085 5983 1930 2084 5984 1931 2086 5985 1930 2084 5986 1899 2085 5987 1899 2085 5988 1900 2087 5989 1931 2086 5990 1932 2088 5991 1931 2086 5992 1900 2087 5993 1900 2087 5994 1901 2089 5995 1932 2088 5996 1933 2090 5997 1932 2088 5998 1901 2089 5999 1901 2089 6000 1902 2091 6001 1933 2090 6002 1934 2092 6003 1933 2090 6004 1902 2091 6005 1903 2093 6006 1904 2094 6007 1935 2095 6008 1936 2096 6009 1935 2095 6010 1904 2094 6011 1904 2094 6012 1905 2097 6013 1936 2096 6014 1937 2098 6015 1936 2096 6016 1905 2097 6017 1905 2097 6018 1906 2099 6019 1937 2098 6020 1938 2100 6021 1937 2098 6022 1906 2099 6023 1906 2099 6024 1907 2101 6025 1938 2100 6026 1939 2102 6027 1938 2100 6028 1907 2101 6029 1907 2101 6030 1908 2103 6031 1939 2102 6032 1940 2104 6033 1939 2102 6034 1908 2103 6035 1908 2105 6036 1909 2106 6037 1940 2105 6038 1941 2107 6039 1940 2108 6040 1909 2109 6041 1909 2110 6042 1910 2111 6043 1941 2112 6044 1942 2113 6045 1941 2112 6046 1910 2111 6047 1910 2111 6048 1911 2114 6049 1942 2113 6050 1943 2115 6051 1942 2113 6052 1911 2114 6053 1911 2114 6054 1912 2116 6055 1943 2115 6056 1944 2117 6057 1943 2115 6058 1912 2116 6059 1912 2116 6060 1913 2118 6061 1944 2117 6062 1945 2119 6063 1944 2117 6064 1913 2118 6065 1913 2118 6066 1914 2120 6067 1945 2119 6068 1946 2121 6069 1945 2119 6070 1914 2120 6071 1914 2120 6072 1915 2122 6073 1946 2121 6074 1947 2123 6075 1946 2121 6076 1915 2122 6077 1915 2122 6078 1916 2124 6079 1947 2123 6080 1948 2125 6081 1947 2123 6082 1916 2124 6083 1916 2124 6084 1917 2126 6085 1948 2125 6086 1949 2127 6087 1948 2125 6088 1917 2126 6089 1917 2126 6090 1886 2128 6091 1949 2127 6092 1918 2129 6093 1949 2127 6094 1886 2128 6095 1950 2130 6096 1951 2131 6097 1982 2132 6098 1983 2133 6099 1982 2134 6100 1951 2135 6101 1951 2136 6102 1952 2137 6103 1983 2138 6104 1984 2139 6105 1983 2138 6106 1952 2137 6107 1952 2137 6108 1953 2140 6109 1984 2139 6110 1985 2141 6111 1984 2139 6112 1953 2140 6113 1953 2140 6114 1954 2142 6115 1985 2141 6116 1986 2143 6117 1985 2141 6118 1954 2142 6119 1954 2142 6120 1955 2144 6121 1986 2143 6122 1987 2145 6123 1986 2143 6124 1955 2144 6125 1955 2144 6126 1956 2146 6127 1987 2145 6128 1988 2147 6129 1987 2145 6130 1956 2146 6131 1956 2146 6132 1957 2148 6133 1988 2147 6134 1989 2149 6135 1988 2147 6136 1957 2148 6137 1957 2148 6138 1958 2150 6139 1989 2149 6140 1990 2151 6141 1989 2149 6142 1958 2150 6143 1958 2150 6144 1959 2152 6145 1990 2151 6146 1991 2153 6147 1990 2151 6148 1959 2152 6149 1959 2152 6150 1960 2154 6151 1991 2153 6152 1992 2155 6153 1991 2153 6154 1960 2154 6155 1960 2156 6156 1961 2157 6157 1992 2158 6158 1993 2159 6159 1992 2160 6160 1961 2159 6161 1961 2161 6162 1962 2162 6163 1993 2163 6164 1994 2164 6165 1993 2163 6166 1962 2162 6167 1962 2162 6168 1963 2165 6169 1994 2164 6170 1995 2166 6171 1994 2164 6172 1963 2165 6173 1963 2165 6174 1964 2167 6175 1995 2166 6176 1996 2168 6177 1995 2166 6178 1964 2167 6179 1964 2167 6180 1965 2169 6181 1996 2168 6182 1997 2170 6183 1996 2168 6184 1965 2169 6185 1965 2169 6186 1966 2171 6187 1997 2170 6188 1998 2172 6189 1997 2170 6190 1966 2171 6191 1967 2173 6192 1968 2174 6193 1999 2175 6194 2000 2176 6195 1999 2175 6196 1968 2174 6197 1968 2174 6198 1969 2177 6199 2000 2176 6200 2001 2178 6201 2000 2176 6202 1969 2177 6203 1969 2177 6204 1970 2179 6205 2001 2178 6206 2002 2180 6207 2001 2178 6208 1970 2179 6209 1970 2179 6210 1971 2181 6211 2002 2180 6212 2003 2182 6213 2002 2180 6214 1971 2181 6215 1971 2181 6216 1972 2183 6217 2003 2182 6218 2004 2184 6219 2003 2182 6220 1972 2183 6221 1972 2185 6222 1973 2186 6223 2004 2185 6224 2005 2187 6225 2004 2188 6226 1973 2189 6227 1973 2190 6228 1974 2191 6229 2005 2192 6230 2006 2193 6231 2005 2192 6232 1974 2191 6233 1974 2191 6234 1975 2194 6235 2006 2193 6236 2007 2195 6237 2006 2193 6238 1975 2194 6239 1975 2194 6240 1976 2196 6241 2007 2195 6242 2008 2197 6243 2007 2195 6244 1976 2196 6245 1976 2196 6246 1977 2198 6247 2008 2197 6248 2009 2199 6249 2008 2197 6250 1977 2198 6251 1977 2198 6252 1978 2200 6253 2009 2199 6254 2010 2201 6255 2009 2199 6256 1978 2200 6257 1978 2200 6258 1979 2202 6259 2010 2201 6260 2011 2203 6261 2010 2201 6262 1979 2202 6263 1979 2202 6264 1980 2204 6265 2011 2203 6266 2012 2205 6267 2011 2203 6268 1980 2204 6269 1980 2204 6270 1981 2206 6271 2012 2205 6272 2013 2207 6273 2012 2205 6274 1981 2206 6275 1981 2206 6276 1950 2208 6277 2013 2207 6278 1982 2209 6279 2013 2207 6280 1950 2208 6281 2014 2210 6282 2015 2211 6283 2048 2212 6284 2049 2213 6285 2048 2214 6286 2015 2215 6287 2015 2216 6288 2016 2217 6289 2049 2218 6290 2050 2219 6291 2049 2218 6292 2016 2217 6293 2016 2217 6294 2017 2220 6295 2050 2219 6296 2051 2221 6297 2050 2219 6298 2017 2220 6299 2017 2220 6300 2018 2222 6301 2051 2221 6302 2052 2223 6303 2051 2221 6304 2018 2222 6305 2018 2222 6306 2019 2224 6307 2052 2223 6308 2053 2225 6309 2052 2223 6310 2019 2224 6311 2019 2224 6312 2020 2226 6313 2053 2225 6314 2054 2227 6315 2053 2225 6316 2020 2226 6317 2020 2226 6318 2021 2228 6319 2054 2227 6320 2055 2229 6321 2054 2227 6322 2021 2228 6323 2021 2228 6324 2022 2230 6325 2055 2229 6326 2056 2231 6327 2055 2229 6328 2022 2230 6329 2023 2232 6330 2024 2233 6331 2057 2234 6332 2058 2235 6333 2057 2236 6334 2024 2235 6335 2025 2237 6336 2026 2237 6337 2059 2237 6338 2060 2238 6339 2059 2238 6340 2026 2238 6341 2026 2239 6342 2027 2240 6343 2060 2241 6344 2061 2242 6345 2060 2243 6346 2027 2244 6347 2027 2245 6348 2028 2246 6349 2061 2247 6350 2062 2248 6351 2061 2247 6352 2028 2246 6353 2028 2246 6354 2029 2249 6355 2062 2248 6356 2063 2250 6357 2062 2248 6358 2029 2249 6359 2029 2249 6360 2030 2251 6361 2063 2250 6362 2064 2252 6363 2063 2250 6364 2030 2251 6365 2030 2253 6366 2031 2254 6367 2064 2255 6368 2065 2256 6369 2064 2257 6370 2031 2258 6371 2032 2259 6372 2033 2260 6373 2066 2261 6374 2067 2262 6375 2066 2263 6376 2033 2264 6377 2033 2265 6378 2034 2266 6379 2067 2267 6380 2068 2268 6381 2067 2267 6382 2034 2266 6383 2034 2266 6384 2035 2269 6385 2068 2268 6386 2069 2270 6387 2068 2268 6388 2035 2269 6389 2035 2269 6390 2036 2271 6391 2069 2270 6392 2070 2272 6393 2069 2270 6394 2036 2271 6395 2036 2273 6396 2037 2274 6397 2070 2275 6398 2071 2276 6399 2070 2277 6400 2037 2278 6401 2037 2279 6402 2038 2279 6403 2071 2279 6404 2072 2280 6405 2071 2280 6406 2038 2280 6407 2039 2281 6408 2040 2282 6409 2073 2281 6410 2074 2283 6411 2073 2284 6412 2040 2285 6413 2041 2286 6414 2042 2287 6415 2075 2288 6416 2076 2289 6417 2075 2288 6418 2042 2287 6419 2042 2287 6420 2043 2290 6421 2076 2289 6422 2077 2291 6423 2076 2289 6424 2043 2290 6425 2043 2290 6426 2044 2292 6427 2077 2291 6428 2078 2293 6429 2077 2291 6430 2044 2292 6431 2044 2292 6432 2045 2294 6433 2078 2293 6434 2079 2295 6435 2078 2293 6436 2045 2294 6437 2045 2294 6438 2046 2296 6439 2079 2295 6440 2080 2297 6441 2079 2295 6442 2046 2296 6443 2046 2296 6444 2047 2298 6445 2080 2297 6446 2081 2299 6447 2080 2297 6448 2047 2298 6449 2047 2298 6450 2014 2300 6451 2081 2299 6452 2048 2301 6453 2081 2299 6454 2014 2300 6455 2082 2302 6456 2083 2303 6457 2116 2304 6458 2117 2305 6459 2116 2306 6460 2083 2307 6461 2083 2308 6462 2084 2309 6463 2117 2310 6464 2118 2311 6465 2117 2310 6466 2084 2309 6467 2084 2309 6468 2085 2312 6469 2118 2311 6470 2119 2313 6471 2118 2311 6472 2085 2312 6473 2085 2312 6474 2086 2314 6475 2119 2313 6476 2120 2315 6477 2119 2313 6478 2086 2314 6479 2086 2314 6480 2087 2316 6481 2120 2315 6482 2121 2317 6483 2120 2315 6484 2087 2316 6485 2087 2316 6486 2088 2318 6487 2121 2317 6488 2122 2319 6489 2121 2317 6490 2088 2318 6491 2088 2318 6492 2089 2320 6493 2122 2319 6494 2123 2321 6495 2122 2319 6496 2089 2320 6497 2089 2320 6498 2090 2322 6499 2123 2321 6500 2124 2323 6501 2123 2321 6502 2090 2322 6503 2091 2324 6504 2092 2325 6505 2125 2326 6506 2126 2327 6507 2125 2328 6508 2092 2327 6509 2093 2329 6510 2094 2329 6511 2127 2329 6512 2128 2329 6513 2127 2329 6514 2094 2329 6515 2094 2330 6516 2095 2331 6517 2128 2332 6518 2129 2333 6519 2128 2334 6520 2095 2335 6521 2095 2336 6522 2096 2337 6523 2129 2338 6524 2130 2339 6525 2129 2338 6526 2096 2337 6527 2096 2337 6528 2097 2340 6529 2130 2339 6530 2131 2341 6531 2130 2339 6532 2097 2340 6533 2097 2340 6534 2098 2342 6535 2131 2341 6536 2132 2343 6537 2131 2341 6538 2098 2342 6539 2098 2344 6540 2099 2345 6541 2132 2346 6542 2133 2347 6543 2132 2348 6544 2099 2349 6545 2100 334 6546 2101 334 6547 2134 334 6548 2135 334 6549 2134 334 6550 2101 334 6551 2101 334 6552 2102 334 6553 2135 334 6554 2136 2350 6555 2135 2351 6556 2102 2352 6557 2102 334 6558 2103 334 6559 2136 334 6560 2137 2353 6561 2136 2354 6562 2103 2355 6563 2103 2356 6564 2104 2356 6565 2137 2356 6566 2138 2357 6567 2137 2357 6568 2104 2357 6569 2104 2358 6570 2105 2358 6571 2138 2358 6572 2139 2359 6573 2138 2360 6574 2105 2361 6575 2105 2362 6576 2106 2362 6577 2139 2362 6578 2140 2363 6579 2139 2363 6580 2106 2363 6581 2107 2364 6582 2108 2365 6583 2141 2364 6584 2142 2366 6585 2141 2367 6586 2108 2368 6587 2109 2369 6588 2110 2370 6589 2143 2371 6590 2144 2372 6591 2143 2371 6592 2110 2370 6593 2110 2370 6594 2111 2373 6595 2144 2372 6596 2145 2374 6597 2144 2372 6598 2111 2373 6599 2111 2373 6600 2112 2375 6601 2145 2374 6602 2146 2376 6603 2145 2374 6604 2112 2375 6605 2112 2375 6606 2113 2377 6607 2146 2376 6608 2147 2378 6609 2146 2376 6610 2113 2377 6611 2113 2377 6612 2114 2379 6613 2147 2378 6614 2148 2380 6615 2147 2378 6616 2114 2379 6617 2114 2379 6618 2115 2381 6619 2148 2380 6620 2149 2382 6621 2148 2380 6622 2115 2381 6623 2115 2381 6624 2082 2383 6625 2149 2382 6626 2116 2384 6627 2149 2382 6628 2082 2383 6629 2150 2385 6630 2151 2386 6631 2184 2387 6632 2185 2388 6633 2184 2389 6634 2151 2390 6635 2151 2391 6636 2152 2392 6637 2185 2393 6638 2186 2394 6639 2185 2393 6640 2152 2392 6641 2152 2392 6642 2153 2395 6643 2186 2394 6644 2187 2396 6645 2186 2394 6646 2153 2395 6647 2153 2395 6648 2154 2397 6649 2187 2396 6650 2188 2398 6651 2187 2396 6652 2154 2397 6653 2154 2397 6654 2155 2399 6655 2188 2398 6656 2189 2400 6657 2188 2398 6658 2155 2399 6659 2155 2399 6660 2156 2401 6661 2189 2400 6662 2190 2402 6663 2189 2400 6664 2156 2401 6665 2156 2401 6666 2157 2403 6667 2190 2402 6668 2191 2404 6669 2190 2402 6670 2157 2403 6671 2157 2403 6672 2158 2405 6673 2191 2404 6674 2192 2406 6675 2191 2404 6676 2158 2405 6677 2159 2407 6678 2160 2408 6679 2193 2409 6680 2194 2410 6681 2193 2411 6682 2160 2410 6683 2161 334 6684 2162 334 6685 2195 334 6686 2196 334 6687 2195 334 6688 2162 334 6689 2162 334 6690 2163 334 6691 2196 334 6692 2197 334 6693 2196 334 6694 2163 334 6695 2163 334 6696 2164 334 6697 2197 334 6698 2198 334 6699 2197 334 6700 2164 334 6701 2164 334 6702 2165 334 6703 2198 334 6704 2199 2412 6705 2198 2413 6706 2165 2414 6707 2165 2415 6708 2166 2415 6709 2199 2415 6710 2200 334 6711 2199 334 6712 2166 334 6713 2166 334 6714 2167 334 6715 2200 334 6716 2201 334 6717 2200 334 6718 2167 334 6719 2168 2416 6720 2169 2417 6721 2202 2416 6722 2203 2418 6723 2202 2419 6724 2169 2420 6725 2169 2421 6726 2170 2422 6727 2203 2423 6728 2204 2424 6729 2203 2423 6730 2170 2422 6731 2170 2422 6732 2171 2425 6733 2204 2424 6734 2205 2426 6735 2204 2424 6736 2171 2425 6737 2171 2425 6738 2172 2427 6739 2205 2426 6740 2206 2428 6741 2205 2426 6742 2172 2427 6743 2172 2429 6744 2173 2430 6745 2206 2431 6746 2207 2432 6747 2206 2433 6748 2173 2434 6749 2173 2435 6750 2174 2435 6751 2207 2435 6752 2208 2436 6753 2207 2436 6754 2174 2436 6755 2175 2437 6756 2176 2438 6757 2209 2437 6758 2210 2439 6759 2209 2440 6760 2176 2441 6761 2177 2442 6762 2178 2443 6763 2211 2444 6764 2212 2445 6765 2211 2444 6766 2178 2443 6767 2178 2443 6768 2179 2446 6769 2212 2445 6770 2213 2447 6771 2212 2445 6772 2179 2446 6773 2179 2446 6774 2180 2448 6775 2213 2447 6776 2214 2449 6777 2213 2447 6778 2180 2448 6779 2180 2448 6780 2181 2450 6781 2214 2449 6782 2215 2451 6783 2214 2449 6784 2181 2450 6785 2181 2450 6786 2182 2452 6787 2215 2451 6788 2216 2453 6789 2215 2451 6790 2182 2452 6791 2182 2452 6792 2183 2454 6793 2216 2453 6794 2217 2455 6795 2216 2453 6796 2183 2454 6797 2183 2454 6798 2150 2456 6799 2217 2455 6800 2184 2457 6801 2217 2455 6802 2150 2456 6803 2218 2458 6804 2219 2459 6805 2250 2460 6806 2251 2461 6807 2250 2462 6808 2219 2463 6809 2219 2464 6810 2220 2465 6811 2251 2466 6812 2252 2467 6813 2251 2466 6814 2220 2465 6815 2220 2465 6816 2221 2468 6817 2252 2467 6818 2253 2469 6819 2252 2467 6820 2221 2468 6821 2221 2468 6822 2222 2470 6823 2253 2469 6824 2254 2471 6825 2253 2469 6826 2222 2470 6827 2222 2470 6828 2223 2472 6829 2254 2471 6830 2255 2473 6831 2254 2471 6832 2223 2472 6833 2223 2472 6834 2224 2474 6835 2255 2473 6836 2256 2475 6837 2255 2473 6838 2224 2474 6839 2224 2474 6840 2225 2476 6841 2256 2475 6842 2257 2477 6843 2256 2475 6844 2225 2476 6845 2225 2476 6846 2226 2478 6847 2257 2477 6848 2258 2479 6849 2257 2477 6850 2226 2478 6851 2226 2478 6852 2227 2480 6853 2258 2479 6854 2259 2481 6855 2258 2479 6856 2227 2480 6857 2227 2480 6858 2228 2482 6859 2259 2481 6860 2260 2483 6861 2259 2481 6862 2228 2482 6863 2228 2484 6864 2229 2485 6865 2260 2486 6866 2261 2487 6867 2260 2488 6868 2229 2487 6869 2229 2489 6870 2230 2490 6871 2261 2491 6872 2262 2492 6873 2261 2491 6874 2230 2490 6875 2230 2490 6876 2231 2493 6877 2262 2492 6878 2263 2494 6879 2262 2492 6880 2231 2493 6881 2231 2493 6882 2232 2495 6883 2263 2494 6884 2264 2496 6885 2263 2494 6886 2232 2495 6887 2232 2495 6888 2233 2497 6889 2264 2496 6890 2265 2498 6891 2264 2496 6892 2233 2497 6893 2233 2497 6894 2234 2499 6895 2265 2498 6896 2266 2500 6897 2265 2498 6898 2234 2499 6899 2235 2501 6900 2236 2502 6901 2267 2503 6902 2268 2504 6903 2267 2503 6904 2236 2502 6905 2236 2502 6906 2237 2505 6907 2268 2504 6908 2269 2506 6909 2268 2504 6910 2237 2505 6911 2237 2505 6912 2238 2507 6913 2269 2506 6914 2270 2508 6915 2269 2506 6916 2238 2507 6917 2238 2507 6918 2239 2509 6919 2270 2508 6920 2271 2510 6921 2270 2508 6922 2239 2509 6923 2239 2509 6924 2240 2511 6925 2271 2510 6926 2272 2512 6927 2271 2510 6928 2240 2511 6929 2240 2513 6930 2241 2514 6931 2272 2513 6932 2273 2515 6933 2272 2516 6934 2241 2517 6935 2241 2518 6936 2242 2519 6937 2273 2520 6938 2274 2521 6939 2273 2520 6940 2242 2519 6941 2242 2519 6942 2243 2522 6943 2274 2521 6944 2275 2523 6945 2274 2521 6946 2243 2522 6947 2243 2522 6948 2244 2524 6949 2275 2523 6950 2276 2525 6951 2275 2523 6952 2244 2524 6953 2244 2524 6954 2245 2526 6955 2276 2525 6956 2277 2527 6957 2276 2525 6958 2245 2526 6959 2245 2526 6960 2246 2528 6961 2277 2527 6962 2278 2529 6963 2277 2527 6964 2246 2528 6965 2246 2528 6966 2247 2530 6967 2278 2529 6968 2279 2531 6969 2278 2529 6970 2247 2530 6971 2247 2530 6972 2248 2532 6973 2279 2531 6974 2280 2533 6975 2279 2531 6976 2248 2532 6977 2248 2532 6978 2249 2534 6979 2280 2533 6980 2281 2535 6981 2280 2533 6982 2249 2534 6983 2249 2534 6984 2218 2536 6985 2281 2535 6986 2250 2537 6987 2281 2535 6988 2218 2536 6989 2282 2213 6990 2283 2538 6991 2316 2539 6992 2317 2210 6993 2316 2540 6994 2283 2541 6995 2283 2542 6996 2284 2543 6997 2317 2544 6998 2318 2545 6999 2317 2544 7000 2284 2543 7001 2284 2543 7002 2285 2546 7003 2318 2545 7004 2319 2547 7005 2318 2545 7006 2285 2546 7007 2285 2546 7008 2286 2548 7009 2319 2547 7010 2320 2549 7011 2319 2547 7012 2286 2548 7013 2286 2548 7014 2287 2550 7015 2320 2549 7016 2321 2551 7017 2320 2549 7018 2287 2550 7019 2287 2550 7020 2288 2552 7021 2321 2551 7022 2322 2553 7023 2321 2551 7024 2288 2552 7025 2288 2552 7026 2289 2554 7027 2322 2553 7028 2323 2555 7029 2322 2553 7030 2289 2554 7031 2289 2554 7032 2290 2556 7033 2323 2555 7034 2324 2557 7035 2323 2555 7036 2290 2556 7037 2291 2558 7038 2292 2559 7039 2325 2560 7040 2326 2561 7041 2325 2562 7042 2292 2561 7043 2293 2563 7044 2294 2563 7045 2327 2563 7046 2328 2564 7047 2327 2564 7048 2294 2564 7049 2294 2565 7050 2295 2566 7051 2328 2567 7052 2329 2568 7053 2328 2569 7054 2295 2570 7055 2295 2571 7056 2296 2572 7057 2329 2573 7058 2330 2574 7059 2329 2573 7060 2296 2572 7061 2296 2572 7062 2297 2575 7063 2330 2574 7064 2331 2576 7065 2330 2574 7066 2297 2575 7067 2297 2575 7068 2298 2577 7069 2331 2576 7070 2332 2578 7071 2331 2576 7072 2298 2577 7073 2298 2579 7074 2299 2580 7075 2332 2581 7076 2333 2582 7077 2332 2583 7078 2299 2584 7079 2300 2585 7080 2301 2586 7081 2334 2585 7082 2335 2587 7083 2334 2588 7084 2301 2589 7085 2301 2590 7086 2302 2591 7087 2335 2592 7088 2336 2593 7089 2335 2592 7090 2302 2591 7091 2302 2591 7092 2303 2594 7093 2336 2593 7094 2337 2595 7095 2336 2593 7096 2303 2594 7097 2303 2594 7098 2304 2596 7099 2337 2595 7100 2338 2597 7101 2337 2595 7102 2304 2596 7103 2304 2598 7104 2305 2599 7105 2338 2600 7106 2339 2601 7107 2338 2602 7108 2305 2603 7109 2305 2604 7110 2306 2604 7111 2339 2604 7112 2340 2605 7113 2339 2605 7114 2306 2605 7115 2307 2606 7116 2308 2607 7117 2341 2606 7118 2342 2608 7119 2341 2609 7120 2308 2610 7121 2309 2611 7122 2310 2612 7123 2343 2613 7124 2344 2614 7125 2343 2613 7126 2310 2612 7127 2310 2612 7128 2311 2615 7129 2344 2614 7130 2345 2616 7131 2344 2614 7132 2311 2615 7133 2311 2615 7134 2312 2617 7135 2345 2616 7136 2346 2618 7137 2345 2616 7138 2312 2617 7139 2312 2617 7140 2313 2619 7141 2346 2618 7142 2347 2620 7143 2346 2618 7144 2313 2619 7145 2313 2619 7146 2314 2621 7147 2347 2620 7148 2348 2622 7149 2347 2620 7150 2314 2621 7151 2314 2621 7152 2315 2623 7153 2348 2622 7154 2349 2624 7155 2348 2622 7156 2315 2623 7157 2315 2623 7158 2282 2625 7159 2349 2624 7160 2316 2626 7161 2349 2624 7162 2282 2625 7163</p>
        </triangles>
      </mesh>
    </geometry>
  </library_geometries>
  <library_visual_scenes>
    <visual_scene id="Scene" name="Scene">
      <node id="___ARD-node" name="___ARD-node" type="NODE">
        <matrix sid="transform">0.001394128 0 0 0 0 -0.001811599 1.48879e-10 0 0 -7.91875e-11 -0.003405962 0 0 0 0 1</matrix>
        <instance_geometry url="#___ARD-geom-mesh" name="___ARD-node">
          <bind_material>
            <technique_common>
              <instance_material symbol="___ARD_front-material" target="#___ARD_front-material">
                <bind_vertex_input semantic="___ARD-geom-tcs" input_semantic="TEXCOORD" input_set="0"/>
              </instance_material>
              <instance_material symbol="___ARD_back-material" target="#___ARD_back-material">
                <bind_vertex_input semantic="___ARD-geom-tcs" input_semantic="TEXCOORD" input_set="0"/>
              </instance_material>
              <instance_material symbol="___ARD_edge-material" target="#___ARD_edge-material">
                <bind_vertex_input semantic="___ARD-geom-tcs" input_semantic="TEXCOORD" input_set="0"/>
              </instance_material>
            </technique_common>
          </bind_material>
        </instance_geometry>
      </node>
    </visual_scene>
  </library_visual_scenes>
  <scene>
    <instance_visual_scene url="#Scene"/>
  </scene>
</COLLADA>