<?xml version="1.0" encoding="utf-8"?>
<COLLADA xmlns="http://www.collada.org/2005/11/COLLADASchema" version="1.4.1" xmlns:xsi="http://www.w3.org/2001/XMLSchema-instance">
  <asset>
    <contributor>
      <author>Blender User</author>
      <authoring_tool>Blender 2.83.20 commit date:2022-04-19, commit time:16:00, hash:a56e2faeb7a9</authoring_tool>
    </contributor>
    <created>2026-07-16T15:58:37</created>
    <modified>2026-07-16T15:58:37</modified>
    <unit name="meter" meter="1"/>
    <up_axis>Z_UP</up_axis>
  </asset>
  <library_effects>
    <effect id="Material_002-effect">
      <profile_COMMON>
        <technique sid="common">
          <lambert>
            <emission>
              <color sid="emission">0 0 0 1</color>
            </emission>
            <diffuse>
              <color sid="diffuse">0 0 0 1</color>
            </diffuse>
            <reflectivity>
              <float sid="specular">0.5</float>
            </reflectivity>
          </lambert>
        </technique>
      </profile_COMMON>
    </effect>
  </library_effects>
  <library_images/>
  <library_materials>
    <material id="Material_002-material" name="Material.002">
      <instance_effect url="#Material_002-effect"/>
    </material>
  </library_materials>
  <library_geometries>
    <geometry id="Cylinder-mesh" name="Cylinder">
      <mesh>
        <source id="Cylinder-mesh-positions">
          <float_array id="Cylinder-mesh-positions-array" count="1536">0 0.1 -0.04999995 0 0.1 0.04999995 0.002454102 0.09996986 -0.04999995 0.002454102 0.09996986 0.04999995 0.004906713 0.0998795 -0.04999995 0.004906713 0.0998795 0.04999995 0.007356405 0.099729 -0.04999995 0.007356405 0.099729 0.04999995 0.009801685 0.09951847 -0.04999995 0.009801685 0.09951847 0.04999995 0.01224106 0.09924793 -0.04999995 0.01224106 0.09924793 0.04999995 0.01467299 0.09891766 -0.04999995 0.01467299 0.09891766 0.04999995 0.01709616 0.09852772 -0.04999995 0.01709616 0.09852772 0.04999995 0.01950901 0.09807848 -0.04999995 0.01950901 0.09807848 0.04999995 0.02191007 0.09757018 -0.04999995 0.02191007 0.09757018 0.04999995 0.02429801 0.0970031 -0.04999995 0.02429801 0.0970031 0.04999995 0.02667123 0.09637761 -0.04999995 0.02667123 0.09637761 0.04999995 0.02902841 0.095694 -0.04999995 0.02902841 0.095694 0.04999995 0.03136813 0.09495282 -0.04999995 0.03136813 0.09495282 0.04999995 0.03368896 0.09415441 -0.04999995 0.03368896 0.09415441 0.04999995 0.03598946 0.09329926 -0.04999995 0.03598946 0.09329926 0.04999995 0.03826832 0.09238791 -0.04999995 0.03826832 0.09238791 0.04999995 0.04052412 0.09142094 -0.04999995 0.04052412 0.09142094 0.04999995 0.04275548 0.0903989 -0.04999995 0.04275548 0.0903989 0.04999995 0.04496109 0.08932238 -0.04999995 0.04496109 0.08932238 0.04999995 0.04713964 0.0881921 -0.04999995 0.04713964 0.0881921 0.04999995 0.04928982 0.08700865 -0.04999995 0.04928982 0.08700865 0.04999995 0.05141025 0.08577281 -0.04999995 0.05141025 0.08577281 0.04999995 0.05349975 0.08448535 -0.04999995 0.05349975 0.08448535 0.04999995 0.05555701 0.08314692 -0.04999995 0.05555701 0.08314692 0.04999995 0.05758082 0.08175843 -0.04999995 0.05758082 0.08175843 0.04999995 0.05956989 0.08032071 -0.04999995 0.05956989 0.08032071 0.04999995 0.06152313 0.07883459 -0.04999995 0.06152313 0.07883459 0.04999995 0.0634393 0.07730102 -0.04999995 0.0634393 0.07730102 0.04999995 0.06531727 0.07572084 -0.04999995 0.06531727 0.07572084 0.04999995 0.06715589 0.07409507 -0.04999995 0.06715589 0.07409507 0.04999995 0.06895405 0.0724247 -0.04999995 0.06895405 0.0724247 0.04999995 0.07071065 0.07071065 -0.04999995 0.07071065 0.07071065 0.04999995 0.0724247 0.06895405 -0.04999995 0.0724247 0.06895405 0.04999995 0.07409512 0.06715583 -0.04999995 0.07409512 0.06715583 0.04999995 0.0757209 0.06531727 -0.04999995 0.0757209 0.06531727 0.04999995 0.07730102 0.0634393 -0.04999995 0.07730102 0.0634393 0.04999995 0.07883465 0.06152313 -0.04999995 0.07883465 0.06152313 0.04999995 0.08032077 0.05956989 -0.04999995 0.08032077 0.05956989 0.04999995 0.08175849 0.05758076 -0.04999995 0.08175849 0.05758076 0.04999995 0.08314698 0.05555695 -0.04999995 0.08314698 0.05555695 0.04999995 0.08448535 0.05349969 -0.04999995 0.08448535 0.05349969 0.04999995 0.08577287 0.05141025 -0.04999995 0.08577287 0.05141025 0.04999995 0.08700871 0.04928976 -0.04999995 0.08700871 0.04928976 0.04999995 0.0881921 0.04713964 -0.04999995 0.0881921 0.04713964 0.04999995 0.08932238 0.04496109 -0.04999995 0.08932238 0.04496109 0.04999995 0.0903989 0.04275548 -0.04999995 0.0903989 0.04275548 0.04999995 0.09142094 0.04052412 -0.04999995 0.09142094 0.04052412 0.04999995 0.09238791 0.03826832 -0.04999995 0.09238791 0.03826832 0.04999995 0.09329926 0.03598952 -0.04999995 0.09329926 0.03598952 0.04999995 0.09415435 0.03368896 -0.04999995 0.09415435 0.03368896 0.04999995 0.09495282 0.03136819 -0.04999995 0.09495282 0.03136819 0.04999995 0.095694 0.02902847 -0.04999995 0.095694 0.02902847 0.04999995 0.09637761 0.02667129 -0.04999995 0.09637761 0.02667129 0.04999995 0.0970031 0.02429801 -0.04999995 0.0970031 0.02429801 0.04999995 0.09757018 0.02191013 -0.04999995 0.09757018 0.02191013 0.04999995 0.09807848 0.01950907 -0.04999995 0.09807848 0.01950907 0.04999995 0.09852772 0.01709622 -0.04999995 0.09852772 0.01709622 0.04999995 0.0989176 0.01467305 -0.04999995 0.0989176 0.01467305 0.04999995 0.09924793 0.01224112 -0.04999995 0.09924793 0.01224112 0.04999995 0.09951847 0.009801745 -0.04999995 0.09951847 0.009801745 0.04999995 0.099729 0.007356524 -0.04999995 0.099729 0.007356524 0.04999995 0.0998795 0.004906833 -0.04999995 0.0998795 0.004906833 0.04999995 0.09996986 0.002454161 -0.04999995 0.09996986 0.002454161 0.04999995 0.1 0 -0.04999995 0.1 0 0.04999995 0.09996986 -0.002453982 -0.04999995 0.09996986 -0.002453982 0.04999995 0.09987956 -0.004906654 -0.04999995 0.09987956 -0.004906654 0.04999995 0.09972906 -0.007356345 -0.04999995 0.09972906 -0.007356345 0.04999995 0.09951847 -0.009801566 -0.04999995 0.09951847 -0.009801566 0.04999995 0.09924793 -0.01224094 -0.04999995 0.09924793 -0.01224094 0.04999995 0.09891766 -0.01467287 -0.04999995 0.09891766 -0.01467287 0.04999995 0.09852778 -0.01709604 -0.04999995 0.09852778 -0.01709604 0.04999995 0.09807854 -0.01950889 -0.04999995 0.09807854 -0.01950889 0.04999995 0.09757024 -0.02190995 -0.04999995 0.09757024 -0.02190995 0.04999995 0.09700316 -0.02429783 -0.04999995 0.09700316 -0.02429783 0.04999995 0.09637761 -0.02667111 -0.04999995 0.09637761 -0.02667111 0.04999995 0.09569406 -0.02902829 -0.04999995 0.09569406 -0.02902829 0.04999995 0.09495288 -0.03136801 -0.04999995 0.09495288 -0.03136801 0.04999995 0.09415441 -0.03368878 -0.04999995 0.09415441 -0.03368878 0.04999995 0.09329932 -0.03598934 -0.04999995 0.09329932 -0.03598934 0.04999995 0.09238797 -0.03826814 -0.04999995 0.09238797 -0.03826814 0.04999995 0.091421 -0.04052394 -0.04999995 0.091421 -0.04052394 0.04999995 0.09039896 -0.0427553 -0.04999995 0.09039896 -0.0427553 0.04999995 0.0893225 -0.04496097 -0.04999995 0.0893225 -0.04496097 0.04999995 0.08819216 -0.04713952 -0.04999995 0.08819216 -0.04713952 0.04999995 0.08700877 -0.04928964 -0.04999995 0.08700877 -0.04928964 0.04999995 0.08577293 -0.05141013 -0.04999995 0.08577293 -0.05141013 0.04999995 0.08448541 -0.05349963 -0.04999995 0.08448541 -0.05349963 0.04999995 0.08314698 -0.05555689 -0.04999995 0.08314698 -0.05555689 0.04999995 0.08175855 -0.0575807 -0.04999995 0.08175855 -0.0575807 0.04999995 0.08032083 -0.05956983 -0.04999995 0.08032083 -0.05956983 0.04999995 0.07883471 -0.06152307 -0.04999995 0.07883471 -0.06152307 0.04999995 0.07730108 -0.06343924 -0.04999995 0.07730108 -0.06343924 0.04999995 0.0757209 -0.06531721 -0.04999995 0.0757209 -0.06531721 0.04999995 0.07409512 -0.06715583 -0.04999995 0.07409512 -0.06715583 0.04999995 0.07242476 -0.06895399 -0.04999995 0.07242476 -0.06895399 0.04999995 0.07071071 -0.07071059 -0.04999995 0.07071071 -0.07071059 0.04999995 0.06895411 -0.07242465 -0.04999995 0.06895411 -0.07242465 0.04999995 0.06715589 -0.07409507 -0.04999995 0.06715589 -0.07409507 0.04999995 0.06531733 -0.07572084 -0.04999995 0.06531733 -0.07572084 0.04999995 0.06343936 -0.07730102 -0.04999995 0.06343936 -0.07730102 0.04999995 0.06152313 -0.07883459 -0.04999995 0.06152313 -0.07883459 0.04999995 0.05956995 -0.08032071 -0.04999995 0.05956995 -0.08032071 0.04999995 0.05758082 -0.08175843 -0.04999995 0.05758082 -0.08175843 0.04999995 0.05555701 -0.08314692 -0.04999995 0.05555701 -0.08314692 0.04999995 0.05349975 -0.08448535 -0.04999995 0.05349975 -0.08448535 0.04999995 0.05141025 -0.08577287 -0.04999995 0.05141025 -0.08577287 0.04999995 0.04928976 -0.08700871 -0.04999995 0.04928976 -0.08700871 0.04999995 0.04713964 -0.0881921 -0.04999995 0.04713964 -0.0881921 0.04999995 0.04496109 -0.08932244 -0.04999995 0.04496109 -0.08932244 0.04999995 0.04275548 -0.0903989 -0.04999995 0.04275548 -0.0903989 0.04999995 0.04052406 -0.09142094 -0.04999995 0.04052406 -0.09142094 0.04999995 0.03826826 -0.09238797 -0.04999995 0.03826826 -0.09238797 0.04999995 0.03598946 -0.09329926 -0.04999995 0.03598946 -0.09329926 0.04999995 0.0336889 -0.09415441 -0.04999995 0.0336889 -0.09415441 0.04999995 0.03136807 -0.09495282 -0.04999995 0.03136807 -0.09495282 0.04999995 0.02902835 -0.09569406 -0.04999995 0.02902835 -0.09569406 0.04999995 0.02667117 -0.09637761 -0.04999995 0.02667117 -0.09637761 0.04999995 0.02429789 -0.0970031 -0.04999995 0.02429789 -0.0970031 0.04999995 0.02191001 -0.09757024 -0.04999995 0.02191001 -0.09757024 0.04999995 0.01950889 -0.09807854 -0.04999995 0.01950889 -0.09807854 0.04999995 0.01709604 -0.09852778 -0.04999995 0.01709604 -0.09852778 0.04999995 0.01467293 -0.09891766 -0.04999995 0.01467293 -0.09891766 0.04999995 0.01224094 -0.09924793 -0.04999995 0.01224094 -0.09924793 0.04999995 0.009801566 -0.09951847 -0.04999995 0.009801566 -0.09951847 0.04999995 0.007356286 -0.09972906 -0.04999995 0.007356286 -0.09972906 0.04999995 0.004906594 -0.09987956 -0.04999995 0.004906594 -0.09987956 0.04999995 0.002453923 -0.09996986 -0.04999995 0.002453923 -0.09996986 0.04999995 -1.51793e-7 -0.1 -0.04999995 -1.51793e-7 -0.1 0.04999995 -0.00245428 -0.09996986 -0.04999995 -0.00245428 -0.09996986 0.04999995 -0.004906892 -0.0998795 -0.04999995 -0.004906892 -0.0998795 0.04999995 -0.007356584 -0.099729 -0.04999995 -0.007356584 -0.099729 0.04999995 -0.009801864 -0.09951841 -0.04999995 -0.009801864 -0.09951841 0.04999995 -0.01224124 -0.09924793 -0.04999995 -0.01224124 -0.09924793 0.04999995 -0.01467323 -0.0989176 -0.04999995 -0.01467323 -0.0989176 0.04999995 -0.01709634 -0.09852772 -0.04999995 -0.01709634 -0.09852772 0.04999995 -0.01950919 -0.09807848 -0.04999995 -0.01950919 -0.09807848 0.04999995 -0.0219103 -0.09757018 -0.04999995 -0.0219103 -0.09757018 0.04999995 -0.02429819 -0.09700304 -0.04999995 -0.02429819 -0.09700304 0.04999995 -0.02667146 -0.09637755 -0.04999995 -0.02667146 -0.09637755 0.04999995 -0.02902865 -0.09569394 -0.04999995 -0.02902865 -0.09569394 0.04999995 -0.03136837 -0.0949527 -0.04999995 -0.03136837 -0.0949527 0.04999995 -0.0336892 -0.09415429 -0.04999995 -0.0336892 -0.09415429 0.04999995 -0.0359897 -0.09329915 -0.04999995 -0.0359897 -0.09329915 0.04999995 -0.03826856 -0.09238785 -0.04999995 -0.03826856 -0.09238785 0.04999995 -0.04052436 -0.09142082 -0.04999995 -0.04052436 -0.09142082 0.04999995 -0.04275572 -0.09039878 -0.04999995 -0.04275572 -0.09039878 0.04999995 -0.04496139 -0.08932226 -0.04999995 -0.04496139 -0.08932226 0.04999995 -0.04713988 -0.08819198 -0.04999995 -0.04713988 -0.08819198 0.04999995 -0.04929006 -0.08700853 -0.04999995 -0.04929006 -0.08700853 0.04999995 -0.05141049 -0.08577269 -0.04999995 -0.05141049 -0.08577269 0.04999995 -0.05349999 -0.08448517 -0.04999995 -0.05349999 -0.08448517 0.04999995 -0.05555725 -0.08314675 -0.04999995 -0.05555725 -0.08314675 0.04999995 -0.05758106 -0.08175826 -0.04999995 -0.05758106 -0.08175826 0.04999995 -0.05957019 -0.08032053 -0.04999995 -0.05957019 -0.08032053 0.04999995 -0.06152337 -0.07883441 -0.04999995 -0.06152337 -0.07883441 0.04999995 -0.0634396 -0.07730078 -0.04999995 -0.0634396 -0.07730078 0.04999995 -0.06531751 -0.07572066 -0.04999995 -0.06531751 -0.07572066 0.04999995 -0.06715613 -0.07409483 -0.04999995 -0.06715613 -0.07409483 0.04999995 -0.06895428 -0.07242441 -0.04999995 -0.06895428 -0.07242441 0.04999995 -0.07071095 -0.07071042 -0.04999995 -0.07071095 -0.07071042 0.04999995 -0.07242494 -0.06895375 -0.04999995 -0.07242494 -0.06895375 0.04999995 -0.07409536 -0.06715559 -0.04999995 -0.07409536 -0.06715559 0.04999995 -0.07572108 -0.06531697 -0.04999995 -0.07572108 -0.06531697 0.04999995 -0.07730126 -0.06343901 -0.04999995 -0.07730126 -0.06343901 0.04999995 -0.07883489 -0.06152284 -0.04999995 -0.07883489 -0.06152284 0.04999995 -0.08032095 -0.05956959 -0.04999995 -0.08032095 -0.05956959 0.04999995 -0.08175867 -0.05758047 -0.04999995 -0.08175867 -0.05758047 0.04999995 -0.08314716 -0.05555665 -0.04999995 -0.08314716 -0.05555665 0.04999995 -0.08448559 -0.0534994 -0.04999995 -0.08448559 -0.0534994 0.04999995 -0.08577305 -0.0514099 -0.04999995 -0.08577305 -0.0514099 0.04999995 -0.08700889 -0.0492894 -0.04999995 -0.08700889 -0.0492894 0.04999995 -0.08819234 -0.04713928 -0.04999995 -0.08819234 -0.04713928 0.04999995 -0.08932262 -0.04496073 -0.04999995 -0.08932262 -0.04496073 0.04999995 -0.09039908 -0.04275506 -0.04999995 -0.09039908 -0.04275506 0.04999995 -0.09142112 -0.0405237 -0.04999995 -0.09142112 -0.0405237 0.04999995 -0.09238809 -0.03826791 -0.04999995 -0.09238809 -0.03826791 0.04999995 -0.09329944 -0.03598904 -0.04999995 -0.09329944 -0.03598904 0.04999995 -0.09415453 -0.03368848 -0.04999995 -0.09415453 -0.03368848 0.04999995 -0.09495294 -0.03136771 -0.04999995 -0.09495294 -0.03136771 0.04999995 -0.09569418 -0.02902799 -0.04999995 -0.09569418 -0.02902799 0.04999995 -0.09637773 -0.02667075 -0.04999995 -0.09637773 -0.02667075 0.04999995 -0.09700322 -0.02429753 -0.04999995 -0.09700322 -0.02429753 0.04999995 -0.0975703 -0.02190959 -0.04999995 -0.0975703 -0.02190959 0.04999995 -0.0980786 -0.01950848 -0.04999995 -0.0980786 -0.01950848 0.04999995 -0.09852784 -0.01709562 -0.04999995 -0.09852784 -0.01709562 0.04999995 -0.09891772 -0.01467251 -0.04999995 -0.09891772 -0.01467251 0.04999995 -0.09924799 -0.01224052 -0.04999995 -0.09924799 -0.01224052 0.04999995 -0.09951853 -0.009801149 -0.04999995 -0.09951853 -0.009801149 0.04999995 -0.09972906 -0.007355868 -0.04999995 -0.09972906 -0.007355868 0.04999995 -0.09987956 -0.004906177 -0.04999995 -0.09987956 -0.004906177 0.04999995 -0.09996986 -0.002453505 -0.04999995 -0.09996986 -0.002453505 0.04999995 -0.1 5.73397e-7 -0.04999995 -0.1 5.73397e-7 0.04999995 -0.09996986 0.002454698 -0.04999995 -0.09996986 0.002454698 0.04999995 -0.0998795 0.00490731 -0.04999995 -0.0998795 0.00490731 0.04999995 -0.099729 0.007357001 -0.04999995 -0.099729 0.007357001 0.04999995 -0.09951841 0.009802281 -0.04999995 -0.09951841 0.009802281 0.04999995 -0.09924787 0.01224166 -0.04999995 -0.09924787 0.01224166 0.04999995 -0.09891754 0.01467365 -0.04999995 -0.09891754 0.01467365 0.04999995 -0.09852766 0.01709675 -0.04999995 -0.09852766 0.01709675 0.04999995 -0.09807837 0.01950961 -0.04999995 -0.09807837 0.01950961 0.04999995 -0.09757006 0.02191072 -0.04999995 -0.09757006 0.02191072 0.04999995 -0.09700298 0.0242986 -0.04999995 -0.09700298 0.0242986 0.04999995 -0.09637743 0.02667188 -0.04999995 -0.09637743 0.02667188 0.04999995 -0.09569382 0.02902907 -0.04999995 -0.09569382 0.02902907 0.04999995 -0.09495258 0.03136879 -0.04999995 -0.09495258 0.03136879 0.04999995 -0.09415417 0.03368961 -0.04999995 -0.09415417 0.03368961 0.04999995 -0.09329903 0.03599011 -0.04999995 -0.09329903 0.03599011 0.04999995 -0.09238767 0.03826892 -0.04999995 -0.09238767 0.03826892 0.04999995 -0.09142071 0.04052472 -0.04999995 -0.09142071 0.04052472 0.04999995 -0.0903986 0.04275614 -0.04999995 -0.0903986 0.04275614 0.04999995 -0.08932209 0.04496175 -0.04999995 -0.08932209 0.04496175 0.04999995 -0.08819174 0.0471403 -0.04999995 -0.08819174 0.0471403 0.04999995 -0.08700835 0.04929041 -0.04999995 -0.08700835 0.04929041 0.04999995 -0.08577245 0.05141085 -0.04999995 -0.08577245 0.05141085 0.04999995 -0.08448493 0.05350035 -0.04999995 -0.08448493 0.05350035 0.04999995 -0.08314651 0.0555576 -0.04999995 -0.08314651 0.0555576 0.04999995 -0.08175802 0.05758142 -0.04999995 -0.08175802 0.05758142 0.04999995 -0.08032029 0.05957049 -0.04999995 -0.08032029 0.05957049 0.04999995 -0.07883417 0.06152373 -0.04999995 -0.07883417 0.06152373 0.04999995 -0.07730054 0.0634399 -0.04999995 -0.07730054 0.0634399 0.04999995 -0.07572036 0.06531786 -0.04999995 -0.07572036 0.06531786 0.04999995 -0.07409459 0.06715643 -0.04999995 -0.07409459 0.06715643 0.04999995 -0.07242417 0.06895458 -0.04999995 -0.07242417 0.06895458 0.04999995 -0.07071012 0.07071125 -0.04999995 -0.07071012 0.07071125 0.04999995 -0.06895345 0.07242524 -0.04999995 -0.06895345 0.07242524 0.04999995 -0.0671553 0.07409566 -0.04999995 -0.0671553 0.07409566 0.04999995 -0.06531667 0.07572138 -0.04999995 -0.06531667 0.07572138 0.04999995 -0.06343865 0.07730156 -0.04999995 -0.06343865 0.07730156 0.04999995 -0.06152248 0.07883512 -0.04999995 -0.06152248 0.07883512 0.04999995 -0.05956923 0.08032125 -0.04999995 -0.05956923 0.08032125 0.04999995 -0.05758011 0.08175897 -0.04999995 -0.05758011 0.08175897 0.04999995 -0.05555629 0.0831474 -0.04999995 -0.05555629 0.0831474 0.04999995 -0.05349904 0.08448582 -0.04999995 -0.05349904 0.08448582 0.04999995 -0.05140948 0.08577328 -0.04999995 -0.05140948 0.08577328 0.04999995 -0.04928904 0.08700913 -0.04999995 -0.04928904 0.08700913 0.04999995 -0.04713886 0.08819252 -0.04999995 -0.04713886 0.08819252 0.04999995 -0.04496031 0.0893228 -0.04999995 -0.04496031 0.0893228 0.04999995 -0.04275465 0.09039932 -0.04999995 -0.04275465 0.09039932 0.04999995 -0.04052329 0.0914213 -0.04999995 -0.04052329 0.0914213 0.04999995 -0.03826749 0.09238827 -0.04999995 -0.03826749 0.09238827 0.04999995 -0.03598862 0.09329956 -0.04999995 -0.03598862 0.09329956 0.04999995 -0.03368806 0.09415471 -0.04999995 -0.03368806 0.09415471 0.04999995 -0.03136724 0.09495311 -0.04999995 -0.03136724 0.09495311 0.04999995 -0.02902752 0.0956943 -0.04999995 -0.02902752 0.0956943 0.04999995 -0.02667033 0.09637784 -0.04999995 -0.02667033 0.09637784 0.04999995 -0.02429705 0.09700334 -0.04999995 -0.02429705 0.09700334 0.04999995 -0.02190917 0.09757041 -0.04999995 -0.02190917 0.09757041 0.04999995 -0.01950806 0.09807872 -0.04999995 -0.01950806 0.09807872 0.04999995 -0.0170952 0.0985279 -0.04999995 -0.0170952 0.0985279 0.04999995 -0.01467204 0.09891778 -0.04999995 -0.01467204 0.09891778 0.04999995 -0.01224005 0.09924805 -0.04999995 -0.01224005 0.09924805 0.04999995 -0.009800672 0.09951853 -0.04999995 -0.009800672 0.09951853 0.04999995 -0.007355451 0.09972912 -0.04999995 -0.007355451 0.09972912 0.04999995 -0.00490576 0.09987956 -0.04999995 -0.00490576 0.09987956 0.04999995 -0.002453088 0.09996986 -0.04999995 -0.002453088 0.09996986 0.04999995</float_array>
          <technique_common>
            <accessor source="#Cylinder-mesh-positions-array" count="512" stride="3">
              <param name="X" type="float"/>
              <param name="Y" type="float"/>
              <param name="Z" type="float"/>
            </accessor>
          </technique_common>
        </source>
        <source id="Cylinder-mesh-normals">
          <float_array id="Cylinder-mesh-normals-array" count="1851">0.01227033 0.9999247 0 0.03680801 0.9993224 0 0.06132143 0.9981181 0 0.08579844 0.9963126 0 0.1102208 0.9939072 0 0.1345794 0.9909029 0 0.1588587 0.9873014 0 0.1830385 0.9831058 0 0.2071148 0.9783167 0 0.2310572 0.9729403 0 0.2548662 0.9669764 0 0.278518 0.9604311 0 0.3020075 0.9533056 0 0.3253079 0.9456082 0 0.3484186 0.9373391 0 0.3713194 0.9285053 0 0.3939924 0.9191137 0 0.4164268 0.9091692 0 0.4386156 0.8986748 0 0.4605377 0.8876402 0 0.4821842 0.87607 0 0.5035417 0.863971 0 0.5245916 0.8513541 0 0.5453259 0.8382241 0 0.5657313 0.8245897 0 0.585799 0.8104565 0 0.605511 0.795837 0 0.6248598 0.7807371 0 0.6438323 0.7651667 0 0.6624175 0.749135 0 0.6806013 0.7326541 0 0.6983775 0.7157296 0 0.71573 0.6983771 0 0.7326532 0.6806022 0 0.7491355 0.6624169 0 0.7651664 0.6438327 0 0.780737 0.6248599 0 0.7958375 0.6055105 0 0.8104547 0.5858014 0 0.8245876 0.5657343 0 0.8382233 0.5453274 0 0.8513525 0.5245942 0 0.8639709 0.5035418 0 0.8760721 0.4821801 0 0.8876414 0.4605354 0 0.8986746 0.4386159 0 0.9091669 0.416432 0 0.9191114 0.3939979 0 0.9285071 0.3713148 0 0.9373396 0.3484173 0 0.945608 0.3253086 0 0.9533052 0.3020087 0 0.9604305 0.2785197 0 0.9669787 0.2548571 0 0.9729421 0.2310493 0 0.9783172 0.207112 0 0.9831057 0.1830388 0 0.9873013 0.1588593 0 0.9909016 0.1345885 0 0.9939065 0.110227 0 0.9963133 0.0857895 0 0.9981181 0.06132155 0 0.9993221 0.0368157 0 0.9999247 0.01227188 0 0.9999247 -0.01227188 0 0.9993224 -0.03680807 0 0.9981181 -0.06132155 0 0.9963127 -0.08579707 0 0.9939073 -0.1102195 0 0.9909026 -0.1345811 0 0.9873012 -0.1588592 0 0.983107 -0.1830315 0 0.9783173 -0.2071119 0 0.9729404 -0.2310565 0 0.966977 -0.254864 0 0.9604325 -0.2785127 0 0.9533053 -0.3020083 0 0.9456081 -0.3253081 0 0.9373396 -0.3484173 0 0.9285071 -0.3713148 0 0.9191171 -0.3939845 0 0.9091706 -0.416424 0 0.8986753 -0.4386147 0 0.8876395 -0.4605389 0 0.8760704 -0.4821834 0 0.8639725 -0.5035392 0 0.8513571 -0.5245867 0 0.8382206 -0.5453312 0 0.8245881 -0.5657337 0 0.8104605 -0.5857935 0 0.7958375 -0.6055105 0 0.7807375 -0.6248591 0 0.7651676 -0.6438312 0 0.7491393 -0.6624126 0 0.7326527 -0.6806027 0 0.7157315 -0.6983756 0 0.6983737 -0.7157334 0 0.6806007 -0.7326546 0 0.6624137 -0.7491382 0 0.6438304 -0.7651683 0 0.6248617 -0.7807356 0 0.6055111 -0.7958369 0 0.5857973 -0.8104578 0 0.5657316 -0.8245896 0 0.5453259 -0.8382241 0 0.5245921 -0.8513537 0 0.50354 -0.8639719 0 0.4821842 -0.87607 0 0.4605393 -0.8876394 0 0.4386166 -0.8986743 0 0.4164294 -0.9091681 0 0.3939899 -0.9191149 0 0.3713181 -0.9285058 0 0.348418 -0.9373393 0 0.3253121 -0.9456067 0 0.3020048 -0.9533065 0 0.2785198 -0.9604305 0 0.2548629 -0.9669772 0 0.2310568 -0.9729403 0 0.2071111 -0.9783175 0 0.1830379 -0.983106 0 0.1588585 -0.9873014 0 0.1345789 -0.990903 0 0.1102204 -0.9939072 0 0.0857951 -0.9963128 0 0.06132125 -0.9981182 0 0.03680485 -0.9993225 0 0.01227033 -0.9999247 0 -0.01227331 -0.9999247 0 -0.03680789 -0.9993224 0 -0.06132429 -0.998118 0 -0.08579814 -0.9963126 0 -0.1102236 -0.9939069 0 -0.1345819 -0.9909025 0 -0.1588615 -0.9873009 0 -0.1830412 -0.9831053 0 -0.2071111 -0.9783175 0 -0.2310625 -0.972939 0 -0.2548685 -0.9669758 0 -0.2785203 -0.9604303 0 -0.3020075 -0.9533056 0 -0.3253154 -0.9456055 0 -0.3484207 -0.9373383 0 -0.3713187 -0.9285055 0 -0.3939949 -0.9191126 0 -0.4164319 -0.909167 0 -0.4386181 -0.8986736 0 -0.4605416 -0.8876381 0 -0.4821849 -0.8760696 0 -0.5035407 -0.8639716 0 -0.5245904 -0.8513548 0 -0.545328 -0.8382227 0 -0.5657337 -0.8245881 0 -0.5857992 -0.8104563 0 -0.605513 -0.7958355 0 -0.6248617 -0.7807356 0 -0.6438341 -0.7651651 0 -0.6624246 -0.7491286 0 -0.6806007 -0.7326546 0 -0.6983753 -0.7157318 0 -0.7157349 -0.6983721 0 -0.7326546 -0.6806007 0 -0.7491366 -0.6624156 0 -0.7651726 -0.6438252 0 -0.7807388 -0.6248577 0 -0.7958379 -0.6055097 0 -0.8104599 -0.5857942 0 -0.8245896 -0.5657315 0 -0.8382281 -0.5453199 0 -0.8513614 -0.5245798 0 -0.8639725 -0.5035392 0 -0.8760704 -0.4821834 0 -0.8876395 -0.4605389 0 -0.8986759 -0.4386135 0 -0.9091706 -0.416424 0 -0.9191153 -0.3939887 0 -0.9285079 -0.3713127 0 -0.9373403 -0.3484153 0 -0.9456087 -0.3253062 0 -0.953308 -0.3019998 0 -0.960431 -0.2785183 0 -0.9669773 -0.2548627 0 -0.9729407 -0.2310552 0 -0.9783191 -0.2071036 0 -0.983106 -0.1830379 0 -0.9873026 -0.158851 0 -0.9909038 -0.1345729 0 -0.9939066 -0.1102264 0 -0.9963134 -0.08578908 0 -0.9981186 -0.06131368 0 -0.9993227 -0.03680032 0 -0.9999248 -0.01226425 0 -0.9999246 0.01227939 0 -0.9993224 0.03680795 0 -0.9981176 0.06132882 0 -0.9963127 0.08579671 0 -0.9939065 0.1102265 0 -0.9909027 0.1345806 0 -0.9873002 0.1588662 0 -0.9831045 0.1830455 0 -0.9783174 0.2071112 0 -0.9729388 0.231063 0 -0.9669752 0.2548706 0 -0.9604307 0.2785191 0 -0.9533033 0.3020147 0 -0.9456061 0.3253139 0 -0.9373373 0.3484234 0 -0.9285047 0.3713208 0 -0.9191116 0.3939974 0 -0.9091643 0.4164378 0 -0.8986716 0.438622 0 -0.8876359 0.4605461 0 -0.8760658 0.4821918 0 -0.8639677 0.5035475 0 -0.85135 0.5245984 0 -0.8382189 0.5453341 0 -0.8245836 0.5657402 0 -0.8104512 0.5858064 0 -0.7958322 0.6055175 0 -0.7807345 0.6248629 0 -0.7651602 0.6438401 0 -0.7491323 0.6624205 0 -0.7326499 0.6806057 0 -0.7157267 0.6983806 0 -0.6983706 0.7157364 0 -0.680592 0.7326627 0 -0.6624103 0.7491413 0 -0.643825 0.7651729 0 -0.6248542 0.7807414 0 -0.6055054 0.7958412 0 -0.5857915 0.8104619 0 -0.5657257 0.8245935 0 -0.5453199 0.8382281 0 -0.5245821 0.8513599 0 -0.50353 0.8639779 0 -0.4821763 0.8760743 0 -0.460529 0.8876447 0 -0.4386102 0.8986775 0 -0.4164205 0.9091722 0 -0.3939819 0.9191182 0 -0.3713089 0.9285094 0 -0.3484088 0.9373428 0 -0.3253028 0.9456099 0 -0.3019949 0.9533096 0 -0.2785114 0.960433 0 -0.2548595 0.9669781 0 -0.2310477 0.9729424 0 -0.207102 0.9783194 0 -0.1830291 0.9831076 0 -0.1588494 0.9873028 0 -0.1345698 0.9909042 0 -0.1102112 0.9939082 0 -0.08578908 0.9963134 0 -0.06130909 0.9981189 0 0 0 1 -0.03679883 0.9993227 0 -0.01226627 0.9999248 0 0 0 -1 0.03680801 0.9993224 0 0.08579838 0.9963126 0 0.1102207 0.9939072 0 0.1345795 0.9909029 0 0.158859 0.9873014 0 0.1830387 0.9831058 0 0.2071144 0.9783167 0 0.2310576 0.9729402 0 0.2548666 0.9669763 0 0.2785186 0.9604309 0 0.302007 0.9533058 0 0.3253073 0.9456084 0 0.3713187 0.9285055 0 0.3939938 0.9191132 0 0.4164283 0.9091686 0 0.4605393 0.8876394 0 0.4821826 0.8760709 0 0.5035384 0.863973 0 0.5245899 0.8513551 0 0.5657296 0.8245909 0 0.5857973 0.8104578 0 0.624858 0.7807385 0 0.6624137 0.7491382 0 0.6805975 0.7326576 0 0.7157338 0.6983733 0 0.7326551 0.6806001 0 0.7491411 0.6624104 0 0.7807388 0.6248576 0 0.8104583 0.5857964 0 0.8245912 0.5657292 0 0.8382267 0.545322 0 0.8513593 0.5245832 0 0.8639742 0.5035362 0 0.876069 0.482186 0 0.8876382 0.4605413 0 0.9091697 0.4164258 0 0.9191142 0.3939915 0 0.9285045 0.3713213 0 0.9456056 0.3253154 0 0.9533074 0.3020018 0 0.9604285 0.2785267 0 0.966975 0.2548713 0 0.9729387 0.2310637 0 0.9909037 0.1345737 0 0.9963127 0.08579707 0 0.9993224 0.03680813 0 0.9993227 -0.0368005 0 0.9831057 -0.1830388 0 0.9604305 -0.2785197 0 0.9533076 -0.3020014 0 0.9285045 -0.3713213 0 0.9191116 -0.3939974 0 0.9091677 -0.4164303 0 0.8876427 -0.4605329 0 0.8639757 -0.5035336 0 0.8382276 -0.5453206 0 0.8245916 -0.5657285 0 0.8104568 -0.5857985 0 0.7958338 -0.6055153 0 0.7807395 -0.6248568 0 0.7491374 -0.6624147 0 0.7326546 -0.6806007 0 0.7157353 -0.6983717 0 0.6983775 -0.7157296 0 0.6806045 -0.7326511 0 0.6624175 -0.749135 0 0.6248598 -0.780737 0 0.6055129 -0.7958356 0 0.5453242 -0.8382253 0 0.5245904 -0.8513548 0 0.5035368 -0.8639739 0 0.4821826 -0.8760709 0 0.4605377 -0.8876402 0 0.3713174 -0.928506 0 0.3484174 -0.9373395 0 0.3020042 -0.9533066 0 0.2310572 -0.9729403 0 0.207111 -0.9783175 0 0.1588584 -0.9873014 0 0.1345792 -0.9909029 0 0.1102205 -0.9939072 0 0.0857951 -0.9963129 0 0.06132125 -0.9981181 0 0.03680491 -0.9993225 0 0.01227033 -0.9999247 0 -0.01227337 -0.9999247 0 -0.03680795 -0.9993224 0 -0.06132429 -0.998118 0 -0.1102235 -0.9939069 0 -0.134582 -0.9909025 0 -0.183041 -0.9831053 0 -0.2310629 -0.9729389 0 -0.254869 -0.9669756 0 -0.3253148 -0.9456058 0 -0.34842 -0.9373385 0 -0.3713181 -0.9285058 0 -0.3939964 -0.9191121 0 -0.4386166 -0.8986743 0 -0.4821865 -0.8760687 0 -0.5035424 -0.8639706 0 -0.5245938 -0.8513526 0 -0.5657355 -0.8245869 0 -0.585801 -0.810455 0 -0.6055166 -0.7958326 0 -0.6438304 -0.7651683 0 -0.6624209 -0.7491319 0 -0.6806045 -0.7326511 0 -0.698379 -0.7157281 0 -0.7157368 -0.6983702 0 -0.7326565 -0.6805986 0 -0.7491403 -0.6624113 0 -0.7651689 -0.6438297 0 -0.7807406 -0.6248553 0 -0.7958416 -0.6055049 0 -0.8104563 -0.5857992 0 -0.8245931 -0.5657264 0 -0.8382245 -0.5453252 0 -0.8513579 -0.5245853 0 -0.8639757 -0.5035336 0 -0.8760736 -0.4821776 0 -0.8876457 -0.460527 0 -0.960433 -0.2785113 0 -0.9669791 -0.2548556 0 -0.9783175 -0.2071108 0 -0.9831072 -0.1830306 0 -0.9873015 -0.1588584 0 -0.9939082 -0.1102114 0 -0.9981181 -0.06132125 0 -0.9999247 -0.01227182 0 -0.9993221 0.03681552 0 -0.9963114 0.08581179 0 -0.9909017 0.134588 0 -0.9783144 0.2071258 0 -0.9669733 0.2548777 0 -0.9604287 0.2785261 0 -0.9456038 0.3253207 0 -0.9191089 0.3940038 0 -0.8876389 0.4605401 0 -0.876069 0.482186 0 -0.8513533 0.5245929 0 -0.8382223 0.5453287 0 -0.8245872 0.5657351 0 -0.8104547 0.5858014 0 -0.7651582 0.6438423 0 -0.7157247 0.6983825 0 -0.6983726 0.7157345 0 -0.6805939 0.7326609 0 -0.6438231 0.7651744 0 -0.6248505 0.7807444 0 -0.565724 0.8245948 0 -0.5453182 0.8382292 0 -0.4605306 0.8876439 0 -0.4386117 0.8986767 0 -0.3939834 0.9191177 0 -0.3713102 0.9285089 0 -0.3253034 0.9456098 0 -0.2785104 0.9604333 0 -0.25486 0.966978 0 -0.1830289 0.9831076 0 -0.1588492 0.9873028 0 -0.13457 0.9909041 0 -0.1102114 0.9939082 0 -0.08578908 0.9963134 0 -0.06130915 0.9981189 0 3.077e-6 0 1 6.15157e-6 0 1 0 0 1 1.6415e-5 0 1 4.91932e-5 0 1 -9.84446e-5 0 1 3.28321e-5 0 1 -9.84155e-5 0 1 6.5662e-5 0 1 9.843e-5 0 1 -6.56556e-5 0 1 6.5641e-5 0 1 9.84382e-5 0 1 -1.96874e-4 0 1 -1.96861e-4 0 1 1.31272e-4 0 1 -1.31325e-4 0 1 -9.84361e-5 0 1 6.56373e-5 0 1 9.84397e-5 0 1 6.56577e-5 0 1 -6.56297e-5 0 1 -9.84058e-5 0 1 9.84446e-5 0 1 9.84155e-5 0 1 6.5634e-5 0 1 -9.84252e-5 0 1 9.84834e-5 0 1 4.9232e-5 0 1 -3.28084e-5 0 1 4.92417e-5 0 1 -4.92223e-5 0 1 3.2817e-5 0 1 -1.6415e-5 0 1 1.23056e-5 0 1 6.15642e-6 0 1 -1.53729e-6 0 1 -6.154e-6 0 1 1.64064e-5 0 1 -2.46111e-5 0 1 4.92029e-5 0 1 -4.92126e-5 0 1 -3.28343e-5 0 1 3.28127e-5 0 1 -9.8464e-5 0 1 -6.5634e-5 0 1 9.84058e-5 0 1 6.56297e-5 0 1 9.84543e-5 0 1 6.56642e-5 0 1 -6.56383e-5 0 1 1.31268e-4 0 1 -6.5662e-5 0 1 6.56631e-5 0 1 -9.84531e-5 0 1 -1.31276e-4 0 1 -1.31278e-4 0 1 1.96837e-4 0 1 6.56592e-5 0 1 6.56327e-5 0 1 9.84385e-5 0 1 -6.56362e-5 0 1 9.84252e-5 0 1 6.56556e-5 0 1 6.56426e-5 0 1 -4.92029e-5 0 1 -1.23056e-5 0 1 1.23031e-5 0 1 -7.69629e-7 0 1 1.64258e-5 0 1 -8.22341e-6 0 1 2.46208e-5 0 1 1.6447e-5 0 1 1.2311e-5 0 1 -8.21342e-6 0 1 3.28526e-5 0 1 -2.46207e-5 0 1 8.22368e-6 0 1 -4.11171e-6 0 1 8.21342e-6 0 1 -4.11157e-6 0 1 4.14405e-6 0 1 -6.16637e-6 0 1 4.12407e-6 0 1 1.23325e-5 0 1 -8.24816e-6 0 1 -8.24817e-6 0 1 -6.16638e-6 0 1 4.14411e-6 0 1 6.16636e-6 0 1 -8.24827e-6 0 1 1.06916e-6 0 1 -1.55277e-6 0 1 -1.06917e-6 0 1 2.09725e-6 0 1 3.99637e-7 0 1 -1.99819e-7 0 1 0 0 1 0 0 1 1.68631e-7 0 1 0 0 1 -0.03679883 0.9993227 0 2.46015e-5 0 -1 -4.92223e-5 0 -1 4.92029e-5 0 -1 -4.92029e-5 0 -1 -3.28299e-5 0 -1 -3.28321e-5 0 -1 -9.84446e-5 0 -1 9.84349e-5 0 -1 -6.56319e-5 0 -1 -6.56599e-5 0 -1 -6.56588e-5 0 -1 6.56351e-5 0 -1 1.96849e-4 0 -1 6.56616e-5 0 -1 -1.96854e-4 0 -1 -6.56572e-5 0 -1 -6.56367e-5 0 -1 9.843e-5 0 -1 -9.84204e-5 0 -1 -6.56577e-5 0 -1 9.84155e-5 0 -1 9.84058e-5 0 -1 -3.28256e-5 0 -1 6.5634e-5 0 -1 -9.84252e-5 0 -1 4.92223e-5 0 -1 -2.4616e-5 0 -1 6.15642e-6 0 -1 -6.14915e-6 0 -1 -8.20749e-6 0 -1 1.64085e-5 0 -1 -1.64085e-5 0 -1 3.2817e-5 0 -1 -6.56513e-5 0 -1 9.83961e-5 0 -1 -9.8464e-5 0 -1 9.84543e-5 0 -1 -9.843e-5 0 -1 9.84252e-5 0 -1 -1.96849e-4 0 -1 1.96829e-4 0 -1 -1.96871e-4 0 -1 1.31269e-4 0 -1 -1.31313e-4 0 -1 6.5661e-5 0 -1 9.84288e-5 0 -1 6.56367e-5 0 -1 9.84397e-5 0 -1 -6.56426e-5 0 -1 -9.84155e-5 0 -1 3.28299e-5 0 -1 -4.92514e-5 0 -1 6.56168e-5 0 -1 4.9232e-5 0 -1 -2.46111e-5 0 -1 8.20856e-6 0 -1 -6.15521e-6 0 -1 -1.23104e-5 0 -1 -8.22341e-6 0 -1 8.21369e-6 0 -1 1.64274e-5 0 -1 -1.64474e-5 0 -1 2.46218e-5 0 -1 -1.64268e-5 0 -1 -2.46208e-5 0 -1 6.15491e-6 0 -1 -2.05579e-6 0 -1 1.53895e-6 0 -1 1.64266e-5 0 -1 -1.64467e-5 0 -1 6.15521e-6 0 -1 6.16639e-6 0 -1 2.06203e-6 0 -1 -3.08307e-6 0 -1 -4.12412e-6 0 -1 6.16624e-6 0 -1 -6.1663e-6 0 -1 8.24814e-6 0 -1 -4.14406e-6 0 -1 4.12409e-6 0 -1 -1.55279e-6 0 -1 -1.06917e-6 0 -1 1.04862e-6 0 -1 -1.04861e-6 0 -1 5.34579e-7 0 -1 -1.55277e-6 0 -1 1.06916e-6 0 -1 2.67289e-7 0 -1 -2.62152e-7 0 -1 2.80675e-7 0 -1 3.99637e-7 0 -1 0 0 -1 0 0 -1</float_array>
          <technique_common>
            <accessor source="#Cylinder-mesh-normals-array" count="617" stride="3">
              <param name="X" type="float"/>
              <param name="Y" type="float"/>
              <param name="Z" type="float"/>
            </accessor>
          </technique_common>
        </source>
        <source id="Cylinder-mesh-map-0">
          <float_array id="Cylinder-mesh-map-0-array" count="6120">1 1 0.9960938 0.5 1 0.5 0.9960938 1 0.9921875 0.5 0.9960938 0.5 0.9921875 1 0.9882813 0.5 0.9921875 0.5 0.9882813 1 0.984375 0.5 0.9882813 0.5 0.984375 1 0.9804688 0.5 0.984375 0.5 0.9804688 1 0.9765625 0.5 0.9804688 0.5 0.9765625 1 0.9726563 0.5 0.9765625 0.5 0.9726563 1 0.96875 0.5 0.9726563 0.5 0.96875 1 0.9648438 0.5 0.96875 0.5 0.9648438 1 0.9609375 0.5 0.9648438 0.5 0.9609375 1 0.9570313 0.5 0.9609375 0.5 0.9570313 1 0.953125 0.5 0.9570313 0.5 0.953125 1 0.9492188 0.5 0.953125 0.5 0.9492188 1 0.9453125 0.5 0.9492188 0.5 0.9453125 1 0.9414063 0.5 0.9453125 0.5 0.9414063 1 0.9375 0.5 0.9414063 0.5 0.9375 1 0.9335938 0.5 0.9375 0.5 0.9335938 1 0.9296875 0.5 0.9335938 0.5 0.9296875 1 0.9257813 0.5 0.9296875 0.5 0.9257813 1 0.921875 0.5 0.9257813 0.5 0.921875 1 0.9179688 0.5 0.921875 0.5 0.9179688 1 0.9140625 0.5 0.9179688 0.5 0.9140625 1 0.9101563 0.5 0.9140625 0.5 0.9101563 1 0.90625 0.5 0.9101563 0.5 0.90625 1 0.9023438 0.5 0.90625 0.5 0.9023438 1 0.8984375 0.5 0.9023438 0.5 0.8984375 1 0.8945313 0.5 0.8984375 0.5 0.8945313 1 0.890625 0.5 0.8945313 0.5 0.890625 1 0.8867188 0.5 0.890625 0.5 0.8867188 1 0.8828125 0.5 0.8867188 0.5 0.8828125 1 0.8789063 0.5 0.8828125 0.5 0.8789063 1 0.875 0.5 0.8789063 0.5 0.875 1 0.8710938 0.5 0.875 0.5 0.8710938 1 0.8671875 0.5 0.8710938 0.5 0.8671875 1 0.8632813 0.5 0.8671875 0.5 0.8632813 1 0.859375 0.5 0.8632813 0.5 0.859375 1 0.8554688 0.5 0.859375 0.5 0.8554688 1 0.8515625 0.5 0.8554688 0.5 0.8515625 1 0.8476563 0.5 0.8515625 0.5 0.8476563 1 0.84375 0.5 0.8476563 0.5 0.84375 1 0.8398438 0.5 0.84375 0.5 0.8398438 1 0.8359375 0.5 0.8398438 0.5 0.8359375 1 0.8320313 0.5 0.8359375 0.5 0.8320313 1 0.828125 0.5 0.8320313 0.5 0.828125 1 0.8242188 0.5 0.828125 0.5 0.8242188 1 0.8203125 0.5 0.8242188 0.5 0.8203125 1 0.8164063 0.5 0.8203125 0.5 0.8164063 1 0.8125 0.5 0.8164063 0.5 0.8125 1 0.8085938 0.5 0.8125 0.5 0.8085938 1 0.8046875 0.5 0.8085938 0.5 0.8046875 1 0.8007813 0.5 0.8046875 0.5 0.8007813 1 0.796875 0.5 0.8007813 0.5 0.796875 1 0.7929688 0.5 0.796875 0.5 0.7929688 1 0.7890625 0.5 0.7929688 0.5 0.7890625 1 0.7851563 0.5 0.7890625 0.5 0.7851563 1 0.78125 0.5 0.7851563 0.5 0.78125 1 0.7773438 0.5 0.78125 0.5 0.7773438 1 0.7734375 0.5 0.7773438 0.5 0.7734375 1 0.7695313 0.5 0.7734375 0.5 0.7695313 1 0.765625 0.5 0.7695313 0.5 0.765625 1 0.7617188 0.5 0.765625 0.5 0.7617188 1 0.7578125 0.5 0.7617188 0.5 0.7578125 1 0.7539063 0.5 0.7578125 0.5 0.7539063 1 0.75 0.5 0.7539063 0.5 0.75 1 0.7460938 0.5 0.75 0.5 0.7460938 1 0.7421875 0.5 0.7460938 0.5 0.7421875 1 0.7382813 0.5 0.7421875 0.5 0.7382813 1 0.734375 0.5 0.7382813 0.5 0.734375 1 0.7304688 0.5 0.734375 0.5 0.7304688 1 0.7265625 0.5 0.7304688 0.5 0.7265625 1 0.7226563 0.5 0.7265625 0.5 0.7226563 1 0.71875 0.5 0.7226563 0.5 0.71875 1 0.7148438 0.5 0.71875 0.5 0.7148438 1 0.7109375 0.5 0.7148438 0.5 0.7109375 1 0.7070313 0.5 0.7109375 0.5 0.7070313 1 0.703125 0.5 0.7070313 0.5 0.703125 1 0.6992188 0.5 0.703125 0.5 0.6992188 1 0.6953125 0.5 0.6992188 0.5 0.6953125 1 0.6914063 0.5 0.6953125 0.5 0.6914063 1 0.6875 0.5 0.6914063 0.5 0.6875 1 0.6835938 0.5 0.6875 0.5 0.6835938 1 0.6796875 0.5 0.6835938 0.5 0.6796875 1 0.6757813 0.5 0.6796875 0.5 0.6757813 1 0.671875 0.5 0.6757813 0.5 0.671875 1 0.6679688 0.5 0.671875 0.5 0.6679688 1 0.6640625 0.5 0.6679688 0.5 0.6640625 1 0.6601563 0.5 0.6640625 0.5 0.6601563 1 0.65625 0.5 0.6601563 0.5 0.65625 1 0.6523438 0.5 0.65625 0.5 0.6523438 1 0.6484375 0.5 0.6523438 0.5 0.6484375 1 0.6445313 0.5 0.6484375 0.5 0.6445313 1 0.640625 0.5 0.6445313 0.5 0.640625 1 0.6367188 0.5 0.640625 0.5 0.6367188 1 0.6328125 0.5 0.6367188 0.5 0.6328125 1 0.6289063 0.5 0.6328125 0.5 0.6289063 1 0.625 0.5 0.6289063 0.5 0.625 1 0.6210938 0.5 0.625 0.5 0.6210938 1 0.6171875 0.5 0.6210938 0.5 0.6171875 1 0.6132813 0.5 0.6171875 0.5 0.6132813 1 0.609375 0.5 0.6132813 0.5 0.609375 1 0.6054688 0.5 0.609375 0.5 0.6054688 1 0.6015625 0.5 0.6054688 0.5 0.6015625 1 0.5976563 0.5 0.6015625 0.5 0.5976563 1 0.59375 0.5 0.5976563 0.5 0.59375 1 0.5898438 0.5 0.59375 0.5 0.5898438 1 0.5859375 0.5 0.5898438 0.5 0.5859375 1 0.5820313 0.5 0.5859375 0.5 0.5820313 1 0.578125 0.5 0.5820313 0.5 0.578125 1 0.5742188 0.5 0.578125 0.5 0.5742188 1 0.5703125 0.5 0.5742188 0.5 0.5703125 1 0.5664063 0.5 0.5703125 0.5 0.5664063 1 0.5625 0.5 0.5664063 0.5 0.5625 1 0.5585938 0.5 0.5625 0.5 0.5585938 1 0.5546875 0.5 0.5585938 0.5 0.5546875 1 0.5507813 0.5 0.5546875 0.5 0.5507813 1 0.546875 0.5 0.5507813 0.5 0.546875 1 0.5429688 0.5 0.546875 0.5 0.5429688 1 0.5390625 0.5 0.5429688 0.5 0.5390625 1 0.5351563 0.5 0.5390625 0.5 0.5351563 1 0.53125 0.5 0.5351563 0.5 0.53125 1 0.5273438 0.5 0.53125 0.5 0.5273438 1 0.5234375 0.5 0.5273438 0.5 0.5234375 1 0.5195313 0.5 0.5234375 0.5 0.5195313 1 0.515625 0.5 0.5195313 0.5 0.515625 1 0.5117188 0.5 0.515625 0.5 0.5117188 1 0.5078125 0.5 0.5117188 0.5 0.5078125 1 0.5039063 0.5 0.5078125 0.5 0.5039063 1 0.5 0.5 0.5039063 0.5 0.5 1 0.4960938 0.5 0.5 0.5 0.4960938 1 0.4921875 0.5 0.4960938 0.5 0.4921875 1 0.4882813 0.5 0.4921875 0.5 0.4882813 1 0.484375 0.5 0.4882813 0.5 0.484375 1 0.4804688 0.5 0.484375 0.5 0.4804688 1 0.4765625 0.5 0.4804688 0.5 0.4765625 1 0.4726563 0.5 0.4765625 0.5 0.4726563 1 0.46875 0.5 0.4726563 0.5 0.46875 1 0.4648438 0.5 0.46875 0.5 0.4648438 1 0.4609375 0.5 0.4648438 0.5 0.4609375 1 0.4570313 0.5 0.4609375 0.5 0.4570313 1 0.453125 0.5 0.4570313 0.5 0.453125 1 0.4492188 0.5 0.453125 0.5 0.4492188 1 0.4453125 0.5 0.4492188 0.5 0.4453125 1 0.4414063 0.5 0.4453125 0.5 0.4414063 1 0.4375 0.5 0.4414063 0.5 0.4375 1 0.4335938 0.5 0.4375 0.5 0.4335938 1 0.4296875 0.5 0.4335938 0.5 0.4296875 1 0.4257813 0.5 0.4296875 0.5 0.4257813 1 0.421875 0.5 0.4257813 0.5 0.421875 1 0.4179688 0.5 0.421875 0.5 0.4179688 1 0.4140625 0.5 0.4179688 0.5 0.4140625 1 0.4101563 0.5 0.4140625 0.5 0.4101563 1 0.40625 0.5 0.4101563 0.5 0.40625 1 0.4023438 0.5 0.40625 0.5 0.4023438 1 0.3984375 0.5 0.4023438 0.5 0.3984375 1 0.3945313 0.5 0.3984375 0.5 0.3945313 1 0.390625 0.5 0.3945313 0.5 0.390625 1 0.3867188 0.5 0.390625 0.5 0.3867188 1 0.3828125 0.5 0.3867188 0.5 0.3828125 1 0.3789063 0.5 0.3828125 0.5 0.3789063 1 0.375 0.5 0.3789063 0.5 0.375 1 0.3710938 0.5 0.375 0.5 0.3710938 1 0.3671875 0.5 0.3710938 0.5 0.3671875 1 0.3632813 0.5 0.3671875 0.5 0.3632813 1 0.359375 0.5 0.3632813 0.5 0.359375 1 0.3554688 0.5 0.359375 0.5 0.3554688 1 0.3515625 0.5 0.3554688 0.5 0.3515625 1 0.3476563 0.5 0.3515625 0.5 0.3476563 1 0.34375 0.5 0.3476563 0.5 0.34375 1 0.3398438 0.5 0.34375 0.5 0.3398438 1 0.3359375 0.5 0.3398438 0.5 0.3359375 1 0.3320313 0.5 0.3359375 0.5 0.3320313 1 0.328125 0.5 0.3320313 0.5 0.328125 1 0.3242188 0.5 0.328125 0.5 0.3242188 1 0.3203125 0.5 0.3242188 0.5 0.3203125 1 0.3164063 0.5 0.3203125 0.5 0.3164063 1 0.3125 0.5 0.3164063 0.5 0.3125 1 0.3085938 0.5 0.3125 0.5 0.3085938 1 0.3046875 0.5 0.3085938 0.5 0.3046875 1 0.3007813 0.5 0.3046875 0.5 0.3007813 1 0.296875 0.5 0.3007813 0.5 0.296875 1 0.2929688 0.5 0.296875 0.5 0.2929688 1 0.2890625 0.5 0.2929688 0.5 0.2890625 1 0.2851563 0.5 0.2890625 0.5 0.2851563 1 0.28125 0.5 0.2851563 0.5 0.28125 1 0.2773438 0.5 0.28125 0.5 0.2773438 1 0.2734375 0.5 0.2773438 0.5 0.2734375 1 0.2695313 0.5 0.2734375 0.5 0.2695313 1 0.265625 0.5 0.2695313 0.5 0.265625 1 0.2617188 0.5 0.265625 0.5 0.2617188 1 0.2578125 0.5 0.2617188 0.5 0.2578125 1 0.2539063 0.5 0.2578125 0.5 0.2539063 1 0.25 0.5 0.2539063 0.5 0.25 1 0.2460937 0.5 0.25 0.5 0.2460937 1 0.2421875 0.5 0.2460937 0.5 0.2421875 1 0.2382812 0.5 0.2421875 0.5 0.2382812 1 0.234375 0.5 0.2382812 0.5 0.234375 1 0.2304687 0.5 0.234375 0.5 0.2304687 1 0.2265625 0.5 0.2304687 0.5 0.2265625 1 0.2226562 0.5 0.2265625 0.5 0.2226562 1 0.21875 0.5 0.2226562 0.5 0.21875 1 0.2148437 0.5 0.21875 0.5 0.2148437 1 0.2109375 0.5 0.2148437 0.5 0.2109375 1 0.2070312 0.5 0.2109375 0.5 0.2070312 1 0.203125 0.5 0.2070312 0.5 0.203125 1 0.1992187 0.5 0.203125 0.5 0.1992187 1 0.1953125 0.5 0.1992187 0.5 0.1953125 1 0.1914062 0.5 0.1953125 0.5 0.1914062 1 0.1875 0.5 0.1914062 0.5 0.1875 1 0.1835937 0.5 0.1875 0.5 0.1835937 1 0.1796875 0.5 0.1835937 0.5 0.1796875 1 0.1757812 0.5 0.1796875 0.5 0.1757812 1 0.171875 0.5 0.1757812 0.5 0.171875 1 0.1679687 0.5 0.171875 0.5 0.1679687 1 0.1640625 0.5 0.1679687 0.5 0.1640625 1 0.1601562 0.5 0.1640625 0.5 0.1601562 1 0.15625 0.5 0.1601562 0.5 0.15625 1 0.1523437 0.5 0.15625 0.5 0.1523437 1 0.1484375 0.5 0.1523437 0.5 0.1484375 1 0.1445312 0.5 0.1484375 0.5 0.1445312 1 0.140625 0.5 0.1445312 0.5 0.140625 1 0.1367187 0.5 0.140625 0.5 0.1367187 1 0.1328125 0.5 0.1367187 0.5 0.1328125 1 0.1289062 0.5 0.1328125 0.5 0.1289062 1 0.125 0.5 0.1289062 0.5 0.125 1 0.1210937 0.5 0.125 0.5 0.1210937 1 0.1171875 0.5 0.1210937 0.5 0.1171875 1 0.1132812 0.5 0.1171875 0.5 0.1132812 1 0.109375 0.5 0.1132812 0.5 0.109375 1 0.1054687 0.5 0.109375 0.5 0.1054687 1 0.1015625 0.5 0.1054687 0.5 0.1015625 1 0.09765625 0.5 0.1015625 0.5 0.09765625 1 0.09375 0.5 0.09765625 0.5 0.09375 1 0.08984375 0.5 0.09375 0.5 0.08984375 1 0.0859375 0.5 0.08984375 0.5 0.0859375 1 0.08203125 0.5 0.0859375 0.5 0.08203125 1 0.078125 0.5 0.08203125 0.5 0.078125 1 0.07421875 0.5 0.078125 0.5 0.07421875 1 0.0703125 0.5 0.07421875 0.5 0.0703125 1 0.06640625 0.5 0.0703125 0.5 0.06640625 1 0.0625 0.5 0.06640625 0.5 0.0625 1 0.05859375 0.5 0.0625 0.5 0.05859375 1 0.0546875 0.5 0.05859375 0.5 0.0546875 1 0.05078125 0.5 0.0546875 0.5 0.05078125 1 0.046875 0.5 0.05078125 0.5 0.046875 1 0.04296875 0.5 0.046875 0.5 0.04296875 1 0.0390625 0.5 0.04296875 0.5 0.0390625 1 0.03515625 0.5 0.0390625 0.5 0.03515625 1 0.03125 0.5 0.03515625 0.5 0.03125 1 0.02734375 0.5 0.03125 0.5 0.02734375 1 0.0234375 0.5 0.02734375 0.5 0.0234375 1 0.01953125 0.5 0.0234375 0.5 0.01953125 1 0.015625 0.5 0.01953125 0.5 0.015625 1 0.01171875 0.5 0.015625 0.5 0.01171875 1 0.0078125 0.5 0.01171875 0.5 0.01028913 0.2617776 0.2382233 0.01028907 0.4897109 0.238224 0.0078125 1 0.00390625 0.5 0.0078125 0.5 0.00390625 1 0 0.5 0.00390625 0.5 0.9899277 0.2558901 0.7558895 0.01007229 0.5100723 0.2441114 1 1 0.9960938 1 0.9960938 0.5 0.9960938 1 0.9921875 1 0.9921875 0.5 0.9921875 1 0.9882813 1 0.9882813 0.5 0.9882813 1 0.984375 1 0.984375 0.5 0.984375 1 0.9804688 1 0.9804688 0.5 0.9804688 1 0.9765625 1 0.9765625 0.5 0.9765625 1 0.9726563 1 0.9726563 0.5 0.9726563 1 0.96875 1 0.96875 0.5 0.96875 1 0.9648438 1 0.9648438 0.5 0.9648438 1 0.9609375 1 0.9609375 0.5 0.9609375 1 0.9570313 1 0.9570313 0.5 0.9570313 1 0.953125 1 0.953125 0.5 0.953125 1 0.9492188 1 0.9492188 0.5 0.9492188 1 0.9453125 1 0.9453125 0.5 0.9453125 1 0.9414063 1 0.9414063 0.5 0.9414063 1 0.9375 1 0.9375 0.5 0.9375 1 0.9335938 1 0.9335938 0.5 0.9335938 1 0.9296875 1 0.9296875 0.5 0.9296875 1 0.9257813 1 0.9257813 0.5 0.9257813 1 0.921875 1 0.921875 0.5 0.921875 1 0.9179688 1 0.9179688 0.5 0.9179688 1 0.9140625 1 0.9140625 0.5 0.9140625 1 0.9101563 1 0.9101563 0.5 0.9101563 1 0.90625 1 0.90625 0.5 0.90625 1 0.9023438 1 0.9023438 0.5 0.9023438 1 0.8984375 1 0.8984375 0.5 0.8984375 1 0.8945313 1 0.8945313 0.5 0.8945313 1 0.890625 1 0.890625 0.5 0.890625 1 0.8867188 1 0.8867188 0.5 0.8867188 1 0.8828125 1 0.8828125 0.5 0.8828125 1 0.8789063 1 0.8789063 0.5 0.8789063 1 0.875 1 0.875 0.5 0.875 1 0.8710938 1 0.8710938 0.5 0.8710938 1 0.8671875 1 0.8671875 0.5 0.8671875 1 0.8632813 1 0.8632813 0.5 0.8632813 1 0.859375 1 0.859375 0.5 0.859375 1 0.8554688 1 0.8554688 0.5 0.8554688 1 0.8515625 1 0.8515625 0.5 0.8515625 1 0.8476563 1 0.8476563 0.5 0.8476563 1 0.84375 1 0.84375 0.5 0.84375 1 0.8398438 1 0.8398438 0.5 0.8398438 1 0.8359375 1 0.8359375 0.5 0.8359375 1 0.8320313 1 0.8320313 0.5 0.8320313 1 0.828125 1 0.828125 0.5 0.828125 1 0.8242188 1 0.8242188 0.5 0.8242188 1 0.8203125 1 0.8203125 0.5 0.8203125 1 0.8164063 1 0.8164063 0.5 0.8164063 1 0.8125 1 0.8125 0.5 0.8125 1 0.8085938 1 0.8085938 0.5 0.8085938 1 0.8046875 1 0.8046875 0.5 0.8046875 1 0.8007813 1 0.8007813 0.5 0.8007813 1 0.796875 1 0.796875 0.5 0.796875 1 0.7929688 1 0.7929688 0.5 0.7929688 1 0.7890625 1 0.7890625 0.5 0.7890625 1 0.7851563 1 0.7851563 0.5 0.7851563 1 0.78125 1 0.78125 0.5 0.78125 1 0.7773438 1 0.7773438 0.5 0.7773438 1 0.7734375 1 0.7734375 0.5 0.7734375 1 0.7695313 1 0.7695313 0.5 0.7695313 1 0.765625 1 0.765625 0.5 0.765625 1 0.7617188 1 0.7617188 0.5 0.7617188 1 0.7578125 1 0.7578125 0.5 0.7578125 1 0.7539063 1 0.7539063 0.5 0.7539063 1 0.75 1 0.75 0.5 0.75 1 0.7460938 1 0.7460938 0.5 0.7460938 1 0.7421875 1 0.7421875 0.5 0.7421875 1 0.7382813 1 0.7382813 0.5 0.7382813 1 0.734375 1 0.734375 0.5 0.734375 1 0.7304688 1 0.7304688 0.5 0.7304688 1 0.7265625 1 0.7265625 0.5 0.7265625 1 0.7226563 1 0.7226563 0.5 0.7226563 1 0.71875 1 0.71875 0.5 0.71875 1 0.7148438 1 0.7148438 0.5 0.7148438 1 0.7109375 1 0.7109375 0.5 0.7109375 1 0.7070313 1 0.7070313 0.5 0.7070313 1 0.703125 1 0.703125 0.5 0.703125 1 0.6992188 1 0.6992188 0.5 0.6992188 1 0.6953125 1 0.6953125 0.5 0.6953125 1 0.6914063 1 0.6914063 0.5 0.6914063 1 0.6875 1 0.6875 0.5 0.6875 1 0.6835938 1 0.6835938 0.5 0.6835938 1 0.6796875 1 0.6796875 0.5 0.6796875 1 0.6757813 1 0.6757813 0.5 0.6757813 1 0.671875 1 0.671875 0.5 0.671875 1 0.6679688 1 0.6679688 0.5 0.6679688 1 0.6640625 1 0.6640625 0.5 0.6640625 1 0.6601563 1 0.6601563 0.5 0.6601563 1 0.65625 1 0.65625 0.5 0.65625 1 0.6523438 1 0.6523438 0.5 0.6523438 1 0.6484375 1 0.6484375 0.5 0.6484375 1 0.6445313 1 0.6445313 0.5 0.6445313 1 0.640625 1 0.640625 0.5 0.640625 1 0.6367188 1 0.6367188 0.5 0.6367188 1 0.6328125 1 0.6328125 0.5 0.6328125 1 0.6289063 1 0.6289063 0.5 0.6289063 1 0.625 1 0.625 0.5 0.625 1 0.6210938 1 0.6210938 0.5 0.6210938 1 0.6171875 1 0.6171875 0.5 0.6171875 1 0.6132813 1 0.6132813 0.5 0.6132813 1 0.609375 1 0.609375 0.5 0.609375 1 0.6054688 1 0.6054688 0.5 0.6054688 1 0.6015625 1 0.6015625 0.5 0.6015625 1 0.5976563 1 0.5976563 0.5 0.5976563 1 0.59375 1 0.59375 0.5 0.59375 1 0.5898438 1 0.5898438 0.5 0.5898438 1 0.5859375 1 0.5859375 0.5 0.5859375 1 0.5820313 1 0.5820313 0.5 0.5820313 1 0.578125 1 0.578125 0.5 0.578125 1 0.5742188 1 0.5742188 0.5 0.5742188 1 0.5703125 1 0.5703125 0.5 0.5703125 1 0.5664063 1 0.5664063 0.5 0.5664063 1 0.5625 1 0.5625 0.5 0.5625 1 0.5585938 1 0.5585938 0.5 0.5585938 1 0.5546875 1 0.5546875 0.5 0.5546875 1 0.5507813 1 0.5507813 0.5 0.5507813 1 0.546875 1 0.546875 0.5 0.546875 1 0.5429688 1 0.5429688 0.5 0.5429688 1 0.5390625 1 0.5390625 0.5 0.5390625 1 0.5351563 1 0.5351563 0.5 0.5351563 1 0.53125 1 0.53125 0.5 0.53125 1 0.5273438 1 0.5273438 0.5 0.5273438 1 0.5234375 1 0.5234375 0.5 0.5234375 1 0.5195313 1 0.5195313 0.5 0.5195313 1 0.515625 1 0.515625 0.5 0.515625 1 0.5117188 1 0.5117188 0.5 0.5117188 1 0.5078125 1 0.5078125 0.5 0.5078125 1 0.5039063 1 0.5039063 0.5 0.5039063 1 0.5 1 0.5 0.5 0.5 1 0.4960938 1 0.4960938 0.5 0.4960938 1 0.4921875 1 0.4921875 0.5 0.4921875 1 0.4882813 1 0.4882813 0.5 0.4882813 1 0.484375 1 0.484375 0.5 0.484375 1 0.4804688 1 0.4804688 0.5 0.4804688 1 0.4765625 1 0.4765625 0.5 0.4765625 1 0.4726563 1 0.4726563 0.5 0.4726563 1 0.46875 1 0.46875 0.5 0.46875 1 0.4648438 1 0.4648438 0.5 0.4648438 1 0.4609375 1 0.4609375 0.5 0.4609375 1 0.4570313 1 0.4570313 0.5 0.4570313 1 0.453125 1 0.453125 0.5 0.453125 1 0.4492188 1 0.4492188 0.5 0.4492188 1 0.4453125 1 0.4453125 0.5 0.4453125 1 0.4414063 1 0.4414063 0.5 0.4414063 1 0.4375 1 0.4375 0.5 0.4375 1 0.4335938 1 0.4335938 0.5 0.4335938 1 0.4296875 1 0.4296875 0.5 0.4296875 1 0.4257813 1 0.4257813 0.5 0.4257813 1 0.421875 1 0.421875 0.5 0.421875 1 0.4179688 1 0.4179688 0.5 0.4179688 1 0.4140625 1 0.4140625 0.5 0.4140625 1 0.4101563 1 0.4101563 0.5 0.4101563 1 0.40625 1 0.40625 0.5 0.40625 1 0.4023438 1 0.4023438 0.5 0.4023438 1 0.3984375 1 0.3984375 0.5 0.3984375 1 0.3945313 1 0.3945313 0.5 0.3945313 1 0.390625 1 0.390625 0.5 0.390625 1 0.3867188 1 0.3867188 0.5 0.3867188 1 0.3828125 1 0.3828125 0.5 0.3828125 1 0.3789063 1 0.3789063 0.5 0.3789063 1 0.375 1 0.375 0.5 0.375 1 0.3710938 1 0.3710938 0.5 0.3710938 1 0.3671875 1 0.3671875 0.5 0.3671875 1 0.3632813 1 0.3632813 0.5 0.3632813 1 0.359375 1 0.359375 0.5 0.359375 1 0.3554688 1 0.3554688 0.5 0.3554688 1 0.3515625 1 0.3515625 0.5 0.3515625 1 0.3476563 1 0.3476563 0.5 0.3476563 1 0.34375 1 0.34375 0.5 0.34375 1 0.3398438 1 0.3398438 0.5 0.3398438 1 0.3359375 1 0.3359375 0.5 0.3359375 1 0.3320313 1 0.3320313 0.5 0.3320313 1 0.328125 1 0.328125 0.5 0.328125 1 0.3242188 1 0.3242188 0.5 0.3242188 1 0.3203125 1 0.3203125 0.5 0.3203125 1 0.3164063 1 0.3164063 0.5 0.3164063 1 0.3125 1 0.3125 0.5 0.3125 1 0.3085938 1 0.3085938 0.5 0.3085938 1 0.3046875 1 0.3046875 0.5 0.3046875 1 0.3007813 1 0.3007813 0.5 0.3007813 1 0.296875 1 0.296875 0.5 0.296875 1 0.2929688 1 0.2929688 0.5 0.2929688 1 0.2890625 1 0.2890625 0.5 0.2890625 1 0.2851563 1 0.2851563 0.5 0.2851563 1 0.28125 1 0.28125 0.5 0.28125 1 0.2773438 1 0.2773438 0.5 0.2773438 1 0.2734375 1 0.2734375 0.5 0.2734375 1 0.2695313 1 0.2695313 0.5 0.2695313 1 0.265625 1 0.265625 0.5 0.265625 1 0.2617188 1 0.2617188 0.5 0.2617188 1 0.2578125 1 0.2578125 0.5 0.2578125 1 0.2539063 1 0.2539063 0.5 0.2539063 1 0.25 1 0.25 0.5 0.25 1 0.2460937 1 0.2460937 0.5 0.2460937 1 0.2421875 1 0.2421875 0.5 0.2421875 1 0.2382812 1 0.2382812 0.5 0.2382812 1 0.234375 1 0.234375 0.5 0.234375 1 0.2304687 1 0.2304687 0.5 0.2304687 1 0.2265625 1 0.2265625 0.5 0.2265625 1 0.2226562 1 0.2226562 0.5 0.2226562 1 0.21875 1 0.21875 0.5 0.21875 1 0.2148437 1 0.2148437 0.5 0.2148437 1 0.2109375 1 0.2109375 0.5 0.2109375 1 0.2070312 1 0.2070312 0.5 0.2070312 1 0.203125 1 0.203125 0.5 0.203125 1 0.1992187 1 0.1992187 0.5 0.1992187 1 0.1953125 1 0.1953125 0.5 0.1953125 1 0.1914062 1 0.1914062 0.5 0.1914062 1 0.1875 1 0.1875 0.5 0.1875 1 0.1835937 1 0.1835937 0.5 0.1835937 1 0.1796875 1 0.1796875 0.5 0.1796875 1 0.1757812 1 0.1757812 0.5 0.1757812 1 0.171875 1 0.171875 0.5 0.171875 1 0.1679687 1 0.1679687 0.5 0.1679687 1 0.1640625 1 0.1640625 0.5 0.1640625 1 0.1601562 1 0.1601562 0.5 0.1601562 1 0.15625 1 0.15625 0.5 0.15625 1 0.1523437 1 0.1523437 0.5 0.1523437 1 0.1484375 1 0.1484375 0.5 0.1484375 1 0.1445312 1 0.1445312 0.5 0.1445312 1 0.140625 1 0.140625 0.5 0.140625 1 0.1367187 1 0.1367187 0.5 0.1367187 1 0.1328125 1 0.1328125 0.5 0.1328125 1 0.1289062 1 0.1289062 0.5 0.1289062 1 0.125 1 0.125 0.5 0.125 1 0.1210937 1 0.1210937 0.5 0.1210937 1 0.1171875 1 0.1171875 0.5 0.1171875 1 0.1132812 1 0.1132812 0.5 0.1132812 1 0.109375 1 0.109375 0.5 0.109375 1 0.1054687 1 0.1054687 0.5 0.1054687 1 0.1015625 1 0.1015625 0.5 0.1015625 1 0.09765625 1 0.09765625 0.5 0.09765625 1 0.09375 1 0.09375 0.5 0.09375 1 0.08984375 1 0.08984375 0.5 0.08984375 1 0.0859375 1 0.0859375 0.5 0.0859375 1 0.08203125 1 0.08203125 0.5 0.08203125 1 0.078125 1 0.078125 0.5 0.078125 1 0.07421875 1 0.07421875 0.5 0.07421875 1 0.0703125 1 0.0703125 0.5 0.0703125 1 0.06640625 1 0.06640625 0.5 0.06640625 1 0.0625 1 0.0625 0.5 0.0625 1 0.05859375 1 0.05859375 0.5 0.05859375 1 0.0546875 1 0.0546875 0.5 0.0546875 1 0.05078125 1 0.05078125 0.5 0.05078125 1 0.046875 1 0.046875 0.5 0.046875 1 0.04296875 1 0.04296875 0.5 0.04296875 1 0.0390625 1 0.0390625 0.5 0.0390625 1 0.03515625 1 0.03515625 0.5 0.03515625 1 0.03125 1 0.03125 0.5 0.03125 1 0.02734375 1 0.02734375 0.5 0.02734375 1 0.0234375 1 0.0234375 0.5 0.0234375 1 0.01953125 1 0.01953125 0.5 0.01953125 1 0.015625 1 0.015625 0.5 0.015625 1 0.01171875 1 0.01171875 0.5 0.01171875 1 0.0078125 1 0.0078125 0.5 0.2617762 0.4897109 0.2558899 0.4899277 0.25 0.49 0.25 0.49 0.2441125 0.4899278 0.2382261 0.489711 0.2382261 0.489711 0.2323468 0.4893499 0.2264782 0.4888445 0.2264782 0.4888445 0.2206237 0.4881954 0.214787 0.4874027 0.214787 0.4874027 0.2089714 0.486467 0.1916869 0.4828081 0.2089714 0.486467 0.2031806 0.4853889 0.1916869 0.4828081 0.2031806 0.4853889 0.1974179 0.484169 0.1916869 0.4828081 0.1916869 0.4828081 0.1859911 0.4813069 0.1803338 0.4796663 0.1803338 0.4796663 0.1747184 0.4778875 0.1691485 0.4759713 0.1691485 0.4759713 0.1636272 0.473919 0.158158 0.4717319 0.158158 0.4717319 0.152744 0.4694112 0.1691485 0.4759713 0.152744 0.4694112 0.1473887 0.4669584 0.1691485 0.4759713 0.1473887 0.4669584 0.1420952 0.4643748 0.1368666 0.4616621 0.1368666 0.4616621 0.1317062 0.4588219 0.1266171 0.4558559 0.1266171 0.4558559 0.1216023 0.452766 0.1166648 0.4495539 0.1166648 0.4495539 0.1118077 0.4462215 0.1070337 0.442771 0.1070337 0.442771 0.102346 0.4392043 0.08882725 0.4278296 0.102346 0.4392043 0.09774714 0.4355238 0.08882725 0.4278296 0.09774714 0.4355238 0.09323996 0.4317314 0.08882725 0.4278296 0.08882725 0.4278296 0.08451163 0.4238206 0.08029568 0.419707 0.08029568 0.419707 0.076182 0.4154911 0.07217299 0.4111756 0.07217299 0.4111756 0.0682711 0.4067629 0.05723124 0.3929693 0.0682711 0.4067629 0.06447863 0.4022558 0.05723124 0.3929693 0.06447863 0.4022558 0.06079798 0.397657 0.05723124 0.3929693 0.05723124 0.3929693 0.05378067 0.3881954 0.05044829 0.3833383 0.05044829 0.3833383 0.04723608 0.3784009 0.044146 0.3733862 0.044146 0.3733862 0.04117995 0.3682971 0.03833967 0.3631367 0.03833967 0.3631367 0.03562694 0.3579082 0.044146 0.3733862 0.03562694 0.3579082 0.03304326 0.3526147 0.044146 0.3733862 0.03304326 0.3526147 0.03059029 0.3472594 0.02826952 0.3418455 0.02826952 0.3418455 0.02608227 0.3363763 0.03304326 0.3526147 0.02608227 0.3363763 0.02402997 0.3308551 0.03304326 0.3526147 0.02402997 0.3308551 0.02211374 0.3252851 0.02033478 0.3196699 0.02033478 0.3196699 0.01869416 0.3140125 0.02402997 0.3308551 0.01869416 0.3140125 0.01719284 0.3083167 0.02402997 0.3308551 0.01719284 0.3083167 0.01583182 0.3025858 0.01259785 0.2852168 0.01583182 0.3025858 0.01461184 0.2968232 0.01259785 0.2852168 0.01461184 0.2968232 0.01353359 0.2910323 0.01259785 0.2852168 0.01259785 0.2852168 0.01180505 0.27938 0.01115578 0.2735255 0.01115578 0.2735255 0.01065039 0.2676569 0.01028913 0.2617776 0.01028913 0.2617776 0.01007229 0.2558913 0.00999999 0.2500014 0.00999999 0.2500014 0.01007223 0.2441114 0.01028913 0.2617776 0.01007223 0.2441114 0.01028901 0.2382251 0.01028913 0.2617776 0.01028901 0.2382251 0.01065021 0.2323458 0.01259744 0.2147859 0.01065021 0.2323458 0.01115554 0.2264772 0.01259744 0.2147859 0.01115554 0.2264772 0.01180475 0.2206227 0.01259744 0.2147859 0.01259744 0.2147859 0.01353311 0.2089704 0.0146113 0.2031795 0.0146113 0.2031795 0.01583123 0.1974169 0.01259744 0.2147859 0.01583123 0.1974169 0.01719218 0.1916859 0.01259744 0.2147859 0.01719218 0.1916859 0.01869344 0.18599 0.02402901 0.1691475 0.01869344 0.18599 0.02033394 0.1803328 0.02402901 0.1691475 0.02033394 0.1803328 0.02211284 0.1747174 0.02402901 0.1691475 0.02402901 0.1691475 0.02608132 0.1636262 0.02826845 0.158157 0.02826845 0.158157 0.03058922 0.1527431 0.02402901 0.1691475 0.03058922 0.1527431 0.03304207 0.1473878 0.02402901 0.1691475 0.03304207 0.1473878 0.03562569 0.1420942 0.04414463 0.1266162 0.03562569 0.1420942 0.03833836 0.1368657 0.04414463 0.1266162 0.03833836 0.1368657 0.04117858 0.1317053 0.04414463 0.1266162 0.04414463 0.1266162 0.04723459 0.1216014 0.05044674 0.1166639 0.05044674 0.1166639 0.05377906 0.1118068 0.05722963 0.1070329 0.05722963 0.1070329 0.06079626 0.1023451 0.0644769 0.09774631 0.0644769 0.09774631 0.06826925 0.09323918 0.07217109 0.08882653 0.07217109 0.08882653 0.07618004 0.08451092 0.08882522 0.07217228 0.07618004 0.08451092 0.08029371 0.08029496 0.08882522 0.07217228 0.08029371 0.08029496 0.08450961 0.07618129 0.08882522 0.07217228 0.08882522 0.07217228 0.09323787 0.06827038 0.09774494 0.06447803 0.09774494 0.06447803 0.1023437 0.06079733 0.08882522 0.07217228 0.1023437 0.06079733 0.1070315 0.05723065 0.08882522 0.07217228 0.1070315 0.05723065 0.1118054 0.05378007 0.1166625 0.0504477 0.1166625 0.0504477 0.1215999 0.04723554 0.1266147 0.04414546 0.1266147 0.04414546 0.1317038 0.04117947 0.1368641 0.03833919 0.1368641 0.03833919 0.1420927 0.03562647 0.1473861 0.03304284 0.1473861 0.03304284 0.1527414 0.03058993 0.1691458 0.02402961 0.1527414 0.03058993 0.1581554 0.02826911 0.1691458 0.02402961 0.1581554 0.02826911 0.1636246 0.02608191 0.1691458 0.02402961 0.1691458 0.02402961 0.1747158 0.02211338 0.1803311 0.02033448 0.1803311 0.02033448 0.1859884 0.01869386 0.1691458 0.02402961 0.1859884 0.01869386 0.1916842 0.0171926 0.1691458 0.02402961 0.1916842 0.0171926 0.1974152 0.01583158 0.2031778 0.0146116 0.2031778 0.0146116 0.2089686 0.01353341 0.1916842 0.0171926 0.2089686 0.01353341 0.2147842 0.01259768 0.1916842 0.0171926 0.2147842 0.01259768 0.2206209 0.01180493 0.2264754 0.01115572 0.2264754 0.01115572 0.232344 0.01065033 0.2382233 0.01028907 0.2382233 0.01028907 0.2441097 0.01007229 0.2499996 0.00999999 0.2499996 0.00999999 0.2558895 0.01007229 0.2617759 0.01028907 0.2617759 0.01028907 0.2676552 0.01065027 0.285215 0.01259756 0.2676552 0.01065027 0.2735238 0.0111556 0.285215 0.01259756 0.2735238 0.0111556 0.2793783 0.01180487 0.285215 0.01259756 0.285215 0.01259756 0.2910306 0.01353329 0.308315 0.01719242 0.2910306 0.01353329 0.2968214 0.01461148 0.308315 0.01719242 0.2968214 0.01461148 0.3025841 0.01583141 0.308315 0.01719242 0.308315 0.01719242 0.3140109 0.01869368 0.3196682 0.02033424 0.3196682 0.02033424 0.3252835 0.02211314 0.3308534 0.02402937 0.3308534 0.02402937 0.3363747 0.02608168 0.3418439 0.02826887 0.3418439 0.02826887 0.3472579 0.03058958 0.3526132 0.03304255 0.3526132 0.03304255 0.3579066 0.03562611 0.3733847 0.0441451 0.3579066 0.03562611 0.3631352 0.03833884 0.3733847 0.0441451 0.3631352 0.03833884 0.3682956 0.04117912 0.3733847 0.0441451 0.3733847 0.0441451 0.3783994 0.04723513 0.3929679 0.05723023 0.3783994 0.04723513 0.3833369 0.05044728 0.3929679 0.05723023 0.3833369 0.05044728 0.388194 0.05377966 0.3929679 0.05723023 0.3929679 0.05723023 0.3976556 0.06079691 0.4022545 0.06447756 0.4022545 0.06447756 0.4067616 0.06826996 0.4111742 0.0721718 0.4111742 0.0721718 0.4154899 0.07618081 0.4278284 0.088826 0.4154899 0.07618081 0.4197058 0.08029448 0.4278284 0.088826 0.4197058 0.08029448 0.4238194 0.08451038 0.4278284 0.088826 0.4278284 0.088826 0.4317303 0.09323865 0.4355226 0.09774577 0.4355226 0.09774577 0.4392033 0.1023446 0.44277 0.1070324 0.44277 0.1070324 0.4462205 0.1118062 0.455855 0.1266156 0.4462205 0.1118062 0.4495528 0.1166633 0.455855 0.1266156 0.4495528 0.1166633 0.4527651 0.1216008 0.455855 0.1266156 0.455855 0.1266156 0.4588211 0.1317047 0.4616613 0.1368651 0.4616613 0.1368651 0.464374 0.1420936 0.455855 0.1266156 0.464374 0.1420936 0.4669576 0.1473871 0.455855 0.1266156 0.4669576 0.1473871 0.4694105 0.1527425 0.4759707 0.1691468 0.4694105 0.1527425 0.4717313 0.1581563 0.4759707 0.1691468 0.4717313 0.1581563 0.4739184 0.1636255 0.4759707 0.1691468 0.4759707 0.1691468 0.4778869 0.1747167 0.4796658 0.180332 0.4796658 0.180332 0.4813063 0.1859893 0.4828076 0.191685 0.4828076 0.191685 0.4841685 0.197416 0.4853885 0.2031786 0.4853885 0.2031786 0.4864667 0.2089694 0.4828076 0.191685 0.4864667 0.2089694 0.4874024 0.2147849 0.4828076 0.191685 0.4874024 0.2147849 0.4881951 0.2206217 0.4888443 0.2264761 0.4888443 0.2264761 0.4893497 0.2323448 0.4874024 0.2147849 0.4893497 0.2323448 0.4897109 0.238224 0.4874024 0.2147849 0.4897109 0.238224 0.4899277 0.2441103 0.4897109 0.2617765 0.4899277 0.2441103 0.49 0.2500002 0.4897109 0.2617765 0.49 0.2500002 0.4899277 0.2558901 0.4897109 0.2617765 0.4897109 0.2617765 0.4893497 0.2676557 0.4874023 0.2852154 0.4893497 0.2676557 0.4888443 0.2735243 0.4874023 0.2852154 0.4888443 0.2735243 0.4881951 0.2793787 0.4874023 0.2852154 0.4874023 0.2852154 0.4864666 0.291031 0.4828075 0.3083153 0.4864666 0.291031 0.4853884 0.2968218 0.4828075 0.3083153 0.4853884 0.2968218 0.4841685 0.3025844 0.4828075 0.3083153 0.4828075 0.3083153 0.4813063 0.3140112 0.4796656 0.3196684 0.4796656 0.3196684 0.4778867 0.3252837 0.4759706 0.3308536 0.4759706 0.3308536 0.4739183 0.3363748 0.4717311 0.341844 0.4717311 0.341844 0.4694103 0.3472579 0.4759706 0.3308536 0.4694103 0.3472579 0.4669574 0.3526132 0.4759706 0.3308536 0.4669574 0.3526132 0.4643738 0.3579067 0.4616611 0.3631352 0.4616611 0.3631352 0.4588209 0.3682955 0.4558549 0.3733846 0.4558549 0.3733846 0.4527649 0.3783994 0.4427698 0.3929678 0.4527649 0.3783994 0.4495527 0.3833368 0.4427698 0.3929678 0.4495527 0.3833368 0.4462204 0.3881939 0.4427698 0.3929678 0.4427698 0.3929678 0.4392032 0.3976556 0.4355226 0.4022544 0.4355226 0.4022544 0.4317302 0.4067614 0.4427698 0.3929678 0.4317302 0.4067614 0.4278283 0.4111741 0.4427698 0.3929678 0.4278283 0.4111741 0.4238193 0.4154897 0.4111742 0.4278282 0.4238193 0.4154897 0.4197056 0.4197056 0.4111742 0.4278282 0.4197056 0.4197056 0.4154897 0.4238193 0.4111742 0.4278282 0.4111742 0.4278282 0.4067615 0.4317301 0.3929678 0.4427698 0.4067615 0.4317301 0.4022544 0.4355225 0.3929678 0.4427698 0.4022544 0.4355225 0.3976556 0.4392031 0.3929678 0.4427698 0.3929678 0.4427698 0.388194 0.4462203 0.3833369 0.4495527 0.3833369 0.4495527 0.3783994 0.4527648 0.3733847 0.4558548 0.3733847 0.4558548 0.3682956 0.4588209 0.3631352 0.4616611 0.3631352 0.4616611 0.3579067 0.4643738 0.3526132 0.4669574 0.3526132 0.4669574 0.3472579 0.4694103 0.341844 0.4717311 0.341844 0.4717311 0.3363748 0.4739183 0.3308536 0.4759706 0.3308536 0.4759706 0.3252836 0.4778867 0.3083152 0.4828075 0.3252836 0.4778867 0.3196683 0.4796656 0.3083152 0.4828075 0.3196683 0.4796656 0.314011 0.4813063 0.3083152 0.4828075 0.3083152 0.4828075 0.3025843 0.4841685 0.2852153 0.4874024 0.3025843 0.4841685 0.2968217 0.4853885 0.2852153 0.4874024 0.2968217 0.4853885 0.2910308 0.4864667 0.2852153 0.4874024 0.2852153 0.4874024 0.2793785 0.4881951 0.2735241 0.4888443 0.2735241 0.4888443 0.2676555 0.4893497 0.2617762 0.4897109 0.2617762 0.4897109 0.25 0.49 0.2382261 0.489711 0.2382261 0.489711 0.2264782 0.4888445 0.214787 0.4874027 0.1916869 0.4828081 0.1803338 0.4796663 0.214787 0.4874027 0.1803338 0.4796663 0.1691485 0.4759713 0.214787 0.4874027 0.1473887 0.4669584 0.1368666 0.4616621 0.1691485 0.4759713 0.1368666 0.4616621 0.1266171 0.4558559 0.1691485 0.4759713 0.1266171 0.4558559 0.1166648 0.4495539 0.1070337 0.442771 0.08882725 0.4278296 0.08029568 0.419707 0.07217299 0.4111756 0.05723124 0.3929693 0.05044829 0.3833383 0.044146 0.3733862 0.01259785 0.2852168 0.01115578 0.2735255 0.01719284 0.3083167 0.01115578 0.2735255 0.01028913 0.2617776 0.01719284 0.3083167 0.04414463 0.1266162 0.05044674 0.1166639 0.05722963 0.1070329 0.05722963 0.1070329 0.0644769 0.09774631 0.04414463 0.1266162 0.0644769 0.09774631 0.07217109 0.08882653 0.04414463 0.1266162 0.1070315 0.05723065 0.1166625 0.0504477 0.1473861 0.03304284 0.1166625 0.0504477 0.1266147 0.04414546 0.1473861 0.03304284 0.1266147 0.04414546 0.1368641 0.03833919 0.1473861 0.03304284 0.2147842 0.01259768 0.2264754 0.01115572 0.1916842 0.0171926 0.2264754 0.01115572 0.2382233 0.01028907 0.1916842 0.0171926 0.2382233 0.01028907 0.2499996 0.00999999 0.285215 0.01259756 0.2499996 0.00999999 0.2617759 0.01028907 0.285215 0.01259756 0.308315 0.01719242 0.3196682 0.02033424 0.3308534 0.02402937 0.3308534 0.02402937 0.3418439 0.02826887 0.3733847 0.0441451 0.3418439 0.02826887 0.3526132 0.03304255 0.3733847 0.0441451 0.3929679 0.05723023 0.4022545 0.06447756 0.3733847 0.0441451 0.4022545 0.06447756 0.4111742 0.0721718 0.3733847 0.0441451 0.4278284 0.088826 0.4355226 0.09774577 0.4111742 0.0721718 0.4355226 0.09774577 0.44277 0.1070324 0.4111742 0.0721718 0.4759707 0.1691468 0.4796658 0.180332 0.4828076 0.191685 0.4828075 0.3083153 0.4796656 0.3196684 0.4759706 0.3308536 0.4669574 0.3526132 0.4616611 0.3631352 0.4759706 0.3308536 0.4616611 0.3631352 0.4558549 0.3733846 0.4759706 0.3308536 0.3929678 0.4427698 0.3833369 0.4495527 0.3526132 0.4669574 0.3833369 0.4495527 0.3733847 0.4558548 0.3526132 0.4669574 0.3733847 0.4558548 0.3631352 0.4616611 0.3526132 0.4669574 0.3526132 0.4669574 0.341844 0.4717311 0.3083152 0.4828075 0.341844 0.4717311 0.3308536 0.4759706 0.3083152 0.4828075 0.2852153 0.4874024 0.2735241 0.4888443 0.3083152 0.4828075 0.2735241 0.4888443 0.2617762 0.4897109 0.3083152 0.4828075 0.2617762 0.4897109 0.2382261 0.489711 0.1691485 0.4759713 0.2382261 0.489711 0.214787 0.4874027 0.1691485 0.4759713 0.1266171 0.4558559 0.1070337 0.442771 0.1691485 0.4759713 0.1070337 0.442771 0.08882725 0.4278296 0.1691485 0.4759713 0.08882725 0.4278296 0.07217299 0.4111756 0.05723124 0.3929693 0.05723124 0.3929693 0.044146 0.3733862 0.08882725 0.4278296 0.044146 0.3733862 0.03304326 0.3526147 0.08882725 0.4278296 0.03304326 0.3526147 0.02402997 0.3308551 0.01028913 0.2617776 0.02402997 0.3308551 0.01719284 0.3083167 0.01028913 0.2617776 0.01028913 0.2617776 0.01028901 0.2382251 0.01259744 0.2147859 0.01259744 0.2147859 0.01719218 0.1916859 0.01028913 0.2617776 0.01719218 0.1916859 0.02402901 0.1691475 0.01028913 0.2617776 0.02402901 0.1691475 0.03304207 0.1473878 0.04414463 0.1266162 0.07217109 0.08882653 0.08882522 0.07217228 0.1473861 0.03304284 0.08882522 0.07217228 0.1070315 0.05723065 0.1473861 0.03304284 0.1473861 0.03304284 0.1691458 0.02402961 0.2382233 0.01028907 0.1691458 0.02402961 0.1916842 0.0171926 0.2382233 0.01028907 0.285215 0.01259756 0.308315 0.01719242 0.2382233 0.01028907 0.308315 0.01719242 0.3308534 0.02402937 0.2382233 0.01028907 0.44277 0.1070324 0.455855 0.1266156 0.4111742 0.0721718 0.455855 0.1266156 0.4669576 0.1473871 0.4111742 0.0721718 0.4669576 0.1473871 0.4759707 0.1691468 0.4828076 0.191685 0.4828076 0.191685 0.4874024 0.2147849 0.4669576 0.1473871 0.4874024 0.2147849 0.4897109 0.238224 0.4669576 0.1473871 0.4897109 0.238224 0.4897109 0.2617765 0.4874023 0.2852154 0.4874023 0.2852154 0.4828075 0.3083153 0.4759706 0.3308536 0.4558549 0.3733846 0.4427698 0.3929678 0.4759706 0.3308536 0.4427698 0.3929678 0.4278283 0.4111741 0.4759706 0.3308536 0.4278283 0.4111741 0.4111742 0.4278282 0.3929678 0.4427698 0.02402901 0.1691475 0.04414463 0.1266162 0.01028913 0.2617776 0.04414463 0.1266162 0.07217109 0.08882653 0.01028913 0.2617776 0.3308534 0.02402937 0.3733847 0.0441451 0.4111742 0.0721718 0.4897109 0.238224 0.4874023 0.2852154 0.4278283 0.4111741 0.4874023 0.2852154 0.4759706 0.3308536 0.4278283 0.4111741 0.4278283 0.4111741 0.3929678 0.4427698 0.3526132 0.4669574 0.3526132 0.4669574 0.3083152 0.4828075 0.4278283 0.4111741 0.3083152 0.4828075 0.2617762 0.4897109 0.4278283 0.4111741 0.2617762 0.4897109 0.1691485 0.4759713 0.08882725 0.4278296 0.08882725 0.4278296 0.03304326 0.3526147 0.01028913 0.2617776 0.07217109 0.08882653 0.1473861 0.03304284 0.2382233 0.01028907 0.2382233 0.01028907 0.3308534 0.02402937 0.4111742 0.0721718 0.4111742 0.0721718 0.4669576 0.1473871 0.2382233 0.01028907 0.4669576 0.1473871 0.4897109 0.238224 0.2382233 0.01028907 0.2617762 0.4897109 0.08882725 0.4278296 0.01028913 0.2617776 0.01028913 0.2617776 0.07217109 0.08882653 0.2382233 0.01028907 0.4897109 0.238224 0.4278283 0.4111741 0.2617762 0.4897109 0.2617762 0.4897109 0.01028913 0.2617776 0.4897109 0.238224 0.0078125 1 0.00390625 1 0.00390625 0.5 0.00390625 1 0 1 0 0.5 0.7441126 0.4899278 0.75 0.49 0.7676555 0.4893497 0.75 0.49 0.7558899 0.4899277 0.7676555 0.4893497 0.7558899 0.4899277 0.7617763 0.4897109 0.7676555 0.4893497 0.7676555 0.4893497 0.7735241 0.4888443 0.7910309 0.4864667 0.7735241 0.4888443 0.7793785 0.4881951 0.7910309 0.4864667 0.7793785 0.4881951 0.7852153 0.4874024 0.7910309 0.4864667 0.7910309 0.4864667 0.7968217 0.4853885 0.8025843 0.4841685 0.8025843 0.4841685 0.8083152 0.4828075 0.814011 0.4813063 0.814011 0.4813063 0.8196683 0.4796656 0.8252837 0.4778867 0.8252837 0.4778867 0.8308536 0.4759706 0.8363748 0.4739183 0.8363748 0.4739183 0.841844 0.4717311 0.8472579 0.4694103 0.8472579 0.4694103 0.8526132 0.4669574 0.8579067 0.4643738 0.8579067 0.4643738 0.8631352 0.4616611 0.8682956 0.4588209 0.8682956 0.4588209 0.8733847 0.4558548 0.8579067 0.4643738 0.8733847 0.4558548 0.8783994 0.4527648 0.8579067 0.4643738 0.8783994 0.4527648 0.8833369 0.4495527 0.8976556 0.4392031 0.8833369 0.4495527 0.888194 0.4462203 0.8976556 0.4392031 0.888194 0.4462203 0.8929678 0.4427698 0.8976556 0.4392031 0.8976556 0.4392031 0.9022544 0.4355225 0.9067615 0.4317301 0.9067615 0.4317301 0.9111742 0.4278282 0.9154898 0.4238193 0.9154898 0.4238193 0.9197056 0.4197056 0.9317302 0.4067614 0.9197056 0.4197056 0.9238193 0.4154897 0.9317302 0.4067614 0.9238193 0.4154897 0.9278283 0.4111741 0.9317302 0.4067614 0.9317302 0.4067614 0.9355226 0.4022544 0.9392032 0.3976556 0.9392032 0.3976556 0.9427698 0.3929678 0.9317302 0.4067614 0.9427698 0.3929678 0.9462204 0.3881939 0.9317302 0.4067614 0.9462204 0.3881939 0.9495528 0.3833368 0.9527649 0.3783994 0.9527649 0.3783994 0.9558549 0.3733846 0.9462204 0.3881939 0.9558549 0.3733846 0.9588209 0.3682955 0.9462204 0.3881939 0.9588209 0.3682955 0.9616611 0.3631352 0.9694103 0.3472579 0.9616611 0.3631352 0.9643738 0.3579067 0.9694103 0.3472579 0.9643738 0.3579067 0.9669575 0.3526132 0.9694103 0.3472579 0.9694103 0.3472579 0.9717311 0.341844 0.9739183 0.3363748 0.9739183 0.3363748 0.9759706 0.3308536 0.9694103 0.3472579 0.9759706 0.3308536 0.9778867 0.3252837 0.9694103 0.3472579 0.9778867 0.3252837 0.9796656 0.3196684 0.9841685 0.3025844 0.9796656 0.3196684 0.9813063 0.3140112 0.9841685 0.3025844 0.9813063 0.3140112 0.9828075 0.3083153 0.9841685 0.3025844 0.9841685 0.3025844 0.9853884 0.2968218 0.9864666 0.291031 0.9864666 0.291031 0.9874023 0.2852154 0.9881951 0.2793787 0.9881951 0.2793787 0.9888443 0.2735243 0.9893497 0.2676557 0.9893497 0.2676557 0.9897109 0.2617765 0.9899277 0.2558901 0.9899277 0.2558901 0.99 0.2500002 0.9893497 0.2323448 0.99 0.2500002 0.9899277 0.2441103 0.9893497 0.2323448 0.9899277 0.2441103 0.9897109 0.238224 0.9893497 0.2323448 0.9893497 0.2323448 0.9888443 0.2264761 0.9864667 0.2089694 0.9888443 0.2264761 0.9881951 0.2206217 0.9864667 0.2089694 0.9881951 0.2206217 0.9874024 0.2147849 0.9864667 0.2089694 0.9864667 0.2089694 0.9853885 0.2031786 0.9841685 0.197416 0.9841685 0.197416 0.9828076 0.191685 0.9813063 0.1859893 0.9813063 0.1859893 0.9796658 0.180332 0.9778869 0.1747167 0.9778869 0.1747167 0.9759707 0.1691468 0.9813063 0.1859893 0.9759707 0.1691468 0.9739184 0.1636255 0.9813063 0.1859893 0.9739184 0.1636255 0.9717313 0.1581563 0.964374 0.1420936 0.9717313 0.1581563 0.9694105 0.1527425 0.964374 0.1420936 0.9694105 0.1527425 0.9669576 0.1473871 0.964374 0.1420936 0.964374 0.1420936 0.9616613 0.1368651 0.9588211 0.1317047 0.9588211 0.1317047 0.955855 0.1266156 0.964374 0.1420936 0.955855 0.1266156 0.9527651 0.1216008 0.964374 0.1420936 0.9527651 0.1216008 0.9495529 0.1166633 0.9462205 0.1118062 0.9462205 0.1118062 0.94277 0.1070324 0.9392033 0.1023446 0.9392033 0.1023446 0.9355227 0.09774577 0.9317303 0.09323865 0.9317303 0.09323865 0.9278284 0.088826 0.9238194 0.08451038 0.9238194 0.08451038 0.9197058 0.08029448 0.9154899 0.07618081 0.9154899 0.07618081 0.9111742 0.0721718 0.9067616 0.06826996 0.9067616 0.06826996 0.9022545 0.06447756 0.888194 0.05377966 0.9022545 0.06447756 0.8976556 0.06079691 0.888194 0.05377966 0.8976556 0.06079691 0.8929679 0.05723023 0.888194 0.05377966 0.888194 0.05377966 0.8833369 0.05044728 0.8783994 0.04723513 0.8783994 0.04723513 0.8733847 0.0441451 0.8682956 0.04117912 0.8682956 0.04117912 0.8631352 0.03833884 0.8579067 0.03562611 0.8579067 0.03562611 0.8526132 0.03304255 0.8472579 0.03058958 0.8472579 0.03058958 0.841844 0.02826887 0.8363747 0.02608168 0.8363747 0.02608168 0.8308535 0.02402937 0.8252835 0.02211314 0.8252835 0.02211314 0.8196682 0.02033424 0.8025841 0.01583141 0.8196682 0.02033424 0.8140109 0.01869368 0.8025841 0.01583141 0.8140109 0.01869368 0.808315 0.01719242 0.8025841 0.01583141 0.8025841 0.01583141 0.7968215 0.01461148 0.7910306 0.01353329 0.7910306 0.01353329 0.785215 0.01259756 0.7793783 0.01180487 0.7793783 0.01180487 0.7735238 0.0111556 0.7676552 0.01065027 0.7676552 0.01065027 0.7617759 0.01028907 0.7558895 0.01007229 0.7558895 0.01007229 0.7499997 0.00999999 0.7441098 0.01007229 0.7441098 0.01007229 0.7382234 0.01028907 0.7323441 0.01065033 0.7323441 0.01065033 0.7264755 0.01115572 0.7089687 0.01353341 0.7264755 0.01115572 0.720621 0.01180493 0.7089687 0.01353341 0.720621 0.01180493 0.7147842 0.01259768 0.7089687 0.01353341 0.7089687 0.01353341 0.7031778 0.0146116 0.6859884 0.01869386 0.7031778 0.0146116 0.6974152 0.01583158 0.6859884 0.01869386 0.6974152 0.01583158 0.6916843 0.0171926 0.6859884 0.01869386 0.6859884 0.01869386 0.6803311 0.02033448 0.6747158 0.02211338 0.6747158 0.02211338 0.6691459 0.02402961 0.6859884 0.01869386 0.6691459 0.02402961 0.6636247 0.02608191 0.6859884 0.01869386 0.6636247 0.02608191 0.6581554 0.02826911 0.6527415 0.03058993 0.6527415 0.03058993 0.6473862 0.03304284 0.6420927 0.03562647 0.6420927 0.03562647 0.6368642 0.03833919 0.6317038 0.04117947 0.6317038 0.04117947 0.6266147 0.04414546 0.6420927 0.03562647 0.6266147 0.04414546 0.6215999 0.04723554 0.6420927 0.03562647 0.6215999 0.04723554 0.6166625 0.0504477 0.6023438 0.06079733 0.6166625 0.0504477 0.6118054 0.05378007 0.6023438 0.06079733 0.6118054 0.05378007 0.6070315 0.05723065 0.6023438 0.06079733 0.6023438 0.06079733 0.597745 0.06447803 0.5932379 0.06827038 0.5932379 0.06827038 0.5888252 0.07217228 0.6023438 0.06079733 0.5888252 0.07217228 0.5845096 0.07618129 0.6023438 0.06079733 0.5845096 0.07618129 0.5802937 0.08029496 0.5761801 0.08451092 0.5761801 0.08451092 0.5721711 0.08882653 0.5682693 0.09323918 0.5682693 0.09323918 0.5644769 0.09774631 0.5607963 0.1023451 0.5607963 0.1023451 0.5572296 0.1070329 0.5682693 0.09323918 0.5572296 0.1070329 0.5537791 0.1118068 0.5682693 0.09323918 0.5537791 0.1118068 0.5504468 0.1166639 0.5472346 0.1216014 0.5472346 0.1216014 0.5441446 0.1266162 0.5537791 0.1118068 0.5441446 0.1266162 0.5411786 0.1317053 0.5537791 0.1118068 0.5411786 0.1317053 0.5383384 0.1368657 0.5356257 0.1420942 0.5356257 0.1420942 0.5330421 0.1473878 0.5305892 0.1527431 0.5305892 0.1527431 0.5282685 0.158157 0.5260813 0.1636262 0.5260813 0.1636262 0.5240291 0.1691475 0.5305892 0.1527431 0.5240291 0.1691475 0.5221129 0.1747174 0.5305892 0.1527431 0.5221129 0.1747174 0.520334 0.1803328 0.5186935 0.18599 0.5186935 0.18599 0.5171923 0.1916859 0.5221129 0.1747174 0.5171923 0.1916859 0.5158312 0.1974169 0.5221129 0.1747174 0.5158312 0.1974169 0.5146113 0.2031795 0.5135332 0.2089704 0.5135332 0.2089704 0.5125975 0.2147859 0.5158312 0.1974169 0.5125975 0.2147859 0.5118048 0.2206227 0.5158312 0.1974169 0.5118048 0.2206227 0.5111556 0.2264772 0.5106502 0.2323458 0.5106502 0.2323458 0.510289 0.2382251 0.5100723 0.2441114 0.5100723 0.2441114 0.51 0.2500014 0.5100724 0.2558913 0.5100724 0.2558913 0.5102892 0.2617776 0.5100723 0.2441114 0.5102892 0.2617776 0.5106504 0.2676569 0.5100723 0.2441114 0.5106504 0.2676569 0.5111559 0.2735255 0.5135336 0.2910323 0.5111559 0.2735255 0.5118051 0.27938 0.5135336 0.2910323 0.5118051 0.27938 0.5125979 0.2852168 0.5135336 0.2910323 0.5135336 0.2910323 0.5146118 0.2968232 0.5186942 0.3140125 0.5146118 0.2968232 0.5158318 0.3025858 0.5186942 0.3140125 0.5158318 0.3025858 0.5171929 0.3083167 0.5186942 0.3140125 0.5186942 0.3140125 0.5203348 0.3196699 0.5221138 0.3252851 0.5221138 0.3252851 0.52403 0.3308551 0.5260823 0.3363763 0.5260823 0.3363763 0.5282695 0.3418455 0.5305903 0.3472594 0.5305903 0.3472594 0.5330433 0.3526147 0.5260823 0.3363763 0.5330433 0.3526147 0.535627 0.3579082 0.5260823 0.3363763 0.535627 0.3579082 0.5383397 0.3631367 0.54118 0.3682971 0.54118 0.3682971 0.5441461 0.3733862 0.535627 0.3579082 0.5441461 0.3733862 0.5472361 0.3784009 0.535627 0.3579082 0.5472361 0.3784009 0.5504483 0.3833383 0.560798 0.397657 0.5504483 0.3833383 0.5537807 0.3881954 0.560798 0.397657 0.5537807 0.3881954 0.5572313 0.3929693 0.560798 0.397657 0.560798 0.397657 0.5644786 0.4022558 0.5682711 0.4067629 0.5682711 0.4067629 0.572173 0.4111756 0.576182 0.4154911 0.576182 0.4154911 0.5802958 0.419707 0.5845116 0.4238206 0.5845116 0.4238206 0.5888273 0.4278296 0.576182 0.4154911 0.5888273 0.4278296 0.59324 0.4317314 0.576182 0.4154911 0.59324 0.4317314 0.5977472 0.4355238 0.602346 0.4392043 0.602346 0.4392043 0.6070338 0.442771 0.6118077 0.4462215 0.6118077 0.4462215 0.6166649 0.4495539 0.6317062 0.4588219 0.6166649 0.4495539 0.6216023 0.452766 0.6317062 0.4588219 0.6216023 0.452766 0.6266171 0.4558559 0.6317062 0.4588219 0.6317062 0.4588219 0.6368667 0.4616621 0.6420952 0.4643748 0.6420952 0.4643748 0.6473887 0.4669584 0.6527441 0.4694112 0.6527441 0.4694112 0.658158 0.4717319 0.6636273 0.473919 0.6636273 0.473919 0.6691485 0.4759713 0.6527441 0.4694112 0.6691485 0.4759713 0.6747185 0.4778875 0.6527441 0.4694112 0.6747185 0.4778875 0.6803339 0.4796663 0.6859911 0.4813069 0.6859911 0.4813069 0.691687 0.4828081 0.697418 0.484169 0.697418 0.484169 0.7031806 0.4853889 0.7089715 0.486467 0.7089715 0.486467 0.714787 0.4874027 0.7206238 0.4881954 0.7206238 0.4881954 0.7264783 0.4888445 0.7323469 0.4893499 0.7323469 0.4893499 0.7382262 0.489711 0.7206238 0.4881954 0.7382262 0.489711 0.7441126 0.4899278 0.7206238 0.4881954 0.7910309 0.4864667 0.8025843 0.4841685 0.814011 0.4813063 0.814011 0.4813063 0.8252837 0.4778867 0.8363748 0.4739183 0.8363748 0.4739183 0.8472579 0.4694103 0.8783994 0.4527648 0.8472579 0.4694103 0.8579067 0.4643738 0.8783994 0.4527648 0.8976556 0.4392031 0.9067615 0.4317301 0.8783994 0.4527648 0.9067615 0.4317301 0.9154898 0.4238193 0.8783994 0.4527648 0.9841685 0.3025844 0.9864666 0.291031 0.9881951 0.2793787 0.9881951 0.2793787 0.9893497 0.2676557 0.9841685 0.3025844 0.9893497 0.2676557 0.9899277 0.2558901 0.9841685 0.3025844 0.9864667 0.2089694 0.9841685 0.197416 0.9739184 0.1636255 0.9841685 0.197416 0.9813063 0.1859893 0.9739184 0.1636255 0.9527651 0.1216008 0.9462205 0.1118062 0.9238194 0.08451038 0.9462205 0.1118062 0.9392033 0.1023446 0.9238194 0.08451038 0.9392033 0.1023446 0.9317303 0.09323865 0.9238194 0.08451038 0.9238194 0.08451038 0.9154899 0.07618081 0.888194 0.05377966 0.9154899 0.07618081 0.9067616 0.06826996 0.888194 0.05377966 0.888194 0.05377966 0.8783994 0.04723513 0.8682956 0.04117912 0.8682956 0.04117912 0.8579067 0.03562611 0.888194 0.05377966 0.8579067 0.03562611 0.8472579 0.03058958 0.888194 0.05377966 0.8472579 0.03058958 0.8363747 0.02608168 0.8025841 0.01583141 0.8363747 0.02608168 0.8252835 0.02211314 0.8025841 0.01583141 0.8025841 0.01583141 0.7910306 0.01353329 0.7793783 0.01180487 0.7793783 0.01180487 0.7676552 0.01065027 0.8025841 0.01583141 0.7676552 0.01065027 0.7558895 0.01007229 0.8025841 0.01583141 0.7558895 0.01007229 0.7441098 0.01007229 0.7323441 0.01065033 0.6636247 0.02608191 0.6527415 0.03058993 0.6215999 0.04723554 0.6527415 0.03058993 0.6420927 0.03562647 0.6215999 0.04723554 0.5845096 0.07618129 0.5761801 0.08451092 0.5537791 0.1118068 0.5761801 0.08451092 0.5682693 0.09323918 0.5537791 0.1118068 0.5411786 0.1317053 0.5356257 0.1420942 0.5537791 0.1118068 0.5356257 0.1420942 0.5305892 0.1527431 0.5537791 0.1118068 0.5118048 0.2206227 0.5106502 0.2323458 0.5158312 0.1974169 0.5106502 0.2323458 0.5100723 0.2441114 0.5158312 0.1974169 0.5186942 0.3140125 0.5221138 0.3252851 0.5260823 0.3363763 0.560798 0.397657 0.5682711 0.4067629 0.5472361 0.3784009 0.5682711 0.4067629 0.576182 0.4154911 0.5472361 0.3784009 0.59324 0.4317314 0.602346 0.4392043 0.576182 0.4154911 0.602346 0.4392043 0.6118077 0.4462215 0.576182 0.4154911 0.6317062 0.4588219 0.6420952 0.4643748 0.6118077 0.4462215 0.6420952 0.4643748 0.6527441 0.4694112 0.6118077 0.4462215 0.6747185 0.4778875 0.6859911 0.4813069 0.6527441 0.4694112 0.6859911 0.4813069 0.697418 0.484169 0.6527441 0.4694112 0.697418 0.484169 0.7089715 0.486467 0.7206238 0.4881954 0.7441126 0.4899278 0.7676555 0.4893497 0.7910309 0.4864667 0.7910309 0.4864667 0.814011 0.4813063 0.7441126 0.4899278 0.814011 0.4813063 0.8363748 0.4739183 0.7441126 0.4899278 0.9154898 0.4238193 0.9317302 0.4067614 0.9694103 0.3472579 0.9317302 0.4067614 0.9462204 0.3881939 0.9694103 0.3472579 0.9462204 0.3881939 0.9588209 0.3682955 0.9694103 0.3472579 0.9694103 0.3472579 0.9778867 0.3252837 0.9841685 0.3025844 0.9899277 0.2558901 0.9893497 0.2323448 0.9864667 0.2089694 0.9739184 0.1636255 0.964374 0.1420936 0.9238194 0.08451038 0.964374 0.1420936 0.9527651 0.1216008 0.9238194 0.08451038 0.7558895 0.01007229 0.7323441 0.01065033 0.6636247 0.02608191 0.7323441 0.01065033 0.7089687 0.01353341 0.6636247 0.02608191 0.7089687 0.01353341 0.6859884 0.01869386 0.6636247 0.02608191 0.6215999 0.04723554 0.6023438 0.06079733 0.6636247 0.02608191 0.6023438 0.06079733 0.5845096 0.07618129 0.6636247 0.02608191 0.5305892 0.1527431 0.5221129 0.1747174 0.5158312 0.1974169 0.5100723 0.2441114 0.5106504 0.2676569 0.5135336 0.2910323 0.5135336 0.2910323 0.5186942 0.3140125 0.5100723 0.2441114 0.5186942 0.3140125 0.5260823 0.3363763 0.5100723 0.2441114 0.5260823 0.3363763 0.535627 0.3579082 0.576182 0.4154911 0.535627 0.3579082 0.5472361 0.3784009 0.576182 0.4154911 0.697418 0.484169 0.7206238 0.4881954 0.6527441 0.4694112 0.7206238 0.4881954 0.7441126 0.4899278 0.6527441 0.4694112 0.8363748 0.4739183 0.8783994 0.4527648 0.7441126 0.4899278 0.8783994 0.4527648 0.9154898 0.4238193 0.7441126 0.4899278 0.9694103 0.3472579 0.9841685 0.3025844 0.9899277 0.2558901 0.9899277 0.2558901 0.9864667 0.2089694 0.9238194 0.08451038 0.9864667 0.2089694 0.9739184 0.1636255 0.9238194 0.08451038 0.9238194 0.08451038 0.888194 0.05377966 0.8472579 0.03058958 0.8472579 0.03058958 0.8025841 0.01583141 0.9238194 0.08451038 0.8025841 0.01583141 0.7558895 0.01007229 0.9238194 0.08451038 0.5845096 0.07618129 0.5537791 0.1118068 0.5305892 0.1527431 0.5305892 0.1527431 0.5158312 0.1974169 0.5845096 0.07618129 0.5158312 0.1974169 0.5100723 0.2441114 0.5845096 0.07618129 0.576182 0.4154911 0.6118077 0.4462215 0.7441126 0.4899278 0.6118077 0.4462215 0.6527441 0.4694112 0.7441126 0.4899278 0.9154898 0.4238193 0.9694103 0.3472579 0.7441126 0.4899278 0.9694103 0.3472579 0.9899277 0.2558901 0.7441126 0.4899278 0.7558895 0.01007229 0.6636247 0.02608191 0.5100723 0.2441114 0.6636247 0.02608191 0.5845096 0.07618129 0.5100723 0.2441114 0.5100723 0.2441114 0.5260823 0.3363763 0.576182 0.4154911 0.9899277 0.2558901 0.9238194 0.08451038 0.7558895 0.01007229 0.5100723 0.2441114 0.576182 0.4154911 0.7441126 0.4899278 0.7441126 0.4899278 0.9899277 0.2558901 0.5100723 0.2441114</float_array>
          <technique_common>
            <accessor source="#Cylinder-mesh-map-0-array" count="3060" stride="2">
              <param name="S" type="float"/>
              <param name="T" type="float"/>
            </accessor>
          </technique_common>
        </source>
        <vertices id="Cylinder-mesh-vertices">
          <input semantic="POSITION" source="#Cylinder-mesh-positions"/>
        </vertices>
        <triangles material="Material_002-material" count="1020">
          <input semantic="VERTEX" source="#Cylinder-mesh-vertices" offset="0"/>
          <input semantic="NORMAL" source="#Cylinder-mesh-normals" offset="1"/>
          <input semantic="TEXCOORD" source="#Cylinder-mesh-map-0" offset="2" set="0"/>
          <p>1 0 0 2 0 1 0 0 2 3 1 3 4 1 4 2 1 5 5 2 6 6 2 7 4 2 8 7 3 9 8 3 10 6 3 11 9 4 12 10 4 13 8 4 14 11 5 15 12 5 16 10 5 17 13 6 18 14 6 19 12 6 20 15 7 21 16 7 22 14 7 23 17 8 24 18 8 25 16 8 26 19 9 27 20 9 28 18 9 29 21 10 30 22 10 31 20 10 32 23 11 33 24 11 34 22 11 35 25 12 36 26 12 37 24 12 38 27 13 39 28 13 40 26 13 41 29 14 42 30 14 43 28 14 44 31 15 45 32 15 46 30 15 47 33 16 48 34 16 49 32 16 50 35 17 51 36 17 52 34 17 53 37 18 54 38 18 55 36 18 56 39 19 57 40 19 58 38 19 59 41 20 60 42 20 61 40 20 62 43 21 63 44 21 64 42 21 65 45 22 66 46 22 67 44 22 68 47 23 69 48 23 70 46 23 71 49 24 72 50 24 73 48 24 74 51 25 75 52 25 76 50 25 77 53 26 78 54 26 79 52 26 80 55 27 81 56 27 82 54 27 83 57 28 84 58 28 85 56 28 86 59 29 87 60 29 88 58 29 89 61 30 90 62 30 91 60 30 92 63 31 93 64 31 94 62 31 95 65 32 96 66 32 97 64 32 98 67 33 99 68 33 100 66 33 101 69 34 102 70 34 103 68 34 104 71 35 105 72 35 106 70 35 107 73 36 108 74 36 109 72 36 110 75 37 111 76 37 112 74 37 113 77 38 114 78 38 115 76 38 116 79 39 117 80 39 118 78 39 119 81 40 120 82 40 121 80 40 122 83 41 123 84 41 124 82 41 125 85 42 126 86 42 127 84 42 128 87 43 129 88 43 130 86 43 131 89 44 132 90 44 133 88 44 134 91 45 135 92 45 136 90 45 137 93 46 138 94 46 139 92 46 140 95 47 141 96 47 142 94 47 143 97 48 144 98 48 145 96 48 146 99 49 147 100 49 148 98 49 149 101 50 150 102 50 151 100 50 152 103 51 153 104 51 154 102 51 155 105 52 156 106 52 157 104 52 158 107 53 159 108 53 160 106 53 161 109 54 162 110 54 163 108 54 164 111 55 165 112 55 166 110 55 167 113 56 168 114 56 169 112 56 170 115 57 171 116 57 172 114 57 173 117 58 174 118 58 175 116 58 176 119 59 177 120 59 178 118 59 179 121 60 180 122 60 181 120 60 182 123 61 183 124 61 184 122 61 185 125 62 186 126 62 187 124 62 188 127 63 189 128 63 190 126 63 191 129 64 192 130 64 193 128 64 194 131 65 195 132 65 196 130 65 197 133 66 198 134 66 199 132 66 200 135 67 201 136 67 202 134 67 203 137 68 204 138 68 205 136 68 206 139 69 207 140 69 208 138 69 209 141 70 210 142 70 211 140 70 212 143 71 213 144 71 214 142 71 215 145 72 216 146 72 217 144 72 218 147 73 219 148 73 220 146 73 221 149 74 222 150 74 223 148 74 224 151 75 225 152 75 226 150 75 227 153 76 228 154 76 229 152 76 230 155 77 231 156 77 232 154 77 233 157 78 234 158 78 235 156 78 236 159 79 237 160 79 238 158 79 239 161 80 240 162 80 241 160 80 242 163 81 243 164 81 244 162 81 245 165 82 246 166 82 247 164 82 248 167 83 249 168 83 250 166 83 251 169 84 252 170 84 253 168 84 254 171 85 255 172 85 256 170 85 257 173 86 258 174 86 259 172 86 260 175 87 261 176 87 262 174 87 263 177 88 264 178 88 265 176 88 266 179 89 267 180 89 268 178 89 269 181 90 270 182 90 271 180 90 272 183 91 273 184 91 274 182 91 275 185 92 276 186 92 277 184 92 278 187 93 279 188 93 280 186 93 281 189 94 282 190 94 283 188 94 284 191 95 285 192 95 286 190 95 287 193 96 288 194 96 289 192 96 290 195 97 291 196 97 292 194 97 293 197 98 294 198 98 295 196 98 296 199 99 297 200 99 298 198 99 299 201 100 300 202 100 301 200 100 302 203 101 303 204 101 304 202 101 305 205 102 306 206 102 307 204 102 308 207 103 309 208 103 310 206 103 311 209 104 312 210 104 313 208 104 314 211 105 315 212 105 316 210 105 317 213 106 318 214 106 319 212 106 320 215 107 321 216 107 322 214 107 323 217 108 324 218 108 325 216 108 326 219 109 327 220 109 328 218 109 329 221 110 330 222 110 331 220 110 332 223 111 333 224 111 334 222 111 335 225 112 336 226 112 337 224 112 338 227 113 339 228 113 340 226 113 341 229 114 342 230 114 343 228 114 344 231 115 345 232 115 346 230 115 347 233 116 348 234 116 349 232 116 350 235 117 351 236 117 352 234 117 353 237 118 354 238 118 355 236 118 356 239 119 357 240 119 358 238 119 359 241 120 360 242 120 361 240 120 362 243 121 363 244 121 364 242 121 365 245 122 366 246 122 367 244 122 368 247 123 369 248 123 370 246 123 371 249 124 372 250 124 373 248 124 374 251 125 375 252 125 376 250 125 377 253 126 378 254 126 379 252 126 380 255 127 381 256 127 382 254 127 383 257 128 384 258 128 385 256 128 386 259 129 387 260 129 388 258 129 389 261 130 390 262 130 391 260 130 392 263 131 393 264 131 394 262 131 395 265 132 396 266 132 397 264 132 398 267 133 399 268 133 400 266 133 401 269 134 402 270 134 403 268 134 404 271 135 405 272 135 406 270 135 407 273 136 408 274 136 409 272 136 410 275 137 411 276 137 412 274 137 413 277 138 414 278 138 415 276 138 416 279 139 417 280 139 418 278 139 419 281 140 420 282 140 421 280 140 422 283 141 423 284 141 424 282 141 425 285 142 426 286 142 427 284 142 428 287 143 429 288 143 430 286 143 431 289 144 432 290 144 433 288 144 434 291 145 435 292 145 436 290 145 437 293 146 438 294 146 439 292 146 440 295 147 441 296 147 442 294 147 443 297 148 444 298 148 445 296 148 446 299 149 447 300 149 448 298 149 449 301 150 450 302 150 451 300 150 452 303 151 453 304 151 454 302 151 455 305 152 456 306 152 457 304 152 458 307 153 459 308 153 460 306 153 461 309 154 462 310 154 463 308 154 464 311 155 465 312 155 466 310 155 467 313 156 468 314 156 469 312 156 470 315 157 471 316 157 472 314 157 473 317 158 474 318 158 475 316 158 476 319 159 477 320 159 478 318 159 479 321 160 480 322 160 481 320 160 482 323 161 483 324 161 484 322 161 485 325 162 486 326 162 487 324 162 488 327 163 489 328 163 490 326 163 491 329 164 492 330 164 493 328 164 494 331 165 495 332 165 496 330 165 497 333 166 498 334 166 499 332 166 500 335 167 501 336 167 502 334 167 503 337 168 504 338 168 505 336 168 506 339 169 507 340 169 508 338 169 509 341 170 510 342 170 511 340 170 512 343 171 513 344 171 514 342 171 515 345 172 516 346 172 517 344 172 518 347 173 519 348 173 520 346 173 521 349 174 522 350 174 523 348 174 524 351 175 525 352 175 526 350 175 527 353 176 528 354 176 529 352 176 530 355 177 531 356 177 532 354 177 533 357 178 534 358 178 535 356 178 536 359 179 537 360 179 538 358 179 539 361 180 540 362 180 541 360 180 542 363 181 543 364 181 544 362 181 545 365 182 546 366 182 547 364 182 548 367 183 549 368 183 550 366 183 551 369 184 552 370 184 553 368 184 554 371 185 555 372 185 556 370 185 557 373 186 558 374 186 559 372 186 560 375 187 561 376 187 562 374 187 563 377 188 564 378 188 565 376 188 566 379 189 567 380 189 568 378 189 569 381 190 570 382 190 571 380 190 572 383 191 573 384 191 574 382 191 575 385 192 576 386 192 577 384 192 578 387 193 579 388 193 580 386 193 581 389 194 582 390 194 583 388 194 584 391 195 585 392 195 586 390 195 587 393 196 588 394 196 589 392 196 590 395 197 591 396 197 592 394 197 593 397 198 594 398 198 595 396 198 596 399 199 597 400 199 598 398 199 599 401 200 600 402 200 601 400 200 602 403 201 603 404 201 604 402 201 605 405 202 606 406 202 607 404 202 608 407 203 609 408 203 610 406 203 611 409 204 612 410 204 613 408 204 614 411 205 615 412 205 616 410 205 617 413 206 618 414 206 619 412 206 620 415 207 621 416 207 622 414 207 623 417 208 624 418 208 625 416 208 626 419 209 627 420 209 628 418 209 629 421 210 630 422 210 631 420 210 632 423 211 633 424 211 634 422 211 635 425 212 636 426 212 637 424 212 638 427 213 639 428 213 640 426 213 641 429 214 642 430 214 643 428 214 644 431 215 645 432 215 646 430 215 647 433 216 648 434 216 649 432 216 650 435 217 651 436 217 652 434 217 653 437 218 654 438 218 655 436 218 656 439 219 657 440 219 658 438 219 659 441 220 660 442 220 661 440 220 662 443 221 663 444 221 664 442 221 665 445 222 666 446 222 667 444 222 668 447 223 669 448 223 670 446 223 671 449 224 672 450 224 673 448 224 674 451 225 675 452 225 676 450 225 677 453 226 678 454 226 679 452 226 680 455 227 681 456 227 682 454 227 683 457 228 684 458 228 685 456 228 686 459 229 687 460 229 688 458 229 689 461 230 690 462 230 691 460 230 692 463 231 693 464 231 694 462 231 695 465 232 696 466 232 697 464 232 698 467 233 699 468 233 700 466 233 701 469 234 702 470 234 703 468 234 704 471 235 705 472 235 706 470 235 707 473 236 708 474 236 709 472 236 710 475 237 711 476 237 712 474 237 713 477 238 714 478 238 715 476 238 716 479 239 717 480 239 718 478 239 719 481 240 720 482 240 721 480 240 722 483 241 723 484 241 724 482 241 725 485 242 726 486 242 727 484 242 728 487 243 729 488 243 730 486 243 731 489 244 732 490 244 733 488 244 734 491 245 735 492 245 736 490 245 737 493 246 738 494 246 739 492 246 740 495 247 741 496 247 742 494 247 743 497 248 744 498 248 745 496 248 746 499 249 747 500 249 748 498 249 749 501 250 750 502 250 751 500 250 752 503 251 753 504 251 754 502 251 755 505 252 756 506 252 757 504 252 758 507 253 759 508 253 760 506 253 761 389 254 762 261 254 763 133 254 764 509 255 765 510 255 766 508 255 767 511 256 768 0 256 769 510 256 770 126 257 771 254 257 772 382 257 773 1 0 774 3 0 775 2 0 776 3 258 777 5 258 778 4 258 779 5 2 780 7 2 781 6 2 782 7 259 783 9 259 784 8 259 785 9 260 786 11 260 787 10 260 788 11 261 789 13 261 790 12 261 791 13 262 792 15 262 793 14 262 794 15 263 795 17 263 796 16 263 797 17 264 798 19 264 799 18 264 800 19 265 801 21 265 802 20 265 803 21 266 804 23 266 805 22 266 806 23 267 807 25 267 808 24 267 809 25 268 810 27 268 811 26 268 812 27 269 813 29 269 814 28 269 815 29 14 816 31 14 817 30 14 818 31 270 819 33 270 820 32 270 821 33 271 822 35 271 823 34 271 824 35 272 825 37 272 826 36 272 827 37 18 828 39 18 829 38 18 830 39 273 831 41 273 832 40 273 833 41 274 834 43 274 835 42 274 836 43 275 837 45 275 838 44 275 839 45 276 840 47 276 841 46 276 842 47 23 843 49 23 844 48 23 845 49 277 846 51 277 847 50 277 848 51 278 849 53 278 850 52 278 851 53 26 852 55 26 853 54 26 854 55 279 855 57 279 856 56 279 857 57 28 858 59 28 859 58 28 860 59 280 861 61 280 862 60 280 863 61 281 864 63 281 865 62 281 866 63 31 867 65 31 868 64 31 869 65 282 870 67 282 871 66 282 872 67 283 873 69 283 874 68 283 875 69 284 876 71 284 877 70 284 878 71 35 879 73 35 880 72 35 881 73 285 882 75 285 883 74 285 884 75 37 885 77 37 886 76 37 887 77 286 888 79 286 889 78 286 890 79 287 891 81 287 892 80 287 893 81 288 894 83 288 895 82 288 896 83 289 897 85 289 898 84 289 899 85 290 900 87 290 901 86 290 902 87 291 903 89 291 904 88 291 905 89 292 906 91 292 907 90 292 908 91 45 909 93 45 910 92 45 911 93 293 912 95 293 913 94 293 914 95 294 915 97 294 916 96 294 917 97 295 918 99 295 919 98 295 920 99 49 921 101 49 922 100 49 923 101 296 924 103 296 925 102 296 926 103 297 927 105 297 928 104 297 929 105 298 930 107 298 931 106 298 932 107 299 933 109 299 934 108 299 935 109 300 936 111 300 937 110 300 938 111 55 939 113 55 940 112 55 941 113 56 942 115 56 943 114 56 944 115 57 945 117 57 946 116 57 947 117 301 948 119 301 949 118 301 950 119 59 951 121 59 952 120 59 953 121 302 954 123 302 955 122 302 956 123 61 957 125 61 958 124 61 959 125 303 960 127 303 961 126 303 962 127 63 963 129 63 964 128 63 965 129 64 966 131 64 967 130 64 968 131 304 969 133 304 970 132 304 971 133 66 972 135 66 973 134 66 974 135 67 975 137 67 976 136 67 977 137 68 978 139 68 979 138 68 980 139 69 981 141 69 982 140 69 983 141 70 984 143 70 985 142 70 986 143 305 987 145 305 988 144 305 989 145 72 990 147 72 991 146 72 992 147 73 993 149 73 994 148 73 995 149 74 996 151 74 997 150 74 998 151 306 999 153 306 1000 152 306 1001 153 307 1002 155 307 1003 154 307 1004 155 77 1005 157 77 1006 156 77 1007 157 78 1008 159 78 1009 158 78 1010 159 308 1011 161 308 1012 160 308 1013 161 309 1014 163 309 1015 162 309 1016 163 310 1017 165 310 1018 164 310 1019 165 82 1020 167 82 1021 166 82 1022 167 311 1023 169 311 1024 168 311 1025 169 84 1026 171 84 1027 170 84 1028 171 312 1029 173 312 1030 172 312 1031 173 86 1032 175 86 1033 174 86 1034 175 313 1035 177 313 1036 176 313 1037 177 314 1038 179 314 1039 178 314 1040 179 315 1041 181 315 1042 180 315 1043 181 316 1044 183 316 1045 182 316 1046 183 317 1047 185 317 1048 184 317 1049 185 92 1050 187 92 1051 186 92 1052 187 318 1053 189 318 1054 188 318 1055 189 319 1056 191 319 1057 190 319 1058 191 320 1059 193 320 1060 192 320 1061 193 321 1062 195 321 1063 194 321 1064 195 322 1065 197 322 1066 196 322 1067 197 323 1068 199 323 1069 198 323 1070 199 99 1071 201 99 1072 200 99 1073 201 324 1074 203 324 1075 202 324 1076 203 325 1077 205 325 1078 204 325 1079 205 102 1080 207 102 1081 206 102 1082 207 103 1083 209 103 1084 208 103 1085 209 326 1086 211 326 1087 210 326 1088 211 327 1089 213 327 1090 212 327 1091 213 328 1092 215 328 1093 214 328 1094 215 329 1095 217 329 1096 216 329 1097 217 330 1098 219 330 1099 218 330 1100 219 109 1101 221 109 1102 220 109 1103 221 110 1104 223 110 1105 222 110 1106 223 111 1107 225 111 1108 224 111 1109 225 331 1110 227 331 1111 226 331 1112 227 332 1113 229 332 1114 228 332 1115 229 114 1116 231 114 1117 230 114 1118 231 333 1119 233 333 1120 232 333 1121 233 116 1122 235 116 1123 234 116 1124 235 117 1125 237 117 1126 236 117 1127 237 334 1128 239 334 1129 238 334 1130 239 335 1131 241 335 1132 240 335 1133 241 120 1134 243 120 1135 242 120 1136 243 336 1137 245 336 1138 244 336 1139 245 337 1140 247 337 1141 246 337 1142 247 338 1143 249 338 1144 248 338 1145 249 339 1146 251 339 1147 250 339 1148 251 340 1149 253 340 1150 252 340 1151 253 341 1152 255 341 1153 254 341 1154 255 342 1155 257 342 1156 256 342 1157 257 343 1158 259 343 1159 258 343 1160 259 344 1161 261 344 1162 260 344 1163 261 345 1164 263 345 1165 262 345 1166 263 131 1167 265 131 1168 264 131 1169 265 346 1170 267 346 1171 266 346 1172 267 347 1173 269 347 1174 268 347 1175 269 134 1176 271 134 1177 270 134 1178 271 348 1179 273 348 1180 272 348 1181 273 136 1182 275 136 1183 274 136 1184 275 349 1185 277 349 1186 276 349 1187 277 350 1188 279 350 1189 278 350 1190 279 139 1191 281 139 1192 280 139 1193 281 140 1194 283 140 1195 282 140 1196 283 351 1197 285 351 1198 284 351 1199 285 352 1200 287 352 1201 286 352 1202 287 353 1203 289 353 1204 288 353 1205 289 354 1206 291 354 1207 290 354 1208 291 145 1209 293 145 1210 292 145 1211 293 355 1212 295 355 1213 294 355 1214 295 147 1215 297 147 1216 296 147 1217 297 356 1218 299 356 1219 298 356 1220 299 357 1221 301 357 1222 300 357 1223 301 358 1224 303 358 1225 302 358 1226 303 151 1227 305 151 1228 304 151 1229 305 359 1230 307 359 1231 306 359 1232 307 360 1233 309 360 1234 308 360 1235 309 361 1236 311 361 1237 310 361 1238 311 155 1239 313 155 1240 312 155 1241 313 362 1242 315 362 1243 314 362 1244 315 363 1245 317 363 1246 316 363 1247 317 364 1248 319 364 1249 318 364 1250 319 365 1251 321 365 1252 320 365 1253 321 366 1254 323 366 1255 322 366 1256 323 367 1257 325 367 1258 324 367 1259 325 368 1260 327 368 1261 326 368 1262 327 369 1263 329 369 1264 328 369 1265 329 370 1266 331 370 1267 330 370 1268 331 371 1269 333 371 1270 332 371 1271 333 372 1272 335 372 1273 334 372 1274 335 373 1275 337 373 1276 336 373 1277 337 374 1278 339 374 1279 338 374 1280 339 375 1281 341 375 1282 340 375 1283 341 376 1284 343 376 1285 342 376 1286 343 377 1287 345 377 1288 344 377 1289 345 378 1290 347 378 1291 346 378 1292 347 173 1293 349 173 1294 348 173 1295 349 174 1296 351 174 1297 350 174 1298 351 175 1299 353 175 1300 352 175 1301 353 176 1302 355 176 1303 354 176 1304 355 177 1305 357 177 1306 356 177 1307 357 178 1308 359 178 1309 358 178 1310 359 179 1311 361 179 1312 360 179 1313 361 379 1314 363 379 1315 362 379 1316 363 380 1317 365 380 1318 364 380 1319 365 182 1320 367 182 1321 366 182 1322 367 381 1323 369 381 1324 368 381 1325 369 382 1326 371 382 1327 370 382 1328 371 383 1329 373 383 1330 372 383 1331 373 186 1332 375 186 1333 374 186 1334 375 384 1335 377 384 1336 376 384 1337 377 188 1338 379 188 1339 378 188 1340 379 385 1341 381 385 1342 380 385 1343 381 190 1344 383 190 1345 382 190 1346 383 386 1347 385 386 1348 384 386 1349 385 192 1350 387 192 1351 386 192 1352 387 387 1353 389 387 1354 388 387 1355 389 194 1356 391 194 1357 390 194 1358 391 388 1359 393 388 1360 392 388 1361 393 196 1362 395 196 1363 394 196 1364 395 389 1365 397 389 1366 396 389 1367 397 198 1368 399 198 1369 398 198 1370 399 199 1371 401 199 1372 400 199 1373 401 390 1374 403 390 1375 402 390 1376 403 201 1377 405 201 1378 404 201 1379 405 391 1380 407 391 1381 406 391 1382 407 392 1383 409 392 1384 408 392 1385 409 204 1386 411 204 1387 410 204 1388 411 393 1389 413 393 1390 412 393 1391 413 206 1392 415 206 1393 414 206 1394 415 207 1395 417 207 1396 416 207 1397 417 394 1398 419 394 1399 418 394 1400 419 209 1401 421 209 1402 420 209 1403 421 210 1404 423 210 1405 422 210 1406 423 395 1407 425 395 1408 424 395 1409 425 396 1410 427 396 1411 426 396 1412 427 213 1413 429 213 1414 428 213 1415 429 397 1416 431 397 1417 430 397 1418 431 398 1419 433 398 1420 432 398 1421 433 399 1422 435 399 1423 434 399 1424 435 400 1425 437 400 1426 436 400 1427 437 218 1428 439 218 1429 438 218 1430 439 219 1431 441 219 1432 440 219 1433 441 401 1434 443 401 1435 442 401 1436 443 221 1437 445 221 1438 444 221 1439 445 222 1440 447 222 1441 446 222 1442 447 402 1443 449 402 1444 448 402 1445 449 403 1446 451 403 1447 450 403 1448 451 404 1449 453 404 1450 452 404 1451 453 226 1452 455 226 1453 454 226 1454 455 405 1455 457 405 1456 456 405 1457 457 406 1458 459 406 1459 458 406 1460 459 229 1461 461 229 1462 460 229 1463 461 230 1464 463 230 1465 462 230 1466 463 407 1467 465 407 1468 464 407 1469 465 408 1470 467 408 1471 466 408 1472 467 233 1473 469 233 1474 468 233 1475 469 234 1476 471 234 1477 470 234 1478 471 235 1479 473 235 1480 472 235 1481 473 409 1482 475 409 1483 474 409 1484 475 410 1485 477 410 1486 476 410 1487 477 238 1488 479 238 1489 478 238 1490 479 411 1491 481 411 1492 480 411 1493 481 412 1494 483 412 1495 482 412 1496 483 241 1497 485 241 1498 484 241 1499 485 413 1500 487 413 1501 486 413 1502 487 243 1503 489 243 1504 488 243 1505 489 414 1506 491 414 1507 490 414 1508 491 415 1509 493 415 1510 492 415 1511 493 246 1512 495 246 1513 494 246 1514 495 247 1515 497 247 1516 496 247 1517 497 416 1518 499 416 1519 498 416 1520 499 417 1521 501 417 1522 500 417 1523 501 418 1524 503 418 1525 502 418 1526 503 419 1527 505 419 1528 504 419 1529 505 420 1530 507 420 1531 506 420 1532 507 421 1533 509 421 1534 508 421 1535 5 422 1536 3 422 1537 1 422 1538 1 423 1539 511 423 1540 509 423 1541 509 424 1542 507 424 1543 505 424 1544 505 424 1545 503 424 1546 501 424 1547 501 425 1548 499 425 1549 493 425 1550 499 424 1551 497 424 1552 493 424 1553 497 424 1554 495 424 1555 493 424 1556 493 424 1557 491 424 1558 489 424 1559 489 426 1560 487 426 1561 485 426 1562 485 424 1563 483 424 1564 481 424 1565 481 424 1566 479 424 1567 485 424 1568 479 424 1569 477 424 1570 485 424 1571 477 424 1572 475 424 1573 473 424 1574 473 424 1575 471 424 1576 469 424 1577 469 427 1578 467 427 1579 465 427 1580 465 424 1581 463 424 1582 461 424 1583 461 428 1584 459 428 1585 453 428 1586 459 424 1587 457 424 1588 453 424 1589 457 424 1590 455 424 1591 453 424 1592 453 424 1593 451 424 1594 449 424 1595 449 424 1596 447 424 1597 445 424 1598 445 424 1599 443 424 1600 437 424 1601 443 424 1602 441 424 1603 437 424 1604 441 424 1605 439 424 1606 437 424 1607 437 424 1608 435 424 1609 433 424 1610 433 429 1611 431 429 1612 429 429 1613 429 424 1614 427 424 1615 425 424 1616 425 424 1617 423 424 1618 429 424 1619 423 430 1620 421 430 1621 429 430 1622 421 431 1623 419 431 1624 417 431 1625 417 424 1626 415 424 1627 421 424 1628 415 432 1629 413 432 1630 421 432 1631 413 424 1632 411 424 1633 409 424 1634 409 424 1635 407 424 1636 413 424 1637 407 424 1638 405 424 1639 413 424 1640 405 424 1641 403 424 1642 397 424 1643 403 433 1644 401 433 1645 397 433 1646 401 424 1647 399 424 1648 397 424 1649 397 434 1650 395 434 1651 393 434 1652 393 435 1653 391 435 1654 389 435 1655 389 436 1656 387 436 1657 385 436 1658 385 437 1659 383 437 1660 389 437 1661 383 438 1662 381 438 1663 389 438 1664 381 424 1665 379 424 1666 373 424 1667 379 424 1668 377 424 1669 373 424 1670 377 424 1671 375 424 1672 373 424 1673 373 439 1674 371 439 1675 369 439 1676 369 424 1677 367 424 1678 373 424 1679 367 424 1680 365 424 1681 373 424 1682 365 424 1683 363 424 1684 357 424 1685 363 440 1686 361 440 1687 357 440 1688 361 441 1689 359 441 1690 357 441 1691 357 424 1692 355 424 1693 353 424 1694 353 424 1695 351 424 1696 357 424 1697 351 424 1698 349 424 1699 357 424 1700 349 442 1701 347 442 1702 341 442 1703 347 443 1704 345 443 1705 341 443 1706 345 424 1707 343 424 1708 341 424 1709 341 424 1710 339 424 1711 337 424 1712 337 444 1713 335 444 1714 333 444 1715 333 445 1716 331 445 1717 329 445 1718 329 446 1719 327 446 1720 325 446 1721 325 424 1722 323 424 1723 317 424 1724 323 447 1725 321 447 1726 317 447 1727 321 448 1728 319 448 1729 317 448 1730 317 448 1731 315 448 1732 313 448 1733 313 424 1734 311 424 1735 317 424 1736 311 424 1737 309 424 1738 317 424 1739 309 424 1740 307 424 1741 305 424 1742 305 449 1743 303 449 1744 301 449 1745 301 450 1746 299 450 1747 297 450 1748 297 424 1749 295 424 1750 293 424 1751 293 424 1752 291 424 1753 285 424 1754 291 451 1755 289 451 1756 285 451 1757 289 452 1758 287 452 1759 285 452 1760 285 453 1761 283 453 1762 281 453 1763 281 454 1764 279 454 1765 285 454 1766 279 424 1767 277 424 1768 285 424 1769 277 424 1770 275 424 1771 273 424 1772 273 424 1773 271 424 1774 277 424 1775 271 455 1776 269 455 1777 277 455 1778 269 456 1779 267 456 1780 265 456 1781 265 457 1782 263 457 1783 261 457 1784 261 458 1785 259 458 1786 257 458 1787 257 459 1788 255 459 1789 253 459 1790 253 424 1791 251 424 1792 245 424 1793 251 424 1794 249 424 1795 245 424 1796 249 424 1797 247 424 1798 245 424 1799 245 424 1800 243 424 1801 237 424 1802 243 460 1803 241 460 1804 237 460 1805 241 461 1806 239 461 1807 237 461 1808 237 462 1809 235 462 1810 233 462 1811 233 463 1812 231 463 1813 229 463 1814 229 424 1815 227 424 1816 225 424 1817 225 462 1818 223 462 1819 221 462 1820 221 464 1821 219 464 1822 213 464 1823 219 465 1824 217 465 1825 213 465 1826 217 466 1827 215 466 1828 213 466 1829 213 424 1830 211 424 1831 205 424 1832 211 467 1833 209 467 1834 205 467 1835 209 424 1836 207 424 1837 205 424 1838 205 448 1839 203 448 1840 201 448 1841 201 468 1842 199 468 1843 197 468 1844 197 424 1845 195 424 1846 189 424 1847 195 469 1848 193 469 1849 189 469 1850 193 424 1851 191 424 1852 189 424 1853 189 470 1854 187 470 1855 185 470 1856 185 424 1857 183 424 1858 181 424 1859 181 471 1860 179 471 1861 173 471 1862 179 472 1863 177 472 1864 173 472 1865 177 424 1866 175 424 1867 173 424 1868 173 424 1869 171 424 1870 169 424 1871 169 473 1872 167 473 1873 173 473 1874 167 474 1875 165 474 1876 173 474 1877 165 475 1878 163 475 1879 157 475 1880 163 424 1881 161 424 1882 157 424 1883 161 424 1884 159 424 1885 157 424 1886 157 424 1887 155 424 1888 153 424 1889 153 424 1890 151 424 1891 149 424 1892 149 476 1893 147 476 1894 145 476 1895 145 424 1896 143 424 1897 149 424 1898 143 424 1899 141 424 1900 149 424 1901 141 424 1902 139 424 1903 137 424 1904 137 477 1905 135 477 1906 141 477 1907 135 424 1908 133 424 1909 141 424 1910 133 424 1911 131 424 1912 125 424 1913 131 478 1914 129 478 1915 125 478 1916 129 479 1917 127 479 1918 125 479 1919 125 480 1920 123 480 1921 117 480 1922 123 481 1923 121 481 1924 117 481 1925 121 482 1926 119 482 1927 117 482 1928 117 424 1929 115 424 1930 109 424 1931 115 483 1932 113 483 1933 109 483 1934 113 424 1935 111 424 1936 109 424 1937 109 431 1938 107 431 1939 105 431 1940 105 424 1941 103 424 1942 101 424 1943 101 424 1944 99 424 1945 97 424 1946 97 424 1947 95 424 1948 101 424 1949 95 424 1950 93 424 1951 101 424 1952 93 484 1953 91 484 1954 89 484 1955 89 424 1956 87 424 1957 85 424 1958 85 485 1959 83 485 1960 77 485 1961 83 467 1962 81 467 1963 77 467 1964 81 424 1965 79 424 1966 77 424 1967 77 424 1968 75 424 1969 73 424 1970 73 424 1971 71 424 1972 77 424 1973 71 424 1974 69 424 1975 77 424 1976 69 424 1977 67 424 1978 61 424 1979 67 424 1980 65 424 1981 61 424 1982 65 424 1983 63 424 1984 61 424 1985 61 424 1986 59 424 1987 53 424 1988 59 486 1989 57 486 1990 53 486 1991 57 424 1992 55 424 1993 53 424 1994 53 466 1995 51 466 1996 49 466 1997 49 424 1998 47 424 1999 45 424 2000 45 487 2001 43 487 2002 41 487 2003 41 450 2004 39 450 2005 37 450 2006 37 424 2007 35 424 2008 33 424 2009 33 424 2010 31 424 2011 29 424 2012 29 424 2013 27 424 2014 21 424 2015 27 424 2016 25 424 2017 21 424 2018 25 424 2019 23 424 2020 21 424 2021 21 424 2022 19 424 2023 13 424 2024 19 424 2025 17 424 2026 13 424 2027 17 424 2028 15 424 2029 13 424 2030 13 488 2031 11 488 2032 9 488 2033 9 489 2034 7 489 2035 5 489 2036 5 490 2037 1 490 2038 509 490 2039 509 424 2040 505 424 2041 501 424 2042 493 424 2043 489 424 2044 501 424 2045 489 424 2046 485 424 2047 501 424 2048 477 491 2049 473 491 2050 485 491 2051 473 492 2052 469 492 2053 485 492 2054 469 424 2055 465 424 2056 461 424 2057 453 424 2058 449 424 2059 445 424 2060 437 493 2061 433 493 2062 429 493 2063 397 424 2064 393 424 2065 405 424 2066 393 494 2067 389 494 2068 405 494 2069 341 424 2070 337 424 2071 333 424 2072 333 424 2073 329 424 2074 341 424 2075 329 424 2076 325 424 2077 341 424 2078 309 424 2079 305 424 2080 293 424 2081 305 424 2082 301 424 2083 293 424 2084 301 424 2085 297 424 2086 293 424 2087 269 424 2088 265 424 2089 277 424 2090 265 424 2091 261 424 2092 277 424 2093 261 424 2094 257 424 2095 245 424 2096 257 424 2097 253 424 2098 245 424 2099 237 495 2100 233 495 2101 229 495 2102 229 424 2103 225 424 2104 213 424 2105 225 496 2106 221 496 2107 213 496 2108 205 424 2109 201 424 2110 213 424 2111 201 424 2112 197 424 2113 213 424 2114 189 497 2115 185 497 2116 197 497 2117 185 424 2118 181 424 2119 197 424 2120 157 424 2121 153 424 2122 149 424 2123 109 498 2124 105 498 2125 101 498 2126 93 424 2127 89 424 2128 101 424 2129 89 424 2130 85 424 2131 101 424 2132 53 499 2133 49 499 2134 37 499 2135 49 496 2136 45 496 2137 37 496 2138 45 424 2139 41 424 2140 37 424 2141 37 500 2142 33 500 2143 21 500 2144 33 424 2145 29 424 2146 21 424 2147 13 501 2148 9 501 2149 21 501 2150 9 502 2151 5 502 2152 21 502 2153 5 424 2154 509 424 2155 485 424 2156 509 424 2157 501 424 2158 485 424 2159 469 424 2160 461 424 2161 485 424 2162 461 503 2163 453 503 2164 485 503 2165 453 504 2166 445 504 2167 437 504 2168 437 424 2169 429 424 2170 453 424 2171 429 424 2172 421 424 2173 453 424 2174 421 424 2175 413 424 2176 389 424 2177 413 505 2178 405 505 2179 389 505 2180 389 506 2181 381 506 2182 373 506 2183 373 507 2184 365 507 2185 389 507 2186 365 424 2187 357 424 2188 389 424 2189 357 424 2190 349 424 2191 341 424 2192 325 424 2193 317 424 2194 293 424 2195 317 424 2196 309 424 2197 293 424 2198 293 424 2199 285 424 2200 261 424 2201 285 424 2202 277 424 2203 261 424 2204 245 424 2205 237 424 2206 261 424 2207 237 424 2208 229 424 2209 261 424 2210 181 508 2211 173 508 2212 197 508 2213 173 424 2214 165 424 2215 197 424 2216 165 509 2217 157 509 2218 149 509 2219 149 424 2220 141 424 2221 165 424 2222 141 510 2223 133 510 2224 165 510 2225 133 424 2226 125 424 2227 117 424 2228 117 511 2229 109 511 2230 101 511 2231 85 512 2232 77 512 2233 101 512 2234 77 424 2235 69 424 2236 101 424 2237 69 504 2238 61 504 2239 53 504 2240 357 424 2241 341 424 2242 389 424 2243 341 513 2244 325 513 2245 389 513 2246 229 514 2247 213 514 2248 197 514 2249 133 515 2250 117 515 2251 69 515 2252 117 516 2253 101 516 2254 69 516 2255 69 424 2256 53 424 2257 37 424 2258 37 424 2259 21 424 2260 69 424 2261 21 424 2262 5 424 2263 69 424 2264 5 424 2265 485 424 2266 453 424 2267 453 517 2268 421 517 2269 389 517 2270 325 518 2271 293 518 2272 261 518 2273 261 424 2274 229 424 2275 197 424 2276 197 424 2277 165 424 2278 261 424 2279 165 424 2280 133 424 2281 261 424 2282 5 519 2283 453 519 2284 389 519 2285 389 520 2286 325 520 2287 261 520 2288 133 521 2289 69 521 2290 5 521 2291 5 522 2292 389 522 2293 133 522 2294 509 523 2295 511 523 2296 510 523 2297 511 256 2298 1 256 2299 0 256 2300 510 257 2301 0 257 2302 6 257 2303 0 257 2304 2 257 2305 6 257 2306 2 257 2307 4 257 2308 6 257 2309 6 257 2310 8 257 2311 14 257 2312 8 257 2313 10 257 2314 14 257 2315 10 257 2316 12 257 2317 14 257 2318 14 524 2319 16 524 2320 18 524 2321 18 525 2322 20 525 2323 22 525 2324 22 526 2325 24 526 2326 26 526 2327 26 526 2328 28 526 2329 30 526 2330 30 257 2331 32 257 2332 34 257 2333 34 527 2334 36 527 2335 38 527 2336 38 257 2337 40 257 2338 42 257 2339 42 257 2340 44 257 2341 38 257 2342 44 528 2343 46 528 2344 38 528 2345 46 529 2346 48 529 2347 54 529 2348 48 257 2349 50 257 2350 54 257 2351 50 257 2352 52 257 2353 54 257 2354 54 257 2355 56 257 2356 58 257 2357 58 530 2358 60 530 2359 62 530 2360 62 257 2361 64 257 2362 70 257 2363 64 257 2364 66 257 2365 70 257 2366 66 257 2367 68 257 2368 70 257 2369 70 531 2370 72 531 2371 74 531 2372 74 257 2373 76 257 2374 70 257 2375 76 257 2376 78 257 2377 70 257 2378 78 257 2379 80 257 2380 82 257 2381 82 257 2382 84 257 2383 78 257 2384 84 257 2385 86 257 2386 78 257 2387 86 257 2388 88 257 2389 94 257 2390 88 532 2391 90 532 2392 94 532 2393 90 531 2394 92 531 2395 94 531 2396 94 531 2397 96 531 2398 98 531 2399 98 257 2400 100 257 2401 94 257 2402 100 533 2403 102 533 2404 94 533 2405 102 534 2406 104 534 2407 110 534 2408 104 535 2409 106 535 2410 110 535 2411 106 530 2412 108 530 2413 110 530 2414 110 257 2415 112 257 2416 114 257 2417 114 257 2418 116 257 2419 118 257 2420 118 536 2421 120 536 2422 122 536 2423 122 257 2424 124 257 2425 126 257 2426 126 537 2427 128 537 2428 134 537 2429 128 257 2430 130 257 2431 134 257 2432 130 538 2433 132 538 2434 134 538 2435 134 539 2436 136 539 2437 142 539 2438 136 540 2439 138 540 2440 142 540 2441 138 541 2442 140 541 2443 142 541 2444 142 542 2445 144 542 2446 146 542 2447 146 257 2448 148 257 2449 150 257 2450 150 257 2451 152 257 2452 154 257 2453 154 257 2454 156 257 2455 150 257 2456 156 257 2457 158 257 2458 150 257 2459 158 257 2460 160 257 2461 166 257 2462 160 257 2463 162 257 2464 166 257 2465 162 257 2466 164 257 2467 166 257 2468 166 541 2469 168 541 2470 170 541 2471 170 257 2472 172 257 2473 166 257 2474 172 543 2475 174 543 2476 166 543 2477 174 530 2478 176 530 2479 178 530 2480 178 544 2481 180 544 2482 182 544 2483 182 257 2484 184 257 2485 186 257 2486 186 545 2487 188 545 2488 190 545 2489 190 257 2490 192 257 2491 194 257 2492 194 530 2493 196 530 2494 198 530 2495 198 546 2496 200 546 2497 206 546 2498 200 547 2499 202 547 2500 206 547 2501 202 548 2502 204 548 2503 206 548 2504 206 257 2505 208 257 2506 210 257 2507 210 257 2508 212 257 2509 214 257 2510 214 257 2511 216 257 2512 218 257 2513 218 257 2514 220 257 2515 222 257 2516 222 549 2517 224 549 2518 226 549 2519 226 257 2520 228 257 2521 230 257 2522 230 257 2523 232 257 2524 238 257 2525 232 257 2526 234 257 2527 238 257 2528 234 550 2529 236 550 2530 238 550 2531 238 257 2532 240 257 2533 242 257 2534 242 257 2535 244 257 2536 246 257 2537 246 257 2538 248 257 2539 250 257 2540 250 551 2541 252 551 2542 254 551 2543 254 257 2544 256 257 2545 258 257 2546 258 552 2547 260 552 2548 262 552 2549 262 553 2550 264 553 2551 270 553 2552 264 554 2553 266 554 2554 270 554 2555 266 257 2556 268 257 2557 270 257 2558 270 257 2559 272 257 2560 278 257 2561 272 555 2562 274 555 2563 278 555 2564 274 257 2565 276 257 2566 278 257 2567 278 527 2568 280 527 2569 282 527 2570 282 556 2571 284 556 2572 278 556 2573 284 257 2574 286 257 2575 278 257 2576 286 257 2577 288 257 2578 290 257 2579 290 257 2580 292 257 2581 294 257 2582 294 257 2583 296 257 2584 298 257 2585 298 557 2586 300 557 2587 294 557 2588 300 257 2589 302 257 2590 294 257 2591 302 257 2592 304 257 2593 310 257 2594 304 257 2595 306 257 2596 310 257 2597 306 530 2598 308 530 2599 310 530 2600 310 530 2601 312 530 2602 314 530 2603 314 257 2604 316 257 2605 310 257 2606 316 257 2607 318 257 2608 310 257 2609 318 558 2610 320 558 2611 322 558 2612 322 559 2613 324 559 2614 326 559 2615 326 560 2616 328 560 2617 330 560 2618 330 257 2619 332 257 2620 326 257 2621 332 257 2622 334 257 2623 326 257 2624 334 530 2625 336 530 2626 338 530 2627 338 257 2628 340 257 2629 334 257 2630 340 257 2631 342 257 2632 334 257 2633 342 561 2634 344 561 2635 346 561 2636 346 562 2637 348 562 2638 350 562 2639 350 257 2640 352 257 2641 354 257 2642 354 257 2643 356 257 2644 350 257 2645 356 543 2646 358 543 2647 350 543 2648 358 257 2649 360 257 2650 362 257 2651 362 257 2652 364 257 2653 358 257 2654 364 257 2655 366 257 2656 358 257 2657 366 257 2658 368 257 2659 370 257 2660 370 257 2661 372 257 2662 366 257 2663 372 257 2664 374 257 2665 366 257 2666 374 563 2667 376 563 2668 378 563 2669 378 564 2670 380 564 2671 382 564 2672 382 565 2673 384 565 2674 386 565 2675 386 566 2676 388 566 2677 382 566 2678 388 567 2679 390 567 2680 382 567 2681 390 568 2682 392 568 2683 398 568 2684 392 257 2685 394 257 2686 398 257 2687 394 569 2688 396 569 2689 398 569 2690 398 257 2691 400 257 2692 406 257 2693 400 570 2694 402 570 2695 406 570 2696 402 542 2697 404 542 2698 406 542 2699 406 257 2700 408 257 2701 410 257 2702 410 571 2703 412 571 2704 414 571 2705 414 541 2706 416 541 2707 418 541 2708 418 257 2709 420 257 2710 414 257 2711 420 257 2712 422 257 2713 414 257 2714 422 257 2715 424 257 2716 426 257 2717 426 257 2718 428 257 2719 422 257 2720 428 257 2721 430 257 2722 422 257 2723 430 257 2724 432 257 2725 438 257 2726 432 572 2727 434 572 2728 438 572 2729 434 257 2730 436 257 2731 438 257 2732 438 573 2733 440 573 2734 442 573 2735 442 257 2736 444 257 2737 446 257 2738 446 257 2739 448 257 2740 450 257 2741 450 257 2742 452 257 2743 446 257 2744 452 257 2745 454 257 2746 446 257 2747 454 257 2748 456 257 2749 458 257 2750 458 257 2751 460 257 2752 462 257 2753 462 574 2754 464 574 2755 470 574 2756 464 257 2757 466 257 2758 470 257 2759 466 257 2760 468 257 2761 470 257 2762 470 257 2763 472 257 2764 474 257 2765 474 257 2766 476 257 2767 478 257 2768 478 575 2769 480 575 2770 482 575 2771 482 576 2772 484 576 2773 478 576 2774 484 257 2775 486 257 2776 478 257 2777 486 577 2778 488 577 2779 490 577 2780 490 257 2781 492 257 2782 494 257 2783 494 257 2784 496 257 2785 498 257 2786 498 578 2787 500 578 2788 502 578 2789 502 257 2790 504 257 2791 506 257 2792 506 555 2793 508 555 2794 502 555 2795 508 579 2796 510 579 2797 502 579 2798 14 580 2799 18 580 2800 22 580 2801 22 581 2802 26 581 2803 30 581 2804 30 582 2805 34 582 2806 46 582 2807 34 583 2808 38 583 2809 46 583 2810 54 584 2811 58 584 2812 46 584 2813 58 585 2814 62 585 2815 46 585 2816 110 586 2817 114 586 2818 118 586 2819 118 257 2820 122 257 2821 110 257 2822 122 257 2823 126 257 2824 110 257 2825 142 257 2826 146 257 2827 158 257 2828 146 257 2829 150 257 2830 158 257 2831 174 257 2832 178 257 2833 190 257 2834 178 587 2835 182 587 2836 190 587 2837 182 588 2838 186 588 2839 190 588 2840 190 257 2841 194 257 2842 206 257 2843 194 257 2844 198 257 2845 206 257 2846 206 588 2847 210 588 2848 214 588 2849 214 257 2850 218 257 2851 206 257 2852 218 257 2853 222 257 2854 206 257 2855 222 257 2856 226 257 2857 238 257 2858 226 257 2859 230 257 2860 238 257 2861 238 589 2862 242 589 2863 246 589 2864 246 257 2865 250 257 2866 238 257 2867 250 590 2868 254 590 2869 238 590 2870 254 591 2871 258 591 2872 262 591 2873 286 257 2874 290 257 2875 302 257 2876 290 257 2877 294 257 2878 302 257 2879 318 257 2880 322 257 2881 334 257 2882 322 592 2883 326 592 2884 334 592 2885 342 257 2886 346 257 2887 334 257 2888 346 257 2889 350 257 2890 334 257 2891 374 257 2892 378 257 2893 366 257 2894 378 593 2895 382 593 2896 366 593 2897 406 257 2898 410 257 2899 414 257 2900 438 257 2901 442 257 2902 430 257 2903 442 257 2904 446 257 2905 430 257 2906 454 257 2907 458 257 2908 446 257 2909 458 257 2910 462 257 2911 446 257 2912 470 257 2913 474 257 2914 462 257 2915 474 257 2916 478 257 2917 462 257 2918 486 257 2919 490 257 2920 478 257 2921 490 257 2922 494 257 2923 478 257 2924 494 594 2925 498 594 2926 502 594 2927 510 257 2928 6 257 2929 14 257 2930 14 257 2931 22 257 2932 510 257 2933 22 257 2934 30 257 2935 510 257 2936 62 257 2937 70 257 2938 94 257 2939 70 257 2940 78 257 2941 94 257 2942 78 257 2943 86 257 2944 94 257 2945 94 257 2946 102 257 2947 110 257 2948 126 595 2949 134 595 2950 142 595 2951 158 257 2952 166 257 2953 190 257 2954 166 257 2955 174 257 2956 190 257 2957 254 257 2958 262 257 2959 286 257 2960 262 596 2961 270 596 2962 286 596 2963 270 597 2964 278 597 2965 286 597 2966 302 598 2967 310 598 2968 286 598 2969 310 257 2970 318 257 2971 286 257 2972 350 599 2973 358 599 2974 366 599 2975 382 600 2976 390 600 2977 398 600 2978 398 601 2979 406 601 2980 382 601 2981 406 602 2982 414 602 2983 382 602 2984 414 602 2985 422 602 2986 446 602 2987 422 603 2988 430 603 2989 446 603 2990 494 257 2991 502 257 2992 478 257 2993 502 257 2994 510 257 2995 478 257 2996 30 257 2997 46 257 2998 510 257 2999 46 257 3000 62 257 3001 510 257 3002 94 604 3003 110 604 3004 126 604 3005 126 605 3006 142 605 3007 190 605 3008 142 606 3009 158 606 3010 190 606 3011 190 257 3012 206 257 3013 222 257 3014 222 607 3015 238 607 3016 190 607 3017 238 608 3018 254 608 3019 190 608 3020 318 609 3021 334 609 3022 350 609 3023 350 257 3024 366 257 3025 318 257 3026 366 610 3027 382 610 3028 318 610 3029 446 611 3030 462 611 3031 510 611 3032 462 612 3033 478 612 3034 510 612 3035 62 613 3036 94 613 3037 510 613 3038 94 257 3039 126 257 3040 510 257 3041 254 257 3042 286 257 3043 382 257 3044 286 257 3045 318 257 3046 382 257 3047 382 614 3048 414 614 3049 446 614 3050 126 615 3051 190 615 3052 254 615 3053 382 257 3054 446 257 3055 510 257 3056 510 616 3057 126 616 3058 382 616 3059</p>
        </triangles>
      </mesh>
    </geometry>
  </library_geometries>
  <library_visual_scenes>
    <visual_scene id="Scene" name="Scene">
      <node id="Cylinder" name="Cylinder" type="NODE">
        <matrix sid="transform">1 0 0 0 0 -1 4.37114e-8 0 0 -4.37114e-8 -1 0 0 0 0 1</matrix>
        <instance_geometry url="#Cylinder-mesh" name="Cylinder">
          <bind_material>
            <technique_common>
              <instance_material symbol="Material_002-material" target="#Material_002-material">
                <bind_vertex_input semantic="UVMap" input_semantic="TEXCOORD" input_set="0"/>
              </instance_material>
            </technique_common>
          </bind_material>
        </instance_geometry>
      </node>
    </visual_scene>
  </library_visual_scenes>
  <scene>
    <instance_visual_scene url="#Scene"/>
  </scene>
</COLLADA>