<?xml version="1.0" encoding="utf-8"?>
<COLLADA xmlns="http://www.collada.org/2005/11/COLLADASchema" version="1.4.1" xmlns:xsi="http://www.w3.org/2001/XMLSchema-instance">
  <asset>
    <contributor>
      <author>Blender User</author>
      <authoring_tool>Blender 2.83.20 commit date:2022-04-19, commit time:16:00, hash:a56e2faeb7a9</authoring_tool>
    </contributor>
    <created>2026-06-26T16:55:18</created>
    <modified>2026-06-26T16:55:18</modified>
    <unit name="meter" meter="1"/>
    <up_axis>Z_UP</up_axis>
  </asset>
  <library_effects/>
  <library_images/>
  <library_geometries>
    <geometry id="Cylinder_016-mesh" name="Cylinder.016">
      <mesh>
        <source id="Cylinder_016-mesh-positions">
          <float_array id="Cylinder_016-mesh-positions-array" count="1638">0 1 -1 0 1 1 0.1950903 0.9807853 -1 0.1950903 0.9807853 1 0.3826835 0.9238795 -1 0.3826835 0.9238795 1 0.5555703 0.8314696 -1 0.5555703 0.8314696 1 0.7071068 0.7071068 -1 0.7071068 0.7071068 1 0.8314697 0.5555702 -1 0.8314697 0.5555702 1 0.9238795 0.3826834 -1 0.9238795 0.3826834 1 0.9807853 0.1950903 -1 0.9807853 0.1950903 1 1 0 -1 1 0 1 0.9807853 -0.1950902 -1 0.9807853 -0.1950902 1 0.9238796 -0.3826833 -1 0.9238796 -0.3826833 1 0.8314697 -0.5555702 -1 0.8314697 -0.5555702 1 0.7071068 -0.7071068 -1 0.7071068 -0.7071068 1 0.5555702 -0.8314697 -1 0.5555702 -0.8314697 1 0.3826833 -0.9238796 -1 0.3826833 -0.9238796 1 0.1950901 -0.9807853 -1 0.1950901 -0.9807853 1 -3.25841e-7 -1 -1 -3.25841e-7 -1 1 -0.1950907 -0.9807852 -1 -0.1950907 -0.9807852 1 -0.3826839 -0.9238793 -1 -0.3826839 -0.9238793 1 -0.5555707 -0.8314693 -1 -0.5555707 -0.8314693 1 -0.7071073 -0.7071064 -1 -0.7071073 -0.7071064 1 -0.83147 -0.5555697 -1 -0.83147 -0.5555697 1 -0.9238799 -0.3826827 -1 -0.9238799 -0.3826827 1 -0.9807854 -0.1950894 -1 -0.9807854 -0.1950894 1 -1 9.65599e-7 -1 -1 9.65599e-7 1 -0.9807851 0.1950913 -1 -0.9807851 0.1950913 1 -0.9238791 0.3826845 -1 -0.9238791 0.3826845 1 -0.8314689 0.5555713 -1 -0.8314689 0.5555713 1 -0.7071059 0.7071077 -1 -0.7071059 0.7071077 1 -0.5555691 0.8314704 -1 -0.5555691 0.8314704 1 -0.3826821 0.9238801 -1 -0.3826821 0.9238801 1 -0.1950888 0.9807856 -1 -0.1950888 0.9807856 1 7.62939e-6 0.1950902 1.245194 7.62939e-6 0.3826833 1.230967 7.62939e-6 0.5555701 1.207865 7.62939e-6 0.7071066 1.176774 7.62939e-6 0.8314695 1.13889 7.62939e-6 0.9238793 1.095668 7.62939e-6 0.980785 1.04877 7.62939e-6 0.9999998 0.9999976 7.62939e-6 0.9807851 0.9512251 7.62939e-6 0.5555701 0.7921302 0.03806787 0.1913416 1.245194 0.07466554 0.3753302 1.230967 0.108394 0.544895 1.207865 0.1379573 0.6935197 1.176774 0.1622194 0.815493 1.13889 0.1802476 0.9061272 1.095668 0.1913494 0.9619395 1.04877 0.195098 0.980785 0.9999976 0.1913494 0.9619395 0.9512251 0.1802476 0.9061272 0.9043268 0.1622194 0.815493 0.8611051 0.1379573 0.6935197 0.8232209 0.108394 0.5448949 0.7921302 0.07466548 0.37533 0.7690277 0.03806787 0.1913414 0.7548013 0.07466554 0.1802399 1.245194 0.1464543 0.3535533 1.230967 0.2126153 0.5132798 1.207865 0.2706058 0.6532812 1.176774 0.3181974 0.7681775 1.13889 0.3535611 0.8535531 1.095668 0.375338 0.9061271 1.04877 0.3826912 0.9238792 0.9999976 0.375338 0.9061271 0.9512251 0.3535611 0.8535532 0.9043268 0.3181974 0.7681775 0.8611051 0.2706058 0.6532812 0.8232209 0.2126152 0.5132797 0.7921302 0.1464543 0.3535531 0.7690277 0.07466548 0.1802396 0.7548013 0.1083942 0.1622115 1.245194 0.2126153 0.3181895 1.230967 0.3086661 0.4619396 1.207865 0.3928553 0.5879376 1.176774 0.4619476 0.6913415 1.13889 0.5132877 0.7681775 1.095668 0.5449029 0.8154928 1.04877 0.5555781 0.8314693 0.9999976 0.5449029 0.8154928 0.9512251 0.5132877 0.7681775 0.9043268 0.4619476 0.6913415 0.8611051 0.3928553 0.5879376 0.8232209 0.3086661 0.4619395 0.7921302 0.2126152 0.3181894 0.7690277 0.108394 0.1622114 0.7548013 0.1379575 0.1379495 1.245194 0.2706059 0.2705979 1.230967 0.3928553 0.3928472 1.207865 0.5000078 0.4999998 1.176774 0.5879456 0.5879375 1.13889 0.6532893 0.6532812 1.095668 0.6935277 0.6935195 1.04877 0.7071146 0.7071064 0.9999976 0.6935277 0.6935195 0.9512251 0.6532893 0.6532812 0.9043268 0.5879456 0.5879375 0.8611051 0.5000078 0.4999998 0.8232209 0.3928553 0.3928472 0.7921302 0.2706058 0.2705978 0.7690277 0.1379573 0.1379494 0.7548013 0.1622195 0.1083862 1.245194 0.3181976 0.2126073 1.230967 0.4619476 0.3086581 1.207865 0.5879456 0.3928472 1.176774 0.6913496 0.4619395 1.13889 0.7681856 0.5132797 1.095668 0.8155009 0.5448947 1.04877 0.8314775 0.5555699 0.9999976 0.8155009 0.5448947 0.9512251 0.7681856 0.5132797 0.9043268 0.6913496 0.4619395 0.8611051 0.5879456 0.3928472 0.8232209 0.4619476 0.308658 0.7921302 0.3181974 0.2126073 0.7690277 0.1622194 0.108386 0.7548013 0.1802479 0.07465761 1.245194 0.3535613 0.1464464 1.230967 0.5132879 0.2126073 1.207865 0.6532893 0.2705978 1.176774 0.7681856 0.3181893 1.13889 0.8535612 0.3535531 1.095668 0.9061352 0.3753298 1.04877 0.9238874 0.382683 0.9999976 0.9061352 0.3753298 0.9512251 0.8535612 0.3535531 0.9043268 0.7681856 0.3181893 0.8611051 0.6532893 0.2705978 0.8232209 0.5132878 0.2126072 0.7921302 0.3535612 0.1464463 0.7690277 0.1802476 0.07465749 0.7548013 0.1913496 0.03805994 1.245194 0.3753382 0.07465755 1.230967 0.544903 0.108386 1.207865 0.6935278 0.1379494 1.176774 0.815501 0.1622113 1.13889 0.9061352 0.1802396 1.095668 0.9619475 0.1913413 1.04877 0.9807931 0.1950899 0.9999976 0.9619475 0.1913413 0.9512251 0.9061352 0.1802397 0.9043268 0.815501 0.1622113 0.8611051 0.6935278 0.1379494 0.8232209 0.5449029 0.108386 0.7921302 0.375338 0.07465749 0.7690277 0.1913493 0.03805989 0.7548013 0.1950982 -3.26636e-7 1.245194 0.3826913 -3.19185e-7 1.230967 0.5555781 -3.11735e-7 1.207865 0.7071146 -3.19185e-7 1.176774 0.8314774 -3.34086e-7 1.13889 0.9238873 -2.74482e-7 1.095668 0.9807929 -3.93691e-7 1.04877 1.000008 -3.7879e-7 0.9999976 0.9807929 -3.93691e-7 0.9512251 0.9238873 -2.29778e-7 0.9043268 0.8314774 -3.34086e-7 0.8611051 0.7071146 -3.19185e-7 0.8232209 0.555578 -3.41537e-7 0.7921302 0.3826912 -3.04284e-7 0.7690277 0.195098 -3.08009e-7 0.7548013 0.1913496 -0.0380606 1.245194 0.3753381 -0.07465815 1.230967 0.544903 -0.1083867 1.207865 0.6935277 -0.13795 1.176774 0.8155009 -0.162212 1.13889 0.9061352 -0.1802402 1.095668 0.9619473 -0.191342 1.04877 0.9807931 -0.1950907 0.9999976 0.9619473 -0.191342 0.9512251 0.9061352 -0.1802402 0.9043268 0.8155009 -0.162212 0.8611051 0.6935277 -0.13795 0.8232209 0.5449029 -0.1083867 0.7921302 0.375338 -0.07465815 0.7690277 0.1913493 -0.03806054 0.7548013 0.1802478 -0.07465821 1.245194 0.3535612 -0.146447 1.230967 0.5132878 -0.2126079 1.207865 0.6532893 -0.2705984 1.176774 0.7681854 -0.3181899 1.13889 0.8535612 -0.3535536 1.095668 0.906135 -0.3753305 1.04877 0.9238873 -0.3826838 0.9999976 0.906135 -0.3753305 0.9512251 0.8535612 -0.3535535 0.9043268 0.7681854 -0.3181899 0.8611051 0.6532893 -0.2705984 0.8232209 0.5132877 -0.2126079 0.7921302 0.3535611 -0.1464469 0.7690277 0.1802476 -0.07465815 0.7548013 0.1622195 -0.1083868 1.245194 0.3181975 -0.2126079 1.230967 0.4619476 -0.3086586 1.207865 0.5879456 -0.3928477 1.176774 0.6913494 -0.4619401 1.13889 0.7681855 -0.5132802 1.095668 0.8155007 -0.5448953 1.04877 0.8314774 -0.5555706 0.9999976 0.8155007 -0.5448953 0.9512251 0.7681855 -0.5132802 0.9043268 0.6913494 -0.4619401 0.8611051 0.5879456 -0.3928477 0.8232209 0.4619475 -0.3086586 0.7921302 0.3181973 -0.2126078 0.7690277 0.1622193 -0.1083866 0.7548013 0.1379575 -0.1379501 1.245194 0.2706059 -0.2705984 1.230967 0.3928552 -0.3928478 1.207865 0.5000077 -0.5000002 1.176774 0.5879454 -0.5879381 1.13889 0.6532893 -0.6532816 1.095668 0.6935275 -0.69352 1.04877 0.7071145 -0.7071071 0.9999976 0.6935275 -0.69352 0.9512251 0.6532893 -0.6532816 0.9043268 0.5879454 -0.5879381 0.8611051 0.5000077 -0.5000002 0.8232209 0.3928551 -0.3928477 0.7921302 0.2706057 -0.2705984 0.7690277 0.1379573 -0.13795 0.7548013 0.1083941 -0.1622121 1.245194 0.2126153 -0.31819 1.230967 0.308666 -0.4619401 1.207865 0.3928551 -0.5879381 1.176774 0.4619473 -0.6913419 1.13889 0.5132877 -0.7681779 1.095668 0.5449026 -0.8154932 1.04877 0.5555779 -0.8314699 0.9999976 0.5449026 -0.8154932 0.9512251 0.5132877 -0.7681779 0.9043268 0.4619473 -0.6913419 0.8611051 0.3928551 -0.5879381 0.8232209 0.3086659 -0.46194 0.7921302 0.2126151 -0.3181899 0.7690277 0.108394 -0.162212 0.7548013 7.62939e-6 -3.25841e-7 0.7499976 0.07466554 -0.1802404 1.245194 0.1464543 -0.3535537 1.230967 0.2126152 -0.5132803 1.207865 0.2706056 -0.6532816 1.176774 0.3181972 -0.7681779 1.13889 0.3535611 -0.8535535 1.095668 0.3753378 -0.9061274 1.04877 0.382691 -0.9238798 0.9999976 0.3753378 -0.9061274 0.9512251 0.3535611 -0.8535535 0.9043268 0.3181972 -0.7681779 0.8611051 0.2706056 -0.6532816 0.8232209 0.2126151 -0.5132802 0.7921302 0.1464542 -0.3535536 0.7690277 0.07466548 -0.1802402 0.7548013 0.03806787 -0.1913422 1.245194 0.07466548 -0.3753306 1.230967 0.108394 -0.5448954 1.207865 0.1379573 -0.6935201 1.176774 0.1622192 -0.8154932 1.13889 0.1802476 -0.9061275 1.095668 0.1913492 -0.9619397 1.04877 0.1950979 -0.9807855 0.9999976 0.1913492 -0.9619397 0.9512251 0.1802476 -0.9061275 0.9043268 0.1622192 -0.8154932 0.8611051 0.1379573 -0.6935201 0.8232209 0.108394 -0.5448953 0.7921302 0.07466542 -0.3753305 0.7690277 0.03806781 -0.1913419 0.7548013 7.62218e-6 -0.1950908 1.245194 7.67061e-6 -0.3826838 1.230967 7.65571e-6 -0.5555706 1.207865 7.60356e-6 -0.7071069 1.176774 7.54395e-6 -0.8314695 1.13889 7.69296e-6 -0.9238796 1.095668 7.54395e-6 -0.9807851 1.04877 7.52905e-6 -1 0.9999976 7.54395e-6 -0.9807851 0.9512251 7.69296e-6 -0.9238796 0.9043268 7.54395e-6 -0.8314695 0.8611051 7.60356e-6 -0.7071069 0.8232209 7.61846e-6 -0.5555704 0.7921302 7.63336e-6 -0.3826836 0.7690277 7.63336e-6 -0.1950905 0.7548013 -0.03805261 -0.1913421 1.245194 -0.07465016 -0.3753306 1.230967 -0.1083787 -0.5448954 1.207865 -0.1379421 -0.69352 1.176774 -0.1622041 -0.8154931 1.13889 -0.1802322 -0.9061275 1.095668 -0.1913341 -0.9619396 1.04877 -0.1950828 -0.9807854 0.9999976 -0.1913341 -0.9619396 0.9512251 -0.1802322 -0.9061275 0.9043268 -0.1622041 -0.8154931 0.8611051 -0.1379421 -0.69352 0.8232209 -0.1083787 -0.5448952 0.7921302 -0.07465016 -0.3753305 0.7690277 -0.03805255 -0.1913419 0.7548013 -0.07465028 -0.1802403 1.245194 -0.146439 -0.3535537 1.230967 -0.2125999 -0.5132803 1.207865 -0.2705904 -0.6532816 1.176774 -0.318182 -0.7681776 1.13889 -0.3535457 -0.8535535 1.095668 -0.3753226 -0.9061272 1.04877 -0.382676 -0.9238796 0.9999976 -0.3753226 -0.9061272 0.9512251 -0.3535457 -0.8535535 0.9043268 -0.318182 -0.7681776 0.8611051 -0.2705904 -0.6532816 0.8232209 -0.2125998 -0.5132801 0.7921302 -0.1464389 -0.3535535 0.7690277 -0.07465016 -0.1802402 0.7548013 -0.1083788 -0.1622121 1.245194 -0.2125999 -0.3181899 1.230967 -0.3086507 -0.4619401 1.207865 -0.3928399 -0.587938 1.176774 -0.4619321 -0.6913415 1.13889 -0.5132723 -0.7681779 1.095668 -0.5448874 -0.815493 1.04877 -0.5555627 -0.8314697 0.9999976 -0.5448874 -0.815493 0.9512251 -0.5132723 -0.7681779 0.9043268 -0.4619321 -0.6913415 0.8611051 -0.3928399 -0.587938 0.8232209 -0.3086506 -0.4619399 0.7921302 -0.2125998 -0.3181897 0.7690277 -0.1083787 -0.1622119 0.7548013 7.39899e-6 -5.56246e-7 1.249998 -0.1379421 -0.1379501 1.245194 -0.2705904 -0.2705983 1.230967 -0.3928399 -0.3928478 1.207865 -0.4999924 -0.5000001 1.176774 -0.58793 -0.5879377 1.13889 -0.6532738 -0.6532816 1.095668 -0.6935122 -0.6935197 1.04877 -0.7070993 -0.7071068 0.9999976 -0.6935122 -0.6935197 0.9512251 -0.6532738 -0.6532816 0.9043268 -0.58793 -0.5879377 0.8611051 -0.4999924 -0.5000001 0.8232209 -0.3928398 -0.3928476 0.7921302 -0.2705904 -0.2705982 0.7690277 -0.137942 -0.1379499 0.7548013 -0.1622042 -0.1083867 1.245194 -0.318182 -0.2126078 1.230967 -0.4619321 -0.3086585 1.207865 -0.5879302 -0.3928476 1.176774 -0.6913339 -0.4619396 1.13889 -0.7681701 -0.5132802 1.095668 -0.8154853 -0.5448949 1.04877 -0.831462 -0.5555703 0.9999976 -0.8154853 -0.5448949 0.9512251 -0.7681701 -0.5132802 0.9043268 -0.6913339 -0.4619396 0.8611051 -0.5879302 -0.3928476 0.8232209 -0.4619321 -0.3086584 0.7921302 -0.3181819 -0.2126076 0.7690277 -0.162204 -0.1083866 0.7548013 -0.1802324 -0.07465815 1.245194 -0.3535457 -0.1464468 1.230967 -0.5132724 -0.2126078 1.207865 -0.6532738 -0.2705982 1.176774 -0.7681698 -0.3181896 1.13889 -0.8535457 -0.3535536 1.095668 -0.9061195 -0.3753302 1.04877 -0.9238719 -0.3826835 0.9999976 -0.9061195 -0.3753302 0.9512251 -0.8535457 -0.3535536 0.9043268 -0.7681698 -0.3181896 0.8611051 -0.6532738 -0.2705982 0.8232209 -0.5132722 -0.2126077 0.7921302 -0.3535456 -0.1464468 0.7690277 -0.1802322 -0.07465809 0.7548013 -0.1913342 -0.03806054 1.245194 -0.3753226 -0.07465809 1.230967 -0.5448875 -0.1083866 1.207865 -0.6935123 -0.1379498 1.176774 -0.8154852 -0.1622117 1.13889 -0.9061198 -0.1802402 1.095668 -0.9619318 -0.1913416 1.04877 -0.9807776 -0.1950904 0.9999976 -0.9619318 -0.1913416 0.9512251 -0.9061198 -0.1802402 0.9043268 -0.8154852 -0.1622117 0.8611051 -0.6935123 -0.1379498 0.8232209 -0.5448874 -0.1083866 0.7921302 -0.3753225 -0.07465803 0.7690277 -0.191334 -0.03806048 0.7548013 -0.1950828 -3.11735e-7 1.245194 -0.3826757 -2.81932e-7 1.230967 -0.5555626 -2.81932e-7 1.207865 -0.7070991 -1.85075e-7 1.176774 -0.8314616 -1.40371e-7 1.13889 -0.9238718 -3.19185e-7 1.095668 -0.9807772 0 1.04877 -0.9999922 -1.40371e-7 0.9999976 -0.9807772 0 0.9512251 -0.9238718 -3.19185e-7 0.9043268 -0.8314616 -1.40371e-7 0.8611051 -0.7070991 -1.85075e-7 0.8232209 -0.5555624 -2.59581e-7 0.7921302 -0.3826756 -2.5213e-7 0.7690277 -0.1950826 -3.1546e-7 0.7548013 -0.1913342 0.03805989 1.245194 -0.3753226 0.07465749 1.230967 -0.5448874 0.108386 1.207865 -0.6935122 0.1379494 1.176774 -0.8154851 0.1622114 1.13889 -0.9061197 0.1802396 1.095668 -0.9619316 0.1913415 1.04877 -0.9807774 0.1950901 0.9999976 -0.9619316 0.1913415 0.9512251 -0.9061197 0.1802396 0.9043268 -0.8154851 0.1622114 0.8611051 -0.6935122 0.1379494 0.8232209 -0.5448873 0.108386 0.7921302 -0.3753225 0.07465749 0.7690277 -0.191334 0.03805989 0.7548013 -0.1802324 0.07465755 1.245194 -0.3535457 0.1464462 1.230967 -0.5132722 0.2126072 1.207865 -0.6532737 0.2705978 1.176774 -0.7681697 0.3181893 1.13889 -0.8535457 0.3535529 1.095668 -0.9061192 0.3753299 1.04877 -0.9238716 0.3826831 0.9999976 -0.9061192 0.3753299 0.9512251 -0.8535457 0.3535529 0.9043268 -0.7681697 0.3181893 0.8611051 -0.6532737 0.2705978 0.8232209 -0.5132721 0.2126072 0.7921302 -0.3535456 0.1464462 0.7690277 -0.1802322 0.07465744 0.7548013 -0.1622041 0.1083861 1.245194 -0.3181819 0.2126072 1.230967 -0.461932 0.3086579 1.207865 -0.58793 0.3928471 1.176774 -0.6913336 0.4619393 1.13889 -0.76817 0.5132795 1.095668 -0.815485 0.5448946 1.04877 -0.8314616 0.5555698 0.9999976 -0.815485 0.5448946 0.9512251 -0.76817 0.5132795 0.9043268 -0.6913336 0.4619393 0.8611051 -0.58793 0.3928471 0.8232209 -0.4619319 0.3086578 0.7921302 -0.3181818 0.2126071 0.7690277 -0.162204 0.1083859 0.7548013 -0.1379421 0.1379494 1.245194 -0.2705903 0.2705976 1.230967 -0.3928397 0.3928471 1.207865 -0.4999922 0.4999996 1.176774 -0.5879297 0.5879372 1.13889 -0.6532738 0.6532809 1.095668 -0.6935117 0.6935192 1.04877 -0.7070987 0.7071062 0.9999976 -0.6935117 0.6935192 0.9512251 -0.6532738 0.6532809 0.9043268 -0.5879297 0.5879372 0.8611051 -0.4999922 0.4999996 0.8232209 -0.3928396 0.392847 0.7921302 -0.2705903 0.2705976 0.7690277 -0.137942 0.1379492 0.7548013 -0.1083788 0.1622114 1.245194 -0.2125998 0.3181892 1.230967 -0.3086505 0.4619393 1.207865 -0.3928397 0.5879374 1.176774 -0.4619317 0.691341 1.13889 -0.5132722 0.7681772 1.095668 -0.544887 0.8154923 1.04877 -0.5555622 0.8314689 0.9999976 -0.544887 0.8154923 0.9512251 -0.5132722 0.7681772 0.9043268 -0.4619317 0.691341 0.8611051 -0.3928397 0.5879374 0.8232209 -0.3086504 0.4619392 0.7921302 -0.2125997 0.3181891 0.7690277 -0.1083787 0.1622112 0.7548013 -0.07465022 0.1802397 1.245194 -0.1464388 0.3535529 1.230967 -0.2125997 0.5132794 1.207865 -0.2705903 0.653281 1.176774 -0.3181816 0.7681769 1.13889 -0.3535457 0.8535528 1.095668 -0.3753222 0.9061264 1.04877 -0.3826754 0.9238787 0.9999976 -0.3753222 0.9061264 0.9512251 -0.3535457 0.8535528 0.9043268 -0.3181816 0.7681769 0.8611051 -0.2705903 0.653281 0.8232209 -0.2125996 0.5132793 0.7921302 -0.1464388 0.3535528 0.7690277 -0.07465016 0.1802395 0.7548013 -0.03805255 0.1913415 1.245194 -0.0746501 0.3753297 1.230967 -0.1083786 0.5448945 1.207865 -0.1379418 0.6935194 1.176774 -0.1622037 0.8154922 1.13889 -0.1802322 0.9061267 1.095668 -0.1913337 0.9619386 1.04877 -0.1950823 0.9807843 0.9999976 -0.1913337 0.9619386 0.9512251 -0.1802322 0.9061267 0.9043268 -0.1622037 0.8154922 0.8611051 -0.1379418 0.6935194 0.8232209 -0.1083785 0.5448944 0.7921302 -0.07465004 0.3753297 0.7690277 -0.03805255 0.1913412 0.7548013 7.69296e-6 0.9238788 0.9043268 7.90158e-6 0.8314686 0.8611051 7.78237e-6 0.7071062 0.8232209 7.70786e-6 0.3826828 0.7690277 7.64453e-6 0.1950898 0.7548013</float_array>
          <technique_common>
            <accessor source="#Cylinder_016-mesh-positions-array" count="546" stride="3">
              <param name="X" type="float"/>
              <param name="Y" type="float"/>
              <param name="Z" type="float"/>
            </accessor>
          </technique_common>
        </source>
        <source id="Cylinder_016-mesh-normals">
          <float_array id="Cylinder_016-mesh-normals-array" count="3060">0.09801727 0.9951847 0 0.2902846 0.9569405 0 0.4713967 0.8819213 0 0.6343935 0.7730103 0 0.7730106 0.6343932 0 0.8819215 0.4713966 0 0.9569404 0.2902848 0 0.9951847 0.09801727 0 0.9951848 -0.09801667 0 0.9569404 -0.2902848 0 0.8819214 -0.4713968 0 0.7730103 -0.6343936 0 0.6343934 -0.7730104 0 0.4713968 -0.8819214 0 0.2902842 -0.9569405 0 0.09801691 -0.9951848 0 -0.09801757 -0.9951848 0 -0.2902852 -0.9569402 0 -0.4713971 -0.8819211 0 -0.6343939 -0.77301 0 -0.7730109 -0.6343929 0 -0.8819217 -0.4713961 0 -0.9569407 -0.2902834 0 -0.9951849 -0.09801602 0 -0.9951847 0.09801787 0 -0.95694 0.2902858 0 -0.8819208 0.4713979 0 -0.7730096 0.6343944 0 -0.6343926 0.7730111 0 -0.4713955 0.881922 0 0 0 1 -0.290283 0.9569408 0 -0.0980165 0.9951848 0 0 0 -1 0.002424597 0.02461516 -0.9996941 0.09125405 0.9265184 -0.3650156 0.007448077 0.07561743 0.9971092 0.06251448 0.6347396 -0.7701933 0.01304429 0.1324394 0.9911053 0.04168933 0.4232972 -0.9050312 0.01979124 0.2009441 0.9794028 0.02868819 0.2912864 -0.9562057 0.02868908 0.2912849 0.9562062 0.01979207 0.2009443 -0.9794028 0.04169112 0.4232993 0.9050302 0.01304268 0.1324391 -0.9911054 0.0625168 0.6347442 0.7701893 0.007444679 0.07561749 -0.9971092 0.09125417 0.9265186 0.3650154 0.002423465 0.0246151 0.9996941 0.02205735 0.07271146 -0.9971091 0.2702559 0.8909128 0.3650153 0.00718224 0.02366918 0.9996941 0.007179498 0.02366924 -0.9996941 0.2702553 0.8909114 -0.3650193 0.02205801 0.07271146 0.9971091 0.1851482 0.6103511 -0.7701894 0.03863024 0.1273498 0.9911054 0.1234714 0.4070312 -0.9050307 0.0586127 0.1932217 0.9794028 0.08496409 0.2800912 -0.9562062 0.08496439 0.2800909 0.9562062 0.05861324 0.1932212 -0.979403 0.123472 0.407032 0.9050302 0.03863048 0.1273499 -0.9911054 0.1851487 0.6103518 0.7701888 0.09518313 0.1780743 0.9794028 0.1379746 0.2581339 -0.956206 0.1379752 0.2581334 0.956206 0.09518182 0.178074 -0.979403 0.2005072 0.375123 0.9050302 0.06273424 0.1173663 -0.9911053 0.3006642 0.5625025 0.7701895 0.03581988 0.06701129 -0.9971091 0.4388713 0.8210687 0.3650181 0.01166009 0.02181363 0.9996941 0.01165866 0.02181369 -0.9996941 0.4388704 0.8210705 -0.3650152 0.03581827 0.06701129 0.9971092 0.3006622 0.5625033 -0.7701899 0.06273275 0.1173663 0.9911053 0.2005072 0.375122 -0.9050306 0.5906214 0.7196735 0.3650156 0.01568859 0.01911979 0.9996942 0.01569014 0.01911985 -0.9996941 0.5906202 0.7196728 -0.3650192 0.04820257 0.05873596 0.9971092 0.4046269 0.4930377 -0.7701891 0.08442389 0.1028724 0.9911054 0.2698379 0.3287977 -0.9050303 0.1280936 0.1560835 0.9794029 0.185683 0.2262563 -0.956206 0.1856827 0.2262559 0.9562062 0.1280937 0.1560831 -0.979403 0.2698373 0.3287972 0.9050306 0.08442491 0.1028724 -0.9911054 0.4046272 0.4930378 0.7701887 0.04820293 0.05873584 -0.9971091 0.2262562 0.1856836 -0.956206 0.2262549 0.1856834 0.9562063 0.1560835 0.1280938 -0.9794028 0.328797 0.2698374 0.9050306 0.1028729 0.08442527 -0.9911053 0.4930388 0.4046253 0.7701889 0.05873548 0.04820322 -0.9971092 0.7196722 0.5906212 0.3650186 0.0191192 0.01569122 0.9996941 0.01912033 0.01569122 -0.9996941 0.7196753 0.5906193 -0.3650156 0.05873507 0.04820328 0.9971092 0.4930368 0.4046263 -0.7701899 0.102872 0.08442527 0.9911053 0.3287974 0.2698367 -0.9050307 0.1560821 0.1280944 0.979403 0.02181369 0.01165962 -0.9996941 0.8210691 0.4388704 -0.3650183 0.06701105 0.03581821 0.9971092 0.5625035 0.3006638 -0.7701892 0.1173674 0.06273365 0.9911052 0.3751223 0.2005072 -0.9050305 0.1780742 0.09518247 0.9794028 0.2581326 0.1379753 -0.9562063 0.2581323 0.1379753 0.9562064 0.1780745 0.09518259 -0.9794028 0.375122 0.2005069 0.9050307 0.1173665 0.06273359 -0.9911053 0.5625046 0.3006635 0.7701883 0.06701153 0.03581827 -0.9971092 0.8210697 0.4388696 0.3650183 0.02181559 0.01165962 0.9996941 0.1932222 0.0586133 -0.9794027 0.4070315 0.1234714 0.9050306 0.1273502 0.0386312 -0.9911053 0.6103525 0.1851474 0.7701885 0.07271146 0.02205687 -0.9971091 0.8909116 0.2702548 0.3650192 0.02367031 0.007179915 0.9996941 0.0236684 0.007179975 -0.9996941 0.8909115 0.270255 -0.3650193 0.0727123 0.02205681 0.9971091 0.6103506 0.1851486 -0.7701898 0.1273492 0.03863114 0.9911054 0.4070312 0.1234714 -0.9050306 0.1932221 0.05861312 0.9794027 0.2800903 0.08496457 -0.9562064 0.2800899 0.08496469 0.9562064 0.07561808 0.0074476 0.9971091 0.6347435 0.06251692 -0.77019 0.132439 0.01304405 0.9911053 0.4232981 0.04169106 -0.9050307 0.2009446 0.01979106 0.9794027 0.2912844 0.02868908 -0.9562063 0.2912836 0.02868914 0.9562065 0.2009431 0.019791 -0.979403 0.4232994 0.04169124 0.9050301 0.1324397 0.01304399 -0.9911053 0.6347458 0.06251704 0.7701879 0.07561743 0.007447659 -0.9971091 0.926517 0.09125453 0.3650195 0.02461439 0.002424359 0.9996942 0.02461588 0.002424359 -0.9996941 0.9265165 0.09125345 -0.3650204 0.423298 -0.04169124 0.9050308 0.1324396 -0.01304417 -0.9911053 0.6347461 -0.06251704 0.7701876 0.07561814 -0.007447659 -0.9971091 0.9265163 -0.09125447 0.365021 0.0246163 -0.002424359 0.9996941 0.02461487 -0.002424359 -0.9996941 0.9265162 -0.09125357 -0.3650212 0.07561701 -0.0074476 0.9971092 0.6347439 -0.06251752 -0.7701895 0.132439 -0.01304405 0.9911054 0.4232982 -0.04169154 -0.9050306 0.200942 -0.01979124 0.9794032 0.2912847 -0.0286889 -0.9562062 0.2912847 -0.02868932 0.9562062 0.2009437 -0.01979118 -0.9794028 0.6103521 -0.1851478 -0.7701887 0.1273492 -0.03863114 0.9911054 0.4070312 -0.1234722 -0.9050306 0.1932206 -0.05861335 0.9794031 0.2800918 -0.08496487 -0.9562059 0.2800909 -0.08496516 0.956206 0.193222 -0.0586133 -0.9794028 0.4070314 -0.123471 0.9050306 0.1273508 -0.03863108 -0.9911053 0.6103531 -0.1851482 0.7701879 0.07271158 -0.02205681 -0.9971092 0.8909109 -0.2702553 0.3650206 0.02366733 -0.007179975 0.9996942 0.02366995 -0.007179975 -0.9996941 0.8909109 -0.2702544 -0.3650212 0.07271236 -0.02205675 0.9971091 0.1173665 -0.06273359 -0.9911053 0.5625038 -0.3006643 0.7701886 0.06701266 -0.03581833 -0.997109 0.8210675 -0.4388715 0.3650208 0.02181559 -0.01165962 0.9996941 0.02181267 -0.01165962 -0.9996942 0.8210687 -0.43887 -0.3650201 0.06701111 -0.03581827 0.9971092 0.5625036 -0.3006644 -0.7701888 0.1173667 -0.06273359 0.9911053 0.3751219 -0.2005069 -0.9050307 0.178075 -0.09518271 0.9794027 0.2581335 -0.1379753 -0.956206 0.2581331 -0.1379755 0.9562062 0.1780738 -0.09518241 -0.979403 0.3751231 -0.2005067 0.9050303 0.102872 -0.08442527 0.9911054 0.328797 -0.2698368 -0.9050309 0.1560834 -0.1280944 0.9794028 0.2262557 -0.1856838 -0.9562061 0.2262556 -0.1856836 0.9562062 0.1560827 -0.1280941 -0.979403 0.3287984 -0.269837 0.9050303 0.1028717 -0.08442527 -0.9911054 0.493039 -0.4046259 0.7701887 0.05873441 -0.04820328 -0.9971092 0.7196717 -0.5906204 0.3650208 0.01911926 -0.01569122 0.9996941 0.01912134 -0.01569128 -0.9996941 0.7196723 -0.5906193 -0.3650215 0.0587362 -0.04820328 0.9971092 0.4930382 -0.4046268 -0.7701886 0.4046264 -0.493039 0.7701883 0.04820662 -0.0587359 -0.9971089 0.5906202 -0.719672 0.3650205 0.01569265 -0.01911985 0.9996941 0.01569116 -0.01911985 -0.9996941 0.5906195 -0.7196729 -0.3650201 0.04820311 -0.0587359 0.9971091 0.4046266 -0.4930387 -0.7701884 0.08442401 -0.1028725 0.9911054 0.2698357 -0.328797 -0.9050312 0.128095 -0.1560835 0.9794027 0.1856836 -0.2262561 -0.956206 0.1856828 -0.226256 0.9562062 0.1280937 -0.1560829 -0.979403 0.2698374 -0.3287974 0.9050305 0.08442497 -0.1028725 -0.9911054 0.2005063 -0.375122 -0.9050309 0.09518247 -0.1780743 0.9794028 0.1379752 -0.2581342 -0.9562059 0.1379739 -0.2581338 0.9562062 0.09518134 -0.1780739 -0.979403 0.2005075 -0.3751222 0.9050305 0.06273311 -0.1173663 -0.9911054 0.3006649 -0.5625038 0.7701884 0.03581422 -0.06701129 -0.9971092 0.4388691 -0.8210678 0.3650229 0.01166015 -0.02181369 0.9996941 0.01165866 -0.02181369 -0.9996941 0.43887 -0.8210697 -0.3650178 0.03581827 -0.06701135 0.9971091 0.3006647 -0.5625038 -0.7701884 0.06273323 -0.1173664 0.9911054 0.02205455 -0.07271146 -0.9971092 0.2702544 -0.8909105 0.3650224 0.007178246 -0.02366924 0.9996941 0.007180511 -0.02366924 -0.9996941 0.2702547 -0.8909111 -0.3650204 0.02205592 -0.07271158 0.9971092 0.185148 -0.6103522 -0.7701886 0.03863143 -0.1273499 0.9911053 0.1234722 -0.4070311 -0.9050305 0.05861318 -0.193222 0.9794028 0.08496421 -0.2800917 -0.9562059 0.08496338 -0.2800909 0.9562063 0.05861359 -0.1932216 -0.9794028 0.1234713 -0.4070309 0.9050309 0.03863167 -0.1273499 -0.9911053 0.1851483 -0.6103522 0.7701886 0.0286892 -0.2912857 -0.9562059 0.02868932 -0.2912856 0.9562059 0.01979011 -0.2009436 -0.979403 0.04169106 -0.4232985 0.9050306 0.01304614 -0.1324394 -0.9911053 0.06251657 -0.6347446 0.770189 0.007449984 -0.07561743 -0.9971092 0.09125363 -0.9265165 0.3650205 0.002427518 -0.02461516 0.9996941 0.002422809 -0.02461516 -0.9996941 0.09125357 -0.9265166 -0.3650203 0.00744903 -0.07561749 0.9971091 0.06251686 -0.6347439 -0.7701896 0.01304429 -0.1324394 0.9911054 0.04169148 -0.4232977 -0.9050309 0.01979094 -0.2009444 0.9794027 -0.002427518 -0.02461516 0.9996941 -0.002421796 -0.02461516 -0.9996941 -0.09125429 -0.9265165 -0.3650203 -0.007447004 -0.07561743 0.9971091 -0.06251746 -0.6347439 -0.7701895 -0.01304429 -0.1324394 0.9911054 -0.04169154 -0.4232984 -0.9050305 -0.01979094 -0.2009443 0.9794028 -0.02868878 -0.2912857 -0.9562059 -0.02868914 -0.2912853 0.956206 -0.01979023 -0.2009436 -0.979403 -0.041691 -0.423298 0.9050308 -0.01304388 -0.1324394 -0.9911054 -0.06251662 -0.6347448 0.7701888 -0.007445812 -0.07561743 -0.9971092 -0.09125399 -0.9265162 0.3650213 -0.0849657 -0.2800915 0.9562059 -0.05861443 -0.1932215 -0.9794028 -0.123471 -0.4070315 0.9050306 -0.03863167 -0.1273499 -0.9911053 -0.185149 -0.6103528 0.7701879 -0.02205872 -0.07271146 -0.9971091 -0.2702553 -0.8909104 0.3650215 -0.00718224 -0.02366924 0.9996941 -0.007182538 -0.02366924 -0.9996941 -0.2702557 -0.8909098 -0.3650227 -0.02205693 -0.07271152 0.9971091 -0.1851486 -0.610352 -0.7701887 -0.03862988 -0.1273499 0.9911053 -0.1234719 -0.4070296 -0.9050313 -0.05861324 -0.1932221 0.9794028 -0.08496427 -0.2800916 -0.956206 -0.4388691 -0.8210676 -0.365023 -0.03581941 -0.06701135 0.9971091 -0.3006648 -0.5625037 -0.7701886 -0.06273466 -0.1173662 0.9911053 -0.2005067 -0.3751209 -0.9050312 -0.09518325 -0.1780744 0.9794027 -0.1379748 -0.2581344 -0.9562059 -0.1379742 -0.258134 0.9562061 -0.09518182 -0.1780739 -0.979403 -0.2005066 -0.3751218 0.9050309 -0.06273311 -0.1173663 -0.9911054 -0.3006656 -0.5625038 0.7701882 -0.03581631 -0.06701135 -0.9971092 -0.43887 -0.8210679 0.3650215 -0.01166015 -0.02181369 0.9996941 -0.01165765 -0.02181369 -0.9996941 -0.1280946 -0.1560829 -0.9794028 -0.2698369 -0.3287965 0.905031 -0.08442604 -0.1028723 -0.9911052 -0.4046267 -0.4930386 0.7701885 -0.04820197 -0.05873584 -0.9971092 -0.5906202 -0.7196718 0.3650209 -0.01568865 -0.01911985 0.9996941 -0.01569122 -0.01911985 -0.9996941 -0.5906207 -0.7196719 -0.36502 -0.04820263 -0.05873596 0.9971092 -0.4046258 -0.4930387 -0.7701889 -0.0844255 -0.1028724 0.9911053 -0.2698362 -0.3287971 -0.9050309 -0.1280937 -0.1560836 0.9794028 -0.1856833 -0.2262567 -0.956206 -0.1856839 -0.2262561 0.9562059 -0.05873513 -0.04820328 0.9971092 -0.4930377 -0.4046269 -0.770189 -0.102872 -0.08442521 0.9911053 -0.3287973 -0.269836 -0.9050309 -0.1560828 -0.1280941 0.979403 -0.226256 -0.1856841 -0.9562059 -0.2262555 -0.1856838 0.9562061 -0.1560827 -0.128094 -0.9794029 -0.328796 -0.2698366 0.9050312 -0.1028729 -0.08442521 -0.9911053 -0.4930404 -0.4046266 0.7701874 -0.05873447 -0.04820334 -0.9971092 -0.7196725 -0.5906196 0.3650207 -0.01912331 -0.01569128 0.999694 -0.01912134 -0.01569128 -0.9996941 -0.719672 -0.5906189 -0.3650228 -0.3751208 -0.2005068 0.9050312 -0.1173666 -0.06273347 -0.9911053 -0.5625051 -0.3006649 0.7701874 -0.06700962 -0.03581827 -0.9971093 -0.8210685 -0.4388689 0.3650214 -0.02181571 -0.01165968 0.9996941 -0.02181267 -0.01165962 -0.9996942 -0.8210682 -0.4388694 -0.3650218 -0.06701117 -0.03581827 0.9971091 -0.562503 -0.3006653 -0.7701888 -0.1173658 -0.06273365 0.9911054 -0.3751209 -0.200506 -0.9050312 -0.1780743 -0.09518271 0.9794028 -0.2581338 -0.1379756 -0.9562059 -0.2581325 -0.1379755 0.9562063 -0.1780738 -0.09518271 -0.9794028 -0.6103522 -0.1851485 -0.7701885 -0.1273492 -0.03863114 0.9911054 -0.4070292 -0.1234711 -0.9050316 -0.1932235 -0.05861312 0.9794025 -0.2800918 -0.08496499 -0.9562058 -0.280092 -0.08496493 0.9562059 -0.1932212 -0.05861288 -0.9794029 -0.4070302 -0.1234714 0.9050312 -0.1273481 -0.03863126 -0.9911055 -0.6103542 -0.1851481 0.7701871 -0.07271009 -0.02205681 -0.9971093 -0.8909109 -0.2702546 0.365021 -0.02366745 -0.007179975 0.9996941 -0.02367049 -0.007179975 -0.9996941 -0.8909107 -0.2702548 -0.3650215 -0.07271033 -0.02205681 0.9971092 -0.1324394 -0.01304399 -0.9911053 -0.6347479 -0.06251662 0.7701862 -0.07561826 -0.007447779 -0.9971091 -0.9265162 -0.09125369 0.3650214 -0.02461528 -0.002424359 0.9996941 -0.02461439 -0.002424359 -0.9996942 -0.9265162 -0.09125369 -0.3650213 -0.0756182 -0.007447659 0.9971091 -0.6347452 -0.0625171 -0.7701883 -0.132439 -0.01304399 0.9911054 -0.4232979 -0.041691 -0.9050308 -0.200943 -0.01979124 0.979403 -0.2912859 -0.02868896 -0.9562059 -0.2912848 -0.02868902 0.9562061 -0.2009437 -0.01979118 -0.9794028 -0.4232968 -0.04169112 0.9050314 -0.423297 0.041691 -0.9050313 -0.200945 0.01979124 0.9794026 -0.291286 0.02868938 -0.9562058 -0.2912855 0.02868902 0.9562059 -0.2009437 0.019791 -0.9794028 -0.4232969 0.04169154 0.9050312 -0.1324394 0.01304417 -0.9911054 -0.6347469 0.06251728 0.7701871 -0.07561779 0.007447659 -0.9971091 -0.9265163 0.09125518 0.3650209 -0.02461439 0.002424359 0.9996942 -0.0246154 0.002424359 -0.9996941 -0.9265163 0.09125357 -0.3650211 -0.07561773 0.007447659 0.9971092 -0.6347464 0.06251704 -0.7701874 -0.132439 0.01304411 0.9911053 -0.07271164 0.02205663 -0.9971091 -0.8909109 0.2702553 0.3650206 -0.02367144 0.007179975 0.999694 -0.02366846 0.007179975 -0.9996941 -0.8909112 0.2702544 -0.3650205 -0.0727114 0.02205681 0.9971092 -0.6103523 0.1851485 -0.7701883 -0.1273508 0.03863126 0.9911052 -0.40703 0.1234711 -0.9050312 -0.1932218 0.0586133 0.9794028 -0.2800911 0.08496505 -0.956206 -0.2800906 0.08496499 0.9562062 -0.1932219 0.05861306 -0.9794028 -0.4070302 0.1234715 0.905031 -0.1273503 0.03863096 -0.9911052 -0.6103546 0.1851492 0.7701864 -0.1780743 0.09518283 0.9794028 -0.2581342 0.1379761 -0.9562057 -0.2581338 0.1379755 0.9562059 -0.1780738 0.09518265 -0.9794028 -0.3751222 0.2005062 0.9050309 -0.1173666 0.06273376 -0.9911053 -0.562506 0.3006653 0.7701867 -0.06701076 0.03581833 -0.9971091 -0.8210675 0.4388715 0.3650208 -0.02181565 0.01165968 0.9996941 -0.02181321 0.01165968 -0.9996941 -0.8210687 0.43887 -0.3650201 -0.06701225 0.03581827 0.9971091 -0.5625038 0.3006653 -0.7701883 -0.1173667 0.06273359 0.9911053 -0.3751214 0.2005064 -0.9050311 -0.7196713 0.5906214 0.36502 -0.01911526 0.01569128 0.9996942 -0.01912134 0.01569128 -0.9996941 -0.7196727 0.5906196 -0.3650202 -0.05873835 0.04820334 0.997109 -0.4930408 0.404627 -0.770187 -0.102872 0.08442521 0.9911053 -0.3287956 0.2698363 -0.9050315 -0.1560821 0.1280943 0.979403 -0.2262563 0.1856843 -0.9562057 -0.2262555 0.1856839 0.956206 -0.1560835 0.128094 -0.9794028 -0.3287976 0.2698366 0.9050307 -0.102873 0.08442527 -0.9911052 -0.4930413 0.4046269 0.7701867 -0.05873656 0.04820328 -0.9971091 -0.1856835 0.2262567 -0.9562058 -0.1856833 0.2262566 0.9562059 -0.1280937 0.1560829 -0.979403 -0.2698369 0.3287967 0.9050309 -0.08442389 0.1028725 -0.9911054 -0.4046285 0.49304 0.7701866 -0.04820251 0.0587359 -0.9971092 -0.5906201 0.7196725 0.3650199 -0.01569265 0.01911985 0.9996941 -0.01569122 0.01911985 -0.9996941 -0.5906191 0.7196736 -0.3650193 -0.04820215 0.05873596 0.9971092 -0.404626 0.4930394 -0.7701883 -0.08442634 0.1028724 0.9911053 -0.2698361 0.3287967 -0.9050311 -0.1280936 0.1560834 0.9794029 -0.01166015 0.02181369 0.9996941 -0.01165866 0.02181369 -0.9996941 -0.4388701 0.821069 -0.365019 -0.0358178 0.06701135 0.9971092 -0.3006654 0.5625044 -0.7701877 -0.06273281 0.1173663 0.9911053 -0.200507 0.3751215 -0.9050309 -0.09518182 0.1780743 0.9794028 -0.1379755 0.258135 -0.9562056 -0.1379734 0.258134 0.9562062 -0.09518218 0.1780737 -0.979403 -0.2005074 0.3751215 0.9050307 -0.06273323 0.1173664 -0.9911053 -0.3006658 0.5625055 0.7701868 -0.03581786 0.06701135 -0.9971092 -0.43887 0.8210683 0.3650208 -0.08496576 0.2800918 0.9562057 -0.05861234 0.1932212 -0.979403 -0.1234703 0.4070304 0.9050313 -0.03862828 0.12735 -0.9911054 -0.1851496 0.610354 0.7701869 -0.02205455 0.07271152 -0.9971092 -0.2702538 0.8909102 0.3650231 -0.00718224 0.02366918 0.9996941 -0.007180511 0.02366924 -0.9996941 -0.2702545 0.8909116 -0.3650192 -0.02205699 0.07271158 0.9971092 -0.1851487 0.6103543 -0.7701868 -0.03863108 0.12735 0.9911053 -0.1234704 0.4070306 -0.9050312 -0.05861347 0.1932218 0.9794028 -0.08496487 0.2800924 -0.9562057 -0.09125846 0.9265159 -0.3650207 -0.007447421 0.07561743 0.9971092 -0.0625168 0.634746 -0.7701877 -0.01304531 0.1324394 0.9911053 -0.04169136 0.4232966 -0.9050315 -0.01979231 0.2009441 0.9794027 -0.02868926 0.2912861 -0.9562057 -0.02869057 0.2912846 0.9562062 -0.01979196 0.2009431 -0.979403 -0.04169297 0.4232996 0.9050299 -0.01304525 0.1324394 -0.9911053 -0.06251972 0.6347431 0.7701899 -0.007450699 0.07561749 -0.9971091 -0.09125757 0.926518 0.3650159 -0.002423465 0.0246151 0.9996941 -0.002422809 0.02461516 -0.9996941 0.2902847 0.9569404 0 0.6343932 0.7730106 0 0.7730103 0.6343936 0 0.9951847 -0.09801727 0 0.8819216 -0.4713962 0 0.7730106 -0.6343932 0 0.2902843 -0.9569405 0 -0.2902852 -0.9569402 0 -0.6343936 -0.7730103 0 -0.7730111 -0.6343926 0 -0.9569405 -0.2902839 0 -0.9951848 -0.09801661 0 -0.9951846 0.09801846 0 -0.881921 0.4713975 0 -0.6343923 0.7730113 0 0 0 1 -3.97511e-6 0 1 3.97512e-6 0 1 1.43703e-6 0 1 -7.77715e-7 0 1 -2.87796e-7 0 1 -0.2902831 0.9569409 0 -3.97511e-6 0 -1 3.97512e-6 0 -1 3.88857e-7 0 -1 0 0 -1 0.09125417 0.9265186 -0.3650154 0.007445812 0.07561743 0.9971092 0.06251704 0.6347443 -0.7701891 0.01304614 0.1324395 0.9911053 0.04168963 0.4232987 -0.9050306 0.0197919 0.200944 0.9794028 0.02868777 0.2912856 -0.9562059 0.02869009 0.2912846 0.9562062 0.01979017 0.2009435 -0.979403 0.04169154 0.4232986 0.9050305 0.01304525 0.1324394 -0.9911053 0.06251621 0.634743 0.7701904 0.007449567 0.07561749 -0.9971092 0.09125435 0.9265173 0.3650183 0.02205586 0.07271146 -0.9971091 0.2702549 0.8909114 0.3650193 0.2702559 0.8909128 -0.3650153 0.02205502 0.07271146 0.9971092 0.1851482 0.610352 -0.7701887 0.03863054 0.1273499 0.9911054 0.1234714 0.4070315 -0.9050306 0.05861335 0.1932221 0.9794028 0.0849651 0.2800914 -0.956206 0.0849657 0.2800908 0.956206 0.05861347 0.1932215 -0.9794028 0.1234723 0.4070314 0.9050304 0.0386306 0.1273498 -0.9911054 0.1851469 0.6103501 0.7701905 0.09518265 0.1780743 0.9794028 0.1379759 0.2581339 -0.9562058 0.1379742 0.2581336 0.9562062 0.09518313 0.178074 -0.9794028 0.2005072 0.375122 0.9050306 0.06273353 0.1173663 -0.9911054 0.3006643 0.5625029 0.7701894 0.03581774 0.06701129 -0.9971092 0.4388704 0.8210705 0.3650152 0.4388698 0.8210694 -0.3650184 0.0358141 0.06701129 0.9971092 0.300665 0.562503 -0.7701889 0.06273597 0.1173664 0.9911051 0.2005077 0.3751223 -0.9050304 0.5906202 0.7196728 0.3650192 0.5906208 0.7196739 -0.3650159 0.04820394 0.05873584 0.9971091 0.4046247 0.4930386 -0.7701895 0.0844255 0.1028726 0.9911053 0.2698363 0.328797 -0.9050309 0.1280955 0.1560834 0.9794027 0.185684 0.2262562 -0.9562059 0.1856838 0.2262558 0.956206 0.1280942 0.1560829 -0.9794028 0.2698369 0.3287975 0.9050306 0.08442544 0.1028723 -0.9911053 0.4046237 0.4930378 0.7701904 0.04820364 0.0587359 -0.9971091 0.2262566 0.1856834 -0.9562059 0.2262578 0.1856833 0.9562056 0.1560828 0.1280941 -0.9794029 0.3287976 0.2698366 0.9050306 0.102872 0.08442515 -0.9911053 0.4930368 0.4046263 0.7701899 0.05873608 0.04820328 -0.9971092 0.7196739 0.5906205 0.3650164 0.719673 0.5906205 -0.3650182 0.0587396 0.04820322 0.9971089 0.4930377 0.4046257 -0.7701896 0.102874 0.08442533 0.9911051 0.3287975 0.2698372 -0.9050306 0.1560844 0.1280941 0.9794027 0.8210687 0.4388706 -0.3650191 0.06701052 0.03581827 0.9971092 0.5625039 0.3006638 -0.7701886 0.1173654 0.06273359 0.9911054 0.375122 0.2005069 -0.9050307 0.1780747 0.09518265 0.9794028 0.258134 0.1379755 -0.9562059 0.258135 0.137975 0.9562057 0.1780731 0.09518247 -0.979403 0.3751231 0.2005073 0.9050301 0.1173662 0.06273365 -0.9911054 0.5625019 0.3006642 0.7701901 0.06701111 0.03581821 -0.9971092 0.8210695 0.4388701 0.365018 0.193221 0.05861294 -0.979403 0.407031 0.1234716 0.9050307 0.1273492 0.03863102 -0.9911054 0.6103506 0.1851485 0.7701898 0.07271176 0.02205669 -0.9971092 0.8909116 0.2702548 0.3650191 0.8909116 0.2702548 -0.3650192 0.07271146 0.02205657 0.9971091 0.6103523 0.1851475 -0.7701886 0.1273496 0.03863108 0.9911054 0.4070315 0.1234715 -0.9050305 0.1932229 0.05861353 0.9794026 0.2800925 0.08496481 -0.9562056 0.2800911 0.08496457 0.9562061 0.07561713 0.007447659 0.9971092 0.6347449 0.06251716 -0.7701888 0.1324388 0.01304399 0.9911054 0.4232994 0.04169124 -0.9050301 0.2009448 0.01979124 0.9794026 0.2912861 0.0286889 -0.9562057 0.2912867 0.02868884 0.9562056 0.2009432 0.01979106 -0.979403 0.4232987 0.04169106 0.9050305 0.1324397 0.01304405 -0.9911053 0.6347435 0.06251692 0.77019 0.07561755 0.00744754 -0.9971092 0.9265161 0.09125369 0.3650214 0.926517 0.09125453 -0.3650195 0.4232993 -0.04169154 0.9050302 0.1324394 -0.01304405 -0.9911054 0.6347426 -0.06251764 0.7701905 0.07561701 -0.0074476 -0.9971091 0.9265162 -0.09125363 0.3650214 0.9265167 -0.09125423 -0.36502 0.07561761 -0.007447659 0.9971092 0.6347444 -0.06251716 -0.7701891 0.1324402 -0.01304417 0.9911053 0.4232993 -0.04169124 -0.9050301 0.200945 -0.019791 0.9794026 0.291286 -0.02868908 -0.9562058 0.2912857 -0.02868866 0.9562059 0.2009438 -0.01979124 -0.9794028 0.6103521 -0.1851485 -0.7701886 0.1273508 -0.03863126 0.9911052 0.4070315 -0.1234711 -0.9050305 0.1932229 -0.0586133 0.9794026 0.2800923 -0.08496516 -0.9562057 0.2800918 -0.08496445 0.9562059 0.1932204 -0.05861294 -0.9794031 0.4070299 -0.1234723 0.9050311 0.1273492 -0.03863126 -0.9911054 0.6103509 -0.1851481 0.7701897 0.07271176 -0.02205681 -0.9971092 0.8909107 -0.2702546 0.3650215 0.8909109 -0.2702553 -0.3650206 0.07270836 -0.02205693 0.9971094 0.1173658 -0.06273365 -0.9911053 0.5625025 -0.3006651 0.7701893 0.06701111 -0.03581821 -0.9971091 0.8210691 -0.4388692 0.3650195 0.8210675 -0.4388715 -0.3650208 0.06701266 -0.03581833 0.997109 0.5625036 -0.3006643 -0.7701888 0.1173666 -0.06273376 0.9911053 0.3751218 -0.2005068 -0.9050308 0.1780747 -0.09518271 0.9794028 0.2581344 -0.1379754 -0.9562057 0.2581335 -0.1379751 0.956206 0.1780735 -0.09518247 -0.979403 0.3751211 -0.200507 0.9050311 0.1028752 -0.08442527 0.9911051 0.3287969 -0.2698372 -0.9050307 0.1560836 -0.1280944 0.9794027 0.2262563 -0.1856839 -0.9562059 0.2262565 -0.1856834 0.956206 0.1560833 -0.1280941 -0.9794028 0.3287962 -0.2698369 0.9050311 0.1028728 -0.08442527 -0.9911053 0.4930365 -0.4046272 0.7701895 0.0587362 -0.04820328 -0.9971092 0.7196723 -0.5906193 0.3650215 0.7196722 -0.5906201 -0.3650206 0.05873441 -0.0482034 0.9971092 0.4930386 -0.404626 -0.7701888 0.4046248 -0.4930391 0.7701892 0.04820263 -0.0587359 -0.9971091 0.5906203 -0.7196723 0.3650198 0.5906195 -0.7196726 -0.3650208 0.0482003 -0.05873596 0.9971093 0.4046264 -0.493039 -0.7701883 0.08442604 -0.1028725 0.9911052 0.2698374 -0.3287974 -0.9050305 0.1280938 -0.1560834 0.9794028 0.1856842 -0.2262564 -0.9562057 0.1856836 -0.2262559 0.956206 0.1280942 -0.1560831 -0.9794028 0.2698365 -0.3287969 0.9050309 0.08442515 -0.1028725 -0.9911053 0.2005075 -0.3751222 -0.9050305 0.09518319 -0.1780745 0.9794027 0.137976 -0.258134 -0.9562058 0.137976 -0.2581338 0.9562059 0.09518206 -0.1780739 -0.9794029 0.2005063 -0.375122 0.9050309 0.062734 -0.1173663 -0.9911053 0.3006637 -0.562504 0.7701886 0.03581881 -0.06701135 -0.9971091 0.43887 -0.8210697 0.3650178 0.4388685 -0.821068 -0.365023 0.03582251 -0.06701129 0.997109 0.3006644 -0.5625039 -0.7701886 0.06273424 -0.1173663 0.9911053 0.02205801 -0.07271152 -0.9971091 0.2702547 -0.8909111 0.3650204 0.2702547 -0.8909103 -0.3650223 0.02205455 -0.07271152 0.9971092 0.1851483 -0.6103522 -0.7701886 0.03863048 -0.1273499 0.9911054 0.1234709 -0.4070308 -0.9050309 0.05861335 -0.1932219 0.9794028 0.08496415 -0.2800915 -0.956206 0.084966 -0.2800915 0.9562058 0.05861306 -0.1932213 -0.9794029 0.1234713 -0.4070311 0.9050306 0.03863143 -0.1273499 -0.9911053 0.185148 -0.6103522 0.7701886 0.02868914 -0.2912858 -0.9562059 0.02868849 -0.291285 0.9562061 0.019791 -0.2009437 -0.9794028 0.04169058 -0.4232977 0.9050309 0.01304328 -0.1324395 -0.9911054 0.06251716 -0.6347439 0.7701895 0.007446169 -0.07561749 -0.9971091 0.09125393 -0.9265166 0.3650203 0.09125328 -0.9265165 -0.3650205 0.007445812 -0.07561749 0.9971092 0.06251657 -0.6347446 -0.770189 0.01304388 -0.1324394 0.9911053 0.04169082 -0.4232985 -0.9050306 0.01979118 -0.200944 0.9794028 -0.09125363 -0.9265162 -0.3650213 -0.007445812 -0.07561749 0.9971092 -0.06251609 -0.6347448 -0.7701888 -0.01304388 -0.1324394 0.9911053 -0.0416916 -0.423298 -0.9050308 -0.01979124 -0.2009444 0.9794027 -0.02868986 -0.2912857 -0.9562059 -0.02868807 -0.2912852 0.956206 -0.0197916 -0.2009437 -0.9794028 -0.04169154 -0.4232984 0.9050305 -0.01304519 -0.1324396 -0.9911053 -0.06251716 -0.6347439 0.7701895 -0.007448494 -0.07561743 -0.9971092 -0.09125471 -0.9265165 0.3650203 -0.0849651 -0.2800912 0.956206 -0.05861246 -0.1932215 -0.9794028 -0.123471 -0.4070297 0.9050314 -0.03863126 -0.1273499 -0.9911053 -0.1851475 -0.6103521 0.7701888 -0.02205693 -0.07271152 -0.9971092 -0.2702543 -0.8909102 0.3650229 -0.2702546 -0.8909106 -0.3650217 -0.02205455 -0.07271158 0.9971092 -0.1851485 -0.6103529 -0.7701879 -0.03863048 -0.1273498 0.9911054 -0.123471 -0.4070315 -0.9050306 -0.05861341 -0.1932222 0.9794028 -0.0849657 -0.2800919 -0.9562058 -0.4388698 -0.8210679 -0.3650215 -0.03581833 -0.06701135 0.9971092 -0.3006636 -0.5625041 -0.7701887 -0.06273198 -0.1173663 0.9911054 -0.2005066 -0.3751218 -0.9050309 -0.09518271 -0.1780744 0.9794028 -0.1379763 -0.2581342 -0.9562057 -0.1379761 -0.2581338 0.9562058 -0.09518319 -0.1780739 -0.9794028 -0.2005067 -0.3751209 0.9050312 -0.062734 -0.1173663 -0.9911053 -0.3006638 -0.5625039 0.7701888 -0.0358178 -0.06701129 -0.9971092 -0.4388703 -0.8210672 0.3650228 -0.1280935 -0.1560831 -0.979403 -0.2698366 -0.3287971 0.9050308 -0.08442479 -0.1028725 -0.9911054 -0.4046258 -0.4930387 0.7701889 -0.04820477 -0.0587359 -0.9971091 -0.5906207 -0.7196719 0.36502 -0.5906197 -0.7196722 -0.3650212 -0.04820299 -0.05873596 0.9971092 -0.4046272 -0.4930385 -0.7701883 -0.08442431 -0.1028724 0.9911054 -0.2698369 -0.3287965 -0.905031 -0.1280947 -0.1560834 0.9794028 -0.1856852 -0.2262564 -0.9562056 -0.185684 -0.2262562 0.9562058 -0.05873656 -0.04820334 0.9971091 -0.4930406 -0.4046266 -0.7701873 -0.1028728 -0.08442497 0.9911053 -0.328796 -0.2698366 -0.9050312 -0.1560845 -0.1280944 0.9794026 -0.2262569 -0.185684 -0.9562057 -0.2262569 -0.1856837 0.9562058 -0.1560834 -0.1280938 -0.9794028 -0.3287965 -0.2698361 0.9050312 -0.102872 -0.08442515 -0.9911054 -0.4930359 -0.4046273 0.7701898 -0.0587362 -0.04820328 -0.9971091 -0.719672 -0.5906189 0.3650228 -0.7196719 -0.5906201 -0.3650211 -0.3751214 -0.200506 0.9050312 -0.1173659 -0.06273359 -0.9911054 -0.562503 -0.3006653 0.7701888 -0.06701225 -0.03581827 -0.9971091 -0.8210684 -0.4388689 0.3650215 -0.8210676 -0.43887 -0.3650223 -0.06701278 -0.03581827 0.997109 -0.5625053 -0.3006649 -0.7701874 -0.1173666 -0.06273347 0.9911053 -0.3751222 -0.2005066 -0.9050306 -0.178074 -0.09518271 0.9794029 -0.2581344 -0.1379756 -0.9562057 -0.2581353 -0.1379754 0.9562055 -0.1780741 -0.09518241 -0.9794028 -0.6103535 -0.1851482 -0.7701875 -0.1273502 -0.03863108 0.9911053 -0.4070302 -0.1234714 -0.9050312 -0.1932196 -0.05861335 0.9794033 -0.2800933 -0.08496487 -0.9562055 -0.2800918 -0.08496481 0.9562059 -0.1932214 -0.05861312 -0.979403 -0.4070288 -0.1234712 0.9050318 -0.1273504 -0.03863108 -0.9911053 -0.6103522 -0.1851485 0.7701885 -0.07271242 -0.02205669 -0.9971091 -0.8909108 -0.2702546 0.3650212 -0.8909109 -0.2702546 -0.365021 -0.0727126 -0.02205681 0.9971091 -0.132439 -0.01304405 -0.9911053 -0.6347439 -0.06251722 0.7701896 -0.07561719 -0.0074476 -0.9971091 -0.9265162 -0.09125369 0.3650213 -0.9265162 -0.09125369 -0.3650214 -0.07561671 -0.00744754 0.9971092 -0.6347467 -0.06251674 -0.7701872 -0.1324391 -0.01304417 0.9911053 -0.4232968 -0.04169112 -0.9050314 -0.2009438 -0.01979124 0.9794028 -0.2912861 -0.0286892 -0.9562057 -0.2912874 -0.02868896 0.9562054 -0.2009438 -0.01979088 -0.9794028 -0.4232979 -0.041691 0.9050308 -0.4232969 0.04169154 -0.9050312 -0.2009438 0.01979142 0.9794028 -0.2912868 0.0286892 -0.9562055 -0.291286 0.02868938 0.9562058 -0.2009426 0.01979124 -0.9794031 -0.4232974 0.04169094 0.9050311 -0.1324391 0.01304411 -0.9911054 -0.6347451 0.0625171 0.7701885 -0.07561719 0.007447719 -0.9971092 -0.9265162 0.09125363 0.3650213 -0.9265163 0.09125518 -0.3650209 -0.07561671 0.00744754 0.9971092 -0.6347463 0.06251734 -0.7701875 -0.1324397 0.01304417 0.9911053 -0.0727114 0.02205681 -0.9971092 -0.8909109 0.2702547 0.3650208 -0.8909109 0.2702553 -0.3650206 -0.07271164 0.02205687 0.9971092 -0.6103531 0.1851494 -0.7701876 -0.1273486 0.03863114 0.9911055 -0.4070302 0.1234715 -0.905031 -0.1932221 0.0586133 0.9794027 -0.2800932 0.0849651 -0.9562054 -0.2800934 0.08496499 0.9562054 -0.193221 0.05861312 -0.979403 -0.4070295 0.1234712 0.9050315 -0.1273493 0.03863126 -0.9911054 -0.6103523 0.1851485 0.7701883 -0.1780738 0.09518247 0.9794029 -0.2581346 0.1379757 -0.9562057 -0.258135 0.1379756 0.9562056 -0.1780734 0.09518229 -0.979403 -0.3751202 0.2005065 0.9050315 -0.1173652 0.0627337 -0.9911054 -0.5625038 0.3006653 0.7701883 -0.06701171 0.03581833 -0.9971091 -0.8210682 0.4388703 0.3650204 -0.8210675 0.4388715 -0.3650208 -0.06700861 0.03581833 0.9971094 -0.5625047 0.3006656 -0.7701874 -0.1173664 0.0627337 0.9911053 -0.3751207 0.2005063 -0.9050313 -0.7196723 0.5906203 0.3650199 -0.7196724 0.5906202 -0.36502 -0.05873447 0.0482034 0.9971092 -0.4930389 0.4046275 -0.7701878 -0.1028707 0.08442538 0.9911055 -0.3287969 0.2698367 -0.9050309 -0.1560835 0.1280943 0.9794028 -0.2262569 0.1856842 -0.9562056 -0.2262579 0.185684 0.9562054 -0.1560827 0.1280941 -0.979403 -0.3287956 0.2698363 0.9050315 -0.102872 0.08442521 -0.9911053 -0.493039 0.4046275 0.7701877 -0.05873626 0.04820334 -0.9971092 -0.1856847 0.2262569 -0.9562056 -0.1856843 0.2262565 0.9562057 -0.1280941 0.1560829 -0.979403 -0.2698353 0.3287968 0.9050313 -0.08442598 0.1028724 -0.9911053 -0.4046251 0.4930396 0.7701886 -0.04820477 0.0587359 -0.9971091 -0.5906191 0.7196736 0.3650193 -0.5906193 0.719673 -0.3650202 -0.04820454 0.05873596 0.9971091 -0.4046276 0.4930402 -0.770187 -0.08442384 0.1028725 0.9911054 -0.2698361 0.3287968 -0.9050312 -0.1280955 0.1560831 0.9794027 -0.4388688 0.8210688 -0.365021 -0.03581887 0.06701135 0.9971091 -0.3006649 0.5625057 -0.770187 -0.0627343 0.1173663 0.9911053 -0.2005059 0.3751217 -0.905031 -0.09518313 0.1780743 0.9794027 -0.1379748 0.2581342 -0.9562059 -0.1379764 0.2581345 0.9562057 -0.09518283 0.1780738 -0.9794028 -0.2005061 0.3751215 0.905031 -0.06273365 0.1173664 -0.9911053 -0.3006644 0.5625046 0.7701879 -0.0358178 0.06701135 -0.9971092 -0.4388695 0.8210692 0.3650192 -0.0849657 0.2800918 0.9562057 -0.05861276 0.1932213 -0.9794029 -0.1234713 0.4070305 0.905031 -0.03863185 0.1273499 -0.9911053 -0.1851481 0.6103544 0.7701869 -0.02205699 0.07271152 -0.9971092 -0.2702545 0.8909116 0.3650192 -0.2702552 0.8909099 -0.365023 -0.02205455 0.07271158 0.9971092 -0.1851485 0.6103541 -0.770187 -0.03863054 0.1273499 0.9911054 -0.1234715 0.4070302 -0.9050311 -0.05861151 0.1932218 0.979403 -0.08496505 0.2800921 -0.9562057 -0.09125757 0.926518 -0.3650159 -0.00744754 0.07561743 0.9971092 -0.06251996 0.63474 -0.7701924 -0.01304531 0.1324394 0.9911053 -0.04169142 0.4232979 -0.9050309 -0.01979243 0.2009437 0.9794028 -0.02868926 0.2912867 -0.9562056 -0.02869027 0.2912858 0.9562059 -0.01979166 0.2009444 -0.9794027 -0.04169368 0.4232968 0.9050312 -0.0130437 0.1324391 -0.9911054 -0.06251823 0.6347459 0.7701879 -0.007445335 0.07561743 -0.9971092 -0.09125846 0.9265159 0.3650207</float_array>
          <technique_common>
            <accessor source="#Cylinder_016-mesh-normals-array" count="1020" stride="3">
              <param name="X" type="float"/>
              <param name="Y" type="float"/>
              <param name="Z" type="float"/>
            </accessor>
          </technique_common>
        </source>
        <source id="Cylinder_016-mesh-map-0">
          <float_array id="Cylinder_016-mesh-map-0-array" count="6504">1 1 0.96875 0.5 1 0.5 0.96875 1 0.9375 0.5 0.96875 0.5 0.9375 1 0.90625 0.5 0.9375 0.5 0.90625 1 0.875 0.5 0.90625 0.5 0.875 1 0.84375 0.5 0.875 0.5 0.84375 1 0.8125 0.5 0.84375 0.5 0.8125 1 0.78125 0.5 0.8125 0.5 0.78125 1 0.75 0.5 0.78125 0.5 0.75 1 0.71875 0.5 0.75 0.5 0.71875 1 0.6875 0.5 0.71875 0.5 0.6875 1 0.65625 0.5 0.6875 0.5 0.65625 1 0.625 0.5 0.65625 0.5 0.625 1 0.59375 0.5 0.625 0.5 0.59375 1 0.5625 0.5 0.59375 0.5 0.5625 1 0.53125 0.5 0.5625 0.5 0.53125 1 0.5 0.5 0.53125 0.5 0.5 1 0.46875 0.5 0.5 0.5 0.46875 1 0.4375 0.5 0.46875 0.5 0.4375 1 0.40625 0.5 0.4375 0.5 0.40625 1 0.375 0.5 0.40625 0.5 0.375 1 0.34375 0.5 0.375 0.5 0.34375 1 0.3125 0.5 0.34375 0.5 0.3125 1 0.28125 0.5 0.3125 0.5 0.28125 1 0.25 0.5 0.28125 0.5 0.25 1 0.21875 0.5 0.25 0.5 0.21875 1 0.1875 0.5 0.21875 0.5 0.1875 1 0.15625 0.5 0.1875 0.5 0.15625 1 0.125 0.5 0.15625 0.5 0.125 1 0.09375 0.5 0.125 0.5 0.09375 1 0.0625 0.5 0.09375 0.5 0.02826899 0.3418443 0.1581559 0.02826893 0.4717311 0.158156 0.0625 1 0.03125 0.5 0.0625 0.5 0.03125 1 0 0.5 0.03125 0.5 0.9853885 0.2968217 0.7968216 0.01461148 0.5146115 0.2031785 0.7343749 0 0.75 0.06249988 0.7187499 0.06249988 0.75 0.4375001 0.71875 0.5 0.71875 0.4375001 0.75 0.9375001 0.71875 0.875 0.75 0.875 0.75 0.4375001 0.71875 0.3750001 0.75 0.375 0.75 0.875 0.71875 0.8125 0.75 0.8125 0.75 0.375 0.71875 0.3125001 0.7499999 0.3124999 0.75 0.8125 0.71875 0.7500001 0.75 0.7500001 0.7499999 0.3124999 0.71875 0.25 0.7499999 0.2499999 0.75 0.7500001 0.71875 0.6875 0.75 0.6875 0.7499999 0.2499999 0.71875 0.1875 0.75 0.1875 0.75 0.6875 0.71875 0.625 0.75 0.625 0.75 0.1875 0.71875 0.125 0.7499999 0.1249998 0.75 0.625 0.71875 0.5625 0.75 0.5625 0.7499999 0.1249998 0.7187499 0.06249988 0.75 0.06249988 0.75 0.5625 0.71875 0.5 0.75 0.5 0.75 0.9375001 0.734375 1 0.7187499 0.9375001 0.71875 0.125 0.6874999 0.06249988 0.7187499 0.06249988 0.71875 0.5625 0.6875 0.5 0.71875 0.5 0.7187499 0.9375001 0.7031249 1 0.6874999 0.9375001 0.7031249 0 0.7187499 0.06249988 0.6874999 0.06249988 0.71875 0.4375001 0.6875 0.5 0.6875 0.4375001 0.71875 0.875 0.6874999 0.9375001 0.6874999 0.875 0.71875 0.4375001 0.6875 0.3750001 0.71875 0.3750001 0.71875 0.875 0.6874999 0.8125 0.71875 0.8125 0.71875 0.3125001 0.6875 0.3750001 0.6875 0.3125001 0.71875 0.8125 0.6874999 0.7500001 0.71875 0.7500001 0.71875 0.25 0.6875 0.3125001 0.6874999 0.25 0.71875 0.7500001 0.6875 0.6875 0.71875 0.6875 0.71875 0.1875 0.6874999 0.25 0.6874999 0.1875 0.71875 0.6875 0.6875 0.625 0.71875 0.625 0.71875 0.125 0.6874999 0.1875 0.6874999 0.125 0.71875 0.5625 0.6875 0.625 0.6875 0.5625 0.6874999 0.7500001 0.6562499 0.8125 0.6562499 0.75 0.6875 0.3125001 0.6562499 0.25 0.6874999 0.25 0.6875 0.6875 0.6562499 0.75 0.65625 0.6875 0.6874999 0.25 0.6562499 0.1875 0.6874999 0.1875 0.6875 0.6875 0.65625 0.625 0.6875 0.625 0.6874999 0.1875 0.6562499 0.125 0.6874999 0.125 0.6875 0.5625 0.65625 0.625 0.65625 0.5625 0.6874999 0.125 0.6562499 0.06249994 0.6874999 0.06249988 0.6875 0.5 0.65625 0.5625 0.6562499 0.5 0.6874999 0.9375001 0.6718748 1 0.6562498 0.9375001 0.6718748 0 0.6874999 0.06249988 0.6562499 0.06249994 0.6875 0.5 0.65625 0.4375001 0.6875 0.4375001 0.6874999 0.9375001 0.6562499 0.875 0.6874999 0.875 0.6875 0.4375001 0.65625 0.3750001 0.6875 0.3750001 0.6874999 0.8125 0.6562499 0.875 0.6562499 0.8125 0.6875 0.3125001 0.65625 0.3750001 0.65625 0.3125001 0.6562499 0.5 0.6249999 0.5625 0.6249999 0.5 0.6562498 0.9375001 0.6406248 1 0.6249998 0.9375 0.6406248 0 0.6562499 0.06249994 0.6249998 0.06249994 0.6562499 0.5 0.6249999 0.4375001 0.65625 0.4375001 0.6562499 0.875 0.6249998 0.9375 0.6249999 0.875 0.65625 0.4375001 0.625 0.3750001 0.65625 0.3750001 0.6562499 0.8125 0.6249999 0.875 0.6249999 0.8125 0.65625 0.3125001 0.625 0.3750001 0.6249999 0.3125001 0.6562499 0.75 0.6249999 0.8125 0.6249999 0.75 0.65625 0.3125001 0.6249999 0.25 0.6562499 0.25 0.65625 0.6875 0.6249999 0.75 0.6249999 0.6875 0.6562499 0.1875 0.6249999 0.25 0.6249999 0.1875 0.65625 0.6875 0.6249999 0.625 0.65625 0.625 0.6562499 0.1875 0.6249999 0.125 0.6562499 0.125 0.65625 0.5625 0.6249999 0.625 0.6249999 0.5625 0.6562499 0.125 0.6249998 0.06249994 0.6562499 0.06249994 0.6249999 0.3125001 0.5937499 0.25 0.6249999 0.25 0.6249999 0.6875 0.5937499 0.75 0.5937499 0.6875 0.6249999 0.1875 0.5937499 0.25 0.5937499 0.1875 0.6249999 0.6875 0.5937499 0.625 0.6249999 0.625 0.6249999 0.1875 0.5937499 0.125 0.6249999 0.125 0.6249999 0.5625 0.5937499 0.625 0.5937499 0.5625 0.6249999 0.125 0.5937498 0.06249994 0.6249998 0.06249994 0.6249999 0.5 0.5937499 0.5625 0.5937499 0.5 0.6249998 0.9375 0.6093747 1 0.5937498 0.9375 0.6093747 0 0.6249998 0.06249994 0.5937498 0.06249994 0.6249999 0.5 0.5937499 0.4375001 0.6249999 0.4375001 0.6249999 0.875 0.5937498 0.9375 0.5937499 0.875 0.6249999 0.4375001 0.59375 0.3750001 0.625 0.3750001 0.6249999 0.8125 0.5937499 0.875 0.5937499 0.8125 0.6249999 0.3125001 0.59375 0.3750001 0.5937499 0.3125001 0.6249999 0.75 0.5937499 0.8125 0.5937499 0.75 0.5781247 0 0.5937498 0.06249994 0.5624998 0.06249994 0.5937499 0.4375001 0.5624999 0.5 0.5624999 0.4375001 0.5937498 0.9375 0.5624999 0.875 0.5937499 0.875 0.5937499 0.4375001 0.5624999 0.3750001 0.59375 0.3750001 0.5937499 0.8125 0.5624999 0.875 0.5624999 0.8125 0.5937499 0.3125001 0.5624999 0.3750001 0.5624999 0.3125001 0.5937499 0.75 0.5624999 0.8125 0.5624999 0.75 0.5937499 0.3125001 0.5624999 0.25 0.5937499 0.25 0.5937499 0.6875 0.5624999 0.75 0.5624999 0.6875 0.5937499 0.25 0.5624999 0.1875 0.5937499 0.1875 0.5937499 0.6875 0.5624999 0.625 0.5937499 0.625 0.5937499 0.1875 0.5624999 0.125 0.5937499 0.125 0.5937499 0.5625 0.5624999 0.625 0.5624999 0.5625 0.5937498 0.06249994 0.5624999 0.125 0.5624998 0.06249994 0.5937499 0.5625 0.5624999 0.5 0.5937499 0.5 0.5937498 0.9375 0.5781245 1 0.5624998 0.9375 0.5624999 0.1875 0.5312499 0.2500001 0.5312499 0.1875 0.5624999 0.6875 0.5312499 0.625 0.5624999 0.625 0.5624999 0.1875 0.5312499 0.125 0.5624999 0.125 0.5624999 0.5625 0.5312499 0.625 0.5312499 0.5625 0.5624998 0.06249994 0.5312499 0.125 0.5312498 0.06249994 0.5624999 0.5625 0.5312499 0.5 0.5624999 0.5 0.5624998 0.9375 0.5468745 1 0.5312498 0.9375 0.5468747 0 0.5624998 0.06249994 0.5312498 0.06249994 0.5624999 0.4375001 0.5312499 0.5 0.5312499 0.4375001 0.5624998 0.9375 0.5312499 0.875 0.5624999 0.875 0.5624999 0.4375001 0.5312499 0.3750001 0.5624999 0.3750001 0.5624999 0.875 0.5312499 0.8125 0.5624999 0.8125 0.5624999 0.3125001 0.5312499 0.3750001 0.5312499 0.3125001 0.5624999 0.75 0.5312499 0.8125 0.5312499 0.75 0.5624999 0.3125001 0.5312499 0.2500001 0.5624999 0.25 0.5624999 0.6875 0.5312499 0.75 0.5312499 0.6875 0.5312498 0.9375 0.4999998 0.875 0.5312499 0.875 0.5312499 0.4375001 0.5 0.3750001 0.5312499 0.3750001 0.5312499 0.875 0.4999999 0.8125 0.5312499 0.8125 0.5312499 0.3125001 0.5 0.3750001 0.4999999 0.3125001 0.5312499 0.8125 0.4999999 0.75 0.5312499 0.75 0.5312499 0.3125001 0.4999999 0.2500001 0.5312499 0.2500001 0.5312499 0.6875 0.4999999 0.75 0.4999999 0.6875 0.5312499 0.1875 0.4999999 0.2500001 0.4999999 0.1875 0.5312499 0.6875 0.4999999 0.625 0.5312499 0.625 0.5312499 0.125 0.4999999 0.1875 0.4999998 0.125 0.5312499 0.5625 0.4999999 0.625 0.4999999 0.5625 0.5312498 0.06249994 0.4999998 0.125 0.4999997 0.06249994 0.5312499 0.5625 0.4999999 0.5 0.5312499 0.5 0.5312498 0.9375 0.5156245 1 0.4999997 0.9375 0.5156247 0 0.5312498 0.06249994 0.4999997 0.06249994 0.5312499 0.4375001 0.4999999 0.5 0.4999999 0.4375001 0.4999999 0.6875 0.4687499 0.625 0.4999999 0.625 0.4999999 0.1875 0.4687498 0.125 0.4999998 0.125 0.4999999 0.5625 0.4687499 0.625 0.4687499 0.5625 0.4999997 0.06249994 0.4687498 0.125 0.4687497 0.06249994 0.4999999 0.5625 0.4687499 0.5 0.4999999 0.5 0.4999997 0.9375 0.4843745 1 0.4687497 0.9375 0.4843746 0 0.4999997 0.06249994 0.4687497 0.06249994 0.4999999 0.4375001 0.4687499 0.5 0.4687499 0.4375001 0.4999997 0.9375 0.4687498 0.8749999 0.4999998 0.875 0.4999999 0.4375001 0.46875 0.3750001 0.5 0.3750001 0.4999998 0.875 0.4687499 0.8125 0.4999999 0.8125 0.4999999 0.3125001 0.46875 0.3750001 0.4687499 0.3125001 0.4999999 0.8125 0.4687499 0.75 0.4999999 0.75 0.4999999 0.2500001 0.4687499 0.3125001 0.4687499 0.2500001 0.4999999 0.75 0.4687499 0.6875 0.4999999 0.6875 0.4999999 0.1875 0.4687499 0.2500001 0.4687499 0.1875 0.4687499 0.4375001 0.4375 0.3750001 0.46875 0.3750001 0.4687498 0.8749999 0.4374999 0.8125 0.4687499 0.8125 0.4687499 0.3125001 0.4375 0.3750001 0.4374999 0.3125001 0.4687499 0.8125 0.4374999 0.75 0.4687499 0.75 0.4687499 0.2500001 0.4374999 0.3125001 0.4374999 0.2500001 0.4687499 0.75 0.4374999 0.6875 0.4687499 0.6875 0.4687499 0.1875 0.4374999 0.2500001 0.4374999 0.1875 0.4687499 0.6875 0.4375 0.625 0.4687499 0.625 0.4687498 0.125 0.4374999 0.1875 0.4374998 0.125 0.4687499 0.5625 0.4375 0.625 0.4374999 0.5625 0.4687497 0.06249994 0.4374998 0.125 0.4374997 0.06249994 0.4687499 0.5625 0.4374999 0.5 0.4687499 0.5 0.4687497 0.9375 0.4531245 1 0.4374997 0.9375 0.4531246 0 0.4687497 0.06249994 0.4374997 0.06249994 0.4687499 0.4375001 0.4374999 0.5 0.4374999 0.4375001 0.4687497 0.9375 0.4374998 0.8749999 0.4687498 0.8749999 0.4374998 0.125 0.4062499 0.1875 0.4062498 0.125 0.4374999 0.5625 0.40625 0.625 0.4062499 0.5625 0.4374997 0.06249994 0.4062498 0.125 0.4062498 0.06249994 0.4374999 0.5625 0.4062499 0.5 0.4374999 0.5 0.4374997 0.9375 0.4218745 1 0.4062497 0.9375 0.4218746 0 0.4374997 0.06249994 0.4062498 0.06249994 0.4374999 0.4375001 0.4062499 0.5 0.4062499 0.4375001 0.4374997 0.9375 0.4062499 0.8749999 0.4374998 0.8749999 0.4374999 0.4375001 0.40625 0.3750001 0.4375 0.3750001 0.4374998 0.8749999 0.4062499 0.8125 0.4374999 0.8125 0.4374999 0.3125001 0.40625 0.3750001 0.4062499 0.3125001 0.4374999 0.8125 0.4062499 0.7499999 0.4374999 0.75 0.4374999 0.3125001 0.4062499 0.2500001 0.4374999 0.2500001 0.4374999 0.6875 0.4062499 0.7499999 0.4062499 0.6875 0.4374999 0.1875 0.4062499 0.2500001 0.4062499 0.1875 0.4374999 0.6875 0.40625 0.625 0.4375 0.625 0.4062499 0.8749999 0.3749999 0.8124999 0.4062499 0.8125 0.4062499 0.3125001 0.375 0.3750001 0.3749999 0.3125001 0.4062499 0.8125 0.3749999 0.75 0.4062499 0.7499999 0.4062499 0.3125001 0.3749999 0.2500001 0.4062499 0.2500001 0.4062499 0.6875 0.3749999 0.75 0.3749999 0.6875 0.4062499 0.1875 0.3749999 0.2500001 0.3749999 0.1875 0.4062499 0.6875 0.375 0.625 0.40625 0.625 0.4062498 0.125 0.3749999 0.1875 0.3749999 0.125 0.4062499 0.5625 0.375 0.625 0.3749999 0.5625 0.4062498 0.06249994 0.3749999 0.125 0.3749998 0.06249994 0.4062499 0.5 0.3749999 0.5625 0.3749999 0.5 0.4062497 0.9375 0.3906245 1 0.3749998 0.9375 0.3906247 0 0.4062498 0.06249994 0.3749998 0.06249994 0.4062499 0.5 0.3749999 0.4375001 0.4062499 0.4375001 0.4062497 0.9375 0.3749999 0.8749999 0.4062499 0.8749999 0.4062499 0.4375001 0.375 0.3750001 0.40625 0.3750001 0.3749999 0.5625 0.34375 0.625 0.34375 0.5625 0.3749998 0.06249994 0.3437499 0.125 0.3437498 0.06249994 0.3749999 0.5 0.34375 0.5625 0.34375 0.5 0.3749998 0.9375 0.3593746 1 0.3437498 0.9375 0.3593747 0 0.3749998 0.06249994 0.3437498 0.06249994 0.3749999 0.5 0.34375 0.4375001 0.3749999 0.4375001 0.3749998 0.9375 0.3437499 0.8749999 0.3749999 0.8749999 0.3749999 0.4375001 0.34375 0.3750001 0.375 0.3750001 0.3749999 0.8749999 0.3437499 0.8124999 0.3749999 0.8124999 0.3749999 0.3125001 0.34375 0.3750001 0.3437499 0.3125001 0.3749999 0.8124999 0.3437499 0.7499999 0.3749999 0.75 0.3749999 0.3125001 0.3437499 0.2500001 0.3749999 0.2500001 0.3749999 0.6875 0.3437499 0.7499999 0.3437499 0.6875 0.3749999 0.1875 0.3437499 0.2500001 0.3437499 0.1875 0.3749999 0.6875 0.34375 0.625 0.375 0.625 0.3749999 0.125 0.3437499 0.1875 0.3437499 0.125 0.3437499 0.3125001 0.3125 0.3750001 0.3125 0.3125001 0.3437499 0.8124999 0.3125 0.75 0.3437499 0.7499999 0.3437499 0.2500001 0.3125 0.3125001 0.3125 0.2500001 0.3437499 0.7499999 0.3125 0.6875 0.3437499 0.6875 0.3437499 0.1875 0.3125 0.2500001 0.3125 0.1875 0.3437499 0.6875 0.3125 0.625 0.34375 0.625 0.3437499 0.125 0.3125 0.1875 0.3124999 0.125 0.34375 0.5625 0.3125 0.625 0.3125 0.5625 0.3437498 0.06249994 0.3124999 0.125 0.3124999 0.06249994 0.34375 0.5 0.3125 0.5625 0.3125 0.5 0.3437498 0.9375 0.3281247 1 0.3124999 0.9375 0.3281248 0 0.3437498 0.06249994 0.3124999 0.06249994 0.34375 0.5 0.3125 0.4375001 0.34375 0.4375001 0.3437498 0.9375 0.3125 0.8749999 0.3437499 0.8749999 0.34375 0.4375001 0.3125 0.3750001 0.34375 0.3750001 0.3437499 0.8749999 0.3125 0.8124999 0.3437499 0.8124999 0.3124999 0.06249994 0.28125 0.125 0.2812499 0.06249994 0.3125 0.5 0.28125 0.5625 0.28125 0.5 0.3124999 0.9375 0.2968747 1 0.2812499 0.9375 0.2968749 0 0.3124999 0.06249994 0.2812499 0.06249994 0.3125 0.5 0.28125 0.4375001 0.3125 0.4375001 0.3124999 0.9375 0.28125 0.8749999 0.3125 0.8749999 0.3125 0.4375001 0.28125 0.3750001 0.3125 0.3750001 0.3125 0.8749999 0.28125 0.8124999 0.3125 0.8124999 0.3125 0.3125001 0.28125 0.3750001 0.28125 0.3125001 0.3125 0.75 0.28125 0.8124999 0.28125 0.75 0.3125 0.3125001 0.28125 0.2500001 0.3125 0.2500001 0.3125 0.75 0.28125 0.6875 0.3125 0.6875 0.3125 0.2500001 0.28125 0.1875 0.3125 0.1875 0.3125 0.6875 0.28125 0.625 0.3125 0.625 0.3125 0.1875 0.28125 0.125 0.3124999 0.125 0.3125 0.5625 0.28125 0.625 0.28125 0.5625 0.28125 0.3125001 0.25 0.2500001 0.28125 0.2500001 0.28125 0.75 0.25 0.6875 0.28125 0.6875 0.28125 0.1875 0.25 0.2500001 0.25 0.1875 0.28125 0.6875 0.25 0.625 0.28125 0.625 0.28125 0.125 0.25 0.1875 0.25 0.125 0.28125 0.5625 0.25 0.625 0.25 0.5625 0.2812499 0.06249994 0.25 0.125 0.25 0.06249994 0.28125 0.5 0.25 0.5625 0.25 0.5 0.2812499 0.9375 0.2656248 1 0.25 0.9375 0.265625 0 0.2812499 0.06249994 0.25 0.06249994 0.28125 0.5 0.25 0.4375001 0.28125 0.4375001 0.2812499 0.9375 0.25 0.8749999 0.28125 0.8749999 0.28125 0.4375001 0.25 0.3750001 0.28125 0.3750001 0.28125 0.8749999 0.25 0.8124999 0.28125 0.8124999 0.28125 0.3125001 0.25 0.3750001 0.25 0.3125001 0.28125 0.75 0.25 0.8124999 0.25 0.75 0.25 0.9375 0.2343749 1 0.21875 0.9375 0.234375 0 0.25 0.06249994 0.21875 0.06249994 0.25 0.5 0.21875 0.4375001 0.25 0.4375001 0.25 0.9375 0.21875 0.8749999 0.25 0.8749999 0.25 0.4375001 0.21875 0.3750001 0.25 0.3750001 0.25 0.8749999 0.21875 0.8124999 0.25 0.8124999 0.25 0.3125001 0.21875 0.3750001 0.21875 0.3125001 0.25 0.75 0.21875 0.8124999 0.21875 0.75 0.25 0.3125001 0.21875 0.2500001 0.25 0.2500001 0.25 0.6875 0.21875 0.75 0.21875 0.6875 0.25 0.2500001 0.21875 0.1875 0.25 0.1875 0.25 0.6875 0.21875 0.625 0.25 0.625 0.25 0.125 0.21875 0.1875 0.21875 0.125 0.25 0.5625 0.21875 0.625 0.21875 0.5625 0.25 0.06249994 0.21875 0.125 0.21875 0.06249994 0.25 0.5 0.21875 0.5625 0.21875 0.5 0.21875 0.6875 0.1875 0.75 0.1875 0.6875 0.21875 0.2500001 0.1875 0.1875 0.21875 0.1875 0.21875 0.6875 0.1875 0.625 0.21875 0.625 0.21875 0.125 0.1875 0.1875 0.1875 0.125 0.21875 0.5625 0.1875 0.625 0.1875 0.5625 0.21875 0.06249994 0.1875 0.125 0.1875001 0.06249994 0.21875 0.5 0.1875 0.5625 0.1875 0.5 0.21875 0.9375 0.203125 1 0.1875001 0.9375 0.2031251 0 0.21875 0.06249994 0.1875001 0.06249994 0.21875 0.5 0.1875 0.4375001 0.21875 0.4375001 0.21875 0.9375 0.1875 0.8749999 0.21875 0.8749999 0.21875 0.4375001 0.1875 0.3750001 0.21875 0.3750001 0.21875 0.8749999 0.1875 0.8124999 0.21875 0.8124999 0.21875 0.3125001 0.1875 0.3750001 0.1875 0.3125001 0.21875 0.75 0.1875 0.8124999 0.1875 0.75 0.21875 0.3125001 0.1875 0.2500001 0.21875 0.2500001 0.1875 0.5 0.15625 0.4375001 0.1875 0.4375001 0.1875001 0.9375 0.15625 0.8749999 0.1875 0.8749999 0.1875 0.4375001 0.15625 0.3750001 0.1875 0.3750001 0.1875 0.8749999 0.15625 0.8125 0.1875 0.8124999 0.1875 0.3125001 0.15625 0.3750001 0.15625 0.3125001 0.1875 0.75 0.15625 0.8125 0.15625 0.75 0.1875 0.3125001 0.15625 0.2500001 0.1875 0.2500001 0.1875 0.6875 0.15625 0.75 0.15625 0.6875 0.1875 0.2500001 0.15625 0.1875 0.1875 0.1875 0.1875 0.6875 0.15625 0.625 0.1875 0.625 0.1875 0.125 0.15625 0.1875 0.15625 0.125 0.1875 0.5625 0.15625 0.625 0.15625 0.5625 0.1875001 0.06249994 0.15625 0.125 0.1562501 0.06249994 0.1875 0.5 0.15625 0.5625 0.15625 0.5 0.1875001 0.9375 0.1718751 1 0.1562501 0.9375 0.1718751 0 0.1875001 0.06249994 0.1562501 0.06249994 0.15625 0.2500001 0.125 0.1875 0.15625 0.1875 0.15625 0.6875 0.125 0.625 0.15625 0.625 0.15625 0.1875 0.125 0.125 0.15625 0.125 0.15625 0.5625 0.125 0.625 0.125 0.5625 0.15625 0.125 0.1250001 0.06249994 0.1562501 0.06249994 0.15625 0.5 0.125 0.5625 0.125 0.5 0.1562501 0.9375 0.1406252 1 0.1250001 0.9375 0.1406252 0 0.1562501 0.06249994 0.1250001 0.06249994 0.15625 0.5 0.125 0.4375001 0.15625 0.4375001 0.15625 0.8749999 0.1250001 0.9375 0.125 0.875 0.15625 0.4375001 0.125 0.3750001 0.15625 0.3750001 0.15625 0.8125 0.125 0.875 0.125 0.8125 0.15625 0.3125001 0.125 0.3750001 0.125 0.3125001 0.15625 0.75 0.125 0.8125 0.125 0.75 0.15625 0.3125001 0.125 0.2500001 0.15625 0.2500001 0.15625 0.6875 0.125 0.75 0.125 0.6875 0.125 0.875 0.09375017 0.9375 0.09375005 0.875 0.125 0.4375001 0.09375 0.3750001 0.125 0.3750001 0.125 0.875 0.09375 0.8125 0.125 0.8125 0.125 0.3125001 0.09375 0.3750001 0.09375 0.3125 0.125 0.75 0.09375 0.8125 0.09375 0.75 0.125 0.3125001 0.09375 0.25 0.125 0.2500001 0.125 0.6875 0.09375 0.75 0.09375 0.6875 0.125 0.2500001 0.09375 0.1875 0.125 0.1875 0.125 0.6875 0.09375 0.625 0.125 0.625 0.125 0.1875 0.09375005 0.125 0.125 0.125 0.125 0.5625 0.09375 0.625 0.09375 0.5625 0.125 0.125 0.09375017 0.06249994 0.1250001 0.06249994 0.125 0.5 0.09375 0.5625 0.09375 0.5 0.1250001 0.9375 0.1093753 1 0.09375017 0.9375 0.1093752 0 0.1250001 0.06249994 0.09375017 0.06249994 0.125 0.5 0.09375 0.4375001 0.125 0.4375001 0.09375 0.6875 0.0625 0.625 0.09375 0.625 0.09375005 0.125 0.06250005 0.1875 0.06250005 0.125 0.09375 0.5625 0.0625 0.625 0.0625 0.5625 0.09375005 0.125 0.06250017 0.06249994 0.09375017 0.06249994 0.09375 0.5625 0.0625 0.5 0.09375 0.5 0.09375017 0.9375 0.07812535 1 0.06250017 0.9375 0.07812529 0 0.09375017 0.06249994 0.06250017 0.06249994 0.09375 0.4375001 0.0625 0.5 0.0625 0.4375001 0.09375017 0.9375 0.06250005 0.875 0.09375005 0.875 0.09375 0.4375001 0.0625 0.3750001 0.09375 0.3750001 0.09375005 0.875 0.06250005 0.8125 0.09375 0.8125 0.09375 0.3125 0.0625 0.3750001 0.0625 0.3125 0.09375 0.75 0.06250005 0.8125 0.0625 0.75 0.09375 0.3125 0.0625 0.25 0.09375 0.25 0.09375 0.6875 0.0625 0.75 0.0625 0.6875 0.09375 0.25 0.06250005 0.1875 0.09375 0.1875 0.0625 0.4375001 0.03125 0.3750001 0.0625 0.3750001 0.06250005 0.875 0.03125005 0.8125 0.06250005 0.8125 0.0625 0.3125 0.03125 0.3750001 0.03125 0.3125 0.0625 0.75 0.03125005 0.8125 0.03125 0.75 0.0625 0.3125 0.03125 0.25 0.0625 0.25 0.0625 0.6875 0.03125 0.75 0.03125 0.6875001 0.0625 0.25 0.03125005 0.1875 0.06250005 0.1875 0.0625 0.6875 0.03125 0.625 0.0625 0.625 0.06250005 0.1875 0.03125005 0.125 0.06250005 0.125 0.0625 0.5625 0.03125 0.625 0.03124994 0.5625001 0.06250005 0.125 0.03125023 0.06249994 0.06250017 0.06249994 0.0625 0.5625 0.03125 0.5 0.0625 0.5 0.06250017 0.9375 0.04687541 1 0.03125023 0.9375 0.04687535 0 0.06250017 0.06249994 0.03125023 0.06249994 0.0625 0.4375001 0.03125 0.5 0.03124994 0.4375 0.06250005 0.875 0.03125023 0.9375 0.03125005 0.875 0.03125005 0.125 0 0.1875 0 0.125 0.03124994 0.5625001 0 0.6250001 0 0.5625001 0.03125005 0.125 2.38419e-7 0.06249994 0.03125023 0.06249994 0.03124994 0.5625001 0 0.5 0.03125 0.5 0.03125023 0.9375 0.01562547 1 2.38419e-7 0.9375 0.01562535 0 0.03125023 0.06249994 2.38419e-7 0.06249994 0.03124994 0.4375 0 0.5 0 0.4375 0.03125005 0.875 2.38419e-7 0.9375 0 0.875 0.03124994 0.4375 0 0.3750001 0.03125 0.3750001 0.03125005 0.875 0 0.8125 0.03125005 0.8125 0.03125 0.3125 0 0.3750001 0 0.3125 0.03125 0.75 0 0.8125 0 0.7500001 0.03125 0.3125 0 0.25 0.03125 0.25 0.03125 0.6875001 0 0.7500001 0 0.6875001 0.03125 0.25 0 0.1875 0.03125005 0.1875 0.03125 0.6875001 0 0.6250001 0.03125 0.625 1 0.3125 0.96875 0.375 0.96875 0.3125 1 0.7500001 0.96875 0.8125 0.96875 0.7500001 1 0.25 0.96875 0.3125 0.96875 0.25 1 0.7500001 0.96875 0.6875001 1 0.6875001 1 0.25 0.96875 0.1874999 1 0.1875 1 0.6875001 0.96875 0.6250001 1 0.6250001 1 0.125 0.96875 0.1874999 0.9687501 0.1249998 1 0.5625001 0.96875 0.6250001 0.96875 0.5625001 1 0.125 0.9687502 0.06249994 1 0.06249994 1 0.5625001 0.96875 0.5 1 0.5 1 0.9375 0.9843755 1 0.9687502 0.9375001 0.9843754 0 1 0.06249994 0.9687502 0.06249994 1 0.4375 0.96875 0.5 0.96875 0.4375 1 0.875 0.9687502 0.9375001 0.9687501 0.875 1 0.4375 0.96875 0.375 1 0.3750001 1 0.875 0.96875 0.8125 1 0.8125 0.9687501 0.1249998 0.9375002 0.06249994 0.9687502 0.06249994 0.96875 0.5625001 0.9375 0.5 0.96875 0.5 0.9687502 0.9375001 0.9531255 1 0.9375002 0.9375001 0.9531254 0 0.9687502 0.06249994 0.9375002 0.06249994 0.96875 0.4375 0.9375 0.5 0.9375 0.4375 0.9687501 0.875 0.9375002 0.9375001 0.9375001 0.8750001 0.96875 0.4375 0.9375 0.375 0.96875 0.375 0.9687501 0.875 0.9375 0.8125001 0.96875 0.8125 0.96875 0.3125 0.9375 0.375 0.9375 0.3124999 0.96875 0.8125 0.9375 0.7500001 0.96875 0.7500001 0.96875 0.25 0.9375 0.3124999 0.9375 0.2499999 0.96875 0.7500001 0.9375 0.6875001 0.96875 0.6875001 0.96875 0.1874999 0.9375 0.2499999 0.9375 0.1874999 0.96875 0.6875001 0.9375 0.6250001 0.96875 0.6250001 0.9687501 0.1249998 0.9375 0.1874999 0.9375001 0.1249998 0.96875 0.5625001 0.9375 0.6250001 0.9375 0.5625001 0.9375 0.7500001 0.90625 0.8125001 0.90625 0.7500001 0.9375 0.3124999 0.90625 0.2499999 0.9375 0.2499999 0.9375 0.7500001 0.90625 0.6875001 0.9375 0.6875001 0.9375 0.2499999 0.90625 0.1874999 0.9375 0.1874999 0.9375 0.6875001 0.90625 0.6250001 0.9375 0.6250001 0.9375001 0.1249998 0.90625 0.1874999 0.9062501 0.1249998 0.9375 0.5625001 0.90625 0.6250001 0.90625 0.5625001 0.9375002 0.06249994 0.9062501 0.1249998 0.9062502 0.06249988 0.9375 0.5625001 0.90625 0.5 0.9375 0.5 0.9375002 0.9375001 0.9218755 1 0.9062501 0.9375001 0.9218754 0 0.9375002 0.06249994 0.9062502 0.06249988 0.9375 0.4375 0.90625 0.5 0.90625 0.4375 0.9375002 0.9375001 0.9062501 0.8750001 0.9375001 0.8750001 0.9375 0.4375 0.90625 0.375 0.9375 0.375 0.9375001 0.8750001 0.90625 0.8125001 0.9375 0.8125001 0.9375 0.3124999 0.90625 0.375 0.90625 0.3124999 0.90625 0.5625001 0.875 0.5 0.90625 0.5 0.9062501 0.9375001 0.8906254 1 0.8750001 0.9375001 0.8906252 0 0.9062502 0.06249988 0.8750001 0.06249988 0.90625 0.5 0.875 0.4375 0.90625 0.4375 0.9062501 0.9375001 0.875 0.8750001 0.9062501 0.8750001 0.90625 0.4375 0.875 0.375 0.90625 0.375 0.9062501 0.8750001 0.875 0.8125001 0.90625 0.8125001 0.90625 0.3124999 0.875 0.375 0.875 0.3124999 0.90625 0.8125001 0.875 0.7500001 0.90625 0.7500001 0.90625 0.3124999 0.875 0.2499999 0.90625 0.2499999 0.90625 0.6875001 0.875 0.7500001 0.875 0.6875001 0.90625 0.1874999 0.875 0.2499999 0.875 0.1874999 0.90625 0.6875001 0.875 0.6250001 0.90625 0.6250001 0.9062501 0.1249998 0.875 0.1874999 0.875 0.1249998 0.90625 0.5625001 0.875 0.6250001 0.875 0.5625001 0.9062501 0.1249998 0.8750001 0.06249988 0.9062502 0.06249988 0.875 0.3124999 0.84375 0.2499999 0.875 0.2499999 0.875 0.6875001 0.84375 0.7500001 0.84375 0.6875001 0.875 0.1874999 0.84375 0.2499999 0.84375 0.1874998 0.875 0.6875001 0.84375 0.6250001 0.875 0.6250001 0.875 0.1249998 0.84375 0.1874998 0.84375 0.1249998 0.875 0.5625001 0.84375 0.6250001 0.84375 0.5625001 0.8750001 0.06249988 0.84375 0.1249998 0.8437501 0.06249988 0.875 0.5 0.84375 0.5625001 0.84375 0.5 0.8750001 0.9375001 0.8593754 1 0.8437501 0.9375001 0.8593752 0 0.8750001 0.06249988 0.8437501 0.06249988 0.875 0.5 0.84375 0.4375 0.875 0.4375 0.8750001 0.9375001 0.84375 0.8750001 0.875 0.8750001 0.875 0.4375 0.84375 0.375 0.875 0.375 0.875 0.8750001 0.84375 0.8125001 0.875 0.8125001 0.875 0.3124999 0.84375 0.375 0.84375 0.3124999 0.875 0.8125001 0.84375 0.7500001 0.875 0.7500001 0.8437501 0.9375001 0.8281252 1 0.8125 0.9375001 0.8281251 0 0.8437501 0.06249988 0.8125001 0.06249988 0.84375 0.4375 0.8125 0.5 0.8125 0.4375 0.84375 0.8750001 0.8125 0.9375001 0.8125 0.8750001 0.84375 0.4375 0.8125 0.375 0.84375 0.375 0.84375 0.8750001 0.8125 0.8125001 0.84375 0.8125001 0.84375 0.3124999 0.8125 0.375 0.8125 0.3124999 0.84375 0.8125001 0.8125 0.7500001 0.84375 0.7500001 0.84375 0.3124999 0.8125 0.2499999 0.84375 0.2499999 0.84375 0.6875001 0.8125 0.7500001 0.8125 0.6875001 0.84375 0.1874998 0.8125 0.2499999 0.8125 0.1874998 0.84375 0.6875001 0.8125 0.6250001 0.84375 0.6250001 0.84375 0.1249998 0.8125 0.1874998 0.8125 0.1249998 0.84375 0.5625001 0.8125 0.6250001 0.8125 0.5625001 0.84375 0.1249998 0.8125001 0.06249988 0.8437501 0.06249988 0.84375 0.5625001 0.8125 0.5 0.84375 0.5 0.8125 0.6875001 0.78125 0.7500001 0.7812499 0.6875001 0.8125 0.1874998 0.78125 0.2499999 0.78125 0.1874998 0.8125 0.6875001 0.78125 0.6250001 0.8125 0.6250001 0.8125 0.1249998 0.78125 0.1874998 0.78125 0.1249998 0.8125 0.5625001 0.78125 0.6250001 0.7812499 0.5625001 0.8125001 0.06249988 0.78125 0.1249998 0.78125 0.06249988 0.8125 0.5625001 0.7812499 0.5 0.8125 0.5 0.8125 0.9375001 0.7968752 1 0.78125 0.9375001 0.7968751 0 0.8125001 0.06249988 0.78125 0.06249988 0.8125 0.4375 0.7812499 0.5 0.7812499 0.4375 0.8125 0.9375001 0.78125 0.8750001 0.8125 0.8750001 0.8125 0.4375 0.78125 0.375 0.8125 0.375 0.8125 0.8750001 0.78125 0.8125001 0.8125 0.8125001 0.8125 0.3124999 0.78125 0.375 0.7812499 0.3124999 0.8125 0.8125001 0.78125 0.7500001 0.8125 0.7500001 0.8125 0.3124999 0.78125 0.2499999 0.8125 0.2499999 0.7812499 0.5 0.75 0.4375001 0.7812499 0.4375 0.78125 0.8750001 0.75 0.9375001 0.75 0.875 0.7812499 0.4375 0.75 0.375 0.78125 0.375 0.78125 0.8125001 0.75 0.875 0.75 0.8125 0.7812499 0.3124999 0.75 0.375 0.7499999 0.3124999 0.78125 0.7500001 0.75 0.8125 0.75 0.7500001 0.7812499 0.3124999 0.7499999 0.2499999 0.78125 0.2499999 0.7812499 0.6875001 0.75 0.7500001 0.75 0.6875 0.78125 0.2499999 0.75 0.1875 0.78125 0.1874998 0.78125 0.6250001 0.75 0.6875 0.75 0.625 0.78125 0.1874998 0.7499999 0.1249998 0.78125 0.1249998 0.7812499 0.5625001 0.75 0.625 0.75 0.5625 0.78125 0.1249998 0.75 0.06249988 0.78125 0.06249988 0.7812499 0.5 0.75 0.5625 0.75 0.5 0.78125 0.9375001 0.7656251 1 0.75 0.9375001 0.765625 0 0.78125 0.06249988 0.75 0.06249988 1 1 0.96875 1 0.96875 0.5 0.96875 1 0.9375 1 0.9375 0.5 0.9375 1 0.90625 1 0.90625 0.5 0.90625 1 0.875 1 0.875 0.5 0.875 1 0.84375 1 0.84375 0.5 0.84375 1 0.8125 1 0.8125 0.5 0.8125 1 0.78125 1 0.78125 0.5 0.78125 1 0.75 1 0.75 0.5 0.75 1 0.71875 1 0.71875 0.5 0.71875 1 0.6875 1 0.6875 0.5 0.6875 1 0.65625 1 0.65625 0.5 0.65625 1 0.625 1 0.625 0.5 0.625 1 0.59375 1 0.59375 0.5 0.59375 1 0.5625 1 0.5625 0.5 0.5625 1 0.53125 1 0.53125 0.5 0.53125 1 0.5 1 0.5 0.5 0.5 1 0.46875 1 0.46875 0.5 0.46875 1 0.4375 1 0.4375 0.5 0.4375 1 0.40625 1 0.40625 0.5 0.40625 1 0.375 1 0.375 0.5 0.375 1 0.34375 1 0.34375 0.5 0.34375 1 0.3125 1 0.3125 0.5 0.3125 1 0.28125 1 0.28125 0.5 0.28125 1 0.25 1 0.25 0.5 0.25 1 0.21875 1 0.21875 0.5 0.21875 1 0.1875 1 0.1875 0.5 0.1875 1 0.15625 1 0.15625 0.5 0.15625 1 0.125 1 0.125 0.5 0.125 1 0.09375 1 0.09375 0.5 0.09375 1 0.0625 1 0.0625 0.5 0.341844 0.4717311 0.2968217 0.4853885 0.25 0.49 0.25 0.49 0.2031787 0.4853885 0.341844 0.4717311 0.2031787 0.4853885 0.1581563 0.4717312 0.341844 0.4717311 0.1581563 0.4717312 0.1166634 0.4495529 0.08029454 0.4197058 0.08029454 0.4197058 0.05044746 0.3833371 0.02826899 0.3418443 0.02826899 0.3418443 0.01461154 0.2968219 0.00999999 0.2500002 0.00999999 0.2500002 0.01461148 0.2031785 0.02826899 0.3418443 0.01461148 0.2031785 0.02826881 0.1581561 0.02826899 0.3418443 0.02826881 0.1581561 0.05044716 0.1166633 0.1581559 0.02826893 0.05044716 0.1166633 0.08029425 0.08029443 0.1581559 0.02826893 0.08029425 0.08029443 0.116663 0.05044734 0.1581559 0.02826893 0.1581559 0.02826893 0.2031782 0.01461154 0.2499999 0.00999999 0.2499999 0.00999999 0.2968216 0.01461148 0.341844 0.02826887 0.341844 0.02826887 0.3833369 0.05044728 0.4197056 0.08029437 0.4197056 0.08029437 0.4495527 0.1166631 0.4717311 0.158156 0.4717311 0.158156 0.4853885 0.2031783 0.49 0.25 0.49 0.25 0.4853885 0.2968217 0.4717311 0.158156 0.4853885 0.2968217 0.4717311 0.341844 0.4717311 0.158156 0.4717311 0.341844 0.4495527 0.3833369 0.4197056 0.4197056 0.4197056 0.4197056 0.3833369 0.4495527 0.341844 0.4717311 0.1581563 0.4717312 0.08029454 0.4197058 0.341844 0.4717311 0.08029454 0.4197058 0.02826899 0.3418443 0.341844 0.4717311 0.1581559 0.02826893 0.2499999 0.00999999 0.4717311 0.158156 0.2499999 0.00999999 0.341844 0.02826887 0.4717311 0.158156 0.341844 0.02826887 0.4197056 0.08029437 0.4717311 0.158156 0.4717311 0.341844 0.4197056 0.4197056 0.4717311 0.158156 0.4197056 0.4197056 0.341844 0.4717311 0.4717311 0.158156 0.02826899 0.3418443 0.02826881 0.1581561 0.1581559 0.02826893 0.341844 0.4717311 0.02826899 0.3418443 0.4717311 0.158156 0.0625 1 0.03125 1 0.03125 0.5 0.03125 1 0 1 0 0.5 0.7031787 0.4853885 0.75 0.49 0.7968217 0.4853885 0.7968217 0.4853885 0.841844 0.4717311 0.8833369 0.4495527 0.8833369 0.4495527 0.9197056 0.4197056 0.9495527 0.3833369 0.9495527 0.3833369 0.9717311 0.341844 0.8833369 0.4495527 0.9717311 0.341844 0.9853885 0.2968217 0.8833369 0.4495527 0.9853885 0.2968217 0.99 0.25 0.9853885 0.2031783 0.9853885 0.2031783 0.9717311 0.158156 0.9853885 0.2968217 0.9717311 0.158156 0.9495527 0.1166631 0.9853885 0.2968217 0.9495527 0.1166631 0.9197056 0.08029437 0.7968216 0.01461148 0.9197056 0.08029437 0.8833369 0.05044728 0.7968216 0.01461148 0.8833369 0.05044728 0.841844 0.02826887 0.7968216 0.01461148 0.7968216 0.01461148 0.75 0.00999999 0.7031782 0.01461154 0.7031782 0.01461154 0.6581559 0.02826893 0.616663 0.05044734 0.616663 0.05044734 0.5802943 0.08029443 0.5504472 0.1166633 0.5504472 0.1166633 0.5282688 0.1581561 0.5146115 0.2031785 0.5146115 0.2031785 0.51 0.2500002 0.5146116 0.2968219 0.5146116 0.2968219 0.5282691 0.3418443 0.5504475 0.3833371 0.5504475 0.3833371 0.5802946 0.4197058 0.7031787 0.4853885 0.5802946 0.4197058 0.6166634 0.4495529 0.7031787 0.4853885 0.6166634 0.4495529 0.6581563 0.4717312 0.7031787 0.4853885 0.7031787 0.4853885 0.7968217 0.4853885 0.8833369 0.4495527 0.7968216 0.01461148 0.7031782 0.01461154 0.5146115 0.2031785 0.7031782 0.01461154 0.616663 0.05044734 0.5146115 0.2031785 0.616663 0.05044734 0.5504472 0.1166633 0.5146115 0.2031785 0.5146115 0.2031785 0.5146116 0.2968219 0.7031787 0.4853885 0.5146116 0.2968219 0.5504475 0.3833371 0.7031787 0.4853885 0.7031787 0.4853885 0.8833369 0.4495527 0.9853885 0.2968217 0.9853885 0.2968217 0.9495527 0.1166631 0.7968216 0.01461148 0.7031787 0.4853885 0.9853885 0.2968217 0.5146115 0.2031785 0.75 0.4375001 0.75 0.5 0.71875 0.5 0.75 0.9375001 0.7187499 0.9375001 0.71875 0.875 0.75 0.4375001 0.71875 0.4375001 0.71875 0.3750001 0.75 0.875 0.71875 0.875 0.71875 0.8125 0.75 0.375 0.71875 0.3750001 0.71875 0.3125001 0.75 0.8125 0.71875 0.8125 0.71875 0.7500001 0.7499999 0.3124999 0.71875 0.3125001 0.71875 0.25 0.75 0.7500001 0.71875 0.7500001 0.71875 0.6875 0.7499999 0.2499999 0.71875 0.25 0.71875 0.1875 0.75 0.6875 0.71875 0.6875 0.71875 0.625 0.75 0.1875 0.71875 0.1875 0.71875 0.125 0.75 0.625 0.71875 0.625 0.71875 0.5625 0.7499999 0.1249998 0.71875 0.125 0.7187499 0.06249988 0.75 0.5625 0.71875 0.5625 0.71875 0.5 0.71875 0.125 0.6874999 0.125 0.6874999 0.06249988 0.71875 0.5625 0.6875 0.5625 0.6875 0.5 0.71875 0.4375001 0.71875 0.5 0.6875 0.5 0.71875 0.875 0.7187499 0.9375001 0.6874999 0.9375001 0.71875 0.4375001 0.6875 0.4375001 0.6875 0.3750001 0.71875 0.875 0.6874999 0.875 0.6874999 0.8125 0.71875 0.3125001 0.71875 0.3750001 0.6875 0.3750001 0.71875 0.8125 0.6874999 0.8125 0.6874999 0.7500001 0.71875 0.25 0.71875 0.3125001 0.6875 0.3125001 0.71875 0.7500001 0.6874999 0.7500001 0.6875 0.6875 0.71875 0.1875 0.71875 0.25 0.6874999 0.25 0.71875 0.6875 0.6875 0.6875 0.6875 0.625 0.71875 0.125 0.71875 0.1875 0.6874999 0.1875 0.71875 0.5625 0.71875 0.625 0.6875 0.625 0.6874999 0.7500001 0.6874999 0.8125 0.6562499 0.8125 0.6875 0.3125001 0.65625 0.3125001 0.6562499 0.25 0.6875 0.6875 0.6874999 0.7500001 0.6562499 0.75 0.6874999 0.25 0.6562499 0.25 0.6562499 0.1875 0.6875 0.6875 0.65625 0.6875 0.65625 0.625 0.6874999 0.1875 0.6562499 0.1875 0.6562499 0.125 0.6875 0.5625 0.6875 0.625 0.65625 0.625 0.6874999 0.125 0.6562499 0.125 0.6562499 0.06249994 0.6875 0.5 0.6875 0.5625 0.65625 0.5625 0.6875 0.5 0.6562499 0.5 0.65625 0.4375001 0.6874999 0.9375001 0.6562498 0.9375001 0.6562499 0.875 0.6875 0.4375001 0.65625 0.4375001 0.65625 0.3750001 0.6874999 0.8125 0.6874999 0.875 0.6562499 0.875 0.6875 0.3125001 0.6875 0.3750001 0.65625 0.3750001 0.6562499 0.5 0.65625 0.5625 0.6249999 0.5625 0.6562499 0.5 0.6249999 0.5 0.6249999 0.4375001 0.6562499 0.875 0.6562498 0.9375001 0.6249998 0.9375 0.65625 0.4375001 0.6249999 0.4375001 0.625 0.3750001 0.6562499 0.8125 0.6562499 0.875 0.6249999 0.875 0.65625 0.3125001 0.65625 0.3750001 0.625 0.3750001 0.6562499 0.75 0.6562499 0.8125 0.6249999 0.8125 0.65625 0.3125001 0.6249999 0.3125001 0.6249999 0.25 0.65625 0.6875 0.6562499 0.75 0.6249999 0.75 0.6562499 0.1875 0.6562499 0.25 0.6249999 0.25 0.65625 0.6875 0.6249999 0.6875 0.6249999 0.625 0.6562499 0.1875 0.6249999 0.1875 0.6249999 0.125 0.65625 0.5625 0.65625 0.625 0.6249999 0.625 0.6562499 0.125 0.6249999 0.125 0.6249998 0.06249994 0.6249999 0.3125001 0.5937499 0.3125001 0.5937499 0.25 0.6249999 0.6875 0.6249999 0.75 0.5937499 0.75 0.6249999 0.1875 0.6249999 0.25 0.5937499 0.25 0.6249999 0.6875 0.5937499 0.6875 0.5937499 0.625 0.6249999 0.1875 0.5937499 0.1875 0.5937499 0.125 0.6249999 0.5625 0.6249999 0.625 0.5937499 0.625 0.6249999 0.125 0.5937499 0.125 0.5937498 0.06249994 0.6249999 0.5 0.6249999 0.5625 0.5937499 0.5625 0.6249999 0.5 0.5937499 0.5 0.5937499 0.4375001 0.6249999 0.875 0.6249998 0.9375 0.5937498 0.9375 0.6249999 0.4375001 0.5937499 0.4375001 0.59375 0.3750001 0.6249999 0.8125 0.6249999 0.875 0.5937499 0.875 0.6249999 0.3125001 0.625 0.3750001 0.59375 0.3750001 0.6249999 0.75 0.6249999 0.8125 0.5937499 0.8125 0.5937499 0.4375001 0.5937499 0.5 0.5624999 0.5 0.5937498 0.9375 0.5624998 0.9375 0.5624999 0.875 0.5937499 0.4375001 0.5624999 0.4375001 0.5624999 0.3750001 0.5937499 0.8125 0.5937499 0.875 0.5624999 0.875 0.5937499 0.3125001 0.59375 0.3750001 0.5624999 0.3750001 0.5937499 0.75 0.5937499 0.8125 0.5624999 0.8125 0.5937499 0.3125001 0.5624999 0.3125001 0.5624999 0.25 0.5937499 0.6875 0.5937499 0.75 0.5624999 0.75 0.5937499 0.25 0.5624999 0.25 0.5624999 0.1875 0.5937499 0.6875 0.5624999 0.6875 0.5624999 0.625 0.5937499 0.1875 0.5624999 0.1875 0.5624999 0.125 0.5937499 0.5625 0.5937499 0.625 0.5624999 0.625 0.5937498 0.06249994 0.5937499 0.125 0.5624999 0.125 0.5937499 0.5625 0.5624999 0.5625 0.5624999 0.5 0.5624999 0.1875 0.5624999 0.25 0.5312499 0.2500001 0.5624999 0.6875 0.5312499 0.6875 0.5312499 0.625 0.5624999 0.1875 0.5312499 0.1875 0.5312499 0.125 0.5624999 0.5625 0.5624999 0.625 0.5312499 0.625 0.5624998 0.06249994 0.5624999 0.125 0.5312499 0.125 0.5624999 0.5625 0.5312499 0.5625 0.5312499 0.5 0.5624999 0.4375001 0.5624999 0.5 0.5312499 0.5 0.5624998 0.9375 0.5312498 0.9375 0.5312499 0.875 0.5624999 0.4375001 0.5312499 0.4375001 0.5312499 0.3750001 0.5624999 0.875 0.5312499 0.875 0.5312499 0.8125 0.5624999 0.3125001 0.5624999 0.3750001 0.5312499 0.3750001 0.5624999 0.75 0.5624999 0.8125 0.5312499 0.8125 0.5624999 0.3125001 0.5312499 0.3125001 0.5312499 0.2500001 0.5624999 0.6875 0.5624999 0.75 0.5312499 0.75 0.5312498 0.9375 0.4999997 0.9375 0.4999998 0.875 0.5312499 0.4375001 0.4999999 0.4375001 0.5 0.3750001 0.5312499 0.875 0.4999998 0.875 0.4999999 0.8125 0.5312499 0.3125001 0.5312499 0.3750001 0.5 0.3750001 0.5312499 0.8125 0.4999999 0.8125 0.4999999 0.75 0.5312499 0.3125001 0.4999999 0.3125001 0.4999999 0.2500001 0.5312499 0.6875 0.5312499 0.75 0.4999999 0.75 0.5312499 0.1875 0.5312499 0.2500001 0.4999999 0.2500001 0.5312499 0.6875 0.4999999 0.6875 0.4999999 0.625 0.5312499 0.125 0.5312499 0.1875 0.4999999 0.1875 0.5312499 0.5625 0.5312499 0.625 0.4999999 0.625 0.5312498 0.06249994 0.5312499 0.125 0.4999998 0.125 0.5312499 0.5625 0.4999999 0.5625 0.4999999 0.5 0.5312499 0.4375001 0.5312499 0.5 0.4999999 0.5 0.4999999 0.6875 0.4687499 0.6875 0.4687499 0.625 0.4999999 0.1875 0.4687499 0.1875 0.4687498 0.125 0.4999999 0.5625 0.4999999 0.625 0.4687499 0.625 0.4999997 0.06249994 0.4999998 0.125 0.4687498 0.125 0.4999999 0.5625 0.4687499 0.5625 0.4687499 0.5 0.4999999 0.4375001 0.4999999 0.5 0.4687499 0.5 0.4999997 0.9375 0.4687497 0.9375 0.4687498 0.8749999 0.4999999 0.4375001 0.4687499 0.4375001 0.46875 0.3750001 0.4999998 0.875 0.4687498 0.8749999 0.4687499 0.8125 0.4999999 0.3125001 0.5 0.3750001 0.46875 0.3750001 0.4999999 0.8125 0.4687499 0.8125 0.4687499 0.75 0.4999999 0.2500001 0.4999999 0.3125001 0.4687499 0.3125001 0.4999999 0.75 0.4687499 0.75 0.4687499 0.6875 0.4999999 0.1875 0.4999999 0.2500001 0.4687499 0.2500001 0.4687499 0.4375001 0.4374999 0.4375001 0.4375 0.3750001 0.4687498 0.8749999 0.4374998 0.8749999 0.4374999 0.8125 0.4687499 0.3125001 0.46875 0.3750001 0.4375 0.3750001 0.4687499 0.8125 0.4374999 0.8125 0.4374999 0.75 0.4687499 0.2500001 0.4687499 0.3125001 0.4374999 0.3125001 0.4687499 0.75 0.4374999 0.75 0.4374999 0.6875 0.4687499 0.1875 0.4687499 0.2500001 0.4374999 0.2500001 0.4687499 0.6875 0.4374999 0.6875 0.4375 0.625 0.4687498 0.125 0.4687499 0.1875 0.4374999 0.1875 0.4687499 0.5625 0.4687499 0.625 0.4375 0.625 0.4687497 0.06249994 0.4687498 0.125 0.4374998 0.125 0.4687499 0.5625 0.4374999 0.5625 0.4374999 0.5 0.4687499 0.4375001 0.4687499 0.5 0.4374999 0.5 0.4687497 0.9375 0.4374997 0.9375 0.4374998 0.8749999 0.4374998 0.125 0.4374999 0.1875 0.4062499 0.1875 0.4374999 0.5625 0.4375 0.625 0.40625 0.625 0.4374997 0.06249994 0.4374998 0.125 0.4062498 0.125 0.4374999 0.5625 0.4062499 0.5625 0.4062499 0.5 0.4374999 0.4375001 0.4374999 0.5 0.4062499 0.5 0.4374997 0.9375 0.4062497 0.9375 0.4062499 0.8749999 0.4374999 0.4375001 0.4062499 0.4375001 0.40625 0.3750001 0.4374998 0.8749999 0.4062499 0.8749999 0.4062499 0.8125 0.4374999 0.3125001 0.4375 0.3750001 0.40625 0.3750001 0.4374999 0.8125 0.4062499 0.8125 0.4062499 0.7499999 0.4374999 0.3125001 0.4062499 0.3125001 0.4062499 0.2500001 0.4374999 0.6875 0.4374999 0.75 0.4062499 0.7499999 0.4374999 0.1875 0.4374999 0.2500001 0.4062499 0.2500001 0.4374999 0.6875 0.4062499 0.6875 0.40625 0.625 0.4062499 0.8749999 0.3749999 0.8749999 0.3749999 0.8124999 0.4062499 0.3125001 0.40625 0.3750001 0.375 0.3750001 0.4062499 0.8125 0.3749999 0.8124999 0.3749999 0.75 0.4062499 0.3125001 0.3749999 0.3125001 0.3749999 0.2500001 0.4062499 0.6875 0.4062499 0.7499999 0.3749999 0.75 0.4062499 0.1875 0.4062499 0.2500001 0.3749999 0.2500001 0.4062499 0.6875 0.3749999 0.6875 0.375 0.625 0.4062498 0.125 0.4062499 0.1875 0.3749999 0.1875 0.4062499 0.5625 0.40625 0.625 0.375 0.625 0.4062498 0.06249994 0.4062498 0.125 0.3749999 0.125 0.4062499 0.5 0.4062499 0.5625 0.3749999 0.5625 0.4062499 0.5 0.3749999 0.5 0.3749999 0.4375001 0.4062497 0.9375 0.3749998 0.9375 0.3749999 0.8749999 0.4062499 0.4375001 0.3749999 0.4375001 0.375 0.3750001 0.3749999 0.5625 0.375 0.625 0.34375 0.625 0.3749998 0.06249994 0.3749999 0.125 0.3437499 0.125 0.3749999 0.5 0.3749999 0.5625 0.34375 0.5625 0.3749999 0.5 0.34375 0.5 0.34375 0.4375001 0.3749998 0.9375 0.3437498 0.9375 0.3437499 0.8749999 0.3749999 0.4375001 0.34375 0.4375001 0.34375 0.3750001 0.3749999 0.8749999 0.3437499 0.8749999 0.3437499 0.8124999 0.3749999 0.3125001 0.375 0.3750001 0.34375 0.3750001 0.3749999 0.8124999 0.3437499 0.8124999 0.3437499 0.7499999 0.3749999 0.3125001 0.3437499 0.3125001 0.3437499 0.2500001 0.3749999 0.6875 0.3749999 0.75 0.3437499 0.7499999 0.3749999 0.1875 0.3749999 0.2500001 0.3437499 0.2500001 0.3749999 0.6875 0.3437499 0.6875 0.34375 0.625 0.3749999 0.125 0.3749999 0.1875 0.3437499 0.1875 0.3437499 0.3125001 0.34375 0.3750001 0.3125 0.3750001 0.3437499 0.8124999 0.3125 0.8124999 0.3125 0.75 0.3437499 0.2500001 0.3437499 0.3125001 0.3125 0.3125001 0.3437499 0.7499999 0.3125 0.75 0.3125 0.6875 0.3437499 0.1875 0.3437499 0.2500001 0.3125 0.2500001 0.3437499 0.6875 0.3125 0.6875 0.3125 0.625 0.3437499 0.125 0.3437499 0.1875 0.3125 0.1875 0.34375 0.5625 0.34375 0.625 0.3125 0.625 0.3437498 0.06249994 0.3437499 0.125 0.3124999 0.125 0.34375 0.5 0.34375 0.5625 0.3125 0.5625 0.34375 0.5 0.3125 0.5 0.3125 0.4375001 0.3437498 0.9375 0.3124999 0.9375 0.3125 0.8749999 0.34375 0.4375001 0.3125 0.4375001 0.3125 0.3750001 0.3437499 0.8749999 0.3125 0.8749999 0.3125 0.8124999 0.3124999 0.06249994 0.3124999 0.125 0.28125 0.125 0.3125 0.5 0.3125 0.5625 0.28125 0.5625 0.3125 0.5 0.28125 0.5 0.28125 0.4375001 0.3124999 0.9375 0.2812499 0.9375 0.28125 0.8749999 0.3125 0.4375001 0.28125 0.4375001 0.28125 0.3750001 0.3125 0.8749999 0.28125 0.8749999 0.28125 0.8124999 0.3125 0.3125001 0.3125 0.3750001 0.28125 0.3750001 0.3125 0.75 0.3125 0.8124999 0.28125 0.8124999 0.3125 0.3125001 0.28125 0.3125001 0.28125 0.2500001 0.3125 0.75 0.28125 0.75 0.28125 0.6875 0.3125 0.2500001 0.28125 0.2500001 0.28125 0.1875 0.3125 0.6875 0.28125 0.6875 0.28125 0.625 0.3125 0.1875 0.28125 0.1875 0.28125 0.125 0.3125 0.5625 0.3125 0.625 0.28125 0.625 0.28125 0.3125001 0.25 0.3125001 0.25 0.2500001 0.28125 0.75 0.25 0.75 0.25 0.6875 0.28125 0.1875 0.28125 0.2500001 0.25 0.2500001 0.28125 0.6875 0.25 0.6875 0.25 0.625 0.28125 0.125 0.28125 0.1875 0.25 0.1875 0.28125 0.5625 0.28125 0.625 0.25 0.625 0.2812499 0.06249994 0.28125 0.125 0.25 0.125 0.28125 0.5 0.28125 0.5625 0.25 0.5625 0.28125 0.5 0.25 0.5 0.25 0.4375001 0.2812499 0.9375 0.25 0.9375 0.25 0.8749999 0.28125 0.4375001 0.25 0.4375001 0.25 0.3750001 0.28125 0.8749999 0.25 0.8749999 0.25 0.8124999 0.28125 0.3125001 0.28125 0.3750001 0.25 0.3750001 0.28125 0.75 0.28125 0.8124999 0.25 0.8124999 0.25 0.5 0.21875 0.5 0.21875 0.4375001 0.25 0.9375 0.21875 0.9375 0.21875 0.8749999 0.25 0.4375001 0.21875 0.4375001 0.21875 0.3750001 0.25 0.8749999 0.21875 0.8749999 0.21875 0.8124999 0.25 0.3125001 0.25 0.3750001 0.21875 0.3750001 0.25 0.75 0.25 0.8124999 0.21875 0.8124999 0.25 0.3125001 0.21875 0.3125001 0.21875 0.2500001 0.25 0.6875 0.25 0.75 0.21875 0.75 0.25 0.2500001 0.21875 0.2500001 0.21875 0.1875 0.25 0.6875 0.21875 0.6875 0.21875 0.625 0.25 0.125 0.25 0.1875 0.21875 0.1875 0.25 0.5625 0.25 0.625 0.21875 0.625 0.25 0.06249994 0.25 0.125 0.21875 0.125 0.25 0.5 0.25 0.5625 0.21875 0.5625 0.21875 0.6875 0.21875 0.75 0.1875 0.75 0.21875 0.2500001 0.1875 0.2500001 0.1875 0.1875 0.21875 0.6875 0.1875 0.6875 0.1875 0.625 0.21875 0.125 0.21875 0.1875 0.1875 0.1875 0.21875 0.5625 0.21875 0.625 0.1875 0.625 0.21875 0.06249994 0.21875 0.125 0.1875 0.125 0.21875 0.5 0.21875 0.5625 0.1875 0.5625 0.21875 0.5 0.1875 0.5 0.1875 0.4375001 0.21875 0.9375 0.1875001 0.9375 0.1875 0.8749999 0.21875 0.4375001 0.1875 0.4375001 0.1875 0.3750001 0.21875 0.8749999 0.1875 0.8749999 0.1875 0.8124999 0.21875 0.3125001 0.21875 0.3750001 0.1875 0.3750001 0.21875 0.75 0.21875 0.8124999 0.1875 0.8124999 0.21875 0.3125001 0.1875 0.3125001 0.1875 0.2500001 0.1875 0.5 0.15625 0.5 0.15625 0.4375001 0.1875001 0.9375 0.1562501 0.9375 0.15625 0.8749999 0.1875 0.4375001 0.15625 0.4375001 0.15625 0.3750001 0.1875 0.8749999 0.15625 0.8749999 0.15625 0.8125 0.1875 0.3125001 0.1875 0.3750001 0.15625 0.3750001 0.1875 0.75 0.1875 0.8124999 0.15625 0.8125 0.1875 0.3125001 0.15625 0.3125001 0.15625 0.2500001 0.1875 0.6875 0.1875 0.75 0.15625 0.75 0.1875 0.2500001 0.15625 0.2500001 0.15625 0.1875 0.1875 0.6875 0.15625 0.6875 0.15625 0.625 0.1875 0.125 0.1875 0.1875 0.15625 0.1875 0.1875 0.5625 0.1875 0.625 0.15625 0.625 0.1875001 0.06249994 0.1875 0.125 0.15625 0.125 0.1875 0.5 0.1875 0.5625 0.15625 0.5625 0.15625 0.2500001 0.125 0.2500001 0.125 0.1875 0.15625 0.6875 0.125 0.6875 0.125 0.625 0.15625 0.1875 0.125 0.1875 0.125 0.125 0.15625 0.5625 0.15625 0.625 0.125 0.625 0.15625 0.125 0.125 0.125 0.1250001 0.06249994 0.15625 0.5 0.15625 0.5625 0.125 0.5625 0.15625 0.5 0.125 0.5 0.125 0.4375001 0.15625 0.8749999 0.1562501 0.9375 0.1250001 0.9375 0.15625 0.4375001 0.125 0.4375001 0.125 0.3750001 0.15625 0.8125 0.15625 0.8749999 0.125 0.875 0.15625 0.3125001 0.15625 0.3750001 0.125 0.3750001 0.15625 0.75 0.15625 0.8125 0.125 0.8125 0.15625 0.3125001 0.125 0.3125001 0.125 0.2500001 0.15625 0.6875 0.15625 0.75 0.125 0.75 0.125 0.875 0.1250001 0.9375 0.09375017 0.9375 0.125 0.4375001 0.09375 0.4375001 0.09375 0.3750001 0.125 0.875 0.09375005 0.875 0.09375 0.8125 0.125 0.3125001 0.125 0.3750001 0.09375 0.3750001 0.125 0.75 0.125 0.8125 0.09375 0.8125 0.125 0.3125001 0.09375 0.3125 0.09375 0.25 0.125 0.6875 0.125 0.75 0.09375 0.75 0.125 0.2500001 0.09375 0.25 0.09375 0.1875 0.125 0.6875 0.09375 0.6875 0.09375 0.625 0.125 0.1875 0.09375 0.1875 0.09375005 0.125 0.125 0.5625 0.125 0.625 0.09375 0.625 0.125 0.125 0.09375005 0.125 0.09375017 0.06249994 0.125 0.5 0.125 0.5625 0.09375 0.5625 0.125 0.5 0.09375 0.5 0.09375 0.4375001 0.09375 0.6875 0.0625 0.6875 0.0625 0.625 0.09375005 0.125 0.09375 0.1875 0.06250005 0.1875 0.09375 0.5625 0.09375 0.625 0.0625 0.625 0.09375005 0.125 0.06250005 0.125 0.06250017 0.06249994 0.09375 0.5625 0.0625 0.5625 0.0625 0.5 0.09375 0.4375001 0.09375 0.5 0.0625 0.5 0.09375017 0.9375 0.06250017 0.9375 0.06250005 0.875 0.09375 0.4375001 0.0625 0.4375001 0.0625 0.3750001 0.09375005 0.875 0.06250005 0.875 0.06250005 0.8125 0.09375 0.3125 0.09375 0.3750001 0.0625 0.3750001 0.09375 0.75 0.09375 0.8125 0.06250005 0.8125 0.09375 0.3125 0.0625 0.3125 0.0625 0.25 0.09375 0.6875 0.09375 0.75 0.0625 0.75 0.09375 0.25 0.0625 0.25 0.06250005 0.1875 0.0625 0.4375001 0.03124994 0.4375 0.03125 0.3750001 0.06250005 0.875 0.03125005 0.875 0.03125005 0.8125 0.0625 0.3125 0.0625 0.3750001 0.03125 0.3750001 0.0625 0.75 0.06250005 0.8125 0.03125005 0.8125 0.0625 0.3125 0.03125 0.3125 0.03125 0.25 0.0625 0.6875 0.0625 0.75 0.03125 0.75 0.0625 0.25 0.03125 0.25 0.03125005 0.1875 0.0625 0.6875 0.03125 0.6875001 0.03125 0.625 0.06250005 0.1875 0.03125005 0.1875 0.03125005 0.125 0.0625 0.5625 0.0625 0.625 0.03125 0.625 0.06250005 0.125 0.03125005 0.125 0.03125023 0.06249994 0.0625 0.5625 0.03124994 0.5625001 0.03125 0.5 0.0625 0.4375001 0.0625 0.5 0.03125 0.5 0.06250005 0.875 0.06250017 0.9375 0.03125023 0.9375 0.03125005 0.125 0.03125005 0.1875 0 0.1875 0.03124994 0.5625001 0.03125 0.625 0 0.6250001 0.03125005 0.125 0 0.125 2.38419e-7 0.06249994 0.03124994 0.5625001 0 0.5625001 0 0.5 0.03124994 0.4375 0.03125 0.5 0 0.5 0.03125005 0.875 0.03125023 0.9375 2.38419e-7 0.9375 0.03124994 0.4375 0 0.4375 0 0.3750001 0.03125005 0.875 0 0.875 0 0.8125 0.03125 0.3125 0.03125 0.3750001 0 0.3750001 0.03125 0.75 0.03125005 0.8125 0 0.8125 0.03125 0.3125 0 0.3125 0 0.25 0.03125 0.6875001 0.03125 0.75 0 0.7500001 0.03125 0.25 0 0.25 0 0.1875 0.03125 0.6875001 0 0.6875001 0 0.6250001 1 0.3125 1 0.3750001 0.96875 0.375 1 0.7500001 1 0.8125 0.96875 0.8125 1 0.25 1 0.3125 0.96875 0.3125 1 0.7500001 0.96875 0.7500001 0.96875 0.6875001 1 0.25 0.96875 0.25 0.96875 0.1874999 1 0.6875001 0.96875 0.6875001 0.96875 0.6250001 1 0.125 1 0.1875 0.96875 0.1874999 1 0.5625001 1 0.6250001 0.96875 0.6250001 1 0.125 0.9687501 0.1249998 0.9687502 0.06249994 1 0.5625001 0.96875 0.5625001 0.96875 0.5 1 0.4375 1 0.5 0.96875 0.5 1 0.875 1 0.9375 0.9687502 0.9375001 1 0.4375 0.96875 0.4375 0.96875 0.375 1 0.875 0.9687501 0.875 0.96875 0.8125 0.9687501 0.1249998 0.9375001 0.1249998 0.9375002 0.06249994 0.96875 0.5625001 0.9375 0.5625001 0.9375 0.5 0.96875 0.4375 0.96875 0.5 0.9375 0.5 0.9687501 0.875 0.9687502 0.9375001 0.9375002 0.9375001 0.96875 0.4375 0.9375 0.4375 0.9375 0.375 0.9687501 0.875 0.9375001 0.8750001 0.9375 0.8125001 0.96875 0.3125 0.96875 0.375 0.9375 0.375 0.96875 0.8125 0.9375 0.8125001 0.9375 0.7500001 0.96875 0.25 0.96875 0.3125 0.9375 0.3124999 0.96875 0.7500001 0.9375 0.7500001 0.9375 0.6875001 0.96875 0.1874999 0.96875 0.25 0.9375 0.2499999 0.96875 0.6875001 0.9375 0.6875001 0.9375 0.6250001 0.9687501 0.1249998 0.96875 0.1874999 0.9375 0.1874999 0.96875 0.5625001 0.96875 0.6250001 0.9375 0.6250001 0.9375 0.7500001 0.9375 0.8125001 0.90625 0.8125001 0.9375 0.3124999 0.90625 0.3124999 0.90625 0.2499999 0.9375 0.7500001 0.90625 0.7500001 0.90625 0.6875001 0.9375 0.2499999 0.90625 0.2499999 0.90625 0.1874999 0.9375 0.6875001 0.90625 0.6875001 0.90625 0.6250001 0.9375001 0.1249998 0.9375 0.1874999 0.90625 0.1874999 0.9375 0.5625001 0.9375 0.6250001 0.90625 0.6250001 0.9375002 0.06249994 0.9375001 0.1249998 0.9062501 0.1249998 0.9375 0.5625001 0.90625 0.5625001 0.90625 0.5 0.9375 0.4375 0.9375 0.5 0.90625 0.5 0.9375002 0.9375001 0.9062501 0.9375001 0.9062501 0.8750001 0.9375 0.4375 0.90625 0.4375 0.90625 0.375 0.9375001 0.8750001 0.9062501 0.8750001 0.90625 0.8125001 0.9375 0.3124999 0.9375 0.375 0.90625 0.375 0.90625 0.5625001 0.875 0.5625001 0.875 0.5 0.90625 0.5 0.875 0.5 0.875 0.4375 0.9062501 0.9375001 0.8750001 0.9375001 0.875 0.8750001 0.90625 0.4375 0.875 0.4375 0.875 0.375 0.9062501 0.8750001 0.875 0.8750001 0.875 0.8125001 0.90625 0.3124999 0.90625 0.375 0.875 0.375 0.90625 0.8125001 0.875 0.8125001 0.875 0.7500001 0.90625 0.3124999 0.875 0.3124999 0.875 0.2499999 0.90625 0.6875001 0.90625 0.7500001 0.875 0.7500001 0.90625 0.1874999 0.90625 0.2499999 0.875 0.2499999 0.90625 0.6875001 0.875 0.6875001 0.875 0.6250001 0.9062501 0.1249998 0.90625 0.1874999 0.875 0.1874999 0.90625 0.5625001 0.90625 0.6250001 0.875 0.6250001 0.9062501 0.1249998 0.875 0.1249998 0.8750001 0.06249988 0.875 0.3124999 0.84375 0.3124999 0.84375 0.2499999 0.875 0.6875001 0.875 0.7500001 0.84375 0.7500001 0.875 0.1874999 0.875 0.2499999 0.84375 0.2499999 0.875 0.6875001 0.84375 0.6875001 0.84375 0.6250001 0.875 0.1249998 0.875 0.1874999 0.84375 0.1874998 0.875 0.5625001 0.875 0.6250001 0.84375 0.6250001 0.8750001 0.06249988 0.875 0.1249998 0.84375 0.1249998 0.875 0.5 0.875 0.5625001 0.84375 0.5625001 0.875 0.5 0.84375 0.5 0.84375 0.4375 0.8750001 0.9375001 0.8437501 0.9375001 0.84375 0.8750001 0.875 0.4375 0.84375 0.4375 0.84375 0.375 0.875 0.8750001 0.84375 0.8750001 0.84375 0.8125001 0.875 0.3124999 0.875 0.375 0.84375 0.375 0.875 0.8125001 0.84375 0.8125001 0.84375 0.7500001 0.84375 0.4375 0.84375 0.5 0.8125 0.5 0.84375 0.8750001 0.8437501 0.9375001 0.8125 0.9375001 0.84375 0.4375 0.8125 0.4375 0.8125 0.375 0.84375 0.8750001 0.8125 0.8750001 0.8125 0.8125001 0.84375 0.3124999 0.84375 0.375 0.8125 0.375 0.84375 0.8125001 0.8125 0.8125001 0.8125 0.7500001 0.84375 0.3124999 0.8125 0.3124999 0.8125 0.2499999 0.84375 0.6875001 0.84375 0.7500001 0.8125 0.7500001 0.84375 0.1874998 0.84375 0.2499999 0.8125 0.2499999 0.84375 0.6875001 0.8125 0.6875001 0.8125 0.6250001 0.84375 0.1249998 0.84375 0.1874998 0.8125 0.1874998 0.84375 0.5625001 0.84375 0.6250001 0.8125 0.6250001 0.84375 0.1249998 0.8125 0.1249998 0.8125001 0.06249988 0.84375 0.5625001 0.8125 0.5625001 0.8125 0.5 0.8125 0.6875001 0.8125 0.7500001 0.78125 0.7500001 0.8125 0.1874998 0.8125 0.2499999 0.78125 0.2499999 0.8125 0.6875001 0.7812499 0.6875001 0.78125 0.6250001 0.8125 0.1249998 0.8125 0.1874998 0.78125 0.1874998 0.8125 0.5625001 0.8125 0.6250001 0.78125 0.6250001 0.8125001 0.06249988 0.8125 0.1249998 0.78125 0.1249998 0.8125 0.5625001 0.7812499 0.5625001 0.7812499 0.5 0.8125 0.4375 0.8125 0.5 0.7812499 0.5 0.8125 0.9375001 0.78125 0.9375001 0.78125 0.8750001 0.8125 0.4375 0.7812499 0.4375 0.78125 0.375 0.8125 0.8750001 0.78125 0.8750001 0.78125 0.8125001 0.8125 0.3124999 0.8125 0.375 0.78125 0.375 0.8125 0.8125001 0.78125 0.8125001 0.78125 0.7500001 0.8125 0.3124999 0.7812499 0.3124999 0.78125 0.2499999 0.7812499 0.5 0.75 0.5 0.75 0.4375001 0.78125 0.8750001 0.78125 0.9375001 0.75 0.9375001 0.7812499 0.4375 0.75 0.4375001 0.75 0.375 0.78125 0.8125001 0.78125 0.8750001 0.75 0.875 0.7812499 0.3124999 0.78125 0.375 0.75 0.375 0.78125 0.7500001 0.78125 0.8125001 0.75 0.8125 0.7812499 0.3124999 0.7499999 0.3124999 0.7499999 0.2499999 0.7812499 0.6875001 0.78125 0.7500001 0.75 0.7500001 0.78125 0.2499999 0.7499999 0.2499999 0.75 0.1875 0.78125 0.6250001 0.7812499 0.6875001 0.75 0.6875 0.78125 0.1874998 0.75 0.1875 0.7499999 0.1249998 0.7812499 0.5625001 0.78125 0.6250001 0.75 0.625 0.78125 0.1249998 0.7499999 0.1249998 0.75 0.06249988 0.7812499 0.5 0.7812499 0.5625001 0.75 0.5625</float_array>
          <technique_common>
            <accessor source="#Cylinder_016-mesh-map-0-array" count="3252" stride="2">
              <param name="S" type="float"/>
              <param name="T" type="float"/>
            </accessor>
          </technique_common>
        </source>
        <vertices id="Cylinder_016-mesh-vertices">
          <input semantic="POSITION" source="#Cylinder_016-mesh-positions"/>
        </vertices>
        <triangles count="1084">
          <input semantic="VERTEX" source="#Cylinder_016-mesh-vertices" offset="0"/>
          <input semantic="NORMAL" source="#Cylinder_016-mesh-normals" offset="1"/>
          <input semantic="TEXCOORD" source="#Cylinder_016-mesh-map-0" offset="2" set="0"/>
          <p>1 0 0 2 0 1 0 0 2 3 1 3 4 1 4 2 1 5 5 2 6 6 2 7 4 2 8 7 3 9 8 3 10 6 3 11 9 4 12 10 4 13 8 4 14 11 5 15 12 5 16 10 5 17 13 6 18 14 6 19 12 6 20 15 7 21 16 7 22 14 7 23 17 8 24 18 8 25 16 8 26 19 9 27 20 9 28 18 9 29 21 10 30 22 10 31 20 10 32 23 11 33 24 11 34 22 11 35 25 12 36 26 12 37 24 12 38 27 13 39 28 13 40 26 13 41 29 14 42 30 14 43 28 14 44 31 15 45 32 15 46 30 15 47 33 16 48 34 16 49 32 16 50 35 17 51 36 17 52 34 17 53 37 18 54 38 18 55 36 18 56 39 19 57 40 19 58 38 19 59 41 20 60 42 20 61 40 20 62 43 21 63 44 21 64 42 21 65 45 22 66 46 22 67 44 22 68 47 23 69 48 23 70 46 23 71 49 24 72 50 24 73 48 24 74 51 25 75 52 25 76 50 25 77 53 26 78 54 26 79 52 26 80 55 27 81 56 27 82 54 27 83 57 28 84 58 28 85 56 28 86 59 29 87 60 29 88 58 29 89 53 30 90 37 30 91 21 30 92 61 31 93 62 31 94 60 31 95 63 32 96 0 32 97 62 32 98 14 33 99 30 33 100 46 33 101 269 34 102 545 34 103 88 34 104 72 35 105 81 35 106 82 35 107 64 36 108 75 36 109 65 36 110 72 37 111 83 37 112 541 37 113 65 38 114 76 38 115 66 38 116 541 39 117 84 39 118 542 39 119 66 40 120 77 40 121 67 40 122 542 41 123 85 41 124 543 41 125 67 42 126 78 42 127 68 42 128 543 43 129 86 43 130 73 43 131 68 44 132 79 44 133 69 44 134 73 45 135 87 45 136 544 45 137 69 46 138 80 46 139 70 46 140 544 47 141 88 47 142 545 47 143 70 48 144 81 48 145 71 48 146 64 49 147 360 49 148 74 49 149 87 50 150 103 50 151 88 50 152 80 51 153 96 51 154 81 51 155 74 52 156 360 52 157 89 52 158 269 53 159 88 53 160 103 53 161 82 54 162 96 54 163 97 54 164 75 55 165 89 55 166 90 55 167 82 56 168 98 56 169 83 56 170 75 57 171 91 57 172 76 57 173 84 58 174 98 58 175 99 58 176 76 59 177 92 59 178 77 59 179 85 60 180 99 60 181 100 60 182 77 61 183 93 61 184 78 61 185 86 62 186 100 62 187 101 62 188 78 63 189 94 63 190 79 63 191 87 64 192 101 64 193 102 64 194 80 65 195 94 65 196 95 65 197 92 66 198 106 66 199 107 66 200 99 67 201 115 67 202 100 67 203 93 68 204 107 68 205 108 68 206 100 69 207 116 69 208 101 69 209 93 70 210 109 70 211 94 70 212 101 71 213 117 71 214 102 71 215 95 72 216 109 72 217 110 72 218 102 73 219 118 73 220 103 73 221 96 74 222 110 74 223 111 74 224 89 75 225 360 75 226 104 75 227 269 76 228 103 76 229 118 76 230 96 77 231 112 77 232 97 77 233 89 78 234 105 78 235 90 78 236 97 79 237 113 79 238 98 79 239 91 80 240 105 80 241 106 80 242 99 81 243 113 81 244 114 81 245 111 82 246 125 82 247 126 82 248 104 83 249 360 83 250 119 83 251 269 84 252 118 84 253 133 84 254 111 85 255 127 85 256 112 85 257 105 86 258 119 86 259 120 86 260 112 87 261 128 87 262 113 87 263 106 88 264 120 88 265 121 88 266 114 89 267 128 89 268 129 89 269 107 90 270 121 90 271 122 90 272 114 91 273 130 91 274 115 91 275 108 92 276 122 92 277 123 92 278 116 93 279 130 93 280 131 93 281 108 94 282 124 94 283 109 94 284 116 95 285 132 95 286 117 95 287 110 96 288 124 96 289 125 96 290 117 97 291 133 97 292 118 97 293 129 98 294 145 98 295 130 98 296 123 99 297 137 99 298 138 99 299 131 100 300 145 100 301 146 100 302 123 101 303 139 101 304 124 101 305 131 102 306 147 102 307 132 102 308 125 103 309 139 103 310 140 103 311 132 104 312 148 104 313 133 104 314 126 105 315 140 105 316 141 105 317 119 106 318 360 106 319 134 106 320 269 107 321 133 107 322 148 107 323 126 108 324 142 108 325 127 108 326 120 109 327 134 109 328 135 109 329 127 110 330 143 110 331 128 110 332 121 111 333 135 111 334 136 111 335 129 112 336 143 112 337 144 112 338 122 113 339 136 113 340 137 113 341 269 114 342 148 114 343 163 114 344 142 115 345 156 115 346 157 115 347 134 116 348 150 116 349 135 116 350 142 117 351 158 117 352 143 117 353 136 118 354 150 118 355 151 118 356 144 119 357 158 119 358 159 119 359 137 120 360 151 120 361 152 120 362 144 121 363 160 121 364 145 121 365 138 122 366 152 122 367 153 122 368 145 123 369 161 123 370 146 123 371 138 124 372 154 124 373 139 124 374 146 125 375 162 125 376 147 125 377 140 126 378 154 126 379 155 126 380 148 127 381 162 127 382 163 127 383 140 128 384 156 128 385 141 128 386 134 129 387 360 129 388 149 129 389 161 130 390 175 130 391 176 130 392 153 131 393 169 131 394 154 131 395 161 132 396 177 132 397 162 132 398 155 133 399 169 133 400 170 133 401 163 134 402 177 134 403 178 134 404 155 135 405 171 135 406 156 135 407 149 136 408 360 136 409 164 136 410 269 137 411 163 137 412 178 137 413 157 138 414 171 138 415 172 138 416 149 139 417 165 139 418 150 139 419 157 140 420 173 140 421 158 140 422 150 141 423 166 141 424 151 141 425 159 142 426 173 142 427 174 142 428 152 143 429 166 143 430 167 143 431 159 144 432 175 144 433 160 144 434 153 145 435 167 145 436 168 145 437 164 146 438 180 146 439 165 146 440 172 147 441 188 147 442 173 147 443 165 148 444 181 148 445 166 148 446 174 149 447 188 149 448 189 149 449 166 150 450 182 150 451 167 150 452 174 151 453 190 151 454 175 151 455 168 152 456 182 152 457 183 152 458 176 153 459 190 153 460 191 153 461 168 154 462 184 154 463 169 154 464 177 155 465 191 155 466 192 155 467 170 156 468 184 156 469 185 156 470 178 157 471 192 157 472 193 157 473 170 158 474 186 158 475 171 158 476 164 159 477 360 159 478 179 159 479 269 160 480 178 160 481 193 160 482 172 161 483 186 161 484 187 161 485 183 162 486 199 162 487 184 162 488 191 163 489 207 163 490 192 163 491 185 164 492 199 164 493 200 164 494 193 165 495 207 165 496 208 165 497 185 166 498 201 166 499 186 166 500 179 167 501 360 167 502 194 167 503 269 168 504 193 168 505 208 168 506 187 169 507 201 169 508 202 169 509 179 170 510 195 170 511 180 170 512 187 171 513 203 171 514 188 171 515 180 172 516 196 172 517 181 172 518 189 173 519 203 173 520 204 173 521 181 174 522 197 174 523 182 174 524 190 175 525 204 175 526 205 175 527 182 176 528 198 176 529 183 176 530 191 177 531 205 177 532 206 177 533 202 178 534 218 178 535 203 178 536 195 179 537 211 179 538 196 179 539 204 180 540 218 180 541 219 180 542 196 181 543 212 181 544 197 181 545 205 182 546 219 182 547 220 182 548 197 183 549 213 183 550 198 183 551 206 184 552 220 184 553 221 184 554 198 185 555 214 185 556 199 185 557 207 186 558 221 186 559 222 186 560 200 187 561 214 187 562 215 187 563 208 188 564 222 188 565 223 188 566 200 189 567 216 189 568 201 189 569 194 190 570 360 190 571 209 190 572 269 191 573 208 191 574 223 191 575 202 192 576 216 192 577 217 192 578 194 193 579 210 193 580 195 193 581 222 194 582 236 194 583 237 194 584 215 195 585 229 195 586 230 195 587 223 196 588 237 196 589 238 196 590 215 197 591 231 197 592 216 197 593 209 198 594 360 198 595 224 198 596 269 199 597 223 199 598 238 199 599 217 200 600 231 200 601 232 200 602 209 201 603 225 201 604 210 201 605 217 202 606 233 202 607 218 202 608 210 203 609 226 203 610 211 203 611 219 204 612 233 204 613 234 204 614 211 205 615 227 205 616 212 205 617 219 206 618 235 206 619 220 206 620 213 207 621 227 207 622 228 207 623 221 208 624 235 208 625 236 208 626 213 209 627 229 209 628 214 209 629 225 210 630 241 210 631 226 210 632 234 211 633 248 211 634 249 211 635 226 212 636 242 212 637 227 212 638 234 213 639 250 213 640 235 213 641 228 214 642 242 214 643 243 214 644 236 215 645 250 215 646 251 215 647 228 216 648 244 216 649 229 216 650 237 217 651 251 217 652 252 217 653 230 218 654 244 218 655 245 218 656 238 219 657 252 219 658 253 219 659 231 220 660 245 220 661 246 220 662 224 221 663 360 221 664 239 221 665 269 222 666 238 222 667 253 222 668 231 223 669 247 223 670 232 223 671 224 224 672 240 224 673 225 224 674 232 225 675 248 225 676 233 225 677 245 226 678 259 226 679 260 226 680 253 227 681 267 227 682 268 227 683 246 228 684 260 228 685 261 228 686 239 229 687 360 229 688 254 229 689 269 230 690 253 230 691 268 230 692 246 231 693 262 231 694 247 231 695 239 232 696 255 232 697 240 232 698 247 233 699 263 233 700 248 233 701 240 234 702 256 234 703 241 234 704 249 235 705 263 235 706 264 235 707 241 236 708 257 236 709 242 236 710 249 237 711 265 237 712 250 237 713 243 238 714 257 238 715 258 238 716 251 239 717 265 239 718 266 239 719 243 240 720 259 240 721 244 240 722 252 241 723 266 241 724 267 241 725 264 242 726 279 242 727 280 242 728 256 243 729 273 243 730 257 243 731 265 244 732 280 244 733 281 244 734 257 245 735 274 245 736 258 245 737 266 246 738 281 246 739 282 246 740 258 247 741 275 247 742 259 247 743 267 248 744 282 248 745 283 248 746 260 249 747 275 249 748 276 249 749 268 250 750 283 250 751 284 250 752 261 251 753 276 251 754 277 251 755 254 252 756 360 252 757 270 252 758 269 253 759 268 253 760 284 253 761 261 254 762 278 254 763 262 254 764 254 255 765 271 255 766 255 255 767 262 256 768 279 256 769 263 256 770 255 257 771 272 257 772 256 257 773 284 258 774 298 258 775 299 258 776 277 259 777 291 259 778 292 259 779 270 260 780 360 260 781 285 260 782 269 261 783 284 261 784 299 261 785 277 262 786 293 262 787 278 262 788 270 263 789 286 263 790 271 263 791 278 264 792 294 264 793 279 264 794 271 265 795 287 265 796 272 265 797 280 266 798 294 266 799 295 266 800 273 267 801 287 267 802 288 267 803 280 268 804 296 268 805 281 268 806 273 269 807 289 269 808 274 269 809 281 270 810 297 270 811 282 270 812 274 271 813 290 271 814 275 271 815 282 272 816 298 272 817 283 272 818 276 273 819 290 273 820 291 273 821 295 274 822 311 274 823 296 274 824 288 275 825 304 275 826 289 275 827 297 276 828 311 276 829 312 276 830 289 277 831 305 277 832 290 277 833 298 278 834 312 278 835 313 278 836 291 279 837 305 279 838 306 279 839 299 280 840 313 280 841 314 280 842 292 281 843 306 281 844 307 281 845 285 282 846 360 282 847 300 282 848 269 283 849 299 283 850 314 283 851 292 284 852 308 284 853 293 284 854 285 285 855 301 285 856 286 285 857 293 286 858 309 286 859 294 286 860 286 287 861 302 287 862 287 287 863 295 288 864 309 288 865 310 288 866 288 289 867 302 289 868 303 289 869 300 290 870 360 290 871 315 290 872 269 291 873 314 291 874 329 291 875 307 292 876 323 292 877 308 292 878 300 293 879 316 293 880 301 293 881 308 294 882 324 294 883 309 294 884 301 295 885 317 295 886 302 295 887 310 296 888 324 296 889 325 296 890 303 297 891 317 297 892 318 297 893 310 298 894 326 298 895 311 298 896 304 299 897 318 299 898 319 299 899 311 300 900 327 300 901 312 300 902 304 301 903 320 301 904 305 301 905 313 302 906 327 302 907 328 302 908 306 303 909 320 303 910 321 303 911 314 304 912 328 304 913 329 304 914 307 305 915 321 305 916 322 305 917 319 306 918 333 306 919 334 306 920 326 307 921 342 307 922 327 307 923 319 308 924 335 308 925 320 308 926 328 309 927 342 309 928 343 309 929 321 310 930 335 310 931 336 310 932 329 311 933 343 311 934 344 311 935 322 312 936 336 312 937 337 312 938 315 313 939 360 313 940 330 313 941 269 314 942 329 314 943 344 314 944 322 315 945 338 315 946 323 315 947 315 316 948 331 316 949 316 316 950 323 317 951 339 317 952 324 317 953 316 318 954 332 318 955 317 318 956 325 319 957 339 319 958 340 319 959 318 320 960 332 320 961 333 320 962 325 321 963 341 321 964 326 321 965 337 322 966 353 322 967 338 322 968 330 323 969 346 323 970 331 323 971 338 324 972 354 324 973 339 324 974 331 325 975 347 325 976 332 325 977 340 326 978 354 326 979 355 326 980 333 327 981 347 327 982 348 327 983 340 328 984 356 328 985 341 328 986 334 329 987 348 329 988 349 329 989 341 330 990 357 330 991 342 330 992 334 331 993 350 331 994 335 331 995 343 332 996 357 332 997 358 332 998 336 333 999 350 333 1000 351 333 1001 344 334 1002 358 334 1003 359 334 1004 337 335 1005 351 335 1006 352 335 1007 330 336 1008 360 336 1009 345 336 1010 269 337 1011 344 337 1012 359 337 1013 356 338 1014 373 338 1015 357 338 1016 349 339 1017 366 339 1018 350 339 1019 357 340 1020 374 340 1021 358 340 1022 351 341 1023 366 341 1024 367 341 1025 358 342 1026 375 342 1027 359 342 1028 352 343 1029 367 343 1030 368 343 1031 345 344 1032 360 344 1033 361 344 1034 269 345 1035 359 345 1036 375 345 1037 352 346 1038 369 346 1039 353 346 1040 346 347 1041 361 347 1042 362 347 1043 353 348 1044 370 348 1045 354 348 1046 347 349 1047 362 349 1048 363 349 1049 355 350 1050 370 350 1051 371 350 1052 348 351 1053 363 351 1054 364 351 1055 355 352 1056 372 352 1057 356 352 1058 349 353 1059 364 353 1060 365 353 1061 362 354 1062 376 354 1063 377 354 1064 369 355 1065 385 355 1066 370 355 1067 362 356 1068 378 356 1069 363 356 1070 371 357 1071 385 357 1072 386 357 1073 364 358 1074 378 358 1075 379 358 1076 371 359 1077 387 359 1078 372 359 1079 365 360 1080 379 360 1081 380 360 1082 372 361 1083 388 361 1084 373 361 1085 365 362 1086 381 362 1087 366 362 1088 373 363 1089 389 363 1090 374 363 1091 367 364 1092 381 364 1093 382 364 1094 374 365 1095 390 365 1096 375 365 1097 368 366 1098 382 366 1099 383 366 1100 361 367 1101 360 367 1102 376 367 1103 269 368 1104 375 368 1105 390 368 1106 368 369 1107 384 369 1108 369 369 1109 380 370 1110 396 370 1111 381 370 1112 389 371 1113 403 371 1114 404 371 1115 382 372 1116 396 372 1117 397 372 1118 389 373 1119 405 373 1120 390 373 1121 382 374 1122 398 374 1123 383 374 1124 376 375 1125 360 375 1126 391 375 1127 269 376 1128 390 376 1129 405 376 1130 384 377 1131 398 377 1132 399 377 1133 376 378 1134 392 378 1135 377 378 1136 384 379 1137 400 379 1138 385 379 1139 377 380 1140 393 380 1141 378 380 1142 386 381 1143 400 381 1144 401 381 1145 379 382 1146 393 382 1147 394 382 1148 386 383 1149 402 383 1150 387 383 1151 380 384 1152 394 384 1153 395 384 1154 387 385 1155 403 385 1156 388 385 1157 399 386 1158 415 386 1159 400 386 1160 392 387 1161 408 387 1162 393 387 1163 401 388 1164 415 388 1165 416 388 1166 394 389 1167 408 389 1168 409 389 1169 401 390 1170 417 390 1171 402 390 1172 395 391 1173 409 391 1174 410 391 1175 402 392 1176 418 392 1177 403 392 1178 395 393 1179 411 393 1180 396 393 1181 403 394 1182 419 394 1183 404 394 1184 397 395 1185 411 395 1186 412 395 1187 404 396 1188 420 396 1189 405 396 1190 397 397 1191 413 397 1192 398 397 1193 391 398 1194 360 398 1195 406 398 1196 269 399 1197 405 399 1198 420 399 1199 399 400 1200 413 400 1201 414 400 1202 392 401 1203 406 401 1204 407 401 1205 419 402 1206 433 402 1207 434 402 1208 412 403 1209 426 403 1210 427 403 1211 419 404 1212 435 404 1213 420 404 1214 412 405 1215 428 405 1216 413 405 1217 406 406 1218 360 406 1219 421 406 1220 269 407 1221 420 407 1222 435 407 1223 414 408 1224 428 408 1225 429 408 1226 407 409 1227 421 409 1228 422 409 1229 414 410 1230 430 410 1231 415 410 1232 407 411 1233 423 411 1234 408 411 1235 416 412 1236 430 412 1237 431 412 1238 409 413 1239 423 413 1240 424 413 1241 416 414 1242 432 414 1243 417 414 1244 410 415 1245 424 415 1246 425 415 1247 417 416 1248 433 416 1249 418 416 1250 410 417 1251 426 417 1252 411 417 1253 431 418 1254 445 418 1255 446 418 1256 424 419 1257 438 419 1258 439 419 1259 432 420 1260 446 420 1261 447 420 1262 424 421 1263 440 421 1264 425 421 1265 432 422 1266 448 422 1267 433 422 1268 425 423 1269 441 423 1270 426 423 1271 434 424 1272 448 424 1273 449 424 1274 427 425 1275 441 425 1276 442 425 1277 434 426 1278 450 426 1279 435 426 1280 427 427 1281 443 427 1282 428 427 1283 421 428 1284 360 428 1285 436 428 1286 269 429 1287 435 429 1288 450 429 1289 429 430 1290 443 430 1291 444 430 1292 422 431 1293 436 431 1294 437 431 1295 429 432 1296 445 432 1297 430 432 1298 422 433 1299 438 433 1300 423 433 1301 449 434 1302 465 434 1303 450 434 1304 442 435 1305 458 435 1306 443 435 1307 436 436 1308 360 436 1309 451 436 1310 269 437 1311 450 437 1312 465 437 1313 444 438 1314 458 438 1315 459 438 1316 437 439 1317 451 439 1318 452 439 1319 444 440 1320 460 440 1321 445 440 1322 437 441 1323 453 441 1324 438 441 1325 446 442 1326 460 442 1327 461 442 1328 438 443 1329 454 443 1330 439 443 1331 447 444 1332 461 444 1333 462 444 1334 439 445 1335 455 445 1336 440 445 1337 448 446 1338 462 446 1339 463 446 1340 440 447 1341 456 447 1342 441 447 1343 449 448 1344 463 448 1345 464 448 1346 442 449 1347 456 449 1348 457 449 1349 454 450 1350 468 450 1351 469 450 1352 461 451 1353 477 451 1354 462 451 1355 454 452 1356 470 452 1357 455 452 1358 462 453 1359 478 453 1360 463 453 1361 455 454 1362 471 454 1363 456 454 1364 464 455 1365 478 455 1366 479 455 1367 457 456 1368 471 456 1369 472 456 1370 465 457 1371 479 457 1372 480 457 1373 457 458 1374 473 458 1375 458 458 1376 451 459 1377 360 459 1378 466 459 1379 269 460 1380 465 460 1381 480 460 1382 459 461 1383 473 461 1384 474 461 1385 451 462 1386 467 462 1387 452 462 1388 459 463 1389 475 463 1390 460 463 1391 452 464 1392 468 464 1393 453 464 1394 461 465 1395 475 465 1396 476 465 1397 472 466 1398 488 466 1399 473 466 1400 466 467 1401 360 467 1402 481 467 1403 269 468 1404 480 468 1405 495 468 1406 473 469 1407 489 469 1408 474 469 1409 466 470 1410 482 470 1411 467 470 1412 474 471 1413 490 471 1414 475 471 1415 467 472 1416 483 472 1417 468 472 1418 476 473 1419 490 473 1420 491 473 1421 468 474 1422 484 474 1423 469 474 1424 476 475 1425 492 475 1426 477 475 1427 470 476 1428 484 476 1429 485 476 1430 478 477 1431 492 477 1432 493 477 1433 470 478 1434 486 478 1435 471 478 1436 479 479 1437 493 479 1438 494 479 1439 472 480 1440 486 480 1441 487 480 1442 479 481 1443 495 481 1444 480 481 1445 491 482 1446 507 482 1447 492 482 1448 485 483 1449 499 483 1450 500 483 1451 493 484 1452 507 484 1453 508 484 1454 485 485 1455 501 485 1456 486 485 1457 494 486 1458 508 486 1459 509 486 1460 487 487 1461 501 487 1462 502 487 1463 495 488 1464 509 488 1465 510 488 1466 488 489 1467 502 489 1468 503 489 1469 481 490 1470 360 490 1471 496 490 1472 269 491 1473 495 491 1474 510 491 1475 488 492 1476 504 492 1477 489 492 1478 481 493 1479 497 493 1480 482 493 1481 489 494 1482 505 494 1483 490 494 1484 482 495 1485 498 495 1486 483 495 1487 491 496 1488 505 496 1489 506 496 1490 483 497 1491 499 497 1492 484 497 1493 496 498 1494 360 498 1495 511 498 1496 269 499 1497 510 499 1498 525 499 1499 504 500 1500 518 500 1501 519 500 1502 497 501 1503 511 501 1504 512 501 1505 504 502 1506 520 502 1507 505 502 1508 497 503 1509 513 503 1510 498 503 1511 506 504 1512 520 504 1513 521 504 1514 498 505 1515 514 505 1516 499 505 1517 506 506 1518 522 506 1519 507 506 1520 500 507 1521 514 507 1522 515 507 1523 508 508 1524 522 508 1525 523 508 1526 500 509 1527 516 509 1528 501 509 1529 509 510 1530 523 510 1531 524 510 1532 502 511 1533 516 511 1534 517 511 1535 509 512 1536 525 512 1537 510 512 1538 502 513 1539 518 513 1540 503 513 1541 515 514 1542 529 514 1543 530 514 1544 523 515 1545 537 515 1546 538 515 1547 515 516 1548 531 516 1549 516 516 1550 524 517 1551 538 517 1552 539 517 1553 517 518 1554 531 518 1555 532 518 1556 525 519 1557 539 519 1558 540 519 1559 517 520 1560 533 520 1561 518 520 1562 511 521 1563 360 521 1564 526 521 1565 269 522 1566 525 522 1567 540 522 1568 519 523 1569 533 523 1570 534 523 1571 511 524 1572 527 524 1573 512 524 1574 519 525 1575 535 525 1576 520 525 1577 512 526 1578 528 526 1579 513 526 1580 521 527 1581 535 527 1582 536 527 1583 513 528 1584 529 528 1585 514 528 1586 521 529 1587 537 529 1588 522 529 1589 533 530 1590 72 530 1591 534 530 1592 527 531 1593 64 531 1594 65 531 1595 534 532 1596 541 532 1597 535 532 1598 528 533 1599 65 533 1600 66 533 1601 536 534 1602 541 534 1603 542 534 1604 529 535 1605 66 535 1606 67 535 1607 536 536 1608 543 536 1609 537 536 1610 530 537 1611 67 537 1612 68 537 1613 537 538 1614 73 538 1615 538 538 1616 531 539 1617 68 539 1618 69 539 1619 538 540 1620 544 540 1621 539 540 1622 532 541 1623 69 541 1624 70 541 1625 539 542 1626 545 542 1627 540 542 1628 533 543 1629 70 543 1630 71 543 1631 526 544 1632 360 544 1633 64 544 1634 269 545 1635 540 545 1636 545 545 1637 1 0 1638 3 0 1639 2 0 1640 3 546 1641 5 546 1642 4 546 1643 5 2 1644 7 2 1645 6 2 1646 7 547 1647 9 547 1648 8 547 1649 9 548 1650 11 548 1651 10 548 1652 11 5 1653 13 5 1654 12 5 1655 13 6 1656 15 6 1657 14 6 1658 15 7 1659 17 7 1660 16 7 1661 17 549 1662 19 549 1663 18 549 1664 19 9 1665 21 9 1666 20 9 1667 21 550 1668 23 550 1669 22 550 1670 23 551 1671 25 551 1672 24 551 1673 25 12 1674 27 12 1675 26 12 1676 27 13 1677 29 13 1678 28 13 1679 29 552 1680 31 552 1681 30 552 1682 31 15 1683 33 15 1684 32 15 1685 33 16 1686 35 16 1687 34 16 1688 35 553 1689 37 553 1690 36 553 1691 37 18 1692 39 18 1693 38 18 1694 39 554 1695 41 554 1696 40 554 1697 41 555 1698 43 555 1699 42 555 1700 43 21 1701 45 21 1702 44 21 1703 45 556 1704 47 556 1705 46 556 1706 47 557 1707 49 557 1708 48 557 1709 49 558 1710 51 558 1711 50 558 1712 51 25 1713 53 25 1714 52 25 1715 53 559 1716 55 559 1717 54 559 1718 55 27 1719 57 27 1720 56 27 1721 57 560 1722 59 560 1723 58 560 1724 59 29 1725 61 29 1726 60 29 1727 5 561 1728 3 561 1729 1 561 1730 1 561 1731 63 561 1732 5 561 1733 63 561 1734 61 561 1735 5 561 1736 61 561 1737 59 561 1738 57 561 1739 57 561 1740 55 561 1741 53 561 1742 53 562 1743 51 562 1744 49 562 1745 49 561 1746 47 561 1747 53 561 1748 47 561 1749 45 561 1750 53 561 1751 45 561 1752 43 561 1753 37 561 1754 43 561 1755 41 561 1756 37 561 1757 41 561 1758 39 561 1759 37 561 1760 37 561 1761 35 561 1762 33 561 1763 33 561 1764 31 561 1765 29 561 1766 29 561 1767 27 561 1768 25 561 1769 25 561 1770 23 561 1771 21 561 1772 21 563 1773 19 563 1774 17 563 1775 17 561 1776 15 561 1777 21 561 1778 15 561 1779 13 561 1780 21 561 1781 13 561 1782 11 561 1783 9 561 1784 9 561 1785 7 561 1786 5 561 1787 61 561 1788 57 561 1789 5 561 1790 57 561 1791 53 561 1792 5 561 1793 37 561 1794 33 561 1795 21 561 1796 33 561 1797 29 561 1798 21 561 1799 29 561 1800 25 561 1801 21 561 1802 13 564 1803 9 564 1804 21 564 1805 9 565 1806 5 565 1807 21 565 1808 53 566 1809 45 566 1810 37 566 1811 5 561 1812 53 561 1813 21 561 1814 61 567 1815 63 567 1816 62 567 1817 63 32 1818 1 32 1819 0 32 1820 62 33 1821 0 33 1822 2 33 1823 2 33 1824 4 33 1825 6 33 1826 6 33 1827 8 33 1828 10 33 1829 10 33 1830 12 33 1831 6 33 1832 12 33 1833 14 33 1834 6 33 1835 14 33 1836 16 33 1837 18 33 1838 18 33 1839 20 33 1840 14 33 1841 20 33 1842 22 33 1843 14 33 1844 22 33 1845 24 33 1846 30 33 1847 24 33 1848 26 33 1849 30 33 1850 26 33 1851 28 33 1852 30 33 1853 30 33 1854 32 33 1855 34 33 1856 34 33 1857 36 33 1858 38 33 1859 38 33 1860 40 33 1861 42 33 1862 42 33 1863 44 33 1864 46 33 1865 46 568 1866 48 568 1867 50 568 1868 50 569 1869 52 569 1870 54 569 1871 54 33 1872 56 33 1873 62 33 1874 56 33 1875 58 33 1876 62 33 1877 58 33 1878 60 33 1879 62 33 1880 62 33 1881 2 33 1882 6 33 1883 30 33 1884 34 33 1885 46 33 1886 34 33 1887 38 33 1888 46 33 1889 38 33 1890 42 33 1891 46 33 1892 46 570 1893 50 570 1894 62 570 1895 50 33 1896 54 33 1897 62 33 1898 62 33 1899 6 33 1900 14 33 1901 14 33 1902 22 33 1903 30 33 1904 62 571 1905 14 571 1906 46 571 1907 72 572 1908 71 572 1909 81 572 1910 64 573 1911 74 573 1912 75 573 1913 72 574 1914 82 574 1915 83 574 1916 65 575 1917 75 575 1918 76 575 1919 541 576 1920 83 576 1921 84 576 1922 66 577 1923 76 577 1924 77 577 1925 542 578 1926 84 578 1927 85 578 1928 67 579 1929 77 579 1930 78 579 1931 543 580 1932 85 580 1933 86 580 1934 68 581 1935 78 581 1936 79 581 1937 73 582 1938 86 582 1939 87 582 1940 69 583 1941 79 583 1942 80 583 1943 544 584 1944 87 584 1945 88 584 1946 70 585 1947 80 585 1948 81 585 1949 87 586 1950 102 586 1951 103 586 1952 80 587 1953 95 587 1954 96 587 1955 82 588 1956 81 588 1957 96 588 1958 75 589 1959 74 589 1960 89 589 1961 82 590 1962 97 590 1963 98 590 1964 75 591 1965 90 591 1966 91 591 1967 84 592 1968 83 592 1969 98 592 1970 76 593 1971 91 593 1972 92 593 1973 85 594 1974 84 594 1975 99 594 1976 77 595 1977 92 595 1978 93 595 1979 86 596 1980 85 596 1981 100 596 1982 78 597 1983 93 597 1984 94 597 1985 87 598 1986 86 598 1987 101 598 1988 80 599 1989 79 599 1990 94 599 1991 92 600 1992 91 600 1993 106 600 1994 99 601 1995 114 601 1996 115 601 1997 93 602 1998 92 602 1999 107 602 2000 100 603 2001 115 603 2002 116 603 2003 93 604 2004 108 604 2005 109 604 2006 101 605 2007 116 605 2008 117 605 2009 95 606 2010 94 606 2011 109 606 2012 102 607 2013 117 607 2014 118 607 2015 96 608 2016 95 608 2017 110 608 2018 96 609 2019 111 609 2020 112 609 2021 89 610 2022 104 610 2023 105 610 2024 97 611 2025 112 611 2026 113 611 2027 91 612 2028 90 612 2029 105 612 2030 99 613 2031 98 613 2032 113 613 2033 111 614 2034 110 614 2035 125 614 2036 111 615 2037 126 615 2038 127 615 2039 105 616 2040 104 616 2041 119 616 2042 112 617 2043 127 617 2044 128 617 2045 106 618 2046 105 618 2047 120 618 2048 114 619 2049 113 619 2050 128 619 2051 107 620 2052 106 620 2053 121 620 2054 114 621 2055 129 621 2056 130 621 2057 108 622 2058 107 622 2059 122 622 2060 116 623 2061 115 623 2062 130 623 2063 108 624 2064 123 624 2065 124 624 2066 116 625 2067 131 625 2068 132 625 2069 110 626 2070 109 626 2071 124 626 2072 117 627 2073 132 627 2074 133 627 2075 129 628 2076 144 628 2077 145 628 2078 123 629 2079 122 629 2080 137 629 2081 131 630 2082 130 630 2083 145 630 2084 123 631 2085 138 631 2086 139 631 2087 131 632 2088 146 632 2089 147 632 2090 125 633 2091 124 633 2092 139 633 2093 132 634 2094 147 634 2095 148 634 2096 126 635 2097 125 635 2098 140 635 2099 126 636 2100 141 636 2101 142 636 2102 120 637 2103 119 637 2104 134 637 2105 127 638 2106 142 638 2107 143 638 2108 121 639 2109 120 639 2110 135 639 2111 129 640 2112 128 640 2113 143 640 2114 122 641 2115 121 641 2116 136 641 2117 142 642 2118 141 642 2119 156 642 2120 134 643 2121 149 643 2122 150 643 2123 142 644 2124 157 644 2125 158 644 2126 136 645 2127 135 645 2128 150 645 2129 144 646 2130 143 646 2131 158 646 2132 137 647 2133 136 647 2134 151 647 2135 144 648 2136 159 648 2137 160 648 2138 138 649 2139 137 649 2140 152 649 2141 145 650 2142 160 650 2143 161 650 2144 138 651 2145 153 651 2146 154 651 2147 146 652 2148 161 652 2149 162 652 2150 140 653 2151 139 653 2152 154 653 2153 148 654 2154 147 654 2155 162 654 2156 140 655 2157 155 655 2158 156 655 2159 161 656 2160 160 656 2161 175 656 2162 153 657 2163 168 657 2164 169 657 2165 161 658 2166 176 658 2167 177 658 2168 155 659 2169 154 659 2170 169 659 2171 163 660 2172 162 660 2173 177 660 2174 155 661 2175 170 661 2176 171 661 2177 157 662 2178 156 662 2179 171 662 2180 149 663 2181 164 663 2182 165 663 2183 157 664 2184 172 664 2185 173 664 2186 150 665 2187 165 665 2188 166 665 2189 159 666 2190 158 666 2191 173 666 2192 152 667 2193 151 667 2194 166 667 2195 159 668 2196 174 668 2197 175 668 2198 153 669 2199 152 669 2200 167 669 2201 164 670 2202 179 670 2203 180 670 2204 172 671 2205 187 671 2206 188 671 2207 165 672 2208 180 672 2209 181 672 2210 174 673 2211 173 673 2212 188 673 2213 166 674 2214 181 674 2215 182 674 2216 174 675 2217 189 675 2218 190 675 2219 168 676 2220 167 676 2221 182 676 2222 176 677 2223 175 677 2224 190 677 2225 168 678 2226 183 678 2227 184 678 2228 177 679 2229 176 679 2230 191 679 2231 170 680 2232 169 680 2233 184 680 2234 178 681 2235 177 681 2236 192 681 2237 170 682 2238 185 682 2239 186 682 2240 172 683 2241 171 683 2242 186 683 2243 183 684 2244 198 684 2245 199 684 2246 191 685 2247 206 685 2248 207 685 2249 185 686 2250 184 686 2251 199 686 2252 193 687 2253 192 687 2254 207 687 2255 185 688 2256 200 688 2257 201 688 2258 187 689 2259 186 689 2260 201 689 2261 179 690 2262 194 690 2263 195 690 2264 187 691 2265 202 691 2266 203 691 2267 180 692 2268 195 692 2269 196 692 2270 189 693 2271 188 693 2272 203 693 2273 181 694 2274 196 694 2275 197 694 2276 190 695 2277 189 695 2278 204 695 2279 182 696 2280 197 696 2281 198 696 2282 191 697 2283 190 697 2284 205 697 2285 202 698 2286 217 698 2287 218 698 2288 195 699 2289 210 699 2290 211 699 2291 204 700 2292 203 700 2293 218 700 2294 196 701 2295 211 701 2296 212 701 2297 205 702 2298 204 702 2299 219 702 2300 197 703 2301 212 703 2302 213 703 2303 206 704 2304 205 704 2305 220 704 2306 198 705 2307 213 705 2308 214 705 2309 207 706 2310 206 706 2311 221 706 2312 200 707 2313 199 707 2314 214 707 2315 208 708 2316 207 708 2317 222 708 2318 200 709 2319 215 709 2320 216 709 2321 202 710 2322 201 710 2323 216 710 2324 194 711 2325 209 711 2326 210 711 2327 222 712 2328 221 712 2329 236 712 2330 215 713 2331 214 713 2332 229 713 2333 223 714 2334 222 714 2335 237 714 2336 215 715 2337 230 715 2338 231 715 2339 217 716 2340 216 716 2341 231 716 2342 209 717 2343 224 717 2344 225 717 2345 217 718 2346 232 718 2347 233 718 2348 210 719 2349 225 719 2350 226 719 2351 219 720 2352 218 720 2353 233 720 2354 211 721 2355 226 721 2356 227 721 2357 219 722 2358 234 722 2359 235 722 2360 213 723 2361 212 723 2362 227 723 2363 221 724 2364 220 724 2365 235 724 2366 213 725 2367 228 725 2368 229 725 2369 225 726 2370 240 726 2371 241 726 2372 234 727 2373 233 727 2374 248 727 2375 226 728 2376 241 728 2377 242 728 2378 234 729 2379 249 729 2380 250 729 2381 228 730 2382 227 730 2383 242 730 2384 236 731 2385 235 731 2386 250 731 2387 228 732 2388 243 732 2389 244 732 2390 237 733 2391 236 733 2392 251 733 2393 230 734 2394 229 734 2395 244 734 2396 238 735 2397 237 735 2398 252 735 2399 231 736 2400 230 736 2401 245 736 2402 231 737 2403 246 737 2404 247 737 2405 224 738 2406 239 738 2407 240 738 2408 232 739 2409 247 739 2410 248 739 2411 245 740 2412 244 740 2413 259 740 2414 253 741 2415 252 741 2416 267 741 2417 246 742 2418 245 742 2419 260 742 2420 246 743 2421 261 743 2422 262 743 2423 239 744 2424 254 744 2425 255 744 2426 247 745 2427 262 745 2428 263 745 2429 240 746 2430 255 746 2431 256 746 2432 249 747 2433 248 747 2434 263 747 2435 241 748 2436 256 748 2437 257 748 2438 249 749 2439 264 749 2440 265 749 2441 243 750 2442 242 750 2443 257 750 2444 251 751 2445 250 751 2446 265 751 2447 243 752 2448 258 752 2449 259 752 2450 252 753 2451 251 753 2452 266 753 2453 264 754 2454 263 754 2455 279 754 2456 256 755 2457 272 755 2458 273 755 2459 265 756 2460 264 756 2461 280 756 2462 257 757 2463 273 757 2464 274 757 2465 266 758 2466 265 758 2467 281 758 2468 258 759 2469 274 759 2470 275 759 2471 267 760 2472 266 760 2473 282 760 2474 260 761 2475 259 761 2476 275 761 2477 268 762 2478 267 762 2479 283 762 2480 261 763 2481 260 763 2482 276 763 2483 261 764 2484 277 764 2485 278 764 2486 254 765 2487 270 765 2488 271 765 2489 262 766 2490 278 766 2491 279 766 2492 255 767 2493 271 767 2494 272 767 2495 284 768 2496 283 768 2497 298 768 2498 277 769 2499 276 769 2500 291 769 2501 277 770 2502 292 770 2503 293 770 2504 270 771 2505 285 771 2506 286 771 2507 278 772 2508 293 772 2509 294 772 2510 271 773 2511 286 773 2512 287 773 2513 280 774 2514 279 774 2515 294 774 2516 273 775 2517 272 775 2518 287 775 2519 280 776 2520 295 776 2521 296 776 2522 273 777 2523 288 777 2524 289 777 2525 281 778 2526 296 778 2527 297 778 2528 274 779 2529 289 779 2530 290 779 2531 282 780 2532 297 780 2533 298 780 2534 276 781 2535 275 781 2536 290 781 2537 295 782 2538 310 782 2539 311 782 2540 288 783 2541 303 783 2542 304 783 2543 297 784 2544 296 784 2545 311 784 2546 289 785 2547 304 785 2548 305 785 2549 298 786 2550 297 786 2551 312 786 2552 291 787 2553 290 787 2554 305 787 2555 299 788 2556 298 788 2557 313 788 2558 292 789 2559 291 789 2560 306 789 2561 292 790 2562 307 790 2563 308 790 2564 285 791 2565 300 791 2566 301 791 2567 293 792 2568 308 792 2569 309 792 2570 286 793 2571 301 793 2572 302 793 2573 295 794 2574 294 794 2575 309 794 2576 288 795 2577 287 795 2578 302 795 2579 307 796 2580 322 796 2581 323 796 2582 300 797 2583 315 797 2584 316 797 2585 308 798 2586 323 798 2587 324 798 2588 301 799 2589 316 799 2590 317 799 2591 310 800 2592 309 800 2593 324 800 2594 303 801 2595 302 801 2596 317 801 2597 310 802 2598 325 802 2599 326 802 2600 304 803 2601 303 803 2602 318 803 2603 311 804 2604 326 804 2605 327 804 2606 304 805 2607 319 805 2608 320 805 2609 313 806 2610 312 806 2611 327 806 2612 306 807 2613 305 807 2614 320 807 2615 314 808 2616 313 808 2617 328 808 2618 307 809 2619 306 809 2620 321 809 2621 319 810 2622 318 810 2623 333 810 2624 326 811 2625 341 811 2626 342 811 2627 319 812 2628 334 812 2629 335 812 2630 328 813 2631 327 813 2632 342 813 2633 321 814 2634 320 814 2635 335 814 2636 329 815 2637 328 815 2638 343 815 2639 322 816 2640 321 816 2641 336 816 2642 322 817 2643 337 817 2644 338 817 2645 315 818 2646 330 818 2647 331 818 2648 323 819 2649 338 819 2650 339 819 2651 316 820 2652 331 820 2653 332 820 2654 325 821 2655 324 821 2656 339 821 2657 318 822 2658 317 822 2659 332 822 2660 325 823 2661 340 823 2662 341 823 2663 337 824 2664 352 824 2665 353 824 2666 330 825 2667 345 825 2668 346 825 2669 338 826 2670 353 826 2671 354 826 2672 331 827 2673 346 827 2674 347 827 2675 340 828 2676 339 828 2677 354 828 2678 333 829 2679 332 829 2680 347 829 2681 340 830 2682 355 830 2683 356 830 2684 334 831 2685 333 831 2686 348 831 2687 341 832 2688 356 832 2689 357 832 2690 334 833 2691 349 833 2692 350 833 2693 343 834 2694 342 834 2695 357 834 2696 336 835 2697 335 835 2698 350 835 2699 344 836 2700 343 836 2701 358 836 2702 337 837 2703 336 837 2704 351 837 2705 356 838 2706 372 838 2707 373 838 2708 349 839 2709 365 839 2710 366 839 2711 357 840 2712 373 840 2713 374 840 2714 351 841 2715 350 841 2716 366 841 2717 358 842 2718 374 842 2719 375 842 2720 352 843 2721 351 843 2722 367 843 2723 352 844 2724 368 844 2725 369 844 2726 346 845 2727 345 845 2728 361 845 2729 353 846 2730 369 846 2731 370 846 2732 347 847 2733 346 847 2734 362 847 2735 355 848 2736 354 848 2737 370 848 2738 348 849 2739 347 849 2740 363 849 2741 355 850 2742 371 850 2743 372 850 2744 349 851 2745 348 851 2746 364 851 2747 362 852 2748 361 852 2749 376 852 2750 369 853 2751 384 853 2752 385 853 2753 362 854 2754 377 854 2755 378 854 2756 371 855 2757 370 855 2758 385 855 2759 364 856 2760 363 856 2761 378 856 2762 371 857 2763 386 857 2764 387 857 2765 365 858 2766 364 858 2767 379 858 2768 372 859 2769 387 859 2770 388 859 2771 365 860 2772 380 860 2773 381 860 2774 373 861 2775 388 861 2776 389 861 2777 367 862 2778 366 862 2779 381 862 2780 374 863 2781 389 863 2782 390 863 2783 368 864 2784 367 864 2785 382 864 2786 368 865 2787 383 865 2788 384 865 2789 380 866 2790 395 866 2791 396 866 2792 389 867 2793 388 867 2794 403 867 2795 382 868 2796 381 868 2797 396 868 2798 389 869 2799 404 869 2800 405 869 2801 382 870 2802 397 870 2803 398 870 2804 384 871 2805 383 871 2806 398 871 2807 376 872 2808 391 872 2809 392 872 2810 384 873 2811 399 873 2812 400 873 2813 377 874 2814 392 874 2815 393 874 2816 386 875 2817 385 875 2818 400 875 2819 379 876 2820 378 876 2821 393 876 2822 386 877 2823 401 877 2824 402 877 2825 380 878 2826 379 878 2827 394 878 2828 387 879 2829 402 879 2830 403 879 2831 399 880 2832 414 880 2833 415 880 2834 392 881 2835 407 881 2836 408 881 2837 401 882 2838 400 882 2839 415 882 2840 394 883 2841 393 883 2842 408 883 2843 401 884 2844 416 884 2845 417 884 2846 395 885 2847 394 885 2848 409 885 2849 402 886 2850 417 886 2851 418 886 2852 395 887 2853 410 887 2854 411 887 2855 403 888 2856 418 888 2857 419 888 2858 397 889 2859 396 889 2860 411 889 2861 404 890 2862 419 890 2863 420 890 2864 397 891 2865 412 891 2866 413 891 2867 399 892 2868 398 892 2869 413 892 2870 392 893 2871 391 893 2872 406 893 2873 419 894 2874 418 894 2875 433 894 2876 412 895 2877 411 895 2878 426 895 2879 419 896 2880 434 896 2881 435 896 2882 412 897 2883 427 897 2884 428 897 2885 414 898 2886 413 898 2887 428 898 2888 407 899 2889 406 899 2890 421 899 2891 414 900 2892 429 900 2893 430 900 2894 407 901 2895 422 901 2896 423 901 2897 416 902 2898 415 902 2899 430 902 2900 409 903 2901 408 903 2902 423 903 2903 416 904 2904 431 904 2905 432 904 2906 410 905 2907 409 905 2908 424 905 2909 417 906 2910 432 906 2911 433 906 2912 410 907 2913 425 907 2914 426 907 2915 431 908 2916 430 908 2917 445 908 2918 424 909 2919 423 909 2920 438 909 2921 432 910 2922 431 910 2923 446 910 2924 424 911 2925 439 911 2926 440 911 2927 432 912 2928 447 912 2929 448 912 2930 425 913 2931 440 913 2932 441 913 2933 434 914 2934 433 914 2935 448 914 2936 427 915 2937 426 915 2938 441 915 2939 434 916 2940 449 916 2941 450 916 2942 427 917 2943 442 917 2944 443 917 2945 429 918 2946 428 918 2947 443 918 2948 422 919 2949 421 919 2950 436 919 2951 429 920 2952 444 920 2953 445 920 2954 422 921 2955 437 921 2956 438 921 2957 449 922 2958 464 922 2959 465 922 2960 442 923 2961 457 923 2962 458 923 2963 444 924 2964 443 924 2965 458 924 2966 437 925 2967 436 925 2968 451 925 2969 444 926 2970 459 926 2971 460 926 2972 437 927 2973 452 927 2974 453 927 2975 446 928 2976 445 928 2977 460 928 2978 438 929 2979 453 929 2980 454 929 2981 447 930 2982 446 930 2983 461 930 2984 439 931 2985 454 931 2986 455 931 2987 448 932 2988 447 932 2989 462 932 2990 440 933 2991 455 933 2992 456 933 2993 449 934 2994 448 934 2995 463 934 2996 442 935 2997 441 935 2998 456 935 2999 454 936 3000 453 936 3001 468 936 3002 461 937 3003 476 937 3004 477 937 3005 454 938 3006 469 938 3007 470 938 3008 462 939 3009 477 939 3010 478 939 3011 455 940 3012 470 940 3013 471 940 3014 464 941 3015 463 941 3016 478 941 3017 457 942 3018 456 942 3019 471 942 3020 465 943 3021 464 943 3022 479 943 3023 457 944 3024 472 944 3025 473 944 3026 459 945 3027 458 945 3028 473 945 3029 451 946 3030 466 946 3031 467 946 3032 459 947 3033 474 947 3034 475 947 3035 452 948 3036 467 948 3037 468 948 3038 461 949 3039 460 949 3040 475 949 3041 472 950 3042 487 950 3043 488 950 3044 473 951 3045 488 951 3046 489 951 3047 466 952 3048 481 952 3049 482 952 3050 474 953 3051 489 953 3052 490 953 3053 467 954 3054 482 954 3055 483 954 3056 476 955 3057 475 955 3058 490 955 3059 468 956 3060 483 956 3061 484 956 3062 476 957 3063 491 957 3064 492 957 3065 470 958 3066 469 958 3067 484 958 3068 478 959 3069 477 959 3070 492 959 3071 470 960 3072 485 960 3073 486 960 3074 479 961 3075 478 961 3076 493 961 3077 472 962 3078 471 962 3079 486 962 3080 479 963 3081 494 963 3082 495 963 3083 491 964 3084 506 964 3085 507 964 3086 485 965 3087 484 965 3088 499 965 3089 493 966 3090 492 966 3091 507 966 3092 485 967 3093 500 967 3094 501 967 3095 494 968 3096 493 968 3097 508 968 3098 487 969 3099 486 969 3100 501 969 3101 495 970 3102 494 970 3103 509 970 3104 488 971 3105 487 971 3106 502 971 3107 488 972 3108 503 972 3109 504 972 3110 481 973 3111 496 973 3112 497 973 3113 489 974 3114 504 974 3115 505 974 3116 482 975 3117 497 975 3118 498 975 3119 491 976 3120 490 976 3121 505 976 3122 483 977 3123 498 977 3124 499 977 3125 504 978 3126 503 978 3127 518 978 3128 497 979 3129 496 979 3130 511 979 3131 504 980 3132 519 980 3133 520 980 3134 497 981 3135 512 981 3136 513 981 3137 506 982 3138 505 982 3139 520 982 3140 498 983 3141 513 983 3142 514 983 3143 506 984 3144 521 984 3145 522 984 3146 500 985 3147 499 985 3148 514 985 3149 508 986 3150 507 986 3151 522 986 3152 500 987 3153 515 987 3154 516 987 3155 509 988 3156 508 988 3157 523 988 3158 502 989 3159 501 989 3160 516 989 3161 509 990 3162 524 990 3163 525 990 3164 502 991 3165 517 991 3166 518 991 3167 515 992 3168 514 992 3169 529 992 3170 523 993 3171 522 993 3172 537 993 3173 515 994 3174 530 994 3175 531 994 3176 524 995 3177 523 995 3178 538 995 3179 517 996 3180 516 996 3181 531 996 3182 525 997 3183 524 997 3184 539 997 3185 517 998 3186 532 998 3187 533 998 3188 519 999 3189 518 999 3190 533 999 3191 511 1000 3192 526 1000 3193 527 1000 3194 519 1001 3195 534 1001 3196 535 1001 3197 512 1002 3198 527 1002 3199 528 1002 3200 521 1003 3201 520 1003 3202 535 1003 3203 513 1004 3204 528 1004 3205 529 1004 3206 521 1005 3207 536 1005 3208 537 1005 3209 533 1006 3210 71 1006 3211 72 1006 3212 527 1007 3213 526 1007 3214 64 1007 3215 534 1008 3216 72 1008 3217 541 1008 3218 528 1009 3219 527 1009 3220 65 1009 3221 536 1010 3222 535 1010 3223 541 1010 3224 529 1011 3225 528 1011 3226 66 1011 3227 536 1012 3228 542 1012 3229 543 1012 3230 530 1013 3231 529 1013 3232 67 1013 3233 537 1014 3234 543 1014 3235 73 1014 3236 531 1015 3237 530 1015 3238 68 1015 3239 538 1016 3240 73 1016 3241 544 1016 3242 532 1017 3243 531 1017 3244 69 1017 3245 539 1018 3246 544 1018 3247 545 1018 3248 533 1019 3249 532 1019 3250 70 1019 3251</p>
        </triangles>
      </mesh>
    </geometry>
  </library_geometries>
  <library_visual_scenes>
    <visual_scene id="Scene" name="Scene">
      <node id="Cylinder_014" name="Cylinder.014" type="NODE">
        <matrix sid="transform">0.005 0 -1.16415e-12 -0.3699999 -2.91038e-13 0 -0.02 -0.04999998 0 0.005 0 -0.01000001 0 0 0 1</matrix>
        <instance_geometry url="#Cylinder_016-mesh" name="Cylinder.014"/>
      </node>
    </visual_scene>
  </library_visual_scenes>
  <scene>
    <instance_visual_scene url="#Scene"/>
  </scene>
</COLLADA>