<?xml version="1.0" encoding="utf-8"?>
<COLLADA xmlns="http://www.collada.org/2005/11/COLLADASchema" version="1.4.1" xmlns:xsi="http://www.w3.org/2001/XMLSchema-instance">
  <asset>
    <contributor>
      <author>Blender User</author>
      <authoring_tool>Blender 4.5.10 LTS commit date:2026-05-18, commit time:13:28, hash:6dc0b208d1b5</authoring_tool>
    </contributor>
    <created>2026-06-17T00:45:47</created>
    <modified>2026-06-17T00:45:47</modified>
    <unit name="meter" meter="1"/>
    <up_axis>Z_UP</up_axis>
  </asset>
  <library_effects>
    <effect id="Material_009-effect">
      <profile_COMMON>
        <technique sid="common">
          <lambert>
            <emission>
              <color sid="emission">0 0 0 1</color>
            </emission>
            <diffuse>
              <color sid="diffuse">0.8 0.8 0.8 1</color>
            </diffuse>
            <index_of_refraction>
              <float sid="ior">1.45</float>
            </index_of_refraction>
          </lambert>
        </technique>
      </profile_COMMON>
    </effect>
  </library_effects>
  <library_images/>
  <library_materials>
    <material id="Material_009-material" name="Material.009">
      <instance_effect url="#Material_009-effect"/>
    </material>
  </library_materials>
  <library_geometries>
    <geometry id="Cube_025-mesh" name="Cube.025">
      <mesh>
        <source id="Cube_025-mesh-positions">
          <float_array id="Cube_025-mesh-positions-array" count="1824">-4.300001 -1 36.5 -4.300001 -1 38.5 -4.300001 1 36.5 -4.300001 1 38.5 -2.300001 -1 36.5 -2.300001 -1 38.5 -2.300001 1 36.5 -2.300001 1 38.5 -10.7 -0.8662779 38.51919 -10.7 -0.866003 40.51919 -10.7 0.8660031 38.4808 -10.7 0.866278 40.4808 -2.033333 -0.8662779 38.51919 -2.033333 -0.866003 40.51919 -2.033333 0.8660031 38.4808 -2.033333 0.866278 40.4808 -9.7 0.4566931 38.5 -4.366667 0.4566931 36.5 -4.366667 0.4566931 38.5 -9.7 0.4881891 38.5 -4.366667 0.4881891 38.5 -4.366667 0.4881891 36.5 -9.7 -0.4881889 38.5 -4.366667 -0.4881889 36.5 -4.366667 -0.4881889 38.5 -9.7 -0.4566928 38.5 -4.366667 -0.4566928 38.5 -4.366667 -0.4566928 36.5 -4.242266 -0.942265 36.55774 -4.242266 -0.942265 38.44226 -4.242266 0.9422652 36.55774 -4.242266 0.9422652 38.44226 -2.357735 -0.942265 36.55774 -2.357735 -0.942265 38.44226 -2.357735 0.9422652 36.55774 -2.357735 0.9422652 38.44226 -10.64215 -0.8079631 38.57623 -10.62979 -0.7947972 40.51919 -10.64238 0.8088603 38.53924 -10.6288 0.7960641 40.4808 -2.033333 -0.7947852 38.58911 -2.033333 -0.766003 40.51919 -2.033333 0.7960882 38.55231 -2.033333 0.766278 40.4808 -9.782874 0.4027851 38.51504 -4.319509 0.4006153 36.43194 -4.308931 0.3989582 38.55774 -9.782874 0.542097 38.51504 -4.308931 0.545924 38.55774 -4.319509 0.5442668 36.43194 -9.782874 -0.5420967 38.51504 -4.319509 -0.5442667 36.43194 -4.308931 -0.5459238 38.55774 -9.782874 -0.4027849 38.51504 -4.308931 -0.3989579 38.55774 -4.319509 -0.400615 36.43194 -1.966665 -1.196851 -59.5 -1.966665 -1.196851 65.70001 -1.966665 -1.007874 -59.5 -1.966665 -1.007874 65.70001 -4.633333 -1.196851 -59.5 -4.633333 -1.196851 65.70001 -4.633333 -1.007874 -59.5 -4.633333 -1.007874 65.70001 -4.299999 -1 -43.5 -4.299999 -1 -41.5 -4.299999 1 -43.5 -4.299999 1 -41.5 -2.299999 -1 -43.5 -2.299999 -1 -41.5 -2.299999 1 -43.5 -2.299999 1 -41.5 -10.7 -0.8662779 -41.4808 -10.7 -0.866003 -39.4808 -10.7 0.8660031 -41.51919 -10.7 0.866278 -39.51919 -2.033333 -0.8662779 -41.4808 -2.033333 -0.866003 -39.4808 -2.033333 0.8660031 -41.51919 -2.033333 0.866278 -39.51919 -9.7 0.4566931 -41.5 -4.366667 0.4566931 -43.5 -4.366667 0.4566931 -41.5 -9.7 0.4881891 -41.5 -4.366667 0.4881891 -41.5 -4.366667 0.4881891 -43.5 -9.7 -0.4881889 -41.5 -4.366667 -0.4881889 -43.5 -4.366667 -0.4881889 -41.5 -9.7 -0.4566928 -41.5 -4.366667 -0.4566928 -41.5 -4.366667 -0.4566928 -43.5 -4.242264 -0.942265 -43.44226 -4.242264 -0.942265 -41.55771 -4.242264 0.9422652 -43.44226 -4.242264 0.9422652 -41.55771 -2.357735 -0.942265 -43.44226 -2.357735 -0.942265 -41.55771 -2.357735 0.9422652 -43.44226 -2.357735 0.9422652 -41.55771 -10.64215 -0.8079631 -41.42377 -10.62979 -0.7947972 -39.4808 -10.64238 0.8088603 -41.46075 -10.6288 0.7960641 -39.51919 -2.033333 -0.7947852 -41.41089 -2.033333 -0.766003 -39.4808 -2.033333 0.7960883 -41.44769 -2.033333 0.766278 -39.51919 -9.782874 0.4027851 -41.48495 -4.319509 0.4006153 -43.56802 -4.308931 0.3989582 -41.44226 -9.782874 0.542097 -41.48495 -4.308931 0.545924 -41.44226 -4.319509 0.5442668 -43.56802 -9.782874 -0.5420967 -41.48495 -4.319509 -0.5442667 -43.56802 -4.308931 -0.5459238 -41.44226 -9.782874 -0.4027849 -41.48495 -4.308931 -0.3989579 -41.44226 -4.319509 -0.400615 -43.56802 -1.966665 1.007874 -59.1 -1.966665 1.007874 66.10001 -1.966665 1.196851 -59.1 -1.966665 1.196851 66.10001 -4.633333 1.007874 -59.1 -4.633333 1.007874 66.10001 -4.633333 1.196851 -59.1 -4.633333 1.196851 66.10001 -4.299999 -1 -23.5 -4.299999 -1 -21.5 -4.299999 1 -23.5 -4.299999 1 -21.5 -2.299999 -1 -23.5 -2.299999 -1 -21.5 -2.299999 1 -23.5 -2.299999 1 -21.5 -10.7 -0.8662779 -21.48081 -10.7 -0.866003 -19.48081 -10.7 0.8660031 -21.5192 -10.7 0.866278 -19.5192 -2.033333 -0.8662779 -21.48081 -2.033333 -0.866003 -19.48081 -2.033333 0.8660031 -21.5192 -2.033333 0.866278 -19.5192 -9.7 0.4566931 -21.5 -4.366667 0.4566931 -23.5 -4.366667 0.4566931 -21.5 -9.7 0.4881891 -21.5 -4.366667 0.4881891 -21.5 -4.366667 0.4881891 -23.5 -9.7 -0.4881889 -21.5 -4.366667 -0.4881889 -23.5 -4.366667 -0.4881889 -21.5 -9.7 -0.4566928 -21.5 -4.366667 -0.4566928 -21.5 -4.366667 -0.4566928 -23.5 -4.242264 -0.942265 -23.44226 -4.242264 -0.942265 -21.55774 -4.242264 0.9422652 -23.44226 -4.242264 0.9422652 -21.55774 -2.357735 -0.942265 -23.44226 -2.357735 -0.942265 -21.55774 -2.357735 0.9422652 -23.44226 -2.357735 0.9422652 -21.55774 -10.64215 -0.8079631 -21.42377 -10.62979 -0.7947972 -19.48081 -10.64238 0.8088603 -21.46076 -10.6288 0.7960641 -19.5192 -2.033333 -0.7947852 -21.41089 -2.033333 -0.766003 -19.48081 -2.033333 0.7960882 -21.44769 -2.033333 0.766278 -19.5192 -9.782874 0.4027851 -21.48496 -4.319509 0.4006153 -23.56805 -4.308931 0.3989582 -21.44226 -9.782874 0.542097 -21.48496 -4.308931 0.545924 -21.44226 -4.319509 0.5442668 -23.56805 -9.798396 -0.4881889 -21.48215 -4.30971 -0.4881889 -23.58218 -4.295958 -0.4881889 -21.42929 -9.782874 -0.4027849 -21.48496 -4.308931 -0.3989579 -21.44226 -4.319509 -0.400615 -23.56805 -4.559999 -1.133858 63.5 -4.559999 -1.259843 63.70001 -4.699999 -1.133858 63.70001 -4.559999 -1.172797 63.50979 -4.559999 -1.207898 63.53818 -4.60327 -1.133858 63.50979 -4.604418 -1.174054 63.52139 -4.60297 -1.206192 63.54819 -4.642275 -1.133858 63.53818 -4.640451 -1.172626 63.54834 -4.634075 -1.200519 63.56735 -4.60327 -1.253674 63.70001 -4.642275 -1.235791 63.70001 -4.559999 -1.253674 63.63818 -4.604668 -1.246369 63.63656 -4.640379 -1.229486 63.63864 -4.559999 -1.235791 63.58249 -4.603081 -1.229397 63.58508 -4.634075 -1.217433 63.59418 -4.693146 -1.133858 63.63818 -4.673271 -1.133858 63.58249 -4.693146 -1.172797 63.70001 -4.685026 -1.173829 63.6362 -4.666265 -1.172526 63.58517 -4.673271 -1.207898 63.70001 -4.666166 -1.206256 63.63846 -4.652872 -1.200519 63.59418 -4.559999 -1.259843 67.30002 -4.559999 -1.133858 67.5 -4.699999 -1.133858 67.30002 -4.559999 -1.253674 67.36182 -4.559999 -1.235791 67.41754 -4.60327 -1.253674 67.30002 -4.604418 -1.246369 67.3638 -4.60297 -1.229486 67.41483 -4.642275 -1.235791 67.30002 -4.640451 -1.229397 67.36154 -4.634075 -1.217433 67.40583 -4.60327 -1.133858 67.49021 -4.642275 -1.133858 67.46183 -4.559999 -1.172797 67.49021 -4.604668 -1.173829 67.47861 -4.640379 -1.172526 67.45182 -4.559999 -1.207898 67.46183 -4.603081 -1.206256 67.45169 -4.634075 -1.200519 67.43268 -4.693146 -1.172797 67.30002 -4.673271 -1.207898 67.30002 -4.693146 -1.133858 67.36182 -4.685026 -1.174054 67.36347 -4.666265 -1.206192 67.36139 -4.673271 -1.133858 67.41754 -4.666166 -1.172626 67.41495 -4.652872 -1.200519 67.40583 -4.559999 1.133858 63.5 -4.699999 1.133858 63.70001 -4.559999 1.259843 63.70001 -4.60327 1.133858 63.50979 -4.642275 1.133858 63.53818 -4.559999 1.172797 63.50979 -4.604668 1.173829 63.52139 -4.640379 1.172526 63.54819 -4.559999 1.207898 63.53818 -4.603081 1.206256 63.54834 -4.634075 1.200519 63.56735 -4.693146 1.172797 63.70001 -4.673271 1.207898 63.70001 -4.693146 1.133858 63.63818 -4.685026 1.174054 63.63656 -4.666265 1.206192 63.63864 -4.673271 1.133858 63.58249 -4.666166 1.172626 63.58508 -4.652872 1.200519 63.59418 -4.559999 1.253674 63.63818 -4.559999 1.235791 63.58249 -4.60327 1.253674 63.70001 -4.604418 1.246369 63.6362 -4.60297 1.229486 63.58517 -4.642275 1.235791 63.70001 -4.640451 1.229397 63.63846 -4.634075 1.217433 63.59418 -4.559999 1.133858 67.5 -4.559999 1.259843 67.30002 -4.699999 1.133858 67.30002 -4.559999 1.172797 67.49021 -4.559999 1.207898 67.46183 -4.60327 1.133858 67.49021 -4.604418 1.174054 67.47861 -4.60297 1.206192 67.45182 -4.642275 1.133858 67.46183 -4.640451 1.172626 67.45169 -4.634075 1.200519 67.43268 -4.60327 1.253674 67.30002 -4.642275 1.235791 67.30002 -4.559999 1.253674 67.36182 -4.604668 1.246369 67.36347 -4.640379 1.229486 67.36139 -4.559999 1.235791 67.41754 -4.603081 1.229397 67.41495 -4.634075 1.217433 67.40583 -4.693146 1.133858 67.36182 -4.673271 1.133858 67.41754 -4.693146 1.172797 67.30002 -4.685026 1.173829 67.3638 -4.666265 1.172526 67.41483 -4.673271 1.207898 67.30002 -4.666166 1.206256 67.36154 -4.652872 1.200519 67.40583 -2.039999 -1.133858 63.5 -1.9 -1.133858 63.70001 -2.039999 -1.259843 63.70001 -1.996729 -1.133858 63.50979 -1.957724 -1.133858 63.53818 -2.039999 -1.172797 63.50979 -1.995331 -1.173829 63.52139 -1.959619 -1.172526 63.54819 -2.039999 -1.207898 63.53818 -1.996918 -1.206256 63.54834 -1.965923 -1.200519 63.56735 -1.906855 -1.172797 63.70001 -1.926727 -1.207898 63.70001 -1.906855 -1.133858 63.63818 -1.914972 -1.174054 63.63656 -1.933733 -1.206192 63.63864 -1.926727 -1.133858 63.58249 -1.933832 -1.172626 63.58508 -1.947126 -1.200519 63.59418 -2.039999 -1.253674 63.63818 -2.039999 -1.235791 63.58249 -1.996729 -1.253674 63.70001 -1.995583 -1.246369 63.6362 -1.99703 -1.229486 63.58517 -1.957724 -1.235791 63.70001 -1.959547 -1.229397 63.63846 -1.965923 -1.217433 63.59418 -2.039999 -1.133858 67.5 -2.039999 -1.259843 67.30002 -1.9 -1.133858 67.30002 -2.039999 -1.172797 67.49021 -2.039999 -1.207898 67.46183 -1.996729 -1.133858 67.49021 -1.995583 -1.174054 67.47861 -1.99703 -1.206192 67.45182 -1.957724 -1.133858 67.46183 -1.959547 -1.172626 67.45169 -1.965923 -1.200519 67.43268 -1.996729 -1.253674 67.30002 -1.957724 -1.235791 67.30002 -2.039999 -1.253674 67.36182 -1.995331 -1.246369 67.36347 -1.959619 -1.229486 67.36139 -2.039999 -1.235791 67.41754 -1.996918 -1.229397 67.41495 -1.965923 -1.217433 67.40583 -1.906855 -1.133858 67.36182 -1.926727 -1.133858 67.41754 -1.906855 -1.172797 67.30002 -1.914972 -1.173829 67.3638 -1.933733 -1.172526 67.41483 -1.926727 -1.207898 67.30002 -1.933832 -1.206256 67.36154 -1.947126 -1.200519 67.40583 -2.039999 1.133858 63.5 -2.039999 1.259843 63.70001 -1.9 1.133858 63.70001 -2.039999 1.172797 63.50979 -2.039999 1.207898 63.53818 -1.996729 1.133858 63.50979 -1.995583 1.174054 63.52139 -1.99703 1.206192 63.54819 -1.957724 1.133858 63.53818 -1.959547 1.172626 63.54834 -1.965923 1.200519 63.56735 -1.996729 1.253674 63.70001 -1.957724 1.235791 63.70001 -2.039999 1.253674 63.63818 -1.995331 1.246369 63.63656 -1.959619 1.229486 63.63864 -2.039999 1.235791 63.58249 -1.996918 1.229397 63.58508 -1.965923 1.217433 63.59418 -1.906855 1.133858 63.63818 -1.926727 1.133858 63.58249 -1.906855 1.172797 63.70001 -1.914972 1.173829 63.6362 -1.933733 1.172526 63.58517 -1.926727 1.207898 63.70001 -1.933832 1.206256 63.63846 -1.947126 1.200519 63.59418 -2.039999 1.133858 67.5 -1.9 1.133858 67.30002 -2.039999 1.259843 67.30002 -1.996729 1.133858 67.49021 -1.957724 1.133858 67.46183 -2.039999 1.172797 67.49021 -1.995331 1.173829 67.47861 -1.959619 1.172526 67.45182 -2.039999 1.207898 67.46183 -1.996918 1.206256 67.45169 -1.965923 1.200519 67.43268 -1.906855 1.172797 67.30002 -1.926727 1.207898 67.30002 -1.906855 1.133858 67.36182 -1.914972 1.174054 67.36347 -1.933733 1.206192 67.36139 -1.926727 1.133858 67.41754 -1.933832 1.172626 67.41495 -1.947126 1.200519 67.40583 -2.039999 1.253674 67.36182 -2.039999 1.235791 67.41754 -1.996729 1.253674 67.30002 -1.995583 1.246369 67.3638 -1.99703 1.229486 67.41483 -1.957724 1.235791 67.30002 -1.959547 1.229397 67.36154 -1.965923 1.217433 67.40583 -4.299999 -1 -3.5 -4.299999 -1 -1.5 -4.299999 1 -3.5 -4.299999 1 -1.5 -2.299999 -1 -3.5 -2.299999 -1 -1.5 -2.299999 1 -3.5 -2.299999 1 -1.5 -10.7 -0.8662779 -1.480804 -10.7 -0.866003 0.5191956 -10.7 0.8660031 -1.519196 -10.7 0.866278 0.4808045 -2.033333 -0.8662779 -1.480804 -2.033333 -0.866003 0.5191956 -2.033333 0.8660031 -1.519196 -2.033333 0.866278 0.4808045 -9.7 0.4566931 -1.5 -4.366667 0.4566931 -3.5 -4.366667 0.4566931 -1.5 -9.7 0.4881891 -1.5 -4.366667 0.4881891 -1.5 -4.366667 0.4881891 -3.5 -9.7 -0.4881889 -1.5 -4.366667 -0.4881889 -3.5 -4.366667 -0.4881889 -1.5 -9.7 -0.4566928 -1.5 -4.366667 -0.4566928 -1.5 -4.366667 -0.4566928 -3.5 -4.242264 -0.942265 -3.442261 -4.242264 -0.942265 -1.557739 -4.242264 0.9422652 -3.442261 -4.242264 0.9422652 -1.557739 -2.357735 -0.942265 -3.442261 -2.357735 -0.942265 -1.557739 -2.357735 0.9422652 -3.442261 -2.357735 0.9422652 -1.557739 -10.64215 -0.8079631 -1.423767 -10.62979 -0.7947972 0.5191956 -10.64238 0.8088603 -1.460754 -10.6288 0.7960641 0.4808045 -2.033333 -0.7947852 -1.410889 -2.033333 -0.766003 0.5191956 -2.033333 0.7960882 -1.447693 -2.033333 0.766278 0.4808045 -9.782874 0.4027851 -1.484955 -4.319509 0.4006153 -3.568054 -4.308931 0.3989582 -1.442261 -9.782874 0.542097 -1.484955 -4.308931 0.545924 -1.442261 -4.319509 0.5442668 -3.568054 -9.782874 -0.5420967 -1.484955 -4.319509 -0.5442667 -3.568054 -4.308931 -0.5459238 -1.442261 -9.782874 -0.4027849 -1.484955 -4.308931 -0.3989579 -1.442261 -4.319509 -0.400615 -3.568054 -4.299999 -1 16.5 -4.299999 -1 18.5 -4.299999 1 16.5 -4.299999 1 18.5 -2.299999 -1 16.5 -2.299999 -1 18.5 -2.299999 1 16.5 -2.299999 1 18.5 -10.7 -0.8662779 18.5192 -10.7 -0.866003 20.5192 -10.7 0.8660031 18.48081 -10.7 0.866278 20.48081 -2.033333 -0.8662779 18.5192 -2.033333 -0.866003 20.5192 -2.033333 0.8660031 18.48081 -2.033333 0.866278 20.48081 -9.7 0.4566931 18.5 -4.366667 0.4566931 16.5 -4.366667 0.4566931 18.5 -9.7 0.4881891 18.5 -4.366667 0.4881891 18.5 -4.366667 0.4881891 16.5 -9.7 -0.4881889 18.5 -4.366667 -0.4881889 16.5 -4.366667 -0.4881889 18.5 -9.7 -0.4566928 18.5 -4.366667 -0.4566928 18.5 -4.366667 -0.4566928 16.5 -4.242264 -0.942265 16.55774 -4.242264 -0.942265 18.44226 -4.242264 0.9422652 16.55774 -4.242264 0.9422652 18.44226 -2.357735 -0.942265 16.55774 -2.357735 -0.942265 18.44226 -2.357735 0.9422652 16.55774 -2.357735 0.9422652 18.44226 -10.64215 -0.8079631 18.57623 -10.62979 -0.7947972 20.5192 -10.64238 0.8088603 18.53925 -10.6288 0.7960641 20.48081 -2.033333 -0.7947852 18.58911 -2.033333 -0.766003 20.5192 -2.033333 0.7960882 18.55231 -2.033333 0.766278 20.48081 -9.782874 0.4027851 18.51505 -4.319509 0.4006153 16.43195 -4.308931 0.3989582 18.55774 -9.782874 0.542097 18.51505 -4.308931 0.545924 18.55774 -4.319509 0.5442668 16.43195 -9.782874 -0.5420967 18.51505 -4.319509 -0.5442667 16.43195 -4.308931 -0.5459238 18.55774 -9.782874 -0.4027849 18.51505 -4.308931 -0.3989579 18.55774 -4.319509 -0.400615 16.43195 10.7 -0.7874016 -67.5 5.366669 -1.574803 -67.5 10.43897 -1.030722 -67.5 9.681424 -1.250225 -67.5 8.501523 -1.424423 -67.5 7.014759 -1.536265 -67.5 5.366669 -1.574803 -57.5 10.7 -0.7874016 -57.5 7.014759 -1.536265 -57.5 8.501523 -1.424423 -57.5 9.681424 -1.250225 -57.5 10.43897 -1.030722 -57.5 5.366669 1.574803 -67.5 10.7 0.7874017 -67.5 7.014759 1.536265 -67.5 8.501523 1.424423 -67.5 9.681424 1.250225 -67.5 10.43897 1.030722 -67.5 10.7 0.7874017 -57.5 5.366669 1.574803 -57.5 10.43897 1.030722 -57.5 9.681424 1.250225 -57.5 8.501523 1.424423 -57.5 7.014759 1.536265 -57.5 -5.299999 -1.574803 -67.5 -10.63333 -0.7874016 -67.5 -6.948091 -1.536265 -67.5 -8.434855 -1.424423 -67.5 -9.614757 -1.250225 -67.5 -10.3723 -1.030722 -67.5 -10.63333 -0.7874016 -57.5 -5.299999 -1.574803 -57.5 -10.3723 -1.030722 -57.5 -9.614757 -1.250225 -57.5 -8.434855 -1.424423 -57.5 -6.948091 -1.536265 -57.5 -10.63333 0.7874017 -67.5 -5.299999 1.574803 -67.5 -10.3723 1.030722 -67.5 -9.614757 1.250225 -67.5 -8.434855 1.424423 -67.5 -6.948091 1.536265 -67.5 -5.299999 1.574803 -57.5 -10.63333 0.7874017 -57.5 -6.948091 1.536265 -57.5 -8.434855 1.424423 -57.5 -9.614757 1.250225 -57.5 -10.3723 1.030722 -57.5 10.16833 -0.7812258 -67.5 5.324837 -1.496308 -67.5 9.931744 -1.006391 -67.5 9.249951 -1.203945 -67.5 8.188054 -1.360721 -67.5 6.849956 -1.461379 -67.5 5.336376 -1.517976 -57.67245 10.31509 -0.7829295 -57.67245 6.892944 -1.480914 -57.66836 8.26981 -1.377338 -57.66836 9.362504 -1.216015 -57.66836 10.06406 -1.012738 -57.66836 5.324837 1.496308 -67.5 10.16833 0.7812259 -67.5 6.849956 1.461379 -67.5 8.188054 1.360721 -67.5 9.249951 1.203945 -67.5 9.931744 1.006391 -67.5 10.31509 0.7829297 -57.67245 5.336376 1.517976 -57.67245 10.06406 1.012738 -57.66836 9.362504 1.216015 -57.66836 8.26981 1.377338 -57.66836 6.892944 1.480914 -57.66836 -5.258169 -1.496308 -67.5 -10.10166 -0.7812258 -67.5 -6.783291 -1.461379 -67.5 -8.121385 -1.360721 -67.5 -9.183282 -1.203945 -67.5 -9.865076 -1.006391 -67.5 -10.24843 -0.7829295 -57.67245 -5.269709 -1.517976 -57.67245 -9.997388 -1.012738 -57.66836 -9.295835 -1.216015 -57.66836 -8.203142 -1.377338 -57.66836 -6.826277 -1.480914 -57.66836 -10.10166 0.7812259 -67.5 -5.258169 1.496308 -67.5 -9.865076 1.006391 -67.5 -9.183282 1.203945 -67.5 -8.121385 1.360721 -67.5 -6.783291 1.461379 -67.5 -5.269709 1.517976 -57.67245 -10.24843 0.7829297 -57.67245 -6.826277 1.480914 -57.66836 -8.203142 1.377338 -57.66836 -9.295835 1.216015 -57.66836 -9.997388 1.012738 -57.66836</float_array>
          <technique_common>
            <accessor source="#Cube_025-mesh-positions-array" count="608" stride="3">
              <param name="X" type="float"/>
              <param name="Y" type="float"/>
              <param name="Z" type="float"/>
            </accessor>
          </technique_common>
        </source>
        <source id="Cube_025-mesh-normals">
          <float_array id="Cube_025-mesh-normals-array" count="3192">-1 0 0 0 1 0 1 0 0 0 -1 0 0 0 -1 0 0 1 -1 0 0 0 1 -1.37448e-4 0 -1 1.37448e-4 0 -0.02215671 -0.9997545 0 1 0 0 -1 0 0.3511235 0 0.9363291 -1 0 0 0 0 -1 0 1 0 0 -1 0 0.3511235 0 0.9363291 -1 0 0 0 0 -1 1 0 0 0 -1 0 -1 0 0 0 1 0 0 0 1 0 0 -1 0.9999795 -7.76793e-4 -0.006354808 -0.001473486 -0.9999773 -0.006580173 -0.003349125 0.9998832 -0.01491063 -0.001482844 0.0228703 0.9997374 -6.93073e-4 -0.9999995 -7.76085e-4 -6.93083e-4 0.9999995 -7.76113e-4 -0.3562669 0 -0.9343843 0.9999876 0 -0.004976034 -0.007799267 0 0.9999696 -6.93084e-4 -0.9999995 -7.76085e-4 -6.93073e-4 0.9999995 -7.76085e-4 -0.3562669 0 -0.9343843 0.9999876 0 -0.004976034 -0.007799267 0 0.9999696 0.02376961 0.02410358 0.9994269 0 0 1 1 0 0 1 0 0 1 0 0 0 0 1 -1 0 0 0 -1 0 1 0 0 0 1 0 0 0 1 0 0 -1 -1 0 0 0 1 0 1 0 0 0 -1 0 0 0 -1 0 0 1 -1 0 0 0 1 -1.37448e-4 0 -1 1.37448e-4 0 -0.02215671 -0.9997545 0 1 0 0 -1 0 0.3511235 0 0.9363291 -1 0 0 0 0 -1 0 1 0 0 -1 0 0.3511235 0 0.9363291 -1 0 0 0 0 -1 1 0 0 0 -1 0 -1 0 0 0 1 0 0 0 1 0 0 -1 0.9999795 -7.77381e-4 -0.006354331 -0.001473486 -0.9999773 -0.006580173 -0.003349125 0.9998832 -0.01491063 -0.001482844 0.0228703 0.9997374 -6.93073e-4 -0.9999995 -7.76096e-4 -6.93083e-4 0.9999995 -7.76124e-4 -0.3562623 0 -0.934386 0.9999876 0 -0.004976093 -0.007799267 0 0.9999696 -6.93084e-4 -0.9999995 -7.76096e-4 -6.93073e-4 0.9999995 -7.76096e-4 -0.3562623 0 -0.934386 0.9999876 0 -0.004976093 -0.007799267 0 0.9999696 0.02376961 0.02410358 0.9994269 0 0 1 1 0 0 1 0 0 1 0 0 0 0 1 -1 0 0 0 -1 0 1 0 0 0 1 0 0 0 1 0 0 -1 -1 0 0 0 1 0 1 0 0 0 -1 0 0 0 -1 0 0 1 -1 0 0 0 1 -1.37448e-4 0 -1 1.37448e-4 0 -0.02215671 -0.9997545 0 1 0 0 -1 0 0.3511235 0 0.9363291 -1 0 0 0 0 -1 0 -1 0 0.3511235 0 0.9363291 -1 0 0 0 0 -1 1 0 0 0 -1 0 -1 0 0 0 1 0 0 0 1 0 0 -1 0.9999795 -7.76793e-4 -0.006354808 -0.001473486 -0.9999773 -0.006580173 -0.003349125 0.9998832 -0.01491063 -0.001482844 0.0228703 0.9997374 -6.93073e-4 -0.9999995 -7.76085e-4 -6.93083e-4 0.9999995 -7.76113e-4 -0.3562669 0 -0.9343843 0.9999876 0 -0.004976034 -0.007799267 0 0.9999696 -6.93073e-4 0.9999995 -7.76085e-4 -0.3571392 0.03422248 -0.9334241 0.9936631 0.1122201 -0.006347179 -0.009599804 0.03459805 0.9993552 0.02376961 0.02410358 0.9994269 0 0 1 1 0 0 1 0 0 1 0 0 0 0 1 0 -1 0 0 -1 0 0 -1 0 0 -1 0 1 0 0 0 0 1 -1 0 0 0 1 0 -0.214446 -0.2383006 -0.94722 -0.1821218 -0.6182345 -0.764603 -0.1557707 -0.8359608 -0.5262178 -0.5750402 -0.2115763 -0.7902938 -0.5084505 -0.5648161 -0.6499699 -0.4348728 -0.7616695 -0.4803595 -0.1404473 -0.9851972 -0.09829062 -0.4148835 -0.9048967 -0.09504532 -0.6658071 -0.7398482 -0.0965687 -0.1431496 -0.9423143 -0.3025752 -0.4183187 -0.8587234 -0.2959791 -0.6413323 -0.712717 -0.2841253 -0.979047 -0.1723103 -0.1085178 -0.9277871 -0.1720377 -0.3310802 -0.8050214 -0.1849971 -0.5636636 -0.8656334 -0.4901337 -0.1022153 -0.812897 -0.4942491 -0.308085 -0.7095266 -0.4993804 -0.4971832 -0.6056693 -0.6730844 -0.4244078 -0.1404467 -0.9851924 0.09833866 -0.1415086 -0.9425873 0.3024972 -0.1559002 -0.8359013 0.5262737 -0.4148389 -0.9047994 0.09616005 -0.4223995 -0.8578799 0.2926102 -0.4342921 -0.7621957 0.48005 -0.214446 -0.2383013 0.9472198 -0.5753312 -0.2092788 0.7906937 -0.8050405 -0.1853468 0.5635214 -0.1841461 -0.6179962 0.7643108 -0.5084356 -0.5645821 0.6501848 -0.7091466 -0.4997 0.4974044 -0.9790414 -0.1723088 0.1085708 -0.8657336 -0.4901921 0.1010792 -0.6657903 -0.7398631 0.09657055 -0.9275527 -0.1738029 0.3308153 -0.8140527 -0.4899965 0.3118037 -0.6418615 -0.712136 0.2843874 -0.6057932 -0.6732222 0.4240123 -0.214446 0.2383013 -0.9472198 -0.5753312 0.2092788 -0.7906937 -0.8052315 0.1852903 -0.5632669 -0.1841461 0.6179962 -0.7643108 -0.5082762 0.5649931 -0.6499524 -0.7091988 0.4999979 -0.4970303 -0.9790471 0.1723098 -0.1085179 -0.8657336 0.4901921 -0.1010792 -0.6657903 0.7398631 -0.09657055 -0.9274576 0.174029 -0.3309626 -0.8141925 0.4897363 -0.3118477 -0.642076 0.7120016 -0.2842397 -0.1404473 0.9851972 -0.09829062 -0.1414943 0.942541 -0.3026481 -0.1555264 0.8357542 -0.5266181 -0.4148407 0.9048035 -0.09611445 -0.4223995 0.8578799 -0.2926102 -0.4343065 0.7619435 -0.4804371 -0.6056693 0.6730844 -0.4244078 -0.214446 0.2383006 0.94722 -0.1821218 0.6182345 0.764603 -0.1558233 0.8357902 0.5264729 -0.5750402 0.2115763 0.7902938 -0.5080485 0.5649575 0.6501613 -0.4346057 0.7615994 0.4807122 -0.1404467 0.9851924 0.09833866 -0.4148835 0.9048967 0.09504532 -0.6658704 0.7397917 0.09656488 -0.1429603 0.9423886 0.3024334 -0.4185601 0.8586154 0.295951 -0.6412968 0.7126775 0.2843047 -0.9790413 0.1723093 0.1085708 -0.9278414 0.1720568 0.3309183 -0.8051722 0.1854438 0.5633013 -0.865629 0.4901312 0.1022637 -0.812897 0.4942491 0.308085 -0.7097903 0.4993842 0.4968028 -0.6057932 0.6732222 0.4240123 0.214446 -0.2383013 -0.9472198 0.5753312 -0.2092788 -0.7906937 0.8052315 -0.1852903 -0.5632669 0.1841461 -0.6179962 -0.7643108 0.5082762 -0.5649931 -0.6499524 0.7091988 -0.4999979 -0.4970303 0.9790359 -0.1723558 -0.1085469 0.8657558 -0.4901576 -0.1010567 0.6657903 -0.7398631 -0.09657055 0.9274743 -0.1739894 -0.3309368 0.8141925 -0.4897363 -0.3118477 0.642076 -0.7120016 -0.2842397 0.1404473 -0.9851972 -0.09829062 0.1415002 -0.9425402 -0.3026478 0.1555333 -0.8357569 -0.5266117 0.4148402 -0.9048024 -0.09612673 0.4223814 -0.8578888 -0.2926101 0.4342849 -0.7619524 -0.4804427 0.6056693 -0.6730844 -0.4244078 0.214446 -0.2383006 0.94722 0.1821294 -0.6182336 0.7646019 0.1558301 -0.8357893 0.5264724 0.5750368 -0.2116023 0.7902892 0.5080289 -0.5649644 0.6501706 0.4345905 -0.7615954 0.4807322 0.1404467 -0.9851924 0.09833866 0.4148835 -0.9048967 0.09504532 0.6658704 -0.7397917 0.09656488 0.1429603 -0.9423886 0.3024334 0.4185601 -0.8586154 0.295951 0.6412968 -0.7126775 0.2843047 0.97903 -0.1723553 0.1085998 0.9278579 -0.1720172 0.3308924 0.8051722 -0.1854438 0.5633013 0.8656511 -0.4900967 0.1022412 0.812897 -0.4942491 0.308085 0.7097903 -0.4993842 0.4968028 0.6057932 -0.6732222 0.4240123 0.214446 0.2383006 -0.94722 0.1821294 0.6182336 -0.7646019 0.1557774 0.8359598 -0.5262171 0.5750368 0.2116023 -0.7902892 0.5084308 0.564823 -0.6499793 0.4348577 0.7616655 -0.4803795 0.1404473 0.9851972 -0.09829062 0.4148835 0.9048967 -0.09504532 0.6658071 0.7398482 -0.0965687 0.1431496 0.9423143 -0.3025752 0.4183187 0.8587234 -0.2959791 0.6413323 0.712717 -0.2841253 0.9790357 0.1723563 -0.1085468 0.9278037 0.1719981 -0.3310543 0.8050214 0.1849971 -0.5636636 0.8656555 0.4900991 -0.1021928 0.812897 0.4942491 -0.308085 0.7095266 0.4993804 -0.4971832 0.6056693 0.6730844 -0.4244078 0.214446 0.2383013 0.9472198 0.5753312 0.2092788 0.7906937 0.8050405 0.1853468 0.5635214 0.1841461 0.6179962 0.7643108 0.5084356 0.5645821 0.6501848 0.7091466 0.4997 0.4974044 0.9790301 0.1723548 0.1085998 0.8657558 0.4901576 0.1010567 0.6657903 0.7398631 0.09657055 0.9275692 0.1737633 0.3307894 0.8140527 0.4899965 0.3118037 0.6418615 0.712136 0.2843874 0.1404467 0.9851924 0.09833866 0.1415145 0.9425864 0.3024969 0.1559072 0.8359041 0.5262673 0.4148384 0.9047983 0.09617233 0.4223814 0.8578888 0.2926101 0.4342706 0.7622045 0.4800556 0.6057932 0.6732222 0.4240123 -0.2208071 0 -0.9753175 -0.5883598 0 -0.8085993 -0.8194208 0 -0.5731925 -0.9418295 0 -0.3360912 -0.9939132 0 -0.1101657 -0.1411308 -0.989991 0 -0.4167703 -0.9090119 0 -0.6689167 -0.7433373 0 -0.8701911 -0.4927143 0 -0.9848631 -0.173334 0 -0.2208071 0 0.9753175 -0.5883598 0 0.8085993 -0.8192352 0 0.5734576 -0.9418877 0 0.3359279 -0.9939073 0 0.1102194 -0.1411308 0.989991 0 -0.4167703 0.9090119 0 -0.6689167 0.7433373 0 -0.8701911 0.4927143 0 -0.9848631 0.173334 0 0 0.2439765 -0.9697812 0 0.6287497 -0.7776077 0 0.8462913 -0.5327206 0 0.9521202 -0.3057239 0 0.9950601 -0.09927463 0 0.2439765 0.9697812 0 0.6287497 0.7776077 0 0.8461257 0.5329834 0 0.952169 0.3055721 0 0.9950553 0.09932315 0.9848549 0.1733802 0 0.8702107 0.4926798 0 0.6689167 0.7433373 0 0.4167703 0.9090119 0 0.1411308 0.989991 0 0.2208071 0 -0.9753175 0.5883598 0 -0.8085993 0.8194208 0 -0.5731925 0.9418397 0 -0.3360626 0.9939099 0 -0.1101959 0.2208071 0 0.9753175 0.5883598 0 0.8085993 0.8192352 0 0.5734576 0.9418979 0 0.3358993 0.9939039 0 0.1102497 0.1411308 -0.989991 0 0.4167703 -0.9090119 0 0.6689167 -0.7433373 0 0.8702114 -0.4926785 0 0.9848549 -0.1733807 0 0 -0.2439765 -0.9697812 0 -0.6287497 -0.7776077 0 -0.8462913 -0.5327206 0 -0.9521202 -0.3057239 0 -0.9950601 -0.09927463 0 -0.2439765 0.9697812 0 -0.6287497 0.7776077 0 -0.8461257 0.5329834 0 -0.952169 0.3055721 0 -0.9950553 0.09932315 0 0 -1 -1 0 0 0 1 0 1 0 0 0 -1 0 0 0 -1 0 0 1 -1 0 0 0 1 -1.37448e-4 0 -1 1.37448e-4 0 -0.02215671 -0.9997545 0 1 0 0 -1 0 0.3511235 0 0.9363291 -1 0 0 0 0 -1 0 1 0 0 -1 0 0.3511235 0 0.9363291 -1 0 0 0 0 -1 1 0 0 0 -1 0 -1 0 0 0 1 0 0 0 1 0 0 -1 0.9999795 -7.76793e-4 -0.006354808 -0.001473486 -0.9999773 -0.006580173 -0.003349125 0.9998832 -0.01491063 -0.001482844 0.0228703 0.9997374 -6.93073e-4 -0.9999995 -7.76085e-4 -6.93083e-4 0.9999995 -7.76113e-4 -0.3562669 0 -0.9343843 0.9999876 0 -0.004976034 -0.007799267 0 0.9999696 -6.93084e-4 -0.9999995 -7.76085e-4 -6.93073e-4 0.9999995 -7.76085e-4 -0.3562669 0 -0.9343843 0.9999876 0 -0.004976034 -0.007799267 0 0.9999696 0.02376961 0.02410358 0.9994269 0 0 1 1 0 0 1 0 0 1 0 0 0 0 1 -1 0 0 0 1 0 1 0 0 0 -1 0 0 0 -1 0 0 1 -1 0 0 0 1 -1.37448e-4 0 -1 1.37448e-4 0 -0.02215671 -0.9997545 0 1 0 0 -1 0 0.3511235 0 0.9363291 -1 0 0 0 0 -1 0 1 0 0 -1 0 0.3511235 0 0.9363291 -1 0 0 0 0 -1 1 0 0 0 -1 0 -1 0 0 0 1 0 0 0 1 0 0 -1 0.9999795 -7.76793e-4 -0.006354808 -0.001473486 -0.9999773 -0.006580173 -0.003349125 0.9998832 -0.01491063 -0.001482844 0.0228703 0.9997374 -6.93073e-4 -0.9999995 -7.76085e-4 -6.93083e-4 0.9999995 -7.76113e-4 -0.3562669 0 -0.9343843 0.9999876 0 -0.004976034 -0.007799267 0 0.9999696 -6.93084e-4 -0.9999995 -7.76085e-4 -6.93073e-4 0.9999995 -7.76085e-4 -0.3562669 0 -0.9343843 0.9999876 0 -0.004976034 -0.007799267 0 0.9999696 0.02376961 0.02410358 0.9994269 0 0 1 1 0 0 1 0 0 1 0 0 0 0 1 0 -1 0 0 0 1 0 1 0 1 0 0 0.6818544 0.7314879 0 0.2783075 0.960492 0 0.1460547 0.9892765 0 0.07501333 0.9971826 0 0.02337712 0.9997267 0 0.02337712 -0.9997267 0 0.07501333 -0.9971826 0 0.1460547 -0.9892765 0 0.2783075 -0.960492 0 0.6818546 -0.7314878 0 -1 0 0 -0.02337712 -0.9997267 0 -0.07501327 -0.9971826 0 -0.1460546 -0.9892765 0 -0.2783078 -0.9604919 0 -0.6818546 -0.7314878 0 -0.02337712 0.9997267 0 -0.07501327 0.9971826 0 -0.1460546 0.9892765 0 -0.2783078 0.9604919 0 -0.6818544 0.7314879 0 0 0.9999976 0.002204835 -0.004292786 0 -0.9999908 0 -0.9999976 0.002204835 -0.9998885 0 0.01493251 -0.6751043 -0.7376517 0.01021003 -0.2783032 -0.9604833 0.004365324 -0.1460539 -0.9892724 0.002886533 -0.07501363 -0.9971799 0.002309143 -0.02380925 -0.9997144 0.002090394 -0.02289623 0.9997354 0.002231121 -0.07501292 0.9971799 0.002309262 -0.146054 0.9892724 0.002886533 -0.2783052 0.9604828 0.004365205 -0.6893779 0.7243363 0.009745121 0.9998885 0 0.01493245 0.02289623 0.9997354 0.002231121 0.0750131 0.9971799 0.002309203 0.146054 0.9892724 0.002886533 0.2783052 0.9604828 0.004365205 0.6893764 0.7243378 0.009745061 0.02289623 -0.9997354 0.002231121 0.07501304 -0.9971799 0.002309203 0.146054 -0.9892724 0.002886533 0.2783052 -0.9604828 0.004365205 0.6893762 -0.7243379 0.009745061 0 0 -1 0 0 -1 0 0 -1 0 0 -1 0 0 -1 0 0 -1 0 0 -1 0 0 -1 0 0 -1 0 0 -1 0 0 -1 0 0 -1 0 0 -1 0 0 -1 0 0 -1 0 0 -1 0 0 -1 0 0 -1 0 0 -1 0 0 -1 0 0 -1 0 0 -1 0 0 -1 0 0 -1 -1 0 0 0 1 0 1 0 0 0 -1 0 0 0 -1 0 0 1 -1 0 0 0 1 -1.37448e-4 0 -1 1.37448e-4 0 -0.02215671 -0.9997545 0.3511235 0 0.9363291 -1 0 0 0 0 -1 0.3511235 0 0.9363291 -1 0 0 0 0 -1 1 0 0 0 -1 0 -1 0 0 0 1 0 0 0 1 0 0 -1 0.9999756 -1.66921e-5 -0.006994962 -0.003464877 -0.9998746 -0.01545578 -0.001520574 0.9999759 -0.006766319 -0.001530945 0.02312833 0.9997313 -0.3562669 0 -0.9343843 0.9999876 0 -0.004976034 -0.007799267 0 0.9999696 -0.3562668 0 -0.9343842 0.9999876 0 -0.004976034 -0.007799267 0 0.9999696 -0.02246576 0.02215111 0.9995022 0 0 1 1 0 0 1 0 0 1 0 0 0 0 1 -1 0 0 0 -1 0 1 0 0 0 1 0 0 0 1 0 0 -1 -1 0 0 0 1 0 1 0 0 0 -1 0 0 0 -1 0 0 1 -1 0 0 0 1 -1.37448e-4 0 -1 1.37448e-4 0 -0.02215671 -0.9997545 0.3511235 0 0.9363291 -1 0 0 0 0 -1 0.3511235 0 0.9363291 -1 0 0 0 0 -1 1 0 0 0 -1 0 -1 0 0 0 1 0 0 0 1 0 0 -1 0.9999756 -1.66921e-5 -0.006994962 -0.003464877 -0.9998746 -0.01545578 -0.001520574 0.9999759 -0.006766378 -0.001530945 0.02312833 0.9997313 -0.3562623 0 -0.934386 0.9999876 0 -0.004976093 -0.007799267 0 0.9999696 -0.3562623 0 -0.934386 0.9999876 0 -0.004976093 -0.007799267 0 0.9999696 -0.02246606 0.02215111 0.9995022 0 0 1 1 0 0 1 0 0 1 0 0 0 0 1 -1 0 0 0 -1 0 1 0 0 0 1 0 0 0 1 0 0 -1 -1 0 0 0 1 0 1 0 0 0 -1 0 0 0 -1 0 0 1 -1 0 0 0 1 -1.37448e-4 0 -1 1.37448e-4 0 -0.02215671 -0.9997545 0.3511235 0 0.9363291 -1 0 0 0 0 -1 0.3511235 0 0.9363291 -1 0 0 0 0 -1 1 0 0 0 -1 0 -1 0 0 0 1 0 0 0 1 0 0 -1 0.9999756 -1.66921e-5 -0.006994962 -0.003464877 -0.9998746 -0.01545578 -0.001520574 0.9999759 -0.006766319 -0.001530945 0.02312833 0.9997313 -0.3562669 0 -0.9343843 0.9999876 0 -0.004976034 -0.007799267 0 0.9999696 -0.3541349 0.1102085 -0.9286779 0.9896861 0.1431639 -0.005036354 -0.007819175 0.1427234 0.9897317 -0.02246576 0.02215111 0.9995022 0 0 1 1 0 0 1 0 0 1 0 0 0 0 1 0 -1 0 0 -1 0 0 -1 0 0 -1 0 1 0 0 0 0 1 -1 0 0 0 1 0 -0.2367355 -0.2630696 -0.9352811 -0.1994138 -0.632795 -0.748201 -0.1557442 -0.8359504 -0.526242 -0.5885691 -0.2307852 -0.7748062 -0.5057939 -0.5618285 -0.6546154 -0.4349368 -0.7616863 -0.4802749 -0.1565587 -0.9815726 -0.109566 -0.4300181 -0.8966476 -0.1053916 -0.6657895 -0.7398623 -0.09658223 -0.1578391 -0.9363635 -0.3135448 -0.4225508 -0.857859 -0.2924529 -0.640499 -0.7132376 -0.2846986 -0.9739582 -0.1918512 -0.1208243 -0.9198029 -0.1904708 -0.3430504 -0.8051966 -0.1855163 -0.5632425 -0.8555465 -0.5054149 -0.1122318 -0.8141393 -0.4898269 -0.3118442 -0.7096909 -0.5003226 -0.496 -0.1565344 -0.9815723 0.1096031 -0.157218 -0.9362378 0.3142315 -0.1556699 -0.8358107 0.5264859 -0.4291301 -0.8970091 0.1059345 -0.4184052 -0.8586807 0.2959806 -0.4350059 -0.7623814 0.4791077 -0.2367359 -0.2630708 0.9352806 -0.5894935 -0.2293972 0.7745155 -0.8050054 -0.185242 0.5636059 -0.2002249 -0.6315513 0.7490347 -0.5056863 -0.5615591 0.6549295 -0.7092801 -0.5004631 0.4964458 -0.9739683 -0.1917873 0.1208441 -0.855056 -0.5063653 0.1116846 -0.6657245 -0.7399157 0.09662169 -0.9198755 -0.1914855 0.34229 -0.8128038 -0.4943839 0.3081146 -0.6411884 -0.7125571 0.2848508 -0.2367359 0.2630708 -0.9352806 -0.5894935 0.2293972 -0.7745155 -0.8052216 0.1852606 -0.5632909 -0.200668 0.6319205 -0.7486046 -0.5055773 0.5620297 -0.6546099 -0.7092086 0.5000537 -0.4969604 -0.9739513 0.1918758 -0.1208402 -0.855056 0.5063653 -0.1116846 -0.6657907 0.7398628 -0.09657025 -0.9198755 0.1914855 -0.34229 -0.8128627 0.4944059 -0.3079236 -0.6411884 0.7125571 -0.2848508 -0.1565375 0.9815775 -0.1095511 -0.1570003 0.9362725 -0.3142368 -0.1559801 0.8359328 -0.5262001 -0.4291298 0.8970153 -0.1058826 -0.4184052 0.8586807 -0.2959806 -0.4351204 0.7621562 -0.4793623 -0.2367355 0.2630696 0.9352811 -0.1994138 0.632795 0.748201 -0.1557341 0.8357554 0.5265548 -0.5882104 0.2302696 0.7752318 -0.5053384 0.561914 0.6548936 -0.4353039 0.7617824 0.4797896 -0.1564856 0.9815839 0.1095689 -0.4300181 0.8966476 0.1053916 -0.6657865 0.7398588 0.09662967 -0.1578391 0.9363635 0.3135448 -0.4225355 0.8578039 0.2926367 -0.6406788 0.7130635 0.28473 -0.9739519 0.1918471 0.1208814 -0.9197531 0.1907317 0.3430388 -0.8050715 0.1851456 0.5635432 -0.8555395 0.5054146 0.1122867 -0.8141393 0.4898269 0.3118442 -0.7099344 0.5002149 0.4957602 0.2367359 -0.2630708 -0.9352806 0.5894935 -0.2293972 -0.7745155 0.8052216 -0.1852606 -0.5632909 0.200668 -0.6319205 -0.7486046 0.5055773 -0.5620297 -0.6546099 0.7092086 -0.5000537 -0.4969604 0.9739632 -0.191833 -0.1208133 0.855056 -0.5063653 -0.1116846 0.6657907 -0.7398628 -0.09657025 0.9198755 -0.1914855 -0.34229 0.8128627 -0.4944059 -0.3079236 0.6411884 -0.7125571 -0.2848508 0.1565439 -0.9815761 -0.1095556 0.1570071 -0.9362714 -0.3142366 0.1559801 -0.8359328 -0.5262001 0.4291113 -0.8970242 -0.105883 0.418384 -0.8586902 -0.2959831 0.4351139 -0.762169 -0.4793478 0.2367441 -0.2630792 0.9352762 0.1994222 -0.6327941 0.7481994 0.1557339 -0.8357517 0.5265606 0.5881903 -0.2302725 0.7752463 0.5053165 -0.5619181 0.654907 0.4353039 -0.7617824 0.4797896 0.1564856 -0.9815839 0.1095689 0.4300181 -0.8966476 0.1053916 0.6657865 -0.7398588 0.09662967 0.1578391 -0.9363635 0.3135448 0.4225355 -0.8578039 0.2926367 0.6406788 -0.7130635 0.28473 0.9739637 -0.1918044 0.1208545 0.9197531 -0.1907317 0.3430388 0.8050715 -0.1851456 0.5635432 0.8555395 -0.5054146 0.1122867 0.8141393 -0.4898269 0.3118442 0.7099344 -0.5002149 0.4957602 0.2367441 0.2630792 -0.9352762 0.1994222 0.6327941 -0.7481994 0.155744 0.8359469 -0.5262477 0.5885489 0.2307881 -0.7748207 0.505772 0.5618327 -0.6546288 0.4349368 0.7616863 -0.4802749 0.1565587 0.9815726 -0.109566 0.4300181 0.8966476 -0.1053916 0.6657895 0.7398623 -0.09658223 0.1578391 0.9363635 -0.3135448 0.4225508 0.857859 -0.2924529 0.640499 0.7132376 -0.2846986 0.9739699 0.1918085 -0.1207974 0.9198029 0.1904708 -0.3430504 0.8051966 0.1855163 -0.5632425 0.8555465 0.5054149 -0.1122318 0.8141393 0.4898269 -0.3118442 0.7096909 0.5003226 -0.496 0.2367359 0.2630708 0.9352806 0.5894935 0.2293972 0.7745155 0.8050054 0.185242 0.5636059 0.2002249 0.6315513 0.7490347 0.5056863 0.5615591 0.6549295 0.7092801 0.5004631 0.4964458 0.9739801 0.1917446 0.1208172 0.855056 0.5063653 0.1116846 0.6657245 0.7399157 0.09662169 0.9198755 0.1914855 0.34229 0.8128038 0.4943839 0.3081146 0.6411884 0.7125571 0.2848508 0.1565406 0.9815708 0.1096075 0.1572248 0.9362367 0.3142313 0.1556699 0.8358107 0.5264859 0.4291115 0.8970179 0.1059348 0.418384 0.8586902 0.2959831 0.4349995 0.7623943 0.4790934 -0.2208071 0 -0.9753175 -0.5883598 0 -0.8085993 -0.8194208 0 -0.5731925 -0.9418295 0 -0.3360912 -0.9939132 0 -0.1101657 -0.1411308 -0.989991 0 -0.4167703 -0.9090119 0 -0.6689167 -0.7433373 0 -0.8701905 -0.4927157 0 -0.9848632 -0.1733334 0 -0.2208071 0 0.9753175 -0.5883598 0 0.8085993 -0.8192352 0 0.5734576 -0.9418877 0 0.3359279 -0.9939073 0 0.1102194 -0.1411308 0.989991 0 -0.4167703 0.9090119 0 -0.6689167 0.7433373 0 -0.8701905 0.4927157 0 -0.9848632 0.1733334 0 0 0.2439772 -0.969781 0 0.6287484 -0.7776088 0 0.8462913 -0.5327206 0 0.9521202 -0.3057239 0 0.9950601 -0.09927463 0 0.2439772 0.969781 0 0.6287484 0.7776088 0 0.8461257 0.5329834 0 0.952169 0.3055721 0 0.9950553 0.09932315 0.9848549 0.1733807 0 0.8702114 0.4926785 0 0.6689167 0.7433373 0 0.4167703 0.9090119 0 0.1411308 0.989991 0 0.2208071 0 -0.9753175 0.5883598 0 -0.8085993 0.8194208 0 -0.5731925 0.9418397 0 -0.3360626 0.9939099 0 -0.1101959 0.2208071 0 0.9753175 0.5883598 0 0.8085993 0.8192352 0 0.5734576 0.9418979 0 0.3358993 0.9939039 0 0.1102497 0.1411308 -0.989991 0 0.4167703 -0.9090119 0 0.6689167 -0.7433373 0 0.8702107 -0.4926798 0 0.9848549 -0.1733802 0 0 -0.2439772 -0.969781 0 -0.6287484 -0.7776088 0 -0.8462913 -0.5327206 0 -0.9521202 -0.3057239 0 -0.9950601 -0.09927463 0 -0.2439772 0.969781 0 -0.6287484 0.7776088 0 -0.8461257 0.5329834 0 -0.952169 0.3055721 0 -0.9950553 0.09932315 0 0 -1 -1 0 0 0 1 0 1 0 0 0 -1 0 0 0 -1 0 0 1 -1 0 0 0 1 -1.37448e-4 0 -1 1.37448e-4 0 -0.02215671 -0.9997545 0.3511235 0 0.9363291 -1 0 0 0 0 -1 0.3511235 0 0.9363291 -1 0 0 0 0 -1 1 0 0 0 -1 0 -1 0 0 0 1 0 0 0 1 0 0 -1 0.9999756 -1.66921e-5 -0.006994962 -0.003464877 -0.9998746 -0.01545578 -0.001520574 0.9999759 -0.006766319 -0.001530945 0.02312833 0.9997313 -0.3562669 0 -0.9343843 0.9999876 0 -0.004976034 -0.007799267 0 0.9999696 -0.3562668 0 -0.9343842 0.9999876 0 -0.004976034 -0.007799267 0 0.9999696 -0.02246576 0.02215111 0.9995022 0 0 1 1 0 0 1 0 0 1 0 0 0 0 1 -1 0 0 0 1 0 1 0 0 0 -1 0 0 0 -1 0 0 1 -1 0 0 0 1 -1.37448e-4 0 -1 1.37448e-4 0 -0.02215671 -0.9997545 0.3511235 0 0.9363291 -1 0 0 0 0 -1 0.3511235 0 0.9363291 -1 0 0 0 0 -1 1 0 0 0 -1 0 -1 0 0 0 1 0 0 0 1 0 0 -1 0.9999756 -1.66921e-5 -0.006994962 -0.003464877 -0.9998746 -0.01545578 -0.001520574 0.9999759 -0.006766319 -0.001530945 0.02312833 0.9997313 -0.3562669 0 -0.9343843 0.9999876 0 -0.004976034 -0.007799267 0 0.9999696 -0.3562668 0 -0.9343842 0.9999876 0 -0.004976034 -0.007799267 0 0.9999696 -0.02246576 0.02215111 0.9995022 0 0 1 1 0 0 1 0 0 1 0 0 0 0 1 0 -1 0 0 0 1 0 0 1 0 0 1 0 0 1 0 0 1 0 0 1 0 0 1 0 0 1 0 0 1 0 0 1 0 0 1 0 0 1 0 0 1 0 0 1 0 0 1 0 0 1 0 0 1 0 0 1 0 0 1 0 0 1 0 0 1 0 1 0 1 0 0 0.6818544 0.7314879 0 0.2783075 0.960492 0 0.1460547 0.9892765 0 0.07501333 0.9971826 0 0.02337712 0.9997267 0 0.02337712 -0.9997267 0 0.07501333 -0.9971826 0 0.1460547 -0.9892765 0 0.2783075 -0.960492 0 0.6818546 -0.7314878 0 -1 0 0 -0.02337712 -0.9997267 0 -0.07501327 -0.9971826 0 -0.1460546 -0.9892765 0 -0.2783078 -0.9604919 0 -0.6818546 -0.7314878 0 -0.02337712 0.9997267 0 -0.07501327 0.9971826 0 -0.1460546 0.9892765 0 -0.2783078 0.9604919 0 -0.6818544 0.7314879 0 0 0.9999976 0.002204835 0.00754106 0.02602577 -0.9996328 -0.004292786 0 -0.9999908 0.00754106 -0.02602577 -0.9996328 0 0 -1 0 0 -1 0.002627134 0 -0.9999966 0 0 -1 -0.002627134 0 -0.9999966 0 0 -1 0 0 -1 -0.00754106 -0.02602577 -0.9996328 0.004292786 0 -0.9999908 0.004292786 0 -0.9999908 -0.00754106 0.02602577 -0.9996328 0 0 -1 0 0 -1 -0.002627134 0 -0.9999966 0 0 -1 0.002627134 0 -0.9999966 0 0 -1 0 0 -1 0 -0.9999976 0.002204835 -0.9998885 0 0.01493251 -0.6893777 -0.7243365 0.009745061 -0.2783052 -0.9604828 0.004365205 -0.146054 -0.9892724 0.002886533 -0.07501292 -0.9971799 0.002309262 -0.02289623 -0.9997354 0.002231121 -0.02380925 0.9997144 0.002090394 -0.07501363 0.9971799 0.002309143 -0.1460539 0.9892724 0.002886533 -0.2783032 0.9604833 0.004365324 -0.6751046 0.7376515 0.01021003 0.9998885 0 0.01493245 0.02380925 0.9997144 0.002090394 0.07501369 0.9971799 0.002309143 0.1460539 0.9892724 0.002886533 0.2783032 0.9604833 0.004365324 0.6751046 0.7376515 0.01020997 0.02380925 -0.9997144 0.002090394 0.07501369 -0.9971799 0.002309143 0.1460539 -0.9892724 0.002886533 0.2783032 -0.9604833 0.004365324 0.6751043 -0.7376516 0.01020997 0 0 -1 0 0 -1 0 0 -1 0 0 -1 0 0 -1 0 0 -1 0 0 -1 0 0 -1 0 0 -1 0 0 -1 0 0 -1 0 0 -1 0 0 -1 0 0 -1 0 0 -1 0 0 -1 0 0 -1 0 0 -1 0 0 -1 0 0 -1 0 0 -1 0 0 -1 0 0 -1 0 0 -1</float_array>
          <technique_common>
            <accessor source="#Cube_025-mesh-normals-array" count="1064" stride="3">
              <param name="X" type="float"/>
              <param name="Y" type="float"/>
              <param name="Z" type="float"/>
            </accessor>
          </technique_common>
        </source>
        <source id="Cube_025-mesh-map-0">
          <float_array id="Cube_025-mesh-map-0-array" count="6384">0.625 0 0.375 0.25 0.375 0 0.625 0.25 0.375 0.5 0.375 0.25 0.625 0.5 0.375 0.75 0.375 0.5 0.625 0.75 0.375 1 0.375 0.75 0.375 0.5 0.125 0.75 0.125 0.5 0.875 0.5 0.625 0.75 0.625 0.5 0.375 0 0.625 0.25 0.375 0.25 0.625 0.25 0.375 0.5 0.375 0.25 0.625 0.75 0.375 1 0.375 0.75 0.375 0.5 0.125 0.75 0.125 0.5 0.875 0.5 0.625 0.5 0.625 0.75 0.875 0.5 0.625 0.75 0.625 0.5 0.625 0.75 0.875 0.5 0.875 0.5 0.625 0.5 0.625 0.75 0.625 0.75 0.875 0.5 0.625 0.5 0.625 0.5 0.875 0.5 0.625 0.5 0.625 0.75 0.875 0.5 0.625 0.75 0.625 0.5 0.625 0.75 0.875 0.5 0.875 0.5 0.625 0.5 0.625 0.75 0.625 0.75 0.875 0.5 0.625 0.5 0.625 0.5 0.375 0.25 0.625 0 0.375 0 0.375 0.5 0.625 0.25 0.375 0.25 0.375 0.75 0.625 0.5 0.375 0.5 0.375 1 0.625 0.75 0.375 0.75 0.125 0.75 0.375 0.5 0.125 0.5 0.625 0.75 0.875 0.5 0.625 0.5 0.375 0 0.625 0.25 0.625 0 0.375 0.5 0.625 0.25 0.375 0.25 0.375 0.75 0.625 1 0.625 0.75 0.125 0.75 0.375 0.5 0.125 0.5 0.875 0.5 0.625 0.75 0.625 0.5 0.875 0.5 0.625 0.5 0.625 0.75 0.875 0.5 0.625 0.75 0.875 0.5 0.625 0.75 0.625 0.5 0.625 0.75 0.625 0.5 0.875 0.5 0.625 0.5 0.875 0.5 0.625 0.75 0.625 0.5 0.875 0.5 0.625 0.5 0.625 0.75 0.875 0.5 0.625 0.75 0.875 0.5 0.625 0.75 0.625 0.5 0.625 0.75 0.625 0.5 0.875 0.5 0.625 0.5 0.625 0.25 0.625 0 0.625 0.25 0.625 0.5 0.625 0.25 0.625 0.5 0.625 0.5 0.375 0.5 0.375 0.5 0.375 0.75 0.375 0.5 0.375 0.75 0.625 0.75 0.375 0.75 0.625 0.75 0.625 0.75 0.625 1 0.625 1 0.625 0 0.375 0.25 0.375 0 0.625 0.25 0.375 0.5 0.375 0.25 0.625 0.5 0.375 0.75 0.375 0.5 0.625 0.75 0.375 1 0.375 0.75 0.375 0.5 0.125 0.75 0.125 0.5 0.875 0.5 0.625 0.75 0.625 0.5 0.625 0 0.375 0.25 0.375 0 0.625 0.25 0.375 0.5 0.375 0.25 0.625 0.5 0.375 0.75 0.375 0.5 0.625 0.75 0.375 1 0.375 0.75 0.375 0.5 0.125 0.75 0.125 0.5 0.875 0.5 0.625 0.75 0.625 0.5 0.375 0 0.625 0.25 0.375 0.25 0.625 0.25 0.375 0.5 0.375 0.25 0.625 0.75 0.375 1 0.375 0.75 0.375 0.5 0.125 0.75 0.125 0.5 0.875 0.5 0.625 0.5 0.625 0.75 0.875 0.5 0.625 0.75 0.625 0.5 0.625 0.75 0.875 0.5 0.875 0.5 0.625 0.5 0.625 0.75 0.625 0.75 0.875 0.5 0.625 0.5 0.625 0.5 0.875 0.5 0.625 0.5 0.625 0.75 0.875 0.5 0.625 0.75 0.625 0.5 0.625 0.75 0.875 0.5 0.875 0.5 0.625 0.5 0.625 0.75 0.625 0.75 0.875 0.5 0.625 0.5 0.625 0.5 0.375 0.25 0.625 0 0.375 0 0.375 0.5 0.625 0.25 0.375 0.25 0.375 0.75 0.625 0.5 0.375 0.5 0.375 1 0.625 0.75 0.375 0.75 0.125 0.75 0.375 0.5 0.125 0.5 0.625 0.75 0.875 0.5 0.625 0.5 0.375 0 0.625 0.25 0.625 0 0.375 0.5 0.625 0.25 0.375 0.25 0.375 0.75 0.625 1 0.625 0.75 0.125 0.75 0.375 0.5 0.125 0.5 0.875 0.5 0.625 0.75 0.625 0.5 0.875 0.5 0.625 0.5 0.625 0.75 0.875 0.5 0.625 0.75 0.875 0.5 0.625 0.75 0.625 0.5 0.625 0.75 0.625 0.5 0.875 0.5 0.625 0.5 0.875 0.5 0.625 0.75 0.625 0.5 0.875 0.5 0.625 0.5 0.625 0.75 0.875 0.5 0.625 0.75 0.875 0.5 0.625 0.75 0.625 0.5 0.625 0.75 0.625 0.5 0.875 0.5 0.625 0.5 0.625 0.25 0.625 0 0.625 0.25 0.625 0.5 0.625 0.25 0.625 0.5 0.625 0.5 0.375 0.5 0.375 0.5 0.375 0.75 0.375 0.5 0.375 0.75 0.625 0.75 0.375 0.75 0.625 0.75 0.625 0.75 0.625 1 0.625 1 0.625 0 0.375 0.25 0.375 0 0.625 0.25 0.375 0.5 0.375 0.25 0.625 0.5 0.375 0.75 0.375 0.5 0.625 0.75 0.375 1 0.375 0.75 0.375 0.5 0.125 0.75 0.125 0.5 0.875 0.5 0.625 0.75 0.625 0.5 0.625 0 0.375 0.25 0.375 0 0.625 0.25 0.375 0.5 0.375 0.25 0.625 0.5 0.375 0.75 0.375 0.5 0.625 0.75 0.375 1 0.375 0.75 0.375 0.5 0.125 0.75 0.125 0.5 0.875 0.5 0.625 0.75 0.625 0.5 0.375 0 0.625 0.25 0.375 0.25 0.625 0.25 0.375 0.5 0.375 0.25 0.625 0.75 0.375 1 0.375 0.75 0.375 0.5 0.125 0.75 0.125 0.5 0.875 0.5 0.625 0.5 0.625 0.75 0.875 0.5 0.625 0.75 0.625 0.5 0.625 0.75 0.875 0.5 0.875 0.5 0.625 0.5 0.625 0.75 0.625 0.75 0.875 0.5 0.625 0.5 0.625 0.5 0.875 0.5 0.625 0.75 0.625 0.5 0.625 0.75 0.875 0.5 0.875 0.5 0.625 0.5 0.625 0.75 0.625 0.75 0.875 0.5 0.625 0.5 0.625 0.5 0.375 0.25 0.625 0 0.375 0 0.375 0.5 0.625 0.25 0.375 0.25 0.375 0.75 0.625 0.5 0.375 0.5 0.375 1 0.625 0.75 0.375 0.75 0.125 0.75 0.375 0.5 0.125 0.5 0.625 0.75 0.875 0.5 0.625 0.5 0.375 0 0.625 0.25 0.625 0 0.375 0.5 0.625 0.25 0.375 0.25 0.375 0.75 0.625 1 0.625 0.75 0.125 0.75 0.375 0.5 0.125 0.5 0.875 0.5 0.625 0.75 0.625 0.5 0.875 0.5 0.625 0.5 0.625 0.75 0.875 0.5 0.625 0.75 0.875 0.5 0.625 0.75 0.625 0.5 0.625 0.75 0.625 0.5 0.875 0.5 0.625 0.5 0.875 0.5 0.625 0.5 0.625 0.75 0.875 0.5 0.625 0.75 0.875 0.5 0.625 0.75 0.625 0.5 0.625 0.75 0.625 0.5 0.875 0.5 0.875 0.5 0.625 0.25 0.625 0 0.625 0.25 0.625 0.5 0.625 0.25 0.625 0.5 0.625 0.5 0.375 0.5 0.375 0.5 0.375 0.75 0.375 0.5 0.375 0.75 0.625 0.75 0.375 0.75 0.625 0.75 0.625 0.75 0.625 1 0.625 1 0.875 0.5 0.625 0.5 0.875 0.5 0.625 0.75 0.625 0.5 0.625 0.5 0.875 0.5 0.625 0.75 0.625 0.75 0.6125 0.7625 0.3875 0.9875 0.3875 0.7625 0.6125 0.5125 0.3875 0.7375 0.3875 0.5125 0.8625 0.5125 0.6375 0.7375 0.6375 0.5125 0.6125 0.01249998 0.3875 0.2375 0.3875 0.01249998 0.6125 0.2625 0.3875 0.4875 0.3875 0.2625 0.1374999 0.7413634 0.1336365 0.7375 0.1375 0.7375 0.1375 0.7448461 0.1335341 0.7414882 0.1374999 0.7413634 0.1375 0.75 0.1336634 0.7446769 0.1375 0.7448461 0.1335341 0.7414882 0.1301539 0.7375 0.1336365 0.7375 0.1336634 0.7446769 0.1303168 0.7413465 0.1335341 0.7414882 0.1336535 0.75 0.130886 0.7441139 0.1336634 0.7446769 0.3875 0.9913634 0.3836365 0.9875 0.3875 0.9875 0.3875 0.9948461 0.3835341 0.9914882 0.3875 0.9913634 0.3875 0.9948461 0.3836535 1 0.3836634 0.9946769 0.3835341 0.9914882 0.3801539 0.9875 0.3836365 0.9875 0.3835341 0.9914882 0.380886 0.9941139 0.3803168 0.9913465 0.3836634 0.9946769 0.380886 1 0.380886 0.9941139 0.3836365 0.01249998 0.3875 0.008636534 0.3875 0.01249998 0.3801539 0.01249998 0.3835119 0.008534133 0.3836365 0.01249998 0.3801539 0.01249998 0.375 0.008653461 0.3803232 0.008663356 0.3835119 0.008534133 0.3875 0.005153894 0.3875 0.008636534 0.3835119 0.008534133 0.380886 0.005886018 0.3836535 0.005316793 0.3803232 0.008663356 0.375 0.005886018 0.380886 0.005886018 0.130886 0.7441139 0.130886 0.75 0.125 0.744114 0.6163634 0.9875 0.6125 0.9913635 0.6125 0.9875 0.6198461 0.9875 0.6164882 0.9914659 0.6163634 0.9875 0.6198461 0.9875 0.625 0.9913465 0.6196768 0.9913366 0.6164882 0.9914659 0.6125 0.9948461 0.6125 0.9913635 0.6164882 0.9914659 0.619114 0.994114 0.6163465 0.9946832 0.6196768 0.9913366 0.625 0.994114 0.619114 0.994114 0.8663634 0.7375 0.8625 0.7413635 0.8625 0.7375 0.8698461 0.7375 0.8664882 0.7414659 0.8663634 0.7375 0.875 0.7375 0.8696768 0.7413367 0.8698461 0.7375 0.8664882 0.7414659 0.8625 0.7448461 0.8625 0.7413635 0.8696768 0.7413367 0.8663464 0.7446832 0.8664882 0.7414659 0.875 0.7413465 0.8691139 0.7441139 0.8696768 0.7413367 0.6125 0.008636534 0.6163635 0.01249998 0.6125 0.01249998 0.6125 0.005153894 0.6164658 0.008511781 0.6125 0.008636534 0.6125 0 0.6163366 0.005323171 0.6125 0.005153894 0.6164658 0.008511781 0.6198461 0.01249998 0.6163635 0.01249998 0.6164658 0.008511781 0.6191139 0.005886018 0.6196832 0.008653461 0.6163465 0 0.6191139 0.005886018 0.6163366 0.005323171 0.619114 0.994114 0.625 0.994114 0.6191139 1 0.1336365 0.5125001 0.1375 0.5086365 0.1375 0.5125 0.1301539 0.5125 0.1335118 0.5085341 0.1336365 0.5125001 0.125 0.5125 0.1303232 0.5086634 0.1301539 0.5125 0.1335118 0.5085341 0.1375 0.505154 0.1375 0.5086365 0.1303232 0.5086634 0.1336535 0.5053168 0.1335118 0.5085341 0.125 0.5086535 0.130886 0.505886 0.1303232 0.5086634 0.3875 0.2413634 0.3836365 0.2375 0.3875 0.2375 0.3875 0.2448461 0.3835341 0.2414882 0.3875 0.2413634 0.3875 0.2551539 0.3836634 0.2446768 0.3875 0.2448461 0.3835341 0.2414882 0.3801539 0.2375 0.3836365 0.2375 0.3835341 0.2414882 0.380886 0.2441139 0.3803168 0.2413465 0.3836535 0.2553168 0.380886 0.2441139 0.3836634 0.2446768 0.3836365 0.2625 0.3875 0.2586365 0.3875 0.2625 0.3801539 0.2625 0.3835119 0.2585341 0.3836365 0.2625 0.3801539 0.2625 0.375 0.2586535 0.3803232 0.2586634 0.3835119 0.2585341 0.3875 0.2551539 0.3875 0.2586365 0.3835119 0.2585341 0.380886 0.255886 0.3836535 0.2553168 0.3803232 0.2586634 0.375 0.255886 0.380886 0.255886 0.130886 0.505886 0.125 0.505886 0.130886 0.5 0.8625 0.5086365 0.8663634 0.5125 0.8625 0.5125 0.8625 0.5051539 0.8664659 0.5085119 0.8625 0.5086365 0.8625 0.5 0.8663366 0.5053232 0.8625 0.5051539 0.8664659 0.5085119 0.8698461 0.5125 0.8663634 0.5125 0.8663366 0.5053232 0.8696832 0.5086535 0.8664659 0.5085119 0.8663465 0.5 0.8691139 0.505886 0.8663366 0.5053232 0.6125 0.2586365 0.6163635 0.2625 0.6125 0.2625 0.6125 0.2551539 0.6164658 0.2585118 0.6125 0.2586365 0.6125 0.2551539 0.6163465 0.2446832 0.6163366 0.2553232 0.6164658 0.2585118 0.6198461 0.2625 0.6163635 0.2625 0.6164658 0.2585118 0.6191139 0.255886 0.6196832 0.2586535 0.6163366 0.2553232 0.619114 0.2441139 0.6191139 0.255886 0.6163634 0.2375 0.6125 0.2413634 0.6125 0.2375 0.6198461 0.2375 0.6164882 0.2414658 0.6163634 0.2375 0.6198461 0.2375 0.625 0.2413465 0.6196768 0.2413365 0.6164882 0.2414658 0.6125 0.2448461 0.6125 0.2413634 0.6164882 0.2414658 0.619114 0.2441139 0.6163465 0.2446832 0.6196768 0.2413365 0.625 0.2441139 0.619114 0.2441139 0.8691139 0.505886 0.8691141 0.5 0.875 0.505886 0.3663634 0.7375 0.3625 0.7413635 0.3625 0.7375 0.3698461 0.7375 0.3664882 0.7414659 0.3663634 0.7375 0.3801539 0.7375 0.3696768 0.7413367 0.3698461 0.7375 0.3664882 0.7414659 0.3625 0.7448461 0.3625 0.7413635 0.3696768 0.7413367 0.3663465 0.7446832 0.3664882 0.7414659 0.3803168 0.7413465 0.3691139 0.7441139 0.3696768 0.7413367 0.3875 0.7413634 0.3836365 0.7375 0.3875 0.7375 0.3875 0.7448461 0.3835341 0.7414882 0.3875 0.7413634 0.3875 0.7551539 0.3836634 0.7446769 0.3875 0.7448461 0.3835341 0.7414882 0.3801539 0.7375 0.3836365 0.7375 0.3835341 0.7414882 0.380886 0.7441139 0.3803168 0.7413465 0.3836535 0.7553168 0.380886 0.7441139 0.3836634 0.7446769 0.3836365 0.7625001 0.3875 0.7586366 0.3875 0.7625 0.3801539 0.7625 0.3835119 0.7585342 0.3836365 0.7625001 0.3801539 0.7625 0.375 0.7586535 0.3803232 0.7586634 0.3835119 0.7585342 0.3875 0.7551539 0.3875 0.7586366 0.3835119 0.7585342 0.380886 0.755886 0.3836535 0.7553168 0.3803232 0.7586634 0.375 0.755886 0.380886 0.755886 0.3691139 0.7441139 0.375 0.744114 0.369114 0.75 0.6375 0.7413634 0.6336366 0.7375 0.6375 0.7375 0.6375 0.7448461 0.6335341 0.7414882 0.6375 0.7413634 0.6375 0.75 0.6336635 0.7446769 0.6375 0.7448461 0.6335341 0.7414882 0.6301539 0.7375 0.6336366 0.7375 0.6336635 0.7446769 0.6303168 0.7413465 0.6335341 0.7414882 0.6336535 0.75 0.630886 0.7441139 0.6336635 0.7446769 0.6125 0.7586365 0.6163635 0.7625 0.6125 0.7625 0.6125 0.7551539 0.6164658 0.7585119 0.6125 0.7586365 0.6125 0.7551539 0.6163465 0.7446832 0.6163366 0.7553232 0.6164658 0.7585119 0.6198461 0.7625 0.6163635 0.7625 0.6164658 0.7585119 0.6191139 0.755886 0.6196832 0.7586535 0.6163366 0.7553232 0.619114 0.7441139 0.6191139 0.755886 0.6163634 0.7375 0.6125 0.7413635 0.6125 0.7375 0.6198461 0.7375 0.6164882 0.7414659 0.6163634 0.7375 0.6198461 0.7375 0.6303168 0.7413465 0.6196768 0.7413367 0.6164882 0.7414659 0.6125 0.7448461 0.6125 0.7413635 0.6164882 0.7414659 0.619114 0.7441139 0.6163465 0.7446832 0.6196768 0.7413367 0.630886 0.7441139 0.619114 0.7441139 0.630886 0.7441139 0.630886 0.75 0.625 0.744114 0.3625 0.5086365 0.3663634 0.5125 0.3625 0.5125 0.3625 0.5051539 0.3664659 0.5085119 0.3625 0.5086365 0.3625 0.5 0.3663366 0.5053232 0.3625 0.5051539 0.3664659 0.5085119 0.3698461 0.5125 0.3663634 0.5125 0.3663366 0.5053232 0.3696832 0.5086535 0.3664659 0.5085119 0.3663465 0.5 0.3691139 0.505886 0.3663366 0.5053232 0.3875 0.4913634 0.3836365 0.4875 0.3875 0.4875 0.3875 0.4948461 0.3835341 0.4914882 0.3875 0.4913634 0.3875 0.4948461 0.3836535 0.5053168 0.3836634 0.4946768 0.3835341 0.4914882 0.3801539 0.4875 0.3836365 0.4875 0.3835341 0.4914882 0.380886 0.494114 0.3803168 0.4913465 0.3836634 0.4946768 0.380886 0.505886 0.380886 0.494114 0.3836365 0.5125001 0.3875 0.5086365 0.3875 0.5125 0.3801539 0.5125 0.3835119 0.5085341 0.3836365 0.5125001 0.3801539 0.5125 0.3696832 0.5086535 0.3803232 0.5086634 0.3835119 0.5085341 0.3875 0.505154 0.3875 0.5086365 0.3835119 0.5085341 0.380886 0.505886 0.3836535 0.5053168 0.3803232 0.5086634 0.3691139 0.505886 0.380886 0.505886 0.3691139 0.505886 0.369114 0.5 0.375 0.505886 0.6336366 0.5125001 0.6375 0.5086365 0.6375 0.5125 0.6301538 0.5125 0.6335118 0.5085341 0.6336366 0.5125001 0.6198461 0.5125 0.6303232 0.5086634 0.6301538 0.5125 0.6335118 0.5085341 0.6375 0.505154 0.6375 0.5086365 0.6303232 0.5086634 0.6336535 0.5053168 0.6335118 0.5085341 0.6196832 0.5086535 0.630886 0.505886 0.6303232 0.5086634 0.6125 0.5086365 0.6163635 0.5125 0.6125 0.5125 0.6125 0.5051539 0.6164658 0.5085119 0.6125 0.5086365 0.6125 0.4948461 0.6163366 0.5053232 0.6125 0.5051539 0.6164658 0.5085119 0.6198461 0.5125 0.6163635 0.5125 0.6164658 0.5085119 0.6191139 0.505886 0.6196832 0.5086535 0.6163465 0.4946832 0.6191139 0.505886 0.6163366 0.5053232 0.6163634 0.4875 0.6125 0.4913634 0.6125 0.4875 0.6198461 0.4875 0.6164882 0.4914658 0.6163634 0.4875 0.6198461 0.4875 0.625 0.4913465 0.6196768 0.4913366 0.6164882 0.4914658 0.6125 0.4948461 0.6125 0.4913634 0.6164882 0.4914658 0.619114 0.494114 0.6163465 0.4946832 0.6196768 0.4913366 0.625 0.494114 0.619114 0.494114 0.630886 0.505886 0.625 0.505886 0.630886 0.5 0.1375 0.7375 0.1336365 0.5125001 0.1375 0.5125 0.1336365 0.7375 0.1301539 0.5125 0.1336365 0.5125001 0.1301539 0.7375 0.125 0.5125 0.1301539 0.5125 0.3801539 0.01249998 0.3836365 0.2375 0.3801539 0.2375 0.3836365 0.01249998 0.3875 0.2375 0.3836365 0.2375 0.6125 0.9875 0.3875 0.9913634 0.3875 0.9875 0.6125 0.9913635 0.3875 0.9948461 0.3875 0.9913634 0.6125 0.9948461 0.3875 1 0.3875 0.9948461 0.6125 0.005153894 0.3875 0.008636534 0.3875 0.005153894 0.6125 0.008636534 0.3875 0.01249998 0.3875 0.008636534 0.8625 0.5125 0.8663634 0.7375 0.8625 0.7375 0.8663634 0.5125 0.8698461 0.7375 0.8663634 0.7375 0.8698461 0.5125 0.875 0.7375 0.8698461 0.7375 0.6198461 0.2375 0.6163635 0.01249998 0.6198461 0.01249998 0.6163634 0.2375 0.6125 0.01249998 0.6163635 0.01249998 0.3875 0.2625 0.6125 0.2586365 0.6125 0.2625 0.3875 0.2586365 0.6125 0.2551539 0.6125 0.2586365 0.3875 0.2551539 0.6125 0.2448461 0.6125 0.2551539 0.3875 0.2448461 0.6125 0.2413634 0.6125 0.2448461 0.3875 0.2413634 0.6125 0.2375 0.6125 0.2413634 0.1375 0.5125 0.3625 0.5086365 0.3625 0.5125 0.1375 0.5086365 0.3625 0.5051539 0.3625 0.5086365 0.1375 0.505154 0.3625 0.5 0.3625 0.5051539 0.3801539 0.2625 0.3836365 0.4875 0.3801539 0.4875 0.3836365 0.2625 0.3875 0.4875 0.3836365 0.4875 0.6375 0.5125 0.8625 0.5086365 0.8625 0.5125 0.6375 0.5086365 0.8625 0.5051539 0.8625 0.5086365 0.6375 0.505154 0.8625 0.5 0.8625 0.5051539 0.6198461 0.4875 0.6163635 0.2625 0.6198461 0.2625 0.6163634 0.4875 0.6125 0.2625 0.6163635 0.2625 0.3875 0.5125 0.6125 0.5086365 0.6125 0.5125 0.3875 0.5086365 0.6125 0.5051539 0.6125 0.5086365 0.3875 0.505154 0.6125 0.4948461 0.6125 0.5051539 0.3875 0.4948461 0.6125 0.4913634 0.6125 0.4948461 0.3875 0.4913634 0.6125 0.4875 0.6125 0.4913634 0.3625 0.5125 0.3663634 0.7375 0.3625 0.7375 0.3663634 0.5125 0.3698461 0.7375 0.3663634 0.7375 0.3698461 0.5125 0.3801539 0.7375 0.3698461 0.7375 0.3801539 0.5125 0.3836365 0.7375 0.3801539 0.7375 0.3836365 0.5125001 0.3875 0.7375 0.3836365 0.7375 0.6375 0.7375 0.6336366 0.5125001 0.6375 0.5125 0.6336366 0.7375 0.6301538 0.5125 0.6336366 0.5125001 0.6301539 0.7375 0.6198461 0.5125 0.6301538 0.5125 0.6198461 0.7375 0.6163635 0.5125 0.6198461 0.5125 0.6163634 0.7375 0.6125 0.5125 0.6163635 0.5125 0.3875 0.7625 0.6125 0.7586365 0.6125 0.7625 0.3875 0.7586366 0.6125 0.7551539 0.6125 0.7586365 0.3875 0.7551539 0.6125 0.7448461 0.6125 0.7551539 0.3875 0.7448461 0.6125 0.7413635 0.6125 0.7448461 0.3875 0.7413634 0.6125 0.7375 0.6125 0.7413635 0.3625 0.7375 0.1374999 0.7413634 0.1375 0.7375 0.3625 0.7413635 0.1375 0.7448461 0.1374999 0.7413634 0.3625 0.7448461 0.1375 0.75 0.1375 0.7448461 0.3801539 0.7625 0.3836365 0.9875 0.3801539 0.9875 0.3836365 0.7625001 0.3875 0.9875 0.3836365 0.9875 0.8625 0.7375 0.6375 0.7413634 0.6375 0.7375 0.8625 0.7413635 0.6375 0.7448461 0.6375 0.7413634 0.8625 0.7448461 0.6375 0.75 0.6375 0.7448461 0.6198461 0.9875 0.6163635 0.7625 0.6198461 0.7625 0.6163634 0.9875 0.6125 0.7625 0.6163635 0.7625 0.3625 0.5125 0.1375 0.7375 0.1375 0.5125 0.625 0 0.375 0.25 0.375 0 0.625 0.25 0.375 0.5 0.375 0.25 0.625 0.5 0.375 0.75 0.375 0.5 0.625 0.75 0.375 1 0.375 0.75 0.375 0.5 0.125 0.75 0.125 0.5 0.875 0.5 0.625 0.75 0.625 0.5 0.375 0 0.625 0.25 0.375 0.25 0.625 0.25 0.375 0.5 0.375 0.25 0.625 0.75 0.375 1 0.375 0.75 0.375 0.5 0.125 0.75 0.125 0.5 0.875 0.5 0.625 0.5 0.625 0.75 0.875 0.5 0.625 0.75 0.625 0.5 0.625 0.75 0.875 0.5 0.875 0.5 0.625 0.5 0.625 0.75 0.625 0.75 0.875 0.5 0.625 0.5 0.625 0.5 0.875 0.5 0.625 0.5 0.625 0.75 0.875 0.5 0.625 0.75 0.625 0.5 0.625 0.75 0.875 0.5 0.875 0.5 0.625 0.5 0.625 0.75 0.625 0.75 0.875 0.5 0.625 0.5 0.625 0.5 0.375 0.25 0.625 0 0.375 0 0.375 0.5 0.625 0.25 0.375 0.25 0.375 0.75 0.625 0.5 0.375 0.5 0.375 1 0.625 0.75 0.375 0.75 0.125 0.75 0.375 0.5 0.125 0.5 0.625 0.75 0.875 0.5 0.625 0.5 0.375 0 0.625 0.25 0.625 0 0.375 0.5 0.625 0.25 0.375 0.25 0.375 0.75 0.625 1 0.625 0.75 0.125 0.75 0.375 0.5 0.125 0.5 0.875 0.5 0.625 0.75 0.625 0.5 0.875 0.5 0.625 0.5 0.625 0.75 0.875 0.5 0.625 0.75 0.875 0.5 0.625 0.75 0.625 0.5 0.625 0.75 0.625 0.5 0.875 0.5 0.625 0.5 0.875 0.5 0.625 0.75 0.625 0.5 0.875 0.5 0.625 0.5 0.625 0.75 0.875 0.5 0.625 0.75 0.875 0.5 0.625 0.75 0.625 0.5 0.625 0.75 0.625 0.5 0.875 0.5 0.625 0.5 0.625 0.25 0.625 0 0.625 0.25 0.625 0.5 0.625 0.25 0.625 0.5 0.625 0.5 0.375 0.5 0.375 0.5 0.375 0.75 0.375 0.5 0.375 0.75 0.625 0.75 0.375 0.75 0.625 0.75 0.625 0.75 0.625 1 0.625 1 0.625 0 0.375 0.25 0.375 0 0.625 0.25 0.375 0.5 0.375 0.25 0.625 0.5 0.375 0.75 0.375 0.5 0.625 0.75 0.375 1 0.375 0.75 0.375 0.5 0.125 0.75 0.125 0.5 0.875 0.5 0.625 0.75 0.625 0.5 0.375 0 0.625 0.25 0.375 0.25 0.625 0.25 0.375 0.5 0.375 0.25 0.625 0.75 0.375 1 0.375 0.75 0.375 0.5 0.125 0.75 0.125 0.5 0.875 0.5 0.625 0.5 0.625 0.75 0.875 0.5 0.625 0.75 0.625 0.5 0.625 0.75 0.875 0.5 0.875 0.5 0.625 0.5 0.625 0.75 0.625 0.75 0.875 0.5 0.625 0.5 0.625 0.5 0.875 0.5 0.625 0.5 0.625 0.75 0.875 0.5 0.625 0.75 0.625 0.5 0.625 0.75 0.875 0.5 0.875 0.5 0.625 0.5 0.625 0.75 0.625 0.75 0.875 0.5 0.625 0.5 0.625 0.5 0.375 0.25 0.625 0 0.375 0 0.375 0.5 0.625 0.25 0.375 0.25 0.375 0.75 0.625 0.5 0.375 0.5 0.375 1 0.625 0.75 0.375 0.75 0.125 0.75 0.375 0.5 0.125 0.5 0.625 0.75 0.875 0.5 0.625 0.5 0.375 0 0.625 0.25 0.625 0 0.375 0.5 0.625 0.25 0.375 0.25 0.375 0.75 0.625 1 0.625 0.75 0.125 0.75 0.375 0.5 0.125 0.5 0.875 0.5 0.625 0.75 0.625 0.5 0.875 0.5 0.625 0.5 0.625 0.75 0.875 0.5 0.625 0.75 0.875 0.5 0.625 0.75 0.625 0.5 0.625 0.75 0.625 0.5 0.875 0.5 0.625 0.5 0.875 0.5 0.625 0.75 0.625 0.5 0.875 0.5 0.625 0.5 0.625 0.75 0.875 0.5 0.625 0.75 0.875 0.5 0.625 0.75 0.625 0.5 0.625 0.75 0.625 0.5 0.875 0.5 0.625 0.5 0.625 0.25 0.625 0 0.625 0.25 0.625 0.5 0.625 0.25 0.625 0.5 0.625 0.5 0.375 0.5 0.375 0.5 0.375 0.75 0.375 0.5 0.375 0.75 0.625 0.75 0.375 0.75 0.625 0.75 0.625 0.75 0.625 1 0.625 1 0.625 0.8125 0.375 0.9375 0.375 0.8125 0.6289789 0.7242366 0.6260197 0.7068136 0.625 0.6875 0.625 0.3125 0.375 0.4375 0.375 0.3125 0.625 0.5625 0.375 0.6875 0.375 0.5625 0.375 0.5625 0.6260197 0.5431864 0.625 0.5625 0.3739804 0.5431864 0.6289789 0.5257634 0.6260197 0.5431864 0.3710212 0.5257634 0.6335878 0.4868032 0.6289789 0.5257634 0.3664122 0.4868032 0.6393955 0.4722287 0.6335878 0.4868032 0.3606045 0.4722287 0.625 0.4375 0.6393955 0.4722287 0.375 0.8125 0.6393955 0.7777714 0.625 0.8125 0.3606045 0.7777714 0.6335878 0.7631968 0.6393955 0.7777714 0.3664122 0.7631968 0.6289789 0.7242366 0.6335878 0.7631968 0.3710212 0.7242366 0.6260197 0.7068136 0.6289789 0.7242366 0.3739804 0.7068136 0.625 0.6875 0.6260197 0.7068136 0.625 0.0625 0.375 0.1875 0.375 0.0625 0.625 0.9375 0.375 0.9568136 0.375 0.9375 0.625 0.9568136 0.375 0.9742366 0.375 0.9568136 0.625 0.9742366 0.375 1 0.375 0.9742366 0.625 0.02576339 0.375 0.04318642 0.375 0.02576339 0.625 0.04318642 0.375 0.0625 0.375 0.04318642 0.375 0.3125 0.6939244 0.3631428 0.625 0.3125 0.3060756 0.3631428 0.6997066 0.3544852 0.6939244 0.3631428 0.3002935 0.3544852 0.7043163 0.3247433 0.6997066 0.3544852 0.2956838 0.3247433 0.7073011 0.3189371 0.7043163 0.3247433 0.2926989 0.3189371 0.625 0.1875 0.7073011 0.3189371 0.375 0.9375 0.625 0.8125 0.375 0.8125 0.6289789 0.7242366 0.6289789 0.5257634 0.625 0.6875 0.375 0.4375 0.625 0.3125 0.375 0.3125 0.375 0.6875 0.625 0.5625 0.375 0.5625 0.6260197 0.5431864 0.375 0.5625 0.625 0.5625 0.6289789 0.5257634 0.3739804 0.5431864 0.6260197 0.5431864 0.6335878 0.4868032 0.3710212 0.5257634 0.6289789 0.5257634 0.6393955 0.4722287 0.3664122 0.4868032 0.6335878 0.4868032 0.625 0.4375 0.3606045 0.4722287 0.6393955 0.4722287 0.625 0.8125 0.3606045 0.7777714 0.375 0.8125 0.6393955 0.7777714 0.3664122 0.7631968 0.3606045 0.7777714 0.6335878 0.7631968 0.3710212 0.7242366 0.3664122 0.7631968 0.6289789 0.7242366 0.3739804 0.7068136 0.3710212 0.7242366 0.6260197 0.7068136 0.375 0.6875 0.3739804 0.7068136 0.375 0.1875 0.625 0.0625 0.375 0.0625 0.375 0.9568136 0.625 0.9375 0.375 0.9375 0.375 0.9742366 0.625 0.9568136 0.375 0.9568136 0.375 1 0.625 0.9742366 0.375 0.9742366 0.375 0.04318642 0.625 0.02576339 0.375 0.02576339 0.375 0.0625 0.625 0.04318642 0.375 0.04318642 0.625 0.3125 0.3060756 0.3631428 0.375 0.3125 0.6939244 0.3631428 0.3002935 0.3544852 0.3060756 0.3631428 0.6997066 0.3544852 0.2956838 0.3247433 0.3002935 0.3544852 0.7043163 0.3247433 0.2926989 0.3189371 0.2956838 0.3247433 0.7073011 0.3189371 0.375 0.1875 0.2926989 0.3189371 0.3739804 0.5431864 0.375 0.5625 0.3739804 0.5431864 0.3710212 0.5257634 0.3739804 0.5431864 0.3710212 0.5257634 0.3664122 0.4868032 0.3710212 0.5257634 0.3664122 0.4868032 0.3606045 0.4722287 0.3664122 0.4868032 0.3606045 0.4722287 0.375 0.4375 0.3606045 0.4722287 0.375 0.4375 0.375 0.8125 0.3606045 0.7777714 0.3606045 0.7777714 0.3606045 0.7777714 0.3664122 0.7631968 0.3664122 0.7631968 0.3664122 0.7631968 0.3710212 0.7242366 0.3710212 0.7242366 0.3710212 0.7242366 0.3739804 0.7068136 0.3739804 0.7068136 0.3739804 0.7068136 0.375 0.6875 0.375 0.6875 0.375 0.6875 0.375 0.5625 0.375 0.5625 0.375 0.9375 0.375 0.9568136 0.375 0.9375 0.375 0.9568136 0.375 0.9742366 0.375 0.9568136 0.375 0.9742366 0.375 1 0.375 0.9742366 0.375 0.02576339 0.375 0.04318642 0.375 0.02576339 0.375 0.04318642 0.375 0.0625 0.375 0.04318642 0.375 0.3125 0.3060756 0.3631428 0.3060756 0.3631428 0.3060756 0.3631428 0.3002935 0.3544852 0.3002935 0.3544852 0.3002935 0.3544852 0.2956838 0.3247433 0.2956838 0.3247433 0.2956838 0.3247433 0.2926989 0.3189371 0.2926989 0.3189371 0.2926989 0.3189371 0.375 0.1875 0.375 0.1875 0.375 0.1875 0.375 0.0625 0.375 0.0625 0.375 0.3125 0.375 0.4375 0.375 0.3125 0.375 0.9375 0.375 0.8125 0.375 0.8125 0.625 0 0.625 0.25 0.375 0.25 0.625 0.25 0.625 0.5 0.375 0.5 0.625 0.5 0.625 0.75 0.375 0.75 0.625 0.75 0.625 1 0.375 1 0.375 0.5 0.375 0.75 0.125 0.75 0.875 0.5 0.875 0.75 0.625 0.75 0.375 0 0.625 0 0.625 0.25 0.625 0.25 0.625 0.5 0.375 0.5 0.625 0.75 0.625 1 0.375 1 0.375 0.5 0.375 0.75 0.125 0.75 0.625 0.75 0.625 0.75 0.875 0.5 0.625 0.5 0.625 0.5 0.625 0.75 0.875 0.5 0.875 0.5 0.625 0.5 0.625 0.75 0.625 0.75 0.875 0.5 0.625 0.5 0.625 0.5 0.625 0.75 0.875 0.5 0.875 0.5 0.625 0.5 0.375 0.25 0.625 0.25 0.625 0 0.375 0.5 0.625 0.5 0.625 0.25 0.375 0.75 0.625 0.75 0.625 0.5 0.375 1 0.625 1 0.625 0.75 0.125 0.75 0.375 0.75 0.375 0.5 0.625 0.75 0.875 0.75 0.875 0.5 0.375 0 0.375 0.25 0.625 0.25 0.375 0.5 0.625 0.5 0.625 0.25 0.375 0.75 0.375 1 0.625 1 0.125 0.75 0.375 0.75 0.375 0.5 0.875 0.5 0.625 0.75 0.625 0.75 0.625 0.75 0.625 0.5 0.625 0.5 0.625 0.5 0.875 0.5 0.875 0.5 0.875 0.5 0.625 0.75 0.625 0.75 0.625 0.75 0.625 0.5 0.625 0.5 0.625 0.5 0.875 0.5 0.875 0.5 0.625 0.25 0.625 0 0.625 0 0.625 0.5 0.625 0.25 0.625 0.25 0.625 0.5 0.625 0.5 0.375 0.5 0.375 0.75 0.375 0.5 0.375 0.5 0.625 0.75 0.375 0.75 0.375 0.75 0.625 0.75 0.625 0.75 0.625 1 0.625 0 0.625 0.25 0.375 0.25 0.625 0.25 0.625 0.5 0.375 0.5 0.625 0.5 0.625 0.75 0.375 0.75 0.625 0.75 0.625 1 0.375 1 0.375 0.5 0.375 0.75 0.125 0.75 0.875 0.5 0.875 0.75 0.625 0.75 0.625 0 0.625 0.25 0.375 0.25 0.625 0.25 0.625 0.5 0.375 0.5 0.625 0.5 0.625 0.75 0.375 0.75 0.625 0.75 0.625 1 0.375 1 0.375 0.5 0.375 0.75 0.125 0.75 0.875 0.5 0.875 0.75 0.625 0.75 0.375 0 0.625 0 0.625 0.25 0.625 0.25 0.625 0.5 0.375 0.5 0.625 0.75 0.625 1 0.375 1 0.375 0.5 0.375 0.75 0.125 0.75 0.625 0.75 0.625 0.75 0.875 0.5 0.625 0.5 0.625 0.5 0.625 0.75 0.875 0.5 0.875 0.5 0.625 0.5 0.625 0.75 0.625 0.75 0.875 0.5 0.625 0.5 0.625 0.5 0.625 0.75 0.875 0.5 0.875 0.5 0.625 0.5 0.375 0.25 0.625 0.25 0.625 0 0.375 0.5 0.625 0.5 0.625 0.25 0.375 0.75 0.625 0.75 0.625 0.5 0.375 1 0.625 1 0.625 0.75 0.125 0.75 0.375 0.75 0.375 0.5 0.625 0.75 0.875 0.75 0.875 0.5 0.375 0 0.375 0.25 0.625 0.25 0.375 0.5 0.625 0.5 0.625 0.25 0.375 0.75 0.375 1 0.625 1 0.125 0.75 0.375 0.75 0.375 0.5 0.875 0.5 0.625 0.75 0.625 0.75 0.625 0.75 0.625 0.5 0.625 0.5 0.625 0.5 0.875 0.5 0.875 0.5 0.875 0.5 0.625 0.75 0.625 0.75 0.625 0.75 0.625 0.5 0.625 0.5 0.625 0.5 0.875 0.5 0.875 0.5 0.625 0.25 0.625 0 0.625 0 0.625 0.5 0.625 0.25 0.625 0.25 0.625 0.5 0.625 0.5 0.375 0.5 0.375 0.75 0.375 0.5 0.375 0.5 0.625 0.75 0.375 0.75 0.375 0.75 0.625 0.75 0.625 0.75 0.625 1 0.625 0 0.625 0.25 0.375 0.25 0.625 0.25 0.625 0.5 0.375 0.5 0.625 0.5 0.625 0.75 0.375 0.75 0.625 0.75 0.625 1 0.375 1 0.375 0.5 0.375 0.75 0.125 0.75 0.875 0.5 0.875 0.75 0.625 0.75 0.625 0 0.625 0.25 0.375 0.25 0.625 0.25 0.625 0.5 0.375 0.5 0.625 0.5 0.625 0.75 0.375 0.75 0.625 0.75 0.625 1 0.375 1 0.375 0.5 0.375 0.75 0.125 0.75 0.875 0.5 0.875 0.75 0.625 0.75 0.375 0 0.625 0 0.625 0.25 0.625 0.25 0.625 0.5 0.375 0.5 0.625 0.75 0.625 1 0.375 1 0.375 0.5 0.375 0.75 0.125 0.75 0.625 0.75 0.625 0.75 0.875 0.5 0.625 0.5 0.625 0.5 0.625 0.75 0.875 0.5 0.875 0.5 0.625 0.5 0.625 0.75 0.625 0.75 0.875 0.5 0.625 0.5 0.625 0.5 0.625 0.75 0.875 0.5 0.875 0.5 0.625 0.5 0.375 0.25 0.625 0.25 0.625 0 0.375 0.5 0.625 0.5 0.625 0.25 0.375 0.75 0.625 0.75 0.625 0.5 0.375 1 0.625 1 0.625 0.75 0.125 0.75 0.375 0.75 0.375 0.5 0.625 0.75 0.875 0.75 0.875 0.5 0.375 0 0.375 0.25 0.625 0.25 0.375 0.5 0.625 0.5 0.625 0.25 0.375 0.75 0.375 1 0.625 1 0.125 0.75 0.375 0.75 0.375 0.5 0.875 0.5 0.625 0.75 0.625 0.75 0.625 0.75 0.625 0.5 0.625 0.5 0.625 0.5 0.875 0.5 0.875 0.5 0.875 0.5 0.625 0.75 0.625 0.75 0.625 0.75 0.625 0.5 0.625 0.5 0.625 0.5 0.625 0.5 0.875 0.5 0.625 0.25 0.625 0 0.625 0 0.625 0.5 0.625 0.25 0.625 0.25 0.625 0.5 0.625 0.5 0.375 0.5 0.375 0.75 0.375 0.5 0.375 0.5 0.625 0.75 0.375 0.75 0.375 0.75 0.625 0.75 0.625 0.75 0.625 1 0.875 0.5 0.625 0.5 0.625 0.5 0.625 0.75 0.625 0.75 0.625 0.5 0.875 0.5 0.875 0.5 0.625 0.75 0.6125 0.7625 0.6125 0.9875 0.3875 0.9875 0.6125 0.5125 0.6125 0.7375 0.3875 0.7375 0.8625 0.5125 0.8625 0.7375 0.6375 0.7375 0.6125 0.01249998 0.6125 0.2375 0.3875 0.2375 0.6125 0.2625 0.6125 0.4875 0.3875 0.4875 0.1374999 0.7413634 0.1335341 0.7414882 0.1336365 0.7375 0.1375 0.7448461 0.1336634 0.7446769 0.1335341 0.7414882 0.1375 0.75 0.1336535 0.75 0.1336634 0.7446769 0.1335341 0.7414882 0.1303168 0.7413465 0.1301539 0.7375 0.1336634 0.7446769 0.130886 0.7441139 0.1303168 0.7413465 0.1336535 0.75 0.130886 0.75 0.130886 0.7441139 0.3875 0.9913634 0.3835341 0.9914882 0.3836365 0.9875 0.3875 0.9948461 0.3836634 0.9946769 0.3835341 0.9914882 0.3875 0.9948461 0.3875 1 0.3836535 1 0.3835341 0.9914882 0.3803168 0.9913465 0.3801539 0.9875 0.3835341 0.9914882 0.3836634 0.9946769 0.380886 0.9941139 0.3836634 0.9946769 0.3836535 1 0.380886 1 0.3836365 0.01249998 0.3835119 0.008534133 0.3875 0.008636534 0.3801539 0.01249998 0.3803232 0.008663356 0.3835119 0.008534133 0.3801539 0.01249998 0.375 0.01249998 0.375 0.008653461 0.3835119 0.008534133 0.3836535 0.005316793 0.3875 0.005153894 0.3835119 0.008534133 0.3803232 0.008663356 0.380886 0.005886018 0.3803232 0.008663356 0.375 0.008653461 0.375 0.005886018 0.6163634 0.9875 0.6164882 0.9914659 0.6125 0.9913635 0.6198461 0.9875 0.6196768 0.9913366 0.6164882 0.9914659 0.6198461 0.9875 0.625 0.9875 0.625 0.9913465 0.6164882 0.9914659 0.6163465 0.9946832 0.6125 0.9948461 0.6164882 0.9914659 0.6196768 0.9913366 0.619114 0.994114 0.6196768 0.9913366 0.625 0.9913465 0.625 0.994114 0.8663634 0.7375 0.8664882 0.7414659 0.8625 0.7413635 0.8698461 0.7375 0.8696768 0.7413367 0.8664882 0.7414659 0.875 0.7375 0.875 0.7413465 0.8696768 0.7413367 0.8664882 0.7414659 0.8663464 0.7446832 0.8625 0.7448461 0.8696768 0.7413367 0.8691139 0.7441139 0.8663464 0.7446832 0.875 0.7413465 0.875 0.744114 0.8691139 0.7441139 0.6125 0.008636534 0.6164658 0.008511781 0.6163635 0.01249998 0.6125 0.005153894 0.6163366 0.005323171 0.6164658 0.008511781 0.6125 0 0.6163465 0 0.6163366 0.005323171 0.6164658 0.008511781 0.6196832 0.008653461 0.6198461 0.01249998 0.6164658 0.008511781 0.6163366 0.005323171 0.6191139 0.005886018 0.6163465 0 0.6191139 0 0.6191139 0.005886018 0.1336365 0.5125001 0.1335118 0.5085341 0.1375 0.5086365 0.1301539 0.5125 0.1303232 0.5086634 0.1335118 0.5085341 0.125 0.5125 0.125 0.5086535 0.1303232 0.5086634 0.1335118 0.5085341 0.1336535 0.5053168 0.1375 0.505154 0.1303232 0.5086634 0.130886 0.505886 0.1336535 0.5053168 0.125 0.5086535 0.125 0.505886 0.130886 0.505886 0.3875 0.2413634 0.3835341 0.2414882 0.3836365 0.2375 0.3875 0.2448461 0.3836634 0.2446768 0.3835341 0.2414882 0.3875 0.2551539 0.3836535 0.2553168 0.3836634 0.2446768 0.3835341 0.2414882 0.3803168 0.2413465 0.3801539 0.2375 0.3835341 0.2414882 0.3836634 0.2446768 0.380886 0.2441139 0.3836535 0.2553168 0.380886 0.255886 0.380886 0.2441139 0.3836365 0.2625 0.3835119 0.2585341 0.3875 0.2586365 0.3801539 0.2625 0.3803232 0.2586634 0.3835119 0.2585341 0.3801539 0.2625 0.375 0.2625 0.375 0.2586535 0.3835119 0.2585341 0.3836535 0.2553168 0.3875 0.2551539 0.3835119 0.2585341 0.3803232 0.2586634 0.380886 0.255886 0.3803232 0.2586634 0.375 0.2586535 0.375 0.255886 0.8625 0.5086365 0.8664659 0.5085119 0.8663634 0.5125 0.8625 0.5051539 0.8663366 0.5053232 0.8664659 0.5085119 0.8625 0.5 0.8663465 0.5 0.8663366 0.5053232 0.8664659 0.5085119 0.8696832 0.5086535 0.8698461 0.5125 0.8663366 0.5053232 0.8691139 0.505886 0.8696832 0.5086535 0.8663465 0.5 0.8691141 0.5 0.8691139 0.505886 0.6125 0.2586365 0.6164658 0.2585118 0.6163635 0.2625 0.6125 0.2551539 0.6163366 0.2553232 0.6164658 0.2585118 0.6125 0.2551539 0.6125 0.2448461 0.6163465 0.2446832 0.6164658 0.2585118 0.6196832 0.2586535 0.6198461 0.2625 0.6164658 0.2585118 0.6163366 0.2553232 0.6191139 0.255886 0.6163366 0.2553232 0.6163465 0.2446832 0.619114 0.2441139 0.6163634 0.2375 0.6164882 0.2414658 0.6125 0.2413634 0.6198461 0.2375 0.6196768 0.2413365 0.6164882 0.2414658 0.6198461 0.2375 0.625 0.2375 0.625 0.2413465 0.6164882 0.2414658 0.6163465 0.2446832 0.6125 0.2448461 0.6164882 0.2414658 0.6196768 0.2413365 0.619114 0.2441139 0.6196768 0.2413365 0.625 0.2413465 0.625 0.2441139 0.3663634 0.7375 0.3664882 0.7414659 0.3625 0.7413635 0.3698461 0.7375 0.3696768 0.7413367 0.3664882 0.7414659 0.3801539 0.7375 0.3803168 0.7413465 0.3696768 0.7413367 0.3664882 0.7414659 0.3663465 0.7446832 0.3625 0.7448461 0.3696768 0.7413367 0.3691139 0.7441139 0.3663465 0.7446832 0.3803168 0.7413465 0.380886 0.7441139 0.3691139 0.7441139 0.3875 0.7413634 0.3835341 0.7414882 0.3836365 0.7375 0.3875 0.7448461 0.3836634 0.7446769 0.3835341 0.7414882 0.3875 0.7551539 0.3836535 0.7553168 0.3836634 0.7446769 0.3835341 0.7414882 0.3803168 0.7413465 0.3801539 0.7375 0.3835341 0.7414882 0.3836634 0.7446769 0.380886 0.7441139 0.3836535 0.7553168 0.380886 0.755886 0.380886 0.7441139 0.3836365 0.7625001 0.3835119 0.7585342 0.3875 0.7586366 0.3801539 0.7625 0.3803232 0.7586634 0.3835119 0.7585342 0.3801539 0.7625 0.375 0.7625 0.375 0.7586535 0.3835119 0.7585342 0.3836535 0.7553168 0.3875 0.7551539 0.3835119 0.7585342 0.3803232 0.7586634 0.380886 0.755886 0.3803232 0.7586634 0.375 0.7586535 0.375 0.755886 0.6375 0.7413634 0.6335341 0.7414882 0.6336366 0.7375 0.6375 0.7448461 0.6336635 0.7446769 0.6335341 0.7414882 0.6375 0.75 0.6336535 0.75 0.6336635 0.7446769 0.6335341 0.7414882 0.6303168 0.7413465 0.6301539 0.7375 0.6336635 0.7446769 0.630886 0.7441139 0.6303168 0.7413465 0.6336535 0.75 0.630886 0.75 0.630886 0.7441139 0.6125 0.7586365 0.6164658 0.7585119 0.6163635 0.7625 0.6125 0.7551539 0.6163366 0.7553232 0.6164658 0.7585119 0.6125 0.7551539 0.6125 0.7448461 0.6163465 0.7446832 0.6164658 0.7585119 0.6196832 0.7586535 0.6198461 0.7625 0.6164658 0.7585119 0.6163366 0.7553232 0.6191139 0.755886 0.6163366 0.7553232 0.6163465 0.7446832 0.619114 0.7441139 0.6163634 0.7375 0.6164882 0.7414659 0.6125 0.7413635 0.6198461 0.7375 0.6196768 0.7413367 0.6164882 0.7414659 0.6198461 0.7375 0.6301539 0.7375 0.6303168 0.7413465 0.6164882 0.7414659 0.6163465 0.7446832 0.6125 0.7448461 0.6164882 0.7414659 0.6196768 0.7413367 0.619114 0.7441139 0.6196768 0.7413367 0.6303168 0.7413465 0.630886 0.7441139 0.3625 0.5086365 0.3664659 0.5085119 0.3663634 0.5125 0.3625 0.5051539 0.3663366 0.5053232 0.3664659 0.5085119 0.3625 0.5 0.3663465 0.5 0.3663366 0.5053232 0.3664659 0.5085119 0.3696832 0.5086535 0.3698461 0.5125 0.3663366 0.5053232 0.3691139 0.505886 0.3696832 0.5086535 0.3663465 0.5 0.369114 0.5 0.3691139 0.505886 0.3875 0.4913634 0.3835341 0.4914882 0.3836365 0.4875 0.3875 0.4948461 0.3836634 0.4946768 0.3835341 0.4914882 0.3875 0.4948461 0.3875 0.505154 0.3836535 0.5053168 0.3835341 0.4914882 0.3803168 0.4913465 0.3801539 0.4875 0.3835341 0.4914882 0.3836634 0.4946768 0.380886 0.494114 0.3836634 0.4946768 0.3836535 0.5053168 0.380886 0.505886 0.3836365 0.5125001 0.3835119 0.5085341 0.3875 0.5086365 0.3801539 0.5125 0.3803232 0.5086634 0.3835119 0.5085341 0.3801539 0.5125 0.3698461 0.5125 0.3696832 0.5086535 0.3835119 0.5085341 0.3836535 0.5053168 0.3875 0.505154 0.3835119 0.5085341 0.3803232 0.5086634 0.380886 0.505886 0.3803232 0.5086634 0.3696832 0.5086535 0.3691139 0.505886 0.6336366 0.5125001 0.6335118 0.5085341 0.6375 0.5086365 0.6301538 0.5125 0.6303232 0.5086634 0.6335118 0.5085341 0.6198461 0.5125 0.6196832 0.5086535 0.6303232 0.5086634 0.6335118 0.5085341 0.6336535 0.5053168 0.6375 0.505154 0.6303232 0.5086634 0.630886 0.505886 0.6336535 0.5053168 0.6196832 0.5086535 0.6191139 0.505886 0.630886 0.505886 0.6125 0.5086365 0.6164658 0.5085119 0.6163635 0.5125 0.6125 0.5051539 0.6163366 0.5053232 0.6164658 0.5085119 0.6125 0.4948461 0.6163465 0.4946832 0.6163366 0.5053232 0.6164658 0.5085119 0.6196832 0.5086535 0.6198461 0.5125 0.6164658 0.5085119 0.6163366 0.5053232 0.6191139 0.505886 0.6163465 0.4946832 0.619114 0.494114 0.6191139 0.505886 0.6163634 0.4875 0.6164882 0.4914658 0.6125 0.4913634 0.6198461 0.4875 0.6196768 0.4913366 0.6164882 0.4914658 0.6198461 0.4875 0.625 0.4875 0.625 0.4913465 0.6164882 0.4914658 0.6163465 0.4946832 0.6125 0.4948461 0.6164882 0.4914658 0.6196768 0.4913366 0.619114 0.494114 0.6196768 0.4913366 0.625 0.4913465 0.625 0.494114 0.1375 0.7375 0.1336365 0.7375 0.1336365 0.5125001 0.1336365 0.7375 0.1301539 0.7375 0.1301539 0.5125 0.1301539 0.7375 0.125 0.7375 0.125 0.5125 0.3801539 0.01249998 0.3836365 0.01249998 0.3836365 0.2375 0.3836365 0.01249998 0.3875 0.01249998 0.3875 0.2375 0.6125 0.9875 0.6125 0.9913635 0.3875 0.9913634 0.6125 0.9913635 0.6125 0.9948461 0.3875 0.9948461 0.6125 0.9948461 0.6125 1 0.3875 1 0.6125 0.005153894 0.6125 0.008636534 0.3875 0.008636534 0.6125 0.008636534 0.6125 0.01249998 0.3875 0.01249998 0.8625 0.5125 0.8663634 0.5125 0.8663634 0.7375 0.8663634 0.5125 0.8698461 0.5125 0.8698461 0.7375 0.8698461 0.5125 0.875 0.5125 0.875 0.7375 0.6198461 0.2375 0.6163634 0.2375 0.6163635 0.01249998 0.6163634 0.2375 0.6125 0.2375 0.6125 0.01249998 0.3875 0.2625 0.3875 0.2586365 0.6125 0.2586365 0.3875 0.2586365 0.3875 0.2551539 0.6125 0.2551539 0.3875 0.2551539 0.3875 0.2448461 0.6125 0.2448461 0.3875 0.2448461 0.3875 0.2413634 0.6125 0.2413634 0.3875 0.2413634 0.3875 0.2375 0.6125 0.2375 0.1375 0.5125 0.1375 0.5086365 0.3625 0.5086365 0.1375 0.5086365 0.1375 0.505154 0.3625 0.5051539 0.1375 0.505154 0.1375 0.5 0.3625 0.5 0.3801539 0.2625 0.3836365 0.2625 0.3836365 0.4875 0.3836365 0.2625 0.3875 0.2625 0.3875 0.4875 0.6375 0.5125 0.6375 0.5086365 0.8625 0.5086365 0.6375 0.5086365 0.6375 0.505154 0.8625 0.5051539 0.6375 0.505154 0.6375 0.5 0.8625 0.5 0.6198461 0.4875 0.6163634 0.4875 0.6163635 0.2625 0.6163634 0.4875 0.6125 0.4875 0.6125 0.2625 0.3875 0.5125 0.3875 0.5086365 0.6125 0.5086365 0.3875 0.5086365 0.3875 0.505154 0.6125 0.5051539 0.3875 0.505154 0.3875 0.4948461 0.6125 0.4948461 0.3875 0.4948461 0.3875 0.4913634 0.6125 0.4913634 0.3875 0.4913634 0.3875 0.4875 0.6125 0.4875 0.3625 0.5125 0.3663634 0.5125 0.3663634 0.7375 0.3663634 0.5125 0.3698461 0.5125 0.3698461 0.7375 0.3698461 0.5125 0.3801539 0.5125 0.3801539 0.7375 0.3801539 0.5125 0.3836365 0.5125001 0.3836365 0.7375 0.3836365 0.5125001 0.3875 0.5125 0.3875 0.7375 0.6375 0.7375 0.6336366 0.7375 0.6336366 0.5125001 0.6336366 0.7375 0.6301539 0.7375 0.6301538 0.5125 0.6301539 0.7375 0.6198461 0.7375 0.6198461 0.5125 0.6198461 0.7375 0.6163634 0.7375 0.6163635 0.5125 0.6163634 0.7375 0.6125 0.7375 0.6125 0.5125 0.3875 0.7625 0.3875 0.7586366 0.6125 0.7586365 0.3875 0.7586366 0.3875 0.7551539 0.6125 0.7551539 0.3875 0.7551539 0.3875 0.7448461 0.6125 0.7448461 0.3875 0.7448461 0.3875 0.7413634 0.6125 0.7413635 0.3875 0.7413634 0.3875 0.7375 0.6125 0.7375 0.3625 0.7375 0.3625 0.7413635 0.1374999 0.7413634 0.3625 0.7413635 0.3625 0.7448461 0.1375 0.7448461 0.3625 0.7448461 0.3625 0.75 0.1375 0.75 0.3801539 0.7625 0.3836365 0.7625001 0.3836365 0.9875 0.3836365 0.7625001 0.3875 0.7625 0.3875 0.9875 0.8625 0.7375 0.8625 0.7413635 0.6375 0.7413634 0.8625 0.7413635 0.8625 0.7448461 0.6375 0.7448461 0.8625 0.7448461 0.8625 0.75 0.6375 0.75 0.6198461 0.9875 0.6163634 0.9875 0.6163635 0.7625 0.6163634 0.9875 0.6125 0.9875 0.6125 0.7625 0.3625 0.5125 0.3625 0.7375 0.1375 0.7375 0.625 0 0.625 0.25 0.375 0.25 0.625 0.25 0.625 0.5 0.375 0.5 0.625 0.5 0.625 0.75 0.375 0.75 0.625 0.75 0.625 1 0.375 1 0.375 0.5 0.375 0.75 0.125 0.75 0.875 0.5 0.875 0.75 0.625 0.75 0.375 0 0.625 0 0.625 0.25 0.625 0.25 0.625 0.5 0.375 0.5 0.625 0.75 0.625 1 0.375 1 0.375 0.5 0.375 0.75 0.125 0.75 0.625 0.75 0.625 0.75 0.875 0.5 0.625 0.5 0.625 0.5 0.625 0.75 0.875 0.5 0.875 0.5 0.625 0.5 0.625 0.75 0.625 0.75 0.875 0.5 0.625 0.5 0.625 0.5 0.625 0.75 0.875 0.5 0.875 0.5 0.625 0.5 0.375 0.25 0.625 0.25 0.625 0 0.375 0.5 0.625 0.5 0.625 0.25 0.375 0.75 0.625 0.75 0.625 0.5 0.375 1 0.625 1 0.625 0.75 0.125 0.75 0.375 0.75 0.375 0.5 0.625 0.75 0.875 0.75 0.875 0.5 0.375 0 0.375 0.25 0.625 0.25 0.375 0.5 0.625 0.5 0.625 0.25 0.375 0.75 0.375 1 0.625 1 0.125 0.75 0.375 0.75 0.375 0.5 0.875 0.5 0.625 0.75 0.625 0.75 0.625 0.75 0.625 0.5 0.625 0.5 0.625 0.5 0.875 0.5 0.875 0.5 0.875 0.5 0.625 0.75 0.625 0.75 0.625 0.75 0.625 0.5 0.625 0.5 0.625 0.5 0.875 0.5 0.875 0.5 0.625 0.25 0.625 0 0.625 0 0.625 0.5 0.625 0.25 0.625 0.25 0.625 0.5 0.625 0.5 0.375 0.5 0.375 0.75 0.375 0.5 0.375 0.5 0.625 0.75 0.375 0.75 0.375 0.75 0.625 0.75 0.625 0.75 0.625 1 0.625 0 0.625 0.25 0.375 0.25 0.625 0.25 0.625 0.5 0.375 0.5 0.625 0.5 0.625 0.75 0.375 0.75 0.625 0.75 0.625 1 0.375 1 0.375 0.5 0.375 0.75 0.125 0.75 0.875 0.5 0.875 0.75 0.625 0.75 0.375 0 0.625 0 0.625 0.25 0.625 0.25 0.625 0.5 0.375 0.5 0.625 0.75 0.625 1 0.375 1 0.375 0.5 0.375 0.75 0.125 0.75 0.625 0.75 0.625 0.75 0.875 0.5 0.625 0.5 0.625 0.5 0.625 0.75 0.875 0.5 0.875 0.5 0.625 0.5 0.625 0.75 0.625 0.75 0.875 0.5 0.625 0.5 0.625 0.5 0.625 0.75 0.875 0.5 0.875 0.5 0.625 0.5 0.375 0.25 0.625 0.25 0.625 0 0.375 0.5 0.625 0.5 0.625 0.25 0.375 0.75 0.625 0.75 0.625 0.5 0.375 1 0.625 1 0.625 0.75 0.125 0.75 0.375 0.75 0.375 0.5 0.625 0.75 0.875 0.75 0.875 0.5 0.375 0 0.375 0.25 0.625 0.25 0.375 0.5 0.625 0.5 0.625 0.25 0.375 0.75 0.375 1 0.625 1 0.125 0.75 0.375 0.75 0.375 0.5 0.875 0.5 0.625 0.75 0.625 0.75 0.625 0.75 0.625 0.5 0.625 0.5 0.625 0.5 0.875 0.5 0.875 0.5 0.875 0.5 0.625 0.75 0.625 0.75 0.625 0.75 0.625 0.5 0.625 0.5 0.625 0.5 0.875 0.5 0.875 0.5 0.625 0.25 0.625 0 0.625 0 0.625 0.5 0.625 0.25 0.625 0.25 0.625 0.5 0.625 0.5 0.375 0.5 0.375 0.75 0.375 0.5 0.375 0.5 0.625 0.75 0.375 0.75 0.375 0.75 0.625 0.75 0.625 0.75 0.625 1 0.625 0.8125 0.625 0.9375 0.375 0.9375 0.625 0.6875 0.625 0.5625 0.6289789 0.5257634 0.625 0.5625 0.6260197 0.5431864 0.6289789 0.5257634 0.6289789 0.5257634 0.6335878 0.4868032 0.6289789 0.7242366 0.625 0.6875 0.6289789 0.5257634 0.6289789 0.7242366 0.6335878 0.4868032 0.6393955 0.4722287 0.6393955 0.7777714 0.6393955 0.4722287 0.6875 0.5 0.6393955 0.7777714 0.6875 0.5 0.8125 0.5 0.8125 0.75 0.8125 0.5 0.6939244 0.3631428 0.8125 0.75 0.6939244 0.3631428 0.6997066 0.3544852 0.8491196 0.7380712 0.6997066 0.3544852 0.7043163 0.3247433 0.8491196 0.7380712 0.7043163 0.3247433 0.7073011 0.3189371 0.875 0.5625 0.875 0.5625 0.875 0.6875 0.8629487 0.7242432 0.875 0.6875 0.8719033 0.7068159 0.8629487 0.7242432 0.8629487 0.7242432 0.8491196 0.7380712 0.7043163 0.3247433 0.875 0.5625 0.8629487 0.7242432 0.7043163 0.3247433 0.8491196 0.7380712 0.8317733 0.7469446 0.6939244 0.3631428 0.8317733 0.7469446 0.8125 0.75 0.6939244 0.3631428 0.8125 0.75 0.6875 0.75 0.6875 0.5 0.6875 0.75 0.6393955 0.7777714 0.6875 0.5 0.6393955 0.7777714 0.6335878 0.7631968 0.6335878 0.4868032 0.6335878 0.7631968 0.6289789 0.7242366 0.6335878 0.4868032 0.625 0.3125 0.625 0.4375 0.375 0.4375 0.625 0.5625 0.625 0.6875 0.375 0.6875 0.375 0.5625 0.3739804 0.5431864 0.6260197 0.5431864 0.3739804 0.5431864 0.3710212 0.5257634 0.6289789 0.5257634 0.3710212 0.5257634 0.3664122 0.4868032 0.6335878 0.4868032 0.3664122 0.4868032 0.3606045 0.4722287 0.6393955 0.4722287 0.3606045 0.4722287 0.375 0.4375 0.625 0.4375 0.375 0.8125 0.3606045 0.7777714 0.6393955 0.7777714 0.3606045 0.7777714 0.3664122 0.7631968 0.6335878 0.7631968 0.3664122 0.7631968 0.3710212 0.7242366 0.6289789 0.7242366 0.3710212 0.7242366 0.3739804 0.7068136 0.6260197 0.7068136 0.3739804 0.7068136 0.375 0.6875 0.625 0.6875 0.625 0.0625 0.625 0.1875 0.375 0.1875 0.625 0.9375 0.625 0.9568136 0.375 0.9568136 0.625 0.9568136 0.625 0.9742366 0.375 0.9742366 0.625 0.9742366 0.625 1 0.375 1 0.625 0.02576339 0.625 0.04318642 0.375 0.04318642 0.625 0.04318642 0.625 0.0625 0.375 0.0625 0.375 0.3125 0.3060756 0.3631428 0.6939244 0.3631428 0.3060756 0.3631428 0.3002935 0.3544852 0.6997066 0.3544852 0.3002935 0.3544852 0.2956838 0.3247433 0.7043163 0.3247433 0.2956838 0.3247433 0.2926989 0.3189371 0.7073011 0.3189371 0.2926989 0.3189371 0.375 0.1875 0.625 0.1875 0.375 0.9375 0.625 0.9375 0.625 0.8125 0.6260197 0.5431864 0.625 0.5625 0.6289789 0.5257634 0.625 0.5625 0.625 0.6875 0.6289789 0.5257634 0.625 0.6875 0.6260197 0.7068136 0.6289789 0.7242366 0.6289789 0.7242366 0.6335878 0.7631968 0.6335878 0.4868032 0.6335878 0.7631968 0.6393955 0.7777714 0.6335878 0.4868032 0.6393955 0.7777714 0.6875 0.75 0.6875 0.5 0.6875 0.75 0.8125 0.75 0.6875 0.5 0.8125 0.75 0.8317733 0.7469446 0.6939244 0.3631428 0.8317733 0.7469446 0.8491196 0.7380712 0.6939244 0.3631428 0.8491196 0.7380712 0.8629487 0.7242432 0.7043163 0.3247433 0.8629487 0.7242432 0.8719033 0.7068159 0.875 0.6875 0.7043163 0.3247433 0.8629487 0.7242432 0.875 0.5625 0.875 0.6875 0.875 0.5625 0.8629487 0.7242432 0.875 0.5625 0.7073011 0.3189371 0.7043163 0.3247433 0.7043163 0.3247433 0.6997066 0.3544852 0.8491196 0.7380712 0.6997066 0.3544852 0.6939244 0.3631428 0.8491196 0.7380712 0.6939244 0.3631428 0.8125 0.5 0.8125 0.75 0.8125 0.5 0.6875 0.5 0.8125 0.75 0.6875 0.5 0.6393955 0.4722287 0.6393955 0.7777714 0.6393955 0.4722287 0.6335878 0.4868032 0.6393955 0.7777714 0.6335878 0.4868032 0.6289789 0.5257634 0.6289789 0.7242366 0.375 0.4375 0.625 0.4375 0.625 0.3125 0.375 0.6875 0.625 0.6875 0.625 0.5625 0.6260197 0.5431864 0.3739804 0.5431864 0.375 0.5625 0.6289789 0.5257634 0.3710212 0.5257634 0.3739804 0.5431864 0.6335878 0.4868032 0.3664122 0.4868032 0.3710212 0.5257634 0.6393955 0.4722287 0.3606045 0.4722287 0.3664122 0.4868032 0.625 0.4375 0.375 0.4375 0.3606045 0.4722287 0.625 0.8125 0.6393955 0.7777714 0.3606045 0.7777714 0.6393955 0.7777714 0.6335878 0.7631968 0.3664122 0.7631968 0.6335878 0.7631968 0.6289789 0.7242366 0.3710212 0.7242366 0.6289789 0.7242366 0.6260197 0.7068136 0.3739804 0.7068136 0.6260197 0.7068136 0.625 0.6875 0.375 0.6875 0.375 0.1875 0.625 0.1875 0.625 0.0625 0.375 0.9568136 0.625 0.9568136 0.625 0.9375 0.375 0.9742366 0.625 0.9742366 0.625 0.9568136 0.375 1 0.625 1 0.625 0.9742366 0.375 0.04318642 0.625 0.04318642 0.625 0.02576339 0.375 0.0625 0.625 0.0625 0.625 0.04318642 0.625 0.3125 0.6939244 0.3631428 0.3060756 0.3631428 0.6939244 0.3631428 0.6997066 0.3544852 0.3002935 0.3544852 0.6997066 0.3544852 0.7043163 0.3247433 0.2956838 0.3247433 0.7043163 0.3247433 0.7073011 0.3189371 0.2926989 0.3189371 0.7073011 0.3189371 0.625 0.1875 0.375 0.1875 0.3739804 0.5431864 0.375 0.5625 0.375 0.5625 0.3710212 0.5257634 0.3739804 0.5431864 0.3739804 0.5431864 0.3664122 0.4868032 0.3710212 0.5257634 0.3710212 0.5257634 0.3606045 0.4722287 0.3664122 0.4868032 0.3664122 0.4868032 0.375 0.4375 0.3606045 0.4722287 0.3606045 0.4722287 0.375 0.8125 0.375 0.8125 0.3606045 0.7777714 0.3606045 0.7777714 0.3606045 0.7777714 0.3664122 0.7631968 0.3664122 0.7631968 0.3664122 0.7631968 0.3710212 0.7242366 0.3710212 0.7242366 0.3710212 0.7242366 0.3739804 0.7068136 0.3739804 0.7068136 0.3739804 0.7068136 0.375 0.6875 0.375 0.6875 0.375 0.6875 0.375 0.5625 0.375 0.9375 0.375 0.9568136 0.375 0.9568136 0.375 0.9568136 0.375 0.9742366 0.375 0.9742366 0.375 0.9742366 0.375 1 0.375 1 0.375 0.02576339 0.375 0.04318642 0.375 0.04318642 0.375 0.04318642 0.375 0.0625 0.375 0.0625 0.375 0.3125 0.375 0.3125 0.3060756 0.3631428 0.3060756 0.3631428 0.3060756 0.3631428 0.3002935 0.3544852 0.3002935 0.3544852 0.3002935 0.3544852 0.2956838 0.3247433 0.2956838 0.3247433 0.2956838 0.3247433 0.2926989 0.3189371 0.2926989 0.3189371 0.2926989 0.3189371 0.375 0.1875 0.375 0.1875 0.375 0.1875 0.375 0.0625 0.375 0.3125 0.375 0.4375 0.375 0.4375 0.375 0.9375 0.375 0.9375 0.375 0.8125</float_array>
          <technique_common>
            <accessor source="#Cube_025-mesh-map-0-array" count="3192" stride="2">
              <param name="S" type="float"/>
              <param name="T" type="float"/>
            </accessor>
          </technique_common>
        </source>
        <vertices id="Cube_025-mesh-vertices">
          <input semantic="POSITION" source="#Cube_025-mesh-positions"/>
        </vertices>
        <triangles count="976">
          <input semantic="VERTEX" source="#Cube_025-mesh-vertices" offset="0"/>
          <input semantic="NORMAL" source="#Cube_025-mesh-normals" offset="1"/>
          <input semantic="TEXCOORD" source="#Cube_025-mesh-map-0" offset="2" set="0"/>
          <p>1 0 0 2 0 1 0 0 2 3 1 3 6 1 4 2 1 5 7 2 6 4 2 7 6 2 8 5 3 9 0 3 10 4 3 11 6 4 12 0 4 13 2 4 14 3 5 15 5 5 16 7 5 17 8 6 18 11 6 19 10 6 20 11 7 21 14 7 22 10 7 23 13 8 24 8 8 25 12 8 26 14 9 27 8 9 28 10 9 29 16 10 30 18 10 31 17 10 32 19 11 33 21 11 34 20 11 35 17 12 36 19 12 37 16 12 38 18 13 39 21 13 40 17 13 41 16 14 42 20 14 43 18 14 44 22 15 45 24 15 46 23 15 47 25 16 48 27 16 49 26 16 50 23 17 51 25 17 52 22 17 53 24 18 54 27 18 55 23 18 56 22 19 57 26 19 58 24 19 59 30 20 60 29 20 61 28 20 62 34 21 63 31 21 64 30 21 65 32 22 66 35 22 67 34 22 68 28 23 69 33 23 70 32 23 71 28 24 72 34 24 73 30 24 74 33 25 75 31 25 76 35 25 77 36 26 78 39 26 79 37 26 80 42 27 81 39 27 82 38 27 83 40 28 84 37 28 85 41 28 86 36 29 87 42 29 88 38 29 89 44 30 90 45 30 91 46 30 92 47 31 93 48 31 94 49 31 95 47 32 96 45 32 97 44 32 98 49 33 99 46 33 100 45 33 101 48 34 102 44 34 103 46 34 104 50 35 105 51 35 106 52 35 107 53 36 108 54 36 109 55 36 110 53 37 111 51 37 112 50 37 113 55 38 114 52 38 115 51 38 116 54 39 117 50 39 118 52 39 119 11 40 120 37 40 121 39 40 122 15 41 123 39 41 124 43 41 125 15 42 126 42 42 127 14 42 128 12 43 129 42 43 130 40 43 131 13 44 132 40 44 133 41 44 134 13 45 135 37 45 136 9 45 137 57 46 138 58 46 139 56 46 140 59 47 141 62 47 142 58 47 143 63 48 144 60 48 145 62 48 146 61 49 147 56 49 148 60 49 149 62 50 150 56 50 151 58 50 152 59 51 153 61 51 154 63 51 155 65 52 156 66 52 157 64 52 158 67 53 159 70 53 160 66 53 161 71 54 162 68 54 163 70 54 164 69 55 165 64 55 166 68 55 167 70 56 168 64 56 169 66 56 170 67 57 171 69 57 172 71 57 173 72 58 174 75 58 175 74 58 176 75 59 177 78 59 178 74 59 179 77 60 180 72 60 181 76 60 182 78 61 183 72 61 184 74 61 185 80 62 186 82 62 187 81 62 188 83 63 189 85 63 190 84 63 191 81 64 192 83 64 193 80 64 194 82 65 195 85 65 196 81 65 197 80 66 198 84 66 199 82 66 200 86 67 201 88 67 202 87 67 203 89 68 204 91 68 205 90 68 206 87 69 207 89 69 208 86 69 209 88 70 210 91 70 211 87 70 212 86 71 213 90 71 214 88 71 215 94 72 216 93 72 217 92 72 218 98 73 219 95 73 220 94 73 221 96 74 222 99 74 223 98 74 224 92 75 225 97 75 226 96 75 227 92 76 228 98 76 229 94 76 230 97 77 231 95 77 232 99 77 233 100 78 234 103 78 235 101 78 236 106 79 237 103 79 238 102 79 239 104 80 240 101 80 241 105 80 242 100 81 243 106 81 244 102 81 245 108 82 246 109 82 247 110 82 248 111 83 249 112 83 250 113 83 251 111 84 252 109 84 253 108 84 254 113 85 255 110 85 256 109 85 257 112 86 258 108 86 259 110 86 260 114 87 261 115 87 262 116 87 263 117 88 264 118 88 265 119 88 266 117 89 267 115 89 268 114 89 269 119 90 270 116 90 271 115 90 272 118 91 273 114 91 274 116 91 275 75 92 276 101 92 277 103 92 278 79 93 279 103 93 280 107 93 281 79 94 282 106 94 283 78 94 284 76 95 285 106 95 286 104 95 287 77 96 288 104 96 289 105 96 290 77 97 291 101 97 292 73 97 293 121 98 294 122 98 295 120 98 296 123 99 297 126 99 298 122 99 299 127 100 300 124 100 301 126 100 302 125 101 303 120 101 304 124 101 305 126 102 306 120 102 307 122 102 308 123 103 309 125 103 310 127 103 311 320 151 453 185 151 454 294 151 455 374 152 456 293 152 457 348 152 458 265 153 459 319 153 460 373 153 461 213 154 462 239 154 463 186 154 464 266 155 465 347 155 466 240 155 467 187 156 468 189 156 469 184 156 470 188 157 471 190 157 472 187 157 473 200 158 474 191 158 475 188 158 476 190 159 477 192 159 478 189 159 479 191 160 480 193 160 481 190 160 482 201 161 483 194 161 484 191 161 485 195 162 486 197 162 487 185 162 488 196 163 489 198 163 490 195 163 491 196 164 492 209 164 493 199 164 494 198 165 495 200 165 496 197 165 497 198 166 498 202 166 499 201 166 500 199 167 501 210 167 502 202 167 503 203 168 504 205 168 505 186 168 506 204 169 507 206 169 508 203 169 509 204 170 510 193 170 511 207 170 512 206 171 513 208 171 514 205 171 515 206 172 516 210 172 517 209 172 518 207 173 519 194 173 520 210 173 521 194 174 522 202 174 523 210 174 524 214 175 525 216 175 526 211 175 527 215 176 528 217 176 529 214 176 530 215 177 531 228 177 532 218 177 533 217 178 534 219 178 535 216 178 536 217 179 537 221 179 538 220 179 539 218 180 540 229 180 541 221 180 542 222 181 543 224 181 544 212 181 545 223 182 546 225 182 547 222 182 548 235 183 549 226 183 550 223 183 551 225 184 552 227 184 553 224 184 554 226 185 555 228 185 556 225 185 557 236 186 558 229 186 559 226 186 560 230 187 561 232 187 562 213 187 563 231 188 564 233 188 565 230 188 566 219 189 567 234 189 568 231 189 569 233 190 570 235 190 571 232 190 572 233 191 573 237 191 574 236 191 575 220 192 576 237 192 577 234 192 578 221 193 579 229 193 580 237 193 581 241 194 582 243 194 583 238 194 584 242 195 585 244 195 586 241 195 587 254 196 588 245 196 589 242 196 590 244 197 591 246 197 592 243 197 593 245 198 594 247 198 595 244 198 596 255 199 597 248 199 598 245 199 599 249 200 600 251 200 601 239 200 602 250 201 603 252 201 604 249 201 605 262 202 606 253 202 607 250 202 608 252 203 609 254 203 610 251 203 611 252 204 612 256 204 613 255 204 614 263 205 615 256 205 616 253 205 617 257 206 618 259 206 619 240 206 620 258 207 621 260 207 622 257 207 623 258 208 624 247 208 625 261 208 626 260 209 627 262 209 628 259 209 629 260 210 630 264 210 631 263 210 632 261 211 633 248 211 634 264 211 635 248 212 636 256 212 637 264 212 638 268 213 639 270 213 640 265 213 641 269 214 642 271 214 643 268 214 644 281 215 645 272 215 646 269 215 647 271 216 648 273 216 649 270 216 650 272 217 651 274 217 652 271 217 653 282 218 654 275 218 655 272 218 656 276 219 657 278 219 658 266 219 659 277 220 660 279 220 661 276 220 662 277 221 663 290 221 664 280 221 665 279 222 666 281 222 667 278 222 668 279 223 669 283 223 670 282 223 671 280 224 672 291 224 673 283 224 674 284 225 675 286 225 676 267 225 677 285 226 678 287 226 679 284 226 680 285 227 681 274 227 682 288 227 683 287 228 684 289 228 685 286 228 686 287 229 687 291 229 688 290 229 689 288 230 690 275 230 691 291 230 692 275 231 693 283 231 694 291 231 695 295 232 696 297 232 697 292 232 698 296 233 699 298 233 700 295 233 701 308 234 702 299 234 703 296 234 704 298 235 705 300 235 706 297 235 707 299 236 708 301 236 709 298 236 710 309 237 711 302 237 712 299 237 713 303 238 714 305 238 715 293 238 716 304 239 717 306 239 718 303 239 719 316 240 720 307 240 721 304 240 722 306 241 723 308 241 724 305 241 725 306 242 726 310 242 727 309 242 728 317 243 729 310 243 730 307 243 731 311 244 732 313 244 733 294 244 734 312 245 735 314 245 736 311 245 737 312 246 738 301 246 739 315 246 740 314 247 741 316 247 742 313 247 743 314 248 744 318 248 745 317 248 746 315 249 747 302 249 748 318 249 749 302 250 750 310 250 751 318 250 752 322 251 753 324 251 754 319 251 755 323 252 756 325 252 757 322 252 758 335 253 759 326 253 760 323 253 761 325 254 762 327 254 763 324 254 764 326 255 765 328 255 766 325 255 767 336 256 768 329 256 769 326 256 770 330 257 771 332 257 772 320 257 773 331 258 774 333 258 775 330 258 776 331 259 777 344 259 778 334 259 779 333 260 780 335 260 781 332 260 782 333 261 783 337 261 784 336 261 785 334 262 786 345 262 787 337 262 788 338 263 789 340 263 790 321 263 791 339 264 792 341 264 793 338 264 794 339 265 795 328 265 796 342 265 797 341 266 798 343 266 799 340 266 800 341 267 801 345 267 802 344 267 803 342 268 804 329 268 805 345 268 806 329 269 807 337 269 808 345 269 809 349 270 810 351 270 811 346 270 812 350 271 813 352 271 814 349 271 815 362 272 816 353 272 817 350 272 818 352 273 819 354 273 820 351 273 821 353 274 822 355 274 823 352 274 824 363 275 825 356 275 826 353 275 827 357 276 828 359 276 829 347 276 830 358 277 831 360 277 832 357 277 833 358 278 834 371 278 835 361 278 836 360 279 837 362 279 838 359 279 839 360 280 840 364 280 841 363 280 842 361 281 843 372 281 844 364 281 845 365 282 846 367 282 847 348 282 848 366 283 849 368 283 850 365 283 851 366 284 852 355 284 853 369 284 854 368 285 855 370 285 856 367 285 857 368 286 858 372 286 859 371 286 860 369 287 861 356 287 862 372 287 863 356 288 864 364 288 865 372 288 866 376 289 867 378 289 868 373 289 869 377 290 870 379 290 871 376 290 872 389 291 873 380 291 874 377 291 875 379 292 876 381 292 877 378 292 878 380 293 879 382 293 880 379 293 881 390 294 882 383 294 883 380 294 884 384 295 885 386 295 886 374 295 887 385 296 888 387 296 889 384 296 890 397 297 891 388 297 892 385 297 893 387 298 894 389 298 895 386 298 896 387 299 897 391 299 898 390 299 899 398 300 900 391 300 901 388 300 902 392 301 903 394 301 904 375 301 905 393 302 906 395 302 907 392 302 908 393 303 909 382 303 910 396 303 911 395 304 912 397 304 913 394 304 914 395 305 915 399 305 916 398 305 917 396 306 918 383 306 919 399 306 920 383 307 921 391 307 922 399 307 923 184 308 924 241 308 925 238 308 926 189 309 927 242 309 928 241 309 929 192 310 930 254 310 931 242 310 932 204 311 933 251 311 934 254 311 935 203 312 936 239 312 937 251 312 938 211 313 939 195 313 940 185 313 941 216 314 942 196 314 943 195 314 944 219 315 945 208 315 946 196 315 947 231 316 948 205 316 949 208 316 950 230 317 951 186 317 952 205 317 953 265 318 954 222 318 955 212 318 956 270 319 957 223 319 958 222 319 959 273 320 960 235 320 961 223 320 962 285 321 963 232 321 964 235 321 965 284 322 966 213 322 967 232 322 968 240 323 969 276 323 970 266 323 971 259 324 972 277 324 973 276 324 974 262 325 975 289 325 976 277 325 977 250 326 978 286 326 979 289 326 980 249 327 981 267 327 982 286 327 983 238 328 984 349 328 985 346 328 986 243 329 987 350 329 988 349 329 989 246 330 990 362 330 991 350 330 992 258 331 993 359 331 994 362 331 995 257 332 996 347 332 997 359 332 998 373 333 999 268 333 1000 265 333 1001 378 334 1002 269 334 1003 268 334 1004 381 335 1005 281 335 1006 269 335 1007 393 336 1008 278 336 1009 281 336 1010 392 337 1011 266 337 1012 278 337 1013 348 338 1014 384 338 1015 374 338 1016 367 339 1017 385 339 1018 384 339 1019 370 340 1020 397 340 1021 385 340 1022 358 341 1023 394 341 1024 397 341 1025 357 342 1026 375 342 1027 394 342 1028 346 343 1029 295 343 1030 292 343 1031 351 344 1032 296 344 1033 295 344 1034 354 345 1035 308 345 1036 296 345 1037 366 346 1038 305 346 1039 308 346 1040 365 347 1041 293 347 1042 305 347 1043 319 348 1044 376 348 1045 373 348 1046 324 349 1047 377 349 1048 376 349 1049 327 350 1050 389 350 1051 377 350 1052 339 351 1053 386 351 1054 389 351 1055 338 352 1056 374 352 1057 386 352 1058 294 353 1059 330 353 1060 320 353 1061 313 354 1062 331 354 1063 330 354 1064 316 355 1065 343 355 1066 331 355 1067 304 356 1068 340 356 1069 343 356 1070 303 357 1071 321 357 1072 340 357 1073 292 358 1074 187 358 1075 184 358 1076 297 359 1077 188 359 1078 187 359 1079 300 360 1080 200 360 1081 188 360 1082 312 361 1083 197 361 1084 200 361 1085 311 362 1086 185 362 1087 197 362 1088 212 363 1089 322 363 1090 319 363 1091 224 364 1092 323 364 1093 322 364 1094 227 365 1095 335 365 1096 323 365 1097 215 366 1098 332 366 1099 335 366 1100 214 367 1101 320 367 1102 332 367 1103 346 368 1104 184 368 1105 238 368 1106 401 369 1107 402 369 1108 400 369 1109 403 370 1110 406 370 1111 402 370 1112 407 371 1113 404 371 1114 406 371 1115 405 372 1116 400 372 1117 404 372 1118 406 373 1119 400 373 1120 402 373 1121 403 374 1122 405 374 1123 407 374 1124 408 375 1125 411 375 1126 410 375 1127 411 376 1128 414 376 1129 410 376 1130 413 377 1131 408 377 1132 412 377 1133 414 378 1134 408 378 1135 410 378 1136 416 379 1137 418 379 1138 417 379 1139 419 380 1140 421 380 1141 420 380 1142 417 381 1143 419 381 1144 416 381 1145 418 382 1146 421 382 1147 417 382 1148 416 383 1149 420 383 1150 418 383 1151 422 384 1152 424 384 1153 423 384 1154 425 385 1155 427 385 1156 426 385 1157 423 386 1158 425 386 1159 422 386 1160 424 387 1161 427 387 1162 423 387 1163 422 388 1164 426 388 1165 424 388 1166 430 389 1167 429 389 1168 428 389 1169 434 390 1170 431 390 1171 430 390 1172 432 391 1173 435 391 1174 434 391 1175 428 392 1176 433 392 1177 432 392 1178 428 393 1179 434 393 1180 430 393 1181 433 394 1182 431 394 1183 435 394 1184 436 395 1185 439 395 1186 437 395 1187 442 396 1188 439 396 1189 438 396 1190 440 397 1191 437 397 1192 441 397 1193 436 398 1194 442 398 1195 438 398 1196 444 399 1197 445 399 1198 446 399 1199 447 400 1200 448 400 1201 449 400 1202 447 401 1203 445 401 1204 444 401 1205 449 402 1206 446 402 1207 445 402 1208 448 403 1209 444 403 1210 446 403 1211 450 404 1212 451 404 1213 452 404 1214 453 405 1215 454 405 1216 455 405 1217 453 406 1218 451 406 1219 450 406 1220 455 407 1221 452 407 1222 451 407 1223 454 408 1224 450 408 1225 452 408 1226 411 409 1227 437 409 1228 439 409 1229 415 410 1230 439 410 1231 443 410 1232 415 411 1233 442 411 1234 414 411 1235 412 412 1236 442 412 1237 440 412 1238 413 413 1239 440 413 1240 441 413 1241 413 414 1242 437 414 1243 409 414 1244 457 415 1245 458 415 1246 456 415 1247 459 416 1248 462 416 1249 458 416 1250 463 417 1251 460 417 1252 462 417 1253 461 418 1254 456 418 1255 460 418 1256 462 419 1257 456 419 1258 458 419 1259 459 420 1260 461 420 1261 463 420 1262 464 421 1263 467 421 1264 466 421 1265 467 422 1266 470 422 1267 466 422 1268 469 423 1269 464 423 1270 468 423 1271 470 424 1272 464 424 1273 466 424 1274 472 425 1275 474 425 1276 473 425 1277 475 426 1278 477 426 1279 476 426 1280 473 427 1281 475 427 1282 472 427 1283 474 428 1284 477 428 1285 473 428 1286 472 429 1287 476 429 1288 474 429 1289 478 430 1290 480 430 1291 479 430 1292 481 431 1293 483 431 1294 482 431 1295 479 432 1296 481 432 1297 478 432 1298 480 433 1299 483 433 1300 479 433 1301 478 434 1302 482 434 1303 480 434 1304 486 435 1305 485 435 1306 484 435 1307 490 436 1308 487 436 1309 486 436 1310 488 437 1311 491 437 1312 490 437 1313 484 438 1314 489 438 1315 488 438 1316 484 439 1317 490 439 1318 486 439 1319 489 440 1320 487 440 1321 491 440 1322 492 441 1323 495 441 1324 493 441 1325 498 442 1326 495 442 1327 494 442 1328 496 443 1329 493 443 1330 497 443 1331 492 444 1332 498 444 1333 494 444 1334 500 445 1335 501 445 1336 502 445 1337 503 446 1338 504 446 1339 505 446 1340 503 447 1341 501 447 1342 500 447 1343 505 448 1344 502 448 1345 501 448 1346 504 449 1347 500 449 1348 502 449 1349 506 450 1350 507 450 1351 508 450 1352 509 451 1353 510 451 1354 511 451 1355 509 452 1356 507 452 1357 506 452 1358 511 453 1359 508 453 1360 507 453 1361 510 454 1362 506 454 1363 508 454 1364 467 455 1365 493 455 1366 495 455 1367 471 456 1368 495 456 1369 499 456 1370 471 457 1371 498 457 1372 470 457 1373 468 458 1374 498 458 1375 496 458 1376 469 459 1377 496 459 1378 497 459 1379 469 460 1380 493 460 1381 465 460 1382 518 461 1383 536 461 1384 513 461 1385 522 462 1386 523 462 1387 519 462 1388 554 463 1389 524 463 1390 549 463 1391 530 464 1392 512 464 1393 525 464 1394 525 465 1395 532 465 1396 530 465 1397 529 466 1398 533 466 1399 532 466 1400 528 467 1401 534 467 1402 533 467 1403 527 468 1404 535 468 1405 534 468 1406 526 469 1407 531 469 1408 535 469 1409 513 470 1410 520 470 1411 518 470 1412 517 471 1413 521 471 1414 520 471 1415 516 472 1416 522 472 1417 521 472 1418 515 473 1419 523 473 1420 522 473 1421 514 474 1422 519 474 1423 523 474 1424 542 475 1425 548 475 1426 537 475 1427 543 476 1428 538 476 1429 536 476 1430 547 477 1431 539 477 1432 538 477 1433 546 478 1434 540 478 1435 539 478 1436 545 479 1437 541 479 1438 540 479 1439 544 480 1440 537 480 1441 541 480 1442 549 481 1443 556 481 1444 554 481 1445 553 482 1446 557 482 1447 556 482 1448 552 483 1449 558 483 1450 557 483 1451 551 484 1452 559 484 1453 558 484 1454 550 485 1455 555 485 1456 559 485 1457 584 486 1458 566 486 1459 561 486 1460 570 487 1461 581 487 1462 567 487 1463 572 488 1464 602 488 1465 597 488 1466 560 489 1467 578 489 1468 573 489 1469 580 490 1470 573 490 1471 578 490 1472 581 491 1473 577 491 1474 580 491 1475 582 492 1476 576 492 1477 581 492 1478 583 493 1479 575 493 1480 582 493 1481 579 494 1482 574 494 1483 583 494 1484 566 495 1485 565 495 1486 561 495 1487 568 496 1488 564 496 1489 565 496 1490 569 497 1491 563 497 1492 564 497 1493 570 498 1494 562 498 1495 563 498 1496 571 499 1497 560 499 1498 562 499 1499 596 500 1500 590 500 1501 585 500 1502 586 501 1503 591 501 1504 584 501 1505 587 502 1506 595 502 1507 586 502 1508 588 503 1509 594 503 1510 587 503 1511 589 504 1512 593 504 1513 588 504 1514 585 505 1515 592 505 1516 589 505 1517 602 506 1518 601 506 1519 597 506 1520 604 507 1521 600 507 1522 601 507 1523 605 508 1524 599 508 1525 600 508 1526 606 509 1527 598 509 1528 599 509 1529 607 510 1530 596 510 1531 598 510 1532 529 511 1533 573 511 1534 577 511 1535 528 512 1536 577 512 1537 576 512 1538 527 513 1539 576 513 1540 575 513 1541 526 514 1542 575 514 1543 574 514 1544 524 515 1545 574 515 1546 572 515 1547 513 516 1548 565 516 1549 517 516 1550 517 517 1551 564 517 1552 516 517 1553 516 518 1554 563 518 1555 515 518 1556 515 519 1557 562 519 1558 514 519 1559 514 520 1560 560 520 1561 512 520 1562 512 521 1563 573 521 1564 525 521 1565 536 522 1566 586 522 1567 584 522 1568 538 523 1569 587 523 1570 586 523 1571 539 524 1572 588 524 1573 587 524 1574 540 525 1575 589 525 1576 588 525 1577 541 526 1578 585 526 1579 589 526 1580 549 527 1581 601 527 1582 553 527 1583 553 528 1584 600 528 1585 552 528 1586 552 529 1587 599 529 1588 551 529 1589 551 530 1590 598 530 1591 550 530 1592 550 531 1593 596 531 1594 548 531 1595 548 532 1596 585 532 1597 537 532 1598 549 533 1599 572 533 1600 597 533 1601 536 534 1602 561 534 1603 513 534 1604 1 535 1605 3 535 1606 2 535 1607 3 536 1608 7 536 1609 6 536 1610 7 537 1611 5 537 1612 4 537 1613 5 538 1614 1 538 1615 0 538 1616 6 539 1617 4 539 1618 0 539 1619 3 540 1620 1 540 1621 5 540 1622 8 541 1623 9 541 1624 11 541 1625 11 542 1626 15 542 1627 14 542 1628 13 543 1629 9 543 1630 8 543 1631 14 544 1632 12 544 1633 8 544 1634 17 545 1635 21 545 1636 19 545 1637 18 546 1638 20 546 1639 21 546 1640 16 547 1641 19 547 1642 20 547 1643 23 548 1644 27 548 1645 25 548 1646 24 549 1647 26 549 1648 27 549 1649 22 550 1650 25 550 1651 26 550 1652 30 551 1653 31 551 1654 29 551 1655 34 552 1656 35 552 1657 31 552 1658 32 553 1659 33 553 1660 35 553 1661 28 554 1662 29 554 1663 33 554 1664 28 555 1665 32 555 1666 34 555 1667 33 556 1668 29 556 1669 31 556 1670 36 557 1671 38 557 1672 39 557 1673 42 558 1674 43 558 1675 39 558 1676 40 559 1677 36 559 1678 37 559 1679 36 560 1680 40 560 1681 42 560 1682 47 561 1683 49 561 1684 45 561 1685 49 562 1686 48 562 1687 46 562 1688 48 563 1689 47 563 1690 44 563 1691 53 564 1692 55 564 1693 51 564 1694 55 565 1695 54 565 1696 52 565 1697 54 566 1698 53 566 1699 50 566 1700 11 567 1701 9 567 1702 37 567 1703 15 568 1704 11 568 1705 39 568 1706 15 569 1707 43 569 1708 42 569 1709 12 570 1710 14 570 1711 42 570 1712 13 571 1713 12 571 1714 40 571 1715 13 572 1716 41 572 1717 37 572 1718 57 573 1719 59 573 1720 58 573 1721 59 574 1722 63 574 1723 62 574 1724 63 575 1725 61 575 1726 60 575 1727 61 576 1728 57 576 1729 56 576 1730 62 577 1731 60 577 1732 56 577 1733 59 578 1734 57 578 1735 61 578 1736 65 579 1737 67 579 1738 66 579 1739 67 580 1740 71 580 1741 70 580 1742 71 581 1743 69 581 1744 68 581 1745 69 582 1746 65 582 1747 64 582 1748 70 583 1749 68 583 1750 64 583 1751 67 584 1752 65 584 1753 69 584 1754 72 585 1755 73 585 1756 75 585 1757 75 586 1758 79 586 1759 78 586 1760 77 587 1761 73 587 1762 72 587 1763 78 588 1764 76 588 1765 72 588 1766 81 589 1767 85 589 1768 83 589 1769 82 590 1770 84 590 1771 85 590 1772 80 591 1773 83 591 1774 84 591 1775 87 592 1776 91 592 1777 89 592 1778 88 593 1779 90 593 1780 91 593 1781 86 594 1782 89 594 1783 90 594 1784 94 595 1785 95 595 1786 93 595 1787 98 596 1788 99 596 1789 95 596 1790 96 597 1791 97 597 1792 99 597 1793 92 598 1794 93 598 1795 97 598 1796 92 599 1797 96 599 1798 98 599 1799 97 600 1800 93 600 1801 95 600 1802 100 601 1803 102 601 1804 103 601 1805 106 602 1806 107 602 1807 103 602 1808 104 603 1809 100 603 1810 101 603 1811 100 604 1812 104 604 1813 106 604 1814 111 605 1815 113 605 1816 109 605 1817 113 606 1818 112 606 1819 110 606 1820 112 607 1821 111 607 1822 108 607 1823 117 608 1824 119 608 1825 115 608 1826 119 609 1827 118 609 1828 116 609 1829 118 610 1830 117 610 1831 114 610 1832 75 611 1833 73 611 1834 101 611 1835 79 612 1836 75 612 1837 103 612 1838 79 613 1839 107 613 1840 106 613 1841 76 614 1842 78 614 1843 106 614 1844 77 615 1845 76 615 1846 104 615 1847 77 616 1848 105 616 1849 101 616 1850 121 617 1851 123 617 1852 122 617 1853 123 618 1854 127 618 1855 126 618 1856 127 619 1857 125 619 1858 124 619 1859 125 620 1860 121 620 1861 120 620 1862 126 621 1863 124 621 1864 120 621 1865 123 622 1866 121 622 1867 125 622 1868 320 664 1992 211 664 1993 185 664 1994 374 665 1995 321 665 1996 293 665 1997 265 666 1998 212 666 1999 319 666 2000 213 667 2001 267 667 2002 239 667 2003 266 668 2004 375 668 2005 347 668 2006 187 669 2007 190 669 2008 189 669 2009 188 670 2010 191 670 2011 190 670 2012 200 671 2013 201 671 2014 191 671 2015 190 672 2016 193 672 2017 192 672 2018 191 673 2019 194 673 2020 193 673 2021 201 674 2022 202 674 2023 194 674 2024 195 675 2025 198 675 2026 197 675 2027 196 676 2028 199 676 2029 198 676 2030 196 677 2031 208 677 2032 209 677 2033 198 678 2034 201 678 2035 200 678 2036 198 679 2037 199 679 2038 202 679 2039 199 680 2040 209 680 2041 210 680 2042 203 681 2043 206 681 2044 205 681 2045 204 682 2046 207 682 2047 206 682 2048 204 683 2049 192 683 2050 193 683 2051 206 684 2052 209 684 2053 208 684 2054 206 685 2055 207 685 2056 210 685 2057 207 686 2058 193 686 2059 194 686 2060 214 687 2061 217 687 2062 216 687 2063 215 688 2064 218 688 2065 217 688 2066 215 689 2067 227 689 2068 228 689 2069 217 690 2070 220 690 2071 219 690 2072 217 691 2073 218 691 2074 221 691 2075 218 692 2076 228 692 2077 229 692 2078 222 693 2079 225 693 2080 224 693 2081 223 694 2082 226 694 2083 225 694 2084 235 695 2085 236 695 2086 226 695 2087 225 696 2088 228 696 2089 227 696 2090 226 697 2091 229 697 2092 228 697 2093 236 698 2094 237 698 2095 229 698 2096 230 699 2097 233 699 2098 232 699 2099 231 700 2100 234 700 2101 233 700 2102 219 701 2103 220 701 2104 234 701 2105 233 702 2106 236 702 2107 235 702 2108 233 703 2109 234 703 2110 237 703 2111 220 704 2112 221 704 2113 237 704 2114 241 705 2115 244 705 2116 243 705 2117 242 706 2118 245 706 2119 244 706 2120 254 707 2121 255 707 2122 245 707 2123 244 708 2124 247 708 2125 246 708 2126 245 709 2127 248 709 2128 247 709 2129 255 710 2130 256 710 2131 248 710 2132 249 711 2133 252 711 2134 251 711 2135 250 712 2136 253 712 2137 252 712 2138 262 713 2139 263 713 2140 253 713 2141 252 714 2142 255 714 2143 254 714 2144 252 715 2145 253 715 2146 256 715 2147 263 716 2148 264 716 2149 256 716 2150 257 717 2151 260 717 2152 259 717 2153 258 718 2154 261 718 2155 260 718 2156 258 719 2157 246 719 2158 247 719 2159 260 720 2160 263 720 2161 262 720 2162 260 721 2163 261 721 2164 264 721 2165 261 722 2166 247 722 2167 248 722 2168 268 723 2169 271 723 2170 270 723 2171 269 724 2172 272 724 2173 271 724 2174 281 725 2175 282 725 2176 272 725 2177 271 726 2178 274 726 2179 273 726 2180 272 727 2181 275 727 2182 274 727 2183 282 728 2184 283 728 2185 275 728 2186 276 729 2187 279 729 2188 278 729 2189 277 730 2190 280 730 2191 279 730 2192 277 731 2193 289 731 2194 290 731 2195 279 732 2196 282 732 2197 281 732 2198 279 733 2199 280 733 2200 283 733 2201 280 734 2202 290 734 2203 291 734 2204 284 735 2205 287 735 2206 286 735 2207 285 736 2208 288 736 2209 287 736 2210 285 737 2211 273 737 2212 274 737 2213 287 738 2214 290 738 2215 289 738 2216 287 739 2217 288 739 2218 291 739 2219 288 740 2220 274 740 2221 275 740 2222 295 741 2223 298 741 2224 297 741 2225 296 742 2226 299 742 2227 298 742 2228 308 743 2229 309 743 2230 299 743 2231 298 744 2232 301 744 2233 300 744 2234 299 745 2235 302 745 2236 301 745 2237 309 746 2238 310 746 2239 302 746 2240 303 747 2241 306 747 2242 305 747 2243 304 748 2244 307 748 2245 306 748 2246 316 749 2247 317 749 2248 307 749 2249 306 750 2250 309 750 2251 308 750 2252 306 751 2253 307 751 2254 310 751 2255 317 752 2256 318 752 2257 310 752 2258 311 753 2259 314 753 2260 313 753 2261 312 754 2262 315 754 2263 314 754 2264 312 755 2265 300 755 2266 301 755 2267 314 756 2268 317 756 2269 316 756 2270 314 757 2271 315 757 2272 318 757 2273 315 758 2274 301 758 2275 302 758 2276 322 759 2277 325 759 2278 324 759 2279 323 760 2280 326 760 2281 325 760 2282 335 761 2283 336 761 2284 326 761 2285 325 762 2286 328 762 2287 327 762 2288 326 763 2289 329 763 2290 328 763 2291 336 764 2292 337 764 2293 329 764 2294 330 765 2295 333 765 2296 332 765 2297 331 766 2298 334 766 2299 333 766 2300 331 767 2301 343 767 2302 344 767 2303 333 768 2304 336 768 2305 335 768 2306 333 769 2307 334 769 2308 337 769 2309 334 770 2310 344 770 2311 345 770 2312 338 771 2313 341 771 2314 340 771 2315 339 772 2316 342 772 2317 341 772 2318 339 773 2319 327 773 2320 328 773 2321 341 774 2322 344 774 2323 343 774 2324 341 775 2325 342 775 2326 345 775 2327 342 776 2328 328 776 2329 329 776 2330 349 777 2331 352 777 2332 351 777 2333 350 778 2334 353 778 2335 352 778 2336 362 779 2337 363 779 2338 353 779 2339 352 780 2340 355 780 2341 354 780 2342 353 781 2343 356 781 2344 355 781 2345 363 782 2346 364 782 2347 356 782 2348 357 783 2349 360 783 2350 359 783 2351 358 784 2352 361 784 2353 360 784 2354 358 785 2355 370 785 2356 371 785 2357 360 786 2358 363 786 2359 362 786 2360 360 787 2361 361 787 2362 364 787 2363 361 788 2364 371 788 2365 372 788 2366 365 789 2367 368 789 2368 367 789 2369 366 790 2370 369 790 2371 368 790 2372 366 791 2373 354 791 2374 355 791 2375 368 792 2376 371 792 2377 370 792 2378 368 793 2379 369 793 2380 372 793 2381 369 794 2382 355 794 2383 356 794 2384 376 795 2385 379 795 2386 378 795 2387 377 796 2388 380 796 2389 379 796 2390 389 797 2391 390 797 2392 380 797 2393 379 798 2394 382 798 2395 381 798 2396 380 799 2397 383 799 2398 382 799 2399 390 800 2400 391 800 2401 383 800 2402 384 801 2403 387 801 2404 386 801 2405 385 802 2406 388 802 2407 387 802 2408 397 803 2409 398 803 2410 388 803 2411 387 804 2412 390 804 2413 389 804 2414 387 805 2415 388 805 2416 391 805 2417 398 806 2418 399 806 2419 391 806 2420 392 807 2421 395 807 2422 394 807 2423 393 808 2424 396 808 2425 395 808 2426 393 809 2427 381 809 2428 382 809 2429 395 810 2430 398 810 2431 397 810 2432 395 811 2433 396 811 2434 399 811 2435 396 812 2436 382 812 2437 383 812 2438 184 813 2439 189 813 2440 241 813 2441 189 814 2442 192 814 2443 242 814 2444 192 815 2445 204 815 2446 254 815 2447 204 816 2448 203 816 2449 251 816 2450 203 817 2451 186 817 2452 239 817 2453 211 818 2454 216 818 2455 195 818 2456 216 819 2457 219 819 2458 196 819 2459 219 820 2460 231 820 2461 208 820 2462 231 821 2463 230 821 2464 205 821 2465 230 822 2466 213 822 2467 186 822 2468 265 823 2469 270 823 2470 222 823 2471 270 824 2472 273 824 2473 223 824 2474 273 825 2475 285 825 2476 235 825 2477 285 826 2478 284 826 2479 232 826 2480 284 827 2481 267 827 2482 213 827 2483 240 828 2484 259 828 2485 276 828 2486 259 829 2487 262 829 2488 277 829 2489 262 830 2490 250 830 2491 289 830 2492 250 831 2493 249 831 2494 286 831 2495 249 832 2496 239 832 2497 267 832 2498 238 833 2499 243 833 2500 349 833 2501 243 834 2502 246 834 2503 350 834 2504 246 835 2505 258 835 2506 362 835 2507 258 836 2508 257 836 2509 359 836 2510 257 837 2511 240 837 2512 347 837 2513 373 838 2514 378 838 2515 268 838 2516 378 839 2517 381 839 2518 269 839 2519 381 840 2520 393 840 2521 281 840 2522 393 841 2523 392 841 2524 278 841 2525 392 842 2526 375 842 2527 266 842 2528 348 843 2529 367 843 2530 384 843 2531 367 844 2532 370 844 2533 385 844 2534 370 845 2535 358 845 2536 397 845 2537 358 846 2538 357 846 2539 394 846 2540 357 847 2541 347 847 2542 375 847 2543 346 848 2544 351 848 2545 295 848 2546 351 849 2547 354 849 2548 296 849 2549 354 850 2550 366 850 2551 308 850 2552 366 851 2553 365 851 2554 305 851 2555 365 852 2556 348 852 2557 293 852 2558 319 853 2559 324 853 2560 376 853 2561 324 854 2562 327 854 2563 377 854 2564 327 855 2565 339 855 2566 389 855 2567 339 856 2568 338 856 2569 386 856 2570 338 857 2571 321 857 2572 374 857 2573 294 858 2574 313 858 2575 330 858 2576 313 859 2577 316 859 2578 331 859 2579 316 860 2580 304 860 2581 343 860 2582 304 861 2583 303 861 2584 340 861 2585 303 862 2586 293 862 2587 321 862 2588 292 863 2589 297 863 2590 187 863 2591 297 864 2592 300 864 2593 188 864 2594 300 865 2595 312 865 2596 200 865 2597 312 866 2598 311 866 2599 197 866 2600 311 867 2601 294 867 2602 185 867 2603 212 868 2604 224 868 2605 322 868 2606 224 869 2607 227 869 2608 323 869 2609 227 870 2610 215 870 2611 335 870 2612 215 871 2613 214 871 2614 332 871 2615 214 872 2616 211 872 2617 320 872 2618 346 873 2619 292 873 2620 184 873 2621 401 874 2622 403 874 2623 402 874 2624 403 875 2625 407 875 2626 406 875 2627 407 876 2628 405 876 2629 404 876 2630 405 877 2631 401 877 2632 400 877 2633 406 878 2634 404 878 2635 400 878 2636 403 879 2637 401 879 2638 405 879 2639 408 880 2640 409 880 2641 411 880 2642 411 881 2643 415 881 2644 414 881 2645 413 882 2646 409 882 2647 408 882 2648 414 883 2649 412 883 2650 408 883 2651 417 884 2652 421 884 2653 419 884 2654 418 885 2655 420 885 2656 421 885 2657 416 886 2658 419 886 2659 420 886 2660 423 887 2661 427 887 2662 425 887 2663 424 888 2664 426 888 2665 427 888 2666 422 889 2667 425 889 2668 426 889 2669 430 890 2670 431 890 2671 429 890 2672 434 891 2673 435 891 2674 431 891 2675 432 892 2676 433 892 2677 435 892 2678 428 893 2679 429 893 2680 433 893 2681 428 894 2682 432 894 2683 434 894 2684 433 895 2685 429 895 2686 431 895 2687 436 896 2688 438 896 2689 439 896 2690 442 897 2691 443 897 2692 439 897 2693 440 898 2694 436 898 2695 437 898 2696 436 899 2697 440 899 2698 442 899 2699 447 900 2700 449 900 2701 445 900 2702 449 901 2703 448 901 2704 446 901 2705 448 902 2706 447 902 2707 444 902 2708 453 903 2709 455 903 2710 451 903 2711 455 904 2712 454 904 2713 452 904 2714 454 905 2715 453 905 2716 450 905 2717 411 906 2718 409 906 2719 437 906 2720 415 907 2721 411 907 2722 439 907 2723 415 908 2724 443 908 2725 442 908 2726 412 909 2727 414 909 2728 442 909 2729 413 910 2730 412 910 2731 440 910 2732 413 911 2733 441 911 2734 437 911 2735 457 912 2736 459 912 2737 458 912 2738 459 913 2739 463 913 2740 462 913 2741 463 914 2742 461 914 2743 460 914 2744 461 915 2745 457 915 2746 456 915 2747 462 916 2748 460 916 2749 456 916 2750 459 917 2751 457 917 2752 461 917 2753 464 918 2754 465 918 2755 467 918 2756 467 919 2757 471 919 2758 470 919 2759 469 920 2760 465 920 2761 464 920 2762 470 921 2763 468 921 2764 464 921 2765 473 922 2766 477 922 2767 475 922 2768 474 923 2769 476 923 2770 477 923 2771 472 924 2772 475 924 2773 476 924 2774 479 925 2775 483 925 2776 481 925 2777 480 926 2778 482 926 2779 483 926 2780 478 927 2781 481 927 2782 482 927 2783 486 928 2784 487 928 2785 485 928 2786 490 929 2787 491 929 2788 487 929 2789 488 930 2790 489 930 2791 491 930 2792 484 931 2793 485 931 2794 489 931 2795 484 932 2796 488 932 2797 490 932 2798 489 933 2799 485 933 2800 487 933 2801 492 934 2802 494 934 2803 495 934 2804 498 935 2805 499 935 2806 495 935 2807 496 936 2808 492 936 2809 493 936 2810 492 937 2811 496 937 2812 498 937 2813 503 938 2814 505 938 2815 501 938 2816 505 939 2817 504 939 2818 502 939 2819 504 940 2820 503 940 2821 500 940 2822 509 941 2823 511 941 2824 507 941 2825 511 942 2826 510 942 2827 508 942 2828 510 943 2829 509 943 2830 506 943 2831 467 944 2832 465 944 2833 493 944 2834 471 945 2835 467 945 2836 495 945 2837 471 946 2838 499 946 2839 498 946 2840 468 947 2841 470 947 2842 498 947 2843 469 948 2844 468 948 2845 496 948 2846 469 949 2847 497 949 2848 493 949 2849 518 950 2850 543 950 2851 536 950 2852 519 951 2853 530 951 2854 533 951 2855 530 952 2856 532 952 2857 533 952 2858 533 953 2859 534 953 2860 522 953 2861 519 954 2862 533 954 2863 522 954 2864 534 955 2865 535 955 2866 520 955 2867 535 956 2868 531 956 2869 520 956 2870 531 957 2871 554 957 2872 543 957 2873 554 958 2874 556 958 2875 543 958 2876 556 959 2877 557 959 2878 546 959 2879 557 960 2880 558 960 2881 546 960 2882 558 961 2883 559 961 2884 555 961 2885 555 962 2886 542 962 2887 545 962 2888 542 963 2889 544 963 2890 545 963 2891 545 964 2892 546 964 2893 558 964 2894 555 965 2895 545 965 2896 558 965 2897 546 966 2898 547 966 2899 556 966 2900 547 967 2901 543 967 2902 556 967 2903 543 968 2904 518 968 2905 531 968 2906 518 969 2907 520 969 2908 531 969 2909 520 970 2910 521 970 2911 534 970 2912 521 971 2913 522 971 2914 534 971 2915 554 972 2916 531 972 2917 524 972 2918 530 973 2919 519 973 2920 512 973 2921 525 974 2922 529 974 2923 532 974 2924 529 975 2925 528 975 2926 533 975 2927 528 976 2928 527 976 2929 534 976 2930 527 977 2931 526 977 2932 535 977 2933 526 978 2934 524 978 2935 531 978 2936 513 979 2937 517 979 2938 520 979 2939 517 980 2940 516 980 2941 521 980 2942 516 981 2943 515 981 2944 522 981 2945 515 982 2946 514 982 2947 523 982 2948 514 983 2949 512 983 2950 519 983 2951 542 984 2952 555 984 2953 548 984 2954 543 985 2955 547 985 2956 538 985 2957 547 986 2958 546 986 2959 539 986 2960 546 987 2961 545 987 2962 540 987 2963 545 988 2964 544 988 2965 541 988 2966 544 989 2967 542 989 2968 537 989 2969 549 990 2970 553 990 2971 556 990 2972 553 991 2973 552 991 2974 557 991 2975 552 992 2976 551 992 2977 558 992 2978 551 993 2979 550 993 2980 559 993 2981 550 994 2982 548 994 2983 555 994 2984 584 995 2985 591 995 2986 566 995 2987 580 996 2988 578 996 2989 581 996 2990 578 997 2991 567 997 2992 581 997 2993 567 998 2994 571 998 2995 570 998 2996 570 999 2997 569 999 2998 582 999 2999 569 1000 3000 568 1000 3001 582 1000 3002 568 1001 3003 566 1001 3004 579 1001 3005 566 1002 3006 591 1002 3007 579 1002 3008 591 1003 3009 595 1003 3010 604 1003 3011 595 1004 3012 594 1004 3013 604 1004 3014 594 1005 3015 593 1005 3016 606 1005 3017 593 1006 3018 592 1006 3019 590 1006 3020 606 1007 3021 593 1007 3022 603 1007 3023 590 1008 3024 603 1008 3025 593 1008 3026 603 1009 3027 607 1009 3028 606 1009 3029 606 1010 3030 605 1010 3031 594 1010 3032 605 1011 3033 604 1011 3034 594 1011 3035 604 1012 3036 602 1012 3037 591 1012 3038 602 1013 3039 579 1013 3040 591 1013 3041 579 1014 3042 583 1014 3043 568 1014 3044 583 1015 3045 582 1015 3046 568 1015 3047 582 1016 3048 581 1016 3049 570 1016 3050 572 1017 3051 579 1017 3052 602 1017 3053 560 1018 3054 567 1018 3055 578 1018 3056 580 1019 3057 577 1019 3058 573 1019 3059 581 1020 3060 576 1020 3061 577 1020 3062 582 1021 3063 575 1021 3064 576 1021 3065 583 1022 3066 574 1022 3067 575 1022 3068 579 1023 3069 572 1023 3070 574 1023 3071 566 1024 3072 568 1024 3073 565 1024 3074 568 1025 3075 569 1025 3076 564 1025 3077 569 1026 3078 570 1026 3079 563 1026 3080 570 1027 3081 571 1027 3082 562 1027 3083 571 1028 3084 567 1028 3085 560 1028 3086 596 1029 3087 603 1029 3088 590 1029 3089 586 1030 3090 595 1030 3091 591 1030 3092 587 1031 3093 594 1031 3094 595 1031 3095 588 1032 3096 593 1032 3097 594 1032 3098 589 1033 3099 592 1033 3100 593 1033 3101 585 1034 3102 590 1034 3103 592 1034 3104 602 1035 3105 604 1035 3106 601 1035 3107 604 1036 3108 605 1036 3109 600 1036 3110 605 1037 3111 606 1037 3112 599 1037 3113 606 1038 3114 607 1038 3115 598 1038 3116 607 1039 3117 603 1039 3118 596 1039 3119 529 1040 3120 525 1040 3121 573 1040 3122 528 1041 3123 529 1041 3124 577 1041 3125 527 1042 3126 528 1042 3127 576 1042 3128 526 1043 3129 527 1043 3130 575 1043 3131 524 1044 3132 526 1044 3133 574 1044 3134 513 1045 3135 561 1045 3136 565 1045 3137 517 1046 3138 565 1046 3139 564 1046 3140 516 1047 3141 564 1047 3142 563 1047 3143 515 1048 3144 563 1048 3145 562 1048 3146 514 1049 3147 562 1049 3148 560 1049 3149 512 1050 3150 560 1050 3151 573 1050 3152 536 1051 3153 538 1051 3154 586 1051 3155 538 1052 3156 539 1052 3157 587 1052 3158 539 1053 3159 540 1053 3160 588 1053 3161 540 1054 3162 541 1054 3163 589 1054 3164 541 1055 3165 537 1055 3166 585 1055 3167 549 1056 3168 597 1056 3169 601 1056 3170 553 1057 3171 601 1057 3172 600 1057 3173 552 1058 3174 600 1058 3175 599 1058 3176 551 1059 3177 599 1059 3178 598 1059 3179 550 1060 3180 598 1060 3181 596 1060 3182 548 1061 3183 596 1061 3184 585 1061 3185 549 1062 3186 524 1062 3187 572 1062 3188 536 1063 3189 584 1063 3190 561 1063 3191</p>
        </triangles>
        <triangles material="Material_009-material" count="88">
          <input semantic="VERTEX" source="#Cube_025-mesh-vertices" offset="0"/>
          <input semantic="NORMAL" source="#Cube_025-mesh-normals" offset="1"/>
          <input semantic="TEXCOORD" source="#Cube_025-mesh-map-0" offset="2" set="0"/>
          <p>129 104 312 130 104 313 128 104 314 131 105 315 134 105 316 130 105 317 135 106 318 132 106 319 134 106 320 133 107 321 128 107 322 132 107 323 134 108 324 128 108 325 130 108 326 131 109 327 133 109 328 135 109 329 136 110 330 139 110 331 138 110 332 139 111 333 142 111 334 138 111 335 141 112 336 136 112 337 140 112 338 142 113 339 136 113 340 138 113 341 144 114 342 146 114 343 145 114 344 147 115 345 149 115 346 148 115 347 145 116 348 147 116 349 144 116 350 146 117 351 149 117 352 145 117 353 144 118 354 148 118 355 146 118 356 153 119 357 155 119 358 154 119 359 151 120 360 153 120 361 150 120 362 152 121 363 155 121 364 151 121 365 150 122 366 154 122 367 152 122 368 158 123 369 157 123 370 156 123 371 162 124 372 159 124 373 158 124 374 160 125 375 163 125 376 162 125 377 156 126 378 161 126 379 160 126 380 156 127 381 162 127 382 158 127 383 161 128 384 159 128 385 163 128 386 164 129 387 167 129 388 165 129 389 170 130 390 167 130 391 166 130 392 168 131 393 165 131 394 169 131 395 164 132 396 170 132 397 166 132 398 172 133 399 173 133 400 174 133 401 175 134 402 176 134 403 177 134 404 175 135 405 173 135 406 172 135 407 177 136 408 174 136 409 173 136 410 176 137 411 172 137 412 174 137 413 181 138 414 182 138 415 183 138 416 181 139 417 179 139 418 178 139 419 183 140 420 180 140 421 179 140 422 180 141 423 181 141 424 178 141 425 139 142 426 165 142 427 167 142 428 143 143 429 167 143 430 171 143 431 143 144 432 170 144 433 142 144 434 140 145 435 170 145 436 168 145 437 141 146 438 168 146 439 169 146 440 141 147 441 165 147 442 137 147 443 150 148 444 180 148 445 178 148 446 151 149 447 180 149 448 152 149 449 150 150 450 179 150 451 151 150 452 129 623 1869 131 623 1870 130 623 1871 131 624 1872 135 624 1873 134 624 1874 135 625 1875 133 625 1876 132 625 1877 133 626 1878 129 626 1879 128 626 1880 134 627 1881 132 627 1882 128 627 1883 131 628 1884 129 628 1885 133 628 1886 136 629 1887 137 629 1888 139 629 1889 139 630 1890 143 630 1891 142 630 1892 141 631 1893 137 631 1894 136 631 1895 142 632 1896 140 632 1897 136 632 1898 145 633 1899 149 633 1900 147 633 1901 146 634 1902 148 634 1903 149 634 1904 144 635 1905 147 635 1906 148 635 1907 151 636 1908 155 636 1909 153 636 1910 152 637 1911 154 637 1912 155 637 1913 150 638 1914 153 638 1915 154 638 1916 158 639 1917 159 639 1918 157 639 1919 162 640 1920 163 640 1921 159 640 1922 160 641 1923 161 641 1924 163 641 1925 156 642 1926 157 642 1927 161 642 1928 156 643 1929 160 643 1930 162 643 1931 161 644 1932 157 644 1933 159 644 1934 164 645 1935 166 645 1936 167 645 1937 170 646 1938 171 646 1939 167 646 1940 168 647 1941 164 647 1942 165 647 1943 164 648 1944 168 648 1945 170 648 1946 175 649 1947 177 649 1948 173 649 1949 177 650 1950 176 650 1951 174 650 1952 176 651 1953 175 651 1954 172 651 1955 181 652 1956 183 652 1957 179 652 1958 183 653 1959 182 653 1960 180 653 1961 180 654 1962 182 654 1963 181 654 1964 139 655 1965 137 655 1966 165 655 1967 143 656 1968 139 656 1969 167 656 1970 143 657 1971 171 657 1972 170 657 1973 140 658 1974 142 658 1975 170 658 1976 141 659 1977 140 659 1978 168 659 1979 141 660 1980 169 660 1981 165 660 1982 150 661 1983 152 661 1984 180 661 1985 151 662 1986 179 662 1987 180 662 1988 150 663 1989 178 663 1990 179 663 1991</p>
        </triangles>
      </mesh>
    </geometry>
  </library_geometries>
  <library_visual_scenes>
    <visual_scene id="Scene" name="Scene">
      <node id="mast" name="mast" type="NODE">
        <matrix sid="transform">0.075 0 0 0 0 0 -0.025 0 0 0.3175 0 0 0 0 0 1</matrix>
        <instance_geometry url="#Cube_025-mesh" name="mast">
          <bind_material>
            <technique_common>
              <instance_material symbol="Material_009-material" target="#Material_009-material">
                <bind_vertex_input semantic="UVMap" input_semantic="TEXCOORD" input_set="0"/>
              </instance_material>
            </technique_common>
          </bind_material>
        </instance_geometry>
      </node>
    </visual_scene>
  </library_visual_scenes>
  <scene>
    <instance_visual_scene url="#Scene"/>
  </scene>
</COLLADA>