<?xml version="1.0" encoding="utf-8"?>
<COLLADA xmlns="http://www.collada.org/2005/11/COLLADASchema" version="1.4.1" xmlns:xsi="http://www.w3.org/2001/XMLSchema-instance">
  <asset>
    <contributor>
      <author>Blender User</author>
      <authoring_tool>Blender 2.83.20 commit date:2022-04-19, commit time:16:00, hash:a56e2faeb7a9</authoring_tool>
    </contributor>
    <created>2026-07-02T14:48:44</created>
    <modified>2026-07-02T14:48:44</modified>
    <unit name="meter" meter="1"/>
    <up_axis>Z_UP</up_axis>
  </asset>
  <library_effects>
    <effect id="Material_002-effect">
      <profile_COMMON>
        <newparam sid="Conveyor_diffuse_png-surface">
          <surface type="2D">
            <init_from>Conveyor_diffuse_png</init_from>
          </surface>
        </newparam>
        <newparam sid="Conveyor_diffuse_png-sampler">
          <sampler2D>
            <source>Conveyor_diffuse_png-surface</source>
          </sampler2D>
        </newparam>
        <technique sid="common">
          <lambert>
            <emission>
              <color sid="emission">0 0 0 1</color>
            </emission>
            <diffuse>
              <texture texture="Conveyor_diffuse_png-sampler" texcoord="UVMap"/>
            </diffuse>
            <index_of_refraction>
              <float sid="ior">1.45</float>
            </index_of_refraction>
          </lambert>
        </technique>
      </profile_COMMON>
    </effect>
  </library_effects>
  <library_images>
    <image id="Conveyor_diffuse_png" name="Conveyor_diffuse_png">
      <init_from>Conveyor_diffuse.png</init_from>
    </image>
  </library_images>
  <library_materials>
    <material id="Material_002-material" name="Material.002">
      <instance_effect url="#Material_002-effect"/>
    </material>
  </library_materials>
  <library_geometries>
    <geometry id="Conveyor01Frame02_Conveyor_0_007-mesh" name="Conveyor01Frame02_Conveyor_0.007">
      <mesh>
        <source id="Conveyor01Frame02_Conveyor_0_007-mesh-positions">
          <float_array id="Conveyor01Frame02_Conveyor_0_007-mesh-positions-array" count="16308">0.3294 -0.6976 -1 0.3294 -0.7294 -1 0.3294 -0.7481 -0.9887 0.3294 -0.7494 -0.98 0.3294 -0.7444 -0.995 0.3294 -0.7381 -0.9987 0.3294 -0.7494 -0.98 0.3375 -0.7494 -0.98 0.3375 -0.7294 -1 0.3375 -0.7051 -1 0.3375 -0.7444 -0.995 0.3375 -0.7381 -0.9987 0.3375 -0.7481 -0.9887 0.3375 -0.7494 -0.98 0.3875 -0.7051 -1 0.3875 -0.6976 -1 0.3796 -0.6976 -1 0.3875 -0.6976 -1 0.3875 -0.7051 -1 0.3375 -0.7051 -1 0.3294 -0.6976 -1 0.3375 -0.7051 -1 0.3875 -0.7051 -1 0.3875 -0.6188 -1 0.3796 -0.6188 -1 0.3875 -0.6188 -1 0.3796 -0.6188 -1 0.3796 -0.6976 -1 0.3875 -0.6188 -1 0.3796 -0.6188 -1 0.3294 -0.7294 -1 0.3375 -0.7294 -1 0.3375 -0.7381 -0.9987 0.3294 -0.7381 -0.9987 0.3375 -0.7444 -0.995 0.3294 -0.7444 -0.995 0.3375 -0.7444 -0.995 0.3375 -0.7481 -0.9887 0.3294 -0.7481 -0.9887 0.3294 -0.7444 -0.995 0.3796 -0.6976 -1 0.3294 -0.6976 -1 0.3563 -0.5649 -0.998 0.3563 -0.5701 -0.998 0.3813 -0.6043 -0.998 0.3863 -0.6043 -0.998 0.3863 -0.6043 -0.998 0.3863 -0.6038 -0.9995 0.3863 -0.6023 -1 0.3863 -0.5649 -1 0.3813 -0.6023 -1 0.3813 -0.6038 -0.9995 0.3813 -0.6043 -0.998 0.3813 -0.5701 -1 0.3813 -0.5701 -1 0.3583 -0.5701 -1 0.3583 -0.5649 -1 0.3863 -0.5649 -1 0.3583 -0.5649 -1 0.3568 -0.5649 -0.9995 0.3563 -0.5649 -0.998 0.3863 -0.5649 -1 0.3563 -0.5701 -0.998 0.3813 -0.5701 -1 0.3568 -0.5701 -0.9995 0.3583 -0.5701 -1 0.3863 -0.6023 -1 0.3863 -0.6038 -0.9995 0.3813 -0.6038 -0.9995 0.3813 -0.6023 -1 0.3568 -0.5649 -0.9995 0.3568 -0.5701 -0.9995 0.3813 -0.6038 -0.9995 0.3863 -0.6038 -0.9995 0.3568 -0.5701 -0.9995 0.3568 -0.5649 -0.9995 0.374 -0.705 -0.8143 0.3731 -0.705 -0.8092 0.3731 -0.7089 -0.8092 0.374 -0.7089 -0.8143 0.3705 -0.705 -0.8046 0.3705 -0.7089 -0.8046 0.3705 -0.7089 -0.8046 0.3705 -0.705 -0.8046 0.3665 -0.705 -0.8013 0.3665 -0.7089 -0.8013 0.3616 -0.705 -0.7995 0.3616 -0.7089 -0.7995 0.3564 -0.705 -0.7995 0.3564 -0.7089 -0.7995 0.3515 -0.705 -0.8013 0.3515 -0.7089 -0.8013 0.3475 -0.705 -0.8046 0.3475 -0.7089 -0.8046 0.3475 -0.7089 -0.8046 0.3475 -0.705 -0.8046 0.3449 -0.705 -0.8092 0.3449 -0.7089 -0.8092 0.344 -0.705 -0.8143 0.344 -0.7089 -0.8143 0.3449 -0.705 -0.8194 0.3449 -0.7089 -0.8194 0.3475 -0.705 -0.8239 0.3475 -0.7089 -0.8239 0.3475 -0.7089 -0.8239 0.3475 -0.705 -0.8239 0.3515 -0.705 -0.8273 0.3515 -0.7089 -0.8273 0.3564 -0.705 -0.8291 0.3564 -0.7089 -0.8291 0.3616 -0.705 -0.8291 0.3616 -0.7089 -0.8291 0.3665 -0.705 -0.8273 0.3665 -0.7089 -0.8273 0.3705 -0.705 -0.8239 0.3705 -0.7089 -0.8239 0.3731 -0.7089 -0.8194 0.3705 -0.7089 -0.8239 0.3705 -0.705 -0.8239 0.3731 -0.705 -0.8194 0.3683 -0.7109 -0.8109 0.3666 -0.7109 -0.8079 0.364 -0.7109 -0.8057 0.3683 -0.7109 -0.8177 0.3607 -0.7109 -0.8045 0.3573 -0.7109 -0.8045 0.3514 -0.7109 -0.8079 0.354 -0.7109 -0.8057 0.3497 -0.7109 -0.8109 0.3491 -0.7109 -0.8143 0.3514 -0.7109 -0.8207 0.3497 -0.7109 -0.8177 0.354 -0.7109 -0.8229 0.3573 -0.7109 -0.8241 0.364 -0.7109 -0.8229 0.3607 -0.7109 -0.8241 0.3666 -0.7109 -0.8207 0.3689 -0.7109 -0.8143 0.3689 -0.7089 -0.8143 0.374 -0.7089 -0.8143 0.3731 -0.7089 -0.8092 0.3683 -0.7089 -0.8109 0.3705 -0.7089 -0.8046 0.3666 -0.7089 -0.8079 0.364 -0.7089 -0.8057 0.3665 -0.7089 -0.8013 0.3616 -0.7089 -0.7995 0.3607 -0.7089 -0.8045 0.3564 -0.7089 -0.7995 0.3573 -0.7089 -0.8045 0.3515 -0.7089 -0.8013 0.354 -0.7089 -0.8057 0.3514 -0.7089 -0.8079 0.3475 -0.7089 -0.8046 0.3449 -0.7089 -0.8092 0.3497 -0.7089 -0.8109 0.344 -0.7089 -0.8143 0.3491 -0.7089 -0.8143 0.3449 -0.7089 -0.8194 0.3497 -0.7089 -0.8177 0.3475 -0.7089 -0.8239 0.3514 -0.7089 -0.8207 0.3515 -0.7089 -0.8273 0.354 -0.7089 -0.8229 0.3564 -0.7089 -0.8291 0.3573 -0.7089 -0.8241 0.3616 -0.7089 -0.8291 0.3607 -0.7089 -0.8241 0.3665 -0.7089 -0.8273 0.364 -0.7089 -0.8229 0.3705 -0.7089 -0.8239 0.3666 -0.7089 -0.8207 0.3731 -0.7089 -0.8194 0.3683 -0.7089 -0.8177 0.3689 -0.7089 -0.8143 0.3683 -0.7089 -0.8109 0.3683 -0.7109 -0.8109 0.3689 -0.7109 -0.8143 0.3666 -0.7109 -0.8079 0.3683 -0.7109 -0.8109 0.3683 -0.7089 -0.8109 0.3666 -0.7089 -0.8079 0.3666 -0.7089 -0.8079 0.364 -0.7089 -0.8057 0.364 -0.7109 -0.8057 0.3666 -0.7109 -0.8079 0.3607 -0.7089 -0.8045 0.3607 -0.7109 -0.8045 0.364 -0.7109 -0.8057 0.364 -0.7089 -0.8057 0.3573 -0.7089 -0.8045 0.3573 -0.7109 -0.8045 0.3607 -0.7109 -0.8045 0.3607 -0.7089 -0.8045 0.3573 -0.7089 -0.8045 0.354 -0.7089 -0.8057 0.354 -0.7109 -0.8057 0.3573 -0.7109 -0.8045 0.3514 -0.7089 -0.8079 0.3514 -0.7109 -0.8079 0.354 -0.7109 -0.8057 0.354 -0.7089 -0.8057 0.3514 -0.7109 -0.8079 0.3514 -0.7089 -0.8079 0.3497 -0.7089 -0.8109 0.3497 -0.7109 -0.8109 0.3497 -0.7109 -0.8109 0.3497 -0.7089 -0.8109 0.3491 -0.7089 -0.8143 0.3491 -0.7109 -0.8143 0.3491 -0.7109 -0.8143 0.3491 -0.7089 -0.8143 0.3497 -0.7089 -0.8177 0.3497 -0.7109 -0.8177 0.3497 -0.7109 -0.8177 0.3497 -0.7089 -0.8177 0.3514 -0.7089 -0.8207 0.3514 -0.7109 -0.8207 0.3514 -0.7109 -0.8207 0.3514 -0.7089 -0.8207 0.354 -0.7089 -0.8229 0.354 -0.7109 -0.8229 0.354 -0.7109 -0.8229 0.354 -0.7089 -0.8229 0.3573 -0.7089 -0.8241 0.3573 -0.7109 -0.8241 0.3573 -0.7109 -0.8241 0.3573 -0.7089 -0.8241 0.3607 -0.7089 -0.8241 0.3607 -0.7109 -0.8241 0.3607 -0.7089 -0.8241 0.364 -0.7089 -0.8229 0.364 -0.7109 -0.8229 0.3607 -0.7109 -0.8241 0.3666 -0.7089 -0.8207 0.3666 -0.7109 -0.8207 0.364 -0.7109 -0.8229 0.364 -0.7089 -0.8229 0.3666 -0.7109 -0.8207 0.3666 -0.7089 -0.8207 0.3683 -0.7089 -0.8177 0.3683 -0.7109 -0.8177 0.3683 -0.7089 -0.8177 0.3689 -0.7089 -0.8143 0.3689 -0.7109 -0.8143 0.3683 -0.7109 -0.8177 0.3731 -0.705 -0.5377 0.3731 -0.7089 -0.5377 0.374 -0.7089 -0.5429 0.374 -0.705 -0.5429 0.3705 -0.705 -0.5332 0.3705 -0.7089 -0.5332 0.3705 -0.7089 -0.5332 0.3705 -0.705 -0.5332 0.3665 -0.705 -0.5299 0.3665 -0.7089 -0.5299 0.3616 -0.705 -0.5281 0.3616 -0.7089 -0.5281 0.3564 -0.705 -0.5281 0.3564 -0.7089 -0.5281 0.3515 -0.705 -0.5299 0.3515 -0.7089 -0.5299 0.3475 -0.705 -0.5332 0.3475 -0.7089 -0.5332 0.3475 -0.7089 -0.5332 0.3475 -0.705 -0.5332 0.3449 -0.705 -0.5377 0.3449 -0.7089 -0.5377 0.344 -0.7089 -0.5429 0.344 -0.705 -0.5429 0.3449 -0.705 -0.548 0.3449 -0.7089 -0.548 0.3475 -0.705 -0.5525 0.3475 -0.7089 -0.5525 0.3515 -0.7089 -0.5558 0.3475 -0.7089 -0.5525 0.3475 -0.705 -0.5525 0.3515 -0.705 -0.5558 0.3564 -0.705 -0.5576 0.3564 -0.7089 -0.5576 0.3616 -0.705 -0.5576 0.3616 -0.7089 -0.5576 0.3665 -0.705 -0.5558 0.3665 -0.7089 -0.5558 0.3705 -0.705 -0.5525 0.3705 -0.7089 -0.5525 0.3705 -0.7089 -0.5525 0.3705 -0.705 -0.5525 0.3731 -0.705 -0.548 0.3731 -0.7089 -0.548 0.3666 -0.7109 -0.5365 0.364 -0.7109 -0.5343 0.3683 -0.7109 -0.5463 0.3683 -0.7109 -0.5395 0.3607 -0.7109 -0.5331 0.3573 -0.7109 -0.5331 0.3514 -0.7109 -0.5365 0.354 -0.7109 -0.5343 0.3497 -0.7109 -0.5395 0.3491 -0.7109 -0.5429 0.3514 -0.7109 -0.5492 0.3497 -0.7109 -0.5463 0.364 -0.7109 -0.5515 0.354 -0.7109 -0.5515 0.3573 -0.7109 -0.5526 0.3607 -0.7109 -0.5526 0.3666 -0.7109 -0.5492 0.3689 -0.7109 -0.5429 0.374 -0.7089 -0.5429 0.3731 -0.7089 -0.5377 0.3683 -0.7089 -0.5395 0.3689 -0.7089 -0.5429 0.3705 -0.7089 -0.5332 0.3666 -0.7089 -0.5365 0.3665 -0.7089 -0.5299 0.364 -0.7089 -0.5343 0.3616 -0.7089 -0.5281 0.3607 -0.7089 -0.5331 0.3564 -0.7089 -0.5281 0.3573 -0.7089 -0.5331 0.3515 -0.7089 -0.5299 0.354 -0.7089 -0.5343 0.3475 -0.7089 -0.5332 0.3514 -0.7089 -0.5365 0.3449 -0.7089 -0.5377 0.3497 -0.7089 -0.5395 0.344 -0.7089 -0.5429 0.3491 -0.7089 -0.5429 0.3449 -0.7089 -0.548 0.3497 -0.7089 -0.5463 0.3491 -0.7089 -0.5429 0.344 -0.7089 -0.5429 0.3475 -0.7089 -0.5525 0.3514 -0.7089 -0.5492 0.3497 -0.7089 -0.5463 0.3449 -0.7089 -0.548 0.3515 -0.7089 -0.5558 0.354 -0.7089 -0.5515 0.3564 -0.7089 -0.5576 0.3573 -0.7089 -0.5526 0.3616 -0.7089 -0.5576 0.3607 -0.7089 -0.5526 0.3665 -0.7089 -0.5558 0.364 -0.7089 -0.5515 0.3705 -0.7089 -0.5525 0.3666 -0.7089 -0.5492 0.3731 -0.7089 -0.548 0.3683 -0.7089 -0.5463 0.374 -0.7089 -0.5429 0.3689 -0.7089 -0.5429 0.3683 -0.7089 -0.5463 0.3731 -0.7089 -0.548 0.3683 -0.7089 -0.5395 0.3683 -0.7109 -0.5395 0.3689 -0.7109 -0.5429 0.3689 -0.7089 -0.5429 0.3683 -0.7089 -0.5395 0.3666 -0.7089 -0.5365 0.3666 -0.7109 -0.5365 0.3683 -0.7109 -0.5395 0.3666 -0.7109 -0.5365 0.3666 -0.7089 -0.5365 0.364 -0.7089 -0.5343 0.364 -0.7109 -0.5343 0.364 -0.7089 -0.5343 0.3607 -0.7089 -0.5331 0.3607 -0.7109 -0.5331 0.364 -0.7109 -0.5343 0.3607 -0.7089 -0.5331 0.3573 -0.7089 -0.5331 0.3573 -0.7109 -0.5331 0.3607 -0.7109 -0.5331 0.354 -0.7089 -0.5343 0.354 -0.7109 -0.5343 0.3573 -0.7109 -0.5331 0.3573 -0.7089 -0.5331 0.3514 -0.7089 -0.5365 0.3514 -0.7109 -0.5365 0.354 -0.7109 -0.5343 0.354 -0.7089 -0.5343 0.3497 -0.7089 -0.5395 0.3497 -0.7109 -0.5395 0.3514 -0.7109 -0.5365 0.3514 -0.7089 -0.5365 0.3491 -0.7109 -0.5429 0.3497 -0.7109 -0.5395 0.3497 -0.7089 -0.5395 0.3491 -0.7089 -0.5429 0.3491 -0.7109 -0.5429 0.3491 -0.7089 -0.5429 0.3497 -0.7089 -0.5463 0.3497 -0.7109 -0.5463 0.3497 -0.7089 -0.5463 0.3514 -0.7089 -0.5492 0.3514 -0.7109 -0.5492 0.3497 -0.7109 -0.5463 0.354 -0.7089 -0.5515 0.354 -0.7109 -0.5515 0.3514 -0.7109 -0.5492 0.3514 -0.7089 -0.5492 0.354 -0.7089 -0.5515 0.3573 -0.7089 -0.5526 0.3573 -0.7109 -0.5526 0.354 -0.7109 -0.5515 0.3573 -0.7109 -0.5526 0.3573 -0.7089 -0.5526 0.3607 -0.7089 -0.5526 0.3607 -0.7109 -0.5526 0.3607 -0.7089 -0.5526 0.364 -0.7089 -0.5515 0.364 -0.7109 -0.5515 0.3607 -0.7109 -0.5526 0.364 -0.7109 -0.5515 0.364 -0.7089 -0.5515 0.3666 -0.7089 -0.5492 0.3666 -0.7109 -0.5492 0.3666 -0.7089 -0.5492 0.3683 -0.7089 -0.5463 0.3683 -0.7109 -0.5463 0.3666 -0.7109 -0.5492 0.3683 -0.7089 -0.5463 0.3689 -0.7089 -0.5429 0.3689 -0.7109 -0.5429 0.3683 -0.7109 -0.5463 0.374 -0.7089 -0.2714 0.374 -0.705 -0.2714 0.3731 -0.705 -0.2663 0.3731 -0.7089 -0.2663 0.3705 -0.705 -0.2618 0.3705 -0.7089 -0.2618 0.3705 -0.705 -0.2618 0.3665 -0.705 -0.2584 0.3665 -0.7089 -0.2584 0.3705 -0.7089 -0.2618 0.3616 -0.7089 -0.2567 0.3616 -0.705 -0.2567 0.3564 -0.705 -0.2567 0.3564 -0.7089 -0.2567 0.3515 -0.705 -0.2584 0.3515 -0.7089 -0.2584 0.3475 -0.705 -0.2618 0.3475 -0.7089 -0.2618 0.3475 -0.705 -0.2618 0.3449 -0.705 -0.2663 0.3449 -0.7089 -0.2663 0.3475 -0.7089 -0.2618 0.344 -0.705 -0.2714 0.344 -0.7089 -0.2714 0.3449 -0.705 -0.2766 0.3449 -0.7089 -0.2766 0.3475 -0.705 -0.2811 0.3475 -0.7089 -0.2811 0.3475 -0.705 -0.2811 0.3515 -0.705 -0.2844 0.3515 -0.7089 -0.2844 0.3475 -0.7089 -0.2811 0.3564 -0.7089 -0.2862 0.3564 -0.705 -0.2862 0.3616 -0.705 -0.2862 0.3616 -0.7089 -0.2862 0.3665 -0.705 -0.2844 0.3665 -0.7089 -0.2844 0.3705 -0.705 -0.2811 0.3705 -0.7089 -0.2811 0.3705 -0.705 -0.2811 0.3731 -0.705 -0.2766 0.3731 -0.7089 -0.2766 0.3705 -0.7089 -0.2811 0.3666 -0.7109 -0.2651 0.364 -0.7109 -0.2628 0.3683 -0.7109 -0.2748 0.3683 -0.7109 -0.268 0.3514 -0.7109 -0.2651 0.3607 -0.7109 -0.2617 0.3573 -0.7109 -0.2617 0.354 -0.7109 -0.2628 0.3497 -0.7109 -0.268 0.3491 -0.7109 -0.2714 0.3514 -0.7109 -0.2778 0.3497 -0.7109 -0.2748 0.354 -0.7109 -0.28 0.3573 -0.7109 -0.2812 0.364 -0.7109 -0.28 0.3607 -0.7109 -0.2812 0.3666 -0.7109 -0.2778 0.3689 -0.7109 -0.2714 0.3683 -0.7089 -0.268 0.3689 -0.7089 -0.2714 0.374 -0.7089 -0.2714 0.3731 -0.7089 -0.2663 0.3705 -0.7089 -0.2618 0.3666 -0.7089 -0.2651 0.3665 -0.7089 -0.2584 0.364 -0.7089 -0.2628 0.3616 -0.7089 -0.2567 0.3607 -0.7089 -0.2617 0.3564 -0.7089 -0.2567 0.3573 -0.7089 -0.2617 0.3515 -0.7089 -0.2584 0.354 -0.7089 -0.2628 0.3475 -0.7089 -0.2618 0.3514 -0.7089 -0.2651 0.3449 -0.7089 -0.2663 0.3497 -0.7089 -0.268 0.344 -0.7089 -0.2714 0.3491 -0.7089 -0.2714 0.3449 -0.7089 -0.2766 0.3497 -0.7089 -0.2748 0.3475 -0.7089 -0.2811 0.3514 -0.7089 -0.2778 0.3515 -0.7089 -0.2844 0.354 -0.7089 -0.28 0.3564 -0.7089 -0.2862 0.3573 -0.7089 -0.2812 0.3616 -0.7089 -0.2862 0.3607 -0.7089 -0.2812 0.3665 -0.7089 -0.2844 0.364 -0.7089 -0.28 0.3705 -0.7089 -0.2811 0.3666 -0.7089 -0.2778 0.3731 -0.7089 -0.2766 0.3683 -0.7089 -0.2748 0.3689 -0.7089 -0.2714 0.3683 -0.7089 -0.268 0.3683 -0.7109 -0.268 0.3689 -0.7109 -0.2714 0.3666 -0.7089 -0.2651 0.3666 -0.7109 -0.2651 0.3683 -0.7109 -0.268 0.3683 -0.7089 -0.268 0.3666 -0.7089 -0.2651 0.364 -0.7089 -0.2628 0.364 -0.7109 -0.2628 0.3666 -0.7109 -0.2651 0.364 -0.7089 -0.2628 0.3607 -0.7089 -0.2617 0.3607 -0.7109 -0.2617 0.364 -0.7109 -0.2628 0.3607 -0.7089 -0.2617 0.3573 -0.7089 -0.2617 0.3573 -0.7109 -0.2617 0.3607 -0.7109 -0.2617 0.3573 -0.7109 -0.2617 0.3573 -0.7089 -0.2617 0.354 -0.7089 -0.2628 0.354 -0.7109 -0.2628 0.3514 -0.7109 -0.2651 0.354 -0.7109 -0.2628 0.354 -0.7089 -0.2628 0.3514 -0.7089 -0.2651 0.3514 -0.7089 -0.2651 0.3497 -0.7089 -0.268 0.3497 -0.7109 -0.268 0.3514 -0.7109 -0.2651 0.3491 -0.7109 -0.2714 0.3497 -0.7109 -0.268 0.3497 -0.7089 -0.268 0.3491 -0.7089 -0.2714 0.3497 -0.7089 -0.2748 0.3497 -0.7109 -0.2748 0.3491 -0.7109 -0.2714 0.3491 -0.7089 -0.2714 0.3497 -0.7109 -0.2748 0.3497 -0.7089 -0.2748 0.3514 -0.7089 -0.2778 0.3514 -0.7109 -0.2778 0.354 -0.7089 -0.28 0.354 -0.7109 -0.28 0.3514 -0.7109 -0.2778 0.3514 -0.7089 -0.2778 0.354 -0.7089 -0.28 0.3573 -0.7089 -0.2812 0.3573 -0.7109 -0.2812 0.354 -0.7109 -0.28 0.3607 -0.7089 -0.2812 0.3607 -0.7109 -0.2812 0.3573 -0.7109 -0.2812 0.3573 -0.7089 -0.2812 0.3607 -0.7089 -0.2812 0.364 -0.7089 -0.28 0.364 -0.7109 -0.28 0.3607 -0.7109 -0.2812 0.364 -0.7089 -0.28 0.3666 -0.7089 -0.2778 0.3666 -0.7109 -0.2778 0.364 -0.7109 -0.28 0.3666 -0.7089 -0.2778 0.3683 -0.7089 -0.2748 0.3683 -0.7109 -0.2748 0.3666 -0.7109 -0.2778 0.3683 -0.7089 -0.2748 0.3689 -0.7089 -0.2714 0.3689 -0.7109 -0.2714 0.3683 -0.7109 -0.2748 0.374 -0.705 0 0.3731 -0.705 0.005099952 0.3731 -0.7089 0.005099952 0.374 -0.7089 0 0.3705 -0.705 0.009599983 0.3705 -0.7089 0.009599983 0.3705 -0.705 0.009599983 0.3665 -0.705 0.01299995 0.3665 -0.7089 0.01299995 0.3705 -0.7089 0.009599983 0.3616 -0.705 0.01479995 0.3616 -0.7089 0.01479995 0.3564 -0.705 0.01479995 0.3564 -0.7089 0.01479995 0.3515 -0.705 0.01299995 0.3515 -0.7089 0.01299995 0.3475 -0.705 0.009599983 0.3475 -0.7089 0.009599983 0.3475 -0.705 0.009599983 0.3449 -0.705 0.005099952 0.3449 -0.7089 0.005099952 0.3475 -0.7089 0.009599983 0.344 -0.705 0 0.344 -0.7089 0 0.3449 -0.705 -0.005099952 0.3449 -0.7089 -0.005099952 0.3475 -0.705 -0.009599983 0.3475 -0.7089 -0.009599983 0.3475 -0.705 -0.009599983 0.3515 -0.705 -0.01299995 0.3515 -0.7089 -0.01299995 0.3475 -0.7089 -0.009599983 0.3564 -0.705 -0.01479995 0.3564 -0.7089 -0.01479995 0.3616 -0.705 -0.01479995 0.3616 -0.7089 -0.01479995 0.3665 -0.705 -0.01299995 0.3665 -0.7089 -0.01299995 0.3705 -0.705 -0.009599983 0.3705 -0.7089 -0.009599983 0.3705 -0.705 -0.009599983 0.3731 -0.705 -0.005099952 0.3731 -0.7089 -0.005099952 0.3705 -0.7089 -0.009599983 0.3683 -0.7109 0.003399968 0.3666 -0.7109 0.006399989 0.364 -0.7109 0.008599996 0.3683 -0.7109 -0.003399968 0.3607 -0.7109 0.009799957 0.3573 -0.7109 0.009799957 0.3514 -0.7109 0.006399989 0.354 -0.7109 0.008599996 0.3497 -0.7109 0.003399968 0.3491 -0.7109 0 0.3514 -0.7109 -0.006399989 0.3497 -0.7109 -0.003399968 0.354 -0.7109 -0.008599996 0.3573 -0.7109 -0.009799957 0.364 -0.7109 -0.008599996 0.3607 -0.7109 -0.009799957 0.3666 -0.7109 -0.006399989 0.3689 -0.7109 0 0.3689 -0.7089 0 0.374 -0.7089 0 0.3731 -0.7089 0.005099952 0.3683 -0.7089 0.003399968 0.3705 -0.7089 0.009599983 0.3666 -0.7089 0.006399989 0.364 -0.7089 0.008599996 0.3665 -0.7089 0.01299995 0.3616 -0.7089 0.01479995 0.3607 -0.7089 0.009799957 0.3564 -0.7089 0.01479995 0.3573 -0.7089 0.009799957 0.3515 -0.7089 0.01299995 0.354 -0.7089 0.008599996 0.3475 -0.7089 0.009599983 0.3514 -0.7089 0.006399989 0.3449 -0.7089 0.005099952 0.3497 -0.7089 0.003399968 0.344 -0.7089 0 0.3491 -0.7089 0 0.3449 -0.7089 -0.005099952 0.3497 -0.7089 -0.003399968 0.3475 -0.7089 -0.009599983 0.3514 -0.7089 -0.006399989 0.354 -0.7089 -0.008599996 0.3515 -0.7089 -0.01299995 0.3564 -0.7089 -0.01479995 0.3573 -0.7089 -0.009799957 0.3607 -0.7089 -0.009799957 0.3616 -0.7089 -0.01479995 0.3665 -0.7089 -0.01299995 0.364 -0.7089 -0.008599996 0.3705 -0.7089 -0.009599983 0.3666 -0.7089 -0.006399989 0.3731 -0.7089 -0.005099952 0.3683 -0.7089 -0.003399968 0.3689 -0.7089 0 0.3683 -0.7089 0.003399968 0.3683 -0.7109 0.003399968 0.3689 -0.7109 0 0.3666 -0.7109 0.006399989 0.3683 -0.7109 0.003399968 0.3683 -0.7089 0.003399968 0.3666 -0.7089 0.006399989 0.3666 -0.7109 0.006399989 0.3666 -0.7089 0.006399989 0.364 -0.7089 0.008599996 0.364 -0.7109 0.008599996 0.3607 -0.7109 0.009799957 0.364 -0.7109 0.008599996 0.364 -0.7089 0.008599996 0.3607 -0.7089 0.009799957 0.3607 -0.7109 0.009799957 0.3607 -0.7089 0.009799957 0.3573 -0.7089 0.009799957 0.3573 -0.7109 0.009799957 0.3573 -0.7109 0.009799957 0.3573 -0.7089 0.009799957 0.354 -0.7089 0.008599996 0.354 -0.7109 0.008599996 0.354 -0.7089 0.008599996 0.3514 -0.7089 0.006399989 0.3514 -0.7109 0.006399989 0.354 -0.7109 0.008599996 0.3497 -0.7089 0.003399968 0.3497 -0.7109 0.003399968 0.3514 -0.7109 0.006399989 0.3514 -0.7089 0.006399989 0.3497 -0.7109 0.003399968 0.3497 -0.7089 0.003399968 0.3491 -0.7089 0 0.3491 -0.7109 0 0.3491 -0.7109 0 0.3491 -0.7089 0 0.3497 -0.7089 -0.003399968 0.3497 -0.7109 -0.003399968 0.3497 -0.7109 -0.003399968 0.3497 -0.7089 -0.003399968 0.3514 -0.7089 -0.006399989 0.3514 -0.7109 -0.006399989 0.3514 -0.7109 -0.006399989 0.3514 -0.7089 -0.006399989 0.354 -0.7089 -0.008599996 0.354 -0.7109 -0.008599996 0.354 -0.7109 -0.008599996 0.354 -0.7089 -0.008599996 0.3573 -0.7089 -0.009799957 0.3573 -0.7109 -0.009799957 0.3573 -0.7109 -0.009799957 0.3573 -0.7089 -0.009799957 0.3607 -0.7089 -0.009799957 0.3607 -0.7109 -0.009799957 0.3607 -0.7109 -0.009799957 0.3607 -0.7089 -0.009799957 0.364 -0.7089 -0.008599996 0.364 -0.7109 -0.008599996 0.364 -0.7089 -0.008599996 0.3666 -0.7089 -0.006399989 0.3666 -0.7109 -0.006399989 0.364 -0.7109 -0.008599996 0.3666 -0.7089 -0.006399989 0.3683 -0.7089 -0.003399968 0.3683 -0.7109 -0.003399968 0.3666 -0.7109 -0.006399989 0.3683 -0.7089 -0.003399968 0.3689 -0.7089 0 0.3689 -0.7109 0 0.3683 -0.7109 -0.003399968 0.374 -0.705 0.2714 0.3731 -0.705 0.2766 0.3731 -0.7089 0.2766 0.374 -0.7089 0.2714 0.3705 -0.705 0.2811 0.3705 -0.7089 0.2811 0.3705 -0.705 0.2811 0.3665 -0.705 0.2844 0.3665 -0.7089 0.2844 0.3705 -0.7089 0.2811 0.3616 -0.705 0.2862 0.3616 -0.7089 0.2862 0.3564 -0.705 0.2862 0.3564 -0.7089 0.2862 0.3515 -0.705 0.2844 0.3515 -0.7089 0.2844 0.3475 -0.705 0.2811 0.3475 -0.7089 0.2811 0.3475 -0.705 0.2811 0.3449 -0.705 0.2766 0.3449 -0.7089 0.2766 0.3475 -0.7089 0.2811 0.344 -0.705 0.2714 0.344 -0.7089 0.2714 0.3449 -0.705 0.2663 0.3449 -0.7089 0.2663 0.3475 -0.705 0.2618 0.3475 -0.7089 0.2618 0.3475 -0.705 0.2618 0.3515 -0.705 0.2584 0.3515 -0.7089 0.2584 0.3475 -0.7089 0.2618 0.3564 -0.705 0.2567 0.3564 -0.7089 0.2567 0.3616 -0.705 0.2567 0.3616 -0.7089 0.2567 0.3665 -0.705 0.2584 0.3665 -0.7089 0.2584 0.3705 -0.705 0.2618 0.3705 -0.7089 0.2618 0.3705 -0.705 0.2618 0.3731 -0.705 0.2663 0.3731 -0.7089 0.2663 0.3705 -0.7089 0.2618 0.3683 -0.7109 0.2748 0.3666 -0.7109 0.2778 0.364 -0.7109 0.28 0.3683 -0.7109 0.268 0.3607 -0.7109 0.2812 0.3573 -0.7109 0.2812 0.3514 -0.7109 0.2778 0.354 -0.7109 0.28 0.3497 -0.7109 0.2748 0.3491 -0.7109 0.2714 0.3514 -0.7109 0.2651 0.3497 -0.7109 0.268 0.354 -0.7109 0.2628 0.3573 -0.7109 0.2617 0.364 -0.7109 0.2628 0.3607 -0.7109 0.2617 0.3666 -0.7109 0.2651 0.3689 -0.7109 0.2714 0.3689 -0.7089 0.2714 0.374 -0.7089 0.2714 0.3731 -0.7089 0.2766 0.3683 -0.7089 0.2748 0.3705 -0.7089 0.2811 0.3666 -0.7089 0.2778 0.364 -0.7089 0.28 0.3665 -0.7089 0.2844 0.3616 -0.7089 0.2862 0.3607 -0.7089 0.2812 0.3564 -0.7089 0.2862 0.3573 -0.7089 0.2812 0.3515 -0.7089 0.2844 0.354 -0.7089 0.28 0.3475 -0.7089 0.2811 0.3514 -0.7089 0.2778 0.3449 -0.7089 0.2766 0.3497 -0.7089 0.2748 0.344 -0.7089 0.2714 0.3491 -0.7089 0.2714 0.3449 -0.7089 0.2663 0.3497 -0.7089 0.268 0.3475 -0.7089 0.2618 0.3514 -0.7089 0.2651 0.354 -0.7089 0.2628 0.3515 -0.7089 0.2584 0.3564 -0.7089 0.2567 0.3573 -0.7089 0.2617 0.3607 -0.7089 0.2617 0.3616 -0.7089 0.2567 0.3665 -0.7089 0.2584 0.364 -0.7089 0.2628 0.3705 -0.7089 0.2618 0.3666 -0.7089 0.2651 0.3731 -0.7089 0.2663 0.3683 -0.7089 0.268 0.3689 -0.7089 0.2714 0.3683 -0.7089 0.2748 0.3683 -0.7109 0.2748 0.3689 -0.7109 0.2714 0.3666 -0.7109 0.2778 0.3683 -0.7109 0.2748 0.3683 -0.7089 0.2748 0.3666 -0.7089 0.2778 0.3666 -0.7109 0.2778 0.3666 -0.7089 0.2778 0.364 -0.7089 0.28 0.364 -0.7109 0.28 0.3607 -0.7109 0.2812 0.364 -0.7109 0.28 0.364 -0.7089 0.28 0.3607 -0.7089 0.2812 0.3607 -0.7109 0.2812 0.3607 -0.7089 0.2812 0.3573 -0.7089 0.2812 0.3573 -0.7109 0.2812 0.3573 -0.7109 0.2812 0.3573 -0.7089 0.2812 0.354 -0.7089 0.28 0.354 -0.7109 0.28 0.354 -0.7089 0.28 0.3514 -0.7089 0.2778 0.3514 -0.7109 0.2778 0.354 -0.7109 0.28 0.3497 -0.7089 0.2748 0.3497 -0.7109 0.2748 0.3514 -0.7109 0.2778 0.3514 -0.7089 0.2778 0.3497 -0.7109 0.2748 0.3497 -0.7089 0.2748 0.3491 -0.7089 0.2714 0.3491 -0.7109 0.2714 0.3491 -0.7109 0.2714 0.3491 -0.7089 0.2714 0.3497 -0.7089 0.268 0.3497 -0.7109 0.268 0.3497 -0.7109 0.268 0.3497 -0.7089 0.268 0.3514 -0.7089 0.2651 0.3514 -0.7109 0.2651 0.3514 -0.7109 0.2651 0.3514 -0.7089 0.2651 0.354 -0.7089 0.2628 0.354 -0.7109 0.2628 0.354 -0.7109 0.2628 0.354 -0.7089 0.2628 0.3573 -0.7089 0.2617 0.3573 -0.7109 0.2617 0.3573 -0.7109 0.2617 0.3573 -0.7089 0.2617 0.3607 -0.7089 0.2617 0.3607 -0.7109 0.2617 0.3607 -0.7109 0.2617 0.3607 -0.7089 0.2617 0.364 -0.7089 0.2628 0.364 -0.7109 0.2628 0.364 -0.7089 0.2628 0.3666 -0.7089 0.2651 0.3666 -0.7109 0.2651 0.364 -0.7109 0.2628 0.3666 -0.7089 0.2651 0.3683 -0.7089 0.268 0.3683 -0.7109 0.268 0.3666 -0.7109 0.2651 0.3683 -0.7089 0.268 0.3689 -0.7089 0.2714 0.3689 -0.7109 0.2714 0.3683 -0.7109 0.268 0.4005 -0.7078 -0.8641 0.4005 -0.7089 -0.872 0.4005 -0.7089 -0.9725 0.4005 -0.7047 -0.859 0.4005 -0.6996 -0.856 0.4005 -0.6917 -0.8548 0.4005 -0.6996 -0.9886 0.4005 -0.6917 -0.9897 0.4005 -0.5885 -0.9897 0.4005 -0.7047 -0.9855 0.4005 -0.7078 -0.9805 0.4005 -0.5724 -0.9805 0.4005 -0.5713 -0.9725 0.4005 -0.5713 -0.872 0.4005 -0.5755 -0.9855 0.4005 -0.5806 -0.9886 0.4005 -0.5724 -0.8641 0.4005 -0.5755 -0.859 0.4005 -0.5806 -0.856 0.4005 -0.5885 -0.8548 0.3879 -0.5683 -0.8718 0.3975 -0.5683 -0.8718 0.3975 -0.5683 -0.9727 0.3879 -0.5683 -0.9727 0.3879 -0.5883 -0.9927 0.3975 -0.5883 -0.9927 0.3975 -0.6919 -0.9927 0.3879 -0.6919 -0.9927 0.3879 -0.7119 -0.9727 0.3975 -0.7119 -0.9727 0.3975 -0.7119 -0.8718 0.3879 -0.7119 -0.8718 0.3879 -0.6919 -0.8518 0.3975 -0.6919 -0.8518 0.3975 -0.5883 -0.8518 0.3879 -0.5883 -0.8518 0.3975 -0.5696 -0.9815 0.3879 -0.5696 -0.9815 0.3879 -0.5696 -0.8631 0.3975 -0.5696 -0.8631 0.3975 -0.7007 -0.9915 0.3879 -0.7007 -0.9915 0.3975 -0.7107 -0.8631 0.3879 -0.7107 -0.8631 0.3975 -0.5733 -0.9877 0.3879 -0.5733 -0.9877 0.3975 -0.5796 -0.9915 0.3879 -0.5796 -0.9915 0.3879 -0.5733 -0.9877 0.3975 -0.5733 -0.9877 0.3879 -0.5733 -0.8568 0.3975 -0.5733 -0.8568 0.3879 -0.5796 -0.8531 0.3975 -0.5796 -0.8531 0.3975 -0.5733 -0.8568 0.3879 -0.5733 -0.8568 0.3975 -0.7069 -0.9877 0.3879 -0.7069 -0.9877 0.3975 -0.7107 -0.9815 0.3879 -0.7107 -0.9815 0.3879 -0.7069 -0.9877 0.3975 -0.7069 -0.9877 0.3975 -0.7069 -0.8568 0.3879 -0.7069 -0.8568 0.3975 -0.7007 -0.8531 0.3879 -0.7007 -0.8531 0.3879 -0.7069 -0.8568 0.3975 -0.7069 -0.8568 0.4005 -0.5713 -0.9725 0.3997 -0.5691 -0.9727 0.3997 -0.5691 -0.8719 0.4005 -0.5713 -0.872 0.3997 -0.6919 -0.992 0.3997 -0.5884 -0.992 0.4005 -0.5885 -0.9897 0.4005 -0.6917 -0.9897 0.3997 -0.7112 -0.8719 0.3997 -0.7112 -0.9727 0.4005 -0.7089 -0.9725 0.4005 -0.7089 -0.872 0.4005 -0.5885 -0.8548 0.3997 -0.5884 -0.8526 0.3997 -0.6919 -0.8526 0.4005 -0.6917 -0.8548 0.3997 -0.5703 -0.8633 0.3997 -0.5691 -0.8719 0.3997 -0.5884 -0.992 0.3997 -0.5798 -0.9908 0.3997 -0.7004 -0.8538 0.3997 -0.6919 -0.8526 0.3997 -0.7099 -0.9812 0.3997 -0.7112 -0.9727 0.3997 -0.5884 -0.8526 0.3997 -0.5798 -0.8538 0.3997 -0.5738 -0.8574 0.3997 -0.5738 -0.8574 0.3997 -0.5691 -0.9727 0.3997 -0.5703 -0.9812 0.3997 -0.5738 -0.9872 0.3997 -0.5738 -0.9872 0.3997 -0.7099 -0.8633 0.3997 -0.7112 -0.8719 0.3997 -0.7064 -0.8574 0.3997 -0.7064 -0.8574 0.3997 -0.6919 -0.992 0.3997 -0.7004 -0.9908 0.3997 -0.7064 -0.9872 0.3997 -0.7064 -0.9872 0.3997 -0.5703 -0.8633 0.4005 -0.5724 -0.8641 0.3997 -0.5798 -0.9908 0.4005 -0.5806 -0.9886 0.3997 -0.7004 -0.8538 0.4005 -0.6996 -0.856 0.3997 -0.7099 -0.9812 0.4005 -0.7078 -0.9805 0.3997 -0.5798 -0.8538 0.4005 -0.5806 -0.856 0.3997 -0.5738 -0.8574 0.4005 -0.5755 -0.859 0.3997 -0.5703 -0.9812 0.4005 -0.5724 -0.9805 0.4005 -0.5755 -0.9855 0.3997 -0.5738 -0.9872 0.4005 -0.7078 -0.8641 0.3997 -0.7099 -0.8633 0.3997 -0.7064 -0.8574 0.4005 -0.7047 -0.859 0.4005 -0.6996 -0.9886 0.3997 -0.7004 -0.9908 0.4005 -0.7047 -0.9855 0.3997 -0.7064 -0.9872 0.3996 -0.6919 -0.9854 0.4086 -0.6919 -0.9854 0.4086 -0.7023 -0.9794 0.3996 -0.7023 -0.9794 0.3996 -0.7023 -0.9794 0.4086 -0.7023 -0.9794 0.4086 -0.7023 -0.9674 0.3996 -0.7023 -0.9674 0.3996 -0.7023 -0.9674 0.4086 -0.7023 -0.9674 0.4086 -0.6919 -0.9614 0.3996 -0.6919 -0.9614 0.3996 -0.6919 -0.9614 0.4086 -0.6919 -0.9614 0.4086 -0.6815 -0.9674 0.3996 -0.6815 -0.9674 0.3996 -0.6815 -0.9674 0.4086 -0.6815 -0.9674 0.4086 -0.6815 -0.9794 0.3996 -0.6815 -0.9794 0.4086 -0.6815 -0.9794 0.4086 -0.6919 -0.9854 0.3996 -0.6919 -0.9854 0.3996 -0.6815 -0.9794 0.4096 -0.6825 -0.9788 0.4096 -0.6825 -0.968 0.4096 -0.6919 -0.9626 0.4096 -0.7013 -0.9788 0.4096 -0.7013 -0.968 0.4096 -0.6919 -0.9843 0.4096 -0.6919 -0.9843 0.4096 -0.7013 -0.9788 0.4086 -0.7023 -0.9794 0.4086 -0.6919 -0.9854 0.4086 -0.7023 -0.9674 0.4096 -0.7013 -0.968 0.4096 -0.6919 -0.9626 0.4086 -0.6919 -0.9614 0.4096 -0.6825 -0.968 0.4086 -0.6815 -0.9674 0.4086 -0.6815 -0.9794 0.4096 -0.6825 -0.9788 0.3996 -0.6919 -0.8831 0.4086 -0.6919 -0.8831 0.4086 -0.7023 -0.8771 0.3996 -0.7023 -0.8771 0.3996 -0.7023 -0.8771 0.4086 -0.7023 -0.8771 0.4086 -0.7023 -0.8651 0.3996 -0.7023 -0.8651 0.3996 -0.7023 -0.8651 0.4086 -0.7023 -0.8651 0.4086 -0.6919 -0.8591 0.3996 -0.6919 -0.8591 0.3996 -0.6919 -0.8591 0.4086 -0.6919 -0.8591 0.4086 -0.6815 -0.8651 0.3996 -0.6815 -0.8651 0.3996 -0.6815 -0.8651 0.4086 -0.6815 -0.8651 0.4086 -0.6815 -0.8771 0.3996 -0.6815 -0.8771 0.3996 -0.6815 -0.8771 0.4086 -0.6815 -0.8771 0.4086 -0.6919 -0.8831 0.3996 -0.6919 -0.8831 0.4096 -0.6825 -0.8765 0.4096 -0.6825 -0.8657 0.4096 -0.6919 -0.8603 0.4096 -0.7013 -0.8765 0.4096 -0.7013 -0.8657 0.4096 -0.6919 -0.882 0.4086 -0.7023 -0.8771 0.4086 -0.6919 -0.8831 0.4096 -0.6919 -0.882 0.4096 -0.7013 -0.8765 0.4086 -0.7023 -0.8771 0.4096 -0.7013 -0.8765 0.4096 -0.7013 -0.8657 0.4086 -0.7023 -0.8651 0.4086 -0.6919 -0.8591 0.4086 -0.7023 -0.8651 0.4096 -0.7013 -0.8657 0.4096 -0.6919 -0.8603 0.4086 -0.6919 -0.8591 0.4096 -0.6919 -0.8603 0.4096 -0.6825 -0.8657 0.4086 -0.6815 -0.8651 0.4086 -0.6815 -0.8771 0.4086 -0.6815 -0.8651 0.4096 -0.6825 -0.8657 0.4096 -0.6825 -0.8765 0.4096 -0.6825 -0.8765 0.4096 -0.6919 -0.882 0.4086 -0.6919 -0.8831 0.4086 -0.6815 -0.8771 0.3996 -0.5896 -0.8831 0.4086 -0.5896 -0.8831 0.4086 -0.6 -0.8771 0.3996 -0.6 -0.8771 0.3996 -0.6 -0.8771 0.4086 -0.6 -0.8771 0.4086 -0.6 -0.8651 0.3996 -0.6 -0.8651 0.3996 -0.6 -0.8651 0.4086 -0.6 -0.8651 0.4086 -0.5896 -0.8591 0.3996 -0.5896 -0.8591 0.4086 -0.5896 -0.8591 0.4086 -0.5792 -0.8651 0.3996 -0.5792 -0.8651 0.3996 -0.5896 -0.8591 0.3996 -0.5792 -0.8651 0.4086 -0.5792 -0.8651 0.4086 -0.5792 -0.8771 0.3996 -0.5792 -0.8771 0.3996 -0.5792 -0.8771 0.4086 -0.5792 -0.8771 0.4086 -0.5896 -0.8831 0.3996 -0.5896 -0.8831 0.4096 -0.5802 -0.8765 0.4096 -0.5802 -0.8657 0.4096 -0.5896 -0.8603 0.4096 -0.599 -0.8765 0.4096 -0.599 -0.8657 0.4096 -0.5896 -0.882 0.4096 -0.599 -0.8765 0.4086 -0.6 -0.8771 0.4086 -0.5896 -0.8831 0.4096 -0.5896 -0.882 0.4096 -0.599 -0.8657 0.4086 -0.6 -0.8651 0.4086 -0.6 -0.8771 0.4096 -0.599 -0.8765 0.4096 -0.5896 -0.8603 0.4086 -0.5896 -0.8591 0.4096 -0.5802 -0.8657 0.4086 -0.5792 -0.8651 0.4086 -0.5792 -0.8771 0.4096 -0.5802 -0.8765 0.4086 -0.5896 -0.8831 0.4086 -0.5792 -0.8771 0.4096 -0.5802 -0.8765 0.4096 -0.5896 -0.882 0.3996 -0.5896 -0.9854 0.4086 -0.5896 -0.9854 0.4086 -0.6 -0.9794 0.3996 -0.6 -0.9794 0.3996 -0.6 -0.9794 0.4086 -0.6 -0.9794 0.4086 -0.6 -0.9674 0.3996 -0.6 -0.9674 0.3996 -0.6 -0.9674 0.4086 -0.6 -0.9674 0.4086 -0.5896 -0.9614 0.3996 -0.5896 -0.9614 0.3996 -0.5896 -0.9614 0.4086 -0.5896 -0.9614 0.4086 -0.5792 -0.9674 0.3996 -0.5792 -0.9674 0.3996 -0.5792 -0.9674 0.4086 -0.5792 -0.9674 0.4086 -0.5792 -0.9794 0.3996 -0.5792 -0.9794 0.3996 -0.5792 -0.9794 0.4086 -0.5792 -0.9794 0.4086 -0.5896 -0.9854 0.3996 -0.5896 -0.9854 0.4096 -0.5802 -0.9788 0.4096 -0.5802 -0.968 0.4096 -0.5896 -0.9626 0.4096 -0.599 -0.9788 0.4096 -0.599 -0.968 0.4096 -0.5896 -0.9843 0.4096 -0.599 -0.9788 0.4086 -0.6 -0.9794 0.4086 -0.5896 -0.9854 0.4096 -0.5896 -0.9843 0.4086 -0.6 -0.9674 0.4086 -0.6 -0.9794 0.4096 -0.599 -0.9788 0.4096 -0.599 -0.968 0.4096 -0.599 -0.968 0.4096 -0.5896 -0.9626 0.4086 -0.5896 -0.9614 0.4086 -0.6 -0.9674 0.4086 -0.5792 -0.9674 0.4086 -0.5896 -0.9614 0.4096 -0.5896 -0.9626 0.4096 -0.5802 -0.968 0.4086 -0.5792 -0.9794 0.4086 -0.5792 -0.9674 0.4096 -0.5802 -0.968 0.4096 -0.5802 -0.9788 0.4086 -0.5896 -0.9854 0.4086 -0.5792 -0.9794 0.4096 -0.5802 -0.9788 0.4096 -0.5896 -0.9843 0.4003 -0.6428 -0.9778 0.4148 -0.6428 -0.9778 0.4148 -0.6617 -0.9744 0.4003 -0.6617 -0.9744 0.4148 -0.6782 -0.9649 0.4003 -0.6782 -0.9649 0.4003 -0.6782 -0.9649 0.4148 -0.6782 -0.9649 0.4148 -0.6905 -0.9503 0.4003 -0.6905 -0.9503 0.4148 -0.697 -0.9323 0.4003 -0.697 -0.9323 0.4148 -0.697 -0.9132 0.4003 -0.697 -0.9132 0.4148 -0.6905 -0.8953 0.4003 -0.6905 -0.8953 0.4148 -0.6782 -0.8806 0.4003 -0.6782 -0.8806 0.4003 -0.6782 -0.8806 0.4148 -0.6782 -0.8806 0.4148 -0.6617 -0.8711 0.4003 -0.6617 -0.8711 0.4148 -0.6428 -0.8678 0.4003 -0.6428 -0.8678 0.4148 -0.624 -0.8711 0.4003 -0.624 -0.8711 0.4148 -0.6075 -0.8806 0.4003 -0.6075 -0.8806 0.4003 -0.6075 -0.8806 0.4148 -0.6075 -0.8806 0.4148 -0.5952 -0.8953 0.4003 -0.5952 -0.8953 0.4148 -0.5887 -0.9132 0.4003 -0.5887 -0.9132 0.4148 -0.5887 -0.9323 0.4003 -0.5887 -0.9323 0.4148 -0.5952 -0.9503 0.4003 -0.5952 -0.9503 0.4148 -0.6075 -0.9649 0.4003 -0.6075 -0.9649 0.4003 -0.6075 -0.9649 0.4148 -0.6075 -0.9649 0.4148 -0.624 -0.9744 0.4003 -0.624 -0.9744 0.402 -0.631 -0.9554 0.402 -0.6205 -0.9493 0.402 -0.6128 -0.9401 0.402 -0.6729 -0.9401 0.402 -0.6087 -0.9288 0.402 -0.6087 -0.9167 0.402 -0.6205 -0.8962 0.402 -0.6128 -0.9054 0.402 -0.6651 -0.8962 0.402 -0.631 -0.8902 0.402 -0.6428 -0.8881 0.402 -0.6547 -0.8902 0.402 -0.6729 -0.9054 0.402 -0.677 -0.9167 0.402 -0.677 -0.9288 0.402 -0.6547 -0.9554 0.402 -0.6651 -0.9493 0.402 -0.6428 -0.9574 0.4148 -0.6599 -0.9697 0.4148 -0.6617 -0.9744 0.4148 -0.6428 -0.9778 0.4148 -0.6428 -0.9727 0.4148 -0.6782 -0.9649 0.4148 -0.6749 -0.961 0.4148 -0.6861 -0.9477 0.4148 -0.6905 -0.9503 0.4148 -0.692 -0.9314 0.4148 -0.697 -0.9323 0.4148 -0.697 -0.9132 0.4148 -0.692 -0.9141 0.4148 -0.6905 -0.8953 0.4148 -0.6861 -0.8978 0.4148 -0.6782 -0.8806 0.4148 -0.6749 -0.8845 0.4148 -0.6617 -0.8711 0.4148 -0.6599 -0.8758 0.4148 -0.6428 -0.8678 0.4148 -0.6428 -0.8728 0.4148 -0.624 -0.8711 0.4148 -0.6258 -0.8758 0.4148 -0.6075 -0.8806 0.4148 -0.6108 -0.8845 0.4148 -0.5996 -0.8978 0.4148 -0.5952 -0.8953 0.4148 -0.5937 -0.9141 0.4148 -0.5887 -0.9132 0.4148 -0.5937 -0.9314 0.4148 -0.5887 -0.9323 0.4148 -0.5952 -0.9503 0.4148 -0.5996 -0.9477 0.4148 -0.6075 -0.9649 0.4148 -0.6108 -0.961 0.4148 -0.6258 -0.9697 0.4148 -0.624 -0.9744 0.4068 -0.6599 -0.9697 0.4148 -0.6599 -0.9697 0.4148 -0.6428 -0.9727 0.4068 -0.6428 -0.9727 0.4068 -0.6749 -0.961 0.4148 -0.6749 -0.961 0.4068 -0.6861 -0.9477 0.4148 -0.6861 -0.9477 0.4148 -0.6749 -0.961 0.4068 -0.6749 -0.961 0.4068 -0.692 -0.9314 0.4148 -0.692 -0.9314 0.4148 -0.692 -0.9141 0.4068 -0.692 -0.9141 0.4068 -0.6861 -0.8978 0.4148 -0.6861 -0.8978 0.4068 -0.6749 -0.8845 0.4148 -0.6749 -0.8845 0.4068 -0.6599 -0.8758 0.4148 -0.6599 -0.8758 0.4148 -0.6749 -0.8845 0.4068 -0.6749 -0.8845 0.4068 -0.6428 -0.8728 0.4148 -0.6428 -0.8728 0.4068 -0.6258 -0.8758 0.4148 -0.6258 -0.8758 0.4068 -0.6108 -0.8845 0.4148 -0.6108 -0.8845 0.4148 -0.5996 -0.8978 0.4148 -0.6108 -0.8845 0.4068 -0.6108 -0.8845 0.4068 -0.5996 -0.8978 0.4068 -0.5937 -0.9141 0.4148 -0.5937 -0.9141 0.4068 -0.5937 -0.9314 0.4148 -0.5937 -0.9314 0.4148 -0.5996 -0.9477 0.4068 -0.5996 -0.9477 0.4068 -0.6108 -0.961 0.4148 -0.6108 -0.961 0.4148 -0.6108 -0.961 0.4068 -0.6108 -0.961 0.4068 -0.6258 -0.9697 0.4148 -0.6258 -0.9697 0.4068 -0.6547 -0.9554 0.4068 -0.6599 -0.9697 0.4068 -0.6428 -0.9727 0.4068 -0.6428 -0.9574 0.4068 -0.6651 -0.9493 0.4068 -0.6749 -0.961 0.4068 -0.6729 -0.9401 0.4068 -0.6861 -0.9477 0.4068 -0.692 -0.9314 0.4068 -0.677 -0.9288 0.4068 -0.677 -0.9167 0.4068 -0.692 -0.9141 0.4068 -0.6861 -0.8978 0.4068 -0.6729 -0.9054 0.4068 -0.6749 -0.8845 0.4068 -0.6651 -0.8962 0.4068 -0.6547 -0.8902 0.4068 -0.6599 -0.8758 0.4068 -0.6428 -0.8728 0.4068 -0.6428 -0.8881 0.4068 -0.6258 -0.8758 0.4068 -0.631 -0.8902 0.4068 -0.6205 -0.8962 0.4068 -0.6108 -0.8845 0.4068 -0.6128 -0.9054 0.4068 -0.5996 -0.8978 0.4068 -0.5937 -0.9141 0.4068 -0.6087 -0.9167 0.4068 -0.6087 -0.9288 0.4068 -0.5937 -0.9314 0.4068 -0.6128 -0.9401 0.4068 -0.5996 -0.9477 0.4068 -0.6205 -0.9493 0.4068 -0.6108 -0.961 0.4068 -0.631 -0.9554 0.4068 -0.6258 -0.9697 0.402 -0.6547 -0.9554 0.4068 -0.6547 -0.9554 0.4068 -0.6428 -0.9574 0.402 -0.6428 -0.9574 0.402 -0.6651 -0.9493 0.4068 -0.6651 -0.9493 0.402 -0.6729 -0.9401 0.4068 -0.6729 -0.9401 0.4068 -0.6651 -0.9493 0.402 -0.6651 -0.9493 0.402 -0.677 -0.9288 0.4068 -0.677 -0.9288 0.402 -0.677 -0.9167 0.4068 -0.677 -0.9167 0.402 -0.6729 -0.9054 0.4068 -0.6729 -0.9054 0.4068 -0.6651 -0.8962 0.402 -0.6651 -0.8962 0.4068 -0.6651 -0.8962 0.402 -0.6651 -0.8962 0.402 -0.6547 -0.8902 0.4068 -0.6547 -0.8902 0.4068 -0.6428 -0.8881 0.402 -0.6428 -0.8881 0.4068 -0.631 -0.8902 0.402 -0.631 -0.8902 0.402 -0.6205 -0.8962 0.4068 -0.6205 -0.8962 0.4068 -0.6205 -0.8962 0.402 -0.6205 -0.8962 0.402 -0.6128 -0.9054 0.4068 -0.6128 -0.9054 0.402 -0.6087 -0.9167 0.4068 -0.6087 -0.9167 0.402 -0.6087 -0.9288 0.4068 -0.6087 -0.9288 0.4068 -0.6128 -0.9401 0.402 -0.6128 -0.9401 0.402 -0.6205 -0.9493 0.4068 -0.6205 -0.9493 0.4068 -0.631 -0.9554 0.4068 -0.6205 -0.9493 0.402 -0.6205 -0.9493 0.402 -0.631 -0.9554 0.4379 -0.6539 -0.9531 0.4113 -0.6539 -0.9531 0.4113 -0.643 -0.9551 0.4379 -0.643 -0.9551 0.4113 -0.6636 -0.9476 0.4379 -0.6636 -0.9476 0.4379 -0.6707 -0.9391 0.4113 -0.6707 -0.9391 0.4113 -0.6636 -0.9476 0.4379 -0.6636 -0.9476 0.4379 -0.6745 -0.9286 0.4113 -0.6745 -0.9286 0.4379 -0.6745 -0.9175 0.4113 -0.6745 -0.9175 0.4379 -0.6707 -0.9071 0.4113 -0.6707 -0.9071 0.4113 -0.6636 -0.8985 0.4379 -0.6636 -0.8985 0.4379 -0.6539 -0.893 0.4113 -0.6539 -0.893 0.4113 -0.6636 -0.8985 0.4379 -0.6636 -0.8985 0.4379 -0.643 -0.8911 0.4113 -0.643 -0.8911 0.4113 -0.6321 -0.893 0.4379 -0.6321 -0.893 0.4379 -0.6224 -0.8985 0.4113 -0.6224 -0.8985 0.4113 -0.6153 -0.9071 0.4113 -0.6224 -0.8985 0.4379 -0.6224 -0.8985 0.4379 -0.6153 -0.9071 0.4113 -0.6115 -0.9175 0.4379 -0.6115 -0.9175 0.4379 -0.6115 -0.9286 0.4113 -0.6115 -0.9286 0.4113 -0.6153 -0.9391 0.4379 -0.6153 -0.9391 0.4379 -0.6224 -0.9476 0.4113 -0.6224 -0.9476 0.4113 -0.6321 -0.9531 0.4113 -0.6224 -0.9476 0.4379 -0.6224 -0.9476 0.4379 -0.6321 -0.9531 0.4347 -0.6396 -0.9323 0.4347 -0.6367 -0.9306 0.4347 -0.6345 -0.928 0.4347 -0.6515 -0.928 0.4347 -0.6333 -0.9248 0.4347 -0.6333 -0.9213 0.4347 -0.6367 -0.9155 0.4347 -0.6345 -0.9181 0.4347 -0.6396 -0.9138 0.4347 -0.643 -0.9132 0.4347 -0.6493 -0.9155 0.4347 -0.6464 -0.9138 0.4347 -0.6527 -0.9213 0.4347 -0.6515 -0.9181 0.4347 -0.6527 -0.9248 0.4347 -0.6493 -0.9306 0.4347 -0.6464 -0.9323 0.4347 -0.643 -0.9329 0.4399 -0.643 -0.9431 0.4447 -0.643 -0.9431 0.4447 -0.6498 -0.9419 0.4399 -0.6498 -0.9419 0.402 -0.643 -0.9431 0.4113 -0.643 -0.9431 0.4113 -0.6498 -0.9419 0.402 -0.6498 -0.9419 0.4447 -0.6559 -0.9384 0.4399 -0.6559 -0.9384 0.402 -0.6559 -0.9384 0.4113 -0.6559 -0.9384 0.4399 -0.6603 -0.9331 0.4399 -0.6559 -0.9384 0.4447 -0.6559 -0.9384 0.4447 -0.6603 -0.9331 0.4113 -0.6559 -0.9384 0.4113 -0.6603 -0.9331 0.402 -0.6603 -0.9331 0.402 -0.6559 -0.9384 0.4447 -0.6627 -0.9265 0.4399 -0.6627 -0.9265 0.402 -0.6627 -0.9265 0.4113 -0.6627 -0.9265 0.4447 -0.6627 -0.9196 0.4399 -0.6627 -0.9196 0.4113 -0.6627 -0.9196 0.402 -0.6627 -0.9196 0.4447 -0.6603 -0.9131 0.4399 -0.6603 -0.9131 0.402 -0.6603 -0.9131 0.4113 -0.6603 -0.9131 0.4399 -0.6559 -0.9077 0.4447 -0.6559 -0.9077 0.402 -0.6559 -0.9077 0.4113 -0.6559 -0.9077 0.4399 -0.6498 -0.9043 0.4399 -0.6559 -0.9077 0.4447 -0.6559 -0.9077 0.4447 -0.6498 -0.9043 0.4113 -0.6559 -0.9077 0.4113 -0.6498 -0.9043 0.402 -0.6498 -0.9043 0.402 -0.6559 -0.9077 0.4399 -0.643 -0.9031 0.4447 -0.643 -0.9031 0.4113 -0.643 -0.9031 0.402 -0.643 -0.9031 0.4399 -0.6362 -0.9043 0.4447 -0.6362 -0.9043 0.4113 -0.6362 -0.9043 0.402 -0.6362 -0.9043 0.4447 -0.6301 -0.9077 0.4399 -0.6301 -0.9077 0.402 -0.6301 -0.9077 0.4113 -0.6301 -0.9077 0.4399 -0.6257 -0.9131 0.4399 -0.6301 -0.9077 0.4447 -0.6301 -0.9077 0.4447 -0.6257 -0.9131 0.402 -0.6301 -0.9077 0.4113 -0.6301 -0.9077 0.4113 -0.6257 -0.9131 0.402 -0.6257 -0.9131 0.4447 -0.6233 -0.9196 0.4399 -0.6233 -0.9196 0.4113 -0.6233 -0.9196 0.402 -0.6233 -0.9196 0.4447 -0.6233 -0.9265 0.4399 -0.6233 -0.9265 0.402 -0.6233 -0.9265 0.4113 -0.6233 -0.9265 0.4447 -0.6257 -0.9331 0.4399 -0.6257 -0.9331 0.402 -0.6257 -0.9331 0.4113 -0.6257 -0.9331 0.4399 -0.6301 -0.9384 0.4447 -0.6301 -0.9384 0.402 -0.6301 -0.9384 0.4113 -0.6301 -0.9384 0.4399 -0.6362 -0.9419 0.4399 -0.6301 -0.9384 0.4447 -0.6301 -0.9384 0.4447 -0.6362 -0.9419 0.402 -0.6301 -0.9384 0.4113 -0.6301 -0.9384 0.4113 -0.6362 -0.9419 0.402 -0.6362 -0.9419 0.4399 -0.6498 -0.9419 0.4399 -0.6519 -0.9475 0.4399 -0.643 -0.9491 0.4399 -0.643 -0.9431 0.4399 -0.6362 -0.9419 0.4399 -0.6341 -0.9475 0.4399 -0.6263 -0.943 0.4399 -0.6301 -0.9384 0.4399 -0.6205 -0.9361 0.4399 -0.6257 -0.9331 0.4399 -0.6174 -0.9276 0.4399 -0.6233 -0.9265 0.4399 -0.6174 -0.9185 0.4399 -0.6233 -0.9196 0.4399 -0.6205 -0.9101 0.4399 -0.6257 -0.9131 0.4399 -0.6263 -0.9031 0.4399 -0.6301 -0.9077 0.4399 -0.6362 -0.9043 0.4399 -0.6341 -0.8986 0.4399 -0.643 -0.8971 0.4399 -0.643 -0.9031 0.4399 -0.6519 -0.8986 0.4399 -0.6498 -0.9043 0.4399 -0.6597 -0.9031 0.4399 -0.6559 -0.9077 0.4399 -0.6603 -0.9131 0.4399 -0.6655 -0.9101 0.4399 -0.6686 -0.9185 0.4399 -0.6627 -0.9196 0.4399 -0.6627 -0.9265 0.4399 -0.6686 -0.9276 0.4399 -0.6655 -0.9361 0.4399 -0.6603 -0.9331 0.4399 -0.6597 -0.943 0.4399 -0.6559 -0.9384 0.4399 -0.6533 -0.9512 0.4399 -0.643 -0.9531 0.4399 -0.6327 -0.9512 0.4399 -0.6237 -0.946 0.4399 -0.617 -0.9381 0.4399 -0.6135 -0.9283 0.4399 -0.6135 -0.9178 0.4399 -0.617 -0.9081 0.4399 -0.6237 -0.9001 0.4399 -0.6327 -0.8949 0.4399 -0.643 -0.8931 0.4399 -0.6533 -0.8949 0.4399 -0.6623 -0.9001 0.4399 -0.669 -0.9081 0.4399 -0.6725 -0.9178 0.4399 -0.6725 -0.9283 0.4399 -0.669 -0.9381 0.4399 -0.6623 -0.946 0.4447 -0.6498 -0.9419 0.4447 -0.643 -0.9431 0.4447 -0.643 -0.9329 0.4447 -0.6464 -0.9323 0.4447 -0.6559 -0.9384 0.4447 -0.6493 -0.9306 0.4447 -0.6515 -0.928 0.4447 -0.6603 -0.9331 0.4447 -0.6527 -0.9248 0.4447 -0.6627 -0.9265 0.4447 -0.6527 -0.9213 0.4447 -0.6627 -0.9196 0.4447 -0.6515 -0.9181 0.4447 -0.6603 -0.9131 0.4447 -0.6493 -0.9155 0.4447 -0.6559 -0.9077 0.4447 -0.6464 -0.9138 0.4447 -0.6498 -0.9043 0.4447 -0.643 -0.9031 0.4447 -0.643 -0.9132 0.4447 -0.6396 -0.9138 0.4447 -0.6362 -0.9043 0.4447 -0.6367 -0.9155 0.4447 -0.6301 -0.9077 0.4447 -0.6345 -0.9181 0.4447 -0.6257 -0.9131 0.4447 -0.6333 -0.9213 0.4447 -0.6233 -0.9196 0.4447 -0.6333 -0.9248 0.4447 -0.6233 -0.9265 0.4447 -0.6257 -0.9331 0.4447 -0.6345 -0.928 0.4447 -0.6367 -0.9306 0.4447 -0.6301 -0.9384 0.4447 -0.6362 -0.9419 0.4447 -0.6396 -0.9323 0.4347 -0.6464 -0.9323 0.4447 -0.6464 -0.9323 0.4447 -0.643 -0.9329 0.4347 -0.643 -0.9329 0.4347 -0.6493 -0.9306 0.4447 -0.6493 -0.9306 0.4347 -0.6515 -0.928 0.4447 -0.6515 -0.928 0.4447 -0.6493 -0.9306 0.4347 -0.6493 -0.9306 0.4347 -0.6527 -0.9248 0.4447 -0.6527 -0.9248 0.4347 -0.6527 -0.9213 0.4447 -0.6527 -0.9213 0.4347 -0.6515 -0.9181 0.4447 -0.6515 -0.9181 0.4347 -0.6493 -0.9155 0.4447 -0.6493 -0.9155 0.4347 -0.6493 -0.9155 0.4347 -0.6464 -0.9138 0.4447 -0.6464 -0.9138 0.4447 -0.6493 -0.9155 0.4347 -0.643 -0.9132 0.4447 -0.643 -0.9132 0.4447 -0.6396 -0.9138 0.4347 -0.6396 -0.9138 0.4447 -0.6367 -0.9155 0.4347 -0.6367 -0.9155 0.4347 -0.6345 -0.9181 0.4447 -0.6345 -0.9181 0.4447 -0.6367 -0.9155 0.4347 -0.6367 -0.9155 0.4447 -0.6333 -0.9213 0.4347 -0.6333 -0.9213 0.4447 -0.6333 -0.9248 0.4347 -0.6333 -0.9248 0.4347 -0.6345 -0.928 0.4447 -0.6345 -0.928 0.4447 -0.6367 -0.9306 0.4347 -0.6367 -0.9306 0.4347 -0.6396 -0.9323 0.4447 -0.6396 -0.9323 0.4447 -0.6367 -0.9306 0.4347 -0.6367 -0.9306 0.4394 -0.643 -0.9546 0.4394 -0.6538 -0.9527 0.4394 -0.6322 -0.9527 0.4394 -0.6228 -0.9472 0.4394 -0.6157 -0.9388 0.4394 -0.6228 -0.9472 0.4394 -0.612 -0.9285 0.4394 -0.612 -0.9176 0.4394 -0.6157 -0.9073 0.4394 -0.6228 -0.8989 0.4394 -0.6322 -0.8935 0.4394 -0.6228 -0.8989 0.4394 -0.643 -0.8916 0.4394 -0.6538 -0.8935 0.4394 -0.6632 -0.8989 0.4394 -0.6703 -0.9073 0.4394 -0.6632 -0.8989 0.4394 -0.674 -0.9176 0.4394 -0.674 -0.9285 0.4394 -0.6703 -0.9388 0.4394 -0.6632 -0.9472 0.4394 -0.6632 -0.9472 0.4394 -0.6538 -0.9527 0.4394 -0.643 -0.9546 0.4394 -0.6322 -0.9527 0.4394 -0.6228 -0.9472 0.4394 -0.6157 -0.9388 0.4394 -0.612 -0.9285 0.4394 -0.612 -0.9176 0.4394 -0.6157 -0.9073 0.4394 -0.6228 -0.8989 0.4394 -0.6322 -0.8935 0.4394 -0.643 -0.8916 0.4394 -0.6538 -0.8935 0.4394 -0.6632 -0.8989 0.4394 -0.6703 -0.9073 0.4394 -0.674 -0.9176 0.4394 -0.674 -0.9285 0.4394 -0.6703 -0.9388 0.4394 -0.6632 -0.9472 0.3796 -0.6976 0.5 0.3796 -0.6779 0.5 0.3874999 -0.6395 0.5 0.3875 -0.6779 0.5 0.3875 -0.6976 0.5 0.3375 -0.7051 0.5000001 0.3375 -0.723325 0.5000001 0.3375 -0.7344505 0.5000001 0.3294 -0.6976 0.5 0.34195 -0.6976 0.5000001 0.3294 -0.7445515 0.5 0.3294 -0.70555 0.5 0.3796 -0.6976 0.5000001 0.3294 -0.6976 0.5 0.3875 -0.6994751 0.5 0.3875 -0.7051 0.5000001 0.375 -0.7051 0.5000001 0.3795999 -0.6474 0.5 0.3875 -0.7051 0.5 0.3375 -0.740948 0.5000001 0.3375 -0.7051 0.5000001 0.3375 -0.7456532 0.5 0.3375 -0.7484227 0.5000001 0.3375 -0.7494 0.5 0.3294 -0.7481848 0.5000001 0.3294 -0.7490831 0.5 0.3294 -0.7494 0.5 0.3294 -0.7494 0.5 0.3355163 -0.7494 0.5 0.3375 -0.7494 0.5 0.3294 -0.7466589 0.5 0.3583 -0.5649 0.5000001 0.3793 -0.5649 0.5000001 0.3875 -0.6188 0.5000001 0.3875 -0.6188 0.5000001 0.381575 -0.6188 0.5000001 0.3863 -0.5649 0.5 0.3863 -0.6043 0.5 0.3863 -0.6028005 0.5 0.3813 -0.5701 0.5 0.3750438 -0.5701 0.5 0.3571747 -0.5649 0.5 0.3863 -0.5649 0.5000001 0.3863 -0.5747599 0.5 0.3563 -0.5701 0.5000001 0.3577995 -0.5701 0.5000001 0.3796 -0.6188 0.5 0.3796 -0.6188 0.5000001 0.3813 -0.5701 0.5 0.3813 -0.5957757 0.5 0.3567985 -0.5649 0.5 0.3813 -0.6043 0.5000001 0.3825475 -0.6043 0.5000001 0.3563 -0.5649001 0.5000001 0.3564246 -0.5649 0.5 0.3563 -0.5649001 0.5000001 0.3563 -0.5688026 0.5000001 0.3863 -0.6043 0.5 0.3813 -0.6043 0.5000001 0.3813 -0.6041753 0.5 0.3813 -0.6038016 0.5 0.3563 -0.5701 0.5000001 0.3294 -0.6976 2.5 0.3294 -0.6975998 0.4999998 0.3294 -0.7293998 0.4999998 0.3294 -0.7494 2.48 0.3294 -0.7480998 0.5112999 0.3294 -0.7493999 0.5199998 0.3294 -0.7443998 0.5049998 0.3294 -0.7380998 0.5012998 0.3294 -0.7481 2.4887 0.3294 -0.7444 2.495 0.3294 -0.7381 2.4987 0.3294 -0.7294 2.5 0.3294 -0.7493999 0.5199998 0.3375 -0.7493999 0.5199998 0.3375 -0.7494 2.48 0.3294 -0.7494 2.48 0.3375 -0.7293998 0.4999998 0.3375 -0.7050998 0.4999998 0.3375 -0.7443998 0.5049998 0.3375 -0.7380998 0.5012998 0.3375 -0.7480998 0.5112999 0.3375 -0.7493999 0.5199998 0.3375 -0.7051 2.5 0.3375 -0.7294 2.5 0.3375 -0.7381 2.4987 0.3375 -0.7444 2.495 0.3375 -0.7481 2.4887 0.3375 -0.7494 2.48 0.3875 -0.6976 2.5 0.3875 -0.7051 2.5 0.3875 -0.7050998 0.4999998 0.3875 -0.6975998 0.4999998 0.3796 -0.6975998 0.4999998 0.3875 -0.6975998 0.4999998 0.3875 -0.7050998 0.4999998 0.3375 -0.7050998 0.4999998 0.3294 -0.6975998 0.4999998 0.3375 -0.7050998 0.4999998 0.3875 -0.7050998 0.4999998 0.3875 -0.7051 2.5 0.3375 -0.7051 2.5 0.3875 -0.6187998 0.4999999 0.3796 -0.6187998 0.4999999 0.3796 -0.6188001 2.5 0.3875 -0.6188001 2.5 0.3875 -0.6187998 0.4999999 0.3875 -0.6188001 2.5 0.3875 -0.6976 2.5 0.3875 -0.6188001 2.5 0.3796 -0.6188001 2.5 0.3796 -0.6976 2.5 0.3796 -0.6976 2.5 0.3796 -0.6188001 2.5 0.3796 -0.6187998 0.4999999 0.3796 -0.6975998 0.4999998 0.3875 -0.6187998 0.4999999 0.3796 -0.6187998 0.4999999 0.3294 -0.7381 2.4987 0.3375 -0.7381 2.4987 0.3375 -0.7294 2.5 0.3294 -0.7294 2.5 0.3294 -0.7293998 0.4999998 0.3375 -0.7293998 0.4999998 0.3375 -0.7380998 0.5012998 0.3294 -0.7380998 0.5012998 0.3294 -0.7444 2.495 0.3375 -0.7444 2.495 0.3294 -0.7444 2.495 0.3294 -0.7481 2.4887 0.3375 -0.7481 2.4887 0.3375 -0.7444 2.495 0.3375 -0.7443998 0.5049998 0.3294 -0.7443998 0.5049998 0.3375 -0.7443998 0.5049998 0.3375 -0.7480998 0.5112999 0.3294 -0.7480998 0.5112999 0.3294 -0.7443998 0.5049998 0.3796 -0.6975998 0.4999998 0.3294 -0.6975998 0.4999998 0.3294 -0.6976 2.5 0.3796 -0.6976 2.5 0.3375 -0.7051 2.5 0.3294 -0.6976 2.5 0.3875 -0.7051 2.5 0.3563 -0.5701001 2.498 0.3563 -0.5649001 2.498 0.3563 -0.5648998 0.5019998 0.3563 -0.5700998 0.5019998 0.3813 -0.6043001 2.498 0.3813 -0.6042999 0.5019998 0.3863 -0.6042999 0.5019998 0.3863 -0.6043001 2.498 0.3863 -0.6042999 0.5019998 0.3863 -0.6037998 0.5004999 0.3863 -0.6022998 0.4999999 0.3863 -0.5648998 0.4999999 0.3863 -0.5649001 2.5 0.3863 -0.6023001 2.5 0.3863 -0.6043001 2.498 0.3863 -0.6038001 2.4995 0.3813 -0.6043001 2.498 0.3813 -0.6022998 0.4999999 0.3813 -0.6037998 0.5004999 0.3813 -0.6042999 0.5019998 0.3813 -0.5701001 2.5 0.3813 -0.5700998 0.4999999 0.3813 -0.6038001 2.4995 0.3813 -0.6023001 2.5 0.3813 -0.5700998 0.4999999 0.3583 -0.5700998 0.4999999 0.3583 -0.5648998 0.4999999 0.3863 -0.5648998 0.4999999 0.3563 -0.5649001 2.498 0.3583 -0.5648998 0.4999999 0.3568 -0.5648998 0.5004999 0.3563 -0.5648998 0.5019998 0.3568 -0.5649001 2.4995 0.3583 -0.5649001 2.5 0.3863 -0.5649001 2.5 0.3863 -0.5648998 0.4999999 0.3583 -0.5649001 2.5 0.3583 -0.5701001 2.5 0.3813 -0.5701001 2.5 0.3863 -0.5649001 2.5 0.3583 -0.5701001 2.5 0.3568 -0.5701001 2.4995 0.3563 -0.5701001 2.498 0.3563 -0.5700998 0.5019998 0.3813 -0.5701001 2.5 0.3813 -0.5700998 0.4999999 0.3568 -0.5700998 0.5004999 0.3583 -0.5700998 0.4999999 0.3813 -0.6038001 2.4995 0.3863 -0.6038001 2.4995 0.3863 -0.6023001 2.5 0.3813 -0.6023001 2.5 0.3863 -0.6022998 0.4999999 0.3863 -0.6037998 0.5004999 0.3813 -0.6037998 0.5004999 0.3813 -0.6022998 0.4999999 0.3568 -0.5648998 0.5004999 0.3568 -0.5700998 0.5004999 0.3568 -0.5649001 2.4995 0.3568 -0.5701001 2.4995 0.3863 -0.6038001 2.4995 0.3813 -0.6038001 2.4995 0.3813 -0.6037998 0.5004999 0.3863 -0.6037998 0.5004999 0.3568 -0.5700998 0.5004999 0.3568 -0.5648998 0.5004999 0.3568 -0.5649001 2.4995 0.3568 -0.5701001 2.4995 0.374 -0.7049998 0.6856998 0.3731 -0.7049998 0.6907998 0.3731 -0.7088998 0.6907998 0.374 -0.7088998 0.6856998 0.3705 -0.7049998 0.6953998 0.3705 -0.7088998 0.6953998 0.3705 -0.7088998 0.6953998 0.3705 -0.7049998 0.6953998 0.3665 -0.7049998 0.6986998 0.3665 -0.7088998 0.6986998 0.3616 -0.7049998 0.7004998 0.3616 -0.7088998 0.7004998 0.3564 -0.7049998 0.7004998 0.3564 -0.7088998 0.7004998 0.3515 -0.7049998 0.6986998 0.3515 -0.7088998 0.6986998 0.3475 -0.7049998 0.6953998 0.3475 -0.7088998 0.6953998 0.3475 -0.7088998 0.6953998 0.3475 -0.7049998 0.6953998 0.3449 -0.7049998 0.6907998 0.3449 -0.7088998 0.6907998 0.344 -0.7049998 0.6856998 0.344 -0.7088998 0.6856998 0.3449 -0.7049998 0.6805998 0.3449 -0.7088998 0.6805998 0.3475 -0.7049998 0.6760998 0.3475 -0.7088998 0.6760998 0.3475 -0.7088998 0.6760998 0.3475 -0.7049998 0.6760998 0.3515 -0.7049998 0.6726998 0.3515 -0.7088998 0.6726998 0.3564 -0.7049998 0.6708998 0.3564 -0.7088998 0.6708998 0.3616 -0.7049998 0.6708998 0.3616 -0.7088998 0.6708998 0.3665 -0.7049998 0.6726998 0.3665 -0.7088998 0.6726998 0.3705 -0.7049998 0.6760998 0.3705 -0.7088998 0.6760998 0.3731 -0.7088998 0.6805998 0.3705 -0.7088998 0.6760998 0.3705 -0.7049998 0.6760998 0.3731 -0.7049998 0.6805998 0.3683 -0.7108998 0.6890999 0.3666 -0.7108998 0.6920998 0.364 -0.7108998 0.6942998 0.3683 -0.7108998 0.6822998 0.3607 -0.7108998 0.6954998 0.3573 -0.7108998 0.6954998 0.3514 -0.7108998 0.6920998 0.354 -0.7108998 0.6942998 0.3497 -0.7108998 0.6890999 0.3491 -0.7108998 0.6856998 0.3514 -0.7108998 0.6792998 0.3497 -0.7108998 0.6822998 0.354 -0.7108998 0.6770998 0.3573 -0.7108998 0.6758998 0.364 -0.7108998 0.6770998 0.3607 -0.7108998 0.6758998 0.3666 -0.7108998 0.6792998 0.3689 -0.7108998 0.6856998 0.3689 -0.7088998 0.6856998 0.374 -0.7088998 0.6856998 0.3731 -0.7088998 0.6907998 0.3683 -0.7088998 0.6890999 0.3705 -0.7088998 0.6953998 0.3666 -0.7088998 0.6920998 0.364 -0.7088998 0.6942998 0.3665 -0.7088998 0.6986998 0.3616 -0.7088998 0.7004998 0.3607 -0.7088998 0.6954998 0.3564 -0.7088998 0.7004998 0.3573 -0.7088998 0.6954998 0.3515 -0.7088998 0.6986998 0.354 -0.7088998 0.6942998 0.3514 -0.7088998 0.6920998 0.3475 -0.7088998 0.6953998 0.3449 -0.7088998 0.6907998 0.3497 -0.7088998 0.6890999 0.344 -0.7088998 0.6856998 0.3491 -0.7088998 0.6856998 0.3449 -0.7088998 0.6805998 0.3497 -0.7088998 0.6822998 0.3475 -0.7088998 0.6760998 0.3514 -0.7088998 0.6792998 0.3515 -0.7088998 0.6726998 0.354 -0.7088998 0.6770998 0.3564 -0.7088998 0.6708998 0.3573 -0.7088998 0.6758998 0.3616 -0.7088998 0.6708998 0.3607 -0.7088998 0.6758998 0.3665 -0.7088998 0.6726998 0.364 -0.7088998 0.6770998 0.3705 -0.7088998 0.6760998 0.3666 -0.7088998 0.6792998 0.3731 -0.7088998 0.6805998 0.3683 -0.7088998 0.6822998 0.3689 -0.7088998 0.6856998 0.3683 -0.7088998 0.6890999 0.3683 -0.7108998 0.6890999 0.3689 -0.7108998 0.6856998 0.3666 -0.7108998 0.6920998 0.3683 -0.7108998 0.6890999 0.3683 -0.7088998 0.6890999 0.3666 -0.7088998 0.6920998 0.3666 -0.7088998 0.6920998 0.364 -0.7088998 0.6942998 0.364 -0.7108998 0.6942998 0.3666 -0.7108998 0.6920998 0.3607 -0.7088998 0.6954998 0.3607 -0.7108998 0.6954998 0.364 -0.7108998 0.6942998 0.364 -0.7088998 0.6942998 0.3573 -0.7088998 0.6954998 0.3573 -0.7108998 0.6954998 0.3607 -0.7108998 0.6954998 0.3607 -0.7088998 0.6954998 0.3573 -0.7088998 0.6954998 0.354 -0.7088998 0.6942998 0.354 -0.7108998 0.6942998 0.3573 -0.7108998 0.6954998 0.3514 -0.7088998 0.6920998 0.3514 -0.7108998 0.6920998 0.354 -0.7108998 0.6942998 0.354 -0.7088998 0.6942998 0.3514 -0.7108998 0.6920998 0.3514 -0.7088998 0.6920998 0.3497 -0.7088998 0.6890999 0.3497 -0.7108998 0.6890999 0.3497 -0.7108998 0.6890999 0.3497 -0.7088998 0.6890999 0.3491 -0.7088998 0.6856998 0.3491 -0.7108998 0.6856998 0.3491 -0.7108998 0.6856998 0.3491 -0.7088998 0.6856998 0.3497 -0.7088998 0.6822998 0.3497 -0.7108998 0.6822998 0.3497 -0.7108998 0.6822998 0.3497 -0.7088998 0.6822998 0.3514 -0.7088998 0.6792998 0.3514 -0.7108998 0.6792998 0.3514 -0.7108998 0.6792998 0.3514 -0.7088998 0.6792998 0.354 -0.7088998 0.6770998 0.354 -0.7108998 0.6770998 0.354 -0.7108998 0.6770998 0.354 -0.7088998 0.6770998 0.3573 -0.7088998 0.6758998 0.3573 -0.7108998 0.6758998 0.3573 -0.7108998 0.6758998 0.3573 -0.7088998 0.6758998 0.3607 -0.7088998 0.6758998 0.3607 -0.7108998 0.6758998 0.3607 -0.7088998 0.6758998 0.364 -0.7088998 0.6770998 0.364 -0.7108998 0.6770998 0.3607 -0.7108998 0.6758998 0.3666 -0.7088998 0.6792998 0.3666 -0.7108998 0.6792998 0.364 -0.7108998 0.6770998 0.364 -0.7088998 0.6770998 0.3666 -0.7108998 0.6792998 0.3666 -0.7088998 0.6792998 0.3683 -0.7088998 0.6822998 0.3683 -0.7108998 0.6822998 0.3683 -0.7088998 0.6822998 0.3689 -0.7088998 0.6856998 0.3689 -0.7108998 0.6856998 0.3683 -0.7108998 0.6822998 0.3731 -0.7049998 0.9622999 0.3731 -0.7088998 0.9622999 0.374 -0.7088998 0.9570999 0.374 -0.7049998 0.9570999 0.3705 -0.7049998 0.9667999 0.3705 -0.7088998 0.9667999 0.3705 -0.7088998 0.9667999 0.3705 -0.7049998 0.9667999 0.3665 -0.7049998 0.9700999 0.3665 -0.7088998 0.9700999 0.3616 -0.7049998 0.9718999 0.3616 -0.7088998 0.9718999 0.3564 -0.7049998 0.9718999 0.3564 -0.7088998 0.9718999 0.3515 -0.7049998 0.9700999 0.3515 -0.7088998 0.9700999 0.3475 -0.7049998 0.9667999 0.3475 -0.7088998 0.9667999 0.3475 -0.7088998 0.9667999 0.3475 -0.7049998 0.9667999 0.3449 -0.7049998 0.9622999 0.3449 -0.7088998 0.9622999 0.344 -0.7088998 0.9570999 0.344 -0.7049998 0.9570999 0.3449 -0.7049998 0.9519999 0.3449 -0.7088998 0.9519999 0.3475 -0.7049998 0.9474999 0.3475 -0.7088998 0.9474999 0.3515 -0.7088998 0.9441999 0.3475 -0.7088998 0.9474999 0.3475 -0.7049998 0.9474999 0.3515 -0.7049998 0.9441999 0.3564 -0.7049998 0.9423999 0.3564 -0.7088998 0.9423999 0.3616 -0.7049998 0.9423999 0.3616 -0.7088998 0.9423999 0.3665 -0.7049998 0.9441999 0.3665 -0.7088998 0.9441999 0.3705 -0.7049998 0.9474999 0.3705 -0.7088998 0.9474999 0.3705 -0.7088998 0.9474999 0.3705 -0.7049998 0.9474999 0.3731 -0.7049998 0.9519999 0.3731 -0.7088998 0.9519999 0.3666 -0.7108998 0.9634999 0.364 -0.7108998 0.9656999 0.3683 -0.7108998 0.9536999 0.3683 -0.7108998 0.9604999 0.3607 -0.7108998 0.9668999 0.3573 -0.7108998 0.9668999 0.3514 -0.7108998 0.9634999 0.354 -0.7108998 0.9656999 0.3497 -0.7108998 0.9604999 0.3491 -0.7108998 0.9570999 0.3514 -0.7108998 0.9507999 0.3497 -0.7108998 0.9536999 0.364 -0.7108998 0.9484999 0.354 -0.7108998 0.9484999 0.3573 -0.7108998 0.9473999 0.3607 -0.7108998 0.9473999 0.3666 -0.7108998 0.9507999 0.3689 -0.7108998 0.9570999 0.374 -0.7088998 0.9570999 0.3731 -0.7088998 0.9622999 0.3683 -0.7088998 0.9604999 0.3689 -0.7088998 0.9570999 0.3705 -0.7088998 0.9667999 0.3666 -0.7088998 0.9634999 0.3665 -0.7088998 0.9700999 0.364 -0.7088998 0.9656999 0.3616 -0.7088998 0.9718999 0.3607 -0.7088998 0.9668999 0.3564 -0.7088998 0.9718999 0.3573 -0.7088998 0.9668999 0.3515 -0.7088998 0.9700999 0.354 -0.7088998 0.9656999 0.3475 -0.7088998 0.9667999 0.3514 -0.7088998 0.9634999 0.3449 -0.7088998 0.9622999 0.3497 -0.7088998 0.9604999 0.344 -0.7088998 0.9570999 0.3491 -0.7088998 0.9570999 0.3449 -0.7088998 0.9519999 0.3497 -0.7088998 0.9536999 0.3491 -0.7088998 0.9570999 0.344 -0.7088998 0.9570999 0.3475 -0.7088998 0.9474999 0.3514 -0.7088998 0.9507999 0.3497 -0.7088998 0.9536999 0.3449 -0.7088998 0.9519999 0.3515 -0.7088998 0.9441999 0.354 -0.7088998 0.9484999 0.3564 -0.7088998 0.9423999 0.3573 -0.7088998 0.9473999 0.3616 -0.7088998 0.9423999 0.3607 -0.7088998 0.9473999 0.3665 -0.7088998 0.9441999 0.364 -0.7088998 0.9484999 0.3705 -0.7088998 0.9474999 0.3666 -0.7088998 0.9507999 0.3731 -0.7088998 0.9519999 0.3683 -0.7088998 0.9536999 0.374 -0.7088998 0.9570999 0.3689 -0.7088998 0.9570999 0.3683 -0.7088998 0.9536999 0.3731 -0.7088998 0.9519999 0.3683 -0.7088998 0.9604999 0.3683 -0.7108998 0.9604999 0.3689 -0.7108998 0.9570999 0.3689 -0.7088998 0.9570999 0.3683 -0.7088998 0.9604999 0.3666 -0.7088998 0.9634999 0.3666 -0.7108998 0.9634999 0.3683 -0.7108998 0.9604999 0.3666 -0.7108998 0.9634999 0.3666 -0.7088998 0.9634999 0.364 -0.7088998 0.9656999 0.364 -0.7108998 0.9656999 0.364 -0.7088998 0.9656999 0.3607 -0.7088998 0.9668999 0.3607 -0.7108998 0.9668999 0.364 -0.7108998 0.9656999 0.3607 -0.7088998 0.9668999 0.3573 -0.7088998 0.9668999 0.3573 -0.7108998 0.9668999 0.3607 -0.7108998 0.9668999 0.354 -0.7088998 0.9656999 0.354 -0.7108998 0.9656999 0.3573 -0.7108998 0.9668999 0.3573 -0.7088998 0.9668999 0.3514 -0.7088998 0.9634999 0.3514 -0.7108998 0.9634999 0.354 -0.7108998 0.9656999 0.354 -0.7088998 0.9656999 0.3497 -0.7088998 0.9604999 0.3497 -0.7108998 0.9604999 0.3514 -0.7108998 0.9634999 0.3514 -0.7088998 0.9634999 0.3491 -0.7108998 0.9570999 0.3497 -0.7108998 0.9604999 0.3497 -0.7088998 0.9604999 0.3491 -0.7088998 0.9570999 0.3491 -0.7108998 0.9570999 0.3491 -0.7088998 0.9570999 0.3497 -0.7088998 0.9536999 0.3497 -0.7108998 0.9536999 0.3497 -0.7088998 0.9536999 0.3514 -0.7088998 0.9507999 0.3514 -0.7108998 0.9507999 0.3497 -0.7108998 0.9536999 0.354 -0.7088998 0.9484999 0.354 -0.7108998 0.9484999 0.3514 -0.7108998 0.9507999 0.3514 -0.7088998 0.9507999 0.354 -0.7088998 0.9484999 0.3573 -0.7088998 0.9473999 0.3573 -0.7108998 0.9473999 0.354 -0.7108998 0.9484999 0.3573 -0.7108998 0.9473999 0.3573 -0.7088998 0.9473999 0.3607 -0.7088998 0.9473999 0.3607 -0.7108998 0.9473999 0.3607 -0.7088998 0.9473999 0.364 -0.7088998 0.9484999 0.364 -0.7108998 0.9484999 0.3607 -0.7108998 0.9473999 0.364 -0.7108998 0.9484999 0.364 -0.7088998 0.9484999 0.3666 -0.7088998 0.9507999 0.3666 -0.7108998 0.9507999 0.3666 -0.7088998 0.9507999 0.3683 -0.7088998 0.9536999 0.3683 -0.7108998 0.9536999 0.3666 -0.7108998 0.9507999 0.3683 -0.7088998 0.9536999 0.3689 -0.7088998 0.9570999 0.3689 -0.7108998 0.9570999 0.3683 -0.7108998 0.9536999 0.374 -0.7088999 1.2286 0.374 -0.7049999 1.2286 0.3731 -0.7049999 1.2337 0.3731 -0.7088999 1.2337 0.3705 -0.7049999 1.2382 0.3705 -0.7088999 1.2382 0.3705 -0.7049999 1.2382 0.3665 -0.7049999 1.2416 0.3665 -0.7088999 1.2416 0.3705 -0.7088999 1.2382 0.3616 -0.7088999 1.2433 0.3616 -0.7049999 1.2433 0.3564 -0.7049999 1.2433 0.3564 -0.7088999 1.2433 0.3515 -0.7049999 1.2416 0.3515 -0.7088999 1.2416 0.3475 -0.7049999 1.2382 0.3475 -0.7088999 1.2382 0.3475 -0.7049999 1.2382 0.3449 -0.7049999 1.2337 0.3449 -0.7088999 1.2337 0.3475 -0.7088999 1.2382 0.344 -0.7049999 1.2286 0.344 -0.7088999 1.2286 0.3449 -0.7049999 1.2234 0.3449 -0.7088999 1.2234 0.3475 -0.7049999 1.2189 0.3475 -0.7088999 1.2189 0.3475 -0.7049999 1.2189 0.3515 -0.7049999 1.2156 0.3515 -0.7088999 1.2156 0.3475 -0.7088999 1.2189 0.3564 -0.7088999 1.2138 0.3564 -0.7049999 1.2138 0.3616 -0.7049999 1.2138 0.3616 -0.7088999 1.2138 0.3665 -0.7049999 1.2156 0.3665 -0.7088999 1.2156 0.3705 -0.7049999 1.2189 0.3705 -0.7088999 1.2189 0.3705 -0.7049999 1.2189 0.3731 -0.7049999 1.2234 0.3731 -0.7088999 1.2234 0.3705 -0.7088999 1.2189 0.3666 -0.7108999 1.2349 0.364 -0.7108999 1.2372 0.3683 -0.7108999 1.2252 0.3683 -0.7108999 1.232 0.3514 -0.7108999 1.2349 0.3607 -0.7108999 1.2383 0.3573 -0.7108999 1.2383 0.354 -0.7108999 1.2372 0.3497 -0.7108999 1.232 0.3491 -0.7108999 1.2286 0.3514 -0.7108999 1.2222 0.3497 -0.7108999 1.2252 0.354 -0.7108999 1.22 0.3573 -0.7108999 1.2188 0.364 -0.7108999 1.22 0.3607 -0.7108999 1.2188 0.3666 -0.7108999 1.2222 0.3689 -0.7108999 1.2286 0.3683 -0.7088999 1.232 0.3689 -0.7088999 1.2286 0.374 -0.7088999 1.2286 0.3731 -0.7088999 1.2337 0.3705 -0.7088999 1.2382 0.3666 -0.7088999 1.2349 0.3665 -0.7088999 1.2416 0.364 -0.7088999 1.2372 0.3616 -0.7088999 1.2433 0.3607 -0.7088999 1.2383 0.3564 -0.7088999 1.2433 0.3573 -0.7088999 1.2383 0.3515 -0.7088999 1.2416 0.354 -0.7088999 1.2372 0.3475 -0.7088999 1.2382 0.3514 -0.7088999 1.2349 0.3449 -0.7088999 1.2337 0.3497 -0.7088999 1.232 0.344 -0.7088999 1.2286 0.3491 -0.7088999 1.2286 0.3449 -0.7088999 1.2234 0.3497 -0.7088999 1.2252 0.3475 -0.7088999 1.2189 0.3514 -0.7088999 1.2222 0.3515 -0.7088999 1.2156 0.354 -0.7088999 1.22 0.3564 -0.7088999 1.2138 0.3573 -0.7088999 1.2188 0.3616 -0.7088999 1.2138 0.3607 -0.7088999 1.2188 0.3665 -0.7088999 1.2156 0.364 -0.7088999 1.22 0.3705 -0.7088999 1.2189 0.3666 -0.7088999 1.2222 0.3731 -0.7088999 1.2234 0.3683 -0.7088999 1.2252 0.3689 -0.7088999 1.2286 0.3683 -0.7088999 1.232 0.3683 -0.7108999 1.232 0.3689 -0.7108999 1.2286 0.3666 -0.7088999 1.2349 0.3666 -0.7108999 1.2349 0.3683 -0.7108999 1.232 0.3683 -0.7088999 1.232 0.3666 -0.7088999 1.2349 0.364 -0.7088999 1.2372 0.364 -0.7108999 1.2372 0.3666 -0.7108999 1.2349 0.364 -0.7088999 1.2372 0.3607 -0.7088999 1.2383 0.3607 -0.7108999 1.2383 0.364 -0.7108999 1.2372 0.3607 -0.7088999 1.2383 0.3573 -0.7088999 1.2383 0.3573 -0.7108999 1.2383 0.3607 -0.7108999 1.2383 0.3573 -0.7108999 1.2383 0.3573 -0.7088999 1.2383 0.354 -0.7088999 1.2372 0.354 -0.7108999 1.2372 0.3514 -0.7108999 1.2349 0.354 -0.7108999 1.2372 0.354 -0.7088999 1.2372 0.3514 -0.7088999 1.2349 0.3514 -0.7088999 1.2349 0.3497 -0.7088999 1.232 0.3497 -0.7108999 1.232 0.3514 -0.7108999 1.2349 0.3491 -0.7108999 1.2286 0.3497 -0.7108999 1.232 0.3497 -0.7088999 1.232 0.3491 -0.7088999 1.2286 0.3497 -0.7088999 1.2252 0.3497 -0.7108999 1.2252 0.3491 -0.7108999 1.2286 0.3491 -0.7088999 1.2286 0.3497 -0.7108999 1.2252 0.3497 -0.7088999 1.2252 0.3514 -0.7088999 1.2222 0.3514 -0.7108999 1.2222 0.354 -0.7088999 1.22 0.354 -0.7108999 1.22 0.3514 -0.7108999 1.2222 0.3514 -0.7088999 1.2222 0.354 -0.7088999 1.22 0.3573 -0.7088999 1.2188 0.3573 -0.7108999 1.2188 0.354 -0.7108999 1.22 0.3607 -0.7088999 1.2188 0.3607 -0.7108999 1.2188 0.3573 -0.7108999 1.2188 0.3573 -0.7088999 1.2188 0.3607 -0.7088999 1.2188 0.364 -0.7088999 1.22 0.364 -0.7108999 1.22 0.3607 -0.7108999 1.2188 0.364 -0.7088999 1.22 0.3666 -0.7088999 1.2222 0.3666 -0.7108999 1.2222 0.364 -0.7108999 1.22 0.3666 -0.7088999 1.2222 0.3683 -0.7088999 1.2252 0.3683 -0.7108999 1.2252 0.3666 -0.7108999 1.2222 0.3683 -0.7088999 1.2252 0.3689 -0.7088999 1.2286 0.3689 -0.7108999 1.2286 0.3683 -0.7108999 1.2252 0.374 -0.7049999 1.5 0.3731 -0.7049999 1.5051 0.3731 -0.7088999 1.5051 0.374 -0.7088999 1.5 0.3705 -0.7049999 1.5096 0.3705 -0.7088999 1.5096 0.3705 -0.7049999 1.5096 0.3665 -0.7049999 1.513 0.3665 -0.7088999 1.513 0.3705 -0.7088999 1.5096 0.3616 -0.7049999 1.5148 0.3616 -0.7088999 1.5148 0.3564 -0.7049999 1.5148 0.3564 -0.7088999 1.5148 0.3515 -0.7049999 1.513 0.3515 -0.7088999 1.513 0.3475 -0.7049999 1.5096 0.3475 -0.7088999 1.5096 0.3475 -0.7049999 1.5096 0.3449 -0.7049999 1.5051 0.3449 -0.7088999 1.5051 0.3475 -0.7088999 1.5096 0.344 -0.7049999 1.5 0.344 -0.7088999 1.5 0.3449 -0.7049999 1.4949 0.3449 -0.7088999 1.4949 0.3475 -0.7049999 1.4904 0.3475 -0.7088999 1.4904 0.3475 -0.7049999 1.4904 0.3515 -0.7049999 1.487 0.3515 -0.7088999 1.487 0.3475 -0.7088999 1.4904 0.3564 -0.7049999 1.4852 0.3564 -0.7088999 1.4852 0.3616 -0.7049999 1.4852 0.3616 -0.7088999 1.4852 0.3665 -0.7049999 1.487 0.3665 -0.7088999 1.487 0.3705 -0.7049999 1.4904 0.3705 -0.7088999 1.4904 0.3705 -0.7049999 1.4904 0.3731 -0.7049999 1.4949 0.3731 -0.7088999 1.4949 0.3705 -0.7088999 1.4904 0.3683 -0.7108999 1.5034 0.3666 -0.7108999 1.5064 0.364 -0.7108999 1.5086 0.3683 -0.7108999 1.4966 0.3607 -0.7108999 1.5098 0.3573 -0.7108999 1.5098 0.3514 -0.7108999 1.5064 0.354 -0.7108999 1.5086 0.3497 -0.7108999 1.5034 0.3491 -0.7108999 1.5 0.3514 -0.7108999 1.4936 0.3497 -0.7108999 1.4966 0.354 -0.7108999 1.4914 0.3573 -0.7108999 1.4902 0.364 -0.7108999 1.4914 0.3607 -0.7108999 1.4902 0.3666 -0.7108999 1.4936 0.3689 -0.7108999 1.5 0.3689 -0.7088999 1.5 0.374 -0.7088999 1.5 0.3731 -0.7088999 1.5051 0.3683 -0.7088999 1.5034 0.3705 -0.7088999 1.5096 0.3666 -0.7088999 1.5064 0.364 -0.7088999 1.5086 0.3665 -0.7088999 1.513 0.3616 -0.7088999 1.5148 0.3607 -0.7088999 1.5098 0.3564 -0.7088999 1.5148 0.3573 -0.7088999 1.5098 0.3515 -0.7088999 1.513 0.354 -0.7088999 1.5086 0.3475 -0.7088999 1.5096 0.3514 -0.7088999 1.5064 0.3449 -0.7088999 1.5051 0.3497 -0.7088999 1.5034 0.344 -0.7088999 1.5 0.3491 -0.7088999 1.5 0.3449 -0.7088999 1.4949 0.3497 -0.7088999 1.4966 0.3475 -0.7088999 1.4904 0.3514 -0.7088999 1.4936 0.354 -0.7088999 1.4914 0.3515 -0.7088999 1.487 0.3564 -0.7088999 1.4852 0.3573 -0.7088999 1.4902 0.3607 -0.7088999 1.4902 0.3616 -0.7088999 1.4852 0.3665 -0.7088999 1.487 0.364 -0.7088999 1.4914 0.3705 -0.7088999 1.4904 0.3666 -0.7088999 1.4936 0.3731 -0.7088999 1.4949 0.3683 -0.7088999 1.4966 0.3689 -0.7088999 1.5 0.3683 -0.7088999 1.5034 0.3683 -0.7108999 1.5034 0.3689 -0.7108999 1.5 0.3666 -0.7108999 1.5064 0.3683 -0.7108999 1.5034 0.3683 -0.7088999 1.5034 0.3666 -0.7088999 1.5064 0.3666 -0.7108999 1.5064 0.3666 -0.7088999 1.5064 0.364 -0.7088999 1.5086 0.364 -0.7108999 1.5086 0.3607 -0.7108999 1.5098 0.364 -0.7108999 1.5086 0.364 -0.7088999 1.5086 0.3607 -0.7088999 1.5098 0.3607 -0.7108999 1.5098 0.3607 -0.7088999 1.5098 0.3573 -0.7088999 1.5098 0.3573 -0.7108999 1.5098 0.3573 -0.7108999 1.5098 0.3573 -0.7088999 1.5098 0.354 -0.7088999 1.5086 0.354 -0.7108999 1.5086 0.354 -0.7088999 1.5086 0.3514 -0.7088999 1.5064 0.3514 -0.7108999 1.5064 0.354 -0.7108999 1.5086 0.3497 -0.7088999 1.5034 0.3497 -0.7108999 1.5034 0.3514 -0.7108999 1.5064 0.3514 -0.7088999 1.5064 0.3497 -0.7108999 1.5034 0.3497 -0.7088999 1.5034 0.3491 -0.7088999 1.5 0.3491 -0.7108999 1.5 0.3491 -0.7108999 1.5 0.3491 -0.7088999 1.5 0.3497 -0.7088999 1.4966 0.3497 -0.7108999 1.4966 0.3497 -0.7108999 1.4966 0.3497 -0.7088999 1.4966 0.3514 -0.7088999 1.4936 0.3514 -0.7108999 1.4936 0.3514 -0.7108999 1.4936 0.3514 -0.7088999 1.4936 0.354 -0.7088999 1.4914 0.354 -0.7108999 1.4914 0.354 -0.7108999 1.4914 0.354 -0.7088999 1.4914 0.3573 -0.7088999 1.4902 0.3573 -0.7108999 1.4902 0.3573 -0.7108999 1.4902 0.3573 -0.7088999 1.4902 0.3607 -0.7088999 1.4902 0.3607 -0.7108999 1.4902 0.3607 -0.7108999 1.4902 0.3607 -0.7088999 1.4902 0.364 -0.7088999 1.4914 0.364 -0.7108999 1.4914 0.364 -0.7088999 1.4914 0.3666 -0.7088999 1.4936 0.3666 -0.7108999 1.4936 0.364 -0.7108999 1.4914 0.3666 -0.7088999 1.4936 0.3683 -0.7088999 1.4966 0.3683 -0.7108999 1.4966 0.3666 -0.7108999 1.4936 0.3683 -0.7088999 1.4966 0.3689 -0.7088999 1.5 0.3689 -0.7108999 1.5 0.3683 -0.7108999 1.4966 0.374 -0.7049999 1.7714 0.3731 -0.7049999 1.7766 0.3731 -0.7088999 1.7766 0.374 -0.7088999 1.7714 0.3705 -0.7049999 1.7811 0.3705 -0.7088999 1.7811 0.3705 -0.7049999 1.7811 0.3665 -0.7049999 1.7844 0.3665 -0.7088999 1.7844 0.3705 -0.7088999 1.7811 0.3616 -0.7049999 1.7862 0.3616 -0.7088999 1.7862 0.3564 -0.7049999 1.7862 0.3564 -0.7088999 1.7862 0.3515 -0.7049999 1.7844 0.3515 -0.7088999 1.7844 0.3475 -0.7049999 1.7811 0.3475 -0.7088999 1.7811 0.3475 -0.7049999 1.7811 0.3449 -0.7049999 1.7766 0.3449 -0.7088999 1.7766 0.3475 -0.7088999 1.7811 0.344 -0.7049999 1.7714 0.344 -0.7088999 1.7714 0.3449 -0.7049999 1.7663 0.3449 -0.7088999 1.7663 0.3475 -0.7049999 1.7618 0.3475 -0.7088999 1.7618 0.3475 -0.7049999 1.7618 0.3515 -0.7049999 1.7584 0.3515 -0.7088999 1.7584 0.3475 -0.7088999 1.7618 0.3564 -0.7049999 1.7567 0.3564 -0.7088999 1.7567 0.3616 -0.7049999 1.7567 0.3616 -0.7088999 1.7567 0.3665 -0.7049999 1.7584 0.3665 -0.7088999 1.7584 0.3705 -0.7049999 1.7618 0.3705 -0.7088999 1.7618 0.3705 -0.7049999 1.7618 0.3731 -0.7049999 1.7663 0.3731 -0.7088999 1.7663 0.3705 -0.7088999 1.7618 0.3683 -0.7108999 1.7748 0.3666 -0.7108999 1.7778 0.364 -0.7108999 1.78 0.3683 -0.7108999 1.768 0.3607 -0.7108999 1.7812 0.3573 -0.7108999 1.7812 0.3514 -0.7108999 1.7778 0.354 -0.7108999 1.78 0.3497 -0.7108999 1.7748 0.3491 -0.7108999 1.7714 0.3514 -0.7108999 1.7651 0.3497 -0.7108999 1.768 0.354 -0.7108999 1.7628 0.3573 -0.7108999 1.7617 0.364 -0.7108999 1.7628 0.3607 -0.7108999 1.7617 0.3666 -0.7108999 1.7651 0.3689 -0.7108999 1.7714 0.3689 -0.7088999 1.7714 0.374 -0.7088999 1.7714 0.3731 -0.7088999 1.7766 0.3683 -0.7088999 1.7748 0.3705 -0.7088999 1.7811 0.3666 -0.7088999 1.7778 0.364 -0.7088999 1.78 0.3665 -0.7088999 1.7844 0.3616 -0.7088999 1.7862 0.3607 -0.7088999 1.7812 0.3564 -0.7088999 1.7862 0.3573 -0.7088999 1.7812 0.3515 -0.7088999 1.7844 0.354 -0.7088999 1.78 0.3475 -0.7088999 1.7811 0.3514 -0.7088999 1.7778 0.3449 -0.7088999 1.7766 0.3497 -0.7088999 1.7748 0.344 -0.7088999 1.7714 0.3491 -0.7088999 1.7714 0.3449 -0.7088999 1.7663 0.3497 -0.7088999 1.768 0.3475 -0.7088999 1.7618 0.3514 -0.7088999 1.7651 0.354 -0.7088999 1.7628 0.3515 -0.7088999 1.7584 0.3564 -0.7088999 1.7567 0.3573 -0.7088999 1.7617 0.3607 -0.7088999 1.7617 0.3616 -0.7088999 1.7567 0.3665 -0.7088999 1.7584 0.364 -0.7088999 1.7628 0.3705 -0.7088999 1.7618 0.3666 -0.7088999 1.7651 0.3731 -0.7088999 1.7663 0.3683 -0.7088999 1.768 0.3689 -0.7088999 1.7714 0.3683 -0.7088999 1.7748 0.3683 -0.7108999 1.7748 0.3689 -0.7108999 1.7714 0.3666 -0.7108999 1.7778 0.3683 -0.7108999 1.7748 0.3683 -0.7088999 1.7748 0.3666 -0.7088999 1.7778 0.3666 -0.7108999 1.7778 0.3666 -0.7088999 1.7778 0.364 -0.7088999 1.78 0.364 -0.7108999 1.78 0.3607 -0.7108999 1.7812 0.364 -0.7108999 1.78 0.364 -0.7088999 1.78 0.3607 -0.7088999 1.7812 0.3607 -0.7108999 1.7812 0.3607 -0.7088999 1.7812 0.3573 -0.7088999 1.7812 0.3573 -0.7108999 1.7812 0.3573 -0.7108999 1.7812 0.3573 -0.7088999 1.7812 0.354 -0.7088999 1.78 0.354 -0.7108999 1.78 0.354 -0.7088999 1.78 0.3514 -0.7088999 1.7778 0.3514 -0.7108999 1.7778 0.354 -0.7108999 1.78 0.3497 -0.7088999 1.7748 0.3497 -0.7108999 1.7748 0.3514 -0.7108999 1.7778 0.3514 -0.7088999 1.7778 0.3497 -0.7108999 1.7748 0.3497 -0.7088999 1.7748 0.3491 -0.7088999 1.7714 0.3491 -0.7108999 1.7714 0.3491 -0.7108999 1.7714 0.3491 -0.7088999 1.7714 0.3497 -0.7088999 1.768 0.3497 -0.7108999 1.768 0.3497 -0.7108999 1.768 0.3497 -0.7088999 1.768 0.3514 -0.7088999 1.7651 0.3514 -0.7108999 1.7651 0.3514 -0.7108999 1.7651 0.3514 -0.7088999 1.7651 0.354 -0.7088999 1.7628 0.354 -0.7108999 1.7628 0.354 -0.7108999 1.7628 0.354 -0.7088999 1.7628 0.3573 -0.7088999 1.7617 0.3573 -0.7108999 1.7617 0.3573 -0.7108999 1.7617 0.3573 -0.7088999 1.7617 0.3607 -0.7088999 1.7617 0.3607 -0.7108999 1.7617 0.3607 -0.7108999 1.7617 0.3607 -0.7088999 1.7617 0.364 -0.7088999 1.7628 0.364 -0.7108999 1.7628 0.364 -0.7088999 1.7628 0.3666 -0.7088999 1.7651 0.3666 -0.7108999 1.7651 0.364 -0.7108999 1.7628 0.3666 -0.7088999 1.7651 0.3683 -0.7088999 1.768 0.3683 -0.7108999 1.768 0.3666 -0.7108999 1.7651 0.3683 -0.7088999 1.768 0.3689 -0.7088999 1.7714 0.3689 -0.7108999 1.7714 0.3683 -0.7108999 1.768 0.374 -0.7049999 2.0429 0.3731 -0.7049999 2.048 0.3731 -0.7088999 2.048 0.374 -0.7088999 2.0429 0.3705 -0.7049999 2.0525 0.3705 -0.7088999 2.0525 0.3705 -0.7049999 2.0525 0.3665 -0.7049999 2.0558 0.3665 -0.7088999 2.0558 0.3705 -0.7088999 2.0525 0.3616 -0.7049999 2.0576 0.3616 -0.7088999 2.0576 0.3564 -0.7049999 2.0576 0.3564 -0.7088999 2.0576 0.3515 -0.7049999 2.0558 0.3515 -0.7088999 2.0558 0.3475 -0.7049999 2.0525 0.3475 -0.7088999 2.0525 0.3475 -0.7049999 2.0525 0.3449 -0.7049999 2.048 0.3449 -0.7088999 2.048 0.3475 -0.7088999 2.0525 0.344 -0.7049999 2.0429 0.344 -0.7088999 2.0429 0.3449 -0.7049999 2.0377 0.3449 -0.7088999 2.0377 0.3475 -0.7049999 2.0332 0.3475 -0.7088999 2.0332 0.3475 -0.7049999 2.0332 0.3515 -0.7049999 2.0299 0.3515 -0.7088999 2.0299 0.3475 -0.7088999 2.0332 0.3564 -0.7049999 2.0281 0.3564 -0.7088999 2.0281 0.3616 -0.7049999 2.0281 0.3616 -0.7088999 2.0281 0.3665 -0.7049999 2.0299 0.3665 -0.7088999 2.0299 0.3705 -0.7049999 2.0332 0.3705 -0.7088999 2.0332 0.3705 -0.7049999 2.0332 0.3731 -0.7049999 2.0377 0.3731 -0.7088999 2.0377 0.3705 -0.7088999 2.0332 0.3683 -0.7109 2.0463 0.3666 -0.7109 2.0492 0.364 -0.7109 2.0515 0.3683 -0.7109 2.0395 0.3607 -0.7109 2.0526 0.3573 -0.7109 2.0526 0.3514 -0.7109 2.0492 0.354 -0.7109 2.0515 0.3497 -0.7109 2.0463 0.3491 -0.7109 2.0429 0.3514 -0.7109 2.0365 0.3497 -0.7109 2.0395 0.354 -0.7109 2.0343 0.3573 -0.7109 2.0331 0.364 -0.7109 2.0343 0.3607 -0.7109 2.0331 0.3666 -0.7109 2.0365 0.3689 -0.7109 2.0429 0.3689 -0.7088999 2.0429 0.374 -0.7088999 2.0429 0.3731 -0.7088999 2.048 0.3683 -0.7088999 2.0463 0.3705 -0.7088999 2.0525 0.3666 -0.7088999 2.0492 0.364 -0.7088999 2.0515 0.3665 -0.7088999 2.0558 0.3616 -0.7088999 2.0576 0.3607 -0.7088999 2.0526 0.3564 -0.7088999 2.0576 0.3573 -0.7088999 2.0526 0.3515 -0.7088999 2.0558 0.354 -0.7088999 2.0515 0.3475 -0.7088999 2.0525 0.3514 -0.7088999 2.0492 0.3449 -0.7088999 2.048 0.3497 -0.7088999 2.0463 0.344 -0.7088999 2.0429 0.3491 -0.7088999 2.0429 0.3449 -0.7088999 2.0377 0.3497 -0.7088999 2.0395 0.3475 -0.7088999 2.0332 0.3514 -0.7088999 2.0365 0.354 -0.7088999 2.0343 0.3515 -0.7088999 2.0299 0.3564 -0.7088999 2.0281 0.3573 -0.7088999 2.0331 0.3607 -0.7088999 2.0331 0.3616 -0.7088999 2.0281 0.3665 -0.7088999 2.0299 0.364 -0.7088999 2.0343 0.3705 -0.7088999 2.0332 0.3666 -0.7088999 2.0365 0.3731 -0.7088999 2.0377 0.3683 -0.7088999 2.0395 0.3689 -0.7088999 2.0429 0.3683 -0.7088999 2.0463 0.3683 -0.7109 2.0463 0.3689 -0.7109 2.0429 0.3666 -0.7109 2.0492 0.3683 -0.7109 2.0463 0.3683 -0.7088999 2.0463 0.3666 -0.7088999 2.0492 0.3666 -0.7109 2.0492 0.3666 -0.7088999 2.0492 0.364 -0.7088999 2.0515 0.364 -0.7109 2.0515 0.3607 -0.7109 2.0526 0.364 -0.7109 2.0515 0.364 -0.7088999 2.0515 0.3607 -0.7088999 2.0526 0.3607 -0.7109 2.0526 0.3607 -0.7088999 2.0526 0.3573 -0.7088999 2.0526 0.3573 -0.7109 2.0526 0.3573 -0.7109 2.0526 0.3573 -0.7088999 2.0526 0.354 -0.7088999 2.0515 0.354 -0.7109 2.0515 0.354 -0.7088999 2.0515 0.3514 -0.7088999 2.0492 0.3514 -0.7109 2.0492 0.354 -0.7109 2.0515 0.3497 -0.7088999 2.0463 0.3497 -0.7109 2.0463 0.3514 -0.7109 2.0492 0.3514 -0.7088999 2.0492 0.3497 -0.7109 2.0463 0.3497 -0.7088999 2.0463 0.3491 -0.7088999 2.0429 0.3491 -0.7109 2.0429 0.3491 -0.7109 2.0429 0.3491 -0.7088999 2.0429 0.3497 -0.7088999 2.0395 0.3497 -0.7109 2.0395 0.3497 -0.7109 2.0395 0.3497 -0.7088999 2.0395 0.3514 -0.7088999 2.0365 0.3514 -0.7109 2.0365 0.3514 -0.7109 2.0365 0.3514 -0.7088999 2.0365 0.354 -0.7088999 2.0343 0.354 -0.7109 2.0343 0.354 -0.7109 2.0343 0.354 -0.7088999 2.0343 0.3573 -0.7088999 2.0331 0.3573 -0.7109 2.0331 0.3573 -0.7109 2.0331 0.3573 -0.7088999 2.0331 0.3607 -0.7088999 2.0331 0.3607 -0.7109 2.0331 0.3607 -0.7109 2.0331 0.3607 -0.7088999 2.0331 0.364 -0.7088999 2.0343 0.364 -0.7109 2.0343 0.364 -0.7088999 2.0343 0.3666 -0.7088999 2.0365 0.3666 -0.7109 2.0365 0.364 -0.7109 2.0343 0.3666 -0.7088999 2.0365 0.3683 -0.7088999 2.0395 0.3683 -0.7109 2.0395 0.3666 -0.7109 2.0365 0.3683 -0.7088999 2.0395 0.3689 -0.7088999 2.0429 0.3689 -0.7109 2.0429 0.3683 -0.7109 2.0395 0.374 -0.7049999 2.3143 0.3731 -0.7049999 2.3194 0.3731 -0.7088999 2.3194 0.374 -0.7088999 2.3143 0.3705 -0.7049999 2.3239 0.3705 -0.7088999 2.3239 0.3705 -0.7049999 2.3239 0.3665 -0.7049999 2.3273 0.3665 -0.7088999 2.3273 0.3705 -0.7088999 2.3239 0.3616 -0.7049999 2.3291 0.3616 -0.7088999 2.3291 0.3564 -0.7049999 2.3291 0.3564 -0.7088999 2.3291 0.3515 -0.7049999 2.3273 0.3515 -0.7088999 2.3273 0.3475 -0.7049999 2.3239 0.3475 -0.7088999 2.3239 0.3475 -0.7049999 2.3239 0.3449 -0.7049999 2.3194 0.3449 -0.7088999 2.3194 0.3475 -0.7088999 2.3239 0.344 -0.7049999 2.3143 0.344 -0.7088999 2.3143 0.3449 -0.7049999 2.3092 0.3449 -0.7088999 2.3092 0.3475 -0.7049999 2.3046 0.3475 -0.7088999 2.3046 0.3475 -0.7049999 2.3046 0.3515 -0.7049999 2.3013 0.3515 -0.7088999 2.3013 0.3475 -0.7088999 2.3046 0.3564 -0.7049999 2.2995 0.3564 -0.7088999 2.2995 0.3616 -0.7049999 2.2995 0.3616 -0.7088999 2.2995 0.3665 -0.7049999 2.3013 0.3665 -0.7088999 2.3013 0.3705 -0.7049999 2.3046 0.3705 -0.7088999 2.3046 0.3705 -0.7049999 2.3046 0.3731 -0.7049999 2.3092 0.3731 -0.7088999 2.3092 0.3705 -0.7088999 2.3046 0.3683 -0.7109 2.3177 0.3666 -0.7109 2.3207 0.364 -0.7109 2.3229 0.3683 -0.7109 2.3109 0.3607 -0.7109 2.3241 0.3573 -0.7109 2.3241 0.3514 -0.7109 2.3207 0.354 -0.7109 2.3229 0.3497 -0.7109 2.3177 0.3491 -0.7109 2.3143 0.3514 -0.7109 2.3079 0.3497 -0.7109 2.3109 0.354 -0.7109 2.3057 0.3573 -0.7109 2.3045 0.364 -0.7109 2.3057 0.3607 -0.7109 2.3045 0.3666 -0.7109 2.3079 0.3689 -0.7109 2.3143 0.3689 -0.7088999 2.3143 0.374 -0.7088999 2.3143 0.3731 -0.7088999 2.3194 0.3683 -0.7088999 2.3177 0.3705 -0.7088999 2.3239 0.3666 -0.7088999 2.3207 0.3683 -0.7088999 2.3177 0.3731 -0.7088999 2.3194 0.364 -0.7088999 2.3229 0.3665 -0.7088999 2.3273 0.364 -0.7088999 2.3229 0.3665 -0.7088999 2.3273 0.3616 -0.7088999 2.3291 0.3607 -0.7088999 2.3241 0.3564 -0.7088999 2.3291 0.3573 -0.7088999 2.3241 0.3564 -0.7088999 2.3291 0.3515 -0.7088999 2.3273 0.354 -0.7088999 2.3229 0.3573 -0.7088999 2.3241 0.354 -0.7088999 2.3229 0.3515 -0.7088999 2.3273 0.3475 -0.7088999 2.3239 0.3514 -0.7088999 2.3207 0.3449 -0.7088999 2.3194 0.3497 -0.7088999 2.3177 0.344 -0.7088999 2.3143 0.3491 -0.7088999 2.3143 0.3449 -0.7088999 2.3092 0.3497 -0.7088999 2.3109 0.3497 -0.7088999 2.3109 0.3449 -0.7088999 2.3092 0.3475 -0.7088999 2.3046 0.3514 -0.7088999 2.3079 0.354 -0.7088999 2.3057 0.3515 -0.7088999 2.3013 0.3515 -0.7088999 2.3013 0.3564 -0.7088999 2.2995 0.3573 -0.7088999 2.3045 0.354 -0.7088999 2.3057 0.3607 -0.7088999 2.3045 0.3573 -0.7088999 2.3045 0.3564 -0.7088999 2.2995 0.3616 -0.7088999 2.2995 0.3607 -0.7088999 2.3045 0.3616 -0.7088999 2.2995 0.3665 -0.7088999 2.3013 0.364 -0.7088999 2.3057 0.364 -0.7088999 2.3057 0.3665 -0.7088999 2.3013 0.3705 -0.7088999 2.3046 0.3666 -0.7088999 2.3079 0.3731 -0.7088999 2.3092 0.3683 -0.7088999 2.3109 0.3731 -0.7088999 2.3092 0.374 -0.7088999 2.3143 0.3689 -0.7088999 2.3143 0.3683 -0.7088999 2.3109 0.3689 -0.7088999 2.3143 0.3683 -0.7088999 2.3177 0.3683 -0.7109 2.3177 0.3689 -0.7109 2.3143 0.3666 -0.7109 2.3207 0.3683 -0.7109 2.3177 0.3683 -0.7088999 2.3177 0.3666 -0.7088999 2.3207 0.3666 -0.7109 2.3207 0.3666 -0.7088999 2.3207 0.364 -0.7088999 2.3229 0.364 -0.7109 2.3229 0.3607 -0.7109 2.3241 0.364 -0.7109 2.3229 0.364 -0.7088999 2.3229 0.3607 -0.7088999 2.3241 0.3607 -0.7109 2.3241 0.3607 -0.7088999 2.3241 0.3573 -0.7088999 2.3241 0.3573 -0.7109 2.3241 0.3573 -0.7109 2.3241 0.3573 -0.7088999 2.3241 0.354 -0.7088999 2.3229 0.354 -0.7109 2.3229 0.354 -0.7088999 2.3229 0.3514 -0.7088999 2.3207 0.3514 -0.7109 2.3207 0.354 -0.7109 2.3229 0.3497 -0.7088999 2.3177 0.3497 -0.7109 2.3177 0.3514 -0.7109 2.3207 0.3514 -0.7088999 2.3207 0.3497 -0.7109 2.3177 0.3497 -0.7088999 2.3177 0.3491 -0.7088999 2.3143 0.3491 -0.7109 2.3143 0.3491 -0.7109 2.3143 0.3491 -0.7088999 2.3143 0.3497 -0.7088999 2.3109 0.3497 -0.7109 2.3109 0.3497 -0.7109 2.3109 0.3497 -0.7088999 2.3109 0.3514 -0.7088999 2.3079 0.3514 -0.7109 2.3079 0.3514 -0.7109 2.3079 0.3514 -0.7088999 2.3079 0.354 -0.7088999 2.3057 0.354 -0.7109 2.3057 0.354 -0.7109 2.3057 0.354 -0.7088999 2.3057 0.3573 -0.7088999 2.3045 0.3573 -0.7109 2.3045 0.3573 -0.7109 2.3045 0.3573 -0.7088999 2.3045 0.3607 -0.7088999 2.3045 0.3607 -0.7109 2.3045 0.3607 -0.7109 2.3045 0.3607 -0.7088999 2.3045 0.364 -0.7088999 2.3057 0.364 -0.7109 2.3057 0.364 -0.7088999 2.3057 0.3666 -0.7088999 2.3079 0.3666 -0.7109 2.3079 0.364 -0.7109 2.3057 0.3666 -0.7088999 2.3079 0.3683 -0.7088999 2.3109 0.3683 -0.7109 2.3109 0.3666 -0.7109 2.3079 0.3683 -0.7088999 2.3109 0.3689 -0.7088999 2.3143 0.3689 -0.7109 2.3143 0.3683 -0.7109 2.3109 0.4005 -0.7077998 0.6358999 0.4005 -0.7088998 0.6279999 0.4005 -0.7088998 0.5274998 0.4005 -0.7046998 0.6409998 0.4005 -0.6995998 0.6439998 0.4005 -0.6916998 0.6451998 0.4005 -0.6995998 0.5113998 0.4005 -0.6916998 0.5102998 0.4005 -0.5884999 0.5102998 0.4005 -0.7046998 0.5144999 0.4005 -0.7077998 0.5194998 0.4005 -0.5723999 0.5194998 0.4005 -0.5712999 0.5274998 0.4005 -0.5712999 0.6279999 0.4005 -0.5754999 0.5144999 0.4005 -0.5805999 0.5113998 0.4005 -0.5723999 0.6358999 0.4005 -0.5754999 0.6409998 0.4005 -0.5805999 0.6439998 0.4005 -0.5884999 0.6451998 0.3879 -0.5682999 0.6281998 0.3975 -0.5682999 0.6281998 0.3975 -0.5682999 0.5272998 0.3879 -0.5682999 0.5272998 0.3879 -0.5882998 0.5072999 0.3975 -0.5882998 0.5072999 0.3975 -0.6918998 0.5072999 0.3879 -0.6918998 0.5072999 0.3879 -0.7118998 0.5272998 0.3975 -0.7118998 0.5272998 0.3975 -0.7118998 0.6281998 0.3879 -0.7118998 0.6281998 0.3879 -0.6918998 0.6481998 0.3975 -0.6918998 0.6481998 0.3975 -0.5882999 0.6481998 0.3879 -0.5882999 0.6481998 0.3975 -0.5695999 0.5184998 0.3879 -0.5695999 0.5184998 0.3879 -0.5695999 0.6368998 0.3975 -0.5695999 0.6368998 0.3975 -0.7006998 0.5084998 0.3879 -0.7006998 0.5084998 0.3975 -0.7106998 0.6368998 0.3879 -0.7106998 0.6368998 0.3975 -0.5732998 0.5122998 0.3879 -0.5732998 0.5122998 0.3975 -0.5795998 0.5084998 0.3879 -0.5795998 0.5084998 0.3879 -0.5732998 0.5122998 0.3975 -0.5732998 0.5122998 0.3879 -0.5732999 0.6431998 0.3975 -0.5732999 0.6431998 0.3879 -0.5795999 0.6468998 0.3975 -0.5795999 0.6468998 0.3975 -0.5732999 0.6431998 0.3879 -0.5732999 0.6431998 0.3975 -0.7068998 0.5122998 0.3879 -0.7068998 0.5122998 0.3975 -0.7106998 0.5184998 0.3879 -0.7106998 0.5184998 0.3879 -0.7068998 0.5122998 0.3975 -0.7068998 0.5122998 0.3975 -0.7068998 0.6431998 0.3879 -0.7068998 0.6431998 0.3975 -0.7006998 0.6468998 0.3879 -0.7006998 0.6468998 0.3879 -0.7068998 0.6431998 0.3975 -0.7068998 0.6431998 0.4005 -0.5712999 0.5274998 0.3997 -0.5690999 0.5272998 0.3997 -0.5690999 0.6280998 0.4005 -0.5712999 0.6279999 0.3997 -0.6918998 0.5079998 0.3997 -0.5883998 0.5079998 0.4005 -0.5884999 0.5102998 0.4005 -0.6916998 0.5102998 0.3997 -0.7111998 0.6280998 0.3997 -0.7111998 0.5272998 0.4005 -0.7088998 0.5274998 0.4005 -0.7088998 0.6279999 0.4005 -0.5884999 0.6451998 0.3997 -0.5883999 0.6473999 0.3997 -0.6918998 0.6473999 0.4005 -0.6916998 0.6451998 0.3997 -0.5702999 0.6366998 0.3997 -0.5690999 0.6280998 0.3997 -0.5883998 0.5079998 0.3997 -0.5797998 0.5091998 0.3997 -0.7003998 0.6461998 0.3997 -0.6918998 0.6473999 0.3997 -0.7098999 0.5187999 0.3997 -0.7111998 0.5272998 0.3997 -0.5883999 0.6473999 0.3997 -0.5797999 0.6461998 0.3997 -0.5737999 0.6425998 0.3997 -0.5737999 0.6425998 0.3997 -0.5690999 0.5272998 0.3997 -0.5702999 0.5187999 0.3997 -0.5737999 0.5127998 0.3997 -0.5737999 0.5127998 0.3997 -0.7098999 0.6366998 0.3997 -0.7111998 0.6280998 0.3997 -0.7063998 0.6425998 0.3997 -0.7063998 0.6425998 0.3997 -0.6918998 0.5079998 0.3997 -0.7003998 0.5091998 0.3997 -0.7063997 0.5127998 0.3997 -0.7063997 0.5127998 0.3997 -0.5702999 0.6366998 0.4005 -0.5723999 0.6358999 0.3997 -0.5797998 0.5091998 0.4005 -0.5805999 0.5113998 0.3997 -0.7003998 0.6461998 0.4005 -0.6995998 0.6439998 0.3997 -0.7098999 0.5187999 0.4005 -0.7077998 0.5194998 0.3997 -0.5797999 0.6461998 0.4005 -0.5805999 0.6439998 0.3997 -0.5737999 0.6425998 0.4005 -0.5754999 0.6409998 0.3997 -0.5702999 0.5187999 0.4005 -0.5723999 0.5194998 0.4005 -0.5754999 0.5144999 0.3997 -0.5737999 0.5127998 0.4005 -0.7077998 0.6358999 0.3997 -0.7098999 0.6366998 0.3997 -0.7063998 0.6425998 0.4005 -0.7046998 0.6409998 0.4005 -0.6995998 0.5113998 0.3997 -0.7003998 0.5091998 0.4005 -0.7046998 0.5144999 0.3997 -0.7063997 0.5127998 0.3996 -0.6918998 0.5145998 0.4086 -0.6918998 0.5145998 0.4086 -0.7022998 0.5205999 0.3996 -0.7022998 0.5205999 0.3996 -0.7022998 0.5205999 0.4086 -0.7022998 0.5205999 0.4086 -0.7022998 0.5325998 0.3996 -0.7022998 0.5325998 0.3996 -0.7022998 0.5325998 0.4086 -0.7022998 0.5325998 0.4086 -0.6918998 0.5385999 0.3996 -0.6918998 0.5385999 0.3996 -0.6918998 0.5385999 0.4086 -0.6918998 0.5385999 0.4086 -0.6814998 0.5325998 0.3996 -0.6814998 0.5325998 0.3996 -0.6814998 0.5325998 0.4086 -0.6814998 0.5325998 0.4086 -0.6814998 0.5205999 0.3996 -0.6814998 0.5205999 0.4086 -0.6814998 0.5205999 0.4086 -0.6918998 0.5145998 0.3996 -0.6918998 0.5145998 0.3996 -0.6814998 0.5205999 0.4096 -0.6824998 0.5211998 0.4096 -0.6824998 0.5319998 0.4096 -0.6918998 0.5373998 0.4096 -0.7012999 0.5211998 0.4096 -0.7012999 0.5319998 0.4096 -0.6918998 0.5156998 0.4096 -0.6918998 0.5156998 0.4096 -0.7012999 0.5211998 0.4086 -0.7022998 0.5205999 0.4086 -0.6918998 0.5145998 0.4086 -0.7022998 0.5325998 0.4096 -0.7012999 0.5319998 0.4096 -0.6918998 0.5373998 0.4086 -0.6918998 0.5385999 0.4096 -0.6824998 0.5319998 0.4086 -0.6814998 0.5325998 0.4086 -0.6814998 0.5205999 0.4096 -0.6824998 0.5211998 0.3996 -0.6918998 0.6168999 0.4086 -0.6918998 0.6168999 0.4086 -0.7022998 0.6228998 0.3996 -0.7022998 0.6228998 0.3996 -0.7022998 0.6228998 0.4086 -0.7022998 0.6228998 0.4086 -0.7022998 0.6348998 0.3996 -0.7022998 0.6348998 0.3996 -0.7022998 0.6348998 0.4086 -0.7022998 0.6348998 0.4086 -0.6918998 0.6408998 0.3996 -0.6918998 0.6408998 0.3996 -0.6918998 0.6408998 0.4086 -0.6918998 0.6408998 0.4086 -0.6814998 0.6348998 0.3996 -0.6814998 0.6348998 0.3996 -0.6814998 0.6348998 0.4086 -0.6814998 0.6348998 0.4086 -0.6814998 0.6228998 0.3996 -0.6814998 0.6228998 0.3996 -0.6814998 0.6228998 0.4086 -0.6814998 0.6228998 0.4086 -0.6918998 0.6168999 0.3996 -0.6918998 0.6168999 0.4096 -0.6824998 0.6234998 0.4096 -0.6824998 0.6342998 0.4096 -0.6918998 0.6396998 0.4096 -0.7012999 0.6234998 0.4096 -0.7012999 0.6342998 0.4096 -0.6918998 0.6179998 0.4086 -0.7022998 0.6228998 0.4086 -0.6918998 0.6168999 0.4096 -0.6918998 0.6179998 0.4096 -0.7012999 0.6234998 0.4086 -0.7022998 0.6228998 0.4096 -0.7012999 0.6234998 0.4096 -0.7012999 0.6342998 0.4086 -0.7022998 0.6348998 0.4086 -0.6918998 0.6408998 0.4086 -0.7022998 0.6348998 0.4096 -0.7012999 0.6342998 0.4096 -0.6918998 0.6396998 0.4086 -0.6918998 0.6408998 0.4096 -0.6918998 0.6396998 0.4096 -0.6824998 0.6342998 0.4086 -0.6814998 0.6348998 0.4086 -0.6814998 0.6228998 0.4086 -0.6814998 0.6348998 0.4096 -0.6824998 0.6342998 0.4096 -0.6824998 0.6234998 0.4096 -0.6824998 0.6234998 0.4096 -0.6918998 0.6179998 0.4086 -0.6918998 0.6168999 0.4086 -0.6814998 0.6228998 0.3996 -0.5895999 0.6168999 0.4086 -0.5895999 0.6168999 0.4086 -0.5999999 0.6228998 0.3996 -0.5999999 0.6228998 0.3996 -0.5999999 0.6228998 0.4086 -0.5999999 0.6228998 0.4086 -0.5999999 0.6348998 0.3996 -0.5999999 0.6348998 0.3996 -0.5999999 0.6348998 0.4086 -0.5999999 0.6348998 0.4086 -0.5895999 0.6408998 0.3996 -0.5895999 0.6408998 0.4086 -0.5895999 0.6408998 0.4086 -0.5791999 0.6348998 0.3996 -0.5791999 0.6348998 0.3996 -0.5895999 0.6408998 0.3996 -0.5791999 0.6348998 0.4086 -0.5791999 0.6348998 0.4086 -0.5791999 0.6228998 0.3996 -0.5791999 0.6228998 0.3996 -0.5791999 0.6228998 0.4086 -0.5791999 0.6228998 0.4086 -0.5895999 0.6168999 0.3996 -0.5895999 0.6168999 0.4096 -0.5801999 0.6234998 0.4096 -0.5801999 0.6342998 0.4096 -0.5895999 0.6396998 0.4096 -0.5989999 0.6234998 0.4096 -0.5989999 0.6342998 0.4096 -0.5895999 0.6179998 0.4096 -0.5989999 0.6234998 0.4086 -0.5999999 0.6228998 0.4086 -0.5895999 0.6168999 0.4096 -0.5895999 0.6179998 0.4096 -0.5989999 0.6342998 0.4086 -0.5999999 0.6348998 0.4086 -0.5999999 0.6228998 0.4096 -0.5989999 0.6234998 0.4096 -0.5895999 0.6396998 0.4086 -0.5895999 0.6408998 0.4096 -0.5801999 0.6342998 0.4086 -0.5791999 0.6348998 0.4086 -0.5791999 0.6228998 0.4096 -0.5801999 0.6234998 0.4086 -0.5895999 0.6168999 0.4086 -0.5791999 0.6228998 0.4096 -0.5801999 0.6234998 0.4096 -0.5895999 0.6179998 0.3996 -0.5895999 0.5145998 0.4086 -0.5895999 0.5145998 0.4086 -0.5999999 0.5205999 0.3996 -0.5999999 0.5205999 0.3996 -0.5999999 0.5205999 0.4086 -0.5999999 0.5205999 0.4086 -0.5999999 0.5325998 0.3996 -0.5999999 0.5325998 0.3996 -0.5999999 0.5325998 0.4086 -0.5999999 0.5325998 0.4086 -0.5895999 0.5385999 0.3996 -0.5895999 0.5385999 0.3996 -0.5895999 0.5385999 0.4086 -0.5895999 0.5385999 0.4086 -0.5791999 0.5325998 0.3996 -0.5791999 0.5325998 0.3996 -0.5791999 0.5325998 0.4086 -0.5791999 0.5325998 0.4086 -0.5791999 0.5205999 0.3996 -0.5791999 0.5205999 0.3996 -0.5791999 0.5205999 0.4086 -0.5791999 0.5205999 0.4086 -0.5895999 0.5145998 0.3996 -0.5895999 0.5145998 0.4096 -0.5801999 0.5211998 0.4096 -0.5801999 0.5319998 0.4096 -0.5895999 0.5373998 0.4096 -0.5989999 0.5211998 0.4096 -0.5989999 0.5319998 0.4096 -0.5895999 0.5156998 0.4096 -0.5989999 0.5211998 0.4086 -0.5999999 0.5205999 0.4086 -0.5895999 0.5145998 0.4096 -0.5895999 0.5156998 0.4086 -0.5999999 0.5325998 0.4086 -0.5999999 0.5205999 0.4096 -0.5989999 0.5211998 0.4096 -0.5989999 0.5319998 0.4096 -0.5989999 0.5319998 0.4096 -0.5895999 0.5373998 0.4086 -0.5895999 0.5385999 0.4086 -0.5999999 0.5325998 0.4086 -0.5791999 0.5325998 0.4086 -0.5895999 0.5385999 0.4096 -0.5895999 0.5373998 0.4096 -0.5801999 0.5319998 0.4086 -0.5791999 0.5205999 0.4086 -0.5791999 0.5325998 0.4096 -0.5801999 0.5319998 0.4096 -0.5801999 0.5211998 0.4086 -0.5895999 0.5145998 0.4086 -0.5791999 0.5205999 0.4096 -0.5801999 0.5211998 0.4096 -0.5895999 0.5156998 0.4003 -0.6427999 0.5221998 0.4148 -0.6427999 0.5221998 0.4148 -0.6616998 0.5255998 0.4003 -0.6616998 0.5255998 0.4148 -0.6781998 0.5350998 0.4003 -0.6781998 0.5350998 0.4003 -0.6781998 0.5350998 0.4148 -0.6781998 0.5350998 0.4148 -0.6904999 0.5496999 0.4003 -0.6904999 0.5496999 0.4148 -0.6969999 0.5676999 0.4003 -0.6969999 0.5676999 0.4148 -0.6969999 0.5867998 0.4003 -0.6969999 0.5867998 0.4148 -0.6904999 0.6046999 0.4003 -0.6904999 0.6046999 0.4148 -0.6781998 0.6193999 0.4003 -0.6781998 0.6193999 0.4003 -0.6781998 0.6193999 0.4148 -0.6781998 0.6193999 0.4148 -0.6616998 0.6288998 0.4003 -0.6616998 0.6288998 0.4148 -0.6427999 0.6321998 0.4003 -0.6427999 0.6321998 0.4148 -0.6239999 0.6288998 0.4003 -0.6239999 0.6288998 0.4148 -0.6074999 0.6193999 0.4003 -0.6074999 0.6193999 0.4003 -0.6074999 0.6193999 0.4148 -0.6074999 0.6193999 0.4148 -0.5951999 0.6046999 0.4003 -0.5951999 0.6046999 0.4148 -0.5886999 0.5867998 0.4003 -0.5886999 0.5867998 0.4148 -0.5886999 0.5676999 0.4003 -0.5886999 0.5676999 0.4148 -0.5951999 0.5496999 0.4003 -0.5951999 0.5496999 0.4148 -0.6074999 0.5350998 0.4003 -0.6074999 0.5350998 0.4003 -0.6074999 0.5350998 0.4148 -0.6074999 0.5350998 0.4148 -0.6239999 0.5255998 0.4003 -0.6239999 0.5255998 0.402 -0.6309999 0.5445998 0.402 -0.6204999 0.5506998 0.402 -0.6127999 0.5598998 0.402 -0.6728999 0.5598998 0.402 -0.6086999 0.5711998 0.402 -0.6086999 0.5832998 0.402 -0.6204999 0.6037998 0.402 -0.6127999 0.5945999 0.402 -0.6650998 0.6037998 0.402 -0.6309999 0.6097998 0.402 -0.6427999 0.6118998 0.402 -0.6546998 0.6097998 0.402 -0.6728999 0.5945999 0.402 -0.6769998 0.5832998 0.402 -0.6769998 0.5711998 0.402 -0.6546998 0.5445998 0.402 -0.6650998 0.5506998 0.402 -0.6427999 0.5425998 0.4148 -0.6598998 0.5302999 0.4148 -0.6616998 0.5255998 0.4148 -0.6427999 0.5221998 0.4148 -0.6427999 0.5272998 0.4148 -0.6781998 0.5350998 0.4148 -0.6748998 0.5389998 0.4148 -0.6860998 0.5522998 0.4148 -0.6904999 0.5496999 0.4148 -0.6919998 0.5685998 0.4148 -0.6969999 0.5676999 0.4148 -0.6969999 0.5867998 0.4148 -0.6919998 0.5858998 0.4148 -0.6904999 0.6046999 0.4148 -0.6860998 0.6021998 0.4148 -0.6781998 0.6193999 0.4148 -0.6748998 0.6154998 0.4148 -0.6616998 0.6288998 0.4148 -0.6598998 0.6241998 0.4148 -0.6427999 0.6321998 0.4148 -0.6427999 0.6271998 0.4148 -0.6239999 0.6288998 0.4148 -0.6257999 0.6241998 0.4148 -0.6074999 0.6193999 0.4148 -0.6107999 0.6154998 0.4148 -0.5995999 0.6021998 0.4148 -0.5951999 0.6046999 0.4148 -0.5936999 0.5858998 0.4148 -0.5886999 0.5867998 0.4148 -0.5936999 0.5685998 0.4148 -0.5886999 0.5676999 0.4148 -0.5951999 0.5496999 0.4148 -0.5995999 0.5522998 0.4148 -0.6074999 0.5350998 0.4148 -0.6107999 0.5389998 0.4148 -0.6257999 0.5302999 0.4148 -0.6239999 0.5255998 0.4068 -0.6598998 0.5302999 0.4148 -0.6598998 0.5302999 0.4148 -0.6427999 0.5272998 0.4068 -0.6427999 0.5272998 0.4068 -0.6748998 0.5389998 0.4148 -0.6748998 0.5389998 0.4068 -0.6860998 0.5522998 0.4148 -0.6860998 0.5522998 0.4148 -0.6748998 0.5389998 0.4068 -0.6748998 0.5389998 0.4068 -0.6919998 0.5685998 0.4148 -0.6919998 0.5685998 0.4148 -0.6919998 0.5858998 0.4068 -0.6919998 0.5858998 0.4068 -0.6860998 0.6021998 0.4148 -0.6860998 0.6021998 0.4068 -0.6748998 0.6154998 0.4148 -0.6748998 0.6154998 0.4068 -0.6598998 0.6241998 0.4148 -0.6598998 0.6241998 0.4148 -0.6748998 0.6154998 0.4068 -0.6748998 0.6154998 0.4068 -0.6427999 0.6271998 0.4148 -0.6427999 0.6271998 0.4068 -0.6257999 0.6241998 0.4148 -0.6257999 0.6241998 0.4068 -0.6107999 0.6154998 0.4148 -0.6107999 0.6154998 0.4148 -0.5995999 0.6021998 0.4148 -0.6107999 0.6154998 0.4068 -0.6107999 0.6154998 0.4068 -0.5995999 0.6021998 0.4068 -0.5936999 0.5858998 0.4148 -0.5936999 0.5858998 0.4068 -0.5936999 0.5685998 0.4148 -0.5936999 0.5685998 0.4148 -0.5995999 0.5522998 0.4068 -0.5995999 0.5522998 0.4068 -0.6107999 0.5389998 0.4148 -0.6107999 0.5389998 0.4148 -0.6107999 0.5389998 0.4068 -0.6107999 0.5389998 0.4068 -0.6257999 0.5302999 0.4148 -0.6257999 0.5302999 0.4068 -0.6546998 0.5445998 0.4068 -0.6598998 0.5302999 0.4068 -0.6427999 0.5272998 0.4068 -0.6427999 0.5425998 0.4068 -0.6650998 0.5506998 0.4068 -0.6748998 0.5389998 0.4068 -0.6728999 0.5598998 0.4068 -0.6860998 0.5522998 0.4068 -0.6919998 0.5685998 0.4068 -0.6769998 0.5711998 0.4068 -0.6769998 0.5832998 0.4068 -0.6919998 0.5858998 0.4068 -0.6860998 0.6021998 0.4068 -0.6728999 0.5945999 0.4068 -0.6748998 0.6154998 0.4068 -0.6650998 0.6037998 0.4068 -0.6546998 0.6097998 0.4068 -0.6598998 0.6241998 0.4068 -0.6427999 0.6271998 0.4068 -0.6427999 0.6118998 0.4068 -0.6257999 0.6241998 0.4068 -0.6309999 0.6097998 0.4068 -0.6204999 0.6037998 0.4068 -0.6107999 0.6154998 0.4068 -0.6127999 0.5945999 0.4068 -0.5995999 0.6021998 0.4068 -0.5936999 0.5858998 0.4068 -0.6086999 0.5832998 0.4068 -0.6086999 0.5711998 0.4068 -0.5936999 0.5685998 0.4068 -0.6127999 0.5598998 0.4068 -0.5995999 0.5522998 0.4068 -0.6204999 0.5506998 0.4068 -0.6107999 0.5389998 0.4068 -0.6309999 0.5445998 0.4068 -0.6257999 0.5302999 0.402 -0.6546998 0.5445998 0.4068 -0.6546998 0.5445998 0.4068 -0.6427999 0.5425998 0.402 -0.6427999 0.5425998 0.402 -0.6650998 0.5506998 0.4068 -0.6650998 0.5506998 0.402 -0.6728999 0.5598998 0.4068 -0.6728999 0.5598998 0.4068 -0.6650998 0.5506998 0.402 -0.6650998 0.5506998 0.402 -0.6769998 0.5711998 0.4068 -0.6769998 0.5711998 0.402 -0.6769998 0.5832998 0.4068 -0.6769998 0.5832998 0.402 -0.6728999 0.5945999 0.4068 -0.6728999 0.5945999 0.4068 -0.6650998 0.6037998 0.402 -0.6650998 0.6037998 0.4068 -0.6650998 0.6037998 0.402 -0.6650998 0.6037998 0.402 -0.6546998 0.6097998 0.4068 -0.6546998 0.6097998 0.4068 -0.6427999 0.6118998 0.402 -0.6427999 0.6118998 0.4068 -0.6309999 0.6097998 0.402 -0.6309999 0.6097998 0.402 -0.6204999 0.6037998 0.4068 -0.6204999 0.6037998 0.4068 -0.6204999 0.6037998 0.402 -0.6204999 0.6037998 0.402 -0.6127999 0.5945999 0.4068 -0.6127999 0.5945999 0.402 -0.6086999 0.5832998 0.4068 -0.6086999 0.5832998 0.402 -0.6086999 0.5711998 0.4068 -0.6086999 0.5711998 0.4068 -0.6127999 0.5598998 0.402 -0.6127999 0.5598998 0.402 -0.6204999 0.5506998 0.4068 -0.6204999 0.5506998 0.4068 -0.6309999 0.5445998 0.4068 -0.6204999 0.5506998 0.402 -0.6204999 0.5506998 0.402 -0.6309999 0.5445998 0.4379 -0.6538999 0.5468998 0.4113 -0.6538999 0.5468998 0.4113 -0.6429998 0.5448998 0.4379 -0.6429998 0.5448998 0.4113 -0.6635999 0.5523998 0.4379 -0.6635999 0.5523998 0.4379 -0.6706998 0.5608998 0.4113 -0.6706998 0.5608998 0.4113 -0.6635999 0.5523998 0.4379 -0.6635999 0.5523998 0.4379 -0.6744998 0.5713998 0.4113 -0.6744998 0.5713998 0.4379 -0.6744998 0.5824998 0.4113 -0.6744998 0.5824998 0.4379 -0.6706998 0.5928998 0.4113 -0.6706998 0.5928998 0.4113 -0.6635999 0.6014998 0.4379 -0.6635999 0.6014998 0.4379 -0.6538999 0.6069998 0.4113 -0.6538999 0.6069998 0.4113 -0.6635999 0.6014998 0.4379 -0.6635999 0.6014998 0.4379 -0.6429998 0.6088998 0.4113 -0.6429998 0.6088998 0.4113 -0.6320999 0.6069998 0.4379 -0.6320999 0.6069998 0.4379 -0.6223999 0.6014998 0.4113 -0.6223999 0.6014998 0.4113 -0.6152999 0.5928998 0.4113 -0.6223999 0.6014998 0.4379 -0.6223999 0.6014998 0.4379 -0.6152999 0.5928998 0.4113 -0.6114999 0.5824998 0.4379 -0.6114999 0.5824998 0.4379 -0.6114999 0.5713998 0.4113 -0.6114999 0.5713998 0.4113 -0.6152999 0.5608998 0.4379 -0.6152999 0.5608998 0.4379 -0.6223999 0.5523998 0.4113 -0.6223999 0.5523998 0.4113 -0.6320999 0.5468998 0.4113 -0.6223999 0.5523998 0.4379 -0.6223999 0.5523998 0.4379 -0.6320999 0.5468998 0.4347 -0.6395999 0.5676999 0.4347 -0.6366999 0.5693998 0.4347 -0.6344999 0.5719999 0.4347 -0.6514998 0.5719999 0.4347 -0.6332999 0.5751999 0.4347 -0.6332999 0.5786998 0.4347 -0.6366999 0.5844998 0.4347 -0.6344999 0.5818998 0.4347 -0.6395999 0.5861998 0.4347 -0.6429998 0.5867998 0.4347 -0.6492998 0.5844998 0.4347 -0.6463998 0.5861998 0.4347 -0.6526998 0.5786998 0.4347 -0.6514998 0.5818998 0.4347 -0.6526998 0.5751999 0.4347 -0.6492998 0.5693998 0.4347 -0.6463998 0.5676999 0.4347 -0.6429998 0.5670998 0.4399 -0.6429998 0.5568999 0.4447 -0.6429998 0.5568999 0.4447 -0.6497998 0.5580998 0.4399 -0.6497998 0.5580998 0.402 -0.6429998 0.5568999 0.4113 -0.6429998 0.5568999 0.4113 -0.6497998 0.5580998 0.402 -0.6497998 0.5580998 0.4447 -0.6558998 0.5615999 0.4399 -0.6558998 0.5615999 0.402 -0.6558998 0.5615999 0.4113 -0.6558998 0.5615999 0.4399 -0.6602998 0.5668998 0.4399 -0.6558998 0.5615999 0.4447 -0.6558998 0.5615999 0.4447 -0.6602998 0.5668998 0.4113 -0.6558998 0.5615999 0.4113 -0.6602998 0.5668998 0.402 -0.6602998 0.5668998 0.402 -0.6558998 0.5615999 0.4447 -0.6626998 0.5734998 0.4399 -0.6626998 0.5734998 0.402 -0.6626998 0.5734998 0.4113 -0.6626998 0.5734998 0.4447 -0.6626998 0.5803998 0.4399 -0.6626998 0.5803998 0.4113 -0.6626998 0.5803998 0.402 -0.6626998 0.5803998 0.4447 -0.6602998 0.5868998 0.4399 -0.6602998 0.5868998 0.402 -0.6602998 0.5868998 0.4113 -0.6602998 0.5868998 0.4399 -0.6558998 0.5922998 0.4447 -0.6558998 0.5922998 0.402 -0.6558998 0.5922998 0.4113 -0.6558998 0.5922998 0.4399 -0.6497998 0.5956999 0.4399 -0.6558998 0.5922998 0.4447 -0.6558998 0.5922998 0.4447 -0.6497998 0.5956999 0.4113 -0.6558998 0.5922998 0.4113 -0.6497998 0.5956999 0.402 -0.6497998 0.5956999 0.402 -0.6558998 0.5922998 0.4399 -0.6429998 0.5968998 0.4447 -0.6429998 0.5968998 0.4113 -0.6429998 0.5968998 0.402 -0.6429998 0.5968998 0.4399 -0.6361999 0.5956999 0.4447 -0.6361999 0.5956999 0.4113 -0.6361999 0.5956999 0.402 -0.6361999 0.5956999 0.4447 -0.6300999 0.5922998 0.4399 -0.6300999 0.5922998 0.402 -0.6300999 0.5922998 0.4113 -0.6300999 0.5922998 0.4399 -0.6256999 0.5868998 0.4399 -0.6300999 0.5922998 0.4447 -0.6300999 0.5922998 0.4447 -0.6256999 0.5868998 0.402 -0.6300999 0.5922998 0.4113 -0.6300999 0.5922998 0.4113 -0.6256999 0.5868998 0.402 -0.6256999 0.5868998 0.4447 -0.6232999 0.5803998 0.4399 -0.6232999 0.5803998 0.4113 -0.6232999 0.5803998 0.402 -0.6232999 0.5803998 0.4447 -0.6232999 0.5734998 0.4399 -0.6232999 0.5734998 0.402 -0.6232999 0.5734998 0.4113 -0.6232999 0.5734998 0.4447 -0.6256999 0.5668998 0.4399 -0.6256999 0.5668998 0.402 -0.6256999 0.5668998 0.4113 -0.6256999 0.5668998 0.4399 -0.6300999 0.5615999 0.4447 -0.6300999 0.5615999 0.402 -0.6300999 0.5615999 0.4113 -0.6300999 0.5615999 0.4399 -0.6361999 0.5580998 0.4399 -0.6300999 0.5615999 0.4447 -0.6300999 0.5615999 0.4447 -0.6361999 0.5580998 0.402 -0.6300999 0.5615999 0.4113 -0.6300999 0.5615999 0.4113 -0.6361999 0.5580998 0.402 -0.6361999 0.5580998 0.4399 -0.6497998 0.5580998 0.4399 -0.6518998 0.5524998 0.4399 -0.6429998 0.5508998 0.4399 -0.6429998 0.5568999 0.4399 -0.6361999 0.5580998 0.4399 -0.6340999 0.5524998 0.4399 -0.6262999 0.5569998 0.4399 -0.6300999 0.5615999 0.4399 -0.6204999 0.5638998 0.4399 -0.6256999 0.5668998 0.4399 -0.6173999 0.5723998 0.4399 -0.6232999 0.5734998 0.4399 -0.6173999 0.5814998 0.4399 -0.6232999 0.5803998 0.4399 -0.6204999 0.5898998 0.4399 -0.6256999 0.5868998 0.4399 -0.6262999 0.5968998 0.4399 -0.6300999 0.5922998 0.4399 -0.6361999 0.5956999 0.4399 -0.6340999 0.6013998 0.4399 -0.6429998 0.6028999 0.4399 -0.6429998 0.5968998 0.4399 -0.6518998 0.6013998 0.4399 -0.6497998 0.5956999 0.4399 -0.6596998 0.5968998 0.4399 -0.6558998 0.5922998 0.4399 -0.6602998 0.5868998 0.4399 -0.6654998 0.5898998 0.4399 -0.6685999 0.5814998 0.4399 -0.6626998 0.5803998 0.4399 -0.6626998 0.5734998 0.4399 -0.6685999 0.5723998 0.4399 -0.6654998 0.5638998 0.4399 -0.6602998 0.5668998 0.4399 -0.6596998 0.5569998 0.4399 -0.6558998 0.5615999 0.4399 -0.6532998 0.5487998 0.4399 -0.6429998 0.5468998 0.4399 -0.6326999 0.5487998 0.4399 -0.6236999 0.5539999 0.4399 -0.6169999 0.5618999 0.4399 -0.6134999 0.5716998 0.4399 -0.6134999 0.5821998 0.4399 -0.6169999 0.5918998 0.4399 -0.6236999 0.5998998 0.4399 -0.6326999 0.6050998 0.4399 -0.6429998 0.6068998 0.4399 -0.6532998 0.6050998 0.4399 -0.6622998 0.5998998 0.4399 -0.6689999 0.5918998 0.4399 -0.6724998 0.5821998 0.4399 -0.6724998 0.5716998 0.4399 -0.6689999 0.5618999 0.4399 -0.6622998 0.5539999 0.4447 -0.6497998 0.5580998 0.4447 -0.6429998 0.5568999 0.4447 -0.6429998 0.5670998 0.4447 -0.6463998 0.5676999 0.4447 -0.6558998 0.5615999 0.4447 -0.6492998 0.5693998 0.4447 -0.6514998 0.5719999 0.4447 -0.6602998 0.5668998 0.4447 -0.6526998 0.5751999 0.4447 -0.6626998 0.5734998 0.4447 -0.6526998 0.5786998 0.4447 -0.6626998 0.5803998 0.4447 -0.6514998 0.5818998 0.4447 -0.6602998 0.5868998 0.4447 -0.6492998 0.5844998 0.4447 -0.6558998 0.5922998 0.4447 -0.6463998 0.5861998 0.4447 -0.6497998 0.5956999 0.4447 -0.6429998 0.5968998 0.4447 -0.6429998 0.5867998 0.4447 -0.6395999 0.5861998 0.4447 -0.6361999 0.5956999 0.4447 -0.6366999 0.5844998 0.4447 -0.6300999 0.5922998 0.4447 -0.6344999 0.5818998 0.4447 -0.6256999 0.5868998 0.4447 -0.6332999 0.5786998 0.4447 -0.6232999 0.5803998 0.4447 -0.6332999 0.5751999 0.4447 -0.6232999 0.5734998 0.4447 -0.6256999 0.5668998 0.4447 -0.6344999 0.5719999 0.4447 -0.6366999 0.5693998 0.4447 -0.6300999 0.5615999 0.4447 -0.6361999 0.5580998 0.4447 -0.6395999 0.5676999 0.4347 -0.6463998 0.5676999 0.4447 -0.6463998 0.5676999 0.4447 -0.6429998 0.5670998 0.4347 -0.6429998 0.5670998 0.4347 -0.6492998 0.5693998 0.4447 -0.6492998 0.5693998 0.4347 -0.6514998 0.5719999 0.4447 -0.6514998 0.5719999 0.4447 -0.6492998 0.5693998 0.4347 -0.6492998 0.5693998 0.4347 -0.6526998 0.5751999 0.4447 -0.6526998 0.5751999 0.4347 -0.6526998 0.5786998 0.4447 -0.6526998 0.5786998 0.4347 -0.6514998 0.5818998 0.4447 -0.6514998 0.5818998 0.4347 -0.6492998 0.5844998 0.4447 -0.6492998 0.5844998 0.4347 -0.6492998 0.5844998 0.4347 -0.6463998 0.5861998 0.4447 -0.6463998 0.5861998 0.4447 -0.6492998 0.5844998 0.4347 -0.6429998 0.5867998 0.4447 -0.6429998 0.5867998 0.4447 -0.6395999 0.5861998 0.4347 -0.6395999 0.5861998 0.4447 -0.6366999 0.5844998 0.4347 -0.6366999 0.5844998 0.4347 -0.6344999 0.5818998 0.4447 -0.6344999 0.5818998 0.4447 -0.6366999 0.5844998 0.4347 -0.6366999 0.5844998 0.4447 -0.6332999 0.5786998 0.4347 -0.6332999 0.5786998 0.4447 -0.6332999 0.5751999 0.4347 -0.6332999 0.5751999 0.4347 -0.6344999 0.5719999 0.4447 -0.6344999 0.5719999 0.4447 -0.6366999 0.5693998 0.4347 -0.6366999 0.5693998 0.4347 -0.6395999 0.5676999 0.4447 -0.6395999 0.5676999 0.4447 -0.6366999 0.5693998 0.4347 -0.6366999 0.5693998 0.4394 -0.6429998 0.5453999 0.4394 -0.6537998 0.5472998 0.4394 -0.6321999 0.5472998 0.4394 -0.6227999 0.5527998 0.4394 -0.6156999 0.5611999 0.4394 -0.6227999 0.5527998 0.4394 -0.6119999 0.5714998 0.4394 -0.6119999 0.5823999 0.4394 -0.6156999 0.5926998 0.4394 -0.6227999 0.6010999 0.4394 -0.6321999 0.6064999 0.4394 -0.6227999 0.6010999 0.4394 -0.6429998 0.6083998 0.4394 -0.6537998 0.6064999 0.4394 -0.6631999 0.6010999 0.4394 -0.6702998 0.5926998 0.4394 -0.6631999 0.6010999 0.4394 -0.6739999 0.5823999 0.4394 -0.6739999 0.5714998 0.4394 -0.6702998 0.5611999 0.4394 -0.6631999 0.5527998 0.4394 -0.6631999 0.5527998 0.4394 -0.6537998 0.5472998 0.4394 -0.6429998 0.5453999 0.4394 -0.6321999 0.5472998 0.4394 -0.6227999 0.5527998 0.4394 -0.6156999 0.5611999 0.4394 -0.6119999 0.5714998 0.4394 -0.6119999 0.5823999 0.4394 -0.6156999 0.5926998 0.4394 -0.6227999 0.6010999 0.4394 -0.6321999 0.6064999 0.4394 -0.6429998 0.6083998 0.4394 -0.6537998 0.6064999 0.4394 -0.6631999 0.6010999 0.4394 -0.6702998 0.5926998 0.4394 -0.6739999 0.5823999 0.4394 -0.6739999 0.5714998 0.4394 -0.6702998 0.5611999 0.4394 -0.6631999 0.5527998 0.4124 -0.5724 2.4805 0.4124 -0.5755 2.4855 0.4124 -0.5713 2.372 0.4124 -0.5713 2.4725 0.4124 -0.5885001 2.4897 0.4124 -0.5806001 2.4886 0.4124 -0.6917 2.4897 0.4124 -0.6996 2.4886 0.4124 -0.7046999 2.4855 0.4124 -0.7077999 2.4805 0.4124 -0.7088999 2.4725 0.4124 -0.6916999 2.3548 0.4124 -0.7088999 2.372 0.4124 -0.7077999 2.3641 0.4124 -0.7046999 2.359 0.4124 -0.6995999 2.356 0.4124 -0.5755 2.359 0.4124 -0.5724 2.3641 0.4124 -0.5806 2.356 0.4124 -0.5885 2.3548 0.4094 -0.5683 2.4727 0.4094 -0.5683 2.3718 0.3998 -0.5683 2.3718 0.3998 -0.5683 2.4727 0.3998 -0.5883001 2.4927 0.3998 -0.6919 2.4927 0.4094 -0.6919 2.4927 0.4094 -0.5883001 2.4927 0.4094 -0.7118999 2.3718 0.4094 -0.7118999 2.4727 0.3998 -0.7118999 2.4727 0.3998 -0.7118999 2.3718 0.3998 -0.6919 2.3518 0.3998 -0.5883 2.3518 0.4094 -0.5883 2.3518 0.4094 -0.6919 2.3518 0.3998 -0.5696 2.4815 0.4094 -0.5696 2.4815 0.4094 -0.5696 2.3631 0.3998 -0.5696 2.3631 0.3998 -0.7007 2.4915 0.4094 -0.7007 2.4915 0.3998 -0.7106999 2.3631 0.4094 -0.7106999 2.3631 0.3998 -0.5733001 2.4877 0.4094 -0.5733001 2.4877 0.4094 -0.5796 2.4915 0.4094 -0.5733001 2.4877 0.3998 -0.5733001 2.4877 0.3998 -0.5796 2.4915 0.3998 -0.5733 2.3568 0.4094 -0.5733 2.3568 0.4094 -0.5796 2.3531 0.3998 -0.5796 2.3531 0.3998 -0.5733 2.3568 0.4094 -0.5733 2.3568 0.3998 -0.7069 2.4877 0.4094 -0.7069 2.4877 0.3998 -0.7106999 2.4815 0.4094 -0.7106999 2.4815 0.4094 -0.7069 2.4877 0.3998 -0.7069 2.4877 0.3998 -0.7069 2.3568 0.4094 -0.7069 2.3568 0.4094 -0.7006999 2.3531 0.4094 -0.7069 2.3568 0.3998 -0.7069 2.3568 0.3998 -0.7006999 2.3531 0.4124 -0.5713 2.372 0.4117 -0.5691 2.3719 0.4117 -0.5691 2.4727 0.4124 -0.5713 2.4725 0.4117 -0.6919 2.492 0.4124 -0.6917 2.4897 0.4124 -0.5885001 2.4897 0.4117 -0.5884001 2.492 0.4124 -0.7088999 2.4725 0.4117 -0.7111999 2.4727 0.4117 -0.7111999 2.3719 0.4124 -0.7088999 2.372 0.4117 -0.5884 2.3526 0.4124 -0.5885 2.3548 0.4124 -0.6916999 2.3548 0.4117 -0.6919 2.3526 0.4117 -0.5691 2.3719 0.4117 -0.5703 2.3633 0.4117 -0.5884001 2.492 0.4117 -0.5798001 2.4908 0.4117 -0.6919 2.3526 0.4117 -0.7003999 2.3538 0.4117 -0.7111999 2.4727 0.4117 -0.7099 2.4812 0.4117 -0.5798 2.3538 0.4117 -0.5884 2.3526 0.4117 -0.5738 2.3574 0.4117 -0.5738 2.3574 0.4117 -0.5691 2.4727 0.4117 -0.5703 2.4812 0.4117 -0.5738001 2.4872 0.4117 -0.5738001 2.4872 0.4117 -0.7111999 2.3719 0.4117 -0.7099 2.3633 0.4117 -0.7063999 2.3574 0.4117 -0.7063999 2.3574 0.4117 -0.7004 2.4908 0.4117 -0.6919 2.492 0.4117 -0.7064 2.4872 0.4117 -0.7064 2.4872 0.4124 -0.5724 2.3641 0.4117 -0.5703 2.3633 0.4124 -0.5806001 2.4886 0.4117 -0.5798001 2.4908 0.4124 -0.6995999 2.356 0.4117 -0.7003999 2.3538 0.4117 -0.7099 2.4812 0.4124 -0.7077999 2.4805 0.4117 -0.5798 2.3538 0.4124 -0.5806 2.356 0.4117 -0.5738 2.3574 0.4124 -0.5755 2.359 0.4117 -0.5703 2.4812 0.4124 -0.5724 2.4805 0.4117 -0.5738001 2.4872 0.4124 -0.5755 2.4855 0.4124 -0.7077999 2.3641 0.4117 -0.7099 2.3633 0.4117 -0.7063999 2.3574 0.4124 -0.7046999 2.359 0.4117 -0.7004 2.4908 0.4124 -0.6996 2.4886 0.4117 -0.7064 2.4872 0.4124 -0.7046999 2.4855 0.3874 -0.5883 2.1955 0.3874 -0.6919 2.1955 0.3874 -0.7006999 2.1968 0.3874 -0.7069 2.2005 0.3874 -0.7106999 2.2068 0.3874 -0.7118999 2.2155 0.3874 -0.7118999 2.4727 0.3874 -0.7106999 2.4815 0.3874 -0.7069 2.4877 0.3874 -0.7007 2.4915 0.3874 -0.6919 2.4927 0.3874 -0.5683 2.4727 0.3874 -0.5733001 2.4877 0.3874 -0.5883001 2.4927 0.3874 -0.5796 2.4915 0.3874 -0.5696 2.4815 0.3874 -0.5733 2.2005 0.3874 -0.5796 2.1968 0.3874 -0.5696 2.2068 0.3874 -0.5683 2.2155 0.4001 -0.5713 2.4725 0.4001 -0.5724 2.4805 0.4001 -0.5755 2.4855 0.4001 -0.5713 2.2157 0.4001 -0.5806001 2.4886 0.4001 -0.5885001 2.4897 0.4001 -0.7046999 2.4855 0.4001 -0.6917 2.4897 0.4001 -0.6996 2.4886 0.4001 -0.7077999 2.4805 0.4001 -0.7088999 2.4725 0.4001 -0.6916999 2.1985 0.4001 -0.7088999 2.2157 0.4001 -0.7077999 2.2078 0.4001 -0.7046999 2.2027 0.4001 -0.6995999 2.1997 0.4001 -0.5755 2.2027 0.4001 -0.5724 2.2078 0.4001 -0.5885 2.1985 0.4001 -0.5806 2.1997 0.3874 -0.5683 2.4727 0.3971 -0.5683 2.4727 0.3971 -0.5683 2.2155 0.3874 -0.5683 2.2155 0.3874 -0.6919 2.4927 0.3971 -0.6919 2.4927 0.3971 -0.5883001 2.4927 0.3874 -0.5883001 2.4927 0.3874 -0.7118999 2.2155 0.3971 -0.7118999 2.2155 0.3971 -0.7118999 2.4727 0.3874 -0.7118999 2.4727 0.3971 -0.5883 2.1955 0.3971 -0.6919 2.1955 0.3874 -0.6919 2.1955 0.3874 -0.5883 2.1955 0.3874 -0.5696 2.4815 0.3971 -0.5696 2.4815 0.3971 -0.5696 2.2068 0.3874 -0.5696 2.2068 0.3874 -0.7007 2.4915 0.3971 -0.7007 2.4915 0.3971 -0.7106999 2.2068 0.3874 -0.7106999 2.2068 0.3874 -0.5733001 2.4877 0.3971 -0.5733001 2.4877 0.3874 -0.5796 2.4915 0.3971 -0.5796 2.4915 0.3971 -0.5733001 2.4877 0.3874 -0.5733001 2.4877 0.3971 -0.5733 2.2005 0.3874 -0.5733 2.2005 0.3874 -0.5733 2.2005 0.3971 -0.5733 2.2005 0.3971 -0.5796 2.1968 0.3874 -0.5796 2.1968 0.3874 -0.7069 2.4877 0.3971 -0.7069 2.4877 0.3874 -0.7106999 2.4815 0.3971 -0.7106999 2.4815 0.3971 -0.7069 2.4877 0.3874 -0.7069 2.4877 0.3874 -0.7069 2.2005 0.3971 -0.7069 2.2005 0.3874 -0.7069 2.2005 0.3874 -0.7006999 2.1968 0.3971 -0.7006999 2.1968 0.3971 -0.7069 2.2005 0.4001 -0.5713 2.2157 0.3997 -0.5696 2.2156 0.3997 -0.5696 2.4726 0.4001 -0.5713 2.4725 0.3997 -0.6918 2.4914 0.4001 -0.6917 2.4897 0.4001 -0.5885001 2.4897 0.3997 -0.5884001 2.4914 0.3997 -0.7106 2.2156 0.4001 -0.7088999 2.2157 0.4001 -0.7088999 2.4725 0.3997 -0.7106 2.4726 0.3997 -0.5884 2.1969 0.4001 -0.5885 2.1985 0.4001 -0.6916999 2.1985 0.3997 -0.6917999 2.1969 0.3987 -0.5686 2.2155 0.3987 -0.5699 2.2069 0.3987 -0.5883001 2.4924 0.3987 -0.5797001 2.4912 0.3987 -0.6919 2.1959 0.3987 -0.7005 2.1971 0.3987 -0.7116 2.4727 0.3987 -0.7103 2.4814 0.3987 -0.5797 2.1971 0.3987 -0.5883 2.1959 0.3987 -0.5735 2.2008 0.3987 -0.5735 2.2008 0.3987 -0.5699 2.4814 0.3987 -0.5686 2.4727 0.3987 -0.5735 2.4875 0.3987 -0.5735 2.4875 0.3987 -0.7116 2.2155 0.3987 -0.7103 2.2069 0.3987 -0.7067 2.2008 0.3987 -0.7067 2.2008 0.3987 -0.7005 2.4912 0.3987 -0.6919 2.4924 0.3987 -0.7067 2.4875 0.3987 -0.7067 2.4875 0.3987 -0.5686 2.4727 0.3987 -0.5686 2.2155 0.3997 -0.6918 2.4914 0.3997 -0.5884001 2.4914 0.3987 -0.7116 2.2155 0.3987 -0.7116 2.4727 0.3997 -0.5884 2.1969 0.3997 -0.6917999 2.1969 0.3997 -0.5708 2.2072 0.3987 -0.5699 2.2069 0.4001 -0.5724 2.2078 0.3997 -0.5800001 2.4902 0.3987 -0.5797001 2.4912 0.3987 -0.5883001 2.4924 0.3997 -0.5884001 2.4914 0.4001 -0.5806001 2.4886 0.3997 -0.5800001 2.4902 0.3997 -0.7002 2.1981 0.3987 -0.7005 2.1971 0.3987 -0.6919 2.1959 0.3997 -0.6917999 2.1969 0.4001 -0.6995999 2.1997 0.3997 -0.7002 2.1981 0.3997 -0.7093999 2.481 0.3987 -0.7103 2.4814 0.4001 -0.7077999 2.4805 0.3997 -0.5884 2.1969 0.3987 -0.5883 2.1959 0.3987 -0.5797 2.1971 0.3997 -0.58 2.1981 0.3997 -0.58 2.1981 0.4001 -0.5806 2.1997 0.3987 -0.5735 2.2008 0.3997 -0.5743 2.2015 0.3997 -0.5743 2.2015 0.4001 -0.5755 2.2027 0.3987 -0.5699 2.2069 0.3997 -0.5708 2.2072 0.3997 -0.5743 2.2015 0.3987 -0.5735 2.2008 0.3987 -0.5699 2.4814 0.3997 -0.5708 2.481 0.4001 -0.5724 2.4805 0.3987 -0.5735 2.4875 0.3997 -0.5743001 2.4868 0.3997 -0.5708 2.481 0.3987 -0.5699 2.4814 0.4001 -0.5755 2.4855 0.3997 -0.5743001 2.4868 0.3987 -0.7103 2.2069 0.3997 -0.7093999 2.2072 0.4001 -0.7077999 2.2078 0.3987 -0.7067 2.2008 0.3997 -0.7059 2.2015 0.3997 -0.7093999 2.2072 0.3987 -0.7103 2.2069 0.4001 -0.7046999 2.2027 0.3997 -0.7059 2.2015 0.3997 -0.7002 2.4902 0.3997 -0.6918 2.4914 0.3987 -0.6919 2.4924 0.3987 -0.7005 2.4912 0.3997 -0.7002 2.4902 0.4001 -0.6996 2.4886 0.3987 -0.7067 2.4875 0.3997 -0.7059 2.4868 0.3997 -0.7059 2.4868 0.4001 -0.7046999 2.4855 0.3987 -0.7067 2.4875 0.4116 -0.6919 2.4854 0.4116 -0.7023 2.4794 0.4206 -0.7023 2.4794 0.4206 -0.6919 2.4854 0.4116 -0.7023 2.4794 0.4116 -0.7023 2.4674 0.4206 -0.7023 2.4674 0.4206 -0.7023 2.4794 0.4206 -0.7023 2.4674 0.4116 -0.7023 2.4674 0.4116 -0.6919 2.4614 0.4206 -0.6919 2.4614 0.4206 -0.6919 2.4614 0.4116 -0.6919 2.4614 0.4116 -0.6815 2.4674 0.4206 -0.6815 2.4674 0.4206 -0.6815 2.4674 0.4116 -0.6815 2.4674 0.4116 -0.6815 2.4794 0.4206 -0.6815 2.4794 0.4206 -0.6919 2.4854 0.4206 -0.6815 2.4794 0.4116 -0.6815 2.4794 0.4116 -0.6919 2.4854 0.4216 -0.7013 2.468 0.4216 -0.6919 2.4626 0.4216 -0.6825 2.4788 0.4216 -0.7013 2.4788 0.4216 -0.6825 2.468 0.4216 -0.6919 2.4843 0.4206 -0.6919 2.4854 0.4206 -0.7023 2.4794 0.4216 -0.7013 2.4788 0.4216 -0.6919 2.4843 0.4216 -0.7013 2.4788 0.4206 -0.7023 2.4794 0.4206 -0.7023 2.4674 0.4216 -0.7013 2.468 0.4216 -0.7013 2.468 0.4206 -0.7023 2.4674 0.4206 -0.6919 2.4614 0.4216 -0.6919 2.4626 0.4216 -0.6919 2.4626 0.4206 -0.6919 2.4614 0.4206 -0.6815 2.4674 0.4216 -0.6825 2.468 0.4206 -0.6815 2.4794 0.4216 -0.6825 2.4788 0.4216 -0.6825 2.468 0.4206 -0.6815 2.4674 0.4206 -0.6815 2.4794 0.4206 -0.6919 2.4854 0.4216 -0.6919 2.4843 0.4216 -0.6825 2.4788 0.4116 -0.7023 2.3771 0.4206 -0.7023 2.3771 0.4206 -0.6919 2.3831 0.4116 -0.6919 2.3831 0.4116 -0.7023 2.3771 0.4116 -0.7023 2.3651 0.4206 -0.7023 2.3651 0.4206 -0.7023 2.3771 0.4206 -0.7023 2.3651 0.4116 -0.7023 2.3651 0.4116 -0.6919 2.3591 0.4206 -0.6919 2.3591 0.4116 -0.6815 2.3651 0.4206 -0.6815 2.3651 0.4206 -0.6919 2.3591 0.4116 -0.6919 2.3591 0.4116 -0.6815 2.3651 0.4116 -0.6815 2.3771 0.4206 -0.6815 2.3771 0.4206 -0.6815 2.3651 0.4116 -0.6919 2.3831 0.4206 -0.6919 2.3831 0.4206 -0.6815 2.3771 0.4116 -0.6815 2.3771 0.4216 -0.7013 2.3765 0.4216 -0.7013 2.3657 0.4216 -0.6919 2.3603 0.4216 -0.6825 2.3765 0.4216 -0.6825 2.3657 0.4216 -0.6919 2.382 0.4206 -0.6919 2.3831 0.4206 -0.7023 2.3771 0.4216 -0.7013 2.3765 0.4216 -0.6919 2.382 0.4206 -0.7023 2.3651 0.4216 -0.7013 2.3657 0.4216 -0.7013 2.3765 0.4206 -0.7023 2.3771 0.4206 -0.6919 2.3591 0.4216 -0.6919 2.3603 0.4216 -0.7013 2.3657 0.4206 -0.7023 2.3651 0.4206 -0.6815 2.3651 0.4216 -0.6825 2.3657 0.4216 -0.6919 2.3603 0.4206 -0.6919 2.3591 0.4206 -0.6815 2.3771 0.4216 -0.6825 2.3765 0.4216 -0.6825 2.3657 0.4206 -0.6815 2.3651 0.4206 -0.6815 2.3771 0.4206 -0.6919 2.3831 0.4216 -0.6919 2.382 0.4216 -0.6825 2.3765 0.4003 -0.6919 2.3362 0.4003 -0.7023 2.3302 0.4093 -0.7023 2.3302 0.4093 -0.6919 2.3362 0.4003 -0.7023 2.3302 0.4003 -0.7023 2.3182 0.4093 -0.7023 2.3182 0.4093 -0.7023 2.3302 0.4003 -0.7023 2.3182 0.4003 -0.6919 2.3122 0.4093 -0.6919 2.3122 0.4093 -0.7023 2.3182 0.4003 -0.6919 2.3122 0.4003 -0.6815 2.3182 0.4093 -0.6815 2.3182 0.4093 -0.6919 2.3122 0.4003 -0.6815 2.3182 0.4003 -0.6815 2.3302 0.4093 -0.6815 2.3302 0.4093 -0.6815 2.3182 0.4093 -0.6919 2.3362 0.4093 -0.6815 2.3302 0.4003 -0.6815 2.3302 0.4003 -0.6919 2.3362 0.4103 -0.7013 2.3296 0.4103 -0.7013 2.3188 0.4103 -0.6919 2.3134 0.4103 -0.6825 2.3296 0.4103 -0.6825 2.3188 0.4103 -0.6919 2.335 0.4093 -0.6919 2.3362 0.4093 -0.7023 2.3302 0.4103 -0.7013 2.3296 0.4103 -0.6919 2.335 0.4093 -0.7023 2.3182 0.4103 -0.7013 2.3188 0.4103 -0.7013 2.3188 0.4093 -0.7023 2.3182 0.4093 -0.6919 2.3122 0.4103 -0.6919 2.3134 0.4093 -0.6815 2.3182 0.4103 -0.6825 2.3188 0.4103 -0.6919 2.3134 0.4093 -0.6919 2.3122 0.4103 -0.6825 2.3188 0.4093 -0.6815 2.3182 0.4093 -0.6815 2.3302 0.4103 -0.6825 2.3296 0.4003 -0.6919 2.2339 0.4003 -0.7023 2.2279 0.4093 -0.7023 2.2279 0.4093 -0.6919 2.2339 0.4003 -0.7023 2.2279 0.4003 -0.7023 2.2159 0.4093 -0.7023 2.2159 0.4093 -0.7023 2.2279 0.4003 -0.7023 2.2159 0.4003 -0.6919 2.2099 0.4093 -0.6919 2.2099 0.4093 -0.7023 2.2159 0.4003 -0.6919 2.2099 0.4003 -0.6815 2.2159 0.4093 -0.6815 2.2159 0.4093 -0.6919 2.2099 0.4003 -0.6815 2.2159 0.4003 -0.6815 2.2279 0.4093 -0.6815 2.2279 0.4093 -0.6815 2.2159 0.4093 -0.6919 2.2339 0.4093 -0.6815 2.2279 0.4003 -0.6815 2.2279 0.4003 -0.6919 2.2339 0.4103 -0.7013 2.2273 0.4103 -0.7013 2.2165 0.4103 -0.6919 2.211 0.4103 -0.6825 2.2273 0.4103 -0.6825 2.2165 0.4103 -0.6919 2.2327 0.4103 -0.6919 2.2327 0.4093 -0.6919 2.2339 0.4093 -0.7023 2.2279 0.4103 -0.7013 2.2273 0.4093 -0.7023 2.2159 0.4103 -0.7013 2.2165 0.4103 -0.7013 2.2273 0.4093 -0.7023 2.2279 0.4103 -0.7013 2.2165 0.4093 -0.7023 2.2159 0.4093 -0.6919 2.2099 0.4103 -0.6919 2.211 0.4103 -0.6919 2.211 0.4093 -0.6919 2.2099 0.4093 -0.6815 2.2159 0.4103 -0.6825 2.2165 0.4093 -0.6815 2.2159 0.4093 -0.6815 2.2279 0.4103 -0.6825 2.2273 0.4103 -0.6825 2.2165 0.4103 -0.6919 2.2327 0.4103 -0.6825 2.2273 0.4093 -0.6815 2.2279 0.4093 -0.6919 2.2339 0.4003 -0.5896 2.2339 0.4003 -0.6 2.2279 0.4093 -0.6 2.2279 0.4093 -0.5896 2.2339 0.4003 -0.6 2.2279 0.4003 -0.6 2.2159 0.4093 -0.6 2.2159 0.4093 -0.6 2.2279 0.4003 -0.6 2.2159 0.4003 -0.5896 2.2099 0.4093 -0.5896 2.2099 0.4093 -0.6 2.2159 0.4003 -0.5896 2.2099 0.4003 -0.5792 2.2159 0.4093 -0.5792 2.2159 0.4093 -0.5896 2.2099 0.4003 -0.5792 2.2159 0.4003 -0.5792 2.2279 0.4093 -0.5792 2.2279 0.4093 -0.5792 2.2159 0.4093 -0.5896 2.2339 0.4093 -0.5792 2.2279 0.4003 -0.5792 2.2279 0.4003 -0.5896 2.2339 0.4103 -0.599 2.2273 0.4103 -0.599 2.2165 0.4103 -0.5896 2.211 0.4103 -0.5802 2.2273 0.4103 -0.5802 2.2165 0.4103 -0.5896 2.2327 0.4093 -0.6 2.2279 0.4103 -0.599 2.2273 0.4103 -0.5896 2.2327 0.4093 -0.5896 2.2339 0.4093 -0.6 2.2159 0.4103 -0.599 2.2165 0.4103 -0.599 2.2273 0.4093 -0.6 2.2279 0.4103 -0.599 2.2165 0.4093 -0.6 2.2159 0.4093 -0.5896 2.2099 0.4103 -0.5896 2.211 0.4093 -0.5896 2.2099 0.4093 -0.5792 2.2159 0.4103 -0.5802 2.2165 0.4103 -0.5896 2.211 0.4103 -0.5802 2.2165 0.4093 -0.5792 2.2159 0.4093 -0.5792 2.2279 0.4103 -0.5802 2.2273 0.4103 -0.5896 2.2327 0.4103 -0.5802 2.2273 0.4093 -0.5792 2.2279 0.4093 -0.5896 2.2339 0.4003 -0.5896 2.3362 0.4003 -0.6 2.3302 0.4093 -0.6 2.3302 0.4093 -0.5896 2.3362 0.4003 -0.6 2.3302 0.4003 -0.6 2.3182 0.4093 -0.6 2.3182 0.4093 -0.6 2.3302 0.4003 -0.6 2.3182 0.4003 -0.5896 2.3122 0.4093 -0.5896 2.3122 0.4093 -0.6 2.3182 0.4003 -0.5896 2.3122 0.4003 -0.5792 2.3182 0.4093 -0.5792 2.3182 0.4093 -0.5896 2.3122 0.4003 -0.5792 2.3182 0.4003 -0.5792 2.3302 0.4093 -0.5792 2.3302 0.4093 -0.5792 2.3182 0.4093 -0.5896 2.3362 0.4093 -0.5792 2.3302 0.4003 -0.5792 2.3302 0.4003 -0.5896 2.3362 0.4103 -0.599 2.3296 0.4103 -0.599 2.3188 0.4103 -0.5896 2.3134 0.4103 -0.5802 2.3296 0.4103 -0.5802 2.3188 0.4103 -0.5896 2.335 0.4103 -0.5896 2.335 0.4093 -0.5896 2.3362 0.4093 -0.6 2.3302 0.4103 -0.599 2.3296 0.4093 -0.6 2.3182 0.4103 -0.599 2.3188 0.4103 -0.599 2.3296 0.4093 -0.6 2.3302 0.4103 -0.599 2.3188 0.4093 -0.6 2.3182 0.4093 -0.5896 2.3122 0.4103 -0.5896 2.3134 0.4103 -0.5896 2.3134 0.4093 -0.5896 2.3122 0.4093 -0.5792 2.3182 0.4103 -0.5802 2.3188 0.4093 -0.5792 2.3182 0.4093 -0.5792 2.3302 0.4103 -0.5802 2.3296 0.4103 -0.5802 2.3188 0.4103 -0.5896 2.335 0.4103 -0.5802 2.3296 0.4093 -0.5792 2.3302 0.4093 -0.5896 2.3362 0.4116 -0.5896 2.3831 0.4116 -0.6 2.3771 0.4206 -0.6 2.3771 0.4206 -0.5896 2.3831 0.4116 -0.6 2.3771 0.4116 -0.6 2.3651 0.4206 -0.6 2.3651 0.4206 -0.6 2.3771 0.4116 -0.6 2.3651 0.4116 -0.5896 2.3591 0.4206 -0.5896 2.3591 0.4206 -0.6 2.3651 0.4206 -0.5792 2.3651 0.4206 -0.5896 2.3591 0.4116 -0.5896 2.3591 0.4116 -0.5792 2.3651 0.4116 -0.5792 2.3651 0.4116 -0.5792 2.3771 0.4206 -0.5792 2.3771 0.4206 -0.5792 2.3651 0.4206 -0.5896 2.3831 0.4206 -0.5792 2.3771 0.4116 -0.5792 2.3771 0.4116 -0.5896 2.3831 0.4216 -0.599 2.3765 0.4216 -0.599 2.3657 0.4216 -0.5896 2.3603 0.4216 -0.5802 2.3765 0.4216 -0.5802 2.3657 0.4216 -0.5896 2.382 0.4206 -0.5896 2.3831 0.4206 -0.6 2.3771 0.4216 -0.599 2.3765 0.4216 -0.5896 2.382 0.4206 -0.6 2.3651 0.4216 -0.599 2.3657 0.4216 -0.599 2.3765 0.4206 -0.6 2.3771 0.4206 -0.5896 2.3591 0.4216 -0.5896 2.3603 0.4216 -0.599 2.3657 0.4206 -0.6 2.3651 0.4216 -0.5896 2.3603 0.4206 -0.5896 2.3591 0.4206 -0.5792 2.3651 0.4216 -0.5802 2.3657 0.4216 -0.5802 2.3657 0.4206 -0.5792 2.3651 0.4206 -0.5792 2.3771 0.4216 -0.5802 2.3765 0.4216 -0.5802 2.3765 0.4206 -0.5792 2.3771 0.4206 -0.5896 2.3831 0.4216 -0.5896 2.382 0.4116 -0.5896 2.4854 0.4116 -0.6 2.4794 0.4206 -0.6 2.4794 0.4206 -0.5896 2.4854 0.4206 -0.6 2.4674 0.4206 -0.6 2.4794 0.4116 -0.6 2.4794 0.4116 -0.6 2.4674 0.4116 -0.6 2.4674 0.4116 -0.5896 2.4614 0.4206 -0.5896 2.4614 0.4206 -0.6 2.4674 0.4116 -0.5896 2.4614 0.4116 -0.5792 2.4674 0.4206 -0.5792 2.4674 0.4206 -0.5896 2.4614 0.4116 -0.5792 2.4674 0.4116 -0.5792 2.4794 0.4206 -0.5792 2.4794 0.4206 -0.5792 2.4674 0.4206 -0.5896 2.4854 0.4206 -0.5792 2.4794 0.4116 -0.5792 2.4794 0.4116 -0.5896 2.4854 0.4216 -0.599 2.4788 0.4216 -0.599 2.468 0.4216 -0.5896 2.4626 0.4216 -0.5802 2.4788 0.4216 -0.5802 2.468 0.4216 -0.5896 2.4843 0.4216 -0.5896 2.4843 0.4206 -0.5896 2.4854 0.4206 -0.6 2.4794 0.4216 -0.599 2.4788 0.4206 -0.6 2.4674 0.4216 -0.599 2.468 0.4216 -0.599 2.4788 0.4206 -0.6 2.4794 0.4206 -0.5896 2.4614 0.4216 -0.5896 2.4626 0.4216 -0.599 2.468 0.4206 -0.6 2.4674 0.4206 -0.5792 2.4674 0.4216 -0.5802 2.468 0.4216 -0.5896 2.4626 0.4206 -0.5896 2.4614 0.4216 -0.5802 2.468 0.4206 -0.5792 2.4674 0.4206 -0.5792 2.4794 0.4216 -0.5802 2.4788 0.4216 -0.5802 2.4788 0.4206 -0.5792 2.4794 0.4206 -0.5896 2.4854 0.4216 -0.5896 2.4843 0.4123 -0.6428 2.4778 0.4123 -0.6617 2.4744 0.4267 -0.6617 2.4744 0.4267 -0.6428 2.4778 0.4267 -0.6782 2.4649 0.4123 -0.6782 2.4649 0.4267 -0.6905 2.4503 0.4267 -0.6782 2.4649 0.4123 -0.6782 2.4649 0.4123 -0.6905 2.4503 0.4123 -0.697 2.4323 0.4267 -0.697 2.4323 0.4123 -0.697 2.4132 0.4267 -0.697 2.4132 0.4123 -0.697 2.4132 0.4123 -0.6905 2.3953 0.4267 -0.6905 2.3953 0.4267 -0.697 2.4132 0.4123 -0.6782 2.3806 0.4267 -0.6782 2.3806 0.4123 -0.6782 2.3806 0.4123 -0.6617 2.3711 0.4267 -0.6617 2.3711 0.4267 -0.6782 2.3806 0.4123 -0.6428 2.3678 0.4267 -0.6428 2.3678 0.4123 -0.624 2.3711 0.4267 -0.624 2.3711 0.4123 -0.6075 2.3806 0.4267 -0.6075 2.3806 0.4123 -0.6075 2.3806 0.4123 -0.5952 2.3953 0.4267 -0.5952 2.3953 0.4267 -0.6075 2.3806 0.4267 -0.5887 2.4132 0.4123 -0.5887 2.4132 0.4123 -0.5887 2.4323 0.4267 -0.5887 2.4323 0.4267 -0.5952 2.4503 0.4123 -0.5952 2.4503 0.4267 -0.6075 2.4649 0.4123 -0.6075 2.4649 0.4123 -0.6075 2.4649 0.4123 -0.624 2.4744 0.4267 -0.624 2.4744 0.4267 -0.6075 2.4649 0.414 -0.6546999 2.4554 0.414 -0.6650999 2.4493 0.414 -0.6729 2.4401 0.414 -0.631 2.4554 0.414 -0.6769999 2.4288 0.414 -0.6769999 2.4167 0.414 -0.6650999 2.3962 0.414 -0.6729 2.4054 0.414 -0.6546999 2.3902 0.414 -0.6428 2.3881 0.414 -0.6205 2.3962 0.414 -0.631 2.3902 0.414 -0.6087 2.4167 0.414 -0.6128 2.4401 0.414 -0.6128 2.4054 0.414 -0.6087 2.4288 0.414 -0.6205 2.4493 0.414 -0.6428 2.4574 0.4267 -0.6428 2.4778 0.4267 -0.6617 2.4744 0.4267 -0.6599 2.4697 0.4267 -0.6428 2.4727 0.4267 -0.6782 2.4649 0.4267 -0.6748999 2.461 0.4267 -0.6861 2.4477 0.4267 -0.6905 2.4503 0.4267 -0.697 2.4323 0.4267 -0.6919999 2.4314 0.4267 -0.697 2.4132 0.4267 -0.6919999 2.4141 0.4267 -0.6905 2.3953 0.4267 -0.6861 2.3978 0.4267 -0.6782 2.3806 0.4267 -0.6748999 2.3845 0.4267 -0.6617 2.3711 0.4267 -0.6599 2.3758 0.4267 -0.6428 2.3678 0.4267 -0.6428 2.3728 0.4267 -0.624 2.3711 0.4267 -0.6258 2.3758 0.4267 -0.6075 2.3806 0.4267 -0.6108 2.3845 0.4267 -0.5952 2.3953 0.4267 -0.5996 2.3978 0.4267 -0.5937 2.4141 0.4267 -0.5887 2.4132 0.4267 -0.5887 2.4323 0.4267 -0.5937 2.4314 0.4267 -0.5952 2.4503 0.4267 -0.5996 2.4477 0.4267 -0.6075 2.4649 0.4267 -0.6108 2.461 0.4267 -0.624 2.4744 0.4267 -0.6258 2.4697 0.4267 -0.6599 2.4697 0.4188 -0.6599 2.4697 0.4188 -0.6428 2.4727 0.4267 -0.6428 2.4727 0.4188 -0.6748999 2.461 0.4267 -0.6748999 2.461 0.4188 -0.6748999 2.461 0.4267 -0.6748999 2.461 0.4267 -0.6861 2.4477 0.4188 -0.6861 2.4477 0.4267 -0.6919999 2.4314 0.4188 -0.6919999 2.4314 0.4267 -0.6919999 2.4141 0.4188 -0.6919999 2.4141 0.4267 -0.6861 2.3978 0.4188 -0.6861 2.3978 0.4267 -0.6748999 2.3845 0.4188 -0.6748999 2.3845 0.4267 -0.6748999 2.3845 0.4267 -0.6599 2.3758 0.4188 -0.6599 2.3758 0.4188 -0.6748999 2.3845 0.4188 -0.6428 2.3728 0.4267 -0.6428 2.3728 0.4267 -0.6258 2.3758 0.4188 -0.6258 2.3758 0.4267 -0.6108 2.3845 0.4188 -0.6108 2.3845 0.4188 -0.6108 2.3845 0.4267 -0.6108 2.3845 0.4267 -0.5996 2.3978 0.4188 -0.5996 2.3978 0.4267 -0.5937 2.4141 0.4188 -0.5937 2.4141 0.4267 -0.5937 2.4314 0.4188 -0.5937 2.4314 0.4267 -0.5937 2.4314 0.4267 -0.5996 2.4477 0.4188 -0.5996 2.4477 0.4188 -0.5937 2.4314 0.4267 -0.6108 2.461 0.4188 -0.6108 2.461 0.4188 -0.6108 2.461 0.4267 -0.6108 2.461 0.4267 -0.6258 2.4697 0.4188 -0.6258 2.4697 0.4188 -0.6428 2.4727 0.4188 -0.6599 2.4697 0.4188 -0.6546999 2.4554 0.4188 -0.6428 2.4574 0.4188 -0.6748999 2.461 0.4188 -0.6650999 2.4493 0.4188 -0.6861 2.4477 0.4188 -0.6729 2.4401 0.4188 -0.6919999 2.4314 0.4188 -0.6769999 2.4288 0.4188 -0.6919999 2.4141 0.4188 -0.6769999 2.4167 0.4188 -0.6861 2.3978 0.4188 -0.6729 2.4054 0.4188 -0.6748999 2.3845 0.4188 -0.6650999 2.3962 0.4188 -0.6599 2.3758 0.4188 -0.6546999 2.3902 0.4188 -0.6428 2.3728 0.4188 -0.6428 2.3881 0.4188 -0.6258 2.3758 0.4188 -0.631 2.3902 0.4188 -0.6108 2.3845 0.4188 -0.6205 2.3962 0.4188 -0.5996 2.3978 0.4188 -0.6128 2.4054 0.4188 -0.5937 2.4141 0.4188 -0.6087 2.4167 0.4188 -0.5937 2.4314 0.4188 -0.6087 2.4288 0.4188 -0.6128 2.4401 0.4188 -0.5996 2.4477 0.4188 -0.6108 2.461 0.4188 -0.6205 2.4493 0.4188 -0.6258 2.4697 0.4188 -0.631 2.4554 0.414 -0.6428 2.4574 0.4188 -0.6428 2.4574 0.4188 -0.6546999 2.4554 0.414 -0.6546999 2.4554 0.4188 -0.6650999 2.4493 0.414 -0.6650999 2.4493 0.414 -0.6650999 2.4493 0.4188 -0.6650999 2.4493 0.4188 -0.6729 2.4401 0.414 -0.6729 2.4401 0.4188 -0.6769999 2.4288 0.414 -0.6769999 2.4288 0.4188 -0.6769999 2.4167 0.414 -0.6769999 2.4167 0.4188 -0.6729 2.4054 0.414 -0.6729 2.4054 0.4188 -0.6650999 2.3962 0.414 -0.6650999 2.3962 0.4188 -0.6650999 2.3962 0.4188 -0.6546999 2.3902 0.414 -0.6546999 2.3902 0.414 -0.6650999 2.3962 0.4188 -0.6428 2.3881 0.414 -0.6428 2.3881 0.4188 -0.631 2.3902 0.414 -0.631 2.3902 0.4188 -0.6205 2.3962 0.414 -0.6205 2.3962 0.4188 -0.6205 2.3962 0.4188 -0.6128 2.4054 0.414 -0.6128 2.4054 0.414 -0.6205 2.3962 0.4188 -0.6087 2.4167 0.414 -0.6087 2.4167 0.414 -0.6087 2.4288 0.4188 -0.6087 2.4288 0.414 -0.6128 2.4401 0.414 -0.6087 2.4288 0.4188 -0.6087 2.4288 0.4188 -0.6128 2.4401 0.4188 -0.6205 2.4493 0.414 -0.6205 2.4493 0.414 -0.6205 2.4493 0.4188 -0.6205 2.4493 0.4188 -0.631 2.4554 0.414 -0.631 2.4554 0.4232 -0.643 2.4551 0.4232 -0.6539 2.4531 0.4499 -0.6539 2.4531 0.4499 -0.643 2.4551 0.4232 -0.6636 2.4476 0.4499 -0.6636 2.4476 0.4232 -0.6636 2.4476 0.4232 -0.6707 2.4391 0.4499 -0.6707 2.4391 0.4499 -0.6636 2.4476 0.4232 -0.6744999 2.4286 0.4499 -0.6744999 2.4286 0.4232 -0.6744999 2.4175 0.4499 -0.6744999 2.4175 0.4232 -0.6707 2.4071 0.4499 -0.6707 2.4071 0.4499 -0.6744999 2.4175 0.4232 -0.6744999 2.4175 0.4499 -0.6636 2.3985 0.4232 -0.6636 2.3985 0.4499 -0.6636 2.3985 0.4232 -0.6636 2.3985 0.4232 -0.6539 2.393 0.4499 -0.6539 2.393 0.4232 -0.643 2.3911 0.4499 -0.643 2.3911 0.4232 -0.6321 2.393 0.4499 -0.6321 2.393 0.4232 -0.6224 2.3985 0.4499 -0.6224 2.3985 0.4232 -0.6224 2.3985 0.4232 -0.6153 2.4071 0.4499 -0.6153 2.4071 0.4499 -0.6224 2.3985 0.4232 -0.6115 2.4175 0.4499 -0.6115 2.4175 0.4232 -0.6115 2.4286 0.4499 -0.6115 2.4286 0.4499 -0.6153 2.4391 0.4232 -0.6153 2.4391 0.4232 -0.6224 2.4476 0.4499 -0.6224 2.4476 0.4232 -0.6224 2.4476 0.4232 -0.6321 2.4531 0.4499 -0.6321 2.4531 0.4499 -0.6224 2.4476 0.4467 -0.6463999 2.4323 0.4467 -0.6492999 2.4306 0.4467 -0.6514999 2.428 0.4467 -0.6396 2.4323 0.4467 -0.6527 2.4248 0.4467 -0.6527 2.4213 0.4467 -0.6492999 2.4155 0.4467 -0.6514999 2.4181 0.4467 -0.6463999 2.4138 0.4467 -0.643 2.4132 0.4467 -0.6367 2.4155 0.4467 -0.6396 2.4138 0.4467 -0.6345 2.4181 0.4467 -0.6333 2.4213 0.4467 -0.6345 2.428 0.4467 -0.6333 2.4248 0.4467 -0.6367 2.4306 0.4467 -0.643 2.4329 0.4567 -0.643 2.4431 0.4519 -0.643 2.4431 0.4519 -0.6498 2.4419 0.4567 -0.6498 2.4419 0.4232 -0.643 2.4431 0.414 -0.643 2.4431 0.414 -0.6498 2.4419 0.4232 -0.6498 2.4419 0.4567 -0.6559 2.4384 0.4519 -0.6559 2.4384 0.414 -0.6559 2.4384 0.4232 -0.6559 2.4384 0.4567 -0.6559 2.4384 0.4519 -0.6559 2.4384 0.4519 -0.6603 2.4331 0.4567 -0.6603 2.4331 0.4232 -0.6559 2.4384 0.414 -0.6559 2.4384 0.414 -0.6603 2.4331 0.4232 -0.6603 2.4331 0.4519 -0.6626999 2.4265 0.4567 -0.6626999 2.4265 0.414 -0.6626999 2.4265 0.4232 -0.6626999 2.4265 0.4519 -0.6626999 2.4196 0.4567 -0.6626999 2.4196 0.4232 -0.6626999 2.4196 0.414 -0.6626999 2.4196 0.4567 -0.6603 2.4131 0.4567 -0.6626999 2.4196 0.4519 -0.6626999 2.4196 0.4519 -0.6603 2.4131 0.4232 -0.6603 2.4131 0.4232 -0.6626999 2.4196 0.414 -0.6626999 2.4196 0.414 -0.6603 2.4131 0.4519 -0.6559 2.4077 0.4567 -0.6559 2.4077 0.414 -0.6559 2.4077 0.4232 -0.6559 2.4077 0.4567 -0.6559 2.4077 0.4519 -0.6559 2.4077 0.4519 -0.6498 2.4043 0.4567 -0.6498 2.4043 0.414 -0.6498 2.4043 0.4232 -0.6498 2.4043 0.4232 -0.6559 2.4077 0.414 -0.6559 2.4077 0.4567 -0.643 2.4031 0.4519 -0.643 2.4031 0.414 -0.643 2.4031 0.4232 -0.643 2.4031 0.4567 -0.6362 2.4043 0.4519 -0.6362 2.4043 0.4232 -0.6362 2.4043 0.414 -0.6362 2.4043 0.4567 -0.6301 2.4077 0.4519 -0.6301 2.4077 0.4232 -0.6301 2.4077 0.414 -0.6301 2.4077 0.4567 -0.6257 2.4131 0.4567 -0.6301 2.4077 0.4519 -0.6301 2.4077 0.4519 -0.6257 2.4131 0.4232 -0.6257 2.4131 0.4232 -0.6301 2.4077 0.414 -0.6301 2.4077 0.414 -0.6257 2.4131 0.4567 -0.6233 2.4196 0.4519 -0.6233 2.4196 0.4232 -0.6233 2.4196 0.414 -0.6233 2.4196 0.4567 -0.6233 2.4265 0.4519 -0.6233 2.4265 0.4232 -0.6233 2.4265 0.414 -0.6233 2.4265 0.4567 -0.6257 2.4331 0.4519 -0.6257 2.4331 0.4232 -0.6257 2.4331 0.414 -0.6257 2.4331 0.4567 -0.6301 2.4384 0.4519 -0.6301 2.4384 0.4232 -0.6301 2.4384 0.414 -0.6301 2.4384 0.4567 -0.6362 2.4419 0.4567 -0.6301 2.4384 0.4519 -0.6301 2.4384 0.4519 -0.6362 2.4419 0.4232 -0.6362 2.4419 0.4232 -0.6301 2.4384 0.414 -0.6301 2.4384 0.414 -0.6362 2.4419 0.4519 -0.6498 2.4419 0.4519 -0.643 2.4431 0.4519 -0.643 2.4491 0.4519 -0.6518999 2.4475 0.4519 -0.6341 2.4475 0.4519 -0.6362 2.4419 0.4519 -0.6301 2.4384 0.4519 -0.6263 2.443 0.4519 -0.6205 2.4361 0.4519 -0.6257 2.4331 0.4519 -0.6174 2.4276 0.4519 -0.6233 2.4265 0.4519 -0.6233 2.4196 0.4519 -0.6174 2.4185 0.4519 -0.6205 2.4101 0.4519 -0.6257 2.4131 0.4519 -0.6263 2.4031 0.4519 -0.6301 2.4077 0.4519 -0.6362 2.4043 0.4519 -0.6341 2.3986 0.4519 -0.643 2.3971 0.4519 -0.643 2.4031 0.4519 -0.6518999 2.3986 0.4519 -0.6498 2.4043 0.4519 -0.6596999 2.4031 0.4519 -0.6559 2.4077 0.4519 -0.6603 2.4131 0.4519 -0.6654999 2.4101 0.4519 -0.6626999 2.4196 0.4519 -0.6686 2.4185 0.4519 -0.6686 2.4276 0.4519 -0.6626999 2.4265 0.4519 -0.6654999 2.4361 0.4519 -0.6603 2.4331 0.4519 -0.6596999 2.443 0.4519 -0.6559 2.4384 0.4519 -0.643 2.4531 0.4519 -0.6532999 2.4512 0.4519 -0.6327 2.4512 0.4519 -0.6237 2.446 0.4519 -0.617 2.4381 0.4519 -0.6135 2.4283 0.4519 -0.6135 2.4178 0.4519 -0.617 2.4081 0.4519 -0.6237 2.4001 0.4519 -0.6327 2.3949 0.4519 -0.643 2.3931 0.4519 -0.6532999 2.3949 0.4519 -0.6622999 2.4001 0.4519 -0.669 2.4081 0.4519 -0.6725 2.4178 0.4519 -0.6725 2.4283 0.4519 -0.669 2.4381 0.4519 -0.6622999 2.446 0.4567 -0.643 2.4431 0.4567 -0.6498 2.4419 0.4567 -0.6463999 2.4323 0.4567 -0.643 2.4329 0.4567 -0.6559 2.4384 0.4567 -0.6492999 2.4306 0.4567 -0.6603 2.4331 0.4567 -0.6514999 2.428 0.4567 -0.6626999 2.4265 0.4567 -0.6527 2.4248 0.4567 -0.6626999 2.4196 0.4567 -0.6527 2.4213 0.4567 -0.6514999 2.4181 0.4567 -0.6603 2.4131 0.4567 -0.6492999 2.4155 0.4567 -0.6559 2.4077 0.4567 -0.6498 2.4043 0.4567 -0.6463999 2.4138 0.4567 -0.643 2.4031 0.4567 -0.643 2.4132 0.4567 -0.6362 2.4043 0.4567 -0.6396 2.4138 0.4567 -0.6301 2.4077 0.4567 -0.6367 2.4155 0.4567 -0.6257 2.4131 0.4567 -0.6345 2.4181 0.4567 -0.6233 2.4196 0.4567 -0.6333 2.4213 0.4567 -0.6233 2.4265 0.4567 -0.6333 2.4248 0.4567 -0.6257 2.4331 0.4567 -0.6345 2.428 0.4567 -0.6301 2.4384 0.4567 -0.6367 2.4306 0.4567 -0.6362 2.4419 0.4567 -0.6396 2.4323 0.4567 -0.643 2.4329 0.4567 -0.6463999 2.4323 0.4467 -0.6463999 2.4323 0.4467 -0.643 2.4329 0.4567 -0.6492999 2.4306 0.4467 -0.6492999 2.4306 0.4567 -0.6492999 2.4306 0.4567 -0.6514999 2.428 0.4467 -0.6514999 2.428 0.4467 -0.6492999 2.4306 0.4567 -0.6527 2.4248 0.4467 -0.6527 2.4248 0.4567 -0.6527 2.4213 0.4467 -0.6527 2.4213 0.4567 -0.6514999 2.4181 0.4467 -0.6514999 2.4181 0.4467 -0.6492999 2.4155 0.4567 -0.6492999 2.4155 0.4567 -0.6492999 2.4155 0.4567 -0.6463999 2.4138 0.4467 -0.6463999 2.4138 0.4467 -0.6492999 2.4155 0.4467 -0.643 2.4132 0.4567 -0.643 2.4132 0.4567 -0.6396 2.4138 0.4467 -0.6396 2.4138 0.4467 -0.6367 2.4155 0.4567 -0.6367 2.4155 0.4567 -0.6345 2.4181 0.4467 -0.6345 2.4181 0.4467 -0.6367 2.4155 0.4567 -0.6367 2.4155 0.4467 -0.6333 2.4213 0.4567 -0.6333 2.4213 0.4567 -0.6333 2.4248 0.4467 -0.6333 2.4248 0.4567 -0.6345 2.428 0.4467 -0.6345 2.428 0.4467 -0.6333 2.4248 0.4567 -0.6333 2.4248 0.4567 -0.6367 2.4306 0.4467 -0.6367 2.4306 0.4467 -0.6367 2.4306 0.4567 -0.6367 2.4306 0.4567 -0.6396 2.4323 0.4467 -0.6396 2.4323 0.4514 -0.6538 2.4527 0.4514 -0.643 2.4546 0.4514 -0.6322 2.4527 0.4514 -0.6228 2.4472 0.4514 -0.6228 2.4472 0.4514 -0.6157 2.4388 0.4514 -0.612 2.4285 0.4514 -0.612 2.4176 0.4514 -0.6157 2.4073 0.4514 -0.6228 2.3989 0.4514 -0.6322 2.3935 0.4514 -0.6228 2.3989 0.4514 -0.643 2.3916 0.4514 -0.6538 2.3935 0.4514 -0.6632 2.3989 0.4514 -0.6632 2.3989 0.4514 -0.6703 2.4073 0.4514 -0.674 2.4176 0.4514 -0.674 2.4176 0.4514 -0.674 2.4285 0.4514 -0.6703 2.4388 0.4514 -0.6632 2.4472 0.4514 -0.6632 2.4472 0.4514 -0.643 2.4546 0.4514 -0.6538 2.4527 0.4514 -0.6322 2.4527 0.4514 -0.6228 2.4472 0.4514 -0.6157 2.4388 0.4514 -0.612 2.4285 0.4514 -0.612 2.4176 0.4514 -0.6157 2.4073 0.4514 -0.6228 2.3989 0.4514 -0.6322 2.3935 0.4514 -0.643 2.3916 0.4514 -0.6538 2.3935 0.4514 -0.6632 2.3989 0.4514 -0.6703 2.4073 0.4514 -0.674 2.4176 0.4514 -0.674 2.4285 0.4514 -0.6703 2.4388 0.4514 -0.6632 2.4472</float_array>
          <technique_common>
            <accessor source="#Conveyor01Frame02_Conveyor_0_007-mesh-positions-array" count="5436" stride="3">
              <param name="X" type="float"/>
              <param name="Y" type="float"/>
              <param name="Z" type="float"/>
            </accessor>
          </technique_common>
        </source>
        <source id="Conveyor01Frame02_Conveyor_0_007-mesh-normals">
          <float_array id="Conveyor01Frame02_Conveyor_0_007-mesh-normals-array" count="10863">-1 0 0 -1 -3.09343e-5 0 0 -0.9974814 -0.07093089 0.003068029 -0.9999954 0 0 -0.9974808 -0.07093739 1 0 0 1 1.01633e-6 0 1 0 0 1 8.21273e-6 0 1 4.54425e-6 0 0 0 -1 0 -1 0 0 1 0 0 -0.07092785 -0.9974815 1.20444e-7 -0.07093763 -0.9974809 0 -0.3345527 -0.9423771 5.56262e-7 -0.3345506 -0.9423778 -1.20775e-5 -0.7071016 -0.707112 1.20205e-5 -0.7071012 -0.7071124 -1.20205e-5 -0.7071186 -0.7070951 0 -0.9423804 -0.3345435 0 -0.9423768 -0.3345534 1.20775e-5 -0.7071146 -0.707099 0 -0.9870855 -0.1601943 1 -1.45518e-5 0 1 1.28248e-6 0 -1 1.59111e-4 0 -0.1601955 0 -0.9870854 -0.1601937 0 -0.9870857 0 1 0 0 1 0 0 -1 0 0 -1 7.97392e-6 0 -0.1601879 -0.9870866 0 -0.3162422 -0.9486786 0 -0.3162279 -0.9486833 0 -0.1601805 -0.9870878 -0.9486827 0 -0.3162299 0.9486827 0 0.3162299 0 -0.9870859 -0.1601919 0 -0.9486746 -0.3162543 0 -0.9486745 -0.3162543 -0.3162525 0 -0.9486751 -0.316249 0 -0.9486762 1 0 -3.61236e-7 0.9396985 0 0.3420042 0.9396957 1.54941e-6 0.3420119 1 0 -2.00365e-6 0.7660164 -8.76984e-6 0.642821 0.7660358 6.12928e-5 0.642798 0.7660223 8.7269e-6 0.642814 0.7660206 -8.68572e-6 0.642816 0.4999546 0 0.8660517 0.4999582 0 0.8660496 0.1737421 0 0.9847912 0.173694 0 0.9847998 -0.1737017 0 0.9847984 -0.1736927 0 0.9848 -0.4999697 0 0.866043 -0.4999946 0 0.8660286 -0.7660188 -8.72689e-6 0.6428184 -0.7660316 8.68789e-6 0.6428031 -0.7660355 8.76764e-6 0.6427983 -0.7660163 -8.72847e-6 0.6428214 -0.9396985 0 0.3420042 -0.9396957 0 0.3420119 -1 0 5.00913e-7 -1 0 4.81648e-7 -0.9396151 0 -0.342233 -0.9396136 0 -0.3422371 -0.7660124 -8.32163e-6 -0.6428259 -0.7660068 8.28238e-6 -0.6428325 -0.7660106 8.03138e-6 -0.642828 -0.7660234 -7.99353e-6 -0.6428126 -0.5000566 0 -0.8659927 -0.5000035 0 -0.8660234 -0.1736905 0 -0.9848003 -0.1737919 0 -0.9847824 0.1736978 -6.93896e-7 -0.984799 0.1737428 0 -0.9847911 0.500015 0 -0.8660168 0.5000075 0 -0.8660212 0.7660068 -8.03136e-6 -0.6428325 0.7660344 8.02245e-5 -0.6427997 0.9396139 0 -0.3422363 0.7660071 8.32163e-6 -0.6428322 0.7660126 -5.81748e-5 -0.6428257 0.939616 0 -0.3422307 0 -1 -5.62398e-5 0 -1 -4.3875e-5 0 -1 5.85001e-5 0 -1 1.1248e-4 0 -1 -2.0141e-5 0 -1 8.78603e-6 0 -1 -9.0069e-6 0 -1 -1.7828e-5 0 -1 3.98682e-5 0 -1 -2.65786e-5 0 -1 -1.37444e-5 0 -1 8.7794e-6 0 -1 -1.34664e-5 0 -1 -1.79032e-5 0 -1 3.35683e-5 0 -1 -6.71375e-6 0 -1 2.64874e-5 0 -1 1.78279e-5 0 -1 -2.6579e-5 0 -1 -1.34662e-5 0 -1 2.68547e-5 0.9847832 0 0.1737877 0.9847836 0 0.1737853 0.8660235 3.84727e-7 0.5000034 0.8660235 0 0.5000034 0.8660235 0 0.5000034 0.8660235 -3.86552e-7 0.5000034 0.6427839 0 0.7660477 0.6427726 -1.97881e-7 0.766057 0.6427783 1.97605e-6 0.7660522 0.6427896 0 0.7660428 0.3417324 0 0.9397973 0.341783 0 0.9397789 0 0 1 -0.3417617 0 0.9397867 -0.3417324 0 0.9397973 -0.6428206 0 0.7660169 -0.642863 0 0.7659812 -0.6428518 1.93279e-7 0.7659907 -0.6428461 -1.92367e-7 0.7659955 -0.8660235 3.86552e-7 0.5000034 -0.8660235 -3.84727e-7 0.5000034 -0.8660235 0 0.5000034 -0.8660235 0 0.5000034 -0.9847832 0 0.1737877 -0.9847836 0 0.1737853 -0.9847822 0 -0.1737935 -0.9847846 0 -0.1737796 -0.8660262 0 -0.4999987 -0.8660079 0 -0.5000305 -0.8660207 -3.86552e-7 -0.5000081 -0.8660152 2.70232e-6 -0.5000178 -0.6428219 0 -0.7660158 -0.6428461 0 -0.7659954 -0.6428338 -1.95578e-7 -0.7660058 -0.6428096 1.96944e-7 -0.7660261 -0.3417324 0 -0.9397973 0.3417537 0 -0.9397897 0.3417324 0 -0.9397973 0.6427906 0 -0.7660419 0.6427896 0 -0.7660428 0.6427916 1.97879e-7 -0.7660411 0.6427927 -1.96945e-7 -0.7660403 0.8660207 3.86552e-7 -0.5000081 0.8660152 -2.70232e-6 -0.5000178 0.8660262 0 -0.4999987 0.8660079 0 -0.5000305 0.9847822 0 -0.1737935 0.9847846 0 -0.1737796 0.9397159 0 0.3419564 0.9397007 0 0.3419983 1 0 1.24658e-6 1 0 5.43533e-5 0.7660127 -8.32161e-6 0.6428255 0.7660136 8.28234e-6 0.6428245 0.7660295 8.72694e-6 0.6428055 0.7660327 -8.68577e-6 0.6428016 0.5000024 0 0.8660241 0.4999544 0 0.8660518 0.1736341 0 0.9848102 0.1736325 7.18677e-7 0.9848105 -0.1736403 0 0.9848092 -0.1736355 0 0.9848101 -0.4999659 0 0.8660452 -0.4999977 0 0.8660267 -0.7660259 -8.72692e-6 0.6428098 -0.7660128 8.68569e-6 0.6428254 -0.7660134 8.32162e-6 0.6428247 -0.7660126 -8.28236e-6 0.6428257 -0.9397159 0 0.3419564 -0.9397007 0 0.3419983 -1 0 7.8507e-6 -1 -6.11431e-7 -5.42458e-5 -0.9396149 0 -0.3422338 -0.9396145 0 -0.342235 -0.7660168 -8.32162e-6 -0.6428206 -0.7660145 8.28236e-6 -0.6428234 -0.5000091 0 -0.8660202 -0.7660316 8.72908e-6 -0.6428031 -0.7660187 -8.6857e-6 -0.6428183 -0.5000088 -1.17872e-6 -0.8660205 -0.1736396 0 -0.9848093 -0.1736901 0 -0.9848003 0.1736469 -7.18678e-7 -0.984808 0.1736919 0 -0.9848001 0.4999702 0 -0.8660426 0.499998 0 -0.8660266 0.7660188 -8.72689e-6 -0.6428184 0.7660316 8.68789e-6 -0.6428031 0.7660194 8.3216e-6 -0.6428175 0.7660281 -8.2823e-6 -0.6428071 0.9396148 0 -0.342234 0.9396116 0 -0.3422427 0 -1 -5.6243e-5 0 -1 5.76336e-5 0 -1 3.0369e-5 0 -1 -2.68547e-5 0 -1 8.85959e-6 0 -1 2.64885e-5 0 -1 8.91051e-6 0 -1 -1.33349e-5 0 -1 -6.71384e-6 0 -1 1.37442e-5 0 -1 -2.7489e-5 0 -1 -1.38506e-5 0 -1 2.01413e-5 0.9847846 0 0.1737796 0.9847822 0 0.1737935 0.8660262 0 0.4999985 0.8660079 -3.88851e-7 0.5000305 0.866029 3.84727e-7 0.4999938 0.8660235 0 0.5000033 0.6428019 0 0.7660325 0.6427894 0 0.766043 0.6427771 -1.97879e-7 0.7660532 0.6427896 1.96945e-7 0.7660428 0.3417537 0 0.9397897 0.3417617 0 0.9397867 -0.6428441 0 0.7659971 -0.642843 0 0.765998 -0.6428451 1.93278e-7 0.7659963 -0.6428461 -1.92366e-7 0.7659954 -0.8660262 0 0.4999985 -0.8660235 0 0.5000033 -0.866029 3.86551e-7 0.4999938 -0.8660079 -3.87017e-7 0.5000305 -0.9847846 0 0.1737796 -0.9847822 0 0.1737935 -0.9848418 0 -0.1734548 -0.9848418 0 -0.1734548 -0.9848419 0 -0.1734548 -0.8660065 -3.13738e-7 -0.5000329 -0.8660247 0 -0.5000013 -0.8660036 0 -0.5000376 -0.8660095 3.15226e-7 -0.5000277 -0.6428254 -1.25156e-6 -0.7660128 -0.6428376 1.24565e-6 -0.7660027 -0.6428132 0 -0.766023 -0.6428012 0 -0.7660331 -0.342009 -1.30517e-6 -0.9396967 -0.3420038 0 -0.9396986 -0.3419842 0 -0.9397058 -0.341989 1.31135e-6 -0.939704 0.3419907 0 -0.9397034 0.3420091 -1.31136e-6 -0.9396967 0.3420224 1.30517e-6 -0.9396919 0.3420038 0 -0.9396986 0.6428197 1.25156e-6 -0.7660177 0.6428204 -1.24566e-6 -0.766017 0.6428189 0 -0.7660183 0.6428182 0 -0.7660189 0.8660036 0 -0.5000376 0.8660095 -3.15226e-7 -0.5000277 0.8660065 3.13738e-7 -0.5000329 0.8660247 0 -0.5000013 0.9848418 3.86698e-7 -0.1734548 0.9848418 0 -0.1734548 0.9848419 0 -0.1734548 1 0 -8.31729e-6 1 0 -5.98353e-5 0.939615 0 0.3422332 0.9397374 0 0.3418971 0.7660147 -8.32161e-6 0.6428231 0.7660108 8.28236e-6 0.6428277 0.7660084 -7.99349e-6 0.6428307 0.4999865 -1.50552e-6 0.8660333 0.4999788 0 0.8660377 0.7660287 8.03361e-6 0.6428065 0.1736044 0 0.9848155 0.173606 2.86187e-7 0.9848152 -0.1736031 0 0.9848157 -0.1735986 0 0.9848166 -0.500023 0 0.8660123 -0.4999893 -1.66269e-7 0.8660317 -0.7660084 -8.03138e-6 0.6428307 -0.7660287 7.99571e-6 0.6428065 -0.7660145 -8.28236e-6 0.6428233 -0.9397741 0 0.3417962 -0.9396142 0 0.3422355 -0.7660107 8.32164e-6 0.6428279 -1 0 -9.77388e-6 -1 0 5.03373e-5 -0.939704 0 -0.341989 -0.9396991 4.83169e-7 -0.3420027 -0.7660139 -8.32163e-6 -0.6428241 -0.7660068 8.28239e-6 -0.6428326 -0.766021 -6.10082e-5 -0.6428155 -0.49996 0 -0.8660485 -0.4999933 0 -0.8660293 -0.7660129 8.72688e-6 -0.6428252 -0.1737377 5.36112e-7 -0.9847921 -0.1737014 0 -0.9847984 0.1736342 -8.64159e-7 -0.9848102 0.1736936 0 -0.9847998 0.4999977 0 -0.8660268 0.5000053 0 -0.8660225 0.766021 -8.72691e-6 -0.6428155 0.766013 6.1008e-5 -0.6428253 0.7660141 -8.28235e-6 -0.6428239 0.939704 0 -0.341989 0.9396989 0 -0.3420027 0.766007 8.32164e-6 -0.6428324 0 -1 -4.34186e-5 0 -1 -4.92259e-5 0 -1 -4.32227e-5 0 -1 8.94807e-6 0 -1 2.66246e-5 0 -1 -2.69634e-5 0 -1 3.35688e-5 0 -1 1.75192e-5 0 -1 -2.6855e-5 0 -1 9.00706e-6 0 -1 2.64878e-5 0 -1 -2.6579e-5 0 -1 1.37444e-5 0 -1 -1.33351e-5 0 -1 2.0141e-5 0.9847841 0 0.1737824 0.8660022 0 0.5000402 0.8660247 0 0.5000013 0.8660036 3.15225e-7 0.5000379 0.8660291 -3.16028e-7 0.4999937 0.6427821 0 0.7660492 0.6427643 -1.25387e-6 0.7660641 0.6427732 1.24795e-6 0.7660566 0.6427542 0 0.7660725 0.3419807 -1.30289e-6 0.9397071 0.341994 0 0.9397022 0.3419874 0 0.9397045 0.3420191 1.31136e-6 0.9396931 -0.3419743 0 0.9397093 -0.3419742 0 0.9397093 -0.3420191 -1.31136e-6 0.9396931 -0.3420191 1.30517e-6 0.9396931 -0.6428133 0 0.766023 -0.6428182 1.25156e-6 0.7660189 -0.6428157 -1.24566e-6 0.766021 -0.6428108 0 0.7660251 -0.8660022 0 0.5000402 -0.8660291 -3.17526e-7 0.4999937 -0.8660036 3.13738e-7 0.5000379 -0.8660247 0 0.5000013 -0.9848418 3.87418e-7 0.1734548 -0.9848418 0 0.1734548 -0.9848419 0 0.1734548 -0.9847826 0 0.1737906 -0.9847836 0 -0.1737853 -0.9847826 0 -0.1737906 -0.8660262 0 -0.4999986 -0.8660277 0 -0.4999962 -0.8660249 -3.86552e-7 -0.500001 -0.8660235 3.84728e-7 -0.5000034 -0.6428272 -1.95578e-7 -0.7660113 -0.6428363 1.94655e-7 -0.7660037 -0.6428185 0 -0.7660187 0.6427904 -1.96945e-7 -0.7660421 0.6427727 0 -0.766057 0.6427817 0 -0.7660495 0.6427996 1.97878e-7 -0.7660346 0.8660249 -2.70231e-6 -0.500001 0.8660277 0 -0.4999962 0.8660262 0 -0.4999986 0.8660235 3.86552e-7 -0.5000034 0.9847826 0 -0.1737906 0.9847836 0 -0.1737853 1 0 1.67613e-6 0.9396141 0 0.3422361 0.9396123 0 0.3422409 1 0 1.6665e-6 0.7660225 -8.32158e-6 0.6428139 0.766017 8.28233e-6 0.6428205 0.7660067 -7.99348e-6 0.6428326 0.5000182 0 0.8660149 0.5000116 2.27177e-6 0.8660187 0.7660294 8.03362e-6 0.6428056 0.1736903 0 0.9848004 0.1737397 4.82101e-7 0.9847916 -0.1736364 0 0.9848098 -0.1736825 0 0.9848017 -0.500016 0 0.8660163 -0.5000067 0 0.8660215 -0.7660185 -8.03142e-6 0.6428186 -0.7660104 7.99349e-6 0.6428281 -0.7660142 -5.81749e-5 0.6428236 -0.9396156 0 0.3422321 -0.9396138 0 0.342237 -0.7660088 8.32164e-6 0.6428302 -1 0 -1.67613e-6 -1 0 -1.6665e-6 -0.9396141 0 -0.342236 -0.9396123 0 -0.3422409 -0.7660222 -8.32159e-6 -0.6428142 -0.7660167 8.28235e-6 -0.6428208 -0.7660067 -7.99348e-6 -0.6428326 -0.5000625 0 -0.8659893 -0.5000082 2.23072e-6 -0.8660207 -0.7660294 8.03362e-6 -0.6428056 -0.1736941 0 -0.9847998 -0.1736386 0 -0.9848095 0.1735354 -5.53523e-7 -0.9848277 0.1735846 0 -0.984819 0.5000126 0 -0.8660182 0.5000509 0 -0.865996 0.7660185 -8.03142e-6 -0.6428186 0.7660104 7.99349e-6 -0.6428281 0.7660145 -8.28234e-6 -0.6428235 0.9396156 0 -0.3422321 0.9396138 0 -0.342237 0.7660089 8.32163e-6 -0.64283 0 -1 -4.38699e-5 0 -1 5.84932e-5 0 -1 1.12478e-4 0 -1 -2.01413e-5 0 -1 8.94815e-6 0 -1 -8.92069e-6 0 -1 2.64886e-5 0 -1 -1.32436e-5 0 -1 9.00001e-6 0 -1 8.92069e-6 0 -1 1.32894e-5 0 -1 1.78278e-5 0 -1 -2.65794e-5 0 -1 -1.78964e-5 0 -1 2.68552e-5 0.9847825 0 0.173792 0.984784 0 0.1737837 0.8660255 3.84728e-7 0.4999999 0.8660255 0 0.5 0.8660255 0 0.5 0.8660255 -3.86552e-7 0.4999999 0.6427819 0 0.7660492 0.6427763 0 0.766054 0.6427873 -1.97879e-7 0.7660446 0.6427931 1.96945e-7 0.76604 0.3417351 0 0.9397963 0.3417565 0 0.9397886 -0.3417351 0 0.9397963 -0.6428608 -1.92365e-7 0.7659831 -0.6428497 0 0.7659924 -0.6428186 0 0.7660185 -0.6428665 1.93277e-7 0.7659783 -0.8660255 0 0.5 -0.8660255 0 0.5 -0.8660255 3.86552e-7 0.4999999 -0.8660255 -3.84728e-7 0.4999999 -0.9847825 0 0.173792 -0.984784 0 0.1737837 -0.9847825 0 -0.173792 -0.984784 0 -0.1737837 -0.8660255 0 -0.5 -0.8660255 0 -0.5 -0.8660255 -3.86552e-7 -0.4999999 -0.8660255 3.84728e-7 -0.4999999 -0.6428186 0 -0.7660185 -0.6428497 0 -0.7659924 -0.6428608 -1.93277e-7 -0.7659831 -0.6428665 1.92365e-7 -0.7659783 -0.3417351 0 -0.9397963 0.3417565 0 -0.9397886 0.3417351 0 -0.9397963 0.6427873 -1.96945e-7 -0.7660446 0.6427763 0 -0.766054 0.6427819 0 -0.7660492 0.6427931 1.97879e-7 -0.76604 0.8660255 -3.84728e-7 -0.4999999 0.8660255 0 -0.5 0.8660255 0 -0.5 0.8660255 3.86552e-7 -0.4999999 0.9847825 0 -0.173792 0.984784 0 -0.1737837 1 0 -4.34463e-5 0.9397177 0 0.3419516 0.9396806 0 0.3420531 1 0 8.3195e-6 0.7660204 -8.32159e-6 0.6428163 0.7660166 8.28234e-6 0.642821 0.766021 -6.10082e-5 0.6428155 0.4999606 0 0.8660482 0.4999967 0 0.8660274 0.7660129 8.72688e-6 0.6428252 0.1736926 0 0.9848 0.1736888 0 0.9848006 -0.1736364 -5.74646e-7 0.9848098 -0.1736848 0 0.9848013 -0.4999566 0 0.8660505 -0.4999492 0 0.8660548 -0.7660329 -8.72696e-6 0.6428015 -0.7660247 8.68575e-6 0.6428112 -0.7660139 -8.28236e-6 0.6428241 -0.9397016 0 0.3419956 -0.9397173 0 0.3419525 -0.7660068 8.32165e-6 0.6428326 -1 -6.5306e-7 5.6657e-5 -1 0 4.81191e-6 -0.9397379 -1.73373e-7 -0.3418961 -0.9397356 0 -0.3419022 -0.7660242 -8.32159e-6 -0.6428119 -0.7660171 8.28235e-6 -0.6428203 -0.7660084 -7.99349e-6 -0.6428307 -0.4999859 -1.9233e-6 -0.8660336 -0.5000205 0 -0.8660137 -0.7660287 8.03361e-6 -0.6428065 -0.1736097 2.86187e-7 -0.9848145 -0.173605 0 -0.9848154 0.1736037 0 -0.9848156 0.1735516 2.86239e-6 -0.9848248 0.5000246 0 -0.8660113 0.4999743 0 -0.8660402 0.7660178 -8.03142e-6 -0.6428195 0.7660121 7.9935e-6 -0.6428262 0.7660147 -8.28234e-6 -0.6428231 0.9397388 0 -0.3418933 0.9397374 2.08037e-7 -0.3418971 0.7660108 8.32162e-6 -0.6428277 0 -1 5.76302e-5 0 -1 9.84506e-5 0 -1 -2.00717e-5 0 -1 8.85951e-6 0 -1 -9.00698e-6 0 -1 2.64889e-5 0 -1 -1.32438e-5 0 -1 8.91043e-6 0 -1 1.34816e-5 0 -1 1.78896e-5 0 -1 -2.69638e-5 0 -1 -1.78961e-5 0.8660249 2.70231e-6 0.500001 0.8660277 0 0.4999962 0.8660262 0 0.4999986 0.8660235 -3.86552e-7 0.5000034 0.6427817 0 0.7660495 0.6427727 0 0.766057 0.6427904 -1.97879e-7 0.7660421 0.6427996 1.96945e-7 0.7660344 -0.6428272 -1.94655e-7 0.7660113 -0.6428461 0 0.7659954 -0.6428185 0 0.7660187 -0.6428363 1.95577e-7 0.7660037 -0.8660262 0 0.4999986 -0.8660277 0 0.4999962 -0.8660249 3.86552e-7 0.500001 -0.8660235 -3.84728e-7 0.5000034 -0.9847841 0 0.1737824 -0.8660036 3.15225e-7 -0.5000379 -0.8660291 -3.16028e-7 -0.4999937 -0.8660022 0 -0.5000402 -0.8660247 0 -0.5000013 -0.6428132 0 -0.766023 -0.6428108 0 -0.7660251 -0.6428157 -1.25156e-6 -0.766021 -0.6428182 1.24566e-6 -0.7660189 -0.3420191 1.31136e-6 -0.9396931 -0.3420191 -1.30517e-6 -0.9396931 -0.3419743 0 -0.9397093 -0.3419742 0 -0.9397093 0.3419874 0 -0.9397045 0.341994 0 -0.9397022 0.3419807 -1.30906e-6 -0.9397071 0.3420191 1.30517e-6 -0.9396931 0.642779 -1.24795e-6 -0.7660518 0.6427741 0 -0.7660559 0.6427765 0 -0.7660538 0.6427814 1.25386e-6 -0.7660498 0.8660022 0 -0.5000402 0.8660291 -3.17526e-7 -0.4999937 0.8660036 3.13738e-7 -0.5000379 1 -6.73953e-5 0 1 1.55019e-5 0 1 -1.31578e-5 0 1 2.17673e-6 0 1 6.87189e-7 0 1 4.09933e-7 0 1 -1.12596e-5 0 1 2.93943e-6 0 -1 7.1162e-7 0 1.09711e-6 0.9974817 0.07092565 0.1593949 0.98473 0.07000106 0.159424 0.9847249 -0.07000523 0 0.9974836 -0.07089865 0 0.0708481 -0.9974871 0.1593742 0.06999182 -0.9847341 0.1593913 -0.06999737 -0.9847308 1.20993e-6 -0.07085919 -0.9974864 0 -0.9974857 -0.07086938 0.1593639 -0.9847352 -0.06999921 0.1593631 -0.9847346 0.07000893 8.17921e-7 -0.9974876 0.0708419 1.05077e-6 -0.07089108 0.9974841 0.1594403 -0.0700041 0.9847224 0.1594185 0.07000297 0.984726 0 0.07093834 0.9974808 0.160034 0.9302133 -0.3302914 0 0.9423651 -0.3345865 0 0.9423592 0.3346033 0.1598757 0.9302385 0.3302973 0.1599313 -0.3303383 -0.9302142 0 -0.334649 -0.9423429 0.1600037 -0.9302137 0.3303048 0 -0.9424031 0.3344795 0.1607102 0.6979138 -0.6979173 1.16966e-5 0.7070947 -0.7071189 0.1600046 0.3303061 -0.9302132 0 0.3346289 -0.94235 1.15311e-5 0.7070896 -0.707124 0.1606991 0.6979008 -0.6979329 1.20775e-5 0.7071054 0.7071083 0.1607054 0.6979287 0.6979035 0 0.3346499 0.9423426 0.1598865 0.3303056 0.9302336 0.1607105 0.6979304 0.6979007 1.20205e-5 0.7071101 0.7071036 0.16071 -0.6979239 -0.6979072 1.11474e-5 -0.7070907 -0.7071229 0.1599183 -0.9302271 -0.3303086 0 -0.9423761 -0.3345555 1.12003e-5 -0.7071213 -0.7070924 0.1607028 -0.6979001 -0.6979328 0.1607103 -0.6979022 0.6979289 1.14789e-5 -0.7071052 0.7071084 0.159994 -0.3302975 0.9302181 0 -0.3345832 0.9423663 1.17521e-5 -0.7071138 0.7070997 0.1606977 -0.6979331 0.697901 0.948926 0.3147023 -0.02240115 0.9489291 0.3146934 -0.0223996 0.94893 0.3146908 0.02239984 0.9489237 0.3147094 0.02240002 -0.944371 0.01246279 0.328646 -0.9411169 0.009009778 0.3379614 -0.9414494 -0.01002109 0.3370054 0.9443391 0.01346862 -0.3286979 0.9489248 -0.02240073 -0.314706 0.9489111 -0.02273249 -0.3147239 0.9489231 -0.3147113 0.02240049 0.9489186 -0.314725 -0.02240389 0.9489173 -0.3147285 -0.02240377 0.9489277 -0.3146976 0.02239823 0.948929 0.02239847 0.3146938 0.9489256 0.02240097 0.3147039 0.9489239 -0.02239978 0.3147091 0.9489289 -0.02239966 0.3146941 0.3219685 0.8921738 0.3167997 0.3168805 0.9460819 0.0672 0.316882 0.06719565 -0.9460818 0.3219883 0.3167894 -0.8921704 0.32197 -0.3167957 0.8921748 0.3169952 -0.06719517 0.9460439 0.3219875 -0.8921707 -0.3167895 0.316873 -0.9460839 -0.06720745 0.316882 0.06720054 0.9460813 0.3219695 0.3168071 0.8921709 0.3249129 0.668754 0.66873 0.3249048 0.6687457 0.6687422 0.3169071 0.946073 -0.06720018 0.3219994 0.8921744 -0.3167669 0.3249295 0.6687428 -0.6687331 0.3249309 0.6687365 -0.6687387 0.3220108 -0.8921618 0.3167909 0.3168992 -0.9460759 0.06719654 0.3250182 -0.6687287 0.6687041 0.3250038 -0.6687223 0.6687175 0.3168959 -0.06719881 -0.9460769 0.3219885 -0.3167912 -0.8921698 0.3250126 -0.6687257 -0.6687098 0.3250122 -0.6687146 -0.6687212 0.9505367 0.2927178 0.1039065 0.950537 0.2927172 0.1039051 0.9473547 0.03541469 -0.3182215 0.9469237 0.05452966 -0.3167999 0.950533 0.10391 -0.2927283 0.9505342 0.1039078 -0.292725 0.9505389 -0.1039042 0.2927114 0.9505303 -0.1039149 0.2927353 0.9505364 -0.2927182 -0.1039069 0.9505377 -0.2927148 -0.1039053 0.9505319 0.1039121 0.2927308 0.9505297 0.1039148 0.292737 0.9514686 0.2176087 0.2176097 0.9514812 0.2175848 0.2175787 0.9505331 0.2927285 -0.1039086 0.9505383 0.2927127 -0.1039049 0.9514771 0.2175917 -0.2175897 0.9514796 0.2175856 -0.2175852 0.9505299 -0.2927379 0.103911 0.950531 -0.2927339 0.1039129 0.9514698 -0.2176067 0.2176065 0.9514821 -0.2175833 0.2175759 0.9505428 -0.1039003 -0.2927002 0.9505437 -0.1038985 -0.2926976 0.9514737 -0.2175986 -0.2175979 0.9514791 -0.2175844 -0.2175878 0 -0.4997262 -0.8661835 0 -0.4997262 0.8661835 0 0.5000131 0.8660178 0 0.5000131 0.8660178 0 0.5000131 0.8660179 0 0.4997262 0.8661835 0 0.5000131 -0.8660178 0 0.5000131 -0.8660178 0 0.5000131 -0.8660178 0 0.4997262 -0.8661835 0.7559377 1.17812e-6 -0.6546437 0.7559338 -0.5669314 -0.3273425 0.7559505 -0.5669241 -0.3273165 0.7559236 1.51899e-6 -0.6546599 0.7559304 -0.5669496 0.3273186 0.7559353 -0.5669365 0.3273302 0.7558771 7.83242e-7 0.6547136 0.7558876 3.88827e-7 0.6547015 0.7559299 0.5669389 0.3273383 0.755944 0.5669316 0.3273185 0.7559375 0.56694 -0.3273189 0.7559308 0.5669341 -0.3273447 0 -0.5001382 -0.8659457 0 -0.5001382 -0.8659457 0 -0.5001382 -0.8659457 0 -0.5001382 -0.8659457 1.60854e-7 -0.5001382 -0.8659457 0 -0.5001382 -0.8659457 0 0.5001382 -0.8659457 -1.60854e-7 0.5001382 -0.8659457 0 0.5001382 -0.8659457 0 0.4997192 -0.8661875 0.7558979 -0.5670099 -0.3272891 0.7558955 1.13249e-5 -0.6546923 0.7559089 -1.43088e-5 -0.654677 0.7559131 -0.5669864 -0.3272947 0.7558881 -0.5670144 -0.3273044 0.7558991 -0.5670019 -0.3273004 0.7558856 -0.5670209 0.3272985 0.7559113 -0.5669942 0.3272854 0.7558766 5.41657e-6 0.6547142 0.7558968 -0.5669957 0.3273167 0.755905 -0.5669958 0.3272975 0.7558982 -1.57952e-6 0.6546893 0.7559078 -9.20892e-6 0.6546781 0.7558946 1.60187e-7 0.6546934 0.7558949 0.5670052 0.3273042 0.7558861 0.5670075 0.3273206 0.7558865 0.5670162 -0.3273046 0.7559099 0.566996 0.3272856 0.7559147 0.5669924 0.3272807 0.7558975 0.567004 -0.3273001 0.7558988 0.5670115 -0.3272846 0.7559077 1.20997e-5 -0.6546784 0.7558953 6.81356e-6 -0.6546927 0.7558897 0.5670173 -0.3272954 0 0.5000131 0.8660178 0 0.5000131 0.8660178 0 0.5001382 -0.8659457 0 0.5001382 -0.8659457 0 0.5001382 -0.8659457 0.7559522 -0.5669294 -0.3273034 0.7559494 -0.5669317 -0.3273057 0.7559048 1.69277e-5 -0.6546816 0.7558969 -1.10529e-5 -0.6546907 0.7559452 -0.5669316 0.3273155 0.7559589 -0.5669116 0.3273186 0.7559381 -0.566935 -0.3273261 0.7559432 -0.5669288 -0.327325 0.7559413 1.45286e-7 0.6546396 0.7559398 -6.91507e-7 0.6546412 0.7559294 0.5669379 0.3273411 0.7559369 0.5669409 0.3273187 0.7559587 0.5669201 -0.3273044 0.755928 0.5669495 -0.327324 0.7558949 6.58631e-6 -0.6546931 0.7559602 0.5669218 -0.3272979 0.7559284 0.5669558 -0.3273126 0 0.5000131 0.8660178 0 0.5000131 0.8660178 0 0.5000131 0.8660179 0 0.5000131 -0.8660178 0 0.5000131 -0.8660178 0 0.5000131 -0.8660179 0.7559313 -0.5669409 -0.3273317 0.7559607 -0.5669087 -0.3273193 0.7559063 -7.21216e-6 -0.65468 0.7559 1.62795e-6 -0.6546872 0.7559393 -0.5669334 0.3273261 0.7559275 -0.5669483 -0.3273277 0.7559322 -0.5669443 -0.3273234 0.7559449 -0.5669266 0.3273252 0.7559472 -0.5669324 0.3273095 0.7558796 9.11951e-6 0.6547107 0.7559062 -1.06096e-5 0.6546801 0.755948 -0.5669245 0.3273214 0.7559364 0.5669494 0.3273051 0.7558889 2.32458e-6 0.6547 0.7558969 -3.62098e-6 0.6546908 0.7559453 0.5669306 0.3273169 0.7559257 0.5669524 -0.3273248 0.7559487 0.5669324 0.3273059 0.755948 0.5669341 0.327305 0.7559311 0.5669453 -0.3273245 0.7559027 -2.68593e-6 -0.6546841 0.7559527 0.5669133 -0.3273302 0.755954 0.5669156 -0.327323 0.7558967 -1.10269e-5 -0.6546909 0 -2.26515e-6 -1 0 -1.57245e-4 -1 0 -0.3420655 -0.9396762 0 -0.3420648 -0.9396765 -8.39185e-6 -0.642798 -0.7660358 8.3545e-6 -0.6428338 -0.7660058 8.24001e-6 -0.6428124 -0.7660237 -8.20113e-6 -0.6428123 -0.7660238 0 -0.8661648 -0.4997587 0 -0.8661647 -0.4997589 0 -0.984839 -0.1734716 0 -0.9848389 -0.1734718 0 -0.9848725 0.173281 0 -0.9848724 0.1732813 0 -0.8660683 0.499926 0 -0.866068 0.4999262 -8.39864e-6 -0.6428152 0.7660213 8.35901e-6 -0.6428152 0.7660213 8.39185e-6 -0.6427984 0.7660354 -8.35226e-6 -0.6427994 0.7660347 0 -0.342032 0.9396883 0 -0.3419829 0.9397062 0 8.96792e-5 1 0 8.99219e-5 1 0 0.3418254 0.9397636 0 0.3419698 0.939711 -8.39411e-6 0.6428332 0.7660064 8.35449e-6 0.642831 0.766008 8.39864e-6 0.6428152 0.7660213 -8.35901e-6 0.6428152 0.7660213 -3.38971e-7 0.8660683 0.4999257 0 0.8660683 0.4999259 0 0.9848724 0.1732814 0 0.9848724 0.1732816 0 0.98483 -0.1735221 0 0.984839 -0.1734715 0 0.8661646 -0.499759 0 0.8661645 -0.4997591 -8.24001e-6 0.6428124 -0.7660237 8.20113e-6 0.6428123 -0.7660238 8.39411e-6 0.6428335 -0.7660059 -5.86816e-5 0.6428334 -0.7660061 0 0.3420159 -0.9396942 6.1312e-7 0.3420156 -0.9396943 1 -9.38245e-6 0 1 1.87728e-5 0 1 -1.88943e-5 0 1 1.84706e-5 0 1 -1.87732e-5 0 1 9.68054e-6 0 1 -2.45223e-6 0 1 2.66969e-6 0 1 4.91972e-6 0 1 9.67923e-6 0 1 -1.06351e-5 0 1 -9.71628e-6 0 1 6.7045e-6 0 1 -3.36459e-6 0 1 3.05229e-6 0 1 -5.3852e-6 0 1 4.87952e-6 0 1 -7.97622e-6 0 1 7.29881e-6 0 1 -2.45679e-6 0 1 5.44639e-6 0 1 -4.91984e-6 0 1 -2.66973e-6 0 1 1.06349e-5 0 1 1.07704e-5 0 1 6.68001e-6 0 1 -2.67437e-6 0 1 -7.25942e-6 0 1 5.31756e-6 0 1 -4.86575e-6 0 1 2.46441e-6 0 0 0.3422186 0.9396204 -1.87023e-7 0.3420904 0.9396671 0 -1.62756e-5 1 1.67453e-7 -1.64548e-5 1 0 0.6428089 0.7660266 0 0.6428095 0.7660261 0 0.8660303 0.4999916 0 0.866032 0.4999885 0 0.6428233 0.7660145 0 0.6428195 0.7660177 0 0.9848161 0.173601 0 0.9848163 0.1736001 0 0.9848167 -0.1735973 0 0.984838 -0.1734769 0 0.8660293 -0.4999933 0 0.8660297 -0.4999924 0 0.6428261 -0.7660123 0 0.6428258 -0.7660125 0 0.3419694 -0.9397112 0 0.3420946 -0.9396656 0 0.6428103 -0.7660254 0 0.642809 -0.7660265 0 -1.79596e-5 -1 0 -1.21521e-5 -1 0 -0.3420585 -0.9396787 0 -0.3420292 -0.9396893 0 -0.6428123 -0.7660237 0 -0.6428136 -0.7660226 0 -0.8660274 -0.4999966 0 -0.6428295 -0.7660093 0 -0.6428268 -0.7660116 0 -0.8660268 -0.4999976 0 -0.9848162 -0.1736004 -3.21065e-7 -0.9848161 -0.173601 3.02848e-7 -0.9848245 0.1735533 0 -0.9848381 0.1734758 0 -0.8660279 0.4999959 0 -0.8660274 0.4999967 0 -0.6428268 0.7660116 0 -0.6428295 0.7660093 0 -0.6428107 0.7660251 0 -0.6428114 0.7660246 0 -0.3421073 0.9396609 0 -0.342024 0.9396913 1 1.79011e-6 0 1 -1.2788e-6 0 1 1.78578e-6 0 1 -5.1614e-6 0 1 -3.57265e-6 0 1 2.56674e-6 0 1 -1.79101e-6 0 1 -5.13126e-6 0 1 -2.5824e-6 0 1 -1.78634e-6 0 1 5.13347e-6 0 1 1.78249e-6 0 1 5.11519e-6 0 1 -3.58064e-6 0 1 2.55295e-6 0 1 -3.58354e-6 0 1 -2.59667e-6 0 1 3.57268e-6 0 1 1.79101e-6 0 1 5.13126e-6 0 1 -5.19335e-6 0 1 1.78633e-6 0 1 2.55836e-6 0 1 1.29973e-6 0 1 -1.79029e-6 0 0 0.3419303 0.9397254 0 0.3420547 0.9396801 0 1.49278e-5 1 0 1.51057e-5 1 0 0.6428056 0.7660294 0 0.6428069 0.7660284 0 0.8660096 0.5000275 0 0.8660019 0.500041 0 0.6428307 0.7660083 0 0.6428269 0.7660116 0 0.9848954 0.1731505 0 0.9848954 0.1731505 0 0.9848954 -0.1731505 0 0.9848954 -0.1731505 0 0.8660096 -0.5000275 0 0.8660019 -0.500041 0 0.6428307 -0.7660083 0 0.6428269 -0.7660116 0 0.6428058 -0.7660292 0 0.6428057 -0.7660292 0 0.3419338 -0.9397241 0 0.3419339 -0.939724 -3.37625e-7 -2.1264e-5 -1 0 -2.10581e-5 -1 0 -0.3419116 -0.9397321 0 -0.3419272 -0.9397264 0 -0.6427987 -0.7660352 0 -0.6428347 -0.7660049 0 -0.6428213 -0.7660161 0 -0.6428186 -0.7660185 0 -0.8661069 -0.4998588 0 -0.8660423 -0.4999707 0 -0.9848112 -0.1736286 0 -0.9848954 -0.1731505 1.34432e-7 -0.9848345 0.1734969 0 -0.9848954 0.1731505 0 -0.8660423 0.4999708 0 -0.8661069 0.4998588 0 -0.6428186 0.7660185 0 -0.6428214 0.7660162 0 -0.3419793 0.9397076 0 -0.6428096 0.7660261 0 -0.642809 0.7660264 0 -0.3419609 0.9397142 0.1574943 -0.337783 -0.9279538 0 -0.3416163 -0.9398396 0 8.1498e-7 -1 0.157301 -4.57411e-7 -0.9875508 8.66322e-6 -0.6428154 -0.7660212 0.1574875 -0.6347828 -0.756471 0.1573064 -0.8552288 -0.4938 0 -0.8660466 -0.4999636 8.43941e-6 -0.6428069 -0.7660283 0.1575018 -0.6347827 -0.7564682 0.157511 -0.9725116 -0.1714982 0 -0.9848505 -0.1734058 0.1574291 -0.9725223 0.1715124 0 -0.9848064 0.173656 0.1575021 -0.8551944 0.4937971 0 -0.8660285 0.4999949 8.67222e-6 -0.6427682 0.7660609 0.1574014 -0.634792 0.7564814 0.1574995 -0.3377645 0.9279597 0 -0.3419845 0.9397056 8.70204e-6 -0.6427787 0.766052 0.157391 -0.6347852 0.7564892 0.1579353 -6.59791e-7 0.9874495 0 8.47389e-7 1 -1.82664e-7 0.3419523 0.9397174 0.1574879 0.3377937 0.9279509 0.1575013 0.6347859 0.7564656 8.66322e-6 0.6428154 0.7660212 0 0.8660498 0.4999579 8.70883e-6 0.642836 0.766004 0.1574957 0.6347736 0.7564772 0.1574894 0.8551984 0.4937945 0 0.9847879 0.1737611 0.1575791 0.9725014 0.171493 0.1575648 0.9725047 -0.1714879 2.35013e-7 0.9848601 -0.1733507 7.82431e-7 0.8660466 -0.4999636 0.1574734 0.8552098 -0.4937797 0.1574911 0.6347835 -0.7564697 8.39959e-6 0.6428069 -0.7660283 0 0.3419532 -0.9397171 8.70431e-6 0.6428192 -0.766018 0.1574971 0.6347584 -0.7564896 0.1574222 0.3377004 -0.9279961 1 6.1267e-5 0 1 -1.08389e-5 0 0 -4.69606e-7 -1 0 -0.341989 -0.9397041 0 -0.3419786 -0.9397078 0 -5.15362e-7 -1 0 -1.26192e-6 -1 0 -0.3420284 -0.9396896 0 -0.3419316 -0.9397249 -8.46209e-6 -0.6428021 -0.7660323 8.42214e-6 -0.642798 -0.7660358 8.42439e-6 -0.6428322 -0.7660071 -8.46208e-6 -0.6427989 -0.7660351 0 -0.8660398 -0.4999753 8.58208e-6 -0.6427991 -0.7660349 -8.54158e-6 -0.6427991 -0.7660349 0 -0.8660227 -0.5000048 -8.54157e-6 -0.6428017 -0.7660326 0 -0.8660522 -0.4999536 0 -0.8660541 -0.4999504 8.57983e-6 -0.6428308 -0.7660083 0 -0.9848333 -0.1735036 0 -0.9848333 -0.1735035 0 -0.9848334 -0.173503 0 -0.984832 -0.1735108 0 -0.9848093 0.1736396 0 -0.9848095 0.1736387 -1.13301e-6 -0.9848157 0.173603 0 -0.9848065 0.1736553 0 -0.8660198 0.5000098 0 -0.8660103 0.5000263 2.14637e-6 -0.8660393 0.4999762 0 -0.866017 0.5000148 8.97159e-6 -0.6428067 0.7660284 -9.01413e-6 -0.642804 0.7660308 8.97157e-6 -0.6428109 0.7660249 -9.01412e-6 -0.6428079 0.7660275 0 -0.3420047 0.9396982 9.04804e-6 -0.6428017 0.7660327 -9.00757e-6 -0.6428304 0.7660085 0 -0.342 0.9397 -9.00755e-6 -0.6428258 0.7660125 -2.8675e-6 -0.3420131 0.9396952 0 -0.342015 0.9396945 9.05028e-6 -0.6428306 0.7660084 0 4.72014e-7 1 0 -9.44028e-7 1 0 -2.18668e-6 1 0 0 1 2.86382e-6 0.342005 0.9396982 0 0.3420049 0.9396982 0 0.341967 0.939712 2.8675e-6 0.3420138 0.939695 -9.05027e-6 0.6428286 0.7660102 9.00756e-6 0.6428281 0.7660105 9.00755e-6 0.6428261 0.7660121 -9.05027e-6 0.642828 0.7660105 0 0.8660197 0.5000098 9.0141e-6 0.6428111 0.7660247 -8.97158e-6 0.6428084 0.766027 0 0.8660101 0.5000265 9.01411e-6 0.6428093 0.7660263 -8.97155e-6 0.6428169 0.7660199 0 0.8660178 0.5000133 0 0.8660103 0.5000262 0 0.9848093 0.1736395 8.9246e-7 0.9848085 0.1736437 0 0.9848161 0.1736012 8.1726e-7 0.9848166 0.1735978 0 0.9848331 -0.1735051 0 0.9848321 -0.1735099 0 0.9848333 -0.1735042 0 0.9848339 -0.1735003 0 0.8660463 -0.4999638 0 0.8660438 -0.4999684 0 0.8660503 -0.4999571 0 0.8660292 -0.4999936 8.54158e-6 0.6427991 -0.7660349 -8.58208e-6 0.6427991 -0.7660349 8.54158e-6 0.6427993 -0.7660347 -8.58205e-6 0.6428068 -0.7660284 0 0.3418876 -0.9397409 8.46209e-6 0.6428021 -0.7660323 -8.42214e-6 0.642798 -0.7660358 0 0.3419344 -0.9397239 8.46433e-6 0.6428322 -0.7660071 -8.42215e-6 0.6427989 -0.7660351 -4.63275e-7 0.3419314 -0.9397251 0 0.3419316 -0.9397249 1 -2.8533e-6 0 1 -8.7644e-6 0 1 5.62936e-6 0 1 8.73988e-6 0 1 -1.15319e-5 0 1 -8.70405e-6 0 1 6.50477e-6 0 1 -2.85963e-6 0 1 8.65531e-6 0 1 -2.82014e-6 0 1 5.68143e-6 0 1 -8.65531e-6 0 1 2.85956e-6 0 1 -6.50488e-6 0 1 8.69406e-6 0 1 -8.73988e-6 0 1 1.15319e-5 0 1 8.76455e-6 0 0.9841397 -0.06069844 -0.1666882 0.9841428 3.44694e-7 -0.1773784 1 -7.1742e-7 0 1 -3.33124e-6 0 1 5.535e-6 0 0.9841397 0.06069868 -0.1666876 0.9841375 0.1142127 -0.1357535 1 1.72629e-6 0 1 -2.59582e-6 0 0.9841339 0.1536438 -0.08873587 0.9841336 0.1747351 -0.03080058 1 -3.28538e-6 0 0.9841486 0.1746488 0.03081041 1 -1.04341e-5 0 0.9841543 0.1535631 0.08864945 1 1.67947e-6 0 0.984138 0.1140448 0.1358903 1 -1.06663e-6 0 1 -4.06799e-7 0 0.9841234 0.06073063 0.1667721 0.9841623 2.61471e-7 0.1772699 1 2.16421e-6 0 0.9841244 -0.06072872 0.1667671 1 1.42214e-6 0 0.9841382 -0.1140424 0.135891 0.9841553 -0.1535595 0.08864504 1 1.56784e-6 0 1 5.62136e-6 0 0.9841383 -0.1747092 0.03080087 0.9841352 -0.1747268 -0.03080064 0.9841151 -0.1537567 -0.08874988 1 2.97497e-6 0 0.9841405 -0.1140023 -0.1359087 1 -6.52578e-6 0 1 6.78408e-6 0 1 6.65212e-6 0 1 -6.74873e-6 0 1 3.34955e-6 0 1 2.71201e-5 0 1 -1.35604e-5 0 1 -3.32522e-6 0 1 -6.78426e-6 0 1 6.6981e-6 0 1 -6.65247e-6 0 1 6.74855e-6 0 1 1.66117e-6 0 1 6.58831e-6 0 1 -6.71384e-6 0 1 5.03525e-6 0 0 0.3420447 0.9396837 -1.63201e-6 0.3419978 0.9397008 0 2.34081e-6 1 0 5.00915e-7 1 0 0.642833 0.7660065 0 0.6428266 0.7660118 0 0.8660198 0.50001 0 0.8660144 0.5000193 0 0.6428219 0.7660157 0 0.6428219 0.7660157 -1.87101e-7 0.9848162 0.1736004 0 0.9848091 0.1736409 0 0.9848174 -0.1735939 -1.68507e-6 0.9848117 -0.1736261 0 0.8660198 -0.50001 0 0.8660144 -0.5000193 0 0.6428219 -0.7660157 0 0.6428219 -0.7660157 0 0.642833 -0.7660065 -1.29888e-7 0.3419863 -0.939705 0 0.342012 -0.9396957 0 0.6428266 -0.7660118 0 5.10546e-7 -1 0 2.35044e-6 -1 -1.66165e-6 -0.3419874 -0.9397047 0 -0.341993 -0.9397026 0 -0.6428282 -0.7660104 0 -0.6427978 -0.7660359 0 -0.8660181 -0.5000128 0 -0.866026 -0.4999991 0 -0.6428312 -0.7660079 0 -0.6428073 -0.7660279 0 -0.9848134 -0.1736162 0 -0.9848174 -0.1735939 1.85117e-7 -0.9848108 0.173631 0 -0.9848162 0.1736004 0 -0.8660181 0.5000128 0 -0.866026 0.4999991 0 -0.6428312 0.7660079 0 -0.6428073 0.7660279 1.33634e-6 -0.3420009 0.9396997 0 -0.3420378 0.9396862 0 -0.6428282 0.7660104 0 -0.6427978 0.7660359 0.3161786 -1.65557e-7 -0.9486997 0.3162149 -0.3244877 -0.8914684 0.3161752 0.3244927 -0.8914807 0.3162145 0.6098273 -0.726718 0.3162024 0.821626 -0.4742857 0.3162118 0.6098138 -0.7267307 0.3162004 0.9342872 -0.164696 0.3162105 0.9342849 0.1646896 0.3162218 0.8216071 0.4743053 0.3161985 0.6098207 0.7267306 0.316202 0.3245097 0.891465 0.31621 0.6098304 0.7267174 0.3162207 -5.29716e-7 0.9486858 0.3162049 -0.3245144 0.8914623 0.3162096 -0.6098202 0.7267261 0.316221 -0.8216079 0.4743045 0.3162074 -0.6098338 0.7267157 0.316214 -0.9342828 0.1646953 0.3161749 -0.9342935 -0.1647096 0.3162052 -0.8216198 -0.4742947 0.3162019 -0.6098201 -0.7267295 0.3162201 -0.6098041 -0.7267351 0.9486771 -0.1081882 -0.2971655 0.9486757 0 -0.3162508 0.9486622 0.1082029 -0.2972075 0.9486573 0.2032502 -0.2423605 0.9486973 0.2738176 -0.1581059 0.9486994 0.3113809 -0.05487698 0.9487068 0.3113614 0.05485969 0.9487123 0.2737756 0.1580883 0.9486905 0.2033213 0.2421708 0.9487169 0.1080928 0.2970729 0.9486042 0 0.3164653 0.948704 -0.1081028 0.2971101 0.9486881 -0.2032859 0.2422103 0.9487157 -0.2737667 0.1580837 0.9487032 -0.3113707 0.05486983 0.9487016 -0.3113754 -0.05486941 0.9486696 -0.2739149 -0.1581032 0.9486626 -0.2032763 -0.2423177 0 -1 0 0 1 0 0 1 0 0 -1 0 1 -8.24145e-5 0 1 0 0 1 -7.18727e-7 0 1 -5.30691e-5 0 0 -0.9999953 -0.003068029 -1 2.1269e-4 0 -1 -2.26128e-7 0 -1 -4.6782e-5 0 -1 -9.72805e-6 0 -1 3.16419e-6 0 -1 7.27421e-6 0 0 -0.9974813 -0.07093101 0 -0.9974806 -0.07094073 0 -0.9974812 0.07093191 0 -0.9974808 0.07093805 1 -2.4253e-6 0 1 1.29565e-6 0 1 5.91892e-7 0 1 1.38751e-6 0 1 1.22881e-5 0 0 -1 -1.49012e-7 0 1 0 1 9.26595e-7 0 -1 -7.56404e-7 0 0 1.51281e-6 -1 0 1.51281e-6 -1 0 -0.3345465 0.9423792 -1.26493e-6 -0.3345441 0.9423801 0 -0.07092893 0.9974815 0 -0.07092142 0.997482 0 -0.07093107 -0.9974813 1.20444e-7 -0.07094085 -0.9974806 0 -0.3345577 -0.9423754 1.05763e-6 -0.3345537 -0.9423768 1.20775e-5 -0.7071012 0.7071124 -1.20205e-5 -0.7071016 0.707112 1.20205e-5 -0.7071272 0.7070865 5.19145e-7 -0.9423657 0.3345847 0 -0.9423623 0.3345944 -1.20775e-5 -0.7071201 0.7070936 -1.20775e-5 -0.7071077 -0.7071059 1.20205e-5 -0.707104 -0.7071096 -1.20205e-5 -0.7071137 -0.7071 0 -0.9423783 -0.3345495 0 -0.9423755 -0.3345572 1.20776e-5 -0.7071042 -0.7071093 0 1 1.48418e-7 0 1 0 0 -0.9870874 0.1601833 0 -0.9870808 -0.1602237 0 -0.987088 -0.1601788 0 -0.98708 0.1602281 1 1.45527e-5 0 1 1.51281e-6 0 -1 -1.37067e-5 0 -1 1.19443e-4 0 -1 1.45484e-5 0 -0.1601668 0 -0.9870901 -0.1601901 0 -0.9870862 0 1 0 3.58411e-7 1 0 -3.56815e-7 1 2.32355e-7 0 1 0 0 1 1.33046e-7 0 1 0 -0.1600894 0 0.9871025 -0.1602599 0 0.9870749 0 -1 -8.73159e-5 1.19441e-7 -1 0 0 -1 0 0 -1 -1.49011e-7 0 -1 3.18957e-6 0 -0.316209 0.9486896 0 -0.316209 0.9486896 0 -0.1601725 0.9870891 0 -0.1601725 0.987089 0 -0.1601725 -0.987089 0 -0.316209 -0.9486896 0 -0.316209 -0.9486896 0 -0.1601725 -0.987089 -0.948678 0 -0.3162437 -0.9486816 0 -0.316233 -0.948677 0 -0.3162469 -0.9486851 0 0.3162227 -0.9486939 0 0.3161959 -0.9486554 0 0.3163115 -0.9486465 0 0.3163383 0 -0.9486607 0.3162955 0 -0.9486892 0.3162101 0 -0.9486637 -0.3162866 0 -0.9486922 -0.3162013 -0.3162084 0 -0.9486898 -0.3162533 0 -0.9486749 -0.3161252 0 0.9487175 -0.3164529 0 0.9486082 1 0 -3.56419e-7 0.9396985 0 0.3420041 0.9397008 1.54941e-6 0.3419979 1 0 -1.99402e-6 0.7659955 -8.76992e-6 0.642846 0.7660318 6.12929e-5 0.6428029 0.7660268 8.72692e-6 0.6428087 0.7660228 -8.68573e-6 0.6428135 0.4999673 1.00755e-6 0.8660444 0.4999663 0 0.8660449 0.1737425 0 0.9847911 0.1736873 0 0.9848009 -0.1736834 0 0.9848016 -0.1736893 0 0.9848005 -0.4999585 0 0.8660494 -0.5000109 0 0.8660191 -0.7660287 -8.72693e-6 0.6428065 -0.7660635 8.68802e-6 0.6427649 -0.7660315 8.76766e-6 0.6428031 -0.7659953 -8.72856e-6 0.6428462 -0.9396985 0 0.3420041 -0.9397008 0 0.3419979 -1 0 -2.84172e-6 -1 0 -2.85617e-6 -0.93961 0 -0.3422473 -0.9396137 0 -0.3422372 -0.7660162 -8.32161e-6 -0.6428213 -0.7660282 8.28229e-6 -0.6428071 -0.7660106 8.03138e-6 -0.6428281 -0.7660018 -7.99345e-6 -0.6428385 -0.5000655 0 -0.8659876 -0.5000242 0 -0.8660115 -0.17369 0 -0.9848005 -0.1737891 -5.15185e-7 -0.9847829 0.1736873 -6.93895e-7 -0.9848009 0.1737425 0 -0.9847911 0.5000198 -1.60713e-6 -0.866014 0.500023 0 -0.8660122 0.7660125 -8.03139e-6 -0.6428258 0.7660426 8.02248e-5 -0.6427899 0.9396128 0 -0.3422395 0.7660284 8.32155e-6 -0.6428069 0.7660165 -5.81747e-5 -0.642821 0.9396097 0 -0.3422481 0 -1 -5.73493e-5 0 -1 5.62398e-5 0 -1 1.4625e-5 0 -1 5.73493e-5 0 -1 -4.47579e-6 0 -1 -6.71366e-6 0 -1 2.71359e-5 0 -1 -4.457e-6 0 -1 1.78619e-5 0 -1 -8.7794e-6 0 -1 -1.34273e-5 0 -1 6.71375e-6 0 -1 -1.78688e-5 0 -1 -2.75539e-5 0 -1 -2.69324e-5 0 -1 1.80002e-5 0.8660255 3.84727e-7 0.4999998 0.8660005 0 0.5000431 0.8660131 0 0.5000213 0.8660383 -3.86548e-7 0.4999779 0.6427916 0 0.7660411 0.6427896 -1.97879e-7 0.7660428 0.6427906 1.97604e-6 0.7660419 0.6427927 0 0.7660403 -0.3417537 0 0.9397897 -0.6428283 0 0.7660104 -0.6428661 0 0.7659786 -0.6428641 1.93277e-7 0.7659803 -0.642863 -1.92365e-7 0.7659812 -0.8660255 3.86551e-7 0.4999998 -0.8660383 -3.84724e-7 0.4999779 -0.8660131 0 0.5000213 -0.8660005 0 0.5000431 -0.8660283 0 -0.4999951 -0.8660142 0 -0.5000196 -0.8660187 -3.86553e-7 -0.5000118 -0.8660088 2.70233e-6 -0.5000289 -0.6428273 0 -0.7660112 -0.642863 0 -0.7659812 -0.6428283 -1.95578e-7 -0.7660104 -0.6427927 1.96945e-7 -0.7660403 -0.3417244 0 -0.9398002 -0.3417617 0 -0.9397867 0.3417244 0 -0.9398002 0.3417617 0 -0.9397867 0.6427852 0 -0.7660466 0.6427727 0 -0.766057 0.6427971 1.97878e-7 -0.7660365 0.6428096 -1.96944e-7 -0.7660261 0.8660283 3.8655e-7 -0.499995 0.8660383 -2.70228e-6 -0.4999779 0.8660187 0 -0.5000118 0.8659849 0 -0.5000703 0.9397166 0 0.3419543 0.939705 0 0.3419862 1 0 4.61459e-6 1 0 5.76319e-5 0.7659993 -8.32166e-6 0.6428416 0.7660112 8.28235e-6 0.6428273 0.7660319 8.72695e-6 0.6428027 0.5000072 0 0.8660213 0.4999685 0 0.8660437 0.1736363 0 0.9848099 0.1736364 7.18677e-7 0.9848099 -0.1736325 5.74629e-7 0.9848105 -0.1736341 0 0.9848102 -0.4999607 0 0.8660481 -0.5000061 0 0.866022 -0.7660336 -8.72696e-6 0.6428005 -0.7660327 8.68577e-6 0.6428016 -0.7660109 8.32163e-6 0.6428276 -0.765999 -8.28241e-6 0.6428418 -0.9397166 0 0.3419543 -0.939705 0 0.3419862 -1 0 7.87422e-6 -1 -6.11431e-7 -5.43146e-5 -0.9396116 0 -0.3422427 -0.9396148 0 -0.342234 -0.7660192 -8.32161e-6 -0.6428177 -0.7660279 8.28231e-6 -0.6428073 -0.5000094 0 -0.8660201 -0.7660514 8.72916e-6 -0.6427793 -0.7660264 -8.68574e-6 -0.6428091 -0.4999957 -2.55811e-7 -0.866028 -0.173641 0 -0.9848091 -0.1736978 -5.54815e-7 -0.984799 0.1736935 0 -0.9847998 0.4999659 0 -0.8660451 0.5000029 -1.02731e-6 -0.8660237 0.7660265 -8.72692e-6 -0.6428091 0.7660514 8.68797e-6 -0.6427793 0.7660169 8.32161e-6 -0.6428204 0.7660146 -8.28235e-6 -0.6428232 0.9396145 0 -0.342235 0.9396149 0 -0.3422338 0 -1 5.6243e-5 0 -1 -1.0123e-5 0 -1 6.41396e-5 0 -1 1.75193e-5 0 -1 2.7137e-5 0 -1 2.71369e-5 0 -1 -8.91051e-6 0 -1 1.75586e-5 0 -1 6.71384e-6 0 -1 -1.34275e-5 0 -1 -1.78619e-5 0 -1 -1.33708e-5 0 -1 -4.47748e-6 0 -1 -6.848e-6 0 -1 -2.65331e-5 0 -1 1.78209e-5 0 -1 -2.77012e-5 0.8660215 0 0.500007 0.8660226 -3.88848e-7 0.500005 0.8660339 3.84726e-7 0.4999853 0.8660089 0 0.5000287 0.6428074 0 0.7660279 0.6428063 0 0.7660288 0.6427717 -1.9788e-7 0.766058 0.6427727 1.96946e-7 0.766057 -0.6428387 0 0.7660017 -0.6428261 0 0.7660122 -0.6428506 1.93278e-7 0.7659917 -0.642863 -1.92365e-7 0.7659812 -0.8660215 0 0.500007 -0.8660089 0 0.5000287 -0.8660339 3.8655e-7 0.4999853 -0.8660226 -3.87013e-7 0.500005 -0.9848405 0 -0.173463 -0.9848405 0 -0.173463 -0.9848404 0 -0.173463 -0.8660018 -3.13737e-7 -0.5000411 -0.8660396 0 -0.4999755 -0.8660084 0 -0.5000295 -0.8659945 3.15223e-7 -0.5000536 -0.6428197 -1.25156e-6 -0.7660177 -0.6428204 1.24566e-6 -0.766017 -0.6428189 0 -0.7660183 -0.6428182 0 -0.7660189 -0.3420157 -1.30517e-6 -0.9396943 -0.3420236 0 -0.9396915 -0.3419973 0 -0.9397009 0.6428254 1.25156e-6 -0.7660128 0.6428376 -1.24565e-6 -0.7660027 0.6428132 0 -0.766023 0.6428012 0 -0.7660331 0.8659991 0 -0.5000458 0.8660245 -3.15229e-7 -0.5000017 0.8660113 3.13739e-7 -0.5000246 0.8660098 0 -0.5000271 0.9848405 3.86696e-7 -0.173463 0.9848405 0 -0.173463 0.9848404 0 -0.173463 1 0 -4.06255e-6 1 0 -5.58897e-5 0.9396172 0 0.3422277 0.9397394 0 0.3418918 0.76602 -8.32159e-6 0.6428168 0.7660136 8.28235e-6 0.6428245 0.7660039 -7.99348e-6 0.642836 0.4999924 0 0.8660297 0.4999815 0 0.8660361 0.7660213 8.0336e-6 0.6428154 0.1736119 0 0.9848142 0.1736152 2.88214e-6 0.9848136 -0.1736091 0 0.9848147 -0.1736077 2.59708e-6 0.984815 -0.5000244 0 0.8660113 -0.4999914 -1.67446e-6 0.8660303 -0.7660039 -8.03138e-6 0.642836 -0.7660213 7.99569e-6 0.6428154 -0.7660226 -8.28233e-6 0.6428138 -0.9397784 0 0.3417844 -0.9396167 0 0.3422288 -0.7660134 8.32163e-6 0.6428247 -1 0 -7.4862e-6 -1 0 5.62313e-5 -0.9397024 0 -0.3419936 -0.9396992 0 -0.3420024 -0.7660167 -8.32159e-6 -0.6428209 -0.7660138 8.28234e-6 -0.6428242 -0.7660408 -6.10086e-5 -0.642792 -0.4999495 0 -0.8660546 -0.4999963 0 -0.8660275 -0.7660467 8.72698e-6 -0.6427851 -0.1737232 5.3611e-7 -0.9847946 -0.1736816 0 -0.9848019 0.173622 -8.64157e-7 -0.9848124 0.1736778 0 -0.9848026 0.4999918 0 -0.8660302 0.5000051 0 -0.8660225 0.7660408 -8.72696e-6 -0.642792 0.7660465 6.10087e-5 -0.6427851 0.7660141 -8.28232e-6 -0.6428239 0.9397006 0 -0.3419982 0.9396982 0 -0.3420051 0.7660139 8.32159e-6 -0.6428239 0 -1 -2.18522e-5 0 -1 4.342e-5 0 -1 -9.84446e-5 0 -1 -1.44084e-5 0 -1 -6.23801e-5 0 -1 1.39837e-5 0 -1 2.6855e-5 0 -1 1.75987e-5 0 -1 1.8042e-5 0 -1 -1.79094e-5 0 -1 2.69638e-5 0 -1 1.32666e-5 0 -1 -1.78961e-5 0 -1 8.95159e-6 0 -1 -1.7519e-5 0 -1 8.85975e-6 0 -1 -2.71363e-5 0 -1 1.79101e-5 0 -1 8.91059e-6 0 -1 8.75956e-6 0.9847801 0 0.173805 0.9847856 0 0.1737738 0.8660039 0 0.5000373 0.8660159 0 0.5000165 0.866015 3.15228e-7 0.500018 0.866051 -3.16032e-7 0.4999557 0.6427695 0 0.7660597 0.6427837 -1.25386e-6 0.7660478 0.6427764 1.24795e-6 0.7660539 0.6427256 0 0.7660965 0.3419775 -1.30289e-6 0.9397082 0.3420037 0 0.9396986 0.3419906 0 0.9397035 0.3420092 1.31136e-6 0.9396967 -0.3419905 0 0.9397034 -0.3420037 0 0.9396986 -0.3420226 -1.31137e-6 0.9396918 -0.3420092 1.30518e-6 0.9396967 -0.6428005 0 0.7660336 -0.6428376 1.25155e-6 0.7660027 -0.6428189 -1.24566e-6 0.7660182 -0.6427822 0 0.766049 -0.8660039 0 0.5000373 -0.866051 -3.17531e-7 0.4999557 -0.866015 3.1374e-7 0.500018 -0.8660159 0 0.5000165 -0.9848399 3.86696e-7 0.1734664 -0.9848399 0 0.1734664 -0.9848398 0 0.1734664 -0.9847842 0 0.1737819 -0.8660235 0 -0.5000033 -0.8660235 0 -0.5000033 -0.8660235 -3.86553e-7 -0.5000033 -0.8660235 3.84729e-7 -0.5000034 -0.6428076 -1.9558e-7 -0.7660278 -0.6427863 1.94659e-7 -0.7660456 -0.6428281 0 -0.7660106 -0.6428861 0 -0.765962 -0.3417537 0 -0.9397897 0.6427709 -1.96947e-7 -0.7660585 0.6428126 0 -0.7660235 0.6427913 0 -0.7660413 0.6427495 1.97882e-7 -0.7660764 0.8660235 -2.70232e-6 -0.5000033 0.8660235 0 -0.5000033 0.8660235 0 -0.5000033 0.8660235 3.86553e-7 -0.5000034 1 0 3.32337e-6 0.9396153 0 0.3422328 0.939617 0 0.3422279 1 0 -1.62797e-6 0.7660136 -8.32162e-6 0.6428245 0.76602 8.28233e-6 0.6428168 0.5000293 0 0.8660085 0.5000177 0 0.8660152 0.1737017 0 0.9847983 0.1737495 0 0.98479 -0.1736446 5.74647e-7 0.9848085 -0.173694 0 0.9847998 -0.5000199 0 0.866014 -0.5000222 0 0.8660126 -0.7660004 -8.03137e-6 0.6428403 -0.7660058 7.99349e-6 0.6428338 -0.7660226 -5.81747e-5 0.6428138 -0.9396186 0 0.3422237 -0.9396153 0 0.3422326 -1 0 -4.96097e-6 -1 0 0 -0.9396139 0 -0.3422365 -0.9396123 0 -0.3422409 -0.7660357 -8.32155e-6 -0.6427981 -0.7660266 8.28231e-6 -0.6428089 -0.7660084 -7.9935e-6 -0.6428307 -0.5000578 0 -0.8659921 -0.5000149 2.23071e-6 -0.8660168 -0.7660446 8.03368e-6 -0.6427875 -0.1736978 0 -0.984799 -0.1736453 0 -0.9848083 0.1735444 0 -0.9848262 0.1735922 0 -0.9848176 0.5000206 0 -0.8660137 0.500054 0 -0.8659943 0.7660238 -8.03145e-6 -0.6428123 0.7660102 7.99351e-6 -0.6428284 0.7660228 -8.28231e-6 -0.6428135 0.9396122 0 -0.3422414 0.9396122 0 -0.3422411 0.7660292 8.32156e-6 -0.6428059 0 -1 -5.7346e-5 0 -1 6.23801e-5 0 -1 -1.12476e-4 0 -1 -1.46233e-5 0 -1 1.39841e-5 0 -1 2.75543e-5 0 -1 1.78692e-5 0 -1 -1.79099e-5 0 -1 1.32438e-5 0 -1 1.3777e-5 0 -1 -8.95175e-6 0 -1 8.91385e-6 0 -1 -2.65795e-5 0 -1 -1.3696e-5 0 -1 8.95496e-6 0 -1 -1.78279e-5 0 -1 -1.37771e-5 0 -1 -1.79035e-5 0.9847842 0 0.1737819 0.8660235 3.84729e-7 0.5000033 0.8660235 0 0.5000033 0.8660235 -3.86553e-7 0.5000034 0.6427919 0 0.7660409 0.6428104 -1.97877e-7 0.7660255 0.6428296 1.96942e-7 0.7660092 0.3416739 0 0.9398186 -0.3416739 0 0.9398186 -0.6428838 -1.92363e-7 0.7659639 -0.6428286 0 0.7660101 -0.642903 1.93274e-7 0.7659476 -0.8660235 0 0.5000033 -0.8660235 3.86553e-7 0.5000033 -0.8660235 -3.84729e-7 0.5000034 -0.9847842 0 -0.1737819 -0.9847815 0 -0.1737968 -0.6428415 0 -0.7659993 -0.6428709 -1.93277e-7 -0.7659747 -0.642863 1.92365e-7 -0.7659812 -0.3416951 0 -0.9398109 0.3416739 0 -0.9398186 0.6427974 -1.96945e-7 -0.7660363 0.6428048 0 -0.76603 0.6427896 1.97879e-7 -0.7660428 0.8660235 -3.84729e-7 -0.5000033 0.9847842 0 -0.1737819 0.9847815 0 -0.1737968 1 0 -4.66536e-5 0.9397203 0 0.3419442 0.9396857 7.06814e-7 0.3420396 1 0 7.92369e-6 0.7660272 -6.10085e-5 0.6428082 0.4999542 0 0.8660519 0.5000085 0 0.8660205 0.766023 8.72693e-6 0.6428132 0.1736595 0 0.9848058 0.1736735 0 0.9848033 -0.1736196 -5.74646e-7 0.9848128 -0.1736517 0 0.9848071 -0.4999662 0 0.866045 -0.4999471 0 0.8660559 -0.766033 -8.72697e-6 0.6428013 -0.766029 8.68578e-6 0.6428061 -0.9397048 0 0.3419868 -0.9397204 0 0.341944 -1 -6.5306e-7 5.62614e-5 -1 0 1.6141e-6 -0.9397404 -1.73373e-7 -0.3418892 -0.939737 0 -0.3418982 -0.4999651 -4.17404e-7 -0.8660456 -0.5000048 0 -0.8660227 -0.1736114 2.88213e-6 -0.9848142 -0.1736009 0 -0.9848161 0.1736018 0 -0.984816 0.173557 5.44233e-6 -0.9848239 0.5000101 0 -0.8660196 0.4999611 0 -0.8660478 0.9397369 0 -0.3418986 0.9397386 3.32895e-7 -0.3418937 0 -1 -1.46259e-5 0 -1 -6.36347e-5 0 -1 1.41667e-5 0 -1 1.78689e-5 0 -1 1.35681e-5 0 -1 -8.95151e-6 0 -1 -2.65329e-5 0 -1 8.94486e-6 0 -1 -2.69633e-5 0 -1 -1.36964e-5 0 -1 8.9552e-6 0 -1 -1.789e-5 0 -1 -1.32666e-5 0.8660291 2.70231e-6 0.4999938 0.8660401 0 0.4999746 0.8660345 0 0.4999842 0.6427783 0 0.7660522 0.6427839 -1.9788e-7 0.7660477 0.6427896 1.96945e-7 0.7660428 -0.6428206 -1.94656e-7 0.7660169 -0.6428151 0 0.7660214 -0.6428263 1.95578e-7 0.7660121 -0.8660345 0 0.4999842 -0.8660401 0 0.4999746 -0.8660291 3.86551e-7 0.4999938 -0.9847801 0 -0.173805 -0.9847856 0 -0.1737738 -0.8659979 3.15224e-7 -0.5000476 -0.866016 -3.16025e-7 -0.5000166 -0.8660034 0 -0.500038 -0.8660334 0 -0.4999861 -0.6428005 0 -0.7660336 -0.6427822 0 -0.766049 -0.6428189 -1.25156e-6 -0.7660182 -0.3420557 1.31137e-6 -0.9396798 -0.3420491 -1.30518e-6 -0.9396821 -0.3420171 0 -0.9396938 -0.3420237 0 -0.9396914 0.3420105 0 -0.9396962 0.342004 0 -0.9396985 0.3420174 -1.30907e-6 -0.9396937 0.3420691 1.30519e-6 -0.9396748 0.6427823 -1.24795e-6 -0.766049 0.6427454 0 -0.7660799 0.6427638 0 -0.7660645 0.6428009 1.25385e-6 -0.7660335 0.8660034 0 -0.500038 0.866016 -3.17524e-7 -0.5000166 0.8659979 3.13736e-7 -0.5000476 0.8660334 0 -0.4999861 0.9847801 0 -0.173805 0.9847856 0 -0.1737738 1 0 -4.30302e-5 0.9396132 0 0.3422384 0.9396187 0 0.3422235 1 0 -1.21223e-6 0.7660064 -8.32168e-6 0.642833 0.7660219 8.28235e-6 0.6428145 0.7660334 -8.6858e-6 0.6428008 0.499947 -1.28337e-6 0.866056 0.5000081 0 0.8660208 0.766088 8.72933e-6 0.6427357 0.173694 0 0.9847998 0.1736955 5.54832e-7 0.9847995 -0.1736962 5.54832e-7 0.9847993 -0.1736469 0 0.984808 -0.4999611 0 0.8660479 -0.4999527 1.0076e-6 0.8660528 -0.7660473 -8.72703e-6 0.6427844 -0.7660316 8.68579e-6 0.642803 -0.7660297 -8.28233e-6 0.6428052 -0.9396188 0 0.342223 -0.9396155 0 0.3422319 -0.7660198 8.32164e-6 0.6428171 -1 0 2.14879e-6 -1 7.81386e-7 6.35164e-5 -0.9397154 0 -0.3419576 -0.939701 4.8219e-7 -0.3419975 -0.7660138 -8.32161e-6 -0.6428242 -0.7660167 8.28232e-6 -0.6428209 -0.7660334 -8.6858e-6 -0.6428008 -0.4999469 -9.07943e-7 -0.866056 -0.4999635 0 -0.8660466 -0.7660572 8.72707e-6 -0.6427724 -0.1736431 0 -0.9848088 -0.1736446 5.74647e-7 -0.9848085 0.1736453 5.74647e-7 -0.9848083 0.1736469 0 -0.984808 0.5000058 0 -0.8660221 0.4999527 0 -0.8660528 0.7660473 -8.72703e-6 -0.6427844 0.7660316 8.68579e-6 -0.642803 0.7660113 -8.28233e-6 -0.6428272 0.9397154 -6.4447e-7 -0.3419578 0.9397321 0 -0.3419119 0.7660448 8.31933e-6 -0.6427873 0 -1 -6.41375e-5 0 -1 -6.36416e-5 0 -1 -4.92174e-5 0 -1 -2.88184e-5 0 -1 6.23823e-5 0 -1 4.476e-6 0 -1 3.35706e-6 0 -1 -8.94799e-6 0 -1 9.1488e-6 0 -1 -1.82117e-5 0 -1 -6.65593e-6 0 -1 1.32667e-5 0 -1 8.91035e-6 0 -1 -2.68561e-5 0 -1 -4.38958e-6 0 -1 2.34164e-5 0 -1 -8.85975e-6 0 -1 -4.4568e-6 0 -1 1.32896e-5 0 -1 6.84791e-6 0 -1 4.47736e-6 0 -1 -1.35686e-5 0 -1 1.77193e-5 0.9847815 0 0.1737968 0.8660142 0 0.5000195 0.8659945 3.15221e-7 0.5000537 0.8660048 -3.13736e-7 0.500036 0.8660483 0 0.4999603 0.6428189 0 0.7660183 0.6428555 0 0.7659875 0.6427453 -1.25616e-6 0.76608 0.6427081 1.25026e-6 0.7661113 0.3419574 0 0.9397155 0.3419894 1.31137e-6 0.9397038 0.3419961 -1.30518e-6 0.9397014 0.341919 0 0.9397295 -0.3419442 0 0.9397203 -0.3419442 0 0.9397203 -0.3419894 -1.31137e-6 0.9397038 -0.3419894 1.30518e-6 0.9397038 -0.6428188 -8.74944e-6 0.7660183 -0.6428923 0 0.7659567 -0.6428556 0 0.7659875 -0.6427816 1.25158e-6 0.7660496 -0.8660048 -3.15223e-7 0.500036 -0.8659945 3.13734e-7 0.5000537 -0.8660142 0 0.5000195 -0.8660483 0 0.4999603 -0.9847815 0 0.1737968 -0.9847801 0 0.173805 -0.8660229 0 -0.5000045 -0.8660216 0 -0.5000067 -0.8660241 -3.86553e-7 -0.5000023 -0.8660015 3.87018e-7 -0.5000416 -0.6429181 0 -0.765935 -0.6429198 0 -0.7659336 -0.6428446 -1.93277e-7 -0.7659967 -0.6428061 1.92368e-7 -0.766029 0.6427712 -1.96945e-7 -0.7660583 0.6428831 0 -0.7659645 0.6428447 0 -0.7659966 0.6427326 1.97882e-7 -0.7660905 0.8660241 -3.84728e-7 -0.5000023 0.8660216 0 -0.5000067 0.8660229 0 -0.5000045 0.8660015 3.88853e-7 -0.5000416 1 0 1.61833e-6 0.939608 0 0.3422525 0.9396135 0 0.3422376 1 0 -4.98023e-6 0.765976 -8.32174e-6 0.6428692 0.7659915 8.28242e-6 0.6428509 0.7660472 -7.99362e-6 0.6427843 0.5000002 0 0.8660253 0.5000011 0 0.8660248 0.766101 8.03386e-6 0.6427203 0.1736782 5.54833e-7 0.9848026 -0.1736789 -1.51636e-7 0.9848024 -0.5000436 0 0.8660003 -0.500006 0 0.866022 -0.7660601 -8.03155e-6 0.6427689 -0.7660455 7.99361e-6 0.6427865 -0.7659993 -8.3101e-5 0.6428415 -0.9397373 0 0.3418973 -0.9396104 0 0.3422461 -0.7659894 8.3217e-6 0.6428533 -1 0 -1.61833e-6 -1 0 4.98023e-6 -0.9396978 0 -0.3420061 -0.9396972 0 -0.3420079 -0.766017 -8.76987e-6 -0.6428205 -0.7660382 8.72627e-6 -0.6427951 -0.5000081 0 -0.8660208 -0.766088 8.72933e-6 -0.6427357 -0.173694 0 -0.9847998 -0.1736955 -5.54832e-7 -0.9847995 0.1736962 6.93917e-7 -0.9847993 0.1736978 0 -0.984799 0.4999611 0 -0.8660479 0.7660329 -8.72628e-6 -0.6428013 0.9396939 -3.90995e-6 -0.3420166 0.9396967 0 -0.3420089 0.7660478 8.76759e-6 -0.6427835 0 -1 -5.73427e-5 0 -1 -6.23823e-5 0 -1 -2.92466e-5 0 -1 4.47579e-6 0 -1 3.35683e-6 0 -1 -8.94839e-6 0 -1 8.92061e-6 0 -1 -1.78689e-5 0 -1 -6.62173e-6 0 -1 1.37777e-5 0 -1 9.00033e-6 0 -1 -4.47575e-6 0 -1 2.34978e-5 0 -1 -8.78603e-6 0 -1 1.7572e-5 0.8660339 3.84726e-7 0.4999854 0.8659683 0 0.500099 0.8660131 0 0.5000213 0.8660549 -3.86545e-7 0.499949 0.642808 0 0.7660274 0.6428464 0 0.7659952 0.6427712 -1.97879e-7 0.7660583 0.6426959 1.99238e-7 0.7661213 -0.6428079 -1.94655e-7 0.7660275 -0.6429198 0 0.7659336 -0.6428447 0 0.7659966 -0.6427326 1.97882e-7 0.7660905 -0.8660131 0 0.5000213 -0.8659683 0 0.500099 -0.8660339 3.8655e-7 0.4999854 -0.8660549 -2.70226e-6 0.499949 -0.9847856 0 0.1737738 -0.8660255 3.84728e-7 -0.5000001 -0.6428814 0 -0.7659658 -0.6428079 -1.95578e-7 -0.7660275 0.6428464 0 -0.7659952 0.642808 0 -0.7660274 0.8660255 3.86552e-7 -0.5000001 1 1.5502e-5 0 1 -1.31577e-5 0 1 2.17673e-6 0 1 6.87233e-7 0 -1 -4.09917e-7 0 1 -1.12596e-5 0 1 -7.11624e-7 0 0.1593959 0.9847298 0.07000106 0.1594248 0.9847248 -0.07000517 0 0.07084733 -0.9974873 0.1593599 0.06999152 -0.9847363 0.1593821 -0.06999737 -0.9847323 2.30046e-6 -0.07085919 -0.9974864 0 -0.9974855 -0.07087165 0.1593652 -0.9847346 -0.07000374 0.1593612 -0.9847346 0.07001364 0 -0.9974874 0.07084417 2.28044e-7 -0.07089185 0.997484 0.1594435 -0.07000303 0.984722 0.1594498 0.07000249 0.984721 0 0.07093787 0.9974808 0.1600328 0.9302144 -0.3302888 0 0.942367 -0.334581 0 0.9423611 0.334598 0.1598778 0.9302386 0.3302959 0.159928 -0.3303357 -0.9302158 0.1600094 -0.9302153 0.3302977 1.1977e-7 -0.9424043 0.3344761 0.1607043 0.697919 -0.6979135 1.16966e-5 0.7071032 -0.7071104 0.1600101 0.3303079 -0.9302116 0 0.3346318 -0.942349 1.15311e-5 0.7070904 -0.7071232 0.1606808 0.6978997 -0.6979382 1.20775e-5 0.7071105 0.707103 0.1607009 0.6979294 0.6979039 0 0.3346486 0.942343 0.1598874 0.3303083 0.9302325 0.1607105 0.6979309 0.6979002 1.20205e-5 0.7071049 0.7071087 0.160709 -0.6979257 -0.6979057 0.1599158 -0.9302262 -0.3303121 -5.99694e-7 -0.9423798 -0.334545 1.12002e-5 -0.7071196 -0.707094 0.1606953 -0.6978883 -0.6979463 0.1607162 -0.6978944 0.6979354 1.14789e-5 -0.7070879 0.7071256 0.1599951 -0.3302989 0.9302173 0 -0.3345829 0.9423664 1.17521e-5 -0.707116 0.7070976 0.160711 -0.6979395 0.6978915 0.9489253 0.3147046 -0.02240055 0.9489279 0.314697 -0.02239865 0.94893 0.3146905 0.02239984 0.9489238 0.3147091 0.02240002 0.9489144 -0.02240246 -0.3147374 0.9489247 0.0224002 -0.3147064 0.9489279 0.02239847 -0.3146972 0.9489253 -0.02240091 -0.3147047 0.9489227 -0.3147129 0.02239805 0.9489175 -0.3147281 -0.02240157 0.9489165 -0.3147311 -0.0224024 0.9489274 -0.3146986 0.02239662 -0.9329984 0.01776462 -0.3594421 -0.9393694 0.02621757 -0.3419032 -0.9331042 -0.01999151 -0.3590502 0.9489075 -0.02288603 0.3147237 0.9489246 -0.02240115 0.314707 0.9395748 0.0259779 0.3413569 0.3219758 0.8921718 0.3167986 0.3168827 0.9460811 0.06719988 0.3168534 0.06719571 -0.9460913 0.3220075 0.3167931 -0.8921622 0.321982 -0.3167978 0.8921697 0.3170111 -0.06719315 0.9460387 0.321987 -0.89217 -0.3167921 0.316877 -0.9460826 -0.06720727 0.3169496 0.06719875 0.9460588 0.3219783 0.31681 0.8921667 0.3249134 0.668755 0.6687287 0.3248999 0.6687474 0.6687428 0.3169081 0.9460726 -0.06720012 0.3219981 0.8921749 -0.3167668 0.3249195 0.6687458 -0.6687349 0.324908 0.6687417 -0.6687446 0.3220213 -0.8921592 0.3167875 0.3168942 -0.9460775 0.06719684 0.3250279 -0.6687061 0.668722 0.3250346 -0.6687298 0.668695 0.3168818 -0.06719887 -0.9460816 0.3219808 -0.3167882 -0.8921735 0.3250028 -0.6687327 -0.6687076 0.3250007 -0.6687079 -0.6687334 0.9505352 0.2927219 0.1039071 0.9505359 0.2927204 0.1039056 0.9505336 0.1039124 -0.2927255 0.9505367 0.1039086 -0.2927167 0.9505414 -0.1038991 0.2927047 0.9505337 -0.1039112 0.2927256 0.9505363 -0.292718 -0.1039081 0.9505373 -0.2927147 -0.1039084 0.9505355 0.1039086 0.2927203 0.9452778 0.06520247 0.3196853 0.9464393 0.02770996 0.3216904 0.9505341 0.1039113 0.292724 0.951468 0.21761 0.2176113 0.9514799 0.2175861 0.217583 0.9505341 0.2927259 -0.1039077 0.95054 0.292708 -0.1039037 0.9514811 0.2175858 -0.2175784 0.9514816 0.2175833 -0.2175784 0.9505297 -0.2927373 0.103914 0.9505304 -0.2927346 0.1039158 0.951469 -0.2176101 0.2176066 0.9514805 -0.2175893 0.2175775 0.9505468 -0.1038997 -0.2926875 0.9505463 -0.1038988 -0.2926892 0.9514738 -0.2175984 -0.2175977 0.9514799 -0.2175826 -0.2175866 0 -0.4997225 -0.8661857 0 -0.4997225 0.8661857 0 0.5000206 0.8660136 0 0.5000206 0.8660136 0 0.5000206 0.8660136 0 0.4997225 0.8661857 0 0.5000206 -0.8660136 0 0.5000206 -0.8660136 0 0.5000206 -0.8660136 0 0.4997225 -0.8661857 0.7559745 2.05422e-5 -0.654601 0.7558999 -0.5669544 -0.3273808 0.7559235 -0.5669424 -0.3273472 0.7559657 2.27075e-5 -0.6546113 0.7559394 -0.5669425 0.3273101 0.7559451 -0.5669286 0.3273212 0.7558822 5.56e-7 0.6547079 0.7558913 4.16767e-7 0.6546973 0.7559466 0.566926 0.327322 0.7559592 0.5669199 0.3273033 0.7559443 0.5669353 -0.3273115 0.7559367 0.56693 -0.3273379 0 -0.5001344 -0.8659479 1.60853e-7 -0.5001344 -0.8659479 0 -0.5001344 -0.8659479 0 0.5001344 -0.8659479 -1.60853e-7 0.5001344 -0.8659479 0 0.5001344 -0.8659479 0 0.4997267 -0.8661832 0.7559869 -0.5669402 -0.3272047 0.7558301 -2.40505e-5 -0.654768 0.7558531 -6.24843e-5 -0.6547412 0.7560192 -0.5669206 -0.3271636 0.7558748 4.91738e-6 0.6547162 0.7558817 -0.5670052 0.3273351 0.7558908 -0.5670022 0.3273189 0.7559075 -9.50694e-6 0.6546785 0.7558935 0.5670042 0.3273094 0.7558846 0.5670066 0.3273257 0.7558555 0.5670351 -0.3273433 0.7560101 -7.6592e-5 -0.6545601 0.7559802 -3.88026e-5 -0.6545945 0.7558367 0.5670555 -0.3273514 0 -0.5001419 -0.8659435 0 -0.5001419 -0.8659435 0 -0.5001419 -0.8659435 0 -0.4997299 0.8661813 0.7559336 -0.5669404 -0.3273273 0.7559278 -0.5669481 -0.3273273 0.7559252 2.78354e-5 -0.654658 0.7559226 1.11386e-5 -0.6546611 0.7559372 -0.5669373 0.3273242 0.7559511 -0.5669171 0.3273271 0.7559281 -7.75838e-6 0.6546548 0.7559271 -8.25711e-6 0.654656 0.7559087 0.5669609 -0.3273489 0.7558866 0.5669806 -0.3273661 0 -0.4997299 -0.8661813 0.7559515 -0.5669288 -0.3273059 0.7559823 -0.5668923 -0.3272978 0.7559085 -6.07967e-6 -0.6546773 0.7559391 -0.5669373 0.3273199 0.7559494 6.8605e-5 0.6546301 0.7559679 2.15955e-5 0.6546088 0.7559345 -0.5669348 0.3273348 0.7559686 0.5669257 0.3272719 0.7558991 -5.43147e-6 0.6546881 0.7559811 0.5669103 0.3272696 0.7559227 0.5669562 -0.3273252 0.7559459 0.5669359 0.3273063 0.7559451 0.5669379 0.3273046 0.7559043 -3.59491e-6 -0.6546822 0.7559689 0.566901 -0.3273141 0.7559691 0.5669067 -0.3273037 0 -2.6171e-6 -1 0 -1.57833e-4 -1 0 -0.3420656 -0.9396761 0 -0.342032 0.9396883 0 -0.341983 0.9397062 1.38541e-7 8.93301e-5 1 0 8.9344e-5 1 0 0.3419705 0.9397108 -8.39412e-6 0.6428348 0.7660049 8.3545e-6 0.6428338 0.7660058 -3.38971e-7 0.8660668 0.4999284 0 0.8660674 0.4999275 0 0.9848721 0.1732827 0 0.9848387 -0.1734728 0 0.8661636 -0.4997605 0 0.866163 -0.4997619 8.39412e-6 0.6428351 -0.7660046 -5.86817e-5 0.6428361 -0.7660038 0 0.3420166 -0.9396939 1 -9.38298e-6 0 1 -1.88947e-5 0 1 1.84713e-5 0 1 -1.8773e-5 0 1 9.68167e-6 0 1 -2.45209e-6 0 1 2.66974e-6 0 1 4.91987e-6 0 1 9.67904e-6 0 1 -9.71638e-6 0 1 -3.36454e-6 0 1 3.05228e-6 0 1 4.87957e-6 0 1 -7.97626e-6 0 1 7.2987e-6 0 1 -2.45683e-6 0 1 5.44627e-6 0 1 -4.91987e-6 0 1 -2.66974e-6 0 1 1.0635e-5 0 1 6.68008e-6 0 1 -7.25932e-6 0 1 5.31758e-6 0 1 -4.86588e-6 0 1 2.46429e-6 0 0 0.3422188 0.9396204 -1.87023e-7 0.3420904 0.9396671 0 -1.58663e-5 1 2.36694e-7 -1.58673e-5 1 0 0.866029 0.4999938 0 0.8660292 0.4999935 0 0.642825 0.7660132 0 0.6428233 0.7660146 0 0.9848166 0.1735979 0 0.9848166 0.1735987 0 0.984817 -0.173596 2.45389e-7 0.9848386 -0.1734738 0 0.8660274 -0.4999968 0 0.8660276 -0.4999962 0 0.6428278 -0.7660108 0 0.6428295 -0.7660093 0 0.3419694 -0.9397112 0 0.3420947 -0.9396655 0 -1.75576e-5 -1 0 -1.15743e-5 -1 1 1.78579e-6 0 1 -5.16134e-6 0 1 -3.57267e-6 0 1 -1.791e-6 0 1 -2.58242e-6 0 1 -1.78635e-6 0 1 5.13352e-6 0 1 1.78251e-6 0 1 2.55297e-6 0 1 -2.59669e-6 0 1 3.57269e-6 0 1 1.78634e-6 0 1 2.55828e-6 0 1 1.29971e-6 0 1 -1.79033e-6 0 0 0.3419293 0.9397258 0 0.3420545 0.9396802 0 1.40545e-5 1 0 1.39272e-5 1 0 0.6428049 0.76603 0 0.8660091 0.5000282 0 0.8660003 0.5000436 0 0.6428364 0.7660036 0 0.6428358 0.7660041 0 0.8660091 -0.5000282 -9.73767e-7 0.8660003 -0.5000436 0 0.6428363 -0.7660036 0 0.6428358 -0.7660041 0 0.642805 -0.76603 0 0.3419332 -0.9397244 0 0.3419334 -0.9397243 -3.37625e-7 -2.21603e-5 -1 0 -2.2301e-5 -1 0 -0.3419117 -0.9397321 0 -0.6428191 -0.766018 0 -0.6428141 -0.7660222 0 -0.8661059 -0.4998607 0 -0.8660424 -0.4999706 0 -0.9848111 -0.1736295 1.34432e-7 -0.9848343 0.1734977 0 -0.8660424 0.4999706 -3.71382e-7 -0.8661059 0.4998607 0 -0.6428141 0.7660222 0 -0.6428192 0.766018 0 -0.3419794 0.9397075 0.1574603 -0.3377836 -0.9279593 0 -0.3416203 -0.9398382 0 1.36955e-6 -1 0.1573767 1.23304e-6 -0.9875388 8.66323e-6 -0.6428179 -0.7660191 0.1574681 -0.6347869 -0.7564718 0.1573092 -0.85523 -0.4937969 0 -0.8660449 -0.4999665 8.43943e-6 -0.6428011 -0.7660331 0.1574796 -0.6347784 -0.7564765 0.1575192 -0.9725107 -0.1714956 0.1574218 -0.9725233 0.1715138 0.1574971 -0.8551965 0.4937949 0 -0.8660268 0.4999977 8.67224e-6 -0.6427623 0.7660658 0.1573981 -0.6347845 0.7564883 0.1575028 -0.3377631 0.9279596 0 -0.3419884 0.9397042 8.70204e-6 -0.6427811 0.7660499 0.1574673 -0.6347816 0.7564763 0.1579586 7.41647e-7 0.9874458 0 1.4059e-6 1 -1.83957e-6 0.3419504 0.9397181 0.157493 0.3377937 0.9279502 0.1575936 0.6347785 0.7564526 8.66321e-6 0.6428117 0.7660243 0.1574527 0.6347795 0.7564812 0.1574806 0.8551998 0.4937948 0.1575868 0.9725003 0.1714924 0.1575524 0.9725065 -0.1714888 0.1574868 0.8552078 -0.4937788 0.1574635 0.6347869 -0.7564728 0 0.3419536 -0.9397169 0.1574736 0.634758 -0.7564948 0.1573891 0.337701 -0.9280015 1 -1.08398e-5 0 0 7.34512e-7 -1 0 1.23302e-6 -1 0 -0.3419888 -0.9397041 0 -0.341983 -0.9397062 0 1.25228e-6 -1 0 1.26192e-6 -1 0 -0.3420284 -0.9396897 5.77824e-7 -0.3419394 -0.939722 -8.46205e-6 -0.6427911 -0.7660416 8.42213e-6 -0.6427931 -0.76604 8.4244e-6 -0.6428366 -0.7660034 -8.46206e-6 -0.6427931 -0.76604 0 -0.866041 -0.4999731 -8.54159e-6 -0.6427962 -0.7660374 0 -0.866052 -0.4999541 0 -0.8660496 -0.4999582 0 -0.984834 -0.1734996 0 -0.9848344 -0.1734972 0 -0.9848337 -0.1735014 0 -0.9848343 -0.1734976 -8.04192e-7 -0.9848105 0.1736332 0 -0.9848102 0.1736347 -1.13301e-6 -0.984816 0.1736015 0 -0.9848089 0.173642 0 -0.866021 0.5000076 4.65816e-7 -0.866039 0.4999763 0 -0.8660125 0.5000226 8.97159e-6 -0.6428057 0.7660294 0 -0.3420053 0.939698 9.048e-6 -0.6427907 0.7660419 -9.00755e-6 -0.6428257 0.7660126 0 -0.3420034 0.9396988 -9.00757e-6 -0.6428301 0.7660089 -2.8675e-6 -0.3420187 0.9396932 0 -0.3420169 0.9396939 9.05025e-6 -0.6428249 0.7660132 0 7.5137e-7 1 0 1.21375e-6 1 0 1.83026e-6 1 0 3.2752e-7 1 5.44505e-6 0.3420064 0.9396977 0 0.342006 0.9396978 0 0.3419694 0.9397111 2.8675e-6 0.3420147 0.9396947 -9.05025e-6 0.6428231 0.7660148 9.00755e-6 0.6428247 0.7660135 0 0.8660207 0.5000083 -8.97157e-6 0.6428118 0.7660242 -2.40404e-6 0.8660096 0.5000275 9.01411e-6 0.642811 0.7660249 -8.97158e-6 0.6428079 0.7660275 -1.69611e-6 0.8660153 0.5000177 0 0.8660131 0.5000214 0 0.9848096 0.1736381 8.92459e-7 0.9848097 0.1736372 0 0.9848149 0.1736078 0 0.9848161 0.1736006 0 0.9848333 -0.1735036 0 0.9848333 -0.1735035 0 0.9848321 -0.1735108 0 0.9848334 -0.173503 0 0.8660448 -0.4999666 1.3363e-6 0.8660457 -0.4999651 0 0.866051 -0.4999556 0 0.8660286 -0.4999945 8.54156e-6 0.6428025 -0.766032 8.54157e-6 0.642801 -0.7660332 -8.58208e-6 0.6427978 -0.7660359 0 0.3418887 -0.9397405 8.46207e-6 0.6427966 -0.766037 -8.42213e-6 0.6427945 -0.7660387 0 0.3419358 -0.9397233 0 0.3419323 -0.9397246 0 0.341934 -0.939724 1 8.73996e-6 0 1 -1.15318e-5 0 1 -8.70402e-6 0 1 6.50488e-6 0 1 -2.85956e-6 0 1 8.65546e-6 0 1 5.68169e-6 0 1 -8.65546e-6 0 1 2.85963e-6 0 1 -6.50477e-6 0 1 8.69429e-6 0 1 -8.73996e-6 0 1 8.76459e-6 0 0.9841396 -0.06069707 -0.1666893 0.9841425 3.21192e-7 -0.1773798 1 -7.17413e-7 0 1 -3.33121e-6 0 1 5.53502e-6 0 0.9841403 0.06069672 -0.1666854 0.9841388 0.1142074 -0.1357479 1 1.72623e-6 0 1 -2.59583e-6 0 0.9841344 0.1536417 -0.08873409 0.9841335 0.1747363 -0.03080058 1 -3.28534e-6 0 0.9841486 0.1746493 0.03081059 1 -1.04341e-5 0 0.9841538 0.153566 0.08864969 1 1.67928e-6 0 0.9841386 0.1140422 0.1358883 1 -1.06664e-6 0 1 -4.06793e-7 0 0.9841241 0.06073176 0.1667678 0.9841586 2.87978e-7 0.1772906 1 2.16419e-6 0 0.984125 -0.06073027 0.1667631 1 1.42218e-6 0 0.9841383 -0.1140407 0.1358913 0.9841547 -0.1535631 0.08864635 1 1.56807e-6 0 1 5.62129e-6 0 0.9841381 -0.1747101 0.03080111 0.9841346 -0.1747298 -0.03080123 0.984116 -0.1537528 -0.08874654 1 2.97499e-6 0 0.9841419 -0.113996 -0.1359032 1 -6.52569e-6 0 1 6.78403e-6 0 1 6.65247e-6 0 1 3.34961e-6 0 1 2.71205e-5 0 1 -1.35606e-5 0 1 -3.3252e-6 0 1 -6.78417e-6 0 1 6.69819e-6 0 1 -6.6523e-6 0 1 6.74882e-6 0 1 1.6612e-6 0 1 6.58835e-6 0 1 -6.71357e-6 0 1 5.03535e-6 0 0 0.8660234 0.5000035 0 0.866008 0.5000303 5.14968e-7 0.9848184 0.1735878 0 0.9848078 0.1736482 0 0.9848196 -0.1735814 -1.68507e-6 0.9848104 -0.1736333 0 0.8660234 -0.5000035 0 0.866008 -0.5000303 0 -0.3419957 -0.9397016 0 -0.3419891 -0.9397039 0 -0.6428342 -0.7660054 0 -0.6427877 -0.7660444 0 -0.8660259 -0.4999992 0 -0.8660195 -0.5000101 0 -0.6428344 -0.7660052 0 -0.6428224 -0.7660153 0 -0.9848122 -0.1736235 2.40318e-6 -0.9848196 -0.1735814 1.85117e-7 -0.9848095 0.1736382 0 -0.9848184 0.1735878 0 -0.8660259 0.4999992 -3.36308e-6 -0.8660195 0.5000101 0 -0.6428344 0.7660052 0 -0.6428224 0.7660152 -3.26001e-7 -0.341997 0.9397011 0 -0.3420461 0.9396833 0 -0.6428342 0.7660054 0 -0.6427877 0.7660444 0.3163049 8.21121e-7 -0.9486576 0.3161368 -0.324495 -0.8914934 0.3160995 0.3245002 -0.8915048 0.316168 0.6098334 -0.7267333 0.31623 0.8216175 -0.4742821 0.3161519 0.6098318 -0.7267415 0.3161806 0.9342936 -0.1646981 0.3162287 0.9342791 0.1646875 0.3162038 0.8216125 0.474308 0.3161073 0.6098481 0.7267472 0.316205 0.3245101 0.8914638 0.3163767 0.6098083 0.7266633 0.3162707 0 0.948669 0.316206 -0.3245139 0.8914621 0.3163468 -0.6098119 0.7266734 0.3162106 -0.8216125 0.4743034 0.3161971 -0.6098225 0.7267296 0.3162025 -0.9342855 0.1647021 0.3161947 -0.9342871 -0.1647074 0.316207 -0.8216192 -0.4742943 0.3161494 -0.6098197 -0.7267528 0.3161799 -0.6098191 -0.72674 0.9486765 -0.1081863 -0.2971678 0.9486752 0 -0.3162524 0.9486635 0.1081999 -0.2972043 0.9486614 0.2032418 -0.2423516 0.9486986 0.2738144 -0.1581032 0.9486986 0.3113829 -0.05487698 0.9487113 0.2737793 0.158088 0.9486926 0.2033166 0.2421669 0.9487203 0.1080939 0.2970615 0.9485947 1.44987e-7 0.3164935 0.9487073 -0.1081048 0.297099 0.9486886 -0.2032829 0.2422106 0.948714 -0.2737715 0.1580851 0.9487028 -0.3113716 0.05487012 0.9487001 -0.31138 -0.05487036 0.9486724 -0.2739084 -0.1580978 0.9486668 -0.2032669 -0.2423097 1 -5.89739e-5 0 1 -3.08307e-6 0 1 -8.19891e-7 0 1 0 0 1 0 0 1 -4.21219e-6 0 1 8.2236e-7 0 1 -3.11914e-7 0 1 2.4664e-5 0 0.1594304 0.9847236 0.07000952 0.1594171 0.9847257 -0.07001191 0 0.9974815 -0.07092922 0 0.99748 0.07094836 -9.10782e-7 0.07084774 0.9974872 0 -0.07085925 0.9974864 0.1593952 -0.06999742 0.9847302 0.1594111 0.07000297 0.9847273 0.1594099 -0.9847272 -0.07000577 0.1593849 -0.9847315 0.0700035 1.09324e-6 -0.9974856 0.0708695 0 -0.9974873 -0.07084542 0 -0.07094877 -0.99748 0 0.07094442 -0.9974803 0.1594882 0.07002252 -0.9847133 0.1594649 -0.07000511 -0.9847185 0 0.9423482 0.334634 0.1599341 0.9302194 0.3303228 0.1599087 0.930228 -0.3303107 4.83344e-7 0.9423948 -0.3345028 -5.78553e-7 -0.3346062 0.9423581 0.1599721 -0.3303202 0.9302138 0 -0.9423502 -0.3346285 0.1600403 -0.9302142 -0.3302859 1.17521e-5 0.7070878 0.7071259 0.1606922 0.6979117 0.6979236 0.1599768 0.3303111 0.9302161 0.1607212 0.6979099 0.6979187 1.14789e-5 0.7071331 0.7070804 0 0.3346862 0.9423297 1.20205e-5 0.7071091 -0.7071046 0.1606577 0.6979152 -0.6979281 0.1599109 0.3303192 -0.9302245 0 0.3346068 -0.9423579 1.20775e-5 0.7071049 -0.7071087 0.1607145 0.6978933 -0.6979368 1.12025e-5 -0.7071326 0.7070811 0.1607343 -0.6979194 0.6979061 0 -0.9423611 0.3345978 0.159893 -0.9302321 0.3303068 0.1607074 -0.6979014 0.6979305 1.11869e-4 -0.7070882 0.7071254 1.15334e-5 -0.7070854 -0.7071282 0.1606993 -0.6979373 -0.6978964 0.1599717 -0.3303145 -0.9302158 0.1607637 -0.6979298 -0.697889 1.16966e-5 -0.7071137 -0.7070999 0 -0.3346822 -0.9423311 0.9489335 0.3146803 -0.02239853 0.9489218 0.3147152 -0.02240103 0.9489329 0.314682 0.02239871 0.9489229 0.3147121 0.02240043 0.9489229 -0.02239894 0.3147122 0.9489319 -0.02239727 0.3146853 0.9489377 0.0223965 0.3146677 0.9489384 0.02239674 0.3146655 0.9489352 -0.3146753 0.02239716 0.9489322 -0.3146843 0.02239632 0.948918 -0.3147268 -0.02239745 0.9489182 -0.3147262 -0.02239829 0.9489309 0.02239221 -0.3146886 0.9489285 0.0223937 -0.3146959 0.9489279 -0.02239751 -0.3146974 0.9489285 -0.02239805 -0.3146954 0.3168942 0.9460774 -0.06719928 0.3220449 0.89215 -0.3167893 0.31687 0.0671963 0.9460856 0.3219674 0.3167989 0.8921747 0.3171364 -0.0671972 -0.9459964 0.321906 -0.3167951 -0.8921982 0.3168954 -0.946077 0.06719994 0.3219228 -0.8921952 0.316786 0.3218684 0.3167995 -0.8922101 0.3170533 0.06719696 -0.9460242 0.3250268 0.6686971 -0.6687315 0.3249415 0.6687471 -0.668723 0.3168988 0.9460757 0.06720101 0.322007 0.8921658 0.3167834 0.3249056 0.6687406 0.6687468 0.3249438 0.6687554 0.6687136 0.3169009 -0.9460751 -0.06720077 0.322017 -0.8921611 -0.3167867 0.3250171 -0.6687023 -0.668731 0.3250719 -0.6687091 -0.6686976 0.3219367 -0.3168069 0.8921829 0.3169025 -0.06719803 0.9460747 0.3250073 -0.6687167 0.6687214 0.324886 -0.6687419 0.6687551 0.9505372 0.2927157 -0.1039072 0.9505382 0.2927139 -0.1039038 0.9505531 0.1038934 0.2926687 0.9505463 0.1039011 0.2926883 0.9505429 -0.1038953 -0.2927013 0.9505455 -0.1038938 -0.2926932 0.950533 -0.2927278 0.1039113 0.9505397 -0.2927071 0.1039091 0.9505516 0.1038855 -0.2926765 0.9505462 0.1038899 -0.2926925 0.9514725 0.2175957 -0.2176061 0.9514795 0.2175764 -0.2175942 0.9505334 0.2927263 0.1039118 0.9505337 0.292726 0.1039096 0.9514707 0.2176005 0.2176086 0.9514732 0.2175912 0.217607 0.950523 -0.2927569 -0.1039197 0.950533 -0.2927295 -0.1039068 0.951471 -0.217599 -0.2176092 0.9514784 -0.2175841 -0.2175919 0.9505493 -0.1038993 0.2926791 0.9505375 -0.1039127 0.292713 0.9514632 -0.2176209 0.2176213 0.9514704 -0.2176016 0.2176086 -1 6.39509e-7 0 -1 -8.85871e-7 0 -1 6.0349e-6 0 -1 1.48516e-5 0 -1 -5.30223e-6 0 -1 -5.49014e-7 0 -1 6.24617e-6 0 -1 -3.48179e-5 0 1 -2.41278e-5 0 1 3.08307e-6 0 1 8.19891e-7 0 1 4.47678e-7 0 1 -4.47679e-7 0 1 1.64847e-6 0 1 6.95031e-6 0 1 -5.80632e-6 0 1 -2.46652e-5 0 1 3.11914e-7 0 0 0.9974809 0.07093662 0.09828478 0.9926571 0.07051378 0.09831494 0.9926552 -0.07049787 0 0.997481 -0.07093572 0 -0.07086747 0.9974858 0.09824973 -0.07049971 0.9926615 0.09830439 0.07049137 0.9926567 0 0.07083946 0.9974877 0 -0.9974871 -0.07084983 0.09830915 -0.9926553 -0.07050383 0.09829622 -0.992657 0.07049798 1.39276e-6 -0.9974862 0.07086127 0.09844094 0.07050526 -0.9926422 0.09840899 -0.07050782 -0.9926452 0 -0.07094895 -0.99748 0 0.07094502 -0.9974803 -4.37152e-7 0.9423461 0.33464 0.0992155 0.9377208 0.3329206 0.09918826 0.937729 -0.3329055 -5.76175e-7 0.9423597 -0.3346018 0 -0.3346071 0.9423578 0.09923344 -0.332912 0.9377219 0.09922069 -0.9377211 -0.3329181 0 -0.9423705 -0.3345711 1.17521e-5 0.7070831 0.7071305 0.09983223 0.7035898 0.7035588 -5.98113e-7 0.3345843 0.9423658 0.09917747 0.3328945 0.937734 0.1000115 0.7035688 0.7035544 1.14789e-5 0.707133 0.7070806 0.0999 0.7035811 -0.7035579 1.20205e-5 0.7071118 -0.7071018 1.20775e-5 0.7071027 -0.707111 0.09985041 0.7035591 -0.7035869 0.09913086 0.3328828 -0.9377431 0 0.3345596 -0.9423746 1.12003e-5 -0.7071053 0.7071083 0.09997063 -0.7035637 0.7035652 0 -0.9423775 0.3345515 0.09919828 -0.9377226 0.3329203 0.09988242 -0.7035761 0.7035654 1.11474e-5 -0.7071178 0.7070958 1.15333e-5 -0.7070974 -0.7071163 0.09990954 -0.70358 -0.7035576 1.16966e-5 -0.7071119 -0.7071017 0 -0.3344855 -0.9424009 0.09908932 -0.3329201 -0.9377343 0.1000835 -0.7035511 -0.7035618 0.9806852 0.1950981 -0.01389926 0.8766641 0.4798934 -0.03409814 0.8766704 0.4798817 0.03409773 0.9806886 0.1950814 0.01389873 0.8766378 -0.03409039 0.4799418 0.9806663 -0.01389956 0.1951935 0.9806863 0.01389813 0.195093 0.8766623 0.03409284 0.4798969 0.8766627 -0.4798954 -0.03410071 0.9806791 -0.1951293 -0.01389616 0.980661 -0.1952196 0.01389795 0.8766382 -0.4799402 0.03410226 0.8766288 0.0340963 -0.479958 0.9806734 0.01390409 -0.1951577 0.9806854 -0.01390683 -0.1950973 0.8766414 -0.03412318 -0.479933 0.4672983 0.8818734 -0.06270307 0.463117 0.8352267 -0.2965117 0.4672569 0.06270897 0.8818949 0.463064 0.2965047 0.8352584 0.4673129 -0.062702 -0.8818658 0.4627987 -0.2965627 -0.835385 0.4672704 -0.8818886 0.06269741 0.4631441 -0.8352084 0.2965205 0.4629424 0.2965352 -0.8353151 0.4673379 0.06269341 -0.8818531 0.4627481 0.6268305 -0.6268554 0.4629358 0.6267785 -0.6267688 0.4631038 0.8352313 0.2965191 0.4672961 0.8818742 0.0627076 0.4627516 0.6268716 0.6268118 0.4630864 0.6267592 0.6266768 0.4673014 -0.8818718 -0.06270396 0.4631103 -0.8352307 -0.2965109 0.4629144 -0.6267905 -0.6267728 0.4631481 -0.626707 -0.6266835 0.4631175 -0.2965042 0.835229 0.4671621 -0.06270891 0.8819452 0.463021 -0.6267653 0.6267192 0.4628629 -0.6268051 0.6267961 0.4673169 0.8818638 0.06269884 0.4673019 0.8818713 -0.06270569 0.8766771 -0.03408396 0.4798706 0.8765991 0.03411751 0.4800104 0.467307 -0.8818686 -0.0627067 0.4672797 -0.8818835 0.06269997 0.8766458 0.03408354 -0.4799276 0.8766471 -0.03408879 -0.4799249 0.8698936 0.4648157 -0.1650199 0.4631226 0.8352267 -0.2965027 0.9813108 0.1813285 -0.0644142 0.8698766 0.1650155 0.464849 0.4630479 0.2965351 0.8352566 0.4674031 0.06267225 0.8818202 0.8767533 0.03406101 0.479733 0.9813144 0.06439411 0.1813162 0.8699144 0.1649957 0.4647855 0.8699548 -0.164963 -0.4647211 0.4632354 -0.2964896 -0.8351689 0.4672911 -0.06270295 -0.8818773 0.8766884 -0.0340805 -0.47985 0.981319 -0.06439799 -0.1812894 0.869903 -0.1649909 -0.4648086 0.8699132 -0.4647898 0.1649889 0.4631238 -0.8352275 0.2964986 0.9813165 -0.1813015 0.06440353 0.8767726 0.03405702 -0.4796977 0.4674823 0.06268554 -0.8817771 0.463167 0.296486 -0.8352081 0.8698675 0.1649719 -0.4648815 0.8698683 0.1649737 -0.4648793 0.9813153 0.06439799 -0.18131 0.4628565 0.6268022 -0.6268036 0.8682259 0.3508252 -0.3508638 0.8682965 0.3507457 -0.3507687 0.9817003 0.1346578 -0.1346545 0.4630924 0.8352348 -0.296527 0.8698935 0.4648137 -0.165026 0.8682619 0.3508087 -0.3507913 0.4628548 0.6268148 -0.6267924 0.463159 0.8352015 0.2965168 0.8698958 0.4648146 0.1650112 0.9813144 0.1813143 0.0643993 0.4629698 0.6267511 0.6267711 0.8683105 0.3507342 0.3507457 0.8698737 0.4648631 0.1649915 0.4630324 0.8352708 0.2965191 0.981681 0.1347325 0.1347211 0.8682397 0.3508305 0.3508245 0.4631138 -0.8352285 -0.2965115 0.8699173 -0.4647851 -0.1649814 0.9813141 -0.1813117 -0.06441169 0.4628807 -0.6268069 -0.6267811 0.8682568 -0.350804 -0.3508086 0.8698709 -0.4648521 -0.1650363 0.4630731 -0.8352599 -0.2964867 0.981693 -0.1346741 -0.134692 0.8682919 -0.350737 -0.3507888 0.8698336 -0.1650199 0.4649279 0.8767567 -0.03405869 0.4797266 0.4674053 -0.06267094 0.881819 0.4630102 -0.2965409 0.8352755 0.8698824 -0.1649833 0.4648495 0.9813196 -0.06441098 0.181282 0.4629486 -0.6267503 0.6267876 0.8683096 -0.3507248 0.3507572 0.868282 -0.3507688 0.3507816 0.9816902 -0.134692 0.1346942 0.4629215 -0.6267789 0.6267791 0 0.5000168 -0.8660157 0 0.5000168 -0.8660157 0 0.5000168 -0.8660157 0 0.5000168 0.8660157 0 0.5000168 0.8660157 0 0.5000168 0.8660157 0.7558577 -5.12414e-5 0.6547359 0.7560372 -0.5668618 0.3272239 0.7559971 -0.5669074 0.3272378 0.755837 -6.6787e-5 0.65476 0.7559646 -0.5669022 0.3273214 0.7559332 -0.5669552 0.3273026 0.7559617 -0.5669136 -0.3273085 0.7559365 -0.5669319 -0.3273352 0.7559039 -0.5669462 -0.3273857 0.7558943 -0.5669762 -0.3273559 0.7559791 2.74777e-5 -0.6545957 0.7559804 6.85006e-5 -0.6545944 0.7559643 -6.78599e-5 -0.6546129 0.7559642 -3.13595e-5 -0.654613 0.7559311 0.5669327 -0.3273462 0.7559004 0.5669493 -0.3273886 0.7559748 0.5669031 0.3272966 0.7559455 0.5669281 0.3273211 0.7559532 0.5669099 -0.3273348 0.7559214 0.5669643 -0.3273141 0.7559376 0.5669364 0.327325 0.7559284 -6.85453e-6 0.6546543 0.7559411 -2.36407e-5 0.6546397 0.7559301 0.566942 0.3273325 0 -0.5001377 0.865946 -1.60853e-7 -0.5001377 0.865946 0 -0.5001377 0.865946 0 -0.5001451 0.8659417 0 -0.5001451 0.8659417 0 -0.5001451 0.8659417 0 0.5001377 0.865946 1.60853e-7 0.5001377 0.865946 0 0.5001377 0.865946 0.7560545 6.02975e-5 0.6545088 0.7558804 -0.5670214 0.3273098 0.7558953 -0.5670153 0.3272857 0.7560375 9.10461e-5 0.6545283 0.7558688 -0.5670359 -0.3273112 0.7558817 -0.5670212 -0.3273074 0.7558915 -0.5669959 0.3273284 0.7558852 -0.5670244 0.3272934 0.7558109 -6.04391e-5 -0.65479 0.7557942 -8.99173e-5 -0.6548093 0.7558599 -0.5670327 -0.3273376 0.7558578 -0.567036 -0.3273366 0.755841 0.5670406 -0.3273676 0.7558691 0.5670039 -0.3273662 0.7558065 5.97835e-5 -0.6547951 0.755794 5.03063e-5 -0.6548095 0.7558787 0.5670236 0.32731 0.7558939 0.5670037 0.3273093 0.755882 0.5670093 -0.3273273 0.7558742 0.5670381 -0.3272951 0.7559841 0.5669299 0.3272284 0.7559652 -3.36766e-6 0.6546119 0.7559418 2.24784e-5 0.6546389 0.7560071 0.5669208 0.3271913 0 -0.5001215 0.8659554 0 -0.5001215 0.8659554 0 -0.5001215 0.8659554 -1.61082e-7 -0.500129 0.865951 0 -0.500129 0.865951 0 -0.5001289 0.865951 1.62568e-7 -0.5001451 -0.8659417 0 -0.5001451 -0.8659417 0 -0.5001451 -0.8659417 0 -0.5001377 -0.865946 0 -0.5001377 -0.865946 0 -0.5001377 -0.865946 0 0.5001377 -0.865946 0 0.5001377 -0.865946 0 0.5001377 -0.865946 0 0.5001215 0.8659554 0 0.5001215 0.8659554 0 0.5001215 0.8659554 0 0.49971 0.8661928 0.7559373 2.55536e-5 0.6546441 0.755852 -0.5670111 0.3273931 0.7558744 -0.5669879 0.3273817 0.7559397 2.7956e-5 0.6546413 0.7559333 -0.5669492 -0.3273127 0.7559311 -0.5669537 -0.3273099 0.7558509 -0.566992 -0.327429 0.755838 -0.5670253 -0.3274007 0.7559046 -3.8743e-7 -0.6546819 0.755927 2.88338e-6 -0.654656 0.7558478 0.5670071 -0.3274099 0.7558645 0.5669792 -0.3274195 0.7558943 2.33352e-5 -0.6546938 0.7558877 3.28086e-5 -0.6547014 0.755933 0.5669507 -0.3273105 0.7559333 0.566949 -0.3273131 0.7559201 0.5669475 0.327346 0.7559252 0.5669501 0.3273298 0 -0.5001377 0.865946 0 -0.5001377 0.865946 0 -0.5001377 0.865946 -1.62568e-7 -0.5001451 0.8659417 0 -0.5001451 0.8659417 0 -0.5001451 0.8659417 0 0.5001377 0.865946 0 0.5001377 0.865946 0 0.5001377 0.865946 1 4.58665e-6 0 0.7558785 -5.45382e-5 0.654712 0.7558959 -5.25042e-5 0.6546919 0.7559595 -0.5669339 0.3272787 0.7559841 -0.5669059 0.3272701 0.7559658 -0.5669141 -0.3272984 0.7559645 -0.5669152 -0.3272997 0.7559237 -0.56696 0.327316 0.7559201 -0.5669623 0.3273208 0.7560508 -0.5668717 -0.3271755 0.7560651 -0.5668461 -0.3271867 0.7557464 -8.82745e-5 -0.6548645 0.7557141 -1.47063e-4 -0.6549018 0.7559132 1.68085e-5 -0.6546719 0.7559338 3.39821e-5 -0.6546481 0.7559171 0.566951 -0.327347 0.7559065 0.5669536 -0.3273668 0.755969 0.5669102 -0.3272979 0.7559226 0.5669589 0.3273203 0.7559265 0.5669562 0.3273164 0.7559676 0.5669108 -0.3273001 0.755874 4.14215e-5 0.654717 0.755959 0.5669264 0.3272926 0.7559382 0.5669301 0.3273344 0.7558927 3.60906e-5 0.6546956 0 -0.5001413 0.8659438 0 -0.5001413 0.8659438 0 -0.5001413 0.8659438 -1.62568e-7 -0.5001413 0.8659438 0 -0.5001413 0.8659438 0 -0.5001413 0.8659438 1.62568e-7 -0.5001413 -0.8659438 0 -0.5001413 -0.8659438 0 -0.5001413 -0.8659438 0 -0.5001413 -0.8659438 0 -0.5001413 -0.8659438 0 -0.5001413 -0.8659438 -1.62568e-7 0.5001413 -0.8659438 0 0.5001413 -0.8659438 0 0.5001413 -0.8659438 1.62568e-7 0.5001413 0.8659438 0 0.5001413 0.8659438 0 0.5001413 0.8659438 1 4.58682e-6 0 0.7558809 -0.5669952 0.3273539 0.7558965 -0.5669579 0.3273827 0.7558697 -5.79953e-5 0.6547221 0.7558926 -4.99673e-5 0.6546956 0.7558954 -0.5670064 -0.3273012 0.7559019 -0.5670032 -0.3272916 0.755953 -0.5669195 0.3273185 0.7559513 -0.5669215 0.3273192 0.7560011 -0.5669488 -0.3271566 0.7559988 -0.5669382 -0.3271803 0.7558375 -4.02629e-5 -0.6547594 0.7558164 -5.82449e-5 -0.6547836 0.7557424 7.98851e-5 -0.654869 0.7560159 0.5669452 -0.3271288 0.7560079 0.5669624 -0.3271173 0.7557105 1.37419e-4 -0.6549059 0.7559027 0.5670011 -0.3272932 0.755931 0.5669726 -0.3272774 0.7558838 0.5670226 0.3272997 0.7558913 0.5670174 0.3272913 0.7559279 0.566981 0.3272702 0.7559008 0.5670146 0.3272744 0 -0.5001252 0.8659531 0 -0.5001252 0.8659531 0 -0.5001252 0.8659531 -1.61082e-7 -0.5001252 0.8659531 0 -0.5001252 0.8659531 0 -0.5001252 0.8659531 0 0.4997063 0.8661949 1.61082e-7 0.5001252 0.8659531 0 0.5001252 0.8659531 0 0.5001252 0.8659531 0.7558154 -8.60393e-5 0.6547848 0.755802 -2.70419e-5 0.6548003 0.7558375 -0.5670109 0.3274273 0.7558363 -0.5669928 0.3274609 0.7559546 -0.5669206 -0.327313 0.7559539 -0.566922 -0.327312 0.7559131 -0.5669633 0.3273351 0.7559402 -0.5669352 0.3273209 0.7558564 -0.5669884 -0.3274224 0.7558438 -0.5670228 -0.3273918 0.7559049 -5.0664e-7 -0.6546815 0.7559267 3.06219e-6 -0.6546563 0.7559323 0.5669506 -0.3273128 0.7559336 0.5669453 0.3273186 0.7559358 0.5669432 0.3273175 0.7559295 0.5669559 -0.3273096 0.7558177 8.46759e-5 0.6547823 0.7559233 0.5669468 0.3273399 0.7558959 0.5669853 0.3273363 0.7558035 7.49528e-5 0.6547985 0 0.5000131 -0.8660178 0 0.5000131 -0.8660178 0 0.5000131 -0.8660178 0.7559409 2.07573e-5 0.65464 0.7559109 -0.5669922 0.3272898 0.7558908 -0.5670177 0.3272921 0.7559405 5.23329e-5 0.6546404 0.7559165 -0.5669596 -0.3273333 0.7559228 -0.5669524 -0.3273314 0.7559113 -0.5669925 0.3272883 0.7559056 -0.5669972 0.3272935 0.7558204 -5.57303e-5 -0.6547791 0.7557941 -8.97758e-5 -0.6548095 0.7559475 -0.5669316 -0.3273101 0.7559517 -0.5669182 -0.3273239 0.7558038 5.83231e-5 -0.6547983 0.7557908 4.77992e-5 -0.6548132 0.7559147 0.5669466 -0.3273599 0.7559021 0.5669505 -0.3273824 0.7559429 0.5669243 -0.3273336 0.7559464 0.5669179 -0.3273365 0.7559509 0.5669274 0.3273099 0.7559244 0.5669493 0.3273333 0.7559835 0.5669196 0.3272477 0.7559809 0.5669104 0.3272699 0.7559837 -7.79927e-5 0.6545905 0.756006 -1.06074e-4 0.6545648 0.7559407 7.9304e-5 0.6546402 0.7559304 6.55614e-5 0.6546521 0.7558706 -0.567003 0.3273644 0.7558642 -0.5669997 0.3273848 0.7559372 -0.5669335 -0.3273308 0.7559472 -0.5669175 -0.3273354 0.755954 -0.5669293 0.3272989 0.7559534 -0.5669279 0.3273028 0.7560133 7.79927e-5 -0.6545563 0.7560382 1.21191e-4 -0.6545276 0.7558791 -0.5669724 -0.3273977 0.7558651 -0.5669839 -0.3274098 0.7559326 0.5669335 -0.3273415 0.7559615 -6.92308e-5 -0.6546161 0.7559611 -3.38592e-5 -0.6546167 0.7559723 0.5669149 0.3272821 0.7559748 0.5669102 0.3272845 0.755856 -7.48038e-6 0.654738 0.7558369 5.4799e-5 0.65476 0 -1.5778e-4 1 0 -0.3420178 0.9396935 0 -0.3420673 0.9396755 0 -1.57996e-4 1 -5.86816e-5 -0.6428349 0.7660048 8.39411e-6 -0.6428338 0.7660058 0 -0.8661646 0.4997587 -8.24001e-6 -0.6428145 0.766022 8.20113e-6 -0.6428135 0.7660228 0 -0.8661643 0.4997596 3.9235e-7 -0.9848298 0.1735233 0 -0.9848299 0.1735231 8.33294e-6 -0.9848142 -0.1736114 -8.29362e-6 -0.9848142 -0.1736114 8.26205e-6 -0.9848148 -0.1736086 0 -0.8660689 -0.4999246 0 -0.8660166 -0.5000152 -8.30121e-6 -0.9848147 -0.173609 8.39863e-6 -0.6428169 -0.7660199 -8.35901e-6 -0.6428152 -0.7660214 8.3545e-6 -0.6428349 -0.7660048 0 -0.342032 -0.9396883 0 -0.3420308 -0.9396889 -8.39411e-6 -0.6428338 -0.7660058 0 -1.45735e-5 -1 0 -1.43505e-5 -1 0 0.3419696 -0.939711 -7.99598e-7 0.3418729 -0.9397462 8.39411e-6 0.6428338 -0.7660058 -5.86816e-5 0.6428349 -0.7660048 8.35901e-6 0.6428145 -0.766022 0 0.8660432 -0.4999694 0 0.8660689 -0.4999247 -8.39865e-6 0.6428128 -0.7660233 0 0.9848724 -0.1732813 0 0.9848723 -0.1732824 0 0.9848386 0.1734739 0 0.9848383 0.173475 0 0.8661643 0.4997595 0 0.8661645 0.499759 -8.20113e-6 0.6428131 0.7660232 8.24002e-6 0.642812 0.766024 8.3545e-6 0.6428349 0.7660048 0 0.3420185 0.9396933 -6.13136e-7 0.3420181 0.9396934 -8.39411e-6 0.6428338 0.7660058 1 -1.87723e-5 0 1 9.23532e-6 0 1 -3.25148e-6 0 1 9.55073e-6 0 1 -1.88936e-5 0 1 1.8773e-5 0 1 -2.43295e-6 0 1 -5.40465e-6 0 1 -7.97635e-6 0 1 7.25886e-6 0 1 -1.07666e-5 0 1 4.90119e-6 0 1 -2.682e-6 0 1 9.75914e-6 0 1 -5.40424e-6 0 1 -2.47682e-6 0 1 2.43304e-6 0 1 5.4043e-6 0 1 1.07643e-5 0 1 5.38515e-6 0 1 -7.32551e-6 0 1 1.07668e-5 0 1 -9.67867e-6 0 1 1.06351e-5 0 1 5.4047e-6 0 1 4.85663e-6 0 0 0.3420997 -0.9396638 1.68526e-7 0.3420944 -0.9396656 0 -1.76984e-5 -1 1.87176e-7 -1.20078e-5 -1 0 0.6428173 -0.7660196 0 0.6428173 -0.7660197 0 0.6428235 -0.7660145 0 0.6428243 -0.7660137 0 0.8660276 -0.4999964 0 0.8660271 -0.4999971 0 0.9848392 -0.1734697 2.43616e-7 0.9848392 -0.1734701 0 0.9848396 0.1734678 0 0.9848397 0.1734675 0 0.8660294 0.4999933 0 0.8660292 0.4999935 0 0.642822 0.7660156 0 0.6428211 0.7660164 0 0.6428082 0.7660272 0 0.3419679 0.9397116 0 0.3422163 0.9396213 0 0.6428082 0.7660271 2.95777e-7 1.1589e-4 1 0 -1.60147e-5 1 0 -0.3420234 0.9396915 0 -0.3420237 0.9396913 0 -0.6428082 0.7660271 0 -0.6428082 0.7660272 0 -0.6428252 0.766013 0 -0.642828 0.7660105 0 -0.8660275 0.4999963 0 -0.8660266 0.4999978 0 -0.9848555 0.1733775 -3.61875e-7 -0.9848312 0.1735154 0 -0.9848143 -0.1736115 0 -0.9848142 -0.1736114 0 -0.9848179 -0.1735913 0 -0.8660269 -0.4999974 0 -0.8660258 -0.4999994 0 -0.9848177 -0.1735919 0 -0.642828 -0.7660105 0 -0.6428252 -0.766013 0 -0.6428173 -0.7660196 0 -0.6428173 -0.7660197 -5.3518e-7 -0.3419928 -0.9397026 0 -0.3419807 -0.9397071 1 -2.56621e-6 0 1 1.78638e-6 0 1 5.13358e-6 0 1 -1.79098e-6 0 1 -1.29234e-6 0 1 3.57265e-6 0 1 -2.56674e-6 0 1 2.57329e-6 0 1 -2.6676e-6 0 1 1.9182e-6 0 1 -8.95159e-7 0 1 3.21873e-6 0 1 -5.106e-6 0 1 -2.58756e-6 0 1 3.58207e-6 0 1 8.97241e-7 0 1 1.28279e-6 0 1 1.29234e-6 0 1 -3.58135e-6 0 1 -2.58767e-6 0 1 5.11687e-6 0 1 1.93439e-6 0 1 -9.00032e-7 0 0 -7.55611e-5 -1 -2.82651e-7 -1.12284e-4 -1 0 0.3419277 -0.9397263 0 0.3418056 -0.9397707 0 0.642802 -0.7660325 0 0.6428046 -0.7660302 0 0.642831 -0.766008 0 0.642831 -0.766008 0 0.8659679 -0.5000996 0 0.8659678 -0.5000998 0 0.9848952 -0.1731513 0 0.9848113 -0.1736288 0 0.9848107 0.1736314 0 0.984811 0.1736299 0 0.8659685 0.5000986 9.65973e-7 0.8659913 0.5000592 0 0.642831 0.766008 0 0.642831 0.766008 0 0.6428151 0.7660216 0 0.3419308 0.9397252 0 0.341934 0.9397241 0 0.642819 0.7660182 0 -1.10717e-4 1 0 -1.38134e-5 1 -4.72232e-7 -0.3419635 0.9397133 0 -0.3420073 0.9396973 0 -0.6428349 0.7660048 0 -0.6428013 0.7660329 0 -0.6428183 0.7660186 0 -0.8660336 0.4999858 0 -0.8660414 0.4999725 0 -0.6428183 0.7660187 0 -0.9848956 0.1731494 0 -0.9848344 0.1734976 0 -0.8660388 -0.499977 0 -0.9848195 -0.1735818 0 -0.984819 -0.1735848 4.05144e-7 -0.86606 -0.4999402 0 -0.6428183 -0.7660187 0 -0.6428183 -0.7660186 0 -0.6428014 -0.7660329 0 -0.6427994 -0.7660346 0 -0.3419392 -0.9397222 0 -0.3419637 -0.9397132 0 1.13808e-6 1 0 -0.3420946 0.9396656 0.1574398 -0.3377882 0.9279612 0.1573807 3.47506e-5 0.9875381 8.7043e-6 -0.6428201 0.7660171 0.1576395 -0.6347532 0.7564643 8.39961e-6 -0.6428054 0.7660295 -9.55516e-7 -0.8660439 0.4999681 0.157392 -0.8551487 0.4939115 0.1574876 -0.6347814 0.7564722 4.87627e-7 -0.9848493 0.1734123 0.1573561 -0.9725278 0.1715489 8.33747e-6 -0.9847976 -0.1737058 0.157505 -0.9725145 -0.1714874 0 -0.8660098 -0.5000271 0.1573599 -0.8552267 -0.4937866 0.1574615 -0.9725204 -0.1714938 8.38016e-5 -0.9847989 -0.1736984 0.1573601 -0.6347958 -0.7564868 8.71334e-6 -0.6427772 -0.7660533 0.1575311 -0.6347946 -0.7564521 6.08343e-5 -0.6427688 -0.7660604 0 -0.3420022 -0.9396992 0.1574023 -0.3377903 -0.9279667 0 2.74439e-7 -1 0.1575316 3.39264e-6 -0.987514 0 0.3420022 -0.9396992 0.1573461 0.3377997 -0.9279729 8.7043e-6 0.6428056 -0.7660295 0.1576001 0.6347529 -0.7564727 8.66998e-6 0.6428137 -0.7660226 0 0.8660549 -0.4999489 0.1574608 0.8552027 -0.493796 0.1573511 0.634807 -0.7564793 0 0.9847799 -0.1738061 0.1575179 0.9725089 -0.1715074 0 0.9848334 0.1735034 0.157532 0.9725095 0.1714906 0.157454 0.8551646 0.4938642 0 0.8660117 0.5000237 8.43941e-6 0.6428112 0.7660247 0.1574944 0.6347867 0.7564664 6.08501e-5 0.6428199 0.7660174 0 0.3420955 0.9396652 0.1575158 0.337695 0.9279822 0.1576247 0.6347711 0.7564523 1 6.12595e-5 0 1 3.91298e-5 0 1 -5.93965e-5 0 1 5.54324e-5 0 1 -7.12007e-6 0 0 1.48106e-6 1 0 2.44677e-6 1 0 -0.3419875 0.9397045 -4.53659e-7 -0.3419351 0.9397237 0 -3.80501e-7 1 0 -3.66052e-7 1 0 -0.3419278 0.9397263 -4.26564e-7 -0.3419797 0.9397074 -8.42214e-6 -0.6427907 0.7660419 8.46206e-6 -0.6427866 0.7660455 8.46206e-6 -0.6427891 0.7660433 -8.42439e-6 -0.6428277 0.7660109 -8.58208e-6 -0.6428017 0.7660327 8.54159e-6 -0.6427988 0.7660351 1.04901e-6 -0.8660401 0.4999747 0 -0.8660433 0.4999692 -8.57981e-6 -0.6428415 0.7659993 8.54157e-6 -0.642807 0.7660281 0 -0.8660497 0.4999578 0 -0.8660249 0.5000011 0 -0.9848331 0.1735044 0 -0.984834 0.1734995 0 -0.9848326 0.1735074 0 -0.9848332 0.1735042 -8.29813e-6 -0.9847976 -0.1737058 -1.87486e-6 -0.8660231 -0.5000042 -8.55042e-6 -0.9847981 -0.1737033 8.51004e-6 -0.9847959 -0.1737157 0 -0.86602 -0.5000096 -1.88258e-6 -0.866014 -0.50002 -8.55265e-6 -0.9848043 -0.1736681 8.51002e-6 -0.9847945 -0.1737237 0 -0.8660061 -0.5000333 9.01411e-6 -0.6428043 -0.7660306 -8.97158e-6 -0.6428043 -0.7660305 9.01411e-6 -0.6428065 -0.7660287 -8.97158e-6 -0.6428043 -0.7660306 -9.05026e-6 -0.6428332 -0.7660062 9.00754e-6 -0.6428271 -0.7660114 0 -0.341979 -0.9397077 0 -0.341989 -0.939704 2.56675e-6 -0.3419723 -0.9397101 0 -0.3420212 -0.9396923 -9.05027e-6 -0.6428339 -0.7660057 6.32686e-5 -0.6428306 -0.7660085 0 1.50274e-6 -1 0 2.4275e-6 -1 0 0 -1 0 0.3420093 -0.9396967 0 0.3420111 -0.939696 -2.8678e-6 0.3420178 -0.9396935 0 0.3419729 -0.9397099 -9.00757e-6 0.6428357 -0.766004 9.05028e-6 0.6428381 -0.7660022 -9.00756e-6 0.6428329 -0.7660065 9.05028e-6 0.6428363 -0.7660037 0 0.8660277 -0.4999961 -9.01411e-6 0.6428043 -0.7660306 8.97158e-6 0.6428043 -0.7660305 0 0.8660249 -0.5000012 0 0.8660129 -0.5000218 -9.01411e-6 0.6428043 -0.7660306 8.97157e-6 0.6428065 -0.7660287 -6.51451e-7 0.8660393 -0.4999761 0 0.9848003 -0.1736911 0 0.9847992 -0.1736971 0 0.9847986 -0.1737002 0 0.9847986 -0.1737004 0 0.9848317 0.1735123 0 0.9848326 0.1735074 0 0.9848331 0.1735042 0 0.9848333 0.1735035 -9.45385e-7 0.8660448 0.4999666 0 0.8660466 0.4999634 0 0.8660519 0.4999542 0 0.8660275 0.4999964 -8.54158e-6 0.6428017 0.7660327 8.58209e-6 0.6427988 0.7660351 -8.54157e-6 0.6428048 0.7660301 8.58206e-6 0.642807 0.7660281 0 0.3419356 0.9397234 -8.46209e-6 0.6427977 0.7660362 8.42215e-6 0.6427934 0.7660396 0 0.341933 0.9397245 0 0.3418797 0.9397438 -8.46207e-6 0.6427924 0.7660405 8.42439e-6 0.6428272 0.7660114 4.08791e-7 0.3419303 0.9397254 1 5.6089e-6 0 1 -8.7892e-6 0 1 -2.7998e-6 0 1 2.8595e-6 0 1 6.59329e-6 0 1 -1.13585e-5 0 1 1.14249e-5 0 1 -8.63856e-6 0 1 8.64245e-6 0 1 -1.12811e-5 0 1 8.63826e-6 0 1 -1.14249e-5 0 1 -8.79105e-6 0 1 1.13582e-5 0 1 6.50454e-6 0 1 2.17354e-6 0 1 8.73973e-6 0 1 -1.12178e-5 0 1 8.78951e-6 0 1 -1.10655e-6 0 0.9841411 -8.92616e-7 0.1773873 0.9841416 -0.06069689 0.1666772 1 -1.44577e-6 0 0.9841435 0.0607025 0.1666642 1 -1.50238e-6 0 0.9841288 0.1143292 0.1357181 1 9.87322e-6 0 1 3.48272e-6 0 0.9841329 0.1536464 0.08874338 1 5.69192e-6 0 0.984143 0.174682 0.03080224 1 2.84353e-6 0 0.984144 0.1746745 -0.03081333 1 -4.06358e-6 0 0.9841591 0.1535308 -0.08865219 1 1.31747e-5 0 0.9841294 0.1140948 -0.1359108 1 1.44156e-6 0 0.9841344 0.06070673 -0.1667162 0.9841558 -1.06872e-4 -0.1773058 0.9841139 -0.06073027 -0.1668289 1 1.49734e-6 0 0.9841378 -0.1140301 -0.1359046 1 -9.83277e-6 0 1 2.04277e-6 0 0.9841481 -0.1535929 -0.08866626 0.9841424 -0.1746843 -0.03081101 1 -1.22947e-5 0 1 7.13918e-7 0 0.9841408 -0.1746942 0.03080362 1 -3.48273e-6 0 0.9841212 -0.1537303 0.08872783 0.9841347 -0.1141843 0.1357975 1 -1.32211e-5 0 1 -6.58866e-6 0 1 -6.65602e-6 0 1 1.04781e-5 0 1 -3.32526e-6 0 1 -8.47527e-6 0 1 5.08488e-6 0 1 8.47527e-6 0 1 -5.08488e-6 0 1 -1.03201e-5 0 1 3.34968e-6 0 1 6.65602e-6 0 1 -6.65177e-6 0 1 6.74837e-6 0 1 -6.78334e-6 0 1 -6.92578e-6 0 1 3.29433e-6 0 1 8.39242e-6 0 1 -5.03491e-6 0 0 3.27518e-7 -1 0 0.3419988 -0.9397005 0 0.341995 -0.9397019 0 2.1674e-6 -1 0 0.6428155 -0.7660211 0 0.6428253 -0.7660129 0 0.6428425 -0.7659984 0 0.8660169 -0.5000147 0 0.8660339 -0.4999855 0 0.6428305 -0.7660086 -1.68508e-6 0.9848113 -0.1736282 0 0.9848146 -0.1736093 0 0.9848067 0.1736547 0 0.9848192 0.1735836 0 0.865986 0.5000684 0 0.8660225 0.500005 0 0.6428086 0.7660269 0 0.6427966 0.7660369 0 0.642863 0.7659811 -1.16008e-6 0.3420388 0.9396859 0 0.342041 0.9396851 0 0.6428712 0.7659744 0 6.64669e-7 1 0 2.51419e-6 1 0 -0.3419996 0.9397002 0 -0.3420366 0.9396867 0 -0.642863 0.7659811 0 -0.6428344 0.7660053 -6.02313e-6 -0.8660104 0.5000259 0 -0.8659957 0.5000516 0 -0.6428212 0.7660163 0 -0.6427972 0.7660365 0 -0.9848092 0.1736401 0 -0.9848148 0.1736087 0 -0.8660275 -0.4999964 0 -0.8660128 -0.5000221 0 -0.9848171 -0.1735953 0 -0.9848188 -0.1735856 0 -0.6428311 -0.766008 0 -0.642855 -0.7659879 0 -0.6428168 -0.7660199 0 -0.6427865 -0.7660455 -1.29566e-6 -0.3419929 -0.9397026 0 -0.3419578 -0.9397153 0.3162015 -0.3244974 0.8914696 0.3161978 3.04302e-5 0.9486933 0.3163004 0.3244855 0.8914389 0.3164497 0.6097711 0.7266628 0.3162114 0.6098436 0.7267057 0.3161241 0.821644 0.4743068 0.3162367 0.9342747 0.1646974 0.3162034 0.9342888 -0.1646814 0.3162534 0.8215904 -0.4743131 0.3161416 0.6098581 -0.7267239 0.3161329 0.3245008 -0.8914927 0.3166732 0.6097718 -0.7265648 0.316549 5.09817e-6 -0.9485762 0.316189 -0.3244605 -0.8914875 0.3164619 -0.6097924 -0.7266396 0.3161233 -0.609839 -0.726748 0.3161587 -0.821628 -0.4743113 0.3161285 -0.9343075 -0.1647192 0.3162031 -0.9342833 -0.1647133 0.3161712 -0.9342915 0.1647278 0.3161815 -0.8216303 0.4742923 0.3162068 -0.6098343 0.7267155 0.3164408 -0.6097697 0.7266679 0.9486704 0 0.3162666 0.9486672 -0.1081984 0.2971932 0.9486758 0.1082032 0.2971638 0.9486818 0.2032357 0.242277 0.9486953 0.2738184 0.1581166 0.9486989 0.311383 0.05487382 0.948693 0.3114056 -0.05484718 0.9487242 0.273734 -0.1580888 0.9486693 0.2032808 -0.2422884 0.9486868 0.108213 -0.2971252 0.9486556 -1.47494e-4 -0.3163108 0.948667 -0.1082257 -0.2971839 0.948684 -0.2033451 -0.2421768 0.9487078 -0.2737945 -0.1580834 0.948714 -0.3113399 -0.05485635 0.9486884 -0.3114176 0.05485975 0.948666 -0.2739208 0.1581146 0.9486723 -0.2032603 0.2422936 -1 -3.08307e-7 0 -0.003068029 -0.9999954 0 -0.9731768 0 0.2300586 1 0 0 -0.9999997 -7.89708e-4 0 -4.78376e-4 1 0 -1 -1.95659e-6 0 0 1 0 1 3.61992e-6 0 -1 8.79309e-6 0 -1 1.45308e-5 0</float_array>
          <technique_common>
            <accessor source="#Conveyor01Frame02_Conveyor_0_007-mesh-normals-array" count="3621" stride="3">
              <param name="X" type="float"/>
              <param name="Y" type="float"/>
              <param name="Z" type="float"/>
            </accessor>
          </technique_common>
        </source>
        <source id="Conveyor01Frame02_Conveyor_0_007-mesh-map-0">
          <float_array id="Conveyor01Frame02_Conveyor_0_007-mesh-map-0-array" count="26256">5e-4 0.2224 0.4325454 0.226794 0.4325 0.215575 0.006299972 0.2282 0.4325321 0.2281025 0.003699958 0.2278 0.001899957 0.2267 0.4325516 0.2273995 9e-4 0.2249 0.1789 0.03320002 0.6051551 0.0326367 0.1789 0.0309 0.5765 0.1276 0.5765 0.1205999 0.5751 0.132 0.5751 0.132 0.5762 0.1302 0.5765 0.1276 0.5733 0.133 0.5751 0.132 0.5765 0.1205999 0.5765 0.1205999 0.5708 0.1334 0.5733 0.133 0.5765 0.1205999 0.1445 0.1205999 0.1445 0.12585 0.5708 0.1334 0.1445151 0.1290646 0.1445342 0.1310065 0.5708 0.1334 0.144485 0.1323509 0.1444739 0.1330993 0.5765 0.3425 0.1445 0.343025 0.5765 0.3446 0.7341 0.5547 0.7341 0.5569 0.7362 0.5569 0.7362 0.5569 0.7362 0.5425 0.7341 0.5547 0.7341 0.5402 0.7341 0.5547 0.7362 0.5425 5e-4 0.1635 0.4325 0.1599 5e-4 0.1491 0.7506 0.02289998 0.3185999 0.02347499 0.7506 0.0252 0.1445 0.3198 0.1445 0.336825 0.5765 0.3198 5e-4 0.2684 0.4325 0.262725 5e-4 0.2457 0.7114 0.5569 0.7341 0.5569 0.7341 0.5547 0.7341 0.5547 0.7114 0.5547 0.7114 0.5569 0.7432 0.5402 0.7432 0.5425 0.7457 0.5425 0.7457 0.5425 0.7457 0.5402 0.7432 0.5402 0.7457 0.5425 0.7475 0.5425 0.7475 0.5402 0.7475 0.5402 0.7457 0.5402 0.7457 0.5425 0.1746 0.03320002 0.1764 0.03320002 0.1764 0.0309 0.1764 0.0309 0.1746 0.0309 0.1746 0.03320002 0.1789 0.03320002 0.1789 0.0309 0.1764 0.0309 0.1764 0.0309 0.1764 0.03320002 0.1789 0.03320002 0.7432 0.5402 0.7341 0.5402 0.7362 0.5425 0.7362 0.5425 0.7432 0.5425 0.7432 0.5402 0.5765 0.1974999 0.1445 0.201125 0.5765 0.212 0.6064631 0.01402574 0.175 0.0144 0.175 0.01289999 0.175 0.01160001 0.606463 0.01160001 0.6064631 0.0104742 0.576 0.1067 0.5764 0.1065999 0.5765 0.1061999 0.5765 0.1061999 0.5765 0.09539997 0.576 0.1067 0.576 0.1067 0.1445 0.09539997 0.144519 0.09822779 0.001099944 0.083 0.432546 0.08295011 6e-4 0.08279997 5e-4 0.08240002 0.432557 0.08053243 5e-4 0.07309997 0.7109 0.7117 0.7109 0.7051 0.7094 0.7051 0.7094 0.7051 0.7094 0.7132 0.7109 0.7117 0.576 0.06319999 0.1445289 0.06322491 0.5764 0.06330001 0.5765 0.06379997 0.144518 0.06334954 0.144467 0.06342488 0.5765 0.06379997 0.1445 0.06379997 0.1445 0.06979995 0.001099944 0.03500002 0.4325 0.04220002 0.432506 0.04039818 6e-4 0.03509998 5e-4 0.03549998 5e-4 0.04220002 5e-4 0.04220002 0.001099944 0.03500002 6e-4 0.03509998 0.7202 0.7132 0.7206 0.7132 0.7206 0.7117 0.7206 0.7117 0.7202 0.7117 0.7202 0.7132 0.175 0.0144 0.175 0.01289999 0.1746 0.01289999 0.1746 0.01289999 0.175 0.0144 0.1746 0.0144 0.175 0.01160001 0.175 0.0101 0.1746 0.0101 0.1746 0.0101 0.1746 0.01160001 0.175 0.01160001 0.7094 0.7051 0.7109 0.7051 0.7109 0.7047 0.7109 0.7047 0.7094 0.7047 0.7094 0.7051 0.7109 0.7117 0.7094 0.7132 0.7202 0.7132 0.7202 0.7132 0.7202 0.7117 0.7109 0.7117 0.202 8.00014e-4 0.2005 8.00014e-4 0.2005 0.001900017 0.2005 0.001900017 0.202 0.001900017 0.202 8.00014e-4 0.2005 8.00014e-4 0.1991 8.00014e-4 0.1991 0.001900017 0.1991 0.001900017 0.2005 0.001900017 0.2005 8.00014e-4 0.64 0.7242 0.6389 0.7242 0.6389 0.7254 0.6389 0.7254 0.64 0.7254 0.64 0.7242 0.64 0.7254 0.6389 0.7254 0.6389 0.7268 0.6389 0.7268 0.64 0.7268 0.64 0.7254 0.64 0.7268 0.6389 0.7268 0.6389 0.7283 0.6389 0.7283 0.64 0.7283 0.64 0.7268 0.64 0.7283 0.6389 0.7283 0.6389 0.7297 0.6389 0.7297 0.64 0.7297 0.64 0.7283 0.64 0.7297 0.6389 0.7297 0.6389 0.7308 0.6389 0.7308 0.64 0.7308 0.64 0.7297 0.8676 0.3776 0.8676 0.3765 0.8663 0.3765 0.8663 0.3765 0.8663 0.3776 0.8676 0.3776 0.8663 0.3776 0.8663 0.3765 0.8648 0.3765 0.8648 0.3765 0.8648 0.3776 0.8663 0.3776 0.8648 0.3776 0.8648 0.3765 0.8633 0.3765 0.8633 0.3765 0.8633 0.3776 0.8648 0.3776 0.8633 0.3776 0.8633 0.3765 0.862 0.3765 0.862 0.3765 0.862 0.3776 0.8633 0.3776 0.6431 0.8676 0.642 0.8676 0.642 0.8687 0.642 0.8687 0.6431 0.8687 0.6431 0.8676 0.6431 0.8687 0.642 0.8687 0.642 0.8701 0.642 0.8701 0.6431 0.8701 0.6431 0.8687 0.6431 0.8701 0.642 0.8701 0.642 0.8716 0.642 0.8716 0.6431 0.8716 0.6431 0.8701 0.6431 0.8716 0.642 0.8716 0.642 0.873 0.642 0.873 0.6431 0.873 0.6431 0.8716 0.6431 0.873 0.642 0.873 0.642 0.8742 0.642 0.8742 0.6431 0.8742 0.6431 0.873 0.2034 0.001900017 0.2046 0.001900017 0.2046 8.00014e-4 0.2046 8.00014e-4 0.2034 8.00014e-4 0.2034 0.001900017 0.202 8.00014e-4 0.202 0.001900017 0.2034 0.001900017 0.2034 0.001900017 0.2034 8.00014e-4 0.202 8.00014e-4 0.6077 0.1736999 0.6082 0.1744999 0.6089 0.1751999 0.6089 0.1751999 0.6077 0.1717 0.6077 0.1736999 0.6089 0.1751999 0.6099 0.1754999 0.6109 0.1754999 0.6109 0.1754999 0.6126 0.1744999 0.6089 0.1751999 0.6109 0.1754999 0.6118 0.1751999 0.6126 0.1744999 0.6126 0.1744999 0.6131 0.1736999 0.6132 0.1726999 0.6132 0.1726999 0.6126 0.1707999 0.6126 0.1744999 0.6132 0.1726999 0.6131 0.1717 0.6126 0.1707999 0.6126 0.1707999 0.6118 0.1701999 0.6109 0.1699 0.6109 0.1699 0.6089 0.1701999 0.6126 0.1707999 0.6109 0.1699 0.6099 0.1699 0.6089 0.1701999 0.6089 0.1751999 0.6126 0.1744999 0.6126 0.1707999 0.6126 0.1707999 0.6089 0.1701999 0.6089 0.1751999 0.6077 0.1717 0.6089 0.1751999 0.6089 0.1701999 0.6089 0.1701999 0.6082 0.1707999 0.6077 0.1717 0.6075 0.1726999 0.6077 0.1736999 0.6077 0.1717 0.7321 0.7201 0.7307 0.7201 0.7309 0.7216 0.7309 0.7216 0.7323 0.7211 0.7321 0.7201 0.7317 0.7229 0.7328 0.7219 0.7323 0.7211 0.7323 0.7211 0.7309 0.7216 0.7317 0.7229 0.7336 0.7226 0.7328 0.7219 0.7317 0.7229 0.7317 0.7229 0.7328 0.7238 0.7336 0.7226 0.7328 0.7238 0.7343 0.7244001 0.7345 0.7229 0.7345 0.7229 0.7336 0.7226 0.7328 0.7238 0.7345 0.7229 0.7343 0.7244001 0.7358 0.7244001 0.7358 0.7244001 0.7355 0.7229 0.7345 0.7229 0.7355 0.7229 0.7358 0.7244001 0.7372 0.7238 0.7372 0.7238 0.7364 0.7226 0.7355 0.7229 0.7372 0.7219 0.7364 0.7226 0.7372 0.7238 0.7372 0.7238 0.7383 0.7229 0.7372 0.7219 0.7372 0.7219 0.7383 0.7229 0.7391 0.7216 0.7391 0.7216 0.7377 0.7211 0.7372 0.7219 0.7377 0.7211 0.7391 0.7216 0.7393 0.7201 0.7393 0.7201 0.7379 0.7201 0.7377 0.7211 0.7379 0.7201 0.7393 0.7201 0.7391 0.7186 0.7391 0.7186 0.7377 0.7191 0.7379 0.7201 0.7377 0.7191 0.7391 0.7186 0.7383 0.7173 0.7383 0.7173 0.7372 0.7183 0.7377 0.7191 0.7372 0.7183 0.7383 0.7173 0.7372 0.7164 0.7372 0.7164 0.7364 0.7176 0.7372 0.7183 0.7364 0.7176 0.7372 0.7164 0.7358 0.7158 0.7358 0.7158 0.7355 0.7173 0.7364 0.7176 0.7355 0.7173 0.7358 0.7158 0.7343 0.7158 0.7343 0.7158 0.7345 0.7173 0.7355 0.7173 0.7345 0.7173 0.7343 0.7158 0.7328 0.7164 0.7328 0.7164 0.7336 0.7176 0.7345 0.7173 0.7336 0.7176 0.7328 0.7164 0.7317 0.7173 0.7317 0.7173 0.7328 0.7183 0.7336 0.7176 0.7309 0.7186 0.7323 0.7191 0.7328 0.7183 0.7328 0.7183 0.7317 0.7173 0.7309 0.7186 0.7321 0.7201 0.7323 0.7191 0.7309 0.7186 0.7309 0.7186 0.7307 0.7201 0.7321 0.7201 0.7215 0.7102 0.7215 0.7112 0.7221 0.7112 0.7221 0.7112 0.7221 0.7102 0.7215 0.7102 0.7221 0.7121 0.7221 0.7112 0.7215 0.7112 0.7215 0.7112 0.7215 0.7121 0.7221 0.7121 0.5857 0.6339 0.5857 0.6346001 0.5863 0.6346001 0.5863 0.6346001 0.5863 0.6339 0.5857 0.6339 0.5857 0.6356 0.5863 0.6356 0.5863 0.6346001 0.5863 0.6346001 0.5857 0.6346001 0.5857 0.6356 0.5857 0.6365 0.5863 0.6365 0.5863 0.6356 0.5863 0.6356 0.5857 0.6356 0.5857 0.6365 0.5857 0.6365 0.5857 0.6375 0.5863 0.6375 0.5863 0.6375 0.5863 0.6365 0.5857 0.6365 0.5857 0.6382001 0.5863 0.6382001 0.5863 0.6375 0.5863 0.6375 0.5857 0.6375 0.5857 0.6382001 0.7592 0.8272 0.7592 0.8278 0.7601 0.8278 0.7601 0.8278 0.7601 0.8272 0.7592 0.8272 0.7601 0.8272 0.7601 0.8278 0.761 0.8278 0.761 0.8278 0.761 0.8272 0.7601 0.8272 0.761 0.8272 0.761 0.8278 0.762 0.8278 0.762 0.8278 0.762 0.8272 0.761 0.8272 0.762 0.8272 0.762 0.8278 0.7629 0.8278 0.7629 0.8278 0.7629 0.8272 0.762 0.8272 0.7544 0.8272 0.7544 0.8278 0.7552 0.8278 0.7552 0.8278 0.7552 0.8272 0.7544 0.8272 0.7552 0.8272 0.7552 0.8278 0.7561 0.8278 0.7561 0.8278 0.7561 0.8272 0.7552 0.8272 0.7561 0.8272 0.7561 0.8278 0.7571 0.8278 0.7571 0.8278 0.7571 0.8272 0.7561 0.8272 0.7571 0.8278 0.758 0.8278 0.758 0.8272 0.758 0.8272 0.7571 0.8272 0.7571 0.8278 0.7588 0.8278 0.7588 0.8272 0.758 0.8272 0.758 0.8272 0.758 0.8278 0.7588 0.8278 0.7221 0.7085 0.7215 0.7085 0.7215 0.7092 0.7215 0.7092 0.7221 0.7092 0.7221 0.7085 0.7215 0.7092 0.7215 0.7102 0.7221 0.7102 0.7221 0.7102 0.7221 0.7092 0.7215 0.7092 0.7364 0.4086 0.7364 0.4098 0.7379 0.4098 0.7379 0.4098 0.7379 0.4086 0.7364 0.4086 0.7364 0.4086 0.735 0.4086 0.735 0.4098 0.735 0.4098 0.7364 0.4098 0.7364 0.4086 0.737 0.5554 0.737 0.5565 0.7382 0.5565 0.7382 0.5565 0.7382 0.5554 0.737 0.5554 0.7382 0.5554 0.7382 0.5565 0.7396 0.5565 0.7396 0.5565 0.7396 0.5554 0.7382 0.5554 0.7396 0.5554 0.7396 0.5565 0.7411 0.5565 0.7411 0.5565 0.7411 0.5554 0.7396 0.5554 0.7411 0.5554 0.7411 0.5565 0.7425 0.5565 0.7425 0.5565 0.7425 0.5554 0.7411 0.5554 0.7425 0.5554 0.7425 0.5565 0.7436 0.5565 0.7436 0.5565 0.7436 0.5554 0.7425 0.5554 0.6291 0.736 0.6291 0.7349 0.6278 0.7349 0.6278 0.7349 0.6278 0.736 0.6291 0.736 0.6263 0.736 0.6278 0.736 0.6278 0.7349 0.6278 0.7349 0.6263 0.7349 0.6263 0.736 0.6263 0.736 0.6263 0.7349 0.6248 0.7349 0.6248 0.7349 0.6248 0.736 0.6263 0.736 0.6248 0.736 0.6248 0.7349 0.6235 0.7349 0.6235 0.7349 0.6235 0.736 0.6248 0.736 0.8833 0.5414 0.8845 0.5414 0.8845 0.5403 0.8845 0.5403 0.8833 0.5403 0.8833 0.5414 0.8833 0.5414 0.8833 0.5403 0.8819 0.5403 0.8819 0.5403 0.8819 0.5414 0.8833 0.5414 0.8819 0.5414 0.8819 0.5403 0.8804 0.5403 0.8804 0.5403 0.8804 0.5414 0.8819 0.5414 0.8804 0.5414 0.8804 0.5403 0.879 0.5403 0.879 0.5403 0.879 0.5414 0.8804 0.5414 0.879 0.5414 0.879 0.5403 0.8779 0.5403 0.8779 0.5403 0.8779 0.5414 0.879 0.5414 0.7405 0.4098 0.7405 0.4086 0.7393 0.4086 0.7393 0.4086 0.7393 0.4098 0.7405 0.4098 0.7393 0.4098 0.7393 0.4086 0.7379 0.4086 0.7379 0.4086 0.7379 0.4098 0.7393 0.4098 0.5789 0.2019 0.5797 0.2024999 0.5784 0.1991 0.5784 0.1991 0.5784 0.2009999 0.5789 0.2019 0.5797 0.2024999 0.5806 0.2028999 0.5816 0.2028999 0.5816 0.2028999 0.5833 0.2019 0.5797 0.2024999 0.5816 0.2028999 0.5825 0.2024999 0.5833 0.2019 0.5833 0.2019 0.5838 0.2009999 0.584 0.1999999 0.584 0.1999999 0.5833 0.1981999 0.5833 0.2019 0.584 0.1999999 0.5838 0.1991 0.5833 0.1981999 0.5797 0.1976 0.5833 0.1981999 0.5825 0.1976 0.5825 0.1976 0.5816 0.1972 0.5797 0.1976 0.5816 0.1972 0.5806 0.1972 0.5797 0.1976 0.5833 0.2019 0.5833 0.1981999 0.5797 0.1976 0.5797 0.1976 0.5797 0.2024999 0.5833 0.2019 0.5797 0.1976 0.5789 0.1981999 0.5784 0.1991 0.5784 0.1991 0.5797 0.2024999 0.5797 0.1976 0.5782 0.1999999 0.5784 0.2009999 0.5784 0.1991 0.7311 0.846 0.7314 0.8475 0.7328 0.847 0.7328 0.847 0.7326 0.846 0.7311 0.846 0.7321 0.8488 0.7333 0.8478 0.7328 0.847 0.7328 0.847 0.7314 0.8475 0.7321 0.8488 0.7321 0.8488 0.7333 0.8497 0.734 0.8485 0.734 0.8485 0.7333 0.8478 0.7321 0.8488 0.7347 0.8502 0.735 0.8488 0.734 0.8485 0.734 0.8485 0.7333 0.8497 0.7347 0.8502 0.7362 0.8502 0.7359 0.8488 0.735 0.8488 0.735 0.8488 0.7347 0.8502 0.7362 0.8502 0.7359 0.8488 0.7362 0.8502 0.7376 0.8497 0.7376 0.8497 0.7369 0.8485 0.7359 0.8488 0.7388 0.8488 0.7376 0.8478 0.7369 0.8485 0.7369 0.8485 0.7376 0.8497 0.7388 0.8488 0.7376 0.8478 0.7388 0.8488 0.7395 0.8475 0.7395 0.8475 0.7381 0.847 0.7376 0.8478 0.7395 0.8475 0.7398 0.846 0.7383 0.846 0.7383 0.846 0.7381 0.847 0.7395 0.8475 0.7395 0.8445 0.7381 0.845 0.7383 0.846 0.7383 0.846 0.7398 0.846 0.7395 0.8445 0.7388 0.8432 0.7376 0.8442 0.7381 0.845 0.7381 0.845 0.7395 0.8445 0.7388 0.8432 0.7376 0.8423 0.7369 0.8435 0.7376 0.8442 0.7376 0.8442 0.7388 0.8432 0.7376 0.8423 0.7376 0.8423 0.7362 0.8417 0.7359 0.8432 0.7359 0.8432 0.7369 0.8435 0.7376 0.8423 0.7362 0.8417 0.7347 0.8417 0.735 0.8432 0.735 0.8432 0.7359 0.8432 0.7362 0.8417 0.735 0.8432 0.7347 0.8417 0.7333 0.8423 0.7333 0.8423 0.734 0.8435 0.735 0.8432 0.734 0.8435 0.7333 0.8423 0.7321 0.8432 0.7321 0.8432 0.7333 0.8442 0.734 0.8435 0.7333 0.8442 0.7321 0.8432 0.7314 0.8445 0.7314 0.8445 0.7328 0.845 0.7333 0.8442 0.7311 0.846 0.7326 0.846 0.7328 0.845 0.7328 0.845 0.7314 0.8445 0.7311 0.846 0.7519 0.7314 0.7519 0.7319 0.7529 0.7319 0.7529 0.7319 0.7529 0.7314 0.7519 0.7314 0.7519 0.7314 0.7511 0.7314 0.7511 0.7319 0.7511 0.7319 0.7519 0.7319 0.7519 0.7314 0.7448 0.8272 0.7448 0.8278 0.7455 0.8278 0.7455 0.8278 0.7455 0.8272 0.7448 0.8272 0.7455 0.8278 0.7465 0.8278 0.7465 0.8272 0.7465 0.8272 0.7455 0.8272 0.7455 0.8278 0.7465 0.8278 0.7475 0.8278 0.7475 0.8272 0.7475 0.8272 0.7465 0.8272 0.7465 0.8278 0.7484 0.8278 0.7484 0.8272 0.7475 0.8272 0.7475 0.8272 0.7475 0.8278 0.7484 0.8278 0.7492 0.8278 0.7492 0.8272 0.7484 0.8272 0.7484 0.8272 0.7484 0.8278 0.7492 0.8278 0.7592 0.8296 0.7592 0.829 0.7584 0.829 0.7584 0.829 0.7584 0.8296 0.7592 0.8296 0.7602 0.829 0.7592 0.829 0.7592 0.8296 0.7592 0.8296 0.7602 0.8296 0.7602 0.829 0.7602 0.829 0.7602 0.8296 0.7612 0.8296 0.7612 0.8296 0.7612 0.829 0.7602 0.829 0.7612 0.8296 0.7621 0.8296 0.7621 0.829 0.7621 0.829 0.7612 0.829 0.7612 0.8296 0.7946 0.8748 0.7946 0.8742 0.7939 0.8742 0.7939 0.8742 0.7939 0.8748 0.7946 0.8748 0.7946 0.8748 0.7956 0.8748 0.7956 0.8742 0.7956 0.8742 0.7946 0.8742 0.7946 0.8748 0.7956 0.8742 0.7956 0.8748 0.7966 0.8748 0.7966 0.8748 0.7966 0.8742 0.7956 0.8742 0.7966 0.8748 0.7975 0.8748 0.7975 0.8742 0.7975 0.8742 0.7966 0.8742 0.7966 0.8748 0.7975 0.8742 0.7975 0.8748 0.7983 0.8748 0.7983 0.8748 0.7983 0.8742 0.7975 0.8742 0.7547 0.7314 0.7539 0.7314 0.7539 0.7319 0.7539 0.7319 0.7547 0.7319 0.7547 0.7314 0.7539 0.7314 0.7529 0.7314 0.7529 0.7319 0.7529 0.7319 0.7539 0.7319 0.7539 0.7314 0.7379 0.3792 0.7379 0.3781 0.7364 0.3781 0.7364 0.3781 0.7364 0.3792 0.7379 0.3792 0.735 0.3781 0.735 0.3792 0.7364 0.3792 0.7364 0.3792 0.7364 0.3781 0.735 0.3781 0.6361 0.7349 0.635 0.7349 0.635 0.736 0.635 0.736 0.6361 0.736 0.6361 0.7349 0.6336 0.736 0.635 0.736 0.635 0.7349 0.635 0.7349 0.6336 0.7349 0.6336 0.736 0.6336 0.7349 0.6321 0.7349 0.6321 0.736 0.6321 0.736 0.6336 0.736 0.6336 0.7349 0.6321 0.7349 0.6307 0.7349 0.6307 0.736 0.6307 0.736 0.6321 0.736 0.6321 0.7349 0.6307 0.736 0.6307 0.7349 0.6295 0.7349 0.6295 0.7349 0.6295 0.736 0.6307 0.736 0.629 0.733 0.6277 0.733 0.6277 0.7341 0.6277 0.7341 0.629 0.7341 0.629 0.733 0.6262 0.733 0.6262 0.7341 0.6277 0.7341 0.6277 0.7341 0.6277 0.733 0.6262 0.733 0.6262 0.733 0.6247 0.733 0.6247 0.7341 0.6247 0.7341 0.6262 0.7341 0.6262 0.733 0.6234 0.733 0.6234 0.7341 0.6247 0.7341 0.6247 0.7341 0.6247 0.733 0.6234 0.733 0.6177 0.7216 0.6177 0.7228 0.6188 0.7228 0.6188 0.7228 0.6188 0.7216 0.6177 0.7216 0.6188 0.7242 0.6188 0.7228 0.6177 0.7228 0.6177 0.7228 0.6177 0.7242 0.6188 0.7242 0.6177 0.7257 0.6188 0.7257 0.6188 0.7242 0.6188 0.7242 0.6177 0.7242 0.6177 0.7257 0.6177 0.7257 0.6177 0.7271 0.6188 0.7271 0.6188 0.7271 0.6188 0.7257 0.6177 0.7257 0.6188 0.7271 0.6177 0.7271 0.6177 0.7282 0.6177 0.7282 0.6188 0.7282 0.6188 0.7271 0.7405 0.3781 0.7393 0.3781 0.7393 0.3792 0.7393 0.3792 0.7405 0.3792 0.7405 0.3781 0.7393 0.3792 0.7393 0.3781 0.7379 0.3781 0.7379 0.3781 0.7379 0.3792 0.7393 0.3792 0.609 0.2059999 0.6098 0.2067 0.6085 0.2031999 0.6085 0.2031999 0.6085 0.2052 0.609 0.2059999 0.6134 0.2059999 0.6098 0.2067 0.6107 0.207 0.6107 0.207 0.6117 0.207 0.6134 0.2059999 0.6117 0.207 0.6126 0.2067 0.6134 0.2059999 0.6134 0.2059999 0.6139 0.2052 0.6141 0.2042 0.6141 0.2042 0.6134 0.2024 0.6134 0.2059999 0.6141 0.2042 0.6139 0.2031999 0.6134 0.2024 0.6134 0.2024 0.6126 0.2016999 0.6117 0.2013999 0.6117 0.2013999 0.6098 0.2016999 0.6134 0.2024 0.6117 0.2013999 0.6107 0.2013999 0.6098 0.2016999 0.6134 0.2059999 0.6134 0.2024 0.6098 0.2016999 0.6098 0.2016999 0.6098 0.2067 0.6134 0.2059999 0.6098 0.2067 0.6098 0.2016999 0.609 0.2024 0.609 0.2024 0.6085 0.2031999 0.6098 0.2067 0.6083 0.2042 0.6085 0.2052 0.6085 0.2031999 0.6428 0.6603 0.6426 0.6593 0.6411 0.6593 0.6411 0.6593 0.6414 0.6608 0.6428 0.6603 0.6421 0.6621 0.6433 0.6612 0.6428 0.6603 0.6428 0.6603 0.6414 0.6608 0.6421 0.6621 0.6433 0.6612 0.6421 0.6621 0.6433 0.6631 0.6433 0.6631 0.644 0.6618 0.6433 0.6612 0.6447 0.6636 0.6449 0.6621 0.644 0.6618 0.644 0.6618 0.6433 0.6631 0.6447 0.6636 0.6449 0.6621 0.6447 0.6636 0.6462 0.6636 0.6462 0.6636 0.6459 0.6621 0.6449 0.6621 0.6476 0.6631 0.6469 0.6618 0.6459 0.6621 0.6459 0.6621 0.6462 0.6636 0.6476 0.6631 0.6487 0.6621 0.6476 0.6612 0.6469 0.6618 0.6469 0.6618 0.6476 0.6631 0.6487 0.6621 0.6487 0.6621 0.6495 0.6608 0.6481 0.6603 0.6481 0.6603 0.6476 0.6612 0.6487 0.6621 0.6498 0.6593 0.6483 0.6593 0.6481 0.6603 0.6481 0.6603 0.6495 0.6608 0.6498 0.6593 0.6498 0.6593 0.6495 0.6579 0.6481 0.6584 0.6481 0.6584 0.6483 0.6593 0.6498 0.6593 0.6481 0.6584 0.6495 0.6579 0.6487 0.6566 0.6487 0.6566 0.6476 0.6575 0.6481 0.6584 0.6487 0.6566 0.6476 0.6556 0.6469 0.6569 0.6469 0.6569 0.6476 0.6575 0.6487 0.6566 0.6462 0.6551 0.6459 0.6565 0.6469 0.6569 0.6469 0.6569 0.6476 0.6556 0.6462 0.6551 0.6447 0.6551 0.6449 0.6565 0.6459 0.6565 0.6459 0.6565 0.6462 0.6551 0.6447 0.6551 0.6433 0.6556 0.644 0.6569 0.6449 0.6565 0.6449 0.6565 0.6447 0.6551 0.6433 0.6556 0.6433 0.6556 0.6421 0.6566 0.6433 0.6575 0.6433 0.6575 0.644 0.6569 0.6433 0.6556 0.6414 0.6579 0.6428 0.6584 0.6433 0.6575 0.6433 0.6575 0.6421 0.6566 0.6414 0.6579 0.6428 0.6584 0.6414 0.6579 0.6411 0.6593 0.6411 0.6593 0.6426 0.6593 0.6428 0.6584 0.7028 0.6979 0.7028 0.6988 0.7034 0.6988 0.7034 0.6988 0.7034 0.6979 0.7028 0.6979 0.7028 0.6997 0.7034 0.6997 0.7034 0.6988 0.7034 0.6988 0.7028 0.6988 0.7028 0.6997 0.7496 0.8278 0.7504 0.8278 0.7504 0.8272 0.7504 0.8272 0.7496 0.8272 0.7496 0.8278 0.7504 0.8278 0.7513 0.8278 0.7513 0.8272 0.7513 0.8272 0.7504 0.8272 0.7504 0.8278 0.7513 0.8278 0.7523 0.8278 0.7523 0.8272 0.7523 0.8272 0.7513 0.8272 0.7513 0.8278 0.7523 0.8272 0.7523 0.8278 0.7532 0.8278 0.7532 0.8278 0.7532 0.8272 0.7523 0.8272 0.754 0.8272 0.7532 0.8272 0.7532 0.8278 0.7532 0.8278 0.754 0.8278 0.754 0.8272 0.7069 0.7072 0.7069 0.7081 0.7075 0.7081 0.7075 0.7081 0.7075 0.7072 0.7069 0.7072 0.7075 0.7091 0.7075 0.7081 0.7069 0.7081 0.7069 0.7081 0.7069 0.7091 0.7075 0.7091 0.7069 0.7101 0.7075 0.7101 0.7075 0.7091 0.7075 0.7091 0.7069 0.7091 0.7069 0.7101 0.7075 0.7101 0.7069 0.7101 0.7069 0.7109 0.7069 0.7109 0.7075 0.7109 0.7075 0.7101 0.7495 0.8296 0.7495 0.829 0.7488 0.829 0.7488 0.829 0.7488 0.8296 0.7495 0.8296 0.7495 0.8296 0.7505 0.8296 0.7505 0.829 0.7505 0.829 0.7495 0.829 0.7495 0.8296 0.7514 0.8296 0.7514 0.829 0.7505 0.829 0.7505 0.829 0.7505 0.8296 0.7514 0.8296 0.7514 0.8296 0.7524 0.8296 0.7524 0.829 0.7524 0.829 0.7514 0.829 0.7514 0.8296 0.7524 0.8296 0.7531 0.8296 0.7531 0.829 0.7531 0.829 0.7524 0.829 0.7524 0.8296 0.7028 0.696 0.7028 0.6969 0.7034 0.6969 0.7034 0.6969 0.7034 0.696 0.7028 0.696 0.7028 0.6969 0.7028 0.6979 0.7034 0.6979 0.7034 0.6979 0.7034 0.6969 0.7028 0.6969 0.6562 0.624 0.6547 0.624 0.6547 0.6251 0.6547 0.6251 0.6562 0.6251 0.6562 0.624 0.6547 0.624 0.6533 0.624 0.6533 0.6251 0.6533 0.6251 0.6547 0.6251 0.6547 0.624 0.8687 0.4375 0.8675 0.4375 0.8675 0.4386 0.8675 0.4386 0.8687 0.4386 0.8687 0.4375 0.8675 0.4375 0.8661 0.4375 0.8661 0.4386 0.8661 0.4386 0.8675 0.4386 0.8675 0.4375 0.8661 0.4375 0.8646 0.4375 0.8646 0.4386 0.8646 0.4386 0.8661 0.4386 0.8661 0.4375 0.8646 0.4375 0.8632 0.4375 0.8632 0.4386 0.8632 0.4386 0.8646 0.4386 0.8646 0.4375 0.8632 0.4375 0.862 0.4375 0.862 0.4386 0.862 0.4386 0.8632 0.4386 0.8632 0.4375 0.7643 0.3556 0.763 0.3556 0.763 0.3567 0.763 0.3567 0.7643 0.3567 0.7643 0.3556 0.763 0.3556 0.7615 0.3556 0.7615 0.3567 0.7615 0.3567 0.763 0.3567 0.763 0.3556 0.7615 0.3556 0.76 0.3556 0.76 0.3567 0.76 0.3567 0.7615 0.3567 0.7615 0.3556 0.76 0.3556 0.7587 0.3556 0.7587 0.3567 0.7587 0.3567 0.76 0.3567 0.76 0.3556 0.6214 0.726 0.6214 0.7272 0.6225 0.7272 0.6225 0.7272 0.6225 0.726 0.6214 0.726 0.6214 0.7272 0.6214 0.7286 0.6225 0.7286 0.6225 0.7286 0.6225 0.7272 0.6214 0.7272 0.6214 0.7286 0.6214 0.7301 0.6225 0.7301 0.6225 0.7301 0.6225 0.7286 0.6214 0.7286 0.6214 0.7301 0.6214 0.7315 0.6225 0.7315 0.6225 0.7315 0.6225 0.7301 0.6214 0.7301 0.6214 0.7315 0.6214 0.7326 0.6225 0.7326 0.6225 0.7326 0.6225 0.7315 0.6214 0.7315 0.6587 0.624 0.6576 0.624 0.6576 0.6251 0.6576 0.6251 0.6587 0.6251 0.6587 0.624 0.6562 0.6251 0.6576 0.6251 0.6576 0.624 0.6576 0.624 0.6562 0.624 0.6562 0.6251 0.7356 0.9259 0.7361 0.9267 0.7368 0.9274 0.7368 0.9274 0.7356 0.9239 0.7356 0.9259 0.7368 0.9274 0.7377 0.9277 0.7387 0.9277 0.7387 0.9277 0.7404 0.9267 0.7368 0.9274 0.7387 0.9277 0.7397 0.9274 0.7404 0.9267 0.7404 0.9267 0.7409 0.9259 0.7411 0.9249 0.7411 0.9249 0.7404 0.9231 0.7404 0.9267 0.7411 0.9249 0.7409 0.9239 0.7404 0.9231 0.7404 0.9231 0.7397 0.9224 0.7387 0.9221 0.7387 0.9221 0.7368 0.9224 0.7404 0.9231 0.7387 0.9221 0.7377 0.9221 0.7368 0.9224 0.7368 0.9274 0.7404 0.9267 0.7404 0.9231 0.7404 0.9231 0.7368 0.9224 0.7368 0.9274 0.7361 0.9231 0.7356 0.9239 0.7368 0.9274 0.7368 0.9274 0.7368 0.9224 0.7361 0.9231 0.7354 0.9249 0.7356 0.9259 0.7356 0.9239 0.6138 0.5094 0.6123 0.5094 0.6126 0.5109 0.6126 0.5109 0.614 0.5104 0.6138 0.5094 0.6133 0.5122 0.6145 0.5112 0.614 0.5104 0.614 0.5104 0.6126 0.5109 0.6133 0.5122 0.6152 0.5119 0.6145 0.5112 0.6133 0.5122 0.6133 0.5122 0.6145 0.5131 0.6152 0.5119 0.6152 0.5119 0.6145 0.5131 0.6159 0.5137 0.6159 0.5137 0.6162 0.5122 0.6152 0.5119 0.6162 0.5122 0.6159 0.5137 0.6174 0.5137 0.6174 0.5137 0.6172 0.5122 0.6162 0.5122 0.6174 0.5137 0.6188 0.5131 0.6181 0.5119 0.6181 0.5119 0.6172 0.5122 0.6174 0.5137 0.6181 0.5119 0.6188 0.5131 0.62 0.5122 0.62 0.5122 0.6188 0.5112 0.6181 0.5119 0.6188 0.5112 0.62 0.5122 0.6207 0.5109 0.6207 0.5109 0.6193 0.5104 0.6188 0.5112 0.6207 0.5109 0.621 0.5094 0.6195 0.5094 0.6195 0.5094 0.6193 0.5104 0.6207 0.5109 0.6195 0.5094 0.621 0.5094 0.6207 0.5079 0.6207 0.5079 0.6193 0.5084 0.6195 0.5094 0.6193 0.5084 0.6207 0.5079 0.62 0.5066 0.62 0.5066 0.6188 0.5076 0.6193 0.5084 0.6181 0.5069 0.6188 0.5076 0.62 0.5066 0.62 0.5066 0.6188 0.5057 0.6181 0.5069 0.6188 0.5057 0.6174 0.5052 0.6172 0.5066 0.6172 0.5066 0.6181 0.5069 0.6188 0.5057 0.6162 0.5066 0.6172 0.5066 0.6174 0.5052 0.6174 0.5052 0.6159 0.5052 0.6162 0.5066 0.6162 0.5066 0.6159 0.5052 0.6145 0.5057 0.6145 0.5057 0.6152 0.5069 0.6162 0.5066 0.6152 0.5069 0.6145 0.5057 0.6133 0.5066 0.6133 0.5066 0.6145 0.5076 0.6152 0.5069 0.6133 0.5066 0.6126 0.5079 0.614 0.5084 0.614 0.5084 0.6145 0.5076 0.6133 0.5066 0.6126 0.5079 0.6123 0.5094 0.6138 0.5094 0.6138 0.5094 0.614 0.5084 0.6126 0.5079 0.783 0.761 0.782 0.761 0.782 0.7616 0.782 0.7616 0.783 0.7616 0.783 0.761 0.7811 0.7616 0.782 0.7616 0.782 0.761 0.782 0.761 0.7811 0.761 0.7811 0.7616 0.7939 0.8724 0.7939 0.873 0.7946 0.873 0.7946 0.873 0.7946 0.8724 0.7939 0.8724 0.7955 0.8724 0.7946 0.8724 0.7946 0.873 0.7946 0.873 0.7955 0.873 0.7955 0.8724 0.7955 0.8724 0.7955 0.873 0.7965 0.873 0.7965 0.873 0.7965 0.8724 0.7955 0.8724 0.7965 0.8724 0.7965 0.873 0.7975 0.873 0.7975 0.873 0.7975 0.8724 0.7965 0.8724 0.7975 0.873 0.7982 0.873 0.7982 0.8724 0.7982 0.8724 0.7975 0.8724 0.7975 0.873 0.7215 0.7052 0.7221 0.7052 0.7221 0.7044 0.7221 0.7044 0.7215 0.7044 0.7215 0.7052 0.7221 0.7052 0.7215 0.7052 0.7215 0.7062 0.7215 0.7062 0.7221 0.7062 0.7221 0.7052 0.7221 0.7062 0.7215 0.7062 0.7215 0.7072 0.7215 0.7072 0.7221 0.7072 0.7221 0.7062 0.7221 0.7072 0.7215 0.7072 0.7215 0.708 0.7215 0.708 0.7221 0.708 0.7221 0.7072 0.7987 0.8742 0.7987 0.8748 0.7995 0.8748 0.7995 0.8748 0.7995 0.8742 0.7987 0.8742 0.7995 0.8742 0.7995 0.8748 0.8004 0.8748 0.8004 0.8748 0.8004 0.8742 0.7995 0.8742 0.8004 0.8742 0.8004 0.8748 0.8014 0.8748 0.8014 0.8748 0.8014 0.8742 0.8004 0.8742 0.8014 0.8742 0.8014 0.8748 0.8023 0.8748 0.8023 0.8748 0.8023 0.8742 0.8014 0.8742 0.8023 0.8748 0.8031 0.8748 0.8031 0.8742 0.8031 0.8742 0.8023 0.8742 0.8023 0.8748 0.7848 0.761 0.7839 0.761 0.7839 0.7616 0.7839 0.7616 0.7848 0.7616 0.7848 0.761 0.7839 0.761 0.783 0.761 0.783 0.7616 0.783 0.7616 0.7839 0.7616 0.7839 0.761 0.7823 0.8244 0.7808 0.8244 0.7808 0.8255 0.7808 0.8255 0.7823 0.8255 0.7823 0.8244 0.7808 0.8244 0.7793 0.8244 0.7793 0.8255 0.7793 0.8255 0.7808 0.8255 0.7808 0.8244 0.8845 0.5819 0.8833 0.5819 0.8833 0.583 0.8833 0.583 0.8845 0.583 0.8845 0.5819 0.8833 0.5819 0.8819 0.5819 0.8819 0.583 0.8819 0.583 0.8833 0.583 0.8833 0.5819 0.8819 0.5819 0.8804 0.5819 0.8804 0.583 0.8804 0.583 0.8819 0.583 0.8819 0.5819 0.8804 0.5819 0.879 0.5819 0.879 0.583 0.879 0.583 0.8804 0.583 0.8804 0.5819 0.879 0.5819 0.8779 0.5819 0.8779 0.583 0.8779 0.583 0.879 0.583 0.879 0.5819 0.6228 0.27 0.6215 0.27 0.6215 0.2711 0.6215 0.2711 0.6228 0.2711 0.6228 0.27 0.6215 0.27 0.62 0.27 0.62 0.2711 0.62 0.2711 0.6215 0.2711 0.6215 0.27 0.62 0.27 0.6185 0.27 0.6185 0.2711 0.6185 0.2711 0.62 0.2711 0.62 0.27 0.6185 0.27 0.6172 0.27 0.6172 0.2711 0.6172 0.2711 0.6185 0.2711 0.6185 0.27 0.6414 0.7216 0.6414 0.7228 0.6425 0.7228 0.6425 0.7228 0.6425 0.7216 0.6414 0.7216 0.6414 0.7228 0.6414 0.7242 0.6425 0.7242 0.6425 0.7242 0.6425 0.7228 0.6414 0.7228 0.6414 0.7242 0.6414 0.7257 0.6425 0.7257 0.6425 0.7257 0.6425 0.7242 0.6414 0.7242 0.6414 0.7257 0.6414 0.7271 0.6425 0.7271 0.6425 0.7271 0.6425 0.7257 0.6414 0.7257 0.6414 0.7271 0.6414 0.7282 0.6425 0.7282 0.6425 0.7282 0.6425 0.7271 0.6414 0.7271 0.7848 0.8244 0.7837 0.8244 0.7837 0.8255 0.7837 0.8255 0.7848 0.8255 0.7848 0.8244 0.7823 0.8255 0.7837 0.8255 0.7837 0.8244 0.7837 0.8244 0.7823 0.8244 0.7823 0.8255 0.6085 0.189 0.609 0.1898999 0.6098 0.1905 0.6098 0.1905 0.6085 0.1870999 0.6085 0.189 0.6098 0.1905 0.6107 0.1909 0.6117 0.1909 0.6117 0.1909 0.6134 0.1898999 0.6098 0.1905 0.6117 0.1909 0.6126 0.1905 0.6134 0.1898999 0.6134 0.1898999 0.6139 0.189 0.6141 0.188 0.6141 0.188 0.6134 0.1862 0.6134 0.1898999 0.6141 0.188 0.6139 0.1870999 0.6134 0.1862 0.6134 0.1862 0.6126 0.1855999 0.6117 0.1851999 0.6117 0.1851999 0.6098 0.1855999 0.6134 0.1862 0.6117 0.1851999 0.6107 0.1851999 0.6098 0.1855999 0.6098 0.1905 0.6134 0.1898999 0.6134 0.1862 0.6134 0.1862 0.6098 0.1855999 0.6098 0.1905 0.609 0.1862 0.6085 0.1870999 0.6098 0.1905 0.6098 0.1905 0.6098 0.1855999 0.609 0.1862 0.6083 0.188 0.6085 0.189 0.6085 0.1870999 0.9495 0.9952 0.948 0.9952 0.9483 0.9967 0.9483 0.9967 0.9497 0.9962 0.9495 0.9952 0.9491 0.998 0.9502 0.9971 0.9497 0.9962 0.9497 0.9962 0.9483 0.9967 0.9491 0.998 0.9509 0.9977 0.9502 0.9971 0.9491 0.998 0.9491 0.998 0.9502 0.999 0.9509 0.9977 0.9509 0.9977 0.9502 0.999 0.9516 0.9995 0.9516 0.9995 0.9519 0.9981 0.9509 0.9977 0.9519 0.9981 0.9516 0.9995 0.9531 0.9995 0.9531 0.9995 0.9529 0.9981 0.9519 0.9981 0.9531 0.9995 0.9545 0.999 0.9538 0.9977 0.9538 0.9977 0.9529 0.9981 0.9531 0.9995 0.9538 0.9977 0.9545 0.999 0.9557 0.998 0.9557 0.998 0.9546 0.9971 0.9538 0.9977 0.9546 0.9971 0.9557 0.998 0.9564 0.9967 0.9564 0.9967 0.955 0.9962 0.9546 0.9971 0.9564 0.9967 0.9567 0.9952 0.9552 0.9952 0.9552 0.9952 0.955 0.9962 0.9564 0.9967 0.9552 0.9952 0.9567 0.9952 0.9564 0.9938 0.9564 0.9938 0.955 0.9943 0.9552 0.9952 0.955 0.9943 0.9564 0.9938 0.9557 0.9925 0.9557 0.9925 0.9546 0.9934 0.955 0.9943 0.9538 0.9928 0.9546 0.9934 0.9557 0.9925 0.9557 0.9925 0.9545 0.9915 0.9538 0.9928 0.9545 0.9915 0.9531 0.991 0.9529 0.9924 0.9529 0.9924 0.9538 0.9928 0.9545 0.9915 0.9519 0.9924 0.9529 0.9924 0.9531 0.991 0.9531 0.991 0.9516 0.991 0.9519 0.9924 0.9519 0.9924 0.9516 0.991 0.9502 0.9915 0.9502 0.9915 0.9509 0.9928 0.9519 0.9924 0.9509 0.9928 0.9502 0.9915 0.9491 0.9925 0.9491 0.9925 0.9502 0.9934 0.9509 0.9928 0.9491 0.9925 0.9483 0.9938 0.9497 0.9943 0.9497 0.9943 0.9502 0.9934 0.9491 0.9925 0.9483 0.9938 0.948 0.9952 0.9495 0.9952 0.9495 0.9952 0.9497 0.9943 0.9483 0.9938 0.7018 0.6977 0.7018 0.6987 0.7024 0.6987 0.7024 0.6987 0.7024 0.6977 0.7018 0.6977 0.7024 0.6997 0.7024 0.6987 0.7018 0.6987 0.7018 0.6987 0.7018 0.6997 0.7024 0.6997 0.8035 0.8742 0.8035 0.8748 0.8043 0.8748 0.8043 0.8748 0.8043 0.8742 0.8035 0.8742 0.8052 0.8742 0.8043 0.8742 0.8043 0.8748 0.8043 0.8748 0.8052 0.8748 0.8052 0.8742 0.8052 0.8742 0.8052 0.8748 0.8062 0.8748 0.8062 0.8748 0.8062 0.8742 0.8052 0.8742 0.8062 0.8742 0.8062 0.8748 0.8071 0.8748 0.8071 0.8748 0.8071 0.8742 0.8062 0.8742 0.8071 0.8748 0.8079 0.8748 0.8079 0.8742 0.8079 0.8742 0.8071 0.8742 0.8071 0.8748 0.7633 0.8296 0.7633 0.829 0.7625 0.829 0.7625 0.829 0.7625 0.8296 0.7633 0.8296 0.7633 0.829 0.7633 0.8296 0.7643 0.8296 0.7643 0.8296 0.7643 0.829 0.7633 0.829 0.7643 0.829 0.7643 0.8296 0.7653 0.8296 0.7653 0.8296 0.7653 0.829 0.7643 0.829 0.7653 0.829 0.7653 0.8296 0.7662 0.8296 0.7662 0.8296 0.7662 0.829 0.7653 0.829 0.8035 0.8724 0.8035 0.873 0.8042 0.873 0.8042 0.873 0.8042 0.8724 0.8035 0.8724 0.8042 0.8724 0.8042 0.873 0.8052 0.873 0.8052 0.873 0.8052 0.8724 0.8042 0.8724 0.8052 0.8724 0.8052 0.873 0.8062 0.873 0.8062 0.873 0.8062 0.8724 0.8052 0.8724 0.8062 0.8724 0.8062 0.873 0.8071 0.873 0.8071 0.873 0.8071 0.8724 0.8062 0.8724 0.8071 0.873 0.8078 0.873 0.8078 0.8724 0.8078 0.8724 0.8071 0.8724 0.8071 0.873 0.7018 0.696 0.7018 0.6968 0.7024 0.6968 0.7024 0.6968 0.7024 0.696 0.7018 0.696 0.7018 0.6968 0.7018 0.6977 0.7024 0.6977 0.7024 0.6977 0.7024 0.6968 0.7018 0.6968 0.829 0.9435 0.8294 0.9412 0.8294 0.9122 0.8294 0.9122 0.8282 0.9449 0.829 0.9435 0.8267 0.9458 0.8282 0.9449 0.8294 0.9122 0.8294 0.9122 0.8244 0.9461 0.8267 0.9458 0.8267 0.9076 0.8244 0.9073 0.7947 0.9073 0.7947 0.9073 0.8282 0.9085 0.8267 0.9076 0.829 0.91 0.8282 0.9085 0.7947 0.9073 0.7947 0.9073 0.829 0.91 0.8294 0.9122 0.7901 0.91 0.7897 0.9122 0.7897 0.9412 0.7897 0.9412 0.7909 0.9085 0.7901 0.91 0.7924 0.9076 0.7909 0.9085 0.7897 0.9412 0.7897 0.9412 0.7947 0.9073 0.7924 0.9076 0.8294 0.9122 0.7897 0.9412 0.7947 0.9073 0.7897 0.9412 0.8294 0.9122 0.8244 0.9461 0.7897 0.9412 0.7901 0.9435 0.7909 0.9449 0.7909 0.9449 0.7897 0.9412 0.8244 0.9461 0.8244 0.9461 0.7924 0.9458 0.7909 0.9449 0.7924 0.9458 0.7947 0.9461 0.8244 0.9461 0.5821 0.2972 0.5821 0.3 0.6112 0.3 0.6112 0.3 0.6112 0.2972 0.5821 0.2972 0.5826 0.05800002 0.5826 0.06080001 0.6124 0.06080001 0.6124 0.06080001 0.6124 0.05800002 0.5826 0.05800002 0.5693 0.3775 0.5693 0.3803 0.5984 0.3803 0.5984 0.3803 0.5984 0.3775 0.5693 0.3775 0.6063 0.4778 0.6063 0.475 0.5765 0.475 0.5765 0.475 0.5765 0.4778 0.6063 0.4778 0.6137 0.3 0.6137 0.2972 0.6112 0.2972 0.6112 0.2972 0.6112 0.3 0.6137 0.3 0.5796 0.2972 0.5796 0.3 0.5821 0.3 0.5821 0.3 0.5821 0.2972 0.5796 0.2972 0.6149 0.06080001 0.6149 0.05800002 0.6124 0.05800002 0.6124 0.05800002 0.6124 0.06080001 0.6149 0.06080001 0.6009 0.3803 0.6009 0.3775 0.5984 0.3775 0.5984 0.3775 0.5984 0.3803 0.6009 0.3803 0.6155 0.3 0.6155 0.2972 0.6137 0.2972 0.6137 0.2972 0.6137 0.3 0.6155 0.3 0.58 0.06080001 0.58 0.05800002 0.5782 0.05800002 0.5782 0.05800002 0.5782 0.06080001 0.58 0.06080001 0.5826 0.06080001 0.5826 0.05800002 0.58 0.05800002 0.58 0.05800002 0.58 0.06080001 0.5826 0.06080001 0.5778 0.2972 0.5778 0.3 0.5796 0.3 0.5796 0.3 0.5796 0.2972 0.5778 0.2972 0.5739 0.4778 0.5739 0.475 0.5721 0.475 0.5721 0.475 0.5721 0.4778 0.5739 0.4778 0.5765 0.4778 0.5765 0.475 0.5739 0.475 0.5739 0.475 0.5739 0.4778 0.5765 0.4778 0.6149 0.05800002 0.6149 0.06080001 0.6167 0.06080001 0.6167 0.06080001 0.6167 0.05800002 0.6149 0.05800002 0.5668 0.3803 0.5668 0.3775 0.565 0.3775 0.565 0.3775 0.565 0.3803 0.5668 0.3803 0.5693 0.3775 0.5668 0.3775 0.5668 0.3803 0.5668 0.3803 0.5693 0.3803 0.5693 0.3775 0.6027 0.3803 0.6027 0.3775 0.6009 0.3775 0.6009 0.3775 0.6009 0.3803 0.6027 0.3803 0.6088 0.475 0.6088 0.4778 0.6106 0.4778 0.6106 0.4778 0.6106 0.475 0.6088 0.475 0.6088 0.4778 0.6088 0.475 0.6063 0.475 0.6063 0.475 0.6063 0.4778 0.6088 0.4778 0.7897 0.9122 0.7891 0.9122 0.7891 0.9412 0.7891 0.9412 0.7897 0.9412 0.7897 0.9122 0.8245 0.9066 0.7947 0.9073 0.7946 0.9066 0.7947 0.9073 0.8244 0.9073 0.8245 0.9066 0.83 0.9412 0.83 0.9122 0.8294 0.9122 0.8294 0.9122 0.8294 0.9412 0.83 0.9412 0.7947 0.9461 0.7946 0.9468 0.8245 0.9468 0.8245 0.9468 0.8244 0.9461 0.7947 0.9461 0.5821 0.3 0.5796 0.3 0.5797 0.3006 0.5797 0.3006 0.5822 0.3006 0.5821 0.3 0.5826 0.06150001 0.5826 0.06080001 0.58 0.06080001 0.58 0.06080001 0.5801 0.06150001 0.5826 0.06150001 0.6087 0.4744 0.6063 0.4744 0.6063 0.475 0.6063 0.475 0.6088 0.475 0.6087 0.4744 0.5669 0.3809 0.5693 0.3809 0.5693 0.3803 0.5693 0.3803 0.5668 0.3803 0.5669 0.3809 0.5765 0.475 0.5765 0.4744 0.574 0.4744 0.574 0.4744 0.5739 0.475 0.5765 0.475 0.5739 0.475 0.574 0.4744 0.5723 0.4744 0.5723 0.4744 0.5721 0.475 0.5739 0.475 0.5796 0.3 0.5778 0.3 0.578 0.3006 0.578 0.3006 0.5797 0.3006 0.5796 0.3 0.6112 0.3006 0.6136 0.3006 0.6137 0.3 0.6137 0.3 0.6112 0.3 0.6112 0.3006 0.6137 0.3 0.6136 0.3006 0.6154 0.3006 0.6154 0.3006 0.6155 0.3 0.6137 0.3 0.5784 0.06150001 0.5801 0.06150001 0.58 0.06080001 0.58 0.06080001 0.5782 0.06080001 0.5784 0.06150001 0.6008 0.3809 0.6009 0.3803 0.5984 0.3803 0.5984 0.3803 0.5983 0.3809 0.6008 0.3809 0.6008 0.3809 0.6025 0.3809 0.6027 0.3803 0.6027 0.3803 0.6009 0.3803 0.6008 0.3809 0.6106 0.475 0.6105 0.4744 0.6087 0.4744 0.6087 0.4744 0.6088 0.475 0.6106 0.475 0.6124 0.06080001 0.6124 0.06150001 0.6149 0.06150001 0.6149 0.06150001 0.6149 0.06080001 0.6124 0.06080001 0.6149 0.06150001 0.6166 0.06150001 0.6167 0.06080001 0.6167 0.06080001 0.6149 0.06080001 0.6149 0.06150001 0.5668 0.3803 0.565 0.3803 0.5651 0.3809 0.5651 0.3809 0.5669 0.3809 0.5668 0.3803 0.6112 0.3006 0.6112 0.3 0.5821 0.3 0.5821 0.3 0.5822 0.3006 0.6112 0.3006 0.6124 0.06150001 0.6124 0.06080001 0.5826 0.06080001 0.5826 0.06080001 0.5826 0.06150001 0.6124 0.06150001 0.5983 0.3809 0.5984 0.3803 0.5693 0.3803 0.5693 0.3803 0.5693 0.3809 0.5983 0.3809 0.6063 0.4744 0.5765 0.4744 0.5765 0.475 0.5765 0.475 0.6063 0.475 0.6063 0.4744 0.7891 0.9412 0.7894 0.9437 0.7901 0.9435 0.7901 0.9435 0.7897 0.9412 0.7891 0.9412 0.7947 0.9073 0.7946 0.9066 0.7922 0.907 0.7922 0.907 0.7924 0.9076 0.7947 0.9073 0.8269 0.9464 0.8267 0.9458 0.8244 0.9461 0.8244 0.9461 0.8245 0.9468 0.8269 0.9464 0.8294 0.9122 0.83 0.9122 0.8297 0.9097 0.8297 0.9097 0.829 0.91 0.8294 0.9122 0.7922 0.9464 0.7946 0.9468 0.7947 0.9461 0.7947 0.9461 0.7924 0.9458 0.7922 0.9464 0.7905 0.9454 0.7922 0.9464 0.7924 0.9458 0.7924 0.9458 0.7909 0.9449 0.7905 0.9454 0.7905 0.9454 0.7909 0.9449 0.7901 0.9435 0.7901 0.9435 0.7894 0.9437 0.7905 0.9454 0.7894 0.9097 0.7891 0.9122 0.7897 0.9122 0.7897 0.9122 0.7901 0.91 0.7894 0.9097 0.7901 0.91 0.7909 0.9085 0.7905 0.908 0.7905 0.908 0.7894 0.9097 0.7901 0.91 0.7924 0.9076 0.7922 0.907 0.7905 0.908 0.7905 0.908 0.7909 0.9085 0.7924 0.9076 0.8294 0.9412 0.829 0.9435 0.8297 0.9437 0.8297 0.9437 0.83 0.9412 0.8294 0.9412 0.8286 0.9454 0.8297 0.9437 0.829 0.9435 0.829 0.9435 0.8282 0.9449 0.8286 0.9454 0.8286 0.9454 0.8282 0.9449 0.8267 0.9458 0.8267 0.9458 0.8269 0.9464 0.8286 0.9454 0.8244 0.9073 0.8267 0.9076 0.8269 0.907 0.8269 0.907 0.8245 0.9066 0.8244 0.9073 0.8269 0.907 0.8267 0.9076 0.8282 0.9085 0.8282 0.9085 0.8286 0.908 0.8269 0.907 0.8282 0.9085 0.829 0.91 0.8297 0.9097 0.8297 0.9097 0.8286 0.908 0.8282 0.9085 0.9733 0.6191 0.9733 0.6216 0.9768 0.6216 0.9768 0.6216 0.9768 0.6191 0.9733 0.6191 0.6454 0.7365 0.6428 0.7365 0.6428 0.7399 0.6428 0.7399 0.6454 0.7399 0.6454 0.7365 0.6271 0.7166 0.6271 0.714 0.6237 0.714 0.6237 0.714 0.6237 0.7166 0.6271 0.7166 0.9768 0.5800001 0.9768 0.5774 0.9733 0.5774 0.9733 0.5774 0.9733 0.5800001 0.9768 0.5800001 0.6358 0.8574 0.6358 0.86 0.6392 0.86 0.6392 0.86 0.6392 0.8574 0.6358 0.8574 0.6143 0.7102 0.6143 0.7137 0.6169 0.7137 0.6169 0.7137 0.6169 0.7102 0.6143 0.7102 0.7133 0.7104 0.7164 0.7104 0.718 0.7077 0.718 0.7077 0.7133 0.7049 0.7133 0.7104 0.718 0.7077 0.7164 0.7049 0.7133 0.7049 0.7118 0.7077 0.7133 0.7104 0.7133 0.7049 0.7118 0.7077 0.7133 0.7049 0.7131 0.7047 0.7131 0.7047 0.7114 0.7077 0.7118 0.7077 0.7166 0.7047 0.7131 0.7047 0.7133 0.7049 0.7133 0.7049 0.7164 0.7049 0.7166 0.7047 0.7166 0.7047 0.7164 0.7049 0.718 0.7077 0.718 0.7077 0.7183 0.7077 0.7166 0.7047 0.718 0.7077 0.7164 0.7104 0.7166 0.7106 0.7166 0.7106 0.7183 0.7077 0.718 0.7077 0.7131 0.7106 0.7166 0.7106 0.7164 0.7104 0.7164 0.7104 0.7133 0.7104 0.7131 0.7106 0.7114 0.7077 0.7131 0.7106 0.7133 0.7104 0.7133 0.7104 0.7118 0.7077 0.7114 0.7077 0.7311 0.8376 0.7311 0.8402 0.7346 0.8402 0.7346 0.8402 0.7346 0.8376 0.7311 0.8376 0.878 0.3818 0.878 0.3844 0.8814 0.3844 0.8814 0.3844 0.8814 0.3818 0.878 0.3818 0.01989996 0.005599975 0.01989996 0.00300002 0.01639997 0.00300002 0.01639997 0.00300002 0.01639997 0.005599975 0.01989996 0.005599975 0.02979999 0.01539999 0.02979999 0.01279997 0.02639997 0.01279997 0.02639997 0.01279997 0.02639997 0.01539999 0.02979999 0.01539999 0.6538 0.2476 0.6538 0.2502 0.6572 0.2502 0.6572 0.2502 0.6572 0.2476 0.6538 0.2476 0.6281 0.5524 0.6281 0.555 0.6315 0.555 0.6315 0.555 0.6315 0.5524 0.6281 0.5524 0.6669 0.2185999 0.6638 0.2185999 0.6623 0.2213 0.6623 0.2213 0.6669 0.2239999 0.6669 0.2185999 0.6623 0.2213 0.6638 0.2239999 0.6669 0.2239999 0.6685 0.2213 0.6669 0.2185999 0.6669 0.2239999 0.7346 0.8402 0.7311 0.8402 0.7313 0.8405 0.7313 0.8405 0.7344 0.8405 0.7346 0.8402 0.878 0.3844 0.8781 0.3847 0.8813 0.3847 0.8813 0.3847 0.8814 0.3844 0.878 0.3844 0.01639997 0.00300002 0.01989996 0.00300002 0.01969999 0.002699971 0.01969999 0.002699971 0.01659995 0.002699971 0.01639997 0.00300002 0.02979999 0.01279997 0.02969998 0.01249998 0.02649998 0.01249998 0.02649998 0.01249998 0.02639997 0.01279997 0.02979999 0.01279997 0.6572 0.2502 0.6538 0.2502 0.654 0.2505 0.654 0.2505 0.6571 0.2505 0.6572 0.2502 0.6282 0.5553 0.6314 0.5553 0.6315 0.555 0.6315 0.555 0.6281 0.555 0.6282 0.5553 0.8407 0.2655 0.8407 0.2681 0.8441 0.2681 0.8441 0.2681 0.8441 0.2655 0.8407 0.2655 0.6454 0.7102 0.6428 0.7102 0.6428 0.7137 0.6428 0.7137 0.6454 0.7137 0.6454 0.7102 0.6361 0.7166 0.6361 0.714 0.6327 0.714 0.6327 0.714 0.6327 0.7166 0.6361 0.7166 0.9709 0.5358 0.9675 0.5358 0.9675 0.5384 0.9675 0.5384 0.9709 0.5384 0.9709 0.5358 0.6169 0.7365 0.6143 0.7365 0.6143 0.7399 0.6143 0.7399 0.6169 0.7399 0.6169 0.7365 0.6169 0.8125 0.6169 0.8151 0.6203 0.8151 0.6203 0.8151 0.6203 0.8125 0.6169 0.8125 0.6493 0.6891 0.6462 0.6891 0.6446 0.6918 0.6446 0.6918 0.6493 0.6945 0.6493 0.6891 0.6446 0.6918 0.6462 0.6945 0.6493 0.6945 0.6509 0.6918 0.6493 0.6891 0.6493 0.6945 0.844 0.2684 0.8441 0.2681 0.8407 0.2681 0.8407 0.2681 0.8408 0.2684 0.844 0.2684 0.6462 0.6945 0.646 0.6947 0.6495 0.6947 0.6495 0.6947 0.6493 0.6945 0.6462 0.6945 0.6462 0.6945 0.6446 0.6918 0.6443 0.6918 0.6443 0.6918 0.646 0.6947 0.6462 0.6945 0.6443 0.6918 0.6446 0.6918 0.6462 0.6891 0.6462 0.6891 0.646 0.6888 0.6443 0.6918 0.6495 0.6888 0.646 0.6888 0.6462 0.6891 0.6462 0.6891 0.6493 0.6891 0.6495 0.6888 0.6203 0.8151 0.6169 0.8151 0.617 0.8154 0.617 0.8154 0.6202 0.8154 0.6203 0.8151 0.7885 0.281 0.7885 0.2836 0.792 0.2836 0.792 0.2836 0.792 0.281 0.7885 0.281 0.7416 0.6944 0.7413 0.6918 0.7379 0.6922 0.7379 0.6922 0.7381 0.6947 0.7416 0.6944 0.8413 0.7735 0.8413 0.7709 0.8378 0.7709 0.8378 0.7709 0.8378 0.7735 0.8413 0.7735 0.6161 0.6267001 0.6161 0.6241 0.6127 0.6241 0.6127 0.6241 0.6127 0.6267001 0.6161 0.6267001 0.6486 0.8536 0.646 0.8536 0.646 0.857 0.646 0.857 0.6486 0.857 0.6486 0.8536 0.9005 0.4912 0.9005 0.4938 0.9039 0.4938 0.9039 0.4938 0.9039 0.4912 0.9005 0.4912 0.8975 0.5043 0.8944 0.5043 0.8928 0.507 0.8928 0.507 0.8975 0.5097 0.8975 0.5043 0.8928 0.507 0.8944 0.5097 0.8975 0.5097 0.899 0.507 0.8975 0.5043 0.8975 0.5097 0.7918 0.2838 0.792 0.2836 0.7885 0.2836 0.7885 0.2836 0.7887 0.2838 0.7918 0.2838 0.8942 0.51 0.8977 0.51 0.8975 0.5097 0.8975 0.5097 0.8944 0.5097 0.8942 0.51 0.8411 0.7706 0.838 0.7706 0.8378 0.7709 0.8378 0.7709 0.8413 0.7709 0.8411 0.7706 0.6127 0.6241 0.6161 0.6241 0.6159 0.6238 0.6159 0.6238 0.6128 0.6238 0.6127 0.6241 0.8977 0.504 0.8942 0.504 0.8944 0.5043 0.8944 0.5043 0.8975 0.5043 0.8977 0.504 0.9039 0.4938 0.9005 0.4938 0.9006 0.4941 0.9006 0.4941 0.9038 0.4941 0.9039 0.4938 0.7129 0.8177 0.7129 0.8218 0.7183 0.8218 0.7183 0.8218 0.7183 0.8177 0.7129 0.8177 0.7183 0.8177 0.7183 0.8218 0.723 0.8218 0.723 0.8218 0.723 0.8177 0.7183 0.8177 0.8448 0.5849 0.8448 0.5891 0.8491 0.5891 0.8491 0.5891 0.8491 0.5849 0.8448 0.5849 0.8491 0.5849 0.8491 0.5891 0.8542 0.5891 0.8542 0.5891 0.8542 0.5849 0.8491 0.5849 0.8542 0.5849 0.8542 0.5891 0.8597 0.5891 0.8597 0.5891 0.8597 0.5849 0.8542 0.5849 0.8597 0.5849 0.8597 0.5891 0.8649 0.5891 0.8649 0.5891 0.8649 0.5849 0.8597 0.5849 0.8649 0.5849 0.8649 0.5891 0.8691 0.5891 0.8691 0.5891 0.8691 0.5849 0.8649 0.5849 0.5982 0.1140999 0.5982 0.1098999 0.5934 0.1098999 0.5934 0.1098999 0.5934 0.1140999 0.5982 0.1140999 0.5934 0.1140999 0.5934 0.1098999 0.588 0.1098999 0.588 0.1098999 0.588 0.1140999 0.5934 0.1140999 0.588 0.1140999 0.588 0.1098999 0.5826 0.1098999 0.5826 0.1098999 0.5826 0.1140999 0.588 0.1140999 0.5826 0.1140999 0.5826 0.1098999 0.5778 0.1098999 0.5778 0.1098999 0.5778 0.1140999 0.5826 0.1140999 0.8448 0.5433 0.8448 0.5475 0.8491 0.5475 0.8491 0.5475 0.8491 0.5433 0.8448 0.5433 0.8491 0.5433 0.8491 0.5475 0.8542 0.5475 0.8542 0.5475 0.8542 0.5433 0.8491 0.5433 0.8542 0.5433 0.8542 0.5475 0.8597 0.5475 0.8597 0.5475 0.8597 0.5433 0.8542 0.5433 0.8597 0.5433 0.8597 0.5475 0.8649 0.5475 0.8649 0.5475 0.8649 0.5433 0.8597 0.5433 0.8649 0.5433 0.8649 0.5475 0.8691 0.5475 0.8691 0.5475 0.8691 0.5433 0.8649 0.5433 0.7027 0.8177 0.7027 0.8218 0.7074 0.8218 0.7074 0.8218 0.7074 0.8177 0.7027 0.8177 0.7074 0.8177 0.7074 0.8218 0.7129 0.8218 0.7129 0.8218 0.7129 0.8177 0.7074 0.8177 0.8814 0.4535 0.8797 0.4505 0.877 0.4482 0.877 0.4482 0.877 0.4655 0.8814 0.4535 0.877 0.4482 0.8738 0.447 0.8703 0.447 0.8703 0.447 0.8644 0.4505 0.877 0.4482 0.8703 0.447 0.867 0.4482 0.8644 0.4505 0.8644 0.4633 0.8644 0.4505 0.8626 0.4535 0.8626 0.4535 0.862 0.4569 0.8644 0.4633 0.862 0.4569 0.8626 0.4603 0.8644 0.4633 0.877 0.4655 0.877 0.4482 0.8644 0.4505 0.8644 0.4505 0.8644 0.4633 0.877 0.4655 0.8644 0.4633 0.867 0.4655 0.8703 0.4667 0.8703 0.4667 0.877 0.4655 0.8644 0.4633 0.8703 0.4667 0.8738 0.4667 0.877 0.4655 0.8814 0.4603 0.8814 0.4535 0.877 0.4655 0.877 0.4655 0.8797 0.4633 0.8814 0.4603 0.882 0.4569 0.8814 0.4535 0.8814 0.4603 0.6462 0.8741 0.6476 0.8746 0.6486 0.8692 0.6486 0.8692 0.6471 0.8692 0.6462 0.8741 0.6448 0.8794 0.6476 0.8746 0.6462 0.8741 0.6462 0.8741 0.6437 0.8784 0.6448 0.8794 0.6399 0.8816 0.6406 0.8829 0.6448 0.8794 0.6448 0.8794 0.6437 0.8784 0.6399 0.8816 0.6406 0.8829 0.6399 0.8816 0.6352 0.8833 0.6352 0.8833 0.6355 0.8848 0.6406 0.8829 0.63 0.8848 0.6355 0.8848 0.6352 0.8833 0.6352 0.8833 0.6302 0.8833 0.63 0.8848 0.6248 0.8829 0.63 0.8848 0.6302 0.8833 0.6302 0.8833 0.6255 0.8816 0.6248 0.8829 0.6206 0.8794 0.6248 0.8829 0.6255 0.8816 0.6255 0.8816 0.6217 0.8784 0.6206 0.8794 0.6178 0.8746 0.6206 0.8794 0.6217 0.8784 0.6217 0.8784 0.6192 0.8741 0.6178 0.8746 0.6169 0.8692 0.6178 0.8746 0.6192 0.8741 0.6192 0.8741 0.6183 0.8692 0.6169 0.8692 0.6178 0.8637 0.6169 0.8692 0.6183 0.8692 0.6183 0.8692 0.6192 0.8643 0.6178 0.8637 0.6206 0.859 0.6178 0.8637 0.6192 0.8643 0.6192 0.8643 0.6217 0.8599 0.6206 0.859 0.6255 0.8567 0.6248 0.8554 0.6206 0.859 0.6206 0.859 0.6217 0.8599 0.6255 0.8567 0.6302 0.855 0.63 0.8536 0.6248 0.8554 0.6248 0.8554 0.6255 0.8567 0.6302 0.855 0.6352 0.855 0.6355 0.8536 0.63 0.8536 0.63 0.8536 0.6302 0.855 0.6352 0.855 0.6406 0.8554 0.6355 0.8536 0.6352 0.855 0.6352 0.855 0.6399 0.8567 0.6406 0.8554 0.6448 0.859 0.6406 0.8554 0.6399 0.8567 0.6399 0.8567 0.6437 0.8599 0.6448 0.859 0.6437 0.8599 0.6462 0.8643 0.6476 0.8637 0.6476 0.8637 0.6448 0.859 0.6437 0.8599 0.6486 0.8692 0.6476 0.8637 0.6462 0.8643 0.6462 0.8643 0.6471 0.8692 0.6486 0.8692 0.9283 0.9654 0.9283 0.9631 0.9234 0.9631 0.9234 0.9631 0.9234 0.9654 0.9283 0.9654 0.9283 0.9654 0.9326 0.9654 0.9326 0.9631 0.9326 0.9631 0.9283 0.9631 0.9283 0.9654 0.8499 0.9102 0.8499 0.9125 0.8538 0.9125 0.8538 0.9125 0.8538 0.9102 0.8499 0.9102 0.8499 0.9102 0.8452 0.9102 0.8452 0.9125 0.8452 0.9125 0.8499 0.9125 0.8499 0.9102 0.8402 0.9125 0.8452 0.9125 0.8452 0.9102 0.8452 0.9102 0.8402 0.9102 0.8402 0.9125 0.8402 0.9125 0.8402 0.9102 0.8356 0.9102 0.8356 0.9102 0.8356 0.9125 0.8402 0.9125 0.8317 0.9102 0.8317 0.9125 0.8356 0.9125 0.8356 0.9125 0.8356 0.9102 0.8317 0.9102 0.7939 0.5547 0.7939 0.5569 0.7982 0.5569 0.7982 0.5569 0.7982 0.5547 0.7939 0.5547 0.789 0.5547 0.789 0.5569 0.7939 0.5569 0.7939 0.5569 0.7939 0.5547 0.789 0.5547 0.789 0.5547 0.7841 0.5547 0.7841 0.5569 0.7841 0.5569 0.789 0.5569 0.789 0.5547 0.7841 0.5569 0.7841 0.5547 0.7797 0.5547 0.7797 0.5547 0.7797 0.5569 0.7841 0.5569 0.9491 0.5026 0.953 0.5026 0.953 0.5003 0.953 0.5003 0.9491 0.5003 0.9491 0.5026 0.9444 0.5003 0.9444 0.5026 0.9491 0.5026 0.9491 0.5026 0.9491 0.5003 0.9444 0.5003 0.9395 0.5003 0.9395 0.5026 0.9444 0.5026 0.9444 0.5026 0.9444 0.5003 0.9395 0.5003 0.9348 0.5026 0.9395 0.5026 0.9395 0.5003 0.9395 0.5003 0.9348 0.5003 0.9348 0.5026 0.9309 0.5003 0.9309 0.5026 0.9348 0.5026 0.9348 0.5026 0.9348 0.5003 0.9309 0.5003 0.9141 0.9631 0.9141 0.9654 0.9185 0.9654 0.9185 0.9654 0.9185 0.9631 0.9141 0.9631 0.9234 0.9654 0.9234 0.9631 0.9185 0.9631 0.9185 0.9631 0.9185 0.9654 0.9234 0.9654 0.5901 0.6408 0.5943 0.6423 0.5951 0.6374 0.5951 0.6374 0.5907 0.6374 0.5901 0.6408 0.5884 0.6439 0.5918 0.6467 0.5943 0.6423 0.5943 0.6423 0.5901 0.6408 0.5884 0.6439 0.5858 0.6461001 0.5879 0.6499 0.5918 0.6467 0.5918 0.6467 0.5884 0.6439 0.5858 0.6461001 0.5833 0.6516 0.5879 0.6499 0.5858 0.6461001 0.5858 0.6461001 0.5825 0.6473 0.5833 0.6516 0.5825 0.6473 0.579 0.6473 0.5783 0.6516 0.5783 0.6516 0.5833 0.6516 0.5825 0.6473 0.5736 0.6499 0.5783 0.6516 0.579 0.6473 0.579 0.6473 0.5758 0.6461001 0.5736 0.6499 0.5697 0.6467 0.5736 0.6499 0.5758 0.6461001 0.5758 0.6461001 0.5731 0.6439 0.5697 0.6467 0.5697 0.6467 0.5731 0.6439 0.5714 0.6408 0.5714 0.6408 0.5672 0.6423 0.5697 0.6467 0.5664 0.6374 0.5672 0.6423 0.5714 0.6408 0.5714 0.6408 0.5708 0.6374 0.5664 0.6374 0.5672 0.6325 0.5664 0.6374 0.5708 0.6374 0.5708 0.6374 0.5714 0.634 0.5672 0.6325 0.5672 0.6325 0.5714 0.634 0.5731 0.6310001 0.5731 0.6310001 0.5697 0.6282 0.5672 0.6325 0.5697 0.6282 0.5731 0.6310001 0.5758 0.6288 0.5758 0.6288 0.5736 0.625 0.5697 0.6282 0.5783 0.6233 0.5736 0.625 0.5758 0.6288 0.5758 0.6288 0.579 0.6276 0.5783 0.6233 0.5825 0.6276 0.5833 0.6233 0.5783 0.6233 0.5783 0.6233 0.579 0.6276 0.5825 0.6276 0.5858 0.6288 0.5879 0.625 0.5833 0.6233 0.5833 0.6233 0.5825 0.6276 0.5858 0.6288 0.5858 0.6288 0.5884 0.6310001 0.5918 0.6282 0.5918 0.6282 0.5879 0.625 0.5858 0.6288 0.5901 0.634 0.5943 0.6325 0.5918 0.6282 0.5918 0.6282 0.5884 0.6310001 0.5901 0.634 0.5943 0.6325 0.5901 0.634 0.5907 0.6374 0.5907 0.6374 0.5951 0.6374 0.5943 0.6325 0.7333 0.5432 0.7319 0.5432 0.7319 0.5466 0.7319 0.5466 0.7333 0.5466 0.7333 0.5432 0.7319 0.5432 0.7333 0.5432 0.7333 0.5402 0.7333 0.5402 0.7319 0.5402 0.7319 0.5432 0.6126 0.1126999 0.6126 0.1140999 0.6152 0.1140999 0.6152 0.1140999 0.6152 0.1126999 0.6126 0.1126999 0.6126 0.1126999 0.6093 0.1126999 0.6093 0.1140999 0.6093 0.1140999 0.6126 0.1140999 0.6126 0.1126999 0.6058 0.1126999 0.6058 0.1140999 0.6093 0.1140999 0.6093 0.1140999 0.6093 0.1126999 0.6058 0.1126999 0.6058 0.1140999 0.6058 0.1126999 0.6026 0.1126999 0.6026 0.1126999 0.6026 0.1140999 0.6058 0.1140999 0.5999 0.1140999 0.6026 0.1140999 0.6026 0.1126999 0.6026 0.1126999 0.5999 0.1126999 0.5999 0.1140999 0.8981 0.9559 0.8967 0.9559 0.8967 0.9589 0.8967 0.9589 0.8981 0.9589 0.8981 0.9559 0.8981 0.9623 0.8981 0.9589 0.8967 0.9589 0.8967 0.9589 0.8967 0.9623 0.8981 0.9623 0.8981 0.9657 0.8981 0.9623 0.8967 0.9623 0.8967 0.9623 0.8967 0.9657 0.8981 0.9657 0.8981 0.9657 0.8967 0.9657 0.8967 0.9687 0.8967 0.9687 0.8981 0.9687 0.8981 0.9657 0.6333 0.1134999 0.6333 0.1121 0.6307 0.1121 0.6307 0.1121 0.6307 0.1134999 0.6333 0.1134999 0.6307 0.1134999 0.6307 0.1121 0.6274 0.1121 0.6274 0.1121 0.6274 0.1134999 0.6307 0.1134999 0.6239 0.1121 0.6239 0.1134999 0.6274 0.1134999 0.6274 0.1134999 0.6274 0.1121 0.6239 0.1121 0.6207 0.1134999 0.6239 0.1134999 0.6239 0.1121 0.6239 0.1121 0.6207 0.1121 0.6207 0.1134999 0.6207 0.1121 0.618 0.1121 0.618 0.1134999 0.618 0.1134999 0.6207 0.1134999 0.6207 0.1121 0.7319 0.5501 0.7319 0.5531 0.7333 0.5531 0.7333 0.5531 0.7333 0.5501 0.7319 0.5501 0.7333 0.5466 0.7319 0.5466 0.7319 0.5501 0.7319 0.5501 0.7333 0.5501 0.7333 0.5466 0.731 0.543 0.7233 0.543 0.7233 0.5462 0.7233 0.5462 0.731 0.5461 0.731 0.543 0.7233 0.5402 0.7233 0.543 0.731 0.543 0.731 0.543 0.731 0.5402 0.7233 0.5402 0.6295 0.8685 0.6295 0.8608 0.627 0.8608 0.627 0.8608 0.627 0.8685 0.6295 0.8685 0.6325 0.8685 0.6325 0.8608 0.6295 0.8608 0.6295 0.8608 0.6295 0.8685 0.6325 0.8685 0.6325 0.8685 0.6357 0.8685 0.6357 0.8608 0.6357 0.8608 0.6325 0.8608 0.6325 0.8685 0.6357 0.8685 0.6387 0.8685 0.6387 0.8608 0.6387 0.8608 0.6357 0.8608 0.6357 0.8685 0.6412 0.8608 0.6387 0.8608 0.6387 0.8685 0.6387 0.8685 0.6412 0.8685 0.6412 0.8608 0.8886 0.9587 0.8963 0.9587 0.8963 0.9559 0.8963 0.9559 0.8886 0.9559 0.8886 0.9587 0.8886 0.9587 0.8886 0.9618 0.8963 0.9618 0.8963 0.9618 0.8963 0.9587 0.8886 0.9587 0.8963 0.965 0.8963 0.9618 0.8886 0.9618 0.8886 0.9618 0.8886 0.965 0.8963 0.965 0.8886 0.965 0.8886 0.9678 0.8963 0.9678 0.8963 0.9678 0.8963 0.965 0.8886 0.965 0.6264 0.7175 0.6239 0.7175 0.6239 0.7252 0.6239 0.7252 0.6264 0.7252 0.6264 0.7175 0.6294 0.7175 0.6264 0.7175 0.6264 0.7252 0.6264 0.7252 0.6294 0.7252 0.6294 0.7175 0.6294 0.7252 0.6326 0.7252 0.6326 0.7175 0.6326 0.7175 0.6294 0.7175 0.6294 0.7252 0.6356 0.7175 0.6326 0.7175 0.6326 0.7252 0.6326 0.7252 0.6356 0.7252 0.6356 0.7175 0.6356 0.7252 0.638 0.7252 0.638 0.7175 0.638 0.7175 0.6356 0.7175 0.6356 0.7252 0.7233 0.5493 0.7233 0.5521 0.731 0.5521 0.731 0.5521 0.731 0.5493 0.7233 0.5493 0.731 0.5461 0.7233 0.5462 0.7233 0.5493 0.7233 0.5493 0.731 0.5493 0.731 0.5461 0.6106 0.1377999 0.6101 0.1369 0.6093 0.1363 0.6093 0.1363 0.6093 0.1412 0.6106 0.1377999 0.6093 0.1363 0.6084 0.1359999 0.6074 0.1359999 0.6074 0.1359999 0.6057 0.1369 0.6093 0.1363 0.6074 0.1359999 0.6065 0.1363 0.6057 0.1369 0.6057 0.1369 0.6052 0.1377999 0.6051 0.1388 0.6051 0.1388 0.6057 0.1406 0.6057 0.1369 0.6051 0.1388 0.6052 0.1396999 0.6057 0.1406 0.6057 0.1406 0.6093 0.1412 0.6093 0.1363 0.6093 0.1363 0.6057 0.1369 0.6057 0.1406 0.6074 0.1414999 0.6093 0.1412 0.6057 0.1406 0.6057 0.1406 0.6065 0.1412 0.6074 0.1414999 0.6074 0.1414999 0.6084 0.1414999 0.6093 0.1412 0.6106 0.1377999 0.6093 0.1412 0.6101 0.1406 0.6101 0.1406 0.6106 0.1396999 0.6106 0.1377999 0.6107 0.1388 0.6106 0.1377999 0.6106 0.1396999 0.727 0.5525 0.727 0.5539 0.729 0.5539 0.729 0.5539 0.729 0.5525 0.727 0.5525 0.6266 0.8645 0.624 0.8645 0.624 0.8665 0.624 0.8665 0.6266 0.8665 0.6266 0.8645 0.729 0.5539 0.7307 0.5539 0.7307 0.5525 0.7307 0.5525 0.729 0.5525 0.729 0.5539 0.6266 0.8682 0.6266 0.8665 0.624 0.8665 0.624 0.8665 0.624 0.8682 0.6266 0.8682 0.8778 0.9677 0.8763 0.9677 0.8763 0.9691 0.8763 0.9691 0.8778 0.9691 0.8778 0.9677 0.7733 0.7399 0.7749 0.7399 0.7749 0.7373 0.7749 0.7373 0.7733 0.7373 0.7733 0.7399 0.8778 0.9677 0.8778 0.9691 0.8797 0.9691 0.8797 0.9691 0.8797 0.9677 0.8778 0.9677 0.7767 0.7373 0.7749 0.7373 0.7749 0.7399 0.7749 0.7399 0.7767 0.7399 0.7767 0.7373 0.8797 0.9677 0.8797 0.9691 0.8817 0.9691 0.8817 0.9691 0.8817 0.9677 0.8797 0.9677 0.7767 0.7373 0.7767 0.7399 0.7787 0.7399 0.7787 0.7399 0.7787 0.7373 0.7767 0.7373 0.8817 0.9677 0.8817 0.9691 0.8835 0.9691 0.8835 0.9691 0.8835 0.9677 0.8817 0.9677 0.7806 0.7373 0.7787 0.7373 0.7787 0.7399 0.7787 0.7399 0.7806 0.7399 0.7806 0.7373 0.8851 0.9677 0.8835 0.9677 0.8835 0.9691 0.8835 0.9691 0.8851 0.9691 0.8851 0.9677 0.7822 0.7373 0.7806 0.7373 0.7806 0.7399 0.7806 0.7399 0.7822 0.7399 0.7822 0.7373 0.7177 0.7178 0.7195 0.7178 0.7195 0.7164 0.7195 0.7164 0.7177 0.7164 0.7177 0.7178 0.6505 0.6325 0.6488 0.6325 0.6488 0.6352 0.6488 0.6352 0.6505 0.6352 0.6505 0.6325 0.7158 0.7178 0.7177 0.7178 0.7177 0.7164 0.7177 0.7164 0.7158 0.7164 0.7158 0.7178 0.6488 0.6325 0.6468 0.6325 0.6468 0.6352 0.6468 0.6352 0.6488 0.6352 0.6488 0.6325 0.7138 0.7178 0.7158 0.7178 0.7158 0.7164 0.7158 0.7164 0.7138 0.7164 0.7138 0.7178 0.6468 0.6325 0.6449 0.6325 0.6449 0.6352 0.6449 0.6352 0.6468 0.6352 0.6468 0.6325 0.7138 0.7164 0.7121 0.7164 0.7121 0.7178 0.7121 0.7178 0.7138 0.7178 0.7138 0.7164 0.6431 0.6352 0.6449 0.6352 0.6449 0.6325 0.6449 0.6325 0.6431 0.6325 0.6431 0.6352 0.632 0.8782 0.6304 0.8782 0.6304 0.8796 0.6304 0.8796 0.632 0.8796 0.632 0.8782 0.618 0.09689998 0.618 0.09960001 0.6196 0.09960001 0.6196 0.09960001 0.6196 0.09689998 0.618 0.09689998 0.6338 0.8796 0.6338 0.8782 0.632 0.8782 0.632 0.8782 0.632 0.8796 0.6338 0.8796 0.6196 0.09960001 0.6214 0.09960001 0.6214 0.09689998 0.6214 0.09689998 0.6196 0.09689998 0.6196 0.09960001 0.6338 0.8782 0.6338 0.8796 0.6358 0.8796 0.6358 0.8796 0.6358 0.8782 0.6338 0.8782 0.6234 0.09689998 0.6214 0.09689998 0.6214 0.09960001 0.6214 0.09960001 0.6234 0.09960001 0.6234 0.09689998 0.6358 0.8796 0.6377 0.8796 0.6377 0.8782 0.6377 0.8782 0.6358 0.8782 0.6358 0.8796 0.6253 0.09689998 0.6234 0.09689998 0.6234 0.09960001 0.6234 0.09960001 0.6253 0.09960001 0.6253 0.09689998 0.6392 0.8782 0.6377 0.8782 0.6377 0.8796 0.6377 0.8796 0.6392 0.8796 0.6392 0.8782 0.6268 0.09689998 0.6253 0.09689998 0.6253 0.09960001 0.6253 0.09960001 0.6268 0.09960001 0.6268 0.09689998 0.7251 0.5525 0.7233 0.5525 0.7233 0.5539 0.7233 0.5539 0.7251 0.5539 0.7251 0.5525 0.6266 0.8608 0.624 0.8608 0.624 0.8626 0.624 0.8626 0.6266 0.8626 0.6266 0.8608 0.727 0.5525 0.7251 0.5525 0.7251 0.5539 0.7251 0.5539 0.727 0.5539 0.727 0.5525 0.624 0.8626 0.624 0.8645 0.6266 0.8645 0.6266 0.8645 0.6266 0.8626 0.624 0.8626 0.7578 0.7296 0.7594 0.7302 0.7598 0.7277 0.7598 0.7277 0.7581 0.7277 0.7578 0.7296 0.7578 0.7257 0.7581 0.7277 0.7598 0.7277 0.7598 0.7277 0.7594 0.7251001 0.7578 0.7257 0.7578 0.7257 0.7594 0.7251001 0.7581 0.7229 0.7581 0.7229 0.7568 0.724 0.7578 0.7257 0.7581 0.7229 0.7561 0.7212 0.7552 0.7227 0.7552 0.7227 0.7568 0.724 0.7581 0.7229 0.7537 0.7203 0.7534 0.722 0.7552 0.7227 0.7552 0.7227 0.7561 0.7212 0.7537 0.7203 0.7537 0.7203 0.7511 0.7203 0.7514 0.722 0.7514 0.722 0.7534 0.722 0.7537 0.7203 0.7514 0.722 0.7511 0.7203 0.7486 0.7212 0.7486 0.7212 0.7495 0.7227 0.7514 0.722 0.7495 0.7227 0.7486 0.7212 0.7466 0.7229 0.7466 0.7229 0.7479 0.724 0.7495 0.7227 0.7469 0.7257 0.7479 0.724 0.7466 0.7229 0.7466 0.7229 0.7453 0.7251001 0.7469 0.7257 0.7453 0.7251001 0.7449 0.7277 0.7466 0.7277 0.7466 0.7277 0.7469 0.7257 0.7453 0.7251001 0.7466 0.7277 0.7449 0.7277 0.7453 0.7302 0.7453 0.7302 0.7469 0.7296 0.7466 0.7277 0.7469 0.7296 0.7453 0.7302 0.7466 0.7325 0.7466 0.7325 0.7479 0.7314 0.7469 0.7296 0.7495 0.7327 0.7479 0.7314 0.7466 0.7325 0.7466 0.7325 0.7486 0.7342 0.7495 0.7327 0.7511 0.7351 0.7514 0.7334 0.7495 0.7327 0.7495 0.7327 0.7486 0.7342 0.7511 0.7351 0.7534 0.7334 0.7514 0.7334 0.7511 0.7351 0.7511 0.7351 0.7537 0.7351 0.7534 0.7334 0.7534 0.7334 0.7537 0.7351 0.7561 0.7342 0.7561 0.7342 0.7552 0.7327 0.7534 0.7334 0.7552 0.7327 0.7561 0.7342 0.7581 0.7325 0.7581 0.7325 0.7568 0.7314 0.7552 0.7327 0.7578 0.7296 0.7568 0.7314 0.7581 0.7325 0.7581 0.7325 0.7594 0.7302 0.7578 0.7296 0.7605 0.7306 0.761 0.7277 0.7598 0.7277 0.7598 0.7277 0.7594 0.7302 0.7605 0.7306 0.7594 0.7251001 0.7598 0.7277 0.761 0.7277 0.761 0.7277 0.7605 0.7247 0.7594 0.7251001 0.7605 0.7247 0.759 0.7221 0.7581 0.7229 0.7581 0.7229 0.7594 0.7251001 0.7605 0.7247 0.7561 0.7212 0.7581 0.7229 0.759 0.7221 0.759 0.7221 0.7567 0.7202 0.7561 0.7212 0.7561 0.7212 0.7567 0.7202 0.7539 0.7192 0.7539 0.7192 0.7537 0.7203 0.7561 0.7212 0.7539 0.7192 0.7509 0.7192 0.7511 0.7203 0.7511 0.7203 0.7537 0.7203 0.7539 0.7192 0.7511 0.7203 0.7509 0.7192 0.748 0.7202 0.748 0.7202 0.7486 0.7212 0.7511 0.7203 0.748 0.7202 0.7457 0.7221 0.7466 0.7229 0.7466 0.7229 0.7486 0.7212 0.748 0.7202 0.7453 0.7251001 0.7466 0.7229 0.7457 0.7221 0.7457 0.7221 0.7442 0.7247 0.7453 0.7251001 0.7453 0.7251001 0.7442 0.7247 0.7437 0.7277 0.7437 0.7277 0.7449 0.7277 0.7453 0.7251001 0.7449 0.7277 0.7437 0.7277 0.7442 0.7306 0.7442 0.7306 0.7453 0.7302 0.7449 0.7277 0.7466 0.7325 0.7453 0.7302 0.7442 0.7306 0.7442 0.7306 0.7457 0.7332 0.7466 0.7325 0.7466 0.7325 0.7457 0.7332 0.748 0.7352 0.748 0.7352 0.7486 0.7342 0.7466 0.7325 0.7511 0.7351 0.7486 0.7342 0.748 0.7352 0.748 0.7352 0.7509 0.7362 0.7511 0.7351 0.7511 0.7351 0.7509 0.7362 0.7539 0.7362 0.7539 0.7362 0.7537 0.7351 0.7511 0.7351 0.7537 0.7351 0.7539 0.7362 0.7567 0.7352 0.7567 0.7352 0.7561 0.7342 0.7537 0.7351 0.7561 0.7342 0.7567 0.7352 0.759 0.7332 0.759 0.7332 0.7581 0.7325 0.7561 0.7342 0.7581 0.7325 0.759 0.7332 0.7605 0.7306 0.7605 0.7306 0.7594 0.7302 0.7581 0.7325 0.7117 0.5439 0.7114 0.5459 0.7143 0.5459 0.7143 0.5459 0.7145 0.5449 0.7117 0.5439 0.7127 0.5422 0.7117 0.5439 0.7145 0.5449 0.7145 0.5449 0.715 0.5441 0.7127 0.5422 0.7127 0.5422 0.715 0.5441 0.7157 0.5434 0.7157 0.5434 0.7143 0.5409 0.7127 0.5422 0.7143 0.5409 0.7157 0.5434 0.7167 0.5431 0.7167 0.5431 0.7161 0.5402 0.7143 0.5409 0.7161 0.5402 0.7167 0.5431 0.7176 0.5431 0.7176 0.5431 0.7181 0.5402 0.7161 0.5402 0.7181 0.5402 0.7176 0.5431 0.7186 0.5434 0.7186 0.5434 0.72 0.5409 0.7181 0.5402 0.72 0.5409 0.7186 0.5434 0.7193 0.5441 0.7193 0.5441 0.7216 0.5422 0.72 0.5409 0.7216 0.5422 0.7193 0.5441 0.7198 0.5449 0.7198 0.5449 0.7226 0.5439 0.7216 0.5422 0.7229 0.5459 0.7226 0.5439 0.7198 0.5449 0.7198 0.5449 0.72 0.5459 0.7229 0.5459 0.72 0.5459 0.7198 0.5469 0.7226 0.5479 0.7226 0.5479 0.7229 0.5459 0.72 0.5459 0.7226 0.5479 0.7198 0.5469 0.7193 0.5477 0.7193 0.5477 0.7216 0.5496 0.7226 0.5479 0.7216 0.5496 0.7193 0.5477 0.7186 0.5484001 0.7186 0.5484001 0.72 0.5509 0.7216 0.5496 0.7186 0.5484001 0.7176 0.5487 0.7181 0.5516 0.7181 0.5516 0.72 0.5509 0.7186 0.5484001 0.7181 0.5516 0.7176 0.5487 0.7167 0.5487 0.7167 0.5487 0.7161 0.5516 0.7181 0.5516 0.7143 0.5509 0.7161 0.5516 0.7167 0.5487 0.7167 0.5487 0.7157 0.5484001 0.7143 0.5509 0.7143 0.5509 0.7157 0.5484001 0.715 0.5477 0.715 0.5477 0.7127 0.5496 0.7143 0.5509 0.7117 0.5479 0.7127 0.5496 0.715 0.5477 0.715 0.5477 0.7145 0.5469 0.7117 0.5479 0.7117 0.5479 0.7145 0.5469 0.7143 0.5459 0.7143 0.5459 0.7114 0.5459 0.7117 0.5479 0.822 0.8951 0.822 0.8922 0.821 0.8922 0.821 0.8922 0.821 0.8951 0.822 0.8951 0.8229 0.8951 0.8229 0.8922 0.822 0.8922 0.822 0.8922 0.822 0.8951 0.8229 0.8951 0.5815 0.5434 0.5815 0.5463 0.5823 0.5463 0.5823 0.5463 0.5823 0.5434 0.5815 0.5434 0.5815 0.5434 0.5806 0.5434 0.5806 0.5463 0.5806 0.5463 0.5815 0.5463 0.5815 0.5434 0.5806 0.5463 0.5806 0.5434 0.5796 0.5434 0.5796 0.5434 0.5796 0.5463 0.5806 0.5463 0.5787 0.5434 0.5787 0.5463 0.5796 0.5463 0.5796 0.5463 0.5796 0.5434 0.5787 0.5434 0.5787 0.5434 0.5779 0.5434 0.5779 0.5463 0.5779 0.5463 0.5787 0.5463 0.5787 0.5434 0.6448 0.6509 0.6439 0.6509 0.6439 0.6538 0.6439 0.6538 0.6448 0.6538 0.6448 0.6509 0.6439 0.6538 0.6439 0.6509 0.6429 0.6509 0.6429 0.6509 0.6429 0.6538 0.6439 0.6538 0.642 0.6538 0.6429 0.6538 0.6429 0.6509 0.6429 0.6509 0.642 0.6509 0.642 0.6538 0.6411 0.6538 0.642 0.6538 0.642 0.6509 0.642 0.6509 0.6411 0.6509 0.6411 0.6538 0.6347 0.8591 0.6319 0.8591 0.6319 0.8598 0.6319 0.8598 0.6347 0.8598 0.6347 0.8591 0.6319 0.8581 0.6319 0.8591 0.6347 0.8591 0.6347 0.8591 0.6347 0.8581 0.6319 0.8581 0.6319 0.8571 0.6319 0.8581 0.6347 0.8581 0.6347 0.8581 0.6347 0.8571 0.6319 0.8571 0.6347 0.8562 0.6319 0.8562 0.6319 0.8571 0.6319 0.8571 0.6347 0.8571 0.6347 0.8562 0.6319 0.8555 0.6319 0.8562 0.6347 0.8562 0.6347 0.8562 0.6347 0.8555 0.6319 0.8555 0.8201 0.8951 0.8201 0.8922 0.8192 0.8922 0.8192 0.8922 0.8192 0.8951 0.8201 0.8951 0.8201 0.8922 0.8201 0.8951 0.821 0.8951 0.821 0.8951 0.821 0.8922 0.8201 0.8922 0.7314 0.5461 0.7314 0.543 0.731 0.543 0.731 0.543 0.731 0.5461 0.7314 0.5461 0.7314 0.5461 0.731 0.5461 0.731 0.5493 0.731 0.5493 0.7314 0.5493 0.7314 0.5461 0.731 0.5521 0.7314 0.552 0.7314 0.5493 0.7314 0.5493 0.731 0.5493 0.731 0.5521 0.6355 0.7256 0.6379 0.7256 0.638 0.7252 0.638 0.7252 0.6356 0.7252 0.6355 0.7256 0.6326 0.7256 0.6355 0.7256 0.6356 0.7252 0.6356 0.7252 0.6326 0.7252 0.6326 0.7256 0.6294 0.7252 0.6294 0.7256 0.6326 0.7256 0.6326 0.7256 0.6326 0.7252 0.6294 0.7252 0.6294 0.7252 0.6264 0.7252 0.6264 0.7256 0.6264 0.7256 0.6294 0.7256 0.6294 0.7252 0.6264 0.7256 0.6264 0.7252 0.6239 0.7252 0.6239 0.7252 0.624 0.7256 0.6264 0.7256 0.8886 0.965 0.8882 0.9649 0.8882 0.9677 0.8882 0.9677 0.8886 0.9678 0.8886 0.965 0.8886 0.9618 0.8882 0.9618 0.8882 0.9649 0.8882 0.9649 0.8886 0.965 0.8886 0.9618 0.8882 0.9587 0.8882 0.9618 0.8886 0.9618 0.8886 0.9618 0.8886 0.9587 0.8882 0.9587 0.8882 0.956 0.8882 0.9587 0.8886 0.9587 0.8886 0.9587 0.8886 0.9559 0.8882 0.956 0.6387 0.8685 0.6386 0.8689 0.6411 0.8689 0.6411 0.8689 0.6412 0.8685 0.6387 0.8685 0.6387 0.8685 0.6357 0.8685 0.6357 0.8689 0.6357 0.8689 0.6386 0.8689 0.6387 0.8685 0.6325 0.8685 0.6325 0.8689 0.6357 0.8689 0.6357 0.8689 0.6357 0.8685 0.6325 0.8685 0.6296 0.8689 0.6325 0.8689 0.6325 0.8685 0.6325 0.8685 0.6295 0.8685 0.6296 0.8689 0.627 0.8685 0.6272 0.8689 0.6296 0.8689 0.6296 0.8689 0.6295 0.8685 0.627 0.8685 0.731 0.543 0.7314 0.543 0.7314 0.5403 0.7314 0.5403 0.731 0.5402 0.731 0.543 0.761 0.7277 0.7605 0.7306 0.7609 0.7308 0.7609 0.7308 0.7614 0.7277 0.761 0.7277 0.7609 0.7246 0.7605 0.7247 0.761 0.7277 0.761 0.7277 0.7614 0.7277 0.7609 0.7246 0.7609 0.7246 0.7593 0.7218 0.759 0.7221 0.759 0.7221 0.7605 0.7247 0.7609 0.7246 0.7593 0.7218 0.7569 0.7198 0.7567 0.7202 0.7567 0.7202 0.759 0.7221 0.7593 0.7218 0.7539 0.7187 0.7539 0.7192 0.7567 0.7202 0.7567 0.7202 0.7569 0.7198 0.7539 0.7187 0.7539 0.7187 0.7508 0.7187 0.7509 0.7192 0.7509 0.7192 0.7539 0.7192 0.7539 0.7187 0.7478 0.7198 0.748 0.7202 0.7509 0.7192 0.7509 0.7192 0.7508 0.7187 0.7478 0.7198 0.7457 0.7221 0.748 0.7202 0.7478 0.7198 0.7478 0.7198 0.7454 0.7218 0.7457 0.7221 0.7438 0.7246 0.7442 0.7247 0.7457 0.7221 0.7457 0.7221 0.7454 0.7218 0.7438 0.7246 0.7433 0.7277 0.7437 0.7277 0.7442 0.7247 0.7442 0.7247 0.7438 0.7246 0.7433 0.7277 0.7433 0.7277 0.7438 0.7308 0.7442 0.7306 0.7442 0.7306 0.7437 0.7277 0.7433 0.7277 0.7438 0.7308 0.7454 0.7335 0.7457 0.7332 0.7457 0.7332 0.7442 0.7306 0.7438 0.7308 0.7478 0.7355 0.748 0.7352 0.7457 0.7332 0.7457 0.7332 0.7454 0.7335 0.7478 0.7355 0.7478 0.7355 0.7508 0.7366001 0.7509 0.7362 0.7509 0.7362 0.748 0.7352 0.7478 0.7355 0.7539 0.7366001 0.7539 0.7362 0.7509 0.7362 0.7509 0.7362 0.7508 0.7366001 0.7539 0.7366001 0.7539 0.7366001 0.7569 0.7355 0.7567 0.7352 0.7567 0.7352 0.7539 0.7362 0.7539 0.7366001 0.7593 0.7335 0.759 0.7332 0.7567 0.7352 0.7567 0.7352 0.7569 0.7355 0.7593 0.7335 0.7609 0.7308 0.7605 0.7306 0.759 0.7332 0.759 0.7332 0.7593 0.7335 0.7609 0.7308 0.4325 0.1599 0.4325 0.1491 5e-4 0.1491 0.4325454 0.226794 9e-4 0.2249 0.4325516 0.2273995 0.4325 0.215575 5e-4 0.2132999 5e-4 0.2224 0.144467 0.06342488 0.1445 0.06379997 0.5765 0.06379997 0.144518 0.06334954 0.5764 0.06330001 0.1445289 0.06322491 0.432506 0.04039818 0.432506 0.03537482 0.001099944 0.03500002 0.1444739 0.1330993 0.1445448 0.1334 0.5708 0.1334 0.1445 0.06979995 0.5765 0.07179999 0.5765 0.06379997 0.432557 0.08053243 0.4325 0.07309997 5e-4 0.07309997 0.1445 0.201125 0.1445 0.212 0.5765 0.212 0.1445 0.343025 0.1445 0.3446 0.5765 0.3446 0.144519 0.09822779 0.144519 0.1063251 0.576 0.1067 0.432506 0.03537482 0.432563 0.03500002 0.001099944 0.03500002 0.1445342 0.1310065 0.144485 0.1323509 0.5708 0.1334 0.6064631 0.0104742 0.175 0.0101 0.175 0.01160001 0.6064631 0.01402574 0.175 0.01289999 0.606463 0.01289999 0.1445 0.12585 0.5708 0.1334 0.5765 0.1205999 0.144519 0.1063251 0.1445369 0.1067 0.576 0.1067 0.4325 0.262725 0.4325 0.2457 5e-4 0.2457 0.4325357 0.2278354 0.003699958 0.2278 0.4325321 0.2281025 0.6051551 0.0326367 0.6051551 0.0309 0.1789 0.0309 0.4325571 0.08285045 6e-4 0.08279997 0.432546 0.08295011 0.1445 0.336825 0.5765 0.3425 0.5765 0.3198 0.3185999 0.02347499 0.3185999 0.0252 0.7506 0.0252 0.5765 0.2132999 5e-4 0.2132999 5e-4 0.2224 5e-4 0.2224 0.5708 0.2282 0.5765 0.2132999 0.003699958 0.2278 0.006299972 0.2282 0.5708 0.2282 0.5708 0.2282 0.001899957 0.2267 0.003699958 0.2278 0.5708 0.2282 5e-4 0.2224 9e-4 0.2249 9e-4 0.2249 0.001899957 0.2267 0.5708 0.2282 0.5708 0.2282 0.5733 0.2278 0.5751 0.2267 0.5751 0.2267 0.5765 0.2132999 0.5708 0.2282 0.5751 0.2267 0.5762 0.2249 0.5765 0.2224 0.5765 0.2224 0.5765 0.2132999 0.5751 0.2267 0.1789 0.0309 0.1789 0.03320002 0.7434 0.03320002 0.7434 0.03320002 0.7434 0.0309 0.1789 0.0309 0.5765 0.1276 0.5765 0.1205999 0.5751 0.132 0.5751 0.132 0.5762 0.1302 0.5765 0.1276 0.5733 0.133 0.5751 0.132 0.5765 0.1205999 0.5765 0.1205999 0.5708 0.1334 0.5733 0.133 0.5765 0.1205999 5e-4 0.1205999 5e-4 0.1276 5e-4 0.1276 0.5708 0.1334 0.5765 0.1205999 0.5708 0.1334 5e-4 0.1276 9e-4 0.1302 9e-4 0.1302 0.001899957 0.132 0.5708 0.1334 0.003699958 0.133 0.006299972 0.1334 0.5708 0.1334 0.5708 0.1334 0.001899957 0.132 0.003699958 0.133 5e-4 0.3425 5e-4 0.3446 0.5765 0.3446 0.5765 0.3446 0.5765 0.3425 5e-4 0.3425 0.7341 0.5547 0.7341 0.5569 0.7362 0.5569 0.7362 0.5569 0.7362 0.5425 0.7341 0.5547 0.7341 0.5402 0.7341 0.5547 0.7362 0.5425 5e-4 0.1491 5e-4 0.1635 0.5765 0.1635 0.5765 0.1635 0.5765 0.1491 5e-4 0.1491 0.7506 0.0252 0.7506 0.02289998 0.1746 0.02289998 0.1746 0.02289998 0.1746 0.0252 0.7506 0.0252 5e-4 0.3425 0.5765 0.3425 0.5765 0.3198 0.5765 0.3198 5e-4 0.3198 5e-4 0.3425 0.8989 0.9532 0.8763 0.9532 0.8763 0.9554 0.8763 0.9554 0.8989 0.9554 0.8989 0.9532 0.5765 0.2684 0.5765 0.2457 5e-4 0.2457 5e-4 0.2457 5e-4 0.2684 0.5765 0.2684 0.7114 0.5569 0.7341 0.5569 0.7341 0.5547 0.7341 0.5547 0.7114 0.5547 0.7114 0.5569 0.9106 0.9699 0.9106 0.9676 0.9081 0.9676 0.9081 0.9676 0.9081 0.9699 0.9106 0.9699 0.7432 0.5402 0.7432 0.5425 0.7457 0.5425 0.7457 0.5425 0.7457 0.5402 0.7432 0.5402 0.9124 0.9699 0.9124 0.9676 0.9106 0.9676 0.9106 0.9676 0.9106 0.9699 0.9124 0.9699 0.7477 0.0309 0.7459 0.0309 0.7459 0.03320002 0.7459 0.03320002 0.7477 0.03320002 0.7477 0.0309 0.7459 0.03320002 0.7459 0.0309 0.7434 0.0309 0.7434 0.0309 0.7434 0.03320002 0.7459 0.03320002 0.7457 0.5425 0.7475 0.5425 0.7475 0.5402 0.7475 0.5402 0.7457 0.5402 0.7457 0.5425 0.1746 0.03320002 0.1764 0.03320002 0.1764 0.0309 0.1764 0.0309 0.1746 0.0309 0.1746 0.03320002 0.1789 0.03320002 0.1789 0.0309 0.1764 0.0309 0.1764 0.0309 0.1764 0.03320002 0.1789 0.03320002 0.7432 0.5402 0.7341 0.5402 0.7362 0.5425 0.7362 0.5425 0.7432 0.5425 0.7432 0.5402 0.5765 0.212 0.5765 0.1974999 5e-4 0.1974999 5e-4 0.1974999 5e-4 0.212 0.5765 0.212 0.9011 0.9676 0.8989 0.9699 0.9081 0.9699 0.9081 0.9699 0.9081 0.9676 0.9011 0.9676 0.9011 0.9532 0.8989 0.9532 0.8989 0.9554 0.8989 0.9554 0.9011 0.9676 0.9011 0.9532 0.8989 0.9699 0.9011 0.9676 0.8989 0.9554 0.7499 0.0144 0.175 0.01289999 0.7499 0.01289999 0.175 0.01289999 0.7499 0.0144 0.175 0.0144 0.7499 0.0101 0.175 0.0101 0.175 0.01160001 0.175 0.01160001 0.7499 0.01160001 0.7499 0.0101 0.576 0.1067 0.5764 0.1065999 0.5765 0.1061999 0.5765 0.1061999 0.5765 0.09539997 0.576 0.1067 0.576 0.1067 0.5765 0.09539997 5e-4 0.09539997 5e-4 0.09539997 5e-4 0.1061999 0.576 0.1067 0.001099944 0.1067 0.576 0.1067 5e-4 0.1061999 5e-4 0.1061999 6e-4 0.1065999 0.001099944 0.1067 0.576 0.083 5e-4 0.08240002 6e-4 0.08279997 6e-4 0.08279997 0.001099944 0.083 0.576 0.083 0.576 0.083 0.5765 0.07309997 5e-4 0.07309997 5e-4 0.07309997 5e-4 0.08240002 0.576 0.083 0.576 0.083 0.5764 0.08279997 0.5765 0.08240002 0.5765 0.08240002 0.5765 0.07309997 0.576 0.083 0.7109 0.7117 0.7109 0.7051 0.7094 0.7051 0.7094 0.7051 0.7094 0.7132 0.7109 0.7117 0.001099944 0.06319999 0.5765 0.06379997 0.5764 0.06330001 0.5764 0.06330001 0.576 0.06319999 0.001099944 0.06319999 0.5765 0.06379997 0.001099944 0.06319999 6e-4 0.06330001 6e-4 0.06330001 5e-4 0.06379997 0.5765 0.06379997 5e-4 0.07179999 0.5765 0.07179999 0.5765 0.06379997 0.5765 0.06379997 5e-4 0.06379997 5e-4 0.07179999 0.5752 0.64 0.5767 0.64 0.5767 0.6334 0.5767 0.6334 0.5752 0.6319 0.5752 0.64 0.5765 0.03549998 0.5764 0.03509998 0.576 0.03500002 0.576 0.03500002 0.001099944 0.03500002 0.5765 0.03549998 0.5765 0.04220002 0.5765 0.03549998 0.001099944 0.03500002 0.001099944 0.03500002 5e-4 0.04220002 0.5765 0.04220002 6e-4 0.03509998 5e-4 0.03549998 5e-4 0.04220002 5e-4 0.04220002 0.001099944 0.03500002 6e-4 0.03509998 0.5864 0.6334 0.5864 0.6319 0.5859 0.6319 0.5859 0.6319 0.5859 0.6334 0.5864 0.6334 0.7202 0.7132 0.7206 0.7132 0.7206 0.7117 0.7206 0.7117 0.7202 0.7117 0.7202 0.7132 0.175 0.0144 0.175 0.01289999 0.1746 0.01289999 0.1746 0.01289999 0.1746 0.0144 0.175 0.0144 0.7503 0.01289999 0.7499 0.01289999 0.7499 0.0144 0.7499 0.0144 0.7503 0.0144 0.7503 0.01289999 0.7499 0.0101 0.7499 0.01160001 0.7503 0.01160001 0.7503 0.01160001 0.7503 0.0101 0.7499 0.0101 0.175 0.01160001 0.175 0.0101 0.1746 0.0101 0.1746 0.0101 0.1746 0.01160001 0.175 0.01160001 0.7094 0.7051 0.7109 0.7051 0.7109 0.7047 0.7109 0.7047 0.7094 0.7047 0.7094 0.7051 0.5767 0.64 0.5752 0.64 0.5752 0.6404 0.5752 0.6404 0.5767 0.6404 0.5767 0.64 0.7109 0.7117 0.7094 0.7132 0.7202 0.7132 0.7202 0.7132 0.7202 0.7117 0.7109 0.7117 0.5859 0.6319 0.5752 0.6319 0.5767 0.6334 0.5767 0.6334 0.5859 0.6334 0.5859 0.6319 0.202 8.00014e-4 0.2005 8.00014e-4 0.2005 0.001900017 0.2005 0.001900017 0.202 0.001900017 0.202 8.00014e-4 0.2005 8.00014e-4 0.1991 8.00014e-4 0.1991 0.001900017 0.1991 0.001900017 0.2005 0.001900017 0.2005 8.00014e-4 0.64 0.7242 0.6389 0.7242 0.6389 0.7254 0.6389 0.7254 0.64 0.7254 0.64 0.7242 0.64 0.7254 0.6389 0.7254 0.6389 0.7268 0.6389 0.7268 0.64 0.7268 0.64 0.7254 0.64 0.7268 0.6389 0.7268 0.6389 0.7283 0.6389 0.7283 0.64 0.7283 0.64 0.7268 0.64 0.7283 0.6389 0.7283 0.6389 0.7297 0.6389 0.7297 0.64 0.7297 0.64 0.7283 0.64 0.7297 0.6389 0.7297 0.6389 0.7308 0.6389 0.7308 0.64 0.7308 0.64 0.7297 0.8676 0.3776 0.8676 0.3765 0.8663 0.3765 0.8663 0.3765 0.8663 0.3776 0.8676 0.3776 0.8663 0.3776 0.8663 0.3765 0.8648 0.3765 0.8648 0.3765 0.8648 0.3776 0.8663 0.3776 0.8648 0.3776 0.8648 0.3765 0.8633 0.3765 0.8633 0.3765 0.8633 0.3776 0.8648 0.3776 0.8633 0.3776 0.8633 0.3765 0.862 0.3765 0.862 0.3765 0.862 0.3776 0.8633 0.3776 0.6431 0.8676 0.642 0.8676 0.642 0.8687 0.642 0.8687 0.6431 0.8687 0.6431 0.8676 0.6431 0.8687 0.642 0.8687 0.642 0.8701 0.642 0.8701 0.6431 0.8701 0.6431 0.8687 0.6431 0.8701 0.642 0.8701 0.642 0.8716 0.642 0.8716 0.6431 0.8716 0.6431 0.8701 0.6431 0.8716 0.642 0.8716 0.642 0.873 0.642 0.873 0.6431 0.873 0.6431 0.8716 0.6431 0.873 0.642 0.873 0.642 0.8742 0.642 0.8742 0.6431 0.8742 0.6431 0.873 0.2034 0.001900017 0.2046 0.001900017 0.2046 8.00014e-4 0.2046 8.00014e-4 0.2034 8.00014e-4 0.2034 0.001900017 0.202 8.00014e-4 0.202 0.001900017 0.2034 0.001900017 0.2034 0.001900017 0.2034 8.00014e-4 0.202 8.00014e-4 0.6077 0.1736999 0.6082 0.1744999 0.6089 0.1751999 0.6089 0.1751999 0.6077 0.1717 0.6077 0.1736999 0.6089 0.1751999 0.6099 0.1754999 0.6109 0.1754999 0.6109 0.1754999 0.6126 0.1744999 0.6089 0.1751999 0.6109 0.1754999 0.6118 0.1751999 0.6126 0.1744999 0.6126 0.1744999 0.6131 0.1736999 0.6132 0.1726999 0.6132 0.1726999 0.6126 0.1707999 0.6126 0.1744999 0.6132 0.1726999 0.6131 0.1717 0.6126 0.1707999 0.6126 0.1707999 0.6118 0.1701999 0.6109 0.1699 0.6109 0.1699 0.6089 0.1701999 0.6126 0.1707999 0.6109 0.1699 0.6099 0.1699 0.6089 0.1701999 0.6089 0.1751999 0.6126 0.1744999 0.6126 0.1707999 0.6126 0.1707999 0.6089 0.1701999 0.6089 0.1751999 0.6077 0.1717 0.6089 0.1751999 0.6089 0.1701999 0.6089 0.1701999 0.6082 0.1707999 0.6077 0.1717 0.6075 0.1726999 0.6077 0.1736999 0.6077 0.1717 0.7321 0.7201 0.7307 0.7201 0.7309 0.7216 0.7309 0.7216 0.7323 0.7211 0.7321 0.7201 0.7317 0.7229 0.7328 0.7219 0.7323 0.7211 0.7323 0.7211 0.7309 0.7216 0.7317 0.7229 0.7336 0.7226 0.7328 0.7219 0.7317 0.7229 0.7317 0.7229 0.7328 0.7238 0.7336 0.7226 0.7328 0.7238 0.7343 0.7244001 0.7345 0.7229 0.7345 0.7229 0.7336 0.7226 0.7328 0.7238 0.7345 0.7229 0.7343 0.7244001 0.7358 0.7244001 0.7358 0.7244001 0.7355 0.7229 0.7345 0.7229 0.7355 0.7229 0.7358 0.7244001 0.7372 0.7238 0.7372 0.7238 0.7364 0.7226 0.7355 0.7229 0.7372 0.7219 0.7364 0.7226 0.7372 0.7238 0.7372 0.7238 0.7383 0.7229 0.7372 0.7219 0.7372 0.7219 0.7383 0.7229 0.7391 0.7216 0.7391 0.7216 0.7377 0.7211 0.7372 0.7219 0.7377 0.7211 0.7391 0.7216 0.7393 0.7201 0.7393 0.7201 0.7379 0.7201 0.7377 0.7211 0.7379 0.7201 0.7393 0.7201 0.7391 0.7186 0.7391 0.7186 0.7377 0.7191 0.7379 0.7201 0.7377 0.7191 0.7391 0.7186 0.7383 0.7173 0.7383 0.7173 0.7372 0.7183 0.7377 0.7191 0.7372 0.7183 0.7383 0.7173 0.7372 0.7164 0.7372 0.7164 0.7364 0.7176 0.7372 0.7183 0.7364 0.7176 0.7372 0.7164 0.7358 0.7158 0.7358 0.7158 0.7355 0.7173 0.7364 0.7176 0.7355 0.7173 0.7358 0.7158 0.7343 0.7158 0.7343 0.7158 0.7345 0.7173 0.7355 0.7173 0.7345 0.7173 0.7343 0.7158 0.7328 0.7164 0.7328 0.7164 0.7336 0.7176 0.7345 0.7173 0.7336 0.7176 0.7328 0.7164 0.7317 0.7173 0.7317 0.7173 0.7328 0.7183 0.7336 0.7176 0.7309 0.7186 0.7323 0.7191 0.7328 0.7183 0.7328 0.7183 0.7317 0.7173 0.7309 0.7186 0.7321 0.7201 0.7323 0.7191 0.7309 0.7186 0.7309 0.7186 0.7307 0.7201 0.7321 0.7201 0.7215 0.7102 0.7215 0.7112 0.7221 0.7112 0.7221 0.7112 0.7221 0.7102 0.7215 0.7102 0.7221 0.7121 0.7221 0.7112 0.7215 0.7112 0.7215 0.7112 0.7215 0.7121 0.7221 0.7121 0.5857 0.6339 0.5857 0.6346001 0.5863 0.6346001 0.5863 0.6346001 0.5863 0.6339 0.5857 0.6339 0.5857 0.6356 0.5863 0.6356 0.5863 0.6346001 0.5863 0.6346001 0.5857 0.6346001 0.5857 0.6356 0.5857 0.6365 0.5863 0.6365 0.5863 0.6356 0.5863 0.6356 0.5857 0.6356 0.5857 0.6365 0.5857 0.6365 0.5857 0.6375 0.5863 0.6375 0.5863 0.6375 0.5863 0.6365 0.5857 0.6365 0.5857 0.6382001 0.5863 0.6382001 0.5863 0.6375 0.5863 0.6375 0.5857 0.6375 0.5857 0.6382001 0.7592 0.8272 0.7592 0.8278 0.7601 0.8278 0.7601 0.8278 0.7601 0.8272 0.7592 0.8272 0.7601 0.8272 0.7601 0.8278 0.761 0.8278 0.761 0.8278 0.761 0.8272 0.7601 0.8272 0.761 0.8272 0.761 0.8278 0.762 0.8278 0.762 0.8278 0.762 0.8272 0.761 0.8272 0.762 0.8272 0.762 0.8278 0.7629 0.8278 0.7629 0.8278 0.7629 0.8272 0.762 0.8272 0.7544 0.8272 0.7544 0.8278 0.7552 0.8278 0.7552 0.8278 0.7552 0.8272 0.7544 0.8272 0.7552 0.8272 0.7552 0.8278 0.7561 0.8278 0.7561 0.8278 0.7561 0.8272 0.7552 0.8272 0.7561 0.8272 0.7561 0.8278 0.7571 0.8278 0.7571 0.8278 0.7571 0.8272 0.7561 0.8272 0.7571 0.8278 0.758 0.8278 0.758 0.8272 0.758 0.8272 0.7571 0.8272 0.7571 0.8278 0.7588 0.8278 0.7588 0.8272 0.758 0.8272 0.758 0.8272 0.758 0.8278 0.7588 0.8278 0.7221 0.7085 0.7215 0.7085 0.7215 0.7092 0.7215 0.7092 0.7221 0.7092 0.7221 0.7085 0.7215 0.7092 0.7215 0.7102 0.7221 0.7102 0.7221 0.7102 0.7221 0.7092 0.7215 0.7092 0.7364 0.4086 0.7364 0.4098 0.7379 0.4098 0.7379 0.4098 0.7379 0.4086 0.7364 0.4086 0.7364 0.4086 0.735 0.4086 0.735 0.4098 0.735 0.4098 0.7364 0.4098 0.7364 0.4086 0.737 0.5554 0.737 0.5565 0.7382 0.5565 0.7382 0.5565 0.7382 0.5554 0.737 0.5554 0.7382 0.5554 0.7382 0.5565 0.7396 0.5565 0.7396 0.5565 0.7396 0.5554 0.7382 0.5554 0.7396 0.5554 0.7396 0.5565 0.7411 0.5565 0.7411 0.5565 0.7411 0.5554 0.7396 0.5554 0.7411 0.5554 0.7411 0.5565 0.7425 0.5565 0.7425 0.5565 0.7425 0.5554 0.7411 0.5554 0.7425 0.5554 0.7425 0.5565 0.7436 0.5565 0.7436 0.5565 0.7436 0.5554 0.7425 0.5554 0.6291 0.736 0.6291 0.7349 0.6278 0.7349 0.6278 0.7349 0.6278 0.736 0.6291 0.736 0.6263 0.736 0.6278 0.736 0.6278 0.7349 0.6278 0.7349 0.6263 0.7349 0.6263 0.736 0.6263 0.736 0.6263 0.7349 0.6248 0.7349 0.6248 0.7349 0.6248 0.736 0.6263 0.736 0.6248 0.736 0.6248 0.7349 0.6235 0.7349 0.6235 0.7349 0.6235 0.736 0.6248 0.736 0.8833 0.5414 0.8845 0.5414 0.8845 0.5403 0.8845 0.5403 0.8833 0.5403 0.8833 0.5414 0.8833 0.5414 0.8833 0.5403 0.8819 0.5403 0.8819 0.5403 0.8819 0.5414 0.8833 0.5414 0.8819 0.5414 0.8819 0.5403 0.8804 0.5403 0.8804 0.5403 0.8804 0.5414 0.8819 0.5414 0.8804 0.5414 0.8804 0.5403 0.879 0.5403 0.879 0.5403 0.879 0.5414 0.8804 0.5414 0.879 0.5414 0.879 0.5403 0.8779 0.5403 0.8779 0.5403 0.8779 0.5414 0.879 0.5414 0.7405 0.4098 0.7405 0.4086 0.7393 0.4086 0.7393 0.4086 0.7393 0.4098 0.7405 0.4098 0.7393 0.4098 0.7393 0.4086 0.7379 0.4086 0.7379 0.4086 0.7379 0.4098 0.7393 0.4098 0.5789 0.2019 0.5797 0.2024999 0.5784 0.1991 0.5784 0.1991 0.5784 0.2009999 0.5789 0.2019 0.5797 0.2024999 0.5806 0.2028999 0.5816 0.2028999 0.5816 0.2028999 0.5833 0.2019 0.5797 0.2024999 0.5816 0.2028999 0.5825 0.2024999 0.5833 0.2019 0.5833 0.2019 0.5838 0.2009999 0.584 0.1999999 0.584 0.1999999 0.5833 0.1981999 0.5833 0.2019 0.584 0.1999999 0.5838 0.1991 0.5833 0.1981999 0.5797 0.1976 0.5833 0.1981999 0.5825 0.1976 0.5825 0.1976 0.5816 0.1972 0.5797 0.1976 0.5816 0.1972 0.5806 0.1972 0.5797 0.1976 0.5833 0.2019 0.5833 0.1981999 0.5797 0.1976 0.5797 0.1976 0.5797 0.2024999 0.5833 0.2019 0.5797 0.1976 0.5789 0.1981999 0.5784 0.1991 0.5784 0.1991 0.5797 0.2024999 0.5797 0.1976 0.5782 0.1999999 0.5784 0.2009999 0.5784 0.1991 0.7311 0.846 0.7314 0.8475 0.7328 0.847 0.7328 0.847 0.7326 0.846 0.7311 0.846 0.7321 0.8488 0.7333 0.8478 0.7328 0.847 0.7328 0.847 0.7314 0.8475 0.7321 0.8488 0.7321 0.8488 0.7333 0.8497 0.734 0.8485 0.734 0.8485 0.7333 0.8478 0.7321 0.8488 0.7347 0.8502 0.735 0.8488 0.734 0.8485 0.734 0.8485 0.7333 0.8497 0.7347 0.8502 0.7362 0.8502 0.7359 0.8488 0.735 0.8488 0.735 0.8488 0.7347 0.8502 0.7362 0.8502 0.7359 0.8488 0.7362 0.8502 0.7376 0.8497 0.7376 0.8497 0.7369 0.8485 0.7359 0.8488 0.7388 0.8488 0.7376 0.8478 0.7369 0.8485 0.7369 0.8485 0.7376 0.8497 0.7388 0.8488 0.7376 0.8478 0.7388 0.8488 0.7395 0.8475 0.7395 0.8475 0.7381 0.847 0.7376 0.8478 0.7395 0.8475 0.7398 0.846 0.7383 0.846 0.7383 0.846 0.7381 0.847 0.7395 0.8475 0.7395 0.8445 0.7381 0.845 0.7383 0.846 0.7383 0.846 0.7398 0.846 0.7395 0.8445 0.7388 0.8432 0.7376 0.8442 0.7381 0.845 0.7381 0.845 0.7395 0.8445 0.7388 0.8432 0.7376 0.8423 0.7369 0.8435 0.7376 0.8442 0.7376 0.8442 0.7388 0.8432 0.7376 0.8423 0.7376 0.8423 0.7362 0.8417 0.7359 0.8432 0.7359 0.8432 0.7369 0.8435 0.7376 0.8423 0.7362 0.8417 0.7347 0.8417 0.735 0.8432 0.735 0.8432 0.7359 0.8432 0.7362 0.8417 0.735 0.8432 0.7347 0.8417 0.7333 0.8423 0.7333 0.8423 0.734 0.8435 0.735 0.8432 0.734 0.8435 0.7333 0.8423 0.7321 0.8432 0.7321 0.8432 0.7333 0.8442 0.734 0.8435 0.7333 0.8442 0.7321 0.8432 0.7314 0.8445 0.7314 0.8445 0.7328 0.845 0.7333 0.8442 0.7311 0.846 0.7326 0.846 0.7328 0.845 0.7328 0.845 0.7314 0.8445 0.7311 0.846 0.7519 0.7314 0.7519 0.7319 0.7529 0.7319 0.7529 0.7319 0.7529 0.7314 0.7519 0.7314 0.7519 0.7314 0.7511 0.7314 0.7511 0.7319 0.7511 0.7319 0.7519 0.7319 0.7519 0.7314 0.7448 0.8272 0.7448 0.8278 0.7455 0.8278 0.7455 0.8278 0.7455 0.8272 0.7448 0.8272 0.7455 0.8278 0.7465 0.8278 0.7465 0.8272 0.7465 0.8272 0.7455 0.8272 0.7455 0.8278 0.7465 0.8278 0.7475 0.8278 0.7475 0.8272 0.7475 0.8272 0.7465 0.8272 0.7465 0.8278 0.7484 0.8278 0.7484 0.8272 0.7475 0.8272 0.7475 0.8272 0.7475 0.8278 0.7484 0.8278 0.7492 0.8278 0.7492 0.8272 0.7484 0.8272 0.7484 0.8272 0.7484 0.8278 0.7492 0.8278 0.7592 0.8296 0.7592 0.829 0.7584 0.829 0.7584 0.829 0.7584 0.8296 0.7592 0.8296 0.7602 0.829 0.7592 0.829 0.7592 0.8296 0.7592 0.8296 0.7602 0.8296 0.7602 0.829 0.7602 0.829 0.7602 0.8296 0.7612 0.8296 0.7612 0.8296 0.7612 0.829 0.7602 0.829 0.7612 0.8296 0.7621 0.8296 0.7621 0.829 0.7621 0.829 0.7612 0.829 0.7612 0.8296 0.7946 0.8748 0.7946 0.8742 0.7939 0.8742 0.7939 0.8742 0.7939 0.8748 0.7946 0.8748 0.7946 0.8748 0.7956 0.8748 0.7956 0.8742 0.7956 0.8742 0.7946 0.8742 0.7946 0.8748 0.7956 0.8742 0.7956 0.8748 0.7966 0.8748 0.7966 0.8748 0.7966 0.8742 0.7956 0.8742 0.7966 0.8748 0.7975 0.8748 0.7975 0.8742 0.7975 0.8742 0.7966 0.8742 0.7966 0.8748 0.7975 0.8742 0.7975 0.8748 0.7983 0.8748 0.7983 0.8748 0.7983 0.8742 0.7975 0.8742 0.7547 0.7314 0.7539 0.7314 0.7539 0.7319 0.7539 0.7319 0.7547 0.7319 0.7547 0.7314 0.7539 0.7314 0.7529 0.7314 0.7529 0.7319 0.7529 0.7319 0.7539 0.7319 0.7539 0.7314 0.7379 0.3792 0.7379 0.3781 0.7364 0.3781 0.7364 0.3781 0.7364 0.3792 0.7379 0.3792 0.735 0.3781 0.735 0.3792 0.7364 0.3792 0.7364 0.3792 0.7364 0.3781 0.735 0.3781 0.6361 0.7349 0.635 0.7349 0.635 0.736 0.635 0.736 0.6361 0.736 0.6361 0.7349 0.6336 0.736 0.635 0.736 0.635 0.7349 0.635 0.7349 0.6336 0.7349 0.6336 0.736 0.6336 0.7349 0.6321 0.7349 0.6321 0.736 0.6321 0.736 0.6336 0.736 0.6336 0.7349 0.6321 0.7349 0.6307 0.7349 0.6307 0.736 0.6307 0.736 0.6321 0.736 0.6321 0.7349 0.6307 0.736 0.6307 0.7349 0.6295 0.7349 0.6295 0.7349 0.6295 0.736 0.6307 0.736 0.629 0.733 0.6277 0.733 0.6277 0.7341 0.6277 0.7341 0.629 0.7341 0.629 0.733 0.6262 0.733 0.6262 0.7341 0.6277 0.7341 0.6277 0.7341 0.6277 0.733 0.6262 0.733 0.6262 0.733 0.6247 0.733 0.6247 0.7341 0.6247 0.7341 0.6262 0.7341 0.6262 0.733 0.6234 0.733 0.6234 0.7341 0.6247 0.7341 0.6247 0.7341 0.6247 0.733 0.6234 0.733 0.6177 0.7216 0.6177 0.7228 0.6188 0.7228 0.6188 0.7228 0.6188 0.7216 0.6177 0.7216 0.6188 0.7242 0.6188 0.7228 0.6177 0.7228 0.6177 0.7228 0.6177 0.7242 0.6188 0.7242 0.6177 0.7257 0.6188 0.7257 0.6188 0.7242 0.6188 0.7242 0.6177 0.7242 0.6177 0.7257 0.6177 0.7257 0.6177 0.7271 0.6188 0.7271 0.6188 0.7271 0.6188 0.7257 0.6177 0.7257 0.6188 0.7271 0.6177 0.7271 0.6177 0.7282 0.6177 0.7282 0.6188 0.7282 0.6188 0.7271 0.7405 0.3781 0.7393 0.3781 0.7393 0.3792 0.7393 0.3792 0.7405 0.3792 0.7405 0.3781 0.7393 0.3792 0.7393 0.3781 0.7379 0.3781 0.7379 0.3781 0.7379 0.3792 0.7393 0.3792 0.609 0.2059999 0.6098 0.2067 0.6085 0.2031999 0.6085 0.2031999 0.6085 0.2052 0.609 0.2059999 0.6134 0.2059999 0.6098 0.2067 0.6107 0.207 0.6107 0.207 0.6117 0.207 0.6134 0.2059999 0.6117 0.207 0.6126 0.2067 0.6134 0.2059999 0.6134 0.2059999 0.6139 0.2052 0.6141 0.2042 0.6141 0.2042 0.6134 0.2024 0.6134 0.2059999 0.6141 0.2042 0.6139 0.2031999 0.6134 0.2024 0.6134 0.2024 0.6126 0.2016999 0.6117 0.2013999 0.6117 0.2013999 0.6098 0.2016999 0.6134 0.2024 0.6117 0.2013999 0.6107 0.2013999 0.6098 0.2016999 0.6134 0.2059999 0.6134 0.2024 0.6098 0.2016999 0.6098 0.2016999 0.6098 0.2067 0.6134 0.2059999 0.6098 0.2067 0.6098 0.2016999 0.609 0.2024 0.609 0.2024 0.6085 0.2031999 0.6098 0.2067 0.6083 0.2042 0.6085 0.2052 0.6085 0.2031999 0.6428 0.6603 0.6426 0.6593 0.6411 0.6593 0.6411 0.6593 0.6414 0.6608 0.6428 0.6603 0.6421 0.6621 0.6433 0.6612 0.6428 0.6603 0.6428 0.6603 0.6414 0.6608 0.6421 0.6621 0.6433 0.6612 0.6421 0.6621 0.6433 0.6631 0.6433 0.6631 0.644 0.6618 0.6433 0.6612 0.6447 0.6636 0.6449 0.6621 0.644 0.6618 0.644 0.6618 0.6433 0.6631 0.6447 0.6636 0.6449 0.6621 0.6447 0.6636 0.6462 0.6636 0.6462 0.6636 0.6459 0.6621 0.6449 0.6621 0.6476 0.6631 0.6469 0.6618 0.6459 0.6621 0.6459 0.6621 0.6462 0.6636 0.6476 0.6631 0.6487 0.6621 0.6476 0.6612 0.6469 0.6618 0.6469 0.6618 0.6476 0.6631 0.6487 0.6621 0.6487 0.6621 0.6495 0.6608 0.6481 0.6603 0.6481 0.6603 0.6476 0.6612 0.6487 0.6621 0.6498 0.6593 0.6483 0.6593 0.6481 0.6603 0.6481 0.6603 0.6495 0.6608 0.6498 0.6593 0.6498 0.6593 0.6495 0.6579 0.6481 0.6584 0.6481 0.6584 0.6483 0.6593 0.6498 0.6593 0.6481 0.6584 0.6495 0.6579 0.6487 0.6566 0.6487 0.6566 0.6476 0.6575 0.6481 0.6584 0.6487 0.6566 0.6476 0.6556 0.6469 0.6569 0.6469 0.6569 0.6476 0.6575 0.6487 0.6566 0.6462 0.6551 0.6459 0.6565 0.6469 0.6569 0.6469 0.6569 0.6476 0.6556 0.6462 0.6551 0.6447 0.6551 0.6449 0.6565 0.6459 0.6565 0.6459 0.6565 0.6462 0.6551 0.6447 0.6551 0.6433 0.6556 0.644 0.6569 0.6449 0.6565 0.6449 0.6565 0.6447 0.6551 0.6433 0.6556 0.6433 0.6556 0.6421 0.6566 0.6433 0.6575 0.6433 0.6575 0.644 0.6569 0.6433 0.6556 0.6414 0.6579 0.6428 0.6584 0.6433 0.6575 0.6433 0.6575 0.6421 0.6566 0.6414 0.6579 0.6428 0.6584 0.6414 0.6579 0.6411 0.6593 0.6411 0.6593 0.6426 0.6593 0.6428 0.6584 0.7028 0.6979 0.7028 0.6988 0.7034 0.6988 0.7034 0.6988 0.7034 0.6979 0.7028 0.6979 0.7028 0.6997 0.7034 0.6997 0.7034 0.6988 0.7034 0.6988 0.7028 0.6988 0.7028 0.6997 0.7496 0.8278 0.7504 0.8278 0.7504 0.8272 0.7504 0.8272 0.7496 0.8272 0.7496 0.8278 0.7504 0.8278 0.7513 0.8278 0.7513 0.8272 0.7513 0.8272 0.7504 0.8272 0.7504 0.8278 0.7513 0.8278 0.7523 0.8278 0.7523 0.8272 0.7523 0.8272 0.7513 0.8272 0.7513 0.8278 0.7523 0.8272 0.7523 0.8278 0.7532 0.8278 0.7532 0.8278 0.7532 0.8272 0.7523 0.8272 0.754 0.8272 0.7532 0.8272 0.7532 0.8278 0.7532 0.8278 0.754 0.8278 0.754 0.8272 0.7069 0.7072 0.7069 0.7081 0.7075 0.7081 0.7075 0.7081 0.7075 0.7072 0.7069 0.7072 0.7075 0.7091 0.7075 0.7081 0.7069 0.7081 0.7069 0.7081 0.7069 0.7091 0.7075 0.7091 0.7069 0.7101 0.7075 0.7101 0.7075 0.7091 0.7075 0.7091 0.7069 0.7091 0.7069 0.7101 0.7075 0.7101 0.7069 0.7101 0.7069 0.7109 0.7069 0.7109 0.7075 0.7109 0.7075 0.7101 0.7495 0.8296 0.7495 0.829 0.7488 0.829 0.7488 0.829 0.7488 0.8296 0.7495 0.8296 0.7495 0.8296 0.7505 0.8296 0.7505 0.829 0.7505 0.829 0.7495 0.829 0.7495 0.8296 0.7514 0.8296 0.7514 0.829 0.7505 0.829 0.7505 0.829 0.7505 0.8296 0.7514 0.8296 0.7514 0.8296 0.7524 0.8296 0.7524 0.829 0.7524 0.829 0.7514 0.829 0.7514 0.8296 0.7524 0.8296 0.7531 0.8296 0.7531 0.829 0.7531 0.829 0.7524 0.829 0.7524 0.8296 0.7028 0.696 0.7028 0.6969 0.7034 0.6969 0.7034 0.6969 0.7034 0.696 0.7028 0.696 0.7028 0.6969 0.7028 0.6979 0.7034 0.6979 0.7034 0.6979 0.7034 0.6969 0.7028 0.6969 0.6562 0.624 0.6547 0.624 0.6547 0.6251 0.6547 0.6251 0.6562 0.6251 0.6562 0.624 0.6547 0.624 0.6533 0.624 0.6533 0.6251 0.6533 0.6251 0.6547 0.6251 0.6547 0.624 0.8687 0.4375 0.8675 0.4375 0.8675 0.4386 0.8675 0.4386 0.8687 0.4386 0.8687 0.4375 0.8675 0.4375 0.8661 0.4375 0.8661 0.4386 0.8661 0.4386 0.8675 0.4386 0.8675 0.4375 0.8661 0.4375 0.8646 0.4375 0.8646 0.4386 0.8646 0.4386 0.8661 0.4386 0.8661 0.4375 0.8646 0.4375 0.8632 0.4375 0.8632 0.4386 0.8632 0.4386 0.8646 0.4386 0.8646 0.4375 0.8632 0.4375 0.862 0.4375 0.862 0.4386 0.862 0.4386 0.8632 0.4386 0.8632 0.4375 0.7643 0.3556 0.763 0.3556 0.763 0.3567 0.763 0.3567 0.7643 0.3567 0.7643 0.3556 0.763 0.3556 0.7615 0.3556 0.7615 0.3567 0.7615 0.3567 0.763 0.3567 0.763 0.3556 0.7615 0.3556 0.76 0.3556 0.76 0.3567 0.76 0.3567 0.7615 0.3567 0.7615 0.3556 0.76 0.3556 0.7587 0.3556 0.7587 0.3567 0.7587 0.3567 0.76 0.3567 0.76 0.3556 0.6214 0.726 0.6214 0.7272 0.6225 0.7272 0.6225 0.7272 0.6225 0.726 0.6214 0.726 0.6214 0.7272 0.6214 0.7286 0.6225 0.7286 0.6225 0.7286 0.6225 0.7272 0.6214 0.7272 0.6214 0.7286 0.6214 0.7301 0.6225 0.7301 0.6225 0.7301 0.6225 0.7286 0.6214 0.7286 0.6214 0.7301 0.6214 0.7315 0.6225 0.7315 0.6225 0.7315 0.6225 0.7301 0.6214 0.7301 0.6214 0.7315 0.6214 0.7326 0.6225 0.7326 0.6225 0.7326 0.6225 0.7315 0.6214 0.7315 0.6587 0.624 0.6576 0.624 0.6576 0.6251 0.6576 0.6251 0.6587 0.6251 0.6587 0.624 0.6562 0.6251 0.6576 0.6251 0.6576 0.624 0.6576 0.624 0.6562 0.624 0.6562 0.6251 0.7356 0.9259 0.7361 0.9267 0.7368 0.9274 0.7368 0.9274 0.7356 0.9239 0.7356 0.9259 0.7368 0.9274 0.7377 0.9277 0.7387 0.9277 0.7387 0.9277 0.7404 0.9267 0.7368 0.9274 0.7387 0.9277 0.7397 0.9274 0.7404 0.9267 0.7404 0.9267 0.7409 0.9259 0.7411 0.9249 0.7411 0.9249 0.7404 0.9231 0.7404 0.9267 0.7411 0.9249 0.7409 0.9239 0.7404 0.9231 0.7404 0.9231 0.7397 0.9224 0.7387 0.9221 0.7387 0.9221 0.7368 0.9224 0.7404 0.9231 0.7387 0.9221 0.7377 0.9221 0.7368 0.9224 0.7368 0.9274 0.7404 0.9267 0.7404 0.9231 0.7404 0.9231 0.7368 0.9224 0.7368 0.9274 0.7361 0.9231 0.7356 0.9239 0.7368 0.9274 0.7368 0.9274 0.7368 0.9224 0.7361 0.9231 0.7354 0.9249 0.7356 0.9259 0.7356 0.9239 0.6138 0.5094 0.6123 0.5094 0.6126 0.5109 0.6126 0.5109 0.614 0.5104 0.6138 0.5094 0.6133 0.5122 0.6145 0.5112 0.614 0.5104 0.614 0.5104 0.6126 0.5109 0.6133 0.5122 0.6152 0.5119 0.6145 0.5112 0.6133 0.5122 0.6133 0.5122 0.6145 0.5131 0.6152 0.5119 0.6152 0.5119 0.6145 0.5131 0.6159 0.5137 0.6159 0.5137 0.6162 0.5122 0.6152 0.5119 0.6162 0.5122 0.6159 0.5137 0.6174 0.5137 0.6174 0.5137 0.6172 0.5122 0.6162 0.5122 0.6174 0.5137 0.6188 0.5131 0.6181 0.5119 0.6181 0.5119 0.6172 0.5122 0.6174 0.5137 0.6181 0.5119 0.6188 0.5131 0.62 0.5122 0.62 0.5122 0.6188 0.5112 0.6181 0.5119 0.6188 0.5112 0.62 0.5122 0.6207 0.5109 0.6207 0.5109 0.6193 0.5104 0.6188 0.5112 0.6207 0.5109 0.621 0.5094 0.6195 0.5094 0.6195 0.5094 0.6193 0.5104 0.6207 0.5109 0.6195 0.5094 0.621 0.5094 0.6207 0.5079 0.6207 0.5079 0.6193 0.5084 0.6195 0.5094 0.6193 0.5084 0.6207 0.5079 0.62 0.5066 0.62 0.5066 0.6188 0.5076 0.6193 0.5084 0.6181 0.5069 0.6188 0.5076 0.62 0.5066 0.62 0.5066 0.6188 0.5057 0.6181 0.5069 0.6188 0.5057 0.6174 0.5052 0.6172 0.5066 0.6172 0.5066 0.6181 0.5069 0.6188 0.5057 0.6162 0.5066 0.6172 0.5066 0.6174 0.5052 0.6174 0.5052 0.6159 0.5052 0.6162 0.5066 0.6162 0.5066 0.6159 0.5052 0.6145 0.5057 0.6145 0.5057 0.6152 0.5069 0.6162 0.5066 0.6152 0.5069 0.6145 0.5057 0.6133 0.5066 0.6133 0.5066 0.6145 0.5076 0.6152 0.5069 0.6133 0.5066 0.6126 0.5079 0.614 0.5084 0.614 0.5084 0.6145 0.5076 0.6133 0.5066 0.6126 0.5079 0.6123 0.5094 0.6138 0.5094 0.6138 0.5094 0.614 0.5084 0.6126 0.5079 0.783 0.761 0.782 0.761 0.782 0.7616 0.782 0.7616 0.783 0.7616 0.783 0.761 0.7811 0.7616 0.782 0.7616 0.782 0.761 0.782 0.761 0.7811 0.761 0.7811 0.7616 0.7939 0.8724 0.7939 0.873 0.7946 0.873 0.7946 0.873 0.7946 0.8724 0.7939 0.8724 0.7955 0.8724 0.7946 0.8724 0.7946 0.873 0.7946 0.873 0.7955 0.873 0.7955 0.8724 0.7955 0.8724 0.7955 0.873 0.7965 0.873 0.7965 0.873 0.7965 0.8724 0.7955 0.8724 0.7965 0.8724 0.7965 0.873 0.7975 0.873 0.7975 0.873 0.7975 0.8724 0.7965 0.8724 0.7975 0.873 0.7982 0.873 0.7982 0.8724 0.7982 0.8724 0.7975 0.8724 0.7975 0.873 0.7215 0.7052 0.7221 0.7052 0.7221 0.7044 0.7221 0.7044 0.7215 0.7044 0.7215 0.7052 0.7221 0.7052 0.7215 0.7052 0.7215 0.7062 0.7215 0.7062 0.7221 0.7062 0.7221 0.7052 0.7221 0.7062 0.7215 0.7062 0.7215 0.7072 0.7215 0.7072 0.7221 0.7072 0.7221 0.7062 0.7221 0.7072 0.7215 0.7072 0.7215 0.708 0.7215 0.708 0.7221 0.708 0.7221 0.7072 0.7987 0.8742 0.7987 0.8748 0.7995 0.8748 0.7995 0.8748 0.7995 0.8742 0.7987 0.8742 0.7995 0.8742 0.7995 0.8748 0.8004 0.8748 0.8004 0.8748 0.8004 0.8742 0.7995 0.8742 0.8004 0.8742 0.8004 0.8748 0.8014 0.8748 0.8014 0.8748 0.8014 0.8742 0.8004 0.8742 0.8014 0.8742 0.8014 0.8748 0.8023 0.8748 0.8023 0.8748 0.8023 0.8742 0.8014 0.8742 0.8023 0.8748 0.8031 0.8748 0.8031 0.8742 0.8031 0.8742 0.8023 0.8742 0.8023 0.8748 0.7848 0.761 0.7839 0.761 0.7839 0.7616 0.7839 0.7616 0.7848 0.7616 0.7848 0.761 0.7839 0.761 0.783 0.761 0.783 0.7616 0.783 0.7616 0.7839 0.7616 0.7839 0.761 0.7823 0.8244 0.7808 0.8244 0.7808 0.8255 0.7808 0.8255 0.7823 0.8255 0.7823 0.8244 0.7808 0.8244 0.7793 0.8244 0.7793 0.8255 0.7793 0.8255 0.7808 0.8255 0.7808 0.8244 0.8845 0.5819 0.8833 0.5819 0.8833 0.583 0.8833 0.583 0.8845 0.583 0.8845 0.5819 0.8833 0.5819 0.8819 0.5819 0.8819 0.583 0.8819 0.583 0.8833 0.583 0.8833 0.5819 0.8819 0.5819 0.8804 0.5819 0.8804 0.583 0.8804 0.583 0.8819 0.583 0.8819 0.5819 0.8804 0.5819 0.879 0.5819 0.879 0.583 0.879 0.583 0.8804 0.583 0.8804 0.5819 0.879 0.5819 0.8779 0.5819 0.8779 0.583 0.8779 0.583 0.879 0.583 0.879 0.5819 0.6228 0.27 0.6215 0.27 0.6215 0.2711 0.6215 0.2711 0.6228 0.2711 0.6228 0.27 0.6215 0.27 0.62 0.27 0.62 0.2711 0.62 0.2711 0.6215 0.2711 0.6215 0.27 0.62 0.27 0.6185 0.27 0.6185 0.2711 0.6185 0.2711 0.62 0.2711 0.62 0.27 0.6185 0.27 0.6172 0.27 0.6172 0.2711 0.6172 0.2711 0.6185 0.2711 0.6185 0.27 0.6414 0.7216 0.6414 0.7228 0.6425 0.7228 0.6425 0.7228 0.6425 0.7216 0.6414 0.7216 0.6414 0.7228 0.6414 0.7242 0.6425 0.7242 0.6425 0.7242 0.6425 0.7228 0.6414 0.7228 0.6414 0.7242 0.6414 0.7257 0.6425 0.7257 0.6425 0.7257 0.6425 0.7242 0.6414 0.7242 0.6414 0.7257 0.6414 0.7271 0.6425 0.7271 0.6425 0.7271 0.6425 0.7257 0.6414 0.7257 0.6414 0.7271 0.6414 0.7282 0.6425 0.7282 0.6425 0.7282 0.6425 0.7271 0.6414 0.7271 0.7848 0.8244 0.7837 0.8244 0.7837 0.8255 0.7837 0.8255 0.7848 0.8255 0.7848 0.8244 0.7823 0.8255 0.7837 0.8255 0.7837 0.8244 0.7837 0.8244 0.7823 0.8244 0.7823 0.8255 0.6085 0.189 0.609 0.1898999 0.6098 0.1905 0.6098 0.1905 0.6085 0.1870999 0.6085 0.189 0.6098 0.1905 0.6107 0.1909 0.6117 0.1909 0.6117 0.1909 0.6134 0.1898999 0.6098 0.1905 0.6117 0.1909 0.6126 0.1905 0.6134 0.1898999 0.6134 0.1898999 0.6139 0.189 0.6141 0.188 0.6141 0.188 0.6134 0.1862 0.6134 0.1898999 0.6141 0.188 0.6139 0.1870999 0.6134 0.1862 0.6134 0.1862 0.6126 0.1855999 0.6117 0.1851999 0.6117 0.1851999 0.6098 0.1855999 0.6134 0.1862 0.6117 0.1851999 0.6107 0.1851999 0.6098 0.1855999 0.6098 0.1905 0.6134 0.1898999 0.6134 0.1862 0.6134 0.1862 0.6098 0.1855999 0.6098 0.1905 0.609 0.1862 0.6085 0.1870999 0.6098 0.1905 0.6098 0.1905 0.6098 0.1855999 0.609 0.1862 0.6083 0.188 0.6085 0.189 0.6085 0.1870999 0.9495 0.9952 0.948 0.9952 0.9483 0.9967 0.9483 0.9967 0.9497 0.9962 0.9495 0.9952 0.9491 0.998 0.9502 0.9971 0.9497 0.9962 0.9497 0.9962 0.9483 0.9967 0.9491 0.998 0.9509 0.9977 0.9502 0.9971 0.9491 0.998 0.9491 0.998 0.9502 0.999 0.9509 0.9977 0.9509 0.9977 0.9502 0.999 0.9516 0.9995 0.9516 0.9995 0.9519 0.9981 0.9509 0.9977 0.9519 0.9981 0.9516 0.9995 0.9531 0.9995 0.9531 0.9995 0.9529 0.9981 0.9519 0.9981 0.9531 0.9995 0.9545 0.999 0.9538 0.9977 0.9538 0.9977 0.9529 0.9981 0.9531 0.9995 0.9538 0.9977 0.9545 0.999 0.9557 0.998 0.9557 0.998 0.9546 0.9971 0.9538 0.9977 0.9546 0.9971 0.9557 0.998 0.9564 0.9967 0.9564 0.9967 0.955 0.9962 0.9546 0.9971 0.9564 0.9967 0.9567 0.9952 0.9552 0.9952 0.9552 0.9952 0.955 0.9962 0.9564 0.9967 0.9552 0.9952 0.9567 0.9952 0.9564 0.9938 0.9564 0.9938 0.955 0.9943 0.9552 0.9952 0.955 0.9943 0.9564 0.9938 0.9557 0.9925 0.9557 0.9925 0.9546 0.9934 0.955 0.9943 0.9538 0.9928 0.9546 0.9934 0.9557 0.9925 0.9557 0.9925 0.9545 0.9915 0.9538 0.9928 0.9545 0.9915 0.9531 0.991 0.9529 0.9924 0.9529 0.9924 0.9538 0.9928 0.9545 0.9915 0.9519 0.9924 0.9529 0.9924 0.9531 0.991 0.9531 0.991 0.9516 0.991 0.9519 0.9924 0.9519 0.9924 0.9516 0.991 0.9502 0.9915 0.9502 0.9915 0.9509 0.9928 0.9519 0.9924 0.9509 0.9928 0.9502 0.9915 0.9491 0.9925 0.9491 0.9925 0.9502 0.9934 0.9509 0.9928 0.9491 0.9925 0.9483 0.9938 0.9497 0.9943 0.9497 0.9943 0.9502 0.9934 0.9491 0.9925 0.9483 0.9938 0.948 0.9952 0.9495 0.9952 0.9495 0.9952 0.9497 0.9943 0.9483 0.9938 0.7018 0.6977 0.7018 0.6987 0.7024 0.6987 0.7024 0.6987 0.7024 0.6977 0.7018 0.6977 0.7024 0.6997 0.7024 0.6987 0.7018 0.6987 0.7018 0.6987 0.7018 0.6997 0.7024 0.6997 0.8035 0.8742 0.8035 0.8748 0.8043 0.8748 0.8043 0.8748 0.8043 0.8742 0.8035 0.8742 0.8052 0.8742 0.8043 0.8742 0.8043 0.8748 0.8043 0.8748 0.8052 0.8748 0.8052 0.8742 0.8052 0.8742 0.8052 0.8748 0.8062 0.8748 0.8062 0.8748 0.8062 0.8742 0.8052 0.8742 0.8062 0.8742 0.8062 0.8748 0.8071 0.8748 0.8071 0.8748 0.8071 0.8742 0.8062 0.8742 0.8071 0.8748 0.8079 0.8748 0.8079 0.8742 0.8079 0.8742 0.8071 0.8742 0.8071 0.8748 0.7633 0.8296 0.7633 0.829 0.7625 0.829 0.7625 0.829 0.7625 0.8296 0.7633 0.8296 0.7633 0.829 0.7633 0.8296 0.7643 0.8296 0.7643 0.8296 0.7643 0.829 0.7633 0.829 0.7643 0.829 0.7643 0.8296 0.7653 0.8296 0.7653 0.8296 0.7653 0.829 0.7643 0.829 0.7653 0.829 0.7653 0.8296 0.7662 0.8296 0.7662 0.8296 0.7662 0.829 0.7653 0.829 0.8035 0.8724 0.8035 0.873 0.8042 0.873 0.8042 0.873 0.8042 0.8724 0.8035 0.8724 0.8042 0.8724 0.8042 0.873 0.8052 0.873 0.8052 0.873 0.8052 0.8724 0.8042 0.8724 0.8052 0.8724 0.8052 0.873 0.8062 0.873 0.8062 0.873 0.8062 0.8724 0.8052 0.8724 0.8062 0.8724 0.8062 0.873 0.8071 0.873 0.8071 0.873 0.8071 0.8724 0.8062 0.8724 0.8071 0.873 0.8078 0.873 0.8078 0.8724 0.8078 0.8724 0.8071 0.8724 0.8071 0.873 0.7018 0.696 0.7018 0.6968 0.7024 0.6968 0.7024 0.6968 0.7024 0.696 0.7018 0.696 0.7018 0.6968 0.7018 0.6977 0.7024 0.6977 0.7024 0.6977 0.7024 0.6968 0.7018 0.6968 0.854 0.3435 0.8525 0.3435 0.8525 0.3446 0.8525 0.3446 0.854 0.3446 0.854 0.3435 0.8525 0.3435 0.8511 0.3435 0.8511 0.3446 0.8511 0.3446 0.8525 0.3446 0.8525 0.3435 0.6446 0.865 0.6446 0.8661 0.6457 0.8661 0.6457 0.8661 0.6457 0.865 0.6446 0.865 0.6446 0.8661 0.6446 0.8675 0.6457 0.8675 0.6457 0.8675 0.6457 0.8661 0.6446 0.8661 0.6446 0.8675 0.6446 0.869 0.6457 0.869 0.6457 0.869 0.6457 0.8675 0.6446 0.8675 0.6446 0.869 0.6446 0.8704 0.6457 0.8704 0.6457 0.8704 0.6457 0.869 0.6446 0.869 0.6446 0.8704 0.6446 0.8716 0.6457 0.8716 0.6457 0.8716 0.6457 0.8704 0.6446 0.8704 0.7843 0.5142 0.783 0.5142 0.783 0.5153 0.783 0.5153 0.7843 0.5153 0.7843 0.5142 0.783 0.5142 0.7815 0.5142 0.7815 0.5153 0.7815 0.5153 0.783 0.5153 0.783 0.5142 0.7815 0.5142 0.78 0.5142 0.78 0.5153 0.78 0.5153 0.7815 0.5153 0.7815 0.5142 0.78 0.5142 0.7787 0.5142 0.7787 0.5153 0.7787 0.5153 0.78 0.5153 0.78 0.5142 0.9019 0.9665 0.903 0.9665 0.903 0.9654 0.903 0.9654 0.9019 0.9654 0.9019 0.9665 0.903 0.9665 0.9044 0.9665 0.9044 0.9654 0.9044 0.9654 0.903 0.9654 0.903 0.9665 0.9044 0.9665 0.9059 0.9665 0.9059 0.9654 0.9059 0.9654 0.9044 0.9654 0.9044 0.9665 0.9059 0.9665 0.9073 0.9665 0.9073 0.9654 0.9073 0.9654 0.9059 0.9654 0.9059 0.9665 0.9073 0.9665 0.9085 0.9665 0.9085 0.9654 0.9085 0.9654 0.9073 0.9654 0.9073 0.9665 0.8565 0.3435 0.8554 0.3435 0.8554 0.3446 0.8554 0.3446 0.8565 0.3446 0.8565 0.3435 0.854 0.3446 0.8554 0.3446 0.8554 0.3435 0.8554 0.3435 0.854 0.3435 0.854 0.3446 0.6031 0.1557999 0.6036 0.1567 0.6044 0.1572999 0.6044 0.1572999 0.6031 0.1539 0.6031 0.1557999 0.6044 0.1572999 0.6053 0.1577 0.6063 0.1577 0.6063 0.1577 0.608 0.1567 0.6044 0.1572999 0.6063 0.1577 0.6072 0.1572999 0.608 0.1567 0.608 0.1567 0.6085 0.1557999 0.6087 0.1549 0.6087 0.1549 0.608 0.1529999 0.608 0.1567 0.6087 0.1549 0.6085 0.1539 0.608 0.1529999 0.608 0.1529999 0.6072 0.1524 0.6063 0.152 0.6063 0.152 0.6044 0.1524 0.608 0.1529999 0.6063 0.152 0.6053 0.152 0.6044 0.1524 0.6044 0.1572999 0.608 0.1567 0.608 0.1529999 0.608 0.1529999 0.6044 0.1524 0.6044 0.1572999 0.6036 0.1529999 0.6031 0.1539 0.6044 0.1572999 0.6044 0.1572999 0.6044 0.1524 0.6036 0.1529999 0.603 0.1549 0.6031 0.1557999 0.6031 0.1539 0.8448 0.7798 0.8433 0.7798 0.8436 0.7813 0.8436 0.7813 0.8449 0.7808 0.8448 0.7798 0.8443 0.7826 0.8454 0.7817 0.8449 0.7808 0.8449 0.7808 0.8436 0.7813 0.8443 0.7826 0.8462 0.7823 0.8454 0.7817 0.8443 0.7826 0.8443 0.7826 0.8455 0.7836 0.8462 0.7823 0.8462 0.7823 0.8455 0.7836 0.8469 0.7841 0.8469 0.7841 0.8471 0.7826 0.8462 0.7823 0.8471 0.7826 0.8469 0.7841 0.8484 0.7841 0.8484 0.7841 0.8481 0.7826 0.8471 0.7826 0.8484 0.7841 0.8498 0.7836 0.8491 0.7823 0.8491 0.7823 0.8481 0.7826 0.8484 0.7841 0.8491 0.7823 0.8498 0.7836 0.8509 0.7826 0.8509 0.7826 0.8498 0.7817 0.8491 0.7823 0.8498 0.7817 0.8509 0.7826 0.8517 0.7813 0.8517 0.7813 0.8503 0.7808 0.8498 0.7817 0.8517 0.7813 0.852 0.7798 0.8505 0.7798 0.8505 0.7798 0.8503 0.7808 0.8517 0.7813 0.8505 0.7798 0.852 0.7798 0.8517 0.7783 0.8517 0.7783 0.8503 0.7788 0.8505 0.7798 0.8503 0.7788 0.8517 0.7783 0.8509 0.777 0.8509 0.777 0.8498 0.778 0.8503 0.7788 0.8491 0.7773 0.8498 0.778 0.8509 0.777 0.8509 0.777 0.8498 0.7761 0.8491 0.7773 0.8498 0.7761 0.8484 0.7756 0.8481 0.777 0.8481 0.777 0.8491 0.7773 0.8498 0.7761 0.8471 0.777 0.8481 0.777 0.8484 0.7756 0.8484 0.7756 0.8469 0.7756 0.8471 0.777 0.8471 0.777 0.8469 0.7756 0.8455 0.7761 0.8455 0.7761 0.8462 0.7773 0.8471 0.777 0.8462 0.7773 0.8455 0.7761 0.8443 0.777 0.8443 0.777 0.8454 0.778 0.8462 0.7773 0.8443 0.777 0.8436 0.7783 0.8449 0.7788 0.8449 0.7788 0.8454 0.778 0.8443 0.777 0.8436 0.7783 0.8433 0.7798 0.8448 0.7798 0.8448 0.7798 0.8449 0.7788 0.8436 0.7783 0.727 0.6977 0.727 0.6987 0.7276 0.6987 0.7276 0.6987 0.7276 0.6977 0.727 0.6977 0.7276 0.6997 0.7276 0.6987 0.727 0.6987 0.727 0.6987 0.727 0.6997 0.7276 0.6997 0.7536 0.829 0.7536 0.8296 0.7543 0.8296 0.7543 0.8296 0.7543 0.829 0.7536 0.829 0.7553 0.829 0.7543 0.829 0.7543 0.8296 0.7543 0.8296 0.7553 0.8296 0.7553 0.829 0.7553 0.829 0.7553 0.8296 0.7563 0.8296 0.7563 0.8296 0.7563 0.829 0.7553 0.829 0.7563 0.829 0.7563 0.8296 0.7572 0.8296 0.7572 0.8296 0.7572 0.829 0.7563 0.829 0.7572 0.8296 0.758 0.8296 0.758 0.829 0.758 0.829 0.7572 0.829 0.7572 0.8296 0.7233 0.7081 0.7239 0.7081 0.7239 0.7072 0.7239 0.7072 0.7233 0.7072 0.7233 0.7081 0.7239 0.7081 0.7233 0.7081 0.7233 0.7091 0.7233 0.7091 0.7239 0.7091 0.7239 0.7081 0.7239 0.7091 0.7233 0.7091 0.7233 0.7101 0.7233 0.7101 0.7239 0.7101 0.7239 0.7091 0.7239 0.7101 0.7233 0.7101 0.7233 0.7109 0.7233 0.7109 0.7239 0.7109 0.7239 0.7101 0.8083 0.8724 0.8083 0.873 0.809 0.873 0.809 0.873 0.809 0.8724 0.8083 0.8724 0.809 0.8724 0.809 0.873 0.81 0.873 0.81 0.873 0.81 0.8724 0.809 0.8724 0.81 0.8724 0.81 0.873 0.811 0.873 0.811 0.873 0.811 0.8724 0.81 0.8724 0.811 0.8724 0.811 0.873 0.8119 0.873 0.8119 0.873 0.8119 0.8724 0.811 0.8724 0.8119 0.873 0.8127 0.873 0.8127 0.8724 0.8127 0.8724 0.8119 0.8724 0.8119 0.873 0.727 0.696 0.727 0.6968 0.7276 0.6968 0.7276 0.6968 0.7276 0.696 0.727 0.696 0.727 0.6968 0.727 0.6977 0.7276 0.6977 0.7276 0.6977 0.7276 0.6968 0.727 0.6968 0.6927 0.6274001 0.6912 0.6274001 0.6912 0.6285 0.6912 0.6285 0.6927 0.6285 0.6927 0.6274001 0.6912 0.6274001 0.6898 0.6274001 0.6898 0.6285 0.6898 0.6285 0.6912 0.6285 0.6912 0.6274001 0.642 0.8605 0.642 0.8617 0.6431 0.8617 0.6431 0.8617 0.6431 0.8605 0.642 0.8605 0.642 0.8617 0.642 0.8631 0.6431 0.8631 0.6431 0.8631 0.6431 0.8617 0.642 0.8617 0.642 0.8631 0.642 0.8646 0.6431 0.8646 0.6431 0.8646 0.6431 0.8631 0.642 0.8631 0.642 0.8646 0.642 0.866 0.6431 0.866 0.6431 0.866 0.6431 0.8646 0.642 0.8646 0.642 0.866 0.642 0.8671 0.6431 0.8671 0.6431 0.8671 0.6431 0.866 0.642 0.866 0.8676 0.407 0.8663 0.407 0.8663 0.4081 0.8663 0.4081 0.8676 0.4081 0.8676 0.407 0.8663 0.407 0.8648 0.407 0.8648 0.4081 0.8648 0.4081 0.8663 0.4081 0.8663 0.407 0.8648 0.407 0.8633 0.407 0.8633 0.4081 0.8633 0.4081 0.8648 0.4081 0.8648 0.407 0.8633 0.407 0.862 0.407 0.862 0.4081 0.862 0.4081 0.8633 0.4081 0.8633 0.407 0.6389 0.7172001 0.6389 0.7183 0.64 0.7183 0.64 0.7183 0.64 0.7172001 0.6389 0.7172001 0.6389 0.7183 0.6389 0.7197 0.64 0.7197 0.64 0.7197 0.64 0.7183 0.6389 0.7183 0.6389 0.7197 0.6389 0.7212 0.64 0.7212 0.64 0.7212 0.64 0.7197 0.6389 0.7197 0.6389 0.7212 0.6389 0.7226 0.64 0.7226 0.64 0.7226 0.64 0.7212 0.6389 0.7212 0.6389 0.7226 0.6389 0.7238 0.64 0.7238 0.64 0.7238 0.64 0.7226 0.6389 0.7226 0.6953 0.6274001 0.6941 0.6274001 0.6941 0.6285 0.6941 0.6285 0.6953 0.6285 0.6953 0.6274001 0.6927 0.6285 0.6941 0.6285 0.6941 0.6274001 0.6941 0.6274001 0.6927 0.6274001 0.6927 0.6285 0.6378 0.1777999 0.6383 0.1786999 0.639 0.1793 0.639 0.1793 0.6378 0.1758999 0.6378 0.1777999 0.639 0.1793 0.64 0.1797 0.641 0.1797 0.641 0.1797 0.6427 0.1786999 0.639 0.1793 0.641 0.1797 0.6419 0.1793 0.6427 0.1786999 0.6427 0.1786999 0.6431 0.1777999 0.6433 0.1769 0.6433 0.1769 0.6427 0.175 0.6427 0.1786999 0.6433 0.1769 0.6431 0.1758999 0.6427 0.175 0.6427 0.175 0.6419 0.1743999 0.641 0.174 0.641 0.174 0.639 0.1743999 0.6427 0.175 0.641 0.174 0.64 0.174 0.639 0.1743999 0.639 0.1793 0.6427 0.1786999 0.6427 0.175 0.6427 0.175 0.639 0.1743999 0.639 0.1793 0.6383 0.175 0.6378 0.1758999 0.639 0.1793 0.639 0.1793 0.639 0.1743999 0.6383 0.175 0.6376 0.1769 0.6378 0.1777999 0.6378 0.1758999 0.7754 0.9774 0.7739 0.9774 0.7742 0.9789 0.7742 0.9789 0.7756 0.9784 0.7754 0.9774 0.775 0.9802 0.7761 0.9792 0.7756 0.9784 0.7756 0.9784 0.7742 0.9789 0.775 0.9802 0.7768 0.9799 0.7761 0.9792 0.775 0.9802 0.775 0.9802 0.7761 0.9811 0.7768 0.9799 0.7768 0.9799 0.7761 0.9811 0.7775 0.9817 0.7775 0.9817 0.7778 0.9802 0.7768 0.9799 0.7778 0.9802 0.7775 0.9817 0.779 0.9817 0.779 0.9817 0.7788 0.9802 0.7778 0.9802 0.779 0.9817 0.7804 0.9811 0.7797 0.9799 0.7797 0.9799 0.7788 0.9802 0.779 0.9817 0.7797 0.9799 0.7804 0.9811 0.7816 0.9802 0.7816 0.9802 0.7805 0.9792 0.7797 0.9799 0.7805 0.9792 0.7816 0.9802 0.7823 0.9789 0.7823 0.9789 0.781 0.9784 0.7805 0.9792 0.7823 0.9789 0.7826 0.9774 0.7811 0.9774 0.7811 0.9774 0.781 0.9784 0.7823 0.9789 0.7811 0.9774 0.7826 0.9774 0.7823 0.9759 0.7823 0.9759 0.781 0.9764 0.7811 0.9774 0.781 0.9764 0.7823 0.9759 0.7816 0.9746 0.7816 0.9746 0.7805 0.9756 0.781 0.9764 0.7797 0.9749 0.7805 0.9756 0.7816 0.9746 0.7816 0.9746 0.7804 0.9737 0.7797 0.9749 0.7804 0.9737 0.779 0.9731 0.7788 0.9746 0.7788 0.9746 0.7797 0.9749 0.7804 0.9737 0.7778 0.9746 0.7788 0.9746 0.779 0.9731 0.779 0.9731 0.7775 0.9731 0.7778 0.9746 0.7778 0.9746 0.7775 0.9731 0.7761 0.9737 0.7761 0.9737 0.7768 0.9749 0.7778 0.9746 0.7768 0.9749 0.7761 0.9737 0.775 0.9746 0.775 0.9746 0.7761 0.9756 0.7768 0.9749 0.775 0.9746 0.7742 0.9759 0.7756 0.9764 0.7756 0.9764 0.7761 0.9756 0.775 0.9746 0.7742 0.9759 0.7739 0.9774 0.7754 0.9774 0.7754 0.9774 0.7756 0.9764 0.7742 0.9759 0.7278 0.7216 0.7278 0.7226 0.7284 0.7226 0.7284 0.7226 0.7284 0.7216 0.7278 0.7216 0.7284 0.7235 0.7284 0.7226 0.7278 0.7226 0.7278 0.7226 0.7278 0.7235 0.7284 0.7235 0.7891 0.8742 0.7891 0.8748 0.7898 0.8748 0.7898 0.8748 0.7898 0.8742 0.7891 0.8742 0.7908 0.8742 0.7898 0.8742 0.7898 0.8748 0.7898 0.8748 0.7908 0.8748 0.7908 0.8742 0.7908 0.8742 0.7908 0.8748 0.7918 0.8748 0.7918 0.8748 0.7918 0.8742 0.7908 0.8742 0.7918 0.8742 0.7918 0.8748 0.7927 0.8748 0.7927 0.8748 0.7927 0.8742 0.7918 0.8742 0.7927 0.8748 0.7935 0.8748 0.7935 0.8742 0.7935 0.8742 0.7927 0.8742 0.7927 0.8748 0.7288 0.7208001 0.7294 0.7208001 0.7294 0.7199 0.7294 0.7199 0.7288 0.7199 0.7288 0.7208001 0.7294 0.7208001 0.7288 0.7208001 0.7288 0.7217 0.7288 0.7217 0.7294 0.7217 0.7294 0.7208001 0.7294 0.7217 0.7288 0.7217 0.7288 0.7227 0.7288 0.7227 0.7294 0.7227 0.7294 0.7217 0.7294 0.7227 0.7288 0.7227 0.7288 0.7236 0.7288 0.7236 0.7294 0.7236 0.7294 0.7227 0.7987 0.8724 0.7987 0.873 0.7994 0.873 0.7994 0.873 0.7994 0.8724 0.7987 0.8724 0.7994 0.8724 0.7994 0.873 0.8004 0.873 0.8004 0.873 0.8004 0.8724 0.7994 0.8724 0.8004 0.8724 0.8004 0.873 0.8013 0.873 0.8013 0.873 0.8013 0.8724 0.8004 0.8724 0.8013 0.8724 0.8013 0.873 0.8023 0.873 0.8023 0.873 0.8023 0.8724 0.8013 0.8724 0.8023 0.873 0.803 0.873 0.803 0.8724 0.803 0.8724 0.8023 0.8724 0.8023 0.873 0.7278 0.7199 0.7278 0.7207 0.7284 0.7207 0.7284 0.7207 0.7284 0.7199 0.7278 0.7199 0.7278 0.7207 0.7278 0.7216 0.7284 0.7216 0.7284 0.7216 0.7284 0.7207 0.7278 0.7207 0.829 0.9435 0.8294 0.9412 0.8294 0.9122 0.8294 0.9122 0.8282 0.9449 0.829 0.9435 0.8267 0.9458 0.8282 0.9449 0.8294 0.9122 0.8294 0.9122 0.8244 0.9461 0.8267 0.9458 0.8267 0.9076 0.8244 0.9073 0.7947 0.9073 0.7947 0.9073 0.8282 0.9085 0.8267 0.9076 0.829 0.91 0.7947 0.9073 0.8282 0.9085 0.7947 0.9073 0.829 0.91 0.8294 0.9122 0.7901 0.91 0.7897 0.9122 0.7897 0.9412 0.7897 0.9412 0.7909 0.9085 0.7901 0.91 0.7924 0.9076 0.7909 0.9085 0.7897 0.9412 0.7897 0.9412 0.7947 0.9073 0.7924 0.9076 0.8294 0.9122 0.7897 0.9412 0.7947 0.9073 0.7897 0.9412 0.8294 0.9122 0.8244 0.9461 0.7897 0.9412 0.7901 0.9435 0.7909 0.9449 0.7909 0.9449 0.7897 0.9412 0.8244 0.9461 0.8244 0.9461 0.7909 0.9449 0.7924 0.9458 0.7924 0.9458 0.7947 0.9461 0.8244 0.9461 0.5821 0.2972 0.5821 0.3 0.6112 0.3 0.6112 0.3 0.6112 0.2972 0.5821 0.2972 0.5826 0.05800002 0.5826 0.06080001 0.6124 0.06080001 0.6124 0.06080001 0.6124 0.05800002 0.5826 0.05800002 0.5693 0.3775 0.5693 0.3803 0.5984 0.3803 0.5984 0.3803 0.5984 0.3775 0.5693 0.3775 0.6063 0.4778 0.6063 0.475 0.5765 0.475 0.5765 0.475 0.5765 0.4778 0.6063 0.4778 0.6137 0.3 0.6137 0.2972 0.6112 0.2972 0.6112 0.2972 0.6112 0.3 0.6137 0.3 0.5796 0.2972 0.5796 0.3 0.5821 0.3 0.5821 0.3 0.5821 0.2972 0.5796 0.2972 0.6149 0.06080001 0.6149 0.05800002 0.6124 0.05800002 0.6124 0.05800002 0.6124 0.06080001 0.6149 0.06080001 0.6009 0.3803 0.6009 0.3775 0.5984 0.3775 0.5984 0.3775 0.5984 0.3803 0.6009 0.3803 0.6155 0.3 0.6155 0.2972 0.6137 0.2972 0.6137 0.2972 0.6137 0.3 0.6155 0.3 0.58 0.06080001 0.58 0.05800002 0.5782 0.05800002 0.5782 0.05800002 0.5782 0.06080001 0.58 0.06080001 0.5826 0.06080001 0.5826 0.05800002 0.58 0.05800002 0.58 0.05800002 0.58 0.06080001 0.5826 0.06080001 0.5778 0.2972 0.5778 0.3 0.5796 0.3 0.5796 0.3 0.5796 0.2972 0.5778 0.2972 0.5739 0.4778 0.5739 0.475 0.5721 0.475 0.5721 0.475 0.5721 0.4778 0.5739 0.4778 0.5765 0.4778 0.5765 0.475 0.5739 0.475 0.5739 0.475 0.5739 0.4778 0.5765 0.4778 0.6149 0.05800002 0.6149 0.06080001 0.6167 0.06080001 0.6167 0.06080001 0.6167 0.05800002 0.6149 0.05800002 0.5668 0.3803 0.5668 0.3775 0.565 0.3775 0.565 0.3775 0.565 0.3803 0.5668 0.3803 0.5693 0.3775 0.5668 0.3775 0.5668 0.3803 0.5668 0.3803 0.5693 0.3803 0.5693 0.3775 0.6027 0.3803 0.6027 0.3775 0.6009 0.3775 0.6009 0.3775 0.6009 0.3803 0.6027 0.3803 0.6088 0.475 0.6088 0.4778 0.6106 0.4778 0.6106 0.4778 0.6106 0.475 0.6088 0.475 0.6088 0.4778 0.6088 0.475 0.6063 0.475 0.6063 0.475 0.6063 0.4778 0.6088 0.4778 0.7897 0.9122 0.7891 0.9122 0.7891 0.9412 0.7891 0.9412 0.7897 0.9412 0.7897 0.9122 0.8245 0.9066 0.7946 0.9066 0.7947 0.9073 0.7947 0.9073 0.8244 0.9073 0.8245 0.9066 0.83 0.9412 0.83 0.9122 0.8294 0.9122 0.8294 0.9122 0.8294 0.9412 0.83 0.9412 0.7947 0.9461 0.8245 0.9468 0.7946 0.9468 0.8245 0.9468 0.8244 0.9461 0.7947 0.9461 0.5821 0.3 0.5796 0.3 0.5797 0.3006 0.5797 0.3006 0.5822 0.3006 0.5821 0.3 0.5826 0.06150001 0.5826 0.06080001 0.58 0.06080001 0.58 0.06080001 0.5801 0.06150001 0.5826 0.06150001 0.6087 0.4744 0.6063 0.4744 0.6063 0.475 0.6063 0.475 0.6088 0.475 0.6087 0.4744 0.5669 0.3809 0.5693 0.3809 0.5693 0.3803 0.5693 0.3803 0.5668 0.3803 0.5669 0.3809 0.5765 0.475 0.5765 0.4744 0.574 0.4744 0.574 0.4744 0.5739 0.475 0.5765 0.475 0.5739 0.475 0.574 0.4744 0.5723 0.4744 0.5723 0.4744 0.5721 0.475 0.5739 0.475 0.5796 0.3 0.5778 0.3 0.578 0.3006 0.578 0.3006 0.5797 0.3006 0.5796 0.3 0.6112 0.3006 0.6136 0.3006 0.6137 0.3 0.6137 0.3 0.6112 0.3 0.6112 0.3006 0.6137 0.3 0.6136 0.3006 0.6154 0.3006 0.6154 0.3006 0.6155 0.3 0.6137 0.3 0.5784 0.06150001 0.5801 0.06150001 0.58 0.06080001 0.58 0.06080001 0.5782 0.06080001 0.5784 0.06150001 0.6008 0.3809 0.6009 0.3803 0.5984 0.3803 0.5984 0.3803 0.5983 0.3809 0.6008 0.3809 0.6008 0.3809 0.6025 0.3809 0.6027 0.3803 0.6027 0.3803 0.6009 0.3803 0.6008 0.3809 0.6106 0.475 0.6105 0.4744 0.6087 0.4744 0.6087 0.4744 0.6088 0.475 0.6106 0.475 0.6124 0.06080001 0.6124 0.06150001 0.6149 0.06150001 0.6149 0.06150001 0.6149 0.06080001 0.6124 0.06080001 0.6149 0.06150001 0.6166 0.06150001 0.6167 0.06080001 0.6167 0.06080001 0.6149 0.06080001 0.6149 0.06150001 0.5668 0.3803 0.565 0.3803 0.5651 0.3809 0.5651 0.3809 0.5669 0.3809 0.5668 0.3803 0.6112 0.3006 0.6112 0.3 0.5821 0.3 0.5821 0.3 0.5822 0.3006 0.6112 0.3006 0.6124 0.06150001 0.6124 0.06080001 0.5826 0.06080001 0.5826 0.06080001 0.5826 0.06150001 0.6124 0.06150001 0.5983 0.3809 0.5984 0.3803 0.5693 0.3803 0.5693 0.3803 0.5693 0.3809 0.5983 0.3809 0.6063 0.4744 0.5765 0.4744 0.5765 0.475 0.5765 0.475 0.6063 0.475 0.6063 0.4744 0.7891 0.9412 0.7894 0.9437 0.7901 0.9435 0.7901 0.9435 0.7897 0.9412 0.7891 0.9412 0.7947 0.9073 0.7946 0.9066 0.7922 0.907 0.7922 0.907 0.7924 0.9076 0.7947 0.9073 0.8269 0.9464 0.8267 0.9458 0.8244 0.9461 0.8244 0.9461 0.8245 0.9468 0.8269 0.9464 0.8294 0.9122 0.83 0.9122 0.8297 0.9097 0.8297 0.9097 0.829 0.91 0.8294 0.9122 0.7922 0.9464 0.7946 0.9468 0.7947 0.9461 0.7947 0.9461 0.7924 0.9458 0.7922 0.9464 0.7905 0.9454 0.7922 0.9464 0.7924 0.9458 0.7924 0.9458 0.7909 0.9449 0.7905 0.9454 0.7905 0.9454 0.7909 0.9449 0.7901 0.9435 0.7901 0.9435 0.7894 0.9437 0.7905 0.9454 0.7894 0.9097 0.7891 0.9122 0.7897 0.9122 0.7897 0.9122 0.7901 0.91 0.7894 0.9097 0.7901 0.91 0.7909 0.9085 0.7905 0.908 0.7905 0.908 0.7894 0.9097 0.7901 0.91 0.7924 0.9076 0.7922 0.907 0.7905 0.908 0.7905 0.908 0.7909 0.9085 0.7924 0.9076 0.8294 0.9412 0.829 0.9435 0.8297 0.9437 0.8297 0.9437 0.83 0.9412 0.8294 0.9412 0.8286 0.9454 0.8297 0.9437 0.829 0.9435 0.829 0.9435 0.8282 0.9449 0.8286 0.9454 0.8286 0.9454 0.8282 0.9449 0.8267 0.9458 0.8267 0.9458 0.8269 0.9464 0.8286 0.9454 0.8244 0.9073 0.8267 0.9076 0.8269 0.907 0.8269 0.907 0.8245 0.9066 0.8244 0.9073 0.8269 0.907 0.8267 0.9076 0.8282 0.9085 0.8282 0.9085 0.8286 0.908 0.8269 0.907 0.8282 0.9085 0.829 0.91 0.8297 0.9097 0.8297 0.9097 0.8286 0.908 0.8282 0.9085 0.9733 0.6191 0.9733 0.6216 0.9768 0.6216 0.9768 0.6216 0.9768 0.6191 0.9733 0.6191 0.6454 0.7365 0.6428 0.7365 0.6428 0.7399 0.6428 0.7399 0.6454 0.7399 0.6454 0.7365 0.6271 0.7166 0.6271 0.714 0.6237 0.714 0.6237 0.714 0.6237 0.7166 0.6271 0.7166 0.9768 0.5800001 0.9768 0.5774 0.9733 0.5774 0.9733 0.5774 0.9733 0.5800001 0.9768 0.5800001 0.6358 0.8574 0.6358 0.86 0.6392 0.86 0.6392 0.86 0.6392 0.8574 0.6358 0.8574 0.6143 0.7102 0.6143 0.7137 0.6169 0.7137 0.6169 0.7137 0.6169 0.7102 0.6143 0.7102 0.7133 0.7104 0.7164 0.7104 0.718 0.7077 0.718 0.7077 0.7133 0.7049 0.7133 0.7104 0.718 0.7077 0.7164 0.7049 0.7133 0.7049 0.7118 0.7077 0.7133 0.7104 0.7133 0.7049 0.7118 0.7077 0.7133 0.7049 0.7131 0.7047 0.7131 0.7047 0.7114 0.7077 0.7118 0.7077 0.7166 0.7047 0.7131 0.7047 0.7133 0.7049 0.7133 0.7049 0.7164 0.7049 0.7166 0.7047 0.7166 0.7047 0.7164 0.7049 0.718 0.7077 0.718 0.7077 0.7183 0.7077 0.7166 0.7047 0.718 0.7077 0.7164 0.7104 0.7166 0.7106 0.7166 0.7106 0.7183 0.7077 0.718 0.7077 0.7131 0.7106 0.7166 0.7106 0.7164 0.7104 0.7164 0.7104 0.7133 0.7104 0.7131 0.7106 0.7114 0.7077 0.7131 0.7106 0.7133 0.7104 0.7133 0.7104 0.7118 0.7077 0.7114 0.7077 0.7311 0.8376 0.7311 0.8402 0.7346 0.8402 0.7346 0.8402 0.7346 0.8376 0.7311 0.8376 0.878 0.3818 0.878 0.3844 0.8814 0.3844 0.8814 0.3844 0.8814 0.3818 0.878 0.3818 0.01989996 0.005599975 0.01989996 0.00300002 0.01639997 0.00300002 0.01639997 0.00300002 0.01639997 0.005599975 0.01989996 0.005599975 0.02979999 0.01539999 0.02979999 0.01279997 0.02639997 0.01279997 0.02639997 0.01279997 0.02639997 0.01539999 0.02979999 0.01539999 0.6538 0.2476 0.6538 0.2502 0.6572 0.2502 0.6572 0.2502 0.6572 0.2476 0.6538 0.2476 0.6281 0.5524 0.6281 0.555 0.6315 0.555 0.6315 0.555 0.6315 0.5524 0.6281 0.5524 0.6669 0.2185999 0.6638 0.2185999 0.6623 0.2213 0.6623 0.2213 0.6669 0.2239999 0.6669 0.2185999 0.6623 0.2213 0.6638 0.2239999 0.6669 0.2239999 0.6685 0.2213 0.6669 0.2185999 0.6669 0.2239999 0.7346 0.8402 0.7311 0.8402 0.7313 0.8405 0.7313 0.8405 0.7344 0.8405 0.7346 0.8402 0.878 0.3844 0.8781 0.3847 0.8813 0.3847 0.8813 0.3847 0.8814 0.3844 0.878 0.3844 0.01639997 0.00300002 0.01989996 0.00300002 0.01969999 0.002699971 0.01969999 0.002699971 0.01659995 0.002699971 0.01639997 0.00300002 0.02979999 0.01279997 0.02969998 0.01249998 0.02649998 0.01249998 0.02649998 0.01249998 0.02639997 0.01279997 0.02979999 0.01279997 0.6572 0.2502 0.6538 0.2502 0.654 0.2505 0.654 0.2505 0.6571 0.2505 0.6572 0.2502 0.6282 0.5553 0.6314 0.5553 0.6315 0.555 0.6315 0.555 0.6281 0.555 0.6282 0.5553 0.8407 0.2655 0.8407 0.2681 0.8441 0.2681 0.8441 0.2681 0.8441 0.2655 0.8407 0.2655 0.6454 0.7102 0.6428 0.7102 0.6428 0.7137 0.6428 0.7137 0.6454 0.7137 0.6454 0.7102 0.6361 0.7166 0.6361 0.714 0.6327 0.714 0.6327 0.714 0.6327 0.7166 0.6361 0.7166 0.9709 0.5358 0.9675 0.5358 0.9675 0.5384 0.9675 0.5384 0.9709 0.5384 0.9709 0.5358 0.6169 0.7365 0.6143 0.7365 0.6143 0.7399 0.6143 0.7399 0.6169 0.7399 0.6169 0.7365 0.6169 0.8125 0.6169 0.8151 0.6203 0.8151 0.6203 0.8151 0.6203 0.8125 0.6169 0.8125 0.6493 0.6891 0.6462 0.6891 0.6446 0.6918 0.6446 0.6918 0.6493 0.6945 0.6493 0.6891 0.6446 0.6918 0.6462 0.6945 0.6493 0.6945 0.6509 0.6918 0.6493 0.6891 0.6493 0.6945 0.844 0.2684 0.8441 0.2681 0.8407 0.2681 0.8407 0.2681 0.8408 0.2684 0.844 0.2684 0.6462 0.6945 0.646 0.6947 0.6495 0.6947 0.6495 0.6947 0.6493 0.6945 0.6462 0.6945 0.6462 0.6945 0.6446 0.6918 0.6443 0.6918 0.6443 0.6918 0.646 0.6947 0.6462 0.6945 0.6443 0.6918 0.6446 0.6918 0.6462 0.6891 0.6462 0.6891 0.646 0.6888 0.6443 0.6918 0.6495 0.6888 0.646 0.6888 0.6462 0.6891 0.6462 0.6891 0.6493 0.6891 0.6495 0.6888 0.6203 0.8151 0.6169 0.8151 0.617 0.8154 0.617 0.8154 0.6202 0.8154 0.6203 0.8151 0.7885 0.281 0.7885 0.2836 0.792 0.2836 0.792 0.2836 0.792 0.281 0.7885 0.281 0.7416 0.6944 0.7413 0.6918 0.7379 0.6922 0.7379 0.6922 0.7381 0.6947 0.7416 0.6944 0.8413 0.7735 0.8413 0.7709 0.8378 0.7709 0.8378 0.7709 0.8378 0.7735 0.8413 0.7735 0.6161 0.6267001 0.6161 0.6241 0.6127 0.6241 0.6127 0.6241 0.6127 0.6267001 0.6161 0.6267001 0.6486 0.8536 0.646 0.8536 0.646 0.857 0.646 0.857 0.6486 0.857 0.6486 0.8536 0.9005 0.4912 0.9005 0.4938 0.9039 0.4938 0.9039 0.4938 0.9039 0.4912 0.9005 0.4912 0.8975 0.5043 0.8944 0.5043 0.8928 0.507 0.8928 0.507 0.8975 0.5097 0.8975 0.5043 0.8928 0.507 0.8944 0.5097 0.8975 0.5097 0.899 0.507 0.8975 0.5043 0.8975 0.5097 0.7918 0.2838 0.792 0.2836 0.7885 0.2836 0.7885 0.2836 0.7887 0.2838 0.7918 0.2838 0.8942 0.51 0.8977 0.51 0.8975 0.5097 0.8975 0.5097 0.8944 0.5097 0.8942 0.51 0.8411 0.7706 0.838 0.7706 0.8378 0.7709 0.8378 0.7709 0.8413 0.7709 0.8411 0.7706 0.6127 0.6241 0.6161 0.6241 0.6159 0.6238 0.6159 0.6238 0.6128 0.6238 0.6127 0.6241 0.8977 0.504 0.8942 0.504 0.8944 0.5043 0.8944 0.5043 0.8975 0.5043 0.8977 0.504 0.9039 0.4938 0.9005 0.4938 0.9006 0.4941 0.9006 0.4941 0.9038 0.4941 0.9039 0.4938 0.7129 0.8177 0.7129 0.8218 0.7183 0.8218 0.7183 0.8218 0.7183 0.8177 0.7129 0.8177 0.7183 0.8177 0.7183 0.8218 0.723 0.8218 0.723 0.8218 0.723 0.8177 0.7183 0.8177 0.8448 0.5849 0.8448 0.5891 0.8491 0.5891 0.8491 0.5891 0.8491 0.5849 0.8448 0.5849 0.8491 0.5849 0.8491 0.5891 0.8542 0.5891 0.8542 0.5891 0.8542 0.5849 0.8491 0.5849 0.8542 0.5849 0.8542 0.5891 0.8597 0.5891 0.8597 0.5891 0.8597 0.5849 0.8542 0.5849 0.8597 0.5849 0.8597 0.5891 0.8649 0.5891 0.8649 0.5891 0.8649 0.5849 0.8597 0.5849 0.8649 0.5849 0.8649 0.5891 0.8691 0.5891 0.8691 0.5891 0.8691 0.5849 0.8649 0.5849 0.5982 0.1140999 0.5982 0.1098999 0.5934 0.1098999 0.5934 0.1098999 0.5934 0.1140999 0.5982 0.1140999 0.5934 0.1140999 0.5934 0.1098999 0.588 0.1098999 0.588 0.1098999 0.588 0.1140999 0.5934 0.1140999 0.588 0.1140999 0.588 0.1098999 0.5826 0.1098999 0.5826 0.1098999 0.5826 0.1140999 0.588 0.1140999 0.5826 0.1140999 0.5826 0.1098999 0.5778 0.1098999 0.5778 0.1098999 0.5778 0.1140999 0.5826 0.1140999 0.8448 0.5433 0.8448 0.5475 0.8491 0.5475 0.8491 0.5475 0.8491 0.5433 0.8448 0.5433 0.8491 0.5433 0.8491 0.5475 0.8542 0.5475 0.8542 0.5475 0.8542 0.5433 0.8491 0.5433 0.8542 0.5433 0.8542 0.5475 0.8597 0.5475 0.8597 0.5475 0.8597 0.5433 0.8542 0.5433 0.8597 0.5433 0.8597 0.5475 0.8649 0.5475 0.8649 0.5475 0.8649 0.5433 0.8597 0.5433 0.8649 0.5433 0.8649 0.5475 0.8691 0.5475 0.8691 0.5475 0.8691 0.5433 0.8649 0.5433 0.7027 0.8177 0.7027 0.8218 0.7074 0.8218 0.7074 0.8218 0.7074 0.8177 0.7027 0.8177 0.7074 0.8177 0.7074 0.8218 0.7129 0.8218 0.7129 0.8218 0.7129 0.8177 0.7074 0.8177 0.8814 0.4535 0.8797 0.4505 0.877 0.4482 0.877 0.4482 0.877 0.4655 0.8814 0.4535 0.877 0.4482 0.8738 0.447 0.8703 0.447 0.8703 0.447 0.8644 0.4505 0.877 0.4482 0.8703 0.447 0.867 0.4482 0.8644 0.4505 0.8644 0.4633 0.8644 0.4505 0.8626 0.4535 0.8626 0.4535 0.862 0.4569 0.8644 0.4633 0.862 0.4569 0.8626 0.4603 0.8644 0.4633 0.877 0.4655 0.877 0.4482 0.8644 0.4505 0.8644 0.4505 0.8644 0.4633 0.877 0.4655 0.8644 0.4633 0.867 0.4655 0.8703 0.4667 0.8703 0.4667 0.877 0.4655 0.8644 0.4633 0.8703 0.4667 0.8738 0.4667 0.877 0.4655 0.8814 0.4603 0.8814 0.4535 0.877 0.4655 0.877 0.4655 0.8797 0.4633 0.8814 0.4603 0.882 0.4569 0.8814 0.4535 0.8814 0.4603 0.6462 0.8741 0.6476 0.8746 0.6486 0.8692 0.6486 0.8692 0.6471 0.8692 0.6462 0.8741 0.6448 0.8794 0.6476 0.8746 0.6462 0.8741 0.6462 0.8741 0.6437 0.8784 0.6448 0.8794 0.6399 0.8816 0.6406 0.8829 0.6448 0.8794 0.6448 0.8794 0.6437 0.8784 0.6399 0.8816 0.6406 0.8829 0.6399 0.8816 0.6352 0.8833 0.6352 0.8833 0.6355 0.8848 0.6406 0.8829 0.63 0.8848 0.6355 0.8848 0.6352 0.8833 0.6352 0.8833 0.6302 0.8833 0.63 0.8848 0.6248 0.8829 0.63 0.8848 0.6302 0.8833 0.6302 0.8833 0.6255 0.8816 0.6248 0.8829 0.6206 0.8794 0.6248 0.8829 0.6255 0.8816 0.6255 0.8816 0.6217 0.8784 0.6206 0.8794 0.6178 0.8746 0.6206 0.8794 0.6217 0.8784 0.6217 0.8784 0.6192 0.8741 0.6178 0.8746 0.6169 0.8692 0.6178 0.8746 0.6192 0.8741 0.6192 0.8741 0.6183 0.8692 0.6169 0.8692 0.6178 0.8637 0.6169 0.8692 0.6183 0.8692 0.6183 0.8692 0.6192 0.8643 0.6178 0.8637 0.6206 0.859 0.6178 0.8637 0.6192 0.8643 0.6192 0.8643 0.6217 0.8599 0.6206 0.859 0.6255 0.8567 0.6248 0.8554 0.6206 0.859 0.6206 0.859 0.6217 0.8599 0.6255 0.8567 0.6302 0.855 0.63 0.8536 0.6248 0.8554 0.6248 0.8554 0.6255 0.8567 0.6302 0.855 0.6352 0.855 0.6355 0.8536 0.63 0.8536 0.63 0.8536 0.6302 0.855 0.6352 0.855 0.6406 0.8554 0.6355 0.8536 0.6352 0.855 0.6352 0.855 0.6399 0.8567 0.6406 0.8554 0.6448 0.859 0.6406 0.8554 0.6399 0.8567 0.6399 0.8567 0.6437 0.8599 0.6448 0.859 0.6437 0.8599 0.6462 0.8643 0.6476 0.8637 0.6476 0.8637 0.6448 0.859 0.6437 0.8599 0.6486 0.8692 0.6476 0.8637 0.6462 0.8643 0.6462 0.8643 0.6471 0.8692 0.6486 0.8692 0.9283 0.9654 0.9283 0.9631 0.9234 0.9631 0.9234 0.9631 0.9234 0.9654 0.9283 0.9654 0.9283 0.9654 0.9326 0.9654 0.9326 0.9631 0.9326 0.9631 0.9283 0.9631 0.9283 0.9654 0.8499 0.9102 0.8499 0.9125 0.8538 0.9125 0.8538 0.9125 0.8538 0.9102 0.8499 0.9102 0.8499 0.9102 0.8452 0.9102 0.8452 0.9125 0.8452 0.9125 0.8499 0.9125 0.8499 0.9102 0.8402 0.9125 0.8452 0.9125 0.8452 0.9102 0.8452 0.9102 0.8402 0.9102 0.8402 0.9125 0.8402 0.9125 0.8402 0.9102 0.8356 0.9102 0.8356 0.9102 0.8356 0.9125 0.8402 0.9125 0.8317 0.9102 0.8317 0.9125 0.8356 0.9125 0.8356 0.9125 0.8356 0.9102 0.8317 0.9102 0.7939 0.5547 0.7939 0.5569 0.7982 0.5569 0.7982 0.5569 0.7982 0.5547 0.7939 0.5547 0.789 0.5547 0.789 0.5569 0.7939 0.5569 0.7939 0.5569 0.7939 0.5547 0.789 0.5547 0.789 0.5547 0.7841 0.5547 0.7841 0.5569 0.7841 0.5569 0.789 0.5569 0.789 0.5547 0.7841 0.5569 0.7841 0.5547 0.7797 0.5547 0.7797 0.5547 0.7797 0.5569 0.7841 0.5569 0.9491 0.5026 0.953 0.5026 0.953 0.5003 0.953 0.5003 0.9491 0.5003 0.9491 0.5026 0.9444 0.5003 0.9444 0.5026 0.9491 0.5026 0.9491 0.5026 0.9491 0.5003 0.9444 0.5003 0.9395 0.5003 0.9395 0.5026 0.9444 0.5026 0.9444 0.5026 0.9444 0.5003 0.9395 0.5003 0.9348 0.5026 0.9395 0.5026 0.9395 0.5003 0.9395 0.5003 0.9348 0.5003 0.9348 0.5026 0.9309 0.5003 0.9309 0.5026 0.9348 0.5026 0.9348 0.5026 0.9348 0.5003 0.9309 0.5003 0.9141 0.9631 0.9141 0.9654 0.9185 0.9654 0.9185 0.9654 0.9185 0.9631 0.9141 0.9631 0.9234 0.9654 0.9234 0.9631 0.9185 0.9631 0.9185 0.9631 0.9185 0.9654 0.9234 0.9654 0.5901 0.6408 0.5943 0.6423 0.5951 0.6374 0.5951 0.6374 0.5907 0.6374 0.5901 0.6408 0.5884 0.6439 0.5918 0.6467 0.5943 0.6423 0.5943 0.6423 0.5901 0.6408 0.5884 0.6439 0.5858 0.6461001 0.5879 0.6499 0.5918 0.6467 0.5918 0.6467 0.5884 0.6439 0.5858 0.6461001 0.5833 0.6516 0.5879 0.6499 0.5858 0.6461001 0.5858 0.6461001 0.5825 0.6473 0.5833 0.6516 0.5825 0.6473 0.579 0.6473 0.5783 0.6516 0.5783 0.6516 0.5833 0.6516 0.5825 0.6473 0.5736 0.6499 0.5783 0.6516 0.579 0.6473 0.579 0.6473 0.5758 0.6461001 0.5736 0.6499 0.5697 0.6467 0.5736 0.6499 0.5758 0.6461001 0.5758 0.6461001 0.5731 0.6439 0.5697 0.6467 0.5697 0.6467 0.5731 0.6439 0.5714 0.6408 0.5714 0.6408 0.5672 0.6423 0.5697 0.6467 0.5664 0.6374 0.5672 0.6423 0.5714 0.6408 0.5714 0.6408 0.5708 0.6374 0.5664 0.6374 0.5672 0.6325 0.5664 0.6374 0.5708 0.6374 0.5708 0.6374 0.5714 0.634 0.5672 0.6325 0.5672 0.6325 0.5714 0.634 0.5731 0.6310001 0.5731 0.6310001 0.5697 0.6282 0.5672 0.6325 0.5697 0.6282 0.5731 0.6310001 0.5758 0.6288 0.5758 0.6288 0.5736 0.625 0.5697 0.6282 0.5783 0.6233 0.5736 0.625 0.5758 0.6288 0.5758 0.6288 0.579 0.6276 0.5783 0.6233 0.5825 0.6276 0.5833 0.6233 0.5783 0.6233 0.5783 0.6233 0.579 0.6276 0.5825 0.6276 0.5858 0.6288 0.5879 0.625 0.5833 0.6233 0.5833 0.6233 0.5825 0.6276 0.5858 0.6288 0.5858 0.6288 0.5884 0.6310001 0.5918 0.6282 0.5918 0.6282 0.5879 0.625 0.5858 0.6288 0.5901 0.634 0.5943 0.6325 0.5918 0.6282 0.5918 0.6282 0.5884 0.6310001 0.5901 0.634 0.5943 0.6325 0.5901 0.634 0.5907 0.6374 0.5907 0.6374 0.5951 0.6374 0.5943 0.6325 0.7333 0.5432 0.7319 0.5432 0.7319 0.5466 0.7319 0.5466 0.7333 0.5466 0.7333 0.5432 0.7319 0.5432 0.7333 0.5432 0.7333 0.5402 0.7333 0.5402 0.7319 0.5402 0.7319 0.5432 0.6126 0.1126999 0.6126 0.1140999 0.6152 0.1140999 0.6152 0.1140999 0.6152 0.1126999 0.6126 0.1126999 0.6126 0.1126999 0.6093 0.1126999 0.6093 0.1140999 0.6093 0.1140999 0.6126 0.1140999 0.6126 0.1126999 0.6058 0.1126999 0.6058 0.1140999 0.6093 0.1140999 0.6093 0.1140999 0.6093 0.1126999 0.6058 0.1126999 0.6058 0.1140999 0.6058 0.1126999 0.6026 0.1126999 0.6026 0.1126999 0.6026 0.1140999 0.6058 0.1140999 0.5999 0.1140999 0.6026 0.1140999 0.6026 0.1126999 0.6026 0.1126999 0.5999 0.1126999 0.5999 0.1140999 0.8981 0.9559 0.8967 0.9559 0.8967 0.9589 0.8967 0.9589 0.8981 0.9589 0.8981 0.9559 0.8981 0.9623 0.8981 0.9589 0.8967 0.9589 0.8967 0.9589 0.8967 0.9623 0.8981 0.9623 0.8981 0.9657 0.8981 0.9623 0.8967 0.9623 0.8967 0.9623 0.8967 0.9657 0.8981 0.9657 0.8981 0.9657 0.8967 0.9657 0.8967 0.9687 0.8967 0.9687 0.8981 0.9687 0.8981 0.9657 0.6333 0.1134999 0.6333 0.1121 0.6307 0.1121 0.6307 0.1121 0.6307 0.1134999 0.6333 0.1134999 0.6307 0.1134999 0.6307 0.1121 0.6274 0.1121 0.6274 0.1121 0.6274 0.1134999 0.6307 0.1134999 0.6239 0.1121 0.6239 0.1134999 0.6274 0.1134999 0.6274 0.1134999 0.6274 0.1121 0.6239 0.1121 0.6207 0.1134999 0.6239 0.1134999 0.6239 0.1121 0.6239 0.1121 0.6207 0.1121 0.6207 0.1134999 0.6207 0.1121 0.618 0.1121 0.618 0.1134999 0.618 0.1134999 0.6207 0.1134999 0.6207 0.1121 0.7319 0.5501 0.7319 0.5531 0.7333 0.5531 0.7333 0.5531 0.7333 0.5501 0.7319 0.5501 0.7333 0.5466 0.7319 0.5466 0.7319 0.5501 0.7319 0.5501 0.7333 0.5501 0.7333 0.5466 0.731 0.543 0.7233 0.543 0.7233 0.5462 0.7233 0.5462 0.731 0.5461 0.731 0.543 0.7233 0.5402 0.7233 0.543 0.731 0.543 0.731 0.543 0.731 0.5402 0.7233 0.5402 0.6295 0.8685 0.6295 0.8608 0.627 0.8608 0.627 0.8608 0.627 0.8685 0.6295 0.8685 0.6325 0.8685 0.6325 0.8608 0.6295 0.8608 0.6295 0.8608 0.6295 0.8685 0.6325 0.8685 0.6325 0.8685 0.6357 0.8685 0.6357 0.8608 0.6357 0.8608 0.6325 0.8608 0.6325 0.8685 0.6357 0.8685 0.6387 0.8685 0.6387 0.8608 0.6387 0.8608 0.6357 0.8608 0.6357 0.8685 0.6412 0.8608 0.6387 0.8608 0.6387 0.8685 0.6387 0.8685 0.6412 0.8685 0.6412 0.8608 0.8886 0.9587 0.8963 0.9587 0.8963 0.9559 0.8963 0.9559 0.8886 0.9559 0.8886 0.9587 0.8886 0.9587 0.8886 0.9618 0.8963 0.9618 0.8963 0.9618 0.8963 0.9587 0.8886 0.9587 0.8963 0.965 0.8963 0.9618 0.8886 0.9618 0.8886 0.9618 0.8886 0.965 0.8963 0.965 0.8886 0.965 0.8886 0.9678 0.8963 0.9678 0.8963 0.9678 0.8963 0.965 0.8886 0.965 0.6264 0.7175 0.6239 0.7175 0.6239 0.7252 0.6239 0.7252 0.6264 0.7252 0.6264 0.7175 0.6294 0.7175 0.6264 0.7175 0.6264 0.7252 0.6264 0.7252 0.6294 0.7252 0.6294 0.7175 0.6294 0.7252 0.6326 0.7252 0.6326 0.7175 0.6326 0.7175 0.6294 0.7175 0.6294 0.7252 0.6356 0.7175 0.6326 0.7175 0.6326 0.7252 0.6326 0.7252 0.6356 0.7252 0.6356 0.7175 0.6356 0.7252 0.638 0.7252 0.638 0.7175 0.638 0.7175 0.6356 0.7175 0.6356 0.7252 0.7233 0.5493 0.7233 0.5521 0.731 0.5521 0.731 0.5521 0.731 0.5493 0.7233 0.5493 0.731 0.5461 0.7233 0.5462 0.7233 0.5493 0.7233 0.5493 0.731 0.5493 0.731 0.5461 0.6106 0.1377999 0.6101 0.1369 0.6093 0.1363 0.6093 0.1363 0.6093 0.1412 0.6106 0.1377999 0.6093 0.1363 0.6084 0.1359999 0.6074 0.1359999 0.6074 0.1359999 0.6057 0.1369 0.6093 0.1363 0.6074 0.1359999 0.6065 0.1363 0.6057 0.1369 0.6057 0.1369 0.6052 0.1377999 0.6051 0.1388 0.6051 0.1388 0.6057 0.1406 0.6057 0.1369 0.6051 0.1388 0.6052 0.1396999 0.6057 0.1406 0.6057 0.1406 0.6093 0.1412 0.6093 0.1363 0.6093 0.1363 0.6057 0.1369 0.6057 0.1406 0.6074 0.1414999 0.6093 0.1412 0.6057 0.1406 0.6057 0.1406 0.6065 0.1412 0.6074 0.1414999 0.6074 0.1414999 0.6084 0.1414999 0.6093 0.1412 0.6106 0.1377999 0.6093 0.1412 0.6101 0.1406 0.6101 0.1406 0.6106 0.1396999 0.6106 0.1377999 0.6107 0.1388 0.6106 0.1377999 0.6106 0.1396999 0.727 0.5525 0.727 0.5539 0.729 0.5539 0.729 0.5539 0.729 0.5525 0.727 0.5525 0.6266 0.8645 0.624 0.8645 0.624 0.8665 0.624 0.8665 0.6266 0.8665 0.6266 0.8645 0.729 0.5539 0.7307 0.5539 0.7307 0.5525 0.7307 0.5525 0.729 0.5525 0.729 0.5539 0.6266 0.8682 0.6266 0.8665 0.624 0.8665 0.624 0.8665 0.624 0.8682 0.6266 0.8682 0.8778 0.9677 0.8763 0.9677 0.8763 0.9691 0.8763 0.9691 0.8778 0.9691 0.8778 0.9677 0.7733 0.7399 0.7749 0.7399 0.7749 0.7373 0.7749 0.7373 0.7733 0.7373 0.7733 0.7399 0.8778 0.9677 0.8778 0.9691 0.8797 0.9691 0.8797 0.9691 0.8797 0.9677 0.8778 0.9677 0.7767 0.7373 0.7749 0.7373 0.7749 0.7399 0.7749 0.7399 0.7767 0.7399 0.7767 0.7373 0.8797 0.9677 0.8797 0.9691 0.8817 0.9691 0.8817 0.9691 0.8817 0.9677 0.8797 0.9677 0.7767 0.7373 0.7767 0.7399 0.7787 0.7399 0.7787 0.7399 0.7787 0.7373 0.7767 0.7373 0.8817 0.9677 0.8817 0.9691 0.8835 0.9691 0.8835 0.9691 0.8835 0.9677 0.8817 0.9677 0.7806 0.7373 0.7787 0.7373 0.7787 0.7399 0.7787 0.7399 0.7806 0.7399 0.7806 0.7373 0.8851 0.9677 0.8835 0.9677 0.8835 0.9691 0.8835 0.9691 0.8851 0.9691 0.8851 0.9677 0.7822 0.7373 0.7806 0.7373 0.7806 0.7399 0.7806 0.7399 0.7822 0.7399 0.7822 0.7373 0.7177 0.7178 0.7195 0.7178 0.7195 0.7164 0.7195 0.7164 0.7177 0.7164 0.7177 0.7178 0.6505 0.6325 0.6488 0.6325 0.6488 0.6352 0.6488 0.6352 0.6505 0.6352 0.6505 0.6325 0.7158 0.7178 0.7177 0.7178 0.7177 0.7164 0.7177 0.7164 0.7158 0.7164 0.7158 0.7178 0.6488 0.6325 0.6468 0.6325 0.6468 0.6352 0.6468 0.6352 0.6488 0.6352 0.6488 0.6325 0.7138 0.7178 0.7158 0.7178 0.7158 0.7164 0.7158 0.7164 0.7138 0.7164 0.7138 0.7178 0.6468 0.6325 0.6449 0.6325 0.6449 0.6352 0.6449 0.6352 0.6468 0.6352 0.6468 0.6325 0.7138 0.7164 0.7121 0.7164 0.7121 0.7178 0.7121 0.7178 0.7138 0.7178 0.7138 0.7164 0.6431 0.6352 0.6449 0.6352 0.6449 0.6325 0.6449 0.6325 0.6431 0.6325 0.6431 0.6352 0.632 0.8782 0.6304 0.8782 0.6304 0.8796 0.6304 0.8796 0.632 0.8796 0.632 0.8782 0.618 0.09689998 0.618 0.09960001 0.6196 0.09960001 0.6196 0.09960001 0.6196 0.09689998 0.618 0.09689998 0.6338 0.8796 0.6338 0.8782 0.632 0.8782 0.632 0.8782 0.632 0.8796 0.6338 0.8796 0.6196 0.09960001 0.6214 0.09960001 0.6214 0.09689998 0.6214 0.09689998 0.6196 0.09689998 0.6196 0.09960001 0.6338 0.8782 0.6338 0.8796 0.6358 0.8796 0.6358 0.8796 0.6358 0.8782 0.6338 0.8782 0.6234 0.09689998 0.6214 0.09689998 0.6214 0.09960001 0.6214 0.09960001 0.6234 0.09960001 0.6234 0.09689998 0.6358 0.8796 0.6377 0.8796 0.6377 0.8782 0.6377 0.8782 0.6358 0.8782 0.6358 0.8796 0.6253 0.09689998 0.6234 0.09689998 0.6234 0.09960001 0.6234 0.09960001 0.6253 0.09960001 0.6253 0.09689998 0.6392 0.8782 0.6377 0.8782 0.6377 0.8796 0.6377 0.8796 0.6392 0.8796 0.6392 0.8782 0.6268 0.09689998 0.6253 0.09689998 0.6253 0.09960001 0.6253 0.09960001 0.6268 0.09960001 0.6268 0.09689998 0.7251 0.5525 0.7233 0.5525 0.7233 0.5539 0.7233 0.5539 0.7251 0.5539 0.7251 0.5525 0.6266 0.8608 0.624 0.8608 0.624 0.8626 0.624 0.8626 0.6266 0.8626 0.6266 0.8608 0.727 0.5525 0.7251 0.5525 0.7251 0.5539 0.7251 0.5539 0.727 0.5539 0.727 0.5525 0.624 0.8626 0.624 0.8645 0.6266 0.8645 0.6266 0.8645 0.6266 0.8626 0.624 0.8626 0.7578 0.7296 0.7594 0.7302 0.7598 0.7277 0.7598 0.7277 0.7581 0.7277 0.7578 0.7296 0.7578 0.7257 0.7581 0.7277 0.7598 0.7277 0.7598 0.7277 0.7594 0.7251001 0.7578 0.7257 0.7578 0.7257 0.7594 0.7251001 0.7581 0.7229 0.7581 0.7229 0.7568 0.724 0.7578 0.7257 0.7581 0.7229 0.7561 0.7212 0.7552 0.7227 0.7552 0.7227 0.7568 0.724 0.7581 0.7229 0.7537 0.7203 0.7534 0.722 0.7552 0.7227 0.7552 0.7227 0.7561 0.7212 0.7537 0.7203 0.7537 0.7203 0.7511 0.7203 0.7514 0.722 0.7514 0.722 0.7534 0.722 0.7537 0.7203 0.7514 0.722 0.7511 0.7203 0.7486 0.7212 0.7486 0.7212 0.7495 0.7227 0.7514 0.722 0.7495 0.7227 0.7486 0.7212 0.7466 0.7229 0.7466 0.7229 0.7479 0.724 0.7495 0.7227 0.7469 0.7257 0.7479 0.724 0.7466 0.7229 0.7466 0.7229 0.7453 0.7251001 0.7469 0.7257 0.7453 0.7251001 0.7449 0.7277 0.7466 0.7277 0.7466 0.7277 0.7469 0.7257 0.7453 0.7251001 0.7466 0.7277 0.7449 0.7277 0.7453 0.7302 0.7453 0.7302 0.7469 0.7296 0.7466 0.7277 0.7469 0.7296 0.7453 0.7302 0.7466 0.7325 0.7466 0.7325 0.7479 0.7314 0.7469 0.7296 0.7495 0.7327 0.7479 0.7314 0.7466 0.7325 0.7466 0.7325 0.7486 0.7342 0.7495 0.7327 0.7511 0.7351 0.7514 0.7334 0.7495 0.7327 0.7495 0.7327 0.7486 0.7342 0.7511 0.7351 0.7534 0.7334 0.7514 0.7334 0.7511 0.7351 0.7511 0.7351 0.7537 0.7351 0.7534 0.7334 0.7534 0.7334 0.7537 0.7351 0.7561 0.7342 0.7561 0.7342 0.7552 0.7327 0.7534 0.7334 0.7552 0.7327 0.7561 0.7342 0.7581 0.7325 0.7581 0.7325 0.7568 0.7314 0.7552 0.7327 0.7578 0.7296 0.7568 0.7314 0.7581 0.7325 0.7581 0.7325 0.7594 0.7302 0.7578 0.7296 0.7605 0.7306 0.761 0.7277 0.7598 0.7277 0.7598 0.7277 0.7594 0.7302 0.7605 0.7306 0.7594 0.7251001 0.7598 0.7277 0.761 0.7277 0.761 0.7277 0.7605 0.7247 0.7594 0.7251001 0.7605 0.7247 0.759 0.7221 0.7581 0.7229 0.7581 0.7229 0.7594 0.7251001 0.7605 0.7247 0.7561 0.7212 0.7581 0.7229 0.759 0.7221 0.759 0.7221 0.7567 0.7202 0.7561 0.7212 0.7561 0.7212 0.7567 0.7202 0.7539 0.7192 0.7539 0.7192 0.7537 0.7203 0.7561 0.7212 0.7539 0.7192 0.7509 0.7192 0.7511 0.7203 0.7511 0.7203 0.7537 0.7203 0.7539 0.7192 0.7511 0.7203 0.7509 0.7192 0.748 0.7202 0.748 0.7202 0.7486 0.7212 0.7511 0.7203 0.748 0.7202 0.7457 0.7221 0.7466 0.7229 0.7466 0.7229 0.7486 0.7212 0.748 0.7202 0.7453 0.7251001 0.7466 0.7229 0.7457 0.7221 0.7457 0.7221 0.7442 0.7247 0.7453 0.7251001 0.7453 0.7251001 0.7442 0.7247 0.7437 0.7277 0.7437 0.7277 0.7449 0.7277 0.7453 0.7251001 0.7449 0.7277 0.7437 0.7277 0.7442 0.7306 0.7442 0.7306 0.7453 0.7302 0.7449 0.7277 0.7466 0.7325 0.7453 0.7302 0.7442 0.7306 0.7442 0.7306 0.7457 0.7332 0.7466 0.7325 0.7466 0.7325 0.7457 0.7332 0.748 0.7352 0.748 0.7352 0.7486 0.7342 0.7466 0.7325 0.7511 0.7351 0.7486 0.7342 0.748 0.7352 0.748 0.7352 0.7509 0.7362 0.7511 0.7351 0.7511 0.7351 0.7509 0.7362 0.7539 0.7362 0.7539 0.7362 0.7537 0.7351 0.7511 0.7351 0.7537 0.7351 0.7539 0.7362 0.7567 0.7352 0.7567 0.7352 0.7561 0.7342 0.7537 0.7351 0.7561 0.7342 0.7567 0.7352 0.759 0.7332 0.759 0.7332 0.7581 0.7325 0.7561 0.7342 0.7581 0.7325 0.759 0.7332 0.7605 0.7306 0.7605 0.7306 0.7594 0.7302 0.7581 0.7325 0.7117 0.5439 0.7114 0.5459 0.7143 0.5459 0.7143 0.5459 0.7145 0.5449 0.7117 0.5439 0.7127 0.5422 0.7117 0.5439 0.7145 0.5449 0.7145 0.5449 0.715 0.5441 0.7127 0.5422 0.7127 0.5422 0.715 0.5441 0.7157 0.5434 0.7157 0.5434 0.7143 0.5409 0.7127 0.5422 0.7143 0.5409 0.7157 0.5434 0.7167 0.5431 0.7167 0.5431 0.7161 0.5402 0.7143 0.5409 0.7161 0.5402 0.7167 0.5431 0.7176 0.5431 0.7176 0.5431 0.7181 0.5402 0.7161 0.5402 0.7181 0.5402 0.7176 0.5431 0.7186 0.5434 0.7186 0.5434 0.72 0.5409 0.7181 0.5402 0.72 0.5409 0.7186 0.5434 0.7193 0.5441 0.7193 0.5441 0.7216 0.5422 0.72 0.5409 0.7216 0.5422 0.7193 0.5441 0.7198 0.5449 0.7198 0.5449 0.7226 0.5439 0.7216 0.5422 0.7229 0.5459 0.7226 0.5439 0.7198 0.5449 0.7198 0.5449 0.72 0.5459 0.7229 0.5459 0.72 0.5459 0.7198 0.5469 0.7226 0.5479 0.7226 0.5479 0.7229 0.5459 0.72 0.5459 0.7226 0.5479 0.7198 0.5469 0.7193 0.5477 0.7193 0.5477 0.7216 0.5496 0.7226 0.5479 0.7216 0.5496 0.7193 0.5477 0.7186 0.5484001 0.7186 0.5484001 0.72 0.5509 0.7216 0.5496 0.7186 0.5484001 0.7176 0.5487 0.7181 0.5516 0.7181 0.5516 0.72 0.5509 0.7186 0.5484001 0.7181 0.5516 0.7176 0.5487 0.7167 0.5487 0.7167 0.5487 0.7161 0.5516 0.7181 0.5516 0.7143 0.5509 0.7161 0.5516 0.7167 0.5487 0.7167 0.5487 0.7157 0.5484001 0.7143 0.5509 0.7143 0.5509 0.7157 0.5484001 0.715 0.5477 0.715 0.5477 0.7127 0.5496 0.7143 0.5509 0.7117 0.5479 0.7127 0.5496 0.715 0.5477 0.715 0.5477 0.7145 0.5469 0.7117 0.5479 0.7117 0.5479 0.7145 0.5469 0.7143 0.5459 0.7143 0.5459 0.7114 0.5459 0.7117 0.5479 0.822 0.8951 0.822 0.8922 0.821 0.8922 0.821 0.8922 0.821 0.8951 0.822 0.8951 0.8229 0.8951 0.8229 0.8922 0.822 0.8922 0.822 0.8922 0.822 0.8951 0.8229 0.8951 0.5815 0.5434 0.5815 0.5463 0.5823 0.5463 0.5823 0.5463 0.5823 0.5434 0.5815 0.5434 0.5815 0.5434 0.5806 0.5434 0.5806 0.5463 0.5806 0.5463 0.5815 0.5463 0.5815 0.5434 0.5806 0.5463 0.5806 0.5434 0.5796 0.5434 0.5796 0.5434 0.5796 0.5463 0.5806 0.5463 0.5787 0.5434 0.5787 0.5463 0.5796 0.5463 0.5796 0.5463 0.5796 0.5434 0.5787 0.5434 0.5787 0.5434 0.5779 0.5434 0.5779 0.5463 0.5779 0.5463 0.5787 0.5463 0.5787 0.5434 0.6448 0.6509 0.6439 0.6509 0.6439 0.6538 0.6439 0.6538 0.6448 0.6538 0.6448 0.6509 0.6439 0.6538 0.6439 0.6509 0.6429 0.6509 0.6429 0.6509 0.6429 0.6538 0.6439 0.6538 0.642 0.6538 0.6429 0.6538 0.6429 0.6509 0.6429 0.6509 0.642 0.6509 0.642 0.6538 0.6411 0.6538 0.642 0.6538 0.642 0.6509 0.642 0.6509 0.6411 0.6509 0.6411 0.6538 0.6347 0.8591 0.6319 0.8591 0.6319 0.8598 0.6319 0.8598 0.6347 0.8598 0.6347 0.8591 0.6319 0.8581 0.6319 0.8591 0.6347 0.8591 0.6347 0.8591 0.6347 0.8581 0.6319 0.8581 0.6319 0.8571 0.6319 0.8581 0.6347 0.8581 0.6347 0.8581 0.6347 0.8571 0.6319 0.8571 0.6347 0.8562 0.6319 0.8562 0.6319 0.8571 0.6319 0.8571 0.6347 0.8571 0.6347 0.8562 0.6319 0.8555 0.6319 0.8562 0.6347 0.8562 0.6347 0.8562 0.6347 0.8555 0.6319 0.8555 0.8201 0.8951 0.8201 0.8922 0.8192 0.8922 0.8192 0.8922 0.8192 0.8951 0.8201 0.8951 0.8201 0.8922 0.8201 0.8951 0.821 0.8951 0.821 0.8951 0.821 0.8922 0.8201 0.8922 0.7314 0.5461 0.7314 0.543 0.731 0.543 0.731 0.543 0.731 0.5461 0.7314 0.5461 0.7314 0.5461 0.731 0.5461 0.731 0.5493 0.731 0.5493 0.7314 0.5493 0.7314 0.5461 0.731 0.5521 0.7314 0.552 0.7314 0.5493 0.7314 0.5493 0.731 0.5493 0.731 0.5521 0.6355 0.7256 0.6379 0.7256 0.638 0.7252 0.638 0.7252 0.6356 0.7252 0.6355 0.7256 0.6326 0.7256 0.6355 0.7256 0.6356 0.7252 0.6356 0.7252 0.6326 0.7252 0.6326 0.7256 0.6294 0.7252 0.6294 0.7256 0.6326 0.7256 0.6326 0.7256 0.6326 0.7252 0.6294 0.7252 0.6294 0.7252 0.6264 0.7252 0.6264 0.7256 0.6264 0.7256 0.6294 0.7256 0.6294 0.7252 0.6264 0.7256 0.6264 0.7252 0.6239 0.7252 0.6239 0.7252 0.624 0.7256 0.6264 0.7256 0.8886 0.965 0.8882 0.9649 0.8882 0.9677 0.8882 0.9677 0.8886 0.9678 0.8886 0.965 0.8886 0.9618 0.8882 0.9618 0.8882 0.9649 0.8882 0.9649 0.8886 0.965 0.8886 0.9618 0.8882 0.9587 0.8882 0.9618 0.8886 0.9618 0.8886 0.9618 0.8886 0.9587 0.8882 0.9587 0.8882 0.956 0.8882 0.9587 0.8886 0.9587 0.8886 0.9587 0.8886 0.9559 0.8882 0.956 0.6387 0.8685 0.6386 0.8689 0.6411 0.8689 0.6411 0.8689 0.6412 0.8685 0.6387 0.8685 0.6387 0.8685 0.6357 0.8685 0.6357 0.8689 0.6357 0.8689 0.6386 0.8689 0.6387 0.8685 0.6325 0.8685 0.6325 0.8689 0.6357 0.8689 0.6357 0.8689 0.6357 0.8685 0.6325 0.8685 0.6296 0.8689 0.6325 0.8689 0.6325 0.8685 0.6325 0.8685 0.6295 0.8685 0.6296 0.8689 0.627 0.8685 0.6272 0.8689 0.6296 0.8689 0.6296 0.8689 0.6295 0.8685 0.627 0.8685 0.731 0.543 0.7314 0.543 0.7314 0.5403 0.7314 0.5403 0.731 0.5402 0.731 0.543 0.761 0.7277 0.7605 0.7306 0.7609 0.7308 0.7609 0.7308 0.7614 0.7277 0.761 0.7277 0.7609 0.7246 0.7605 0.7247 0.761 0.7277 0.761 0.7277 0.7614 0.7277 0.7609 0.7246 0.7609 0.7246 0.7593 0.7218 0.759 0.7221 0.759 0.7221 0.7605 0.7247 0.7609 0.7246 0.7593 0.7218 0.7569 0.7198 0.7567 0.7202 0.7567 0.7202 0.759 0.7221 0.7593 0.7218 0.7539 0.7187 0.7539 0.7192 0.7567 0.7202 0.7567 0.7202 0.7569 0.7198 0.7539 0.7187 0.7539 0.7187 0.7508 0.7187 0.7509 0.7192 0.7509 0.7192 0.7539 0.7192 0.7539 0.7187 0.7478 0.7198 0.748 0.7202 0.7509 0.7192 0.7509 0.7192 0.7508 0.7187 0.7478 0.7198 0.7457 0.7221 0.748 0.7202 0.7478 0.7198 0.7478 0.7198 0.7454 0.7218 0.7457 0.7221 0.7438 0.7246 0.7442 0.7247 0.7457 0.7221 0.7457 0.7221 0.7454 0.7218 0.7438 0.7246 0.7433 0.7277 0.7437 0.7277 0.7442 0.7247 0.7442 0.7247 0.7438 0.7246 0.7433 0.7277 0.7433 0.7277 0.7438 0.7308 0.7442 0.7306 0.7442 0.7306 0.7437 0.7277 0.7433 0.7277 0.7438 0.7308 0.7454 0.7335 0.7457 0.7332 0.7457 0.7332 0.7442 0.7306 0.7438 0.7308 0.7478 0.7355 0.748 0.7352 0.7457 0.7332 0.7457 0.7332 0.7454 0.7335 0.7478 0.7355 0.7478 0.7355 0.7508 0.7366001 0.7509 0.7362 0.7509 0.7362 0.748 0.7352 0.7478 0.7355 0.7539 0.7366001 0.7539 0.7362 0.7509 0.7362 0.7509 0.7362 0.7508 0.7366001 0.7539 0.7366001 0.7539 0.7366001 0.7569 0.7355 0.7567 0.7352 0.7567 0.7352 0.7539 0.7362 0.7539 0.7366001 0.7593 0.7335 0.759 0.7332 0.7567 0.7352 0.7567 0.7352 0.7569 0.7355 0.7593 0.7335 0.7609 0.7308 0.7605 0.7306 0.759 0.7332 0.759 0.7332 0.7593 0.7335 0.7609 0.7308 0.6542 0.6731 0.6551 0.6745 0.6539 0.6418 0.6539 0.6418 0.6539 0.6708 0.6542 0.6731 0.6589 0.6757 0.6539 0.6418 0.6551 0.6745 0.6551 0.6745 0.6566 0.6754 0.6589 0.6757 0.6589 0.6757 0.6886 0.6757 0.6909 0.6754 0.6909 0.6754 0.6923 0.6745 0.6589 0.6757 0.6589 0.6757 0.6923 0.6745 0.6932 0.6731 0.6932 0.6731 0.6935 0.6708 0.6589 0.6757 0.6935 0.6708 0.6886 0.6369 0.6539 0.6418 0.6539 0.6418 0.6589 0.6757 0.6935 0.6708 0.6935 0.6708 0.6935 0.6418 0.6932 0.6396 0.6932 0.6396 0.6923 0.6381 0.6935 0.6708 0.6909 0.6372 0.6886 0.6369 0.6935 0.6708 0.6935 0.6708 0.6923 0.6381 0.6909 0.6372 0.6539 0.6418 0.6886 0.6369 0.6551 0.6381 0.6551 0.6381 0.6542 0.6396 0.6539 0.6418 0.6566 0.6372 0.6551 0.6381 0.6886 0.6369 0.6886 0.6369 0.6589 0.6369 0.6566 0.6372 0.5821 0.2498999 0.6112 0.2498999 0.6112 0.2470999 0.6112 0.2470999 0.5821 0.2470999 0.5821 0.2498999 0.5826 0.07179999 0.6124 0.07179999 0.6124 0.06910002 0.6124 0.06910002 0.5826 0.06910002 0.5826 0.07179999 0.5693 0.4108 0.5984 0.4108 0.5984 0.408 0.5984 0.408 0.5693 0.408 0.5693 0.4108 0.6063 0.5102 0.5765 0.5102 0.5765 0.513 0.5765 0.513 0.6063 0.513 0.6063 0.5102 0.5821 0.2470999 0.5796 0.2470999 0.5796 0.2498999 0.5796 0.2498999 0.5821 0.2498999 0.5821 0.2470999 0.6137 0.2498999 0.6137 0.2470999 0.6112 0.2470999 0.6112 0.2470999 0.6112 0.2498999 0.6137 0.2498999 0.6124 0.07179999 0.6149 0.07179999 0.6149 0.06910002 0.6149 0.06910002 0.6124 0.06910002 0.6124 0.07179999 0.5693 0.4108 0.5693 0.408 0.5668 0.408 0.5668 0.408 0.5668 0.4108 0.5693 0.4108 0.5778 0.2470999 0.5778 0.2498999 0.5796 0.2498999 0.5796 0.2498999 0.5796 0.2470999 0.5778 0.2470999 0.58 0.06910002 0.5782 0.06910002 0.5782 0.07179999 0.5782 0.07179999 0.58 0.07179999 0.58 0.06910002 0.58 0.07179999 0.5826 0.07179999 0.5826 0.06910002 0.5826 0.06910002 0.58 0.06910002 0.58 0.07179999 0.6155 0.2470999 0.6137 0.2470999 0.6137 0.2498999 0.6137 0.2498999 0.6155 0.2498999 0.6155 0.2470999 0.5739 0.513 0.5739 0.5102 0.5721 0.5102 0.5721 0.5102 0.5721 0.513 0.5739 0.513 0.5765 0.5102 0.5739 0.5102 0.5739 0.513 0.5739 0.513 0.5765 0.513 0.5765 0.5102 0.6149 0.07179999 0.6167 0.07179999 0.6167 0.06910002 0.6167 0.06910002 0.6149 0.06910002 0.6149 0.07179999 0.6009 0.408 0.6009 0.4108 0.6027 0.4108 0.6027 0.4108 0.6027 0.408 0.6009 0.408 0.6009 0.4108 0.6009 0.408 0.5984 0.408 0.5984 0.408 0.5984 0.4108 0.6009 0.4108 0.5668 0.408 0.565 0.408 0.565 0.4108 0.565 0.4108 0.5668 0.4108 0.5668 0.408 0.6088 0.513 0.6106 0.513 0.6106 0.5102 0.6106 0.5102 0.6088 0.5102 0.6088 0.513 0.6088 0.513 0.6088 0.5102 0.6063 0.5102 0.6063 0.5102 0.6063 0.513 0.6088 0.513 0.6539 0.6418 0.6533 0.6418 0.6533 0.6708 0.6533 0.6708 0.6539 0.6708 0.6539 0.6418 0.6886 0.6764 0.6886 0.6757 0.6589 0.6757 0.6589 0.6757 0.6588 0.6764 0.6886 0.6764 0.6935 0.6708 0.6942 0.6708 0.6942 0.6418 0.6942 0.6418 0.6935 0.6418 0.6935 0.6708 0.6588 0.6362 0.6589 0.6369 0.6886 0.6369 0.6886 0.6369 0.6886 0.6362 0.6588 0.6362 0.6137 0.2498999 0.6112 0.2498999 0.6112 0.2505 0.6112 0.2505 0.6136 0.2505 0.6137 0.2498999 0.5826 0.06910002 0.5826 0.06840002 0.5801 0.06840002 0.5801 0.06840002 0.58 0.06910002 0.5826 0.06910002 0.6063 0.513 0.6063 0.5137 0.6087 0.5137 0.6087 0.5137 0.6088 0.513 0.6063 0.513 0.5984 0.4108 0.5983 0.4114 0.6008 0.4114 0.6008 0.4114 0.6009 0.4108 0.5984 0.4108 0.5739 0.513 0.574 0.5137 0.5765 0.5137 0.5765 0.5137 0.5765 0.513 0.5739 0.513 0.5721 0.513 0.5723 0.5137 0.574 0.5137 0.574 0.5137 0.5739 0.513 0.5721 0.513 0.6137 0.2498999 0.6136 0.2505 0.6154 0.2505 0.6154 0.2505 0.6155 0.2498999 0.6137 0.2498999 0.5822 0.2505 0.5821 0.2498999 0.5796 0.2498999 0.5796 0.2498999 0.5797 0.2505 0.5822 0.2505 0.578 0.2505 0.5797 0.2505 0.5796 0.2498999 0.5796 0.2498999 0.5778 0.2498999 0.578 0.2505 0.5784 0.06840002 0.5782 0.06910002 0.58 0.06910002 0.58 0.06910002 0.5801 0.06840002 0.5784 0.06840002 0.5693 0.4114 0.5693 0.4108 0.5668 0.4108 0.5668 0.4108 0.5669 0.4114 0.5693 0.4114 0.5651 0.4114 0.5669 0.4114 0.5668 0.4108 0.5668 0.4108 0.565 0.4108 0.5651 0.4114 0.6105 0.5137 0.6106 0.513 0.6088 0.513 0.6088 0.513 0.6087 0.5137 0.6105 0.5137 0.6149 0.06840002 0.6124 0.06840002 0.6124 0.06910002 0.6124 0.06910002 0.6149 0.06910002 0.6149 0.06840002 0.6149 0.06840002 0.6149 0.06910002 0.6167 0.06910002 0.6167 0.06910002 0.6166 0.06840002 0.6149 0.06840002 0.6008 0.4114 0.6025 0.4114 0.6027 0.4108 0.6027 0.4108 0.6009 0.4108 0.6008 0.4114 0.6112 0.2498999 0.5821 0.2498999 0.5822 0.2505 0.5822 0.2505 0.6112 0.2505 0.6112 0.2498999 0.5826 0.06910002 0.6124 0.06910002 0.6124 0.06840002 0.6124 0.06840002 0.5826 0.06840002 0.5826 0.06910002 0.5983 0.4114 0.5984 0.4108 0.5693 0.4108 0.5693 0.4108 0.5693 0.4114 0.5983 0.4114 0.6063 0.513 0.5765 0.513 0.5765 0.5137 0.5765 0.5137 0.6063 0.5137 0.6063 0.513 0.6533 0.6418 0.6539 0.6418 0.6542 0.6396 0.6542 0.6396 0.6536 0.6393 0.6533 0.6418 0.6589 0.6757 0.6566 0.6754 0.6564 0.676 0.6564 0.676 0.6588 0.6764 0.6589 0.6757 0.6886 0.6369 0.6909 0.6372 0.6911 0.6366 0.6911 0.6366 0.6886 0.6362 0.6886 0.6369 0.6938 0.6733 0.6942 0.6708 0.6935 0.6708 0.6935 0.6708 0.6932 0.6731 0.6938 0.6733 0.6564 0.6366 0.6566 0.6372 0.6589 0.6369 0.6589 0.6369 0.6588 0.6362 0.6564 0.6366 0.6546 0.6376 0.6551 0.6381 0.6566 0.6372 0.6566 0.6372 0.6564 0.6366 0.6546 0.6376 0.6542 0.6396 0.6551 0.6381 0.6546 0.6376 0.6546 0.6376 0.6536 0.6393 0.6542 0.6396 0.6536 0.6733 0.6542 0.6731 0.6539 0.6708 0.6539 0.6708 0.6533 0.6708 0.6536 0.6733 0.6546 0.675 0.6551 0.6745 0.6542 0.6731 0.6542 0.6731 0.6536 0.6733 0.6546 0.675 0.6566 0.6754 0.6551 0.6745 0.6546 0.675 0.6546 0.675 0.6564 0.676 0.6566 0.6754 0.6932 0.6396 0.6935 0.6418 0.6942 0.6418 0.6942 0.6418 0.6938 0.6393 0.6932 0.6396 0.6928 0.6376 0.6923 0.6381 0.6932 0.6396 0.6932 0.6396 0.6938 0.6393 0.6928 0.6376 0.6911 0.6366 0.6909 0.6372 0.6923 0.6381 0.6923 0.6381 0.6928 0.6376 0.6911 0.6366 0.6911 0.676 0.6909 0.6754 0.6886 0.6757 0.6886 0.6757 0.6886 0.6764 0.6911 0.676 0.6909 0.6754 0.6911 0.676 0.6928 0.675 0.6928 0.675 0.6923 0.6745 0.6909 0.6754 0.6938 0.6733 0.6932 0.6731 0.6923 0.6745 0.6923 0.6745 0.6928 0.675 0.6938 0.6733 0.5664 0.7485 0.5664 0.7783 0.5667 0.7808 0.5667 0.7808 0.5678 0.7826 0.5664 0.7485 0.5664 0.7485 0.5678 0.7826 0.5696 0.7837 0.5696 0.7837 0.5721 0.7841 0.5664 0.7485 0.5721 0.7841 0.6462 0.7841 0.6487 0.7837 0.6487 0.7837 0.6505 0.7826 0.5721 0.7841 0.5721 0.7841 0.6505 0.7826 0.6516 0.7808 0.6516 0.7808 0.652 0.7783 0.5721 0.7841 0.5664 0.7485 0.5721 0.7841 0.652 0.7783 0.652 0.7783 0.6462 0.7427 0.5664 0.7485 0.6505 0.7442 0.652 0.7783 0.652 0.7485 0.652 0.7485 0.6516 0.746 0.6505 0.7442 0.6462 0.7427 0.652 0.7783 0.6505 0.7442 0.6505 0.7442 0.6487 0.7431 0.6462 0.7427 0.6462 0.7427 0.5678 0.7442 0.5667 0.746 0.5667 0.746 0.5664 0.7485 0.6462 0.7427 0.5696 0.7431 0.5678 0.7442 0.6462 0.7427 0.6462 0.7427 0.5721 0.7427 0.5696 0.7431 0.5749 0.8868 0.5727 0.8872 0.5712 0.888 0.5712 0.888 0.6489 0.8868 0.5749 0.8868 0.5712 0.888 0.5703 0.8895 0.57 0.8918 0.57 0.8918 0.6489 0.8868 0.5712 0.888 0.5712 0.9253 0.57 0.8918 0.57 0.9215 0.57 0.9215 0.5703 0.9238 0.5712 0.9253 0.57 0.8918 0.5712 0.9253 0.5727 0.9261 0.5727 0.9261 0.5749 0.9265 0.57 0.8918 0.6539 0.9215 0.6489 0.8868 0.57 0.8918 0.57 0.8918 0.5749 0.9265 0.6539 0.9215 0.5749 0.9265 0.6489 0.9265 0.6512 0.9261 0.6512 0.9261 0.6526 0.9253 0.5749 0.9265 0.6535 0.9238 0.6539 0.9215 0.5749 0.9265 0.5749 0.9265 0.6526 0.9253 0.6535 0.9238 0.6526 0.888 0.6512 0.8872 0.6489 0.8868 0.6489 0.8868 0.6539 0.9215 0.6526 0.888 0.6539 0.8918 0.6535 0.8895 0.6526 0.888 0.6526 0.888 0.6539 0.9215 0.6539 0.8918 0.5826 0.2087 0.5826 0.2114999 0.6566 0.2114999 0.6566 0.2114999 0.6566 0.2087 0.5826 0.2087 0.612 0.1067 0.612 0.1039999 0.5821 0.1039999 0.5821 0.1039999 0.5821 0.1067 0.612 0.1067 0.5826 0.1926 0.5826 0.1953999 0.6566 0.1953999 0.6566 0.1953999 0.6566 0.1926 0.5826 0.1926 0.5821 0.1186 0.612 0.1186 0.612 0.1158 0.612 0.1158 0.5821 0.1158 0.5821 0.1186 0.5826 0.2114999 0.5826 0.2087 0.58 0.2087 0.58 0.2087 0.58 0.2114999 0.5826 0.2114999 0.6566 0.2114999 0.6592 0.2114999 0.6592 0.2087 0.6592 0.2087 0.6566 0.2087 0.6566 0.2114999 0.612 0.1067 0.6145 0.1067 0.6145 0.1039999 0.6145 0.1039999 0.612 0.1039999 0.612 0.1067 0.58 0.1953999 0.5826 0.1953999 0.5826 0.1926 0.5826 0.1926 0.58 0.1926 0.58 0.1953999 0.58 0.2087 0.5782 0.2087 0.5782 0.2114999 0.5782 0.2114999 0.58 0.2114999 0.58 0.2087 0.5796 0.1067 0.5796 0.1039999 0.5778 0.1039999 0.5778 0.1039999 0.5778 0.1067 0.5796 0.1067 0.5821 0.1039999 0.5796 0.1039999 0.5796 0.1067 0.5796 0.1067 0.5821 0.1067 0.5821 0.1039999 0.6592 0.2114999 0.661 0.2114999 0.661 0.2087 0.661 0.2087 0.6592 0.2087 0.6592 0.2114999 0.5778 0.1158 0.5778 0.1186 0.5796 0.1186 0.5796 0.1186 0.5796 0.1158 0.5778 0.1158 0.5821 0.1186 0.5821 0.1158 0.5796 0.1158 0.5796 0.1158 0.5796 0.1186 0.5821 0.1186 0.6163 0.1067 0.6163 0.1039999 0.6145 0.1039999 0.6145 0.1039999 0.6145 0.1067 0.6163 0.1067 0.6592 0.1926 0.6592 0.1953999 0.661 0.1953999 0.661 0.1953999 0.661 0.1926 0.6592 0.1926 0.6592 0.1953999 0.6592 0.1926 0.6566 0.1926 0.6566 0.1926 0.6566 0.1953999 0.6592 0.1953999 0.5782 0.1926 0.5782 0.1953999 0.58 0.1953999 0.58 0.1953999 0.58 0.1926 0.5782 0.1926 0.6163 0.1158 0.6145 0.1158 0.6145 0.1186 0.6145 0.1186 0.6163 0.1186 0.6163 0.1158 0.6145 0.1186 0.6145 0.1158 0.612 0.1158 0.612 0.1158 0.612 0.1186 0.6145 0.1186 0.6489 0.8868 0.6489 0.8863 0.5749 0.8863 0.5749 0.8863 0.5749 0.8868 0.6489 0.8868 0.5695 0.9215 0.57 0.9215 0.57 0.8918 0.57 0.8918 0.5695 0.8917 0.5695 0.9215 0.6489 0.9269 0.6489 0.9265 0.5749 0.9265 0.5749 0.9265 0.5749 0.9269 0.6489 0.9269 0.6543 0.8917 0.6539 0.8918 0.6539 0.9215 0.6539 0.9215 0.6543 0.9215 0.6543 0.8917 0.6566 0.212 0.6591 0.212 0.6592 0.2114999 0.6592 0.2114999 0.6566 0.2114999 0.6566 0.212 0.5821 0.1039999 0.5821 0.1035 0.5797 0.1035 0.5797 0.1035 0.5796 0.1039999 0.5821 0.1039999 0.612 0.1190999 0.6145 0.1190999 0.6145 0.1186 0.6145 0.1186 0.612 0.1186 0.612 0.1190999 0.6592 0.1953999 0.6566 0.1953999 0.6566 0.1958 0.6566 0.1958 0.6591 0.1958 0.6592 0.1953999 0.5796 0.1186 0.5797 0.1190999 0.5821 0.1190999 0.5821 0.1190999 0.5821 0.1186 0.5796 0.1186 0.5778 0.1186 0.5779 0.1190999 0.5797 0.1190999 0.5797 0.1190999 0.5796 0.1186 0.5778 0.1186 0.661 0.2114999 0.6592 0.2114999 0.6591 0.212 0.6591 0.212 0.6609 0.212 0.661 0.2114999 0.5801 0.212 0.5826 0.212 0.5826 0.2114999 0.5826 0.2114999 0.58 0.2114999 0.5801 0.212 0.5782 0.2114999 0.5783 0.212 0.5801 0.212 0.5801 0.212 0.58 0.2114999 0.5782 0.2114999 0.5779 0.1035 0.5778 0.1039999 0.5796 0.1039999 0.5796 0.1039999 0.5797 0.1035 0.5779 0.1035 0.5826 0.1958 0.5826 0.1953999 0.58 0.1953999 0.58 0.1953999 0.5801 0.1958 0.5826 0.1958 0.5782 0.1953999 0.5783 0.1958 0.5801 0.1958 0.5801 0.1958 0.58 0.1953999 0.5782 0.1953999 0.6162 0.1190999 0.6163 0.1186 0.6145 0.1186 0.6145 0.1186 0.6145 0.1190999 0.6162 0.1190999 0.612 0.1039999 0.6145 0.1039999 0.6145 0.1035 0.6145 0.1035 0.612 0.1035 0.612 0.1039999 0.6162 0.1035 0.6145 0.1035 0.6145 0.1039999 0.6145 0.1039999 0.6163 0.1039999 0.6162 0.1035 0.661 0.1953999 0.6592 0.1953999 0.6591 0.1958 0.6591 0.1958 0.6609 0.1958 0.661 0.1953999 0.5749 0.8861 0.5749 0.8863 0.6489 0.8863 0.6489 0.8863 0.649 0.8861 0.5749 0.8861 0.6566 0.212 0.6566 0.2114999 0.5826 0.2114999 0.5826 0.2114999 0.5826 0.212 0.6566 0.212 0.612 0.1035 0.612 0.1032 0.5822 0.1032 0.5822 0.1032 0.5821 0.1035 0.612 0.1035 0.5821 0.1035 0.5821 0.1039999 0.612 0.1039999 0.612 0.1039999 0.612 0.1035 0.5821 0.1035 0.649 0.9272 0.6489 0.9269 0.5749 0.9269 0.5749 0.9269 0.5749 0.9272 0.649 0.9272 0.6566 0.1958 0.6566 0.1953999 0.5826 0.1953999 0.5826 0.1953999 0.5826 0.1958 0.6566 0.1958 0.612 0.1190999 0.5821 0.1190999 0.5822 0.1194 0.5822 0.1194 0.612 0.1194 0.612 0.1190999 0.612 0.1186 0.5821 0.1186 0.5821 0.1190999 0.5821 0.1190999 0.612 0.1190999 0.612 0.1186 0.6513 0.8867 0.6514 0.8864 0.649 0.8861 0.649 0.8861 0.6489 0.8863 0.6513 0.8867 0.6489 0.8868 0.6512 0.8872 0.6513 0.8867 0.6513 0.8867 0.6489 0.8863 0.6489 0.8868 0.7459 0.8291 0.7458 0.8295 0.7483 0.8297 0.7483 0.8297 0.7483 0.8293 0.7459 0.8291 0.5695 0.8917 0.57 0.8918 0.5703 0.8895 0.5703 0.8895 0.5698 0.8893 0.5695 0.8917 0.8253 0.8731 0.8254 0.8727 0.8229 0.8724 0.8229 0.8724 0.8229 0.8728 0.8253 0.8731 0.6539 0.9215 0.6535 0.9238 0.654 0.924 0.654 0.924 0.6543 0.9215 0.6539 0.9215 0.5725 0.9266 0.5724 0.9269 0.5749 0.9272 0.5749 0.9272 0.5749 0.9269 0.5725 0.9266 0.5725 0.9266 0.5749 0.9269 0.5749 0.9265 0.5749 0.9265 0.5727 0.9261 0.5725 0.9266 0.7932 0.8728 0.7932 0.8724 0.7908 0.8727 0.7908 0.8727 0.7909 0.8731 0.7932 0.8728 0.654 0.8893 0.6535 0.8895 0.6539 0.8918 0.6539 0.8918 0.6543 0.8917 0.654 0.8893 0.7909 0.8731 0.7908 0.8727 0.7891 0.8734 0.7891 0.8734 0.7893 0.8738 0.7909 0.8731 0.6535 0.8895 0.654 0.8893 0.653 0.8877 0.653 0.8877 0.6526 0.888 0.6535 0.8895 0.8489 0.7785 0.8485 0.7786 0.8485 0.7805 0.8485 0.7805 0.849 0.7806 0.8489 0.7785 0.6526 0.888 0.653 0.8877 0.6513 0.8867 0.6513 0.8867 0.6512 0.8872 0.6526 0.888 0.5749 0.8861 0.5724 0.8864 0.5725 0.8867 0.5725 0.8867 0.5749 0.8863 0.5749 0.8861 0.5749 0.8863 0.5725 0.8867 0.5727 0.8872 0.5727 0.8872 0.5749 0.8868 0.5749 0.8863 0.744 0.8287 0.7442 0.8284 0.7431 0.8272 0.7431 0.8272 0.7428 0.8275 0.744 0.8287 0.5712 0.888 0.5727 0.8872 0.5725 0.8867 0.5725 0.8867 0.5708 0.8877 0.5712 0.888 0.744 0.8287 0.7458 0.8295 0.7459 0.8291 0.7459 0.8291 0.7442 0.8284 0.744 0.8287 0.5698 0.8893 0.5703 0.8895 0.5712 0.888 0.5712 0.888 0.5708 0.8877 0.5698 0.8893 0.649 0.9272 0.6514 0.9269 0.6513 0.9266 0.6513 0.9266 0.6489 0.9269 0.649 0.9272 0.6513 0.9266 0.6512 0.9261 0.6489 0.9265 0.6489 0.9265 0.6489 0.9269 0.6513 0.9266 0.8272 0.8734 0.827 0.8738 0.8281 0.8749 0.8281 0.8749 0.8284 0.8747 0.8272 0.8734 0.6526 0.9253 0.6512 0.9261 0.6513 0.9266 0.6513 0.9266 0.653 0.9256 0.6526 0.9253 0.8272 0.8734 0.8254 0.8727 0.8253 0.8731 0.8253 0.8731 0.827 0.8738 0.8272 0.8734 0.654 0.924 0.6535 0.9238 0.6526 0.9253 0.6526 0.9253 0.653 0.9256 0.654 0.924 0.7803 0.8291 0.778 0.8293 0.778 0.8297 0.778 0.8297 0.7804 0.8295 0.7803 0.8291 0.57 0.9215 0.5695 0.9215 0.5698 0.924 0.5698 0.924 0.5703 0.9238 0.57 0.9215 0.7821 0.8287 0.7819 0.8284 0.7803 0.8291 0.7803 0.8291 0.7804 0.8295 0.7821 0.8287 0.5708 0.9256 0.5712 0.9253 0.5703 0.9238 0.5703 0.9238 0.5698 0.924 0.5708 0.9256 0.5706 0.9258 0.5724 0.9269 0.5725 0.9266 0.5725 0.9266 0.5708 0.9256 0.5706 0.9258 0.5725 0.9266 0.5727 0.9261 0.5712 0.9253 0.5712 0.9253 0.5708 0.9256 0.5725 0.9266 0.7885 0.3092 0.792 0.3092 0.792 0.3066 0.792 0.3066 0.7885 0.3066 0.7885 0.3092 0.9683 0.9673 0.9648 0.9673 0.9648 0.9699 0.9648 0.9699 0.9683 0.9699 0.9683 0.9673 0.8001 0.3723 0.8001 0.3698 0.7966 0.3698 0.7966 0.3698 0.7966 0.3723 0.8001 0.3723 0.6477 0.6872 0.6477 0.6846 0.6443 0.6846 0.6443 0.6846 0.6443 0.6872 0.6477 0.6872 0.6032 0.8221 0.6032 0.8195 0.5998 0.8195 0.5998 0.8195 0.5998 0.8221 0.6032 0.8221 0.7232 0.8898 0.7197 0.8898 0.7197 0.8924 0.7197 0.8924 0.7232 0.8924 0.7232 0.8898 0.7552 0.7262 0.7525 0.7246 0.7498 0.7293 0.7498 0.7293 0.7552 0.7293 0.7552 0.7262 0.7525 0.7246 0.7498 0.7262 0.7498 0.7293 0.7525 0.7308 0.7552 0.7293 0.7498 0.7293 0.7885 0.3066 0.792 0.3066 0.7918 0.3063 0.7918 0.3063 0.7887 0.3063 0.7885 0.3066 0.7552 0.7293 0.7555 0.7295 0.7555 0.726 0.7555 0.726 0.7552 0.7262 0.7552 0.7293 0.7999 0.3726 0.8001 0.3723 0.7966 0.3723 0.7966 0.3723 0.7968 0.3726 0.7999 0.3726 0.6476 0.6875 0.6477 0.6872 0.6443 0.6872 0.6443 0.6872 0.6444 0.6875 0.6476 0.6875 0.7495 0.7295 0.7498 0.7293 0.7498 0.7262 0.7498 0.7262 0.7495 0.726 0.7495 0.7295 0.7197 0.8898 0.7232 0.8898 0.723 0.8895 0.723 0.8895 0.7199 0.8895 0.7197 0.8898 0.7873 0.9817 0.7873 0.9791 0.7839 0.9791 0.7839 0.9791 0.7839 0.9817 0.7873 0.9817 0.8315 0.7898 0.828 0.7898 0.828 0.7924 0.828 0.7924 0.8315 0.7924 0.8315 0.7898 0.6257 0.4775 0.6257 0.4749 0.6223 0.4749 0.6223 0.4749 0.6223 0.4775 0.6257 0.4775 0.958 0.9966 0.958 0.9992 0.9614 0.9992 0.9614 0.9992 0.9614 0.9966 0.958 0.9966 0.709 0.5046 0.7056 0.5046 0.7056 0.5072 0.7056 0.5072 0.709 0.5072 0.709 0.5046 0.9515 0.9897 0.9515 0.9871 0.948 0.9871 0.948 0.9871 0.948 0.9897 0.9515 0.9897 0.6095 0.2232 0.6126 0.2232 0.6142 0.2204999 0.6142 0.2204999 0.6095 0.2178 0.6095 0.2232 0.6142 0.2204999 0.6126 0.2178 0.6095 0.2178 0.6079 0.2204999 0.6095 0.2232 0.6095 0.2178 0.7839 0.9791 0.7873 0.9791 0.7872 0.9788 0.7872 0.9788 0.784 0.9788 0.7839 0.9791 0.828 0.7924 0.8282 0.7927 0.8313 0.7927 0.8313 0.7927 0.8315 0.7924 0.828 0.7924 0.6223 0.4775 0.6224 0.4778 0.6256 0.4778 0.6256 0.4778 0.6257 0.4775 0.6223 0.4775 0.958 0.9992 0.9581 0.9995 0.9613 0.9995 0.9613 0.9995 0.9614 0.9992 0.958 0.9992 0.7056 0.5072 0.7058 0.5074 0.7089 0.5074 0.7089 0.5074 0.709 0.5072 0.7056 0.5072 0.948 0.9871 0.9515 0.9871 0.9513 0.9868 0.9513 0.9868 0.9482 0.9868 0.948 0.9871 0.6174 0.8536 0.6174 0.857 0.62 0.857 0.62 0.857 0.62 0.8536 0.6174 0.8536 0.7842 0.8476 0.7807 0.8476 0.7807 0.8502 0.7807 0.8502 0.7842 0.8502 0.7842 0.8476 0.775 0.4102 0.7716 0.4102 0.7716 0.4128 0.7716 0.4128 0.775 0.4128 0.775 0.4102 0.818 0.3385 0.8145 0.3385 0.8145 0.3411 0.8145 0.3411 0.818 0.3411 0.818 0.3385 0.7763 0.8406 0.7728 0.8406 0.7728 0.8432 0.7728 0.8432 0.7763 0.8432 0.7763 0.8406 0.6303 0.8574 0.6268 0.8574 0.6268 0.86 0.6268 0.86 0.6303 0.86 0.6303 0.8574 0.6287 0.7307 0.6287 0.7276 0.626 0.726 0.626 0.726 0.6233 0.7307 0.6287 0.7307 0.626 0.726 0.6233 0.7276 0.6233 0.7307 0.626 0.7323001 0.6287 0.7307 0.6233 0.7307 0.626 0.7326 0.629 0.7309 0.6287 0.7307 0.6287 0.7307 0.626 0.7323001 0.626 0.7326 0.629 0.7274 0.6287 0.7276 0.6287 0.7307 0.6287 0.7307 0.629 0.7309 0.629 0.7274 0.7749 0.4131 0.775 0.4128 0.7716 0.4128 0.7716 0.4128 0.7717 0.4131 0.7749 0.4131 0.8145 0.3411 0.8147 0.3414 0.8178 0.3414 0.8178 0.3414 0.818 0.3411 0.8145 0.3411 0.6233 0.7276 0.623 0.7274 0.623 0.7309 0.623 0.7309 0.6233 0.7307 0.6233 0.7276 0.623 0.7309 0.626 0.7326 0.626 0.7323001 0.626 0.7323001 0.6233 0.7307 0.623 0.7309 0.7428 0.8221 0.7463 0.8221 0.7463 0.8195 0.7463 0.8195 0.7428 0.8195 0.7428 0.8221 0.6111 0.8265 0.6077 0.8265 0.6077 0.8291 0.6077 0.8291 0.6111 0.8291 0.6111 0.8265 0.7729 0.5496 0.7695 0.5496 0.7695 0.5521 0.7695 0.5521 0.7729 0.5521 0.7729 0.5496 0.7527 0.5872 0.7493 0.5872 0.7493 0.5898 0.7493 0.5898 0.7527 0.5898 0.7527 0.5872 0.8034 0.5544 0.7999 0.5544 0.7999 0.5569 0.7999 0.5569 0.8034 0.5569 0.8034 0.5544 0.818 0.3126 0.8145 0.3126 0.8145 0.3152 0.8145 0.3152 0.818 0.3152 0.818 0.3126 0.8849 0.4623 0.888 0.4623 0.8896 0.4596 0.8896 0.4596 0.8849 0.4569 0.8849 0.4623 0.8896 0.4596 0.888 0.4569 0.8849 0.4569 0.8833 0.4596 0.8849 0.4623 0.8849 0.4569 0.743 0.8192 0.7428 0.8195 0.7463 0.8195 0.7463 0.8195 0.7461 0.8192 0.743 0.8192 0.8882 0.4626 0.888 0.4623 0.8849 0.4623 0.8849 0.4623 0.8847 0.4626 0.8882 0.4626 0.7728 0.5524 0.7729 0.5521 0.7695 0.5521 0.7695 0.5521 0.7696 0.5524 0.7728 0.5524 0.7526 0.5901 0.7527 0.5898 0.7493 0.5898 0.7493 0.5898 0.7494 0.5901 0.7526 0.5901 0.8882 0.4566 0.8847 0.4566 0.8849 0.4569 0.8849 0.4569 0.888 0.4569 0.8882 0.4566 0.8178 0.3123 0.8147 0.3123 0.8145 0.3126 0.8145 0.3126 0.818 0.3126 0.8178 0.3123 0.6944 0.6345 0.6979 0.6345 0.6979 0.6319 0.6979 0.6319 0.6944 0.6319 0.6944 0.6345 0.8781 0.4458 0.8815 0.4456 0.8814 0.4431 0.8814 0.4431 0.878 0.4432 0.8781 0.4458 0.6572 0.2716 0.6538 0.2716 0.6538 0.2742 0.6538 0.2742 0.6572 0.2742 0.6572 0.2716 0.6572 0.2978 0.6538 0.2978 0.6538 0.3004 0.6538 0.3004 0.6572 0.3004 0.6572 0.2978 0.7949 0.7865 0.7915 0.7865 0.7915 0.7891 0.7915 0.7891 0.7949 0.7891 0.7949 0.7865 0.9039 0.5282 0.9005 0.5282 0.9005 0.5308 0.9005 0.5308 0.9039 0.5308 0.9039 0.5282 0.5794 0.2190999 0.5825 0.2190999 0.5841 0.2163 0.5841 0.2163 0.5794 0.2135999 0.5794 0.2190999 0.5841 0.2163 0.5825 0.2135999 0.5794 0.2135999 0.5778 0.2163 0.5794 0.2190999 0.5794 0.2135999 0.6979 0.6319 0.6977 0.6316 0.6946 0.6316 0.6946 0.6316 0.6944 0.6319 0.6979 0.6319 0.8814 0.4431 0.8813 0.4428 0.8781 0.4429 0.8781 0.4429 0.878 0.4432 0.8814 0.4431 0.6571 0.2745 0.6572 0.2742 0.6538 0.2742 0.6538 0.2742 0.654 0.2745 0.6571 0.2745 0.6572 0.3004 0.6538 0.3004 0.654 0.3006 0.654 0.3006 0.6571 0.3006 0.6572 0.3004 0.7948 0.7893 0.7949 0.7891 0.7915 0.7891 0.7915 0.7891 0.7916 0.7893 0.7948 0.7893 0.9038 0.5279 0.9006 0.5279 0.9005 0.5282 0.9005 0.5282 0.9039 0.5282 0.9038 0.5279 0.7695 0.594 0.7729 0.594 0.7729 0.5915001 0.7729 0.5915001 0.7695 0.5915001 0.7695 0.594 0.62 0.8833 0.6199 0.8798 0.6173 0.8799 0.6173 0.8799 0.6174 0.8834 0.62 0.8833 0.2391 0.002300024 0.2357 0.002300024 0.2357 0.004899978 0.2357 0.004899978 0.2391 0.004899978 0.2391 0.002300024 0.9098 0.611 0.9063 0.611 0.9063 0.6136 0.9063 0.6136 0.9098 0.6136 0.9098 0.611 0.6077 0.6399 0.6043 0.6399 0.6043 0.6425001 0.6043 0.6425001 0.6077 0.6425001 0.6077 0.6399 0.9176 0.9588 0.9141 0.9588 0.9141 0.9614 0.9141 0.9614 0.9176 0.9614 0.9176 0.9588 0.7852 0.7589 0.7852 0.7558 0.7825 0.7542 0.7825 0.7542 0.7798 0.7589 0.7852 0.7589 0.7825 0.7542 0.7798 0.7558 0.7798 0.7589 0.7825 0.7605 0.7852 0.7589 0.7798 0.7589 0.7696 0.5912 0.7695 0.5915001 0.7729 0.5915001 0.7729 0.5915001 0.7728 0.5912 0.7696 0.5912 0.7855 0.7556 0.7852 0.7558 0.7852 0.7589 0.7852 0.7589 0.7855 0.7591 0.7855 0.7556 0.239 0.005200028 0.2391 0.004899978 0.2357 0.004899978 0.2357 0.004899978 0.2358 0.005200028 0.239 0.005200028 0.9096 0.6139 0.9098 0.6136 0.9063 0.6136 0.9063 0.6136 0.9065 0.6139 0.9096 0.6139 0.7795 0.7556 0.7795 0.7591 0.7798 0.7589 0.7798 0.7589 0.7798 0.7558 0.7795 0.7556 0.9174 0.9585 0.9143 0.9585 0.9141 0.9588 0.9141 0.9588 0.9176 0.9588 0.9174 0.9585 0.7422 0.4761 0.7456 0.4761 0.7456 0.4735 0.7456 0.4735 0.7422 0.4735 0.7422 0.4761 0.7456 0.5091 0.7422 0.5091 0.7422 0.5117 0.7422 0.5117 0.7456 0.5117 0.7456 0.5091 0.792 0.3324 0.7885 0.3324 0.7885 0.335 0.7885 0.335 0.792 0.335 0.792 0.3324 0.6223 0.5134 0.6257 0.5134 0.6257 0.5108 0.6257 0.5108 0.6223 0.5108 0.6223 0.5134 0.9581 0.5 0.9547 0.5 0.9547 0.5026 0.9547 0.5026 0.9581 0.5026 0.9581 0.5 0.7527 0.5458 0.7493 0.5458 0.7493 0.5484001 0.7493 0.5484001 0.7527 0.5484001 0.7527 0.5458 0.8849 0.432 0.888 0.432 0.8896 0.4293 0.8896 0.4293 0.8849 0.4266 0.8849 0.432 0.8896 0.4293 0.888 0.4266 0.8849 0.4266 0.8833 0.4293 0.8849 0.432 0.8849 0.4266 0.7422 0.4735 0.7456 0.4735 0.7455 0.4732 0.7455 0.4732 0.7423 0.4732 0.7422 0.4735 0.7422 0.5117 0.7423 0.512 0.7455 0.512 0.7455 0.512 0.7456 0.5117 0.7422 0.5117 0.7885 0.335 0.7887 0.3353 0.7918 0.3353 0.7918 0.3353 0.792 0.335 0.7885 0.335 0.6256 0.5137 0.6257 0.5134 0.6223 0.5134 0.6223 0.5134 0.6224 0.5137 0.6256 0.5137 0.888 0.4266 0.8882 0.4263 0.8847 0.4263 0.8847 0.4263 0.8849 0.4266 0.888 0.4266 0.7494 0.5456 0.7493 0.5458 0.7527 0.5458 0.7527 0.5458 0.7526 0.5456 0.7494 0.5456 0.6297 0.7048 0.6332 0.7048 0.6332 0.7022 0.6332 0.7022 0.6297 0.7022 0.6297 0.7048 0.5964 0.6354 0.5999 0.6354 0.5999 0.6328 0.5999 0.6328 0.5964 0.6328 0.5964 0.6354 0.7374 0.8705 0.7339 0.8705 0.7339 0.8731 0.7339 0.8731 0.7374 0.8731 0.7374 0.8705 0.7699 0.3641 0.7665 0.3641 0.7665 0.3667 0.7665 0.3667 0.7699 0.3667 0.7699 0.3641 0.8034 0.596 0.7999 0.596 0.7999 0.5986 0.7999 0.5986 0.8034 0.5986 0.8034 0.596 0.8352 0.9059 0.8317 0.9059 0.8317 0.9085 0.8317 0.9085 0.8352 0.9085 0.8352 0.9059 0.8944 0.4739 0.8975 0.4739 0.899 0.4712 0.899 0.4712 0.8944 0.4685 0.8944 0.4739 0.899 0.4712 0.8975 0.4685 0.8944 0.4685 0.8928 0.4712 0.8944 0.4739 0.8944 0.4685 0.6299 0.7019 0.6297 0.7022 0.6332 0.7022 0.6332 0.7022 0.633 0.7019 0.6299 0.7019 0.8977 0.4742 0.8975 0.4739 0.8944 0.4739 0.8944 0.4739 0.8942 0.4742 0.8977 0.4742 0.7339 0.8731 0.7341 0.8733 0.7372 0.8733 0.7372 0.8733 0.7374 0.8731 0.7339 0.8731 0.7665 0.3667 0.7666 0.367 0.7697 0.367 0.7697 0.367 0.7699 0.3667 0.7665 0.3667 0.8975 0.4685 0.8977 0.4682 0.8942 0.4682 0.8942 0.4682 0.8944 0.4685 0.8975 0.4685 0.8319 0.9056 0.8317 0.9059 0.8352 0.9059 0.8352 0.9059 0.835 0.9056 0.8319 0.9056 0.7535 0.7175 0.7589 0.7175 0.7589 0.7133 0.7589 0.7133 0.7535 0.7133 0.7535 0.7175 0.7637 0.7133 0.7589 0.7133 0.7589 0.7175 0.7589 0.7175 0.7637 0.7175 0.7637 0.7133 0.6833 0.6304 0.6778 0.6304 0.6778 0.6345 0.6778 0.6345 0.6833 0.6345 0.6833 0.6304 0.6833 0.6345 0.6885 0.6345 0.6885 0.6304 0.6885 0.6304 0.6833 0.6304 0.6833 0.6345 0.6885 0.6345 0.6927 0.6345 0.6927 0.6304 0.6927 0.6304 0.6885 0.6304 0.6885 0.6345 0.01119995 6.99997e-4 0.005699992 6.99997e-4 0.005699992 0.004800021 0.005699992 0.004800021 0.01119995 0.004800021 0.01119995 6.99997e-4 0.005699992 6.99997e-4 5e-4 6.99997e-4 5e-4 0.004800021 5e-4 0.004800021 0.005699992 0.004800021 0.005699992 6.99997e-4 0.6384 0.1151999 0.6336 0.1151999 0.6336 0.1194 0.6336 0.1194 0.6384 0.1194 0.6384 0.1151999 0.6336 0.1151999 0.6282 0.1151999 0.6282 0.1194 0.6282 0.1194 0.6336 0.1194 0.6336 0.1151999 0.6282 0.1151999 0.6228 0.1151999 0.6228 0.1194 0.6228 0.1194 0.6282 0.1194 0.6282 0.1151999 0.6228 0.1151999 0.618 0.1151999 0.618 0.1194 0.618 0.1194 0.6228 0.1194 0.6228 0.1151999 0.8128 0.3405 0.8086 0.3405 0.8086 0.3446 0.8086 0.3446 0.8128 0.3446 0.8128 0.3405 0.8034 0.3446 0.8086 0.3446 0.8086 0.3405 0.8086 0.3405 0.8034 0.3405 0.8034 0.3446 0.8034 0.3405 0.7979 0.3405 0.7979 0.3446 0.7979 0.3446 0.8034 0.3446 0.8034 0.3405 0.7927 0.3446 0.7979 0.3446 0.7979 0.3405 0.7979 0.3405 0.7927 0.3405 0.7927 0.3446 0.7885 0.3446 0.7927 0.3446 0.7927 0.3405 0.7927 0.3405 0.7885 0.3405 0.7885 0.3446 0.7433 0.7175 0.7481 0.7175 0.7481 0.7133 0.7481 0.7133 0.7433 0.7133 0.7433 0.7175 0.7535 0.7133 0.7481 0.7133 0.7481 0.7175 0.7481 0.7175 0.7535 0.7175 0.7535 0.7133 0.8626 0.3993 0.8644 0.4023 0.867 0.4045 0.867 0.4045 0.8626 0.3924 0.8626 0.3993 0.867 0.4045 0.8703 0.4057 0.8738 0.4057 0.8738 0.4057 0.8797 0.4023 0.867 0.4045 0.8738 0.4057 0.877 0.4045 0.8797 0.4023 0.8814 0.3993 0.882 0.3958 0.8797 0.3894 0.8797 0.3894 0.8797 0.4023 0.8814 0.3993 0.882 0.3958 0.8814 0.3924 0.8797 0.3894 0.8738 0.386 0.867 0.3872 0.8797 0.3894 0.8797 0.3894 0.877 0.3872 0.8738 0.386 0.8738 0.386 0.8703 0.386 0.867 0.3872 0.867 0.4045 0.8797 0.4023 0.8797 0.3894 0.8797 0.3894 0.867 0.3872 0.867 0.4045 0.8644 0.3894 0.8626 0.3924 0.867 0.4045 0.867 0.4045 0.867 0.3872 0.8644 0.3894 0.862 0.3958 0.8626 0.3993 0.8626 0.3924 0.6138 0.7258 0.6147 0.7312 0.6161 0.7307 0.6161 0.7307 0.6152 0.7258 0.6138 0.7258 0.6147 0.7312 0.6175 0.736 0.6186 0.7351 0.6186 0.7351 0.6161 0.7307 0.6147 0.7312 0.6224 0.7383 0.6186 0.7351 0.6175 0.736 0.6175 0.736 0.6217 0.7395 0.6224 0.7383 0.6268 0.7414 0.6271 0.74 0.6224 0.7383 0.6224 0.7383 0.6217 0.7395 0.6268 0.7414 0.6271 0.74 0.6268 0.7414 0.6323 0.7414 0.6323 0.7414 0.6321 0.74 0.6271 0.74 0.6323 0.7414 0.6375 0.7395 0.6368 0.7383 0.6368 0.7383 0.6321 0.74 0.6323 0.7414 0.6417 0.736 0.6406 0.7351 0.6368 0.7383 0.6368 0.7383 0.6375 0.7395 0.6417 0.736 0.6445 0.7312 0.6431 0.7307 0.6406 0.7351 0.6406 0.7351 0.6417 0.736 0.6445 0.7312 0.6445 0.7312 0.6454 0.7258 0.644 0.7258 0.644 0.7258 0.6431 0.7307 0.6445 0.7312 0.644 0.7258 0.6454 0.7258 0.6445 0.7204 0.6445 0.7204 0.6431 0.7209 0.644 0.7258 0.6445 0.7204 0.6417 0.7156 0.6406 0.7166 0.6406 0.7166 0.6431 0.7209 0.6445 0.7204 0.6406 0.7166 0.6417 0.7156 0.6375 0.7121 0.6375 0.7121 0.6368 0.7134 0.6406 0.7166 0.6321 0.7117 0.6368 0.7134 0.6375 0.7121 0.6375 0.7121 0.6323 0.7102 0.6321 0.7117 0.6268 0.7102 0.6271 0.7117 0.6321 0.7117 0.6321 0.7117 0.6323 0.7102 0.6268 0.7102 0.6271 0.7117 0.6268 0.7102 0.6217 0.7121 0.6217 0.7121 0.6224 0.7134 0.6271 0.7117 0.6224 0.7134 0.6217 0.7121 0.6175 0.7156 0.6175 0.7156 0.6186 0.7166 0.6224 0.7134 0.6186 0.7166 0.6175 0.7156 0.6147 0.7204 0.6147 0.7204 0.6161 0.7209 0.6186 0.7166 0.6147 0.7204 0.6138 0.7258 0.6152 0.7258 0.6152 0.7258 0.6161 0.7209 0.6147 0.7204 0.9588 0.9699 0.9588 0.9676 0.9538 0.9676 0.9538 0.9676 0.9538 0.9699 0.9588 0.9699 0.9631 0.9676 0.9588 0.9676 0.9588 0.9699 0.9588 0.9699 0.9631 0.9699 0.9631 0.9676 0.7885 0.2856 0.7885 0.2878 0.7923 0.2878 0.7923 0.2878 0.7923 0.2856 0.7885 0.2856 0.797 0.2878 0.797 0.2856 0.7923 0.2856 0.7923 0.2856 0.7923 0.2878 0.797 0.2878 0.797 0.2856 0.797 0.2878 0.802 0.2878 0.802 0.2878 0.802 0.2856 0.797 0.2856 0.802 0.2856 0.802 0.2878 0.8067 0.2878 0.8067 0.2878 0.8067 0.2856 0.802 0.2856 0.8067 0.2856 0.8067 0.2878 0.8106 0.2878 0.8106 0.2878 0.8106 0.2856 0.8067 0.2856 0.7471 0.3503 0.7427 0.3503 0.7427 0.3526 0.7427 0.3526 0.7471 0.3526 0.7471 0.3503 0.7378 0.3526 0.7427 0.3526 0.7427 0.3503 0.7427 0.3503 0.7378 0.3503 0.7378 0.3526 0.7378 0.3503 0.7329 0.3503 0.7329 0.3526 0.7329 0.3526 0.7378 0.3526 0.7378 0.3503 0.7329 0.3503 0.7286 0.3503 0.7286 0.3526 0.7286 0.3526 0.7329 0.3526 0.7329 0.3503 0.7059 0.2282 0.7059 0.2258999 0.7009 0.2258999 0.7009 0.2258999 0.7009 0.2282 0.7059 0.2282 0.7009 0.2282 0.7009 0.2258999 0.6962 0.2258999 0.6962 0.2258999 0.6962 0.2282 0.7009 0.2282 0.6962 0.2258999 0.6923 0.2258999 0.6923 0.2282 0.6923 0.2282 0.6962 0.2282 0.6962 0.2258999 0.711 0.7159 0.7159 0.7159 0.7159 0.7136 0.7159 0.7136 0.711 0.7136 0.711 0.7159 0.7159 0.7159 0.7206 0.7159 0.7206 0.7136 0.7206 0.7136 0.7159 0.7136 0.7159 0.7159 0.9446 0.9676 0.9446 0.9699 0.9489 0.9699 0.9489 0.9699 0.9489 0.9676 0.9446 0.9676 0.9538 0.9676 0.9489 0.9676 0.9489 0.9699 0.9489 0.9699 0.9538 0.9699 0.9538 0.9676 0.7006 0.7102 0.7015 0.7151 0.7056 0.7136 0.7056 0.7136 0.705 0.7102 0.7006 0.7102 0.7056 0.7136 0.7015 0.7151 0.704 0.7194 0.704 0.7194 0.7074 0.7166 0.7056 0.7136 0.704 0.7194 0.7078 0.7226 0.71 0.7188 0.71 0.7188 0.7074 0.7166 0.704 0.7194 0.71 0.7188 0.7078 0.7226 0.7125 0.7244001 0.7125 0.7244001 0.7133 0.72 0.71 0.7188 0.7133 0.72 0.7125 0.7244001 0.7175 0.7244001 0.7175 0.7244001 0.7168 0.72 0.7133 0.72 0.7175 0.7244001 0.7222 0.7226 0.72 0.7188 0.72 0.7188 0.7168 0.72 0.7175 0.7244001 0.72 0.7188 0.7222 0.7226 0.726 0.7194 0.726 0.7194 0.7227 0.7166 0.72 0.7188 0.7285 0.7151 0.7244 0.7136 0.7227 0.7166 0.7227 0.7166 0.726 0.7194 0.7285 0.7151 0.7244 0.7136 0.7285 0.7151 0.7294 0.7102 0.7294 0.7102 0.725 0.7102 0.7244 0.7136 0.725 0.7102 0.7294 0.7102 0.7285 0.7053 0.7285 0.7053 0.7244 0.7068 0.725 0.7102 0.7285 0.7053 0.726 0.7009 0.7227 0.7038 0.7227 0.7038 0.7244 0.7068 0.7285 0.7053 0.7222 0.6977 0.72 0.7015 0.7227 0.7038 0.7227 0.7038 0.726 0.7009 0.7222 0.6977 0.72 0.7015 0.7222 0.6977 0.7175 0.696 0.7175 0.696 0.7168 0.7004 0.72 0.7015 0.7175 0.696 0.7125 0.696 0.7133 0.7004 0.7133 0.7004 0.7168 0.7004 0.7175 0.696 0.71 0.7015 0.7133 0.7004 0.7125 0.696 0.7125 0.696 0.7078 0.6977 0.71 0.7015 0.7078 0.6977 0.704 0.7009 0.7074 0.7038 0.7074 0.7038 0.71 0.7015 0.7078 0.6977 0.704 0.7009 0.7015 0.7053 0.7056 0.7068 0.7056 0.7068 0.7074 0.7038 0.704 0.7009 0.7006 0.7102 0.705 0.7102 0.7056 0.7068 0.7056 0.7068 0.7015 0.7053 0.7006 0.7102 0.7455 0.5496 0.7469 0.5496 0.7469 0.5461 0.7469 0.5461 0.7455 0.5461 0.7455 0.5496 0.7469 0.5431 0.7455 0.5431 0.7455 0.5461 0.7455 0.5461 0.7469 0.5461 0.7469 0.5431 0.6596 0.1261 0.6596 0.1274999 0.6623 0.1274999 0.6623 0.1274999 0.6623 0.1261 0.6596 0.1261 0.6623 0.1261 0.6623 0.1274999 0.6655 0.1274999 0.6655 0.1274999 0.6655 0.1261 0.6623 0.1261 0.669 0.1274999 0.669 0.1261 0.6655 0.1261 0.6655 0.1261 0.6655 0.1274999 0.669 0.1274999 0.6722 0.1274999 0.6722 0.1261 0.669 0.1261 0.669 0.1261 0.669 0.1274999 0.6722 0.1274999 0.6722 0.1261 0.6722 0.1274999 0.6749 0.1274999 0.6749 0.1274999 0.6749 0.1261 0.6722 0.1261 0.9104 0.9532 0.9104 0.9562 0.9118 0.9562 0.9118 0.9562 0.9118 0.9532 0.9104 0.9532 0.9104 0.9596 0.9118 0.9596 0.9118 0.9562 0.9118 0.9562 0.9104 0.9562 0.9104 0.9596 0.9104 0.9596 0.9104 0.963 0.9118 0.963 0.9118 0.963 0.9118 0.9596 0.9104 0.9596 0.9104 0.963 0.9104 0.966 0.9118 0.966 0.9118 0.966 0.9118 0.963 0.9104 0.963 0.7208 0.552 0.7173 0.552 0.7173 0.5534 0.7173 0.5534 0.7208 0.5534 0.7208 0.552 0.7173 0.5534 0.7173 0.552 0.714 0.552 0.714 0.552 0.714 0.5534 0.7173 0.5534 0.7114 0.5534 0.714 0.5534 0.714 0.552 0.714 0.552 0.7114 0.552 0.7114 0.5534 0.6219 0.8684 0.6219 0.865 0.6205 0.865 0.6205 0.865 0.6205 0.8684 0.6219 0.8684 0.6205 0.8684 0.6205 0.8717 0.6219 0.8717 0.6219 0.8717 0.6219 0.8684 0.6205 0.8684 0.7455 0.556 0.7469 0.556 0.7469 0.553 0.7469 0.553 0.7455 0.553 0.7455 0.556 0.7469 0.553 0.7469 0.5496 0.7455 0.5496 0.7455 0.5496 0.7455 0.553 0.7469 0.553 0.7451 0.5491001 0.7451 0.5459 0.7374 0.5459 0.7374 0.5459 0.7374 0.5491001 0.7451 0.5491001 0.7451 0.5459 0.7451 0.5431 0.7374 0.5431 0.7374 0.5431 0.7374 0.5459 0.7451 0.5459 0.6294 0.7341 0.6326 0.7341 0.6326 0.7265 0.6326 0.7265 0.6294 0.7265 0.6294 0.7341 0.6326 0.7341 0.6356 0.7341 0.6356 0.7265 0.6356 0.7265 0.6326 0.7265 0.6326 0.7341 0.638 0.7341 0.638 0.7265 0.6356 0.7265 0.6356 0.7265 0.6356 0.7341 0.638 0.7341 0.5772 0.6371 0.5848 0.6371 0.5848 0.6339 0.5848 0.6339 0.5772 0.6339 0.5772 0.6371 0.5848 0.6401 0.5848 0.6371 0.5772 0.6371 0.5772 0.6371 0.5772 0.6401 0.5848 0.6401 0.9095 0.9532 0.9019 0.9532 0.9019 0.9559 0.9019 0.9559 0.9095 0.9559 0.9095 0.9532 0.9019 0.9591 0.9095 0.9591 0.9095 0.9559 0.9095 0.9559 0.9019 0.9559 0.9019 0.9591 0.9019 0.9591 0.9019 0.9622 0.9095 0.9622 0.9095 0.9622 0.9095 0.9591 0.9019 0.9591 0.9019 0.9622 0.9019 0.965 0.9095 0.965 0.9095 0.965 0.9095 0.9622 0.9019 0.9622 0.6412 0.8694 0.6387 0.8694 0.6387 0.877 0.6387 0.877 0.6412 0.877 0.6412 0.8694 0.6387 0.8694 0.6357 0.8694 0.6357 0.877 0.6357 0.877 0.6387 0.877 0.6387 0.8694 0.6357 0.877 0.6357 0.8694 0.6325 0.8694 0.6325 0.8694 0.6325 0.877 0.6357 0.877 0.6295 0.877 0.6325 0.877 0.6325 0.8694 0.6325 0.8694 0.6295 0.8694 0.6295 0.877 0.6295 0.877 0.6295 0.8694 0.627 0.8694 0.627 0.8694 0.627 0.877 0.6295 0.877 0.7451 0.555 0.7451 0.5522 0.7374 0.5522 0.7374 0.5522 0.7374 0.555 0.7451 0.555 0.7374 0.5491001 0.7374 0.5522 0.7451 0.5522 0.7451 0.5522 0.7451 0.5491001 0.7374 0.5491001 0.6252 0.1617 0.6257 0.1625999 0.6265 0.1632 0.6265 0.1632 0.6252 0.1597999 0.6252 0.1617 0.6274 0.1635 0.6284 0.1635 0.63 0.1625999 0.63 0.1625999 0.6265 0.1632 0.6274 0.1635 0.6284 0.1635 0.6293 0.1632 0.63 0.1625999 0.6305 0.1617 0.6307 0.1607999 0.63 0.1589 0.63 0.1589 0.63 0.1625999 0.6305 0.1617 0.6307 0.1607999 0.6305 0.1597999 0.63 0.1589 0.6293 0.1582999 0.6284 0.1579999 0.6265 0.1582999 0.6265 0.1582999 0.63 0.1589 0.6293 0.1582999 0.6284 0.1579999 0.6274 0.1579999 0.6265 0.1582999 0.63 0.1589 0.6265 0.1582999 0.6265 0.1632 0.6265 0.1632 0.63 0.1625999 0.63 0.1589 0.6257 0.1589 0.6252 0.1597999 0.6265 0.1632 0.6265 0.1632 0.6265 0.1582999 0.6257 0.1589 0.625 0.1607999 0.6252 0.1617 0.6252 0.1597999 0.8919 0.9682 0.8919 0.9696 0.8939 0.9696 0.8939 0.9696 0.8939 0.9682 0.8919 0.9682 0.6266 0.8731 0.624 0.8731 0.624 0.875 0.624 0.875 0.6266 0.875 0.6266 0.8731 0.8956 0.9682 0.8939 0.9682 0.8939 0.9696 0.8939 0.9696 0.8956 0.9696 0.8956 0.9682 0.624 0.875 0.624 0.8768 0.6266 0.8768 0.6266 0.8768 0.6266 0.875 0.624 0.875 0.7188 0.7101 0.7201 0.7101 0.7201 0.7081 0.7201 0.7081 0.7188 0.7081 0.7188 0.7101 0.9067 0.9488 0.9067 0.9514 0.9087 0.9514 0.9087 0.9514 0.9087 0.9488 0.9067 0.9488 0.7201 0.7062 0.7188 0.7062 0.7188 0.7081 0.7188 0.7081 0.7201 0.7081 0.7201 0.7062 0.9106 0.9514 0.9106 0.9488 0.9087 0.9488 0.9087 0.9488 0.9087 0.9514 0.9106 0.9514 0.7201 0.7062 0.7201 0.7047 0.7188 0.7047 0.7188 0.7047 0.7188 0.7062 0.7201 0.7062 0.9121 0.9488 0.9106 0.9488 0.9106 0.9514 0.9106 0.9514 0.9121 0.9514 0.9121 0.9488 0.728 0.6979 0.728 0.6999 0.7294 0.6999 0.7294 0.6999 0.7294 0.6979 0.728 0.6979 0.6459 0.8817 0.6459 0.8837 0.6486 0.8837 0.6486 0.8837 0.6486 0.8817 0.6459 0.8817 0.7294 0.6979 0.7294 0.696 0.728 0.696 0.728 0.696 0.728 0.6979 0.7294 0.6979 0.6459 0.8817 0.6486 0.8817 0.6486 0.8798 0.6486 0.8798 0.6459 0.8798 0.6459 0.8817 0.5852 0.6451 0.5852 0.6437 0.5835 0.6437 0.5835 0.6437 0.5835 0.6451 0.5852 0.6451 0.6235 0.7232 0.6208 0.7232 0.6208 0.7249 0.6208 0.7249 0.6235 0.7249 0.6235 0.7232 0.5815 0.6451 0.5835 0.6451 0.5835 0.6437 0.5835 0.6437 0.5815 0.6437 0.5815 0.6451 0.6208 0.7232 0.6235 0.7232 0.6235 0.7212 0.6235 0.7212 0.6208 0.7212 0.6208 0.7232 0.5795 0.6451 0.5815 0.6451 0.5815 0.6437 0.5815 0.6437 0.5795 0.6437 0.5795 0.6451 0.6208 0.7192 0.6208 0.7212 0.6235 0.7212 0.6235 0.7212 0.6235 0.7192 0.6208 0.7192 0.5778 0.6451 0.5795 0.6451 0.5795 0.6437 0.5795 0.6437 0.5778 0.6437 0.5778 0.6451 0.6208 0.7175 0.6208 0.7192 0.6235 0.7192 0.6235 0.7192 0.6235 0.7175 0.6208 0.7175 0.5848 0.6422 0.5864 0.6422 0.5864 0.6408 0.5864 0.6408 0.5848 0.6408 0.5848 0.6422 0.7292 0.6876 0.7307 0.6876 0.7307 0.6849 0.7307 0.6849 0.7292 0.6849 0.7292 0.6876 0.583 0.6422 0.5848 0.6422 0.5848 0.6408 0.5848 0.6408 0.583 0.6408 0.583 0.6422 0.7273 0.6876 0.7292 0.6876 0.7292 0.6849 0.7292 0.6849 0.7273 0.6849 0.7273 0.6876 0.581 0.6422 0.583 0.6422 0.583 0.6408 0.583 0.6408 0.581 0.6408 0.581 0.6422 0.7253 0.6876 0.7273 0.6876 0.7273 0.6849 0.7273 0.6849 0.7253 0.6849 0.7253 0.6876 0.5791 0.6422 0.581 0.6422 0.581 0.6408 0.581 0.6408 0.5791 0.6408 0.5791 0.6422 0.7234 0.6876 0.7253 0.6876 0.7253 0.6849 0.7253 0.6849 0.7234 0.6849 0.7234 0.6876 0.5776 0.6422 0.5791 0.6422 0.5791 0.6408 0.5791 0.6408 0.5776 0.6408 0.5776 0.6422 0.7219 0.6876 0.7234 0.6876 0.7234 0.6849 0.7234 0.6849 0.7219 0.6849 0.7219 0.6876 0.8899 0.9682 0.8882 0.9682 0.8882 0.9696 0.8882 0.9696 0.8899 0.9696 0.8899 0.9682 0.6266 0.8711 0.6266 0.8694 0.624 0.8694 0.624 0.8694 0.624 0.8711 0.6266 0.8711 0.8899 0.9696 0.8919 0.9696 0.8919 0.9682 0.8919 0.9682 0.8899 0.9682 0.8899 0.9696 0.624 0.8731 0.6266 0.8731 0.6266 0.8711 0.6266 0.8711 0.624 0.8711 0.624 0.8731 0.777 0.7593 0.7766 0.7573 0.7749 0.7573 0.7749 0.7573 0.7754 0.7598 0.777 0.7593 0.7754 0.7547 0.7749 0.7573 0.7766 0.7573 0.7766 0.7573 0.777 0.7553 0.7754 0.7547 0.7754 0.7547 0.777 0.7553 0.778 0.7536 0.778 0.7536 0.7767 0.7525 0.7754 0.7547 0.7787 0.7508 0.7767 0.7525 0.778 0.7536 0.778 0.7536 0.7795 0.7523 0.7787 0.7508 0.7811 0.7499 0.7787 0.7508 0.7795 0.7523 0.7795 0.7523 0.7814 0.7516 0.7811 0.7499 0.7814 0.7516 0.7834 0.7516 0.7837 0.7499 0.7837 0.7499 0.7811 0.7499 0.7814 0.7516 0.7861 0.7508 0.7837 0.7499 0.7834 0.7516 0.7834 0.7516 0.7853 0.7523 0.7861 0.7508 0.7881 0.7525 0.7861 0.7508 0.7853 0.7523 0.7853 0.7523 0.7868 0.7536 0.7881 0.7525 0.7881 0.7525 0.7868 0.7536 0.7878 0.7553 0.7878 0.7553 0.7894 0.7547 0.7881 0.7525 0.7899 0.7573 0.7894 0.7547 0.7878 0.7553 0.7878 0.7553 0.7882 0.7573 0.7899 0.7573 0.7894 0.7598 0.7899 0.7573 0.7882 0.7573 0.7882 0.7573 0.7878 0.7593 0.7894 0.7598 0.7881 0.7621 0.7894 0.7598 0.7878 0.7593 0.7878 0.7593 0.7868 0.761 0.7881 0.7621 0.7881 0.7621 0.7868 0.761 0.7853 0.7623 0.7853 0.7623 0.7861 0.7638 0.7881 0.7621 0.7834 0.763 0.7837 0.7647 0.7861 0.7638 0.7861 0.7638 0.7853 0.7623 0.7834 0.763 0.7811 0.7647 0.7837 0.7647 0.7834 0.763 0.7834 0.763 0.7814 0.763 0.7811 0.7647 0.7787 0.7638 0.7811 0.7647 0.7814 0.763 0.7814 0.763 0.7795 0.7623 0.7787 0.7638 0.7767 0.7621 0.7787 0.7638 0.7795 0.7623 0.7795 0.7623 0.778 0.761 0.7767 0.7621 0.778 0.761 0.777 0.7593 0.7754 0.7598 0.7754 0.7598 0.7767 0.7621 0.778 0.761 0.7749 0.7573 0.7738 0.7573 0.7743 0.7602 0.7743 0.7602 0.7754 0.7598 0.7749 0.7573 0.7743 0.7543 0.7738 0.7573 0.7749 0.7573 0.7749 0.7573 0.7754 0.7547 0.7743 0.7543 0.7758 0.7517 0.7743 0.7543 0.7754 0.7547 0.7754 0.7547 0.7767 0.7525 0.7758 0.7517 0.7787 0.7508 0.7781 0.7498 0.7758 0.7517 0.7758 0.7517 0.7767 0.7525 0.7787 0.7508 0.7781 0.7498 0.7787 0.7508 0.7811 0.7499 0.7811 0.7499 0.7809 0.7488 0.7781 0.7498 0.7837 0.7499 0.7839 0.7488 0.7809 0.7488 0.7809 0.7488 0.7811 0.7499 0.7837 0.7499 0.7839 0.7488 0.7837 0.7499 0.7861 0.7508 0.7861 0.7508 0.7867 0.7498 0.7839 0.7488 0.7861 0.7508 0.7881 0.7525 0.789 0.7517 0.789 0.7517 0.7867 0.7498 0.7861 0.7508 0.789 0.7517 0.7881 0.7525 0.7894 0.7547 0.7894 0.7547 0.7905 0.7543 0.789 0.7517 0.791 0.7573 0.7905 0.7543 0.7894 0.7547 0.7894 0.7547 0.7899 0.7573 0.791 0.7573 0.7905 0.7602 0.791 0.7573 0.7899 0.7573 0.7899 0.7573 0.7894 0.7598 0.7905 0.7602 0.789 0.7628 0.7905 0.7602 0.7894 0.7598 0.7894 0.7598 0.7881 0.7621 0.789 0.7628 0.7861 0.7638 0.7867 0.7648 0.789 0.7628 0.789 0.7628 0.7881 0.7621 0.7861 0.7638 0.7839 0.7658 0.7867 0.7648 0.7861 0.7638 0.7861 0.7638 0.7837 0.7647 0.7839 0.7658 0.7839 0.7658 0.7837 0.7647 0.7811 0.7647 0.7811 0.7647 0.7809 0.7658 0.7839 0.7658 0.7811 0.7647 0.7787 0.7638 0.7781 0.7648 0.7781 0.7648 0.7809 0.7658 0.7811 0.7647 0.7758 0.7628 0.7781 0.7648 0.7787 0.7638 0.7787 0.7638 0.7767 0.7621 0.7758 0.7628 0.7758 0.7628 0.7767 0.7621 0.7754 0.7598 0.7754 0.7598 0.7743 0.7602 0.7758 0.7628 0.8878 0.9616 0.8874 0.9596 0.8847 0.9606 0.8847 0.9606 0.8848 0.9616 0.8878 0.9616 0.8874 0.9596 0.8864 0.9579 0.8842 0.9598 0.8842 0.9598 0.8847 0.9606 0.8874 0.9596 0.8842 0.9598 0.8864 0.9579 0.8849 0.9566 0.8849 0.9566 0.8834 0.9591 0.8842 0.9598 0.883 0.9559 0.8825 0.9588 0.8834 0.9591 0.8834 0.9591 0.8849 0.9566 0.883 0.9559 0.8825 0.9588 0.883 0.9559 0.881 0.9559 0.881 0.9559 0.8815 0.9588 0.8825 0.9588 0.8806 0.9591 0.8815 0.9588 0.881 0.9559 0.881 0.9559 0.8791 0.9566 0.8806 0.9591 0.8798 0.9598 0.8806 0.9591 0.8791 0.9566 0.8791 0.9566 0.8776 0.9579 0.8798 0.9598 0.8766 0.9596 0.8793 0.9606 0.8798 0.9598 0.8798 0.9598 0.8776 0.9579 0.8766 0.9596 0.8763 0.9616 0.8792 0.9616 0.8793 0.9606 0.8793 0.9606 0.8766 0.9596 0.8763 0.9616 0.8766 0.9635 0.8793 0.9625 0.8792 0.9616 0.8792 0.9616 0.8763 0.9616 0.8766 0.9635 0.8776 0.9653 0.8798 0.9634 0.8793 0.9625 0.8793 0.9625 0.8766 0.9635 0.8776 0.9653 0.8791 0.9666 0.8806 0.964 0.8798 0.9634 0.8798 0.9634 0.8776 0.9653 0.8791 0.9666 0.881 0.9672 0.8815 0.9644 0.8806 0.964 0.8806 0.964 0.8791 0.9666 0.881 0.9672 0.883 0.9672 0.8825 0.9644 0.8815 0.9644 0.8815 0.9644 0.881 0.9672 0.883 0.9672 0.8849 0.9666 0.8834 0.964 0.8825 0.9644 0.8825 0.9644 0.883 0.9672 0.8849 0.9666 0.8864 0.9653 0.8842 0.9634 0.8834 0.964 0.8834 0.964 0.8849 0.9666 0.8864 0.9653 0.8874 0.9635 0.8847 0.9625 0.8842 0.9634 0.8842 0.9634 0.8864 0.9653 0.8874 0.9635 0.8878 0.9616 0.8848 0.9616 0.8847 0.9625 0.8847 0.9625 0.8874 0.9635 0.8878 0.9616 0.7325 0.7146 0.7335 0.7146 0.7335 0.7117 0.7335 0.7117 0.7325 0.7117 0.7325 0.7146 0.7335 0.7117 0.7335 0.7146 0.7343 0.7146 0.7343 0.7146 0.7343 0.7117 0.7335 0.7117 0.6287 0.7121 0.6287 0.7129001 0.6316 0.7129001 0.6316 0.7129001 0.6316 0.7121 0.6287 0.7121 0.6316 0.7129001 0.6287 0.7129001 0.6287 0.7138 0.6287 0.7138 0.6316 0.7138 0.6316 0.7129001 0.6316 0.7138 0.6287 0.7138 0.6287 0.7148 0.6287 0.7148 0.6316 0.7148 0.6316 0.7138 0.6287 0.7148 0.6287 0.7157 0.6316 0.7157 0.6316 0.7157 0.6316 0.7148 0.6287 0.7148 0.6316 0.7165001 0.6316 0.7157 0.6287 0.7157 0.6287 0.7157 0.6287 0.7165001 0.6316 0.7165001 0.649 0.8396 0.6481 0.8396 0.6481 0.8425 0.6481 0.8425 0.649 0.8425 0.649 0.8396 0.6472 0.8425 0.6481 0.8425 0.6481 0.8396 0.6481 0.8396 0.6472 0.8396 0.6472 0.8425 0.6472 0.8396 0.6462 0.8396 0.6462 0.8425 0.6462 0.8425 0.6472 0.8425 0.6472 0.8396 0.6453 0.8425 0.6462 0.8425 0.6462 0.8396 0.6462 0.8396 0.6453 0.8396 0.6453 0.8425 0.6988 0.6754 0.6959 0.6754 0.6959 0.6764 0.6959 0.6764 0.6988 0.6764 0.6988 0.6754 0.6959 0.6745 0.6959 0.6754 0.6988 0.6754 0.6988 0.6754 0.6988 0.6745 0.6959 0.6745 0.6988 0.6737 0.6959 0.6737 0.6959 0.6745 0.6959 0.6745 0.6988 0.6745 0.6988 0.6737 0.7025 0.7228 0.7025 0.7199 0.7015 0.7199 0.7015 0.7199 0.7015 0.7228 0.7025 0.7228 0.7025 0.7228 0.7034 0.7228 0.7034 0.7199 0.7034 0.7199 0.7025 0.7199 0.7025 0.7228 0.7307 0.7117 0.7307 0.7146 0.7315 0.7146 0.7315 0.7146 0.7315 0.7117 0.7307 0.7117 0.7315 0.7146 0.7325 0.7146 0.7325 0.7117 0.7325 0.7117 0.7315 0.7117 0.7315 0.7146 0.7374 0.5491001 0.7374 0.5459 0.737 0.546 0.737 0.546 0.737 0.5491001 0.7374 0.5491001 0.737 0.5491001 0.737 0.5522 0.7374 0.5522 0.7374 0.5522 0.7374 0.5491001 0.737 0.5491001 0.7374 0.5522 0.737 0.5522 0.737 0.5549 0.737 0.5549 0.7374 0.555 0.7374 0.5522 0.6272 0.8775 0.6296 0.8775 0.6295 0.877 0.6295 0.877 0.627 0.877 0.6272 0.8775 0.6296 0.8775 0.6325 0.8775 0.6325 0.877 0.6325 0.877 0.6295 0.877 0.6296 0.8775 0.6325 0.877 0.6325 0.8775 0.6357 0.8775 0.6357 0.8775 0.6357 0.877 0.6325 0.877 0.6386 0.8775 0.6387 0.877 0.6357 0.877 0.6357 0.877 0.6357 0.8775 0.6386 0.8775 0.6387 0.877 0.6386 0.8775 0.6411 0.8775 0.6411 0.8775 0.6412 0.877 0.6387 0.877 0.91 0.9622 0.9095 0.9622 0.9095 0.965 0.9095 0.965 0.91 0.9649 0.91 0.9622 0.9095 0.9622 0.91 0.9622 0.91 0.9591 0.91 0.9591 0.9095 0.9591 0.9095 0.9622 0.91 0.9591 0.91 0.956 0.9095 0.9559 0.9095 0.9559 0.9095 0.9591 0.91 0.9591 0.9095 0.9559 0.91 0.956 0.91 0.9533 0.91 0.9533 0.9095 0.9532 0.9095 0.9559 0.5848 0.6401 0.5853 0.64 0.5853 0.637 0.5853 0.637 0.5848 0.6371 0.5848 0.6401 0.5853 0.6339 0.5848 0.6339 0.5848 0.6371 0.5848 0.6371 0.5853 0.637 0.5853 0.6339 0.6356 0.7265 0.638 0.7265 0.6379 0.726 0.6379 0.726 0.6355 0.726 0.6356 0.7265 0.6326 0.726 0.6326 0.7265 0.6356 0.7265 0.6356 0.7265 0.6355 0.726 0.6326 0.726 0.6326 0.7265 0.6326 0.726 0.6294 0.726 0.6294 0.726 0.6294 0.7265 0.6326 0.7265 0.737 0.5432 0.737 0.546 0.7374 0.5459 0.7374 0.5459 0.7374 0.5431 0.737 0.5432 0.7738 0.7573 0.7733 0.7573 0.7739 0.7604 0.7739 0.7604 0.7743 0.7602 0.7738 0.7573 0.7738 0.7573 0.7743 0.7543 0.7739 0.7542 0.7739 0.7542 0.7733 0.7573 0.7738 0.7573 0.7743 0.7543 0.7758 0.7517 0.7755 0.7515 0.7755 0.7515 0.7739 0.7542 0.7743 0.7543 0.7758 0.7517 0.7781 0.7498 0.7779 0.7494 0.7779 0.7494 0.7755 0.7515 0.7758 0.7517 0.7781 0.7498 0.7809 0.7488 0.7808 0.7484 0.7808 0.7484 0.7779 0.7494 0.7781 0.7498 0.7809 0.7488 0.7839 0.7488 0.784 0.7484 0.784 0.7484 0.7808 0.7484 0.7809 0.7488 0.7839 0.7488 0.7867 0.7498 0.7869 0.7494 0.7869 0.7494 0.784 0.7484 0.7839 0.7488 0.7867 0.7498 0.789 0.7517 0.7894 0.7515 0.7894 0.7515 0.7869 0.7494 0.7867 0.7498 0.789 0.7517 0.7905 0.7543 0.7909 0.7542 0.7909 0.7542 0.7894 0.7515 0.789 0.7517 0.7905 0.7543 0.791 0.7573 0.7915 0.7573 0.7915 0.7573 0.7909 0.7542 0.7905 0.7543 0.791 0.7573 0.7905 0.7602 0.7909 0.7604 0.7909 0.7604 0.7915 0.7573 0.791 0.7573 0.7905 0.7602 0.789 0.7628 0.7894 0.7631 0.7894 0.7631 0.7909 0.7604 0.7905 0.7602 0.789 0.7628 0.7867 0.7648 0.7869 0.7651 0.7869 0.7651 0.7894 0.7631 0.789 0.7628 0.7867 0.7648 0.7839 0.7658 0.784 0.7662 0.784 0.7662 0.7869 0.7651 0.7867 0.7648 0.7839 0.7658 0.7809 0.7658 0.7808 0.7662 0.7808 0.7662 0.784 0.7662 0.7839 0.7658 0.7808 0.7662 0.7809 0.7658 0.7781 0.7648 0.7781 0.7648 0.7779 0.7651 0.7808 0.7662 0.7758 0.7628 0.7755 0.7631 0.7779 0.7651 0.7779 0.7651 0.7781 0.7648 0.7758 0.7628 0.7758 0.7628 0.7743 0.7602 0.7739 0.7604 0.7739 0.7604 0.7755 0.7631 0.7758 0.7628 0.006299972 0.2282 0.4325551 0.2282 0.4325321 0.2281025 0.001899957 0.2267 0.4325357 0.2278354 0.4325516 0.2273995 0.1789 0.03320002 0.6051551 0.03320002 0.6051551 0.0326367 0.5765 0.3425 0.1445 0.3425 0.1445 0.343025 5e-4 0.1635 0.4325 0.1635 0.4325 0.1599 0.7506 0.02289998 0.3185999 0.02289998 0.3185999 0.02347499 0.1445 0.3198 0.1445 0.3257631 0.1445 0.336825 5e-4 0.2684 0.4325 0.2684 0.4325 0.262725 0.5765 0.1974999 0.1445 0.1974999 0.1445 0.201125 0.6064631 0.01402574 0.606463 0.0144 0.175 0.0144 0.576 0.1067 0.5765 0.09539997 0.1445 0.09539997 0.001099944 0.083 0.432563 0.083 0.432546 0.08295011 5e-4 0.08240002 0.4325571 0.08285045 0.432557 0.08053243 0.576 0.06319999 0.1445369 0.06319999 0.1445289 0.06322491 0.001099944 0.03500002 5e-4 0.04220002 0.4325 0.04220002 0.4325454 0.226794 5e-4 0.2224 9e-4 0.2249 0.4325 0.215575 0.4325 0.2132999 5e-4 0.2132999 0.144518 0.06334954 0.5765 0.06379997 0.5764 0.06330001 0.1445 0.06979995 0.1445 0.07179999 0.5765 0.07179999 0.6064631 0.0104742 0.606463 0.0101 0.175 0.0101 0.1445 0.12585 0.1445151 0.1290646 0.5708 0.1334 0.4325 0.262725 0.4325 0.2539389 0.4325 0.2457 0.4325357 0.2278354 0.001899957 0.2267 0.003699958 0.2278 0.4325571 0.08285045 5e-4 0.08240002 6e-4 0.08279997 0.1445 0.336825 0.1445 0.3425 0.5765 0.3425</float_array>
          <technique_common>
            <accessor source="#Conveyor01Frame02_Conveyor_0_007-mesh-map-0-array" count="13128" stride="2">
              <param name="S" type="float"/>
              <param name="T" type="float"/>
            </accessor>
          </technique_common>
        </source>
        <vertices id="Conveyor01Frame02_Conveyor_0_007-mesh-vertices">
          <input semantic="POSITION" source="#Conveyor01Frame02_Conveyor_0_007-mesh-positions"/>
        </vertices>
        <lines count="7">
          <input semantic="VERTEX" source="#Conveyor01Frame02_Conveyor_0_007-mesh-vertices" offset="0"/>
          <p>1827 1812 1821 1830 1868 1847 1852 1846 1853 1849 1814 1822 1821 1815</p>
        </lines>
        <triangles material="Material_002-material" count="4376">
          <input semantic="VERTEX" source="#Conveyor01Frame02_Conveyor_0_007-mesh-vertices" offset="0"/>
          <input semantic="NORMAL" source="#Conveyor01Frame02_Conveyor_0_007-mesh-normals" offset="1"/>
          <input semantic="TEXCOORD" source="#Conveyor01Frame02_Conveyor_0_007-mesh-map-0" offset="2" set="0"/>
          <p>1 0 0 1820 0 1 1821 0 2 3 1 3 1835 1 4 2 1 5 4 0 6 1840 0 7 5 0 8 7 2 9 1838 3 10 6 4 11 8 5 12 9 5 13 10 5 14 10 5 15 11 5 16 8 5 17 12 6 18 10 6 19 9 6 20 9 5 21 13 5 22 12 5 23 9 7 24 1815 7 25 1816 7 26 13 8 27 1817 8 28 1829 8 29 13 9 30 1831 9 31 1832 9 32 15 5 33 1824 5 34 14 5 35 16 10 36 17 10 37 18 10 38 18 10 39 19 10 40 16 10 41 20 10 42 16 10 43 19 10 44 22 11 45 1826 11 46 21 11 47 24 12 48 1845 12 49 23 12 50 1843 5 51 1813 5 52 25 5 53 27 0 54 1811 0 55 26 0 56 28 10 57 17 10 58 16 10 59 16 10 60 29 10 61 28 10 62 30 13 63 31 14 64 32 15 65 32 15 66 33 16 67 30 13 68 32 15 69 34 17 70 35 18 71 35 18 72 33 16 73 32 15 74 36 19 75 37 20 76 38 21 77 38 21 78 39 22 79 36 19 80 7 2 81 6 4 82 38 21 83 38 21 84 37 20 85 7 2 86 30 13 87 20 10 88 19 10 89 19 10 90 31 14 91 30 13 92 41 12 93 1819 12 94 40 12 95 1866 5 96 43 5 97 42 5 98 45 23 99 1867 11 100 1862 11 101 46 24 102 47 24 103 48 24 104 48 5 105 49 5 106 46 5 107 46 25 108 1852 25 109 1853 25 110 52 26 111 1869 26 112 51 26 113 50 0 114 1859 0 115 53 0 116 54 10 117 55 27 118 56 28 119 56 28 120 57 10 121 54 10 122 60 29 123 1864 29 124 59 29 125 58 30 126 1860 30 127 1851 30 128 58 12 129 1841 12 130 1842 12 131 62 31 132 1849 31 133 1850 31 134 64 11 135 65 11 136 63 11 137 63 32 138 62 32 139 64 32 140 66 33 141 67 34 142 68 35 143 68 35 144 69 36 145 66 33 146 43 37 147 42 37 148 70 37 149 70 38 150 43 38 151 71 38 152 45 23 153 44 39 154 72 40 155 72 40 156 73 41 157 45 23 158 56 28 159 55 27 160 74 42 161 74 42 162 75 43 163 56 28 164 54 10 165 57 10 166 66 33 167 66 33 168 69 36 169 54 10 170 76 44 171 77 45 172 78 46 173 78 46 174 79 47 175 76 44 176 77 45 177 80 48 178 81 49 179 81 49 180 78 46 181 77 45 182 82 50 183 83 51 184 84 52 185 84 52 186 85 53 187 82 50 188 85 53 189 84 52 190 86 54 191 86 54 192 87 55 193 85 53 194 87 55 195 86 54 196 88 56 197 88 56 198 89 57 199 87 55 200 89 57 201 88 56 202 90 58 203 90 58 204 91 59 205 89 57 206 91 59 207 90 58 208 92 60 209 92 60 210 93 61 211 91 59 212 94 62 213 95 63 214 96 64 215 96 64 216 97 65 217 94 62 218 97 65 219 96 64 220 98 66 221 98 66 222 99 67 223 97 65 224 99 67 225 98 66 226 100 68 227 100 68 228 101 69 229 99 67 230 101 69 231 100 68 232 102 70 233 102 70 234 103 71 235 101 69 236 104 72 237 105 73 238 106 74 239 106 74 240 107 75 241 104 72 242 107 75 243 106 74 244 108 76 245 108 76 246 109 77 247 107 75 248 109 77 249 108 76 250 110 78 251 110 78 252 111 79 253 109 77 254 111 79 255 110 78 256 112 80 257 112 80 258 113 81 259 111 79 260 113 81 261 112 80 262 114 82 263 114 82 264 115 83 265 113 81 266 116 84 267 117 85 268 118 86 269 118 86 270 119 87 271 116 84 272 76 44 273 79 47 274 116 84 275 116 84 276 119 87 277 76 44 278 120 11 279 121 11 280 122 11 281 122 11 282 123 11 283 120 11 284 122 11 285 124 11 286 125 11 287 125 11 288 126 11 289 122 11 290 125 88 291 127 88 292 126 88 293 126 89 294 128 89 295 129 89 296 129 11 297 130 11 298 126 11 299 129 90 300 131 90 301 130 90 302 130 91 303 132 91 304 133 91 305 133 11 306 134 11 307 130 11 308 133 11 309 135 11 310 134 11 311 122 11 312 126 11 313 130 11 314 130 11 315 134 11 316 122 11 317 123 11 318 122 11 319 134 11 320 134 11 321 136 11 322 123 11 323 137 11 324 120 11 325 123 11 326 138 11 327 139 11 328 140 11 329 140 92 330 141 92 331 138 92 332 142 11 333 143 11 334 141 11 335 141 93 336 140 93 337 142 93 338 144 11 339 143 11 340 142 11 341 142 94 342 145 94 343 144 94 344 145 95 345 146 95 346 147 95 347 147 96 348 144 96 349 145 96 350 147 11 351 146 11 352 148 11 353 148 11 354 149 11 355 147 11 356 149 11 357 148 11 358 150 11 359 150 97 360 151 97 361 149 97 362 152 98 363 151 98 364 150 98 365 150 11 366 153 11 367 152 11 368 152 99 369 153 99 370 154 99 371 154 100 372 155 100 373 152 100 374 155 101 375 154 101 376 156 101 377 156 102 378 157 102 379 155 102 380 157 11 381 156 11 382 158 11 383 158 103 384 159 103 385 157 103 386 159 11 387 158 11 388 160 11 389 160 11 390 161 11 391 159 11 392 161 11 393 160 11 394 162 11 395 162 11 396 163 11 397 161 11 398 163 11 399 162 11 400 164 11 401 164 104 402 165 104 403 163 104 404 165 11 405 164 11 406 166 11 407 166 11 408 167 11 409 165 11 410 167 105 411 166 105 412 168 105 413 168 106 414 169 106 415 167 106 416 169 11 417 168 11 418 170 11 419 170 11 420 171 11 421 169 11 422 172 107 423 173 107 424 171 107 425 171 11 426 170 11 427 172 11 428 138 108 429 173 108 430 172 108 431 172 11 432 139 11 433 138 11 434 174 109 435 175 109 436 176 109 437 176 110 438 177 110 439 174 110 440 178 111 441 179 112 442 180 113 443 180 113 444 181 114 445 178 111 446 182 115 447 183 116 448 184 117 449 184 117 450 185 118 451 182 115 452 186 119 453 187 119 454 188 119 455 188 120 456 189 120 457 186 120 458 190 121 459 191 121 460 192 121 461 192 121 462 193 121 463 190 121 464 194 122 465 195 122 466 196 122 467 196 123 468 197 123 469 194 123 470 198 124 471 199 125 472 200 126 473 200 126 474 201 127 475 198 124 476 202 128 477 203 129 478 204 130 479 204 130 480 205 131 481 202 128 482 206 132 483 207 132 484 208 132 485 208 133 486 209 133 487 206 133 488 210 134 489 211 134 490 212 134 491 212 135 492 213 135 493 210 135 494 214 136 495 215 137 496 216 138 497 216 138 498 217 139 499 214 136 500 218 140 501 219 141 502 220 142 503 220 142 504 221 143 505 218 140 506 222 144 507 223 144 508 224 144 509 224 144 510 225 144 511 222 144 512 226 10 513 227 10 514 228 10 515 228 10 516 229 10 517 226 10 518 230 145 519 231 145 520 232 145 521 232 146 522 233 146 523 230 146 524 234 147 525 235 148 526 236 149 527 236 149 528 237 150 529 234 147 530 238 151 531 239 152 532 240 153 533 240 153 534 241 154 535 238 151 536 242 155 537 243 155 538 244 155 539 244 156 540 245 156 541 242 156 542 246 157 543 247 158 544 248 159 545 248 159 546 249 160 547 246 157 548 246 157 549 250 161 550 251 162 551 251 162 552 247 158 553 246 157 554 252 163 555 253 164 556 254 165 557 254 165 558 255 166 559 252 163 560 255 166 561 254 165 562 256 167 563 256 167 564 257 168 565 255 166 566 257 168 567 256 167 568 258 169 569 258 169 570 259 170 571 257 168 572 259 170 573 258 169 574 260 171 575 260 171 576 261 172 577 259 170 578 261 172 579 260 171 580 262 173 581 262 173 582 263 174 583 261 172 584 264 175 585 265 176 586 266 177 587 266 177 588 267 178 589 264 175 590 268 179 591 267 178 592 266 177 593 266 177 594 269 180 595 268 179 596 268 179 597 269 180 598 270 181 599 270 181 600 271 182 601 268 179 602 271 182 603 270 181 604 272 183 605 272 183 606 273 184 607 271 182 608 274 185 609 275 186 610 276 187 611 276 187 612 277 188 613 274 185 614 274 185 615 277 188 616 278 189 617 278 189 618 279 190 619 274 185 620 279 190 621 278 189 622 280 191 623 280 191 624 281 192 625 279 190 626 281 192 627 280 191 628 282 193 629 282 193 630 283 194 631 281 192 632 283 194 633 282 193 634 284 195 635 284 195 636 285 196 637 283 194 638 286 197 639 287 198 640 288 199 641 288 199 642 289 200 643 286 197 644 289 200 645 288 199 646 249 160 647 249 160 648 248 159 649 289 200 650 290 11 651 291 11 652 292 11 653 292 11 654 293 11 655 290 11 656 291 11 657 294 11 658 295 11 659 295 11 660 296 11 661 291 11 662 295 201 663 297 201 664 296 201 665 296 89 666 298 89 667 299 89 668 299 11 669 300 11 670 296 11 671 299 202 672 301 202 673 300 202 674 302 203 675 300 203 676 303 203 677 303 11 678 304 11 679 302 11 680 304 11 681 305 11 682 302 11 683 296 11 684 300 11 685 302 11 686 302 11 687 291 11 688 296 11 689 302 11 690 306 11 691 292 11 692 292 11 693 291 11 694 302 11 695 307 11 696 293 11 697 292 11 698 308 11 699 309 11 700 310 11 701 310 204 702 311 204 703 308 204 704 312 11 705 313 11 706 310 11 707 310 205 708 309 205 709 312 205 710 312 94 711 314 94 712 315 94 713 315 11 714 313 11 715 312 11 716 316 206 717 317 206 718 315 206 719 315 11 720 314 11 721 316 11 722 318 11 723 319 11 724 317 11 725 317 11 726 316 11 727 318 11 728 319 11 729 318 11 730 320 11 731 320 97 732 321 97 733 319 97 734 322 11 735 323 11 736 321 11 737 321 11 738 320 11 739 322 11 740 323 207 741 322 207 742 324 207 743 324 208 744 325 208 745 323 208 746 324 11 747 326 11 748 327 11 749 327 11 750 325 11 751 324 11 752 328 209 753 329 209 754 330 209 755 330 11 756 331 11 757 328 11 758 332 11 759 333 11 760 334 11 761 334 11 762 335 11 763 332 11 764 336 11 765 337 11 766 333 11 767 333 11 768 332 11 769 336 11 770 336 11 771 338 11 772 339 11 773 339 210 774 337 210 775 336 210 776 338 11 777 340 11 778 341 11 779 341 11 780 339 11 781 338 11 782 341 105 783 340 105 784 342 105 785 342 211 786 343 211 787 341 211 788 343 11 789 342 11 790 344 11 791 344 11 792 345 11 793 343 11 794 345 11 795 344 11 796 346 11 797 346 212 798 347 212 799 345 212 800 348 213 801 349 213 802 350 213 803 350 11 804 351 11 805 348 11 806 352 214 807 353 214 808 354 214 809 354 215 810 355 215 811 352 215 812 356 216 813 357 217 814 358 218 815 358 218 816 359 219 817 356 216 818 360 220 819 361 221 820 362 222 821 362 222 822 363 223 823 360 220 824 364 224 825 365 224 826 366 224 827 366 225 828 367 225 829 364 225 830 368 121 831 369 121 832 370 121 833 370 121 834 371 121 835 368 121 836 372 122 837 373 122 838 374 122 839 374 123 840 375 123 841 372 123 842 376 226 843 377 227 844 378 228 845 378 228 846 379 229 847 376 226 848 380 230 849 381 231 850 382 232 851 382 232 852 383 233 853 380 230 854 384 234 855 385 234 856 386 234 857 386 235 858 387 235 859 384 235 860 388 134 861 389 134 862 390 134 863 390 236 864 391 237 865 388 238 866 392 239 867 393 240 868 394 241 869 394 241 870 395 242 871 392 239 872 396 243 873 397 244 874 398 245 875 398 245 876 399 246 877 396 243 878 400 247 879 401 248 880 402 249 881 402 249 882 403 250 883 400 247 884 404 10 885 405 10 886 406 10 887 406 10 888 407 10 889 404 10 890 408 251 891 409 252 892 410 253 893 410 253 894 411 254 895 408 251 896 412 255 897 413 256 898 414 257 899 414 257 900 415 258 901 412 255 902 416 259 903 417 260 904 418 261 905 418 261 906 419 262 907 416 259 908 420 155 909 421 155 910 422 155 911 422 263 912 423 264 913 420 265 914 424 266 915 425 267 916 426 268 917 426 268 918 427 269 919 424 266 920 428 270 921 429 271 922 427 269 923 427 269 924 426 268 925 428 270 926 430 272 927 431 273 928 432 274 929 432 274 930 433 275 931 430 272 932 434 276 933 432 274 934 431 273 935 431 273 936 435 277 937 434 276 938 435 277 939 436 278 940 437 279 941 437 279 942 434 276 943 435 277 944 436 278 945 438 280 946 439 281 947 439 281 948 437 279 949 436 278 950 439 281 951 438 280 952 440 282 953 440 282 954 441 283 955 439 281 956 442 284 957 443 285 958 444 286 959 444 286 960 445 287 961 442 284 962 446 288 963 447 289 964 444 286 965 444 286 966 443 285 967 446 288 968 446 288 969 448 290 970 449 291 971 449 291 972 447 289 973 446 288 974 450 292 975 451 293 976 449 291 977 449 291 978 448 290 979 450 292 980 452 294 981 453 295 982 454 296 983 454 296 984 455 297 985 452 294 986 456 298 987 454 296 988 453 295 989 453 295 990 457 299 991 456 298 992 458 300 993 459 301 994 456 298 995 456 298 996 457 299 997 458 300 998 458 300 999 460 302 1000 461 303 1001 461 303 1002 459 301 1003 458 300 1004 461 303 1005 460 302 1006 462 304 1007 462 304 1008 463 305 1009 461 303 1010 464 306 1011 465 307 1012 466 308 1013 466 308 1014 467 309 1015 464 306 1016 466 308 1017 465 307 1018 425 267 1019 425 267 1020 424 266 1021 466 308 1022 468 11 1023 469 11 1024 470 11 1025 470 11 1026 471 11 1027 468 11 1028 472 310 1029 469 310 1030 473 310 1031 473 11 1032 474 11 1033 472 11 1034 474 311 1035 475 311 1036 472 311 1037 472 312 1038 476 312 1039 477 312 1040 477 11 1041 478 11 1042 472 11 1043 477 90 1044 479 90 1045 478 90 1046 478 91 1047 480 91 1048 481 91 1049 481 11 1050 482 11 1051 478 11 1052 481 11 1053 483 11 1054 482 11 1055 472 11 1056 478 11 1057 482 11 1058 482 11 1059 469 11 1060 472 11 1061 469 11 1062 482 11 1063 484 11 1064 484 11 1065 470 11 1066 469 11 1067 485 11 1068 471 11 1069 470 11 1070 486 204 1071 487 204 1072 488 204 1073 488 11 1074 489 11 1075 486 11 1076 490 11 1077 491 11 1078 486 11 1079 486 313 1080 489 313 1081 490 313 1082 491 11 1083 490 11 1084 492 11 1085 492 11 1086 493 11 1087 491 11 1088 494 314 1089 495 314 1090 493 314 1091 493 11 1092 492 11 1093 494 11 1094 495 11 1095 494 11 1096 496 11 1097 496 11 1098 497 11 1099 495 11 1100 498 315 1101 499 315 1102 497 315 1103 497 11 1104 496 11 1105 498 11 1106 500 11 1107 501 11 1108 499 11 1109 499 11 1110 498 11 1111 500 11 1112 500 11 1113 502 11 1114 503 11 1115 503 11 1116 501 11 1117 500 11 1118 504 316 1119 505 316 1120 503 316 1121 503 101 1122 502 101 1123 504 101 1124 504 317 1125 506 317 1126 507 317 1127 507 318 1128 505 318 1129 504 318 1130 507 11 1131 506 11 1132 508 11 1133 508 11 1134 509 11 1135 507 11 1136 508 319 1137 510 319 1138 511 319 1139 511 11 1140 509 11 1141 508 11 1142 512 320 1143 513 320 1144 511 320 1145 511 11 1146 510 11 1147 512 11 1148 514 11 1149 515 11 1150 513 11 1151 513 11 1152 512 11 1153 514 11 1154 516 321 1155 517 321 1156 515 321 1157 515 105 1158 514 105 1159 516 105 1160 516 11 1161 518 11 1162 519 11 1163 519 322 1164 517 322 1165 516 322 1166 520 323 1167 521 323 1168 519 323 1169 519 11 1170 518 11 1171 520 11 1172 521 11 1173 520 11 1174 488 11 1175 488 324 1176 487 324 1177 521 324 1178 522 215 1179 523 215 1180 524 215 1181 524 325 1182 525 325 1183 522 325 1184 526 326 1185 527 327 1186 528 328 1187 528 328 1188 529 329 1189 526 326 1190 530 330 1191 531 331 1192 532 332 1193 532 332 1194 533 333 1195 530 330 1196 534 334 1197 535 335 1198 536 336 1199 536 336 1200 537 337 1201 534 334 1202 538 121 1203 539 121 1204 540 121 1205 540 121 1206 541 121 1207 538 121 1208 542 338 1209 543 339 1210 544 340 1211 544 340 1212 545 341 1213 542 338 1214 546 342 1215 547 343 1216 548 344 1217 548 344 1218 549 345 1219 546 342 1220 550 346 1221 551 347 1222 552 348 1223 552 348 1224 553 349 1225 550 346 1226 554 350 1227 555 351 1228 556 352 1229 556 353 1230 557 353 1231 554 353 1232 558 354 1233 559 354 1234 560 354 1235 560 355 1236 561 355 1237 558 355 1238 562 356 1239 563 357 1240 564 358 1241 564 358 1242 565 359 1243 562 356 1244 566 360 1245 567 361 1246 568 362 1247 568 362 1248 569 141 1249 566 360 1250 570 144 1251 571 144 1252 572 144 1253 572 144 1254 573 144 1255 570 144 1256 574 10 1257 575 10 1258 576 10 1259 576 10 1260 577 10 1261 574 10 1262 578 145 1263 579 145 1264 580 145 1265 580 146 1266 581 146 1267 578 146 1268 582 363 1269 583 364 1270 584 365 1271 584 365 1272 585 366 1273 582 363 1274 586 367 1275 587 368 1276 588 369 1277 588 369 1278 589 370 1279 586 367 1280 590 371 1281 591 371 1282 592 371 1283 592 372 1284 593 372 1285 590 372 1286 594 373 1287 595 374 1288 596 375 1289 596 375 1290 597 376 1291 594 373 1292 595 374 1293 598 377 1294 599 378 1295 599 378 1296 596 375 1297 595 374 1298 600 379 1299 601 380 1300 602 381 1301 602 381 1302 603 382 1303 600 379 1304 601 380 1305 604 383 1306 605 384 1307 605 384 1308 602 381 1309 601 380 1310 604 383 1311 606 385 1312 607 386 1313 607 386 1314 605 384 1315 604 383 1316 606 385 1317 608 387 1318 609 388 1319 609 388 1320 607 386 1321 606 385 1322 608 387 1323 610 389 1324 611 390 1325 611 390 1326 609 388 1327 608 387 1328 612 391 1329 613 392 1330 614 393 1331 614 393 1332 615 394 1333 612 391 1334 613 392 1335 616 395 1336 617 396 1337 617 396 1338 614 393 1339 613 392 1340 616 395 1341 618 397 1342 619 398 1343 619 398 1344 617 396 1345 616 395 1346 618 397 1347 620 399 1348 621 400 1349 621 400 1350 619 398 1351 618 397 1352 622 401 1353 623 402 1354 624 403 1355 624 403 1356 625 404 1357 622 401 1358 623 402 1359 626 405 1360 627 406 1361 627 406 1362 624 403 1363 623 402 1364 626 405 1365 628 407 1366 629 408 1367 629 408 1368 627 406 1369 626 405 1370 628 407 1371 630 409 1372 631 410 1373 631 410 1374 629 408 1375 628 407 1376 630 409 1377 632 411 1378 633 412 1379 633 412 1380 631 410 1381 630 409 1382 634 413 1383 635 414 1384 636 415 1385 636 415 1386 637 416 1387 634 413 1388 597 376 1389 636 415 1390 635 414 1391 635 414 1392 594 373 1393 597 376 1394 638 11 1395 639 11 1396 640 11 1397 640 11 1398 641 11 1399 638 11 1400 640 11 1401 642 11 1402 643 11 1403 643 11 1404 644 11 1405 640 11 1406 643 88 1407 645 88 1408 644 88 1409 644 417 1410 646 417 1411 647 417 1412 647 11 1413 648 11 1414 644 11 1415 647 418 1416 649 418 1417 648 418 1418 648 419 1419 650 419 1420 651 419 1421 651 11 1422 652 11 1423 648 11 1424 651 11 1425 653 11 1426 652 11 1427 640 11 1428 644 11 1429 648 11 1430 648 11 1431 652 11 1432 640 11 1433 654 11 1434 641 11 1435 640 11 1436 640 11 1437 652 11 1438 654 11 1439 655 11 1440 638 11 1441 641 11 1442 656 11 1443 657 11 1444 658 11 1445 658 420 1446 659 420 1447 656 420 1448 660 11 1449 661 11 1450 659 11 1451 659 421 1452 658 421 1453 660 421 1454 662 11 1455 661 11 1456 660 11 1457 660 422 1458 663 422 1459 662 422 1460 662 11 1461 663 11 1462 664 11 1463 664 423 1464 665 423 1465 662 423 1466 665 11 1467 664 11 1468 666 11 1469 666 11 1470 667 11 1471 665 11 1472 666 11 1473 668 11 1474 669 11 1475 669 424 1476 667 424 1477 666 424 1478 669 11 1479 668 11 1480 670 11 1481 670 11 1482 671 11 1483 669 11 1484 671 425 1485 670 425 1486 672 425 1487 672 107 1488 673 107 1489 671 107 1490 672 11 1491 674 11 1492 675 11 1493 675 11 1494 673 11 1495 672 11 1496 675 11 1497 674 11 1498 676 11 1499 676 103 1500 677 103 1501 675 103 1502 677 11 1503 676 11 1504 678 11 1505 678 11 1506 679 11 1507 677 11 1508 680 11 1509 679 11 1510 678 11 1511 678 426 1512 681 426 1513 680 426 1514 681 11 1515 682 11 1516 683 11 1517 683 427 1518 680 427 1519 681 427 1520 684 11 1521 683 11 1522 682 11 1523 682 11 1524 685 11 1525 684 11 1526 684 428 1527 685 428 1528 686 428 1529 686 429 1530 687 429 1531 684 429 1532 687 11 1533 686 11 1534 688 11 1535 688 11 1536 689 11 1537 687 11 1538 688 430 1539 690 430 1540 691 430 1541 691 11 1542 689 11 1543 688 11 1544 690 11 1545 657 11 1546 656 11 1547 656 431 1548 691 431 1549 690 431 1550 692 432 1551 693 432 1552 694 432 1553 694 433 1554 695 433 1555 692 433 1556 696 434 1557 697 435 1558 698 436 1559 698 436 1560 699 437 1561 696 434 1562 700 438 1563 701 439 1564 702 440 1565 702 440 1566 703 441 1567 700 438 1568 704 442 1569 705 442 1570 706 442 1571 706 443 1572 707 443 1573 704 443 1574 708 121 1575 709 121 1576 710 121 1577 710 121 1578 711 121 1579 708 121 1580 712 444 1581 713 444 1582 714 444 1583 714 444 1584 715 444 1585 712 444 1586 716 445 1587 717 446 1588 718 447 1589 718 447 1590 719 448 1591 716 445 1592 720 449 1593 721 450 1594 722 451 1595 722 451 1596 723 452 1597 720 449 1598 724 453 1599 725 453 1600 726 453 1601 726 454 1602 727 454 1603 724 454 1604 728 455 1605 729 455 1606 730 455 1607 730 456 1608 731 456 1609 728 456 1610 732 457 1611 733 458 1612 734 459 1613 734 459 1614 735 460 1615 732 457 1616 736 461 1617 737 462 1618 738 463 1619 738 463 1620 739 464 1621 736 461 1622 740 465 1623 741 465 1624 742 465 1625 742 465 1626 743 465 1627 740 465 1628 744 10 1629 745 10 1630 746 10 1631 746 10 1632 747 10 1633 744 10 1634 748 466 1635 749 466 1636 750 466 1637 750 467 1638 751 467 1639 748 467 1640 752 468 1641 753 469 1642 754 470 1643 754 470 1644 755 471 1645 752 468 1646 756 472 1647 757 473 1648 758 474 1649 758 474 1650 759 475 1651 756 472 1652 760 476 1653 761 476 1654 762 476 1655 762 477 1656 763 477 1657 760 477 1658 764 478 1659 765 479 1660 766 480 1661 766 480 1662 767 481 1663 764 478 1664 765 479 1665 768 482 1666 769 483 1667 769 483 1668 766 480 1669 765 479 1670 770 484 1671 771 485 1672 772 486 1673 772 486 1674 773 487 1675 770 484 1676 771 485 1677 774 488 1678 775 489 1679 775 489 1680 772 486 1681 771 485 1682 774 488 1683 776 490 1684 777 491 1685 777 491 1686 775 489 1687 774 488 1688 776 490 1689 778 492 1690 779 493 1691 779 493 1692 777 491 1693 776 490 1694 778 492 1695 780 494 1696 781 495 1697 781 495 1698 779 493 1699 778 492 1700 782 496 1701 783 497 1702 784 498 1703 784 498 1704 785 499 1705 782 496 1706 783 497 1707 786 500 1708 787 501 1709 787 501 1710 784 498 1711 783 497 1712 786 500 1713 788 502 1714 789 503 1715 789 503 1716 787 501 1717 786 500 1718 788 502 1719 790 504 1720 791 505 1721 791 505 1722 789 503 1723 788 502 1724 792 506 1725 793 507 1726 794 508 1727 794 508 1728 795 509 1729 792 506 1730 793 507 1731 796 510 1732 797 511 1733 797 511 1734 794 508 1735 793 507 1736 796 510 1737 798 512 1738 799 513 1739 799 513 1740 797 511 1741 796 510 1742 798 512 1743 800 514 1744 801 515 1745 801 515 1746 799 513 1747 798 512 1748 800 514 1749 802 516 1750 803 517 1751 803 517 1752 801 515 1753 800 514 1754 804 518 1755 805 519 1756 806 520 1757 806 520 1758 807 521 1759 804 518 1760 767 481 1761 806 520 1762 805 519 1763 805 519 1764 764 478 1765 767 481 1766 808 11 1767 809 11 1768 810 11 1769 810 11 1770 811 11 1771 808 11 1772 810 11 1773 812 11 1774 813 11 1775 813 11 1776 814 11 1777 810 11 1778 813 88 1779 815 88 1780 814 88 1781 814 89 1782 816 89 1783 817 89 1784 817 11 1785 818 11 1786 814 11 1787 817 522 1788 819 522 1789 818 522 1790 818 523 1791 820 523 1792 821 523 1793 821 11 1794 822 11 1795 818 11 1796 821 11 1797 823 11 1798 822 11 1799 810 11 1800 814 11 1801 818 11 1802 818 11 1803 822 11 1804 810 11 1805 824 11 1806 811 11 1807 810 11 1808 810 11 1809 822 11 1810 824 11 1811 825 11 1812 808 11 1813 811 11 1814 826 11 1815 827 11 1816 828 11 1817 828 524 1818 829 524 1819 826 524 1820 830 11 1821 831 11 1822 829 11 1823 829 525 1824 828 525 1825 830 525 1826 832 11 1827 831 11 1828 830 11 1829 830 526 1830 833 526 1831 832 526 1832 832 11 1833 833 11 1834 834 11 1835 834 527 1836 835 527 1837 832 527 1838 835 11 1839 834 11 1840 836 11 1841 836 11 1842 837 11 1843 835 11 1844 836 11 1845 838 11 1846 839 11 1847 839 528 1848 837 528 1849 836 528 1850 839 11 1851 838 11 1852 840 11 1853 840 11 1854 841 11 1855 839 11 1856 841 529 1857 840 529 1858 842 529 1859 842 323 1860 843 323 1861 841 323 1862 842 11 1863 844 11 1864 845 11 1865 845 11 1866 843 11 1867 842 11 1868 845 11 1869 844 11 1870 846 11 1871 846 103 1872 847 103 1873 845 103 1874 847 11 1875 846 11 1876 848 11 1877 848 11 1878 849 11 1879 847 11 1880 850 11 1881 849 11 1882 848 11 1883 848 426 1884 851 426 1885 850 426 1886 851 11 1887 852 11 1888 853 11 1889 853 530 1890 850 530 1891 851 530 1892 854 11 1893 853 11 1894 852 11 1895 852 11 1896 855 11 1897 854 11 1898 854 531 1899 855 531 1900 856 531 1901 856 532 1902 857 532 1903 854 532 1904 857 11 1905 856 11 1906 858 11 1907 858 11 1908 859 11 1909 857 11 1910 858 533 1911 860 533 1912 861 533 1913 861 11 1914 859 11 1915 858 11 1916 860 11 1917 827 11 1918 826 11 1919 826 108 1920 861 108 1921 860 108 1922 862 215 1923 863 215 1924 864 215 1925 864 325 1926 865 325 1927 862 325 1928 866 534 1929 867 535 1930 868 536 1931 868 536 1932 869 537 1933 866 534 1934 870 538 1935 871 539 1936 872 540 1937 872 540 1938 873 541 1939 870 538 1940 874 119 1941 875 119 1942 876 119 1943 876 224 1944 877 224 1945 874 224 1946 878 121 1947 879 121 1948 880 121 1949 880 121 1950 881 121 1951 878 121 1952 882 123 1953 883 123 1954 884 123 1955 884 123 1956 885 123 1957 882 123 1958 886 542 1959 887 543 1960 888 544 1961 888 544 1962 889 545 1963 886 542 1964 890 546 1965 891 547 1966 892 548 1967 892 548 1968 893 549 1969 890 546 1970 894 235 1971 895 235 1972 896 235 1973 896 550 1974 897 550 1975 894 550 1976 898 355 1977 899 355 1978 900 355 1979 900 354 1980 901 354 1981 898 354 1982 902 551 1983 903 552 1984 904 553 1985 904 553 1986 905 554 1987 902 551 1988 906 555 1989 907 556 1990 908 557 1991 908 557 1992 909 558 1993 906 555 1994 910 559 1995 911 560 1996 912 561 1997 912 561 1998 913 562 1999 910 559 2000 914 10 2001 915 10 2002 916 10 2003 916 10 2004 917 10 2005 914 10 2006 918 563 2007 919 564 2008 920 565 2009 920 565 2010 921 566 2011 918 563 2012 922 567 2013 923 568 2014 924 569 2015 924 569 2016 925 570 2017 922 567 2018 926 571 2019 927 572 2020 928 573 2021 928 573 2022 929 262 2023 926 571 2024 930 371 2025 931 371 2026 932 371 2027 932 372 2028 933 372 2029 930 372 2030 934 574 2031 935 574 2032 936 574 2033 936 575 2034 937 575 2035 934 575 2036 938 576 2037 937 576 2038 936 576 2039 936 577 2040 939 577 2041 938 577 2042 940 5 2043 941 5 2044 942 5 2045 942 578 2046 943 578 2047 940 578 2048 944 579 2049 943 579 2050 942 579 2051 942 0 2052 944 0 2053 936 0 2054 945 5 2055 946 5 2056 947 5 2057 947 580 2058 948 580 2059 945 580 2060 949 5 2061 948 5 2062 947 5 2063 947 581 2064 942 581 2065 949 581 2066 936 0 2067 947 0 2068 942 0 2069 947 0 2070 936 0 2071 939 0 2072 947 5 2073 950 5 2074 951 5 2075 951 0 2076 947 0 2077 939 0 2078 939 582 2079 952 582 2080 951 582 2081 952 5 2082 953 5 2083 939 5 2084 954 583 2085 955 584 2086 956 585 2087 956 585 2088 957 586 2089 954 583 2090 958 587 2091 959 588 2092 960 589 2093 960 589 2094 961 590 2095 958 587 2096 962 591 2097 963 592 2098 964 593 2099 964 593 2100 965 594 2101 962 591 2102 966 595 2103 967 596 2104 968 597 2105 968 597 2106 969 598 2107 966 595 2108 970 599 2109 971 600 2110 957 586 2111 957 586 2112 956 585 2113 970 599 2114 972 601 2115 973 602 2116 955 584 2117 955 584 2118 954 583 2119 972 601 2120 974 603 2121 975 604 2122 961 590 2123 961 590 2124 960 589 2125 974 603 2126 976 605 2127 977 606 2128 965 594 2129 965 594 2130 964 593 2131 976 605 2132 978 607 2133 979 608 2134 971 600 2135 971 600 2136 970 599 2137 978 607 2138 980 609 2139 981 610 2140 982 611 2141 982 611 2142 983 612 2143 980 609 2144 959 588 2145 958 587 2146 981 610 2147 981 610 2148 980 609 2149 959 588 2150 984 613 2151 985 614 2152 973 602 2153 973 602 2154 972 601 2155 984 613 2156 986 615 2157 987 616 2158 988 617 2159 988 617 2160 989 618 2161 986 615 2162 969 598 2163 968 597 2164 987 616 2165 987 616 2166 986 615 2167 969 598 2168 975 604 2169 974 603 2170 990 619 2171 990 619 2172 991 620 2173 975 604 2174 992 621 2175 993 622 2176 994 623 2177 994 623 2178 995 624 2179 992 621 2180 962 591 2181 993 622 2182 992 621 2183 992 621 2184 963 592 2185 962 591 2186 996 625 2187 997 626 2188 977 606 2189 977 606 2190 976 605 2191 996 625 2192 998 627 2193 999 628 2194 1000 629 2195 1000 629 2196 1001 630 2197 998 627 2198 999 628 2199 998 627 2200 967 596 2201 967 596 2202 966 595 2203 999 628 2204 1002 631 2205 1003 632 2206 1004 633 2207 1004 633 2208 1005 634 2209 1002 631 2210 1006 635 2211 1008 636 2212 1007 637 2213 1008 638 2214 1009 639 2215 1006 640 2216 1010 641 2217 1011 642 2218 1012 643 2219 1012 643 2220 1013 644 2221 1010 641 2222 1014 645 2223 1015 646 2224 1016 647 2225 1016 647 2226 1017 648 2227 1014 645 2228 955 584 2229 973 602 2230 1018 649 2231 1018 649 2232 1019 650 2233 955 584 2234 1020 651 2235 959 588 2236 980 609 2237 980 609 2238 1021 652 2239 1020 651 2240 1022 653 2241 1023 654 2242 967 596 2243 967 596 2244 998 627 2245 1022 653 2246 1024 655 2247 1025 656 2248 963 592 2249 963 592 2250 992 621 2251 1024 655 2252 968 597 2253 1026 657 2254 1027 658 2255 1027 658 2256 987 616 2257 968 597 2258 987 616 2259 1027 658 2260 1028 659 2261 1028 659 2262 988 617 2263 987 616 2264 973 602 2265 985 614 2266 1029 660 2267 1029 660 2268 1018 649 2269 973 602 2270 1030 661 2271 1031 662 2272 970 599 2273 970 599 2274 956 585 2275 1030 661 2276 970 599 2277 1031 662 2278 1032 663 2279 1032 663 2280 978 607 2281 970 599 2282 1033 664 2283 1021 652 2284 980 609 2285 980 609 2286 983 612 2287 1033 664 2288 1034 665 2289 976 605 2290 964 593 2291 964 593 2292 1035 666 2293 1034 665 2294 1034 665 2295 1036 667 2296 996 625 2297 996 625 2298 976 605 2299 1034 665 2300 1001 630 2301 1037 668 2302 1022 653 2303 1022 653 2304 998 627 2305 1001 630 2306 960 589 2307 1038 669 2308 1039 670 2309 1039 670 2310 974 603 2311 960 589 2312 1039 670 2313 1040 671 2314 990 619 2315 990 619 2316 974 603 2317 1039 670 2318 992 621 2319 995 624 2320 1041 672 2321 1041 672 2322 1024 655 2323 992 621 2324 1030 661 2325 956 585 2326 955 584 2327 955 584 2328 1019 650 2329 1030 661 2330 1038 669 2331 960 589 2332 959 588 2333 959 588 2334 1020 651 2335 1038 669 2336 1035 666 2337 964 593 2338 963 592 2339 963 592 2340 1025 656 2341 1035 666 2342 1023 654 2343 1026 657 2344 968 597 2345 968 597 2346 967 596 2347 1023 654 2348 1004 633 2349 1042 673 2350 1043 674 2351 1043 674 2352 1005 634 2353 1004 633 2354 1008 675 2355 1007 676 2356 1044 677 2357 1044 677 2358 1045 678 2359 1008 675 2360 1046 679 2361 1047 680 2362 1017 648 2363 1017 648 2364 1016 647 2365 1046 679 2366 1012 643 2367 1011 642 2368 1048 681 2369 1048 681 2370 1049 682 2371 1012 643 2372 1050 683 2373 1015 646 2374 1014 645 2375 1014 645 2376 1051 684 2377 1050 683 2378 1052 685 2379 1050 683 2380 1051 684 2381 1051 684 2382 1053 686 2383 1052 685 2384 1052 685 2385 1053 686 2386 1043 674 2387 1043 674 2388 1042 673 2389 1052 685 2390 1054 687 2391 1003 632 2392 1002 631 2393 1002 631 2394 1055 688 2395 1054 687 2396 1055 688 2397 1056 689 2398 1057 690 2399 1057 690 2400 1054 687 2401 1055 688 2402 1045 678 2403 1044 677 2404 1057 690 2405 1057 690 2406 1056 689 2407 1045 678 2408 1013 644 2409 1058 691 2410 1059 692 2411 1059 692 2412 1010 641 2413 1013 644 2414 1060 693 2415 1059 692 2416 1058 691 2417 1058 691 2418 1061 694 2419 1060 693 2420 1060 693 2421 1061 694 2422 1047 680 2423 1047 680 2424 1046 679 2425 1060 693 2426 1009 639 2427 1062 695 2428 1063 696 2429 1063 696 2430 1006 640 2431 1009 639 2432 1063 696 2433 1062 695 2434 1064 697 2435 1064 697 2436 1065 698 2437 1063 696 2438 1064 697 2439 1049 682 2440 1048 681 2441 1048 681 2442 1065 698 2443 1064 697 2444 1066 699 2445 1067 699 2446 1068 699 2447 1068 699 2448 1069 699 2449 1066 699 2450 1070 11 2451 1071 11 2452 1072 11 2453 1072 11 2454 1073 11 2455 1070 11 2456 1074 700 2457 1075 700 2458 1076 700 2459 1076 700 2460 1077 700 2461 1074 700 2462 1078 701 2463 1079 702 2464 1080 703 2465 1080 704 2466 1081 704 2467 1078 704 2468 1082 12 2469 1083 12 2470 1084 12 2471 1084 12 2472 1085 12 2473 1082 12 2474 1086 705 2475 1087 706 2476 1088 707 2477 1088 708 2478 1089 708 2479 1086 708 2480 1090 5 2481 1091 5 2482 1092 5 2483 1092 5 2484 1093 5 2485 1090 5 2486 1092 5 2487 1094 5 2488 1093 5 2489 1095 5 2490 1090 5 2491 1093 5 2492 1096 709 2493 1097 710 2494 1098 711 2495 1098 711 2496 1099 712 2497 1096 709 2498 1100 713 2499 1098 711 2500 1097 710 2501 1097 710 2502 1101 714 2503 1100 713 2504 1100 713 2505 1101 714 2506 1102 715 2507 1102 715 2508 1103 716 2509 1100 713 2510 1102 715 2511 1104 717 2512 1105 718 2513 1105 718 2514 1103 716 2515 1102 715 2516 1106 719 2517 1105 718 2518 1104 717 2519 1104 717 2520 1107 720 2521 1106 719 2522 1099 712 2523 1106 719 2524 1107 720 2525 1107 720 2526 1096 709 2527 1099 712 2528 1108 721 2529 1109 722 2530 1110 723 2531 1110 724 2532 1111 725 2533 1108 726 2534 1112 11 2535 1113 11 2536 1114 11 2537 1114 11 2538 1115 11 2539 1112 11 2540 1116 700 2541 1117 700 2542 1118 700 2543 1118 700 2544 1119 700 2545 1116 700 2546 1120 701 2547 1121 702 2548 1122 703 2549 1122 704 2550 1123 704 2551 1120 704 2552 1124 12 2553 1125 12 2554 1126 12 2555 1126 12 2556 1127 12 2557 1124 12 2558 1128 727 2559 1129 728 2560 1130 729 2561 1130 730 2562 1131 730 2563 1128 730 2564 1132 5 2565 1133 5 2566 1134 5 2567 1134 5 2568 1135 5 2569 1132 5 2570 1134 5 2571 1136 5 2572 1135 5 2573 1137 5 2574 1132 5 2575 1135 5 2576 1138 731 2577 1139 732 2578 1140 733 2579 1140 733 2580 1141 734 2581 1138 731 2582 1142 735 2583 1143 736 2584 1144 737 2585 1144 737 2586 1145 738 2587 1142 735 2588 1146 739 2589 1147 740 2590 1148 741 2591 1148 741 2592 1149 742 2593 1146 739 2594 1150 743 2595 1151 744 2596 1152 745 2597 1152 745 2598 1153 746 2599 1150 743 2600 1154 747 2601 1155 748 2602 1156 749 2603 1156 749 2604 1157 750 2605 1154 747 2606 1158 751 2607 1159 752 2608 1160 753 2609 1160 753 2610 1161 754 2611 1158 751 2612 1162 721 2613 1163 722 2614 1164 723 2615 1164 724 2616 1165 725 2617 1162 726 2618 1166 11 2619 1167 11 2620 1168 11 2621 1168 11 2622 1169 11 2623 1166 11 2624 1170 700 2625 1171 700 2626 1172 700 2627 1172 700 2628 1173 700 2629 1170 700 2630 1174 702 2631 1175 755 2632 1176 756 2633 1176 704 2634 1177 704 2635 1174 704 2636 1178 12 2637 1179 12 2638 1180 12 2639 1180 12 2640 1181 12 2641 1178 12 2642 1182 730 2643 1183 730 2644 1184 730 2645 1184 757 2646 1185 758 2647 1182 759 2648 1186 5 2649 1187 5 2650 1188 5 2651 1188 5 2652 1189 5 2653 1186 5 2654 1188 5 2655 1190 5 2656 1189 5 2657 1191 5 2658 1186 5 2659 1189 5 2660 1192 760 2661 1193 761 2662 1194 762 2663 1194 762 2664 1195 763 2665 1192 760 2666 1196 764 2667 1197 765 2668 1198 766 2669 1198 766 2670 1199 767 2671 1196 764 2672 1196 764 2673 1200 768 2674 1201 769 2675 1201 769 2676 1197 765 2677 1196 764 2678 1201 769 2679 1200 768 2680 1202 770 2681 1202 770 2682 1203 771 2683 1201 769 2684 1204 772 2685 1203 771 2686 1202 770 2687 1202 770 2688 1205 773 2689 1204 772 2690 1206 774 2691 1207 775 2692 1208 776 2693 1208 776 2694 1209 752 2695 1206 774 2696 1210 699 2697 1211 699 2698 1212 699 2699 1212 699 2700 1213 699 2701 1210 699 2702 1214 11 2703 1215 11 2704 1216 11 2705 1216 11 2706 1217 11 2707 1214 11 2708 1218 700 2709 1219 700 2710 1220 700 2711 1220 700 2712 1221 700 2713 1218 700 2714 1222 704 2715 1223 704 2716 1224 704 2717 1224 777 2718 1225 778 2719 1222 779 2720 1226 12 2721 1227 12 2722 1228 12 2723 1228 12 2724 1229 12 2725 1226 12 2726 1230 780 2727 1231 781 2728 1232 782 2729 1232 708 2730 1233 708 2731 1230 708 2732 1234 5 2733 1235 5 2734 1236 5 2735 1236 5 2736 1237 5 2737 1234 5 2738 1236 5 2739 1238 5 2740 1237 5 2741 1239 5 2742 1234 5 2743 1237 5 2744 1240 783 2745 1241 784 2746 1242 785 2747 1242 785 2748 1243 786 2749 1240 783 2750 1244 787 2751 1245 788 2752 1246 789 2753 1246 789 2754 1247 790 2755 1244 787 2756 1248 791 2757 1249 792 2758 1250 793 2759 1250 793 2760 1251 794 2761 1248 791 2762 1252 795 2763 1253 796 2764 1254 797 2765 1254 797 2766 1255 798 2767 1252 795 2768 1256 799 2769 1257 800 2770 1258 801 2771 1258 801 2772 1259 802 2773 1256 799 2774 1260 803 2775 1261 804 2776 1262 805 2777 1262 805 2778 1263 806 2779 1260 803 2780 1264 807 2781 1265 808 2782 1266 809 2783 1266 809 2784 1267 810 2785 1264 807 2786 1267 810 2787 1266 809 2788 1268 811 2789 1268 811 2790 1269 812 2791 1267 810 2792 1270 813 2793 1271 814 2794 1272 815 2795 1272 815 2796 1273 816 2797 1270 813 2798 1273 816 2799 1272 815 2800 1274 817 2801 1274 817 2802 1275 818 2803 1273 816 2804 1275 818 2805 1274 817 2806 1276 819 2807 1276 819 2808 1277 820 2809 1275 818 2810 1277 820 2811 1276 819 2812 1278 821 2813 1278 821 2814 1279 822 2815 1277 820 2816 1279 822 2817 1278 821 2818 1280 823 2819 1280 823 2820 1281 824 2821 1279 822 2822 1282 825 2823 1283 826 2824 1284 827 2825 1284 827 2826 1285 828 2827 1282 825 2828 1285 828 2829 1284 827 2830 1286 829 2831 1286 829 2832 1287 830 2833 1285 828 2834 1287 830 2835 1286 829 2836 1288 831 2837 1288 831 2838 1289 832 2839 1287 830 2840 1289 832 2841 1288 831 2842 1290 833 2843 1290 833 2844 1291 834 2845 1289 832 2846 1292 835 2847 1293 836 2848 1294 837 2849 1294 837 2850 1295 838 2851 1292 835 2852 1295 838 2853 1294 837 2854 1296 839 2855 1296 839 2856 1297 840 2857 1295 838 2858 1297 840 2859 1296 839 2860 1298 841 2861 1298 841 2862 1299 842 2863 1297 840 2864 1299 842 2865 1298 841 2866 1300 843 2867 1300 843 2868 1301 844 2869 1299 842 2870 1301 844 2871 1300 843 2872 1302 845 2873 1302 845 2874 1303 846 2875 1301 844 2876 1304 847 2877 1305 848 2878 1306 849 2879 1306 849 2880 1307 850 2881 1304 847 2882 1307 850 2883 1306 849 2884 1265 808 2885 1265 808 2886 1264 807 2887 1307 850 2888 1308 851 2889 1309 851 2890 1310 851 2891 1310 5 2892 1311 5 2893 1308 5 2894 1310 852 2895 1312 852 2896 1313 852 2897 1313 5 2898 1314 5 2899 1310 5 2900 1313 853 2901 1315 853 2902 1314 853 2903 1316 5 2904 1314 5 2905 1317 5 2906 1317 5 2907 1318 5 2908 1316 5 2909 1318 5 2910 1319 5 2911 1316 5 2912 1311 5 2913 1310 5 2914 1314 5 2915 1314 5 2916 1316 5 2917 1311 5 2918 1316 854 2919 1320 854 2920 1321 854 2921 1321 5 2922 1311 5 2923 1316 5 2924 1321 855 2925 1322 855 2926 1311 855 2927 1323 5 2928 1308 5 2929 1311 5 2930 1311 856 2931 1324 856 2932 1323 856 2933 1325 5 2934 1308 5 2935 1323 5 2936 1326 857 2937 1327 857 2938 1328 857 2939 1328 858 2940 1329 858 2941 1326 858 2942 1330 859 2943 1327 859 2944 1326 859 2945 1326 5 2946 1331 5 2947 1330 5 2948 1332 860 2949 1333 860 2950 1330 860 2951 1330 861 2952 1331 861 2953 1332 861 2954 1333 5 2955 1332 5 2956 1334 5 2957 1334 862 2958 1335 862 2959 1333 862 2960 1336 863 2961 1335 863 2962 1334 863 2963 1334 864 2964 1337 864 2965 1336 864 2966 1338 865 2967 1336 865 2968 1337 865 2969 1337 866 2970 1339 866 2971 1338 866 2972 1340 867 2973 1338 867 2974 1339 867 2975 1339 868 2976 1341 868 2977 1340 868 2978 1342 869 2979 1340 869 2980 1341 869 2981 1341 5 2982 1343 5 2983 1342 5 2984 1344 870 2985 1342 870 2986 1343 870 2987 1343 871 2988 1345 871 2989 1344 871 2990 1346 5 2991 1344 5 2992 1345 5 2993 1345 5 2994 1347 5 2995 1346 5 2996 1348 872 2997 1346 872 2998 1347 872 2999 1347 873 3000 1349 873 3001 1348 873 3002 1350 5 3003 1351 5 3004 1348 5 3005 1348 874 3006 1349 874 3007 1350 874 3008 1352 5 3009 1353 5 3010 1351 5 3011 1351 875 3012 1350 875 3013 1352 875 3014 1354 5 3015 1355 5 3016 1353 5 3017 1353 5 3018 1352 5 3019 1354 5 3020 1356 876 3021 1355 876 3022 1354 876 3023 1354 877 3024 1357 877 3025 1356 877 3026 1358 878 3027 1356 878 3028 1357 878 3029 1357 879 3030 1359 879 3031 1358 879 3032 1359 5 3033 1360 5 3034 1361 5 3035 1361 880 3036 1358 880 3037 1359 880 3038 1328 881 3039 1361 881 3040 1360 881 3041 1360 5 3042 1329 5 3043 1328 5 3044 1362 882 3045 1363 883 3046 1364 884 3047 1364 884 3048 1365 885 3049 1362 882 3050 1362 882 3051 1366 886 3052 1367 887 3053 1367 887 3054 1363 883 3055 1362 882 3056 1368 888 3057 1369 889 3058 1370 890 3059 1370 890 3060 1371 891 3061 1368 888 3062 1368 888 3063 1372 892 3064 1373 893 3065 1373 893 3066 1369 889 3067 1368 888 3068 1374 894 3069 1373 893 3070 1372 892 3071 1372 892 3072 1375 895 3073 1374 894 3074 1374 894 3075 1375 895 3076 1376 896 3077 1376 896 3078 1377 897 3079 1374 894 3080 1378 898 3081 1379 899 3082 1377 897 3083 1377 897 3084 1376 896 3085 1378 898 3086 1380 900 3087 1381 901 3088 1382 902 3089 1382 902 3090 1383 903 3091 1380 900 3092 1384 904 3093 1385 905 3094 1381 901 3095 1381 901 3096 1380 900 3097 1384 904 3098 1384 904 3099 1386 906 3100 1387 907 3101 1387 907 3102 1385 905 3103 1384 904 3104 1387 907 3105 1386 906 3106 1388 908 3107 1388 908 3108 1389 909 3109 1387 907 3110 1390 910 3111 1391 911 3112 1392 912 3113 1392 912 3114 1393 913 3115 1390 910 3116 1394 914 3117 1395 915 3118 1390 910 3119 1390 910 3120 1393 913 3121 1394 914 3122 1396 916 3123 1397 917 3124 1395 915 3125 1395 915 3126 1394 914 3127 1396 916 3128 1398 918 3129 1397 917 3130 1396 916 3131 1396 916 3132 1399 919 3133 1398 918 3134 1400 920 3135 1401 921 3136 1398 918 3137 1398 918 3138 1399 919 3139 1400 920 3140 1402 922 3141 1403 923 3142 1404 924 3143 1404 924 3144 1405 925 3145 1402 922 3146 1365 885 3147 1364 884 3148 1405 925 3149 1405 925 3150 1404 924 3151 1365 885 3152 1406 926 3153 1407 926 3154 1408 926 3155 1408 927 3156 1409 927 3157 1406 927 3158 1410 928 3159 1411 928 3160 1407 928 3161 1407 929 3162 1406 929 3163 1410 929 3164 1412 930 3165 1413 930 3166 1411 930 3167 1411 931 3168 1410 931 3169 1412 931 3170 1414 932 3171 1413 932 3172 1412 932 3173 1412 5 3174 1415 5 3175 1414 5 3176 1415 933 3177 1416 933 3178 1417 933 3179 1417 5 3180 1414 5 3181 1415 5 3182 1418 5 3183 1417 5 3184 1416 5 3185 1416 934 3186 1419 934 3187 1418 934 3188 1420 935 3189 1418 935 3190 1419 935 3191 1419 936 3192 1421 936 3193 1420 936 3194 1420 5 3195 1421 5 3196 1422 5 3197 1422 937 3198 1423 937 3199 1420 937 3200 1424 5 3201 1423 5 3202 1422 5 3203 1422 938 3204 1425 938 3205 1424 938 3206 1426 939 3207 1424 939 3208 1425 939 3209 1425 5 3210 1427 5 3211 1426 5 3212 1426 940 3213 1427 940 3214 1428 940 3215 1428 941 3216 1429 941 3217 1426 941 3218 1429 942 3219 1428 942 3220 1430 942 3221 1430 943 3222 1431 943 3223 1429 943 3224 1432 944 3225 1431 944 3226 1430 944 3227 1430 5 3228 1433 5 3229 1432 5 3230 1434 5 3231 1435 5 3232 1432 5 3233 1432 945 3234 1433 945 3235 1434 945 3236 1436 5 3237 1437 5 3238 1435 5 3239 1435 5 3240 1434 5 3241 1436 5 3242 1436 946 3243 1438 946 3244 1439 946 3245 1439 947 3246 1437 947 3247 1436 947 3248 1440 5 3249 1441 5 3250 1439 5 3251 1439 948 3252 1438 948 3253 1440 948 3254 1441 949 3255 1440 949 3256 1409 949 3257 1409 950 3258 1408 950 3259 1441 950 3260 1442 951 3261 1443 952 3262 1444 953 3263 1444 953 3264 1445 954 3265 1442 951 3266 1443 952 3267 1442 951 3268 1446 955 3269 1446 955 3270 1447 956 3271 1443 952 3272 1448 957 3273 1449 958 3274 1450 959 3275 1450 959 3276 1451 960 3277 1448 957 3278 1448 957 3279 1452 961 3280 1453 962 3281 1453 962 3282 1449 958 3283 1448 957 3284 1454 963 3285 1455 964 3286 1453 962 3287 1453 962 3288 1452 961 3289 1454 963 3290 1455 964 3291 1454 963 3292 1456 965 3293 1456 965 3294 1457 966 3295 1455 964 3296 1458 967 3297 1457 966 3298 1456 965 3299 1456 965 3300 1459 968 3301 1458 967 3302 1460 969 3303 1461 970 3304 1462 971 3305 1462 971 3306 1463 972 3307 1460 969 3308 1464 973 3309 1463 972 3310 1462 971 3311 1462 971 3312 1465 974 3313 1464 973 3314 1466 975 3315 1464 973 3316 1465 974 3317 1465 974 3318 1467 976 3319 1466 975 3320 1466 975 3321 1467 976 3322 1468 977 3323 1468 977 3324 1469 978 3325 1466 975 3326 1470 979 3327 1471 980 3328 1472 981 3329 1472 981 3330 1473 982 3331 1470 979 3332 1473 982 3333 1472 981 3334 1474 983 3335 1474 983 3336 1475 984 3337 1473 982 3338 1476 985 3339 1477 986 3340 1475 984 3341 1475 984 3342 1474 983 3343 1476 985 3344 1478 987 3345 1477 986 3346 1476 985 3347 1476 985 3348 1479 988 3349 1478 987 3350 1479 988 3351 1480 989 3352 1481 990 3353 1481 990 3354 1478 987 3355 1479 988 3356 1482 991 3357 1483 992 3358 1484 993 3359 1484 993 3360 1485 994 3361 1482 991 3362 1445 954 3363 1444 953 3364 1482 991 3365 1482 991 3366 1485 994 3367 1445 954 3368 1486 995 3369 1487 996 3370 1488 997 3371 1488 997 3372 1489 998 3373 1486 995 3374 1490 999 3375 1487 996 3376 1486 995 3377 1486 995 3378 1491 1000 3379 1490 999 3380 1492 1001 3381 1493 1002 3382 1494 1003 3383 1494 1003 3384 1495 1004 3385 1492 1001 3386 1496 1005 3387 1497 1006 3388 1493 1002 3389 1493 1002 3390 1492 1001 3391 1496 1005 3392 1496 1005 3393 1498 1007 3394 1499 1008 3395 1499 1008 3396 1497 1006 3397 1496 1005 3398 1498 1007 3399 1500 1009 3400 1501 1010 3401 1501 1010 3402 1499 1008 3403 1498 1007 3404 1502 1011 3405 1501 1010 3406 1500 1009 3407 1500 1009 3408 1503 1012 3409 1502 1011 3410 1504 1013 3411 1505 1014 3412 1506 1015 3413 1506 1015 3414 1507 1016 3415 1504 1013 3416 1504 1013 3417 1508 1017 3418 1509 1018 3419 1509 1018 3420 1505 1014 3421 1504 1013 3422 1510 1019 3423 1509 1018 3424 1508 1017 3425 1508 1017 3426 1511 1020 3427 1510 1019 3428 1511 1020 3429 1512 1021 3430 1513 1022 3431 1513 1022 3432 1510 1019 3433 1511 1020 3434 1514 1023 3435 1515 1024 3436 1516 1025 3437 1516 1025 3438 1517 1026 3439 1514 1023 3440 1518 1027 3441 1514 1023 3442 1517 1026 3443 1517 1026 3444 1519 1028 3445 1518 1027 3446 1519 1028 3447 1520 1029 3448 1521 1030 3449 1521 1030 3450 1518 1027 3451 1519 1028 3452 1522 1031 3453 1521 1030 3454 1520 1029 3455 1520 1029 3456 1523 1032 3457 1522 1031 3458 1523 1032 3459 1524 1033 3460 1525 1034 3461 1525 1034 3462 1522 1031 3463 1523 1032 3464 1526 1035 3465 1527 1036 3466 1528 1037 3467 1528 1037 3468 1529 1038 3469 1526 1035 3470 1489 998 3471 1488 997 3472 1526 1035 3473 1526 1035 3474 1529 1038 3475 1489 998 3476 1530 1039 3477 1531 1039 3478 1532 1039 3479 1532 5 3480 1533 5 3481 1530 5 3482 1532 5 3483 1534 5 3484 1535 5 3485 1535 5 3486 1536 5 3487 1532 5 3488 1535 5 3489 1537 5 3490 1536 5 3491 1536 5 3492 1538 5 3493 1539 5 3494 1539 5 3495 1540 5 3496 1536 5 3497 1539 5 3498 1541 5 3499 1540 5 3500 1540 5 3501 1533 5 3502 1532 5 3503 1532 5 3504 1536 5 3505 1540 5 3506 1542 5 3507 1533 5 3508 1540 5 3509 1540 5 3510 1543 5 3511 1542 5 3512 1542 5 3513 1544 5 3514 1533 5 3515 1530 1040 3516 1533 1040 3517 1545 1040 3518 1545 5 3519 1546 5 3520 1530 5 3521 1547 5 3522 1530 5 3523 1546 5 3524 1548 1041 3525 1549 10 3526 1550 1042 3527 1550 1042 3528 1551 1043 3529 1548 1041 3530 1552 1044 3531 1553 1045 3532 1554 1046 3533 1554 1046 3534 1555 1047 3535 1552 1044 3536 1550 1042 3537 1556 1048 3538 1557 1049 3539 1557 1049 3540 1551 1043 3541 1550 1042 3542 1558 1050 3543 1555 1047 3544 1554 1046 3545 1554 1046 3546 1559 1051 3547 1558 1050 3548 1560 1052 3549 1561 1053 3550 1562 1054 3551 1562 1054 3552 1563 1055 3553 1560 1052 3554 1564 1056 3555 1565 1057 3556 1566 1058 3557 1566 1058 3558 1567 1059 3559 1564 1056 3560 1560 1052 3561 1563 1055 3562 1568 1060 3563 1568 1060 3564 1569 1061 3565 1560 1052 3566 1570 1062 3567 1566 1058 3568 1565 1057 3569 1565 1057 3570 1571 1063 3571 1570 1062 3572 1569 1061 3573 1568 1060 3574 1572 1064 3575 1572 1064 3576 1573 1065 3577 1569 1061 3578 1570 1062 3579 1571 1063 3580 1574 1066 3581 1574 1066 3582 1575 1067 3583 1570 1062 3584 1573 1065 3585 1572 1064 3586 1576 1068 3587 1576 1068 3588 1577 1069 3589 1573 1065 3590 1578 1070 3591 1575 1067 3592 1574 1066 3593 1574 1066 3594 1579 1071 3595 1578 1070 3596 1580 1072 3597 1577 1069 3598 1576 1068 3599 1576 1068 3600 1581 1073 3601 1580 1072 3602 1582 1074 3603 1578 1070 3604 1579 1071 3605 1579 1071 3606 1583 1075 3607 1582 1074 3608 1584 1076 3609 1585 1077 3610 1586 1078 3611 1586 1078 3612 1587 1079 3613 1584 1076 3614 1588 1080 3615 1589 1081 3616 1590 1082 3617 1590 1082 3618 1591 1083 3619 1588 1080 3620 1592 1084 3621 1584 1076 3622 1587 1079 3623 1587 1079 3624 1593 1085 3625 1592 1084 3626 1589 1081 3627 1594 1086 3628 1595 1087 3629 1595 1087 3630 1590 1082 3631 1589 1081 3632 1596 1088 3633 1592 1084 3634 1593 1085 3635 1593 1085 3636 1597 1089 3637 1596 1088 3638 1594 1086 3639 1598 1090 3640 1599 1091 3641 1599 1091 3642 1595 1087 3643 1594 1086 3644 1597 1089 3645 1600 1092 3646 1601 1093 3647 1601 1093 3648 1596 1088 3649 1597 1089 3650 1602 1094 3651 1599 1091 3652 1598 1090 3653 1598 1090 3654 1603 1095 3655 1602 1094 3656 1604 1096 3657 1605 1097 3658 1606 1098 3659 1606 1098 3660 1607 1099 3661 1604 1096 3662 1608 1100 3663 1609 1101 3664 1610 1102 3665 1610 1102 3666 1611 1103 3667 1608 1100 3668 1612 1104 3669 1613 1105 3670 1604 1096 3671 1604 1096 3672 1607 1099 3673 1612 1104 3674 1610 1102 3675 1614 1106 3676 1615 1107 3677 1615 1107 3678 1611 1103 3679 1610 1102 3680 1613 1105 3681 1612 1104 3682 1616 1108 3683 1616 1108 3684 1617 1109 3685 1613 1105 3686 1618 1110 3687 1615 1107 3688 1614 1106 3689 1614 1106 3690 1619 1111 3691 1618 1110 3692 1616 1108 3693 1620 1112 3694 1621 1113 3695 1621 1113 3696 1617 1109 3697 1616 1108 3698 1622 1114 3699 1618 1110 3700 1619 1111 3701 1619 1111 3702 1623 1115 3703 1622 1114 3704 1624 1116 3705 1621 1113 3706 1620 1112 3707 1620 1112 3708 1625 1117 3709 1624 1116 3710 1626 1118 3711 1622 1114 3712 1623 1115 3713 1623 1115 3714 1627 1119 3715 1626 1118 3716 1628 1120 3717 1629 1121 3718 1630 1122 3719 1630 1122 3720 1631 1123 3721 1628 1120 3722 1632 1124 3723 1633 1125 3724 1634 1126 3725 1634 1126 3726 1635 1127 3727 1632 1124 3728 1548 1041 3729 1628 1120 3730 1631 1123 3731 1631 1123 3732 1549 10 3733 1548 1041 3734 1634 1126 3735 1553 1045 3736 1552 1044 3737 1552 1044 3738 1635 1127 3739 1634 1126 3740 1636 5 3741 1637 5 3742 1638 5 3743 1638 1128 3744 1639 1128 3745 1636 1128 3746 1640 5 3747 1639 5 3748 1638 5 3749 1638 5 3750 1641 5 3751 1640 5 3752 1640 1129 3753 1641 1129 3754 1642 1129 3755 1642 1130 3756 1643 1130 3757 1640 1130 3758 1642 1131 3759 1644 1131 3760 1645 1131 3761 1645 1132 3762 1643 1132 3763 1642 1132 3764 1646 5 3765 1647 5 3766 1645 5 3767 1645 1133 3768 1644 1133 3769 1646 1133 3770 1646 1134 3771 1648 1134 3772 1649 1134 3773 1649 1135 3774 1647 1135 3775 1646 1135 3776 1649 5 3777 1648 5 3778 1650 5 3779 1650 5 3780 1651 5 3781 1649 5 3782 1651 1136 3783 1650 1136 3784 1652 1136 3785 1652 5 3786 1653 5 3787 1651 5 3788 1654 5 3789 1653 5 3790 1652 5 3791 1652 5 3792 1655 5 3793 1654 5 3794 1655 5 3795 1656 5 3796 1657 5 3797 1657 5 3798 1654 5 3799 1655 5 3800 1657 5 3801 1656 5 3802 1658 5 3803 1658 1137 3804 1659 1137 3805 1657 1137 3806 1659 5 3807 1658 5 3808 1660 5 3809 1660 1138 3810 1661 1138 3811 1659 1138 3812 1662 5 3813 1661 5 3814 1660 5 3815 1660 1139 3816 1663 1139 3817 1662 1139 3818 1664 5 3819 1665 5 3820 1662 5 3821 1662 5 3822 1663 5 3823 1664 5 3824 1666 1140 3825 1665 1140 3826 1664 1140 3827 1664 1141 3828 1667 1141 3829 1666 1141 3830 1666 1142 3831 1667 1142 3832 1668 1142 3833 1668 5 3834 1669 5 3835 1666 5 3836 1669 1143 3837 1668 1143 3838 1670 1143 3839 1670 1144 3840 1671 1144 3841 1669 1144 3842 1636 5 3843 1671 5 3844 1670 5 3845 1670 1145 3846 1637 1145 3847 1636 1145 3848 1672 1146 3849 1673 1147 3850 1638 1148 3851 1638 1148 3852 1637 1149 3853 1672 1146 3854 1641 1150 3855 1638 1148 3856 1673 1147 3857 1673 1147 3858 1674 1151 3859 1641 1150 3860 1674 1151 3861 1675 1152 3862 1642 1153 3863 1642 1153 3864 1641 1150 3865 1674 1151 3866 1644 1154 3867 1642 1153 3868 1675 1152 3869 1675 1152 3870 1676 1155 3871 1644 1154 3872 1644 1154 3873 1676 1155 3874 1677 1156 3875 1677 1156 3876 1646 1157 3877 1644 1154 3878 1677 1156 3879 1678 1158 3880 1648 1159 3881 1648 1159 3882 1646 1157 3883 1677 1156 3884 1648 1159 3885 1678 1158 3886 1679 1160 3887 1679 1160 3888 1650 1161 3889 1648 1159 3890 1679 1160 3891 1680 1162 3892 1652 1163 3893 1652 1163 3894 1650 1161 3895 1679 1160 3896 1655 1164 3897 1652 1163 3898 1680 1162 3899 1680 1162 3900 1681 1165 3901 1655 1164 3902 1655 1164 3903 1681 1165 3904 1682 1166 3905 1682 1166 3906 1656 1167 3907 1655 1164 3908 1656 1167 3909 1682 1166 3910 1683 1168 3911 1683 1168 3912 1658 5 3913 1656 1167 3914 1660 1169 3915 1658 5 3916 1683 1168 3917 1683 1168 3918 1684 1170 3919 1660 1169 3920 1660 1169 3921 1684 1170 3922 1685 1171 3923 1685 1171 3924 1663 1172 3925 1660 1169 3926 1664 1173 3927 1663 1172 3928 1685 1171 3929 1685 1171 3930 1686 1174 3931 1664 1173 3932 1664 1173 3933 1686 1174 3934 1687 1175 3935 1687 1175 3936 1667 5 3937 1664 1173 3938 1667 5 3939 1687 1175 3940 1688 1176 3941 1688 1176 3942 1668 1177 3943 1667 5 3944 1668 1177 3945 1688 1176 3946 1689 1178 3947 1689 1178 3948 1670 1179 3949 1668 1177 3950 1670 1179 3951 1689 1178 3952 1672 1146 3953 1672 1146 3954 1637 1149 3955 1670 1179 3956 1690 5 3957 1691 5 3958 1692 5 3959 1692 5 3960 1693 5 3961 1690 5 3962 1694 5 3963 1690 5 3964 1693 5 3965 1693 5 3966 1695 5 3967 1694 5 3968 1694 1180 3969 1695 1180 3970 1696 1180 3971 1696 5 3972 1697 5 3973 1694 5 3974 1697 5 3975 1696 5 3976 1698 5 3977 1698 5 3978 1699 5 3979 1697 5 3980 1699 1181 3981 1698 1181 3982 1700 1181 3983 1700 1182 3984 1701 1182 3985 1699 1182 3986 1701 5 3987 1700 5 3988 1702 5 3989 1702 5 3990 1703 5 3991 1701 5 3992 1703 5 3993 1702 5 3994 1704 5 3995 1704 5 3996 1705 5 3997 1703 5 3998 1705 5 3999 1704 5 4000 1706 5 4001 1706 1183 4002 1707 1183 4003 1705 1183 4004 1708 5 4005 1707 5 4006 1706 5 4007 1706 5 4008 1709 5 4009 1708 5 4010 1709 1184 4011 1710 1184 4012 1711 1184 4013 1711 1185 4014 1708 1185 4015 1709 1185 4016 1711 5 4017 1710 5 4018 1712 5 4019 1712 1186 4020 1713 1186 4021 1711 1186 4022 1713 1187 4023 1712 1187 4024 1714 1187 4025 1714 1188 4026 1715 1188 4027 1713 1188 4028 1714 5 4029 1716 5 4030 1717 5 4031 1717 5 4032 1715 5 4033 1714 5 4034 1717 1189 4035 1716 1189 4036 1718 1189 4037 1718 1190 4038 1719 1190 4039 1717 1190 4040 1720 1191 4041 1719 1191 4042 1718 1191 4043 1718 5 4044 1721 5 4045 1720 5 4046 1720 5 4047 1721 5 4048 1722 5 4049 1722 5 4050 1723 5 4051 1720 5 4052 1724 1192 4053 1723 1192 4054 1722 1192 4055 1722 5 4056 1725 5 4057 1724 5 4058 1724 1193 4059 1725 1193 4060 1692 1193 4061 1692 1194 4062 1691 1194 4063 1724 1194 4064 1726 1195 4065 1727 1196 4066 1728 1197 4067 1728 1197 4068 1729 1198 4069 1726 1195 4070 1730 1199 4071 1731 1200 4072 1727 1196 4073 1727 1196 4074 1726 1195 4075 1730 1199 4076 1732 1201 4077 1733 1202 4078 1734 1203 4079 1734 1203 4080 1735 1204 4081 1732 1201 4082 1732 1201 4083 1736 1205 4084 1737 1206 4085 1737 1206 4086 1733 1202 4087 1732 1201 4088 1737 1206 4089 1736 1205 4090 1738 1207 4091 1738 1207 4092 1739 1208 4093 1737 1206 4094 1740 1209 4095 1741 1210 4096 1739 1208 4097 1739 1208 4098 1738 1207 4099 1740 1209 4100 1740 1209 4101 1742 1211 4102 1743 1212 4103 1743 1212 4104 1741 1210 4105 1740 1209 4106 1744 1213 4107 1745 1214 4108 1746 1215 4109 1746 1215 4110 1747 1216 4111 1744 1213 4112 1746 1215 4113 1745 1214 4114 1748 1217 4115 1748 1217 4116 1749 1218 4117 1746 1215 4118 1750 1219 4119 1749 1218 4120 1748 1217 4121 1748 1217 4122 1751 1220 4123 1750 1219 4124 1752 1221 4125 1750 1219 4126 1751 1220 4127 1751 1220 4128 1753 1222 4129 1752 1221 4130 1754 1223 4131 1755 1224 4132 1756 1225 4133 1756 1225 4134 1757 1226 4135 1754 1223 4136 1758 1227 4137 1755 1224 4138 1754 1223 4139 1754 1223 4140 1759 1228 4141 1758 1227 4142 1760 1229 4143 1758 1227 4144 1759 1228 4145 1759 1228 4146 1761 1230 4147 1760 1229 4148 1762 1231 4149 1763 1232 4150 1760 1229 4151 1760 1229 4152 1761 1230 4153 1762 1231 4154 1764 1233 4155 1763 1232 4156 1762 1231 4157 1762 1231 4158 1765 1234 4159 1764 1233 4160 1766 1235 4161 1767 1236 4162 1768 1237 4163 1768 1237 4164 1769 1238 4165 1766 1235 4166 1767 1236 4167 1766 1235 4168 1729 1198 4169 1729 1198 4170 1728 1197 4171 1767 1236 4172 1770 1239 4173 1771 1240 4174 1486 995 4175 1486 995 4176 1489 998 4177 1770 1239 4178 1770 1239 4179 1489 998 4180 1529 1038 4181 1529 1038 4182 1772 1241 4183 1770 1239 4184 1528 1037 4185 1773 1242 4186 1772 1241 4187 1772 1241 4188 1529 1038 4189 1528 1037 4190 1774 1243 4191 1775 1244 4192 1524 1033 4193 1524 1033 4194 1523 1032 4195 1774 1243 4196 1776 1245 4197 1774 1243 4198 1523 1032 4199 1523 1032 4200 1520 1029 4201 1776 1245 4202 1519 1028 4203 1777 1246 4204 1776 1245 4205 1776 1245 4206 1520 1029 4207 1519 1028 4208 1519 1028 4209 1517 1026 4210 1778 1247 4211 1778 1247 4212 1777 1246 4213 1519 1028 4214 1778 1247 4215 1517 1026 4216 1516 1025 4217 1516 1025 4218 1779 1248 4219 1778 1247 4220 1511 1020 4221 1780 1249 4222 1781 1250 4223 1781 1250 4224 1512 1021 4225 1511 1020 4226 1508 1017 4227 1782 1251 4228 1780 1249 4229 1780 1249 4230 1511 1020 4231 1508 1017 4232 1783 1252 4233 1782 1251 4234 1508 1017 4235 1508 1017 4236 1504 1013 4237 1783 1252 4238 1784 1253 4239 1783 1252 4240 1504 1013 4241 1504 1013 4242 1507 1016 4243 1784 1253 4244 1500 1009 4245 1785 1254 4246 1786 1255 4247 1786 1255 4248 1503 1012 4249 1500 1009 4250 1500 1009 4251 1498 1007 4252 1787 1256 4253 1787 1256 4254 1785 1254 4255 1500 1009 4256 1496 1005 4257 1788 1257 4258 1787 1256 4259 1787 1256 4260 1498 1007 4261 1496 1005 4262 1789 1258 4263 1788 1257 4264 1496 1005 4265 1496 1005 4266 1492 1001 4267 1789 1258 4268 1495 1004 4269 1790 1259 4270 1789 1258 4271 1789 1258 4272 1492 1001 4273 1495 1004 4274 1486 995 4275 1771 1240 4276 1791 1260 4277 1791 1260 4278 1491 1000 4279 1486 995 4280 1673 1147 4281 1672 1146 4282 1792 1261 4283 1792 1261 4284 1793 1262 4285 1673 1147 4286 1794 1263 4287 1674 1151 4288 1673 1147 4289 1673 1147 4290 1793 1262 4291 1794 1263 4292 1794 1263 4293 1795 1264 4294 1675 1152 4295 1675 1152 4296 1674 1151 4297 1794 1263 4298 1795 1264 4299 1796 1265 4300 1676 1155 4301 1676 1155 4302 1675 1152 4303 1795 1264 4304 1797 1266 4305 1677 1156 4306 1676 1155 4307 1676 1155 4308 1796 1265 4309 1797 1266 4310 1797 1266 4311 1798 1267 4312 1678 1158 4313 1678 1158 4314 1677 1156 4315 1797 1266 4316 1799 1268 4317 1679 1160 4318 1678 1158 4319 1678 1158 4320 1798 1267 4321 1799 1268 4322 1680 1162 4323 1679 1160 4324 1799 1268 4325 1799 1268 4326 1800 1269 4327 1680 1162 4328 1801 1270 4329 1681 1165 4330 1680 1162 4331 1680 1162 4332 1800 1269 4333 1801 1270 4334 1802 1271 4335 1682 1166 4336 1681 1165 4337 1681 1165 4338 1801 1270 4339 1802 1271 4340 1802 1271 4341 1803 1272 4342 1683 1168 4343 1683 1168 4344 1682 1166 4345 1802 1271 4346 1803 1272 4347 1804 1273 4348 1684 1170 4349 1684 1170 4350 1683 1168 4351 1803 1272 4352 1805 1274 4353 1685 1171 4354 1684 1170 4355 1684 1170 4356 1804 1273 4357 1805 1274 4358 1805 1274 4359 1806 1275 4360 1686 1174 4361 1686 1174 4362 1685 1171 4363 1805 1274 4364 1807 1276 4365 1687 1175 4366 1686 1174 4367 1686 1174 4368 1806 1275 4369 1807 1276 4370 1807 1276 4371 1808 1277 4372 1688 1176 4373 1688 1176 4374 1687 1175 4375 1807 1276 4376 1809 1278 4377 1689 1178 4378 1688 1176 4379 1688 1176 4380 1808 1277 4381 1809 1278 4382 1792 1261 4383 1672 1146 4384 1689 1178 4385 1689 1178 4386 1809 1278 4387 1792 1261 4388 1826 1279 4389 1830 1279 4390 21 1279 4391 1820 0 4392 5 0 4393 1840 0 4394 1821 0 4395 0 0 4396 1 0 4397 1851 1280 4398 1841 1280 4399 58 1280 4400 1860 1281 4401 59 1281 4402 1864 1281 4403 1850 1282 4404 1855 1282 4405 62 1282 4406 1832 1283 4407 1833 1283 4408 13 1283 4409 1842 12 4410 61 12 4411 58 12 4412 1859 0 4413 1858 0 4414 53 0 4415 1819 12 4416 1822 12 4417 40 12 4418 1824 5 4419 1828 5 4420 14 5 4421 1853 1284 4422 1848 1284 4423 46 1284 4424 1855 11 4425 1854 11 4426 62 11 4427 1829 5 4428 1831 5 4429 13 5 4430 1862 11 4431 44 39 4432 45 23 4433 1866 5 4434 42 5 4435 1865 5 4436 1816 1285 4437 13 1285 4438 9 1285 4439 1848 1286 4440 1847 1286 4441 46 1286 4442 1811 0 4443 1856 0 4444 26 0 4445 1834 0 4446 2 0 4447 1835 0 4448 1838 3 4449 1837 1287 4450 6 4 4451 1870 1288 4452 51 1288 4453 1869 1288 4454 1813 5 4455 15 5 4456 25 5 4457 1845 12 4458 1844 12 4459 23 12 4460 1872 0 4461 1873 0 4462 1874 0 4463 1874 1289 4464 1875 1289 4465 1872 1289 4466 1876 1290 4467 1877 1290 4468 1875 1290 4469 1875 1291 4470 1878 1291 4471 1876 1291 4472 1875 1292 4473 1874 1292 4474 1879 1292 4475 1879 0 4476 1878 0 4477 1875 0 4478 1875 0 4479 1880 0 4480 1881 0 4481 1881 0 4482 1872 0 4483 1875 0 4484 1881 1293 4485 1882 1293 4486 1883 1293 4487 1883 0 4488 1872 0 4489 1881 0 4490 1884 1294 4491 1885 1295 4492 1886 1296 4493 1886 1296 4494 1887 1297 4495 1884 1294 4496 1888 5 4497 1889 5 4498 1890 5 4499 1890 1298 4500 1891 1298 4501 1888 1298 4502 1892 5 4503 1890 5 4504 1889 5 4505 1889 1299 4506 1893 1299 4507 1892 1299 4508 1889 5 4509 1894 5 4510 1895 5 4511 1895 1300 4512 1893 1300 4513 1889 1300 4514 1893 1301 4515 1895 1301 4516 1896 1301 4517 1896 5 4518 1897 5 4519 1893 5 4520 1898 5 4521 1899 5 4522 1893 5 4523 1893 1302 4524 1897 1302 4525 1898 1302 4526 1900 5 4527 1901 5 4528 1902 5 4529 1902 5 4530 1903 5 4531 1900 5 4532 1904 10 4533 1905 10 4534 1906 10 4535 1906 10 4536 1907 10 4537 1904 10 4538 1908 10 4539 1904 10 4540 1907 10 4541 1909 1303 4542 1910 1303 4543 1911 1303 4544 1911 1303 4545 1912 1303 4546 1909 1303 4547 1913 1304 4548 1914 1304 4549 1915 1304 4550 1915 1304 4551 1916 1304 4552 1913 1304 4553 1900 1305 4554 1903 1305 4555 1917 1305 4556 1917 5 4557 1918 5 4558 1900 5 4559 1919 121 4560 1920 121 4561 1921 121 4562 1921 121 4563 1922 121 4564 1919 121 4565 1923 0 4566 1924 0 4567 1925 0 4568 1925 1306 4569 1926 1306 4570 1923 1306 4571 1927 1307 4572 1905 1307 4573 1904 1307 4574 1904 1308 4575 1928 1308 4576 1927 1308 4577 1929 1309 4578 1930 1310 4579 1931 1311 4580 1931 1311 4581 1932 1312 4582 1929 1309 4583 1933 1313 4584 1934 1314 4585 1935 1315 4586 1935 1315 4587 1936 1316 4588 1933 1313 4589 1937 1317 4590 1938 1318 4591 1930 1310 4592 1930 1310 4593 1929 1309 4594 1937 1317 4595 1939 1319 4596 1940 1320 4597 1941 1321 4598 1941 1321 4599 1942 1322 4600 1939 1319 4601 1941 1321 4602 1940 1320 4603 1887 1297 4604 1887 1297 4605 1886 1296 4606 1941 1321 4607 1935 1315 4608 1943 1323 4609 1944 1324 4610 1944 1324 4611 1936 1316 4612 1935 1315 4613 1945 1325 4614 1946 1326 4615 1947 1327 4616 1947 1327 4617 1948 1328 4618 1945 1325 4619 1885 1295 4620 1884 1294 4621 1947 1327 4622 1947 1327 4623 1946 1326 4624 1885 1295 4625 1933 1313 4626 1908 10 4627 1907 10 4628 1907 10 4629 1934 1314 4630 1933 1313 4631 1949 1329 4632 1950 1329 4633 1951 1329 4634 1951 1330 4635 1952 1330 4636 1949 1330 4637 1953 121 4638 1954 121 4639 1932 1312 4640 1932 1312 4641 1931 1311 4642 1953 121 4643 1955 121 4644 1919 121 4645 1922 121 4646 1922 121 4647 1953 121 4648 1955 121 4649 1954 121 4650 1953 121 4651 1922 121 4652 1956 5 4653 1958 5 4654 1957 5 4655 1958 5 4656 1956 5 4657 1959 5 4658 1960 1331 4659 1961 1332 4660 1962 1333 4661 1962 1333 4662 1963 1334 4663 1960 1331 4664 1964 1335 4665 1965 1335 4666 1966 1335 4667 1966 5 4668 1967 5 4669 1964 5 4670 1964 1336 4671 1967 1336 4672 1968 1336 4673 1968 5 4674 1969 5 4675 1964 5 4676 1970 5 4677 1964 5 4678 1969 5 4679 1969 5 4680 1971 5 4681 1970 5 4682 1972 1337 4683 1973 1337 4684 1974 1337 4685 1974 1338 4686 1975 1338 4687 1972 1338 4688 1972 0 4689 1976 0 4690 1977 0 4691 1977 0 4692 1973 0 4693 1972 0 4694 1972 1339 4695 1978 1339 4696 1979 1339 4697 1979 0 4698 1976 0 4699 1972 0 4700 1980 10 4701 1981 1340 4702 1982 1341 4703 1982 1341 4704 1983 10 4705 1980 10 4706 1984 1342 4707 1985 1342 4708 1986 1342 4709 1986 1343 4710 1987 1343 4711 1984 1343 4712 1985 1344 4713 1984 1344 4714 1988 1344 4715 1988 1345 4716 1989 1345 4717 1985 1345 4718 1990 1346 4719 1991 1346 4720 1985 1346 4721 1985 1347 4722 1989 1347 4723 1990 1347 4724 1992 1348 4725 1993 1349 4726 1994 121 4727 1994 121 4728 1995 121 4729 1992 1348 4730 1996 1350 4731 1997 1350 4732 1998 1350 4733 1998 1351 4734 1999 1351 4735 1996 1351 4736 2000 1352 4737 1996 1352 4738 1999 1352 4739 1999 1353 4740 2001 1353 4741 2000 1353 4742 2002 11 4743 2003 11 4744 2001 11 4745 2001 1354 4746 1999 1354 4747 2002 1354 4748 2004 1355 4749 2005 1356 4750 2006 1357 4751 2006 1357 4752 2007 1358 4753 2004 1355 4754 2008 1359 4755 2009 1360 4756 2010 1361 4757 2010 1361 4758 2011 1362 4759 2008 1359 4760 1959 1363 4761 1958 37 4762 2012 1364 4763 2012 1364 4764 2013 1365 4765 1959 1363 4766 2014 1366 4767 1957 1367 4768 1956 1368 4769 1956 1368 4770 2015 1369 4771 2014 1366 4772 1960 1331 4773 1963 1334 4774 2016 1370 4775 2016 1370 4776 2017 1371 4777 1960 1331 4778 1962 1333 4779 1961 1332 4780 2018 1372 4781 2018 1372 4782 2019 1373 4783 1962 1333 4784 1982 1341 4785 1981 1340 4786 2020 1374 4787 2020 1374 4788 2021 1375 4789 1982 1341 4790 1993 1349 4791 1992 1348 4792 2022 1376 4793 2022 1376 4794 2023 1377 4795 1993 1349 4796 1980 10 4797 1983 10 4798 2008 1359 4799 2008 1359 4800 2011 1362 4801 1980 10 4802 2006 1357 4803 1995 121 4804 1994 121 4805 1994 121 4806 2007 1358 4807 2006 1357 4808 2024 1378 4809 2025 1379 4810 2026 1380 4811 2026 1380 4812 2027 1381 4813 2024 1378 4814 2025 1379 4815 2028 1382 4816 2029 1383 4817 2029 1383 4818 2026 1380 4819 2025 1379 4820 2030 1384 4821 2031 1385 4822 2032 1386 4823 2032 1386 4824 2033 1387 4825 2030 1384 4826 2033 1387 4827 2032 1386 4828 2034 1388 4829 2034 1388 4830 2035 1389 4831 2033 1387 4832 2035 1389 4833 2034 1388 4834 2036 1390 4835 2036 1390 4836 2037 1391 4837 2035 1389 4838 2037 1391 4839 2036 1390 4840 2038 1392 4841 2038 1392 4842 2039 1393 4843 2037 1391 4844 2039 1393 4845 2038 1392 4846 2040 1394 4847 2040 1394 4848 2041 1395 4849 2039 1393 4850 2042 1396 4851 2043 1397 4852 2044 1398 4853 2044 1398 4854 2045 1399 4855 2042 1396 4856 2045 1399 4857 2044 1398 4858 2046 1400 4859 2046 1400 4860 2047 1401 4861 2045 1399 4862 2047 1401 4863 2046 1400 4864 2048 1402 4865 2048 1402 4866 2049 1403 4867 2047 1401 4868 2049 1403 4869 2048 1402 4870 2050 1404 4871 2050 1404 4872 2051 1405 4873 2049 1403 4874 2052 1406 4875 2053 1407 4876 2054 1408 4877 2054 1408 4878 2055 1409 4879 2052 1406 4880 2055 1409 4881 2054 1408 4882 2056 1410 4883 2056 1410 4884 2057 1411 4885 2055 1409 4886 2057 1411 4887 2056 1410 4888 2058 1412 4889 2058 1412 4890 2059 1413 4891 2057 1411 4892 2059 1413 4893 2058 1412 4894 2060 1414 4895 2060 1414 4896 2061 1415 4897 2059 1413 4898 2061 1415 4899 2060 1414 4900 2062 1416 4901 2062 1416 4902 2063 1417 4903 2061 1415 4904 2064 1418 4905 2065 1419 4906 2066 1420 4907 2066 1420 4908 2067 1421 4909 2064 1418 4910 2024 1378 4911 2027 1381 4912 2064 1418 4913 2064 1418 4914 2067 1421 4915 2024 1378 4916 2068 1422 4917 2069 1422 4918 2070 1422 4919 2070 11 4920 2071 11 4921 2068 11 4922 2070 11 4923 2072 11 4924 2073 11 4925 2073 11 4926 2074 11 4927 2070 11 4928 2073 1423 4929 2075 1423 4930 2074 1423 4931 2074 1424 4932 2076 1424 4933 2077 1424 4934 2077 11 4935 2078 11 4936 2074 11 4937 2077 11 4938 2079 11 4939 2078 11 4940 2078 11 4941 2080 11 4942 2081 11 4943 2081 11 4944 2082 11 4945 2078 11 4946 2081 11 4947 2083 11 4948 2082 11 4949 2070 11 4950 2074 11 4951 2078 11 4952 2078 11 4953 2082 11 4954 2070 11 4955 2071 11 4956 2070 11 4957 2082 11 4958 2082 1425 4959 2084 1425 4960 2071 1425 4961 2085 11 4962 2068 11 4963 2071 11 4964 2086 1426 4965 2087 1426 4966 2088 1426 4967 2088 1427 4968 2089 1427 4969 2086 1427 4970 2090 11 4971 2091 11 4972 2089 11 4973 2089 11 4974 2088 11 4975 2090 11 4976 2092 1428 4977 2091 1428 4978 2090 1428 4979 2090 94 4980 2093 94 4981 2092 94 4982 2093 1429 4983 2094 1429 4984 2095 1429 4985 2095 427 4986 2092 427 4987 2093 427 4988 2095 11 4989 2094 11 4990 2096 11 4991 2096 11 4992 2097 11 4993 2095 11 4994 2097 428 4995 2096 428 4996 2098 428 4997 2098 97 4998 2099 97 4999 2097 97 5000 2100 11 5001 2099 11 5002 2098 11 5003 2098 1430 5004 2101 1430 5005 2100 1430 5006 2100 1431 5007 2101 1431 5008 2102 1431 5009 2102 11 5010 2103 11 5011 2100 11 5012 2103 1426 5013 2102 1426 5014 2104 1426 5015 2104 324 5016 2105 324 5017 2103 324 5018 2105 1432 5019 2104 1432 5020 2106 1432 5021 2106 1433 5022 2107 1433 5023 2105 1433 5024 2107 421 5025 2106 421 5026 2108 421 5027 2108 11 5028 2109 11 5029 2107 11 5030 2109 1434 5031 2108 1434 5032 2110 1434 5033 2110 11 5034 2111 11 5035 2109 11 5036 2111 11 5037 2110 11 5038 2112 11 5039 2112 11 5040 2113 11 5041 2111 11 5042 2113 11 5043 2112 11 5044 2114 11 5045 2114 11 5046 2115 11 5047 2113 11 5048 2115 11 5049 2114 11 5050 2116 11 5051 2116 11 5052 2117 11 5053 2115 11 5054 2117 11 5055 2116 11 5056 2118 11 5057 2118 1435 5058 2119 1435 5059 2117 1435 5060 2120 1436 5061 2121 1436 5062 2119 1436 5063 2119 1437 5064 2118 1437 5065 2120 1437 5066 2086 11 5067 2121 11 5068 2120 11 5069 2120 11 5070 2087 11 5071 2086 11 5072 2122 110 5073 2123 110 5074 2124 110 5075 2124 109 5076 2125 109 5077 2122 109 5078 2126 1438 5079 2127 1439 5080 2128 1440 5081 2128 1440 5082 2129 1441 5083 2126 1438 5084 2130 1442 5085 2131 1443 5086 2132 1444 5087 2132 1444 5088 2133 1445 5089 2130 1442 5090 2134 119 5091 2135 119 5092 2136 119 5093 2136 224 5094 2137 224 5095 2134 224 5096 2138 121 5097 2139 121 5098 2140 121 5099 2140 121 5100 2141 121 5101 2138 121 5102 2142 1446 5103 2143 1446 5104 2144 1446 5105 2144 123 5106 2145 123 5107 2142 123 5108 2146 1447 5109 2147 1448 5110 2148 1449 5111 2148 1449 5112 2149 1450 5113 2146 1447 5114 2150 1451 5115 2151 1452 5116 2152 1453 5117 2152 1453 5118 2153 1454 5119 2150 1451 5120 2154 133 5121 2155 133 5122 2156 133 5123 2156 132 5124 2157 132 5125 2154 132 5126 2158 135 5127 2159 135 5128 2160 135 5129 2160 134 5130 2161 134 5131 2158 134 5132 2162 1455 5133 2163 1456 5134 2164 1457 5135 2164 1457 5136 2165 1458 5137 2162 1455 5138 2166 1459 5139 2167 1460 5140 2168 1461 5141 2168 1461 5142 2169 1462 5143 2166 1459 5144 2170 1463 5145 2171 1463 5146 2172 1463 5147 2172 1464 5148 2173 1464 5149 2170 1464 5150 2174 10 5151 2175 10 5152 2176 10 5153 2176 10 5154 2177 10 5155 2174 10 5156 2178 1465 5157 2179 1465 5158 2180 1465 5159 2180 1466 5160 2181 1466 5161 2178 1466 5162 2182 1467 5163 2183 1468 5164 2184 1469 5165 2184 1469 5166 2185 1470 5167 2182 1467 5168 2186 1471 5169 2187 1472 5170 2188 1473 5171 2188 1473 5172 2189 1474 5173 2186 1471 5174 2190 156 5175 2191 156 5176 2192 156 5177 2192 155 5178 2193 155 5179 2190 155 5180 2194 1475 5181 2195 1476 5182 2196 1477 5183 2196 1477 5184 2197 1478 5185 2194 1475 5186 2194 1475 5187 2198 1479 5188 2199 1480 5189 2199 1480 5190 2195 1476 5191 2194 1475 5192 2200 1481 5193 2201 1385 5194 2202 1482 5195 2202 1482 5196 2203 1483 5197 2200 1481 5198 2203 1483 5199 2202 1482 5200 2204 1484 5201 2204 1484 5202 2205 1485 5203 2203 1483 5204 2205 1485 5205 2204 1484 5206 2206 1486 5207 2206 1486 5208 2207 1487 5209 2205 1485 5210 2207 1487 5211 2206 1486 5212 2208 1488 5213 2208 1488 5214 2209 1489 5215 2207 1487 5216 2209 1489 5217 2208 1488 5218 2210 1490 5219 2210 1490 5220 2211 1491 5221 2209 1489 5222 2212 1492 5223 2213 1493 5224 2214 1494 5225 2214 1494 5226 2215 1495 5227 2212 1492 5228 2216 1496 5229 2215 1495 5230 2214 1494 5231 2214 1494 5232 2217 1497 5233 2216 1496 5234 2216 1496 5235 2217 1497 5236 2218 1498 5237 2218 1498 5238 2219 1499 5239 2216 1496 5240 2219 1499 5241 2218 1498 5242 2220 1500 5243 2220 1500 5244 2221 1501 5245 2219 1499 5246 2222 1502 5247 2223 1503 5248 2224 1504 5249 2224 1504 5250 2225 1505 5251 2222 1502 5252 2222 1502 5253 2225 1505 5254 2226 1506 5255 2226 1506 5256 2227 1507 5257 2222 1502 5258 2227 1507 5259 2226 1506 5260 2228 191 5261 2228 191 5262 2229 1508 5263 2227 1507 5264 2229 1508 5265 2228 191 5266 2230 1509 5267 2230 1509 5268 2231 1510 5269 2229 1508 5270 2231 1510 5271 2230 1509 5272 2232 1511 5273 2232 1511 5274 2233 1512 5275 2231 1510 5276 2234 1513 5277 2235 1514 5278 2236 1515 5279 2236 1515 5280 2237 1516 5281 2234 1513 5282 2237 1516 5283 2236 1515 5284 2197 1478 5285 2197 1478 5286 2196 1477 5287 2237 1516 5288 2238 11 5289 2239 11 5290 2240 11 5291 2240 11 5292 2241 11 5293 2238 11 5294 2239 11 5295 2242 11 5296 2243 11 5297 2243 11 5298 2244 11 5299 2239 11 5300 2243 1517 5301 2245 1517 5302 2244 1517 5303 2244 1424 5304 2246 1424 5305 2247 1424 5306 2247 11 5307 2248 11 5308 2244 11 5309 2247 11 5310 2249 11 5311 2248 11 5312 2250 1518 5313 2248 1518 5314 2251 1518 5315 2251 11 5316 2252 11 5317 2250 11 5318 2252 11 5319 2253 11 5320 2250 11 5321 2244 11 5322 2248 11 5323 2250 11 5324 2250 11 5325 2239 11 5326 2244 11 5327 2250 1519 5328 2254 1519 5329 2240 1519 5330 2240 11 5331 2239 11 5332 2250 11 5333 2255 11 5334 2241 11 5335 2240 11 5336 2256 1520 5337 2257 1520 5338 2258 1520 5339 2258 204 5340 2259 204 5341 2256 204 5342 2260 11 5343 2261 11 5344 2258 11 5345 2258 11 5346 2257 11 5347 2260 11 5348 2260 94 5349 2262 94 5350 2263 94 5351 2263 1521 5352 2261 1521 5353 2260 1521 5354 2264 11 5355 2265 11 5356 2263 11 5357 2263 11 5358 2262 11 5359 2264 11 5360 2266 11 5361 2267 11 5362 2265 11 5363 2265 11 5364 2264 11 5365 2266 11 5366 2267 428 5367 2266 428 5368 2268 428 5369 2268 97 5370 2269 97 5371 2267 97 5372 2270 1522 5373 2271 1522 5374 2269 1522 5375 2269 11 5376 2268 11 5377 2270 11 5378 2271 1523 5379 2270 1523 5380 2272 1523 5381 2272 11 5382 2273 11 5383 2271 11 5384 2272 1524 5385 2274 1524 5386 2275 1524 5387 2275 11 5388 2273 11 5389 2272 11 5390 2276 1525 5391 2277 1525 5392 2278 1525 5393 2278 1526 5394 2279 1526 5395 2276 1526 5396 2280 11 5397 2281 11 5398 2282 11 5399 2282 313 5400 2283 313 5401 2280 313 5402 2284 11 5403 2285 11 5404 2281 11 5405 2281 1527 5406 2280 1527 5407 2284 1527 5408 2284 1528 5409 2286 1528 5410 2287 1528 5411 2287 210 5412 2285 210 5413 2284 210 5414 2286 1529 5415 2288 1529 5416 2289 1529 5417 2289 1530 5418 2287 1530 5419 2286 1530 5420 2289 11 5421 2288 11 5422 2290 11 5423 2290 11 5424 2291 11 5425 2289 11 5426 2291 11 5427 2290 11 5428 2292 11 5429 2292 1531 5430 2293 1531 5431 2291 1531 5432 2293 1532 5433 2292 1532 5434 2294 1532 5435 2294 1533 5436 2295 1533 5437 2293 1533 5438 2296 316 5439 2297 316 5440 2298 316 5441 2298 1526 5442 2299 1526 5443 2296 1526 5444 2300 109 5445 2301 109 5446 2302 109 5447 2302 110 5448 2303 110 5449 2300 110 5450 2304 1534 5451 2305 1535 5452 2306 1536 5453 2306 1536 5454 2307 1537 5455 2304 1534 5456 2308 1538 5457 2309 1539 5458 2310 1540 5459 2310 1540 5460 2311 1541 5461 2308 1538 5462 2312 224 5463 2313 224 5464 2314 224 5465 2314 225 5466 2315 225 5467 2312 225 5468 2316 121 5469 2317 121 5470 2318 121 5471 2318 121 5472 2319 121 5473 2316 121 5474 2320 122 5475 2321 122 5476 2322 122 5477 2322 1446 5478 2323 1446 5479 2320 1446 5480 2324 1542 5481 2325 1543 5482 2326 1544 5483 2326 1544 5484 2327 1545 5485 2324 1542 5486 2328 1546 5487 2329 1547 5488 2330 1548 5489 2330 1548 5490 2331 1549 5491 2328 1546 5492 2332 132 5493 2333 132 5494 2334 132 5495 2334 133 5496 2335 133 5497 2332 133 5498 2336 354 5499 2337 354 5500 2338 354 5501 2338 1550 5502 2339 1551 5503 2336 1552 5504 2340 1553 5505 2341 1554 5506 2342 1555 5507 2342 1555 5508 2343 1556 5509 2340 1553 5510 2344 1557 5511 2345 1558 5512 2346 1559 5513 2346 1559 5514 2347 1560 5515 2344 1557 5516 2348 1561 5517 2349 1562 5518 2350 1563 5519 2350 1563 5520 2351 250 5521 2348 1561 5522 2352 10 5523 2353 10 5524 2354 10 5525 2354 10 5526 2355 10 5527 2352 10 5528 2356 251 5529 2357 252 5530 2358 253 5531 2358 253 5532 2359 254 5533 2356 251 5534 2360 1564 5535 2361 1565 5536 2362 1566 5537 2362 1566 5538 2363 1567 5539 2360 1564 5540 2364 1568 5541 2365 1569 5542 2366 1570 5543 2366 1570 5544 2367 1571 5545 2364 1568 5546 2368 372 5547 2369 372 5548 2370 372 5549 2370 1572 5550 2371 1573 5551 2368 1574 5552 2372 1575 5553 2373 1576 5554 2374 1577 5555 2374 1577 5556 2375 1578 5557 2372 1575 5558 2376 1579 5559 2377 1580 5560 2375 1578 5561 2375 1578 5562 2374 1577 5563 2376 1579 5564 2378 1581 5565 2379 1582 5566 2380 1583 5567 2380 1583 5568 2381 1584 5569 2378 1581 5570 2382 1585 5571 2380 1583 5572 2379 1582 5573 2379 1582 5574 2383 1586 5575 2382 1585 5576 2383 1586 5577 2384 1587 5578 2385 1588 5579 2385 1588 5580 2382 1585 5581 2383 1586 5582 2384 1587 5583 2386 1589 5584 2387 1590 5585 2387 1590 5586 2385 1588 5587 2384 1587 5588 2387 1590 5589 2386 1589 5590 2388 1591 5591 2388 1591 5592 2389 1592 5593 2387 1590 5594 2390 1593 5595 2391 1594 5596 2392 1595 5597 2392 1595 5598 2393 1596 5599 2390 1593 5600 2394 1597 5601 2395 1598 5602 2392 1595 5603 2392 1595 5604 2391 1594 5605 2394 1597 5606 2394 1597 5607 2396 1599 5608 2397 1600 5609 2397 1600 5610 2395 1598 5611 2394 1597 5612 2398 1601 5613 2399 1602 5614 2397 1600 5615 2397 1600 5616 2396 1599 5617 2398 1601 5618 2400 1603 5619 2401 1604 5620 2402 1605 5621 2402 1605 5622 2403 1606 5623 2400 1603 5624 2404 1607 5625 2402 1605 5626 2401 1604 5627 2401 1604 5628 2405 1608 5629 2404 1607 5630 2406 1609 5631 2407 1610 5632 2404 1607 5633 2404 1607 5634 2405 1608 5635 2406 1609 5636 2406 1609 5637 2408 1611 5638 2409 1612 5639 2409 1612 5640 2407 1610 5641 2406 1609 5642 2409 1612 5643 2408 1611 5644 2410 1613 5645 2410 1613 5646 2411 1614 5647 2409 1612 5648 2412 1615 5649 2413 1616 5650 2414 1617 5651 2414 1617 5652 2415 1618 5653 2412 1615 5654 2414 1617 5655 2413 1616 5656 2373 1576 5657 2373 1576 5658 2372 1575 5659 2414 1617 5660 2416 1619 5661 2417 1619 5662 2418 1619 5663 2418 11 5664 2419 11 5665 2416 11 5666 2420 1620 5667 2417 1620 5668 2421 1620 5669 2421 11 5670 2422 11 5671 2420 11 5672 2422 1621 5673 2423 1621 5674 2420 1621 5675 2420 1622 5676 2424 1622 5677 2425 1622 5678 2425 11 5679 2426 11 5680 2420 11 5681 2425 11 5682 2427 11 5683 2426 11 5684 2426 419 5685 2428 419 5686 2429 419 5687 2429 1623 5688 2430 1623 5689 2426 1623 5690 2429 11 5691 2431 11 5692 2430 11 5693 2420 11 5694 2426 11 5695 2430 11 5696 2430 11 5697 2417 11 5698 2420 11 5699 2417 11 5700 2430 11 5701 2432 11 5702 2432 1624 5703 2418 1624 5704 2417 1624 5705 2433 11 5706 2419 11 5707 2418 11 5708 2434 1625 5709 2435 1625 5710 2436 1625 5711 2436 11 5712 2437 11 5713 2434 11 5714 2438 11 5715 2439 11 5716 2434 11 5717 2434 11 5718 2437 11 5719 2438 11 5720 2439 1626 5721 2438 1626 5722 2440 1626 5723 2440 11 5724 2441 11 5725 2439 11 5726 2442 11 5727 2443 11 5728 2441 11 5729 2441 1627 5730 2440 1627 5731 2442 1627 5732 2443 1628 5733 2442 1628 5734 2444 1628 5735 2444 11 5736 2445 11 5737 2443 11 5738 2446 1629 5739 2447 1629 5740 2445 1629 5741 2445 11 5742 2444 11 5743 2446 11 5744 2448 1630 5745 2449 1630 5746 2447 1630 5747 2447 11 5748 2446 11 5749 2448 11 5750 2448 1631 5751 2450 1631 5752 2451 1631 5753 2451 11 5754 2449 11 5755 2448 11 5756 2452 11 5757 2453 11 5758 2451 11 5759 2451 1632 5760 2450 1632 5761 2452 1632 5762 2452 1633 5763 2454 1633 5764 2455 1633 5765 2455 11 5766 2453 11 5767 2452 11 5768 2455 1634 5769 2454 1634 5770 2456 1634 5771 2456 11 5772 2457 11 5773 2455 11 5774 2456 11 5775 2458 11 5776 2459 11 5777 2459 1635 5778 2457 1635 5779 2456 1635 5780 2460 11 5781 2461 11 5782 2459 11 5783 2459 11 5784 2458 11 5785 2460 11 5786 2462 11 5787 2463 11 5788 2461 11 5789 2461 1636 5790 2460 1636 5791 2462 1636 5792 2464 11 5793 2465 11 5794 2463 11 5795 2463 95 5796 2462 95 5797 2464 95 5798 2464 1527 5799 2466 1527 5800 2467 1527 5801 2467 11 5802 2465 11 5803 2464 11 5804 2468 208 5805 2469 208 5806 2467 208 5807 2467 1637 5808 2466 1637 5809 2468 1637 5810 2469 1638 5811 2468 1638 5812 2436 1638 5813 2436 318 5814 2435 318 5815 2469 318 5816 2470 1639 5817 2471 1639 5818 2472 1639 5819 2472 1640 5820 2473 1640 5821 2470 1640 5822 2474 1641 5823 2475 1642 5824 2476 1643 5825 2476 1643 5826 2477 1644 5827 2474 1641 5828 2478 1645 5829 2479 1646 5830 2480 1647 5831 2480 1647 5832 2481 1648 5833 2478 1645 5834 2482 1649 5835 2483 1650 5836 2484 1651 5837 2484 1651 5838 2485 1652 5839 2482 1649 5840 2486 121 5841 2487 121 5842 2488 121 5843 2488 121 5844 2489 121 5845 2486 121 5846 2490 1653 5847 2491 1654 5848 2492 1655 5849 2492 1655 5850 2493 1656 5851 2490 1653 5852 2494 1657 5853 2495 1658 5854 2496 1659 5855 2496 1659 5856 2497 1660 5857 2494 1657 5858 2498 1661 5859 2499 1662 5860 2500 1663 5861 2500 1663 5862 2501 1664 5863 2498 1661 5864 2502 1665 5865 2503 1666 5866 2504 1667 5867 2504 1668 5868 2505 1668 5869 2502 1668 5870 2506 354 5871 2507 354 5872 2508 354 5873 2508 134 5874 2509 134 5875 2506 134 5876 2510 1669 5877 2511 1670 5878 2512 1671 5879 2512 1671 5880 2513 1672 5881 2510 1669 5882 2514 1673 5883 2515 1674 5884 2516 1675 5885 2516 1675 5886 2517 1676 5887 2514 1673 5888 2518 144 5889 2519 144 5890 2520 144 5891 2520 1677 5892 2521 1677 5893 2518 1677 5894 2522 10 5895 2523 10 5896 2524 10 5897 2524 10 5898 2525 10 5899 2522 10 5900 2526 146 5901 2527 146 5902 2528 146 5903 2528 145 5904 2529 145 5905 2526 145 5906 2530 1678 5907 2531 1679 5908 2532 1680 5909 2532 1680 5910 2533 1681 5911 2530 1678 5912 2534 1682 5913 2535 1683 5914 2536 1684 5915 2536 1684 5916 2537 1685 5917 2534 1682 5918 2538 155 5919 2539 155 5920 2540 155 5921 2540 372 5922 2541 372 5923 2538 372 5924 2542 1686 5925 2543 1687 5926 2544 1688 5927 2544 1688 5928 2545 1689 5929 2542 1686 5930 2543 1687 5931 2546 1690 5932 2547 1691 5933 2547 1691 5934 2544 1688 5935 2543 1687 5936 2548 1581 5937 2549 1692 5938 2550 1693 5939 2550 1693 5940 2551 1584 5941 2548 1581 5942 2549 1692 5943 2552 1694 5944 2553 1695 5945 2553 1695 5946 2550 1693 5947 2549 1692 5948 2552 1694 5949 2554 1696 5950 2555 1697 5951 2555 1697 5952 2553 1695 5953 2552 1694 5954 2554 1696 5955 2556 1698 5956 2557 1699 5957 2557 1699 5958 2555 1697 5959 2554 1696 5960 2556 1698 5961 2558 1700 5962 2559 1701 5963 2559 1701 5964 2557 1699 5965 2556 1698 5966 2560 1702 5967 2561 1703 5968 2562 1704 5969 2562 1704 5970 2563 1596 5971 2560 1702 5972 2561 1703 5973 2564 1705 5974 2565 1706 5975 2565 1706 5976 2562 1704 5977 2561 1703 5978 2564 1705 5979 2566 1707 5980 2567 1708 5981 2567 1708 5982 2565 1706 5983 2564 1705 5984 2566 1707 5985 2568 1709 5986 2569 1710 5987 2569 1710 5988 2567 1708 5989 2566 1707 5990 2570 1711 5991 2571 1712 5992 2572 1713 5993 2572 1713 5994 2573 1714 5995 2570 1711 5996 2571 1712 5997 2574 1715 5998 2575 1716 5999 2575 1716 6000 2572 1713 6001 2571 1712 6002 2574 1715 6003 2576 1717 6004 2577 1718 6005 2577 1718 6006 2575 1716 6007 2574 1715 6008 2576 1717 6009 2578 1719 6010 2579 1720 6011 2579 1720 6012 2577 1718 6013 2576 1717 6014 2578 1719 6015 2580 1721 6016 2581 1722 6017 2581 1722 6018 2579 1720 6019 2578 1719 6020 2582 1723 6021 2583 1724 6022 2584 1725 6023 2584 1725 6024 2585 1726 6025 2582 1723 6026 2545 1689 6027 2584 1725 6028 2583 1724 6029 2583 1724 6030 2542 1686 6031 2545 1689 6032 2586 1727 6033 2587 1727 6034 2588 1727 6035 2588 11 6036 2589 11 6037 2586 11 6038 2588 11 6039 2590 11 6040 2591 11 6041 2591 1728 6042 2592 1728 6043 2588 1728 6044 2591 1729 6045 2593 1729 6046 2592 1729 6047 2592 1730 6048 2594 1730 6049 2595 1730 6050 2595 11 6051 2596 11 6052 2592 11 6053 2595 11 6054 2597 11 6055 2596 11 6056 2596 419 6057 2598 419 6058 2599 419 6059 2599 1623 6060 2600 1623 6061 2596 1623 6062 2599 11 6063 2601 11 6064 2600 11 6065 2588 11 6066 2592 11 6067 2596 11 6068 2596 11 6069 2600 11 6070 2588 11 6071 2602 1731 6072 2589 1731 6073 2588 1731 6074 2588 11 6075 2600 11 6076 2602 11 6077 2603 11 6078 2586 11 6079 2589 11 6080 2604 1632 6081 2605 1632 6082 2606 1632 6083 2606 11 6084 2607 11 6085 2604 11 6086 2608 11 6087 2609 11 6088 2607 11 6089 2607 11 6090 2606 11 6091 2608 11 6092 2610 1732 6093 2609 1732 6094 2608 1732 6095 2608 11 6096 2611 11 6097 2610 11 6098 2610 1733 6099 2611 1733 6100 2612 1733 6101 2612 11 6102 2613 11 6103 2610 11 6104 2613 1734 6105 2612 1734 6106 2614 1734 6107 2614 11 6108 2615 11 6109 2613 11 6110 2614 11 6111 2616 11 6112 2617 11 6113 2617 1735 6114 2615 1735 6115 2614 1735 6116 2617 11 6117 2616 11 6118 2618 11 6119 2618 1736 6120 2619 1736 6121 2617 1736 6122 2619 11 6123 2618 11 6124 2620 11 6125 2620 107 6126 2621 107 6127 2619 107 6128 2620 11 6129 2622 11 6130 2623 11 6131 2623 11 6132 2621 11 6133 2620 11 6134 2623 1737 6135 2622 1737 6136 2624 1737 6137 2624 11 6138 2625 11 6139 2623 11 6140 2625 313 6141 2624 313 6142 2626 313 6143 2626 11 6144 2627 11 6145 2625 11 6146 2628 1435 6147 2627 1435 6148 2626 1435 6149 2626 11 6150 2629 11 6151 2628 11 6152 2629 1738 6153 2630 1738 6154 2631 1738 6155 2631 1739 6156 2628 1739 6157 2629 1739 6158 2632 1740 6159 2631 1740 6160 2630 1740 6161 2630 1741 6162 2633 1741 6163 2632 1741 6164 2632 1742 6165 2633 1742 6166 2634 1742 6167 2634 11 6168 2635 11 6169 2632 11 6170 2635 11 6171 2634 11 6172 2636 11 6173 2636 1743 6174 2637 1743 6175 2635 1743 6176 2636 11 6177 2638 11 6178 2639 11 6179 2639 11 6180 2637 11 6181 2636 11 6182 2638 1744 6183 2605 1744 6184 2604 1744 6185 2604 11 6186 2639 11 6187 2638 11 6188 2640 1745 6189 2641 1745 6190 2642 1745 6191 2642 110 6192 2643 110 6193 2640 110 6194 2644 1746 6195 2645 219 6196 2646 1747 6197 2646 1747 6198 2647 1748 6199 2644 1746 6200 2648 1749 6201 2649 539 6202 2650 1750 6203 2650 1750 6204 2651 1751 6205 2648 1749 6206 2652 224 6207 2653 224 6208 2654 224 6209 2654 1752 6210 2655 1752 6211 2652 1752 6212 2656 121 6213 2657 121 6214 2658 121 6215 2658 121 6216 2659 121 6217 2656 121 6218 2660 1753 6219 2661 1753 6220 2662 1753 6221 2662 1446 6222 2663 1446 6223 2660 1446 6224 2664 1754 6225 2665 543 6226 2666 1755 6227 2666 1755 6228 2667 1756 6229 2664 1754 6230 2668 1757 6231 2669 231 6232 2670 1758 6233 2670 1758 6234 2671 1759 6235 2668 1757 6236 2672 1668 6237 2673 1668 6238 2674 1668 6239 2674 133 6240 2675 133 6241 2672 133 6242 2676 1760 6243 2677 1760 6244 2678 1760 6245 2678 1761 6246 2679 1761 6247 2676 1761 6248 2680 1669 6249 2681 1670 6250 2682 1671 6251 2682 1671 6252 2683 1672 6253 2680 1669 6254 2684 1762 6255 2685 1676 6256 2686 1763 6257 2686 1763 6258 2687 1764 6259 2684 1762 6260 2688 144 6261 2689 144 6262 2690 144 6263 2690 1765 6264 2691 1765 6265 2688 1765 6266 2692 10 6267 2693 10 6268 2694 10 6269 2694 10 6270 2695 10 6271 2692 10 6272 2696 1766 6273 2697 1766 6274 2698 1766 6275 2698 145 6276 2699 145 6277 2696 145 6278 2700 1767 6279 2701 1679 6280 2702 1768 6281 2702 1768 6282 2703 1769 6283 2700 1767 6284 2704 1770 6285 2705 1683 6286 2706 1684 6287 2706 1684 6288 2707 1685 6289 2704 1770 6290 2708 1771 6291 2709 1771 6292 2710 1771 6293 2710 1772 6294 2711 1772 6295 2708 1772 6296 2712 1773 6297 2713 1774 6298 2714 1775 6299 2714 1775 6300 2715 1776 6301 2712 1773 6302 2713 1774 6303 2716 1690 6304 2717 1691 6305 2717 1691 6306 2714 1775 6307 2713 1774 6308 2718 1777 6309 2719 1778 6310 2720 1779 6311 2720 1779 6312 2721 1780 6313 2718 1777 6314 2719 1778 6315 2722 1781 6316 2723 1782 6317 2723 1782 6318 2720 1779 6319 2719 1778 6320 2722 1781 6321 2724 1783 6322 2725 1784 6323 2725 1784 6324 2723 1782 6325 2722 1781 6326 2724 1783 6327 2726 1785 6328 2727 1786 6329 2727 1786 6330 2725 1784 6331 2724 1783 6332 2726 1785 6333 2728 1787 6334 2729 1788 6335 2729 1788 6336 2727 1786 6337 2726 1785 6338 2730 1593 6339 2731 1789 6340 2732 1790 6341 2732 1790 6342 2733 1596 6343 2730 1593 6344 2731 1789 6345 2734 1791 6346 2735 1792 6347 2735 1792 6348 2732 1790 6349 2731 1789 6350 2734 1791 6351 2736 1793 6352 2737 1794 6353 2737 1794 6354 2735 1792 6355 2734 1791 6356 2736 1793 6357 2738 1709 6358 2739 1710 6359 2739 1710 6360 2737 1794 6361 2736 1793 6362 2740 1711 6363 2741 1795 6364 2742 1796 6365 2742 1796 6366 2743 1714 6367 2740 1711 6368 2741 1795 6369 2744 1797 6370 2745 1798 6371 2745 1798 6372 2742 1796 6373 2741 1795 6374 2744 1797 6375 2746 1799 6376 2747 1800 6377 2747 1800 6378 2745 1798 6379 2744 1797 6380 2746 1799 6381 2748 1801 6382 2749 1802 6383 2749 1802 6384 2747 1800 6385 2746 1799 6386 2748 1801 6387 2750 1721 6388 2751 1722 6389 2751 1722 6390 2749 1802 6391 2748 1801 6392 2752 1723 6393 2753 1803 6394 2754 1804 6395 2754 1804 6396 2755 1726 6397 2752 1723 6398 2715 1776 6399 2754 1804 6400 2753 1803 6401 2753 1803 6402 2712 1773 6403 2715 1776 6404 2756 1727 6405 2757 1727 6406 2758 1727 6407 2758 11 6408 2759 11 6409 2756 11 6410 2758 11 6411 2760 11 6412 2761 11 6413 2761 1728 6414 2762 1728 6415 2758 1728 6416 2761 1729 6417 2763 1729 6418 2762 1729 6419 2762 1805 6420 2764 1805 6421 2765 1805 6422 2765 11 6423 2766 11 6424 2762 11 6425 2765 11 6426 2767 11 6427 2766 11 6428 2766 523 6429 2768 523 6430 2769 523 6431 2769 1806 6432 2770 1806 6433 2766 1806 6434 2769 11 6435 2771 11 6436 2770 11 6437 2758 11 6438 2762 11 6439 2766 11 6440 2766 11 6441 2770 11 6442 2758 11 6443 2772 1807 6444 2759 1807 6445 2758 1807 6446 2758 11 6447 2770 11 6448 2772 11 6449 2773 11 6450 2756 11 6451 2759 11 6452 2774 99 6453 2775 99 6454 2776 99 6455 2776 11 6456 2777 11 6457 2774 11 6458 2778 11 6459 2779 11 6460 2777 11 6461 2777 11 6462 2776 11 6463 2778 11 6464 2780 1428 6465 2779 1428 6466 2778 1428 6467 2778 11 6468 2781 11 6469 2780 11 6470 2780 1808 6471 2781 1808 6472 2782 1808 6473 2782 11 6474 2783 11 6475 2780 11 6476 2783 1734 6477 2782 1734 6478 2784 1734 6479 2784 11 6480 2785 11 6481 2783 11 6482 2784 11 6483 2786 11 6484 2787 11 6485 2787 1735 6486 2785 1735 6487 2784 1735 6488 2787 11 6489 2786 11 6490 2788 11 6491 2788 1809 6492 2789 1809 6493 2787 1809 6494 2789 11 6495 2788 11 6496 2790 11 6497 2790 208 6498 2791 208 6499 2789 208 6500 2790 11 6501 2792 11 6502 2793 11 6503 2793 11 6504 2791 11 6505 2790 11 6506 2793 1810 6507 2792 1810 6508 2794 1810 6509 2794 11 6510 2795 11 6511 2793 11 6512 2795 313 6513 2794 313 6514 2796 313 6515 2796 11 6516 2797 11 6517 2795 11 6518 2798 1811 6519 2797 1811 6520 2796 1811 6521 2796 11 6522 2799 11 6523 2798 11 6524 2799 1812 6525 2800 1812 6526 2801 1812 6527 2801 1813 6528 2798 1813 6529 2799 1813 6530 2802 1814 6531 2801 1814 6532 2800 1814 6533 2800 1815 6534 2803 1815 6535 2802 1815 6536 2802 1816 6537 2803 1816 6538 2804 1816 6539 2804 11 6540 2805 11 6541 2802 11 6542 2805 11 6543 2804 11 6544 2806 11 6545 2806 1817 6546 2807 1817 6547 2805 1817 6548 2806 11 6549 2808 11 6550 2809 11 6551 2809 11 6552 2807 11 6553 2806 11 6554 2808 101 6555 2775 101 6556 2774 101 6557 2774 11 6558 2809 11 6559 2808 11 6560 2810 215 6561 2811 215 6562 2812 215 6563 2812 110 6564 2813 110 6565 2810 110 6566 2814 1818 6567 2815 1819 6568 2816 1820 6569 2816 1820 6570 2817 1748 6571 2814 1818 6572 2818 1821 6573 2819 539 6574 2820 1822 6575 2820 1822 6576 2821 1823 6577 2818 1821 6578 2822 224 6579 2823 224 6580 2824 224 6581 2824 119 6582 2825 119 6583 2822 119 6584 2826 121 6585 2827 121 6586 2828 121 6587 2828 121 6588 2829 121 6589 2826 121 6590 2830 123 6591 2831 123 6592 2832 123 6593 2832 1446 6594 2833 1446 6595 2830 1446 6596 2834 1824 6597 2835 543 6598 2836 1825 6599 2836 1825 6600 2837 1826 6601 2834 1824 6602 2838 1827 6603 2839 1828 6604 2840 1829 6605 2840 1829 6606 2841 1759 6607 2838 1827 6608 2842 235 6609 2843 235 6610 2844 235 6611 2844 133 6612 2845 133 6613 2842 133 6614 2846 1830 6615 2847 1830 6616 2848 1830 6617 2848 1831 6618 2849 1831 6619 2846 1831 6620 2850 1832 6621 2851 1833 6622 2852 1834 6623 2852 1834 6624 2853 1835 6625 2850 1832 6626 2854 1836 6627 2855 1837 6628 2856 1838 6629 2856 1838 6630 2857 244 6631 2854 1836 6632 2858 1839 6633 2859 1840 6634 2860 1841 6635 2860 1841 6636 2861 1842 6637 2858 1839 6638 2862 10 6639 2863 10 6640 2864 10 6641 2864 10 6642 2865 10 6643 2862 10 6644 2866 1843 6645 2867 1844 6646 2868 1845 6647 2868 1845 6648 2869 1846 6649 2866 1843 6650 2870 1847 6651 2871 1848 6652 2872 1849 6653 2872 1849 6654 2873 1850 6655 2870 1847 6656 2874 1851 6657 2875 1852 6658 2876 1853 6659 2876 1853 6660 2877 1854 6661 2874 1851 6662 2878 1855 6663 2879 1855 6664 2880 1855 6665 2880 1856 6666 2881 1856 6667 2878 1856 6668 2882 1857 6669 2883 1858 6670 2884 1859 6671 2884 1859 6672 2885 1860 6673 2882 1857 6674 2883 1858 6675 2886 1861 6676 2887 1862 6677 2887 1862 6678 2884 1859 6679 2883 1858 6680 2888 1863 6681 2889 1864 6682 2890 1865 6683 2890 1865 6684 2891 1866 6685 2888 1863 6686 2889 1864 6687 2892 1867 6688 2893 1868 6689 2893 1868 6690 2890 1865 6691 2889 1864 6692 2892 1867 6693 2894 1869 6694 2895 1870 6695 2895 1870 6696 2893 1868 6697 2892 1867 6698 2894 1869 6699 2896 1871 6700 2897 1872 6701 2897 1872 6702 2895 1870 6703 2894 1869 6704 2896 1871 6705 2898 1873 6706 2899 1874 6707 2899 1874 6708 2897 1872 6709 2896 1871 6710 2900 1875 6711 2901 1876 6712 2902 1877 6713 2902 1877 6714 2903 1878 6715 2900 1875 6716 2901 1876 6717 2904 1879 6718 2905 1880 6719 2905 1880 6720 2902 1877 6721 2901 1876 6722 2904 1879 6723 2906 1881 6724 2907 1882 6725 2907 1882 6726 2905 1880 6727 2904 1879 6728 2906 1881 6729 2908 1883 6730 2909 1884 6731 2909 1884 6732 2907 1882 6733 2906 1881 6734 2910 1885 6735 2911 1886 6736 2912 1887 6737 2912 1887 6738 2913 1888 6739 2910 1885 6740 2911 1886 6741 2914 1889 6742 2915 1890 6743 2915 1890 6744 2912 1887 6745 2911 1886 6746 2914 1889 6747 2916 1891 6748 2917 1892 6749 2917 1892 6750 2915 1890 6751 2914 1889 6752 2916 1891 6753 2918 1893 6754 2919 1894 6755 2919 1894 6756 2917 1892 6757 2916 1891 6758 2918 1893 6759 2920 1895 6760 2921 1896 6761 2921 1896 6762 2919 1894 6763 2918 1893 6764 2922 1897 6765 2923 1898 6766 2924 1899 6767 2924 1899 6768 2925 1900 6769 2922 1897 6770 2885 1860 6771 2924 1899 6772 2923 1898 6773 2923 1898 6774 2882 1857 6775 2885 1860 6776 2926 1901 6777 2927 1901 6778 2928 1901 6779 2928 11 6780 2929 11 6781 2926 11 6782 2928 11 6783 2930 11 6784 2931 11 6785 2931 1902 6786 2932 1902 6787 2928 1902 6788 2931 1903 6789 2933 1903 6790 2932 1903 6791 2932 1904 6792 2934 1904 6793 2935 1904 6794 2935 11 6795 2936 11 6796 2932 11 6797 2935 11 6798 2937 11 6799 2936 11 6800 2936 11 6801 2938 11 6802 2939 11 6803 2939 1905 6804 2940 1905 6805 2936 1905 6806 2939 11 6807 2941 11 6808 2940 11 6809 2928 11 6810 2932 11 6811 2936 11 6812 2936 11 6813 2940 11 6814 2928 11 6815 2942 11 6816 2929 11 6817 2928 11 6818 2928 11 6819 2940 11 6820 2942 11 6821 2943 11 6822 2926 11 6823 2929 11 6824 2944 1906 6825 2945 1906 6826 2946 1906 6827 2946 1907 6828 2947 1907 6829 2944 1907 6830 2948 11 6831 2949 11 6832 2947 11 6833 2947 1908 6834 2946 1908 6835 2948 1908 6836 2950 11 6837 2949 11 6838 2948 11 6839 2948 1909 6840 2951 1909 6841 2950 1909 6842 2950 1910 6843 2951 1910 6844 2952 1910 6845 2952 11 6846 2953 11 6847 2950 11 6848 2953 11 6849 2952 11 6850 2954 11 6851 2954 11 6852 2955 11 6853 2953 11 6854 2954 11 6855 2956 11 6856 2957 11 6857 2957 1911 6858 2955 1911 6859 2954 1911 6860 2957 11 6861 2956 11 6862 2958 11 6863 2958 1912 6864 2959 1912 6865 2957 1912 6866 2959 1913 6867 2958 1913 6868 2960 1913 6869 2960 11 6870 2961 11 6871 2959 11 6872 2960 11 6873 2962 11 6874 2963 11 6875 2963 1914 6876 2961 1914 6877 2960 1914 6878 2963 1915 6879 2962 1915 6880 2964 1915 6881 2964 1916 6882 2965 1916 6883 2963 1916 6884 2965 1917 6885 2964 1917 6886 2966 1917 6887 2966 11 6888 2967 11 6889 2965 11 6890 2968 11 6891 2967 11 6892 2966 11 6893 2966 526 6894 2969 526 6895 2968 526 6896 2969 1918 6897 2970 1918 6898 2971 1918 6899 2971 1919 6900 2968 1919 6901 2969 1919 6902 2972 1920 6903 2971 1920 6904 2970 1920 6905 2970 1921 6906 2973 1921 6907 2972 1921 6908 2972 11 6909 2973 11 6910 2974 11 6911 2974 11 6912 2975 11 6913 2972 11 6914 2975 11 6915 2974 11 6916 2976 11 6917 2976 1922 6918 2977 1922 6919 2975 1922 6920 2976 1923 6921 2978 1923 6922 2979 1923 6923 2979 11 6924 2977 11 6925 2976 11 6926 2978 11 6927 2945 11 6928 2944 11 6929 2944 11 6930 2979 11 6931 2978 11 6932 2980 1924 6933 2981 1924 6934 2982 1924 6935 2982 1639 6936 2983 1639 6937 2980 1639 6938 2984 1925 6939 2985 1926 6940 2986 1927 6941 2986 1927 6942 2987 1928 6943 2984 1925 6944 2988 1929 6945 2989 1930 6946 2990 1931 6947 2990 1931 6948 2991 1932 6949 2988 1929 6950 2992 1933 6951 2993 1934 6952 2994 1935 6953 2994 1935 6954 2995 1936 6955 2992 1933 6956 2996 121 6957 2997 121 6958 2998 121 6959 2998 121 6960 2999 121 6961 2996 121 6962 3000 1937 6963 3001 1938 6964 3002 1939 6965 3002 1939 6966 3003 1940 6967 3000 1937 6968 3004 1941 6969 3005 1942 6970 3006 1943 6971 3006 1943 6972 3007 1944 6973 3004 1941 6974 3008 1945 6975 3009 1946 6976 3010 1947 6977 3010 1947 6978 3011 1948 6979 3008 1945 6980 3012 1949 6981 3013 1949 6982 3014 1949 6983 3014 1950 6984 3015 1950 6985 3012 1950 6986 3016 1831 6987 3017 1831 6988 3018 1831 6989 3018 1760 6990 3019 1760 6991 3016 1760 6992 3020 1951 6993 3021 1952 6994 3022 1953 6995 3022 1953 6996 3023 1954 6997 3020 1951 6998 3024 1955 6999 3025 1956 7000 3026 1957 7001 3026 1957 7002 3027 1958 7003 3024 1955 7004 3028 144 7005 3029 144 7006 3030 144 7007 3030 144 7008 3031 144 7009 3028 144 7010 3032 10 7011 3033 10 7012 3034 10 7013 3034 10 7014 3035 10 7015 3032 10 7016 3036 145 7017 3037 145 7018 3038 145 7019 3038 146 7020 3039 146 7021 3036 146 7022 3040 1959 7023 3041 1960 7024 3042 1961 7025 3042 1961 7026 3043 1962 7027 3040 1959 7028 3044 1963 7029 3045 1964 7030 3046 1965 7031 3046 1965 7032 3047 1966 7033 3044 1963 7034 3048 1856 7035 3049 1856 7036 3050 1856 7037 3050 1771 7038 3051 1771 7039 3048 1771 7040 3052 1967 7041 3053 1968 7042 3054 1969 7043 3054 1969 7044 3055 1970 7045 3052 1967 7046 3053 1968 7047 3056 1971 7048 3057 1972 7049 3057 1972 7050 3054 1969 7051 3053 1968 7052 3058 1973 7053 3059 1974 7054 3060 1975 7055 3060 1975 7056 3061 1976 7057 3058 1973 7058 3059 1974 7059 3062 1867 7060 3063 1977 7061 3063 1977 7062 3060 1975 7063 3059 1974 7064 3062 1867 7065 3064 1978 7066 3065 1870 7067 3065 1870 7068 3063 1977 7069 3062 1867 7070 3064 1978 7071 3066 1979 7072 3067 1980 7073 3067 1980 7074 3065 1870 7075 3064 1978 7076 3066 1979 7077 3068 1981 7078 3069 1982 7079 3069 1982 7080 3067 1980 7081 3066 1979 7082 3070 1983 7083 3071 1984 7084 3072 1985 7085 3072 1985 7086 3073 1986 7087 3070 1983 7088 3071 1984 7089 3074 1987 7090 3075 1988 7091 3075 1988 7092 3072 1985 7093 3071 1984 7094 3074 1987 7095 3076 1989 7096 3077 1990 7097 3077 1990 7098 3075 1988 7099 3074 1987 7100 3076 1989 7101 3078 1991 7102 3079 1992 7103 3079 1992 7104 3077 1990 7105 3076 1989 7106 3080 1885 7107 3081 1886 7108 3082 1993 7109 3082 1993 7110 3083 1994 7111 3080 1885 7112 3081 1886 7113 3084 1995 7114 3085 1996 7115 3085 1996 7116 3082 1993 7117 3081 1886 7118 3084 1995 7119 3086 1997 7120 3087 1998 7121 3087 1998 7122 3085 1996 7123 3084 1995 7124 3086 1997 7125 3088 1999 7126 3089 1894 7127 3089 1894 7128 3087 1998 7129 3086 1997 7130 3088 1999 7131 3090 1895 7132 3091 1896 7133 3091 1896 7134 3089 1894 7135 3088 1999 7136 3092 2000 7137 3093 2001 7138 3094 2002 7139 3094 2002 7140 3095 2003 7141 3092 2000 7142 3055 1970 7143 3094 2002 7144 3093 2001 7145 3093 2001 7146 3052 1967 7147 3055 1970 7148 3096 2004 7149 3097 2004 7150 3098 2004 7151 3098 11 7152 3099 11 7153 3096 11 7154 3098 11 7155 3100 11 7156 3101 11 7157 3101 2005 7158 3102 2005 7159 3098 2005 7160 3101 88 7161 3103 88 7162 3102 88 7163 3102 2006 7164 3104 2006 7165 3105 2006 7166 3105 11 7167 3106 11 7168 3102 11 7169 3105 11 7170 3107 11 7171 3106 11 7172 3106 11 7173 3108 11 7174 3109 11 7175 3109 1905 7176 3110 1905 7177 3106 1905 7178 3109 11 7179 3111 11 7180 3110 11 7181 3098 11 7182 3102 11 7183 3106 11 7184 3106 11 7185 3110 11 7186 3098 11 7187 3112 11 7188 3099 11 7189 3098 11 7190 3098 11 7191 3110 11 7192 3112 11 7193 3113 11 7194 3096 11 7195 3099 11 7196 3114 2007 7197 3115 2007 7198 3116 2007 7199 3116 2008 7200 3117 2008 7201 3114 2008 7202 3118 11 7203 3119 11 7204 3120 11 7205 3120 2009 7206 3121 2009 7207 3118 2009 7208 3122 11 7209 3119 11 7210 3118 11 7211 3118 2010 7212 3123 2010 7213 3122 2010 7214 3124 2011 7215 3125 2011 7216 3126 2011 7217 3126 11 7218 3127 11 7219 3124 11 7220 3127 11 7221 3126 11 7222 3128 11 7223 3128 11 7224 3129 11 7225 3127 11 7226 3130 11 7227 3131 11 7228 3132 11 7229 3132 2012 7230 3133 2012 7231 3130 2012 7232 3134 11 7233 3135 11 7234 3136 11 7235 3136 2013 7236 3137 2013 7237 3134 2013 7238 3137 2014 7239 3136 2014 7240 3138 2014 7241 3138 11 7242 3139 11 7243 3137 11 7244 3138 11 7245 3140 11 7246 3141 11 7247 3141 204 7248 3139 204 7249 3138 204 7250 3141 2015 7251 3140 2015 7252 3142 2015 7253 3142 2016 7254 3143 2016 7255 3141 2016 7256 3144 2017 7257 3145 2017 7258 3146 2017 7259 3146 11 7260 3147 11 7261 3144 11 7262 3148 11 7263 3147 11 7264 3146 11 7265 3146 526 7266 3149 526 7267 3148 526 7268 3150 1918 7269 3151 1918 7270 3152 1918 7271 3152 1919 7272 3153 1919 7273 3150 1919 7274 3154 1920 7275 3155 1920 7276 3156 1920 7277 3156 1921 7278 3157 1921 7279 3154 1921 7280 3158 11 7281 3159 11 7282 3160 11 7283 3160 11 7284 3161 11 7285 3158 11 7286 3162 11 7287 3163 11 7288 3164 11 7289 3164 1922 7290 3165 1922 7291 3162 1922 7292 3164 2018 7293 3166 2018 7294 3167 2018 7295 3167 11 7296 3165 11 7297 3164 11 7298 3168 11 7299 3169 11 7300 3170 11 7301 3170 11 7302 3171 11 7303 3168 11 7304 3172 1640 7305 3173 1640 7306 3174 1640 7307 3174 1745 7308 3175 1745 7309 3172 1745 7310 3176 2019 7311 3177 2020 7312 3178 2021 7313 3178 2021 7314 3179 2022 7315 3176 2019 7316 3180 2023 7317 3181 2024 7318 3182 2025 7319 3182 2025 7320 3183 2026 7321 3180 2023 7322 3184 119 7323 3185 119 7324 3186 119 7325 3186 224 7326 3187 224 7327 3184 224 7328 3188 121 7329 3189 121 7330 3190 121 7331 3190 121 7332 3191 121 7333 3188 121 7334 3192 123 7335 3193 123 7336 3194 123 7337 3194 123 7338 3195 123 7339 3192 123 7340 3196 2027 7341 3197 2028 7342 3198 2029 7343 3198 2029 7344 3199 2030 7345 3196 2027 7346 3200 2031 7347 3201 2032 7348 3202 2033 7349 3202 2033 7350 3203 2034 7351 3200 2031 7352 3204 2035 7353 3205 2035 7354 3206 2035 7355 3206 1668 7356 3207 1668 7357 3204 1668 7358 3208 1761 7359 3209 1761 7360 3210 1761 7361 3210 1760 7362 3211 1760 7363 3208 1760 7364 3212 1951 7365 3213 1952 7366 3214 1953 7367 3214 1953 7368 3215 2036 7369 3212 1951 7370 3216 2037 7371 3217 1956 7372 3218 2038 7373 3218 2038 7374 3219 1958 7375 3216 2037 7376 3220 144 7377 3221 144 7378 3222 144 7379 3222 144 7380 3223 144 7381 3220 144 7382 3224 10 7383 3225 10 7384 3226 10 7385 3226 10 7386 3227 10 7387 3224 10 7388 3228 145 7389 3229 145 7390 3230 145 7391 3230 146 7392 3231 146 7393 3228 146 7394 3232 1959 7395 3233 2039 7396 3234 2040 7397 3234 2040 7398 3235 1962 7399 3232 1959 7400 3236 1963 7401 3237 1964 7402 3238 1965 7403 3238 1965 7404 3239 2041 7405 3236 1963 7406 3240 1772 7407 3241 1772 7408 3242 1772 7409 3242 1771 7410 3243 1771 7411 3240 1771 7412 3244 574 7413 3245 574 7414 3246 574 7415 3246 2042 7416 3247 2042 7417 3244 2042 7418 3248 2043 7419 3247 2043 7420 3246 2043 7421 3246 2044 7422 3249 2044 7423 3248 2044 7424 3250 5 7425 3251 5 7426 3252 5 7427 3252 2045 7428 3253 2045 7429 3250 2045 7430 3254 2046 7431 3252 2046 7432 3253 2046 7433 3252 0 7434 3254 0 7435 3246 0 7436 3255 5 7437 3256 5 7438 3257 5 7439 3257 2047 7440 3258 2047 7441 3255 2047 7442 3259 5 7443 3258 5 7444 3257 5 7445 3257 581 7446 3252 581 7447 3259 581 7448 3246 0 7449 3257 0 7450 3252 0 7451 3257 0 7452 3246 0 7453 3249 0 7454 3257 5 7455 3260 5 7456 3261 5 7457 3261 0 7458 3257 0 7459 3249 0 7460 3249 2048 7461 3261 2048 7462 3262 2048 7463 3262 5 7464 3263 5 7465 3249 5 7466 3264 583 7467 3265 2049 7468 3266 2050 7469 3266 2050 7470 3267 586 7471 3264 583 7472 3268 2051 7473 3269 2052 7474 3270 2053 7475 3270 2053 7476 3271 2054 7477 3268 2051 7478 3272 2055 7479 3273 2056 7480 3274 2057 7481 3274 2057 7482 3275 2058 7483 3272 2055 7484 3276 2059 7485 3277 2060 7486 3278 2061 7487 3278 2061 7488 3279 2062 7489 3276 2059 7490 3280 2063 7491 3281 2064 7492 3267 586 7493 3267 586 7494 3266 2050 7495 3280 2063 7496 3282 2065 7497 3283 2066 7498 3265 2049 7499 3265 2049 7500 3264 583 7501 3282 2065 7502 3284 2067 7503 3285 604 7504 3271 2054 7505 3271 2054 7506 3270 2053 7507 3284 2067 7508 3286 2068 7509 3287 2069 7510 3275 2058 7511 3275 2058 7512 3274 2057 7513 3286 2068 7514 3288 2070 7515 3289 2071 7516 3281 2064 7517 3281 2064 7518 3280 2063 7519 3288 2070 7520 3290 2072 7521 3291 2073 7522 3292 2074 7523 3292 2074 7524 3293 2075 7525 3290 2072 7526 3269 2052 7527 3268 2051 7528 3291 2073 7529 3291 2073 7530 3290 2072 7531 3269 2052 7532 3294 2076 7533 3295 2077 7534 3283 2066 7535 3283 2066 7536 3282 2065 7537 3294 2076 7538 3296 2078 7539 3297 2079 7540 3298 2080 7541 3298 2080 7542 3299 2081 7543 3296 2078 7544 3279 2062 7545 3278 2061 7546 3297 2079 7547 3297 2079 7548 3296 2078 7549 3279 2062 7550 3285 604 7551 3284 2067 7552 3300 2082 7553 3300 2082 7554 3301 620 7555 3285 604 7556 3302 2083 7557 3303 2084 7558 3304 2085 7559 3304 2085 7560 3305 2086 7561 3302 2083 7562 3272 2055 7563 3303 2084 7564 3302 2083 7565 3302 2083 7566 3273 2056 7567 3272 2055 7568 3306 2087 7569 3307 2088 7570 3287 2069 7571 3287 2069 7572 3286 2068 7573 3306 2087 7574 3308 2089 7575 3309 2090 7576 3310 2091 7577 3310 2091 7578 3311 2092 7579 3308 2089 7580 3309 2090 7581 3308 2089 7582 3277 2060 7583 3277 2060 7584 3276 2059 7585 3309 2090 7586 3312 2093 7587 3313 2094 7588 3314 2095 7589 3314 2095 7590 3315 2096 7591 3312 2093 7592 3316 2097 7593 3317 2098 7594 3318 2099 7595 3318 2099 7596 3319 2100 7597 3316 2097 7598 3320 2101 7599 3321 2102 7600 3322 2103 7601 3322 2103 7602 3323 2104 7603 3320 2101 7604 3324 2105 7605 3326 2106 7606 3325 2107 7607 3326 2108 7608 3327 2109 7609 3324 2110 7610 3265 2049 7611 3283 2066 7612 3328 2111 7613 3328 2111 7614 3329 2112 7615 3265 2049 7616 3330 2113 7617 3269 2052 7618 3290 2072 7619 3290 2072 7620 3331 2114 7621 3330 2113 7622 3332 2115 7623 3333 2116 7624 3277 2060 7625 3277 2060 7626 3308 2089 7627 3332 2115 7628 3334 2117 7629 3335 2118 7630 3273 2056 7631 3273 2056 7632 3302 2083 7633 3334 2117 7634 3278 2061 7635 3336 2119 7636 3337 2120 7637 3337 2120 7638 3297 2079 7639 3278 2061 7640 3297 2079 7641 3337 2120 7642 3338 2121 7643 3338 2121 7644 3298 2080 7645 3297 2079 7646 3283 2066 7647 3295 2077 7648 3339 2122 7649 3339 2122 7650 3328 2111 7651 3283 2066 7652 3340 2123 7653 3341 2124 7654 3280 2063 7655 3280 2063 7656 3266 2050 7657 3340 2123 7658 3280 2063 7659 3341 2124 7660 3342 2125 7661 3342 2125 7662 3288 2070 7663 3280 2063 7664 3343 2126 7665 3331 2114 7666 3290 2072 7667 3290 2072 7668 3293 2075 7669 3343 2126 7670 3344 2127 7671 3286 2068 7672 3274 2057 7673 3274 2057 7674 3345 2128 7675 3344 2127 7676 3344 2127 7677 3346 2129 7678 3306 2087 7679 3306 2087 7680 3286 2068 7681 3344 2127 7682 3311 2092 7683 3347 2130 7684 3332 2115 7685 3332 2115 7686 3308 2089 7687 3311 2092 7688 3270 2053 7689 3348 2131 7690 3349 2132 7691 3349 2132 7692 3284 2067 7693 3270 2053 7694 3349 2132 7695 3350 2133 7696 3300 2082 7697 3300 2082 7698 3284 2067 7699 3349 2132 7700 3302 2083 7701 3305 2086 7702 3351 2134 7703 3351 2134 7704 3334 2117 7705 3302 2083 7706 3340 2123 7707 3266 2050 7708 3265 2049 7709 3265 2049 7710 3329 2112 7711 3340 2123 7712 3348 2131 7713 3270 2053 7714 3269 2052 7715 3269 2052 7716 3330 2113 7717 3348 2131 7718 3345 2128 7719 3274 2057 7720 3273 2056 7721 3273 2056 7722 3335 2118 7723 3345 2128 7724 3333 2116 7725 3336 2119 7726 3278 2061 7727 3278 2061 7728 3277 2060 7729 3333 2116 7730 3314 2095 7731 3352 2135 7732 3353 2136 7733 3353 2136 7734 3315 2096 7735 3314 2095 7736 3318 2099 7737 3317 2098 7738 3354 2137 7739 3354 2137 7740 3355 2138 7741 3318 2099 7742 3356 2139 7743 3357 2140 7744 3327 2109 7745 3327 2109 7746 3326 2108 7747 3356 2139 7748 3322 2103 7749 3321 2102 7750 3358 2141 7751 3358 2141 7752 3359 2142 7753 3322 2103 7754 3360 2143 7755 3325 2144 7756 3324 2145 7757 3324 2145 7758 3361 2146 7759 3360 2143 7760 3362 2147 7761 3360 2143 7762 3361 2146 7763 3361 2146 7764 3363 2148 7765 3362 2147 7766 3362 2147 7767 3363 2148 7768 3353 2136 7769 3353 2136 7770 3352 2135 7771 3362 2147 7772 3364 2149 7773 3313 2094 7774 3312 2093 7775 3312 2093 7776 3365 2150 7777 3364 2149 7778 3365 2150 7779 3366 2151 7780 3367 2152 7781 3367 2152 7782 3364 2149 7783 3365 2150 7784 3355 2138 7785 3354 2137 7786 3367 2152 7787 3367 2152 7788 3366 2151 7789 3355 2138 7790 3323 2104 7791 3368 2153 7792 3369 2154 7793 3369 2154 7794 3320 2101 7795 3323 2104 7796 3370 2155 7797 3369 2154 7798 3368 2153 7799 3368 2153 7800 3371 2156 7801 3370 2155 7802 3370 2155 7803 3371 2156 7804 3357 2140 7805 3357 2140 7806 3356 2139 7807 3370 2155 7808 3319 2100 7809 3372 2157 7810 3373 2158 7811 3373 2158 7812 3316 2097 7813 3319 2100 7814 3373 2158 7815 3372 2157 7816 3374 2159 7817 3374 2159 7818 3375 2160 7819 3373 2158 7820 3374 2159 7821 3359 2142 7822 3358 2141 7823 3358 2141 7824 3375 2160 7825 3374 2159 7826 3376 699 7827 3377 699 7828 3378 699 7829 3378 2161 7830 3379 2161 7831 3376 2161 7832 3380 11 7833 3381 11 7834 3382 11 7835 3382 11 7836 3383 11 7837 3380 11 7838 3384 2162 7839 3385 2162 7840 3386 2162 7841 3386 700 7842 3387 700 7843 3384 700 7844 3388 2163 7845 3389 2164 7846 3390 2165 7847 3390 2166 7848 3391 2166 7849 3388 2166 7850 3392 12 7851 3393 12 7852 3394 12 7853 3394 12 7854 3395 12 7855 3392 12 7856 3396 2167 7857 3397 2168 7858 3398 2169 7859 3398 2170 7860 3399 2170 7861 3396 2170 7862 3400 5 7863 3401 5 7864 3402 5 7865 3402 5 7866 3403 5 7867 3400 5 7868 3402 5 7869 3404 5 7870 3403 5 7871 3405 5 7872 3400 5 7873 3403 5 7874 3406 2171 7875 3407 2172 7876 3408 2173 7877 3408 2173 7878 3409 2174 7879 3406 2171 7880 3410 2175 7881 3408 2173 7882 3407 2172 7883 3407 2172 7884 3411 2176 7885 3410 2175 7886 3410 2175 7887 3411 2176 7888 3412 2177 7889 3412 2177 7890 3413 2178 7891 3410 2175 7892 3412 2177 7893 3414 2179 7894 3415 2180 7895 3415 2180 7896 3413 2178 7897 3412 2177 7898 3416 2181 7899 3415 2180 7900 3414 2179 7901 3414 2179 7902 3417 2182 7903 3416 2181 7904 3409 2174 7905 3416 2181 7906 3417 2182 7907 3417 2182 7908 3406 2171 7909 3409 2174 7910 3418 721 7911 3419 722 7912 3420 723 7913 3420 2183 7914 3421 2184 7915 3418 2185 7916 3422 11 7917 3423 11 7918 3424 11 7919 3424 11 7920 3425 11 7921 3422 11 7922 3426 2162 7923 3427 2162 7924 3428 2162 7925 3428 700 7926 3429 700 7927 3426 700 7928 3430 2163 7929 3431 2164 7930 3432 2165 7931 3432 2166 7932 3433 2166 7933 3430 2166 7934 3434 12 7935 3435 12 7936 3436 12 7937 3436 12 7938 3437 12 7939 3434 12 7940 3438 2186 7941 3439 2187 7942 3440 2188 7943 3440 2189 7944 3441 2189 7945 3438 2189 7946 3442 5 7947 3443 5 7948 3444 5 7949 3444 5 7950 3445 5 7951 3442 5 7952 3444 5 7953 3446 5 7954 3445 5 7955 3447 5 7956 3442 5 7957 3445 5 7958 3448 2190 7959 3449 2191 7960 3450 2192 7961 3450 2192 7962 3451 2193 7963 3448 2190 7964 3452 735 7965 3453 736 7966 3454 737 7967 3454 737 7968 3455 738 7969 3452 735 7970 3456 2194 7971 3457 2195 7972 3458 2196 7973 3458 2196 7974 3459 742 7975 3456 2194 7976 3460 2197 7977 3461 744 7978 3462 2198 7979 3462 2198 7980 3463 2199 7981 3460 2197 7982 3464 747 7983 3465 748 7984 3466 749 7985 3466 749 7986 3467 750 7987 3464 747 7988 3468 2200 7989 3469 2201 7990 3470 2202 7991 3470 2202 7992 3471 2203 7993 3468 2200 7994 3472 2204 7995 3473 2205 7996 3474 2206 7997 3474 2183 7998 3475 2184 7999 3472 2185 8000 3476 11 8001 3477 11 8002 3478 11 8003 3478 11 8004 3479 11 8005 3476 11 8006 3480 2162 8007 3481 2162 8008 3482 2162 8009 3482 2207 8010 3483 2207 8011 3480 2207 8012 3484 702 8013 3485 755 8014 3486 756 8015 3486 704 8016 3487 704 8017 3484 704 8018 3488 12 8019 3489 12 8020 3490 12 8021 3490 12 8022 3491 12 8023 3488 12 8024 3492 730 8025 3493 730 8026 3494 730 8027 3494 757 8028 3495 758 8029 3492 759 8030 3496 5 8031 3497 5 8032 3498 5 8033 3498 5 8034 3499 5 8035 3496 5 8036 3498 5 8037 3500 5 8038 3499 5 8039 3501 5 8040 3496 5 8041 3499 5 8042 3502 2208 8043 3503 2209 8044 3504 2210 8045 3504 2210 8046 3505 2211 8047 3502 2208 8048 3506 2212 8049 3507 2213 8050 3508 766 8051 3508 766 8052 3509 767 8053 3506 2212 8054 3506 2212 8055 3510 2214 8056 3511 2215 8057 3511 2215 8058 3507 2213 8059 3506 2212 8060 3511 2215 8061 3510 2214 8062 3512 770 8063 3512 770 8064 3513 771 8065 3511 2215 8066 3514 772 8067 3513 771 8068 3512 770 8069 3512 770 8070 3515 773 8071 3514 772 8072 3516 2202 8073 3517 2216 8074 3518 2217 8075 3518 2217 8076 3519 2201 8077 3516 2202 8078 3520 2218 8079 3521 2218 8080 3522 2218 8081 3522 2161 8082 3523 2161 8083 3520 2161 8084 3524 11 8085 3525 11 8086 3526 11 8087 3526 11 8088 3527 11 8089 3524 11 8090 3528 2162 8091 3529 2162 8092 3530 2162 8093 3530 2207 8094 3531 2207 8095 3528 2207 8096 3532 704 8097 3533 704 8098 3534 704 8099 3534 777 8100 3535 778 8101 3532 779 8102 3536 12 8103 3537 12 8104 3538 12 8105 3538 12 8106 3539 12 8107 3536 12 8108 3540 780 8109 3541 781 8110 3542 782 8111 3542 708 8112 3543 708 8113 3540 708 8114 3544 5 8115 3545 5 8116 3546 5 8117 3546 5 8118 3547 5 8119 3544 5 8120 3546 5 8121 3548 5 8122 3547 5 8123 3549 5 8124 3544 5 8125 3547 5 8126 3550 2219 8127 3551 2220 8128 3552 2221 8129 3552 2221 8130 3553 786 8131 3550 2219 8132 3554 787 8133 3555 788 8134 3556 789 8135 3556 789 8136 3557 790 8137 3554 787 8138 3558 2222 8139 3559 2223 8140 3560 2224 8141 3560 2224 8142 3561 2225 8143 3558 2222 8144 3562 2226 8145 3563 796 8146 3564 2227 8147 3564 2227 8148 3565 2228 8149 3562 2226 8150 3566 2229 8151 3567 2230 8152 3568 2231 8153 3568 2231 8154 3569 773 8155 3566 2229 8156 3570 2232 8157 3571 2233 8158 3572 2234 8159 3572 2234 8160 3573 806 8161 3570 2232 8162 3574 2235 8163 3575 2236 8164 3576 2237 8165 3576 2237 8166 3577 810 8167 3574 2235 8168 3577 810 8169 3576 2237 8170 3578 811 8171 3578 811 8172 3579 812 8173 3577 810 8174 3580 813 8175 3581 814 8176 3582 815 8177 3582 815 8178 3583 816 8179 3580 813 8180 3583 816 8181 3582 815 8182 3584 817 8183 3584 817 8184 3585 818 8185 3583 816 8186 3585 818 8187 3584 817 8188 3586 819 8189 3586 819 8190 3587 820 8191 3585 818 8192 3587 820 8193 3586 819 8194 3588 821 8195 3588 821 8196 3589 822 8197 3587 820 8198 3589 822 8199 3588 821 8200 3590 823 8201 3590 823 8202 3591 824 8203 3589 822 8204 3592 825 8205 3593 826 8206 3594 2238 8207 3594 2238 8208 3595 2239 8209 3592 825 8210 3595 2239 8211 3594 2238 8212 3596 2240 8213 3596 2240 8214 3597 2241 8215 3595 2239 8216 3597 2241 8217 3596 2240 8218 3598 831 8219 3598 831 8220 3599 2242 8221 3597 2241 8222 3599 2242 8223 3598 831 8224 3600 2243 8225 3600 2243 8226 3601 2244 8227 3599 2242 8228 3602 835 8229 3603 836 8230 3604 2245 8231 3604 2245 8232 3605 2246 8233 3602 835 8234 3605 2246 8235 3604 2245 8236 3606 2247 8237 3606 2247 8238 3607 840 8239 3605 2246 8240 3607 840 8241 3606 2247 8242 3608 841 8243 3608 841 8244 3609 2248 8245 3607 840 8246 3609 2248 8247 3608 841 8248 3610 2249 8249 3610 2249 8250 3611 2250 8251 3609 2248 8252 3611 2250 8253 3610 2249 8254 3612 845 8255 3612 845 8256 3613 846 8257 3611 2250 8258 3614 2251 8259 3615 2252 8260 3616 2253 8261 3616 2253 8262 3617 850 8263 3614 2251 8264 3617 850 8265 3616 2253 8266 3575 2236 8267 3575 2236 8268 3574 2235 8269 3617 850 8270 3618 2254 8271 3619 2254 8272 3620 2254 8273 3620 5 8274 3621 5 8275 3618 5 8276 3620 852 8277 3622 852 8278 3623 852 8279 3623 5 8280 3624 5 8281 3620 5 8282 3623 2255 8283 3625 2255 8284 3624 2255 8285 3626 5 8286 3624 5 8287 3627 5 8288 3627 5 8289 3628 5 8290 3626 5 8291 3628 5 8292 3629 5 8293 3626 5 8294 3621 5 8295 3620 5 8296 3624 5 8297 3624 5 8298 3626 5 8299 3621 5 8300 3626 2256 8301 3630 2256 8302 3631 2256 8303 3631 5 8304 3621 5 8305 3626 5 8306 3631 2257 8307 3632 2257 8308 3621 2257 8309 3633 5 8310 3618 5 8311 3621 5 8312 3621 2258 8313 3634 2258 8314 3633 2258 8315 3635 5 8316 3618 5 8317 3633 5 8318 3636 2259 8319 3637 2259 8320 3638 2259 8321 3638 2260 8322 3639 2260 8323 3636 2260 8324 3640 2261 8325 3637 2261 8326 3636 2261 8327 3636 5 8328 3641 5 8329 3640 5 8330 3642 2262 8331 3643 2262 8332 3640 2262 8333 3640 861 8334 3641 861 8335 3642 861 8336 3643 5 8337 3642 5 8338 3644 5 8339 3644 2263 8340 3645 2263 8341 3643 2263 8342 3646 863 8343 3645 863 8344 3644 863 8345 3644 2264 8346 3647 2264 8347 3646 2264 8348 3648 2265 8349 3646 2265 8350 3647 2265 8351 3647 866 8352 3649 866 8353 3648 866 8354 3650 2266 8355 3648 2266 8356 3649 2266 8357 3649 2267 8358 3651 2267 8359 3650 2267 8360 3652 2268 8361 3650 2268 8362 3651 2268 8363 3651 5 8364 3653 5 8365 3652 5 8366 3654 2269 8367 3652 2269 8368 3653 2269 8369 3653 2270 8370 3655 2270 8371 3654 2270 8372 3656 5 8373 3654 5 8374 3655 5 8375 3655 5 8376 3657 5 8377 3656 5 8378 3658 2271 8379 3656 2271 8380 3657 2271 8381 3657 2272 8382 3659 2272 8383 3658 2272 8384 3660 5 8385 3661 5 8386 3658 5 8387 3658 2273 8388 3659 2273 8389 3660 2273 8390 3662 5 8391 3663 5 8392 3661 5 8393 3661 875 8394 3660 875 8395 3662 875 8396 3664 5 8397 3665 5 8398 3663 5 8399 3663 5 8400 3662 5 8401 3664 5 8402 3666 2274 8403 3665 2274 8404 3664 2274 8405 3664 877 8406 3667 877 8407 3666 877 8408 3668 2275 8409 3666 2275 8410 3667 2275 8411 3667 2276 8412 3669 2276 8413 3668 2276 8414 3669 5 8415 3670 5 8416 3671 5 8417 3671 2277 8418 3668 2277 8419 3669 2277 8420 3638 2278 8421 3671 2278 8422 3670 2278 8423 3670 5 8424 3639 5 8425 3638 5 8426 3672 2279 8427 3673 2280 8428 3674 2281 8429 3674 2281 8430 3675 2282 8431 3672 2279 8432 3672 2279 8433 3676 886 8434 3677 887 8435 3677 887 8436 3673 2280 8437 3672 2279 8438 3678 2283 8439 3679 2284 8440 3680 2285 8441 3680 2285 8442 3681 2286 8443 3678 2283 8444 3678 2283 8445 3682 2287 8446 3683 2288 8447 3683 2288 8448 3679 2284 8449 3678 2283 8450 3684 2289 8451 3683 2288 8452 3682 2287 8453 3682 2287 8454 3685 2290 8455 3684 2289 8456 3684 2289 8457 3685 2290 8458 3686 2291 8459 3686 2291 8460 3687 2292 8461 3684 2289 8462 3688 2293 8463 3689 2294 8464 3687 2292 8465 3687 2292 8466 3686 2291 8467 3688 2293 8468 3690 2295 8469 3691 2296 8470 3692 902 8471 3692 902 8472 3693 903 8473 3690 2295 8474 3694 2297 8475 3695 2298 8476 3691 2296 8477 3691 2296 8478 3690 2295 8479 3694 2297 8480 3694 2297 8481 3696 906 8482 3697 907 8483 3697 907 8484 3695 2298 8485 3694 2297 8486 3697 907 8487 3696 906 8488 3698 908 8489 3698 908 8490 3699 909 8491 3697 907 8492 3700 910 8493 3701 911 8494 3702 912 8495 3702 912 8496 3703 913 8497 3700 910 8498 3704 914 8499 3705 915 8500 3700 910 8501 3700 910 8502 3703 913 8503 3704 914 8504 3706 916 8505 3707 917 8506 3705 915 8507 3705 915 8508 3704 914 8509 3706 916 8510 3708 918 8511 3707 917 8512 3706 916 8513 3706 916 8514 3709 919 8515 3708 918 8516 3710 920 8517 3711 921 8518 3708 918 8519 3708 918 8520 3709 919 8521 3710 920 8522 3712 922 8523 3713 923 8524 3714 924 8525 3714 924 8526 3715 925 8527 3712 922 8528 3675 2282 8529 3674 2281 8530 3715 925 8531 3715 925 8532 3714 924 8533 3675 2282 8534 3716 926 8535 3717 926 8536 3718 926 8537 3718 927 8538 3719 927 8539 3716 927 8540 3720 2299 8541 3721 2299 8542 3717 2299 8543 3717 2300 8544 3716 2300 8545 3720 2300 8546 3722 2301 8547 3723 2301 8548 3721 2301 8549 3721 931 8550 3720 931 8551 3722 931 8552 3724 2302 8553 3723 2302 8554 3722 2302 8555 3722 5 8556 3725 5 8557 3724 5 8558 3725 933 8559 3726 933 8560 3727 933 8561 3727 5 8562 3724 5 8563 3725 5 8564 3728 5 8565 3727 5 8566 3726 5 8567 3726 2303 8568 3729 2303 8569 3728 2303 8570 3730 2304 8571 3728 2304 8572 3729 2304 8573 3729 2305 8574 3731 2305 8575 3730 2305 8576 3730 5 8577 3731 5 8578 3732 5 8579 3732 2306 8580 3733 2306 8581 3730 2306 8582 3734 5 8583 3733 5 8584 3732 5 8585 3732 938 8586 3735 938 8587 3734 938 8588 3736 939 8589 3734 939 8590 3735 939 8591 3735 5 8592 3737 5 8593 3736 5 8594 3736 2307 8595 3737 2307 8596 3738 2307 8597 3738 941 8598 3739 941 8599 3736 941 8600 3739 2308 8601 3738 2308 8602 3740 2308 8603 3740 2309 8604 3741 2309 8605 3739 2309 8606 3742 944 8607 3741 944 8608 3740 944 8609 3740 5 8610 3743 5 8611 3742 5 8612 3744 5 8613 3745 5 8614 3742 5 8615 3742 945 8616 3743 945 8617 3744 945 8618 3746 5 8619 3747 5 8620 3745 5 8621 3745 5 8622 3744 5 8623 3746 5 8624 3746 946 8625 3748 946 8626 3749 946 8627 3749 2310 8628 3747 2310 8629 3746 2310 8630 3750 5 8631 3751 5 8632 3749 5 8633 3749 2311 8634 3748 2311 8635 3750 2311 8636 3751 2312 8637 3750 2312 8638 3719 2312 8639 3719 2313 8640 3718 2313 8641 3751 2313 8642 3752 2314 8643 3753 2315 8644 3754 2316 8645 3754 2316 8646 3755 2317 8647 3752 2314 8648 3753 2315 8649 3752 2314 8650 3756 2318 8651 3756 2318 8652 3757 956 8653 3753 2315 8654 3758 2319 8655 3759 2320 8656 3760 2321 8657 3760 2321 8658 3761 2322 8659 3758 2319 8660 3758 2319 8661 3762 961 8662 3763 962 8663 3763 962 8664 3759 2320 8665 3758 2319 8666 3764 963 8667 3765 964 8668 3763 962 8669 3763 962 8670 3762 961 8671 3764 963 8672 3765 964 8673 3764 963 8674 3766 2323 8675 3766 2323 8676 3767 2324 8677 3765 964 8678 3768 2325 8679 3767 2324 8680 3766 2323 8681 3766 2323 8682 3769 2326 8683 3768 2325 8684 3770 2327 8685 3771 970 8686 3772 2328 8687 3772 2328 8688 3773 2329 8689 3770 2327 8690 3774 2330 8691 3773 2329 8692 3772 2328 8693 3772 2328 8694 3775 2331 8695 3774 2330 8696 3776 2332 8697 3774 2330 8698 3775 2331 8699 3775 2331 8700 3777 976 8701 3776 2332 8702 3776 2332 8703 3777 976 8704 3778 977 8705 3778 977 8706 3779 978 8707 3776 2332 8708 3780 2333 8709 3781 2334 8710 3782 2335 8711 3782 2335 8712 3783 2336 8713 3780 2333 8714 3783 2336 8715 3782 2335 8716 3784 2337 8717 3784 2337 8718 3785 984 8719 3783 2336 8720 3786 2338 8721 3787 986 8722 3785 984 8723 3785 984 8724 3784 2337 8725 3786 2338 8726 3788 2339 8727 3787 986 8728 3786 2338 8729 3786 2338 8730 3789 2340 8731 3788 2339 8732 3789 2340 8733 3790 2341 8734 3791 2342 8735 3791 2342 8736 3788 2339 8737 3789 2340 8738 3792 2343 8739 3793 992 8740 3794 993 8741 3794 993 8742 3795 994 8743 3792 2343 8744 3755 2317 8745 3754 2316 8746 3792 2343 8747 3792 2343 8748 3795 994 8749 3755 2317 8750 3796 2344 8751 3797 2345 8752 3798 2346 8753 3798 2346 8754 3799 2347 8755 3796 2344 8756 3800 2348 8757 3797 2345 8758 3796 2344 8759 3796 2344 8760 3801 2349 8761 3800 2348 8762 3802 2350 8763 3803 2351 8764 3804 2352 8765 3804 2352 8766 3805 2353 8767 3802 2350 8768 3806 2354 8769 3807 1006 8770 3803 2351 8771 3803 2351 8772 3802 2350 8773 3806 2354 8774 3806 2354 8775 3808 2355 8776 3809 1008 8777 3809 1008 8778 3807 1006 8779 3806 2354 8780 3808 2355 8781 3810 2356 8782 3811 2357 8783 3811 2357 8784 3809 1008 8785 3808 2355 8786 3812 2358 8787 3811 2357 8788 3810 2356 8789 3810 2356 8790 3813 2359 8791 3812 2358 8792 3814 2360 8793 3815 2361 8794 3816 2362 8795 3816 2362 8796 3817 2363 8797 3814 2360 8798 3814 2360 8799 3818 2364 8800 3819 2365 8801 3819 2365 8802 3815 2361 8803 3814 2360 8804 3820 2366 8805 3819 2365 8806 3818 2364 8807 3818 2364 8808 3821 2367 8809 3820 2366 8810 3821 2367 8811 3822 2368 8812 3823 2369 8813 3823 2369 8814 3820 2366 8815 3821 2367 8816 3824 1023 8817 3825 1024 8818 3826 2370 8819 3826 2370 8820 3827 2371 8821 3824 1023 8822 3828 1027 8823 3824 1023 8824 3827 2371 8825 3827 2371 8826 3829 2372 8827 3828 1027 8828 3829 2372 8829 3830 2373 8830 3831 1030 8831 3831 1030 8832 3828 1027 8833 3829 2372 8834 3832 1031 8835 3831 1030 8836 3830 2373 8837 3830 2373 8838 3833 2374 8839 3832 1031 8840 3833 2374 8841 3834 2375 8842 3835 1034 8843 3835 1034 8844 3832 1031 8845 3833 2374 8846 3836 2376 8847 3837 1036 8848 3838 2377 8849 3838 2377 8850 3839 2378 8851 3836 2376 8852 3799 2347 8853 3798 2346 8854 3836 2376 8855 3836 2376 8856 3839 2378 8857 3799 2347 8858 3840 1039 8859 3841 1039 8860 3842 1039 8861 3842 5 8862 3843 5 8863 3840 5 8864 3842 5 8865 3844 5 8866 3845 5 8867 3845 5 8868 3846 5 8869 3842 5 8870 3845 5 8871 3847 5 8872 3846 5 8873 3846 5 8874 3848 5 8875 3849 5 8876 3849 5 8877 3850 5 8878 3846 5 8879 3849 5 8880 3851 5 8881 3850 5 8882 3850 5 8883 3843 5 8884 3842 5 8885 3842 5 8886 3846 5 8887 3850 5 8888 3852 5 8889 3843 5 8890 3850 5 8891 3850 5 8892 3853 5 8893 3852 5 8894 3852 5 8895 3854 5 8896 3843 5 8897 3840 2379 8898 3843 2379 8899 3855 2379 8900 3855 5 8901 3856 5 8902 3840 5 8903 3857 5 8904 3840 5 8905 3856 5 8906 3858 2380 8907 3859 2381 8908 3860 2382 8909 3860 2382 8910 3861 2383 8911 3858 2380 8912 3862 2384 8913 3863 2385 8914 3864 2386 8915 3864 2386 8916 3865 2387 8917 3862 2384 8918 3860 2382 8919 3866 2388 8920 3867 2389 8921 3867 2389 8922 3861 2383 8923 3860 2382 8924 3868 2390 8925 3865 2387 8926 3864 2386 8927 3864 2386 8928 3869 2391 8929 3868 2390 8930 3870 2392 8931 3871 1053 8932 3872 1054 8933 3872 1054 8934 3873 1055 8935 3870 2392 8936 3874 2393 8937 3875 2394 8938 3876 2395 8939 3876 2395 8940 3877 1059 8941 3874 2393 8942 3870 2392 8943 3873 1055 8944 3878 2396 8945 3878 2396 8946 3879 2397 8947 3870 2392 8948 3880 2398 8949 3876 2395 8950 3875 2394 8951 3875 2394 8952 3881 2399 8953 3880 2398 8954 3879 2397 8955 3878 2396 8956 3882 2400 8957 3882 2400 8958 3883 2401 8959 3879 2397 8960 3880 2398 8961 3881 2399 8962 3884 2402 8963 3884 2402 8964 3885 2403 8965 3880 2398 8966 3883 2401 8967 3882 2400 8968 3886 2404 8969 3886 2404 8970 3887 1069 8971 3883 2401 8972 3888 2405 8973 3885 2403 8974 3884 2402 8975 3884 2402 8976 3889 2406 8977 3888 2405 8978 3890 1072 8979 3887 1069 8980 3886 2404 8981 3886 2404 8982 3891 1073 8983 3890 1072 8984 3892 2407 8985 3888 2405 8986 3889 2406 8987 3889 2406 8988 3893 1075 8989 3892 2407 8990 3894 2408 8991 3895 2409 8992 3896 2410 8993 3896 2410 8994 3897 2411 8995 3894 2408 8996 3898 2412 8997 3899 2413 8998 3900 2414 8999 3900 2414 9000 3901 2415 9001 3898 2412 9002 3902 2416 9003 3894 2408 9004 3897 2411 9005 3897 2411 9006 3903 2417 9007 3902 2416 9008 3899 2413 9009 3904 2418 9010 3905 2419 9011 3905 2419 9012 3900 2414 9013 3899 2413 9014 3906 2420 9015 3902 2416 9016 3903 2417 9017 3903 2417 9018 3907 2421 9019 3906 2420 9020 3904 2418 9021 3908 2422 9022 3909 2423 9023 3909 2423 9024 3905 2419 9025 3904 2418 9026 3907 2421 9027 3910 2424 9028 3911 2425 9029 3911 2425 9030 3906 2420 9031 3907 2421 9032 3912 1094 9033 3909 2423 9034 3908 2422 9035 3908 2422 9036 3913 1095 9037 3912 1094 9038 3914 2426 9039 3915 1097 9040 3916 2427 9041 3916 2427 9042 3917 2428 9043 3914 2426 9044 3918 2429 9045 3919 2430 9046 3920 2431 9047 3920 2431 9048 3921 2432 9049 3918 2429 9050 3922 2433 9051 3923 2434 9052 3914 2426 9053 3914 2426 9054 3917 2428 9055 3922 2433 9056 3920 2431 9057 3924 2435 9058 3925 2436 9059 3925 2436 9060 3921 2432 9061 3920 2431 9062 3923 2434 9063 3922 2433 9064 3926 2437 9065 3926 2437 9066 3927 2438 9067 3923 2434 9068 3928 2439 9069 3925 2436 9070 3924 2435 9071 3924 2435 9072 3929 2440 9073 3928 2439 9074 3926 2437 9075 3930 2441 9076 3931 2442 9077 3931 2442 9078 3927 2438 9079 3926 2437 9080 3932 2443 9081 3928 2439 9082 3929 2440 9083 3929 2440 9084 3933 2444 9085 3932 2443 9086 3934 2445 9087 3931 2442 9088 3930 2441 9089 3930 2441 9090 3935 1117 9091 3934 2445 9092 3936 2446 9093 3932 2443 9094 3933 2444 9095 3933 2444 9096 3937 2447 9097 3936 2446 9098 3938 2448 9099 3939 2449 9100 3940 2450 9101 3940 2450 9102 3941 2451 9103 3938 2448 9104 3942 1124 9105 3943 1125 9106 3944 2452 9107 3944 2452 9108 3945 2453 9109 3942 1124 9110 3858 2380 9111 3938 2448 9112 3941 2451 9113 3941 2451 9114 3859 2381 9115 3858 2380 9116 3944 2452 9117 3863 2385 9118 3862 2384 9119 3862 2384 9120 3945 2453 9121 3944 2452 9122 3946 5 9123 3947 5 9124 3948 5 9125 3948 1128 9126 3949 1128 9127 3946 1128 9128 3950 5 9129 3949 5 9130 3948 5 9131 3948 5 9132 3951 5 9133 3950 5 9134 3950 1129 9135 3951 1129 9136 3952 1129 9137 3952 1130 9138 3953 1130 9139 3950 1130 9140 3952 2454 9141 3954 2454 9142 3955 2454 9143 3955 2455 9144 3953 2455 9145 3952 2455 9146 3956 5 9147 3957 5 9148 3955 5 9149 3955 2456 9150 3954 2456 9151 3956 2456 9152 3956 2457 9153 3958 2457 9154 3959 2457 9155 3959 2458 9156 3957 2458 9157 3956 2458 9158 3959 5 9159 3958 5 9160 3960 5 9161 3960 5 9162 3961 5 9163 3959 5 9164 3961 2459 9165 3960 2459 9166 3962 2459 9167 3962 5 9168 3963 5 9169 3961 5 9170 3964 5 9171 3963 5 9172 3962 5 9173 3962 5 9174 3965 5 9175 3964 5 9176 3965 5 9177 3966 5 9178 3967 5 9179 3967 5 9180 3964 5 9181 3965 5 9182 3967 5 9183 3966 5 9184 3968 5 9185 3968 1137 9186 3969 1137 9187 3967 1137 9188 3969 5 9189 3968 5 9190 3970 5 9191 3970 2460 9192 3971 2460 9193 3969 2460 9194 3972 5 9195 3971 5 9196 3970 5 9197 3970 2461 9198 3973 2461 9199 3972 2461 9200 3974 5 9201 3975 5 9202 3972 5 9203 3972 5 9204 3973 5 9205 3974 5 9206 3976 2462 9207 3975 2462 9208 3974 2462 9209 3974 2463 9210 3977 2463 9211 3976 2463 9212 3976 2464 9213 3977 2464 9214 3978 2464 9215 3978 5 9216 3979 5 9217 3976 5 9218 3979 2465 9219 3978 2465 9220 3980 2465 9221 3980 1144 9222 3981 1144 9223 3979 1144 9224 3946 5 9225 3981 5 9226 3980 5 9227 3980 2466 9228 3947 2466 9229 3946 2466 9230 3982 2467 9231 3983 2468 9232 3948 2469 9233 3948 2469 9234 3947 2470 9235 3982 2467 9236 3951 2471 9237 3948 2469 9238 3983 2468 9239 3983 2468 9240 3984 2472 9241 3951 2471 9242 3984 2472 9243 3985 2473 9244 3952 2474 9245 3952 2474 9246 3951 2471 9247 3984 2472 9248 3954 2475 9249 3952 2474 9250 3985 2473 9251 3985 2473 9252 3986 2476 9253 3954 2475 9254 3954 2475 9255 3986 2476 9256 3987 2477 9257 3987 2477 9258 3956 2478 9259 3954 2475 9260 3987 2477 9261 3988 2479 9262 3958 2480 9263 3958 2480 9264 3956 2478 9265 3987 2477 9266 3958 2480 9267 3988 2479 9268 3989 2481 9269 3989 2481 9270 3960 2482 9271 3958 2480 9272 3989 2481 9273 3990 2483 9274 3962 2484 9275 3962 2484 9276 3960 2482 9277 3989 2481 9278 3965 2485 9279 3962 2484 9280 3990 2483 9281 3990 2483 9282 3991 2486 9283 3965 2485 9284 3965 2485 9285 3991 2486 9286 3992 2487 9287 3992 2487 9288 3966 2488 9289 3965 2485 9290 3966 2488 9291 3992 2487 9292 3993 2489 9293 3993 2489 9294 3968 5 9295 3966 2488 9296 3970 2490 9297 3968 5 9298 3993 2489 9299 3993 2489 9300 3994 2491 9301 3970 2490 9302 3970 2490 9303 3994 2491 9304 3995 2492 9305 3995 2492 9306 3973 2493 9307 3970 2490 9308 3974 2494 9309 3973 2493 9310 3995 2492 9311 3995 2492 9312 3996 2495 9313 3974 2494 9314 3974 2494 9315 3996 2495 9316 3997 2496 9317 3997 2496 9318 3977 5 9319 3974 2494 9320 3977 5 9321 3997 2496 9322 3998 2497 9323 3998 2497 9324 3978 2498 9325 3977 5 9326 3978 2498 9327 3998 2497 9328 3999 2499 9329 3999 2499 9330 3980 2500 9331 3978 2498 9332 3980 2500 9333 3999 2499 9334 3982 2467 9335 3982 2467 9336 3947 2470 9337 3980 2500 9338 4000 5 9339 4001 5 9340 4002 5 9341 4002 5 9342 4003 5 9343 4000 5 9344 4004 5 9345 4000 5 9346 4003 5 9347 4003 5 9348 4005 5 9349 4004 5 9350 4004 2501 9351 4005 2501 9352 4006 2501 9353 4006 5 9354 4007 5 9355 4004 5 9356 4007 5 9357 4006 5 9358 4008 5 9359 4008 5 9360 4009 5 9361 4007 5 9362 4009 2502 9363 4008 2502 9364 4010 2502 9365 4010 1182 9366 4011 1182 9367 4009 1182 9368 4011 5 9369 4010 5 9370 4012 5 9371 4012 5 9372 4013 5 9373 4011 5 9374 4013 5 9375 4012 5 9376 4014 5 9377 4014 5 9378 4015 5 9379 4013 5 9380 4015 5 9381 4014 5 9382 4016 5 9383 4016 2503 9384 4017 2503 9385 4015 2503 9386 4018 5 9387 4017 5 9388 4016 5 9389 4016 5 9390 4019 5 9391 4018 5 9392 4019 2504 9393 4020 2504 9394 4021 2504 9395 4021 2505 9396 4018 2505 9397 4019 2505 9398 4021 5 9399 4020 5 9400 4022 5 9401 4022 2506 9402 4023 2506 9403 4021 2506 9404 4023 2507 9405 4022 2507 9406 4024 2507 9407 4024 2508 9408 4025 2508 9409 4023 2508 9410 4024 5 9411 4026 5 9412 4027 5 9413 4027 5 9414 4025 5 9415 4024 5 9416 4027 2509 9417 4026 2509 9418 4028 2509 9419 4028 2510 9420 4029 2510 9421 4027 2510 9422 4030 2511 9423 4029 2511 9424 4028 2511 9425 4028 5 9426 4031 5 9427 4030 5 9428 4030 5 9429 4031 5 9430 4032 5 9431 4032 5 9432 4033 5 9433 4030 5 9434 4034 2512 9435 4033 2512 9436 4032 2512 9437 4032 5 9438 4035 5 9439 4034 5 9440 4034 2513 9441 4035 2513 9442 4002 2513 9443 4002 2514 9444 4001 2514 9445 4034 2514 9446 4036 1195 9447 4037 1196 9448 4038 121 9449 4038 121 9450 4039 121 9451 4036 1195 9452 4040 1199 9453 4041 1200 9454 4037 1196 9455 4037 1196 9456 4036 1195 9457 4040 1199 9458 4042 2515 9459 4043 2516 9460 4044 1203 9461 4044 1203 9462 4045 1204 9463 4042 2515 9464 4042 2515 9465 4046 2517 9466 4047 2518 9467 4047 2518 9468 4043 2516 9469 4042 2515 9470 4047 2518 9471 4046 2517 9472 4048 2519 9473 4048 2519 9474 4049 2520 9475 4047 2518 9476 4050 2521 9477 4051 2522 9478 4049 2520 9479 4049 2520 9480 4048 2519 9481 4050 2521 9482 4050 2521 9483 4052 1211 9484 4053 1212 9485 4053 1212 9486 4051 2522 9487 4050 2521 9488 4054 1213 9489 4055 1214 9490 4056 1215 9491 4056 1215 9492 4057 1216 9493 4054 1213 9494 4056 1215 9495 4055 1214 9496 4058 10 9497 4058 10 9498 4059 10 9499 4056 1215 9500 4060 2523 9501 4059 10 9502 4058 10 9503 4058 10 9504 4061 2524 9505 4060 2523 9506 4062 2525 9507 4060 2523 9508 4061 2524 9509 4061 2524 9510 4063 2526 9511 4062 2525 9512 4064 2527 9513 4065 2528 9514 4066 2529 9515 4066 2529 9516 4067 2530 9517 4064 2527 9518 4068 2531 9519 4065 2528 9520 4064 2527 9521 4064 2527 9522 4069 2532 9523 4068 2531 9524 4070 2533 9525 4068 2531 9526 4069 2532 9527 4069 2532 9528 4071 2534 9529 4070 2533 9530 4072 2535 9531 4073 2536 9532 4070 2533 9533 4070 2533 9534 4071 2534 9535 4072 2535 9536 4074 2537 9537 4073 2536 9538 4072 2535 9539 4072 2535 9540 4075 2538 9541 4074 2537 9542 4076 2539 9543 4077 2540 9544 4078 2541 9545 4078 2541 9546 4079 2542 9547 4076 2539 9548 4077 2540 9549 4076 2539 9550 4039 121 9551 4039 121 9552 4038 121 9553 4077 2540 9554 4080 2543 9555 4081 2544 9556 3796 2344 9557 3796 2344 9558 3799 2347 9559 4080 2543 9560 4080 2543 9561 3799 2347 9562 3839 2378 9563 3839 2378 9564 4082 2545 9565 4080 2543 9566 3838 2377 9567 4083 2546 9568 4082 2545 9569 4082 2545 9570 3839 2378 9571 3838 2377 9572 4084 2547 9573 4085 2548 9574 3834 2375 9575 3834 2375 9576 3833 2374 9577 4084 2547 9578 4086 2549 9579 4084 2547 9580 3833 2374 9581 3833 2374 9582 3830 2373 9583 4086 2549 9584 3829 2372 9585 4087 2550 9586 4086 2549 9587 4086 2549 9588 3830 2373 9589 3829 2372 9590 3829 2372 9591 3827 2371 9592 4088 2551 9593 4088 2551 9594 4087 2550 9595 3829 2372 9596 4088 2551 9597 3827 2371 9598 3826 2370 9599 3826 2370 9600 4089 2552 9601 4088 2551 9602 3821 2367 9603 4090 2553 9604 4091 2554 9605 4091 2554 9606 3822 2368 9607 3821 2367 9608 3818 2364 9609 4092 2555 9610 4090 2553 9611 4090 2553 9612 3821 2367 9613 3818 2364 9614 4093 2556 9615 4092 2555 9616 3818 2364 9617 3818 2364 9618 3814 2360 9619 4093 2556 9620 4094 2557 9621 4093 2556 9622 3814 2360 9623 3814 2360 9624 3817 2363 9625 4094 2557 9626 3810 2356 9627 4095 2558 9628 4096 2559 9629 4096 2559 9630 3813 2359 9631 3810 2356 9632 3810 2356 9633 3808 2355 9634 4097 2560 9635 4097 2560 9636 4095 2558 9637 3810 2356 9638 3806 2354 9639 4098 2561 9640 4097 2560 9641 4097 2560 9642 3808 2355 9643 3806 2354 9644 4099 2562 9645 4098 2561 9646 3806 2354 9647 3806 2354 9648 3802 2350 9649 4099 2562 9650 3805 2353 9651 4100 2563 9652 4099 2562 9653 4099 2562 9654 3802 2350 9655 3805 2353 9656 3796 2344 9657 4081 2544 9658 4101 2564 9659 4101 2564 9660 3801 2349 9661 3796 2344 9662 3983 2468 9663 3982 2467 9664 4102 2565 9665 4102 2565 9666 4103 2566 9667 3983 2468 9668 4104 2567 9669 3984 2472 9670 3983 2468 9671 3983 2468 9672 4103 2566 9673 4104 2567 9674 4104 2567 9675 4105 2568 9676 3985 2473 9677 3985 2473 9678 3984 2472 9679 4104 2567 9680 4105 2568 9681 4106 2569 9682 3986 2476 9683 3986 2476 9684 3985 2473 9685 4105 2568 9686 4107 2570 9687 3987 2477 9688 3986 2476 9689 3986 2476 9690 4106 2569 9691 4107 2570 9692 4107 2570 9693 4108 1267 9694 3988 2479 9695 3988 2479 9696 3987 2477 9697 4107 2570 9698 4109 2571 9699 3989 2481 9700 3988 2479 9701 3988 2479 9702 4108 1267 9703 4109 2571 9704 3990 2483 9705 3989 2481 9706 4109 2571 9707 4109 2571 9708 4110 2572 9709 3990 2483 9710 4111 2573 9711 3991 2486 9712 3990 2483 9713 3990 2483 9714 4110 2572 9715 4111 2573 9716 4112 2574 9717 3992 2487 9718 3991 2486 9719 3991 2486 9720 4111 2573 9721 4112 2574 9722 4112 2574 9723 4113 2575 9724 3993 2489 9725 3993 2489 9726 3992 2487 9727 4112 2574 9728 4113 2575 9729 4114 2576 9730 3994 2491 9731 3994 2491 9732 3993 2489 9733 4113 2575 9734 4115 2577 9735 3995 2492 9736 3994 2491 9737 3994 2491 9738 4114 2576 9739 4115 2577 9740 4115 2577 9741 4116 2578 9742 3996 2495 9743 3996 2495 9744 3995 2492 9745 4115 2577 9746 4117 2579 9747 3997 2496 9748 3996 2495 9749 3996 2495 9750 4116 2578 9751 4117 2579 9752 4117 2579 9753 4118 2580 9754 3998 2497 9755 3998 2497 9756 3997 2496 9757 4117 2579 9758 4119 2581 9759 3999 2499 9760 3998 2497 9761 3998 2497 9762 4118 2580 9763 4119 2581 9764 4102 2565 9765 3982 2467 9766 3999 2499 9767 3999 2499 9768 4119 2581 9769 4102 2565 9770 4120 5 9771 4121 5 9772 4122 5 9773 4122 2582 9774 4123 2582 9775 4120 2582 9776 4124 5 9777 4122 5 9778 4121 5 9779 4121 2583 9780 4125 2583 9781 4124 2583 9782 4124 5 9783 4126 5 9784 4127 5 9785 4127 5 9786 4128 5 9787 4124 5 9788 4124 2584 9789 4128 2584 9790 4129 2584 9791 4129 5 9792 4130 5 9793 4124 5 9794 4130 2585 9795 4131 2585 9796 4122 2585 9797 4122 2586 9798 4124 2586 9799 4130 2586 9800 4130 2587 9801 4132 2587 9802 4133 2587 9803 4133 5 9804 4134 5 9805 4130 5 9806 4135 5 9807 4131 5 9808 4130 5 9809 4130 2588 9810 4134 2588 9811 4135 2588 9812 4122 2589 9813 4131 2589 9814 4136 2589 9815 4136 2590 9816 4137 2590 9817 4122 2590 9818 4138 5 9819 4136 5 9820 4131 5 9821 4131 5 9822 4139 5 9823 4138 5 9824 4140 2591 9825 4141 2592 9826 4142 2593 9827 4142 2593 9828 4143 2594 9829 4140 2591 9830 4144 2595 9831 4145 2596 9832 4146 2597 9833 4146 2597 9834 4147 2598 9835 4144 2595 9836 4148 2599 9837 4149 2600 9838 4150 2601 9839 4150 2601 9840 4151 2602 9841 4148 2599 9842 4152 2603 9843 4153 2604 9844 4154 2605 9845 4154 2605 9846 4155 2606 9847 4152 2603 9848 4143 2594 9849 4156 2607 9850 4157 2608 9851 4157 2608 9852 4140 2591 9853 4143 2594 9854 4158 2609 9855 4159 2610 9856 4142 2593 9857 4142 2593 9858 4141 2592 9859 4158 2609 9860 4145 2596 9861 4160 2611 9862 4161 2612 9863 4161 2612 9864 4146 2597 9865 4145 2596 9866 4148 2599 9867 4151 2602 9868 4162 2613 9869 4162 2613 9870 4163 2614 9871 4148 2599 9872 4164 2615 9873 4165 2616 9874 4157 2608 9875 4157 2608 9876 4156 2607 9877 4164 2615 9878 4166 2617 9879 4167 2618 9880 4168 2619 9881 4168 2619 9882 4169 2620 9883 4166 2617 9884 4169 2620 9885 4144 2595 9886 4147 2598 9887 4147 2598 9888 4166 2617 9889 4169 2620 9890 4170 2621 9891 4159 2610 9892 4158 2609 9893 4158 2609 9894 4171 2622 9895 4170 2621 9896 4172 2623 9897 4173 2624 9898 4174 2625 9899 4174 2625 9900 4175 2626 9901 4172 2623 9902 4153 2604 9903 4173 2624 9904 4172 2623 9905 4172 2623 9906 4154 2605 9907 4153 2604 9908 4160 2611 9909 4176 2627 9910 4177 2628 9911 4177 2628 9912 4161 2612 9913 4160 2611 9914 4178 2629 9915 4179 2630 9916 4180 2631 9917 4180 2631 9918 4181 2632 9919 4178 2629 9920 4179 2630 9921 4178 2629 9922 4150 2601 9923 4150 2601 9924 4149 2600 9925 4179 2630 9926 4162 2613 9927 4182 2633 9928 4183 2634 9929 4183 2634 9930 4163 2614 9931 4162 2613 9932 4184 2635 9933 4185 2636 9934 4186 2637 9935 4186 2637 9936 4187 2638 9937 4184 2635 9938 4184 2635 9939 4187 2638 9940 4152 2603 9941 4152 2603 9942 4155 2606 9943 4184 2635 9944 4188 2639 9945 4189 2640 9946 4190 2641 9947 4190 2641 9948 4191 2642 9949 4188 2639 9950 4192 2643 9951 4193 2644 9952 4194 2645 9953 4194 2645 9954 4195 2646 9955 4192 2643 9956 4196 2647 9957 4197 2648 9958 4198 2649 9959 4198 2649 9960 4199 2650 9961 4196 2647 9962 4200 2651 9963 4201 2652 9964 4202 2653 9965 4202 2653 9966 4203 2654 9967 4200 2651 9968 4158 2609 9969 4141 2592 9970 4204 2655 9971 4204 2655 9972 4205 2656 9973 4158 2609 9974 4147 2598 9975 4206 2657 9976 4207 2658 9977 4207 2658 9978 4166 2617 9979 4147 2598 9980 4155 2606 9981 4208 2659 9982 4209 2660 9983 4209 2660 9984 4184 2635 9985 4155 2606 9986 4149 2600 9987 4210 2661 9988 4211 2662 9989 4211 2662 9990 4179 2630 9991 4149 2600 9992 4172 2623 9993 4212 2663 9994 4213 2664 9995 4213 2664 9996 4154 2605 9997 4172 2623 9998 4175 2626 9999 4214 2665 10000 4212 2663 10001 4212 2663 10002 4172 2623 10003 4175 2626 10004 4158 2609 10005 4205 2656 10006 4215 2666 10007 4215 2666 10008 4171 2622 10009 4158 2609 10010 4216 2667 10011 4140 2591 10012 4157 2608 10013 4157 2608 10014 4217 2668 10015 4216 2667 10016 4218 2669 10017 4217 2668 10018 4157 2608 10019 4157 2608 10020 4165 2616 10021 4218 2669 10022 4219 2670 10023 4167 2618 10024 4166 2617 10025 4166 2617 10026 4207 2658 10027 4219 2670 10028 4220 2671 10029 4148 2599 10030 4163 2614 10031 4163 2614 10032 4221 2672 10033 4220 2671 10034 4222 2673 10035 4221 2672 10036 4163 2614 10037 4163 2614 10038 4183 2634 10039 4222 2673 10040 4223 2674 10041 4185 2636 10042 4184 2635 10043 4184 2635 10044 4209 2660 10045 4223 2674 10046 4224 2675 10047 4225 2676 10048 4146 2597 10049 4146 2597 10050 4161 2612 10051 4224 2675 10052 4224 2675 10053 4161 2612 10054 4177 2628 10055 4177 2628 10056 4226 2677 10057 4224 2675 10058 4211 2662 10059 4227 2678 10060 4180 2631 10061 4180 2631 10062 4179 2630 10063 4211 2662 10064 4141 2592 10065 4140 2591 10066 4216 2667 10067 4216 2667 10068 4204 2655 10069 4141 2592 10070 4147 2598 10071 4146 2597 10072 4225 2676 10073 4225 2676 10074 4206 2657 10075 4147 2598 10076 4210 2661 10077 4149 2600 10078 4148 2599 10079 4148 2599 10080 4220 2671 10081 4210 2661 10082 4155 2606 10083 4154 2605 10084 4213 2664 10085 4213 2664 10086 4208 2659 10087 4155 2606 10088 4189 2640 10089 4188 2639 10090 4228 2679 10091 4228 2679 10092 4229 2680 10093 4189 2640 10094 4194 2645 10095 4230 2681 10096 4231 2682 10097 4231 2682 10098 4195 2646 10099 4194 2645 10100 4202 2653 10101 4232 2683 10102 4233 2684 10103 4233 2684 10104 4203 2654 10105 4202 2653 10106 4234 2685 10107 4197 2648 10108 4196 2647 10109 4196 2647 10110 4235 2686 10111 4234 2685 10112 4236 2687 10113 4237 2688 10114 4201 2652 10115 4201 2652 10116 4200 2651 10117 4236 2687 10118 4238 2689 10119 4239 2690 10120 4237 2688 10121 4237 2688 10122 4236 2687 10123 4238 2689 10124 4228 2679 10125 4239 2690 10126 4238 2689 10127 4238 2689 10128 4229 2680 10129 4228 2679 10130 4240 2691 10131 4241 2692 10132 4191 2642 10133 4191 2642 10134 4190 2641 10135 4240 2691 10136 4242 2693 10137 4243 2694 10138 4241 2692 10139 4241 2692 10140 4240 2691 10141 4242 2693 10142 4230 2681 10143 4243 2694 10144 4242 2693 10145 4242 2693 10146 4231 2682 10147 4230 2681 10148 4244 2695 10149 4199 2650 10150 4198 2649 10151 4198 2649 10152 4245 2696 10153 4244 2695 10154 4246 2697 10155 4247 2698 10156 4244 2695 10157 4244 2695 10158 4245 2696 10159 4246 2697 10160 4233 2684 10161 4232 2683 10162 4247 2698 10163 4247 2698 10164 4246 2697 10165 4233 2684 10166 4248 2699 10167 4249 2700 10168 4193 2644 10169 4193 2644 10170 4192 2643 10171 4248 2699 10172 4249 2700 10173 4248 2699 10174 4250 2701 10175 4250 2701 10176 4251 2702 10177 4249 2700 10178 4234 2685 10179 4235 2686 10180 4251 2702 10181 4251 2702 10182 4250 2701 10183 4234 2685 10184 4252 0 10185 4253 0 10186 4254 0 10187 4254 0 10188 4255 0 10189 4252 0 10190 4252 2703 10191 4255 2703 10192 4256 2703 10193 4256 2704 10194 4257 2704 10195 4252 2704 10196 4257 2705 10197 4258 2705 10198 4259 2705 10199 4259 2706 10200 4260 2706 10201 4257 2706 10202 4257 2707 10203 4260 2707 10204 4261 2707 10205 4261 0 10206 4262 0 10207 4257 0 10208 4252 0 10209 4257 0 10210 4262 0 10211 4262 0 10212 4263 0 10213 4252 0 10214 4264 0 10215 4262 0 10216 4265 0 10217 4265 0 10218 4266 0 10219 4264 0 10220 4263 0 10221 4262 0 10222 4264 0 10223 4264 0 10224 4267 0 10225 4263 0 10226 4263 2708 10227 4268 2708 10228 4269 2708 10229 4269 2709 10230 4252 2709 10231 4263 2709 10232 4270 0 10233 4268 0 10234 4263 0 10235 4263 2710 10236 4271 2710 10237 4270 2710 10238 4272 2711 10239 4273 2711 10240 4274 2711 10241 4274 5 10242 4275 5 10243 4272 5 10244 4274 2712 10245 4276 2712 10246 4277 2712 10247 4277 5 10248 4275 5 10249 4274 5 10250 4278 5 10251 4277 5 10252 4279 5 10253 4279 5 10254 4280 5 10255 4278 5 10256 4277 2713 10257 4278 2713 10258 4281 2713 10259 4281 5 10260 4282 5 10261 4277 5 10262 4283 2714 10263 4275 2714 10264 4277 2714 10265 4277 2715 10266 4282 2715 10267 4283 2715 10268 4282 2716 10269 4284 2716 10270 4285 2716 10271 4285 5 10272 4286 5 10273 4282 5 10274 4287 2717 10275 4283 2717 10276 4282 2717 10277 4282 2718 10278 4286 2718 10279 4287 2718 10280 4288 2719 10281 4289 2719 10282 4275 2719 10283 4275 2720 10284 4283 2720 10285 4288 2720 10286 4290 5 10287 4291 5 10288 4288 5 10289 4288 5 10290 4283 5 10291 4290 5 10292 4292 2721 10293 4293 2722 10294 4294 2723 10295 4294 2723 10296 4295 2724 10297 4292 2721 10298 4296 2725 10299 4297 2726 10300 4298 2727 10301 4298 2727 10302 4299 2728 10303 4296 2725 10304 4300 2729 10305 4301 2730 10306 4302 2731 10307 4302 2731 10308 4303 2732 10309 4300 2729 10310 4304 2733 10311 4305 2734 10312 4306 2735 10313 4306 2735 10314 4307 2736 10315 4304 2733 10316 4293 2722 10317 4292 2721 10318 4308 2737 10319 4308 2737 10320 4309 2738 10321 4293 2722 10322 4294 2723 10323 4310 2739 10324 4311 2740 10325 4311 2740 10326 4295 2724 10327 4294 2723 10328 4296 2725 10329 4312 2741 10330 4313 2742 10331 4313 2742 10332 4297 2726 10333 4296 2725 10334 4314 2743 10335 4301 2730 10336 4300 2729 10337 4300 2729 10338 4315 2744 10339 4314 2743 10340 4308 2737 10341 4316 2745 10342 4317 2746 10343 4317 2746 10344 4309 2738 10345 4308 2737 10346 4318 2747 10347 4319 2748 10348 4320 2749 10349 4320 2749 10350 4321 2750 10351 4318 2747 10352 4298 2727 10353 4319 2748 10354 4318 2747 10355 4318 2747 10356 4299 2728 10357 4298 2727 10358 4310 2739 10359 4322 2751 10360 4323 2752 10361 4323 2752 10362 4311 2740 10363 4310 2739 10364 4324 2753 10365 4325 2754 10366 4326 2755 10367 4326 2755 10368 4327 2756 10369 4324 2753 10370 4304 2733 10371 4307 2736 10372 4327 2756 10373 4327 2756 10374 4326 2755 10375 4304 2733 10376 4328 2757 10377 4329 2758 10378 4313 2742 10379 4313 2742 10380 4312 2741 10381 4328 2757 10382 4330 2759 10383 4331 2760 10384 4332 2761 10385 4332 2761 10386 4333 2762 10387 4330 2759 10388 4331 2760 10389 4330 2759 10390 4303 2732 10391 4303 2732 10392 4302 2731 10393 4331 2760 10394 4334 2763 10395 4335 2764 10396 4314 2743 10397 4314 2743 10398 4315 2744 10399 4334 2763 10400 4336 2765 10401 4337 2766 10402 4338 2767 10403 4338 2767 10404 4339 2768 10405 4336 2765 10406 4338 2767 10407 4337 2766 10408 4306 2735 10409 4306 2735 10410 4305 2734 10411 4338 2767 10412 4340 2769 10413 4341 2770 10414 4342 2771 10415 4342 2771 10416 4343 2772 10417 4340 2769 10418 4344 2773 10419 4345 2774 10420 4346 2775 10421 4346 2775 10422 4347 2776 10423 4344 2773 10424 4348 2777 10425 4349 2778 10426 4350 2779 10427 4350 2779 10428 4351 2780 10429 4348 2777 10430 4352 2781 10431 4353 2782 10432 4354 2783 10433 4354 2783 10434 4355 2784 10435 4352 2781 10436 4356 2785 10437 4357 2786 10438 4310 2739 10439 4310 2739 10440 4294 2723 10441 4356 2785 10442 4298 2727 10443 4358 2787 10444 4359 2788 10445 4359 2788 10446 4319 2748 10447 4298 2727 10448 4360 2789 10449 4361 2790 10450 4338 2767 10451 4338 2767 10452 4305 2734 10453 4360 2789 10454 4331 2760 10455 4302 2731 10456 4362 2791 10457 4362 2791 10458 4363 2792 10459 4331 2760 10460 4326 2755 10461 4364 2793 10462 4365 2794 10463 4365 2794 10464 4304 2733 10465 4326 2755 10466 4325 2754 10467 4366 2795 10468 4364 2793 10469 4364 2793 10470 4326 2755 10471 4325 2754 10472 4322 2751 10473 4310 2739 10474 4357 2786 10475 4357 2786 10476 4367 2796 10477 4322 2751 10478 4368 2797 10479 4369 2798 10480 4293 2722 10481 4293 2722 10482 4309 2738 10483 4368 2797 10484 4317 2746 10485 4370 2799 10486 4368 2797 10487 4368 2797 10488 4309 2738 10489 4317 2746 10490 4371 2800 10491 4320 2749 10492 4319 2748 10493 4319 2748 10494 4359 2788 10495 4371 2800 10496 4372 2801 10497 4301 2730 10498 4314 2743 10499 4314 2743 10500 4373 2802 10501 4372 2801 10502 4335 2764 10503 4374 2803 10504 4373 2802 10505 4373 2802 10506 4314 2743 10507 4335 2764 10508 4375 2804 10509 4339 2768 10510 4338 2767 10511 4338 2767 10512 4361 2790 10513 4375 2804 10514 4297 2726 10515 4313 2742 10516 4376 2805 10517 4376 2805 10518 4377 2806 10519 4297 2726 10520 4378 2807 10521 4376 2805 10522 4313 2742 10523 4313 2742 10524 4329 2758 10525 4378 2807 10526 4332 2761 10527 4331 2760 10528 4363 2792 10529 4363 2792 10530 4379 2808 10531 4332 2761 10532 4380 2809 10533 4342 2771 10534 4341 2770 10535 4341 2770 10536 4381 2810 10537 4380 2809 10538 4356 2785 10539 4294 2723 10540 4293 2722 10541 4293 2722 10542 4369 2798 10543 4356 2785 10544 4377 2806 10545 4382 2811 10546 4383 2812 10547 4383 2812 10548 4358 2787 10549 4377 2806 10550 4358 2787 10551 4298 2727 10552 4297 2726 10553 4297 2726 10554 4377 2806 10555 4358 2787 10556 4384 2813 10557 4348 2777 10558 4351 2780 10559 4351 2780 10560 4385 2814 10561 4384 2813 10562 4362 2791 10563 4302 2731 10564 4301 2730 10565 4301 2730 10566 4372 2801 10567 4362 2791 10568 4360 2789 10569 4365 2794 10570 4386 2815 10571 4386 2815 10572 4387 2816 10573 4360 2789 10574 4305 2734 10575 4304 2733 10576 4365 2794 10577 4365 2794 10578 4360 2789 10579 4305 2734 10580 4388 2817 10581 4389 2818 10582 4381 2810 10583 4381 2810 10584 4341 2770 10585 4388 2817 10586 4340 2769 10587 4390 2819 10588 4388 2817 10589 4388 2817 10590 4341 2770 10591 4340 2769 10592 4391 2820 10593 4392 2821 10594 4393 2822 10595 4393 2822 10596 4394 2823 10597 4391 2820 10598 4347 2776 10599 4346 2775 10600 4395 2824 10601 4395 2824 10602 4396 2825 10603 4347 2776 10604 4397 2826 10605 4398 2827 10606 4399 2828 10607 4399 2828 10608 4400 2829 10609 4397 2826 10610 4354 2783 10611 4401 2830 10612 4402 2831 10613 4402 2831 10614 4355 2784 10615 4354 2783 10616 4403 2832 10617 4404 2833 10618 4385 2814 10619 4385 2814 10620 4351 2780 10621 4403 2832 10622 4403 2832 10623 4351 2780 10624 4350 2779 10625 4350 2779 10626 4405 2834 10627 4403 2832 10628 4406 2835 10629 4407 2836 10630 4408 2837 10631 4408 2837 10632 4409 2838 10633 4406 2835 10634 4410 2839 10635 4411 2840 10636 4353 2782 10637 4353 2782 10638 4352 2781 10639 4410 2839 10640 4409 2838 10641 4408 2837 10642 4412 2841 10643 4412 2841 10644 4413 2842 10645 4409 2838 10646 4411 2840 10647 4410 2839 10648 4414 2843 10649 4414 2843 10650 4415 2844 10651 4411 2840 10652 4416 2845 10653 4417 2846 10654 4418 2847 10655 4418 2847 10656 4419 2848 10657 4416 2845 10658 4415 2844 10659 4414 2843 10660 4388 2817 10661 4388 2817 10662 4390 2819 10663 4415 2844 10664 4380 2809 10665 4420 2849 10666 4421 2850 10667 4421 2850 10668 4342 2771 10669 4380 2809 10670 4342 2771 10671 4421 2850 10672 4422 2851 10673 4422 2851 10674 4343 2772 10675 4342 2771 10676 4423 2852 10677 4424 2853 10678 4425 2854 10679 4425 2854 10680 4426 2855 10681 4423 2852 10682 4427 2856 10683 4422 2851 10684 4421 2850 10685 4421 2850 10686 4428 2857 10687 4427 2856 10688 4423 2852 10689 4392 2821 10690 4391 2820 10691 4391 2820 10692 4424 2853 10693 4423 2852 10694 4396 2825 10695 4395 2824 10696 4427 2856 10697 4427 2856 10698 4428 2857 10699 4396 2825 10700 4384 2813 10701 4429 2858 10702 4430 2859 10703 4430 2859 10704 4348 2777 10705 4384 2813 10706 4430 2859 10707 4431 2860 10708 4349 2778 10709 4349 2778 10710 4348 2777 10711 4430 2859 10712 4432 2861 10713 4433 2862 10714 4434 2863 10715 4434 2863 10716 4435 2864 10717 4432 2861 10718 4436 2865 10719 4431 2860 10720 4430 2859 10721 4430 2859 10722 4437 2866 10723 4436 2865 10724 4432 2861 10725 4398 2827 10726 4397 2826 10727 4397 2826 10728 4433 2862 10729 4432 2861 10730 4402 2831 10731 4401 2830 10732 4436 2865 10733 4436 2865 10734 4437 2866 10735 4402 2831 10736 4438 2867 10737 4439 2868 10738 4440 2869 10739 4440 2869 10740 4441 2870 10741 4438 2867 10742 4345 2774 10743 4344 2773 10744 4442 2871 10745 4442 2871 10746 4443 2872 10747 4345 2774 10748 4444 2873 10749 4445 2874 10750 4438 2867 10751 4438 2867 10752 4441 2870 10753 4444 2873 10754 4446 2875 10755 4447 2876 10756 4443 2872 10757 4443 2872 10758 4442 2871 10759 4446 2875 10760 4448 2877 10761 4404 2833 10762 4403 2832 10763 4403 2832 10764 4446 2875 10765 4448 2877 10766 4403 2832 10767 4405 2834 10768 4447 2876 10769 4447 2876 10770 4446 2875 10771 4403 2832 10772 4449 2162 10773 4450 2162 10774 4451 2162 10775 4451 2207 10776 4452 2207 10777 4449 2207 10778 4453 11 10779 4454 11 10780 4455 11 10781 4455 11 10782 4456 11 10783 4453 11 10784 4457 2161 10785 4458 2161 10786 4459 2161 10787 4459 2218 10788 4460 2218 10789 4457 2218 10790 4461 2878 10791 4462 2879 10792 4463 2880 10793 4463 2170 10794 4464 2170 10795 4461 2170 10796 4465 12 10797 4466 12 10798 4467 12 10799 4467 12 10800 4468 12 10801 4465 12 10802 4469 2166 10803 4470 2166 10804 4471 2166 10805 4471 2881 10806 4472 2882 10807 4469 2883 10808 4473 5 10809 4474 5 10810 4475 5 10811 4475 5 10812 4476 5 10813 4473 5 10814 4474 5 10815 4477 5 10816 4475 5 10817 4478 5 10818 4476 5 10819 4475 5 10820 4479 2884 10821 4480 2885 10822 4481 2886 10823 4481 2886 10824 4482 2887 10825 4479 2884 10826 4483 2888 10827 4484 2889 10828 4485 2890 10829 4485 2890 10830 4486 2891 10831 4483 2888 10832 4487 2892 10833 4488 2893 10834 4489 2894 10835 4489 2894 10836 4490 2895 10837 4487 2892 10838 4491 2896 10839 4492 2897 10840 4493 2898 10841 4493 2898 10842 4494 2899 10843 4491 2896 10844 4495 2900 10845 4496 2901 10846 4497 2902 10847 4497 2902 10848 4498 2903 10849 4495 2900 10850 4499 2904 10851 4500 2905 10852 4501 2906 10853 4501 2906 10854 4502 2907 10855 4499 2904 10856 4503 2908 10857 4504 2909 10858 4505 2910 10859 4505 2911 10860 4506 2912 10861 4503 2913 10862 4507 11 10863 4508 11 10864 4509 11 10865 4509 11 10866 4510 11 10867 4507 11 10868 4511 2161 10869 4512 2161 10870 4513 2161 10871 4513 2218 10872 4514 2218 10873 4511 2218 10874 4515 2170 10875 4516 2170 10876 4517 2170 10877 4517 2878 10878 4518 2879 10879 4515 2880 10880 4519 12 10881 4520 12 10882 4521 12 10883 4521 12 10884 4522 12 10885 4519 12 10886 4523 704 10887 4524 704 10888 4525 704 10889 4525 2914 10890 4526 2915 10891 4523 2916 10892 4527 5 10893 4528 5 10894 4529 5 10895 4529 5 10896 4530 5 10897 4527 5 10898 4529 5 10899 4531 5 10900 4530 5 10901 4532 5 10902 4527 5 10903 4530 5 10904 4533 2917 10905 4534 2918 10906 4535 2919 10907 4535 2919 10908 4536 2920 10909 4533 2917 10910 4537 2921 10911 4538 2922 10912 4539 2923 10913 4539 2923 10914 4540 2924 10915 4537 2921 10916 4541 2925 10917 4542 2926 10918 4543 2927 10919 4543 2927 10920 4544 2928 10921 4541 2925 10922 4545 2929 10923 4546 2930 10924 4547 2931 10925 4547 2931 10926 4548 2932 10927 4545 2929 10928 4549 2933 10929 4550 2934 10930 4551 2935 10931 4551 2935 10932 4552 2936 10933 4549 2933 10934 4553 2937 10935 4554 2938 10936 4555 2939 10937 4555 2939 10938 4556 2940 10939 4553 2937 10940 4557 2941 10941 4558 2942 10942 4559 2943 10943 4559 2944 10944 4560 2945 10945 4557 2946 10946 4561 11 10947 4562 11 10948 4563 11 10949 4563 11 10950 4564 11 10951 4561 11 10952 4565 2947 10953 4566 2948 10954 4567 2949 10955 4567 2950 10956 4568 2951 10957 4565 2952 10958 4569 2953 10959 4570 2954 10960 4571 2955 10961 4571 708 10962 4572 708 10963 4569 708 10964 4573 12 10965 4574 12 10966 4575 12 10967 4575 12 10968 4576 12 10969 4573 12 10970 4577 2956 10971 4578 2957 10972 4579 2958 10973 4579 2959 10974 4580 2959 10975 4577 2959 10976 4581 5 10977 4582 5 10978 4583 5 10979 4583 5 10980 4584 5 10981 4581 5 10982 4583 5 10983 4585 5 10984 4584 5 10985 4586 5 10986 4581 5 10987 4584 5 10988 4587 2960 10989 4588 2961 10990 4589 2962 10991 4589 2962 10992 4590 2963 10993 4587 2960 10994 4591 2964 10995 4592 2965 10996 4589 2962 10997 4589 2962 10998 4588 2961 10999 4591 2964 11000 4593 2966 11001 4594 2967 11002 4595 2968 11003 4595 2968 11004 4596 2969 11005 4593 2966 11006 4597 2970 11007 4598 2971 11008 4599 2972 11009 4599 2972 11010 4600 2973 11011 4597 2970 11012 4601 2974 11013 4602 2975 11014 4603 2976 11015 4603 2976 11016 4604 2977 11017 4601 2974 11018 4603 2976 11019 4587 2960 11020 4590 2963 11021 4590 2963 11022 4604 2977 11023 4603 2976 11024 4605 2978 11025 4606 2979 11026 4607 2980 11027 4607 2981 11028 4608 2982 11029 4605 2983 11030 4609 11 11031 4610 11 11032 4611 11 11033 4611 11 11034 4612 11 11035 4609 11 11036 4613 2947 11037 4614 2948 11038 4615 2949 11039 4615 2950 11040 4616 2951 11041 4613 2952 11042 4617 2953 11043 4618 2954 11044 4619 2955 11045 4619 708 11046 4620 708 11047 4617 708 11048 4621 12 11049 4622 12 11050 4623 12 11051 4623 12 11052 4624 12 11053 4621 12 11054 4625 2984 11055 4626 2985 11056 4627 2986 11057 4627 704 11058 4628 704 11059 4625 704 11060 4629 2987 11061 4630 2987 11062 4631 2987 11063 4631 5 11064 4632 5 11065 4629 5 11066 4631 5 11067 4633 5 11068 4632 5 11069 4634 5 11070 4629 5 11071 4632 5 11072 4635 2988 11073 4636 2989 11074 4637 2990 11075 4637 2990 11076 4638 2991 11077 4635 2988 11078 4639 2992 11079 4640 2993 11080 4641 2994 11081 4641 2994 11082 4642 2995 11083 4639 2992 11084 4643 2996 11085 4644 2997 11086 4645 2998 11087 4645 2998 11088 4646 2999 11089 4643 2996 11090 4647 3000 11091 4648 3001 11092 4649 3002 11093 4649 3002 11094 4650 3003 11095 4647 3000 11096 4651 3004 11097 4652 3005 11098 4653 3006 11099 4653 3006 11100 4654 3007 11101 4651 3004 11102 4655 3008 11103 4656 3009 11104 4657 3010 11105 4657 3010 11106 4658 3011 11107 4655 3008 11108 4659 3012 11109 4660 3013 11110 4661 3014 11111 4661 3015 11112 4662 3016 11113 4659 3017 11114 4663 11 11115 4664 11 11116 4665 11 11117 4665 11 11118 4666 11 11119 4663 11 11120 4667 3018 11121 4668 3019 11122 4669 3020 11123 4669 3021 11124 4670 3022 11125 4667 3023 11126 4671 2170 11127 4672 2170 11128 4673 2170 11129 4673 3024 11130 4674 3025 11131 4671 3026 11132 4675 12 11133 4676 12 11134 4677 12 11135 4677 12 11136 4678 12 11137 4675 12 11138 4679 2166 11139 4680 2166 11140 4681 2166 11141 4681 3027 11142 4682 3028 11143 4679 3029 11144 4683 3030 11145 4684 3030 11146 4685 3030 11147 4685 5 11148 4686 5 11149 4683 5 11150 4685 5 11151 4687 5 11152 4686 5 11153 4688 5 11154 4683 5 11155 4686 5 11156 4689 3031 11157 4690 3032 11158 4691 3033 11159 4691 3033 11160 4692 3034 11161 4689 3031 11162 4693 3035 11163 4694 3036 11164 4695 3037 11165 4695 3037 11166 4696 3038 11167 4693 3035 11168 4697 3039 11169 4698 3040 11170 4699 3041 11171 4699 3041 11172 4700 3042 11173 4697 3039 11174 4701 3043 11175 4702 3044 11176 4703 3045 11177 4703 3045 11178 4704 3046 11179 4701 3043 11180 4705 3047 11181 4706 3048 11182 4707 3049 11183 4707 3049 11184 4708 3050 11185 4705 3047 11186 4709 3008 11187 4710 3051 11188 4711 3052 11189 4711 3052 11190 4712 3011 11191 4709 3008 11192 4713 3053 11193 4714 3054 11194 4715 3055 11195 4715 3056 11196 4716 3057 11197 4713 3058 11198 4717 11 11199 4718 11 11200 4719 11 11201 4719 11 11202 4720 11 11203 4717 11 11204 4721 3018 11205 4722 3019 11206 4723 3020 11207 4723 3021 11208 4724 3022 11209 4721 3023 11210 4725 2170 11211 4726 2170 11212 4727 2170 11213 4727 3024 11214 4728 3025 11215 4725 3026 11216 4729 12 11217 4730 12 11218 4731 12 11219 4731 12 11220 4732 12 11221 4729 12 11222 4733 3059 11223 4734 3059 11224 4735 3059 11225 4735 3060 11226 4736 3061 11227 4733 3062 11228 4737 5 11229 4738 5 11230 4739 5 11231 4739 5 11232 4740 5 11233 4737 5 11234 4739 5 11235 4741 5 11236 4740 5 11237 4742 5 11238 4737 5 11239 4740 5 11240 4743 3063 11241 4744 3064 11242 4745 3065 11243 4745 3065 11244 4746 3066 11245 4743 3063 11246 4747 3067 11247 4748 3068 11248 4749 3069 11249 4749 3069 11250 4750 3070 11251 4747 3067 11252 4751 3071 11253 4752 3072 11254 4753 3073 11255 4753 3073 11256 4754 3074 11257 4751 3071 11258 4755 2972 11259 4756 2973 11260 4757 2970 11261 4757 2970 11262 4758 2971 11263 4755 2972 11264 4759 3075 11265 4760 3076 11266 4761 3077 11267 4761 3077 11268 4762 3078 11269 4759 3075 11270 4763 3079 11271 4764 3080 11272 4765 3081 11273 4765 3081 11274 4766 3082 11275 4763 3079 11276 4767 3012 11277 4768 3013 11278 4769 3014 11279 4769 3015 11280 4770 3016 11281 4767 3017 11282 4771 11 11283 4772 11 11284 4773 11 11285 4773 11 11286 4774 11 11287 4771 11 11288 4775 699 11289 4776 699 11290 4777 699 11291 4777 699 11292 4778 699 11293 4775 699 11294 4779 708 11295 4780 708 11296 4781 708 11297 4781 3083 11298 4782 3084 11299 4779 3085 11300 4783 12 11301 4784 12 11302 4785 12 11303 4785 12 11304 4786 12 11305 4783 12 11306 4787 2166 11307 4788 2166 11308 4789 2166 11309 4789 3027 11310 4790 3028 11311 4787 3029 11312 4791 5 11313 4792 5 11314 4793 5 11315 4793 5 11316 4794 5 11317 4791 5 11318 4793 5 11319 4795 5 11320 4794 5 11321 4796 5 11322 4791 5 11323 4794 5 11324 4797 3086 11325 4798 3087 11326 4799 3088 11327 4799 3088 11328 4800 3089 11329 4797 3086 11330 4801 3090 11331 4802 3091 11332 4803 3092 11333 4803 3092 11334 4804 3093 11335 4801 3090 11336 4805 3094 11337 4806 3095 11338 4807 3096 11339 4807 3096 11340 4808 3097 11341 4805 3094 11342 4809 3098 11343 4810 3099 11344 4811 3100 11345 4811 3100 11346 4812 3101 11347 4809 3098 11348 4813 3102 11349 4814 3103 11350 4815 3104 11351 4815 3104 11352 4816 3105 11353 4813 3102 11354 4817 3106 11355 4818 3107 11356 4819 3108 11357 4819 3108 11358 4820 3109 11359 4817 3106 11360 4821 700 11361 4822 700 11362 4823 700 11363 4823 700 11364 4824 700 11365 4821 700 11366 4825 11 11367 4826 11 11368 4827 11 11369 4827 11 11370 4828 11 11371 4825 11 11372 4829 699 11373 4830 699 11374 4831 699 11375 4831 699 11376 4832 699 11377 4829 699 11378 4833 3083 11379 4834 3084 11380 4835 3085 11381 4835 708 11382 4836 708 11383 4833 708 11384 4837 12 11385 4838 12 11386 4839 12 11387 4839 12 11388 4840 12 11389 4837 12 11390 4841 702 11391 4842 755 11392 4843 756 11393 4843 704 11394 4844 704 11395 4841 704 11396 4845 5 11397 4846 5 11398 4847 5 11399 4847 5 11400 4848 5 11401 4845 5 11402 4847 5 11403 4849 5 11404 4848 5 11405 4850 5 11406 4845 5 11407 4848 5 11408 4851 3110 11409 4852 3111 11410 4853 3112 11411 4853 3112 11412 4854 3113 11413 4851 3110 11414 4855 3114 11415 4856 3115 11416 4857 3116 11417 4857 3116 11418 4858 3117 11419 4855 3114 11420 4859 3118 11421 4860 3119 11422 4861 3120 11423 4861 3120 11424 4862 3121 11425 4859 3118 11426 4863 3122 11427 4864 3101 11428 4865 3123 11429 4865 3123 11430 4866 3124 11431 4863 3122 11432 4867 2902 11433 4868 2903 11434 4869 2900 11435 4869 2900 11436 4870 2901 11437 4867 2902 11438 4871 3125 11439 4872 3126 11440 4873 3127 11441 4873 3127 11442 4874 3128 11443 4871 3125 11444 4875 3129 11445 4876 3130 11446 4877 3131 11447 4877 3131 11448 4878 3132 11449 4875 3129 11450 4879 3133 11451 4877 3131 11452 4876 3130 11453 4876 3130 11454 4880 3134 11455 4879 3133 11456 4881 3135 11457 4882 3136 11458 4883 3137 11459 4883 3137 11460 4884 3138 11461 4881 3135 11462 4884 3138 11463 4885 3139 11464 4886 3140 11465 4886 3140 11466 4881 3135 11467 4884 3138 11468 4885 3139 11469 4887 3141 11470 4888 3142 11471 4888 3142 11472 4886 3140 11473 4885 3139 11474 4889 3143 11475 4890 3144 11476 4891 3145 11477 4891 3145 11478 4892 3146 11479 4889 3143 11480 4890 3144 11481 4893 3147 11482 4894 3148 11483 4894 3148 11484 4891 3145 11485 4890 3144 11486 4895 3149 11487 4896 3150 11488 4897 3151 11489 4897 3151 11490 4898 3152 11491 4895 3149 11492 4896 3150 11493 4899 3153 11494 4900 3154 11495 4900 3154 11496 4897 3151 11497 4896 3150 11498 4899 3153 11499 4901 3155 11500 4902 3156 11501 4902 3156 11502 4900 3154 11503 4899 3153 11504 4901 3155 11505 4903 3157 11506 4904 3158 11507 4904 3158 11508 4902 3156 11509 4901 3155 11510 4905 3159 11511 4906 3160 11512 4907 3161 11513 4907 3161 11514 4908 3162 11515 4905 3159 11516 4909 3163 11517 4907 3161 11518 4906 3160 11519 4906 3160 11520 4910 3164 11521 4909 3163 11522 4910 3164 11523 4911 3165 11524 4912 3166 11525 4912 3166 11526 4909 3163 11527 4910 3164 11528 4913 3167 11529 4912 3166 11530 4911 3165 11531 4911 3165 11532 4914 3168 11533 4913 3167 11534 4915 3169 11535 4913 3167 11536 4914 3168 11537 4914 3168 11538 4916 3170 11539 4915 3169 11540 4917 3171 11541 4918 3172 11542 4919 3173 11543 4919 3173 11544 4920 3174 11545 4917 3171 11546 4878 3132 11547 4919 3173 11548 4918 3172 11549 4918 3172 11550 4875 3129 11551 4878 3132 11552 4921 5 11553 4922 5 11554 4923 5 11555 4923 5 11556 4924 5 11557 4921 5 11558 4923 3175 11559 4925 3175 11560 4926 3175 11561 4926 5 11562 4927 5 11563 4923 5 11564 4926 3176 11565 4928 3176 11566 4927 3176 11567 4929 3177 11568 4930 3177 11569 4931 3177 11570 4931 5 11571 4927 5 11572 4929 5 11573 4930 3178 11574 4932 3178 11575 4931 3178 11576 4933 5 11577 4934 5 11578 4931 5 11579 4931 3179 11580 4935 3179 11581 4933 3179 11582 4933 3180 11583 4936 3180 11584 4934 3180 11585 4923 5 11586 4927 5 11587 4931 5 11588 4931 5 11589 4934 5 11590 4923 5 11591 4937 5 11592 4924 5 11593 4923 5 11594 4923 5 11595 4934 5 11596 4937 5 11597 4938 5 11598 4921 5 11599 4924 5 11600 4939 5 11601 4940 5 11602 4941 5 11603 4941 5 11604 4942 5 11605 4939 5 11606 4940 3181 11607 4943 3181 11608 4944 3181 11609 4944 3182 11610 4941 3182 11611 4940 3182 11612 4945 3183 11613 4944 3183 11614 4943 3183 11615 4943 3184 11616 4946 3184 11617 4945 3184 11618 4947 5 11619 4948 5 11620 4945 5 11621 4945 5 11622 4946 5 11623 4947 5 11624 4948 5 11625 4947 5 11626 4949 5 11627 4949 3185 11628 4950 3185 11629 4948 3185 11630 4949 3186 11631 4951 3186 11632 4952 3186 11633 4952 3187 11634 4950 3187 11635 4949 3187 11636 4953 861 11637 4954 861 11638 4952 861 11639 4952 3188 11640 4951 3188 11641 4953 3188 11642 4955 3189 11643 4956 3189 11644 4954 3189 11645 4954 5 11646 4953 5 11647 4955 5 11648 4955 5 11649 4957 5 11650 4958 5 11651 4958 5 11652 4956 5 11653 4955 5 11654 4958 3190 11655 4957 3190 11656 4959 3190 11657 4959 5 11658 4960 5 11659 4958 5 11660 4959 3191 11661 4961 3191 11662 4962 3191 11663 4962 3192 11664 4960 3192 11665 4959 3192 11666 4962 5 11667 4961 5 11668 4963 5 11669 4963 3193 11670 4964 3193 11671 4962 3193 11672 4965 3194 11673 4964 3194 11674 4963 3194 11675 4963 3195 11676 4966 3195 11677 4965 3195 11678 4967 3196 11679 4968 3196 11680 4965 3196 11681 4965 5 11682 4966 5 11683 4967 5 11684 4968 5 11685 4967 5 11686 4969 5 11687 4969 5 11688 4970 5 11689 4968 5 11690 4970 3197 11691 4969 3197 11692 4971 3197 11693 4971 3198 11694 4972 3198 11695 4970 3198 11696 4972 5 11697 4971 5 11698 4973 5 11699 4973 3199 11700 4974 3199 11701 4972 3199 11702 4973 3200 11703 4939 3200 11704 4942 3200 11705 4942 5 11706 4974 5 11707 4973 5 11708 4975 3201 11709 4976 3202 11710 4977 3203 11711 4977 3203 11712 4978 3204 11713 4975 3201 11714 4979 3205 11715 4976 3202 11716 4975 3201 11717 4975 3201 11718 4980 3206 11719 4979 3205 11720 4981 3207 11721 4982 3208 11722 4983 3209 11723 4983 3209 11724 4984 3210 11725 4981 3207 11726 4985 3211 11727 4986 3212 11728 4984 3210 11729 4984 3210 11730 4983 3209 11731 4985 3211 11732 4986 3212 11733 4985 3211 11734 4987 3213 11735 4987 3213 11736 4988 3214 11737 4986 3212 11738 4988 3214 11739 4987 3213 11740 4989 3215 11741 4989 3215 11742 4990 3216 11743 4988 3214 11744 4990 3216 11745 4989 3215 11746 4991 3217 11747 4991 3217 11748 4992 3218 11749 4990 3216 11750 4993 3219 11751 4994 3220 11752 4995 3221 11753 4995 3221 11754 4996 3222 11755 4993 3219 11756 4997 3223 11757 4995 3221 11758 4994 3220 11759 4994 3220 11760 4998 3224 11761 4997 3223 11762 4998 3224 11763 4999 3225 11764 5000 3226 11765 5000 3226 11766 4997 3223 11767 4998 3224 11768 4999 3225 11769 5001 3227 11770 5002 3228 11771 5002 3228 11772 5000 3226 11773 4999 3225 11774 5003 3229 11775 5004 3230 11776 5005 3231 11777 5005 3231 11778 5006 3232 11779 5003 3229 11780 5006 3232 11781 5005 3231 11782 5007 3233 11783 5007 3233 11784 5008 3234 11785 5006 3232 11786 5007 3233 11787 5009 3235 11788 5010 3236 11789 5010 3236 11790 5008 3234 11791 5007 3233 11792 5011 3237 11793 5012 3238 11794 5013 3239 11795 5013 3239 11796 5014 3240 11797 5011 3237 11798 5012 3238 11799 5015 3241 11800 5016 3242 11801 5016 3242 11802 5013 3239 11803 5012 3238 11804 5017 3243 11805 5018 3244 11806 5019 3245 11807 5019 3245 11808 5020 3246 11809 5017 3243 11810 4977 3203 11811 5020 3246 11812 5019 3245 11813 5019 3245 11814 4978 3204 11815 4977 3203 11816 5021 5 11817 5022 5 11818 5023 5 11819 5023 5 11820 5024 5 11821 5021 5 11822 5023 5 11823 5022 5 11824 5025 5 11825 5025 3247 11826 5026 3247 11827 5023 3247 11828 5025 3248 11829 5027 3248 11830 5028 3248 11831 5028 3249 11832 5026 3249 11833 5025 3249 11834 5028 5 11835 5027 5 11836 5029 5 11837 5029 5 11838 5030 5 11839 5028 5 11840 5030 5 11841 5029 5 11842 5031 5 11843 5031 5 11844 5032 5 11845 5030 5 11846 5031 3250 11847 5033 3250 11848 5034 3250 11849 5034 3251 11850 5032 3251 11851 5031 3251 11852 5034 3252 11853 5033 3252 11854 5035 3252 11855 5035 3253 11856 5036 3253 11857 5034 3253 11858 5037 3254 11859 5038 3254 11860 5036 3254 11861 5036 5 11862 5035 5 11863 5037 5 11864 5038 3255 11865 5037 3255 11866 5039 3255 11867 5039 3256 11868 5040 3256 11869 5038 3256 11870 5040 3257 11871 5039 3257 11872 5041 3257 11873 5041 3258 11874 5042 3258 11875 5040 3258 11876 5041 5 11877 5043 5 11878 5044 5 11879 5044 3259 11880 5042 3259 11881 5041 3259 11882 5045 3260 11883 5046 3260 11884 5044 3260 11885 5044 5 11886 5043 5 11887 5045 5 11888 5046 3261 11889 5045 3261 11890 5047 3261 11891 5047 5 11892 5048 5 11893 5046 5 11894 5047 3262 11895 5049 3262 11896 5050 3262 11897 5050 3263 11898 5048 3263 11899 5047 3263 11900 5051 3264 11901 5050 3264 11902 5049 3264 11903 5049 5 11904 5052 5 11905 5051 5 11906 5052 3265 11907 5053 3265 11908 5054 3265 11909 5054 3266 11910 5051 3266 11911 5052 3266 11912 5053 5 11913 5055 5 11914 5056 5 11915 5056 3267 11916 5054 3267 11917 5053 3267 11918 5021 3268 11919 5024 3268 11920 5056 3268 11921 5056 3269 11922 5055 3269 11923 5021 3269 11924 5057 3270 11925 5058 3271 11926 5059 3272 11927 5059 3272 11928 5060 3273 11929 5057 3270 11930 5061 3274 11931 5062 3275 11932 5060 3273 11933 5060 3273 11934 5059 3272 11935 5061 3274 11936 5063 3276 11937 5064 3277 11938 5065 3278 11939 5065 3278 11940 5066 3279 11941 5063 3276 11942 5066 3279 11943 5065 3278 11944 5067 3280 11945 5067 3280 11946 5068 3281 11947 5066 3279 11948 5069 3282 11949 5070 3283 11950 5068 3281 11951 5068 3281 11952 5067 3280 11953 5069 3282 11954 5071 3284 11955 5072 3285 11956 5070 3283 11957 5070 3283 11958 5069 3282 11959 5071 3284 11960 5072 3285 11961 5071 3284 11962 5073 3286 11963 5073 3286 11964 5074 3287 11965 5072 3285 11966 5075 3288 11967 5076 3289 11968 5077 3290 11969 5077 3290 11970 5078 3291 11971 5075 3288 11972 5079 3292 11973 5080 3293 11974 5077 3290 11975 5077 3290 11976 5076 3289 11977 5079 3292 11978 5079 3292 11979 5081 3294 11980 5082 3295 11981 5082 3295 11982 5080 3293 11983 5079 3292 11984 5081 3294 11985 5083 3296 11986 5084 3297 11987 5084 3297 11988 5082 3295 11989 5081 3294 11990 5085 3298 11991 5086 3299 11992 5087 3300 11993 5087 3300 11994 5088 3301 11995 5085 3298 11996 5087 3300 11997 5086 3299 11998 5089 3302 11999 5089 3302 12000 5090 3303 12001 5087 3300 12002 5091 3236 12003 5090 3303 12004 5089 3302 12005 5089 3302 12006 5092 3235 12007 5091 3236 12008 5093 3304 12009 5094 3305 12010 5095 3306 12011 5095 3306 12012 5096 3307 12013 5093 3304 12014 5096 3307 12015 5097 3308 12016 5098 3309 12017 5098 3309 12018 5093 3304 12019 5096 3307 12020 5099 3310 12021 5100 3311 12022 5101 3312 12023 5101 3312 12024 5102 3313 12025 5099 3310 12026 5101 3312 12027 5058 3271 12028 5057 3270 12029 5057 3270 12030 5102 3313 12031 5101 3312 12032 5103 3314 12033 5104 3315 12034 5105 3316 12035 5105 3316 12036 5106 3317 12037 5103 3314 12038 5104 3315 12039 5107 3318 12040 5108 3319 12041 5108 3319 12042 5105 3316 12043 5104 3315 12044 5109 3320 12045 5110 3321 12046 5111 3322 12047 5111 3322 12048 5112 3323 12049 5109 3320 12050 5110 3321 12051 5113 3324 12052 5114 3325 12053 5114 3325 12054 5111 3322 12055 5110 3321 12056 5115 3326 12057 5116 3327 12058 5114 3325 12059 5114 3325 12060 5113 3324 12061 5115 3326 12062 5117 3328 12063 5118 3329 12064 5119 3330 12065 5119 3330 12066 5120 3331 12067 5117 3328 12068 5121 3332 12069 5118 3329 12070 5117 3328 12071 5117 3328 12072 5122 3333 12073 5121 3332 12074 5123 3334 12075 5124 3335 12076 5125 3336 12077 5125 3336 12078 5126 3337 12079 5123 3334 12080 5127 3338 12081 5128 3339 12082 5126 3337 12083 5126 3337 12084 5125 3336 12085 5127 3338 12086 5127 3338 12087 5129 3340 12088 5130 3341 12089 5130 3341 12090 5128 3339 12091 5127 3338 12092 5129 3340 12093 5131 3342 12094 5132 3343 12095 5132 3343 12096 5130 3341 12097 5129 3340 12098 5133 3344 12099 5134 3345 12100 5135 3346 12101 5135 3346 12102 5136 3347 12103 5133 3344 12104 5134 3345 12105 5137 3348 12106 5138 3349 12107 5138 3349 12108 5135 3346 12109 5134 3345 12110 5138 3349 12111 5137 3348 12112 5139 3350 12113 5139 3350 12114 5140 3351 12115 5138 3349 12116 5141 3352 12117 5140 3351 12118 5139 3350 12119 5139 3350 12120 5142 3353 12121 5141 3352 12122 5141 3352 12123 5142 3353 12124 5143 3354 12125 5143 3354 12126 5144 3355 12127 5141 3352 12128 5145 3356 12129 5146 3357 12130 5147 3358 12131 5147 3358 12132 5148 3359 12133 5145 3356 12134 5106 3317 12135 5147 3358 12136 5146 3357 12137 5146 3357 12138 5103 3314 12139 5106 3317 12140 5149 3360 12141 5150 3360 12142 5151 3360 12143 5151 5 12144 5152 5 12145 5149 5 12146 5153 3361 12147 5154 3361 12148 5155 3361 12149 5155 5 12150 5151 5 12151 5153 5 12152 5154 3362 12153 5156 3362 12154 5155 3362 12155 5157 5 12156 5158 5 12157 5159 5 12158 5159 5 12159 5155 5 12160 5157 5 12161 5158 5 12162 5160 5 12163 5159 5 12164 5161 5 12165 5162 5 12166 5163 5 12167 5163 5 12168 5159 5 12169 5161 5 12170 5162 3363 12171 5164 3363 12172 5163 3363 12173 5159 5 12174 5163 5 12175 5151 5 12176 5151 5 12177 5155 5 12178 5159 5 12179 5165 3364 12180 5152 3364 12181 5151 3364 12182 5151 5 12183 5163 5 12184 5165 5 12185 5166 5 12186 5149 5 12187 5152 5 12188 5167 3365 12189 5168 3366 12190 5169 3367 12191 5169 3367 12192 5170 3368 12193 5167 3365 12194 5171 3369 12195 5172 3370 12196 5173 3371 12197 5173 3371 12198 5174 3372 12199 5171 3369 12200 5175 3373 12201 5170 3368 12202 5169 3367 12203 5169 3367 12204 5176 3374 12205 5175 3373 12206 5173 3371 12207 5177 3375 12208 5178 3376 12209 5178 3376 12210 5174 3372 12211 5173 3371 12212 5179 3377 12213 5180 3378 12214 5181 3379 12215 5181 3379 12216 5182 3380 12217 5179 3377 12218 5183 3381 12219 5184 3382 12220 5185 3383 12221 5185 3383 12222 5186 3384 12223 5183 3381 12224 5187 3385 12225 5188 3386 12226 5182 3380 12227 5182 3380 12228 5181 3379 12229 5187 3385 12230 5189 3387 12231 5190 3388 12232 5186 3384 12233 5186 3384 12234 5185 3383 12235 5189 3387 12236 5187 3385 12237 5191 3326 12238 5192 3389 12239 5192 3389 12240 5188 3386 12241 5187 3385 12242 5193 3389 12243 5190 3388 12244 5189 3387 12245 5189 3387 12246 5194 3326 12247 5193 3389 12248 5195 3390 12249 5196 3391 12250 5197 3392 12251 5197 3392 12252 5198 3393 12253 5195 3390 12254 5199 3394 12255 5200 3395 12256 5201 3396 12257 5201 3396 12258 5202 3397 12259 5199 3394 12260 5198 3393 12261 5203 3398 12262 5204 3399 12263 5204 3399 12264 5195 3390 12265 5198 3393 12266 5199 3394 12267 5202 3397 12268 5205 3400 12269 5205 3400 12270 5206 3401 12271 5199 3394 12272 5207 3402 12273 5208 3403 12274 5209 3404 12275 5209 3404 12276 5210 3405 12277 5207 3402 12278 5211 3406 12279 5212 3407 12280 5213 3408 12281 5213 3408 12282 5214 3409 12283 5211 3406 12284 5215 3410 12285 5210 3405 12286 5209 3404 12287 5209 3404 12288 5216 3411 12289 5215 3410 12290 5212 3407 12291 5211 3406 12292 5217 3412 12293 5217 3412 12294 5218 10 12295 5212 3407 12296 5219 3413 12297 5215 3410 12298 5216 3411 12299 5216 3411 12300 5220 3414 12301 5219 3413 12302 5221 3415 12303 5218 10 12304 5217 3412 12305 5217 3412 12306 5222 3416 12307 5221 3415 12308 5223 3417 12309 5219 3413 12310 5220 3414 12311 5220 3414 12312 5224 3418 12313 5223 3417 12314 5225 3419 12315 5221 3415 12316 5222 3416 12317 5222 3416 12318 5226 3420 12319 5225 3419 12320 5227 3421 12321 5228 3422 12322 5229 3423 12323 5229 3423 12324 5230 3424 12325 5227 3421 12326 5231 3425 12327 5232 3426 12328 5233 3427 12329 5233 3427 12330 5234 3428 12331 5231 3425 12332 5235 3429 12333 5227 3421 12334 5230 3424 12335 5230 3424 12336 5236 3430 12337 5235 3429 12338 5237 3431 12339 5231 3425 12340 5234 3428 12341 5234 3428 12342 5238 3432 12343 5237 3431 12344 5239 3433 12345 5235 3429 12346 5236 3430 12347 5236 3430 12348 5240 3434 12349 5239 3433 12350 5241 3435 12351 5237 3431 12352 5238 3432 12353 5238 3432 12354 5242 3436 12355 5241 3435 12356 5243 3437 12357 5239 3433 12358 5240 3434 12359 5240 3434 12360 5244 3438 12361 5243 3437 12362 5245 3439 12363 5241 3435 12364 5242 3436 12365 5242 3436 12366 5246 3440 12367 5245 3439 12368 5247 3441 12369 5243 3437 12370 5244 3438 12371 5244 3438 12372 5248 3442 12373 5247 3441 12374 5249 3443 12375 5245 3439 12376 5246 3440 12377 5246 3440 12378 5250 3444 12379 5249 3443 12380 5251 3445 12381 5252 3446 12382 5253 3447 12383 5253 3447 12384 5254 3448 12385 5251 3445 12386 5255 3449 12387 5256 3450 12388 5257 3451 12389 5257 3451 12390 5258 3452 12391 5255 3449 12392 5254 3448 12393 5168 3366 12394 5167 3365 12395 5167 3365 12396 5251 3445 12397 5254 3448 12398 5172 3370 12399 5171 3369 12400 5255 3449 12401 5255 3449 12402 5258 3452 12403 5172 3370 12404 5259 5 12405 5260 5 12406 5261 5 12407 5261 5 12408 5262 5 12409 5259 5 12410 5263 5 12411 5261 5 12412 5260 5 12413 5260 5 12414 5264 5 12415 5263 5 12416 5263 3453 12417 5264 3453 12418 5265 3453 12419 5265 3454 12420 5266 3454 12421 5263 3454 12422 5267 5 12423 5266 5 12424 5265 5 12425 5265 5 12426 5268 5 12427 5267 5 12428 5269 5 12429 5267 5 12430 5268 5 12431 5268 3455 12432 5270 3455 12433 5269 3455 12434 5270 3456 12435 5271 3456 12436 5272 3456 12437 5272 2463 12438 5269 2463 12439 5270 2463 12440 5273 3457 12441 5272 3457 12442 5271 3457 12443 5271 3458 12444 5274 3458 12445 5273 3458 12446 5275 1139 12447 5273 1139 12448 5274 1139 12449 5274 3459 12450 5276 3459 12451 5275 3459 12452 5275 5 12453 5276 5 12454 5277 5 12455 5277 3460 12456 5278 3460 12457 5275 3460 12458 5279 3461 12459 5278 3461 12460 5277 3461 12461 5277 5 12462 5280 5 12463 5279 5 12464 5281 5 12465 5279 5 12466 5280 5 12467 5280 3462 12468 5282 3462 12469 5281 3462 12470 5283 3463 12471 5281 3463 12472 5282 3463 12473 5282 5 12474 5284 5 12475 5283 5 12476 5283 3464 12477 5284 3464 12478 5285 3464 12479 5285 1136 12480 5286 1136 12481 5283 1136 12482 5287 3465 12483 5288 3465 12484 5286 3465 12485 5286 3466 12486 5285 3466 12487 5287 3466 12488 5289 3467 12489 5288 3467 12490 5287 3467 12491 5287 1135 12492 5290 1135 12493 5289 1135 12494 5291 3468 12495 5289 3468 12496 5290 3468 12497 5290 5 12498 5292 5 12499 5291 5 12500 5293 3469 12501 5291 3469 12502 5292 3469 12503 5292 1132 12504 5294 1132 12505 5293 1132 12506 5294 3470 12507 5259 3470 12508 5262 3470 12509 5262 3471 12510 5293 3471 12511 5294 3471 12512 5261 3472 12513 5295 3473 12514 5296 3474 12515 5296 3474 12516 5262 3475 12517 5261 3472 12518 5297 3476 12519 5295 3473 12520 5261 3472 12521 5261 3472 12522 5263 3477 12523 5297 3476 12524 5298 3478 12525 5297 3476 12526 5263 3477 12527 5263 3477 12528 5266 3479 12529 5298 3478 12530 5267 3480 12531 5299 3481 12532 5298 3478 12533 5298 3478 12534 5266 3479 12535 5267 3480 12536 5299 3481 12537 5267 3480 12538 5269 3482 12539 5269 3482 12540 5300 3483 12541 5299 3481 12542 5272 3484 12543 5301 3485 12544 5300 3483 12545 5300 3483 12546 5269 3482 12547 5272 3484 12548 5301 3485 12549 5272 3484 12550 5273 3486 12551 5273 3486 12552 5302 3487 12553 5301 3485 12554 5273 3486 12555 5275 3488 12556 5303 3489 12557 5303 3489 12558 5302 3487 12559 5273 3486 12560 5303 3489 12561 5275 3488 12562 5278 3490 12563 5278 3490 12564 5304 3491 12565 5303 3489 12566 5305 3492 12567 5304 3491 12568 5278 3490 12569 5278 3490 12570 5279 5 12571 5305 3492 12572 5306 3493 12573 5305 3492 12574 5279 5 12575 5279 5 12576 5281 3494 12577 5306 3493 12578 5307 3495 12579 5306 3493 12580 5281 3494 12581 5281 3494 12582 5283 3496 12583 5307 3495 12584 5286 3497 12585 5308 3498 12586 5307 3495 12587 5307 3495 12588 5283 3496 12589 5286 3497 12590 5309 3499 12591 5308 3498 12592 5286 3497 12593 5286 3497 12594 5288 3500 12595 5309 3499 12596 5309 3499 12597 5288 3500 12598 5289 3501 12599 5289 3501 12600 5310 3502 12601 5309 3499 12602 5289 3501 12603 5291 3503 12604 5311 3504 12605 5311 3504 12606 5310 3502 12607 5289 3501 12608 5312 3505 12609 5311 3504 12610 5291 3503 12611 5291 3503 12612 5293 3506 12613 5312 3505 12614 5312 3505 12615 5293 3506 12616 5262 3475 12617 5262 3475 12618 5296 3474 12619 5312 3505 12620 5313 5 12621 5314 5 12622 5315 5 12623 5315 5 12624 5316 5 12625 5313 5 12626 5314 3507 12627 5317 3507 12628 5318 3507 12629 5318 5 12630 5315 5 12631 5314 5 12632 5318 5 12633 5317 5 12634 5319 5 12635 5319 5 12636 5320 5 12637 5318 5 12638 5321 5 12639 5322 5 12640 5320 5 12641 5320 5 12642 5319 5 12643 5321 5 12644 5322 5 12645 5321 5 12646 5323 5 12647 5323 5 12648 5324 5 12649 5322 5 12650 5325 5 12651 5324 5 12652 5323 5 12653 5323 5 12654 5326 5 12655 5325 5 12656 5327 5 12657 5325 5 12658 5326 5 12659 5326 3508 12660 5328 3508 12661 5327 3508 12662 5329 3509 12663 5330 3509 12664 5327 3509 12665 5327 3510 12666 5328 3510 12667 5329 3510 12668 5331 3511 12669 5332 3511 12670 5330 3511 12671 5330 3512 12672 5329 3512 12673 5331 3512 12674 5333 3513 12675 5334 3513 12676 5332 3513 12677 5332 3514 12678 5331 3514 12679 5333 3514 12680 5335 3515 12681 5336 3515 12682 5334 3515 12683 5334 3516 12684 5333 3516 12685 5335 3516 12686 5337 5 12687 5338 5 12688 5336 5 12689 5336 3517 12690 5335 3517 12691 5337 3517 12692 5339 5 12693 5340 5 12694 5338 5 12695 5338 5 12696 5337 5 12697 5339 5 12698 5341 3518 12699 5342 3518 12700 5340 3518 12701 5340 3519 12702 5339 3519 12703 5341 3519 12704 5343 5 12705 5344 5 12706 5342 5 12707 5342 5 12708 5341 5 12709 5343 5 12710 5345 3520 12711 5346 3520 12712 5344 3520 12713 5344 5 12714 5343 5 12715 5345 5 12716 5347 3521 12717 5348 3521 12718 5346 3521 12719 5346 3522 12720 5345 3522 12721 5347 3522 12722 5313 3523 12723 5316 3523 12724 5348 3523 12725 5348 3524 12726 5347 3524 12727 5313 3524 12728 5349 3525 12729 5350 3526 12730 5351 3527 12731 5351 3527 12732 5352 3528 12733 5349 3525 12734 5351 3527 12735 5350 3526 12736 5353 3529 12737 5353 3529 12738 5354 3530 12739 5351 3527 12740 5355 3531 12741 5356 3532 12742 5357 3533 12743 5357 3533 12744 5358 3534 12745 5355 3531 12746 5357 3533 12747 5356 3532 12748 5359 3535 12749 5359 3535 12750 5360 3536 12751 5357 3533 12752 5360 3536 12753 5359 3535 12754 5361 3537 12755 5361 3537 12756 5362 3538 12757 5360 3536 12758 5361 3537 12759 5363 3539 12760 5364 3540 12761 5364 3540 12762 5362 3538 12763 5361 3537 12764 5365 3541 12765 5364 3540 12766 5363 3539 12767 5363 3539 12768 5366 3542 12769 5365 3541 12770 5367 3543 12771 5368 3544 12772 5369 3545 12773 5369 3545 12774 5370 3546 12775 5367 3543 12776 5371 3547 12777 5369 3545 12778 5368 3544 12779 5368 3544 12780 5372 3548 12781 5371 3547 12782 5372 3548 12783 5373 3549 12784 5374 3550 12785 5374 3550 12786 5371 3547 12787 5372 3548 12788 5375 3551 12789 5374 3550 12790 5373 3549 12791 5373 3549 12792 5376 3552 12793 5375 3551 12794 5377 3553 12795 5378 3554 12796 5379 3555 12797 5379 3555 12798 5380 3556 12799 5377 3553 12800 5381 3557 12801 5378 3554 12802 5377 3553 12803 5377 3553 12804 5382 3558 12805 5381 3557 12806 5383 3235 12807 5384 3236 12808 5381 3557 12809 5381 3557 12810 5382 3558 12811 5383 3235 12812 5385 3559 12813 5386 3560 12814 5387 3561 12815 5387 3561 12816 5388 3562 12817 5385 3559 12818 5385 3559 12819 5389 3563 12820 5390 3564 12821 5390 3564 12822 5386 3560 12823 5385 3559 12824 5391 3565 12825 5392 3566 12826 5393 3567 12827 5393 3567 12828 5394 3568 12829 5391 3565 12830 5393 3567 12831 5349 3525 12832 5352 3528 12833 5352 3528 12834 5394 3568 12835 5393 3567 12836 5106 3317 12837 5105 3316 12838 5395 3569 12839 5395 3569 12840 5396 3570 12841 5106 3317 12842 5396 3570 12843 5397 3571 12844 5147 3358 12845 5147 3358 12846 5106 3317 12847 5396 3570 12848 5147 3358 12849 5397 3571 12850 5398 3572 12851 5398 3572 12852 5148 3359 12853 5147 3358 12854 5399 3573 12855 5400 3574 12856 5141 3352 12857 5141 3352 12858 5144 3355 12859 5399 3573 12860 5400 3574 12861 5401 3575 12862 5140 3351 12863 5140 3351 12864 5141 3352 12865 5400 3574 12866 5140 3351 12867 5401 3575 12868 5402 3576 12869 5402 3576 12870 5138 3349 12871 5140 3351 12872 5403 3577 12873 5135 3346 12874 5138 3349 12875 5138 3349 12876 5402 3576 12877 5403 3577 12878 5135 3346 12879 5403 3577 12880 5404 3578 12881 5404 3578 12882 5136 3347 12883 5135 3346 12884 5405 3579 12885 5130 3341 12886 5132 3343 12887 5132 3343 12888 5406 3580 12889 5405 3579 12890 5130 3341 12891 5405 3579 12892 5407 3581 12893 5407 3581 12894 5128 3339 12895 5130 3341 12896 5407 3581 12897 5408 3582 12898 5126 3337 12899 5126 3337 12900 5128 3339 12901 5407 3581 12902 5126 3337 12903 5408 3582 12904 5409 3583 12905 5409 3583 12906 5123 3334 12907 5126 3337 12908 5121 3332 12909 5410 3584 12910 5411 3585 12911 5411 3585 12912 5118 3329 12913 5121 3332 12914 5412 3586 12915 5119 3330 12916 5118 3329 12917 5118 3329 12918 5411 3585 12919 5412 3586 12920 5114 3325 12921 5116 3327 12922 5413 3587 12923 5413 3587 12924 5414 3588 12925 5114 3325 12926 5415 3589 12927 5111 3322 12928 5114 3325 12929 5114 3325 12930 5414 3588 12931 5415 3589 12932 5111 3322 12933 5415 3589 12934 5416 3590 12935 5416 3590 12936 5112 3323 12937 5111 3322 12938 5417 3591 12939 5395 3569 12940 5105 3316 12941 5105 3316 12942 5108 3319 12943 5417 3591 12944 5295 3473 12945 5418 3592 12946 5419 3593 12947 5419 3593 12948 5296 3474 12949 5295 3473 12950 5295 3473 12951 5297 3476 12952 5420 3594 12953 5420 3594 12954 5418 3592 12955 5295 3473 12956 5297 3476 12957 5298 3478 12958 5421 3595 12959 5421 3595 12960 5420 3594 12961 5297 3476 12962 5298 3478 12963 5299 3481 12964 5422 3596 12965 5422 3596 12966 5421 3595 12967 5298 3478 12968 5299 3481 12969 5300 3483 12970 5423 3597 12971 5423 3597 12972 5422 3596 12973 5299 3481 12974 5300 3483 12975 5301 3485 12976 5424 3598 12977 5424 3598 12978 5423 3597 12979 5300 3483 12980 5301 3485 12981 5302 3487 12982 5425 3599 12983 5425 3599 12984 5424 3598 12985 5301 3485 12986 5302 3487 12987 5303 3489 12988 5426 3600 12989 5426 3600 12990 5425 3599 12991 5302 3487 12992 5303 3489 12993 5304 3491 12994 5427 3601 12995 5427 3601 12996 5426 3600 12997 5303 3489 12998 5304 3491 12999 5305 3492 13000 5428 3602 13001 5428 3602 13002 5427 3601 13003 5304 3491 13004 5305 3492 13005 5306 3493 13006 5429 3603 13007 5429 3603 13008 5428 3602 13009 5305 3492 13010 5306 3493 13011 5307 3495 13012 5430 3604 13013 5430 3604 13014 5429 3603 13015 5306 3493 13016 5307 3495 13017 5308 3498 13018 5431 3605 13019 5431 3605 13020 5430 3604 13021 5307 3495 13022 5308 3498 13023 5309 3499 13024 5432 3606 13025 5432 3606 13026 5431 3605 13027 5308 3498 13028 5309 3499 13029 5310 3502 13030 5433 3607 13031 5433 3607 13032 5432 3606 13033 5309 3499 13034 5433 3607 13035 5310 3502 13036 5311 3504 13037 5311 3504 13038 5434 3608 13039 5433 3607 13040 5312 3505 13041 5435 3609 13042 5434 3608 13043 5434 3608 13044 5311 3504 13045 5312 3505 13046 5312 3505 13047 5296 3474 13048 5419 3593 13049 5419 3593 13050 5435 3609 13051 5312 3505 13052 3 0 13053 1836 0 13054 1835 0 13055 4 3610 13056 1834 3610 13057 1840 3610 13058 7 2 13059 1839 3611 13060 1838 3 13061 15 5 13062 1814 5 13063 1824 5 13064 22 11 13065 1825 11 13066 1826 11 13067 24 12 13068 1857 12 13069 1845 12 13070 1843 3612 13071 1812 3612 13072 1813 3612 13073 27 0 13074 1810 0 13075 1811 0 13076 41 12 13077 1818 12 13078 1819 12 13079 1866 5 13080 1871 5 13081 43 5 13082 46 3613 13083 49 3613 13084 1852 3613 13085 52 3614 13086 1868 3614 13087 1869 3614 13088 50 0 13089 1870 0 13090 1859 0 13091 60 3615 13092 1863 3615 13093 1864 3615 13094 62 11 13095 63 11 13096 1849 11 13097 1820 3616 13098 1 3616 13099 5 3616 13100 1821 0 13101 1823 0 13102 0 0 13103 1860 3617 13104 58 3617 13105 59 3617 13106 1842 12 13107 1846 12 13108 61 12 13109 1862 11 13110 1861 11 13111 44 39 13112 1816 3618 13113 1817 3618 13114 13 3618 13115 1811 10 13116 1827 10 13117 1856 10 13118 1834 3619 13119 4 3619 13120 2 3619 13121 1870 3620 13122 50 3620 13123 51 3620 13124 1813 5 13125 1814 5 13126 15 5 13127</p>
        </triangles>
      </mesh>
    </geometry>
  </library_geometries>
  <library_visual_scenes>
    <visual_scene id="Scene" name="Scene">
      <node id="Conveyor01Frame02_Conveyor_0_017" name="Conveyor01Frame02_Conveyor_0.017" type="NODE">
        <matrix sid="transform">0.6153846 0 0 0 0 1 1.34359e-7 5.96047e-8 0 -1.34359e-7 0.9999999 -0.75 0 0 0 1</matrix>
        <instance_geometry url="#Conveyor01Frame02_Conveyor_0_007-mesh" name="Conveyor01Frame02_Conveyor_0.017">
          <bind_material>
            <technique_common>
              <instance_material symbol="Material_002-material" target="#Material_002-material">
                <bind_vertex_input semantic="UVMap" input_semantic="TEXCOORD" input_set="0"/>
              </instance_material>
            </technique_common>
          </bind_material>
        </instance_geometry>
      </node>
    </visual_scene>
  </library_visual_scenes>
  <scene>
    <instance_visual_scene url="#Scene"/>
  </scene>
</COLLADA>