<?xml version="1.0" encoding="utf-8"?>
<COLLADA xmlns="http://www.collada.org/2005/11/COLLADASchema" version="1.4.1" xmlns:xsi="http://www.w3.org/2001/XMLSchema-instance">
  <asset>
    <contributor>
      <author>Blender User</author>
      <authoring_tool>Blender 2.83.20 commit date:2022-04-19, commit time:16:00, hash:a56e2faeb7a9</authoring_tool>
    </contributor>
    <created>2026-07-03T14:05:58</created>
    <modified>2026-07-03T14:05:58</modified>
    <unit name="meter" meter="1"/>
    <up_axis>Z_UP</up_axis>
  </asset>
  <library_effects>
    <effect id="blinn1_001-effect">
      <profile_COMMON>
        <newparam sid="blinn1_albedo_jpg-surface">
          <surface type="2D">
            <init_from>blinn1_albedo_jpg</init_from>
          </surface>
        </newparam>
        <newparam sid="blinn1_albedo_jpg-sampler">
          <sampler2D>
            <source>blinn1_albedo_jpg-surface</source>
          </sampler2D>
        </newparam>
        <technique sid="common">
          <lambert>
            <emission>
              <color sid="emission">0 0 0 1</color>
            </emission>
            <diffuse>
              <texture texture="blinn1_albedo_jpg-sampler" texcoord="meshId0-tex0"/>
            </diffuse>
            <index_of_refraction>
              <float sid="ior">1.45</float>
            </index_of_refraction>
          </lambert>
        </technique>
      </profile_COMMON>
    </effect>
  </library_effects>
  <library_images>
    <image id="blinn1_albedo_jpg" name="blinn1_albedo_jpg">
      <init_from>blinn1_albedo.jpg</init_from>
    </image>
  </library_images>
  <library_materials>
    <material id="blinn1_001-material" name="blinn1.001">
      <instance_effect url="#blinn1_001-effect"/>
    </material>
  </library_materials>
  <library_geometries>
    <geometry id="meshId0_name-mesh" name="meshId0_name">
      <mesh>
        <source id="meshId0_name-mesh-positions">
          <float_array id="meshId0_name-mesh-positions-array" count="11733">50 14 -7.619237 50 11.45651 -7.619237 50 11.45651 -12.71411 50 14 -12.71411 50.89446 11.45651 0 50.89446 11.45651 -5.943206 50.89446 14 -5.943206 50.89446 14 0 50.89446 14 -48.2783 50.89446 11.45651 -48.2783 50.89446 11.45651 -51.96453 50.89446 14 -51.96454 50 14 0 50 14 -7.619237 43.42132 14 -7.619237 43.42132 14 0 43.42132 14 -46.9696 50 14 -46.9696 50 14 -50.65585 43.42132 14 -50.65585 23.94294 14 -60 23.94294 11.45651 -60 16.48104 11.45651 -60 16.48104 14 -60 38.86675 14 0 38.86675 14 -7.619237 9.019138 14 -7.619237 9.019138 14 0 9.019138 11.45651 -7.619237 38.86675 11.45651 -7.619237 38.86675 11.45651 0 9.019138 11.45651 0 0 11.45651 -61.2313 0 14 -61.2313 7.705348 14 -61.2313 7.705348 11.45651 -61.2313 0 14 -50.65585 0 14 -46.9696 9.019138 14 -46.9696 9.019138 14 -50.65585 0 14 -7.619237 0 14 0 0 11.45651 -7.619237 0 11.45651 -12.71411 9.019138 11.45651 -12.71411 9.019138 14 -12.71411 0 14 -12.71411 47.97589 11.45651 -43.28336 43.42132 11.45651 -43.28335 50 11.45651 -43.28336 0 11.45651 -38.18848 0 11.45651 -43.28336 9.019137 11.45651 -43.28335 9.019138 11.45651 -38.18848 50 14 -38.18848 50 11.45651 -38.18848 50 11.45651 -43.28336 50 14 -43.28336 0 14 -43.28336 0 14 -38.18848 9.019138 14 -38.18848 9.019138 14 -43.28336 50 14 -33.09361 50 11.45651 -33.09361 50 14 -27.99874 50 11.45651 -27.99874 50 14 -22.90386 50 11.45651 -22.90386 50 14 -17.80899 50 11.45651 -17.80899 11.25126 11.45651 -11.85868 11.25126 11.45651 -8.474672 11.25126 14 -8.474672 11.25126 14 -11.85868 36.63463 14 -8.474672 38.86675 11.45651 -38.18848 11.25126 11.45651 -39.04392 36.63463 11.45651 -39.04392 11.25126 11.45651 -42.42792 38.86675 14 -38.18848 36.63463 14 -39.04392 11.25126 14 -39.04392 11.25126 14 -42.42792 38.86675 11.45651 -33.09361 9.019138 11.45651 -33.09361 11.25126 11.45651 -33.94904 36.63463 11.45651 -33.94904 11.25126 11.45651 -37.33305 9.019138 14 -33.09361 38.86675 14 -33.09361 36.63463 14 -33.94904 11.25126 14 -33.94904 11.25126 14 -37.33305 38.86675 11.45651 -27.99874 9.019138 11.45651 -27.99874 11.25126 11.45651 -28.85417 36.63463 11.45651 -28.85417 11.25126 11.45651 -32.23817 9.019138 14 -27.99874 38.86675 14 -27.99874 36.63463 14 -28.85417 11.25126 14 -28.85417 11.25126 14 -32.23817 38.86675 11.45651 -22.90386 9.019138 11.45651 -22.90386 11.25126 11.45651 -23.7593 36.63463 11.45651 -23.7593 11.25126 11.45651 -27.1433 9.019138 14 -22.90386 38.86675 14 -22.90386 36.63463 14 -23.7593 11.25126 14 -23.7593 11.25126 14 -27.1433 38.86675 11.45651 -17.80899 9.019138 11.45651 -17.80899 11.25126 11.45651 -18.66442 36.63463 11.45651 -18.66442 11.25126 11.45651 -22.04843 9.019138 14 -17.80899 38.86675 14 -17.80899 36.63463 14 -18.66442 11.25126 14 -18.66442 11.25126 14 -22.04843 38.86675 11.45651 -12.71411 11.25126 11.45651 -13.56954 36.63463 11.45651 -13.56954 11.25126 11.45651 -16.95355 38.86675 14 -12.71411 36.63463 14 -13.56954 11.25126 14 -13.56954 11.25126 14 -16.95355 47.97589 11.45651 -38.18848 47.97589 11.45651 -43.28336 50 11.45651 -43.28336 50 11.45651 -38.18848 47.97589 11.45651 -33.09361 50 11.45651 -33.09361 47.97589 11.45651 -27.99873 50 11.45651 -27.99874 47.97589 11.45651 -22.90386 50 11.45651 -22.90386 47.97589 11.45651 -17.80899 50 11.45651 -17.80899 47.97589 11.45651 -12.71411 50 11.45651 -12.71411 47.97589 11.45651 -7.619237 50 11.45651 -7.619237 44.2445 11.45651 -61.2313 39.8965 11.45651 -61.2313 44.2445 14 -61.2313 39.8965 14 -61.2313 43.42132 11.45651 -7.619237 43.42132 11.45651 -12.71411 43.78393 11.45651 -12.71411 43.78393 11.45651 -7.930092 45.49287 11.45651 -7.930092 45.49287 11.45651 -12.71411 50 14 -12.71411 45.49287 14 -12.71411 45.49287 14 -7.930092 43.42132 14 -12.71411 43.78393 14 -7.930092 43.78393 14 -12.71411 43.42132 11.45651 -38.18848 43.42132 11.45651 -43.28335 43.78393 11.45651 -42.9725 43.78393 11.45651 -38.18848 45.49287 11.45651 -42.9725 45.49287 11.45651 -38.18848 50 14 -38.18848 50 14 -43.28336 45.49287 14 -42.9725 45.49287 14 -38.18848 43.42132 14 -43.28335 43.78393 14 -42.9725 43.42132 14 -38.18848 43.78393 14 -38.18848 43.42132 11.45651 -33.09361 43.78393 11.45651 -33.40446 45.49287 11.45651 -33.40446 50 14 -33.09361 45.49287 14 -33.40446 43.42132 14 -33.09361 43.78393 14 -33.40446 43.42132 11.45651 -27.99873 43.78393 11.45651 -32.78275 43.78393 11.45651 -27.99873 45.49287 11.45651 -32.78275 45.49287 11.45651 -27.99873 50 14 -27.99874 45.49287 14 -32.78275 45.49287 14 -27.99873 43.78393 14 -32.78275 43.42132 14 -27.99874 43.78393 14 -27.99873 43.42132 11.45651 -22.90386 43.78393 11.45651 -23.21472 45.49287 11.45651 -23.21472 50 14 -22.90386 45.49287 14 -23.21472 43.42132 14 -22.90386 43.78393 14 -23.21472 43.42132 11.45651 -17.80899 43.78393 11.45651 -22.59301 43.78393 11.45651 -18.11985 45.49287 11.45651 -22.59301 45.49287 11.45651 -18.11985 50 14 -17.80899 45.49287 14 -22.59301 45.49287 14 -18.11985 43.78393 14 -22.59301 43.42132 14 -17.80899 43.78393 14 -18.11985 43.78393 11.45651 -17.49813 45.49287 11.45651 -17.49813 45.49287 14 -17.49813 43.78393 14 -17.49813 41.34977 11.45651 -12.71411 41.34977 11.45651 -7.930092 43.05871 11.45651 -7.930092 43.05871 11.45651 -12.71411 41.34977 11.45651 -17.49813 43.05871 11.45651 -17.49813 41.34977 11.45651 -22.59301 41.34977 11.45651 -18.11985 43.05871 11.45651 -22.59301 43.05871 11.45651 -18.11985 41.34977 11.45651 -27.99873 41.34977 11.45651 -23.21472 43.05871 11.45651 -23.21472 43.05871 11.45651 -27.99873 41.34977 11.45651 -32.78275 43.05871 11.45651 -32.78275 41.34977 11.45651 -38.18848 41.34977 11.45651 -33.40446 43.05871 11.45651 -33.40446 43.05871 11.45651 -38.18848 38.86674 11.45651 -43.28335 41.34977 11.45651 -42.9725 43.05871 11.45651 -42.9725 43.05871 14 -42.9725 43.05871 14 -38.18848 38.86675 14 -43.28335 41.34977 14 -42.9725 41.34977 14 -38.18848 43.05871 14 -33.40446 41.34977 14 -33.40446 43.05871 14 -32.78275 43.05871 14 -27.99873 41.34977 14 -32.78275 41.34977 14 -27.99873 43.05871 14 -23.21472 41.34977 14 -23.21472 43.05871 14 -22.59301 43.05871 14 -18.11985 41.34977 14 -22.59301 41.34977 14 -18.11985 43.05871 14 -17.49813 43.05871 14 -12.71411 41.34977 14 -17.49813 41.34977 14 -12.71411 43.05871 14 -7.930092 41.34977 14 -7.930092 36.63463 11.45651 -8.474672 36.63463 11.45651 -11.85868 36.63463 14 -11.85868 36.63463 11.45651 -42.42792 36.63463 14 -42.42792 23.94294 14 -43.28335 23.94294 14 -42.42792 36.63463 11.45651 -37.33305 36.63463 14 -37.33305 36.63463 11.45651 -32.23817 36.63463 14 -32.23817 36.63463 11.45651 -27.1433 36.63463 14 -27.1433 36.63463 11.45651 -22.04843 36.63463 14 -22.04843 36.63463 11.45651 -16.95355 36.63463 14 -16.95355 45.49287 11.45651 -7.930092 43.78393 11.45651 -7.930092 43.78393 14 -7.930092 45.49287 14 -7.930092 45.49287 11.45651 -7.930092 45.49287 14 -7.930092 45.49287 14 -12.71411 45.49287 11.45651 -12.71411 43.78393 11.45651 -12.71411 43.78393 14 -12.71411 43.78393 14 -7.930092 43.78393 11.45651 -7.930092 45.49287 11.45651 -38.18848 45.49287 14 -38.18848 45.49287 14 -42.9725 45.49287 11.45651 -42.9725 45.49287 11.45651 -42.9725 45.49287 14 -42.9725 43.78393 14 -42.9725 43.78393 11.45651 -42.9725 43.78393 11.45651 -42.9725 43.78393 14 -42.9725 43.78393 14 -38.18848 43.78393 11.45651 -38.18848 45.49287 11.45651 -33.40446 43.78393 11.45651 -33.40446 43.78393 14 -33.40446 45.49287 14 -33.40446 45.49287 11.45651 -33.40446 45.49287 14 -33.40446 43.78393 14 -33.40446 43.78393 11.45651 -33.40446 45.49287 11.45651 -27.99873 45.49287 14 -27.99873 45.49287 14 -32.78275 45.49287 11.45651 -32.78275 45.49287 11.45651 -32.78275 45.49287 14 -32.78275 43.78393 14 -32.78275 43.78393 11.45651 -32.78275 43.78393 11.45651 -32.78275 43.78393 14 -32.78275 43.78393 14 -27.99873 43.78393 11.45651 -27.99873 45.49287 11.45651 -23.21472 43.78393 11.45651 -23.21472 43.78393 14 -23.21472 45.49287 14 -23.21472 45.49287 11.45651 -23.21472 45.49287 14 -23.21472 43.78393 14 -23.21472 43.78393 11.45651 -23.21472 45.49287 11.45651 -18.11985 43.78393 11.45651 -18.11985 43.78393 14 -18.11985 45.49287 14 -18.11985 45.49287 11.45651 -18.11985 45.49287 14 -18.11985 45.49287 14 -22.59301 45.49287 11.45651 -22.59301 45.49287 11.45651 -22.59301 45.49287 14 -22.59301 43.78393 14 -22.59301 43.78393 11.45651 -22.59301 43.78393 11.45651 -22.59301 43.78393 14 -22.59301 43.78393 14 -18.11985 43.78393 11.45651 -18.11985 45.49287 14 -17.49813 45.49287 11.45651 -17.49813 45.49287 11.45651 -17.49813 45.49287 14 -17.49813 43.78393 14 -17.49813 43.78393 11.45651 -17.49813 43.78393 11.45651 -17.49813 43.78393 14 -17.49813 41.34977 11.45651 -7.930092 41.34977 11.45651 -12.71411 41.34977 14 -12.71411 41.34977 14 -7.930092 43.05871 11.45651 -12.71411 43.05871 11.45651 -7.930092 43.05871 14 -7.930092 43.05871 14 -12.71411 43.05871 11.45651 -7.930092 41.34977 11.45651 -7.930092 41.34977 14 -7.930092 43.05871 14 -7.930092 41.34977 11.45651 -17.49813 41.34977 14 -17.49813 43.05871 11.45651 -17.49813 43.05871 14 -17.49813 41.34977 11.45651 -18.11985 41.34977 11.45651 -22.59301 41.34977 14 -22.59301 41.34977 14 -18.11985 43.05871 11.45651 -22.59301 43.05871 11.45651 -18.11985 43.05871 14 -18.11985 43.05871 14 -22.59301 43.05871 11.45651 -18.11985 41.34977 11.45651 -18.11985 41.34977 14 -18.11985 43.05871 14 -18.11985 41.34977 11.45651 -23.21472 41.34977 11.45651 -27.99873 41.34977 14 -27.99873 41.34977 14 -23.21472 43.05871 11.45651 -27.99873 43.05871 11.45651 -23.21472 43.05871 14 -23.21472 43.05871 14 -27.99873 43.05871 11.45651 -23.21472 41.34977 11.45651 -23.21472 41.34977 14 -23.21472 43.05871 14 -23.21472 41.34977 11.45651 -32.78275 41.34977 14 -32.78275 43.05871 11.45651 -32.78275 43.05871 14 -32.78275 41.34977 11.45651 -33.40446 41.34977 11.45651 -38.18848 41.34977 14 -38.18848 41.34977 14 -33.40446 43.05871 11.45651 -38.18848 43.05871 11.45651 -33.40446 43.05871 14 -33.40446 43.05871 14 -38.18848 43.05871 11.45651 -33.40446 41.34977 11.45651 -33.40446 41.34977 14 -33.40446 43.05871 14 -33.40446 41.34977 11.45651 -42.9725 41.34977 14 -42.9725 43.05871 11.45651 -42.9725 43.05871 14 -42.9725 43.05871 11.45651 -42.9725 43.05871 14 -42.9725 41.34977 14 -42.9725 41.34977 11.45651 -42.9725 43.05871 11.45651 -32.78275 43.05871 14 -32.78275 41.34977 14 -32.78275 41.34977 11.45651 -32.78275 43.05871 11.45651 -22.59301 43.05871 14 -22.59301 41.34977 14 -22.59301 41.34977 11.45651 -22.59301 43.05871 11.45651 -17.49813 43.05871 14 -17.49813 41.34977 14 -17.49813 41.34977 11.45651 -17.49813 11.25126 11.45651 -8.474672 11.25126 11.45651 -11.85868 11.25126 14 -11.85868 11.25126 14 -8.474672 36.63463 11.45651 -8.474672 36.63463 14 -8.474672 36.63463 14 -11.85868 36.63463 11.45651 -11.85868 36.63463 11.45651 -11.85868 36.63463 14 -11.85868 11.25126 14 -11.85868 11.25126 11.45651 -11.85868 11.25126 11.45651 -8.474672 11.25126 14 -8.474672 36.63463 14 -8.474672 36.63463 11.45651 -8.474672 36.63463 11.45651 -39.04392 11.25126 11.45651 -39.04392 11.25126 14 -39.04392 36.63463 14 -39.04392 11.25126 11.45651 -39.04392 11.25126 11.45651 -42.42792 11.25126 14 -42.42792 11.25126 14 -39.04392 36.63463 11.45651 -39.04392 36.63463 14 -39.04392 36.63463 14 -42.42792 36.63463 11.45651 -42.42792 23.94294 14 -42.42792 23.94294 11.45651 -42.42792 36.63463 11.45651 -42.42792 36.63463 14 -42.42792 36.63463 11.45651 -33.94904 11.25126 11.45651 -33.94904 11.25126 14 -33.94904 36.63463 14 -33.94904 11.25126 11.45651 -33.94904 11.25126 11.45651 -37.33305 11.25126 14 -37.33305 11.25126 14 -33.94904 36.63463 11.45651 -33.94904 36.63463 14 -33.94904 36.63463 14 -37.33305 36.63463 11.45651 -37.33305 36.63463 11.45651 -37.33305 36.63463 14 -37.33305 11.25126 14 -37.33305 11.25126 11.45651 -37.33305 36.63463 11.45651 -28.85417 11.25126 11.45651 -28.85417 11.25126 14 -28.85417 36.63463 14 -28.85417 11.25126 11.45651 -28.85417 11.25126 11.45651 -32.23817 11.25126 14 -32.23817 11.25126 14 -28.85417 36.63463 11.45651 -28.85417 36.63463 14 -28.85417 36.63463 14 -32.23817 36.63463 11.45651 -32.23817 36.63463 11.45651 -32.23817 36.63463 14 -32.23817 11.25126 14 -32.23817 11.25126 11.45651 -32.23817 36.63463 11.45651 -23.7593 11.25126 11.45651 -23.7593 11.25126 14 -23.7593 36.63463 14 -23.7593 11.25126 11.45651 -23.7593 11.25126 11.45651 -27.1433 11.25126 14 -27.1433 11.25126 14 -23.7593 36.63463 11.45651 -23.7593 36.63463 14 -23.7593 36.63463 14 -27.1433 36.63463 11.45651 -27.1433 36.63463 11.45651 -27.1433 36.63463 14 -27.1433 11.25126 14 -27.1433 11.25126 11.45651 -27.1433 36.63463 11.45651 -18.66442 11.25126 11.45651 -18.66442 11.25126 14 -18.66442 36.63463 14 -18.66442 11.25126 11.45651 -18.66442 11.25126 11.45651 -22.04843 11.25126 14 -22.04843 11.25126 14 -18.66442 36.63463 11.45651 -18.66442 36.63463 14 -18.66442 36.63463 14 -22.04843 36.63463 11.45651 -22.04843 36.63463 11.45651 -22.04843 36.63463 14 -22.04843 11.25126 14 -22.04843 11.25126 11.45651 -22.04843 36.63463 11.45651 -13.56954 11.25126 11.45651 -13.56954 11.25126 14 -13.56954 36.63463 14 -13.56954 11.25126 11.45651 -13.56954 11.25126 11.45651 -16.95355 11.25126 14 -16.95355 11.25126 14 -13.56954 36.63463 11.45651 -13.56954 36.63463 14 -13.56954 36.63463 14 -16.95355 36.63463 11.45651 -16.95355 36.63463 11.45651 -16.95355 36.63463 14 -16.95355 11.25126 14 -16.95355 11.25126 11.45651 -16.95355 50.89446 11.45651 -55.14975 50.89446 14 -55.14976 50 14 -53.84106 43.42132 14 -53.84106 38.86675 14 -50.65585 38.86675 14 -53.84106 9.019138 14 -53.84106 0 14 -53.84106 43.42132 14 -60 38.86675 14 -60 0 14 -60 9.019138 14 -60 31.40485 14 -60 31.40485 11.45651 -60 38.86675 14 -60 38.86675 11.45651 -60 9.019138 11.45651 -60 9.019138 14 -60 16.48104 11.45651 -53.84106 23.94294 11.45651 -53.84106 23.94294 11.45651 -53.00133 16.48104 11.45651 -53.00133 23.94294 14 -53.84106 16.48104 14 -53.84106 16.48104 14 -53.00133 23.94294 14 -53.00133 31.40485 11.45651 -53.84106 31.40485 11.45651 -53.00133 31.40485 14 -53.84106 31.40485 14 -53.00133 38.86675 11.45651 -53.84106 38.05566 11.45651 -53.00133 38.86675 11.45651 -50.65585 38.05566 11.45651 -51.49558 23.94294 11.45651 -50.65585 23.94294 11.45651 -51.49558 38.05566 14 -53.00133 38.05566 14 -51.49557 23.94294 14 -51.49557 23.94294 14 -50.65585 9.830224 14 -53.00133 9.830224 14 -51.49558 9.019138 11.45651 -53.84106 9.830224 11.45651 -53.00133 9.019141 11.45651 -50.65585 9.830224 11.45651 -51.49558 23.94294 11.45651 -60 23.54491 11.45651 -54.75282 23.54491 11.45651 -59.08824 16.87908 11.45651 -54.75282 16.48104 11.45651 -60 16.87908 11.45651 -59.08824 16.48104 14 -60 16.87908 14 -54.75281 16.87908 14 -59.08824 23.54491 14 -54.75281 23.94294 14 -60 23.54491 14 -59.08824 31.40485 11.45651 -60 31.00681 11.45651 -54.75282 31.00681 11.45651 -59.08824 24.34098 11.45651 -54.75282 24.34098 11.45651 -59.08824 24.34098 14 -54.75281 24.34098 14 -59.08824 31.00681 14 -54.75281 31.40485 14 -60 31.00681 14 -59.08824 38.86675 11.45651 -60 38.46871 11.45651 -54.75282 38.46871 11.45651 -59.08824 31.80289 11.45651 -54.75282 31.80289 11.45651 -59.08824 31.80288 14 -54.75281 31.80288 14 -59.08824 38.46871 14 -54.75281 38.46871 14 -59.08824 16.083 14 -54.75281 9.417178 14 -54.75281 16.083 14 -59.08824 9.417178 14 -59.08824 16.083 11.45651 -54.75282 16.083 11.45651 -59.08824 9.417178 11.45651 -54.75282 9.019138 11.45651 -60 9.417178 11.45651 -59.08824 0 11.45651 -33.09361 2.220999 11.45651 -37.33305 2.220999 11.45651 -33.94904 5.037376 11.45651 -37.33305 5.037376 11.45651 -33.94904 2.220999 14 -37.33305 5.037376 14 -37.33305 0 14 -33.09361 2.220999 14 -33.94904 5.037376 14 -33.94904 0 11.45651 -27.99874 2.220999 11.45651 -32.23817 2.220999 11.45651 -28.85417 5.037376 11.45651 -32.23817 5.037376 11.45651 -28.85417 2.220999 14 -32.23817 5.037376 14 -32.23817 0 14 -27.99874 2.220999 14 -28.85417 5.037376 14 -28.85417 0 11.45651 -22.90386 2.220999 11.45651 -27.1433 2.220999 11.45651 -23.7593 5.037376 11.45651 -27.1433 5.037376 11.45651 -23.7593 2.220999 14 -27.1433 5.037376 14 -27.1433 0 14 -22.90386 2.220999 14 -23.7593 5.037376 14 -23.7593 0 11.45651 -17.80899 2.220999 11.45651 -22.04843 2.220999 11.45651 -18.66442 5.037376 11.45651 -22.04843 5.037376 11.45651 -18.66442 2.220999 14 -22.04843 5.037376 14 -22.04843 0 14 -17.80899 2.220999 14 -18.66442 5.037376 14 -18.66442 2.220999 11.45651 -16.95355 2.220999 11.45651 -13.56954 5.037376 11.45651 -16.95355 5.037376 11.45651 -13.56954 2.220999 14 -16.95355 5.037376 14 -16.95355 2.220999 14 -13.56954 5.037376 14 -13.56954 5.037376 11.45651 -33.94904 2.220999 11.45651 -33.94904 2.220999 14 -33.94904 5.037376 14 -33.94904 5.037376 11.45651 -37.33305 5.037376 14 -37.33305 2.220999 14 -37.33305 2.220999 11.45651 -37.33305 2.220999 11.45651 -37.33305 2.220999 14 -37.33305 2.220999 14 -33.94904 2.220999 11.45651 -33.94904 5.037376 11.45651 -33.94904 5.037376 14 -33.94904 5.037376 14 -37.33305 5.037376 11.45651 -37.33305 5.037376 11.45651 -28.85417 2.220999 11.45651 -28.85417 2.220999 14 -28.85417 5.037376 14 -28.85417 5.037376 11.45651 -32.23817 5.037376 14 -32.23817 2.220999 14 -32.23817 2.220999 11.45651 -32.23817 2.220999 11.45651 -32.23817 2.220999 14 -32.23817 2.220999 14 -28.85417 2.220999 11.45651 -28.85417 5.037376 11.45651 -28.85417 5.037376 14 -28.85417 5.037376 14 -32.23817 5.037376 11.45651 -32.23817 5.037376 11.45651 -23.7593 2.220999 11.45651 -23.7593 2.220999 14 -23.7593 5.037376 14 -23.7593 5.037376 11.45651 -27.1433 5.037376 14 -27.1433 2.220999 14 -27.1433 2.220999 11.45651 -27.1433 2.220999 11.45651 -27.1433 2.220999 14 -27.1433 2.220999 14 -23.7593 2.220999 11.45651 -23.7593 5.037376 11.45651 -23.7593 5.037376 14 -23.7593 5.037376 14 -27.1433 5.037376 11.45651 -27.1433 5.037376 11.45651 -18.66442 2.220999 11.45651 -18.66442 2.220999 14 -18.66442 5.037376 14 -18.66442 5.037376 11.45651 -22.04843 5.037376 14 -22.04843 2.220999 14 -22.04843 2.220999 11.45651 -22.04843 2.220999 11.45651 -22.04843 2.220999 14 -22.04843 2.220999 14 -18.66442 2.220999 11.45651 -18.66442 5.037376 11.45651 -18.66442 5.037376 14 -18.66442 5.037376 14 -22.04843 5.037376 11.45651 -22.04843 5.037376 11.45651 -13.56954 2.220999 11.45651 -13.56954 2.220999 14 -13.56954 5.037376 14 -13.56954 5.037376 11.45651 -16.95355 5.037376 14 -16.95355 2.220999 14 -16.95355 2.220999 11.45651 -16.95355 2.220999 11.45651 -16.95355 2.220999 14 -16.95355 2.220999 14 -13.56954 2.220999 11.45651 -13.56954 5.037376 11.45651 -13.56954 5.037376 14 -13.56954 5.037376 14 -16.95355 5.037376 11.45651 -16.95355 23.94294 11.45651 -53.00133 23.94294 14 -53.00133 16.48104 14 -53.00133 16.48104 11.45651 -53.00133 31.40485 11.45651 -53.00133 31.40485 14 -53.00133 38.05566 11.45651 -51.49558 38.05566 14 -51.49557 38.05566 14 -53.00133 38.05566 11.45651 -53.00133 38.05566 11.45651 -53.00133 38.05566 14 -53.00133 9.830224 14 -53.00133 9.830224 14 -51.49558 9.830224 11.45651 -51.49558 9.830224 11.45651 -53.00133 9.830224 14 -53.00133 9.830224 11.45651 -53.00133 38.05566 11.45651 -51.49558 23.94294 11.45651 -51.49558 23.94294 14 -51.49557 38.05566 14 -51.49557 23.54491 11.45651 -54.75282 16.87908 11.45651 -54.75282 16.87908 14 -54.75281 23.54491 14 -54.75281 16.87908 11.45651 -59.08824 23.54491 11.45651 -59.08824 23.54491 14 -59.08824 16.87908 14 -59.08824 16.87908 11.45651 -59.08824 16.87908 14 -59.08824 16.87908 14 -54.75281 16.87908 11.45651 -54.75282 23.54491 11.45651 -54.75282 23.54491 14 -54.75281 23.54491 14 -59.08824 23.54491 11.45651 -59.08824 31.00681 11.45651 -54.75282 24.34098 11.45651 -54.75282 24.34098 14 -54.75281 31.00681 14 -54.75281 24.34098 11.45651 -54.75282 24.34098 11.45651 -59.08824 24.34098 14 -59.08824 24.34098 14 -54.75281 24.34098 11.45651 -59.08824 31.00681 11.45651 -59.08824 31.00681 14 -59.08824 24.34098 14 -59.08824 31.00681 11.45651 -54.75282 31.00681 14 -54.75281 31.00681 14 -59.08824 31.00681 11.45651 -59.08824 38.46871 11.45651 -54.75282 31.80289 11.45651 -54.75282 31.80288 14 -54.75281 38.46871 14 -54.75281 31.80289 11.45651 -54.75282 31.80289 11.45651 -59.08824 31.80288 14 -59.08824 31.80288 14 -54.75281 31.80289 11.45651 -59.08824 38.46871 11.45651 -59.08824 38.46871 14 -59.08824 31.80288 14 -59.08824 38.46871 11.45651 -54.75282 38.46871 14 -54.75281 38.46871 14 -59.08824 38.46871 11.45651 -59.08824 9.417178 14 -54.75281 16.083 14 -54.75281 16.083 11.45651 -54.75282 9.417178 11.45651 -54.75282 16.083 14 -54.75281 16.083 14 -59.08824 16.083 11.45651 -59.08824 16.083 11.45651 -54.75282 16.083 14 -59.08824 9.417178 14 -59.08824 9.417178 11.45651 -59.08824 16.083 11.45651 -59.08824 9.417178 14 -59.08824 9.417178 14 -54.75281 9.417178 11.45651 -54.75282 9.417178 11.45651 -59.08824 50 11.45651 -7.619237 50 14 -7.619237 50.89446 14 -5.943206 50.89446 11.45651 -5.943206 50.89446 14 0 50.89446 14 -5.943206 23.94294 11.45651 -42.42792 23.94294 11.45651 -43.28335 38.86675 14 -46.9696 50.89446 11.45651 -44.59205 50.89446 14 -44.59205 11.25126 11.45651 -42.42792 11.25126 14 -42.42792 9.830224 11.45651 -51.49558 9.830224 14 -51.49558 23.94294 14 -46.9696 24.75403 14 -48.44091 24.75403 14 -50.06862 38.05566 14 -48.44091 38.05566 14 -50.06862 38.86675 11.45651 -46.9696 23.94294 11.45651 -46.9696 24.75403 11.45651 -48.44091 38.05566 11.45651 -48.44091 24.75403 11.45651 -50.06862 38.05566 11.45651 -50.06862 38.05566 14 -45.49829 38.05566 14 -43.87057 24.75403 14 -45.49829 24.75403 14 -43.87057 24.75403 11.45651 -45.49829 24.75403 11.45651 -43.87057 38.05566 11.45651 -45.49829 38.05566 11.45651 -43.87057 23.13186 14 -48.44091 9.830224 14 -48.44091 23.13186 14 -50.06862 9.830224 14 -50.06862 23.13186 14 -45.49829 23.13186 14 -43.87057 9.830224 14 -45.49829 9.830224 14 -43.87057 9.019139 11.45651 -46.9696 9.830224 11.45651 -45.49829 9.830224 11.45651 -43.87057 23.13186 11.45651 -45.49829 23.13185 11.45651 -43.87057 23.13186 11.45651 -48.44091 23.13186 11.45651 -50.06862 9.830225 11.45651 -48.44091 9.830226 11.45651 -50.06862 23.13186 14 -43.87057 23.13186 14 -45.49829 23.13186 11.45651 -45.49829 23.13185 11.45651 -43.87057 23.13186 14 -45.49829 9.830224 14 -45.49829 9.830224 11.45651 -45.49829 23.13186 11.45651 -45.49829 9.830224 14 -45.49829 9.830224 14 -43.87057 9.830224 11.45651 -43.87057 9.830224 11.45651 -45.49829 9.830224 14 -43.87057 23.13186 14 -43.87057 23.13185 11.45651 -43.87057 9.830224 11.45651 -43.87057 38.05566 14 -45.49829 24.75403 14 -45.49829 24.75403 11.45651 -45.49829 38.05566 11.45651 -45.49829 24.75403 14 -45.49829 24.75403 14 -43.87057 24.75403 11.45651 -43.87057 24.75403 11.45651 -45.49829 24.75403 14 -43.87057 38.05566 14 -43.87057 38.05566 11.45651 -43.87057 24.75403 11.45651 -43.87057 38.05566 14 -43.87057 38.05566 14 -45.49829 38.05566 11.45651 -45.49829 38.05566 11.45651 -43.87057 24.75403 14 -48.44091 38.05566 14 -48.44091 38.05566 11.45651 -48.44091 24.75403 11.45651 -48.44091 38.05566 14 -48.44091 38.05566 14 -50.06862 38.05566 11.45651 -50.06862 38.05566 11.45651 -48.44091 38.05566 14 -50.06862 24.75403 14 -50.06862 24.75403 11.45651 -50.06862 38.05566 11.45651 -50.06862 24.75403 14 -50.06862 24.75403 14 -48.44091 24.75403 11.45651 -48.44091 24.75403 11.45651 -50.06862 23.13186 14 -48.44091 23.13186 14 -50.06862 23.13186 11.45651 -50.06862 23.13186 11.45651 -48.44091 23.13186 14 -50.06862 9.830224 14 -50.06862 9.830226 11.45651 -50.06862 23.13186 11.45651 -50.06862 9.830224 14 -50.06862 9.830224 14 -48.44091 9.830225 11.45651 -48.44091 9.830226 11.45651 -50.06862 9.830224 14 -48.44091 23.13186 14 -48.44091 23.13186 11.45651 -48.44091 9.830225 11.45651 -48.44091 7.705348 14 -61.2313 0 14 -61.2313 9.019138 14 -60 9.019138 11.45651 -60 7.705348 11.45651 -61.2313 7.705348 14 -61.2313 50.89446 14 -48.2783 50.89446 14 -51.96454 38.86675 11.45651 -60 39.8965 11.45651 -61.2313 38.86675 14 -60 39.8965 14 -61.2313 44.2445 14 -61.2313 39.8965 14 -61.2313 50.89446 14 -55.14976 50.89446 14 -44.59205 50 14 -43.28336 50 11.45651 -43.28336 50.89446 11.45651 -44.59205 50.89446 14 -44.59205 46.89921 14 -59.63922 49.05481 14 -58.01751 50.89446 14 -59.37279 49.03595 14 -61.2313 49.03595 14 -61.2313 50.89446 14 -59.37279 50.89446 11.45651 -59.37711 49.04027 11.45651 -61.2313 49.03595 14 -61.2313 49.04027 11.45651 -61.2313 50.89446 11.45651 -59.37711 50.89446 14 -59.37279 -50 14 -7.619237 -50 14 -12.71411 -50 11.45651 -12.71411 -50 11.45651 -7.619237 -50.89446 11.45651 0 -50.89446 14 0 -50.89446 14 -5.943206 -50.89446 11.45651 -5.943206 -50.89446 14 -48.2783 -50.89446 14 -51.96454 -50.89446 11.45651 -51.96453 -50.89446 11.45651 -48.2783 -50 14 0 -43.42132 14 0 -43.42132 14 -7.619237 -50 14 -7.619237 -43.42132 14 -46.9696 -43.42132 14 -50.65585 -50 14 -50.65585 -50 14 -46.9696 -23.94294 14 -60 -16.48104 14 -60 -16.48104 11.45651 -60 -23.94294 11.45651 -60 -38.86675 14 0 -9.019138 14 0 -9.019138 14 -7.619237 -38.86675 14 -7.619237 -9.019138 11.45651 -7.619237 -9.019138 11.45651 0 -38.86675 11.45651 0 -38.86675 11.45651 -7.619237 -7.705348 11.45651 -61.2313 -7.705348 14 -61.2313 -9.019138 14 -50.65585 -9.019138 14 -46.9696 -9.019138 11.45651 -12.71411 -9.019138 14 -12.71411 -47.97589 11.45651 -43.28336 -50 11.45651 -43.28336 -43.42132 11.45651 -43.28335 -9.019138 11.45651 -38.18848 -9.019137 11.45651 -43.28335 -50 14 -38.18848 -50 14 -43.28336 -50 11.45651 -43.28336 -50 11.45651 -38.18848 -9.019138 14 -43.28336 -9.019138 14 -38.18848 -50 14 -33.09361 -50 11.45651 -33.09361 -50 14 -27.99874 -50 11.45651 -27.99874 -50 14 -22.90386 -50 11.45651 -22.90386 -50 14 -17.80899 -50 11.45651 -17.80899 -11.25126 11.45651 -8.474672 -11.25126 11.45651 -11.85868 -11.25126 14 -11.85868 -11.25126 14 -8.474672 -36.63463 14 -8.474672 -38.86675 11.45651 -38.18848 -36.63463 11.45651 -39.04392 -11.25126 11.45651 -39.04392 -11.25126 11.45651 -42.42792 -11.25126 14 -39.04392 -36.63463 14 -39.04392 -38.86675 14 -38.18848 -11.25126 14 -42.42792 -38.86675 11.45651 -33.09361 -36.63463 11.45651 -33.94904 -11.25126 11.45651 -33.94904 -9.019138 11.45651 -33.09361 -11.25126 11.45651 -37.33305 -9.019138 14 -33.09361 -11.25126 14 -33.94904 -36.63463 14 -33.94904 -38.86675 14 -33.09361 -11.25126 14 -37.33305 -38.86675 11.45651 -27.99874 -36.63463 11.45651 -28.85417 -11.25126 11.45651 -28.85417 -9.019138 11.45651 -27.99874 -11.25126 11.45651 -32.23817 -9.019138 14 -27.99874 -11.25126 14 -28.85417 -36.63463 14 -28.85417 -38.86675 14 -27.99874 -11.25126 14 -32.23817 -38.86675 11.45651 -22.90386 -36.63463 11.45651 -23.7593 -11.25126 11.45651 -23.7593 -9.019138 11.45651 -22.90386 -11.25126 11.45651 -27.1433 -9.019138 14 -22.90386 -11.25126 14 -23.7593 -36.63463 14 -23.7593 -38.86675 14 -22.90386 -11.25126 14 -27.1433 -38.86675 11.45651 -17.80899 -36.63463 11.45651 -18.66442 -11.25126 11.45651 -18.66442 -9.019138 11.45651 -17.80899 -11.25126 11.45651 -22.04843 -9.019138 14 -17.80899 -11.25126 14 -18.66442 -36.63463 14 -18.66442 -38.86675 14 -17.80899 -11.25126 14 -22.04843 -38.86675 11.45651 -12.71411 -36.63463 11.45651 -13.56954 -11.25126 11.45651 -13.56954 -11.25126 11.45651 -16.95355 -11.25126 14 -13.56954 -36.63463 14 -13.56954 -38.86675 14 -12.71411 -11.25126 14 -16.95355 -47.97589 11.45651 -38.18848 -50 11.45651 -38.18848 -50 11.45651 -43.28336 -47.97589 11.45651 -43.28336 -47.97589 11.45651 -33.09361 -50 11.45651 -33.09361 -47.97589 11.45651 -27.99873 -50 11.45651 -27.99874 -47.97589 11.45651 -22.90386 -50 11.45651 -22.90386 -47.97589 11.45651 -17.80899 -50 11.45651 -17.80899 -47.97589 11.45651 -12.71411 -50 11.45651 -12.71411 -47.97589 11.45651 -7.619237 -50 11.45651 -7.619237 -44.2445 11.45651 -61.2313 -39.8965 11.45651 -61.2313 -44.2445 14 -61.2313 -39.8965 14 -61.2313 -43.42132 11.45651 -7.619237 -43.78393 11.45651 -7.930092 -43.78393 11.45651 -12.71411 -43.42132 11.45651 -12.71411 -45.49287 11.45651 -12.71411 -45.49287 11.45651 -7.930092 -45.49287 14 -7.930092 -45.49287 14 -12.71411 -50 14 -12.71411 -43.42132 14 -12.71411 -43.78393 14 -12.71411 -43.78393 14 -7.930092 -43.42132 11.45651 -38.18848 -43.78393 11.45651 -38.18848 -43.78393 11.45651 -42.9725 -43.42132 11.45651 -43.28335 -45.49287 11.45651 -42.9725 -45.49287 11.45651 -38.18848 -50 14 -38.18848 -45.49287 14 -38.18848 -45.49287 14 -42.9725 -50 14 -43.28336 -43.78393 14 -42.9725 -43.42132 14 -43.28335 -43.78393 14 -38.18848 -43.42132 14 -38.18848 -43.42132 11.45651 -33.09361 -43.78393 11.45651 -33.40446 -45.49287 11.45651 -33.40446 -50 14 -33.09361 -45.49287 14 -33.40446 -43.78393 14 -33.40446 -43.42132 14 -33.09361 -43.42132 11.45651 -27.99873 -43.78393 11.45651 -27.99873 -43.78393 11.45651 -32.78275 -45.49287 11.45651 -32.78275 -45.49287 11.45651 -27.99873 -50 14 -27.99874 -45.49287 14 -27.99873 -45.49287 14 -32.78275 -43.78393 14 -32.78275 -43.78393 14 -27.99873 -43.42132 14 -27.99874 -43.42132 11.45651 -22.90386 -43.78393 11.45651 -23.21472 -45.49287 11.45651 -23.21472 -50 14 -22.90386 -45.49287 14 -23.21472 -43.78393 14 -23.21472 -43.42132 14 -22.90386 -43.42132 11.45651 -17.80899 -43.78393 11.45651 -18.11985 -43.78393 11.45651 -22.59301 -45.49287 11.45651 -22.59301 -45.49287 11.45651 -18.11985 -50 14 -17.80899 -45.49287 14 -18.11985 -45.49287 14 -22.59301 -43.78393 14 -22.59301 -43.78393 14 -18.11985 -43.42132 14 -17.80899 -43.78393 11.45651 -17.49813 -45.49287 11.45651 -17.49813 -45.49287 14 -17.49813 -43.78393 14 -17.49813 -41.34977 11.45651 -7.930092 -41.34977 11.45651 -12.71411 -43.05871 11.45651 -12.71411 -43.05871 11.45651 -7.930092 -41.34977 11.45651 -17.49813 -43.05871 11.45651 -17.49813 -41.34977 11.45651 -18.11985 -41.34977 11.45651 -22.59301 -43.05871 11.45651 -22.59301 -43.05871 11.45651 -18.11985 -41.34977 11.45651 -23.21472 -41.34977 11.45651 -27.99873 -43.05871 11.45651 -27.99873 -43.05871 11.45651 -23.21472 -41.34977 11.45651 -32.78275 -43.05871 11.45651 -32.78275 -41.34977 11.45651 -33.40446 -41.34977 11.45651 -38.18848 -43.05871 11.45651 -38.18848 -43.05871 11.45651 -33.40446 -41.34977 11.45651 -42.9725 -38.86674 11.45651 -43.28335 -43.05871 11.45651 -42.9725 -43.05871 14 -38.18848 -43.05871 14 -42.9725 -41.34977 14 -42.9725 -38.86675 14 -43.28335 -41.34977 14 -38.18848 -43.05871 14 -33.40446 -41.34977 14 -33.40446 -43.05871 14 -27.99873 -43.05871 14 -32.78275 -41.34977 14 -32.78275 -41.34977 14 -27.99873 -43.05871 14 -23.21472 -41.34977 14 -23.21472 -43.05871 14 -18.11985 -43.05871 14 -22.59301 -41.34977 14 -22.59301 -41.34977 14 -18.11985 -43.05871 14 -12.71411 -43.05871 14 -17.49813 -41.34977 14 -17.49813 -41.34977 14 -12.71411 -43.05871 14 -7.930092 -41.34977 14 -7.930092 -36.63463 11.45651 -11.85868 -36.63463 11.45651 -8.474672 -36.63463 14 -11.85868 -36.63463 11.45651 -42.42792 -36.63463 14 -42.42792 -23.94294 14 -42.42792 -23.94294 14 -43.28335 -36.63463 11.45651 -37.33305 -36.63463 14 -37.33305 -36.63463 11.45651 -32.23817 -36.63463 14 -32.23817 -36.63463 11.45651 -27.1433 -36.63463 14 -27.1433 -36.63463 11.45651 -22.04843 -36.63463 14 -22.04843 -36.63463 11.45651 -16.95355 -36.63463 14 -16.95355 -45.49287 11.45651 -7.930092 -45.49287 14 -7.930092 -43.78393 14 -7.930092 -43.78393 11.45651 -7.930092 -45.49287 11.45651 -7.930092 -45.49287 11.45651 -12.71411 -45.49287 14 -12.71411 -45.49287 14 -7.930092 -43.78393 11.45651 -12.71411 -43.78393 11.45651 -7.930092 -43.78393 14 -7.930092 -43.78393 14 -12.71411 -45.49287 11.45651 -38.18848 -45.49287 11.45651 -42.9725 -45.49287 14 -42.9725 -45.49287 14 -38.18848 -45.49287 11.45651 -42.9725 -43.78393 11.45651 -42.9725 -43.78393 14 -42.9725 -45.49287 14 -42.9725 -43.78393 11.45651 -42.9725 -43.78393 11.45651 -38.18848 -43.78393 14 -38.18848 -43.78393 14 -42.9725 -45.49287 11.45651 -33.40446 -45.49287 14 -33.40446 -43.78393 14 -33.40446 -43.78393 11.45651 -33.40446 -45.49287 11.45651 -33.40446 -45.49287 14 -33.40446 -43.78393 11.45651 -33.40446 -43.78393 14 -33.40446 -45.49287 11.45651 -27.99873 -45.49287 11.45651 -32.78275 -45.49287 14 -32.78275 -45.49287 14 -27.99873 -45.49287 11.45651 -32.78275 -43.78393 11.45651 -32.78275 -43.78393 14 -32.78275 -45.49287 14 -32.78275 -43.78393 11.45651 -32.78275 -43.78393 11.45651 -27.99873 -43.78393 14 -27.99873 -43.78393 14 -32.78275 -45.49287 11.45651 -23.21472 -45.49287 14 -23.21472 -43.78393 14 -23.21472 -43.78393 11.45651 -23.21472 -45.49287 11.45651 -23.21472 -45.49287 14 -23.21472 -43.78393 11.45651 -23.21472 -43.78393 14 -23.21472 -45.49287 11.45651 -18.11985 -45.49287 14 -18.11985 -43.78393 14 -18.11985 -43.78393 11.45651 -18.11985 -45.49287 11.45651 -18.11985 -45.49287 11.45651 -22.59301 -45.49287 14 -22.59301 -45.49287 14 -18.11985 -45.49287 11.45651 -22.59301 -43.78393 11.45651 -22.59301 -43.78393 14 -22.59301 -45.49287 14 -22.59301 -43.78393 11.45651 -22.59301 -43.78393 11.45651 -18.11985 -43.78393 14 -18.11985 -43.78393 14 -22.59301 -45.49287 11.45651 -17.49813 -45.49287 14 -17.49813 -45.49287 11.45651 -17.49813 -43.78393 11.45651 -17.49813 -43.78393 14 -17.49813 -45.49287 14 -17.49813 -43.78393 11.45651 -17.49813 -43.78393 14 -17.49813 -41.34977 11.45651 -7.930092 -41.34977 14 -7.930092 -41.34977 14 -12.71411 -41.34977 11.45651 -12.71411 -43.05871 11.45651 -12.71411 -43.05871 14 -12.71411 -43.05871 14 -7.930092 -43.05871 11.45651 -7.930092 -43.05871 11.45651 -7.930092 -43.05871 14 -7.930092 -41.34977 14 -7.930092 -41.34977 11.45651 -7.930092 -41.34977 14 -17.49813 -41.34977 11.45651 -17.49813 -43.05871 11.45651 -17.49813 -43.05871 14 -17.49813 -43.05871 14 -12.71411 -43.05871 11.45651 -12.71411 -41.34977 11.45651 -18.11985 -41.34977 14 -18.11985 -41.34977 14 -22.59301 -41.34977 11.45651 -22.59301 -43.05871 11.45651 -22.59301 -43.05871 14 -22.59301 -43.05871 14 -18.11985 -43.05871 11.45651 -18.11985 -43.05871 11.45651 -18.11985 -43.05871 14 -18.11985 -41.34977 14 -18.11985 -41.34977 11.45651 -18.11985 -41.34977 11.45651 -23.21472 -41.34977 14 -23.21472 -41.34977 14 -27.99873 -41.34977 11.45651 -27.99873 -43.05871 11.45651 -27.99873 -43.05871 14 -27.99873 -43.05871 14 -23.21472 -43.05871 11.45651 -23.21472 -43.05871 11.45651 -23.21472 -43.05871 14 -23.21472 -41.34977 14 -23.21472 -41.34977 11.45651 -23.21472 -41.34977 14 -32.78275 -41.34977 11.45651 -32.78275 -43.05871 11.45651 -32.78275 -43.05871 14 -32.78275 -41.34977 11.45651 -33.40446 -41.34977 14 -33.40446 -41.34977 14 -38.18848 -41.34977 11.45651 -38.18848 -43.05871 11.45651 -38.18848 -43.05871 14 -38.18848 -43.05871 14 -33.40446 -43.05871 11.45651 -33.40446 -43.05871 11.45651 -33.40446 -43.05871 14 -33.40446 -41.34977 14 -33.40446 -41.34977 11.45651 -33.40446 -41.34977 14 -42.9725 -41.34977 11.45651 -42.9725 -43.05871 11.45651 -42.9725 -43.05871 14 -42.9725 -43.05871 11.45651 -42.9725 -41.34977 11.45651 -42.9725 -41.34977 14 -42.9725 -43.05871 14 -42.9725 -43.05871 11.45651 -32.78275 -41.34977 11.45651 -32.78275 -41.34977 14 -32.78275 -43.05871 14 -32.78275 -43.05871 11.45651 -22.59301 -41.34977 11.45651 -22.59301 -41.34977 14 -22.59301 -43.05871 14 -22.59301 -43.05871 11.45651 -17.49813 -41.34977 11.45651 -17.49813 -41.34977 14 -17.49813 -43.05871 14 -17.49813 -11.25126 11.45651 -8.474672 -11.25126 14 -8.474672 -11.25126 14 -11.85868 -11.25126 11.45651 -11.85868 -36.63463 11.45651 -8.474672 -36.63463 11.45651 -11.85868 -36.63463 14 -11.85868 -36.63463 14 -8.474672 -36.63463 11.45651 -11.85868 -11.25126 11.45651 -11.85868 -11.25126 14 -11.85868 -36.63463 14 -11.85868 -11.25126 11.45651 -8.474672 -36.63463 11.45651 -8.474672 -36.63463 14 -8.474672 -11.25126 14 -8.474672 -36.63463 11.45651 -39.04392 -36.63463 14 -39.04392 -11.25126 14 -39.04392 -11.25126 11.45651 -39.04392 -11.25126 11.45651 -39.04392 -11.25126 14 -39.04392 -11.25126 14 -42.42792 -11.25126 11.45651 -42.42792 -36.63463 11.45651 -39.04392 -36.63463 11.45651 -42.42792 -36.63463 14 -42.42792 -36.63463 14 -39.04392 -23.94294 14 -42.42792 -36.63463 14 -42.42792 -36.63463 11.45651 -42.42792 -23.94294 11.45651 -42.42792 -36.63463 11.45651 -33.94904 -36.63463 14 -33.94904 -11.25126 14 -33.94904 -11.25126 11.45651 -33.94904 -11.25126 11.45651 -33.94904 -11.25126 14 -33.94904 -11.25126 14 -37.33305 -11.25126 11.45651 -37.33305 -36.63463 11.45651 -33.94904 -36.63463 11.45651 -37.33305 -36.63463 14 -37.33305 -36.63463 14 -33.94904 -36.63463 11.45651 -37.33305 -11.25126 11.45651 -37.33305 -11.25126 14 -37.33305 -36.63463 14 -37.33305 -36.63463 11.45651 -28.85417 -36.63463 14 -28.85417 -11.25126 14 -28.85417 -11.25126 11.45651 -28.85417 -11.25126 11.45651 -28.85417 -11.25126 14 -28.85417 -11.25126 14 -32.23817 -11.25126 11.45651 -32.23817 -36.63463 11.45651 -28.85417 -36.63463 11.45651 -32.23817 -36.63463 14 -32.23817 -36.63463 14 -28.85417 -36.63463 11.45651 -32.23817 -11.25126 11.45651 -32.23817 -11.25126 14 -32.23817 -36.63463 14 -32.23817 -36.63463 11.45651 -23.7593 -36.63463 14 -23.7593 -11.25126 14 -23.7593 -11.25126 11.45651 -23.7593 -11.25126 11.45651 -23.7593 -11.25126 14 -23.7593 -11.25126 14 -27.1433 -11.25126 11.45651 -27.1433 -36.63463 11.45651 -23.7593 -36.63463 11.45651 -27.1433 -36.63463 14 -27.1433 -36.63463 14 -23.7593 -36.63463 11.45651 -27.1433 -11.25126 11.45651 -27.1433 -11.25126 14 -27.1433 -36.63463 14 -27.1433 -36.63463 11.45651 -18.66442 -36.63463 14 -18.66442 -11.25126 14 -18.66442 -11.25126 11.45651 -18.66442 -11.25126 11.45651 -18.66442 -11.25126 14 -18.66442 -11.25126 14 -22.04843 -11.25126 11.45651 -22.04843 -36.63463 11.45651 -18.66442 -36.63463 11.45651 -22.04843 -36.63463 14 -22.04843 -36.63463 14 -18.66442 -36.63463 11.45651 -22.04843 -11.25126 11.45651 -22.04843 -11.25126 14 -22.04843 -36.63463 14 -22.04843 -36.63463 11.45651 -13.56954 -36.63463 14 -13.56954 -11.25126 14 -13.56954 -11.25126 11.45651 -13.56954 -11.25126 11.45651 -13.56954 -11.25126 14 -13.56954 -11.25126 14 -16.95355 -11.25126 11.45651 -16.95355 -36.63463 11.45651 -13.56954 -36.63463 11.45651 -16.95355 -36.63463 14 -16.95355 -36.63463 14 -13.56954 -36.63463 11.45651 -16.95355 -11.25126 11.45651 -16.95355 -11.25126 14 -16.95355 -36.63463 14 -16.95355 -50.89446 14 -55.14976 -50.89446 11.45651 -55.14975 -43.42132 14 -53.84106 -50 14 -53.84106 -38.86675 14 -50.65585 -38.86675 14 -53.84106 -9.019138 14 -53.84106 -43.42132 14 -60 -38.86675 14 -60 -9.019138 14 -60 -31.40485 14 -60 -31.40485 11.45651 -60 -38.86675 14 -60 -38.86675 11.45651 -60 -9.019138 14 -60 -9.019138 11.45651 -60 -16.48104 11.45651 -53.84106 -16.48104 11.45651 -53.00133 -23.94294 11.45651 -53.00133 -23.94294 11.45651 -53.84106 -23.94294 14 -53.84106 -23.94294 14 -53.00133 -16.48104 14 -53.00133 -16.48104 14 -53.84106 -31.40485 11.45651 -53.00133 -31.40485 11.45651 -53.84106 -31.40485 14 -53.84106 -31.40485 14 -53.00133 -38.05566 11.45651 -53.00133 -38.86675 11.45651 -53.84106 -38.05566 11.45651 -51.49558 -38.86675 11.45651 -50.65585 -23.94294 11.45651 -51.49558 -23.94294 11.45651 -50.65585 -38.05566 14 -51.49557 -38.05566 14 -53.00133 -23.94294 14 -50.65585 -23.94294 14 -51.49557 -9.830224 14 -53.00133 -9.830224 14 -51.49558 -9.019138 11.45651 -53.84106 -9.830224 11.45651 -53.00133 -9.019141 11.45651 -50.65585 -9.830224 11.45651 -51.49558 -23.94294 11.45651 -60 -23.54491 11.45651 -59.08824 -23.54491 11.45651 -54.75282 -16.87908 11.45651 -54.75282 -16.87908 11.45651 -59.08824 -16.48104 11.45651 -60 -16.48104 14 -60 -16.87908 14 -59.08824 -16.87908 14 -54.75281 -23.54491 14 -54.75281 -23.54491 14 -59.08824 -23.94294 14 -60 -31.40485 11.45651 -60 -31.00681 11.45651 -59.08824 -31.00681 11.45651 -54.75282 -24.34098 11.45651 -54.75282 -24.34098 11.45651 -59.08824 -24.34098 14 -59.08824 -24.34098 14 -54.75281 -31.00681 14 -54.75281 -31.00681 14 -59.08824 -31.40485 14 -60 -38.86675 11.45651 -60 -38.46871 11.45651 -59.08824 -38.46871 11.45651 -54.75282 -31.80289 11.45651 -54.75282 -31.80289 11.45651 -59.08824 -31.80288 14 -59.08824 -31.80288 14 -54.75281 -38.46871 14 -54.75281 -38.46871 14 -59.08824 -9.417178 14 -54.75281 -16.083 14 -54.75281 -16.083 14 -59.08824 -9.417178 14 -59.08824 -16.083 11.45651 -59.08824 -16.083 11.45651 -54.75282 -9.417178 11.45651 -54.75282 -9.417178 11.45651 -59.08824 -9.019138 11.45651 -60 -2.220999 11.45651 -33.94904 -2.220999 11.45651 -37.33305 -5.037376 11.45651 -37.33305 -5.037376 11.45651 -33.94904 -5.037376 14 -37.33305 -2.220999 14 -37.33305 -2.220999 14 -33.94904 -5.037376 14 -33.94904 -2.220999 11.45651 -28.85417 -2.220999 11.45651 -32.23817 -5.037376 11.45651 -32.23817 -5.037376 11.45651 -28.85417 -5.037376 14 -32.23817 -2.220999 14 -32.23817 -2.220999 14 -28.85417 -5.037376 14 -28.85417 -2.220999 11.45651 -23.7593 -2.220999 11.45651 -27.1433 -5.037376 11.45651 -27.1433 -5.037376 11.45651 -23.7593 -5.037376 14 -27.1433 -2.220999 14 -27.1433 -2.220999 14 -23.7593 -5.037376 14 -23.7593 -2.220999 11.45651 -18.66442 -2.220999 11.45651 -22.04843 -5.037376 11.45651 -22.04843 -5.037376 11.45651 -18.66442 -5.037376 14 -22.04843 -2.220999 14 -22.04843 -2.220999 14 -18.66442 -5.037376 14 -18.66442 -2.220999 11.45651 -13.56954 -2.220999 11.45651 -16.95355 -5.037376 11.45651 -16.95355 -5.037376 11.45651 -13.56954 -5.037376 14 -16.95355 -2.220999 14 -16.95355 -2.220999 14 -13.56954 -5.037376 14 -13.56954 -5.037376 11.45651 -33.94904 -5.037376 14 -33.94904 -2.220999 14 -33.94904 -2.220999 11.45651 -33.94904 -5.037376 11.45651 -37.33305 -2.220999 11.45651 -37.33305 -2.220999 14 -37.33305 -5.037376 14 -37.33305 -2.220999 11.45651 -37.33305 -2.220999 11.45651 -33.94904 -2.220999 14 -33.94904 -2.220999 14 -37.33305 -5.037376 11.45651 -33.94904 -5.037376 11.45651 -37.33305 -5.037376 14 -37.33305 -5.037376 14 -33.94904 -5.037376 11.45651 -28.85417 -5.037376 14 -28.85417 -2.220999 14 -28.85417 -2.220999 11.45651 -28.85417 -5.037376 11.45651 -32.23817 -2.220999 11.45651 -32.23817 -2.220999 14 -32.23817 -5.037376 14 -32.23817 -2.220999 11.45651 -32.23817 -2.220999 11.45651 -28.85417 -2.220999 14 -28.85417 -2.220999 14 -32.23817 -5.037376 11.45651 -28.85417 -5.037376 11.45651 -32.23817 -5.037376 14 -32.23817 -5.037376 14 -28.85417 -5.037376 11.45651 -23.7593 -5.037376 14 -23.7593 -2.220999 14 -23.7593 -2.220999 11.45651 -23.7593 -5.037376 11.45651 -27.1433 -2.220999 11.45651 -27.1433 -2.220999 14 -27.1433 -5.037376 14 -27.1433 -2.220999 11.45651 -27.1433 -2.220999 11.45651 -23.7593 -2.220999 14 -23.7593 -2.220999 14 -27.1433 -5.037376 11.45651 -23.7593 -5.037376 11.45651 -27.1433 -5.037376 14 -27.1433 -5.037376 14 -23.7593 -5.037376 11.45651 -18.66442 -5.037376 14 -18.66442 -2.220999 14 -18.66442 -2.220999 11.45651 -18.66442 -5.037376 11.45651 -22.04843 -2.220999 11.45651 -22.04843 -2.220999 14 -22.04843 -5.037376 14 -22.04843 -2.220999 11.45651 -22.04843 -2.220999 11.45651 -18.66442 -2.220999 14 -18.66442 -2.220999 14 -22.04843 -5.037376 11.45651 -18.66442 -5.037376 11.45651 -22.04843 -5.037376 14 -22.04843 -5.037376 14 -18.66442 -5.037376 11.45651 -13.56954 -5.037376 14 -13.56954 -2.220999 14 -13.56954 -2.220999 11.45651 -13.56954 -5.037376 11.45651 -16.95355 -2.220999 11.45651 -16.95355 -2.220999 14 -16.95355 -5.037376 14 -16.95355 -2.220999 11.45651 -16.95355 -2.220999 11.45651 -13.56954 -2.220999 14 -13.56954 -2.220999 14 -16.95355 -5.037376 11.45651 -13.56954 -5.037376 11.45651 -16.95355 -5.037376 14 -16.95355 -5.037376 14 -13.56954 -23.94294 11.45651 -53.00133 -16.48104 11.45651 -53.00133 -16.48104 14 -53.00133 -23.94294 14 -53.00133 -31.40485 11.45651 -53.00133 -31.40485 14 -53.00133 -38.05566 11.45651 -51.49558 -38.05566 11.45651 -53.00133 -38.05566 14 -53.00133 -38.05566 14 -51.49557 -38.05566 11.45651 -53.00133 -38.05566 14 -53.00133 -9.830224 14 -53.00133 -9.830224 11.45651 -53.00133 -9.830224 11.45651 -51.49558 -9.830224 14 -51.49558 -9.830224 14 -53.00133 -9.830224 11.45651 -53.00133 -38.05566 11.45651 -51.49558 -38.05566 14 -51.49557 -23.94294 14 -51.49557 -23.94294 11.45651 -51.49558 -23.54491 11.45651 -54.75282 -23.54491 14 -54.75281 -16.87908 14 -54.75281 -16.87908 11.45651 -54.75282 -16.87908 11.45651 -59.08824 -16.87908 14 -59.08824 -23.54491 14 -59.08824 -23.54491 11.45651 -59.08824 -16.87908 11.45651 -59.08824 -16.87908 11.45651 -54.75282 -16.87908 14 -54.75281 -16.87908 14 -59.08824 -23.54491 11.45651 -54.75282 -23.54491 11.45651 -59.08824 -23.54491 14 -59.08824 -23.54491 14 -54.75281 -31.00681 11.45651 -54.75282 -31.00681 14 -54.75281 -24.34098 14 -54.75281 -24.34098 11.45651 -54.75282 -24.34098 11.45651 -54.75282 -24.34098 14 -54.75281 -24.34098 14 -59.08824 -24.34098 11.45651 -59.08824 -24.34098 11.45651 -59.08824 -24.34098 14 -59.08824 -31.00681 14 -59.08824 -31.00681 11.45651 -59.08824 -31.00681 11.45651 -54.75282 -31.00681 11.45651 -59.08824 -31.00681 14 -59.08824 -31.00681 14 -54.75281 -38.46871 11.45651 -54.75282 -38.46871 14 -54.75281 -31.80288 14 -54.75281 -31.80289 11.45651 -54.75282 -31.80289 11.45651 -54.75282 -31.80288 14 -54.75281 -31.80288 14 -59.08824 -31.80289 11.45651 -59.08824 -31.80289 11.45651 -59.08824 -31.80288 14 -59.08824 -38.46871 14 -59.08824 -38.46871 11.45651 -59.08824 -38.46871 11.45651 -54.75282 -38.46871 11.45651 -59.08824 -38.46871 14 -59.08824 -38.46871 14 -54.75281 -9.417178 14 -54.75281 -9.417178 11.45651 -54.75282 -16.083 11.45651 -54.75282 -16.083 14 -54.75281 -16.083 14 -54.75281 -16.083 11.45651 -54.75282 -16.083 11.45651 -59.08824 -16.083 14 -59.08824 -16.083 14 -59.08824 -16.083 11.45651 -59.08824 -9.417178 11.45651 -59.08824 -9.417178 14 -59.08824 -9.417178 14 -59.08824 -9.417178 11.45651 -59.08824 -9.417178 11.45651 -54.75282 -9.417178 14 -54.75281 -50 11.45651 -7.619237 -47.97589 11.45651 -7.619237 -43.42132 11.45651 -7.619237 -50 11.45651 -7.619237 -50.89446 11.45651 -5.943206 -50.89446 14 -5.943206 -50 14 -7.619237 -50.89446 14 -5.943206 -50.89446 14 0 -50 14 0 -23.94294 11.45651 -43.28335 -23.94294 11.45651 -42.42792 -38.86675 14 -46.9696 -50.89446 11.45651 -44.59205 -50.89446 14 -44.59205 -11.25126 11.45651 -42.42792 -11.25126 14 -42.42792 -9.830224 14 -51.49558 -9.830224 11.45651 -51.49558 -24.75403 14 -50.06862 -24.75403 14 -48.44091 -23.94294 14 -46.9696 -38.05566 14 -48.44091 -38.05566 14 -50.06862 -38.86675 11.45651 -46.9696 -38.05566 11.45651 -48.44091 -24.75403 11.45651 -48.44091 -23.94294 11.45651 -46.9696 -24.75403 11.45651 -50.06862 -38.05566 11.45651 -50.06862 -38.05566 14 -43.87057 -38.05566 14 -45.49829 -24.75403 14 -45.49829 -24.75403 14 -43.87057 -24.75403 11.45651 -43.87057 -24.75403 11.45651 -45.49829 -38.05566 11.45651 -45.49829 -38.05566 11.45651 -43.87057 -9.830224 14 -48.44091 -23.13186 14 -48.44091 -23.13186 14 -50.06862 -9.830224 14 -50.06862 -23.13186 14 -43.87057 -23.13186 14 -45.49829 -9.830224 14 -45.49829 -9.830224 14 -43.87057 -9.830224 11.45651 -43.87057 -9.830224 11.45651 -45.49829 -9.019139 11.45651 -46.9696 -23.13186 11.45651 -45.49829 -23.13185 11.45651 -43.87057 -23.13186 11.45651 -50.06862 -23.13186 11.45651 -48.44091 -9.830225 11.45651 -48.44091 -9.830226 11.45651 -50.06862 -23.13186 14 -43.87057 -23.13185 11.45651 -43.87057 -23.13186 11.45651 -45.49829 -23.13186 14 -45.49829 -23.13186 14 -45.49829 -23.13186 11.45651 -45.49829 -9.830224 11.45651 -45.49829 -9.830224 14 -45.49829 -9.830224 14 -45.49829 -9.830224 11.45651 -45.49829 -9.830224 11.45651 -43.87057 -9.830224 14 -43.87057 -9.830224 14 -43.87057 -9.830224 11.45651 -43.87057 -23.13185 11.45651 -43.87057 -23.13186 14 -43.87057 -38.05566 14 -45.49829 -38.05566 11.45651 -45.49829 -24.75403 11.45651 -45.49829 -24.75403 14 -45.49829 -24.75403 14 -45.49829 -24.75403 11.45651 -45.49829 -24.75403 11.45651 -43.87057 -24.75403 14 -43.87057 -24.75403 14 -43.87057 -24.75403 11.45651 -43.87057 -38.05566 11.45651 -43.87057 -38.05566 14 -43.87057 -38.05566 14 -43.87057 -38.05566 11.45651 -43.87057 -38.05566 11.45651 -45.49829 -38.05566 14 -45.49829 -24.75403 14 -48.44091 -24.75403 11.45651 -48.44091 -38.05566 11.45651 -48.44091 -38.05566 14 -48.44091 -38.05566 14 -48.44091 -38.05566 11.45651 -48.44091 -38.05566 11.45651 -50.06862 -38.05566 14 -50.06862 -38.05566 14 -50.06862 -38.05566 11.45651 -50.06862 -24.75403 11.45651 -50.06862 -24.75403 14 -50.06862 -24.75403 14 -50.06862 -24.75403 11.45651 -50.06862 -24.75403 11.45651 -48.44091 -24.75403 14 -48.44091 -23.13186 14 -48.44091 -23.13186 11.45651 -48.44091 -23.13186 11.45651 -50.06862 -23.13186 14 -50.06862 -23.13186 14 -50.06862 -23.13186 11.45651 -50.06862 -9.830226 11.45651 -50.06862 -9.830224 14 -50.06862 -9.830224 14 -50.06862 -9.830226 11.45651 -50.06862 -9.830225 11.45651 -48.44091 -9.830224 14 -48.44091 -9.830224 14 -48.44091 -9.830225 11.45651 -48.44091 -23.13186 11.45651 -48.44091 -23.13186 14 -48.44091 -7.705348 14 -61.2313 -9.019138 14 -60 -7.705348 14 -61.2313 -7.705348 11.45651 -61.2313 -9.019138 11.45651 -60 -50.89446 14 -51.96454 -50.89446 14 -48.2783 -39.8965 11.45651 -61.2313 -38.86675 11.45651 -60 -39.8965 14 -61.2313 -38.86675 14 -60 -39.8965 14 -61.2313 -44.2445 14 -61.2313 -50.89446 14 -55.14976 -50.89446 14 -44.59205 -50 14 -43.28336 -50.89446 14 -44.59205 -50.89446 11.45651 -44.59205 -50 11.45651 -43.28336 -46.89921 14 -59.63922 -49.03595 14 -61.2313 -50.89446 14 -59.37279 -49.05481 14 -58.01751 -49.03595 14 -61.2313 -49.04027 11.45651 -61.2313 -50.89446 11.45651 -59.37711 -50.89446 14 -59.37279 -49.03595 14 -61.2313 -49.04027 11.45651 -61.2313 -50.89446 11.45651 -59.37711 -50.89446 14 -59.37279 -50 14 7.619237 -50 11.45651 7.619237 -50 11.45651 12.71411 -50 14 12.71411 -50.89446 11.45651 5.943206 -50.89446 14 5.943206 -50.89446 14 48.2783 -50.89446 11.45651 48.2783 -50.89446 11.45651 51.96453 -50.89446 14 51.96454 -50 14 7.619237 -43.42132 14 7.619237 -43.42132 14 46.9696 -50 14 46.9696 -50 14 50.65585 -43.42132 14 50.65585 -23.94294 14 60 -23.94294 11.45651 60 -16.48104 11.45651 60 -16.48104 14 60 -38.86675 14 7.619237 -9.019138 14 7.619237 -9.019138 11.45651 7.619237 -38.86675 11.45651 7.619237 0 11.45651 61.2313 0 14 61.2313 -7.705348 14 61.2313 -7.705348 11.45651 61.2313 0 14 50.65585 0 14 46.9696 -9.019138 14 46.9696 -9.019138 14 50.65585 0 14 7.619237 0 11.45651 7.619237 0 11.45651 12.71411 -9.019138 11.45651 12.71411 -9.019138 14 12.71411 0 14 12.71411 -47.97589 11.45651 43.28336 -43.42132 11.45651 43.28335 -50 11.45651 43.28336 0 11.45651 38.18848 0 11.45651 43.28336 -9.019137 11.45651 43.28335 -9.019138 11.45651 38.18848 -50 14 38.18848 -50 11.45651 38.18848 -50 11.45651 43.28336 -50 14 43.28336 0 14 43.28336 0 14 38.18848 -9.019138 14 38.18848 -9.019138 14 43.28336 -50 14 33.09361 -50 11.45651 33.09361 -50 14 27.99874 -50 11.45651 27.99874 -50 14 22.90386 -50 11.45651 22.90386 -50 14 17.80899 -50 11.45651 17.80899 -11.25126 11.45651 11.85868 -11.25126 11.45651 8.474672 -11.25126 14 8.474672 -11.25126 14 11.85868 -36.63463 14 8.474672 -38.86675 11.45651 38.18848 -11.25126 11.45651 39.04392 -36.63463 11.45651 39.04392 -11.25126 11.45651 42.42792 -38.86675 14 38.18848 -36.63463 14 39.04392 -11.25126 14 39.04392 -11.25126 14 42.42792 -38.86675 11.45651 33.09361 -9.019138 11.45651 33.09361 -11.25126 11.45651 33.94904 -36.63463 11.45651 33.94904 -11.25126 11.45651 37.33305 -9.019138 14 33.09361 -38.86675 14 33.09361 -36.63463 14 33.94904 -11.25126 14 33.94904 -11.25126 14 37.33305 -38.86675 11.45651 27.99874 -9.019138 11.45651 27.99874 -11.25126 11.45651 28.85417 -36.63463 11.45651 28.85417 -11.25126 11.45651 32.23817 -9.019138 14 27.99874 -38.86675 14 27.99874 -36.63463 14 28.85417 -11.25126 14 28.85417 -11.25126 14 32.23817 -38.86675 11.45651 22.90386 -9.019138 11.45651 22.90386 -11.25126 11.45651 23.7593 -36.63463 11.45651 23.7593 -11.25126 11.45651 27.1433 -9.019138 14 22.90386 -38.86675 14 22.90386 -36.63463 14 23.7593 -11.25126 14 23.7593 -11.25126 14 27.1433 -38.86675 11.45651 17.80899 -9.019138 11.45651 17.80899 -11.25126 11.45651 18.66442 -36.63463 11.45651 18.66442 -11.25126 11.45651 22.04843 -9.019138 14 17.80899 -38.86675 14 17.80899 -36.63463 14 18.66442 -11.25126 14 18.66442 -11.25126 14 22.04843 -38.86675 11.45651 12.71411 -11.25126 11.45651 13.56954 -36.63463 11.45651 13.56954 -11.25126 11.45651 16.95355 -38.86675 14 12.71411 -36.63463 14 13.56954 -11.25126 14 13.56954 -11.25126 14 16.95355 -47.97589 11.45651 38.18848 -47.97589 11.45651 43.28336 -50 11.45651 43.28336 -50 11.45651 38.18848 -47.97589 11.45651 33.09361 -50 11.45651 33.09361 -47.97589 11.45651 27.99873 -50 11.45651 27.99874 -47.97589 11.45651 22.90386 -50 11.45651 22.90386 -47.97589 11.45651 17.80899 -50 11.45651 17.80899 -47.97589 11.45651 12.71411 -50 11.45651 12.71411 -47.97589 11.45651 7.619237 -50 11.45651 7.619237 -44.2445 11.45651 61.2313 -39.8965 11.45651 61.2313 -44.2445 14 61.2313 -39.8965 14 61.2313 -43.42132 11.45651 7.619237 -43.42132 11.45651 12.71411 -43.78393 11.45651 12.71411 -43.78393 11.45651 7.930092 -45.49287 11.45651 7.930092 -45.49287 11.45651 12.71411 -50 14 12.71411 -45.49287 14 12.71411 -45.49287 14 7.930092 -43.42132 14 12.71411 -43.78393 14 7.930092 -43.78393 14 12.71411 -43.42132 11.45651 38.18848 -43.42132 11.45651 43.28335 -43.78393 11.45651 42.9725 -43.78393 11.45651 38.18848 -45.49287 11.45651 42.9725 -45.49287 11.45651 38.18848 -50 14 38.18848 -50 14 43.28336 -45.49287 14 42.9725 -45.49287 14 38.18848 -43.42132 14 43.28335 -43.78393 14 42.9725 -43.42132 14 38.18848 -43.78393 14 38.18848 -43.42132 11.45651 33.09361 -43.78393 11.45651 33.40446 -45.49287 11.45651 33.40446 -50 14 33.09361 -45.49287 14 33.40446 -43.42132 14 33.09361 -43.78393 14 33.40446 -43.42132 11.45651 27.99873 -43.78393 11.45651 32.78275 -43.78393 11.45651 27.99873 -45.49287 11.45651 32.78275 -45.49287 11.45651 27.99873 -50 14 27.99874 -45.49287 14 32.78275 -45.49287 14 27.99873 -43.78393 14 32.78275 -43.42132 14 27.99874 -43.78393 14 27.99873 -43.42132 11.45651 22.90386 -43.78393 11.45651 23.21472 -45.49287 11.45651 23.21472 -50 14 22.90386 -45.49287 14 23.21472 -43.42132 14 22.90386 -43.78393 14 23.21472 -43.42132 11.45651 17.80899 -43.78393 11.45651 22.59301 -43.78393 11.45651 18.11985 -45.49287 11.45651 22.59301 -45.49287 11.45651 18.11985 -50 14 17.80899 -45.49287 14 22.59301 -45.49287 14 18.11985 -43.78393 14 22.59301 -43.42132 14 17.80899 -43.78393 14 18.11985 -43.78393 11.45651 17.49813 -45.49287 11.45651 17.49813 -45.49287 14 17.49813 -43.78393 14 17.49813 -41.34977 11.45651 12.71411 -41.34977 11.45651 7.930092 -43.05871 11.45651 7.930092 -43.05871 11.45651 12.71411 -41.34977 11.45651 17.49813 -43.05871 11.45651 17.49813 -41.34977 11.45651 22.59301 -41.34977 11.45651 18.11985 -43.05871 11.45651 22.59301 -43.05871 11.45651 18.11985 -41.34977 11.45651 27.99873 -41.34977 11.45651 23.21472 -43.05871 11.45651 23.21472 -43.05871 11.45651 27.99873 -41.34977 11.45651 32.78275 -43.05871 11.45651 32.78275 -41.34977 11.45651 38.18848 -41.34977 11.45651 33.40446 -43.05871 11.45651 33.40446 -43.05871 11.45651 38.18848 -38.86674 11.45651 43.28335 -41.34977 11.45651 42.9725 -43.05871 11.45651 42.9725 -43.05871 14 42.9725 -43.05871 14 38.18848 -38.86675 14 43.28335 -41.34977 14 42.9725 -41.34977 14 38.18848 -43.05871 14 33.40446 -41.34977 14 33.40446 -43.05871 14 32.78275 -43.05871 14 27.99873 -41.34977 14 32.78275 -41.34977 14 27.99873 -43.05871 14 23.21472 -41.34977 14 23.21472 -43.05871 14 22.59301 -43.05871 14 18.11985 -41.34977 14 22.59301 -41.34977 14 18.11985 -43.05871 14 17.49813 -43.05871 14 12.71411 -41.34977 14 17.49813 -41.34977 14 12.71411 -43.05871 14 7.930092 -41.34977 14 7.930092 -36.63463 11.45651 8.474672 -36.63463 11.45651 11.85868 -36.63463 14 11.85868 -36.63463 11.45651 42.42792 -38.86675 14 43.28335 -36.63463 14 42.42792 -23.94294 14 43.28335 -23.94294 14 42.42792 -36.63463 11.45651 37.33305 -36.63463 14 37.33305 -36.63463 11.45651 32.23817 -36.63463 14 32.23817 -36.63463 11.45651 27.1433 -36.63463 14 27.1433 -36.63463 11.45651 22.04843 -36.63463 14 22.04843 -36.63463 11.45651 16.95355 -36.63463 14 16.95355 -45.49287 11.45651 7.930092 -43.78393 11.45651 7.930092 -43.78393 14 7.930092 -45.49287 14 7.930092 -45.49287 11.45651 7.930092 -45.49287 14 7.930092 -45.49287 14 12.71411 -45.49287 11.45651 12.71411 -43.78393 11.45651 12.71411 -43.78393 14 12.71411 -43.78393 14 7.930092 -43.78393 11.45651 7.930092 -45.49287 11.45651 38.18848 -45.49287 14 38.18848 -45.49287 14 42.9725 -45.49287 11.45651 42.9725 -45.49287 11.45651 42.9725 -45.49287 14 42.9725 -43.78393 14 42.9725 -43.78393 11.45651 42.9725 -43.78393 11.45651 42.9725 -43.78393 14 42.9725 -43.78393 14 38.18848 -43.78393 11.45651 38.18848 -45.49287 11.45651 33.40446 -43.78393 11.45651 33.40446 -43.78393 14 33.40446 -45.49287 14 33.40446 -45.49287 11.45651 33.40446 -45.49287 14 33.40446 -43.78393 14 33.40446 -43.78393 11.45651 33.40446 -45.49287 11.45651 27.99873 -45.49287 14 27.99873 -45.49287 14 32.78275 -45.49287 11.45651 32.78275 -45.49287 11.45651 32.78275 -45.49287 14 32.78275 -43.78393 14 32.78275 -43.78393 11.45651 32.78275 -43.78393 11.45651 32.78275 -43.78393 14 32.78275 -43.78393 14 27.99873 -43.78393 11.45651 27.99873 -45.49287 11.45651 23.21472 -43.78393 11.45651 23.21472 -43.78393 14 23.21472 -45.49287 14 23.21472 -45.49287 11.45651 23.21472 -45.49287 14 23.21472 -43.78393 14 23.21472 -43.78393 11.45651 23.21472 -45.49287 11.45651 18.11985 -43.78393 11.45651 18.11985 -43.78393 14 18.11985 -45.49287 14 18.11985 -45.49287 11.45651 18.11985 -45.49287 14 18.11985 -45.49287 14 22.59301 -45.49287 11.45651 22.59301 -45.49287 11.45651 22.59301 -45.49287 14 22.59301 -43.78393 14 22.59301 -43.78393 11.45651 22.59301 -43.78393 11.45651 22.59301 -43.78393 14 22.59301 -43.78393 14 18.11985 -43.78393 11.45651 18.11985 -45.49287 14 17.49813 -45.49287 11.45651 17.49813 -45.49287 11.45651 17.49813 -45.49287 14 17.49813 -43.78393 14 17.49813 -43.78393 11.45651 17.49813 -43.78393 11.45651 17.49813 -43.78393 14 17.49813 -41.34977 11.45651 7.930092 -41.34977 11.45651 12.71411 -41.34977 14 12.71411 -41.34977 14 7.930092 -43.05871 11.45651 12.71411 -43.05871 11.45651 7.930092 -43.05871 14 7.930092 -43.05871 14 12.71411 -43.05871 11.45651 7.930092 -41.34977 11.45651 7.930092 -41.34977 14 7.930092 -43.05871 14 7.930092 -41.34977 11.45651 17.49813 -41.34977 14 17.49813 -43.05871 11.45651 17.49813 -43.05871 14 17.49813 -41.34977 11.45651 18.11985 -41.34977 11.45651 22.59301 -41.34977 14 22.59301 -41.34977 14 18.11985 -43.05871 11.45651 22.59301 -43.05871 11.45651 18.11985 -43.05871 14 18.11985 -43.05871 14 22.59301 -43.05871 11.45651 18.11985 -41.34977 11.45651 18.11985 -41.34977 14 18.11985 -43.05871 14 18.11985 -41.34977 11.45651 23.21472 -41.34977 11.45651 27.99873 -41.34977 14 27.99873 -41.34977 14 23.21472 -43.05871 11.45651 27.99873 -43.05871 11.45651 23.21472 -43.05871 14 23.21472 -43.05871 14 27.99873 -43.05871 11.45651 23.21472 -41.34977 11.45651 23.21472 -41.34977 14 23.21472 -43.05871 14 23.21472 -41.34977 11.45651 32.78275 -41.34977 14 32.78275 -43.05871 11.45651 32.78275 -43.05871 14 32.78275 -41.34977 11.45651 33.40446 -41.34977 11.45651 38.18848 -41.34977 14 38.18848 -41.34977 14 33.40446 -43.05871 11.45651 38.18848 -43.05871 11.45651 33.40446 -43.05871 14 33.40446 -43.05871 14 38.18848 -43.05871 11.45651 33.40446 -41.34977 11.45651 33.40446 -41.34977 14 33.40446 -43.05871 14 33.40446 -41.34977 11.45651 42.9725 -41.34977 14 42.9725 -43.05871 11.45651 42.9725 -43.05871 14 42.9725 -43.05871 11.45651 42.9725 -43.05871 14 42.9725 -41.34977 14 42.9725 -41.34977 11.45651 42.9725 -43.05871 11.45651 32.78275 -43.05871 14 32.78275 -41.34977 14 32.78275 -41.34977 11.45651 32.78275 -43.05871 11.45651 22.59301 -43.05871 14 22.59301 -41.34977 14 22.59301 -41.34977 11.45651 22.59301 -43.05871 11.45651 17.49813 -43.05871 14 17.49813 -41.34977 14 17.49813 -41.34977 11.45651 17.49813 -11.25126 11.45651 8.474672 -11.25126 11.45651 11.85868 -11.25126 14 11.85868 -11.25126 14 8.474672 -36.63463 11.45651 8.474672 -36.63463 14 8.474672 -36.63463 14 11.85868 -36.63463 11.45651 11.85868 -36.63463 11.45651 11.85868 -36.63463 14 11.85868 -11.25126 14 11.85868 -11.25126 11.45651 11.85868 -11.25126 11.45651 8.474672 -11.25126 14 8.474672 -36.63463 14 8.474672 -36.63463 11.45651 8.474672 -36.63463 11.45651 39.04392 -11.25126 11.45651 39.04392 -11.25126 14 39.04392 -36.63463 14 39.04392 -11.25126 11.45651 39.04392 -11.25126 11.45651 42.42792 -11.25126 14 42.42792 -11.25126 14 39.04392 -36.63463 11.45651 39.04392 -36.63463 14 39.04392 -36.63463 14 42.42792 -36.63463 11.45651 42.42792 -23.94294 14 42.42792 -23.94294 11.45651 42.42792 -36.63463 11.45651 42.42792 -36.63463 14 42.42792 -36.63463 11.45651 33.94904 -11.25126 11.45651 33.94904 -11.25126 14 33.94904 -36.63463 14 33.94904 -11.25126 11.45651 33.94904 -11.25126 11.45651 37.33305 -11.25126 14 37.33305 -11.25126 14 33.94904 -36.63463 11.45651 33.94904 -36.63463 14 33.94904 -36.63463 14 37.33305 -36.63463 11.45651 37.33305 -36.63463 11.45651 37.33305 -36.63463 14 37.33305 -11.25126 14 37.33305 -11.25126 11.45651 37.33305 -36.63463 11.45651 28.85417 -11.25126 11.45651 28.85417 -11.25126 14 28.85417 -36.63463 14 28.85417 -11.25126 11.45651 28.85417 -11.25126 11.45651 32.23817 -11.25126 14 32.23817 -11.25126 14 28.85417 -36.63463 11.45651 28.85417 -36.63463 14 28.85417 -36.63463 14 32.23817 -36.63463 11.45651 32.23817 -36.63463 11.45651 32.23817 -36.63463 14 32.23817 -11.25126 14 32.23817 -11.25126 11.45651 32.23817 -36.63463 11.45651 23.7593 -11.25126 11.45651 23.7593 -11.25126 14 23.7593 -36.63463 14 23.7593 -11.25126 11.45651 23.7593 -11.25126 11.45651 27.1433 -11.25126 14 27.1433 -11.25126 14 23.7593 -36.63463 11.45651 23.7593 -36.63463 14 23.7593 -36.63463 14 27.1433 -36.63463 11.45651 27.1433 -36.63463 11.45651 27.1433 -36.63463 14 27.1433 -11.25126 14 27.1433 -11.25126 11.45651 27.1433 -36.63463 11.45651 18.66442 -11.25126 11.45651 18.66442 -11.25126 14 18.66442 -36.63463 14 18.66442 -11.25126 11.45651 18.66442 -11.25126 11.45651 22.04843 -11.25126 14 22.04843 -11.25126 14 18.66442 -36.63463 11.45651 18.66442 -36.63463 14 18.66442 -36.63463 14 22.04843 -36.63463 11.45651 22.04843 -36.63463 11.45651 22.04843 -36.63463 14 22.04843 -11.25126 14 22.04843 -11.25126 11.45651 22.04843 -36.63463 11.45651 13.56954 -11.25126 11.45651 13.56954 -11.25126 14 13.56954 -36.63463 14 13.56954 -11.25126 11.45651 13.56954 -11.25126 11.45651 16.95355 -11.25126 14 16.95355 -11.25126 14 13.56954 -36.63463 11.45651 13.56954 -36.63463 14 13.56954 -36.63463 14 16.95355 -36.63463 11.45651 16.95355 -36.63463 11.45651 16.95355 -36.63463 14 16.95355 -11.25126 14 16.95355 -11.25126 11.45651 16.95355 -50.89446 11.45651 55.14975 -50.89446 14 55.14976 -50 14 53.84106 -43.42132 14 53.84106 -38.86675 14 50.65585 -38.86675 14 53.84106 -9.019138 14 53.84106 0 14 53.84106 -43.42132 14 60 -38.86675 14 60 0 14 60 -9.019138 14 60 -31.40485 14 60 -31.40485 11.45651 60 -38.86675 14 60 -38.86675 11.45651 60 -9.019138 11.45651 60 -9.019138 14 60 -16.48104 11.45651 53.84106 -23.94294 11.45651 53.84106 -23.94294 11.45651 53.00133 -16.48104 11.45651 53.00133 -23.94294 14 53.84106 -16.48104 14 53.84106 -16.48104 14 53.00133 -23.94294 14 53.00133 -31.40485 11.45651 53.84106 -31.40485 11.45651 53.00133 -31.40485 14 53.84106 -31.40485 14 53.00133 -38.86675 11.45651 53.84106 -38.05566 11.45651 53.00133 -38.86675 11.45651 50.65585 -38.05566 11.45651 51.49558 -23.94294 11.45651 50.65585 -23.94294 11.45651 51.49558 -38.05566 14 53.00133 -38.05566 14 51.49557 -23.94294 14 51.49557 -23.94294 14 50.65585 -9.830224 14 53.00133 -9.830224 14 51.49558 -9.019138 11.45651 53.84106 -9.830224 11.45651 53.00133 -9.019141 11.45651 50.65585 -9.830224 11.45651 51.49558 -23.94294 11.45651 60 -23.54491 11.45651 54.75282 -23.54491 11.45651 59.08824 -16.87908 11.45651 54.75282 -16.48104 11.45651 60 -16.87908 11.45651 59.08824 -16.48104 14 60 -16.87908 14 54.75281 -16.87908 14 59.08824 -23.54491 14 54.75281 -23.94294 14 60 -23.54491 14 59.08824 -31.40485 11.45651 60 -31.00681 11.45651 54.75282 -31.00681 11.45651 59.08824 -24.34098 11.45651 54.75282 -24.34098 11.45651 59.08824 -24.34098 14 54.75281 -24.34098 14 59.08824 -31.00681 14 54.75281 -31.40485 14 60 -31.00681 14 59.08824 -38.86675 11.45651 60 -38.46871 11.45651 54.75282 -38.46871 11.45651 59.08824 -31.80289 11.45651 54.75282 -31.80289 11.45651 59.08824 -31.80288 14 54.75281 -31.80288 14 59.08824 -38.46871 14 54.75281 -38.46871 14 59.08824 -16.083 14 54.75281 -9.417178 14 54.75281 -16.083 14 59.08824 -9.417178 14 59.08824 -16.083 11.45651 54.75282 -16.083 11.45651 59.08824 -9.417178 11.45651 54.75282 -9.019138 11.45651 60 -9.417178 11.45651 59.08824 0 11.45651 33.09361 -2.220999 11.45651 37.33305 -2.220999 11.45651 33.94904 -5.037376 11.45651 37.33305 -5.037376 11.45651 33.94904 -2.220999 14 37.33305 -5.037376 14 37.33305 0 14 33.09361 -2.220999 14 33.94904 -5.037376 14 33.94904 0 11.45651 27.99874 -2.220999 11.45651 32.23817 -2.220999 11.45651 28.85417 -5.037376 11.45651 32.23817 -5.037376 11.45651 28.85417 -2.220999 14 32.23817 -5.037376 14 32.23817 0 14 27.99874 -2.220999 14 28.85417 -5.037376 14 28.85417 0 11.45651 22.90386 -2.220999 11.45651 27.1433 -2.220999 11.45651 23.7593 -5.037376 11.45651 27.1433 -5.037376 11.45651 23.7593 -2.220999 14 27.1433 -5.037376 14 27.1433 0 14 22.90386 -2.220999 14 23.7593 -5.037376 14 23.7593 0 11.45651 17.80899 -2.220999 11.45651 22.04843 -2.220999 11.45651 18.66442 -5.037376 11.45651 22.04843 -5.037376 11.45651 18.66442 -2.220999 14 22.04843 -5.037376 14 22.04843 0 14 17.80899 -2.220999 14 18.66442 -5.037376 14 18.66442 -2.220999 11.45651 16.95355 -2.220999 11.45651 13.56954 -5.037376 11.45651 16.95355 -5.037376 11.45651 13.56954 -2.220999 14 16.95355 -5.037376 14 16.95355 -2.220999 14 13.56954 -5.037376 14 13.56954 -5.037376 11.45651 33.94904 -2.220999 11.45651 33.94904 -2.220999 14 33.94904 -5.037376 14 33.94904 -5.037376 11.45651 37.33305 -5.037376 14 37.33305 -2.220999 14 37.33305 -2.220999 11.45651 37.33305 -2.220999 11.45651 37.33305 -2.220999 14 37.33305 -2.220999 14 33.94904 -2.220999 11.45651 33.94904 -5.037376 11.45651 33.94904 -5.037376 14 33.94904 -5.037376 14 37.33305 -5.037376 11.45651 37.33305 -5.037376 11.45651 28.85417 -2.220999 11.45651 28.85417 -2.220999 14 28.85417 -5.037376 14 28.85417 -5.037376 11.45651 32.23817 -5.037376 14 32.23817 -2.220999 14 32.23817 -2.220999 11.45651 32.23817 -2.220999 11.45651 32.23817 -2.220999 14 32.23817 -2.220999 14 28.85417 -2.220999 11.45651 28.85417 -5.037376 11.45651 28.85417 -5.037376 14 28.85417 -5.037376 14 32.23817 -5.037376 11.45651 32.23817 -5.037376 11.45651 23.7593 -2.220999 11.45651 23.7593 -2.220999 14 23.7593 -5.037376 14 23.7593 -5.037376 11.45651 27.1433 -5.037376 14 27.1433 -2.220999 14 27.1433 -2.220999 11.45651 27.1433 -2.220999 11.45651 27.1433 -2.220999 14 27.1433 -2.220999 14 23.7593 -2.220999 11.45651 23.7593 -5.037376 11.45651 23.7593 -5.037376 14 23.7593 -5.037376 14 27.1433 -5.037376 11.45651 27.1433 -5.037376 11.45651 18.66442 -2.220999 11.45651 18.66442 -2.220999 14 18.66442 -5.037376 14 18.66442 -5.037376 11.45651 22.04843 -5.037376 14 22.04843 -2.220999 14 22.04843 -2.220999 11.45651 22.04843 -2.220999 11.45651 22.04843 -2.220999 14 22.04843 -2.220999 14 18.66442 -2.220999 11.45651 18.66442 -5.037376 11.45651 18.66442 -5.037376 14 18.66442 -5.037376 14 22.04843 -5.037376 11.45651 22.04843 -5.037376 11.45651 13.56954 -2.220999 11.45651 13.56954 -2.220999 14 13.56954 -5.037376 14 13.56954 -5.037376 11.45651 16.95355 -5.037376 14 16.95355 -2.220999 14 16.95355 -2.220999 11.45651 16.95355 -2.220999 11.45651 16.95355 -2.220999 14 16.95355 -2.220999 14 13.56954 -2.220999 11.45651 13.56954 -5.037376 11.45651 13.56954 -5.037376 14 13.56954 -5.037376 14 16.95355 -5.037376 11.45651 16.95355 -23.94294 11.45651 53.00133 -23.94294 14 53.00133 -16.48104 14 53.00133 -16.48104 11.45651 53.00133 -31.40485 11.45651 53.00133 -31.40485 14 53.00133 -38.05566 11.45651 51.49558 -38.05566 14 51.49557 -38.05566 14 53.00133 -38.05566 11.45651 53.00133 -38.05566 11.45651 53.00133 -38.05566 14 53.00133 -9.830224 14 53.00133 -9.830224 14 51.49558 -9.830224 11.45651 51.49558 -9.830224 11.45651 53.00133 -9.830224 14 53.00133 -9.830224 11.45651 53.00133 -38.05566 11.45651 51.49558 -23.94294 11.45651 51.49558 -23.94294 14 51.49557 -38.05566 14 51.49557 -23.54491 11.45651 54.75282 -16.87908 11.45651 54.75282 -16.87908 14 54.75281 -23.54491 14 54.75281 -16.87908 11.45651 59.08824 -23.54491 11.45651 59.08824 -23.54491 14 59.08824 -16.87908 14 59.08824 -16.87908 11.45651 59.08824 -16.87908 14 59.08824 -16.87908 14 54.75281 -16.87908 11.45651 54.75282 -23.54491 11.45651 54.75282 -23.54491 14 54.75281 -23.54491 14 59.08824 -23.54491 11.45651 59.08824 -31.00681 11.45651 54.75282 -24.34098 11.45651 54.75282 -24.34098 14 54.75281 -31.00681 14 54.75281 -24.34098 11.45651 54.75282 -24.34098 11.45651 59.08824 -24.34098 14 59.08824 -24.34098 14 54.75281 -24.34098 11.45651 59.08824 -31.00681 11.45651 59.08824 -31.00681 14 59.08824 -24.34098 14 59.08824 -31.00681 11.45651 54.75282 -31.00681 14 54.75281 -31.00681 14 59.08824 -31.00681 11.45651 59.08824 -38.46871 11.45651 54.75282 -31.80289 11.45651 54.75282 -31.80288 14 54.75281 -38.46871 14 54.75281 -31.80289 11.45651 54.75282 -31.80289 11.45651 59.08824 -31.80288 14 59.08824 -31.80288 14 54.75281 -31.80289 11.45651 59.08824 -38.46871 11.45651 59.08824 -38.46871 14 59.08824 -31.80288 14 59.08824 -38.46871 11.45651 54.75282 -38.46871 14 54.75281 -38.46871 14 59.08824 -38.46871 11.45651 59.08824 -9.417178 14 54.75281 -16.083 14 54.75281 -16.083 11.45651 54.75282 -9.417178 11.45651 54.75282 -16.083 14 54.75281 -16.083 14 59.08824 -16.083 11.45651 59.08824 -16.083 11.45651 54.75282 -16.083 14 59.08824 -9.417178 14 59.08824 -9.417178 11.45651 59.08824 -16.083 11.45651 59.08824 -9.417178 14 59.08824 -9.417178 14 54.75281 -9.417178 11.45651 54.75282 -9.417178 11.45651 59.08824 -50 11.45651 7.619237 -50 14 7.619237 -50.89446 14 5.943206 -50.89446 11.45651 5.943206 -50.89446 14 5.943206 -23.94294 11.45651 42.42792 -23.94294 11.45651 43.28335 -38.86675 14 46.9696 -50.89446 11.45651 44.59205 -50.89446 14 44.59205 -11.25126 11.45651 42.42792 -11.25126 14 42.42792 -9.830224 11.45651 51.49558 -9.830224 14 51.49558 -23.94294 14 46.9696 -24.75403 14 48.44091 -24.75403 14 50.06862 -38.05566 14 48.44091 -38.05566 14 50.06862 -38.86675 11.45651 46.9696 -23.94294 11.45651 46.9696 -24.75403 11.45651 48.44091 -38.05566 11.45651 48.44091 -24.75403 11.45651 50.06862 -38.05566 11.45651 50.06862 -38.05566 14 45.49829 -38.05566 14 43.87057 -24.75403 14 45.49829 -24.75403 14 43.87057 -24.75403 11.45651 45.49829 -24.75403 11.45651 43.87057 -38.05566 11.45651 45.49829 -38.05566 11.45651 43.87057 -23.13186 14 48.44091 -9.830224 14 48.44091 -23.13186 14 50.06862 -9.830224 14 50.06862 -23.13186 14 45.49829 -23.13186 14 43.87057 -9.830224 14 45.49829 -9.830224 14 43.87057 -9.019139 11.45651 46.9696 -9.830224 11.45651 45.49829 -9.830224 11.45651 43.87057 -23.13186 11.45651 45.49829 -23.13185 11.45651 43.87057 -23.13186 11.45651 48.44091 -23.13186 11.45651 50.06862 -9.830225 11.45651 48.44091 -9.830226 11.45651 50.06862 -23.13186 14 43.87057 -23.13186 14 45.49829 -23.13186 11.45651 45.49829 -23.13185 11.45651 43.87057 -23.13186 14 45.49829 -9.830224 14 45.49829 -9.830224 11.45651 45.49829 -23.13186 11.45651 45.49829 -9.830224 14 45.49829 -9.830224 14 43.87057 -9.830224 11.45651 43.87057 -9.830224 11.45651 45.49829 -9.830224 14 43.87057 -23.13186 14 43.87057 -23.13185 11.45651 43.87057 -9.830224 11.45651 43.87057 -38.05566 14 45.49829 -24.75403 14 45.49829 -24.75403 11.45651 45.49829 -38.05566 11.45651 45.49829 -24.75403 14 45.49829 -24.75403 14 43.87057 -24.75403 11.45651 43.87057 -24.75403 11.45651 45.49829 -24.75403 14 43.87057 -38.05566 14 43.87057 -38.05566 11.45651 43.87057 -24.75403 11.45651 43.87057 -38.05566 14 43.87057 -38.05566 14 45.49829 -38.05566 11.45651 45.49829 -38.05566 11.45651 43.87057 -24.75403 14 48.44091 -38.05566 14 48.44091 -38.05566 11.45651 48.44091 -24.75403 11.45651 48.44091 -38.05566 14 48.44091 -38.05566 14 50.06862 -38.05566 11.45651 50.06862 -38.05566 11.45651 48.44091 -38.05566 14 50.06862 -24.75403 14 50.06862 -24.75403 11.45651 50.06862 -38.05566 11.45651 50.06862 -24.75403 14 50.06862 -24.75403 14 48.44091 -24.75403 11.45651 48.44091 -24.75403 11.45651 50.06862 -23.13186 14 48.44091 -23.13186 14 50.06862 -23.13186 11.45651 50.06862 -23.13186 11.45651 48.44091 -23.13186 14 50.06862 -9.830224 14 50.06862 -9.830226 11.45651 50.06862 -23.13186 11.45651 50.06862 -9.830224 14 50.06862 -9.830224 14 48.44091 -9.830225 11.45651 48.44091 -9.830226 11.45651 50.06862 -9.830224 14 48.44091 -23.13186 14 48.44091 -23.13186 11.45651 48.44091 -9.830225 11.45651 48.44091 -7.705348 14 61.2313 0 14 61.2313 -9.019138 14 60 -9.019138 11.45651 60 -7.705348 11.45651 61.2313 -7.705348 14 61.2313 -50 14 46.9696 -50.89446 14 48.2783 -50.89446 14 51.96454 -38.86675 11.45651 60 -39.8965 11.45651 61.2313 -38.86675 14 60 -39.8965 14 61.2313 -44.2445 14 61.2313 -39.8965 14 61.2313 -50.89446 14 55.14976 -50 14 46.9696 -50.89446 14 44.59205 -50 14 43.28336 -50 11.45651 43.28336 -50.89446 11.45651 44.59205 -50.89446 14 44.59205 -46.89921 14 59.63922 -49.05481 14 58.01751 -50.89446 14 59.37279 -49.03595 14 61.2313 -49.03595 14 61.2313 -50.89446 14 59.37279 -50.89446 11.45651 59.37711 -49.04027 11.45651 61.2313 -49.03595 14 61.2313 -49.04027 11.45651 61.2313 -50.89446 11.45651 59.37711 -50.89446 14 59.37279 50 14 7.619237 50 14 12.71411 50 11.45651 12.71411 50 11.45651 7.619237 50.89446 14 5.943206 50.89446 11.45651 5.943206 50.89446 14 48.2783 50.89446 14 51.96454 50.89446 11.45651 51.96453 50.89446 11.45651 48.2783 43.42132 14 7.619237 50 14 7.619237 43.42132 14 46.9696 43.42132 14 50.65585 50 14 50.65585 50 14 46.9696 23.94294 14 60 16.48104 14 60 16.48104 11.45651 60 23.94294 11.45651 60 9.019138 14 7.619237 38.86675 14 7.619237 9.019138 11.45651 7.619237 38.86675 11.45651 7.619237 7.705348 11.45651 61.2313 7.705348 14 61.2313 9.019138 14 50.65585 9.019138 14 46.9696 9.019138 11.45651 12.71411 9.019138 14 12.71411 47.97589 11.45651 43.28336 50 11.45651 43.28336 43.42132 11.45651 43.28335 9.019138 11.45651 38.18848 9.019137 11.45651 43.28335 50 14 38.18848 50 14 43.28336 50 11.45651 43.28336 50 11.45651 38.18848 9.019138 14 43.28336 9.019138 14 38.18848 50 14 33.09361 50 11.45651 33.09361 50 14 27.99874 50 11.45651 27.99874 50 14 22.90386 50 11.45651 22.90386 50 14 17.80899 50 11.45651 17.80899 11.25126 11.45651 8.474672 11.25126 11.45651 11.85868 11.25126 14 11.85868 11.25126 14 8.474672 36.63463 14 8.474672 38.86675 11.45651 38.18848 36.63463 11.45651 39.04392 11.25126 11.45651 39.04392 11.25126 11.45651 42.42792 11.25126 14 39.04392 36.63463 14 39.04392 38.86675 14 38.18848 11.25126 14 42.42792 38.86675 11.45651 33.09361 36.63463 11.45651 33.94904 11.25126 11.45651 33.94904 9.019138 11.45651 33.09361 11.25126 11.45651 37.33305 9.019138 14 33.09361 11.25126 14 33.94904 36.63463 14 33.94904 38.86675 14 33.09361 11.25126 14 37.33305 38.86675 11.45651 27.99874 36.63463 11.45651 28.85417 11.25126 11.45651 28.85417 9.019138 11.45651 27.99874 11.25126 11.45651 32.23817 9.019138 14 27.99874 11.25126 14 28.85417 36.63463 14 28.85417 38.86675 14 27.99874 11.25126 14 32.23817 38.86675 11.45651 22.90386 36.63463 11.45651 23.7593 11.25126 11.45651 23.7593 9.019138 11.45651 22.90386 11.25126 11.45651 27.1433 9.019138 14 22.90386 11.25126 14 23.7593 36.63463 14 23.7593 38.86675 14 22.90386 11.25126 14 27.1433 38.86675 11.45651 17.80899 36.63463 11.45651 18.66442 11.25126 11.45651 18.66442 9.019138 11.45651 17.80899 11.25126 11.45651 22.04843 9.019138 14 17.80899 11.25126 14 18.66442 36.63463 14 18.66442 38.86675 14 17.80899 11.25126 14 22.04843 38.86675 11.45651 12.71411 36.63463 11.45651 13.56954 11.25126 11.45651 13.56954 11.25126 11.45651 16.95355 11.25126 14 13.56954 36.63463 14 13.56954 38.86675 14 12.71411 11.25126 14 16.95355 47.97589 11.45651 38.18848 50 11.45651 38.18848 50 11.45651 43.28336 47.97589 11.45651 43.28336 47.97589 11.45651 33.09361 50 11.45651 33.09361 47.97589 11.45651 27.99873 50 11.45651 27.99874 47.97589 11.45651 22.90386 50 11.45651 22.90386 47.97589 11.45651 17.80899 50 11.45651 17.80899 47.97589 11.45651 12.71411 50 11.45651 12.71411 47.97589 11.45651 7.619237 50 11.45651 7.619237 44.2445 11.45651 61.2313 39.8965 11.45651 61.2313 44.2445 14 61.2313 39.8965 14 61.2313 43.42132 11.45651 7.619237 43.78393 11.45651 7.930092 43.78393 11.45651 12.71411 43.42132 11.45651 12.71411 45.49287 11.45651 12.71411 45.49287 11.45651 7.930092 45.49287 14 7.930092 45.49287 14 12.71411 50 14 12.71411 43.42132 14 12.71411 43.78393 14 12.71411 43.78393 14 7.930092 43.42132 11.45651 38.18848 43.78393 11.45651 38.18848 43.78393 11.45651 42.9725 43.42132 11.45651 43.28335 45.49287 11.45651 42.9725 45.49287 11.45651 38.18848 50 14 38.18848 45.49287 14 38.18848 45.49287 14 42.9725 50 14 43.28336 43.78393 14 42.9725 43.42132 14 43.28335 43.78393 14 38.18848 43.42132 14 38.18848 43.42132 11.45651 33.09361 43.78393 11.45651 33.40446 45.49287 11.45651 33.40446 50 14 33.09361 45.49287 14 33.40446 43.78393 14 33.40446 43.42132 14 33.09361 43.42132 11.45651 27.99873 43.78393 11.45651 27.99873 43.78393 11.45651 32.78275 45.49287 11.45651 32.78275 45.49287 11.45651 27.99873 50 14 27.99874 45.49287 14 27.99873 45.49287 14 32.78275 43.78393 14 32.78275 43.78393 14 27.99873 43.42132 14 27.99874 43.42132 11.45651 22.90386 43.78393 11.45651 23.21472 45.49287 11.45651 23.21472 50 14 22.90386 45.49287 14 23.21472 43.78393 14 23.21472 43.42132 14 22.90386 43.42132 11.45651 17.80899 43.78393 11.45651 18.11985 43.78393 11.45651 22.59301 45.49287 11.45651 22.59301 45.49287 11.45651 18.11985 50 14 17.80899 45.49287 14 18.11985 45.49287 14 22.59301 43.78393 14 22.59301 43.78393 14 18.11985 43.42132 14 17.80899 43.78393 11.45651 17.49813 45.49287 11.45651 17.49813 45.49287 14 17.49813 43.78393 14 17.49813 41.34977 11.45651 7.930092 41.34977 11.45651 12.71411 43.05871 11.45651 12.71411 43.05871 11.45651 7.930092 41.34977 11.45651 17.49813 43.05871 11.45651 17.49813 41.34977 11.45651 18.11985 41.34977 11.45651 22.59301 43.05871 11.45651 22.59301 43.05871 11.45651 18.11985 41.34977 11.45651 23.21472 41.34977 11.45651 27.99873 43.05871 11.45651 27.99873 43.05871 11.45651 23.21472 41.34977 11.45651 32.78275 43.05871 11.45651 32.78275 41.34977 11.45651 33.40446 41.34977 11.45651 38.18848 43.05871 11.45651 38.18848 43.05871 11.45651 33.40446 41.34977 11.45651 42.9725 38.86674 11.45651 43.28335 43.05871 11.45651 42.9725 43.05871 14 38.18848 43.05871 14 42.9725 41.34977 14 42.9725 38.86675 14 43.28335 41.34977 14 38.18848 43.05871 14 33.40446 41.34977 14 33.40446 43.05871 14 27.99873 43.05871 14 32.78275 41.34977 14 32.78275 41.34977 14 27.99873 43.05871 14 23.21472 41.34977 14 23.21472 43.05871 14 18.11985 43.05871 14 22.59301 41.34977 14 22.59301 41.34977 14 18.11985 43.05871 14 12.71411 43.05871 14 17.49813 41.34977 14 17.49813 41.34977 14 12.71411 43.05871 14 7.930092 41.34977 14 7.930092 36.63463 11.45651 11.85868 36.63463 11.45651 8.474672 36.63463 14 11.85868 36.63463 11.45651 42.42792 36.63463 14 42.42792 23.94294 14 42.42792 23.94294 14 43.28335 36.63463 11.45651 37.33305 36.63463 14 37.33305 36.63463 11.45651 32.23817 36.63463 14 32.23817 36.63463 11.45651 27.1433 36.63463 14 27.1433 36.63463 11.45651 22.04843 36.63463 14 22.04843 36.63463 11.45651 16.95355 36.63463 14 16.95355 45.49287 11.45651 7.930092 45.49287 14 7.930092 43.78393 14 7.930092 43.78393 11.45651 7.930092 45.49287 11.45651 7.930092 45.49287 11.45651 12.71411 45.49287 14 12.71411 45.49287 14 7.930092 43.78393 11.45651 12.71411 43.78393 11.45651 7.930092 43.78393 14 7.930092 43.78393 14 12.71411 45.49287 11.45651 38.18848 45.49287 11.45651 42.9725 45.49287 14 42.9725 45.49287 14 38.18848 45.49287 11.45651 42.9725 43.78393 11.45651 42.9725 43.78393 14 42.9725 45.49287 14 42.9725 43.78393 11.45651 42.9725 43.78393 11.45651 38.18848 43.78393 14 38.18848 43.78393 14 42.9725 45.49287 11.45651 33.40446 45.49287 14 33.40446 43.78393 14 33.40446 43.78393 11.45651 33.40446 45.49287 11.45651 33.40446 45.49287 14 33.40446 43.78393 11.45651 33.40446 43.78393 14 33.40446 45.49287 11.45651 27.99873 45.49287 11.45651 32.78275 45.49287 14 32.78275 45.49287 14 27.99873 45.49287 11.45651 32.78275 43.78393 11.45651 32.78275 43.78393 14 32.78275 45.49287 14 32.78275 43.78393 11.45651 32.78275 43.78393 11.45651 27.99873 43.78393 14 27.99873 43.78393 14 32.78275 45.49287 11.45651 23.21472 45.49287 14 23.21472 43.78393 14 23.21472 43.78393 11.45651 23.21472 45.49287 11.45651 23.21472 45.49287 14 23.21472 43.78393 11.45651 23.21472 43.78393 14 23.21472 45.49287 11.45651 18.11985 45.49287 14 18.11985 43.78393 14 18.11985 43.78393 11.45651 18.11985 45.49287 11.45651 18.11985 45.49287 11.45651 22.59301 45.49287 14 22.59301 45.49287 14 18.11985 45.49287 11.45651 22.59301 43.78393 11.45651 22.59301 43.78393 14 22.59301 45.49287 14 22.59301 43.78393 11.45651 22.59301 43.78393 11.45651 18.11985 43.78393 14 18.11985 43.78393 14 22.59301 45.49287 11.45651 17.49813 45.49287 14 17.49813 45.49287 11.45651 17.49813 43.78393 11.45651 17.49813 43.78393 14 17.49813 45.49287 14 17.49813 43.78393 11.45651 17.49813 43.78393 14 17.49813 41.34977 11.45651 7.930092 41.34977 14 7.930092 41.34977 14 12.71411 41.34977 11.45651 12.71411 43.05871 11.45651 12.71411 43.05871 14 12.71411 43.05871 14 7.930092 43.05871 11.45651 7.930092 43.05871 11.45651 7.930092 43.05871 14 7.930092 41.34977 14 7.930092 41.34977 11.45651 7.930092 41.34977 14 17.49813 41.34977 11.45651 17.49813 43.05871 11.45651 17.49813 43.05871 14 17.49813 41.34977 11.45651 18.11985 41.34977 14 18.11985 41.34977 14 22.59301 41.34977 11.45651 22.59301 43.05871 11.45651 22.59301 43.05871 14 22.59301 43.05871 14 18.11985 43.05871 11.45651 18.11985 43.05871 11.45651 18.11985 43.05871 14 18.11985 41.34977 14 18.11985 41.34977 11.45651 18.11985 41.34977 11.45651 23.21472 41.34977 14 23.21472 41.34977 14 27.99873 41.34977 11.45651 27.99873 43.05871 11.45651 27.99873 43.05871 14 27.99873 43.05871 14 23.21472 43.05871 11.45651 23.21472 43.05871 11.45651 23.21472 43.05871 14 23.21472 41.34977 14 23.21472 41.34977 11.45651 23.21472 41.34977 14 32.78275 41.34977 11.45651 32.78275 43.05871 11.45651 32.78275 43.05871 14 32.78275 41.34977 11.45651 33.40446 41.34977 14 33.40446 41.34977 14 38.18848 41.34977 11.45651 38.18848 43.05871 11.45651 38.18848 43.05871 14 38.18848 43.05871 14 33.40446 43.05871 11.45651 33.40446 43.05871 11.45651 33.40446 43.05871 14 33.40446 41.34977 14 33.40446 41.34977 11.45651 33.40446 41.34977 14 42.9725 41.34977 11.45651 42.9725 43.05871 11.45651 42.9725 43.05871 14 42.9725 43.05871 11.45651 42.9725 41.34977 11.45651 42.9725 41.34977 14 42.9725 43.05871 14 42.9725 43.05871 11.45651 32.78275 41.34977 11.45651 32.78275 41.34977 14 32.78275 43.05871 14 32.78275 43.05871 11.45651 22.59301 41.34977 11.45651 22.59301 41.34977 14 22.59301 43.05871 14 22.59301 43.05871 11.45651 17.49813 41.34977 11.45651 17.49813 41.34977 14 17.49813 43.05871 14 17.49813 11.25126 11.45651 8.474672 11.25126 14 8.474672 11.25126 14 11.85868 11.25126 11.45651 11.85868 36.63463 11.45651 8.474672 36.63463 11.45651 11.85868 36.63463 14 11.85868 36.63463 14 8.474672 36.63463 11.45651 11.85868 11.25126 11.45651 11.85868 11.25126 14 11.85868 36.63463 14 11.85868 11.25126 11.45651 8.474672 36.63463 11.45651 8.474672 36.63463 14 8.474672 11.25126 14 8.474672 36.63463 11.45651 39.04392 36.63463 14 39.04392 11.25126 14 39.04392 11.25126 11.45651 39.04392 11.25126 11.45651 39.04392 11.25126 14 39.04392 11.25126 14 42.42792 11.25126 11.45651 42.42792 36.63463 11.45651 39.04392 36.63463 11.45651 42.42792 36.63463 14 42.42792 36.63463 14 39.04392 23.94294 14 42.42792 36.63463 14 42.42792 36.63463 11.45651 42.42792 23.94294 11.45651 42.42792 36.63463 11.45651 33.94904 36.63463 14 33.94904 11.25126 14 33.94904 11.25126 11.45651 33.94904 11.25126 11.45651 33.94904 11.25126 14 33.94904 11.25126 14 37.33305 11.25126 11.45651 37.33305 36.63463 11.45651 33.94904 36.63463 11.45651 37.33305 36.63463 14 37.33305 36.63463 14 33.94904 36.63463 11.45651 37.33305 11.25126 11.45651 37.33305 11.25126 14 37.33305 36.63463 14 37.33305 36.63463 11.45651 28.85417 36.63463 14 28.85417 11.25126 14 28.85417 11.25126 11.45651 28.85417 11.25126 11.45651 28.85417 11.25126 14 28.85417 11.25126 14 32.23817 11.25126 11.45651 32.23817 36.63463 11.45651 28.85417 36.63463 11.45651 32.23817 36.63463 14 32.23817 36.63463 14 28.85417 36.63463 11.45651 32.23817 11.25126 11.45651 32.23817 11.25126 14 32.23817 36.63463 14 32.23817 36.63463 11.45651 23.7593 36.63463 14 23.7593 11.25126 14 23.7593 11.25126 11.45651 23.7593 11.25126 11.45651 23.7593 11.25126 14 23.7593 11.25126 14 27.1433 11.25126 11.45651 27.1433 36.63463 11.45651 23.7593 36.63463 11.45651 27.1433 36.63463 14 27.1433 36.63463 14 23.7593 36.63463 11.45651 27.1433 11.25126 11.45651 27.1433 11.25126 14 27.1433 36.63463 14 27.1433 36.63463 11.45651 18.66442 36.63463 14 18.66442 11.25126 14 18.66442 11.25126 11.45651 18.66442 11.25126 11.45651 18.66442 11.25126 14 18.66442 11.25126 14 22.04843 11.25126 11.45651 22.04843 36.63463 11.45651 18.66442 36.63463 11.45651 22.04843 36.63463 14 22.04843 36.63463 14 18.66442 36.63463 11.45651 22.04843 11.25126 11.45651 22.04843 11.25126 14 22.04843 36.63463 14 22.04843 36.63463 11.45651 13.56954 36.63463 14 13.56954 11.25126 14 13.56954 11.25126 11.45651 13.56954 11.25126 11.45651 13.56954 11.25126 14 13.56954 11.25126 14 16.95355 11.25126 11.45651 16.95355 36.63463 11.45651 13.56954 36.63463 11.45651 16.95355 36.63463 14 16.95355 36.63463 14 13.56954 36.63463 11.45651 16.95355 11.25126 11.45651 16.95355 11.25126 14 16.95355 36.63463 14 16.95355 50.89446 14 55.14976 50.89446 11.45651 55.14975 43.42132 14 53.84106 50 14 53.84106 38.86675 14 50.65585 38.86675 14 53.84106 9.019138 14 53.84106 43.42132 14 60 38.86675 14 60 9.019138 14 60 31.40485 14 60 31.40485 11.45651 60 38.86675 14 60 38.86675 11.45651 60 9.019138 14 60 9.019138 11.45651 60 16.48104 11.45651 53.84106 16.48104 11.45651 53.00133 23.94294 11.45651 53.00133 23.94294 11.45651 53.84106 23.94294 14 53.84106 23.94294 14 53.00133 16.48104 14 53.00133 16.48104 14 53.84106 31.40485 11.45651 53.00133 31.40485 11.45651 53.84106 31.40485 14 53.84106 31.40485 14 53.00133 38.05566 11.45651 53.00133 38.86675 11.45651 53.84106 38.05566 11.45651 51.49558 38.86675 11.45651 50.65585 23.94294 11.45651 51.49558 23.94294 11.45651 50.65585 38.05566 14 51.49557 38.05566 14 53.00133 23.94294 14 50.65585 23.94294 14 51.49557 9.830224 14 53.00133 9.830224 14 51.49558 9.019138 11.45651 53.84106 9.830224 11.45651 53.00133 9.019141 11.45651 50.65585 9.830224 11.45651 51.49558 23.94294 11.45651 60 23.54491 11.45651 59.08824 23.54491 11.45651 54.75282 16.87908 11.45651 54.75282 16.87908 11.45651 59.08824 16.48104 11.45651 60 16.48104 14 60 16.87908 14 59.08824 16.87908 14 54.75281 23.54491 14 54.75281 23.54491 14 59.08824 23.94294 14 60 31.40485 11.45651 60 31.00681 11.45651 59.08824 31.00681 11.45651 54.75282 24.34098 11.45651 54.75282 24.34098 11.45651 59.08824 24.34098 14 59.08824 24.34098 14 54.75281 31.00681 14 54.75281 31.00681 14 59.08824 31.40485 14 60 38.86675 11.45651 60 38.46871 11.45651 59.08824 38.46871 11.45651 54.75282 31.80289 11.45651 54.75282 31.80289 11.45651 59.08824 31.80288 14 59.08824 31.80288 14 54.75281 38.46871 14 54.75281 38.46871 14 59.08824 9.417178 14 54.75281 16.083 14 54.75281 16.083 14 59.08824 9.417178 14 59.08824 16.083 11.45651 59.08824 16.083 11.45651 54.75282 9.417178 11.45651 54.75282 9.417178 11.45651 59.08824 9.019138 11.45651 60 2.220999 11.45651 33.94904 2.220999 11.45651 37.33305 5.037376 11.45651 37.33305 5.037376 11.45651 33.94904 5.037376 14 37.33305 2.220999 14 37.33305 2.220999 14 33.94904 5.037376 14 33.94904 2.220999 11.45651 28.85417 2.220999 11.45651 32.23817 5.037376 11.45651 32.23817 5.037376 11.45651 28.85417 5.037376 14 32.23817 2.220999 14 32.23817 2.220999 14 28.85417 5.037376 14 28.85417 2.220999 11.45651 23.7593 2.220999 11.45651 27.1433 5.037376 11.45651 27.1433 5.037376 11.45651 23.7593 5.037376 14 27.1433 2.220999 14 27.1433 2.220999 14 23.7593 5.037376 14 23.7593 2.220999 11.45651 18.66442 2.220999 11.45651 22.04843 5.037376 11.45651 22.04843 5.037376 11.45651 18.66442 5.037376 14 22.04843 2.220999 14 22.04843 2.220999 14 18.66442 5.037376 14 18.66442 2.220999 11.45651 13.56954 2.220999 11.45651 16.95355 5.037376 11.45651 16.95355 5.037376 11.45651 13.56954 5.037376 14 16.95355 2.220999 14 16.95355 2.220999 14 13.56954 5.037376 14 13.56954 5.037376 11.45651 33.94904 5.037376 14 33.94904 2.220999 14 33.94904 2.220999 11.45651 33.94904 5.037376 11.45651 37.33305 2.220999 11.45651 37.33305 2.220999 14 37.33305 5.037376 14 37.33305 2.220999 11.45651 37.33305 2.220999 11.45651 33.94904 2.220999 14 33.94904 2.220999 14 37.33305 5.037376 11.45651 33.94904 5.037376 11.45651 37.33305 5.037376 14 37.33305 5.037376 14 33.94904 5.037376 11.45651 28.85417 5.037376 14 28.85417 2.220999 14 28.85417 2.220999 11.45651 28.85417 5.037376 11.45651 32.23817 2.220999 11.45651 32.23817 2.220999 14 32.23817 5.037376 14 32.23817 2.220999 11.45651 32.23817 2.220999 11.45651 28.85417 2.220999 14 28.85417 2.220999 14 32.23817 5.037376 11.45651 28.85417 5.037376 11.45651 32.23817 5.037376 14 32.23817 5.037376 14 28.85417 5.037376 11.45651 23.7593 5.037376 14 23.7593 2.220999 14 23.7593 2.220999 11.45651 23.7593 5.037376 11.45651 27.1433 2.220999 11.45651 27.1433 2.220999 14 27.1433 5.037376 14 27.1433 2.220999 11.45651 27.1433 2.220999 11.45651 23.7593 2.220999 14 23.7593 2.220999 14 27.1433 5.037376 11.45651 23.7593 5.037376 11.45651 27.1433 5.037376 14 27.1433 5.037376 14 23.7593 5.037376 11.45651 18.66442 5.037376 14 18.66442 2.220999 14 18.66442 2.220999 11.45651 18.66442 5.037376 11.45651 22.04843 2.220999 11.45651 22.04843 2.220999 14 22.04843 5.037376 14 22.04843 2.220999 11.45651 22.04843 2.220999 11.45651 18.66442 2.220999 14 18.66442 2.220999 14 22.04843 5.037376 11.45651 18.66442 5.037376 11.45651 22.04843 5.037376 14 22.04843 5.037376 14 18.66442 5.037376 11.45651 13.56954 5.037376 14 13.56954 2.220999 14 13.56954 2.220999 11.45651 13.56954 5.037376 11.45651 16.95355 2.220999 11.45651 16.95355 2.220999 14 16.95355 5.037376 14 16.95355 2.220999 11.45651 16.95355 2.220999 11.45651 13.56954 2.220999 14 13.56954 2.220999 14 16.95355 5.037376 11.45651 13.56954 5.037376 11.45651 16.95355 5.037376 14 16.95355 5.037376 14 13.56954 23.94294 11.45651 53.00133 16.48104 11.45651 53.00133 16.48104 14 53.00133 23.94294 14 53.00133 31.40485 11.45651 53.00133 31.40485 14 53.00133 38.05566 11.45651 51.49558 38.05566 11.45651 53.00133 38.05566 14 53.00133 38.05566 14 51.49557 38.05566 11.45651 53.00133 38.05566 14 53.00133 9.830224 14 53.00133 9.830224 11.45651 53.00133 9.830224 11.45651 51.49558 9.830224 14 51.49558 9.830224 14 53.00133 9.830224 11.45651 53.00133 38.05566 11.45651 51.49558 38.05566 14 51.49557 23.94294 14 51.49557 23.94294 11.45651 51.49558 23.54491 11.45651 54.75282 23.54491 14 54.75281 16.87908 14 54.75281 16.87908 11.45651 54.75282 16.87908 11.45651 59.08824 16.87908 14 59.08824 23.54491 14 59.08824 23.54491 11.45651 59.08824 16.87908 11.45651 59.08824 16.87908 11.45651 54.75282 16.87908 14 54.75281 16.87908 14 59.08824 23.54491 11.45651 54.75282 23.54491 11.45651 59.08824 23.54491 14 59.08824 23.54491 14 54.75281 31.00681 11.45651 54.75282 31.00681 14 54.75281 24.34098 14 54.75281 24.34098 11.45651 54.75282 24.34098 11.45651 54.75282 24.34098 14 54.75281 24.34098 14 59.08824 24.34098 11.45651 59.08824 24.34098 11.45651 59.08824 24.34098 14 59.08824 31.00681 14 59.08824 31.00681 11.45651 59.08824 31.00681 11.45651 54.75282 31.00681 11.45651 59.08824 31.00681 14 59.08824 31.00681 14 54.75281 38.46871 11.45651 54.75282 38.46871 14 54.75281 31.80288 14 54.75281 31.80289 11.45651 54.75282 31.80289 11.45651 54.75282 31.80288 14 54.75281 31.80288 14 59.08824 31.80289 11.45651 59.08824 31.80289 11.45651 59.08824 31.80288 14 59.08824 38.46871 14 59.08824 38.46871 11.45651 59.08824 38.46871 11.45651 54.75282 38.46871 11.45651 59.08824 38.46871 14 59.08824 38.46871 14 54.75281 9.417178 14 54.75281 9.417178 11.45651 54.75282 16.083 11.45651 54.75282 16.083 14 54.75281 16.083 14 54.75281 16.083 11.45651 54.75282 16.083 11.45651 59.08824 16.083 14 59.08824 16.083 14 59.08824 16.083 11.45651 59.08824 9.417178 11.45651 59.08824 9.417178 14 59.08824 9.417178 14 59.08824 9.417178 11.45651 59.08824 9.417178 11.45651 54.75282 9.417178 14 54.75281 50 11.45651 7.619237 47.97589 11.45651 7.619237 43.42132 11.45651 7.619237 50 11.45651 7.619237 50.89446 11.45651 5.943206 50.89446 14 5.943206 50 14 7.619237 50.89446 14 5.943206 23.94294 11.45651 43.28335 23.94294 11.45651 42.42792 38.86675 14 46.9696 50.89446 11.45651 44.59205 50.89446 14 44.59205 11.25126 11.45651 42.42792 11.25126 14 42.42792 9.830224 14 51.49558 9.830224 11.45651 51.49558 24.75403 14 50.06862 24.75403 14 48.44091 23.94294 14 46.9696 38.05566 14 48.44091 38.05566 14 50.06862 38.86675 11.45651 46.9696 38.05566 11.45651 48.44091 24.75403 11.45651 48.44091 23.94294 11.45651 46.9696 24.75403 11.45651 50.06862 38.05566 11.45651 50.06862 38.05566 14 43.87057 38.05566 14 45.49829 24.75403 14 45.49829 24.75403 14 43.87057 24.75403 11.45651 43.87057 24.75403 11.45651 45.49829 38.05566 11.45651 45.49829 38.05566 11.45651 43.87057 9.830224 14 48.44091 23.13186 14 48.44091 23.13186 14 50.06862 9.830224 14 50.06862 23.13186 14 43.87057 23.13186 14 45.49829 9.830224 14 45.49829 9.830224 14 43.87057 9.830224 11.45651 43.87057 9.830224 11.45651 45.49829 9.019139 11.45651 46.9696 23.13186 11.45651 45.49829 23.13185 11.45651 43.87057 23.13186 11.45651 50.06862 23.13186 11.45651 48.44091 9.830225 11.45651 48.44091 9.830226 11.45651 50.06862 23.13186 14 43.87057 23.13185 11.45651 43.87057 23.13186 11.45651 45.49829 23.13186 14 45.49829 23.13186 14 45.49829 23.13186 11.45651 45.49829 9.830224 11.45651 45.49829 9.830224 14 45.49829 9.830224 14 45.49829 9.830224 11.45651 45.49829 9.830224 11.45651 43.87057 9.830224 14 43.87057 9.830224 14 43.87057 9.830224 11.45651 43.87057 23.13185 11.45651 43.87057 23.13186 14 43.87057 38.05566 14 45.49829 38.05566 11.45651 45.49829 24.75403 11.45651 45.49829 24.75403 14 45.49829 24.75403 14 45.49829 24.75403 11.45651 45.49829 24.75403 11.45651 43.87057 24.75403 14 43.87057 24.75403 14 43.87057 24.75403 11.45651 43.87057 38.05566 11.45651 43.87057 38.05566 14 43.87057 38.05566 14 43.87057 38.05566 11.45651 43.87057 38.05566 11.45651 45.49829 38.05566 14 45.49829 24.75403 14 48.44091 24.75403 11.45651 48.44091 38.05566 11.45651 48.44091 38.05566 14 48.44091 38.05566 14 48.44091 38.05566 11.45651 48.44091 38.05566 11.45651 50.06862 38.05566 14 50.06862 38.05566 14 50.06862 38.05566 11.45651 50.06862 24.75403 11.45651 50.06862 24.75403 14 50.06862 24.75403 14 50.06862 24.75403 11.45651 50.06862 24.75403 11.45651 48.44091 24.75403 14 48.44091 23.13186 14 48.44091 23.13186 11.45651 48.44091 23.13186 11.45651 50.06862 23.13186 14 50.06862 23.13186 14 50.06862 23.13186 11.45651 50.06862 9.830226 11.45651 50.06862 9.830224 14 50.06862 9.830224 14 50.06862 9.830226 11.45651 50.06862 9.830225 11.45651 48.44091 9.830224 14 48.44091 9.830224 14 48.44091 9.830225 11.45651 48.44091 23.13186 11.45651 48.44091 23.13186 14 48.44091 7.705348 14 61.2313 9.019138 14 60 7.705348 14 61.2313 7.705348 11.45651 61.2313 9.019138 11.45651 60 50 14 50.65585 50.89446 14 51.96454 50.89446 14 48.2783 50 14 46.9696 39.8965 11.45651 61.2313 38.86675 11.45651 60 39.8965 14 61.2313 38.86675 14 60 39.8965 14 61.2313 44.2445 14 61.2313 50.89446 14 55.14976 50.89446 14 44.59205 50 14 43.28336 50.89446 14 44.59205 50.89446 11.45651 44.59205 50 11.45651 43.28336 46.89921 14 59.63922 49.03595 14 61.2313 50.89446 14 59.37279 49.05481 14 58.01751 49.03595 14 61.2313 49.04027 11.45651 61.2313 50.89446 11.45651 59.37711 50.89446 14 59.37279 49.03595 14 61.2313 49.04027 11.45651 61.2313 50.89446 11.45651 59.37711 50.89446 14 59.37279</float_array>
          <technique_common>
            <accessor source="#meshId0_name-mesh-positions-array" count="3911" stride="3">
              <param name="X" type="float"/>
              <param name="Y" type="float"/>
              <param name="Z" type="float"/>
            </accessor>
          </technique_common>
        </source>
        <source id="meshId0_name-mesh-normals">
          <float_array id="meshId0_name-mesh-normals-array" count="1626">1 0 0 1 2.94372e-7 0 1 -8.99605e-7 0 0 1 0 0 0 -1 0 -1 0 0 -1 -1.43473e-7 1 -2.94372e-7 0 4.2725e-7 1 0 4.2725e-7 1 0 0 -1 0 4.2725e-7 1 0 4.27251e-7 1 0 4.2725e-7 1 0 4.2725e-7 1 0 4.2725e-7 1 0 4.2725e-7 1 0 4.2725e-7 1 0 4.2725e-7 1 0 0 -1 -7.18098e-6 0 -1 -7.18084e-6 0 -1 5.3887e-6 0 -1 -7.18081e-6 0 -1 1.9127e-7 0 -1 2.75312e-7 0 -1 -5.3887e-6 0 -1 -2.09166e-6 0 -1 1.40545e-6 0 -1 1.19524e-6 0 -1 -3.51361e-7 -4.27249e-7 1 0 -4.27252e-7 1 0 0 1 -4.48213e-7 0 1 7.02722e-7 0 -1 -3.35435e-7 -4.27249e-7 1 0 -4.27251e-7 1 0 0 1 4.21634e-6 0 -1 1.19524e-6 0 -1 -3.51363e-7 -4.2725e-7 1 0 -4.27251e-7 1 0 0 1 -4.48216e-7 0 1 7.02726e-7 0 -1 1.19524e-6 0 -1 -3.51361e-7 -4.2725e-7 1 0 -4.2725e-7 1 0 0 1 -4.48214e-7 0 1 7.02723e-7 0 -1 1.19523e-6 0 -1 -3.51361e-7 -4.2725e-7 1 0 -4.27252e-7 1 0 0 1 -4.48213e-7 0 1 7.02721e-7 -4.2725e-7 1 0 -4.27251e-7 1 0 -4.27251e-7 1 0 -1 0 0 0 0 1 3.51047e-6 0 1 -1 0 -7.97383e-7 -4.72684e-7 0 1 1 1.04111e-6 0 1 -1.04111e-6 0 0 -1 1.28429e-7 0 -1 -1.12662e-6 0 -1 1.05215e-6 0 -1 -4.65468e-7 0 1 2.24281e-6 0 1 -2.51066e-6 0 1 -2.2428e-6 0 1 2.24281e-6 0 -1 -2.51065e-6 0 -1 2.24281e-6 0 -1 1.97775e-6 0 -1 -6.33351e-6 0 -1 3.16674e-6 0 1 1.97774e-6 0 1 -6.33348e-6 0 -1 1.97774e-6 0 -1 -6.33348e-6 0 -1 3.16675e-6 0 1 1.97774e-6 0 1 -6.3335e-6 0 -1 1.97773e-6 0 -1 -6.33347e-6 0 -1 3.16676e-6 0 1 1.97775e-6 0 1 -6.33351e-6 0 -1.49979e-6 1 0 -1.49979e-6 1 0 -1.49979e-6 1 -1 1.77032e-6 0 -1 0 0 0 -1.49979e-6 1 0 -1.49979e-6 1 1 4.9802e-7 0 0 -1.49979e-6 1 0 -1.49979e-6 1 0 2.99958e-6 -1 0 1.49979e-6 -1 0 1.49979e-6 -1 0 1.49979e-6 -1 1 -1.38376e-6 0 1 -2.15929e-6 0 -1 3.1487e-7 0 -1 6.87167e-7 0 0 1.49979e-6 -1 1 2.76751e-6 0 -1 -1.70804e-6 0 0.8822272 0 -0.470824 0.882227 0 -0.4708243 0 -1 5.97618e-7 0 -1 -3.81924e-7 0 1 2.8109e-6 0 1 -8.96428e-7 0 -1 3.24801e-7 0 -1 1.40545e-6 0 -1 1.46251e-6 0 -1 1.52199e-7 0 1 6.43784e-7 0 -1 -1.38985e-6 0 -1 0 0 -1 -1.2566e-7 0 -1 0 0 -1 2.51323e-7 0 -1 0 0 -1 -1.25659e-7 0 -1 1.38984e-6 0 -1 0 0 -1 2.51316e-7 0 -1 -3.48235e-6 0 -1 0 0 -1 6.59531e-7 0 -1 -1.38985e-6 0 -1 0 0 -1 2.5132e-7 0 -1 0 0 -1 1.38985e-6 0 -1 6.59532e-7 0 -1 -3.48229e-6 0 -1 3.90696e-6 -1 1.84281e-6 0 -1 0 -2.34358e-6 1 -1.84282e-6 5.85898e-7 4.51009e-7 -1.49979e-6 -1 1 0 1.17179e-6 -1 3.68562e-6 0 -1 -3.68564e-6 -2.3436e-6 1 1.84282e-6 0 1 0 1.1718e-6 1 9.21411e-7 0 1 0 5.85898e-7 0.6838303 0 -0.7296411 0.6838305 0 -0.729641 -0.7670958 0 -0.6415326 -0.7670961 0 -0.6415323 0.82559 0 0.5642707 0.825589 0 0.5642721 0.7071057 0.001202821 -0.7071068 0.7071063 0.001203358 -0.7071063 1 -2.0559e-6 0 1 4.10216e-7 0 0 0.8965522 0.4429384 -4.2725e-7 1 0 -4.2725e-7 1 0 0 1 4.48214e-7 0 1 -7.02723e-7 0 -1 -1.19523e-6 0 -1 3.5136e-7 0 1 4.48212e-7 0 1 -7.0272e-7 0 -1 -1.19524e-6 0 -1 3.51361e-7 0 -1 -1.19524e-6 0 -1 3.51362e-7 0 1 4.48215e-7 0 1 -7.02725e-7 -4.2725e-7 1 0 -4.2725e-7 1 0 -4.2725e-7 1 0 0 -1 -1.19524e-6 0 -1 3.51363e-7 0 1 4.48216e-7 0 1 -7.02726e-7 -4.2725e-7 1 0 -4.27251e-7 1 0 0 -1 2.69434e-6 0 -1 -7.18097e-6 0 -1 2.69434e-6 0 -1 -6.7359e-7 0 -1 2.69435e-6 0 -1 -5.38561e-6 0 -1 1.7952e-6 0 -1 -6.73588e-7 0 -1 3.0154e-7 0 -1 -2.69435e-6 0 -1 -2.39047e-6 0 -1 2.81089e-6 4.27249e-7 1 0 4.27252e-7 1 0 0 -1 -3.0626e-7 4.27251e-7 1 0 0 1 5.62178e-6 4.2725e-7 1 0 4.27252e-7 1 0 4.27251e-7 1 0 4.2725e-7 1 0 4.27252e-7 1 0 -3.51047e-6 0 1 1 0 -7.97383e-7 4.72684e-7 0 1 0 -1 3.41521e-7 0 1 1.36608e-6 0 -1 6.08798e-7 0 -1 -7.38287e-7 0 -1 -7.00876e-7 0 -1 -4.70747e-7 0 -1 4.20527e-7 0 -1 7.84582e-7 0 1 -1.1214e-6 0 1 -1.25533e-6 0 -1 -7.00875e-7 0 -1 -1.56916e-7 0 -1 1.40176e-7 0 -1 7.84582e-7 0 -1 -1.40175e-7 0 -1 4.70748e-7 0 -1 -4.20527e-7 0 -1 1.56917e-7 0 1 1.1214e-6 0 1 -1.25533e-6 0 1 -1.6821e-6 0 1 1.25533e-6 0 1 1.12141e-6 0 1 -6.27666e-7 0 -1 -4.20525e-7 0 -1 -1.56916e-6 0 -1 1.40176e-6 0 -1 4.70749e-7 0 -1 1.48331e-6 0 -1 1.58337e-6 0 -1 1.4833e-6 0 -1 1.58337e-6 0 -1 1.4833e-6 0 -1 1.58338e-6 1 1.99208e-6 0 -1 3.38207e-7 0 0 1.49979e-6 -1 -1 -1.38376e-6 0 -1 -2.7675e-6 0 -1 2.35918e-7 0 0 1.49979e-6 -1 -1 2.63113e-6 0 -1 2.76751e-6 0 1 -2.76751e-6 0 1 0 0 -1 2.88635e-7 0 -0.8822272 0 -0.470824 -0.882227 0 -0.4708243 0 1 0 0 -1 2.57514e-6 0 -1 -7.81788e-7 0 -1 -1.7093e-6 0 -1 7.81787e-7 0 -1 -6.82212e-7 0 -1 -1.95882e-6 0 1 3.47461e-7 0 1 3.89835e-7 0 1 -8.70572e-7 0 1 -9.76741e-7 0 1 -3.47461e-7 0 1 -3.89835e-7 0 1 8.70589e-7 0 1 9.7676e-7 0 -1 -8.68653e-7 0 -1 1.94918e-7 0 -1 -4.35294e-7 0 -1 -4.8838e-7 0 -1 1.21611e-6 0 -1 -1.94918e-7 0 -1 -2.17643e-6 0 -1 2.19767e-6 1 1.84281e-6 0 1 0 -2.34358e-6 -1 -1.52995e-6 5.85898e-7 -4.51009e-7 -1.49979e-6 -1 -1 0 1.17179e-6 1 3.68562e-6 0 1 -3.68564e-6 -2.3436e-6 -1 1.84282e-6 0 -1 0 1.1718e-6 -1 9.21411e-7 0 -1 0 5.85898e-7 -0.6838303 0 -0.7296411 -0.6838305 0 -0.729641 0.7670958 0 -0.6415326 0.7670961 0 -0.6415323 -0.82559 0 0.5642707 -0.825589 0 0.5642721 -0.7071058 0.001202821 -0.7071068 -0.7071063 0.001202702 -0.7071063 -1 -2.84116e-6 0 -1 2.94372e-7 0 -1 -8.99605e-7 0 0 -1 1.43473e-7 -1 -2.94372e-7 0 0 -1 0 -4.2725e-7 1 0 -4.2725e-7 1 0 0 -1 7.18098e-6 0 -1 7.18084e-6 0 -1 7.18081e-6 0 -1 -1.9127e-7 0 -1 -2.75312e-7 0 -1 2.09166e-6 0 -1 -1.40545e-6 0 -1 -1.19524e-6 0 -1 3.51361e-7 0 1 4.48213e-7 0 1 -7.02722e-7 0 -1 3.35435e-7 4.27249e-7 1 0 0 1 -4.21634e-6 0 -1 -1.19523e-6 0 -1 3.51361e-7 4.2725e-7 1 0 0 1 4.48213e-7 0 1 -7.02721e-7 4.27251e-7 1 0 -3.51047e-6 0 -1 1 0 7.97383e-7 4.72684e-7 0 -1 -1 1.04111e-6 0 -1 -1.04111e-6 0 0 -1 -1.28429e-7 0 -1 1.12662e-6 0 -1 -1.05215e-6 0 -1 4.65468e-7 0 1 -2.24281e-6 0 1 2.51066e-6 0 1 2.2428e-6 0 1 -2.24281e-6 0 -1 2.51065e-6 0 -1 -2.24281e-6 0 -1 -1.97775e-6 0 -1 6.33351e-6 0 -1 -3.16674e-6 0 1 -1.97774e-6 0 1 6.33348e-6 0 -1 -1.97774e-6 0 -1 6.33348e-6 0 -1 -3.16675e-6 0 1 -1.97774e-6 0 1 6.3335e-6 0 -1 -1.97773e-6 0 -1 6.33347e-6 0 -1 -3.16676e-6 0 1 -1.97775e-6 0 1 6.33351e-6 0 -1.49979e-6 -1 0 -1.49979e-6 -1 0 -1.49979e-6 -1 1 1.77032e-6 0 1 0 0 0 -1.49979e-6 -1 0 -1.49979e-6 -1 -1 4.9802e-7 0 0 -1.49979e-6 -1 0 -1.49979e-6 -1 0 2.99958e-6 1 0 1.49979e-6 1 0 1.49979e-6 1 0 1.49979e-6 1 -1 -2.15929e-6 0 1 3.1487e-7 0 1 6.87167e-7 0 0 1.49979e-6 1 1 -1.70804e-6 0 -0.8822272 0 0.470824 -0.882227 0 0.4708243 0 -1 -5.97618e-7 0 -1 3.81924e-7 0 1 -2.8109e-6 0 1 8.96428e-7 0 -1 -3.24801e-7 0 -1 -1.40545e-6 0 -1 -1.46251e-6 0 -1 -1.52199e-7 0 1 -6.43784e-7 0 -1 1.38985e-6 0 -1 0 0 -1 1.2566e-7 0 -1 0 0 -1 -2.51323e-7 0 -1 1.25659e-7 0 -1 -1.38984e-6 0 -1 0 0 -1 -2.51316e-7 0 -1 3.48235e-6 0 -1 0 0 -1 -6.59531e-7 0 -1 1.38985e-6 0 -1 -2.5132e-7 0 -1 0 0 -1 -1.38985e-6 0 -1 -6.59532e-7 0 -1 3.48229e-6 0 -1 -3.90696e-6 1 0 2.34358e-6 -1 -1.84282e-6 -5.85898e-7 -4.51009e-7 -1.49979e-6 1 -1 0 -1.17179e-6 1 -3.68564e-6 2.3436e-6 -1 0 -1.1718e-6 -1 0 -5.85898e-7 -0.6838303 0 0.7296411 -0.6838305 0 0.729641 0.7670958 0 0.6415326 0.7670961 0 0.6415323 -0.82559 0 -0.5642707 -0.825589 0 -0.5642721 -0.7071057 0.001202821 0.7071068 -0.7071063 0.001203358 0.7071063 -1 -2.0559e-6 0 -1 4.10216e-7 0 0 0.8965522 -0.4429384 4.2725e-7 1 0 0 -1 1.19523e-6 0 -1 -3.5136e-7 0 1 -4.48212e-7 0 1 7.0272e-7 0 -1 1.19524e-6 0 -1 -3.51362e-7 0 1 -4.48215e-7 0 1 7.02725e-7 4.2725e-7 1 0 4.2725e-7 1 0 4.27251e-7 1 0 0 -1 -2.69434e-6 0 -1 7.18097e-6 0 -1 -2.69434e-6 0 -1 6.7359e-7 0 -1 5.38561e-6 0 -1 -1.7952e-6 0 -1 6.73588e-7 0 -1 -3.0154e-7 0 -1 2.39047e-6 0 -1 -2.81089e-6 0 -1 3.0626e-7 0 1 -5.62178e-6 -4.2725e-7 1 0 -4.2725e-7 1 0 -4.27252e-7 1 0 3.51047e-6 0 -1 -1 0 7.97383e-7 -4.72684e-7 0 -1 0 -1 -3.41521e-7 0 1 -1.36608e-6 0 -1 -6.08798e-7 0 -1 7.38287e-7 0 -1 7.00876e-7 0 -1 4.70747e-7 0 -1 -4.20527e-7 0 -1 -7.84582e-7 0 1 1.1214e-6 0 1 1.25533e-6 0 -1 7.00875e-7 0 -1 1.56916e-7 0 -1 -1.40176e-7 0 -1 -7.84582e-7 0 -1 1.40175e-7 0 -1 -4.70748e-7 0 -1 4.20527e-7 0 -1 -1.56917e-7 0 1 -1.1214e-6 0 1 1.25533e-6 0 1 1.6821e-6 0 1 -1.25533e-6 0 1 -1.12141e-6 0 1 6.27666e-7 0 -1 4.20525e-7 0 -1 1.56916e-6 0 -1 -1.40176e-6 0 -1 -4.70749e-7 0 -1 -1.48331e-6 0 -1 -1.58337e-6 0 -1 -1.4833e-6 0 -1 -1.58337e-6 0 -1 -1.4833e-6 0 -1 -1.58338e-6 -1 1.99208e-6 0 1 3.38207e-7 0 0 1.49979e-6 1 1 -2.7675e-6 0 1 2.35918e-7 0 0 1.49979e-6 1 1 2.63113e-6 0 -1 -2.76751e-6 0 -1 0 0 1 2.88635e-7 0 0.8822272 0 0.470824 0.882227 0 0.4708243 0 1 0 0 -1 -2.57514e-6 0 -1 7.81788e-7 0 -1 1.7093e-6 0 -1 -7.81787e-7 0 -1 6.82212e-7 0 -1 1.95882e-6 0 1 -3.47461e-7 0 1 -3.89835e-7 0 1 8.70572e-7 0 1 9.76741e-7 0 1 3.47461e-7 0 1 3.89835e-7 0 1 -8.70589e-7 0 1 -9.7676e-7 0 -1 8.68653e-7 0 -1 4.35294e-7 0 -1 4.8838e-7 0 -1 -1.21611e-6 0 -1 2.17643e-6 0 -1 -2.19767e-6 -1 0 2.34358e-6 1 -1.52995e-6 -5.85898e-7 4.51009e-7 -1.49979e-6 1 1 0 -1.17179e-6 -1 -3.68564e-6 2.3436e-6 1 0 -1.1718e-6 1 0 -5.85898e-7 0.6838303 0 0.7296411 0.6838305 0 0.729641 -0.7670958 0 0.6415326 -0.7670961 0 0.6415323 0.82559 0 -0.5642707 0.825589 0 -0.5642721 0.7071058 0.001202821 0.7071068 0.7071063 0.001202702 0.7071063 1 -2.84116e-6 0</float_array>
          <technique_common>
            <accessor source="#meshId0_name-mesh-normals-array" count="542" stride="3">
              <param name="X" type="float"/>
              <param name="Y" type="float"/>
              <param name="Z" type="float"/>
            </accessor>
          </technique_common>
        </source>
        <source id="meshId0_name-mesh-map-0">
          <float_array id="meshId0_name-mesh-map-0-array" count="22140">0.256293 0.565541 0.277944 0.565541 0.277944 0.575971 0.277944 0.575971 0.256293 0.575971 0.256293 0.565541 0.311274 0.565541 0.311274 0.575971 0.286018 0.575971 0.286018 0.575971 0.286018 0.565541 0.311274 0.565541 0.08831995 0.565541 0.103986 0.565541 0.103986 0.575971 0.103986 0.575971 0.08832097 0.575971 0.08831995 0.565541 0.03175795 0.251082 0.003800988 0.251082 0.003800988 0.219839 0.003800988 0.219839 0.03175795 0.219839 0.03175795 0.251082 0.03175795 0.043365 0.03175795 0.05848097 0.003801941 0.05848097 0.003801941 0.05848097 0.003801941 0.043365 0.03175795 0.043365 0.447655 0.838088 0.447655 0.868686 0.436846 0.868686 0.436846 0.868686 0.436846 0.838088 0.447655 0.838088 0.177952 0.251082 0.05111294 0.251082 0.05111294 0.219839 0.05111294 0.219839 0.177952 0.219839 0.177952 0.251082 0.687652 0.246033 0.687652 0.21479 0.814492 0.21479 0.814492 0.21479 0.814492 0.246033 0.687652 0.246033 0.09007596 0.827924 0.12282 0.827924 0.12282 0.838353 0.12282 0.838353 0.09007596 0.838353 0.09007596 0.827924 0.177953 0.043365 0.21628 0.043365 0.21628 0.05848097 0.21628 0.05848097 0.177953 0.05848097 0.177953 0.043365 0.21628 0.251082 0.177952 0.251082 0.177952 0.219839 0.177952 0.219839 0.21628 0.219839 0.21628 0.251082 0.687652 0.21479 0.649325 0.21479 0.649325 0.193898 0.649325 0.193898 0.687652 0.193898 0.687652 0.21479 0.177952 0.219839 0.177952 0.198947 0.21628 0.198947 0.21628 0.198947 0.21628 0.219839 0.177952 0.219839 0.296725 0.893383 0.296725 0.885083 0.296725 0.866407 0.687652 0.08943897 0.649325 0.08943897 0.649324 0.06854796 0.649324 0.06854796 0.687652 0.06854796 0.687652 0.08943897 0.126387 0.565541 0.148038 0.565541 0.148038 0.575971 0.148038 0.575971 0.126387 0.575971 0.126387 0.565541 0.177953 0.07359695 0.21628 0.07359695 0.21628 0.09448796 0.21628 0.09448796 0.177953 0.09448796 0.177953 0.07359695 0.148038 0.565541 0.1696889 0.565542 0.1696889 0.575971 0.1696889 0.575971 0.148038 0.575971 0.148038 0.565541 0.1696889 0.565542 0.19134 0.565541 0.19134 0.575971 0.19134 0.575971 0.1696889 0.575971 0.1696889 0.565542 0.19134 0.565541 0.2129909 0.565541 0.2129909 0.575971 0.2129909 0.575971 0.19134 0.575971 0.19134 0.565541 0.2129909 0.565541 0.234642 0.565541 0.234642 0.575971 0.234642 0.575971 0.2129909 0.575971 0.2129909 0.565541 0.234642 0.565541 0.256293 0.565541 0.256293 0.575971 0.256293 0.575971 0.234642 0.575971 0.234642 0.565541 0.697137 0.211282 0.687652 0.21479 0.687652 0.193898 0.687652 0.193898 0.697137 0.1974059 0.697137 0.211282 0.168467 0.202455 0.177952 0.198947 0.177952 0.219839 0.177952 0.219839 0.168467 0.216331 0.168467 0.202455 0.168467 0.216331 0.177952 0.219839 0.05111294 0.219839 0.05111294 0.219839 0.06059795 0.216331 0.168467 0.216331 0.805006 0.08593195 0.814491 0.08943897 0.687652 0.08943897 0.687652 0.08943897 0.697137 0.08593195 0.805006 0.08593195 0.697137 0.08593195 0.687652 0.08943897 0.687652 0.06854796 0.687652 0.06854796 0.697137 0.07205498 0.697137 0.08593195 0.168467 0.090981 0.177953 0.09448796 0.05111294 0.09448796 0.05111294 0.09448796 0.06059896 0.090981 0.168467 0.090981 0.168467 0.07710397 0.177953 0.07359695 0.177953 0.09448796 0.177953 0.09448796 0.168467 0.090981 0.168467 0.07710397 0.805006 0.106823 0.814491 0.1103309 0.687652 0.1103309 0.687652 0.1103309 0.697137 0.106823 0.805006 0.106823 0.697137 0.106823 0.687652 0.1103309 0.687652 0.08943897 0.687652 0.08943897 0.697137 0.092947 0.697137 0.106823 0.168467 0.111872 0.177953 0.11538 0.05111294 0.11538 0.05111294 0.11538 0.06059896 0.111872 0.168467 0.111872 0.168467 0.09799599 0.177953 0.09448796 0.177953 0.11538 0.177953 0.11538 0.168467 0.111872 0.168467 0.09799599 0.805006 0.127715 0.814491 0.131223 0.687652 0.131223 0.687652 0.131223 0.697137 0.127715 0.805006 0.127715 0.697137 0.127715 0.687652 0.131223 0.687652 0.1103309 0.687652 0.1103309 0.697137 0.113839 0.697137 0.127715 0.168467 0.132764 0.177953 0.136272 0.05111294 0.136272 0.05111294 0.136272 0.06059896 0.132764 0.168467 0.132764 0.168467 0.118888 0.177953 0.11538 0.177953 0.136272 0.177953 0.136272 0.168467 0.132764 0.168467 0.118888 0.805006 0.148607 0.814492 0.152115 0.687652 0.152115 0.687652 0.152115 0.697137 0.148607 0.805006 0.148607 0.697137 0.148607 0.687652 0.152115 0.687652 0.131223 0.687652 0.131223 0.697137 0.1347309 0.697137 0.148607 0.168467 0.153656 0.177953 0.157164 0.05111294 0.157164 0.05111294 0.157164 0.06059896 0.153656 0.168467 0.153656 0.168467 0.13978 0.177953 0.136272 0.177953 0.157164 0.177953 0.157164 0.168467 0.153656 0.168467 0.13978 0.805006 0.169499 0.814492 0.1730059 0.687652 0.1730059 0.687652 0.1730059 0.697137 0.169499 0.805006 0.169499 0.697137 0.169499 0.687652 0.1730059 0.687652 0.152115 0.687652 0.152115 0.697137 0.155622 0.697137 0.169499 0.168467 0.174548 0.177953 0.178056 0.05111294 0.178056 0.05111294 0.178056 0.06059896 0.174548 0.168467 0.174548 0.168467 0.160672 0.177953 0.157164 0.177953 0.178056 0.177953 0.178056 0.168467 0.174548 0.168467 0.160672 0.805006 0.190391 0.814492 0.193898 0.687652 0.193898 0.687652 0.193898 0.697137 0.190391 0.805006 0.190391 0.697137 0.190391 0.687652 0.193898 0.687652 0.1730059 0.687652 0.1730059 0.697137 0.176514 0.697137 0.190391 0.168467 0.1954399 0.177952 0.198947 0.05111294 0.198947 0.05111294 0.198947 0.06059896 0.1954399 0.168467 0.1954399 0.168467 0.181563 0.177953 0.178056 0.177952 0.198947 0.177952 0.198947 0.168467 0.1954399 0.168467 0.181563 0.861803 0.08943897 0.853202 0.08943897 0.853202 0.06854701 0.853202 0.06854701 0.861803 0.06854701 0.861803 0.08943897 0.861803 0.1103309 0.853202 0.1103309 0.853202 0.08943897 0.853202 0.08943897 0.861803 0.08943897 0.861803 0.1103309 0.861803 0.131223 0.853202 0.131223 0.853202 0.1103309 0.853202 0.1103309 0.861803 0.1103309 0.861803 0.131223 0.861803 0.152115 0.853202 0.152115 0.853202 0.131223 0.853202 0.131223 0.861803 0.131223 0.861803 0.152115 0.861803 0.1730059 0.853202 0.1730059 0.853202 0.152115 0.853202 0.152115 0.861803 0.152115 0.861803 0.1730059 0.861803 0.193898 0.853202 0.193898 0.853202 0.1730059 0.853202 0.1730059 0.861803 0.1730059 0.861803 0.193898 0.861803 0.21479 0.853202 0.21479 0.853202 0.193898 0.853202 0.193898 0.861803 0.193898 0.861803 0.21479 0.006820976 0.565543 0.02529895 0.565542 0.02529799 0.575972 0.02529799 0.575972 0.006820976 0.575973 0.006820976 0.565543 0.03175795 0.251082 0.03175795 0.219839 0.05111294 0.219839 0.05111294 0.219839 0.05111294 0.251082 0.03175795 0.251082 0.835387 0.213515 0.833846 0.21479 0.833846 0.193898 0.833846 0.193898 0.835387 0.193898 0.835387 0.213515 0.84265 0.193898 0.853202 0.193898 0.853202 0.21479 0.853202 0.21479 0.84265 0.213515 0.84265 0.193898 0.84265 0.213515 0.853202 0.21479 0.833846 0.21479 0.833846 0.21479 0.835387 0.213515 0.84265 0.213515 0.022955 0.218564 0.003800988 0.219839 0.003800988 0.198947 0.003800988 0.198947 0.022955 0.198947 0.022955 0.218564 0.03021699 0.198947 0.03175795 0.198947 0.03175795 0.219839 0.03175795 0.219839 0.03021699 0.218564 0.03021699 0.198947 0.03021699 0.218564 0.03175795 0.219839 0.003800988 0.219839 0.003800988 0.219839 0.022955 0.218564 0.03021699 0.218564 0.835387 0.08943897 0.833846 0.08943897 0.833846 0.06854701 0.833846 0.06854701 0.835387 0.06982195 0.835387 0.08943897 0.835387 0.06982195 0.833846 0.06854701 0.853202 0.06854701 0.853202 0.06854701 0.84265 0.06982195 0.835387 0.06982195 0.84265 0.06982195 0.853202 0.06854701 0.853202 0.08943897 0.853202 0.08943897 0.84265 0.08943897 0.84265 0.06982195 0.022955 0.09448796 0.003800988 0.09448796 0.003801941 0.073596 0.003801941 0.073596 0.022955 0.074871 0.022955 0.09448796 0.022955 0.074871 0.003801941 0.073596 0.03175795 0.07359695 0.03175795 0.07359695 0.03021699 0.074871 0.022955 0.074871 0.03021699 0.074871 0.03175795 0.07359695 0.03175795 0.09448796 0.03175795 0.09448796 0.03021699 0.09448796 0.03021699 0.074871 0.835387 0.109056 0.833846 0.1103309 0.833846 0.08943897 0.833846 0.08943897 0.835387 0.08943897 0.835387 0.109056 0.84265 0.08943897 0.853202 0.08943897 0.853202 0.1103309 0.853202 0.1103309 0.84265 0.109056 0.84265 0.08943897 0.84265 0.109056 0.853202 0.1103309 0.833846 0.1103309 0.833846 0.1103309 0.835387 0.109056 0.84265 0.109056 0.022955 0.114105 0.003800988 0.11538 0.003800988 0.09448796 0.003800988 0.09448796 0.022955 0.09448796 0.022955 0.114105 0.03021699 0.09448796 0.03175795 0.09448796 0.03175795 0.11538 0.03175795 0.11538 0.03021699 0.114105 0.03021699 0.09448796 0.03021699 0.114105 0.03175795 0.11538 0.003800988 0.11538 0.003800988 0.11538 0.022955 0.114105 0.03021699 0.114105 0.835387 0.131223 0.833846 0.131223 0.833846 0.1103309 0.833846 0.1103309 0.835387 0.111606 0.835387 0.131223 0.835387 0.111606 0.833846 0.1103309 0.853202 0.1103309 0.853202 0.1103309 0.84265 0.111606 0.835387 0.111606 0.84265 0.111606 0.853202 0.1103309 0.853202 0.131223 0.853202 0.131223 0.84265 0.131223 0.84265 0.111606 0.022955 0.136272 0.003800988 0.136272 0.003800988 0.11538 0.003800988 0.11538 0.022955 0.116655 0.022955 0.136272 0.022955 0.116655 0.003800988 0.11538 0.03175795 0.11538 0.03175795 0.11538 0.03021699 0.116655 0.022955 0.116655 0.03021699 0.116655 0.03175795 0.11538 0.03175795 0.136272 0.03175795 0.136272 0.03021699 0.136272 0.03021699 0.116655 0.835387 0.15084 0.833846 0.152115 0.833846 0.131223 0.833846 0.131223 0.835387 0.131223 0.835387 0.15084 0.84265 0.131223 0.853202 0.131223 0.853202 0.152115 0.853202 0.152115 0.84265 0.15084 0.84265 0.131223 0.84265 0.15084 0.853202 0.152115 0.833846 0.152115 0.833846 0.152115 0.835387 0.15084 0.84265 0.15084 0.022955 0.155889 0.003800988 0.157164 0.003800988 0.136272 0.003800988 0.136272 0.022955 0.136272 0.022955 0.155889 0.03021699 0.136272 0.03175795 0.136272 0.03175795 0.157164 0.03175795 0.157164 0.03021699 0.155889 0.03021699 0.136272 0.03021699 0.155889 0.03175795 0.157164 0.003800988 0.157164 0.003800988 0.157164 0.022955 0.155889 0.03021699 0.155889 0.835387 0.171732 0.833846 0.1730059 0.833846 0.152115 0.833846 0.152115 0.835387 0.153389 0.835387 0.171732 0.835387 0.153389 0.833846 0.152115 0.853202 0.152115 0.853202 0.152115 0.84265 0.153389 0.835387 0.153389 0.84265 0.153389 0.853202 0.152115 0.853202 0.1730059 0.853202 0.1730059 0.84265 0.171732 0.84265 0.153389 0.84265 0.171732 0.853202 0.1730059 0.833846 0.1730059 0.833846 0.1730059 0.835387 0.171732 0.84265 0.171732 0.022955 0.1767809 0.003800988 0.178055 0.003800988 0.157164 0.003800988 0.157164 0.022955 0.158438 0.022955 0.1767809 0.022955 0.158438 0.003800988 0.157164 0.03175795 0.157164 0.03175795 0.157164 0.03021699 0.158438 0.022955 0.158438 0.03021699 0.158438 0.03175795 0.157164 0.03175795 0.178056 0.03175795 0.178056 0.03021699 0.1767809 0.03021699 0.158438 0.03021699 0.1767809 0.03175795 0.178056 0.003800988 0.178055 0.003800988 0.178055 0.022955 0.1767809 0.03021699 0.1767809 0.835387 0.193898 0.833846 0.193898 0.833846 0.1730059 0.833846 0.1730059 0.835387 0.174281 0.835387 0.193898 0.835387 0.174281 0.833846 0.1730059 0.853202 0.1730059 0.853202 0.1730059 0.84265 0.174281 0.835387 0.174281 0.84265 0.174281 0.853202 0.1730059 0.853202 0.193898 0.853202 0.193898 0.84265 0.193898 0.84265 0.174281 0.022955 0.198947 0.003800988 0.198947 0.003800988 0.178055 0.003800988 0.178055 0.022955 0.17933 0.022955 0.198947 0.022955 0.17933 0.003800988 0.178055 0.03175795 0.178056 0.03175795 0.178056 0.03021699 0.17933 0.022955 0.17933 0.03021699 0.17933 0.03175795 0.178056 0.03175795 0.198947 0.03175795 0.198947 0.03021699 0.198947 0.03021699 0.17933 0.825043 0.213515 0.814492 0.21479 0.814492 0.193898 0.814492 0.193898 0.825043 0.193898 0.825043 0.213515 0.832306 0.193898 0.833846 0.193898 0.833846 0.21479 0.833846 0.21479 0.832306 0.213515 0.832306 0.193898 0.832306 0.213515 0.833846 0.21479 0.814492 0.21479 0.814492 0.21479 0.825043 0.213515 0.832306 0.213515 0.825043 0.193898 0.814492 0.193898 0.814492 0.1730059 0.814492 0.1730059 0.825043 0.174281 0.825043 0.193898 0.825043 0.174281 0.814492 0.1730059 0.833846 0.1730059 0.833846 0.1730059 0.832306 0.174281 0.825043 0.174281 0.832306 0.174281 0.833846 0.1730059 0.833846 0.193898 0.833846 0.193898 0.832306 0.193898 0.832306 0.174281 0.825043 0.171732 0.814492 0.1730059 0.814492 0.152115 0.814492 0.152115 0.825043 0.153389 0.825043 0.171732 0.825043 0.153389 0.814492 0.152115 0.833846 0.152115 0.833846 0.152115 0.832306 0.153389 0.825043 0.153389 0.832306 0.153389 0.833846 0.152115 0.833846 0.1730059 0.833846 0.1730059 0.832306 0.171732 0.832306 0.153389 0.832306 0.171732 0.833846 0.1730059 0.814492 0.1730059 0.814492 0.1730059 0.825043 0.171732 0.832306 0.171732 0.825043 0.15084 0.814492 0.152115 0.814491 0.131223 0.814491 0.131223 0.825043 0.131223 0.825043 0.15084 0.832306 0.131223 0.833846 0.131223 0.833846 0.152115 0.833846 0.152115 0.832306 0.15084 0.832306 0.131223 0.832306 0.15084 0.833846 0.152115 0.814492 0.152115 0.814492 0.152115 0.825043 0.15084 0.832306 0.15084 0.825043 0.131223 0.814491 0.131223 0.814491 0.1103309 0.814491 0.1103309 0.825043 0.111606 0.825043 0.131223 0.825043 0.111606 0.814491 0.1103309 0.833846 0.1103309 0.833846 0.1103309 0.832306 0.111606 0.825043 0.111606 0.832306 0.111606 0.833846 0.1103309 0.833846 0.131223 0.833846 0.131223 0.832306 0.131223 0.832306 0.111606 0.825043 0.109056 0.814491 0.1103309 0.814491 0.08943897 0.814491 0.08943897 0.825043 0.08943897 0.825043 0.109056 0.832306 0.08943897 0.833846 0.08943897 0.833846 0.1103309 0.833846 0.1103309 0.832306 0.109056 0.832306 0.08943897 0.832306 0.109056 0.833846 0.1103309 0.814491 0.1103309 0.814491 0.1103309 0.825043 0.109056 0.832306 0.109056 0.825043 0.08943897 0.814491 0.08943897 0.814491 0.06854701 0.814491 0.06854701 0.825043 0.06982195 0.825043 0.08943897 0.825043 0.06982195 0.814491 0.06854701 0.833846 0.06854701 0.833846 0.06854701 0.832306 0.06982195 0.825043 0.06982195 0.832306 0.06982195 0.833846 0.06854701 0.833846 0.08943897 0.833846 0.08943897 0.832306 0.08943897 0.832306 0.06982195 0.03329896 0.09448796 0.03175795 0.09448796 0.03175795 0.07359695 0.03175795 0.07359695 0.03329896 0.074871 0.03329896 0.09448796 0.03329896 0.074871 0.03175795 0.07359695 0.05111294 0.07359695 0.05111294 0.07359695 0.04056096 0.074871 0.03329896 0.074871 0.04056096 0.074871 0.05111294 0.07359695 0.05111294 0.09448796 0.05111294 0.09448796 0.04056096 0.09448796 0.04056096 0.074871 0.03329896 0.114105 0.03175795 0.11538 0.03175795 0.09448796 0.03175795 0.09448796 0.03329896 0.09448796 0.03329896 0.114105 0.04056096 0.09448796 0.05111294 0.09448796 0.05111294 0.11538 0.05111294 0.11538 0.04056096 0.114105 0.04056096 0.09448796 0.04056096 0.114105 0.05111294 0.11538 0.03175795 0.11538 0.03175795 0.11538 0.03329896 0.114105 0.04056096 0.114105 0.03329896 0.136272 0.03175795 0.136272 0.03175795 0.11538 0.03175795 0.11538 0.03329896 0.116655 0.03329896 0.136272 0.03329896 0.116655 0.03175795 0.11538 0.05111294 0.11538 0.05111294 0.11538 0.04056096 0.116655 0.03329896 0.116655 0.04056096 0.116655 0.05111294 0.11538 0.05111294 0.136272 0.05111294 0.136272 0.04056096 0.136272 0.04056096 0.116655 0.03329896 0.155889 0.03175795 0.157164 0.03175795 0.136272 0.03175795 0.136272 0.03329896 0.136272 0.03329896 0.155889 0.04056096 0.136272 0.05111294 0.136272 0.05111294 0.157164 0.05111294 0.157164 0.04056096 0.155889 0.04056096 0.136272 0.04056096 0.155889 0.05111294 0.157164 0.03175795 0.157164 0.03175795 0.157164 0.03329896 0.155889 0.04056096 0.155889 0.03329896 0.1767809 0.03175795 0.178056 0.03175795 0.157164 0.03175795 0.157164 0.03329896 0.158438 0.03329896 0.1767809 0.03329896 0.158438 0.03175795 0.157164 0.05111294 0.157164 0.05111294 0.157164 0.04056096 0.158438 0.03329896 0.158438 0.04056096 0.158438 0.05111294 0.157164 0.05111294 0.178056 0.05111294 0.178056 0.04056096 0.1767809 0.04056096 0.158438 0.04056096 0.1767809 0.05111294 0.178056 0.03175795 0.178056 0.03175795 0.178056 0.03329896 0.1767809 0.04056096 0.1767809 0.03329896 0.198947 0.03175795 0.198947 0.03175795 0.178056 0.03175795 0.178056 0.03329896 0.17933 0.03329896 0.198947 0.03329896 0.17933 0.03175795 0.178056 0.05111294 0.178056 0.05111294 0.178056 0.04056096 0.17933 0.03329896 0.17933 0.04056096 0.17933 0.05111294 0.178056 0.05111294 0.198947 0.05111294 0.198947 0.04056096 0.198947 0.04056096 0.17933 0.03329896 0.218564 0.03175795 0.219839 0.03175795 0.198947 0.03175795 0.198947 0.03329896 0.198947 0.03329896 0.218564 0.04056096 0.198947 0.05111294 0.198947 0.05111294 0.219839 0.05111294 0.219839 0.04056096 0.218564 0.04056096 0.198947 0.04056096 0.218564 0.05111294 0.219839 0.03175795 0.219839 0.03175795 0.219839 0.03329896 0.218564 0.04056096 0.218564 0.814492 0.193898 0.814492 0.21479 0.805006 0.211282 0.805006 0.211282 0.805006 0.1974059 0.814492 0.193898 0.814492 0.21479 0.687652 0.21479 0.697137 0.211282 0.697137 0.211282 0.805006 0.211282 0.814492 0.21479 0.687652 0.193898 0.814492 0.193898 0.805006 0.1974059 0.805006 0.1974059 0.697137 0.1974059 0.687652 0.193898 0.05111294 0.219839 0.05111294 0.198947 0.06059896 0.202455 0.06059896 0.202455 0.06059795 0.216331 0.05111294 0.219839 0.05111294 0.198947 0.177952 0.198947 0.168467 0.202455 0.168467 0.202455 0.06059896 0.202455 0.05111294 0.198947 0.814491 0.06854701 0.814491 0.08943897 0.805006 0.08593195 0.805006 0.08593195 0.805006 0.07205498 0.814491 0.06854701 0.05111294 0.09448796 0.05111294 0.07359695 0.06059896 0.07710397 0.06059896 0.07710397 0.06059896 0.090981 0.05111294 0.09448796 0.114533 0.07710397 0.06059896 0.07710397 0.05111294 0.07359695 0.05111294 0.07359695 0.114533 0.07359695 0.114533 0.07710397 0.814491 0.08943897 0.814491 0.1103309 0.805006 0.106823 0.805006 0.106823 0.805006 0.092947 0.814491 0.08943897 0.687652 0.08943897 0.814491 0.08943897 0.805006 0.092947 0.805006 0.092947 0.697137 0.092947 0.687652 0.08943897 0.05111294 0.11538 0.05111294 0.09448796 0.06059896 0.09799599 0.06059896 0.09799599 0.06059896 0.111872 0.05111294 0.11538 0.05111294 0.09448796 0.177953 0.09448796 0.168467 0.09799599 0.168467 0.09799599 0.06059896 0.09799599 0.05111294 0.09448796 0.814491 0.1103309 0.814491 0.131223 0.805006 0.127715 0.805006 0.127715 0.805006 0.113839 0.814491 0.1103309 0.687652 0.1103309 0.814491 0.1103309 0.805006 0.113839 0.805006 0.113839 0.697137 0.113839 0.687652 0.1103309 0.05111294 0.136272 0.05111294 0.11538 0.06059896 0.118888 0.06059896 0.118888 0.06059896 0.132764 0.05111294 0.136272 0.05111294 0.11538 0.177953 0.11538 0.168467 0.118888 0.168467 0.118888 0.06059896 0.118888 0.05111294 0.11538 0.814491 0.131223 0.814492 0.152115 0.805006 0.148607 0.805006 0.148607 0.805006 0.1347309 0.814491 0.131223 0.687652 0.131223 0.814491 0.131223 0.805006 0.1347309 0.805006 0.1347309 0.697137 0.1347309 0.687652 0.131223 0.05111294 0.157164 0.05111294 0.136272 0.06059896 0.13978 0.06059896 0.13978 0.06059896 0.153656 0.05111294 0.157164 0.05111294 0.136272 0.177953 0.136272 0.168467 0.13978 0.168467 0.13978 0.06059896 0.13978 0.05111294 0.136272 0.814492 0.152115 0.814492 0.1730059 0.805006 0.169499 0.805006 0.169499 0.805006 0.155622 0.814492 0.152115 0.687652 0.152115 0.814492 0.152115 0.805006 0.155622 0.805006 0.155622 0.697137 0.155622 0.687652 0.152115 0.05111294 0.178056 0.05111294 0.157164 0.06059896 0.1606709 0.06059896 0.1606709 0.06059896 0.174548 0.05111294 0.178056 0.05111294 0.157164 0.177953 0.157164 0.168467 0.160672 0.168467 0.160672 0.06059896 0.1606709 0.05111294 0.157164 0.814492 0.1730059 0.814492 0.193898 0.805006 0.190391 0.805006 0.190391 0.805006 0.176514 0.814492 0.1730059 0.687652 0.1730059 0.814492 0.1730059 0.805006 0.176514 0.805006 0.176514 0.697137 0.176514 0.687652 0.1730059 0.05111294 0.198947 0.05111294 0.178056 0.06059896 0.181563 0.06059896 0.181563 0.06059896 0.1954399 0.05111294 0.198947 0.05111294 0.178056 0.177953 0.178056 0.168467 0.181563 0.168467 0.181563 0.06059896 0.181563 0.05111294 0.178056 0.624866 0.718425 0.614057 0.718418 0.614061 0.711411 0.614061 0.711411 0.62487 0.711417 0.624866 0.718425 0.614102 0.645552 0.614114 0.625935 0.624923 0.625941 0.624923 0.625941 0.624911 0.645558 0.614102 0.645552 0.614061 0.711411 0.614073 0.691794 0.624882 0.6918 0.624882 0.6918 0.62487 0.711417 0.614061 0.711411 0.511032 0.95249 0.511046 0.932873 0.521855 0.93288 0.521855 0.93288 0.521841 0.952497 0.511032 0.95249 0.511027 0.959497 0.511032 0.95249 0.521841 0.952497 0.521841 0.952497 0.521836 0.959505 0.511027 0.959497 0.511079 0.886631 0.511093 0.867014 0.521901 0.867021 0.521901 0.867021 0.521888 0.886638 0.511079 0.886631 0.521869 0.913263 0.51106 0.913256 0.511065 0.906248 0.511065 0.906248 0.521874 0.906255 0.521869 0.913263 0.511046 0.932873 0.51106 0.913256 0.521869 0.913263 0.521869 0.913263 0.521855 0.93288 0.511046 0.932873 0.511065 0.906248 0.511079 0.886631 0.521888 0.886638 0.521888 0.886638 0.521874 0.906255 0.511065 0.906248 0.61408 0.760647 0.614069 0.74103 0.624877 0.741024 0.624877 0.741024 0.624889 0.760641 0.61408 0.760647 0.614084 0.767655 0.61408 0.760647 0.624889 0.760641 0.624889 0.760641 0.624893 0.767649 0.614084 0.767655 0.614096 0.787272 0.614084 0.767655 0.624893 0.767649 0.624893 0.767649 0.624905 0.787266 0.614096 0.787272 0.62492 0.813891 0.614112 0.813897 0.614107 0.806889 0.614107 0.806889 0.624916 0.806883 0.62492 0.813891 0.614069 0.74103 0.614057 0.721413 0.624866 0.721407 0.624866 0.721407 0.624877 0.741024 0.614069 0.74103 0.614107 0.806889 0.614096 0.787272 0.624905 0.787266 0.624905 0.787266 0.624916 0.806883 0.614107 0.806889 0.863928 0.224788 0.85312 0.22478 0.853125 0.217773 0.853125 0.217773 0.863934 0.2177799 0.863928 0.224788 0.853105 0.2431229 0.85312 0.22478 0.863928 0.224788 0.863928 0.224788 0.863914 0.24313 0.853105 0.2431229 0.8531 0.25013 0.853105 0.2431229 0.863914 0.24313 0.863914 0.24313 0.863909 0.250138 0.8531 0.25013 0.853086 0.268473 0.8531 0.25013 0.863909 0.250138 0.863909 0.250138 0.863895 0.26848 0.853086 0.268473 0.61409 0.665169 0.614102 0.645552 0.624911 0.645558 0.624911 0.645558 0.624899 0.665175 0.61409 0.665169 0.614085 0.672176 0.61409 0.665169 0.624899 0.665175 0.624899 0.665175 0.624894 0.672183 0.614085 0.672176 0.614073 0.691794 0.614085 0.672176 0.624894 0.672183 0.624894 0.672183 0.624882 0.6918 0.614073 0.691794 0.913363 0.365756 0.902554 0.365735 0.902594 0.346118 0.902594 0.346118 0.913403 0.346139 0.913363 0.365756 0.913498 0.299897 0.902689 0.299876 0.902729 0.280259 0.902729 0.280259 0.913538 0.28028 0.913498 0.299897 0.913349 0.372763 0.90254 0.372743 0.902554 0.365735 0.902554 0.365735 0.913363 0.365756 0.913349 0.372763 0.913403 0.346139 0.902594 0.346118 0.902635 0.326501 0.902635 0.326501 0.913443 0.326522 0.913403 0.346139 0.913458 0.319514 0.902649 0.319494 0.902689 0.299876 0.902689 0.299876 0.913498 0.299897 0.913458 0.319514 0.616581 0.921551 0.616581 0.93198 0.597572 0.93198 0.597572 0.93198 0.597572 0.921551 0.616581 0.921551 0.642852 0.921551 0.642852 0.93198 0.623843 0.93198 0.623843 0.93198 0.623843 0.921551 0.642852 0.921551 0.623843 0.921551 0.623843 0.93198 0.616581 0.93198 0.616581 0.93198 0.616581 0.921551 0.623843 0.921551 0.925761 0.763884 0.914952 0.763875 0.91497 0.744258 0.91497 0.744258 0.925779 0.744267 0.925761 0.763884 0.925737 0.790509 0.914928 0.790499 0.914946 0.770882 0.914946 0.770882 0.925754 0.770891 0.925737 0.790509 0.925754 0.770891 0.914946 0.770882 0.914952 0.763875 0.914952 0.763875 0.925761 0.763884 0.925754 0.770891 0.925779 0.744267 0.91497 0.744258 0.914988 0.72464 0.914988 0.72464 0.925797 0.724649 0.925779 0.744267 0.925719 0.810126 0.91491 0.810116 0.914928 0.790499 0.914928 0.790499 0.925737 0.790509 0.925719 0.810126 0.608392 0.856112 0.597584 0.856115 0.597578 0.836498 0.597578 0.836498 0.608387 0.836495 0.608392 0.856112 0.6084 0.882737 0.597591 0.88274 0.597586 0.863123 0.597586 0.863123 0.608394 0.86312 0.6084 0.882737 0.608394 0.86312 0.597586 0.863123 0.597584 0.856115 0.597584 0.856115 0.608392 0.856112 0.608394 0.86312 0.608387 0.836495 0.597578 0.836498 0.597572 0.816881 0.597572 0.816881 0.608381 0.816878 0.608387 0.836495 0.608406 0.902354 0.597597 0.902357 0.597591 0.88274 0.597591 0.88274 0.6084 0.882737 0.608406 0.902354 0.597599 0.909364 0.597597 0.902357 0.608406 0.902354 0.608406 0.902354 0.608408 0.909361 0.597599 0.909364 0.914904 0.817124 0.91491 0.810116 0.925719 0.810126 0.925719 0.810126 0.925712 0.817133 0.914904 0.817124 0.650115 0.93198 0.642852 0.93198 0.642852 0.921551 0.642852 0.921551 0.650115 0.921551 0.650115 0.93198 0.902635 0.326501 0.902649 0.319494 0.913458 0.319514 0.913458 0.319514 0.913443 0.326522 0.902635 0.326501 0.933955 0.235939 0.923146 0.235924 0.923168 0.222048 0.923168 0.222048 0.933976 0.222063 0.933955 0.235939 0.923329 0.117962 0.923351 0.104086 0.93416 0.104101 0.93416 0.104101 0.934138 0.117978 0.923329 0.117962 0.923168 0.222048 0.923329 0.117962 0.934138 0.117978 0.934138 0.117978 0.933976 0.222063 0.923168 0.222048 0.923351 0.104086 0.923513 0 0.934322 1.6e-5 0.934322 1.6e-5 0.93416 0.104101 0.923351 0.104086 0.923235 0.617572 0.934044 0.61758 0.933955 0.721667 0.933955 0.721667 0.923146 0.721658 0.923235 0.617572 0.923347 0.485733 0.934156 0.485742 0.934144 0.499618 0.934144 0.499618 0.923336 0.499609 0.923347 0.485733 0.934055 0.603704 0.934044 0.61758 0.923235 0.617572 0.923235 0.617572 0.923247 0.603696 0.934055 0.603704 0.923247 0.603696 0.923291 0.551652 0.9341 0.551661 0.9341 0.551661 0.934055 0.603704 0.923247 0.603696 0.966996 0.343002 0.956187 0.342996 0.956244 0.23891 0.956244 0.23891 0.967053 0.238916 0.966996 0.343002 0.966924 0.47484 0.956115 0.474835 0.956123 0.460958 0.956123 0.460958 0.966932 0.460964 0.966924 0.47484 0.95618 0.356872 0.956187 0.342996 0.966996 0.343002 0.966996 0.343002 0.966988 0.356878 0.95618 0.356872 0.956123 0.460958 0.95618 0.356872 0.966988 0.356878 0.966988 0.356878 0.966932 0.460964 0.956123 0.460958 0.983438 0.104088 0.972629 0.104086 0.972651 0 0.972651 0 0.98346 2e-6 0.983438 0.104088 0.983409 0.235926 0.9726 0.235924 0.972603 0.222048 0.972603 0.222048 0.983412 0.22205 0.983409 0.235926 0.972626 0.117962 0.972629 0.104086 0.983438 0.104088 0.983438 0.104088 0.983435 0.117964 0.972626 0.117962 0.972603 0.222048 0.972626 0.117962 0.983435 0.117964 0.983435 0.117964 0.983412 0.22205 0.972603 0.222048 0.966924 0.82082 0.956115 0.82082 0.956116 0.716734 0.956116 0.716734 0.966924 0.716734 0.966924 0.82082 0.966924 0.952659 0.956115 0.952659 0.956115 0.938782 0.956115 0.938782 0.966924 0.938782 0.966924 0.952659 0.956115 0.834696 0.956115 0.82082 0.966924 0.82082 0.966924 0.82082 0.966924 0.834696 0.956115 0.834696 0.956115 0.938782 0.956115 0.834696 0.966924 0.834696 0.966924 0.834696 0.966924 0.938782 0.956115 0.938782 0.98342 0.581904 0.972612 0.581903 0.972621 0.477817 0.972621 0.477817 0.98343 0.477818 0.98342 0.581904 0.983409 0.713743 0.9726 0.713742 0.972602 0.699865 0.972602 0.699865 0.98341 0.699866 0.983409 0.713743 0.972611 0.595779 0.972612 0.581903 0.98342 0.581904 0.98342 0.581904 0.983419 0.59578 0.972611 0.595779 0.972602 0.699865 0.972611 0.595779 0.983419 0.59578 0.983419 0.59578 0.98341 0.699866 0.972602 0.699865 0.9505 0.589819 0.939691 0.589825 0.939631 0.485739 0.939631 0.485739 0.950439 0.485733 0.9505 0.589819 0.950577 0.721658 0.939768 0.721664 0.93976 0.707787 0.93976 0.707787 0.950569 0.707781 0.950577 0.721658 0.939699 0.603701 0.939691 0.589825 0.9505 0.589819 0.9505 0.589819 0.950508 0.603696 0.939699 0.603701 0.93976 0.707787 0.939699 0.603701 0.950508 0.603696 0.950508 0.603696 0.950569 0.707781 0.93976 0.707787 0.07478398 0.565541 0.08831995 0.565541 0.08832097 0.575971 0.08832097 0.575971 0.07478499 0.575971 0.07478398 0.565541 0.03175795 0.03030395 0.03175795 0.043365 0.003801941 0.043365 0.003801941 0.043365 0.003801941 0.03030395 0.03175795 0.03030395 0.05111294 0.03030395 0.05111294 0.043365 0.03175795 0.043365 0.03175795 0.043365 0.03175795 0.03030395 0.05111294 0.03030395 0.177953 0.043365 0.177953 0.03030395 0.21628 0.03030395 0.21628 0.03030395 0.21628 0.043365 0.177953 0.043365 0.03175795 0.03030395 0.003801941 0.03030395 0.03175795 0.00504899 0.05111294 0.00504899 0.05111294 0.03030395 0.03175795 0.03030395 0.03175795 0.03030395 0.03175795 0.00504899 0.05111294 0.00504899 0.177953 0.00504899 0.21628 0.00504899 0.21628 0.03030395 0.21628 0.03030395 0.177953 0.03030395 0.177953 0.00504899 0.447655 0.868686 0.447655 0.899284 0.436846 0.899284 0.436846 0.899284 0.436846 0.868686 0.447655 0.868686 0.447655 0.899284 0.447655 0.929882 0.436846 0.929882 0.436846 0.929882 0.436846 0.899284 0.447655 0.899284 0.447655 0.807491 0.447655 0.838088 0.436846 0.838088 0.436846 0.838088 0.436846 0.807491 0.447655 0.807491 0.719362 0.02869796 0.719362 0.02525496 0.751072 0.02525496 0.751072 0.02525496 0.751072 0.02869796 0.719362 0.02869796 0.114533 0.03374695 0.114533 0.03030395 0.146243 0.03030395 0.146243 0.03030395 0.146243 0.03374797 0.114533 0.03374695 0.751072 0.02869796 0.751072 0.02525496 0.782782 0.02525496 0.782782 0.02525496 0.782782 0.02869796 0.751072 0.02869796 0.08282297 0.03374695 0.08282297 0.03030395 0.114533 0.03030395 0.114533 0.03030395 0.114533 0.03374695 0.08282297 0.03374695 0.782782 0.02869796 0.782782 0.02525496 0.814491 0.02525496 0.814491 0.02525496 0.811045 0.02869796 0.782782 0.02869796 0.811045 0.02869796 0.814491 0.02525496 0.814491 0.03831595 0.814491 0.03831595 0.811045 0.03487294 0.811045 0.02869796 0.751072 0.03487294 0.811045 0.03487294 0.814491 0.03831595 0.814491 0.03831595 0.751072 0.03831595 0.751072 0.03487294 0.05455994 0.03992199 0.05111294 0.043365 0.05111294 0.03030395 0.05111294 0.03030395 0.05455994 0.03374695 0.05455994 0.03992199 0.05455994 0.03374695 0.05111294 0.03030395 0.08282297 0.03030395 0.08282297 0.03030395 0.08282297 0.03374695 0.05455994 0.03374695 0.05111294 0.043365 0.05455994 0.03992199 0.114533 0.03992199 0.114533 0.03992199 0.114533 0.043365 0.05111294 0.043365 0.146243 0.03374797 0.146243 0.03030395 0.177953 0.03030395 0.177953 0.03030395 0.174506 0.03374797 0.146243 0.03374797 0.174506 0.03374797 0.177953 0.03030395 0.177953 0.043365 0.177953 0.043365 0.174506 0.03992199 0.174506 0.03374797 0.691099 0.02869796 0.687652 0.02525496 0.719362 0.02525496 0.719362 0.02525496 0.719362 0.02869796 0.691099 0.02869796 0.691099 0.03487294 0.687652 0.03831595 0.687652 0.02525496 0.687652 0.02525496 0.691099 0.02869796 0.691099 0.03487294 0.74938 0.003738999 0.751072 0 0.751072 0.02525496 0.751072 0.02525496 0.74938 0.02151596 0.74938 0.003738999 0.74938 0.02151596 0.751072 0.02525496 0.719362 0.02525496 0.719362 0.02525496 0.721053 0.02151596 0.74938 0.02151596 0.721053 0.02151596 0.719362 0.02525496 0.719362 0 0.719362 0 0.721053 0.003738999 0.721053 0.02151596 0.721053 0.003738999 0.719362 0 0.751072 0 0.751072 0 0.74938 0.003738999 0.721053 0.003738999 0.144551 0.008787989 0.146243 0.00504899 0.146243 0.03030395 0.146243 0.03030395 0.144551 0.02656495 0.144551 0.008787989 0.144551 0.02656495 0.146243 0.03030395 0.114533 0.03030395 0.114533 0.03030395 0.116224 0.02656495 0.144551 0.02656495 0.116224 0.02656495 0.114533 0.03030395 0.114533 0.00504899 0.114533 0.00504899 0.116224 0.008787989 0.116224 0.02656495 0.116224 0.008787989 0.114533 0.00504899 0.146243 0.00504899 0.146243 0.00504899 0.144551 0.008787989 0.116224 0.008787989 0.78109 0.003738999 0.782782 0 0.782782 0.02525496 0.782782 0.02525496 0.78109 0.02151596 0.78109 0.003738999 0.78109 0.02151596 0.782782 0.02525496 0.751072 0.02525496 0.751072 0.02525496 0.752763 0.02151596 0.78109 0.02151596 0.752763 0.02151596 0.751072 0.02525496 0.751072 0 0.751072 0 0.752763 0.003738999 0.752763 0.02151596 0.752763 0.003738999 0.751072 0 0.782782 0 0.782782 0 0.78109 0.003738999 0.752763 0.003738999 0.112841 0.008787989 0.114533 0.00504899 0.114533 0.03030395 0.114533 0.03030395 0.112841 0.02656495 0.112841 0.008787989 0.112841 0.02656495 0.114533 0.03030395 0.08282297 0.03030395 0.08282297 0.03030395 0.08451497 0.02656495 0.112841 0.02656495 0.08451497 0.02656495 0.08282297 0.03030395 0.08282297 0.00504899 0.08282297 0.00504899 0.08451497 0.008787989 0.08451497 0.02656495 0.08451497 0.008787989 0.08282297 0.00504899 0.114533 0.00504899 0.114533 0.00504899 0.112841 0.008787989 0.08451497 0.008787989 0.8128 0.003738999 0.814491 0 0.814491 0.02525496 0.814491 0.02525496 0.8128 0.02151596 0.8128 0.003738999 0.8128 0.02151596 0.814491 0.02525496 0.782782 0.02525496 0.782782 0.02525496 0.784473 0.02151596 0.8128 0.02151596 0.784473 0.02151596 0.782782 0.02525496 0.782782 0 0.782782 0 0.784473 0.003738999 0.784473 0.02151596 0.784473 0.003738999 0.782782 0 0.814491 0 0.814491 0 0.8128 0.003738999 0.784473 0.003738999 0.08113199 0.008787989 0.08282297 0.00504899 0.08282297 0.03030395 0.08282297 0.03030395 0.08113199 0.02656495 0.08113199 0.008787989 0.08113199 0.02656495 0.08282297 0.03030395 0.05111294 0.03030395 0.05111294 0.03030395 0.05280494 0.02656495 0.08113199 0.02656495 0.05280494 0.02656495 0.05111294 0.03030395 0.05111294 0.00504899 0.05111294 0.00504899 0.05280494 0.008787989 0.05280494 0.02656495 0.05280494 0.008787989 0.05111294 0.00504899 0.08282297 0.00504899 0.08282297 0.00504899 0.08113199 0.008787989 0.05280494 0.008787989 0.176261 0.02656596 0.177953 0.03030395 0.146243 0.03030395 0.146243 0.03030395 0.147934 0.02656495 0.176261 0.02656596 0.147934 0.02656495 0.146243 0.03030395 0.146243 0.00504899 0.146243 0.00504899 0.147934 0.008787989 0.147934 0.02656495 0.147934 0.008787989 0.146243 0.00504899 0.177953 0.00504899 0.177953 0.00504899 0.176261 0.008787989 0.147934 0.008787989 0.176261 0.008787989 0.177953 0.00504899 0.177953 0.03030395 0.177953 0.03030395 0.176261 0.02656596 0.176261 0.008787989 0.71767 0.003738999 0.719362 0 0.719362 0.02525496 0.719362 0.02525496 0.71767 0.02151596 0.71767 0.003738999 0.71767 0.02151596 0.719362 0.02525496 0.687652 0.02525496 0.687652 0.02525496 0.689343 0.02151596 0.71767 0.02151596 0.689343 0.02151596 0.687652 0.02525496 0.687652 0 0.687652 0 0.689343 0.003738999 0.689343 0.02151596 0.689343 0.003738999 0.687652 0 0.719362 0 0.719362 0 0.71767 0.003738999 0.689343 0.003738999 0.658763 0.106823 0.649325 0.1103309 0.649325 0.08943897 0.649325 0.08943897 0.658763 0.092947 0.658763 0.106823 0.658763 0.092947 0.649325 0.08943897 0.687652 0.08943897 0.687652 0.08943897 0.670731 0.092947 0.658763 0.092947 0.670731 0.092947 0.687652 0.08943897 0.687652 0.1103309 0.687652 0.1103309 0.670731 0.106823 0.670731 0.092947 0.670731 0.106823 0.687652 0.1103309 0.649325 0.1103309 0.649325 0.1103309 0.658763 0.106823 0.670731 0.106823 0.194873 0.09799599 0.177953 0.09448796 0.21628 0.09448796 0.21628 0.09448796 0.206842 0.09799599 0.194873 0.09799599 0.206842 0.09799599 0.21628 0.09448796 0.21628 0.11538 0.21628 0.11538 0.206842 0.111873 0.206842 0.09799599 0.206842 0.111873 0.21628 0.11538 0.177953 0.11538 0.177953 0.11538 0.194873 0.111872 0.206842 0.111873 0.194873 0.111872 0.177953 0.11538 0.177953 0.09448796 0.177953 0.09448796 0.194873 0.09799599 0.194873 0.111872 0.658763 0.127715 0.649325 0.131223 0.649325 0.1103309 0.649325 0.1103309 0.658763 0.113839 0.658763 0.127715 0.658763 0.113839 0.649325 0.1103309 0.687652 0.1103309 0.687652 0.1103309 0.670731 0.113839 0.658763 0.113839 0.670731 0.113839 0.687652 0.1103309 0.687652 0.131223 0.687652 0.131223 0.670731 0.127715 0.670731 0.113839 0.670731 0.127715 0.687652 0.131223 0.649325 0.131223 0.649325 0.131223 0.658763 0.127715 0.670731 0.127715 0.194873 0.118888 0.177953 0.11538 0.21628 0.11538 0.21628 0.11538 0.206842 0.118888 0.194873 0.118888 0.206842 0.118888 0.21628 0.11538 0.21628 0.136272 0.21628 0.136272 0.206842 0.132764 0.206842 0.118888 0.206842 0.132764 0.21628 0.136272 0.177953 0.136272 0.177953 0.136272 0.194873 0.132764 0.206842 0.132764 0.194873 0.132764 0.177953 0.136272 0.177953 0.11538 0.177953 0.11538 0.194873 0.118888 0.194873 0.132764 0.658763 0.148607 0.649325 0.152115 0.649325 0.131223 0.649325 0.131223 0.658763 0.1347309 0.658763 0.148607 0.658763 0.1347309 0.649325 0.131223 0.687652 0.131223 0.687652 0.131223 0.670731 0.1347309 0.658763 0.1347309 0.670731 0.1347309 0.687652 0.131223 0.687652 0.152115 0.687652 0.152115 0.670731 0.148607 0.670731 0.1347309 0.670731 0.148607 0.687652 0.152115 0.649325 0.152115 0.649325 0.152115 0.658763 0.148607 0.670731 0.148607 0.194873 0.13978 0.177953 0.136272 0.21628 0.136272 0.21628 0.136272 0.206842 0.13978 0.194873 0.13978 0.206842 0.13978 0.21628 0.136272 0.21628 0.157164 0.21628 0.157164 0.206842 0.153656 0.206842 0.13978 0.206842 0.153656 0.21628 0.157164 0.177953 0.157164 0.177953 0.157164 0.194873 0.153656 0.206842 0.153656 0.194873 0.153656 0.177953 0.157164 0.177953 0.136272 0.177953 0.136272 0.194873 0.13978 0.194873 0.153656 0.658763 0.169499 0.649325 0.173007 0.649325 0.152115 0.649325 0.152115 0.658763 0.155622 0.658763 0.169499 0.658763 0.155622 0.649325 0.152115 0.687652 0.152115 0.687652 0.152115 0.670731 0.155622 0.658763 0.155622 0.670731 0.155622 0.687652 0.152115 0.687652 0.1730059 0.687652 0.1730059 0.670731 0.169499 0.670731 0.155622 0.670731 0.169499 0.687652 0.1730059 0.649325 0.173007 0.649325 0.173007 0.658763 0.169499 0.670731 0.169499 0.194873 0.160672 0.177953 0.157164 0.21628 0.157164 0.21628 0.157164 0.206842 0.160672 0.194873 0.160672 0.206842 0.160672 0.21628 0.157164 0.21628 0.178056 0.21628 0.178056 0.206842 0.174548 0.206842 0.160672 0.206842 0.174548 0.21628 0.178056 0.177953 0.178056 0.177953 0.178056 0.194873 0.174548 0.206842 0.174548 0.194873 0.174548 0.177953 0.178056 0.177953 0.157164 0.177953 0.157164 0.194873 0.160672 0.194873 0.174548 0.658763 0.190391 0.649325 0.193898 0.649325 0.173007 0.649325 0.173007 0.658763 0.176514 0.658763 0.190391 0.658763 0.176514 0.649325 0.173007 0.687652 0.1730059 0.687652 0.1730059 0.670731 0.176514 0.658763 0.176514 0.670731 0.176514 0.687652 0.1730059 0.687652 0.193898 0.687652 0.193898 0.670731 0.190391 0.670731 0.176514 0.670731 0.190391 0.687652 0.193898 0.649325 0.193898 0.649325 0.193898 0.658763 0.190391 0.670731 0.190391 0.194873 0.181563 0.177953 0.178056 0.21628 0.178056 0.21628 0.178056 0.206842 0.181563 0.194873 0.181563 0.206842 0.181563 0.21628 0.178056 0.21628 0.198947 0.21628 0.198947 0.206842 0.1954399 0.206842 0.181563 0.206842 0.1954399 0.21628 0.198947 0.177952 0.198947 0.177952 0.198947 0.194873 0.1954399 0.206842 0.1954399 0.194873 0.1954399 0.177952 0.198947 0.177953 0.178056 0.177953 0.178056 0.194873 0.181563 0.194873 0.1954399 0.453334 0.03930097 0.464143 0.03930395 0.464139 0.05085295 0.464139 0.05085295 0.453331 0.05084997 0.453334 0.03930097 0.46415 0.013879 0.464146 0.02542799 0.453338 0.02542495 0.453338 0.02542495 0.453341 0.01387596 0.46415 0.013879 0.464154 3e-6 0.46415 0.013879 0.453341 0.01387596 0.453341 0.01387596 0.453345 0 0.464154 3e-6 0.464146 0.02542799 0.464143 0.03930395 0.453334 0.03930097 0.453334 0.03930097 0.453338 0.02542495 0.464146 0.02542799 0.436856 0.257077 0.447665 0.257074 0.447668 0.268623 0.447668 0.268623 0.43686 0.268625 0.436856 0.257077 0.447658 0.231649 0.447661 0.243198 0.436853 0.2432 0.436853 0.2432 0.43685 0.231652 0.447658 0.231649 0.447655 0.217773 0.447658 0.231649 0.43685 0.231652 0.43685 0.231652 0.436846 0.217775 0.447655 0.217773 0.447661 0.243198 0.447665 0.257074 0.436856 0.257077 0.436856 0.257077 0.436853 0.2432 0.447661 0.243198 0.836626 0.03930795 0.847435 0.03930097 0.847442 0.05084997 0.847442 0.05084997 0.836633 0.05085599 0.836626 0.03930795 0.847419 0.01387596 0.847426 0.02542495 0.836617 0.02543097 0.836617 0.02543097 0.83661 0.01388299 0.847419 0.01387596 0.84741 0 0.847419 0.01387596 0.83661 0.01388299 0.83661 0.01388299 0.836601 6e-6 0.84741 0 0.847426 0.02542495 0.847435 0.03930097 0.836626 0.03930795 0.836626 0.03930795 0.836617 0.02543097 0.847426 0.02542495 0.436847 0.465803 0.447655 0.465803 0.447655 0.477352 0.447655 0.477352 0.436846 0.477351 0.436847 0.465803 0.447657 0.440378 0.447656 0.451927 0.436847 0.451926 0.436847 0.451926 0.436848 0.440378 0.447657 0.440378 0.447658 0.426502 0.447657 0.440378 0.436848 0.440378 0.436848 0.440378 0.436849 0.426501 0.447658 0.426502 0.447656 0.451927 0.447655 0.465803 0.436847 0.465803 0.436847 0.465803 0.436847 0.451926 0.447656 0.451927 0.43688 0.03930997 0.447689 0.03930097 0.447699 0.05084997 0.447699 0.05084997 0.43689 0.05085897 0.43688 0.03930997 0.447667 0.01387596 0.447677 0.02542495 0.436868 0.02543395 0.436868 0.02543395 0.436858 0.01388496 0.447667 0.01387596 0.447655 0 0.447667 0.01387596 0.436858 0.01388496 0.436858 0.01388496 0.436846 9e-6 0.447655 0 0.447677 0.02542495 0.447689 0.03930097 0.43688 0.03930997 0.43688 0.03930997 0.436868 0.02543395 0.447677 0.02542495 0.95044 0.272369 0.95044 0.302967 0.939631 0.302967 0.939631 0.302967 0.939631 0.272369 0.95044 0.272369 0.95044 0.302967 0.95044 0.333565 0.939631 0.333565 0.939631 0.333565 0.939631 0.302967 0.95044 0.302967 0.95044 0.360837 0.95044 0.367011 0.939631 0.367011 0.939631 0.367011 0.939631 0.360837 0.95044 0.360837 0.95044 0.333565 0.95044 0.360837 0.939631 0.360837 0.939631 0.360837 0.939631 0.333565 0.95044 0.333565 0.95044 0.245097 0.939631 0.245097 0.939631 0.2389219 0.939631 0.2389219 0.95044 0.2389219 0.95044 0.245097 0.939631 0.272369 0.939631 0.245097 0.95044 0.245097 0.95044 0.245097 0.95044 0.272369 0.939631 0.272369 0.939631 0.367011 0.95044 0.367011 0.950439 0.424881 0.950439 0.424881 0.939631 0.424881 0.939631 0.367011 0.99996 0.693354 0.989151 0.693344 0.98918 0.66601 0.98918 0.66601 0.999989 0.666021 0.99996 0.693354 0.999912 0.738465 0.989104 0.738455 0.989132 0.711121 0.989132 0.711121 0.999941 0.711132 0.999912 0.738465 0.989085 0.756233 0.989104 0.738455 0.999912 0.738465 0.999912 0.738465 0.999894 0.756243 0.989085 0.756233 0.989132 0.711121 0.989151 0.693344 0.99996 0.693354 0.99996 0.693354 0.999941 0.711132 0.989132 0.711121 0.538342 0.894347 0.527533 0.894355 0.527512 0.867022 0.527512 0.867022 0.538321 0.867014 0.538342 0.894347 0.538391 0.957236 0.527582 0.957244 0.527569 0.939466 0.527569 0.939466 0.538377 0.939459 0.538391 0.957236 0.538377 0.939459 0.527569 0.939466 0.527547 0.912133 0.527547 0.912133 0.538356 0.912125 0.538377 0.939459 0.527547 0.912133 0.527533 0.894355 0.538342 0.894347 0.538342 0.894347 0.538356 0.912125 0.527547 0.912133 0.999968 0.600142 0.989159 0.60013 0.989191 0.572796 0.989191 0.572796 1 0.572808 0.999968 0.600142 0.999894 0.663031 0.989085 0.663019 0.989106 0.645241 0.989106 0.645241 0.999915 0.645253 0.999894 0.663031 0.999915 0.645253 0.989106 0.645241 0.989138 0.617907 0.989138 0.617907 0.999947 0.617919 0.999915 0.645253 0.989138 0.617907 0.989159 0.60013 0.999968 0.600142 0.999968 0.600142 0.999947 0.617919 0.989138 0.617907 0.564603 0.872871 0.575411 0.872868 0.575419 0.900201 0.575419 0.900201 0.564611 0.900204 0.564603 0.872871 0.564611 0.900204 0.575419 0.900201 0.575425 0.917979 0.575425 0.917979 0.564616 0.917982 0.564611 0.900204 0.564616 0.917982 0.575425 0.917979 0.575433 0.945312 0.575433 0.945312 0.564624 0.945315 0.564616 0.917982 0.564624 0.945315 0.575433 0.945312 0.575438 0.96309 0.575438 0.96309 0.564629 0.963093 0.564624 0.945315 0.286018 0.575971 0.277944 0.575971 0.277944 0.565541 0.277944 0.565541 0.286018 0.565541 0.286018 0.575971 0 0.226712 0.003800988 0.219839 0.003800988 0.251082 0.003800988 0.251082 0 0.251082 0 0.226712 0.751072 0.06854701 0.814491 0.06854701 0.805006 0.07205498 0.805006 0.07205498 0.751072 0.07205498 0.751072 0.06854701 0.05111294 0.043365 0.05111294 0.05848097 0.03175795 0.05848097 0.03175795 0.05848097 0.03175795 0.043365 0.05111294 0.043365 0.177953 0.07359695 0.177953 0.05848097 0.21628 0.05848097 0.21628 0.05848097 0.21628 0.07359695 0.177953 0.07359695 0.05111294 0.05848097 0.05111294 0.07359695 0.03175795 0.07359695 0.03175795 0.07359695 0.03175795 0.05848097 0.05111294 0.05848097 0.03175795 0.07359695 0.003801941 0.073596 0.003801941 0.05848097 0.003801941 0.05848097 0.03175795 0.05848097 0.03175795 0.07359695 0.119651 0.565541 0.119651 0.575971 0.103986 0.575971 0.103986 0.575971 0.103986 0.565541 0.119651 0.565541 0.168467 0.07710397 0.114533 0.07710397 0.114533 0.07359695 0.114533 0.07359695 0.177953 0.07359695 0.168467 0.07710397 0.923336 0.499609 0.934144 0.499618 0.9341 0.551661 0.9341 0.551661 0.923291 0.551652 0.923336 0.499609 0.687652 0.06854796 0.751072 0.06854701 0.751072 0.07205498 0.751072 0.07205498 0.697137 0.07205498 0.687652 0.06854796 0.691099 0.03487294 0.751072 0.03487294 0.751072 0.03831595 0.751072 0.03831595 0.687652 0.03831595 0.691099 0.03487294 0.939631 0.482751 0.939631 0.424881 0.950439 0.424881 0.950439 0.424881 0.950439 0.482751 0.939631 0.482751 0.177953 0.043365 0.114533 0.043365 0.114533 0.03992199 0.114533 0.03992199 0.174506 0.03992199 0.177953 0.043365 0.111086 0.04577296 0.114533 0.043365 0.114533 0.05848097 0.114533 0.05848097 0.111086 0.05244797 0.111086 0.04577296 0.111086 0.05244797 0.114533 0.05848097 0.05111294 0.05848097 0.05111294 0.05848097 0.05455994 0.05244797 0.111086 0.05244797 0.05455994 0.05244797 0.05111294 0.05848097 0.05111294 0.043365 0.05111294 0.043365 0.05455994 0.04577296 0.05455994 0.05244797 0.05455994 0.04577296 0.05111294 0.043365 0.114533 0.043365 0.114533 0.043365 0.111086 0.04577296 0.05455994 0.04577296 0.811045 0.04739898 0.814491 0.05343198 0.751072 0.05343198 0.751072 0.05343198 0.754518 0.04739898 0.811045 0.04739898 0.754518 0.04739898 0.751072 0.05343198 0.751072 0.03831595 0.751072 0.03831595 0.754518 0.04072397 0.754518 0.04739898 0.754518 0.04072397 0.751072 0.03831595 0.814491 0.03831595 0.814491 0.03831595 0.811045 0.04072397 0.754518 0.04072397 0.811045 0.04072397 0.814491 0.03831595 0.814491 0.05343198 0.814491 0.05343198 0.811045 0.04739898 0.811045 0.04072397 0.05455994 0.07118898 0.05111294 0.07359695 0.05111294 0.05848097 0.05111294 0.05848097 0.05455994 0.06451398 0.05455994 0.07118898 0.05455994 0.06451398 0.05111294 0.05848097 0.114533 0.05848097 0.114533 0.05848097 0.111086 0.06451398 0.05455994 0.06451398 0.111086 0.06451398 0.114533 0.05848097 0.114533 0.07359695 0.114533 0.07359695 0.111086 0.07118898 0.111086 0.06451398 0.111086 0.07118898 0.114533 0.07359695 0.05111294 0.07359695 0.05111294 0.07359695 0.05455994 0.07118898 0.111086 0.07118898 0.754518 0.06613999 0.751072 0.06854701 0.751072 0.05343198 0.751072 0.05343198 0.754518 0.05946499 0.754518 0.06613999 0.754518 0.05946499 0.751072 0.05343198 0.814491 0.05343198 0.814491 0.05343198 0.811045 0.05946499 0.754518 0.05946499 0.811045 0.05946499 0.814491 0.05343198 0.814491 0.06854701 0.814491 0.06854701 0.811045 0.06613999 0.811045 0.05946499 0.811045 0.06613999 0.814491 0.06854701 0.751072 0.06854701 0.751072 0.06854701 0.754518 0.06613999 0.811045 0.06613999 0.174506 0.05244797 0.177953 0.05848097 0.114533 0.05848097 0.114533 0.05848097 0.11798 0.05244797 0.174506 0.05244797 0.11798 0.05244797 0.114533 0.05848097 0.114533 0.043365 0.114533 0.043365 0.11798 0.04577296 0.11798 0.05244797 0.11798 0.04577296 0.114533 0.043365 0.177953 0.043365 0.177953 0.043365 0.174506 0.04577296 0.11798 0.04577296 0.174506 0.04577296 0.177953 0.043365 0.177953 0.05848097 0.177953 0.05848097 0.174506 0.05244797 0.174506 0.04577296 0.11798 0.07118898 0.114533 0.07359695 0.114533 0.05848097 0.114533 0.05848097 0.11798 0.06451398 0.11798 0.07118898 0.11798 0.06451398 0.114533 0.05848097 0.177953 0.05848097 0.177953 0.05848097 0.174506 0.06451398 0.11798 0.06451398 0.174506 0.06451398 0.177953 0.05848097 0.177953 0.07359695 0.177953 0.07359695 0.174506 0.07118898 0.174506 0.06451398 0.174506 0.07118898 0.177953 0.07359695 0.114533 0.07359695 0.114533 0.07359695 0.11798 0.07118898 0.174506 0.07118898 0.691099 0.06613999 0.687652 0.06854796 0.687652 0.05343198 0.687652 0.05343198 0.691099 0.05946499 0.691099 0.06613999 0.691099 0.05946499 0.687652 0.05343198 0.751072 0.05343198 0.751072 0.05343198 0.747625 0.05946499 0.691099 0.05946499 0.747625 0.05946499 0.751072 0.05343198 0.751072 0.06854701 0.751072 0.06854701 0.747625 0.06613999 0.747625 0.05946499 0.747625 0.06613999 0.751072 0.06854701 0.687652 0.06854796 0.687652 0.06854796 0.691099 0.06613999 0.747625 0.06613999 0.747625 0.04072397 0.751072 0.03831595 0.751072 0.05343198 0.751072 0.05343198 0.747625 0.04739898 0.747625 0.04072397 0.747625 0.04739898 0.751072 0.05343198 0.687652 0.05343198 0.687652 0.05343198 0.691099 0.04739898 0.747625 0.04739898 0.691099 0.04739898 0.687652 0.05343198 0.687652 0.03831595 0.687652 0.03831595 0.691099 0.04072397 0.691099 0.04739898 0.691099 0.04072397 0.687652 0.03831595 0.751072 0.03831595 0.751072 0.03831595 0.747625 0.04072397 0.691099 0.04072397 0.886364 0.878295 0.886355 0.888725 0.879438 0.88872 0.879438 0.88872 0.879447 0.87829 0.886364 0.878295 0.879447 0.87829 0.879438 0.88872 0.822912 0.888675 0.822912 0.888675 0.822921 0.878245 0.879447 0.87829 0.822921 0.878245 0.822912 0.888675 0.815995 0.888669 0.815995 0.888669 0.816004 0.87824 0.822921 0.878245 0.94289 0.87834 0.942882 0.88877 0.886355 0.888725 0.886355 0.888725 0.886364 0.878295 0.94289 0.87834 0.896885 0.132749 0.886076 0.132752 0.886057 0.07820796 0.886057 0.07820796 0.896866 0.07820498 0.896885 0.132749 0.896866 0.07820498 0.886057 0.07820796 0.886055 0.07153397 0.886055 0.07153397 0.896864 0.07152998 0.896866 0.07820498 0.896905 0.193967 0.886097 0.193971 0.886078 0.139427 0.886078 0.139427 0.896887 0.139423 0.896905 0.193967 0.896887 0.139423 0.886078 0.139427 0.886076 0.132752 0.886076 0.132752 0.896885 0.132749 0.896887 0.139423 0.1268939 0.888046 0.126887 0.898476 0.07036 0.898441 0.07036 0.898441 0.07036697 0.888011 0.1268939 0.888046 0.07036697 0.888011 0.07036 0.898441 0.063443 0.898436 0.063443 0.898436 0.06344997 0.888007 0.07036697 0.888011 0.06344997 0.888007 0.063443 0.898436 0.006916999 0.898401 0.006916999 0.898401 0.006923973 0.887972 0.06344997 0.888007 0.006923973 0.887972 0.006916999 0.898401 0 0.898397 0 0.898397 7e-6 0.887967 0.006923973 0.887972 0.20636 0.513897 0.206365 0.524327 0.199448 0.52433 0.199448 0.52433 0.199443 0.5139 0.20636 0.513897 0.199443 0.5139 0.199448 0.52433 0.142922 0.524358 0.142922 0.524358 0.142916 0.513929 0.199443 0.5139 0.142916 0.513929 0.142922 0.524358 0.136005 0.524362 0.136005 0.524362 0.135999 0.513932 0.142916 0.513929 0.262886 0.513869 0.262891 0.524298 0.206365 0.524327 0.206365 0.524327 0.20636 0.513897 0.262886 0.513869 0.21628 0 0.21628 0.00504899 0.177953 0.00504899 0.177953 0.00504899 0.1835359 0 0.21628 0 0.09007596 0.838353 0.08242398 0.838353 0.08242398 0.827924 0.08242398 0.827924 0.09007596 0.827924 0.09007596 0.838353 10e-7 0.03799897 0.003801941 0.043365 0.003801941 0.05848097 0.003801941 0.05848097 10e-7 0.05311399 10e-7 0.03799897 0.006820976 0.575973 0 0.575973 0 0.565543 0 0.565543 0.006820976 0.565543 0.006820976 0.575973 0.04673695 0 0.05111294 0.00504899 0.03175795 0.00504899 0.03175795 0.00504899 0.02825999 0 0.04673695 0 10e-7 0.02493798 0.003801941 0.03030395 0.003801941 0.043365 0.003801941 0.043365 10e-7 0.03799897 10e-7 0.02493798 10e-7 0.05311399 0.003801941 0.05848097 0.003801941 0.073596 0.003801941 0.073596 0 0.06822997 10e-7 0.05311399 0.119651 0.565541 0.126387 0.565541 0.126387 0.575971 0.126387 0.575971 0.119651 0.575971 0.119651 0.565541 0.007897973 0 0.01697897 0.00652796 0.007817983 0.01317799 0.007817983 0.01317799 10e-7 0.00762099 0.007897973 0 0.04567795 0.575973 0.04566299 0.565544 0.05683499 0.565543 0.05683499 0.565543 0.05682098 0.575973 0.04567795 0.575973 0.02529895 0.565542 0.04566299 0.565544 0.04567795 0.575973 0.04567795 0.575973 0.02529799 0.575972 0.02529895 0.565542 0.05683499 0.565543 0.07478398 0.565541 0.07478499 0.575971 0.07478499 0.575971 0.05682098 0.575973 0.05683499 0.565543 0.02825999 0 0.03175795 0.00504899 0.01697897 0.00652796 0.01697897 0.00652796 0.007897973 0 0.02825999 0 10e-7 0.02493798 10e-7 0.00762099 0.007817983 0.01317799 0.007817983 0.01317799 0.003801941 0.03030395 10e-7 0.02493798 0.01697897 0.00652796 0.03175795 0.00504899 0.003801941 0.03030395 0.003801941 0.03030395 0.007817983 0.01317799 0.01697897 0.00652796 0.277944 0.552128 0.277944 0.562558 0.256293 0.562558 0.256293 0.562558 0.256293 0.552128 0.277944 0.552128 0.286018 0.552128 0.311274 0.552128 0.311274 0.562558 0.311274 0.562558 0.286018 0.562558 0.286018 0.552128 0.103986 0.552128 0.103986 0.562558 0.08831995 0.562558 0.08831995 0.562558 0.08832097 0.552129 0.103986 0.552128 0.428759 0.219839 0.428759 0.251083 0.400802 0.251083 0.400802 0.251083 0.400802 0.219839 0.428759 0.219839 0.428759 0.05848097 0.400802 0.05848097 0.400802 0.04336595 0.400802 0.04336595 0.428759 0.04336595 0.428759 0.05848097 0.327176 0.896365 0.327176 0.906795 0.295466 0.906795 0.295466 0.906795 0.295466 0.896365 0.327176 0.896365 0.381447 0.219839 0.381447 0.251083 0.254607 0.251082 0.254607 0.251082 0.254607 0.219839 0.381447 0.219839 0.484158 0.21479 0.610997 0.21479 0.610997 0.246033 0.610997 0.246033 0.484158 0.246033 0.484158 0.21479 0.12282 0.838353 0.12282 0.827924 0.155564 0.827924 0.155564 0.827924 0.155564 0.838353 0.12282 0.838353 0.21628 0.05848097 0.21628 0.043365 0.254608 0.043365 0.254608 0.043365 0.254608 0.05848097 0.21628 0.05848097 0.254607 0.219839 0.254607 0.251082 0.21628 0.251082 0.21628 0.251082 0.21628 0.219839 0.254607 0.219839 0.649325 0.193898 0.649325 0.21479 0.610997 0.21479 0.610997 0.21479 0.610997 0.193898 0.649325 0.193898 0.21628 0.198947 0.254607 0.198948 0.254607 0.219839 0.254607 0.219839 0.21628 0.219839 0.21628 0.198947 0.522499 0.864031 0.503144 0.864031 0.494543 0.864031 0.649324 0.06854796 0.649325 0.08943897 0.610997 0.08943897 0.610997 0.08943897 0.610997 0.06854796 0.649324 0.06854796 0.148038 0.552128 0.148038 0.562558 0.126387 0.562558 0.126387 0.562558 0.126387 0.552128 0.148038 0.552128 0.21628 0.09448796 0.21628 0.07359695 0.254608 0.07359695 0.254608 0.07359695 0.254608 0.09448796 0.21628 0.09448796 0.1696889 0.552128 0.1696889 0.562558 0.148038 0.562558 0.148038 0.562558 0.148038 0.552128 0.1696889 0.552128 0.19134 0.552128 0.19134 0.562558 0.1696889 0.562558 0.1696889 0.562558 0.1696889 0.552128 0.19134 0.552128 0.2129909 0.552128 0.2129909 0.562558 0.19134 0.562558 0.19134 0.562558 0.19134 0.552128 0.2129909 0.552128 0.234642 0.552128 0.234642 0.562558 0.2129909 0.562558 0.2129909 0.562558 0.2129909 0.552128 0.234642 0.552128 0.256293 0.552128 0.256293 0.562558 0.234642 0.562558 0.234642 0.562558 0.234642 0.552128 0.256293 0.552128 0.610997 0.193898 0.610997 0.21479 0.601512 0.211282 0.601512 0.211282 0.601512 0.1974059 0.610997 0.193898 0.254607 0.219839 0.254607 0.198948 0.264093 0.202455 0.264093 0.202455 0.264093 0.216332 0.254607 0.219839 0.381447 0.219839 0.254607 0.219839 0.264093 0.216332 0.264093 0.216332 0.371961 0.216332 0.381447 0.219839 0.610997 0.08943897 0.484157 0.08943897 0.493643 0.08593195 0.493643 0.08593195 0.601511 0.08593195 0.610997 0.08943897 0.610997 0.06854796 0.610997 0.08943897 0.601511 0.08593195 0.601511 0.08593195 0.601511 0.07205498 0.610997 0.06854796 0.381447 0.09448897 0.254608 0.09448796 0.264093 0.090981 0.264093 0.090981 0.371962 0.090981 0.381447 0.09448897 0.254608 0.09448796 0.254608 0.07359695 0.264093 0.07710397 0.264093 0.07710397 0.264093 0.090981 0.254608 0.09448796 0.610997 0.1103309 0.484157 0.1103309 0.493643 0.106823 0.493643 0.106823 0.601512 0.106823 0.610997 0.1103309 0.610997 0.08943897 0.610997 0.1103309 0.601512 0.106823 0.601512 0.106823 0.601511 0.092947 0.610997 0.08943897 0.381447 0.11538 0.254608 0.11538 0.264093 0.111873 0.264093 0.111873 0.371962 0.111873 0.381447 0.11538 0.254608 0.11538 0.254608 0.09448796 0.264093 0.09799599 0.264093 0.09799599 0.264093 0.111873 0.254608 0.11538 0.610997 0.131223 0.484157 0.131223 0.493643 0.127715 0.493643 0.127715 0.601512 0.127715 0.610997 0.131223 0.610997 0.1103309 0.610997 0.131223 0.601512 0.127715 0.601512 0.127715 0.601512 0.113839 0.610997 0.1103309 0.381447 0.136272 0.254608 0.136272 0.264093 0.132764 0.264093 0.132764 0.371962 0.1327649 0.381447 0.136272 0.254608 0.136272 0.254608 0.11538 0.264093 0.118888 0.264093 0.118888 0.264093 0.132764 0.254608 0.136272 0.610997 0.152115 0.484157 0.152115 0.493643 0.148607 0.493643 0.148607 0.601512 0.148607 0.610997 0.152115 0.610997 0.131223 0.610997 0.152115 0.601512 0.148607 0.601512 0.148607 0.601512 0.1347309 0.610997 0.131223 0.381447 0.157164 0.254607 0.157164 0.264093 0.153656 0.264093 0.153656 0.371962 0.153656 0.381447 0.157164 0.254607 0.157164 0.254608 0.136272 0.264093 0.13978 0.264093 0.13978 0.264093 0.153656 0.254607 0.157164 0.610997 0.173007 0.484157 0.173007 0.493643 0.169499 0.493643 0.169499 0.601512 0.169499 0.610997 0.173007 0.610997 0.152115 0.610997 0.173007 0.601512 0.169499 0.601512 0.169499 0.601512 0.155622 0.610997 0.152115 0.381447 0.178056 0.254607 0.178056 0.264093 0.174548 0.264093 0.174548 0.371962 0.174548 0.381447 0.178056 0.254607 0.178056 0.254607 0.157164 0.264093 0.160672 0.264093 0.160672 0.264093 0.174548 0.254607 0.178056 0.610997 0.193898 0.484157 0.193898 0.493643 0.190391 0.493643 0.190391 0.601512 0.190391 0.610997 0.193898 0.610997 0.173007 0.610997 0.193898 0.601512 0.190391 0.601512 0.190391 0.601512 0.176514 0.610997 0.173007 0.381447 0.198948 0.254607 0.198948 0.264093 0.1954399 0.264093 0.1954399 0.371961 0.1954399 0.381447 0.198948 0.254607 0.198948 0.254607 0.178056 0.264093 0.181563 0.264093 0.181563 0.264093 0.1954399 0.254607 0.198948 0.445447 0.06854796 0.445447 0.08943897 0.436846 0.08943897 0.436846 0.08943897 0.436846 0.06854796 0.445447 0.06854796 0.445447 0.08943897 0.445447 0.1103309 0.436846 0.1103309 0.436846 0.1103309 0.436846 0.08943897 0.445447 0.08943897 0.445447 0.1103309 0.445447 0.131223 0.436846 0.131223 0.436846 0.131223 0.436846 0.1103309 0.445447 0.1103309 0.445447 0.131223 0.445447 0.152115 0.436846 0.152115 0.436846 0.152115 0.436846 0.131223 0.445447 0.131223 0.445447 0.152115 0.445447 0.173007 0.436846 0.173007 0.436846 0.173007 0.436846 0.152115 0.445447 0.152115 0.445447 0.173007 0.445447 0.193898 0.436846 0.193898 0.436846 0.193898 0.436846 0.173007 0.445447 0.173007 0.445447 0.193898 0.445447 0.21479 0.436846 0.21479 0.436846 0.21479 0.436846 0.193898 0.445447 0.193898 0.02529799 0.552127 0.02529895 0.562557 0.006820976 0.562557 0.006820976 0.562557 0.006820976 0.552127 0.02529799 0.552127 0.381447 0.219839 0.400802 0.219839 0.400802 0.251083 0.400802 0.251083 0.381447 0.251083 0.381447 0.219839 0.464802 0.193898 0.464802 0.21479 0.463262 0.213515 0.463262 0.213515 0.463262 0.193898 0.464802 0.193898 0.445447 0.21479 0.445447 0.193898 0.455999 0.193898 0.455999 0.193898 0.455999 0.213515 0.445447 0.21479 0.464802 0.21479 0.445447 0.21479 0.455999 0.213515 0.455999 0.213515 0.463262 0.213515 0.464802 0.21479 0.428759 0.198948 0.428759 0.219839 0.409605 0.218565 0.409605 0.218565 0.409605 0.198948 0.428759 0.198948 0.400802 0.219839 0.400802 0.198948 0.402343 0.198948 0.402343 0.198948 0.402343 0.218565 0.400802 0.219839 0.428759 0.219839 0.400802 0.219839 0.402343 0.218565 0.402343 0.218565 0.409605 0.218565 0.428759 0.219839 0.464802 0.06854796 0.464802 0.08943897 0.463261 0.08943897 0.463261 0.08943897 0.463261 0.06982195 0.464802 0.06854796 0.445447 0.06854796 0.464802 0.06854796 0.463261 0.06982195 0.463261 0.06982195 0.455999 0.06982195 0.445447 0.06854796 0.445447 0.08943897 0.445447 0.06854796 0.455999 0.06982195 0.455999 0.06982195 0.455999 0.08943897 0.445447 0.08943897 0.428759 0.07359695 0.428759 0.09448897 0.409605 0.09448897 0.409605 0.09448897 0.409605 0.07487195 0.428759 0.07359695 0.400802 0.07359695 0.428759 0.07359695 0.409605 0.07487195 0.409605 0.07487195 0.402343 0.07487195 0.400802 0.07359695 0.400802 0.09448897 0.400802 0.07359695 0.402343 0.07487195 0.402343 0.07487195 0.402343 0.09448897 0.400802 0.09448897 0.464802 0.08943897 0.464802 0.1103309 0.463261 0.109056 0.463261 0.109056 0.463261 0.08943897 0.464802 0.08943897 0.445447 0.1103309 0.445447 0.08943897 0.455999 0.08943897 0.455999 0.08943897 0.455999 0.109057 0.445447 0.1103309 0.464802 0.1103309 0.445447 0.1103309 0.455999 0.109057 0.455999 0.109057 0.463261 0.109056 0.464802 0.1103309 0.428759 0.09448897 0.428759 0.11538 0.409605 0.1141059 0.409605 0.1141059 0.409605 0.09448897 0.428759 0.09448897 0.400802 0.11538 0.400802 0.09448897 0.402343 0.09448897 0.402343 0.09448897 0.402343 0.1141059 0.400802 0.11538 0.428759 0.11538 0.400802 0.11538 0.402343 0.1141059 0.402343 0.1141059 0.409605 0.1141059 0.428759 0.11538 0.464802 0.1103309 0.464802 0.131223 0.463261 0.131223 0.463261 0.131223 0.463261 0.111606 0.464802 0.1103309 0.445447 0.1103309 0.464802 0.1103309 0.463261 0.111606 0.463261 0.111606 0.455999 0.111606 0.445447 0.1103309 0.445447 0.131223 0.445447 0.1103309 0.455999 0.111606 0.455999 0.111606 0.455999 0.131223 0.445447 0.131223 0.428759 0.11538 0.428759 0.136272 0.409605 0.136272 0.409605 0.136272 0.409605 0.116655 0.428759 0.11538 0.400802 0.11538 0.428759 0.11538 0.409605 0.116655 0.409605 0.116655 0.402343 0.116655 0.400802 0.11538 0.400802 0.136272 0.400802 0.11538 0.402343 0.116655 0.402343 0.116655 0.402343 0.136272 0.400802 0.136272 0.464802 0.131223 0.464802 0.152115 0.463261 0.15084 0.463261 0.15084 0.463261 0.131223 0.464802 0.131223 0.445447 0.152115 0.445447 0.131223 0.455999 0.131223 0.455999 0.131223 0.455999 0.15084 0.445447 0.152115 0.464802 0.152115 0.445447 0.152115 0.455999 0.15084 0.455999 0.15084 0.463261 0.15084 0.464802 0.152115 0.428759 0.136272 0.428759 0.157164 0.409605 0.155889 0.409605 0.155889 0.409605 0.136272 0.428759 0.136272 0.400802 0.157164 0.400802 0.136272 0.402343 0.136272 0.402343 0.136272 0.402343 0.155889 0.400802 0.157164 0.428759 0.157164 0.400802 0.157164 0.402343 0.155889 0.402343 0.155889 0.409605 0.155889 0.428759 0.157164 0.464802 0.152115 0.464802 0.173007 0.463262 0.171732 0.463262 0.171732 0.463261 0.153389 0.464802 0.152115 0.445447 0.152115 0.464802 0.152115 0.463261 0.153389 0.463261 0.153389 0.455999 0.153389 0.445447 0.152115 0.445447 0.173007 0.445447 0.152115 0.455999 0.153389 0.455999 0.153389 0.455999 0.171732 0.445447 0.173007 0.464802 0.173007 0.445447 0.173007 0.455999 0.171732 0.455999 0.171732 0.463262 0.171732 0.464802 0.173007 0.428759 0.157164 0.428759 0.178056 0.409605 0.1767809 0.409605 0.1767809 0.409605 0.158439 0.428759 0.157164 0.400802 0.157164 0.428759 0.157164 0.409605 0.158439 0.409605 0.158439 0.402343 0.158439 0.400802 0.157164 0.400802 0.178056 0.400802 0.157164 0.402343 0.158439 0.402343 0.158439 0.402343 0.1767809 0.400802 0.178056 0.428759 0.178056 0.400802 0.178056 0.402343 0.1767809 0.402343 0.1767809 0.409605 0.1767809 0.428759 0.178056 0.464802 0.173007 0.464802 0.193898 0.463262 0.193898 0.463262 0.193898 0.463262 0.174281 0.464802 0.173007 0.445447 0.173007 0.464802 0.173007 0.463262 0.174281 0.463262 0.174281 0.455999 0.174281 0.445447 0.173007 0.445447 0.193898 0.445447 0.173007 0.455999 0.174281 0.455999 0.174281 0.455999 0.193898 0.445447 0.193898 0.428759 0.178056 0.428759 0.198948 0.409605 0.198948 0.409605 0.198948 0.409605 0.179331 0.428759 0.178056 0.400802 0.178056 0.428759 0.178056 0.409605 0.179331 0.409605 0.179331 0.402343 0.179331 0.400802 0.178056 0.400802 0.198948 0.400802 0.178056 0.402343 0.179331 0.402343 0.179331 0.402343 0.198948 0.400802 0.198948 0.484157 0.193898 0.484158 0.21479 0.473606 0.213515 0.473606 0.213515 0.473606 0.193898 0.484157 0.193898 0.464802 0.21479 0.464802 0.193898 0.466343 0.193898 0.466343 0.193898 0.466343 0.213515 0.464802 0.21479 0.484158 0.21479 0.464802 0.21479 0.466343 0.213515 0.466343 0.213515 0.473606 0.213515 0.484158 0.21479 0.484157 0.173007 0.484157 0.193898 0.473606 0.193898 0.473606 0.193898 0.473606 0.174281 0.484157 0.173007 0.464802 0.173007 0.484157 0.173007 0.473606 0.174281 0.473606 0.174281 0.466343 0.174281 0.464802 0.173007 0.464802 0.193898 0.464802 0.173007 0.466343 0.174281 0.466343 0.174281 0.466343 0.193898 0.464802 0.193898 0.484157 0.152115 0.484157 0.173007 0.473606 0.171732 0.473606 0.171732 0.473606 0.153389 0.484157 0.152115 0.464802 0.152115 0.484157 0.152115 0.473606 0.153389 0.473606 0.153389 0.466343 0.153389 0.464802 0.152115 0.464802 0.173007 0.464802 0.152115 0.466343 0.153389 0.466343 0.153389 0.466343 0.171732 0.464802 0.173007 0.484157 0.173007 0.464802 0.173007 0.466343 0.171732 0.466343 0.171732 0.473606 0.171732 0.484157 0.173007 0.484157 0.131223 0.484157 0.152115 0.473606 0.15084 0.473606 0.15084 0.473606 0.131223 0.484157 0.131223 0.464802 0.152115 0.464802 0.131223 0.466343 0.131223 0.466343 0.131223 0.466343 0.15084 0.464802 0.152115 0.484157 0.152115 0.464802 0.152115 0.466343 0.15084 0.466343 0.15084 0.473606 0.15084 0.484157 0.152115 0.484157 0.1103309 0.484157 0.131223 0.473606 0.131223 0.473606 0.131223 0.473606 0.111606 0.484157 0.1103309 0.464802 0.1103309 0.484157 0.1103309 0.473606 0.111606 0.473606 0.111606 0.466343 0.111606 0.464802 0.1103309 0.464802 0.131223 0.464802 0.1103309 0.466343 0.111606 0.466343 0.111606 0.466343 0.131223 0.464802 0.131223 0.484157 0.08943897 0.484157 0.1103309 0.473606 0.109056 0.473606 0.109056 0.473606 0.08943897 0.484157 0.08943897 0.464802 0.1103309 0.464802 0.08943897 0.466343 0.08943897 0.466343 0.08943897 0.466343 0.109056 0.464802 0.1103309 0.484157 0.1103309 0.464802 0.1103309 0.466343 0.109056 0.466343 0.109056 0.473606 0.109056 0.484157 0.1103309 0.484157 0.06854796 0.484157 0.08943897 0.473606 0.08943897 0.473606 0.08943897 0.473606 0.06982195 0.484157 0.06854796 0.464802 0.06854796 0.484157 0.06854796 0.473606 0.06982195 0.473606 0.06982195 0.466343 0.06982195 0.464802 0.06854796 0.464802 0.08943897 0.464802 0.06854796 0.466343 0.06982195 0.466343 0.06982195 0.466343 0.08943897 0.464802 0.08943897 0.400802 0.07359695 0.400802 0.09448897 0.399261 0.09448897 0.399261 0.09448897 0.399261 0.07487195 0.400802 0.07359695 0.381447 0.07359695 0.400802 0.07359695 0.399261 0.07487195 0.399261 0.07487195 0.391999 0.07487195 0.381447 0.07359695 0.381447 0.09448897 0.381447 0.07359695 0.391999 0.07487195 0.391999 0.07487195 0.391999 0.09448897 0.381447 0.09448897 0.400802 0.09448897 0.400802 0.11538 0.399261 0.1141059 0.399261 0.1141059 0.399261 0.09448897 0.400802 0.09448897 0.381447 0.11538 0.381447 0.09448897 0.391999 0.09448897 0.391999 0.09448897 0.391999 0.1141059 0.381447 0.11538 0.400802 0.11538 0.381447 0.11538 0.391999 0.1141059 0.391999 0.1141059 0.399261 0.1141059 0.400802 0.11538 0.400802 0.11538 0.400802 0.136272 0.399261 0.136272 0.399261 0.136272 0.399261 0.116655 0.400802 0.11538 0.381447 0.11538 0.400802 0.11538 0.399261 0.116655 0.399261 0.116655 0.391999 0.116655 0.381447 0.11538 0.381447 0.136272 0.381447 0.11538 0.391999 0.116655 0.391999 0.116655 0.391999 0.136272 0.381447 0.136272 0.400802 0.136272 0.400802 0.157164 0.399261 0.155889 0.399261 0.155889 0.399261 0.136272 0.400802 0.136272 0.381447 0.157164 0.381447 0.136272 0.391999 0.136272 0.391999 0.136272 0.391999 0.155889 0.381447 0.157164 0.400802 0.157164 0.381447 0.157164 0.391999 0.155889 0.391999 0.155889 0.399261 0.155889 0.400802 0.157164 0.400802 0.157164 0.400802 0.178056 0.399261 0.1767809 0.399261 0.1767809 0.399261 0.158439 0.400802 0.157164 0.381447 0.157164 0.400802 0.157164 0.399261 0.158439 0.399261 0.158439 0.391999 0.158439 0.381447 0.157164 0.381447 0.178056 0.381447 0.157164 0.391999 0.158439 0.391999 0.158439 0.391999 0.1767809 0.381447 0.178056 0.400802 0.178056 0.381447 0.178056 0.391999 0.1767809 0.391999 0.1767809 0.399261 0.1767809 0.400802 0.178056 0.400802 0.178056 0.400802 0.198948 0.399261 0.198948 0.399261 0.198948 0.399261 0.179331 0.400802 0.178056 0.381447 0.178056 0.400802 0.178056 0.399261 0.179331 0.399261 0.179331 0.391999 0.179331 0.381447 0.178056 0.381447 0.198948 0.381447 0.178056 0.391999 0.179331 0.391999 0.179331 0.391999 0.198948 0.381447 0.198948 0.400802 0.198948 0.400802 0.219839 0.399261 0.218565 0.399261 0.218565 0.399261 0.198948 0.400802 0.198948 0.381447 0.219839 0.381447 0.198948 0.391999 0.198948 0.391999 0.198948 0.391999 0.218565 0.381447 0.219839 0.400802 0.219839 0.381447 0.219839 0.391999 0.218565 0.391999 0.218565 0.399261 0.218565 0.400802 0.219839 0.493643 0.211282 0.484158 0.21479 0.484157 0.193898 0.484157 0.193898 0.493643 0.1974059 0.493643 0.211282 0.601512 0.211282 0.610997 0.21479 0.484158 0.21479 0.484158 0.21479 0.493643 0.211282 0.601512 0.211282 0.493643 0.1974059 0.484157 0.193898 0.610997 0.193898 0.610997 0.193898 0.601512 0.1974059 0.493643 0.1974059 0.371961 0.202455 0.381447 0.198948 0.381447 0.219839 0.381447 0.219839 0.371961 0.216332 0.371961 0.202455 0.264093 0.202455 0.254607 0.198948 0.381447 0.198948 0.381447 0.198948 0.371961 0.202455 0.264093 0.202455 0.493643 0.08593195 0.484157 0.08943897 0.484157 0.06854796 0.484157 0.06854796 0.493643 0.07205498 0.493643 0.08593195 0.371962 0.07710498 0.381447 0.07359695 0.381447 0.09448897 0.381447 0.09448897 0.371962 0.090981 0.371962 0.07710498 0.381447 0.07359695 0.371962 0.07710498 0.318027 0.07710498 0.318027 0.07710498 0.318027 0.07359695 0.381447 0.07359695 0.493643 0.106823 0.484157 0.1103309 0.484157 0.08943897 0.484157 0.08943897 0.493643 0.092947 0.493643 0.106823 0.493643 0.092947 0.484157 0.08943897 0.610997 0.08943897 0.610997 0.08943897 0.601511 0.092947 0.493643 0.092947 0.371962 0.09799599 0.381447 0.09448897 0.381447 0.11538 0.381447 0.11538 0.371962 0.111873 0.371962 0.09799599 0.264093 0.09799599 0.254608 0.09448796 0.381447 0.09448897 0.381447 0.09448897 0.371962 0.09799599 0.264093 0.09799599 0.493643 0.127715 0.484157 0.131223 0.484157 0.1103309 0.484157 0.1103309 0.493643 0.113839 0.493643 0.127715 0.493643 0.113839 0.484157 0.1103309 0.610997 0.1103309 0.610997 0.1103309 0.601512 0.113839 0.493643 0.113839 0.371962 0.118888 0.381447 0.11538 0.381447 0.136272 0.381447 0.136272 0.371962 0.1327649 0.371962 0.118888 0.264093 0.118888 0.254608 0.11538 0.381447 0.11538 0.381447 0.11538 0.371962 0.118888 0.264093 0.118888 0.493643 0.148607 0.484157 0.152115 0.484157 0.131223 0.484157 0.131223 0.493643 0.1347309 0.493643 0.148607 0.493643 0.1347309 0.484157 0.131223 0.610997 0.131223 0.610997 0.131223 0.601512 0.1347309 0.493643 0.1347309 0.371962 0.13978 0.381447 0.136272 0.381447 0.157164 0.381447 0.157164 0.371962 0.153656 0.371962 0.13978 0.264093 0.13978 0.254608 0.136272 0.381447 0.136272 0.381447 0.136272 0.371962 0.13978 0.264093 0.13978 0.493643 0.169499 0.484157 0.173007 0.484157 0.152115 0.484157 0.152115 0.493643 0.155623 0.493643 0.169499 0.493643 0.155623 0.484157 0.152115 0.610997 0.152115 0.610997 0.152115 0.601512 0.155622 0.493643 0.155623 0.371962 0.160672 0.381447 0.157164 0.381447 0.178056 0.381447 0.178056 0.371962 0.174548 0.371962 0.160672 0.264093 0.160672 0.254607 0.157164 0.381447 0.157164 0.381447 0.157164 0.371962 0.160672 0.264093 0.160672 0.493643 0.190391 0.484157 0.193898 0.484157 0.173007 0.484157 0.173007 0.493643 0.176514 0.493643 0.190391 0.493643 0.176514 0.484157 0.173007 0.610997 0.173007 0.610997 0.173007 0.601512 0.176514 0.493643 0.176514 0.371962 0.181564 0.381447 0.178056 0.381447 0.198948 0.381447 0.198948 0.371961 0.1954399 0.371962 0.181564 0.264093 0.181563 0.254607 0.178056 0.381447 0.178056 0.381447 0.178056 0.371962 0.181564 0.264093 0.181563 0.691379 0.915637 0.684117 0.915637 0.684117 0.905207 0.684117 0.905207 0.691379 0.905207 0.691379 0.915637 0.779962 0.905207 0.779962 0.915636 0.759632 0.915636 0.759632 0.915636 0.759632 0.905207 0.779962 0.905207 0.711709 0.905207 0.711709 0.915637 0.691379 0.915637 0.691379 0.915637 0.691379 0.905207 0.711709 0.905207 0.989085 0.447723 0.999894 0.447723 0.999894 0.46734 0.999894 0.46734 0.989085 0.46734 0.989085 0.447723 0.989085 0.46734 0.999894 0.46734 0.999894 0.474348 0.999894 0.474348 0.989085 0.474348 0.989085 0.46734 0.989085 0.381864 0.999894 0.381864 0.999894 0.401481 0.999894 0.401481 0.989085 0.401481 0.989085 0.381864 0.999894 0.421099 0.999894 0.428106 0.989085 0.428106 0.989085 0.428106 0.989085 0.421099 0.999894 0.421099 0.989085 0.428106 0.999894 0.428106 0.999894 0.447723 0.999894 0.447723 0.989085 0.447723 0.989085 0.428106 0.989085 0.401481 0.999894 0.401481 0.999894 0.421099 0.999894 0.421099 0.989085 0.421099 0.989085 0.401481 0.989085 0.496948 0.999894 0.496948 0.999894 0.516565 0.999894 0.516565 0.989085 0.516565 0.989085 0.496948 0.989085 0.516565 0.999894 0.516565 0.999894 0.523572 0.999894 0.523572 0.989085 0.523572 0.989085 0.516565 0.989085 0.523572 0.999894 0.523572 0.999894 0.543189 0.999894 0.543189 0.989085 0.543189 0.989085 0.523572 0.999894 0.562806 0.999894 0.569814 0.989085 0.569814 0.989085 0.569814 0.989085 0.562806 0.999894 0.562806 0.989085 0.47733 0.999894 0.47733 0.999894 0.496948 0.999894 0.496948 0.989085 0.496948 0.989085 0.47733 0.989085 0.543189 0.999894 0.543189 0.999894 0.562806 0.999894 0.562806 0.989085 0.562806 0.989085 0.543189 0.307534 0.92319 0.307534 0.930198 0.296726 0.930198 0.296726 0.930198 0.296725 0.92319 0.307534 0.92319 0.296726 0.930198 0.307534 0.930198 0.307534 0.94854 0.307534 0.94854 0.296725 0.94854 0.296726 0.930198 0.296725 0.94854 0.307534 0.94854 0.307534 0.955548 0.307534 0.955548 0.296725 0.955548 0.296725 0.94854 0.296725 0.955548 0.307534 0.955548 0.307534 0.97389 0.307534 0.97389 0.296725 0.97389 0.296725 0.955548 0.759632 0.905207 0.759632 0.915636 0.739302 0.915637 0.739302 0.915637 0.739302 0.905207 0.759632 0.905207 0.739302 0.905207 0.739302 0.915637 0.732039 0.915637 0.732039 0.915637 0.732039 0.905207 0.739302 0.905207 0.732039 0.905207 0.732039 0.915637 0.711709 0.915637 0.711709 0.915637 0.711709 0.905207 0.732039 0.905207 0.2625 0.920208 0.24217 0.920207 0.24217 0.909778 0.24217 0.909778 0.2625 0.909778 0.2625 0.920208 0.330752 0.920208 0.310422 0.920207 0.310422 0.909778 0.310422 0.909778 0.330752 0.909778 0.330752 0.920208 0.24217 0.920207 0.234908 0.920207 0.234908 0.909778 0.234908 0.909778 0.24217 0.909778 0.24217 0.920207 0.28283 0.920207 0.2625 0.920208 0.2625 0.909778 0.2625 0.909778 0.28283 0.909778 0.28283 0.920207 0.310422 0.920207 0.290092 0.920208 0.290092 0.909778 0.290092 0.909778 0.310422 0.909778 0.310422 0.920207 0.115393 0.987303 0.115393 0.96896 0.126202 0.96896 0.126202 0.96896 0.126202 0.987303 0.115393 0.987303 0.115393 0.961953 0.115393 0.94361 0.126202 0.94361 0.126202 0.94361 0.126202 0.961953 0.115393 0.961953 0.115393 0.96896 0.115393 0.961953 0.126202 0.961953 0.126202 0.961953 0.126202 0.96896 0.115393 0.96896 0.374752 0.513869 0.395082 0.513869 0.395082 0.524298 0.395082 0.524298 0.374752 0.524298 0.374752 0.513869 0.402344 0.513869 0.422674 0.513869 0.422674 0.524298 0.422674 0.524298 0.402344 0.524298 0.402344 0.513869 0.395082 0.513869 0.402344 0.513869 0.402344 0.524298 0.402344 0.524298 0.395082 0.524298 0.395082 0.513869 0.354422 0.513869 0.374752 0.513869 0.374752 0.524298 0.374752 0.524298 0.354422 0.524298 0.354422 0.513869 0.422674 0.513869 0.443004 0.513869 0.443004 0.524299 0.443004 0.524299 0.422674 0.524298 0.422674 0.513869 0.152208 0.909778 0.172538 0.909778 0.172538 0.920208 0.172538 0.920208 0.152208 0.920208 0.152208 0.909778 0.1798 0.909778 0.20013 0.909778 0.20013 0.920208 0.20013 0.920208 0.1798 0.920208 0.1798 0.909778 0.172538 0.909778 0.1798 0.909778 0.1798 0.920208 0.1798 0.920208 0.172538 0.920208 0.172538 0.909778 0.131878 0.909778 0.152208 0.909778 0.152208 0.920208 0.152208 0.920208 0.131878 0.920208 0.131878 0.909778 0.20013 0.909778 0.2204599 0.909778 0.2204599 0.920208 0.2204599 0.920208 0.20013 0.920208 0.20013 0.909778 0.2204599 0.920208 0.2204599 0.909778 0.227723 0.909778 0.227723 0.909778 0.227723 0.920208 0.2204599 0.920208 0.443004 0.524299 0.443004 0.513869 0.450267 0.513869 0.450267 0.513869 0.450267 0.524299 0.443004 0.524299 0.126202 0.94361 0.115393 0.94361 0.115393 0.936603 0.115393 0.936603 0.126202 0.936603 0.126202 0.94361 0.290092 0.909778 0.290092 0.920208 0.28283 0.920207 0.28283 0.920207 0.28283 0.909778 0.290092 0.909778 0.01438099 0.85816 0 0.85816 0 0.84773 0 0.84773 0.01438099 0.847731 0.01438099 0.85816 0.136629 0.847731 0.136629 0.85816 0.122249 0.85816 0.122249 0.85816 0.122249 0.847731 0.136629 0.847731 0.122249 0.847731 0.122249 0.85816 0.01438099 0.85816 0.01438099 0.85816 0.01438099 0.847731 0.122249 0.847731 0.244498 0.847731 0.244498 0.85816 0.136629 0.85816 0.136629 0.85816 0.136629 0.847731 0.244498 0.847731 0.244499 0.884985 0.1366299 0.884985 0.1366299 0.874555 0.1366299 0.874555 0.244499 0.874555 0.244499 0.884985 0.01438099 0.884985 0 0.884985 0 0.874555 0 0.874555 0.01438099 0.874555 0.01438099 0.884985 0.1366299 0.874555 0.1366299 0.884985 0.122249 0.884985 0.122249 0.884985 0.122249 0.874555 0.1366299 0.874555 0.06831496 0.884985 0.06831496 0.874555 0.122249 0.874555 0.122249 0.874555 0.122249 0.884985 0.06831496 0.884985 0.642905 0.797762 0.750774 0.797763 0.750773 0.808193 0.750773 0.808193 0.642905 0.808192 0.642905 0.797762 0.873023 0.797764 0.887403 0.797764 0.887403 0.808194 0.887403 0.808194 0.873022 0.808194 0.873023 0.797764 0.750773 0.808193 0.750774 0.797763 0.765154 0.797763 0.765154 0.797763 0.765154 0.808193 0.750773 0.808193 0.765154 0.808193 0.765154 0.797763 0.873023 0.797764 0.873023 0.797764 0.873022 0.808194 0.765154 0.808193 0.168969 0.820904 0.276837 0.820905 0.276837 0.831335 0.276837 0.831335 0.168969 0.831334 0.168969 0.820904 0.399086 0.820906 0.413467 0.820906 0.413467 0.831335 0.413467 0.831335 0.399086 0.831335 0.399086 0.820906 0.276837 0.831335 0.276837 0.820905 0.291218 0.820905 0.291218 0.820905 0.291218 0.831335 0.276837 0.831335 0.291218 0.831335 0.291218 0.820905 0.399086 0.820906 0.399086 0.820906 0.399086 0.831335 0.291218 0.831335 0.887405 0.821606 0.779536 0.821607 0.779536 0.811177 0.779536 0.811177 0.887405 0.811177 0.887405 0.821606 0.657286 0.821608 0.642905 0.821608 0.642905 0.811178 0.642905 0.811178 0.657286 0.811178 0.657286 0.821608 0.779536 0.811177 0.779536 0.821607 0.765155 0.821607 0.765155 0.821607 0.765155 0.811177 0.779536 0.811177 0.765155 0.811177 0.765155 0.821607 0.657286 0.821608 0.657286 0.821608 0.657286 0.811178 0.765155 0.811177 0.472382 0.730541 0.472382 0.834627 0.461573 0.834627 0.461573 0.834627 0.461573 0.730541 0.472382 0.730541 0.472382 0.952589 0.472382 0.966465 0.461573 0.966465 0.461573 0.966465 0.461573 0.952589 0.472382 0.952589 0.461573 0.834627 0.472382 0.834627 0.472382 0.848503 0.472382 0.848503 0.461573 0.848503 0.461573 0.834627 0.461573 0.848503 0.472382 0.848503 0.472382 0.952589 0.472382 0.952589 0.461573 0.952589 0.461573 0.848503 0.642905 0.82459 0.750774 0.824591 0.750774 0.83502 0.750774 0.83502 0.642905 0.83502 0.642905 0.82459 0.873023 0.824591 0.887404 0.824591 0.887404 0.83502 0.887404 0.83502 0.873023 0.83502 0.873023 0.824591 0.750774 0.83502 0.750774 0.824591 0.765155 0.824591 0.765155 0.824591 0.765155 0.83502 0.750774 0.83502 0.765155 0.83502 0.765155 0.824591 0.873023 0.824591 0.873023 0.824591 0.873023 0.83502 0.765155 0.83502 0.08832097 0.552129 0.08831995 0.562558 0.07478398 0.562558 0.07478398 0.562558 0.07478499 0.552128 0.08832097 0.552129 0.428759 0.04336595 0.400802 0.04336595 0.400802 0.03030395 0.400802 0.03030395 0.428759 0.03030395 0.428759 0.04336595 0.400802 0.04336595 0.381447 0.04336595 0.381447 0.03030395 0.381447 0.03030395 0.400802 0.03030395 0.400802 0.04336595 0.21628 0.03030395 0.254608 0.03030395 0.254608 0.043365 0.254608 0.043365 0.21628 0.043365 0.21628 0.03030395 0.400802 0.03030395 0.400802 0.00504899 0.428759 0.03030395 0.400802 0.03030395 0.381447 0.03030395 0.381447 0.00504899 0.381447 0.00504899 0.400802 0.00504899 0.400802 0.03030395 0.21628 0.03030395 0.21628 0.00504899 0.254608 0.00504899 0.254608 0.00504899 0.254608 0.03030395 0.21628 0.03030395 0.358886 0.896365 0.358886 0.906795 0.327176 0.906795 0.327176 0.906795 0.327176 0.896365 0.358886 0.896365 0.390596 0.896365 0.390596 0.906795 0.358886 0.906795 0.358886 0.906795 0.358886 0.896365 0.390596 0.896365 0.295466 0.896365 0.295466 0.906795 0.263756 0.906795 0.263756 0.906795 0.263756 0.896366 0.295466 0.896365 0.547577 0.02525496 0.579287 0.02525496 0.579287 0.02869796 0.579287 0.02869796 0.547577 0.02869796 0.547577 0.02525496 0.286318 0.03030395 0.318027 0.03030395 0.318027 0.03374797 0.318027 0.03374797 0.286318 0.03374797 0.286318 0.03030395 0.515867 0.02525496 0.547577 0.02525496 0.547577 0.02869796 0.547577 0.02869796 0.515867 0.02869796 0.515867 0.02525496 0.318027 0.03030395 0.349737 0.03030395 0.349737 0.03374797 0.349737 0.03374797 0.318027 0.03374797 0.318027 0.03030395 0.484157 0.02525496 0.515867 0.02525496 0.515867 0.02869796 0.515867 0.02869796 0.487604 0.02869796 0.484157 0.02525496 0.484157 0.03831595 0.484157 0.02525496 0.487604 0.02869796 0.487604 0.02869796 0.487604 0.03487294 0.484157 0.03831595 0.484157 0.03831595 0.487604 0.03487294 0.547577 0.03487294 0.547577 0.03487294 0.547577 0.03831595 0.484157 0.03831595 0.381447 0.03030395 0.381447 0.04336595 0.378 0.03992199 0.378 0.03992199 0.378 0.03374797 0.381447 0.03030395 0.349737 0.03030395 0.381447 0.03030395 0.378 0.03374797 0.378 0.03374797 0.349737 0.03374797 0.349737 0.03030395 0.318027 0.03992199 0.378 0.03992199 0.381447 0.04336595 0.381447 0.04336595 0.318027 0.04336595 0.318027 0.03992199 0.254608 0.03030395 0.286318 0.03030395 0.286318 0.03374797 0.286318 0.03374797 0.258054 0.03374797 0.254608 0.03030395 0.254608 0.043365 0.254608 0.03030395 0.258054 0.03374797 0.258054 0.03374797 0.258054 0.03992199 0.254608 0.043365 0.579287 0.02525496 0.610997 0.02525496 0.60755 0.02869796 0.60755 0.02869796 0.579287 0.02869796 0.579287 0.02525496 0.610997 0.02525496 0.610997 0.03831595 0.60755 0.03487294 0.60755 0.03487294 0.60755 0.02869796 0.610997 0.02525496 0.547577 0.02525496 0.547577 0 0.549269 0.003738999 0.549269 0.003738999 0.549269 0.02151596 0.547577 0.02525496 0.579287 0.02525496 0.547577 0.02525496 0.549269 0.02151596 0.549269 0.02151596 0.577596 0.02151596 0.579287 0.02525496 0.579287 0 0.579287 0.02525496 0.577596 0.02151596 0.577596 0.02151596 0.577596 0.003738999 0.579287 0 0.547577 0 0.579287 0 0.577596 0.003738999 0.577596 0.003738999 0.549269 0.003738999 0.547577 0 0.286318 0.03030395 0.286318 0.00504899 0.288009 0.008787989 0.288009 0.008787989 0.288009 0.02656596 0.286318 0.03030395 0.318027 0.03030395 0.286318 0.03030395 0.288009 0.02656596 0.288009 0.02656596 0.316336 0.02656596 0.318027 0.03030395 0.318027 0.00504899 0.318027 0.03030395 0.316336 0.02656596 0.316336 0.02656596 0.316336 0.008787989 0.318027 0.00504899 0.286318 0.00504899 0.318027 0.00504899 0.316336 0.008787989 0.316336 0.008787989 0.288009 0.008787989 0.286318 0.00504899 0.515867 0.02525496 0.515867 0 0.517559 0.003738999 0.517559 0.003738999 0.517559 0.02151596 0.515867 0.02525496 0.547577 0.02525496 0.515867 0.02525496 0.517559 0.02151596 0.517559 0.02151596 0.545886 0.02151596 0.547577 0.02525496 0.547577 0 0.547577 0.02525496 0.545886 0.02151596 0.545886 0.02151596 0.545886 0.003738999 0.547577 0 0.515867 0 0.547577 0 0.545886 0.003738999 0.545886 0.003738999 0.517559 0.003738999 0.515867 0 0.318027 0.03030395 0.318027 0.00504899 0.319719 0.008787989 0.319719 0.008787989 0.319719 0.02656596 0.318027 0.03030395 0.349737 0.03030395 0.318027 0.03030395 0.319719 0.02656596 0.319719 0.02656596 0.348046 0.02656596 0.349737 0.03030395 0.349737 0.00504899 0.349737 0.03030395 0.348046 0.02656596 0.348046 0.02656596 0.348046 0.008787989 0.349737 0.00504899 0.318027 0.00504899 0.349737 0.00504899 0.348046 0.008787989 0.348046 0.008787989 0.319719 0.008787989 0.318027 0.00504899 0.484157 0.02525496 0.484157 0 0.485849 0.003738999 0.485849 0.003738999 0.485849 0.02151596 0.484157 0.02525496 0.515867 0.02525496 0.484157 0.02525496 0.485849 0.02151596 0.485849 0.02151596 0.514176 0.02151596 0.515867 0.02525496 0.515867 0 0.515867 0.02525496 0.514176 0.02151596 0.514176 0.02151596 0.514176 0.003738999 0.515867 0 0.484157 0 0.515867 0 0.514176 0.003738999 0.514176 0.003738999 0.485849 0.003738999 0.484157 0 0.349737 0.03030395 0.349737 0.00504899 0.351429 0.008787989 0.351429 0.008787989 0.351429 0.02656596 0.349737 0.03030395 0.381447 0.03030395 0.349737 0.03030395 0.351429 0.02656596 0.351429 0.02656596 0.379756 0.02656596 0.381447 0.03030395 0.381447 0.00504899 0.381447 0.03030395 0.379756 0.02656596 0.379756 0.02656596 0.379756 0.008787989 0.381447 0.00504899 0.349737 0.00504899 0.381447 0.00504899 0.379756 0.008787989 0.379756 0.008787989 0.351429 0.008787989 0.349737 0.00504899 0.286318 0.03030395 0.254608 0.03030395 0.256299 0.02656596 0.256299 0.02656596 0.284626 0.02656596 0.286318 0.03030395 0.286318 0.00504899 0.286318 0.03030395 0.284626 0.02656596 0.284626 0.02656596 0.284626 0.008787989 0.286318 0.00504899 0.254608 0.00504899 0.286318 0.00504899 0.284626 0.008787989 0.284626 0.008787989 0.256299 0.008787989 0.254608 0.00504899 0.254608 0.03030395 0.254608 0.00504899 0.256299 0.008787989 0.256299 0.008787989 0.256299 0.02656596 0.254608 0.03030395 0.579287 0.02525496 0.579287 0 0.580979 0.003738999 0.580979 0.003738999 0.580979 0.02151596 0.579287 0.02525496 0.610997 0.02525496 0.579287 0.02525496 0.580979 0.02151596 0.580979 0.02151596 0.609305 0.02151596 0.610997 0.02525496 0.610997 0 0.610997 0.02525496 0.609305 0.02151596 0.609305 0.02151596 0.609305 0.003738999 0.610997 0 0.579287 0 0.610997 0 0.609305 0.003738999 0.609305 0.003738999 0.580979 0.003738999 0.579287 0 0.649325 0.08943897 0.649325 0.1103309 0.639886 0.106823 0.639886 0.106823 0.639886 0.092947 0.649325 0.08943897 0.610997 0.08943897 0.649325 0.08943897 0.639886 0.092947 0.639886 0.092947 0.627918 0.092947 0.610997 0.08943897 0.610997 0.1103309 0.610997 0.08943897 0.627918 0.092947 0.627918 0.092947 0.627918 0.106823 0.610997 0.1103309 0.649325 0.1103309 0.610997 0.1103309 0.627918 0.106823 0.627918 0.106823 0.639886 0.106823 0.649325 0.1103309 0.21628 0.09448796 0.254608 0.09448796 0.237687 0.09799599 0.237687 0.09799599 0.225718 0.09799599 0.21628 0.09448796 0.21628 0.11538 0.21628 0.09448796 0.225718 0.09799599 0.225718 0.09799599 0.225718 0.111873 0.21628 0.11538 0.254608 0.11538 0.21628 0.11538 0.225718 0.111873 0.225718 0.111873 0.237687 0.111873 0.254608 0.11538 0.254608 0.09448796 0.254608 0.11538 0.237687 0.111873 0.237687 0.111873 0.237687 0.09799599 0.254608 0.09448796 0.649325 0.1103309 0.649325 0.131223 0.639886 0.127715 0.639886 0.127715 0.639886 0.113839 0.649325 0.1103309 0.610997 0.1103309 0.649325 0.1103309 0.639886 0.113839 0.639886 0.113839 0.627918 0.113839 0.610997 0.1103309 0.610997 0.131223 0.610997 0.1103309 0.627918 0.113839 0.627918 0.113839 0.627918 0.127715 0.610997 0.131223 0.649325 0.131223 0.610997 0.131223 0.627918 0.127715 0.627918 0.127715 0.639886 0.127715 0.649325 0.131223 0.21628 0.11538 0.254608 0.11538 0.237687 0.118888 0.237687 0.118888 0.225718 0.118888 0.21628 0.11538 0.21628 0.136272 0.21628 0.11538 0.225718 0.118888 0.225718 0.118888 0.225718 0.132764 0.21628 0.136272 0.254608 0.136272 0.21628 0.136272 0.225718 0.132764 0.225718 0.132764 0.237687 0.132764 0.254608 0.136272 0.254608 0.11538 0.254608 0.136272 0.237687 0.132764 0.237687 0.132764 0.237687 0.118888 0.254608 0.11538 0.649325 0.131223 0.649325 0.152115 0.639886 0.148607 0.639886 0.148607 0.639886 0.1347309 0.649325 0.131223 0.610997 0.131223 0.649325 0.131223 0.639886 0.1347309 0.639886 0.1347309 0.627918 0.1347309 0.610997 0.131223 0.610997 0.152115 0.610997 0.131223 0.627918 0.1347309 0.627918 0.1347309 0.627918 0.148607 0.610997 0.152115 0.649325 0.152115 0.610997 0.152115 0.627918 0.148607 0.627918 0.148607 0.639886 0.148607 0.649325 0.152115 0.21628 0.136272 0.254608 0.136272 0.237687 0.13978 0.237687 0.13978 0.225718 0.13978 0.21628 0.136272 0.21628 0.157164 0.21628 0.136272 0.225718 0.13978 0.225718 0.13978 0.225718 0.153656 0.21628 0.157164 0.254607 0.157164 0.21628 0.157164 0.225718 0.153656 0.225718 0.153656 0.237687 0.153656 0.254607 0.157164 0.254608 0.136272 0.254607 0.157164 0.237687 0.153656 0.237687 0.153656 0.237687 0.13978 0.254608 0.136272 0.649325 0.152115 0.649325 0.173007 0.639886 0.169499 0.639886 0.169499 0.639886 0.155622 0.649325 0.152115 0.610997 0.152115 0.649325 0.152115 0.639886 0.155622 0.639886 0.155622 0.627918 0.155622 0.610997 0.152115 0.610997 0.173007 0.610997 0.152115 0.627918 0.155622 0.627918 0.155622 0.627918 0.169499 0.610997 0.173007 0.649325 0.173007 0.610997 0.173007 0.627918 0.169499 0.627918 0.169499 0.639886 0.169499 0.649325 0.173007 0.21628 0.157164 0.254607 0.157164 0.237687 0.160672 0.237687 0.160672 0.225718 0.160672 0.21628 0.157164 0.21628 0.178056 0.21628 0.157164 0.225718 0.160672 0.225718 0.160672 0.225718 0.174548 0.21628 0.178056 0.254607 0.178056 0.21628 0.178056 0.225718 0.174548 0.225718 0.174548 0.237687 0.174548 0.254607 0.178056 0.254607 0.157164 0.254607 0.178056 0.237687 0.174548 0.237687 0.174548 0.237687 0.160672 0.254607 0.157164 0.649325 0.173007 0.649325 0.193898 0.639886 0.190391 0.639886 0.190391 0.639886 0.176514 0.649325 0.173007 0.610997 0.173007 0.649325 0.173007 0.639886 0.176514 0.639886 0.176514 0.627918 0.176514 0.610997 0.173007 0.610997 0.193898 0.610997 0.173007 0.627918 0.176514 0.627918 0.176514 0.627918 0.190391 0.610997 0.193898 0.649325 0.193898 0.610997 0.193898 0.627918 0.190391 0.627918 0.190391 0.639886 0.190391 0.649325 0.193898 0.21628 0.178056 0.254607 0.178056 0.237687 0.181563 0.237687 0.181563 0.225718 0.181563 0.21628 0.178056 0.21628 0.198947 0.21628 0.178056 0.225718 0.181563 0.225718 0.181563 0.225718 0.1954399 0.21628 0.198947 0.254607 0.198948 0.21628 0.198947 0.225718 0.1954399 0.225718 0.1954399 0.237687 0.1954399 0.254607 0.198948 0.254607 0.178056 0.254607 0.198948 0.237687 0.1954399 0.237687 0.1954399 0.237687 0.181563 0.254607 0.178056 0.853086 0.477351 0.853086 0.465802 0.863894 0.465803 0.863894 0.465803 0.863894 0.477351 0.853086 0.477351 0.863895 0.451926 0.853086 0.451926 0.853086 0.440378 0.853086 0.440378 0.863895 0.440378 0.863895 0.451926 0.863895 0.440378 0.853086 0.440378 0.853086 0.426501 0.853086 0.426501 0.863895 0.426501 0.863895 0.440378 0.863894 0.465803 0.853086 0.465802 0.853086 0.451926 0.853086 0.451926 0.863895 0.451926 0.863894 0.465803 0.354422 0.960627 0.354422 0.949079 0.365231 0.949079 0.365231 0.949079 0.365231 0.960627 0.354422 0.960627 0.365231 0.935202 0.354422 0.935202 0.354422 0.923654 0.354422 0.923654 0.365231 0.923654 0.365231 0.935202 0.365231 0.923654 0.354422 0.923654 0.354422 0.909778 0.354422 0.909778 0.365231 0.909778 0.365231 0.923654 0.365231 0.949079 0.354422 0.949079 0.354422 0.935202 0.354422 0.935202 0.365231 0.935202 0.365231 0.949079 0 0.928283 0.01196795 0.928283 0.01196795 0.938713 0.01196795 0.938713 0 0.938712 0 0.928283 0.02634894 0.938713 0.02634894 0.928283 0.03831696 0.928283 0.03831696 0.928283 0.03831696 0.938713 0.02634894 0.938713 0.03831696 0.938713 0.03831696 0.928283 0.05269795 0.928283 0.05269795 0.928283 0.05269795 0.938713 0.03831696 0.938713 0.01196795 0.938713 0.01196795 0.928283 0.02634894 0.928283 0.02634894 0.928283 0.02634894 0.938713 0.01196795 0.938713 0.647027 0.757611 0.647027 0.746062 0.657835 0.746062 0.657835 0.746062 0.657835 0.757611 0.647027 0.757611 0.657835 0.732185 0.647027 0.732185 0.647027 0.720637 0.647027 0.720637 0.657835 0.720637 0.657835 0.732185 0.657835 0.720637 0.647027 0.720637 0.647026 0.706761 0.647026 0.706761 0.657835 0.70676 0.657835 0.720637 0.657835 0.746062 0.647027 0.746062 0.647027 0.732185 0.647027 0.732185 0.657835 0.732185 0.657835 0.746062 0.618178 0.258752 0.630146 0.258752 0.630146 0.269182 0.630146 0.269182 0.618178 0.269182 0.618178 0.258752 0.644527 0.269182 0.644527 0.258752 0.656496 0.258752 0.656496 0.258752 0.656496 0.269182 0.644527 0.269182 0.656496 0.269182 0.656496 0.258752 0.670876 0.258752 0.670876 0.258752 0.670876 0.269182 0.656496 0.269182 0.630146 0.269182 0.630146 0.258752 0.644527 0.258752 0.644527 0.258752 0.644527 0.269182 0.630146 0.269182 0.829223 0.781367 0.829223 0.770938 0.860932 0.770938 0.860932 0.770938 0.860933 0.781368 0.829223 0.781367 0.797513 0.781367 0.797513 0.770938 0.829223 0.770938 0.829223 0.770938 0.829223 0.781367 0.797513 0.781367 0.762851 0.781367 0.762851 0.770938 0.76925 0.770938 0.76925 0.770938 0.76925 0.781367 0.762851 0.781367 0.76925 0.781367 0.76925 0.770938 0.797513 0.770938 0.797513 0.770938 0.797513 0.781367 0.76925 0.781367 0.895594 0.781368 0.889196 0.781367 0.889196 0.770938 0.889196 0.770938 0.895594 0.770938 0.895594 0.781368 0.889196 0.770938 0.889196 0.781367 0.860933 0.781368 0.860933 0.781368 0.860932 0.770938 0.889196 0.770938 0.702878 0.770937 0.762851 0.770938 0.762851 0.781367 0.762851 0.781367 0.702878 0.781367 0.702878 0.770937 0.83248 0.905165 0.860807 0.905165 0.860807 0.915595 0.860807 0.915595 0.83248 0.915594 0.83248 0.905165 0.87923 0.905165 0.907557 0.905165 0.907557 0.915595 0.907557 0.915595 0.87923 0.915595 0.87923 0.905165 0.907557 0.915595 0.907557 0.905165 0.925981 0.905165 0.925981 0.905165 0.925981 0.915595 0.907557 0.915595 0.860807 0.915595 0.860807 0.905165 0.87923 0.905165 0.87923 0.905165 0.87923 0.915595 0.860807 0.915595 0.197817 0.92319 0.226144 0.92319 0.226144 0.93362 0.226144 0.93362 0.197817 0.93362 0.197817 0.92319 0.272894 0.92319 0.291318 0.92319 0.291318 0.93362 0.291318 0.93362 0.272894 0.93362 0.272894 0.92319 0.244567 0.92319 0.272894 0.92319 0.272894 0.93362 0.272894 0.93362 0.244567 0.93362 0.244567 0.92319 0.226144 0.93362 0.226144 0.92319 0.244567 0.92319 0.244567 0.92319 0.244567 0.93362 0.226144 0.93362 0.684117 0.918619 0.712444 0.918619 0.712444 0.929049 0.712444 0.929049 0.684117 0.929049 0.684117 0.918619 0.759194 0.918619 0.777618 0.918619 0.777618 0.929049 0.777618 0.929049 0.759194 0.929049 0.759194 0.918619 0.730867 0.918619 0.759194 0.918619 0.759194 0.929049 0.759194 0.929049 0.730867 0.929049 0.730867 0.918619 0.712444 0.929049 0.712444 0.918619 0.730867 0.918619 0.730867 0.918619 0.730867 0.929049 0.712444 0.929049 0.337937 0.937111 0.337937 0.909778 0.348746 0.909778 0.348746 0.909778 0.348746 0.937111 0.337937 0.937111 0.337937 0.954889 0.337937 0.937111 0.348746 0.937111 0.348746 0.937111 0.348746 0.954889 0.337937 0.954889 0.337937 0.982222 0.337937 0.954889 0.348746 0.954889 0.348746 0.954889 0.348746 0.982222 0.337937 0.982222 0.337937 1 0.337937 0.982222 0.348746 0.982222 0.348746 0.982222 0.348746 1 0.337937 1 0.226665 0.730541 0.235267 0.730541 0.254622 0.730541 0.277944 0.562558 0.277944 0.552128 0.286018 0.552128 0.286018 0.552128 0.286018 0.562558 0.277944 0.562558 0.428759 0.251083 0.428759 0.219839 0.43256 0.226712 0.43256 0.226712 0.43256 0.251083 0.428759 0.251083 0.493643 0.07205498 0.484157 0.06854796 0.547577 0.06854796 0.547577 0.06854796 0.547577 0.07205498 0.493643 0.07205498 0.400802 0.05848097 0.381447 0.05848097 0.381447 0.04336595 0.381447 0.04336595 0.400802 0.04336595 0.400802 0.05848097 0.21628 0.05848097 0.254608 0.05848097 0.254608 0.07359695 0.254608 0.07359695 0.21628 0.07359695 0.21628 0.05848097 0.400802 0.07359695 0.381447 0.07359695 0.381447 0.05848097 0.381447 0.05848097 0.400802 0.05848097 0.400802 0.07359695 0.428759 0.05848097 0.428759 0.07359695 0.400802 0.07359695 0.400802 0.07359695 0.400802 0.05848097 0.428759 0.05848097 0.103986 0.552128 0.119651 0.552128 0.119651 0.562558 0.119651 0.562558 0.103986 0.562558 0.103986 0.552128 0.318027 0.07359695 0.318027 0.07710498 0.264093 0.07710397 0.264093 0.07710397 0.254608 0.07359695 0.318027 0.07359695 0.06831496 0.884985 0.01438099 0.884985 0.01438099 0.874555 0.01438099 0.874555 0.06831496 0.874555 0.06831496 0.884985 0.547577 0.07205498 0.547577 0.06854796 0.610997 0.06854796 0.610997 0.06854796 0.601511 0.07205498 0.547577 0.07205498 0.547577 0.03831595 0.547577 0.03487294 0.60755 0.03487294 0.60755 0.03487294 0.610997 0.03831595 0.547577 0.03831595 0.702878 0.770937 0.702878 0.781367 0.642905 0.781367 0.642905 0.781367 0.642905 0.770937 0.702878 0.770937 0.318027 0.03992199 0.318027 0.04336595 0.254608 0.043365 0.254608 0.043365 0.258054 0.03992199 0.318027 0.03992199 0.318027 0.05848097 0.318027 0.04336595 0.321474 0.04577296 0.321474 0.04577296 0.321474 0.05244797 0.318027 0.05848097 0.381447 0.05848097 0.318027 0.05848097 0.321474 0.05244797 0.321474 0.05244797 0.378 0.05244797 0.381447 0.05848097 0.381447 0.04336595 0.381447 0.05848097 0.378 0.05244797 0.378 0.05244797 0.378 0.04577296 0.381447 0.04336595 0.318027 0.04336595 0.381447 0.04336595 0.378 0.04577296 0.378 0.04577296 0.321474 0.04577296 0.318027 0.04336595 0.547577 0.05343198 0.484157 0.05343198 0.487604 0.04739898 0.487604 0.04739898 0.54413 0.04739898 0.547577 0.05343198 0.547577 0.03831595 0.547577 0.05343198 0.54413 0.04739898 0.54413 0.04739898 0.54413 0.04072397 0.547577 0.03831595 0.484157 0.03831595 0.547577 0.03831595 0.54413 0.04072397 0.54413 0.04072397 0.487604 0.04072397 0.484157 0.03831595 0.484157 0.05343198 0.484157 0.03831595 0.487604 0.04072397 0.487604 0.04072397 0.487604 0.04739898 0.484157 0.05343198 0.381447 0.05848097 0.381447 0.07359695 0.378 0.07118898 0.378 0.07118898 0.378 0.06451398 0.381447 0.05848097 0.318027 0.05848097 0.381447 0.05848097 0.378 0.06451398 0.378 0.06451398 0.321474 0.06451398 0.318027 0.05848097 0.318027 0.07359695 0.318027 0.05848097 0.321474 0.06451398 0.321474 0.06451398 0.321474 0.07118898 0.318027 0.07359695 0.381447 0.07359695 0.318027 0.07359695 0.321474 0.07118898 0.321474 0.07118898 0.378 0.07118898 0.381447 0.07359695 0.547577 0.05343198 0.547577 0.06854796 0.544131 0.06613999 0.544131 0.06613999 0.544131 0.05946499 0.547577 0.05343198 0.484157 0.05343198 0.547577 0.05343198 0.544131 0.05946499 0.544131 0.05946499 0.487604 0.05946499 0.484157 0.05343198 0.484157 0.06854796 0.484157 0.05343198 0.487604 0.05946499 0.487604 0.05946499 0.487604 0.06613999 0.484157 0.06854796 0.547577 0.06854796 0.484157 0.06854796 0.487604 0.06613999 0.487604 0.06613999 0.544131 0.06613999 0.547577 0.06854796 0.318027 0.05848097 0.254608 0.05848097 0.258054 0.05244797 0.258054 0.05244797 0.314581 0.05244797 0.318027 0.05848097 0.318027 0.04336595 0.318027 0.05848097 0.314581 0.05244797 0.314581 0.05244797 0.314581 0.04577296 0.318027 0.04336595 0.254608 0.043365 0.318027 0.04336595 0.314581 0.04577296 0.314581 0.04577296 0.258054 0.04577296 0.254608 0.043365 0.254608 0.05848097 0.254608 0.043365 0.258054 0.04577296 0.258054 0.04577296 0.258054 0.05244797 0.254608 0.05848097 0.318027 0.05848097 0.318027 0.07359695 0.314581 0.07118898 0.314581 0.07118898 0.314581 0.06451398 0.318027 0.05848097 0.254608 0.05848097 0.318027 0.05848097 0.314581 0.06451398 0.314581 0.06451398 0.258054 0.06451398 0.254608 0.05848097 0.254608 0.07359695 0.254608 0.05848097 0.258054 0.06451398 0.258054 0.06451398 0.258054 0.07118898 0.254608 0.07359695 0.318027 0.07359695 0.254608 0.07359695 0.258054 0.07118898 0.258054 0.07118898 0.314581 0.07118898 0.318027 0.07359695 0.610997 0.05343198 0.610997 0.06854796 0.60755 0.06613999 0.60755 0.06613999 0.60755 0.05946499 0.610997 0.05343198 0.547577 0.05343198 0.610997 0.05343198 0.60755 0.05946499 0.60755 0.05946499 0.551024 0.05946499 0.547577 0.05343198 0.547577 0.06854796 0.547577 0.05343198 0.551024 0.05946499 0.551024 0.05946499 0.551024 0.06613999 0.547577 0.06854796 0.610997 0.06854796 0.547577 0.06854796 0.551024 0.06613999 0.551024 0.06613999 0.60755 0.06613999 0.610997 0.06854796 0.547577 0.05343198 0.547577 0.03831595 0.551024 0.04072397 0.551024 0.04072397 0.551024 0.04739898 0.547577 0.05343198 0.610997 0.05343198 0.547577 0.05343198 0.551024 0.04739898 0.551024 0.04739898 0.60755 0.04739898 0.610997 0.05343198 0.610997 0.03831595 0.610997 0.05343198 0.60755 0.04739898 0.60755 0.04739898 0.60755 0.04072397 0.610997 0.03831595 0.547577 0.03831595 0.610997 0.03831595 0.60755 0.04072397 0.60755 0.04072397 0.551024 0.04072397 0.547577 0.03831595 0.647027 0.55925 0.647027 0.552575 0.657835 0.552575 0.657835 0.552575 0.657835 0.55925 0.647027 0.55925 0.647026 0.613794 0.647027 0.55925 0.657835 0.55925 0.657835 0.55925 0.657835 0.613794 0.647026 0.613794 0.647026 0.620468 0.647026 0.613794 0.657835 0.613794 0.657835 0.613794 0.657835 0.620468 0.647026 0.620468 0.647027 0.552575 0.647027 0.498031 0.657836 0.498032 0.657836 0.498032 0.657835 0.552575 0.647027 0.552575 0.138795 0.592366 0.195321 0.592366 0.195321 0.602796 0.195321 0.602796 0.138795 0.602796 0.138795 0.592366 0.131878 0.592366 0.138795 0.592366 0.138795 0.602796 0.138795 0.602796 0.131878 0.602796 0.131878 0.592366 0.202239 0.592366 0.258765 0.592366 0.258765 0.602796 0.258765 0.602796 0.202239 0.602796 0.202239 0.592366 0.195321 0.592366 0.202239 0.592366 0.202239 0.602796 0.202239 0.602796 0.195321 0.602796 0.195321 0.592366 0.548118 0.831943 0.548118 0.777399 0.558927 0.777399 0.558927 0.777399 0.558927 0.831943 0.548118 0.831943 0.548118 0.838618 0.548118 0.831943 0.558927 0.831943 0.558927 0.831943 0.558927 0.838618 0.548118 0.838618 0.548118 0.893162 0.548118 0.838618 0.558927 0.838618 0.558927 0.838618 0.558927 0.893162 0.548118 0.893162 0.548118 0.899836 0.548118 0.893162 0.558927 0.893162 0.558927 0.893162 0.558927 0.899836 0.548118 0.899836 0.195321 0.896366 0.202238 0.896366 0.202238 0.906795 0.202238 0.906795 0.195321 0.906795 0.195321 0.896366 0.138795 0.896366 0.195321 0.896366 0.195321 0.906795 0.195321 0.906795 0.138795 0.906795 0.138795 0.896366 0.131878 0.896366 0.138795 0.896366 0.138795 0.906795 0.138795 0.906795 0.131878 0.906795 0.131878 0.896366 0.202238 0.896366 0.258765 0.896366 0.258765 0.906795 0.258765 0.906795 0.202238 0.906795 0.202238 0.896366 0.254608 0.00504899 0.21628 0.00504899 0.21628 0 0.21628 0 0.249025 0 0.254608 0.00504899 0.1632159 0.827923 0.1632159 0.838353 0.155564 0.838353 0.155564 0.838353 0.155564 0.827924 0.1632159 0.827923 0.428759 0.05848097 0.428759 0.04336595 0.43256 0.03799897 0.43256 0.03799897 0.43256 0.05311495 0.428759 0.05848097 0 0.562557 0 0.552127 0.006820976 0.552127 0.006820976 0.552127 0.006820976 0.562557 0 0.562557 0.400802 0.00504899 0.381447 0.00504899 0.385823 0 0.385823 0 0.4043 0 0.400802 0.00504899 0.428759 0.04336595 0.428759 0.03030395 0.43256 0.02493798 0.43256 0.02493798 0.43256 0.03799897 0.428759 0.04336595 0.428759 0.07359695 0.428759 0.05848097 0.43256 0.05311495 0.43256 0.05311495 0.43256 0.06823098 0.428759 0.07359695 0.126387 0.552128 0.126387 0.562558 0.119651 0.562558 0.119651 0.562558 0.119651 0.552128 0.126387 0.552128 0.424742 0.013179 0.415582 0.006528973 0.424662 0 0.424662 0 0.43256 0.00762099 0.424742 0.013179 0.05683499 0.562556 0.04566299 0.562556 0.04567795 0.552126 0.04567795 0.552126 0.05682098 0.552127 0.05683499 0.562556 0.04567795 0.552126 0.04566299 0.562556 0.02529895 0.562557 0.02529895 0.562557 0.02529799 0.552127 0.04567795 0.552126 0.07478499 0.552128 0.07478398 0.562558 0.05683499 0.562556 0.05683499 0.562556 0.05682098 0.552127 0.07478499 0.552128 0.415582 0.006528973 0.400802 0.00504899 0.4043 0 0.4043 0 0.424662 0 0.415582 0.006528973 0.424742 0.013179 0.43256 0.00762099 0.43256 0.02493798 0.43256 0.02493798 0.428759 0.03030395 0.424742 0.013179 0.428759 0.03030395 0.400802 0.00504899 0.415582 0.006528973 0.415582 0.006528973 0.424742 0.013179 0.428759 0.03030395 0.366254 0.562558 0.344603 0.562558 0.344603 0.552128 0.344603 0.552128 0.366254 0.552128 0.366254 0.562558 0.311274 0.562558 0.311274 0.552128 0.33653 0.552128 0.33653 0.552128 0.33653 0.562558 0.311274 0.562558 0.534227 0.562559 0.518561 0.562558 0.518561 0.552129 0.518561 0.552129 0.534226 0.552129 0.534227 0.562559 0.400802 0.251083 0.428759 0.251083 0.428758 0.282326 0.428758 0.282326 0.400802 0.282326 0.400802 0.251083 0.400802 0.4588 0.400802 0.443684 0.428758 0.443684 0.428758 0.443684 0.428758 0.4588 0.400802 0.4588 0.43117 0.838088 0.43117 0.868686 0.420361 0.868686 0.420361 0.868686 0.420361 0.838088 0.43117 0.838088 0.254607 0.251082 0.381447 0.251083 0.381447 0.282326 0.381447 0.282326 0.254607 0.282325 0.254607 0.251082 0.610997 0.246033 0.610997 0.277276 0.484158 0.277276 0.484158 0.277276 0.484158 0.246033 0.610997 0.246033 0.79892 0.693495 0.831664 0.693494 0.831664 0.703924 0.831664 0.703924 0.79892 0.703924 0.79892 0.693495 0.254607 0.458799 0.21628 0.458799 0.21628 0.443684 0.21628 0.443684 0.254607 0.443684 0.254607 0.458799 0.21628 0.251082 0.254607 0.251082 0.254607 0.282325 0.254607 0.282325 0.21628 0.282325 0.21628 0.251082 0.610997 0.277276 0.649325 0.277276 0.649325 0.298168 0.649325 0.298168 0.610997 0.298168 0.610997 0.277276 0.254607 0.282325 0.254607 0.303217 0.21628 0.303217 0.21628 0.303217 0.21628 0.282325 0.254607 0.282325 0.494542 0.823052 0.494543 0.814752 0.494543 0.796075 0.610997 0.402627 0.649325 0.402627 0.649325 0.423519 0.649325 0.423519 0.610997 0.423519 0.610997 0.402627 0.49616 0.562558 0.474509 0.562558 0.474509 0.552128 0.474509 0.552128 0.49616 0.552129 0.49616 0.562558 0.254607 0.428568 0.21628 0.428568 0.21628 0.407676 0.21628 0.407676 0.254607 0.407676 0.254607 0.428568 0.474509 0.562558 0.452858 0.562558 0.452858 0.552128 0.452858 0.552128 0.474509 0.552128 0.474509 0.562558 0.452858 0.562558 0.431207 0.562558 0.431207 0.552128 0.431207 0.552128 0.452858 0.552128 0.452858 0.562558 0.431207 0.562558 0.409556 0.562558 0.409556 0.552128 0.409556 0.552128 0.431207 0.552128 0.431207 0.562558 0.409556 0.562558 0.387905 0.562558 0.387905 0.552128 0.387905 0.552128 0.409556 0.552128 0.409556 0.562558 0.387905 0.562558 0.366254 0.562558 0.366254 0.552128 0.366254 0.552128 0.387905 0.552128 0.387905 0.562558 0.601512 0.280784 0.610997 0.277276 0.610997 0.298168 0.610997 0.298168 0.601512 0.29466 0.601512 0.280784 0.264093 0.29971 0.254607 0.303217 0.254607 0.282325 0.254607 0.282325 0.264093 0.285833 0.264093 0.29971 0.264093 0.285833 0.254607 0.282325 0.381447 0.282326 0.381447 0.282326 0.371961 0.285833 0.264093 0.285833 0.493643 0.406135 0.484158 0.402627 0.610997 0.402627 0.610997 0.402627 0.601512 0.406135 0.493643 0.406135 0.601512 0.406135 0.610997 0.402627 0.610997 0.423519 0.610997 0.423519 0.601512 0.420011 0.601512 0.406135 0.264093 0.411184 0.254607 0.407676 0.381447 0.407676 0.381447 0.407676 0.371961 0.411184 0.264093 0.411184 0.264093 0.42506 0.254607 0.428568 0.254607 0.407676 0.254607 0.407676 0.264093 0.411184 0.264093 0.42506 0.493643 0.385243 0.484158 0.381735 0.610997 0.381735 0.610997 0.381735 0.601512 0.385243 0.493643 0.385243 0.601512 0.385243 0.610997 0.381735 0.610997 0.402627 0.610997 0.402627 0.601512 0.399119 0.601512 0.385243 0.264093 0.390292 0.254607 0.386785 0.381447 0.386785 0.381447 0.386785 0.371961 0.390292 0.264093 0.390292 0.264093 0.404169 0.254607 0.407676 0.254607 0.386785 0.254607 0.386785 0.264093 0.390292 0.264093 0.404169 0.493643 0.364351 0.484158 0.360844 0.610997 0.360844 0.610997 0.360844 0.601512 0.364351 0.493643 0.364351 0.601512 0.364351 0.610997 0.360844 0.610997 0.381735 0.610997 0.381735 0.601512 0.378228 0.601512 0.364351 0.264093 0.3694 0.254607 0.365893 0.381447 0.365893 0.381447 0.365893 0.371961 0.369401 0.264093 0.3694 0.264093 0.383277 0.254607 0.386785 0.254607 0.365893 0.254607 0.365893 0.264093 0.3694 0.264093 0.383277 0.493643 0.34346 0.484158 0.339952 0.610997 0.339952 0.610997 0.339952 0.601512 0.343459 0.493643 0.34346 0.601512 0.343459 0.610997 0.339952 0.610997 0.360844 0.610997 0.360844 0.601512 0.357336 0.601512 0.343459 0.264093 0.348509 0.254607 0.345001 0.381447 0.345001 0.381447 0.345001 0.371961 0.348509 0.264093 0.348509 0.264093 0.362385 0.254607 0.365893 0.254607 0.345001 0.254607 0.345001 0.264093 0.348509 0.264093 0.362385 0.493643 0.322568 0.484158 0.31906 0.610997 0.31906 0.610997 0.31906 0.601512 0.322568 0.493643 0.322568 0.601512 0.322568 0.610997 0.31906 0.610997 0.339952 0.610997 0.339952 0.601512 0.336444 0.601512 0.322568 0.264093 0.327617 0.254607 0.324109 0.381447 0.324109 0.381447 0.324109 0.371961 0.327617 0.264093 0.327617 0.264093 0.341493 0.254607 0.345001 0.254607 0.324109 0.254607 0.324109 0.264093 0.327617 0.264093 0.341493 0.493643 0.301676 0.484158 0.298168 0.610997 0.298168 0.610997 0.298168 0.601512 0.301676 0.493643 0.301676 0.601512 0.301676 0.610997 0.298168 0.610997 0.31906 0.610997 0.31906 0.601512 0.315552 0.601512 0.301676 0.264093 0.306725 0.254607 0.303217 0.381447 0.303217 0.381447 0.303217 0.371961 0.306725 0.264093 0.306725 0.264093 0.320601 0.254607 0.324109 0.254607 0.303217 0.254607 0.303217 0.264093 0.306725 0.264093 0.320601 0.436846 0.402627 0.445447 0.402627 0.445447 0.423519 0.445447 0.423519 0.436846 0.423519 0.436846 0.402627 0.436846 0.381735 0.445447 0.381735 0.445447 0.402627 0.445447 0.402627 0.436846 0.402627 0.436846 0.381735 0.436846 0.360844 0.445447 0.360844 0.445447 0.381735 0.445447 0.381735 0.436846 0.381735 0.436846 0.360844 0.436846 0.339952 0.445447 0.339952 0.445447 0.360844 0.445447 0.360844 0.436846 0.360844 0.436846 0.339952 0.436846 0.31906 0.445447 0.31906 0.445447 0.339952 0.445447 0.339952 0.436846 0.339952 0.436846 0.31906 0.436846 0.298168 0.445447 0.298168 0.445447 0.31906 0.445447 0.31906 0.436846 0.31906 0.436846 0.298168 0.436846 0.277276 0.445447 0.277276 0.445447 0.298168 0.445447 0.298168 0.436846 0.298168 0.436846 0.277276 0.615726 0.562557 0.597248 0.562557 0.597249 0.552128 0.597249 0.552128 0.615726 0.552127 0.615726 0.562557 0.400802 0.251083 0.400802 0.282326 0.381447 0.282326 0.381447 0.282326 0.381447 0.251083 0.400802 0.251083 0.463262 0.278551 0.464803 0.277276 0.464803 0.298168 0.464803 0.298168 0.463262 0.298168 0.463262 0.278551 0.455999 0.298168 0.445447 0.298168 0.445447 0.277276 0.445447 0.277276 0.455999 0.278551 0.455999 0.298168 0.455999 0.278551 0.445447 0.277276 0.464803 0.277276 0.464803 0.277276 0.463262 0.278551 0.455999 0.278551 0.409605 0.2836 0.428758 0.282326 0.428758 0.303217 0.428758 0.303217 0.409605 0.303217 0.409605 0.2836 0.402343 0.303217 0.400802 0.303217 0.400802 0.282326 0.400802 0.282326 0.402343 0.2836 0.402343 0.303217 0.402343 0.2836 0.400802 0.282326 0.428758 0.282326 0.428758 0.282326 0.409605 0.2836 0.402343 0.2836 0.463262 0.402627 0.464803 0.402627 0.464803 0.423519 0.464803 0.423519 0.463262 0.422244 0.463262 0.402627 0.463262 0.422244 0.464803 0.423519 0.445447 0.423519 0.445447 0.423519 0.455999 0.422244 0.463262 0.422244 0.455999 0.422244 0.445447 0.423519 0.445447 0.402627 0.445447 0.402627 0.455999 0.402627 0.455999 0.422244 0.409605 0.407676 0.428758 0.407676 0.428758 0.428568 0.428758 0.428568 0.409605 0.427294 0.409605 0.407676 0.409605 0.427294 0.428758 0.428568 0.400802 0.428568 0.400802 0.428568 0.402343 0.427294 0.409605 0.427294 0.402343 0.427294 0.400802 0.428568 0.400802 0.407676 0.400802 0.407676 0.402343 0.407676 0.402343 0.427294 0.463262 0.38301 0.464803 0.381735 0.464803 0.402627 0.464803 0.402627 0.463262 0.402627 0.463262 0.38301 0.455999 0.402627 0.445447 0.402627 0.445447 0.381735 0.445447 0.381735 0.455999 0.38301 0.455999 0.402627 0.455999 0.38301 0.445447 0.381735 0.464803 0.381735 0.464803 0.381735 0.463262 0.38301 0.455999 0.38301 0.409605 0.388059 0.428758 0.386785 0.428758 0.407676 0.428758 0.407676 0.409605 0.407676 0.409605 0.388059 0.402343 0.407676 0.400802 0.407676 0.400802 0.386785 0.400802 0.386785 0.402343 0.388059 0.402343 0.407676 0.402343 0.388059 0.400802 0.386785 0.428758 0.386785 0.428758 0.386785 0.409605 0.388059 0.402343 0.388059 0.463262 0.360844 0.464803 0.360844 0.464803 0.381735 0.464803 0.381735 0.463262 0.380461 0.463262 0.360844 0.463262 0.380461 0.464803 0.381735 0.445447 0.381735 0.445447 0.381735 0.455999 0.380461 0.463262 0.380461 0.455999 0.380461 0.445447 0.381735 0.445447 0.360844 0.445447 0.360844 0.455999 0.360844 0.455999 0.380461 0.409605 0.365893 0.428758 0.365893 0.428758 0.386785 0.428758 0.386785 0.409605 0.38551 0.409605 0.365893 0.409605 0.38551 0.428758 0.386785 0.400802 0.386785 0.400802 0.386785 0.402343 0.38551 0.409605 0.38551 0.402343 0.38551 0.400802 0.386785 0.400802 0.365893 0.400802 0.365893 0.402343 0.365893 0.402343 0.38551 0.463262 0.341226 0.464803 0.339952 0.464803 0.360844 0.464803 0.360844 0.463262 0.360844 0.463262 0.341226 0.455999 0.360844 0.445447 0.360844 0.445447 0.339952 0.445447 0.339952 0.455999 0.341226 0.455999 0.360844 0.455999 0.341226 0.445447 0.339952 0.464803 0.339952 0.464803 0.339952 0.463262 0.341226 0.455999 0.341226 0.409605 0.346276 0.428758 0.345001 0.428758 0.365893 0.428758 0.365893 0.409605 0.365893 0.409605 0.346276 0.402343 0.365893 0.400802 0.365893 0.400802 0.345001 0.400802 0.345001 0.402343 0.346276 0.402343 0.365893 0.402343 0.346276 0.400802 0.345001 0.428758 0.345001 0.428758 0.345001 0.409605 0.346276 0.402343 0.346276 0.463262 0.320335 0.464803 0.31906 0.464803 0.339952 0.464803 0.339952 0.463262 0.338677 0.463262 0.320335 0.463262 0.338677 0.464803 0.339952 0.445447 0.339952 0.445447 0.339952 0.455999 0.338677 0.463262 0.338677 0.455999 0.338677 0.445447 0.339952 0.445447 0.31906 0.445447 0.31906 0.455999 0.320335 0.455999 0.338677 0.455999 0.320335 0.445447 0.31906 0.464803 0.31906 0.464803 0.31906 0.463262 0.320335 0.455999 0.320335 0.409605 0.325384 0.428758 0.324109 0.428758 0.345001 0.428758 0.345001 0.409605 0.343726 0.409605 0.325384 0.409605 0.343726 0.428758 0.345001 0.400802 0.345001 0.400802 0.345001 0.402343 0.343726 0.409605 0.343726 0.402343 0.343726 0.400802 0.345001 0.400802 0.324109 0.400802 0.324109 0.402343 0.325384 0.402343 0.343726 0.402343 0.325384 0.400802 0.324109 0.428758 0.324109 0.428758 0.324109 0.409605 0.325384 0.402343 0.325384 0.463262 0.298168 0.464803 0.298168 0.464803 0.31906 0.464803 0.31906 0.463262 0.317785 0.463262 0.298168 0.463262 0.317785 0.464803 0.31906 0.445447 0.31906 0.445447 0.31906 0.455999 0.317785 0.463262 0.317785 0.455999 0.317785 0.445447 0.31906 0.445447 0.298168 0.445447 0.298168 0.455999 0.298168 0.455999 0.317785 0.409605 0.303217 0.428758 0.303217 0.428758 0.324109 0.428758 0.324109 0.409605 0.322835 0.409605 0.303217 0.409605 0.322835 0.428758 0.324109 0.400802 0.324109 0.400802 0.324109 0.402343 0.322835 0.409605 0.322835 0.402343 0.322835 0.400802 0.324109 0.400802 0.303217 0.400802 0.303217 0.402343 0.303217 0.402343 0.322835 0.473606 0.278551 0.484158 0.277276 0.484158 0.298168 0.484158 0.298168 0.473606 0.298168 0.473606 0.278551 0.466343 0.298168 0.464803 0.298168 0.464803 0.277276 0.464803 0.277276 0.466343 0.278551 0.466343 0.298168 0.466343 0.278551 0.464803 0.277276 0.484158 0.277276 0.484158 0.277276 0.473606 0.278551 0.466343 0.278551 0.473606 0.298168 0.484158 0.298168 0.484158 0.31906 0.484158 0.31906 0.473606 0.317785 0.473606 0.298168 0.473606 0.317785 0.484158 0.31906 0.464803 0.31906 0.464803 0.31906 0.466343 0.317785 0.473606 0.317785 0.466343 0.317785 0.464803 0.31906 0.464803 0.298168 0.464803 0.298168 0.466343 0.298168 0.466343 0.317785 0.473606 0.320335 0.484158 0.31906 0.484158 0.339952 0.484158 0.339952 0.473606 0.338677 0.473606 0.320335 0.473606 0.338677 0.484158 0.339952 0.464803 0.339952 0.464803 0.339952 0.466343 0.338677 0.473606 0.338677 0.466343 0.338677 0.464803 0.339952 0.464803 0.31906 0.464803 0.31906 0.466343 0.320335 0.466343 0.338677 0.466343 0.320335 0.464803 0.31906 0.484158 0.31906 0.484158 0.31906 0.473606 0.320335 0.466343 0.320335 0.473606 0.341226 0.484158 0.339952 0.484158 0.360844 0.484158 0.360844 0.473606 0.360844 0.473606 0.341226 0.466343 0.360844 0.464803 0.360844 0.464803 0.339952 0.464803 0.339952 0.466343 0.341226 0.466343 0.360844 0.466343 0.341226 0.464803 0.339952 0.484158 0.339952 0.484158 0.339952 0.473606 0.341226 0.466343 0.341226 0.473606 0.360844 0.484158 0.360844 0.484158 0.381735 0.484158 0.381735 0.473606 0.380461 0.473606 0.360844 0.473606 0.380461 0.484158 0.381735 0.464803 0.381735 0.464803 0.381735 0.466343 0.380461 0.473606 0.380461 0.466343 0.380461 0.464803 0.381735 0.464803 0.360844 0.464803 0.360844 0.466343 0.360844 0.466343 0.380461 0.473606 0.38301 0.484158 0.381735 0.484158 0.402627 0.484158 0.402627 0.473606 0.402627 0.473606 0.38301 0.466343 0.402627 0.464803 0.402627 0.464803 0.381735 0.464803 0.381735 0.466343 0.38301 0.466343 0.402627 0.466343 0.38301 0.464803 0.381735 0.484158 0.381735 0.484158 0.381735 0.473606 0.38301 0.466343 0.38301 0.473606 0.402627 0.484158 0.402627 0.484158 0.423519 0.484158 0.423519 0.473606 0.422244 0.473606 0.402627 0.473606 0.422244 0.484158 0.423519 0.464803 0.423519 0.464803 0.423519 0.466343 0.422244 0.473606 0.422244 0.466343 0.422244 0.464803 0.423519 0.464803 0.402627 0.464803 0.402627 0.466343 0.402627 0.466343 0.422244 0.399261 0.407676 0.400802 0.407676 0.400802 0.428568 0.400802 0.428568 0.399261 0.427294 0.399261 0.407676 0.399261 0.427294 0.400802 0.428568 0.381447 0.428568 0.381447 0.428568 0.391999 0.427294 0.399261 0.427294 0.391999 0.427294 0.381447 0.428568 0.381447 0.407676 0.381447 0.407676 0.391999 0.407676 0.391999 0.427294 0.399261 0.388059 0.400802 0.386785 0.400802 0.407676 0.400802 0.407676 0.399261 0.407676 0.399261 0.388059 0.391999 0.407676 0.381447 0.407676 0.381447 0.386785 0.381447 0.386785 0.391999 0.388059 0.391999 0.407676 0.391999 0.388059 0.381447 0.386785 0.400802 0.386785 0.400802 0.386785 0.399261 0.388059 0.391999 0.388059 0.399261 0.365893 0.400802 0.365893 0.400802 0.386785 0.400802 0.386785 0.399261 0.38551 0.399261 0.365893 0.399261 0.38551 0.400802 0.386785 0.381447 0.386785 0.381447 0.386785 0.391999 0.38551 0.399261 0.38551 0.391999 0.38551 0.381447 0.386785 0.381447 0.365893 0.381447 0.365893 0.391999 0.365893 0.391999 0.38551 0.399261 0.346276 0.400802 0.345001 0.400802 0.365893 0.400802 0.365893 0.399261 0.365893 0.399261 0.346276 0.391999 0.365893 0.381447 0.365893 0.381447 0.345001 0.381447 0.345001 0.391999 0.346276 0.391999 0.365893 0.391999 0.346276 0.381447 0.345001 0.400802 0.345001 0.400802 0.345001 0.399261 0.346276 0.391999 0.346276 0.399261 0.325384 0.400802 0.324109 0.400802 0.345001 0.400802 0.345001 0.399261 0.343726 0.399261 0.325384 0.399261 0.343726 0.400802 0.345001 0.381447 0.345001 0.381447 0.345001 0.391999 0.343726 0.399261 0.343726 0.391999 0.343726 0.381447 0.345001 0.381447 0.324109 0.381447 0.324109 0.391999 0.325384 0.391999 0.343726 0.391999 0.325384 0.381447 0.324109 0.400802 0.324109 0.400802 0.324109 0.399261 0.325384 0.391999 0.325384 0.399261 0.303217 0.400802 0.303217 0.400802 0.324109 0.400802 0.324109 0.399261 0.322835 0.399261 0.303217 0.399261 0.322835 0.400802 0.324109 0.381447 0.324109 0.381447 0.324109 0.391999 0.322835 0.399261 0.322835 0.391999 0.322835 0.381447 0.324109 0.381447 0.303217 0.381447 0.303217 0.391999 0.303217 0.391999 0.322835 0.399261 0.2836 0.400802 0.282326 0.400802 0.303217 0.400802 0.303217 0.399261 0.303217 0.399261 0.2836 0.391999 0.303217 0.381447 0.303217 0.381447 0.282326 0.381447 0.282326 0.391999 0.2836 0.391999 0.303217 0.391999 0.2836 0.381447 0.282326 0.400802 0.282326 0.400802 0.282326 0.399261 0.2836 0.391999 0.2836 0.484158 0.298168 0.484158 0.277276 0.493643 0.280784 0.493643 0.280784 0.493643 0.29466 0.484158 0.298168 0.484158 0.277276 0.610997 0.277276 0.601512 0.280784 0.601512 0.280784 0.493643 0.280784 0.484158 0.277276 0.610997 0.298168 0.484158 0.298168 0.493643 0.29466 0.493643 0.29466 0.601512 0.29466 0.610997 0.298168 0.381447 0.282326 0.381447 0.303217 0.371961 0.29971 0.371961 0.29971 0.371961 0.285833 0.381447 0.282326 0.381447 0.303217 0.254607 0.303217 0.264093 0.29971 0.264093 0.29971 0.371961 0.29971 0.381447 0.303217 0.484158 0.423519 0.484158 0.402627 0.493643 0.406135 0.493643 0.406135 0.493643 0.420011 0.484158 0.423519 0.381447 0.407676 0.381447 0.428568 0.371961 0.42506 0.371961 0.42506 0.371961 0.411184 0.381447 0.407676 0.318027 0.42506 0.371961 0.42506 0.381447 0.428568 0.381447 0.428568 0.318027 0.428568 0.318027 0.42506 0.484158 0.402627 0.484158 0.381735 0.493643 0.385243 0.493643 0.385243 0.493643 0.399119 0.484158 0.402627 0.610997 0.402627 0.484158 0.402627 0.493643 0.399119 0.493643 0.399119 0.601512 0.399119 0.610997 0.402627 0.381447 0.386785 0.381447 0.407676 0.371961 0.404169 0.371961 0.404169 0.371961 0.390292 0.381447 0.386785 0.381447 0.407676 0.254607 0.407676 0.264093 0.404169 0.264093 0.404169 0.371961 0.404169 0.381447 0.407676 0.484158 0.381735 0.484158 0.360844 0.493643 0.364351 0.493643 0.364351 0.493643 0.378228 0.484158 0.381735 0.610997 0.381735 0.484158 0.381735 0.493643 0.378228 0.493643 0.378228 0.601512 0.378228 0.610997 0.381735 0.381447 0.365893 0.381447 0.386785 0.371961 0.383277 0.371961 0.383277 0.371961 0.369401 0.381447 0.365893 0.381447 0.386785 0.254607 0.386785 0.264093 0.383277 0.264093 0.383277 0.371961 0.383277 0.381447 0.386785 0.484158 0.360844 0.484158 0.339952 0.493643 0.34346 0.493643 0.34346 0.493643 0.357336 0.484158 0.360844 0.610997 0.360844 0.484158 0.360844 0.493643 0.357336 0.493643 0.357336 0.601512 0.357336 0.610997 0.360844 0.381447 0.345001 0.381447 0.365893 0.371961 0.362385 0.371961 0.362385 0.371961 0.348509 0.381447 0.345001 0.381447 0.365893 0.254607 0.365893 0.264093 0.362385 0.264093 0.362385 0.371961 0.362385 0.381447 0.365893 0.484158 0.339952 0.484158 0.31906 0.493643 0.322568 0.493643 0.322568 0.493643 0.336444 0.484158 0.339952 0.610997 0.339952 0.484158 0.339952 0.493643 0.336444 0.493643 0.336444 0.601512 0.336444 0.610997 0.339952 0.381447 0.324109 0.381447 0.345001 0.371961 0.341493 0.371961 0.341493 0.371961 0.327617 0.381447 0.324109 0.381447 0.345001 0.254607 0.345001 0.264093 0.341493 0.264093 0.341493 0.371961 0.341493 0.381447 0.345001 0.484158 0.31906 0.484158 0.298168 0.493643 0.301676 0.493643 0.301676 0.493643 0.315552 0.484158 0.31906 0.610997 0.31906 0.484158 0.31906 0.493643 0.315552 0.493643 0.315552 0.601512 0.315552 0.610997 0.31906 0.381447 0.303217 0.381447 0.324109 0.371961 0.320601 0.371961 0.320601 0.371961 0.306725 0.381447 0.303217 0.381447 0.324109 0.254607 0.324109 0.264093 0.320601 0.264093 0.320601 0.371961 0.320601 0.381447 0.324109 0.608381 0.718424 0.597572 0.718417 0.597577 0.71141 0.597577 0.71141 0.608385 0.711416 0.608381 0.718424 0.597619 0.645551 0.597631 0.625934 0.60844 0.62594 0.60844 0.62594 0.608427 0.645557 0.597619 0.645551 0.597577 0.71141 0.597589 0.691793 0.608398 0.691799 0.608398 0.691799 0.608385 0.711416 0.597577 0.71141 0.494548 0.95249 0.494565 0.932873 0.505374 0.932881 0.505374 0.932881 0.505357 0.952498 0.494548 0.95249 0.494542 0.959497 0.494548 0.95249 0.505357 0.952498 0.505357 0.952498 0.505351 0.959506 0.494542 0.959497 0.494604 0.886631 0.49462 0.867014 0.505429 0.867022 0.505429 0.867022 0.505412 0.886639 0.494604 0.886631 0.50539 0.913264 0.494581 0.913256 0.494587 0.906248 0.494587 0.906248 0.505396 0.906256 0.50539 0.913264 0.494565 0.932873 0.494581 0.913256 0.50539 0.913264 0.50539 0.913264 0.505374 0.932881 0.494565 0.932873 0.494587 0.906248 0.494604 0.886631 0.505412 0.886639 0.505412 0.886639 0.505396 0.906256 0.494587 0.906248 0.597596 0.760647 0.597584 0.74103 0.608393 0.741024 0.608393 0.741024 0.608405 0.760641 0.597596 0.760647 0.597601 0.767654 0.597596 0.760647 0.608405 0.760641 0.608405 0.760641 0.608409 0.767648 0.597601 0.767654 0.597612 0.787271 0.597601 0.767654 0.608409 0.767648 0.608409 0.767648 0.608421 0.787265 0.597612 0.787271 0.608438 0.81389 0.597629 0.813896 0.597625 0.806889 0.597625 0.806889 0.608433 0.806882 0.608438 0.81389 0.597584 0.74103 0.597572 0.721413 0.608381 0.721406 0.608381 0.721406 0.608393 0.741024 0.597584 0.74103 0.597625 0.806889 0.597612 0.787271 0.608421 0.787265 0.608421 0.787265 0.608433 0.806882 0.597625 0.806889 0.464173 0.224788 0.453364 0.22478 0.453369 0.217773 0.453369 0.217773 0.464178 0.2177799 0.464173 0.224788 0.45335 0.2431229 0.453364 0.22478 0.464173 0.224788 0.464173 0.224788 0.464159 0.24313 0.45335 0.2431229 0.453345 0.25013 0.45335 0.2431229 0.464159 0.24313 0.464159 0.24313 0.464153 0.250138 0.453345 0.25013 0.453331 0.268473 0.453345 0.25013 0.464153 0.250138 0.464153 0.250138 0.464139 0.26848 0.453331 0.268473 0.597606 0.665168 0.597619 0.645551 0.608427 0.645557 0.608427 0.645557 0.608415 0.665175 0.597606 0.665168 0.597602 0.672176 0.597606 0.665168 0.608415 0.665175 0.608415 0.665175 0.60841 0.672182 0.597602 0.672176 0.597589 0.691793 0.597602 0.672176 0.60841 0.672182 0.60841 0.672182 0.608398 0.691799 0.597589 0.691793 0.999894 0.276408 0.989085 0.276408 0.989085 0.256791 0.989085 0.256791 0.999894 0.256791 0.999894 0.276408 0.999894 0.2105489 0.989085 0.2105489 0.989085 0.190932 0.989085 0.190932 0.999894 0.190932 0.999894 0.2105489 0.999894 0.283416 0.989085 0.283416 0.989085 0.276408 0.989085 0.276408 0.999894 0.276408 0.999894 0.283416 0.999894 0.256791 0.989085 0.256791 0.989085 0.237174 0.989085 0.237174 0.999894 0.237174 0.999894 0.256791 0.999894 0.230166 0.989085 0.230166 0.989085 0.2105489 0.989085 0.2105489 0.999894 0.2105489 0.999894 0.230166 0.674278 0.932032 0.674278 0.942461 0.655269 0.942461 0.655269 0.942461 0.655269 0.932032 0.674278 0.932032 0.700549 0.932032 0.700549 0.942461 0.68154 0.942461 0.68154 0.942461 0.68154 0.932032 0.700549 0.932032 0.68154 0.932032 0.68154 0.942461 0.674278 0.942461 0.674278 0.942461 0.674278 0.932032 0.68154 0.932032 0.999894 0.1347 0.989085 0.1347 0.989085 0.115083 0.989085 0.115083 0.999894 0.115083 0.999894 0.1347 0.999894 0.161325 0.989085 0.161325 0.989085 0.141708 0.989085 0.141708 0.999894 0.141708 0.999894 0.161325 0.999894 0.141708 0.989085 0.141708 0.989085 0.1347 0.989085 0.1347 0.999894 0.1347 0.999894 0.141708 0.999894 0.115083 0.989085 0.115083 0.989085 0.09546595 0.989085 0.09546595 0.999894 0.09546595 0.999894 0.115083 0.999894 0.1809419 0.989085 0.1809419 0.989085 0.161325 0.989085 0.161325 0.999894 0.161325 0.999894 0.1809419 0.575423 0.816633 0.564614 0.816636 0.564609 0.797019 0.564609 0.797019 0.575417 0.797016 0.575423 0.816633 0.575431 0.843258 0.564622 0.843261 0.564616 0.823644 0.564616 0.823644 0.575425 0.823641 0.575431 0.843258 0.575425 0.823641 0.564616 0.823644 0.564614 0.816636 0.564614 0.816636 0.575423 0.816633 0.575425 0.823641 0.575417 0.797016 0.564609 0.797019 0.564603 0.777402 0.564603 0.777402 0.575411 0.777399 0.575417 0.797016 0.575437 0.862875 0.564628 0.862878 0.564622 0.843261 0.564622 0.843261 0.575431 0.843258 0.575437 0.862875 0.56463 0.869886 0.564628 0.862878 0.575437 0.862875 0.575437 0.862875 0.575438 0.869883 0.56463 0.869886 0.989085 0.18795 0.989085 0.1809419 0.999894 0.1809419 0.999894 0.1809419 0.999894 0.18795 0.989085 0.18795 0.707811 0.942461 0.700549 0.942461 0.700549 0.932032 0.700549 0.932032 0.707811 0.932032 0.707811 0.942461 0.989085 0.237174 0.989085 0.230166 0.999894 0.230166 0.999894 0.230166 0.999894 0.237174 0.989085 0.237174 0.950439 0.23594 0.939631 0.235924 0.939652 0.222048 0.939652 0.222048 0.950461 0.222063 0.950439 0.23594 0.939814 0.117962 0.939835 0.104086 0.950644 0.104101 0.950644 0.104101 0.950622 0.117978 0.939814 0.117962 0.939652 0.222048 0.939814 0.117962 0.950622 0.117978 0.950622 0.117978 0.950461 0.222063 0.939652 0.222048 0.939835 0.104086 0.939997 0 0.950805 1.6e-5 0.950805 1.6e-5 0.950644 0.104101 0.939835 0.104086 0.898464 0.626888 0.909273 0.626892 0.909227 0.730978 0.909227 0.730978 0.898419 0.730974 0.898464 0.626888 0.898521 0.495049 0.90933 0.495054 0.909324 0.50893 0.909324 0.50893 0.898515 0.508926 0.898521 0.495049 0.909279 0.613016 0.909273 0.626892 0.898464 0.626888 0.898464 0.626888 0.89847 0.613012 0.909279 0.613016 0.89847 0.613012 0.898493 0.560969 0.909301 0.560973 0.909301 0.560973 0.909279 0.613016 0.89847 0.613012 0.966994 0.581913 0.956185 0.581907 0.95624 0.477821 0.95624 0.477821 0.967048 0.477827 0.966994 0.581913 0.966924 0.713751 0.956115 0.713746 0.956123 0.69987 0.956123 0.69987 0.966931 0.699875 0.966924 0.713751 0.956178 0.595784 0.956185 0.581907 0.966994 0.581913 0.966994 0.581913 0.966986 0.595789 0.956178 0.595784 0.956123 0.69987 0.956178 0.595784 0.966986 0.595789 0.966986 0.595789 0.966931 0.699875 0.956123 0.69987 0.983424 0.342995 0.972615 0.342996 0.9726 0.23891 0.9726 0.23891 0.983409 0.238909 0.983424 0.342995 0.983443 0.474833 0.972635 0.474835 0.972633 0.460958 0.972633 0.460958 0.983441 0.460957 0.983443 0.474833 0.972617 0.356873 0.972615 0.342996 0.983424 0.342995 0.983424 0.342995 0.983426 0.356871 0.972617 0.356873 0.972633 0.460958 0.972617 0.356873 0.983426 0.356871 0.983426 0.356871 0.983441 0.460957 0.972633 0.460958 0.488866 0.834627 0.478058 0.834627 0.478058 0.730541 0.478058 0.730541 0.488866 0.730541 0.488866 0.834627 0.488867 0.966465 0.478058 0.966465 0.478058 0.952589 0.478058 0.952589 0.488866 0.952589 0.488867 0.966465 0.478058 0.848503 0.478058 0.834627 0.488866 0.834627 0.488866 0.834627 0.488866 0.848503 0.478058 0.848503 0.478058 0.952589 0.478058 0.848503 0.488866 0.848503 0.488866 0.848503 0.488866 0.952589 0.478058 0.952589 0.966996 0.104091 0.956187 0.104085 0.956244 0 0.956244 0 0.967053 5e-6 0.966996 0.104091 0.966924 0.235929 0.956115 0.2359229 0.956123 0.222047 0.956123 0.222047 0.966932 0.222053 0.966924 0.235929 0.95618 0.117962 0.956187 0.104085 0.966996 0.104091 0.966996 0.104091 0.966989 0.117967 0.95618 0.117962 0.956123 0.222047 0.95618 0.117962 0.966989 0.117967 0.966989 0.117967 0.966932 0.222053 0.956123 0.222047 0.591967 0.730019 0.581159 0.730026 0.581087 0.62594 0.581087 0.62594 0.591896 0.625933 0.591967 0.730019 0.592058 0.861857 0.581249 0.861864 0.58124 0.847988 0.58124 0.847988 0.592048 0.847981 0.592058 0.861857 0.581168 0.743902 0.581159 0.730026 0.591967 0.730019 0.591967 0.730019 0.591977 0.743895 0.581168 0.743902 0.58124 0.847988 0.581168 0.743902 0.591977 0.743895 0.591977 0.743895 0.592048 0.847981 0.58124 0.847988 0.547764 0.562558 0.534227 0.562559 0.534226 0.552129 0.534226 0.552129 0.547762 0.552129 0.547764 0.562558 0.400802 0.471861 0.400802 0.4588 0.428758 0.4588 0.428758 0.4588 0.428758 0.471861 0.400802 0.471861 0.381447 0.471861 0.381447 0.4588 0.400802 0.4588 0.400802 0.4588 0.400802 0.471861 0.381447 0.471861 0.254607 0.458799 0.254607 0.47186 0.21628 0.47186 0.21628 0.47186 0.21628 0.458799 0.254607 0.458799 0.400802 0.471861 0.428758 0.471861 0.400802 0.497116 0.381447 0.497116 0.381447 0.471861 0.400802 0.471861 0.400802 0.471861 0.400802 0.497116 0.381447 0.497116 0.254607 0.497116 0.21628 0.497115 0.21628 0.47186 0.21628 0.47186 0.254607 0.47186 0.254607 0.497116 0.43117 0.868686 0.43117 0.899284 0.420361 0.899284 0.420361 0.899284 0.420361 0.868686 0.43117 0.868686 0.43117 0.899284 0.43117 0.929882 0.420361 0.929882 0.420361 0.929882 0.420361 0.899284 0.43117 0.899284 0.43117 0.807491 0.43117 0.838088 0.420361 0.838088 0.420361 0.838088 0.420361 0.807491 0.43117 0.807491 0.579287 0.463368 0.579287 0.466811 0.547577 0.466811 0.547577 0.466811 0.547577 0.463368 0.579287 0.463368 0.318027 0.468417 0.318027 0.471861 0.286317 0.47186 0.286317 0.47186 0.286317 0.468417 0.318027 0.468417 0.547577 0.463368 0.547577 0.466811 0.515867 0.466811 0.515867 0.466811 0.515867 0.463368 0.547577 0.463368 0.349737 0.468417 0.349737 0.471861 0.318027 0.471861 0.318027 0.471861 0.318027 0.468417 0.349737 0.468417 0.515867 0.463368 0.515867 0.466811 0.484158 0.466811 0.484158 0.466811 0.487604 0.463368 0.515867 0.463368 0.487604 0.463368 0.484158 0.466811 0.484158 0.45375 0.484158 0.45375 0.487604 0.457194 0.487604 0.463368 0.547577 0.457194 0.487604 0.457194 0.484158 0.45375 0.484158 0.45375 0.547577 0.45375 0.547577 0.457194 0.378 0.462243 0.381447 0.4588 0.381447 0.471861 0.381447 0.471861 0.378 0.468417 0.378 0.462243 0.378 0.468417 0.381447 0.471861 0.349737 0.471861 0.349737 0.471861 0.349737 0.468417 0.378 0.468417 0.381447 0.4588 0.378 0.462243 0.318027 0.462243 0.318027 0.462243 0.318027 0.458799 0.381447 0.4588 0.286317 0.468417 0.286317 0.47186 0.254607 0.47186 0.254607 0.47186 0.258054 0.468417 0.286317 0.468417 0.258054 0.468417 0.254607 0.47186 0.254607 0.458799 0.254607 0.458799 0.258054 0.462243 0.258054 0.468417 0.60755 0.463368 0.610997 0.466811 0.579287 0.466811 0.579287 0.466811 0.579287 0.463368 0.60755 0.463368 0.60755 0.457194 0.610997 0.45375 0.610997 0.466811 0.610997 0.466811 0.60755 0.463368 0.60755 0.457194 0.549269 0.488328 0.547577 0.492066 0.547577 0.466811 0.547577 0.466811 0.549269 0.47055 0.549269 0.488328 0.549269 0.47055 0.547577 0.466811 0.579287 0.466811 0.579287 0.466811 0.577596 0.47055 0.549269 0.47055 0.577596 0.47055 0.579287 0.466811 0.579287 0.492066 0.579287 0.492066 0.577596 0.488328 0.577596 0.47055 0.577596 0.488328 0.579287 0.492066 0.547577 0.492066 0.547577 0.492066 0.549269 0.488328 0.577596 0.488328 0.288009 0.493377 0.286317 0.497116 0.286317 0.47186 0.286317 0.47186 0.288009 0.475599 0.288009 0.493377 0.288009 0.475599 0.286317 0.47186 0.318027 0.471861 0.318027 0.471861 0.316335 0.475599 0.288009 0.475599 0.316335 0.475599 0.318027 0.471861 0.318027 0.497116 0.318027 0.497116 0.316335 0.493377 0.316335 0.475599 0.316335 0.493377 0.318027 0.497116 0.286317 0.497116 0.286317 0.497116 0.288009 0.493377 0.316335 0.493377 0.517559 0.488328 0.515867 0.492066 0.515867 0.466811 0.515867 0.466811 0.517559 0.47055 0.517559 0.488328 0.517559 0.47055 0.515867 0.466811 0.547577 0.466811 0.547577 0.466811 0.545886 0.47055 0.517559 0.47055 0.545886 0.47055 0.547577 0.466811 0.547577 0.492066 0.547577 0.492066 0.545886 0.488328 0.545886 0.47055 0.545886 0.488328 0.547577 0.492066 0.515867 0.492066 0.515867 0.492066 0.517559 0.488328 0.545886 0.488328 0.319718 0.493377 0.318027 0.497116 0.318027 0.471861 0.318027 0.471861 0.319718 0.475599 0.319718 0.493377 0.319718 0.475599 0.318027 0.471861 0.349737 0.471861 0.349737 0.471861 0.348045 0.475599 0.319718 0.475599 0.348045 0.475599 0.349737 0.471861 0.349737 0.497116 0.349737 0.497116 0.348045 0.493377 0.348045 0.475599 0.348045 0.493377 0.349737 0.497116 0.318027 0.497116 0.318027 0.497116 0.319718 0.493377 0.348045 0.493377 0.485849 0.488328 0.484158 0.492066 0.484158 0.466811 0.484158 0.466811 0.485849 0.47055 0.485849 0.488328 0.485849 0.47055 0.484158 0.466811 0.515867 0.466811 0.515867 0.466811 0.514176 0.47055 0.485849 0.47055 0.514176 0.47055 0.515867 0.466811 0.515867 0.492066 0.515867 0.492066 0.514176 0.488328 0.514176 0.47055 0.514176 0.488328 0.515867 0.492066 0.484158 0.492066 0.484158 0.492066 0.485849 0.488328 0.514176 0.488328 0.351428 0.493377 0.349737 0.497116 0.349737 0.471861 0.349737 0.471861 0.351428 0.475599 0.351428 0.493377 0.351428 0.475599 0.349737 0.471861 0.381447 0.471861 0.381447 0.471861 0.379755 0.475599 0.351428 0.475599 0.379755 0.475599 0.381447 0.471861 0.381447 0.497116 0.381447 0.497116 0.379755 0.493377 0.379755 0.475599 0.379755 0.493377 0.381447 0.497116 0.349737 0.497116 0.349737 0.497116 0.351428 0.493377 0.379755 0.493377 0.256299 0.475599 0.254607 0.47186 0.286317 0.47186 0.286317 0.47186 0.284626 0.475599 0.256299 0.475599 0.284626 0.475599 0.286317 0.47186 0.286317 0.497116 0.286317 0.497116 0.284625 0.493377 0.284626 0.475599 0.284625 0.493377 0.286317 0.497116 0.254607 0.497116 0.254607 0.497116 0.256299 0.493377 0.284625 0.493377 0.256299 0.493377 0.254607 0.497116 0.254607 0.47186 0.254607 0.47186 0.256299 0.475599 0.256299 0.493377 0.580979 0.488328 0.579287 0.492066 0.579287 0.466811 0.579287 0.466811 0.580979 0.47055 0.580979 0.488328 0.580979 0.47055 0.579287 0.466811 0.610997 0.466811 0.610997 0.466811 0.609306 0.47055 0.580979 0.47055 0.609306 0.47055 0.610997 0.466811 0.610997 0.492066 0.610997 0.492066 0.609306 0.488328 0.609306 0.47055 0.609306 0.488328 0.610997 0.492066 0.579287 0.492066 0.579287 0.492066 0.580979 0.488328 0.609306 0.488328 0.639886 0.385243 0.649325 0.381735 0.649325 0.402627 0.649325 0.402627 0.639886 0.399119 0.639886 0.385243 0.639886 0.399119 0.649325 0.402627 0.610997 0.402627 0.610997 0.402627 0.627918 0.399119 0.639886 0.399119 0.627918 0.399119 0.610997 0.402627 0.610997 0.381735 0.610997 0.381735 0.627918 0.385243 0.627918 0.399119 0.627918 0.385243 0.610997 0.381735 0.649325 0.381735 0.649325 0.381735 0.639886 0.385243 0.627918 0.385243 0.237686 0.404168 0.254607 0.407676 0.21628 0.407676 0.21628 0.407676 0.225718 0.404168 0.237686 0.404168 0.225718 0.404168 0.21628 0.407676 0.21628 0.386784 0.21628 0.386784 0.225718 0.390292 0.225718 0.404168 0.225718 0.390292 0.21628 0.386784 0.254607 0.386785 0.254607 0.386785 0.237686 0.390292 0.225718 0.390292 0.237686 0.390292 0.254607 0.386785 0.254607 0.407676 0.254607 0.407676 0.237686 0.404168 0.237686 0.390292 0.639886 0.364351 0.649325 0.360844 0.649325 0.381735 0.649325 0.381735 0.639886 0.378228 0.639886 0.364351 0.639886 0.378228 0.649325 0.381735 0.610997 0.381735 0.610997 0.381735 0.627918 0.378228 0.639886 0.378228 0.627918 0.378228 0.610997 0.381735 0.610997 0.360844 0.610997 0.360844 0.627918 0.364351 0.627918 0.378228 0.627918 0.364351 0.610997 0.360844 0.649325 0.360844 0.649325 0.360844 0.639886 0.364351 0.627918 0.364351 0.237686 0.383277 0.254607 0.386785 0.21628 0.386784 0.21628 0.386784 0.225718 0.383277 0.237686 0.383277 0.225718 0.383277 0.21628 0.386784 0.21628 0.365893 0.21628 0.365893 0.225718 0.3694 0.225718 0.383277 0.225718 0.3694 0.21628 0.365893 0.254607 0.365893 0.254607 0.365893 0.237686 0.3694 0.225718 0.3694 0.237686 0.3694 0.254607 0.365893 0.254607 0.386785 0.254607 0.386785 0.237686 0.383277 0.237686 0.3694 0.639886 0.343459 0.649325 0.339952 0.649325 0.360844 0.649325 0.360844 0.639886 0.357336 0.639886 0.343459 0.639886 0.357336 0.649325 0.360844 0.610997 0.360844 0.610997 0.360844 0.627918 0.357336 0.639886 0.357336 0.627918 0.357336 0.610997 0.360844 0.610997 0.339952 0.610997 0.339952 0.627918 0.343459 0.627918 0.357336 0.627918 0.343459 0.610997 0.339952 0.649325 0.339952 0.649325 0.339952 0.639886 0.343459 0.627918 0.343459 0.237686 0.362385 0.254607 0.365893 0.21628 0.365893 0.21628 0.365893 0.225718 0.362385 0.237686 0.362385 0.225718 0.362385 0.21628 0.365893 0.21628 0.345001 0.21628 0.345001 0.225718 0.348509 0.225718 0.362385 0.225718 0.348509 0.21628 0.345001 0.254607 0.345001 0.254607 0.345001 0.237686 0.348509 0.225718 0.348509 0.237686 0.348509 0.254607 0.345001 0.254607 0.365893 0.254607 0.365893 0.237686 0.362385 0.237686 0.348509 0.639886 0.322568 0.649325 0.31906 0.649325 0.339952 0.649325 0.339952 0.639886 0.336444 0.639886 0.322568 0.639886 0.336444 0.649325 0.339952 0.610997 0.339952 0.610997 0.339952 0.627918 0.336444 0.639886 0.336444 0.627918 0.336444 0.610997 0.339952 0.610997 0.31906 0.610997 0.31906 0.627918 0.322568 0.627918 0.336444 0.627918 0.322568 0.610997 0.31906 0.649325 0.31906 0.649325 0.31906 0.639886 0.322568 0.627918 0.322568 0.237687 0.341493 0.254607 0.345001 0.21628 0.345001 0.21628 0.345001 0.225718 0.341493 0.237687 0.341493 0.225718 0.341493 0.21628 0.345001 0.21628 0.324109 0.21628 0.324109 0.225718 0.327617 0.225718 0.341493 0.225718 0.327617 0.21628 0.324109 0.254607 0.324109 0.254607 0.324109 0.237687 0.327617 0.225718 0.327617 0.237687 0.327617 0.254607 0.324109 0.254607 0.345001 0.254607 0.345001 0.237687 0.341493 0.237687 0.327617 0.639886 0.301676 0.649325 0.298168 0.649325 0.31906 0.649325 0.31906 0.639886 0.315552 0.639886 0.301676 0.639886 0.315552 0.649325 0.31906 0.610997 0.31906 0.610997 0.31906 0.627918 0.315552 0.639886 0.315552 0.627918 0.315552 0.610997 0.31906 0.610997 0.298168 0.610997 0.298168 0.627918 0.301676 0.627918 0.315552 0.627918 0.301676 0.610997 0.298168 0.649325 0.298168 0.649325 0.298168 0.639886 0.301676 0.627918 0.301676 0.237687 0.320601 0.254607 0.324109 0.21628 0.324109 0.21628 0.324109 0.225718 0.320601 0.237687 0.320601 0.225718 0.320601 0.21628 0.324109 0.21628 0.303217 0.21628 0.303217 0.225718 0.306725 0.225718 0.320601 0.225718 0.306725 0.21628 0.303217 0.254607 0.303217 0.254607 0.303217 0.237687 0.306725 0.225718 0.306725 0.237687 0.306725 0.254607 0.303217 0.254607 0.324109 0.254607 0.324109 0.237687 0.320601 0.237687 0.306725 0.836604 0.257074 0.847412 0.257076 0.84741 0.268625 0.84741 0.268625 0.836601 0.268622 0.836604 0.257074 0.847418 0.231651 0.847415 0.2432 0.836606 0.243198 0.836606 0.243198 0.836609 0.231649 0.847418 0.231651 0.84742 0.217775 0.847418 0.231651 0.836609 0.231649 0.836609 0.231649 0.836612 0.217773 0.84742 0.217775 0.847415 0.2432 0.847412 0.257076 0.836604 0.257074 0.836604 0.257074 0.836606 0.243198 0.847415 0.2432 0.820125 0.257076 0.830934 0.257074 0.830937 0.268623 0.830937 0.268623 0.820128 0.268625 0.820125 0.257076 0.830928 0.231649 0.830931 0.243198 0.820122 0.2432 0.820122 0.2432 0.820119 0.231651 0.830928 0.231649 0.830925 0.217773 0.830928 0.231649 0.820119 0.231651 0.820119 0.231651 0.820116 0.217775 0.830925 0.217773 0.830931 0.243198 0.830934 0.257074 0.820125 0.257076 0.820125 0.257076 0.820122 0.2432 0.830931 0.243198 0.85311 0.03930795 0.863919 0.03930097 0.863926 0.05084997 0.863926 0.05084997 0.853117 0.05085599 0.85311 0.03930795 0.863903 0.01387596 0.86391 0.02542495 0.853101 0.02543097 0.853101 0.02543097 0.853094 0.01388198 0.863903 0.01387596 0.863894 0 0.863903 0.01387596 0.853094 0.01388198 0.853094 0.01388198 0.853086 6e-6 0.863894 0 0.86391 0.02542495 0.863919 0.03930097 0.85311 0.03930795 0.85311 0.03930795 0.853101 0.02543097 0.86391 0.02542495 0.820117 0.465803 0.830926 0.465803 0.830925 0.477352 0.830925 0.477352 0.820116 0.477351 0.820117 0.465803 0.830927 0.440378 0.830926 0.451927 0.820117 0.451926 0.820117 0.451926 0.820118 0.440378 0.830927 0.440378 0.830927 0.426502 0.830927 0.440378 0.820118 0.440378 0.820118 0.440378 0.820119 0.426501 0.830927 0.426502 0.830926 0.451927 0.830926 0.465803 0.820117 0.465803 0.820117 0.465803 0.820117 0.451926 0.830926 0.451927 0.820147 0.03930896 0.830956 0.03930097 0.830964 0.05084997 0.830964 0.05084997 0.820156 0.05085796 0.820147 0.03930896 0.830936 0.01387596 0.830945 0.02542495 0.820136 0.025433 0.820136 0.025433 0.820127 0.01388394 0.830936 0.01387596 0.830925 0 0.830936 0.01387596 0.820127 0.01388394 0.820127 0.01388394 0.820116 8e-6 0.830925 0 0.830945 0.02542495 0.830956 0.03930097 0.820147 0.03930896 0.820147 0.03930896 0.820136 0.025433 0.830945 0.02542495 0.933956 0.272368 0.933956 0.302966 0.923147 0.302966 0.923147 0.302966 0.923147 0.272368 0.933956 0.272368 0.933956 0.302966 0.933955 0.333564 0.923147 0.333564 0.923147 0.333564 0.923147 0.302966 0.933956 0.302966 0.933955 0.360836 0.933955 0.367011 0.923146 0.367011 0.923146 0.367011 0.923147 0.360836 0.933955 0.360836 0.933955 0.333564 0.933955 0.360836 0.923147 0.360836 0.923147 0.360836 0.923147 0.333564 0.933955 0.333564 0.933956 0.245096 0.923147 0.245096 0.923147 0.2389219 0.923147 0.2389219 0.933956 0.2389219 0.933956 0.245096 0.923147 0.272368 0.923147 0.245096 0.933956 0.245096 0.933956 0.245096 0.933956 0.272368 0.923147 0.272368 0.923146 0.367011 0.933955 0.367011 0.933955 0.424881 0.933955 0.424881 0.923146 0.424881 0.923146 0.367011 0.999947 0.786565 0.989138 0.786557 0.989161 0.759223 0.989161 0.759223 0.99997 0.759232 0.999947 0.786565 0.999909 0.831676 0.9891 0.831668 0.989123 0.804334 0.989123 0.804334 0.999932 0.804343 0.999909 0.831676 0.989085 0.849445 0.9891 0.831668 0.999909 0.831676 0.999909 0.831676 0.999894 0.849454 0.989085 0.849445 0.989123 0.804334 0.989138 0.786557 0.999947 0.786565 0.999947 0.786565 0.999932 0.804343 0.989123 0.804334 0.591913 0.892179 0.581104 0.892185 0.581087 0.864851 0.581087 0.864851 0.591896 0.864845 0.591913 0.892179 0.591951 0.955068 0.581142 0.955074 0.581132 0.937296 0.581132 0.937296 0.59194 0.93729 0.591951 0.955068 0.59194 0.93729 0.581132 0.937296 0.581115 0.909963 0.581115 0.909963 0.591924 0.909956 0.59194 0.93729 0.581115 0.909963 0.581104 0.892185 0.591913 0.892179 0.591913 0.892179 0.591924 0.909956 0.581115 0.909963 0.999945 0.879776 0.989137 0.879768 0.989159 0.852434 0.989159 0.852434 0.999968 0.852442 0.999945 0.879776 0.999894 0.942665 0.989085 0.942657 0.9891 0.924879 0.9891 0.924879 0.999908 0.924887 0.999894 0.942665 0.999908 0.924887 0.9891 0.924879 0.989122 0.897546 0.989122 0.897546 0.999931 0.897554 0.999908 0.924887 0.989122 0.897546 0.989137 0.879768 0.999945 0.879776 0.999945 0.879776 0.999931 0.897554 0.989122 0.897546 0.815995 0.905168 0.826804 0.905165 0.826812 0.932498 0.826812 0.932498 0.816003 0.932501 0.815995 0.905168 0.816003 0.932501 0.826812 0.932498 0.826817 0.950276 0.826817 0.950276 0.816008 0.950279 0.816003 0.932501 0.816008 0.950279 0.826817 0.950276 0.826825 0.977609 0.826825 0.977609 0.816016 0.977612 0.816008 0.950279 0.816016 0.977612 0.826825 0.977609 0.82683 0.995387 0.82683 0.995387 0.816021 0.99539 0.816016 0.977612 0.33653 0.552128 0.344603 0.552128 0.344603 0.562558 0.344603 0.562558 0.33653 0.562558 0.33653 0.552128 0.43256 0.275453 0.428758 0.282326 0.428759 0.251083 0.428759 0.251083 0.43256 0.251083 0.43256 0.275453 0.547577 0.423519 0.484158 0.423519 0.493643 0.420011 0.493643 0.420011 0.547577 0.420011 0.547577 0.423519 0.381447 0.4588 0.381447 0.443684 0.400802 0.443684 0.400802 0.443684 0.400802 0.4588 0.381447 0.4588 0.254607 0.428568 0.254607 0.443684 0.21628 0.443684 0.21628 0.443684 0.21628 0.428568 0.254607 0.428568 0.381447 0.443684 0.381447 0.428568 0.400802 0.428568 0.400802 0.428568 0.400802 0.443684 0.381447 0.443684 0.400802 0.428568 0.428758 0.428568 0.428758 0.443684 0.428758 0.443684 0.400802 0.443684 0.400802 0.428568 0.502896 0.562558 0.502896 0.552129 0.518561 0.552129 0.518561 0.552129 0.518561 0.562558 0.502896 0.562558 0.264093 0.42506 0.318027 0.42506 0.318027 0.428568 0.318027 0.428568 0.254607 0.428568 0.264093 0.42506 0.898515 0.508926 0.909324 0.50893 0.909301 0.560973 0.909301 0.560973 0.898493 0.560969 0.898515 0.508926 0.610997 0.423519 0.547577 0.423519 0.547577 0.420011 0.547577 0.420011 0.601512 0.420011 0.610997 0.423519 0.60755 0.457194 0.547577 0.457194 0.547577 0.45375 0.547577 0.45375 0.610997 0.45375 0.60755 0.457194 0.923146 0.48275 0.923146 0.424881 0.933955 0.424881 0.933955 0.424881 0.933955 0.482751 0.923146 0.48275 0.254607 0.458799 0.318027 0.458799 0.318027 0.462243 0.318027 0.462243 0.258054 0.462243 0.254607 0.458799 0.321474 0.456391 0.318027 0.458799 0.318027 0.443684 0.318027 0.443684 0.321474 0.449717 0.321474 0.456391 0.321474 0.449717 0.318027 0.443684 0.381447 0.443684 0.381447 0.443684 0.378 0.449717 0.321474 0.449717 0.378 0.449717 0.381447 0.443684 0.381447 0.4588 0.381447 0.4588 0.378 0.456392 0.378 0.449717 0.378 0.456392 0.381447 0.4588 0.318027 0.458799 0.318027 0.458799 0.321474 0.456391 0.378 0.456392 0.487604 0.444668 0.484158 0.438635 0.547577 0.438635 0.547577 0.438635 0.544131 0.444668 0.487604 0.444668 0.544131 0.444668 0.547577 0.438635 0.547577 0.45375 0.547577 0.45375 0.544131 0.451342 0.544131 0.444668 0.544131 0.451342 0.547577 0.45375 0.484158 0.45375 0.484158 0.45375 0.487604 0.451342 0.544131 0.451342 0.487604 0.451342 0.484158 0.45375 0.484158 0.438635 0.484158 0.438635 0.487604 0.444668 0.487604 0.451342 0.378 0.430976 0.381447 0.428568 0.381447 0.443684 0.381447 0.443684 0.378 0.437651 0.378 0.430976 0.378 0.437651 0.381447 0.443684 0.318027 0.443684 0.318027 0.443684 0.321474 0.437651 0.378 0.437651 0.321474 0.437651 0.318027 0.443684 0.318027 0.428568 0.318027 0.428568 0.321474 0.430976 0.321474 0.437651 0.321474 0.430976 0.318027 0.428568 0.381447 0.428568 0.381447 0.428568 0.378 0.430976 0.321474 0.430976 0.544131 0.425927 0.547577 0.423519 0.547577 0.438635 0.547577 0.438635 0.544131 0.432601 0.544131 0.425927 0.544131 0.432601 0.547577 0.438635 0.484158 0.438635 0.484158 0.438635 0.487604 0.432601 0.544131 0.432601 0.487604 0.432601 0.484158 0.438635 0.484158 0.423519 0.484158 0.423519 0.487604 0.425927 0.487604 0.432601 0.487604 0.425927 0.484158 0.423519 0.547577 0.423519 0.547577 0.423519 0.544131 0.425927 0.487604 0.425927 0.258054 0.449717 0.254607 0.443684 0.318027 0.443684 0.318027 0.443684 0.31458 0.449717 0.258054 0.449717 0.31458 0.449717 0.318027 0.443684 0.318027 0.458799 0.318027 0.458799 0.31458 0.456391 0.31458 0.449717 0.31458 0.456391 0.318027 0.458799 0.254607 0.458799 0.254607 0.458799 0.258054 0.456391 0.31458 0.456391 0.258054 0.456391 0.254607 0.458799 0.254607 0.443684 0.254607 0.443684 0.258054 0.449717 0.258054 0.456391 0.31458 0.430976 0.318027 0.428568 0.318027 0.443684 0.318027 0.443684 0.31458 0.437651 0.31458 0.430976 0.31458 0.437651 0.318027 0.443684 0.254607 0.443684 0.254607 0.443684 0.258054 0.437651 0.31458 0.437651 0.258054 0.437651 0.254607 0.443684 0.254607 0.428568 0.254607 0.428568 0.258054 0.430976 0.258054 0.437651 0.258054 0.430976 0.254607 0.428568 0.318027 0.428568 0.318027 0.428568 0.31458 0.430976 0.258054 0.430976 0.60755 0.425927 0.610997 0.423519 0.610997 0.438635 0.610997 0.438635 0.60755 0.432601 0.60755 0.425927 0.60755 0.432601 0.610997 0.438635 0.547577 0.438635 0.547577 0.438635 0.551024 0.432601 0.60755 0.432601 0.551024 0.432601 0.547577 0.438635 0.547577 0.423519 0.547577 0.423519 0.551024 0.425927 0.551024 0.432601 0.551024 0.425927 0.547577 0.423519 0.610997 0.423519 0.610997 0.423519 0.60755 0.425927 0.551024 0.425927 0.551024 0.451342 0.547577 0.45375 0.547577 0.438635 0.547577 0.438635 0.551024 0.444668 0.551024 0.451342 0.551024 0.444668 0.547577 0.438635 0.610997 0.438635 0.610997 0.438635 0.60755 0.444668 0.551024 0.444668 0.60755 0.444668 0.610997 0.438635 0.610997 0.45375 0.610997 0.45375 0.60755 0.451342 0.60755 0.444668 0.60755 0.451342 0.610997 0.45375 0.547577 0.45375 0.547577 0.45375 0.551024 0.451342 0.60755 0.451342 0.202239 0.527339 0.20224 0.537769 0.195323 0.537769 0.195323 0.537769 0.195322 0.52734 0.202239 0.527339 0.195322 0.52734 0.195323 0.537769 0.138796 0.537775 0.138796 0.537775 0.138795 0.527345 0.195322 0.52734 0.138795 0.527345 0.138796 0.537775 0.131879 0.537775 0.131879 0.537775 0.131878 0.527345 0.138795 0.527345 0.258765 0.527334 0.258766 0.537763 0.20224 0.537769 0.20224 0.537769 0.202239 0.527339 0.258765 0.527334 0.913365 0.132749 0.902556 0.132751 0.902542 0.07820695 0.902542 0.07820695 0.91335 0.07820498 0.913365 0.132749 0.91335 0.07820498 0.902542 0.07820695 0.90254 0.07153296 0.90254 0.07153296 0.913349 0.07152998 0.91335 0.07820498 0.913381 0.1939679 0.902572 0.19397 0.902558 0.1394259 0.902558 0.1394259 0.913366 0.139423 0.913381 0.1939679 0.913366 0.139423 0.902558 0.1394259 0.902556 0.132751 0.902556 0.132751 0.913365 0.132749 0.913366 0.139423 0.811016 0.878382 0.811004 0.888812 0.754477 0.888748 0.754477 0.888748 0.75449 0.878319 0.811016 0.878382 0.75449 0.878319 0.754477 0.888748 0.74756 0.88874 0.74756 0.88874 0.747573 0.878311 0.75449 0.878319 0.747573 0.878311 0.74756 0.88874 0.691034 0.888677 0.691034 0.888677 0.691047 0.878247 0.747573 0.878311 0.691047 0.878247 0.691034 0.888677 0.684117 0.888669 0.684117 0.888669 0.68413 0.87824 0.691047 0.878247 0.886356 0.891752 0.886356 0.902182 0.879438 0.902182 0.879438 0.902182 0.879438 0.891752 0.886356 0.891752 0.879438 0.891752 0.879438 0.902182 0.822912 0.902182 0.822912 0.902182 0.822912 0.891753 0.879438 0.891752 0.822912 0.891753 0.822912 0.902182 0.815995 0.902182 0.815995 0.902182 0.815995 0.891753 0.822912 0.891753 0.942882 0.891752 0.942882 0.902182 0.886356 0.902182 0.886356 0.902182 0.886356 0.891752 0.942882 0.891752 0.21628 0.502164 0.21628 0.497115 0.254607 0.497116 0.254607 0.497116 0.249024 0.502164 0.21628 0.502164 0.79892 0.703924 0.791268 0.703924 0.791268 0.693495 0.791268 0.693495 0.79892 0.693495 0.79892 0.703924 0.432559 0.464166 0.428758 0.4588 0.428758 0.443684 0.428758 0.443684 0.432559 0.44905 0.432559 0.464166 0.615726 0.552127 0.622547 0.552127 0.622547 0.562557 0.622547 0.562557 0.615726 0.562557 0.615726 0.552127 0.385823 0.502165 0.381447 0.497116 0.400802 0.497116 0.400802 0.497116 0.4043 0.502165 0.385823 0.502165 0.432559 0.477227 0.428758 0.471861 0.428758 0.4588 0.428758 0.4588 0.432559 0.464166 0.432559 0.477227 0.432559 0.44905 0.428758 0.443684 0.428758 0.428568 0.428758 0.428568 0.432559 0.433935 0.432559 0.44905 0.502896 0.562558 0.49616 0.562558 0.49616 0.552129 0.49616 0.552129 0.502896 0.552129 0.502896 0.562558 0.424661 0.502165 0.415581 0.495636 0.424742 0.488986 0.424742 0.488986 0.432559 0.494544 0.424661 0.502165 0.576869 0.552127 0.576884 0.562556 0.565712 0.562557 0.565712 0.562557 0.565726 0.552127 0.576869 0.552127 0.597248 0.562557 0.576884 0.562556 0.576869 0.552127 0.576869 0.552127 0.597249 0.552128 0.597248 0.562557 0.565712 0.562557 0.547764 0.562558 0.547762 0.552129 0.547762 0.552129 0.565726 0.552127 0.565712 0.562557 0.4043 0.502165 0.400802 0.497116 0.415581 0.495636 0.415581 0.495636 0.424661 0.502165 0.4043 0.502165 0.432559 0.477227 0.432559 0.494544 0.424742 0.488986 0.424742 0.488986 0.428758 0.471861 0.432559 0.477227 0.415581 0.495636 0.400802 0.497116 0.428758 0.471861 0.428758 0.471861 0.424742 0.488986 0.415581 0.495636 0.344603 0.575971 0.344603 0.565541 0.366254 0.565541 0.366254 0.565541 0.366254 0.575971 0.344603 0.575971 0.33653 0.575971 0.311274 0.575971 0.311274 0.565541 0.311274 0.565541 0.33653 0.565541 0.33653 0.575971 0.518561 0.575971 0.518562 0.565541 0.534227 0.565541 0.534227 0.565541 0.534226 0.575971 0.518561 0.575971 0.003800988 0.282325 0.003800988 0.251082 0.03175795 0.251082 0.03175795 0.251082 0.03175795 0.282325 0.003800988 0.282325 0.003800988 0.443683 0.03175795 0.443683 0.03175795 0.458799 0.03175795 0.458799 0.003800988 0.458799 0.003800988 0.443683 0.06341999 0.901458 0.06341999 0.911888 0.03170996 0.911888 0.03170996 0.911888 0.03170996 0.901458 0.06341999 0.901458 0.05111294 0.282325 0.05111294 0.251082 0.177952 0.251082 0.177952 0.251082 0.177952 0.282325 0.05111294 0.282325 0.814492 0.277276 0.687652 0.277276 0.687652 0.246033 0.687652 0.246033 0.814492 0.246033 0.814492 0.277276 0.831664 0.703924 0.831664 0.693494 0.864409 0.693495 0.864409 0.693495 0.864409 0.703924 0.831664 0.703924 0.21628 0.443684 0.21628 0.458799 0.177952 0.458799 0.177952 0.458799 0.177952 0.443684 0.21628 0.443684 0.177952 0.282325 0.177952 0.251082 0.21628 0.251082 0.21628 0.251082 0.21628 0.282325 0.177952 0.282325 0.649325 0.298168 0.649325 0.277276 0.687652 0.277276 0.687652 0.277276 0.687652 0.298168 0.649325 0.298168 0.21628 0.303217 0.177952 0.303217 0.177952 0.282325 0.177952 0.282325 0.21628 0.282325 0.21628 0.303217 0.646118 0.03890997 0.626774 0.03826195 0.618178 0.03797399 0.649325 0.423519 0.649325 0.402627 0.687652 0.402627 0.687652 0.402627 0.687652 0.423519 0.649325 0.423519 0.474509 0.575971 0.474509 0.565541 0.49616 0.565541 0.49616 0.565541 0.49616 0.575971 0.474509 0.575971 0.21628 0.407676 0.21628 0.428568 0.177952 0.428568 0.177952 0.428568 0.177952 0.407676 0.21628 0.407676 0.452858 0.575971 0.452858 0.565541 0.474509 0.565541 0.474509 0.565541 0.474509 0.575971 0.452858 0.575971 0.431207 0.575971 0.431207 0.565541 0.452858 0.565541 0.452858 0.565541 0.452858 0.575971 0.431207 0.575971 0.409556 0.575971 0.409556 0.565541 0.431207 0.565541 0.431207 0.565541 0.431207 0.575971 0.409556 0.575971 0.387905 0.575971 0.387905 0.565541 0.409556 0.565541 0.409556 0.565541 0.409556 0.575971 0.387905 0.575971 0.366254 0.575971 0.366254 0.565541 0.387905 0.565541 0.387905 0.565541 0.387905 0.575971 0.366254 0.575971 0.687652 0.298168 0.687652 0.277276 0.697138 0.280784 0.697138 0.280784 0.697138 0.29466 0.687652 0.298168 0.177952 0.282325 0.177952 0.303217 0.168467 0.299709 0.168467 0.299709 0.168467 0.285833 0.177952 0.282325 0.05111294 0.282325 0.177952 0.282325 0.168467 0.285833 0.168467 0.285833 0.06059795 0.285833 0.05111294 0.282325 0.687652 0.402627 0.814492 0.402627 0.805006 0.406135 0.805006 0.406135 0.697138 0.406135 0.687652 0.402627 0.687652 0.423519 0.687652 0.402627 0.697138 0.406135 0.697138 0.406135 0.697138 0.420011 0.687652 0.423519 0.05111294 0.407676 0.177952 0.407676 0.168467 0.411184 0.168467 0.411184 0.06059795 0.411184 0.05111294 0.407676 0.177952 0.407676 0.177952 0.428568 0.168467 0.42506 0.168467 0.42506 0.168467 0.411184 0.177952 0.407676 0.687652 0.381735 0.814492 0.381735 0.805006 0.385243 0.805006 0.385243 0.697138 0.385243 0.687652 0.381735 0.687652 0.402627 0.687652 0.381735 0.697138 0.385243 0.697138 0.385243 0.697138 0.399119 0.687652 0.402627 0.05111294 0.386784 0.177952 0.386784 0.168467 0.390292 0.168467 0.390292 0.06059795 0.390292 0.05111294 0.386784 0.177952 0.386784 0.177952 0.407676 0.168467 0.404168 0.168467 0.404168 0.168467 0.390292 0.177952 0.386784 0.687652 0.360844 0.814492 0.360843 0.805006 0.364351 0.805006 0.364351 0.697138 0.364351 0.687652 0.360844 0.687652 0.381735 0.687652 0.360844 0.697138 0.364351 0.697138 0.364351 0.697138 0.378228 0.687652 0.381735 0.05111294 0.365892 0.177952 0.365893 0.168467 0.3694 0.168467 0.3694 0.06059795 0.3694 0.05111294 0.365892 0.177952 0.365893 0.177952 0.386784 0.168467 0.383277 0.168467 0.383277 0.168467 0.3694 0.177952 0.365893 0.687652 0.339952 0.814492 0.339952 0.805006 0.343459 0.805006 0.343459 0.697138 0.343459 0.687652 0.339952 0.687652 0.360844 0.687652 0.339952 0.697138 0.343459 0.697138 0.343459 0.697138 0.357336 0.687652 0.360844 0.05111294 0.345001 0.177952 0.345001 0.168467 0.348509 0.168467 0.348509 0.06059795 0.348508 0.05111294 0.345001 0.177952 0.345001 0.177952 0.365893 0.168467 0.362385 0.168467 0.362385 0.168467 0.348509 0.177952 0.345001 0.687652 0.31906 0.814492 0.31906 0.805006 0.322568 0.805006 0.322568 0.697138 0.322568 0.687652 0.31906 0.687652 0.339952 0.687652 0.31906 0.697138 0.322568 0.697138 0.322568 0.697138 0.336444 0.687652 0.339952 0.05111294 0.324109 0.177952 0.324109 0.168467 0.327617 0.168467 0.327617 0.06059795 0.327617 0.05111294 0.324109 0.177952 0.324109 0.177952 0.345001 0.168467 0.341493 0.168467 0.341493 0.168467 0.327617 0.177952 0.324109 0.687652 0.298168 0.814492 0.298168 0.805006 0.301676 0.805006 0.301676 0.697138 0.301676 0.687652 0.298168 0.687652 0.31906 0.687652 0.298168 0.697138 0.301676 0.697138 0.301676 0.697138 0.315552 0.687652 0.31906 0.05111294 0.303217 0.177952 0.303217 0.168467 0.306725 0.168467 0.306725 0.06059795 0.306725 0.05111294 0.303217 0.177952 0.303217 0.177952 0.324109 0.168467 0.320601 0.168467 0.320601 0.168467 0.306725 0.177952 0.303217 0.853202 0.423519 0.853202 0.402627 0.861803 0.402627 0.861803 0.402627 0.861803 0.423519 0.853202 0.423519 0.853202 0.402627 0.853202 0.381735 0.861803 0.381735 0.861803 0.381735 0.861803 0.402627 0.853202 0.402627 0.853202 0.381735 0.853202 0.360843 0.861803 0.360843 0.861803 0.360843 0.861803 0.381735 0.853202 0.381735 0.853202 0.360843 0.853202 0.339952 0.861803 0.339952 0.861803 0.339952 0.861803 0.360843 0.853202 0.360843 0.853202 0.339952 0.853202 0.31906 0.861803 0.31906 0.861803 0.31906 0.861803 0.339952 0.853202 0.339952 0.853202 0.31906 0.853202 0.298168 0.861803 0.298168 0.861803 0.298168 0.861803 0.31906 0.853202 0.31906 0.853202 0.298168 0.853202 0.277276 0.861803 0.277276 0.861803 0.277276 0.861803 0.298168 0.853202 0.298168 0.597249 0.575972 0.597248 0.565542 0.615726 0.565542 0.615726 0.565542 0.615726 0.575972 0.597249 0.575972 0.05111294 0.282325 0.03175795 0.282325 0.03175795 0.251082 0.03175795 0.251082 0.05111294 0.251082 0.05111294 0.282325 0.833847 0.298168 0.833846 0.277276 0.835387 0.278551 0.835387 0.278551 0.835387 0.298168 0.833847 0.298168 0.853202 0.277276 0.853202 0.298168 0.84265 0.298168 0.84265 0.298168 0.84265 0.278551 0.853202 0.277276 0.833846 0.277276 0.853202 0.277276 0.84265 0.278551 0.84265 0.278551 0.835387 0.278551 0.833846 0.277276 0.003800988 0.303217 0.003800988 0.282325 0.022955 0.2836 0.022955 0.2836 0.022955 0.303217 0.003800988 0.303217 0.03175795 0.282325 0.03175795 0.303217 0.03021699 0.303217 0.03021699 0.303217 0.03021699 0.2836 0.03175795 0.282325 0.003800988 0.282325 0.03175795 0.282325 0.03021699 0.2836 0.03021699 0.2836 0.022955 0.2836 0.003800988 0.282325 0.833847 0.423519 0.833847 0.402627 0.835387 0.402627 0.835387 0.402627 0.835387 0.422244 0.833847 0.423519 0.853202 0.423519 0.833847 0.423519 0.835387 0.422244 0.835387 0.422244 0.84265 0.422244 0.853202 0.423519 0.853202 0.402627 0.853202 0.423519 0.84265 0.422244 0.84265 0.422244 0.84265 0.402627 0.853202 0.402627 0.003800988 0.428568 0.003800988 0.407676 0.022955 0.407676 0.022955 0.407676 0.022955 0.427293 0.003800988 0.428568 0.03175795 0.428568 0.003800988 0.428568 0.022955 0.427293 0.022955 0.427293 0.03021699 0.427293 0.03175795 0.428568 0.03175795 0.407676 0.03175795 0.428568 0.03021699 0.427293 0.03021699 0.427293 0.03021699 0.407676 0.03175795 0.407676 0.833847 0.402627 0.833847 0.381735 0.835387 0.38301 0.835387 0.38301 0.835387 0.402627 0.833847 0.402627 0.853202 0.381735 0.853202 0.402627 0.84265 0.402627 0.84265 0.402627 0.84265 0.38301 0.853202 0.381735 0.833847 0.381735 0.853202 0.381735 0.84265 0.38301 0.84265 0.38301 0.835387 0.38301 0.833847 0.381735 0.003800988 0.407676 0.003800988 0.386784 0.022955 0.388059 0.022955 0.388059 0.022955 0.407676 0.003800988 0.407676 0.03175795 0.386784 0.03175795 0.407676 0.03021699 0.407676 0.03021699 0.407676 0.03021699 0.388059 0.03175795 0.386784 0.003800988 0.386784 0.03175795 0.386784 0.03021699 0.388059 0.03021699 0.388059 0.022955 0.388059 0.003800988 0.386784 0.833847 0.381735 0.833847 0.360843 0.835387 0.360843 0.835387 0.360843 0.835387 0.380461 0.833847 0.381735 0.853202 0.381735 0.833847 0.381735 0.835387 0.380461 0.835387 0.380461 0.84265 0.380461 0.853202 0.381735 0.853202 0.360843 0.853202 0.381735 0.84265 0.380461 0.84265 0.380461 0.84265 0.360843 0.853202 0.360843 0.003800988 0.386784 0.003800988 0.365892 0.022955 0.365892 0.022955 0.365892 0.022955 0.38551 0.003800988 0.386784 0.03175795 0.386784 0.003800988 0.386784 0.022955 0.38551 0.022955 0.38551 0.03021699 0.38551 0.03175795 0.386784 0.03175795 0.365892 0.03175795 0.386784 0.03021699 0.38551 0.03021699 0.38551 0.03021699 0.365892 0.03175795 0.365892 0.833847 0.360843 0.833847 0.339952 0.835387 0.341226 0.835387 0.341226 0.835387 0.360843 0.833847 0.360843 0.853202 0.339952 0.853202 0.360843 0.84265 0.360843 0.84265 0.360843 0.84265 0.341226 0.853202 0.339952 0.833847 0.339952 0.853202 0.339952 0.84265 0.341226 0.84265 0.341226 0.835387 0.341226 0.833847 0.339952 0.003800988 0.365892 0.003800988 0.345001 0.022955 0.346275 0.022955 0.346275 0.022955 0.365892 0.003800988 0.365892 0.03175795 0.345001 0.03175795 0.365892 0.03021699 0.365892 0.03021699 0.365892 0.03021699 0.346275 0.03175795 0.345001 0.003800988 0.345001 0.03175795 0.345001 0.03021699 0.346275 0.03021699 0.346275 0.022955 0.346275 0.003800988 0.345001 0.833847 0.339952 0.833847 0.31906 0.835387 0.320335 0.835387 0.320335 0.835387 0.338677 0.833847 0.339952 0.853202 0.339952 0.833847 0.339952 0.835387 0.338677 0.835387 0.338677 0.84265 0.338677 0.853202 0.339952 0.853202 0.31906 0.853202 0.339952 0.84265 0.338677 0.84265 0.338677 0.84265 0.320335 0.853202 0.31906 0.833847 0.31906 0.853202 0.31906 0.84265 0.320335 0.84265 0.320335 0.835387 0.320335 0.833847 0.31906 0.003800988 0.345001 0.003800988 0.324109 0.022955 0.325384 0.022955 0.325384 0.022955 0.343726 0.003800988 0.345001 0.03175795 0.345001 0.003800988 0.345001 0.022955 0.343726 0.022955 0.343726 0.03021699 0.343726 0.03175795 0.345001 0.03175795 0.324109 0.03175795 0.345001 0.03021699 0.343726 0.03021699 0.343726 0.03021699 0.325384 0.03175795 0.324109 0.003800988 0.324109 0.03175795 0.324109 0.03021699 0.325384 0.03021699 0.325384 0.022955 0.325384 0.003800988 0.324109 0.833847 0.31906 0.833847 0.298168 0.835387 0.298168 0.835387 0.298168 0.835387 0.317785 0.833847 0.31906 0.853202 0.31906 0.833847 0.31906 0.835387 0.317785 0.835387 0.317785 0.84265 0.317785 0.853202 0.31906 0.853202 0.298168 0.853202 0.31906 0.84265 0.317785 0.84265 0.317785 0.84265 0.298168 0.853202 0.298168 0.003800988 0.324109 0.003800988 0.303217 0.022955 0.303217 0.022955 0.303217 0.022955 0.322834 0.003800988 0.324109 0.03175795 0.324109 0.003800988 0.324109 0.022955 0.322834 0.022955 0.322834 0.03021699 0.322834 0.03175795 0.324109 0.03175795 0.303217 0.03175795 0.324109 0.03021699 0.322834 0.03021699 0.322834 0.03021699 0.303217 0.03175795 0.303217 0.814492 0.298168 0.814492 0.277276 0.825043 0.278551 0.825043 0.278551 0.825043 0.298168 0.814492 0.298168 0.833846 0.277276 0.833847 0.298168 0.832306 0.298168 0.832306 0.298168 0.832306 0.278551 0.833846 0.277276 0.814492 0.277276 0.833846 0.277276 0.832306 0.278551 0.832306 0.278551 0.825043 0.278551 0.814492 0.277276 0.814492 0.31906 0.814492 0.298168 0.825043 0.298168 0.825043 0.298168 0.825043 0.317785 0.814492 0.31906 0.833847 0.31906 0.814492 0.31906 0.825043 0.317785 0.825043 0.317785 0.832306 0.317785 0.833847 0.31906 0.833847 0.298168 0.833847 0.31906 0.832306 0.317785 0.832306 0.317785 0.832306 0.298168 0.833847 0.298168 0.814492 0.339952 0.814492 0.31906 0.825043 0.320335 0.825043 0.320335 0.825043 0.338677 0.814492 0.339952 0.833847 0.339952 0.814492 0.339952 0.825043 0.338677 0.825043 0.338677 0.832306 0.338677 0.833847 0.339952 0.833847 0.31906 0.833847 0.339952 0.832306 0.338677 0.832306 0.338677 0.832306 0.320335 0.833847 0.31906 0.814492 0.31906 0.833847 0.31906 0.832306 0.320335 0.832306 0.320335 0.825043 0.320335 0.814492 0.31906 0.814492 0.360843 0.814492 0.339952 0.825043 0.341226 0.825043 0.341226 0.825043 0.360843 0.814492 0.360843 0.833847 0.339952 0.833847 0.360843 0.832306 0.360843 0.832306 0.360843 0.832306 0.341226 0.833847 0.339952 0.814492 0.339952 0.833847 0.339952 0.832306 0.341226 0.832306 0.341226 0.825043 0.341226 0.814492 0.339952 0.814492 0.381735 0.814492 0.360843 0.825043 0.360843 0.825043 0.360843 0.825043 0.380461 0.814492 0.381735 0.833847 0.381735 0.814492 0.381735 0.825043 0.380461 0.825043 0.380461 0.832306 0.380461 0.833847 0.381735 0.833847 0.360843 0.833847 0.381735 0.832306 0.380461 0.832306 0.380461 0.832306 0.360843 0.833847 0.360843 0.814492 0.402627 0.814492 0.381735 0.825043 0.38301 0.825043 0.38301 0.825043 0.402627 0.814492 0.402627 0.833847 0.381735 0.833847 0.402627 0.832306 0.402627 0.832306 0.402627 0.832306 0.38301 0.833847 0.381735 0.814492 0.381735 0.833847 0.381735 0.832306 0.38301 0.832306 0.38301 0.825043 0.38301 0.814492 0.381735 0.814492 0.423519 0.814492 0.402627 0.825043 0.402627 0.825043 0.402627 0.825043 0.422244 0.814492 0.423519 0.833847 0.423519 0.814492 0.423519 0.825043 0.422244 0.825043 0.422244 0.832306 0.422244 0.833847 0.423519 0.833847 0.402627 0.833847 0.423519 0.832306 0.422244 0.832306 0.422244 0.832306 0.402627 0.833847 0.402627 0.03175795 0.428568 0.03175795 0.407676 0.03329896 0.407676 0.03329896 0.407676 0.03329896 0.427293 0.03175795 0.428568 0.05111294 0.428568 0.03175795 0.428568 0.03329896 0.427293 0.03329896 0.427293 0.04056096 0.427293 0.05111294 0.428568 0.05111294 0.407676 0.05111294 0.428568 0.04056096 0.427293 0.04056096 0.427293 0.04056096 0.407676 0.05111294 0.407676 0.03175795 0.407676 0.03175795 0.386784 0.03329896 0.388059 0.03329896 0.388059 0.03329896 0.407676 0.03175795 0.407676 0.05111294 0.386784 0.05111294 0.407676 0.04056096 0.407676 0.04056096 0.407676 0.04056096 0.388059 0.05111294 0.386784 0.03175795 0.386784 0.05111294 0.386784 0.04056096 0.388059 0.04056096 0.388059 0.03329896 0.388059 0.03175795 0.386784 0.03175795 0.386784 0.03175795 0.365892 0.03329896 0.365892 0.03329896 0.365892 0.03329896 0.38551 0.03175795 0.386784 0.05111294 0.386784 0.03175795 0.386784 0.03329896 0.38551 0.03329896 0.38551 0.04056096 0.38551 0.05111294 0.386784 0.05111294 0.365892 0.05111294 0.386784 0.04056096 0.38551 0.04056096 0.38551 0.04056096 0.365892 0.05111294 0.365892 0.03175795 0.365892 0.03175795 0.345001 0.03329896 0.346275 0.03329896 0.346275 0.03329896 0.365892 0.03175795 0.365892 0.05111294 0.345001 0.05111294 0.365892 0.04056096 0.365892 0.04056096 0.365892 0.04056096 0.346275 0.05111294 0.345001 0.03175795 0.345001 0.05111294 0.345001 0.04056096 0.346275 0.04056096 0.346275 0.03329896 0.346275 0.03175795 0.345001 0.03175795 0.345001 0.03175795 0.324109 0.03329896 0.325384 0.03329896 0.325384 0.03329896 0.343726 0.03175795 0.345001 0.05111294 0.345001 0.03175795 0.345001 0.03329896 0.343726 0.03329896 0.343726 0.04056096 0.343726 0.05111294 0.345001 0.05111294 0.324109 0.05111294 0.345001 0.04056096 0.343726 0.04056096 0.343726 0.04056096 0.325384 0.05111294 0.324109 0.03175795 0.324109 0.05111294 0.324109 0.04056096 0.325384 0.04056096 0.325384 0.03329896 0.325384 0.03175795 0.324109 0.03175795 0.324109 0.03175795 0.303217 0.03329896 0.303217 0.03329896 0.303217 0.03329896 0.322834 0.03175795 0.324109 0.05111294 0.324109 0.03175795 0.324109 0.03329896 0.322834 0.03329896 0.322834 0.04056096 0.322834 0.05111294 0.324109 0.05111294 0.303217 0.05111294 0.324109 0.04056096 0.322834 0.04056096 0.322834 0.04056096 0.303217 0.05111294 0.303217 0.03175795 0.303217 0.03175795 0.282325 0.03329896 0.2836 0.03329896 0.2836 0.03329896 0.303217 0.03175795 0.303217 0.05111294 0.282325 0.05111294 0.303217 0.04056096 0.303217 0.04056096 0.303217 0.04056096 0.2836 0.05111294 0.282325 0.03175795 0.282325 0.05111294 0.282325 0.04056096 0.2836 0.04056096 0.2836 0.03329896 0.2836 0.03175795 0.282325 0.805006 0.280784 0.814492 0.277276 0.814492 0.298168 0.814492 0.298168 0.805006 0.29466 0.805006 0.280784 0.697138 0.280784 0.687652 0.277276 0.814492 0.277276 0.814492 0.277276 0.805006 0.280784 0.697138 0.280784 0.805006 0.29466 0.814492 0.298168 0.687652 0.298168 0.687652 0.298168 0.697138 0.29466 0.805006 0.29466 0.06059795 0.299709 0.05111294 0.303217 0.05111294 0.282325 0.05111294 0.282325 0.06059795 0.285833 0.06059795 0.299709 0.168467 0.299709 0.177952 0.303217 0.05111294 0.303217 0.05111294 0.303217 0.06059795 0.299709 0.168467 0.299709 0.805006 0.406135 0.814492 0.402627 0.814492 0.423519 0.814492 0.423519 0.805006 0.420011 0.805006 0.406135 0.06059795 0.42506 0.05111294 0.428568 0.05111294 0.407676 0.05111294 0.407676 0.06059795 0.411184 0.06059795 0.42506 0.05111294 0.428568 0.06059795 0.42506 0.114532 0.42506 0.114532 0.42506 0.114532 0.428568 0.05111294 0.428568 0.805006 0.385243 0.814492 0.381735 0.814492 0.402627 0.814492 0.402627 0.805006 0.399119 0.805006 0.385243 0.805006 0.399119 0.814492 0.402627 0.687652 0.402627 0.687652 0.402627 0.697138 0.399119 0.805006 0.399119 0.06059795 0.404168 0.05111294 0.407676 0.05111294 0.386784 0.05111294 0.386784 0.06059795 0.390292 0.06059795 0.404168 0.168467 0.404168 0.177952 0.407676 0.05111294 0.407676 0.05111294 0.407676 0.06059795 0.404168 0.168467 0.404168 0.805006 0.364351 0.814492 0.360843 0.814492 0.381735 0.814492 0.381735 0.805006 0.378228 0.805006 0.364351 0.805006 0.378228 0.814492 0.381735 0.687652 0.381735 0.687652 0.381735 0.697138 0.378228 0.805006 0.378228 0.06059795 0.383277 0.05111294 0.386784 0.05111294 0.365892 0.05111294 0.365892 0.06059795 0.3694 0.06059795 0.383277 0.168467 0.383277 0.177952 0.386784 0.05111294 0.386784 0.05111294 0.386784 0.06059795 0.383277 0.168467 0.383277 0.805006 0.343459 0.814492 0.339952 0.814492 0.360843 0.814492 0.360843 0.805006 0.357336 0.805006 0.343459 0.805006 0.357336 0.814492 0.360843 0.687652 0.360844 0.687652 0.360844 0.697138 0.357336 0.805006 0.357336 0.06059795 0.362385 0.05111294 0.365892 0.05111294 0.345001 0.05111294 0.345001 0.06059795 0.348508 0.06059795 0.362385 0.168467 0.362385 0.177952 0.365893 0.05111294 0.365892 0.05111294 0.365892 0.06059795 0.362385 0.168467 0.362385 0.805006 0.322568 0.814492 0.31906 0.814492 0.339952 0.814492 0.339952 0.805006 0.336444 0.805006 0.322568 0.805006 0.336444 0.814492 0.339952 0.687652 0.339952 0.687652 0.339952 0.697138 0.336444 0.805006 0.336444 0.06059795 0.341493 0.05111294 0.345001 0.05111294 0.324109 0.05111294 0.324109 0.06059795 0.327617 0.06059795 0.341493 0.168467 0.341493 0.177952 0.345001 0.05111294 0.345001 0.05111294 0.345001 0.06059795 0.341493 0.168467 0.341493 0.805006 0.301676 0.814492 0.298168 0.814492 0.31906 0.814492 0.31906 0.805006 0.315552 0.805006 0.301676 0.805006 0.315552 0.814492 0.31906 0.687652 0.31906 0.687652 0.31906 0.697138 0.315552 0.805006 0.315552 0.06059795 0.320601 0.05111294 0.324109 0.05111294 0.303217 0.05111294 0.303217 0.06059795 0.306725 0.06059795 0.320601 0.168467 0.320601 0.177952 0.324109 0.05111294 0.324109 0.05111294 0.324109 0.06059795 0.320601 0.168467 0.320601 0.357563 0.537711 0.350301 0.537711 0.350301 0.527282 0.350301 0.527282 0.357563 0.527281 0.357563 0.537711 0.446145 0.527281 0.446145 0.537711 0.425815 0.537711 0.425815 0.537711 0.425815 0.527281 0.446145 0.527281 0.377893 0.527281 0.377893 0.537711 0.357563 0.537711 0.357563 0.537711 0.357563 0.527281 0.377893 0.527281 0.989085 0.06585896 0.999894 0.06585896 0.999894 0.08547598 0.999894 0.08547598 0.989085 0.08547598 0.989085 0.06585896 0.989085 0.08547598 0.999894 0.08547598 0.999894 0.09248298 0.999894 0.09248298 0.989085 0.09248298 0.989085 0.08547598 0.989085 0 0.999894 0 0.999894 0.01961696 0.999894 0.01961696 0.989085 0.01961696 0.989085 0 0.999894 0.03923398 0.999894 0.04624199 0.989085 0.04624199 0.989085 0.04624199 0.989085 0.03923398 0.999894 0.03923398 0.989085 0.04624199 0.999894 0.04624199 0.999894 0.06585896 0.999894 0.06585896 0.989085 0.06585896 0.989085 0.04624199 0.989085 0.01961696 0.999894 0.01961696 0.999894 0.03923398 0.999894 0.03923398 0.989085 0.03923398 0.989085 0.01961696 0.989085 0.306015 0.999894 0.306016 0.999894 0.325633 0.999894 0.325633 0.989085 0.325633 0.989085 0.306015 0.989085 0.325633 0.999894 0.325633 0.999894 0.33264 0.999894 0.33264 0.989085 0.33264 0.989085 0.325633 0.989085 0.33264 0.999894 0.33264 0.999894 0.352257 0.999894 0.352257 0.989085 0.352257 0.989085 0.33264 0.999894 0.371874 0.999894 0.378882 0.989085 0.378882 0.989085 0.378882 0.989085 0.371874 0.999894 0.371874 0.989085 0.286398 0.999894 0.286398 0.999894 0.306016 0.999894 0.306016 0.989085 0.306015 0.989085 0.286398 0.989085 0.352257 0.999894 0.352257 0.999894 0.371874 0.999894 0.371874 0.989085 0.371874 0.989085 0.352257 0.142687 0.936603 0.142687 0.94361 0.131878 0.94361 0.131878 0.94361 0.131878 0.936603 0.142687 0.936603 0.131878 0.94361 0.142687 0.94361 0.142687 0.961953 0.142687 0.961953 0.131878 0.961953 0.131878 0.94361 0.131878 0.961953 0.142687 0.961953 0.142687 0.96896 0.142687 0.96896 0.131878 0.96896 0.131878 0.961953 0.131878 0.96896 0.142687 0.96896 0.142687 0.987303 0.142687 0.987303 0.131878 0.987303 0.131878 0.96896 0.425815 0.527281 0.425815 0.537711 0.405485 0.537711 0.405485 0.537711 0.405485 0.527281 0.425815 0.527281 0.405485 0.527281 0.405485 0.537711 0.398223 0.537711 0.398223 0.537711 0.398223 0.527281 0.405485 0.527281 0.398223 0.527281 0.398223 0.537711 0.377893 0.537711 0.377893 0.537711 0.377893 0.527281 0.398223 0.527281 0.377893 0.602796 0.357563 0.602796 0.357563 0.592366 0.357563 0.592366 0.377893 0.592366 0.377893 0.602796 0.446145 0.602796 0.425815 0.602796 0.425815 0.592366 0.425815 0.592366 0.446145 0.592366 0.446145 0.602796 0.357563 0.602796 0.350301 0.602796 0.350301 0.592366 0.350301 0.592366 0.357563 0.592366 0.357563 0.602796 0.398223 0.602796 0.377893 0.602796 0.377893 0.592366 0.377893 0.592366 0.398223 0.592366 0.398223 0.602796 0.425815 0.602796 0.405485 0.602796 0.405485 0.592366 0.405485 0.592366 0.425815 0.592366 0.425815 0.602796 0.280241 0.781241 0.280241 0.762898 0.291049 0.762898 0.291049 0.762898 0.291049 0.781241 0.280241 0.781241 0.280241 0.755891 0.280241 0.737548 0.29105 0.737549 0.29105 0.737549 0.29105 0.755891 0.280241 0.755891 0.280241 0.762898 0.280241 0.755891 0.29105 0.755891 0.29105 0.755891 0.291049 0.762898 0.280241 0.762898 0.370631 0.578954 0.390961 0.578954 0.390961 0.589384 0.390961 0.589384 0.370631 0.589383 0.370631 0.578954 0.398223 0.578954 0.418553 0.578954 0.418553 0.589383 0.418553 0.589383 0.398223 0.589383 0.398223 0.578954 0.390961 0.578954 0.398223 0.578954 0.398223 0.589383 0.398223 0.589383 0.390961 0.589384 0.390961 0.578954 0.350301 0.578954 0.370631 0.578954 0.370631 0.589383 0.370631 0.589383 0.350301 0.589384 0.350301 0.578954 0.418553 0.578954 0.438883 0.578954 0.438883 0.589383 0.438883 0.589383 0.418553 0.589383 0.418553 0.578954 0.189299 0.781076 0.2096289 0.781076 0.2096289 0.791506 0.2096289 0.791506 0.189299 0.791506 0.189299 0.781076 0.216891 0.781076 0.237221 0.781076 0.237221 0.791506 0.237221 0.791506 0.216891 0.791506 0.216891 0.781076 0.2096289 0.781076 0.216891 0.781076 0.216891 0.791506 0.216891 0.791506 0.2096289 0.791506 0.2096289 0.781076 0.168969 0.781076 0.189299 0.781076 0.189299 0.791506 0.189299 0.791506 0.168969 0.791506 0.168969 0.781076 0.237221 0.781076 0.257551 0.781076 0.257551 0.791506 0.257551 0.791506 0.237221 0.791506 0.237221 0.781076 0.257551 0.791506 0.257551 0.781076 0.264813 0.781076 0.264813 0.781076 0.264813 0.791506 0.257551 0.791506 0.438883 0.589383 0.438883 0.578954 0.446146 0.578954 0.446146 0.578954 0.446146 0.589383 0.438883 0.589383 0.29105 0.737549 0.280241 0.737548 0.280241 0.730541 0.280241 0.730541 0.29105 0.730541 0.29105 0.737549 0.405485 0.592366 0.405485 0.602796 0.398223 0.602796 0.398223 0.602796 0.398223 0.592366 0.405485 0.592366 0.183349 0.817922 0.168969 0.817922 0.168969 0.807492 0.168969 0.807492 0.183349 0.807492 0.183349 0.817922 0.305598 0.807491 0.305598 0.817921 0.291218 0.817921 0.291218 0.817921 0.291218 0.807491 0.305598 0.807491 0.291218 0.807491 0.291218 0.817921 0.183349 0.817922 0.183349 0.817922 0.183349 0.807492 0.291218 0.807491 0.413467 0.807491 0.413467 0.81792 0.305598 0.817921 0.305598 0.817921 0.305598 0.807491 0.413467 0.807491 0.928615 0.875257 0.820747 0.875257 0.820747 0.864827 0.820747 0.864827 0.928615 0.864828 0.928615 0.875257 0.698498 0.875257 0.684117 0.875257 0.684117 0.864827 0.684117 0.864827 0.698498 0.864827 0.698498 0.875257 0.820747 0.864827 0.820747 0.875257 0.806366 0.875257 0.806366 0.875257 0.806366 0.864827 0.820747 0.864827 0.752432 0.875257 0.752432 0.864827 0.806366 0.864827 0.806366 0.864827 0.806366 0.875257 0.752432 0.875257 0.168969 0.834318 0.276837 0.834318 0.276837 0.844748 0.276837 0.844748 0.168969 0.844748 0.168969 0.834318 0.399087 0.834318 0.413467 0.834318 0.413467 0.844748 0.413467 0.844748 0.399087 0.844748 0.399087 0.834318 0.276837 0.844748 0.276837 0.834318 0.291218 0.834318 0.291218 0.834318 0.291218 0.844748 0.276837 0.844748 0.291218 0.844748 0.291218 0.834318 0.399087 0.834318 0.399087 0.834318 0.399087 0.844748 0.291218 0.844748 0.684117 0.838003 0.791986 0.838003 0.791986 0.848432 0.791986 0.848432 0.684117 0.848432 0.684117 0.838003 0.914235 0.838003 0.928616 0.838003 0.928616 0.848433 0.928616 0.848433 0.914235 0.848433 0.914235 0.838003 0.791986 0.848432 0.791986 0.838003 0.806366 0.838003 0.806366 0.838003 0.806366 0.848432 0.791986 0.848432 0.806366 0.848432 0.806366 0.838003 0.914235 0.838003 0.914235 0.838003 0.914235 0.848433 0.806366 0.848432 0.928614 0.861845 0.820746 0.861845 0.820746 0.851415 0.820746 0.851415 0.928614 0.851415 0.928614 0.861845 0.698498 0.861845 0.684117 0.861845 0.684117 0.851415 0.684117 0.851415 0.698498 0.851415 0.698498 0.861845 0.820746 0.851415 0.820746 0.861845 0.806366 0.861845 0.806366 0.861845 0.806366 0.851415 0.820746 0.851415 0.806366 0.851415 0.806366 0.861845 0.698498 0.861845 0.698498 0.861845 0.698498 0.851415 0.806366 0.851415 0.983409 0.716725 0.98341 0.820811 0.972601 0.820811 0.972601 0.820811 0.9726 0.716725 0.983409 0.716725 0.983412 0.938773 0.983412 0.95265 0.972603 0.95265 0.972603 0.95265 0.972603 0.938773 0.983412 0.938773 0.972601 0.820811 0.98341 0.820811 0.98341 0.834687 0.98341 0.834687 0.972602 0.834688 0.972601 0.820811 0.972602 0.834688 0.98341 0.834687 0.983412 0.938773 0.983412 0.938773 0.972603 0.938773 0.972602 0.834688 0 0.861143 0.107869 0.861143 0.107869 0.871573 0.107869 0.871573 0 0.871573 0 0.861143 0.230118 0.861143 0.244499 0.861143 0.244498 0.871573 0.244498 0.871573 0.230118 0.871573 0.230118 0.861143 0.107869 0.871573 0.107869 0.861143 0.122249 0.861143 0.122249 0.861143 0.122249 0.871573 0.107869 0.871573 0.122249 0.871573 0.122249 0.861143 0.230118 0.861143 0.230118 0.861143 0.230118 0.871573 0.122249 0.871573 0.534226 0.575971 0.534227 0.565541 0.547764 0.565541 0.547764 0.565541 0.547762 0.575971 0.534226 0.575971 0.003800988 0.458799 0.03175795 0.458799 0.03175795 0.47186 0.03175795 0.47186 0.003800988 0.47186 0.003800988 0.458799 0.03175795 0.458799 0.05111294 0.458799 0.05111294 0.47186 0.05111294 0.47186 0.03175795 0.47186 0.03175795 0.458799 0.21628 0.47186 0.177952 0.47186 0.177952 0.458799 0.177952 0.458799 0.21628 0.458799 0.21628 0.47186 0.03175795 0.47186 0.03175795 0.497115 0.003800988 0.47186 0.03175795 0.47186 0.05111294 0.47186 0.05111294 0.497115 0.05111294 0.497115 0.03175795 0.497115 0.03175795 0.47186 0.21628 0.47186 0.21628 0.497115 0.177952 0.497115 0.177952 0.497115 0.177952 0.47186 0.21628 0.47186 0.09512996 0.901458 0.09512996 0.911888 0.06341999 0.911888 0.06341999 0.911888 0.06341999 0.901458 0.09512996 0.901458 0.1268399 0.901458 0.1268399 0.911888 0.09512996 0.911888 0.09512996 0.911888 0.09512996 0.901458 0.1268399 0.901458 0.03170996 0.901458 0.03170996 0.911888 0 0.911888 0 0.911888 0 0.901458 0.03170996 0.901458 0.751072 0.466811 0.719362 0.466811 0.719362 0.463368 0.719362 0.463368 0.751072 0.463368 0.751072 0.466811 0.146242 0.47186 0.114532 0.47186 0.114532 0.468417 0.114532 0.468417 0.146242 0.468417 0.146242 0.47186 0.782782 0.466811 0.751072 0.466811 0.751072 0.463368 0.751072 0.463368 0.782782 0.463368 0.782782 0.466811 0.114532 0.47186 0.08282297 0.47186 0.08282297 0.468417 0.08282297 0.468417 0.114532 0.468417 0.114532 0.47186 0.814492 0.466811 0.782782 0.466811 0.782782 0.463368 0.782782 0.463368 0.811045 0.463368 0.814492 0.466811 0.814492 0.45375 0.814492 0.466811 0.811045 0.463368 0.811045 0.463368 0.811045 0.457194 0.814492 0.45375 0.814492 0.45375 0.811045 0.457194 0.751072 0.457194 0.751072 0.457194 0.751072 0.45375 0.814492 0.45375 0.05111294 0.47186 0.05111294 0.458799 0.05455899 0.462243 0.05455899 0.462243 0.05455899 0.468417 0.05111294 0.47186 0.08282297 0.47186 0.05111294 0.47186 0.05455899 0.468417 0.05455899 0.468417 0.08282297 0.468417 0.08282297 0.47186 0.114532 0.462243 0.05455899 0.462243 0.05111294 0.458799 0.05111294 0.458799 0.114532 0.458799 0.114532 0.462243 0.177952 0.47186 0.146242 0.47186 0.146242 0.468417 0.146242 0.468417 0.1745049 0.468417 0.177952 0.47186 0.177952 0.458799 0.177952 0.47186 0.1745049 0.468417 0.1745049 0.468417 0.1745049 0.462243 0.177952 0.458799 0.719362 0.466811 0.687652 0.466811 0.691099 0.463368 0.691099 0.463368 0.719362 0.463368 0.719362 0.466811 0.687652 0.466811 0.687652 0.45375 0.691099 0.457194 0.691099 0.457194 0.691099 0.463368 0.687652 0.466811 0.751072 0.466811 0.751072 0.492066 0.74938 0.488328 0.74938 0.488328 0.74938 0.47055 0.751072 0.466811 0.719362 0.466811 0.751072 0.466811 0.74938 0.47055 0.74938 0.47055 0.721053 0.47055 0.719362 0.466811 0.719362 0.492066 0.719362 0.466811 0.721053 0.47055 0.721053 0.47055 0.721053 0.488328 0.719362 0.492066 0.751072 0.492066 0.719362 0.492066 0.721053 0.488328 0.721053 0.488328 0.74938 0.488328 0.751072 0.492066 0.146242 0.47186 0.146242 0.497115 0.144551 0.493377 0.144551 0.493377 0.144551 0.475599 0.146242 0.47186 0.114532 0.47186 0.146242 0.47186 0.144551 0.475599 0.144551 0.475599 0.116224 0.475599 0.114532 0.47186 0.114532 0.497115 0.114532 0.47186 0.116224 0.475599 0.116224 0.475599 0.116224 0.493377 0.114532 0.497115 0.146242 0.497115 0.114532 0.497115 0.116224 0.493377 0.116224 0.493377 0.144551 0.493377 0.146242 0.497115 0.782782 0.466811 0.782782 0.492066 0.78109 0.488328 0.78109 0.488328 0.78109 0.47055 0.782782 0.466811 0.751072 0.466811 0.782782 0.466811 0.78109 0.47055 0.78109 0.47055 0.752763 0.47055 0.751072 0.466811 0.751072 0.492066 0.751072 0.466811 0.752763 0.47055 0.752763 0.47055 0.752763 0.488328 0.751072 0.492066 0.782782 0.492066 0.751072 0.492066 0.752763 0.488328 0.752763 0.488328 0.78109 0.488328 0.782782 0.492066 0.114532 0.47186 0.114532 0.497115 0.112841 0.493377 0.112841 0.493377 0.112841 0.475599 0.114532 0.47186 0.08282297 0.47186 0.114532 0.47186 0.112841 0.475599 0.112841 0.475599 0.08451396 0.475599 0.08282297 0.47186 0.08282297 0.497115 0.08282297 0.47186 0.08451396 0.475599 0.08451396 0.475599 0.08451396 0.493377 0.08282297 0.497115 0.114532 0.497115 0.08282297 0.497115 0.08451396 0.493377 0.08451396 0.493377 0.112841 0.493377 0.114532 0.497115 0.814492 0.466811 0.814492 0.492066 0.8128 0.488328 0.8128 0.488328 0.8128 0.47055 0.814492 0.466811 0.782782 0.466811 0.814492 0.466811 0.8128 0.47055 0.8128 0.47055 0.784473 0.47055 0.782782 0.466811 0.782782 0.492066 0.782782 0.466811 0.784473 0.47055 0.784473 0.47055 0.784473 0.488328 0.782782 0.492066 0.814492 0.492066 0.782782 0.492066 0.784473 0.488328 0.784473 0.488328 0.8128 0.488328 0.814492 0.492066 0.08282297 0.47186 0.08282297 0.497115 0.08113098 0.493377 0.08113098 0.493377 0.08113098 0.475599 0.08282297 0.47186 0.05111294 0.47186 0.08282297 0.47186 0.08113098 0.475599 0.08113098 0.475599 0.05280399 0.475599 0.05111294 0.47186 0.05111294 0.497115 0.05111294 0.47186 0.05280399 0.475599 0.05280399 0.475599 0.05280399 0.493377 0.05111294 0.497115 0.08282297 0.497115 0.05111294 0.497115 0.05280399 0.493377 0.05280399 0.493377 0.08113098 0.493377 0.08282297 0.497115 0.146242 0.47186 0.177952 0.47186 0.176261 0.475599 0.176261 0.475599 0.147934 0.475599 0.146242 0.47186 0.146242 0.497115 0.146242 0.47186 0.147934 0.475599 0.147934 0.475599 0.147934 0.493377 0.146242 0.497115 0.177952 0.497115 0.146242 0.497115 0.147934 0.493377 0.147934 0.493377 0.176261 0.493377 0.177952 0.497115 0.177952 0.47186 0.177952 0.497115 0.176261 0.493377 0.176261 0.493377 0.176261 0.475599 0.177952 0.47186 0.719362 0.466811 0.719362 0.492066 0.717671 0.488328 0.717671 0.488328 0.71767 0.47055 0.719362 0.466811 0.687652 0.466811 0.719362 0.466811 0.71767 0.47055 0.71767 0.47055 0.689344 0.47055 0.687652 0.466811 0.687652 0.492066 0.687652 0.466811 0.689344 0.47055 0.689344 0.47055 0.689344 0.488328 0.687652 0.492066 0.719362 0.492066 0.687652 0.492066 0.689344 0.488328 0.689344 0.488328 0.717671 0.488328 0.719362 0.492066 0.649325 0.402627 0.649325 0.381735 0.658763 0.385243 0.658763 0.385243 0.658763 0.399119 0.649325 0.402627 0.687652 0.402627 0.649325 0.402627 0.658763 0.399119 0.658763 0.399119 0.670731 0.399119 0.687652 0.402627 0.687652 0.381735 0.687652 0.402627 0.670731 0.399119 0.670731 0.399119 0.670731 0.385243 0.687652 0.381735 0.649325 0.381735 0.687652 0.381735 0.670731 0.385243 0.670731 0.385243 0.658763 0.385243 0.649325 0.381735 0.21628 0.407676 0.177952 0.407676 0.194873 0.404168 0.194873 0.404168 0.206841 0.404168 0.21628 0.407676 0.21628 0.386784 0.21628 0.407676 0.206841 0.404168 0.206841 0.404168 0.206841 0.390292 0.21628 0.386784 0.177952 0.386784 0.21628 0.386784 0.206841 0.390292 0.206841 0.390292 0.194873 0.390292 0.177952 0.386784 0.177952 0.407676 0.177952 0.386784 0.194873 0.390292 0.194873 0.390292 0.194873 0.404168 0.177952 0.407676 0.649325 0.381735 0.649325 0.360844 0.658763 0.364351 0.658763 0.364351 0.658763 0.378228 0.649325 0.381735 0.687652 0.381735 0.649325 0.381735 0.658763 0.378228 0.658763 0.378228 0.670731 0.378228 0.687652 0.381735 0.687652 0.360844 0.687652 0.381735 0.670731 0.378228 0.670731 0.378228 0.670731 0.364351 0.687652 0.360844 0.649325 0.360844 0.687652 0.360844 0.670731 0.364351 0.670731 0.364351 0.658763 0.364351 0.649325 0.360844 0.21628 0.386784 0.177952 0.386784 0.194873 0.383277 0.194873 0.383277 0.206841 0.383277 0.21628 0.386784 0.21628 0.365893 0.21628 0.386784 0.206841 0.383277 0.206841 0.383277 0.206841 0.3694 0.21628 0.365893 0.177952 0.365893 0.21628 0.365893 0.206841 0.3694 0.206841 0.3694 0.194873 0.3694 0.177952 0.365893 0.177952 0.386784 0.177952 0.365893 0.194873 0.3694 0.194873 0.3694 0.194873 0.383277 0.177952 0.386784 0.649325 0.360844 0.649325 0.339952 0.658763 0.343459 0.658763 0.343459 0.658763 0.357336 0.649325 0.360844 0.687652 0.360844 0.649325 0.360844 0.658763 0.357336 0.658763 0.357336 0.670731 0.357336 0.687652 0.360844 0.687652 0.339952 0.687652 0.360844 0.670731 0.357336 0.670731 0.357336 0.670731 0.343459 0.687652 0.339952 0.649325 0.339952 0.687652 0.339952 0.670731 0.343459 0.670731 0.343459 0.658763 0.343459 0.649325 0.339952 0.21628 0.365893 0.177952 0.365893 0.194873 0.362385 0.194873 0.362385 0.206841 0.362385 0.21628 0.365893 0.21628 0.345001 0.21628 0.365893 0.206841 0.362385 0.206841 0.362385 0.206842 0.348509 0.21628 0.345001 0.177952 0.345001 0.21628 0.345001 0.206842 0.348509 0.206842 0.348509 0.194873 0.348509 0.177952 0.345001 0.177952 0.365893 0.177952 0.345001 0.194873 0.348509 0.194873 0.348509 0.194873 0.362385 0.177952 0.365893 0.649325 0.339952 0.649325 0.31906 0.658763 0.322568 0.658763 0.322568 0.658763 0.336444 0.649325 0.339952 0.687652 0.339952 0.649325 0.339952 0.658763 0.336444 0.658763 0.336444 0.670731 0.336444 0.687652 0.339952 0.687652 0.31906 0.687652 0.339952 0.670731 0.336444 0.670731 0.336444 0.670731 0.322568 0.687652 0.31906 0.649325 0.31906 0.687652 0.31906 0.670731 0.322568 0.670731 0.322568 0.658763 0.322568 0.649325 0.31906 0.21628 0.345001 0.177952 0.345001 0.194873 0.341493 0.194873 0.341493 0.206842 0.341493 0.21628 0.345001 0.21628 0.324109 0.21628 0.345001 0.206842 0.341493 0.206842 0.341493 0.206842 0.327617 0.21628 0.324109 0.177952 0.324109 0.21628 0.324109 0.206842 0.327617 0.206842 0.327617 0.194873 0.327617 0.177952 0.324109 0.177952 0.345001 0.177952 0.324109 0.194873 0.327617 0.194873 0.327617 0.194873 0.341493 0.177952 0.345001 0.649325 0.31906 0.649325 0.298168 0.658763 0.301676 0.658763 0.301676 0.658763 0.315552 0.649325 0.31906 0.687652 0.31906 0.649325 0.31906 0.658763 0.315552 0.658763 0.315552 0.670731 0.315552 0.687652 0.31906 0.687652 0.298168 0.687652 0.31906 0.670731 0.315552 0.670731 0.315552 0.670731 0.301676 0.687652 0.298168 0.649325 0.298168 0.687652 0.298168 0.670731 0.301676 0.670731 0.301676 0.658763 0.301676 0.649325 0.298168 0.21628 0.324109 0.177952 0.324109 0.194873 0.320601 0.194873 0.320601 0.206842 0.320601 0.21628 0.324109 0.21628 0.303217 0.21628 0.324109 0.206842 0.320601 0.206842 0.320601 0.206842 0.306725 0.21628 0.303217 0.177952 0.303217 0.21628 0.303217 0.206842 0.306725 0.206842 0.306725 0.194873 0.306725 0.177952 0.303217 0.177952 0.324109 0.177952 0.303217 0.194873 0.306725 0.194873 0.306725 0.194873 0.320601 0.177952 0.324109 0.370907 0.960627 0.370907 0.949079 0.381716 0.949079 0.381716 0.949079 0.381716 0.960627 0.370907 0.960627 0.381716 0.935202 0.370907 0.935202 0.370907 0.923654 0.370907 0.923654 0.381716 0.923654 0.381716 0.935202 0.381716 0.923654 0.370907 0.923654 0.370907 0.909778 0.370907 0.909778 0.381716 0.909778 0.381716 0.923654 0.381716 0.949079 0.370907 0.949079 0.370907 0.935202 0.370907 0.935202 0.381716 0.935202 0.381716 0.949079 0.663511 0.75761 0.663511 0.746062 0.67432 0.746062 0.67432 0.746062 0.67432 0.75761 0.663511 0.75761 0.67432 0.732185 0.663511 0.732185 0.663511 0.720637 0.663511 0.720637 0.67432 0.720637 0.67432 0.732185 0.67432 0.720637 0.663511 0.720637 0.663511 0.706761 0.663511 0.706761 0.67432 0.706761 0.67432 0.720637 0.67432 0.746062 0.663511 0.746062 0.663511 0.732185 0.663511 0.732185 0.67432 0.732185 0.67432 0.746062 0.618178 0.04254096 0.630147 0.04254096 0.630147 0.052971 0.630147 0.052971 0.618178 0.052971 0.618178 0.04254096 0.644527 0.052971 0.644527 0.04254096 0.656496 0.04254096 0.656496 0.04254096 0.656496 0.052971 0.644527 0.052971 0.656496 0.052971 0.656496 0.04254096 0.670876 0.04254096 0.670876 0.04254096 0.670876 0.052971 0.656496 0.052971 0.630147 0.052971 0.630147 0.04254096 0.644527 0.04254096 0.644527 0.04254096 0.644527 0.052971 0.630147 0.052971 0.836601 0.477352 0.836601 0.465803 0.84741 0.465803 0.84741 0.465803 0.84741 0.477351 0.836601 0.477352 0.84741 0.451926 0.836601 0.451926 0.836601 0.440378 0.836601 0.440378 0.84741 0.440378 0.84741 0.451926 0.84741 0.440378 0.836601 0.440378 0.836601 0.426501 0.836601 0.426501 0.84741 0.426501 0.84741 0.440378 0.84741 0.465803 0.836601 0.465803 0.836601 0.451926 0.836601 0.451926 0.84741 0.451926 0.84741 0.465803 0.05769699 0.936603 0.06966495 0.936603 0.06966495 0.947032 0.06966495 0.947032 0.05769699 0.947032 0.05769699 0.936603 0.084046 0.947032 0.084046 0.936603 0.09601396 0.936603 0.09601396 0.936603 0.09601396 0.947032 0.084046 0.947032 0.09601396 0.947032 0.09601396 0.936603 0.110395 0.936603 0.110395 0.936603 0.110395 0.947032 0.09601396 0.947032 0.06966495 0.947032 0.06966495 0.936603 0.084046 0.936603 0.084046 0.936603 0.084046 0.947032 0.06966495 0.947032 0.829223 0.79478 0.829223 0.78435 0.860933 0.78435 0.860933 0.78435 0.860933 0.79478 0.829223 0.79478 0.797513 0.79478 0.797513 0.78435 0.829223 0.78435 0.829223 0.78435 0.829223 0.79478 0.797513 0.79478 0.762851 0.79478 0.762851 0.78435 0.76925 0.78435 0.76925 0.78435 0.76925 0.79478 0.762851 0.79478 0.76925 0.79478 0.76925 0.78435 0.797513 0.78435 0.797513 0.78435 0.797513 0.79478 0.76925 0.79478 0.895594 0.79478 0.889196 0.79478 0.889196 0.78435 0.889196 0.78435 0.895594 0.78435 0.895594 0.79478 0.889196 0.78435 0.889196 0.79478 0.860933 0.79478 0.860933 0.79478 0.860933 0.78435 0.889196 0.78435 0.702878 0.78435 0.762851 0.78435 0.762851 0.79478 0.762851 0.79478 0.702878 0.79478 0.702878 0.78435 0.83248 0.918577 0.860807 0.918577 0.860807 0.929007 0.860807 0.929007 0.83248 0.929007 0.83248 0.918577 0.87923 0.918577 0.907557 0.918577 0.907557 0.929007 0.907557 0.929007 0.87923 0.929007 0.87923 0.918577 0.907557 0.929007 0.907557 0.918577 0.925981 0.918577 0.925981 0.918577 0.925981 0.929007 0.907557 0.929007 0.860807 0.929007 0.860807 0.918577 0.87923 0.918577 0.87923 0.918577 0.87923 0.929007 0.860807 0.929007 0.09350097 0.925301 0.06517398 0.9253 0.06517398 0.914871 0.06517398 0.914871 0.09350097 0.914871 0.09350097 0.925301 0.01842397 0.9253 0 0.9253 0 0.914871 0 0.914871 0.01842397 0.914871 0.01842397 0.9253 0.04675096 0.9253 0.01842397 0.9253 0.01842397 0.914871 0.01842397 0.914871 0.04675096 0.914871 0.04675096 0.9253 0.06517398 0.914871 0.06517398 0.9253 0.04675096 0.9253 0.04675096 0.9253 0.04675096 0.914871 0.06517398 0.914871 0.09890896 0.92319 0.1272349 0.92319 0.1272349 0.93362 0.1272349 0.93362 0.098908 0.93362 0.09890896 0.92319 0.173986 0.92319 0.192409 0.92319 0.192409 0.93362 0.192409 0.93362 0.173986 0.93362 0.173986 0.92319 0.145659 0.92319 0.173986 0.92319 0.173986 0.93362 0.173986 0.93362 0.145659 0.93362 0.145659 0.92319 0.1272349 0.93362 0.1272349 0.92319 0.145659 0.92319 0.145659 0.92319 0.145659 0.93362 0.1272349 0.93362 0.395634 0.875064 0.395634 0.84773 0.406443 0.84773 0.406443 0.84773 0.406443 0.875064 0.395634 0.875064 0.395634 0.892842 0.395634 0.875064 0.406443 0.875064 0.406443 0.875064 0.406443 0.892842 0.395634 0.892842 0.395634 0.920175 0.395634 0.892842 0.406443 0.892842 0.406443 0.892842 0.406443 0.920175 0.395634 0.920175 0.395634 0.937953 0.395634 0.920175 0.406443 0.920175 0.406443 0.920175 0.406443 0.937953 0.395634 0.937953 0.618178 0.217773 0.62678 0.217773 0.646135 0.217773 0.344603 0.565541 0.344603 0.575971 0.33653 0.575971 0.33653 0.575971 0.33653 0.565541 0.344603 0.565541 0.003800988 0.251082 0.003800988 0.282325 0 0.275453 0 0.275453 0 0.251082 0.003800988 0.251082 0.805006 0.420011 0.814492 0.423519 0.751072 0.423519 0.751072 0.423519 0.751072 0.420011 0.805006 0.420011 0.03175795 0.443683 0.05111294 0.443683 0.05111294 0.458799 0.05111294 0.458799 0.03175795 0.458799 0.03175795 0.443683 0.21628 0.443684 0.177952 0.443684 0.177952 0.428568 0.177952 0.428568 0.21628 0.428568 0.21628 0.443684 0.03175795 0.428568 0.05111294 0.428568 0.05111294 0.443683 0.05111294 0.443683 0.03175795 0.443683 0.03175795 0.428568 0.003800988 0.443683 0.003800988 0.428568 0.03175795 0.428568 0.03175795 0.428568 0.03175795 0.443683 0.003800988 0.443683 0.518561 0.575971 0.502896 0.575971 0.502897 0.565541 0.502897 0.565541 0.518562 0.565541 0.518561 0.575971 0.114532 0.428568 0.114532 0.42506 0.168467 0.42506 0.168467 0.42506 0.177952 0.428568 0.114532 0.428568 0.752432 0.875257 0.698498 0.875257 0.698498 0.864827 0.698498 0.864827 0.752432 0.864827 0.752432 0.875257 0.751072 0.420011 0.751072 0.423519 0.687652 0.423519 0.687652 0.423519 0.697138 0.420011 0.751072 0.420011 0.751072 0.45375 0.751072 0.457194 0.691099 0.457194 0.691099 0.457194 0.687652 0.45375 0.751072 0.45375 0.702878 0.78435 0.702878 0.79478 0.642905 0.79478 0.642905 0.79478 0.642905 0.78435 0.702878 0.78435 0.114532 0.462243 0.114532 0.458799 0.177952 0.458799 0.177952 0.458799 0.1745049 0.462243 0.114532 0.462243 0.114532 0.443684 0.114532 0.458799 0.111086 0.456391 0.111086 0.456391 0.111086 0.449717 0.114532 0.443684 0.05111294 0.443683 0.114532 0.443684 0.111086 0.449717 0.111086 0.449717 0.05455899 0.449717 0.05111294 0.443683 0.05111294 0.458799 0.05111294 0.443683 0.05455899 0.449717 0.05455899 0.449717 0.05455899 0.456391 0.05111294 0.458799 0.114532 0.458799 0.05111294 0.458799 0.05455899 0.456391 0.05455899 0.456391 0.111086 0.456391 0.114532 0.458799 0.751072 0.438635 0.814492 0.438634 0.811045 0.444668 0.811045 0.444668 0.754519 0.444668 0.751072 0.438635 0.751072 0.45375 0.751072 0.438635 0.754519 0.444668 0.754519 0.444668 0.754519 0.451342 0.751072 0.45375 0.814492 0.45375 0.751072 0.45375 0.754519 0.451342 0.754519 0.451342 0.811045 0.451342 0.814492 0.45375 0.814492 0.438634 0.814492 0.45375 0.811045 0.451342 0.811045 0.451342 0.811045 0.444668 0.814492 0.438634 0.05111294 0.443683 0.05111294 0.428568 0.05455899 0.430976 0.05455899 0.430976 0.05455899 0.43765 0.05111294 0.443683 0.114532 0.443684 0.05111294 0.443683 0.05455899 0.43765 0.05455899 0.43765 0.111086 0.43765 0.114532 0.443684 0.114532 0.428568 0.114532 0.443684 0.111086 0.43765 0.111086 0.43765 0.111086 0.430976 0.114532 0.428568 0.05111294 0.428568 0.114532 0.428568 0.111086 0.430976 0.111086 0.430976 0.05455899 0.430976 0.05111294 0.428568 0.751072 0.438635 0.751072 0.423519 0.754519 0.425927 0.754519 0.425927 0.754519 0.432601 0.751072 0.438635 0.814492 0.438634 0.751072 0.438635 0.754519 0.432601 0.754519 0.432601 0.811045 0.432601 0.814492 0.438634 0.814492 0.423519 0.814492 0.438634 0.811045 0.432601 0.811045 0.432601 0.811045 0.425927 0.814492 0.423519 0.751072 0.423519 0.814492 0.423519 0.811045 0.425927 0.811045 0.425927 0.754519 0.425927 0.751072 0.423519 0.114532 0.443684 0.177952 0.443684 0.1745049 0.449717 0.1745049 0.449717 0.117979 0.449717 0.114532 0.443684 0.114532 0.458799 0.114532 0.443684 0.117979 0.449717 0.117979 0.449717 0.117979 0.456391 0.114532 0.458799 0.177952 0.458799 0.114532 0.458799 0.117979 0.456391 0.117979 0.456391 0.1745049 0.456391 0.177952 0.458799 0.177952 0.443684 0.177952 0.458799 0.1745049 0.456391 0.1745049 0.456391 0.1745049 0.449717 0.177952 0.443684 0.114532 0.443684 0.114532 0.428568 0.117979 0.430976 0.117979 0.430976 0.117979 0.43765 0.114532 0.443684 0.177952 0.443684 0.114532 0.443684 0.117979 0.43765 0.117979 0.43765 0.1745049 0.43765 0.177952 0.443684 0.177952 0.428568 0.177952 0.443684 0.1745049 0.43765 0.1745049 0.43765 0.1745049 0.430976 0.177952 0.428568 0.114532 0.428568 0.177952 0.428568 0.1745049 0.430976 0.1745049 0.430976 0.117979 0.430976 0.114532 0.428568 0.687652 0.438635 0.687652 0.423519 0.691099 0.425927 0.691099 0.425927 0.691099 0.432601 0.687652 0.438635 0.751072 0.438635 0.687652 0.438635 0.691099 0.432601 0.691099 0.432601 0.747625 0.432601 0.751072 0.438635 0.751072 0.423519 0.751072 0.438635 0.747625 0.432601 0.747625 0.432601 0.747625 0.425927 0.751072 0.423519 0.687652 0.423519 0.751072 0.423519 0.747625 0.425927 0.747625 0.425927 0.691099 0.425927 0.687652 0.423519 0.751072 0.438635 0.751072 0.45375 0.747625 0.451342 0.747625 0.451342 0.747625 0.444668 0.751072 0.438635 0.687652 0.438635 0.751072 0.438635 0.747625 0.444668 0.747625 0.444668 0.691099 0.444668 0.687652 0.438635 0.687652 0.45375 0.687652 0.438635 0.691099 0.444668 0.691099 0.444668 0.691099 0.451342 0.687652 0.45375 0.751072 0.45375 0.687652 0.45375 0.691099 0.451342 0.691099 0.451342 0.747625 0.451342 0.751072 0.45375 0.663511 0.55925 0.663511 0.552576 0.67432 0.552576 0.67432 0.552576 0.67432 0.55925 0.663511 0.55925 0.663511 0.613794 0.663511 0.55925 0.67432 0.55925 0.67432 0.55925 0.67432 0.613794 0.663511 0.613794 0.663511 0.620469 0.663511 0.613794 0.67432 0.613794 0.67432 0.613794 0.67432 0.620469 0.663511 0.620469 0.663511 0.552576 0.663512 0.498031 0.67432 0.498031 0.67432 0.498031 0.67432 0.552576 0.663511 0.552576 0.138795 0.578954 0.195321 0.578954 0.195321 0.589384 0.195321 0.589384 0.138795 0.589383 0.138795 0.578954 0.131878 0.578954 0.138795 0.578954 0.138795 0.589383 0.138795 0.589383 0.131878 0.589383 0.131878 0.578954 0.202238 0.578954 0.258764 0.578954 0.258764 0.589384 0.258764 0.589384 0.202238 0.589384 0.202238 0.578954 0.195321 0.578954 0.202238 0.578954 0.202238 0.589384 0.202238 0.589384 0.195321 0.589384 0.195321 0.578954 0.886056 0.334803 0.886056 0.280259 0.896864 0.280259 0.896864 0.280259 0.896864 0.334803 0.886056 0.334803 0.886056 0.341478 0.886056 0.334803 0.896864 0.334803 0.896864 0.334803 0.896864 0.341478 0.886056 0.341478 0.886055 0.396022 0.886056 0.341478 0.896864 0.341478 0.896864 0.341478 0.896864 0.396022 0.886055 0.396022 0.886055 0.402696 0.886055 0.396022 0.896864 0.396022 0.896864 0.396022 0.896864 0.402696 0.886055 0.402696 0.74756 0.891795 0.754477 0.891795 0.754477 0.902224 0.754477 0.902224 0.74756 0.902224 0.74756 0.891795 0.691034 0.891795 0.74756 0.891795 0.74756 0.902224 0.74756 0.902224 0.691034 0.902224 0.691034 0.891795 0.684117 0.891795 0.691034 0.891795 0.691034 0.902224 0.691034 0.902224 0.684117 0.902224 0.684117 0.891795 0.754477 0.891795 0.811003 0.891795 0.811003 0.902224 0.811003 0.902224 0.754477 0.902224 0.754477 0.891795 0.177952 0.497115 0.21628 0.497115 0.21628 0.502164 0.21628 0.502164 0.183535 0.502164 0.177952 0.497115 0.87206 0.693495 0.87206 0.703924 0.864409 0.703924 0.864409 0.703924 0.864409 0.693495 0.87206 0.693495 0.003800988 0.443683 0.003800988 0.458799 0 0.464165 0 0.464165 0 0.44905 0.003800988 0.443683 0.622547 0.565543 0.622547 0.575973 0.615726 0.575972 0.615726 0.575972 0.615726 0.565542 0.622547 0.565543 0.03175795 0.497115 0.05111294 0.497115 0.04673695 0.502164 0.04673695 0.502164 0.02825897 0.502164 0.03175795 0.497115 0.003800988 0.458799 0.003800988 0.47186 0 0.477227 0 0.477227 0 0.464165 0.003800988 0.458799 0.003800988 0.428568 0.003800988 0.443683 0 0.44905 0 0.44905 0 0.433934 0.003800988 0.428568 0.49616 0.575971 0.49616 0.565541 0.502897 0.565541 0.502897 0.565541 0.502896 0.575971 0.49616 0.575971 0.007817983 0.488986 0.01697796 0.495636 0.007897973 0.502164 0.007897973 0.502164 0 0.494543 0.007817983 0.488986 0.565712 0.565543 0.576884 0.565543 0.576869 0.575973 0.576869 0.575973 0.565727 0.575973 0.565712 0.565543 0.576869 0.575973 0.576884 0.565543 0.597248 0.565542 0.597248 0.565542 0.597249 0.575972 0.576869 0.575973 0.547762 0.575971 0.547764 0.565541 0.565712 0.565543 0.565712 0.565543 0.565727 0.575973 0.547762 0.575971 0.01697796 0.495636 0.03175795 0.497115 0.02825897 0.502164 0.02825897 0.502164 0.007897973 0.502164 0.01697796 0.495636 0.007817983 0.488986 0 0.494543 0 0.477227 0 0.477227 0.003800988 0.47186 0.007817983 0.488986 0.003800988 0.47186 0.03175795 0.497115 0.01697796 0.495636 0.01697796 0.495636 0.007817983 0.488986 0.003800988 0.47186</float_array>
          <technique_common>
            <accessor source="#meshId0_name-mesh-map-0-array" count="11070" stride="2">
              <param name="S" type="float"/>
              <param name="T" type="float"/>
            </accessor>
          </technique_common>
        </source>
        <vertices id="meshId0_name-mesh-vertices">
          <input semantic="POSITION" source="#meshId0_name-mesh-positions"/>
        </vertices>
        <triangles material="blinn1_001-material" count="3690">
          <input semantic="VERTEX" source="#meshId0_name-mesh-vertices" offset="0"/>
          <input semantic="NORMAL" source="#meshId0_name-mesh-normals" offset="1"/>
          <input semantic="TEXCOORD" source="#meshId0_name-mesh-map-0" offset="2" set="0"/>
          <p>3 0 0 0 0 1 1 0 2 1 1 3 2 1 4 3 1 5 7 0 6 4 0 7 5 0 8 5 0 9 6 0 10 7 0 11 11 0 12 8 0 13 9 0 14 9 2 15 10 2 16 11 2 17 15 3 18 12 3 19 13 3 20 13 3 21 14 3 22 15 3 23 19 3 24 16 3 25 17 3 26 17 3 27 18 3 28 19 3 29 23 4 30 20 4 31 21 4 32 21 4 33 22 4 34 23 4 35 27 3 36 24 3 37 25 3 38 25 3 39 26 3 40 27 3 41 31 5 42 28 5 43 29 5 44 29 5 45 30 5 46 31 5 47 35 4 48 32 4 49 33 4 50 33 4 51 34 4 52 35 4 53 39 3 54 36 3 55 37 3 56 37 3 57 38 3 58 39 3 59 41 3 60 27 3 61 26 3 62 26 3 63 40 3 64 41 3 65 28 5 66 42 5 67 43 5 68 43 5 69 44 5 70 28 5 71 26 3 72 45 3 73 46 3 74 46 3 75 40 3 76 26 3 77 49 3 78 47 3 79 48 3 80 53 5 81 50 5 82 51 5 83 51 6 84 52 6 85 53 6 86 57 0 87 54 0 88 55 0 89 55 0 90 56 0 91 57 0 92 61 3 93 58 3 94 59 3 95 59 3 96 60 3 97 61 3 98 54 0 99 62 0 100 63 0 101 63 0 102 55 0 103 54 0 104 62 0 105 64 0 106 65 0 107 65 0 108 63 0 109 62 0 110 64 0 111 66 0 112 67 0 113 67 0 114 65 0 115 64 0 116 66 0 117 68 0 118 69 0 119 69 0 120 67 0 121 66 0 122 68 7 123 3 7 124 2 7 125 2 0 126 69 0 127 68 0 128 71 5 129 28 5 130 44 5 131 44 5 132 70 5 133 71 5 134 73 8 135 45 8 136 26 8 137 26 9 138 72 9 139 73 9 140 72 3 141 26 3 142 25 3 143 25 3 144 74 3 145 72 3 146 77 5 147 75 5 148 53 5 149 53 5 150 76 5 151 77 5 152 76 10 153 53 10 154 52 10 155 52 5 156 78 5 157 76 5 158 81 3 159 60 3 160 79 3 161 79 3 162 80 3 163 81 3 164 82 11 165 61 11 166 60 11 167 60 12 168 81 12 169 82 12 170 86 5 171 83 5 172 84 5 173 84 5 174 85 5 175 86 5 176 85 5 177 84 5 178 53 5 179 53 5 180 87 5 181 85 5 182 91 3 183 88 3 184 89 3 185 89 3 186 90 3 187 91 3 188 92 13 189 60 13 190 88 13 191 88 12 192 91 12 193 92 12 194 96 5 195 93 5 196 94 5 197 94 5 198 95 5 199 96 5 200 95 5 201 94 5 202 84 5 203 84 5 204 97 5 205 95 5 206 101 3 207 98 3 208 99 3 209 99 3 210 100 3 211 101 3 212 102 14 213 88 14 214 98 14 215 98 15 216 101 15 217 102 15 218 106 5 219 103 5 220 104 5 221 104 5 222 105 5 223 106 5 224 105 5 225 104 5 226 94 5 227 94 5 228 107 5 229 105 5 230 111 3 231 108 3 232 109 3 233 109 3 234 110 3 235 111 3 236 112 8 237 98 8 238 108 8 239 108 16 240 111 16 241 112 16 242 116 5 243 113 5 244 114 5 245 114 5 246 115 5 247 116 5 248 115 5 249 114 5 250 104 5 251 104 5 252 117 5 253 115 5 254 121 3 255 118 3 256 119 3 257 119 3 258 120 3 259 121 3 260 122 8 261 108 8 262 118 8 263 118 17 264 121 17 265 122 17 266 125 5 267 123 5 268 44 5 269 44 5 270 124 5 271 125 5 272 124 5 273 44 5 274 114 5 275 114 5 276 126 5 277 124 5 278 129 3 279 45 3 280 127 3 281 127 3 282 128 3 283 129 3 284 130 18 285 118 18 286 45 18 287 45 12 288 129 12 289 130 12 290 134 5 291 131 5 292 132 5 293 132 5 294 133 5 295 134 5 296 136 5 297 135 5 298 131 5 299 131 5 300 134 5 301 136 5 302 138 5 303 137 5 304 135 5 305 135 5 306 136 5 307 138 5 308 140 5 309 139 5 310 137 5 311 137 5 312 138 5 313 140 5 314 142 5 315 141 5 316 139 5 317 139 5 318 140 5 319 142 5 320 144 5 321 143 5 322 141 5 323 141 5 324 142 5 325 144 5 326 146 5 327 145 5 328 143 5 329 143 5 330 144 5 331 146 5 332 150 4 333 149 4 334 147 4 335 147 4 336 148 4 337 150 4 338 15 3 339 14 3 340 25 3 341 25 3 342 24 3 343 15 3 344 154 5 345 151 5 346 152 5 347 152 5 348 153 5 349 154 5 350 156 5 351 143 5 352 145 5 353 145 5 354 155 5 355 156 5 356 155 5 357 145 5 358 151 5 359 151 5 360 154 5 361 155 5 362 159 3 363 13 3 364 157 3 365 157 3 366 158 3 367 159 3 368 162 3 369 160 3 370 14 3 371 14 3 372 161 3 373 162 3 374 161 3 375 14 3 376 13 3 377 13 3 378 159 3 379 161 3 380 166 5 381 163 5 382 164 5 383 164 5 384 165 5 385 166 5 386 165 5 387 164 5 388 132 5 389 132 19 390 167 19 391 165 19 392 167 5 393 132 5 394 131 5 395 131 5 396 168 5 397 167 5 398 172 3 399 169 3 400 170 3 401 170 3 402 171 3 403 172 3 404 171 3 405 170 3 406 173 3 407 173 3 408 174 3 409 171 3 410 174 3 411 173 3 412 175 3 413 175 3 414 176 3 415 174 3 416 178 5 417 177 5 418 163 5 419 163 5 420 166 5 421 178 5 422 168 5 423 131 5 424 135 5 425 135 5 426 179 5 427 168 5 428 179 5 429 135 5 430 177 5 431 177 5 432 178 5 433 179 5 434 181 3 435 180 3 436 169 3 437 169 3 438 172 3 439 181 3 440 176 3 441 175 3 442 182 3 443 182 3 444 183 3 445 176 3 446 183 3 447 182 3 448 180 3 449 180 3 450 181 3 451 183 3 452 186 5 453 184 5 454 177 5 455 177 5 456 185 5 457 186 5 458 185 5 459 177 5 460 135 5 461 135 20 462 187 20 463 185 20 464 187 5 465 135 5 466 137 5 467 137 5 468 188 5 469 187 5 470 191 3 471 189 3 472 180 3 473 180 3 474 190 3 475 191 3 476 190 3 477 180 3 478 182 3 479 182 3 480 192 3 481 190 3 482 192 3 483 182 3 484 193 3 485 193 3 486 194 3 487 192 3 488 196 5 489 195 5 490 184 5 491 184 5 492 186 5 493 196 5 494 188 5 495 137 5 496 139 5 497 139 5 498 197 5 499 188 5 500 197 5 501 139 5 502 195 5 503 195 5 504 196 5 505 197 5 506 199 3 507 198 3 508 189 3 509 189 3 510 191 3 511 199 3 512 194 3 513 193 3 514 200 3 515 200 3 516 201 3 517 194 3 518 201 3 519 200 3 520 198 3 521 198 3 522 199 3 523 201 3 524 204 5 525 202 5 526 195 5 527 195 5 528 203 5 529 204 5 530 203 5 531 195 5 532 139 5 533 139 20 534 205 20 535 203 20 536 205 5 537 139 5 538 141 5 539 141 5 540 206 5 541 205 5 542 206 5 543 141 5 544 202 5 545 202 5 546 204 5 547 206 5 548 209 3 549 207 3 550 198 3 551 198 3 552 208 3 553 209 3 554 208 3 555 198 3 556 200 3 557 200 3 558 210 3 559 208 3 560 210 3 561 200 3 562 211 3 563 211 3 564 212 3 565 210 3 566 212 3 567 211 3 568 207 3 569 207 3 570 209 3 571 212 3 572 153 5 573 152 5 574 202 5 575 202 5 576 213 5 577 153 5 578 213 5 579 202 5 580 141 5 581 141 20 582 214 20 583 213 20 584 214 5 585 141 5 586 143 5 587 143 5 588 156 5 589 214 5 590 158 3 591 157 3 592 207 3 593 207 3 594 215 3 595 158 3 596 215 3 597 207 3 598 211 3 599 211 3 600 216 3 601 215 3 602 216 3 603 211 3 604 160 3 605 160 3 606 162 3 607 216 3 608 218 5 609 29 5 610 123 5 611 123 5 612 217 5 613 218 5 614 220 5 615 152 5 616 151 5 617 151 5 618 219 5 619 220 5 620 219 5 621 151 5 622 29 5 623 29 20 624 218 20 625 219 20 626 217 5 627 123 5 628 113 5 629 113 5 630 221 5 631 217 5 632 221 21 633 113 21 634 202 21 635 202 22 636 222 22 637 221 22 638 222 5 639 202 5 640 152 5 641 152 23 642 220 23 643 222 23 644 224 5 645 113 5 646 103 5 647 103 5 648 223 5 649 224 5 650 223 21 651 103 21 652 195 21 653 195 5 654 225 5 655 223 5 656 225 5 657 195 5 658 202 5 659 202 5 660 226 5 661 225 5 662 226 5 663 202 5 664 113 5 665 113 22 666 224 22 667 226 22 668 228 5 669 103 5 670 93 5 671 93 5 672 227 5 673 228 5 674 230 5 675 184 5 676 195 5 677 195 5 678 229 5 679 230 5 680 229 5 681 195 5 682 103 5 683 103 22 684 228 22 685 229 22 686 227 5 687 93 5 688 83 5 689 83 5 690 231 5 691 227 5 692 231 21 693 83 21 694 177 21 695 177 5 696 232 5 697 231 5 698 232 5 699 177 5 700 184 5 701 184 5 702 230 5 703 232 5 704 234 5 705 83 5 706 75 5 707 75 5 708 233 5 709 234 5 710 236 5 711 163 5 712 177 5 713 177 5 714 235 5 715 236 5 716 235 5 717 177 5 718 83 5 719 83 22 720 234 22 721 235 22 722 233 24 723 75 24 724 237 24 725 237 5 726 238 5 727 233 5 728 238 25 729 237 25 730 164 25 731 164 5 732 239 5 733 238 5 734 239 5 735 164 5 736 163 5 737 163 5 738 236 5 739 239 5 740 241 3 741 175 3 742 173 3 743 173 3 744 240 3 745 241 3 746 240 3 747 173 3 748 242 3 749 242 3 750 243 3 751 240 3 752 243 3 753 242 3 754 79 3 755 79 3 756 244 3 757 243 3 758 245 3 759 182 3 760 175 3 761 175 3 762 241 3 763 245 3 764 244 3 765 79 3 766 89 3 767 89 3 768 246 3 769 244 3 770 246 3 771 89 3 772 182 3 773 182 3 774 245 3 775 246 3 776 248 3 777 193 3 778 182 3 779 182 3 780 247 3 781 248 3 782 247 3 783 182 3 784 89 3 785 89 3 786 249 3 787 247 3 788 249 3 789 89 3 790 99 3 791 99 3 792 250 3 793 249 3 794 251 3 795 200 3 796 193 3 797 193 3 798 248 3 799 251 3 800 250 3 801 99 3 802 109 3 803 109 3 804 252 3 805 250 3 806 252 3 807 109 3 808 200 3 809 200 3 810 251 3 811 252 3 812 254 3 813 211 3 814 200 3 815 200 3 816 253 3 817 254 3 818 253 3 819 200 3 820 109 3 821 109 3 822 255 3 823 253 3 824 255 3 825 109 3 826 119 3 827 119 3 828 256 3 829 255 3 830 256 3 831 119 3 832 211 3 833 211 3 834 254 3 835 256 3 836 258 3 837 160 3 838 211 3 839 211 3 840 257 3 841 258 3 842 257 3 843 211 3 844 119 3 845 119 3 846 259 3 847 257 3 848 259 3 849 119 3 850 127 3 851 127 3 852 260 3 853 259 3 854 261 3 855 14 3 856 160 3 857 160 3 858 258 3 859 261 3 860 260 3 861 127 3 862 25 3 863 25 3 864 262 3 865 260 3 866 262 3 867 25 3 868 14 3 869 14 3 870 261 3 871 262 3 872 123 5 873 29 5 874 263 5 875 263 5 876 264 5 877 123 5 878 29 26 879 28 26 880 71 26 881 71 27 882 263 27 883 29 27 884 44 28 885 123 28 886 264 28 887 264 29 888 70 29 889 44 29 890 25 30 891 127 30 892 265 30 893 265 31 894 74 31 895 25 31 896 127 32 897 45 32 898 73 32 899 73 33 900 265 33 901 127 33 902 237 34 903 75 34 904 77 34 905 77 5 906 266 5 907 237 5 908 79 35 909 242 35 910 267 35 911 267 36 912 80 36 913 79 36 914 269 37 915 267 37 916 242 37 917 242 3 918 268 3 919 269 3 920 75 5 921 83 5 922 86 5 923 86 5 924 270 5 925 75 5 926 53 38 927 75 38 928 270 38 929 270 39 930 87 39 931 53 39 932 89 40 933 79 40 934 271 40 935 271 41 936 90 41 937 89 41 938 79 42 939 60 42 940 92 42 941 92 43 942 271 43 943 79 43 944 83 5 945 93 5 946 96 5 947 96 5 948 272 5 949 83 5 950 84 44 951 83 44 952 272 44 953 272 45 954 97 45 955 84 45 956 99 46 957 89 46 958 273 46 959 273 47 960 100 47 961 99 47 962 89 48 963 88 48 964 102 48 965 102 49 966 273 49 967 89 49 968 93 5 969 103 5 970 106 5 971 106 5 972 274 5 973 93 5 974 94 50 975 93 50 976 274 50 977 274 51 978 107 51 979 94 51 980 109 52 981 99 52 982 275 52 983 275 53 984 110 53 985 109 53 986 99 54 987 98 54 988 112 54 989 112 55 990 275 55 991 99 55 992 103 5 993 113 5 994 116 5 995 116 5 996 276 5 997 103 5 998 104 44 999 103 44 1000 276 44 1001 276 45 1002 117 45 1003 104 45 1004 119 56 1005 109 56 1006 277 56 1007 277 57 1008 120 57 1009 119 57 1010 109 48 1011 108 48 1012 122 48 1013 122 49 1014 277 49 1015 109 49 1016 113 5 1017 123 5 1018 125 5 1019 125 5 1020 278 5 1021 113 5 1022 114 44 1023 113 44 1024 278 44 1025 278 45 1026 126 45 1027 114 45 1028 127 56 1029 119 56 1030 279 56 1031 279 58 1032 128 58 1033 127 58 1034 119 48 1035 118 48 1036 130 48 1037 130 49 1038 279 49 1039 119 49 1040 283 4 1041 280 4 1042 281 4 1043 281 4 1044 282 4 1045 283 4 1046 287 59 1047 284 59 1048 285 59 1049 285 59 1050 286 59 1051 287 59 1052 291 0 1053 288 0 1054 289 0 1055 289 0 1056 290 0 1057 291 0 1058 295 59 1059 292 59 1060 293 59 1061 293 59 1062 294 59 1063 295 59 1064 299 60 1065 296 60 1066 297 60 1067 297 61 1068 298 61 1069 299 61 1070 303 0 1071 300 0 1072 301 0 1073 301 0 1074 302 0 1075 303 0 1076 307 4 1077 304 4 1078 305 4 1079 305 4 1080 306 4 1081 307 4 1082 292 59 1083 308 59 1084 309 59 1085 309 59 1086 293 59 1087 292 59 1088 311 0 1089 303 0 1090 302 0 1091 302 0 1092 310 0 1093 311 0 1094 315 59 1095 312 59 1096 313 59 1097 313 59 1098 314 59 1099 315 59 1100 319 60 1101 316 60 1102 317 60 1103 317 60 1104 318 60 1105 319 60 1106 323 0 1107 320 0 1108 321 0 1109 321 0 1110 322 0 1111 323 0 1112 327 4 1113 324 4 1114 325 4 1115 325 4 1116 326 4 1117 327 4 1118 312 59 1119 328 59 1120 329 59 1121 329 59 1122 313 59 1123 312 59 1124 331 0 1125 323 0 1126 322 0 1127 322 0 1128 330 0 1129 331 0 1130 335 4 1131 332 4 1132 333 4 1133 333 4 1134 334 4 1135 335 4 1136 339 59 1137 336 59 1138 337 59 1139 337 59 1140 338 59 1141 339 59 1142 343 60 1143 340 60 1144 341 60 1145 341 60 1146 342 60 1147 343 60 1148 347 0 1149 344 0 1150 345 0 1151 345 0 1152 346 0 1153 347 0 1154 349 59 1155 287 59 1156 286 59 1157 286 59 1158 348 59 1159 349 59 1160 353 60 1161 350 60 1162 351 60 1163 351 60 1164 352 60 1165 353 60 1166 288 0 1167 354 0 1168 355 0 1169 355 0 1170 289 0 1171 288 0 1172 359 0 1173 356 0 1174 357 0 1175 357 0 1176 358 0 1177 359 0 1178 363 59 1179 360 59 1180 361 59 1181 361 59 1182 362 59 1183 363 59 1184 367 4 1185 364 4 1186 365 4 1187 365 4 1188 366 4 1189 367 4 1190 358 0 1191 357 0 1192 368 0 1193 368 0 1194 369 0 1195 358 0 1196 371 62 1197 370 62 1198 360 62 1199 360 62 1200 363 62 1201 371 62 1202 375 0 1203 372 0 1204 373 0 1205 373 0 1206 374 0 1207 375 0 1208 379 59 1209 376 59 1210 377 59 1211 377 59 1212 378 59 1213 379 59 1214 383 4 1215 380 4 1216 381 4 1217 381 4 1218 382 4 1219 383 4 1220 387 0 1221 384 0 1222 385 0 1223 385 0 1224 386 0 1225 387 0 1226 391 59 1227 388 59 1228 389 59 1229 389 59 1230 390 59 1231 391 59 1232 395 4 1233 392 4 1234 393 4 1235 393 4 1236 394 4 1237 395 4 1238 386 0 1239 385 0 1240 396 0 1241 396 0 1242 397 0 1243 386 0 1244 399 59 1245 398 59 1246 388 59 1247 388 59 1248 391 59 1249 399 59 1250 403 0 1251 400 0 1252 401 0 1253 401 0 1254 402 0 1255 403 0 1256 407 59 1257 404 59 1258 405 59 1259 405 59 1260 406 59 1261 407 59 1262 411 4 1263 408 4 1264 409 4 1265 409 4 1266 410 4 1267 411 4 1268 402 0 1269 401 0 1270 412 0 1271 412 0 1272 413 0 1273 402 0 1274 415 59 1275 414 59 1276 404 59 1277 404 59 1278 407 59 1279 415 59 1280 419 60 1281 416 60 1282 417 60 1283 417 60 1284 418 60 1285 419 60 1286 423 60 1287 420 60 1288 421 60 1289 421 60 1290 422 60 1291 423 60 1292 427 60 1293 424 60 1294 425 60 1295 425 60 1296 426 60 1297 427 60 1298 431 60 1299 428 60 1300 429 60 1301 429 60 1302 430 60 1303 431 60 1304 435 0 1305 432 0 1306 433 0 1307 433 0 1308 434 0 1309 435 0 1310 439 59 1311 436 59 1312 437 59 1313 437 59 1314 438 59 1315 439 59 1316 443 60 1317 440 60 1318 441 60 1319 441 60 1320 442 60 1321 443 60 1322 447 4 1323 444 4 1324 445 4 1325 445 4 1326 446 4 1327 447 4 1328 451 4 1329 448 4 1330 449 4 1331 449 4 1332 450 4 1333 451 4 1334 455 0 1335 452 0 1336 453 0 1337 453 0 1338 454 0 1339 455 0 1340 459 59 1341 456 59 1342 457 59 1343 457 59 1344 458 59 1345 459 59 1346 463 60 1347 460 60 1348 461 60 1349 461 63 1350 462 63 1351 463 63 1352 467 4 1353 464 4 1354 465 4 1355 465 4 1356 466 4 1357 467 4 1358 471 0 1359 468 0 1360 469 0 1361 469 0 1362 470 0 1363 471 0 1364 475 59 1365 472 59 1366 473 59 1367 473 59 1368 474 59 1369 475 59 1370 479 60 1371 476 60 1372 477 60 1373 477 60 1374 478 60 1375 479 60 1376 483 4 1377 480 4 1378 481 4 1379 481 4 1380 482 4 1381 483 4 1382 487 0 1383 484 0 1384 485 0 1385 485 0 1386 486 0 1387 487 0 1388 491 59 1389 488 59 1390 489 59 1391 489 59 1392 490 59 1393 491 59 1394 495 60 1395 492 60 1396 493 60 1397 493 60 1398 494 60 1399 495 60 1400 499 4 1401 496 4 1402 497 4 1403 497 4 1404 498 4 1405 499 4 1406 503 0 1407 500 0 1408 501 0 1409 501 0 1410 502 0 1411 503 0 1412 507 59 1413 504 59 1414 505 59 1415 505 59 1416 506 59 1417 507 59 1418 511 60 1419 508 60 1420 509 60 1421 509 60 1422 510 60 1423 511 60 1424 515 4 1425 512 4 1426 513 4 1427 513 4 1428 514 4 1429 515 4 1430 519 0 1431 516 0 1432 517 0 1433 517 0 1434 518 0 1435 519 0 1436 523 59 1437 520 59 1438 521 59 1439 521 59 1440 522 59 1441 523 59 1442 527 60 1443 524 60 1444 525 60 1445 525 60 1446 526 60 1447 527 60 1448 531 4 1449 528 4 1450 529 4 1451 529 4 1452 530 4 1453 531 4 1454 535 0 1455 532 0 1456 533 0 1457 533 0 1458 534 0 1459 535 0 1460 539 59 1461 536 59 1462 537 59 1463 537 59 1464 538 59 1465 539 59 1466 543 60 1467 540 60 1468 541 60 1469 541 60 1470 542 60 1471 543 60 1472 545 64 1473 11 64 1474 10 64 1475 10 65 1476 544 65 1477 545 65 1478 547 3 1479 19 3 1480 18 3 1481 18 3 1482 546 3 1483 547 3 1484 549 3 1485 548 3 1486 19 3 1487 19 3 1488 547 3 1489 549 3 1490 39 3 1491 550 3 1492 551 3 1493 551 3 1494 36 3 1495 39 3 1496 547 3 1497 546 3 1498 552 3 1499 553 3 1500 549 3 1501 547 3 1502 547 3 1503 552 3 1504 553 3 1505 555 3 1506 554 3 1507 551 3 1508 551 3 1509 550 3 1510 555 3 1511 20 4 1512 556 4 1513 557 4 1514 557 4 1515 21 4 1516 20 4 1517 556 4 1518 558 4 1519 559 4 1520 559 4 1521 557 4 1522 556 4 1523 561 4 1524 23 4 1525 22 4 1526 22 4 1527 560 4 1528 561 4 1529 565 5 1530 562 5 1531 563 5 1532 563 5 1533 564 5 1534 565 5 1535 569 3 1536 566 3 1537 567 3 1538 567 3 1539 568 3 1540 569 3 1541 564 5 1542 563 5 1543 570 5 1544 570 5 1545 571 5 1546 564 5 1547 573 3 1548 572 3 1549 566 3 1550 566 3 1551 569 3 1552 573 3 1553 571 5 1554 570 5 1555 574 5 1556 574 5 1557 575 5 1558 571 5 1559 575 66 1560 574 66 1561 576 66 1562 576 5 1563 577 5 1564 575 5 1565 579 67 1566 577 67 1567 576 67 1568 576 68 1569 578 68 1570 579 68 1571 581 3 1572 548 3 1573 549 3 1574 549 3 1575 580 3 1576 581 3 1577 580 3 1578 549 3 1579 572 3 1580 572 3 1581 573 3 1582 580 3 1583 548 3 1584 581 3 1585 582 3 1586 582 3 1587 583 3 1588 548 3 1589 568 3 1590 567 3 1591 550 3 1592 550 3 1593 584 3 1594 568 3 1595 584 3 1596 550 3 1597 39 3 1598 39 3 1599 585 3 1600 584 3 1601 587 5 1602 586 5 1603 562 5 1604 562 5 1605 565 5 1606 587 5 1607 589 69 1608 588 69 1609 586 69 1610 586 5 1611 587 5 1612 589 5 1613 592 5 1614 590 5 1615 563 5 1616 563 5 1617 591 5 1618 592 5 1619 591 5 1620 563 5 1621 562 5 1622 562 5 1623 593 5 1624 591 5 1625 593 5 1626 562 5 1627 594 5 1628 594 5 1629 595 5 1630 593 5 1631 595 5 1632 594 5 1633 590 5 1634 590 5 1635 592 5 1636 595 5 1637 598 3 1638 596 3 1639 567 3 1640 567 3 1641 597 3 1642 598 3 1643 597 3 1644 567 3 1645 566 3 1646 566 3 1647 599 3 1648 597 3 1649 599 3 1650 566 3 1651 600 3 1652 600 3 1653 601 3 1654 599 3 1655 601 70 1656 600 70 1657 596 70 1658 596 71 1659 598 71 1660 601 71 1661 604 5 1662 602 5 1663 570 5 1664 570 5 1665 603 5 1666 604 5 1667 603 5 1668 570 5 1669 563 5 1670 563 5 1671 605 5 1672 603 5 1673 605 5 1674 563 5 1675 590 5 1676 590 5 1677 606 5 1678 605 5 1679 606 5 1680 590 5 1681 602 5 1682 602 5 1683 604 5 1684 606 5 1685 608 3 1686 600 3 1687 566 3 1688 566 3 1689 607 3 1690 608 3 1691 607 3 1692 566 3 1693 572 3 1694 572 3 1695 609 3 1696 607 3 1697 609 3 1698 572 3 1699 610 3 1700 610 3 1701 611 3 1702 609 3 1703 611 3 1704 610 3 1705 600 3 1706 600 3 1707 608 3 1708 611 3 1709 614 5 1710 612 5 1711 574 5 1712 574 5 1713 613 5 1714 614 5 1715 613 5 1716 574 5 1717 570 5 1718 570 5 1719 615 5 1720 613 5 1721 615 5 1722 570 5 1723 602 5 1724 602 5 1725 616 5 1726 615 5 1727 616 5 1728 602 5 1729 612 5 1730 612 5 1731 614 5 1732 616 5 1733 618 3 1734 610 3 1735 572 3 1736 572 3 1737 617 3 1738 618 3 1739 617 3 1740 572 3 1741 549 3 1742 549 3 1743 619 3 1744 617 3 1745 619 3 1746 549 3 1747 553 3 1748 553 3 1749 620 3 1750 619 3 1751 620 3 1752 553 3 1753 610 3 1754 610 3 1755 618 3 1756 620 3 1757 622 72 1758 550 72 1759 567 72 1760 567 3 1761 621 3 1762 622 3 1763 621 3 1764 567 3 1765 596 3 1766 596 3 1767 623 3 1768 621 3 1769 623 73 1770 596 73 1771 555 73 1772 555 3 1773 624 3 1774 623 3 1775 624 3 1776 555 3 1777 550 3 1778 550 3 1779 622 3 1780 624 3 1781 626 5 1782 594 5 1783 562 5 1784 562 5 1785 625 5 1786 626 5 1787 625 5 1788 562 5 1789 586 5 1790 586 74 1791 627 74 1792 625 74 1793 627 5 1794 586 5 1795 628 5 1796 628 5 1797 629 5 1798 627 5 1799 629 75 1800 628 75 1801 594 75 1802 594 5 1803 626 5 1804 629 5 1805 632 5 1806 630 5 1807 50 5 1808 50 5 1809 631 5 1810 632 5 1811 631 76 1812 50 76 1813 53 76 1814 53 77 1815 633 77 1816 631 77 1817 633 5 1818 53 5 1819 84 5 1820 84 5 1821 634 5 1822 633 5 1823 634 5 1824 84 5 1825 630 5 1826 630 78 1827 632 78 1828 634 78 1829 636 3 1830 60 3 1831 59 3 1832 59 3 1833 635 3 1834 636 3 1835 635 3 1836 59 3 1837 637 3 1838 637 3 1839 638 3 1840 635 3 1841 638 79 1842 637 79 1843 88 79 1844 88 80 1845 639 80 1846 638 80 1847 639 3 1848 88 3 1849 60 3 1850 60 3 1851 636 3 1852 639 3 1853 642 5 1854 640 5 1855 630 5 1856 630 5 1857 641 5 1858 642 5 1859 641 81 1860 630 81 1861 84 81 1862 84 82 1863 643 82 1864 641 82 1865 643 5 1866 84 5 1867 94 5 1868 94 5 1869 644 5 1870 643 5 1871 644 5 1872 94 5 1873 640 5 1874 640 83 1875 642 83 1876 644 83 1877 646 3 1878 88 3 1879 637 3 1880 637 3 1881 645 3 1882 646 3 1883 645 3 1884 637 3 1885 647 3 1886 647 3 1887 648 3 1888 645 3 1889 648 84 1890 647 84 1891 98 84 1892 98 85 1893 649 85 1894 648 85 1895 649 3 1896 98 3 1897 88 3 1898 88 3 1899 646 3 1900 649 3 1901 652 5 1902 650 5 1903 640 5 1904 640 5 1905 651 5 1906 652 5 1907 651 86 1908 640 86 1909 94 86 1910 94 87 1911 653 87 1912 651 87 1913 653 5 1914 94 5 1915 104 5 1916 104 5 1917 654 5 1918 653 5 1919 654 5 1920 104 5 1921 650 5 1922 650 78 1923 652 78 1924 654 78 1925 656 3 1926 98 3 1927 647 3 1928 647 3 1929 655 3 1930 656 3 1931 655 3 1932 647 3 1933 657 3 1934 657 3 1935 658 3 1936 655 3 1937 658 79 1938 657 79 1939 108 79 1940 108 80 1941 659 80 1942 658 80 1943 659 3 1944 108 3 1945 98 3 1946 98 3 1947 656 3 1948 659 3 1949 662 5 1950 660 5 1951 650 5 1952 650 5 1953 661 5 1954 662 5 1955 661 81 1956 650 81 1957 104 81 1958 104 82 1959 663 82 1960 661 82 1961 663 5 1962 104 5 1963 114 5 1964 114 5 1965 664 5 1966 663 5 1967 664 5 1968 114 5 1969 660 5 1970 660 88 1971 662 88 1972 664 88 1973 666 3 1974 108 3 1975 657 3 1976 657 3 1977 665 3 1978 666 3 1979 665 3 1980 657 3 1981 667 3 1982 667 3 1983 668 3 1984 665 3 1985 668 89 1986 667 89 1987 118 89 1988 118 90 1989 669 90 1990 668 90 1991 669 3 1992 118 3 1993 108 3 1994 108 3 1995 666 3 1996 669 3 1997 671 5 1998 43 5 1999 660 5 2000 660 5 2001 670 5 2002 671 5 2003 670 81 2004 660 81 2005 114 81 2006 114 82 2007 672 82 2008 670 82 2009 672 5 2010 114 5 2011 44 5 2012 44 5 2013 673 5 2014 672 5 2015 673 5 2016 44 5 2017 43 5 2018 43 83 2019 671 83 2020 673 83 2021 675 3 2022 118 3 2023 667 3 2024 667 3 2025 674 3 2026 675 3 2027 674 3 2028 667 3 2029 46 3 2030 46 3 2031 676 3 2032 674 3 2033 676 84 2034 46 84 2035 45 84 2036 45 85 2037 677 85 2038 676 85 2039 677 3 2040 45 3 2041 118 3 2042 118 3 2043 675 3 2044 677 3 2045 681 4 2046 678 4 2047 679 4 2048 679 4 2049 680 4 2050 681 4 2051 685 60 2052 682 60 2053 683 60 2054 683 60 2055 684 60 2056 685 60 2057 689 0 2058 686 0 2059 687 0 2060 687 0 2061 688 0 2062 689 0 2063 693 59 2064 690 59 2065 691 59 2066 691 59 2067 692 59 2068 693 59 2069 697 4 2070 694 4 2071 695 4 2072 695 4 2073 696 4 2074 697 4 2075 701 60 2076 698 60 2077 699 60 2078 699 60 2079 700 60 2080 701 60 2081 705 0 2082 702 0 2083 703 0 2084 703 0 2085 704 0 2086 705 0 2087 709 59 2088 706 59 2089 707 59 2090 707 59 2091 708 59 2092 709 59 2093 713 4 2094 710 4 2095 711 4 2096 711 4 2097 712 4 2098 713 4 2099 717 60 2100 714 60 2101 715 60 2102 715 60 2103 716 60 2104 717 60 2105 721 0 2106 718 0 2107 719 0 2108 719 0 2109 720 0 2110 721 0 2111 725 59 2112 722 59 2113 723 59 2114 723 59 2115 724 59 2116 725 59 2117 729 4 2118 726 4 2119 727 4 2120 727 4 2121 728 4 2122 729 4 2123 733 60 2124 730 60 2125 731 60 2126 731 60 2127 732 60 2128 733 60 2129 737 0 2130 734 0 2131 735 0 2132 735 0 2133 736 0 2134 737 0 2135 741 59 2136 738 59 2137 739 59 2138 739 59 2139 740 59 2140 741 59 2141 745 4 2142 742 4 2143 743 4 2144 743 4 2145 744 4 2146 745 4 2147 749 60 2148 746 60 2149 747 60 2150 747 60 2151 748 60 2152 749 60 2153 753 0 2154 750 0 2155 751 0 2156 751 0 2157 752 0 2158 753 0 2159 757 59 2160 754 59 2161 755 59 2162 755 59 2163 756 59 2164 757 59 2165 761 91 2166 758 91 2167 759 91 2168 759 92 2169 760 92 2170 761 92 2171 758 93 2172 762 93 2173 763 93 2174 763 91 2175 759 91 2176 758 91 2177 767 94 2178 764 94 2179 765 94 2180 765 95 2181 766 95 2182 767 95 2183 762 96 2184 768 96 2185 769 96 2186 769 97 2187 763 97 2188 762 97 2189 773 98 2190 770 98 2191 771 98 2192 771 0 2193 772 0 2194 773 0 2195 760 99 2196 774 99 2197 775 99 2198 775 100 2199 761 100 2200 760 100 2201 779 101 2202 776 101 2203 777 101 2204 777 102 2205 778 102 2206 779 102 2207 783 103 2208 780 103 2209 781 103 2210 781 104 2211 782 104 2212 783 104 2213 787 60 2214 784 60 2215 785 60 2216 785 60 2217 786 60 2218 787 60 2219 791 105 2220 788 105 2221 789 105 2222 789 106 2223 790 106 2224 791 106 2225 795 107 2226 792 107 2227 793 107 2228 793 59 2229 794 59 2230 795 59 2231 799 103 2232 796 103 2233 797 103 2234 797 103 2235 798 103 2236 799 103 2237 803 0 2238 800 0 2239 801 0 2240 801 0 2241 802 0 2242 803 0 2243 807 60 2244 804 60 2245 805 60 2246 805 60 2247 806 60 2248 807 60 2249 811 108 2250 808 108 2251 809 108 2252 809 59 2253 810 59 2254 811 59 2255 815 109 2256 812 109 2257 813 109 2258 813 103 2259 814 103 2260 815 103 2261 819 110 2262 816 110 2263 817 110 2264 817 110 2265 818 110 2266 819 110 2267 823 60 2268 820 60 2269 821 60 2270 821 60 2271 822 60 2272 823 60 2273 827 111 2274 824 111 2275 825 111 2276 825 59 2277 826 59 2278 827 59 2279 831 103 2280 828 103 2281 829 103 2282 829 103 2283 830 103 2284 831 103 2285 835 59 2286 832 59 2287 833 59 2288 833 59 2289 834 59 2290 835 59 2291 839 60 2292 836 60 2293 837 60 2294 837 60 2295 838 60 2296 839 60 2297 843 0 2298 840 0 2299 841 0 2300 841 0 2301 842 0 2302 843 0 2303 847 112 2304 844 112 2305 845 112 2306 845 113 2307 846 113 2308 847 113 2309 849 3 2310 13 3 2311 12 3 2312 12 3 2313 848 3 2314 849 3 2315 851 114 2316 237 114 2317 266 114 2318 266 115 2319 850 115 2320 851 115 2321 548 3 2322 852 3 2323 16 3 2324 16 3 2325 19 3 2326 548 3 2327 61 3 2328 38 3 2329 37 3 2330 37 3 2331 58 3 2332 61 3 2333 852 3 2334 242 3 2335 173 3 2336 173 3 2337 16 3 2338 852 3 2339 173 3 2340 170 3 2341 17 3 2342 17 3 2343 16 3 2344 173 3 2345 854 0 2346 853 0 2347 9 0 2348 9 0 2349 8 0 2350 854 0 2351 82 116 2352 269 116 2353 268 116 2354 268 117 2355 61 117 2356 82 117 2357 856 60 2358 855 60 2359 461 60 2360 461 60 2361 460 60 2362 856 60 2363 52 118 2364 851 118 2365 850 118 2366 850 119 2367 78 119 2368 52 119 2369 589 120 2370 579 120 2371 578 120 2372 578 121 2373 588 121 2374 589 121 2375 858 103 2376 778 103 2377 777 103 2378 777 4 2379 857 4 2380 858 4 2381 39 3 2382 583 3 2383 582 3 2384 582 122 2385 585 122 2386 39 122 2387 861 3 2388 583 3 2389 859 3 2390 859 3 2391 860 3 2392 861 3 2393 860 3 2394 859 3 2395 852 3 2396 852 3 2397 862 3 2398 860 3 2399 862 3 2400 852 3 2401 548 3 2402 548 3 2403 863 3 2404 862 3 2405 863 3 2406 548 3 2407 583 3 2408 583 3 2409 861 3 2410 863 3 2411 867 123 2412 864 123 2413 865 123 2414 865 5 2415 866 5 2416 867 5 2417 866 124 2418 865 124 2419 578 124 2420 578 125 2421 868 125 2422 866 125 2423 868 5 2424 578 5 2425 576 5 2426 576 5 2427 869 5 2428 868 5 2429 869 126 2430 576 126 2431 864 126 2432 864 127 2433 867 127 2434 869 127 2435 871 3 2436 242 3 2437 852 3 2438 852 3 2439 870 3 2440 871 3 2441 870 3 2442 852 3 2443 859 3 2444 859 3 2445 872 3 2446 870 3 2447 872 3 2448 859 3 2449 268 3 2450 268 3 2451 873 3 2452 872 3 2453 873 3 2454 268 3 2455 242 3 2456 242 3 2457 871 3 2458 873 3 2459 875 128 2460 851 128 2461 865 128 2462 865 129 2463 874 129 2464 875 129 2465 874 130 2466 865 130 2467 864 130 2468 864 5 2469 876 5 2470 874 5 2471 876 131 2472 864 131 2473 237 131 2474 237 132 2475 877 132 2476 876 132 2477 877 133 2478 237 133 2479 851 133 2480 851 5 2481 875 5 2482 877 5 2483 879 3 2484 38 3 2485 859 3 2486 859 3 2487 878 3 2488 879 3 2489 878 3 2490 859 3 2491 583 3 2492 583 3 2493 880 3 2494 878 3 2495 880 3 2496 583 3 2497 39 3 2498 39 3 2499 881 3 2500 880 3 2501 881 3 2502 39 3 2503 38 3 2504 38 3 2505 879 3 2506 881 3 2507 883 3 2508 268 3 2509 859 3 2510 859 3 2511 882 3 2512 883 3 2513 882 3 2514 859 3 2515 38 3 2516 38 3 2517 884 3 2518 882 3 2519 884 3 2520 38 3 2521 61 3 2522 61 3 2523 885 3 2524 884 3 2525 885 3 2526 61 3 2527 268 3 2528 268 3 2529 883 3 2530 885 3 2531 888 134 2532 52 134 2533 886 134 2534 886 135 2535 887 135 2536 888 135 2537 887 136 2538 886 136 2539 865 136 2540 865 5 2541 889 5 2542 887 5 2543 889 137 2544 865 137 2545 851 137 2546 851 138 2547 890 138 2548 889 138 2549 890 5 2550 851 5 2551 52 5 2552 52 5 2553 888 5 2554 890 5 2555 892 139 2556 578 139 2557 865 139 2558 865 5 2559 891 5 2560 892 5 2561 891 140 2562 865 140 2563 886 140 2564 886 5 2565 893 5 2566 891 5 2567 893 134 2568 886 134 2569 588 134 2570 588 141 2571 894 141 2572 893 141 2573 894 142 2574 588 142 2575 578 142 2576 578 143 2577 892 143 2578 894 143 2579 898 144 2580 895 144 2581 896 144 2582 896 145 2583 897 145 2584 898 145 2585 902 60 2586 899 60 2587 900 60 2588 900 60 2589 901 60 2590 902 60 2591 906 0 2592 903 0 2593 904 0 2594 904 146 2595 905 146 2596 906 146 2597 910 147 2598 907 147 2599 908 147 2600 908 4 2601 909 4 2602 910 4 2603 914 60 2604 911 60 2605 912 60 2606 912 60 2607 913 60 2608 914 60 2609 918 0 2610 915 0 2611 916 0 2612 916 148 2613 917 148 2614 918 148 2615 922 4 2616 919 4 2617 920 4 2618 920 4 2619 921 4 2620 922 4 2621 926 149 2622 923 149 2623 924 149 2624 924 145 2625 925 145 2626 926 145 2627 930 4 2628 927 4 2629 928 4 2630 928 4 2631 929 4 2632 930 4 2633 934 59 2634 931 59 2635 932 59 2636 932 150 2637 933 150 2638 934 150 2639 938 60 2640 935 60 2641 936 60 2642 936 60 2643 937 60 2644 938 60 2645 942 151 2646 939 151 2647 940 151 2648 940 152 2649 941 152 2650 942 152 2651 946 59 2652 943 59 2653 944 59 2654 944 59 2655 945 59 2656 946 59 2657 950 60 2658 947 60 2659 948 60 2660 948 60 2661 949 60 2662 950 60 2663 954 153 2664 951 153 2665 952 153 2666 952 154 2667 953 154 2668 954 154 2669 958 4 2670 955 4 2671 956 4 2672 956 4 2673 957 4 2674 958 4 2675 960 3 2676 554 3 2677 555 3 2678 555 3 2679 959 3 2680 960 3 2681 964 155 2682 961 155 2683 962 155 2684 962 156 2685 963 156 2686 964 156 2687 966 3 2688 18 3 2689 17 3 2690 17 3 2691 965 3 2692 966 3 2693 968 157 2694 967 157 2695 969 157 2696 969 158 2697 970 158 2698 968 158 2699 972 3 2700 553 3 2701 552 3 2702 552 3 2703 971 3 2704 972 3 2705 973 3 2706 546 3 2707 18 3 2708 18 3 2709 966 3 2710 973 3 2711 965 3 2712 17 3 2713 170 3 2714 170 3 2715 974 3 2716 965 3 2717 978 159 2718 975 159 2719 976 159 2720 976 160 2721 977 160 2722 978 160 2723 982 3 2724 979 3 2725 980 3 2726 980 3 2727 981 3 2728 982 3 2729 986 161 2730 983 161 2731 984 161 2732 984 162 2733 985 162 2734 986 162 2735 149 4 2736 987 4 2737 988 4 2738 988 4 2739 147 4 2740 149 4 2741 990 163 2742 545 163 2743 544 163 2744 544 164 2745 989 164 2746 990 164 2747 971 3 2748 552 3 2749 979 3 2750 979 3 2751 982 3 2752 971 3 2753 973 3 2754 981 3 2755 980 3 2756 980 3 2757 546 3 2758 973 3 2759 979 3 2760 552 3 2761 546 3 2762 546 3 2763 980 3 2764 979 3 2765 994 59 2766 991 59 2767 992 59 2768 992 59 2769 993 59 2770 994 59 2771 998 59 2772 995 59 2773 996 59 2774 996 59 2775 997 59 2776 998 59 2777 1002 59 2778 999 59 2779 1000 59 2780 1000 59 2781 1001 59 2782 1002 59 2783 1006 3 2784 1003 3 2785 1004 3 2786 1004 3 2787 1005 3 2788 1006 3 2789 1010 3 2790 1007 3 2791 1008 3 2792 1008 3 2793 1009 3 2794 1010 3 2795 1014 4 2796 1011 4 2797 1012 4 2798 1012 4 2799 1013 4 2800 1014 4 2801 1018 3 2802 1015 3 2803 1016 3 2804 1016 3 2805 1017 3 2806 1018 3 2807 1022 5 2808 1019 5 2809 1020 5 2810 1020 5 2811 1021 5 2812 1022 5 2813 33 4 2814 32 4 2815 1023 4 2816 1023 4 2817 1024 4 2818 33 4 2819 37 3 2820 36 3 2821 1025 3 2822 1025 3 2823 1026 3 2824 37 3 2825 1017 3 2826 1016 3 2827 41 3 2828 41 3 2829 40 3 2830 1017 3 2831 43 5 2832 42 5 2833 1019 5 2834 1019 5 2835 1027 5 2836 43 5 2837 46 3 2838 1028 3 2839 1017 3 2840 1017 3 2841 40 3 2842 46 3 2843 1031 165 2844 1029 165 2845 1030 165 2846 51 5 2847 50 5 2848 1032 5 2849 1032 5 2850 1033 5 2851 51 5 2852 1037 59 2853 1034 59 2854 1035 59 2855 1035 59 2856 1036 59 2857 1037 59 2858 59 3 2859 58 3 2860 1038 3 2861 1038 3 2862 1039 3 2863 59 3 2864 1041 59 2865 1040 59 2866 1034 59 2867 1034 59 2868 1037 59 2869 1041 59 2870 1043 59 2871 1042 59 2872 1040 59 2873 1040 59 2874 1041 59 2875 1043 59 2876 1045 59 2877 1044 59 2878 1042 59 2879 1042 59 2880 1043 59 2881 1045 59 2882 1047 59 2883 1046 59 2884 1044 59 2885 1044 59 2886 1045 59 2887 1047 59 2888 993 59 2889 992 59 2890 1046 59 2891 1046 59 2892 1047 59 2893 993 59 2894 1027 5 2895 1019 5 2896 1048 5 2897 1048 5 2898 1049 5 2899 1027 5 2900 1017 166 2901 1028 166 2902 1050 166 2903 1050 167 2904 1051 167 2905 1017 167 2906 1018 168 2907 1017 168 2908 1051 168 2909 1051 169 2910 1052 169 2911 1018 169 2912 1032 170 2913 1053 170 2914 1054 170 2915 1054 171 2916 1055 171 2917 1032 171 2918 1033 5 2919 1032 5 2920 1055 5 2921 1055 5 2922 1056 5 2923 1033 5 2924 1059 172 2925 1039 172 2926 1057 172 2927 1057 173 2928 1058 173 2929 1059 173 2930 1039 46 2931 1038 46 2932 1060 46 2933 1060 41 2934 1057 41 2935 1039 41 2936 1064 174 2937 1061 174 2938 1062 174 2939 1062 175 2940 1063 175 2941 1064 175 2942 1032 5 2943 1064 5 2944 1063 5 2945 1063 5 2946 1065 5 2947 1032 5 2948 1069 168 2949 1066 168 2950 1067 168 2951 1067 169 2952 1068 169 2953 1069 169 2954 1066 46 2955 1039 46 2956 1070 46 2957 1070 41 2958 1067 41 2959 1066 41 2960 1074 176 2961 1071 176 2962 1072 176 2963 1072 177 2964 1073 177 2965 1074 177 2966 1064 5 2967 1074 5 2968 1073 5 2969 1073 5 2970 1075 5 2971 1064 5 2972 1079 178 2973 1076 178 2974 1077 178 2975 1077 179 2976 1078 179 2977 1079 179 2978 1076 180 2979 1066 180 2980 1080 180 2981 1080 181 2982 1077 181 2983 1076 181 2984 1084 174 2985 1081 174 2986 1082 174 2987 1082 175 2988 1083 175 2989 1084 175 2990 1074 5 2991 1084 5 2992 1083 5 2993 1083 5 2994 1085 5 2995 1074 5 2996 1089 168 2997 1086 168 2998 1087 168 2999 1087 169 3000 1088 169 3001 1089 169 3002 1086 182 3003 1076 182 3004 1090 182 3005 1090 47 3006 1087 47 3007 1086 47 3008 1094 183 3009 1091 183 3010 1092 183 3011 1092 184 3012 1093 184 3013 1094 184 3014 1084 5 3015 1094 5 3016 1093 5 3017 1093 5 3018 1095 5 3019 1084 5 3020 1099 185 3021 1096 185 3022 1097 185 3023 1097 186 3024 1098 186 3025 1099 186 3026 1096 182 3027 1086 182 3028 1100 182 3029 1100 187 3030 1097 187 3031 1096 187 3032 1027 176 3033 1101 176 3034 1102 176 3035 1102 177 3036 1103 177 3037 1027 177 3038 1094 5 3039 1027 5 3040 1103 5 3041 1103 5 3042 1104 5 3043 1094 5 3044 1107 178 3045 1028 178 3046 1105 178 3047 1105 179 3048 1106 179 3049 1107 179 3050 1028 56 3051 1096 56 3052 1108 56 3053 1108 188 3054 1105 188 3055 1028 188 3056 1112 5 3057 1109 5 3058 1110 5 3059 1110 5 3060 1111 5 3061 1112 5 3062 1109 5 3063 1113 5 3064 1114 5 3065 1114 5 3066 1110 5 3067 1109 5 3068 1113 5 3069 1115 5 3070 1116 5 3071 1116 5 3072 1114 5 3073 1113 5 3074 1115 5 3075 1117 5 3076 1118 5 3077 1118 5 3078 1116 5 3079 1115 5 3080 1117 5 3081 1119 5 3082 1120 5 3083 1120 5 3084 1118 5 3085 1117 5 3086 1119 5 3087 1121 5 3088 1122 5 3089 1122 5 3090 1120 5 3091 1119 5 3092 1121 5 3093 1123 5 3094 1124 5 3095 1124 5 3096 1122 5 3097 1121 5 3098 1125 4 3099 1127 4 3100 1128 4 3101 1128 4 3102 1126 4 3103 1125 4 3104 1018 3 3105 1005 3 3106 1004 3 3107 1004 3 3108 1015 3 3109 1018 3 3110 1132 5 3111 1129 5 3112 1130 5 3113 1130 5 3114 1131 5 3115 1132 5 3116 1123 5 3117 1121 5 3118 1133 5 3119 1133 5 3120 1134 5 3121 1123 5 3122 1129 5 3123 1123 5 3124 1134 5 3125 1134 5 3126 1130 5 3127 1129 5 3128 1137 3 3129 1006 3 3130 1135 3 3131 1135 3 3132 1136 3 3133 1137 3 3134 1005 3 3135 1138 3 3136 1139 3 3137 1139 3 3138 1140 3 3139 1005 3 3140 1006 3 3141 1005 3 3142 1140 3 3143 1140 3 3144 1135 3 3145 1006 3 3146 1144 5 3147 1141 5 3148 1142 5 3149 1142 5 3150 1143 5 3151 1144 5 3152 1112 189 3153 1144 189 3154 1143 189 3155 1143 190 3156 1145 190 3157 1112 190 3158 1109 5 3159 1112 5 3160 1145 5 3161 1145 5 3162 1146 5 3163 1109 5 3164 1150 3 3165 1147 3 3166 1148 3 3167 1148 3 3168 1149 3 3169 1150 3 3170 1152 3 3171 1150 3 3172 1149 3 3173 1149 3 3174 1151 3 3175 1152 3 3176 1154 3 3177 1152 3 3178 1151 3 3179 1151 3 3180 1153 3 3181 1154 3 3182 1141 5 3183 1155 5 3184 1156 5 3185 1156 5 3186 1142 5 3187 1141 5 3188 1113 5 3189 1109 5 3190 1146 5 3191 1146 5 3192 1157 5 3193 1113 5 3194 1155 5 3195 1113 5 3196 1157 5 3197 1157 5 3198 1156 5 3199 1155 5 3200 1147 3 3201 1158 3 3202 1159 3 3203 1159 3 3204 1148 3 3205 1147 3 3206 1161 3 3207 1154 3 3208 1153 3 3209 1153 3 3210 1160 3 3211 1161 3 3212 1158 3 3213 1161 3 3214 1160 3 3215 1160 3 3216 1159 3 3217 1158 3 3218 1155 5 3219 1162 5 3220 1163 5 3221 1163 5 3222 1164 5 3223 1155 5 3224 1113 191 3225 1155 191 3226 1164 191 3227 1164 20 3228 1165 20 3229 1113 20 3230 1115 5 3231 1113 5 3232 1165 5 3233 1165 5 3234 1166 5 3235 1115 5 3236 1158 3 3237 1167 3 3238 1168 3 3239 1168 3 3240 1169 3 3241 1158 3 3242 1161 3 3243 1158 3 3244 1169 3 3245 1169 3 3246 1170 3 3247 1161 3 3248 1172 3 3249 1161 3 3250 1170 3 3251 1170 3 3252 1171 3 3253 1172 3 3254 1162 5 3255 1173 5 3256 1174 5 3257 1174 5 3258 1163 5 3259 1162 5 3260 1117 5 3261 1115 5 3262 1166 5 3263 1166 5 3264 1175 5 3265 1117 5 3266 1173 5 3267 1117 5 3268 1175 5 3269 1175 5 3270 1174 5 3271 1173 5 3272 1167 3 3273 1176 3 3274 1177 3 3275 1177 3 3276 1168 3 3277 1167 3 3278 1179 3 3279 1172 3 3280 1171 3 3281 1171 3 3282 1178 3 3283 1179 3 3284 1176 3 3285 1179 3 3286 1178 3 3287 1178 3 3288 1177 3 3289 1176 3 3290 1173 5 3291 1180 5 3292 1181 5 3293 1181 5 3294 1182 5 3295 1173 5 3296 1117 191 3297 1173 191 3298 1182 191 3299 1182 20 3300 1183 20 3301 1117 20 3302 1119 5 3303 1117 5 3304 1183 5 3305 1183 5 3306 1184 5 3307 1119 5 3308 1180 5 3309 1119 5 3310 1184 5 3311 1184 5 3312 1181 5 3313 1180 5 3314 1176 3 3315 1185 3 3316 1186 3 3317 1186 3 3318 1187 3 3319 1176 3 3320 1179 3 3321 1176 3 3322 1187 3 3323 1187 3 3324 1188 3 3325 1179 3 3326 1190 3 3327 1179 3 3328 1188 3 3329 1188 3 3330 1189 3 3331 1190 3 3332 1185 3 3333 1190 3 3334 1189 3 3335 1189 3 3336 1186 3 3337 1185 3 3338 1180 5 3339 1132 5 3340 1131 5 3341 1131 5 3342 1191 5 3343 1180 5 3344 1119 191 3345 1180 191 3346 1191 191 3347 1191 20 3348 1192 20 3349 1119 20 3350 1121 5 3351 1119 5 3352 1192 5 3353 1192 5 3354 1133 5 3355 1121 5 3356 1185 3 3357 1137 3 3358 1136 3 3359 1136 3 3360 1193 3 3361 1185 3 3362 1190 3 3363 1185 3 3364 1193 3 3365 1193 3 3366 1194 3 3367 1190 3 3368 1138 3 3369 1190 3 3370 1194 3 3371 1194 3 3372 1139 3 3373 1138 3 3374 1101 5 3375 1022 5 3376 1195 5 3377 1195 5 3378 1196 5 3379 1101 5 3380 1129 5 3381 1132 5 3382 1197 5 3383 1197 5 3384 1198 5 3385 1129 5 3386 1022 192 3387 1129 192 3388 1198 192 3389 1198 20 3390 1195 20 3391 1022 20 3392 1091 5 3393 1101 5 3394 1196 5 3395 1196 5 3396 1199 5 3397 1091 5 3398 1180 193 3399 1091 193 3400 1199 193 3401 1199 194 3402 1200 194 3403 1180 194 3404 1132 5 3405 1180 5 3406 1200 5 3407 1200 5 3408 1197 5 3409 1132 5 3410 1081 5 3411 1091 5 3412 1201 5 3413 1201 5 3414 1202 5 3415 1081 5 3416 1173 193 3417 1081 193 3418 1202 193 3419 1202 195 3420 1203 195 3421 1173 195 3422 1180 5 3423 1173 5 3424 1203 5 3425 1203 5 3426 1204 5 3427 1180 5 3428 1091 196 3429 1180 196 3430 1204 196 3431 1204 22 3432 1201 22 3433 1091 22 3434 1071 5 3435 1081 5 3436 1205 5 3437 1205 5 3438 1206 5 3439 1071 5 3440 1173 5 3441 1162 5 3442 1207 5 3443 1207 5 3444 1208 5 3445 1173 5 3446 1081 196 3447 1173 196 3448 1208 196 3449 1208 22 3450 1205 22 3451 1081 22 3452 1061 5 3453 1071 5 3454 1206 5 3455 1206 5 3456 1209 5 3457 1061 5 3458 1155 193 3459 1061 193 3460 1209 193 3461 1209 195 3462 1210 195 3463 1155 195 3464 1162 5 3465 1155 5 3466 1210 5 3467 1210 5 3468 1207 5 3469 1162 5 3470 1053 5 3471 1061 5 3472 1211 5 3473 1211 5 3474 1212 5 3475 1053 5 3476 1155 5 3477 1141 5 3478 1213 5 3479 1213 5 3480 1214 5 3481 1155 5 3482 1061 196 3483 1155 196 3484 1214 196 3485 1214 22 3486 1211 22 3487 1061 22 3488 1216 197 3489 1053 197 3490 1212 197 3491 1212 5 3492 1215 5 3493 1216 5 3494 1144 198 3495 1216 198 3496 1215 198 3497 1215 195 3498 1217 195 3499 1144 195 3500 1141 5 3501 1144 5 3502 1217 5 3503 1217 5 3504 1213 5 3505 1141 5 3506 1152 3 3507 1154 3 3508 1218 3 3509 1218 3 3510 1219 3 3511 1152 3 3512 1221 3 3513 1152 3 3514 1219 3 3515 1219 3 3516 1220 3 3517 1221 3 3518 1059 3 3519 1221 3 3520 1220 3 3521 1220 3 3522 1222 3 3523 1059 3 3524 1154 3 3525 1161 3 3526 1223 3 3527 1223 3 3528 1218 3 3529 1154 3 3530 1069 3 3531 1059 3 3532 1222 3 3533 1222 3 3534 1224 3 3535 1069 3 3536 1161 3 3537 1069 3 3538 1224 3 3539 1224 3 3540 1223 3 3541 1161 3 3542 1161 3 3543 1172 3 3544 1225 3 3545 1225 3 3546 1226 3 3547 1161 3 3548 1069 3 3549 1161 3 3550 1226 3 3551 1226 3 3552 1227 3 3553 1069 3 3554 1079 3 3555 1069 3 3556 1227 3 3557 1227 3 3558 1228 3 3559 1079 3 3560 1172 3 3561 1179 3 3562 1229 3 3563 1229 3 3564 1225 3 3565 1172 3 3566 1089 3 3567 1079 3 3568 1228 3 3569 1228 3 3570 1230 3 3571 1089 3 3572 1179 3 3573 1089 3 3574 1230 3 3575 1230 3 3576 1229 3 3577 1179 3 3578 1179 3 3579 1190 3 3580 1231 3 3581 1231 3 3582 1232 3 3583 1179 3 3584 1089 3 3585 1179 3 3586 1232 3 3587 1232 3 3588 1233 3 3589 1089 3 3590 1099 3 3591 1089 3 3592 1233 3 3593 1233 3 3594 1234 3 3595 1099 3 3596 1190 3 3597 1099 3 3598 1234 3 3599 1234 3 3600 1231 3 3601 1190 3 3602 1190 3 3603 1138 3 3604 1235 3 3605 1235 3 3606 1236 3 3607 1190 3 3608 1099 3 3609 1190 3 3610 1236 3 3611 1236 3 3612 1237 3 3613 1099 3 3614 1107 3 3615 1099 3 3616 1237 3 3617 1237 3 3618 1238 3 3619 1107 3 3620 1138 3 3621 1005 3 3622 1239 3 3623 1239 3 3624 1235 3 3625 1138 3 3626 1018 3 3627 1107 3 3628 1238 3 3629 1238 3 3630 1240 3 3631 1018 3 3632 1005 3 3633 1018 3 3634 1240 3 3635 1240 3 3636 1239 3 3637 1005 3 3638 1242 5 3639 1022 5 3640 1101 5 3641 1101 5 3642 1241 5 3643 1242 5 3644 1048 199 3645 1019 199 3646 1022 199 3647 1022 200 3648 1242 200 3649 1048 200 3650 1241 5 3651 1101 5 3652 1027 5 3653 1027 5 3654 1049 5 3655 1241 5 3656 1243 201 3657 1107 201 3658 1018 201 3659 1018 202 3660 1052 202 3661 1243 202 3662 1050 3 3663 1028 3 3664 1107 3 3665 1107 3 3666 1243 3 3667 1050 3 3668 1054 203 3669 1053 203 3670 1216 203 3671 1216 5 3672 1244 5 3673 1054 5 3674 1245 13 3675 1221 13 3676 1059 13 3677 1059 204 3678 1058 204 3679 1245 204 3680 1221 205 3681 1245 205 3682 1246 205 3683 1246 3 3684 1247 3 3685 1221 3 3686 1062 5 3687 1061 5 3688 1053 5 3689 1053 5 3690 1248 5 3691 1062 5 3692 1248 5 3693 1053 5 3694 1032 5 3695 1032 5 3696 1065 5 3697 1248 5 3698 1249 13 3699 1059 13 3700 1069 13 3701 1069 12 3702 1068 12 3703 1249 12 3704 1070 3 3705 1039 3 3706 1059 3 3707 1059 3 3708 1249 3 3709 1070 3 3710 1072 5 3711 1071 5 3712 1061 5 3713 1061 5 3714 1250 5 3715 1072 5 3716 1250 5 3717 1061 5 3718 1064 5 3719 1064 5 3720 1075 5 3721 1250 5 3722 1251 206 3723 1069 206 3724 1079 206 3725 1079 204 3726 1078 204 3727 1251 204 3728 1080 3 3729 1066 3 3730 1069 3 3731 1069 3 3732 1251 3 3733 1080 3 3734 1082 5 3735 1081 5 3736 1071 5 3737 1071 5 3738 1252 5 3739 1082 5 3740 1252 5 3741 1071 5 3742 1074 5 3743 1074 5 3744 1085 5 3745 1252 5 3746 1253 201 3747 1079 201 3748 1089 201 3749 1089 207 3750 1088 207 3751 1253 207 3752 1090 3 3753 1076 3 3754 1079 3 3755 1079 3 3756 1253 3 3757 1090 3 3758 1092 5 3759 1091 5 3760 1081 5 3761 1081 5 3762 1254 5 3763 1092 5 3764 1254 5 3765 1081 5 3766 1084 5 3767 1084 5 3768 1095 5 3769 1254 5 3770 1255 201 3771 1089 201 3772 1099 201 3773 1099 208 3774 1098 208 3775 1255 208 3776 1100 3 3777 1086 3 3778 1089 3 3779 1089 3 3780 1255 3 3781 1100 3 3782 1102 5 3783 1101 5 3784 1091 5 3785 1091 5 3786 1256 5 3787 1102 5 3788 1256 5 3789 1091 5 3790 1094 5 3791 1094 5 3792 1104 5 3793 1256 5 3794 1257 209 3795 1099 209 3796 1107 209 3797 1107 210 3798 1106 210 3799 1257 210 3800 1108 3 3801 1096 3 3802 1099 3 3803 1099 3 3804 1257 3 3805 1108 3 3806 1261 4 3807 1258 4 3808 1259 4 3809 1259 4 3810 1260 4 3811 1261 4 3812 1265 0 3813 1262 0 3814 1263 0 3815 1263 0 3816 1264 0 3817 1265 0 3818 1269 59 3819 1266 59 3820 1267 59 3821 1267 59 3822 1268 59 3823 1269 59 3824 1273 0 3825 1270 0 3826 1271 0 3827 1271 0 3828 1272 0 3829 1273 0 3830 1277 60 3831 1274 60 3832 1275 60 3833 1275 211 3834 1276 211 3835 1277 211 3836 1281 59 3837 1278 59 3838 1279 59 3839 1279 59 3840 1280 59 3841 1281 59 3842 1285 4 3843 1282 4 3844 1283 4 3845 1283 4 3846 1284 4 3847 1285 4 3848 1287 0 3849 1286 0 3850 1270 0 3851 1270 0 3852 1273 0 3853 1287 0 3854 1280 59 3855 1279 59 3856 1288 59 3857 1288 59 3858 1289 59 3859 1280 59 3860 1293 0 3861 1290 0 3862 1291 0 3863 1291 0 3864 1292 0 3865 1293 0 3866 1297 60 3867 1294 60 3868 1295 60 3869 1295 60 3870 1296 60 3871 1297 60 3872 1301 59 3873 1298 59 3874 1299 59 3875 1299 59 3876 1300 59 3877 1301 59 3878 1305 4 3879 1302 4 3880 1303 4 3881 1303 4 3882 1304 4 3883 1305 4 3884 1307 0 3885 1306 0 3886 1290 0 3887 1290 0 3888 1293 0 3889 1307 0 3890 1300 59 3891 1299 59 3892 1308 59 3893 1308 59 3894 1309 59 3895 1300 59 3896 1313 4 3897 1310 4 3898 1311 4 3899 1311 4 3900 1312 4 3901 1313 4 3902 1317 0 3903 1314 0 3904 1315 0 3905 1315 0 3906 1316 0 3907 1317 0 3908 1321 60 3909 1318 60 3910 1319 60 3911 1319 60 3912 1320 60 3913 1321 60 3914 1325 59 3915 1322 59 3916 1323 59 3917 1323 59 3918 1324 59 3919 1325 59 3920 1264 0 3921 1263 0 3922 1326 0 3923 1326 0 3924 1327 0 3925 1264 0 3926 1331 60 3927 1328 60 3928 1329 60 3929 1329 60 3930 1330 60 3931 1331 60 3932 1333 59 3933 1332 59 3934 1266 59 3935 1266 59 3936 1269 59 3937 1333 59 3938 1337 59 3939 1334 59 3940 1335 59 3941 1335 59 3942 1336 59 3943 1337 59 3944 1341 0 3945 1338 0 3946 1339 0 3947 1339 0 3948 1340 0 3949 1341 0 3950 1345 4 3951 1342 4 3952 1343 4 3953 1343 4 3954 1344 4 3955 1345 4 3956 1347 59 3957 1337 59 3958 1336 59 3959 1336 59 3960 1346 59 3961 1347 59 3962 1351 212 3963 1348 212 3964 1349 212 3965 1349 212 3966 1350 212 3967 1351 212 3968 1355 59 3969 1352 59 3970 1353 59 3971 1353 59 3972 1354 59 3973 1355 59 3974 1359 0 3975 1356 0 3976 1357 0 3977 1357 0 3978 1358 0 3979 1359 0 3980 1363 4 3981 1360 4 3982 1361 4 3983 1361 4 3984 1362 4 3985 1363 4 3986 1367 59 3987 1364 59 3988 1365 59 3989 1365 59 3990 1366 59 3991 1367 59 3992 1371 0 3993 1368 0 3994 1369 0 3995 1369 0 3996 1370 0 3997 1371 0 3998 1375 4 3999 1372 4 4000 1373 4 4001 1373 4 4002 1374 4 4003 1375 4 4004 1377 59 4005 1367 59 4006 1366 59 4007 1366 59 4008 1376 59 4009 1377 59 4010 1368 0 4011 1378 0 4012 1379 0 4013 1379 0 4014 1369 0 4015 1368 0 4016 1383 59 4017 1380 59 4018 1381 59 4019 1381 59 4020 1382 59 4021 1383 59 4022 1387 0 4023 1384 0 4024 1385 0 4025 1385 0 4026 1386 0 4027 1387 0 4028 1391 4 4029 1388 4 4030 1389 4 4031 1389 4 4032 1390 4 4033 1391 4 4034 1393 59 4035 1383 59 4036 1382 59 4037 1382 59 4038 1392 59 4039 1393 59 4040 1384 0 4041 1394 0 4042 1395 0 4043 1395 0 4044 1385 0 4045 1384 0 4046 1399 60 4047 1396 60 4048 1397 60 4049 1397 60 4050 1398 60 4051 1399 60 4052 1403 60 4053 1400 60 4054 1401 60 4055 1401 60 4056 1402 60 4057 1403 60 4058 1407 60 4059 1404 60 4060 1405 60 4061 1405 60 4062 1406 60 4063 1407 60 4064 1411 60 4065 1408 60 4066 1409 60 4067 1409 60 4068 1410 60 4069 1411 60 4070 1415 59 4071 1412 59 4072 1413 59 4073 1413 59 4074 1414 59 4075 1415 59 4076 1419 0 4077 1416 0 4078 1417 0 4079 1417 0 4080 1418 0 4081 1419 0 4082 1423 60 4083 1420 60 4084 1421 60 4085 1421 60 4086 1422 60 4087 1423 60 4088 1427 4 4089 1424 4 4090 1425 4 4091 1425 4 4092 1426 4 4093 1427 4 4094 1431 4 4095 1428 4 4096 1429 4 4097 1429 4 4098 1430 4 4099 1431 4 4100 1435 59 4101 1432 59 4102 1433 59 4103 1433 59 4104 1434 59 4105 1435 59 4106 1439 0 4107 1436 0 4108 1437 0 4109 1437 0 4110 1438 0 4111 1439 0 4112 1443 60 4113 1440 60 4114 1441 60 4115 1441 213 4116 1442 213 4117 1443 213 4118 1447 4 4119 1444 4 4120 1445 4 4121 1445 4 4122 1446 4 4123 1447 4 4124 1451 59 4125 1448 59 4126 1449 59 4127 1449 59 4128 1450 59 4129 1451 59 4130 1455 0 4131 1452 0 4132 1453 0 4133 1453 0 4134 1454 0 4135 1455 0 4136 1459 60 4137 1456 60 4138 1457 60 4139 1457 60 4140 1458 60 4141 1459 60 4142 1463 4 4143 1460 4 4144 1461 4 4145 1461 4 4146 1462 4 4147 1463 4 4148 1467 59 4149 1464 59 4150 1465 59 4151 1465 59 4152 1466 59 4153 1467 59 4154 1471 0 4155 1468 0 4156 1469 0 4157 1469 0 4158 1470 0 4159 1471 0 4160 1475 60 4161 1472 60 4162 1473 60 4163 1473 60 4164 1474 60 4165 1475 60 4166 1479 4 4167 1476 4 4168 1477 4 4169 1477 4 4170 1478 4 4171 1479 4 4172 1483 59 4173 1480 59 4174 1481 59 4175 1481 59 4176 1482 59 4177 1483 59 4178 1487 0 4179 1484 0 4180 1485 0 4181 1485 0 4182 1486 0 4183 1487 0 4184 1491 60 4185 1488 60 4186 1489 60 4187 1489 60 4188 1490 60 4189 1491 60 4190 1495 4 4191 1492 4 4192 1493 4 4193 1493 4 4194 1494 4 4195 1495 4 4196 1499 59 4197 1496 59 4198 1497 59 4199 1497 59 4200 1498 59 4201 1499 59 4202 1503 0 4203 1500 0 4204 1501 0 4205 1501 0 4206 1502 0 4207 1503 0 4208 1507 60 4209 1504 60 4210 1505 60 4211 1505 60 4212 1506 60 4213 1507 60 4214 1511 4 4215 1508 4 4216 1509 4 4217 1509 4 4218 1510 4 4219 1511 4 4220 1515 59 4221 1512 59 4222 1513 59 4223 1513 59 4224 1514 59 4225 1515 59 4226 1519 0 4227 1516 0 4228 1517 0 4229 1517 0 4230 1518 0 4231 1519 0 4232 1523 60 4233 1520 60 4234 1521 60 4235 1521 60 4236 1522 60 4237 1523 60 4238 1001 59 4239 1000 59 4240 1524 59 4241 1524 59 4242 1525 59 4243 1001 59 4244 1009 3 4245 1008 3 4246 1526 3 4247 1526 3 4248 1527 3 4249 1009 3 4250 1008 3 4251 1528 3 4252 1529 3 4253 1529 3 4254 1526 3 4255 1008 3 4256 551 3 4257 1530 3 4258 1025 3 4259 1025 3 4260 36 3 4261 551 3 4262 1526 3 4263 1531 3 4264 1527 3 4265 1526 3 4266 1529 3 4267 1532 3 4268 1532 3 4269 1531 3 4270 1526 3 4271 551 3 4272 554 3 4273 1533 3 4274 1533 3 4275 1530 3 4276 551 3 4277 1535 4 4278 1534 4 4279 1011 4 4280 1011 4 4281 1014 4 4282 1535 4 4283 1537 4 4284 1536 4 4285 1534 4 4286 1534 4 4287 1535 4 4288 1537 4 4289 1013 4 4290 1012 4 4291 1538 4 4292 1538 4 4293 1539 4 4294 1013 4 4295 1543 5 4296 1540 5 4297 1541 5 4298 1541 5 4299 1542 5 4300 1543 5 4301 1547 3 4302 1544 3 4303 1545 3 4304 1545 3 4305 1546 3 4306 1547 3 4307 1549 5 4308 1543 5 4309 1542 5 4310 1542 5 4311 1548 5 4312 1549 5 4313 1544 3 4314 1550 3 4315 1551 3 4316 1551 3 4317 1545 3 4318 1544 3 4319 1553 5 4320 1549 5 4321 1548 5 4322 1548 214 4323 1552 214 4324 1553 214 4325 1555 5 4326 1553 5 4327 1552 5 4328 1552 5 4329 1554 5 4330 1555 5 4331 1555 5 4332 1554 5 4333 1556 5 4334 1556 5 4335 1557 5 4336 1555 5 4337 1529 3 4338 1528 3 4339 1558 3 4340 1558 3 4341 1559 3 4342 1529 3 4343 1550 3 4344 1529 3 4345 1559 3 4346 1559 3 4347 1551 3 4348 1550 3 4349 1561 3 4350 1558 3 4351 1528 3 4352 1528 3 4353 1560 3 4354 1561 3 4355 1530 3 4356 1547 3 4357 1546 3 4358 1546 215 4359 1562 215 4360 1530 215 4361 1025 3 4362 1530 3 4363 1562 3 4364 1562 3 4365 1563 3 4366 1025 3 4367 1540 216 4368 1564 216 4369 1565 216 4370 1565 5 4371 1541 5 4372 1540 5 4373 1564 217 4374 1566 217 4375 1567 217 4376 1567 5 4377 1565 5 4378 1564 5 4379 1543 5 4380 1568 5 4381 1569 5 4382 1569 5 4383 1570 5 4384 1543 5 4385 1540 218 4386 1543 218 4387 1570 218 4388 1570 219 4389 1571 219 4390 1540 219 4391 1573 5 4392 1540 5 4393 1571 5 4394 1571 5 4395 1572 5 4396 1573 5 4397 1568 220 4398 1573 220 4399 1572 220 4400 1572 221 4401 1569 221 4402 1568 221 4403 1547 3 4404 1574 3 4405 1575 3 4406 1575 3 4407 1576 3 4408 1547 3 4409 1544 222 4410 1547 222 4411 1576 222 4412 1576 3 4413 1577 3 4414 1544 3 4415 1579 3 4416 1544 3 4417 1577 3 4418 1577 3 4419 1578 3 4420 1579 3 4421 1574 70 4422 1579 70 4423 1578 70 4424 1578 223 4425 1575 223 4426 1574 223 4427 1549 5 4428 1580 5 4429 1581 5 4430 1581 5 4431 1582 5 4432 1549 5 4433 1543 224 4434 1549 224 4435 1582 224 4436 1582 225 4437 1583 225 4438 1543 225 4439 1568 5 4440 1543 5 4441 1583 5 4442 1583 5 4443 1584 5 4444 1568 5 4445 1580 226 4446 1568 226 4447 1584 226 4448 1584 227 4449 1581 227 4450 1580 227 4451 1544 3 4452 1579 3 4453 1585 3 4454 1585 3 4455 1586 3 4456 1544 3 4457 1550 3 4458 1544 3 4459 1586 3 4460 1586 3 4461 1587 3 4462 1550 3 4463 1589 3 4464 1550 3 4465 1587 3 4466 1587 3 4467 1588 3 4468 1589 3 4469 1579 3 4470 1589 3 4471 1588 3 4472 1588 3 4473 1585 3 4474 1579 3 4475 1553 5 4476 1590 5 4477 1591 5 4478 1591 5 4479 1592 5 4480 1553 5 4481 1549 228 4482 1553 228 4483 1592 228 4484 1592 229 4485 1593 229 4486 1549 229 4487 1580 5 4488 1549 5 4489 1593 5 4490 1593 5 4491 1594 5 4492 1580 5 4493 1590 230 4494 1580 230 4495 1594 230 4496 1594 231 4497 1591 231 4498 1590 231 4499 1550 3 4500 1589 3 4501 1595 3 4502 1595 3 4503 1596 3 4504 1550 3 4505 1529 232 4506 1550 232 4507 1596 232 4508 1596 3 4509 1597 3 4510 1529 3 4511 1532 3 4512 1529 3 4513 1597 3 4514 1597 3 4515 1598 3 4516 1532 3 4517 1589 3 4518 1532 3 4519 1598 3 4520 1598 233 4521 1595 233 4522 1589 233 4523 1547 234 4524 1530 234 4525 1599 234 4526 1599 235 4527 1600 235 4528 1547 235 4529 1574 3 4530 1547 3 4531 1600 3 4532 1600 3 4533 1601 3 4534 1574 3 4535 1533 236 4536 1574 236 4537 1601 236 4538 1601 237 4539 1602 237 4540 1533 237 4541 1530 3 4542 1533 3 4543 1602 3 4544 1602 3 4545 1599 3 4546 1530 3 4547 1540 5 4548 1573 5 4549 1603 5 4550 1603 5 4551 1604 5 4552 1540 5 4553 1564 238 4554 1540 238 4555 1604 238 4556 1604 239 4557 1605 239 4558 1564 239 4559 1607 5 4560 1564 5 4561 1605 5 4562 1605 5 4563 1606 5 4564 1607 5 4565 1573 240 4566 1607 240 4567 1606 240 4568 1606 241 4569 1603 241 4570 1573 241 4571 50 5 4572 630 5 4573 1608 5 4574 1608 5 4575 1609 5 4576 50 5 4577 1032 242 4578 50 242 4579 1609 242 4580 1609 77 4581 1610 77 4582 1032 77 4583 1064 5 4584 1032 5 4585 1610 5 4586 1610 5 4587 1611 5 4588 1064 5 4589 630 5 4590 1064 5 4591 1611 5 4592 1611 243 4593 1608 243 4594 630 243 4595 59 3 4596 1039 3 4597 1612 3 4598 1612 3 4599 1613 3 4600 59 3 4601 637 3 4602 59 3 4603 1613 3 4604 1613 3 4605 1614 3 4606 637 3 4607 1066 79 4608 637 79 4609 1614 79 4610 1614 80 4611 1615 80 4612 1066 80 4613 1039 3 4614 1066 3 4615 1615 3 4616 1615 3 4617 1612 3 4618 1039 3 4619 630 5 4620 640 5 4621 1616 5 4622 1616 5 4623 1617 5 4624 630 5 4625 1064 244 4626 630 244 4627 1617 244 4628 1617 82 4629 1618 82 4630 1064 82 4631 1074 5 4632 1064 5 4633 1618 5 4634 1618 5 4635 1619 5 4636 1074 5 4637 640 5 4638 1074 5 4639 1619 5 4640 1619 245 4641 1616 245 4642 640 245 4643 637 3 4644 1066 3 4645 1620 3 4646 1620 3 4647 1621 3 4648 637 3 4649 647 3 4650 637 3 4651 1621 3 4652 1621 3 4653 1622 3 4654 647 3 4655 1076 84 4656 647 84 4657 1622 84 4658 1622 85 4659 1623 85 4660 1076 85 4661 1066 3 4662 1076 3 4663 1623 3 4664 1623 3 4665 1620 3 4666 1066 3 4667 640 5 4668 650 5 4669 1624 5 4670 1624 5 4671 1625 5 4672 640 5 4673 1074 246 4674 640 246 4675 1625 246 4676 1625 87 4677 1626 87 4678 1074 87 4679 1084 5 4680 1074 5 4681 1626 5 4682 1626 5 4683 1627 5 4684 1084 5 4685 650 5 4686 1084 5 4687 1627 5 4688 1627 243 4689 1624 243 4690 650 243 4691 647 3 4692 1076 3 4693 1628 3 4694 1628 3 4695 1629 3 4696 647 3 4697 657 3 4698 647 3 4699 1629 3 4700 1629 3 4701 1630 3 4702 657 3 4703 1086 79 4704 657 79 4705 1630 79 4706 1630 80 4707 1631 80 4708 1086 80 4709 1076 3 4710 1086 3 4711 1631 3 4712 1631 3 4713 1628 3 4714 1076 3 4715 650 5 4716 660 5 4717 1632 5 4718 1632 5 4719 1633 5 4720 650 5 4721 1084 244 4722 650 244 4723 1633 244 4724 1633 82 4725 1634 82 4726 1084 82 4727 1094 5 4728 1084 5 4729 1634 5 4730 1634 5 4731 1635 5 4732 1094 5 4733 660 5 4734 1094 5 4735 1635 5 4736 1635 247 4737 1632 247 4738 660 247 4739 657 3 4740 1086 3 4741 1636 3 4742 1636 3 4743 1637 3 4744 657 3 4745 667 3 4746 657 3 4747 1637 3 4748 1637 3 4749 1638 3 4750 667 3 4751 1096 89 4752 667 89 4753 1638 89 4754 1638 90 4755 1639 90 4756 1096 90 4757 1086 3 4758 1096 3 4759 1639 3 4760 1639 3 4761 1636 3 4762 1086 3 4763 660 5 4764 43 5 4765 1640 5 4766 1640 5 4767 1641 5 4768 660 5 4769 1094 244 4770 660 244 4771 1641 244 4772 1641 82 4773 1642 82 4774 1094 82 4775 1027 5 4776 1094 5 4777 1642 5 4778 1642 5 4779 1643 5 4780 1027 5 4781 43 5 4782 1027 5 4783 1643 5 4784 1643 245 4785 1640 245 4786 43 245 4787 667 3 4788 1096 3 4789 1644 3 4790 1644 3 4791 1645 3 4792 667 3 4793 46 3 4794 667 3 4795 1645 3 4796 1645 3 4797 1646 3 4798 46 3 4799 1028 84 4800 46 84 4801 1646 84 4802 1646 85 4803 1647 85 4804 1028 85 4805 1096 3 4806 1028 3 4807 1647 3 4808 1647 3 4809 1644 3 4810 1096 3 4811 1651 4 4812 1648 4 4813 1649 4 4814 1649 4 4815 1650 4 4816 1651 4 4817 1655 60 4818 1652 60 4819 1653 60 4820 1653 60 4821 1654 60 4822 1655 60 4823 1659 59 4824 1656 59 4825 1657 59 4826 1657 59 4827 1658 59 4828 1659 59 4829 1663 0 4830 1660 0 4831 1661 0 4832 1661 0 4833 1662 0 4834 1663 0 4835 1667 4 4836 1664 4 4837 1665 4 4838 1665 4 4839 1666 4 4840 1667 4 4841 1671 60 4842 1668 60 4843 1669 60 4844 1669 60 4845 1670 60 4846 1671 60 4847 1675 59 4848 1672 59 4849 1673 59 4850 1673 59 4851 1674 59 4852 1675 59 4853 1679 0 4854 1676 0 4855 1677 0 4856 1677 0 4857 1678 0 4858 1679 0 4859 1683 4 4860 1680 4 4861 1681 4 4862 1681 4 4863 1682 4 4864 1683 4 4865 1687 60 4866 1684 60 4867 1685 60 4868 1685 60 4869 1686 60 4870 1687 60 4871 1691 59 4872 1688 59 4873 1689 59 4874 1689 59 4875 1690 59 4876 1691 59 4877 1695 0 4878 1692 0 4879 1693 0 4880 1693 0 4881 1694 0 4882 1695 0 4883 1699 4 4884 1696 4 4885 1697 4 4886 1697 4 4887 1698 4 4888 1699 4 4889 1703 60 4890 1700 60 4891 1701 60 4892 1701 60 4893 1702 60 4894 1703 60 4895 1707 59 4896 1704 59 4897 1705 59 4898 1705 59 4899 1706 59 4900 1707 59 4901 1711 0 4902 1708 0 4903 1709 0 4904 1709 0 4905 1710 0 4906 1711 0 4907 1715 4 4908 1712 4 4909 1713 4 4910 1713 4 4911 1714 4 4912 1715 4 4913 1719 60 4914 1716 60 4915 1717 60 4916 1717 60 4917 1718 60 4918 1719 60 4919 1723 59 4920 1720 59 4921 1721 59 4922 1721 59 4923 1722 59 4924 1723 59 4925 1727 0 4926 1724 0 4927 1725 0 4928 1725 0 4929 1726 0 4930 1727 0 4931 1731 91 4932 1728 91 4933 1729 91 4934 1729 92 4935 1730 92 4936 1731 92 4937 1733 93 4938 1732 93 4939 1728 93 4940 1728 91 4941 1731 91 4942 1733 91 4943 1737 248 4944 1734 248 4945 1735 248 4946 1735 0 4947 1736 0 4948 1737 0 4949 1739 96 4950 1738 96 4951 1732 96 4952 1732 97 4953 1733 97 4954 1739 97 4955 1743 249 4956 1740 249 4957 1741 249 4958 1741 59 4959 1742 59 4960 1743 59 4961 1745 99 4962 1744 99 4963 1730 99 4964 1730 100 4965 1729 100 4966 1745 100 4967 1749 101 4968 1746 101 4969 1747 101 4970 1747 250 4971 1748 250 4972 1749 250 4973 1753 103 4974 1750 103 4975 1751 103 4976 1751 103 4977 1752 103 4978 1753 103 4979 1757 60 4980 1754 60 4981 1755 60 4982 1755 60 4983 1756 60 4984 1757 60 4985 1761 251 4986 1758 251 4987 1759 251 4988 1759 252 4989 1760 252 4990 1761 252 4991 1765 0 4992 1762 0 4993 1763 0 4994 1763 0 4995 1764 0 4996 1765 0 4997 1769 103 4998 1766 103 4999 1767 103 5000 1767 103 5001 1768 103 5002 1769 103 5003 1773 253 5004 1770 253 5005 1771 253 5006 1771 59 5007 1772 59 5008 1773 59 5009 1777 60 5010 1774 60 5011 1775 60 5012 1775 60 5013 1776 60 5014 1777 60 5015 1781 0 5016 1778 0 5017 1779 0 5018 1779 0 5019 1780 0 5020 1781 0 5021 1785 109 5022 1782 109 5023 1783 109 5024 1783 254 5025 1784 254 5026 1785 254 5027 1789 255 5028 1786 255 5029 1787 255 5030 1787 256 5031 1788 256 5032 1789 256 5033 1793 60 5034 1790 60 5035 1791 60 5036 1791 60 5037 1792 60 5038 1793 60 5039 1797 257 5040 1794 257 5041 1795 257 5042 1795 0 5043 1796 0 5044 1797 0 5045 1801 103 5046 1798 103 5047 1799 103 5048 1799 103 5049 1800 103 5050 1801 103 5051 1805 258 5052 1802 258 5053 1803 258 5054 1803 0 5055 1804 0 5056 1805 0 5057 1809 60 5058 1806 60 5059 1807 60 5060 1807 60 5061 1808 60 5062 1809 60 5063 1813 59 5064 1810 59 5065 1811 59 5066 1811 259 5067 1812 259 5068 1813 259 5069 1814 60 5070 1815 60 5071 1816 60 5072 1820 260 5073 1817 260 5074 1818 260 5075 1818 261 5076 1819 261 5077 1820 261 5078 1823 3 5079 1006 3 5080 1821 3 5081 1821 3 5082 1822 3 5083 1823 3 5084 1244 5 5085 1216 5 5086 1824 5 5087 1824 5 5088 1825 5 5089 1244 5 5090 1007 3 5091 1826 3 5092 1528 3 5093 1528 3 5094 1008 3 5095 1007 3 5096 37 3 5097 1026 3 5098 1038 3 5099 1038 3 5100 58 3 5101 37 3 5102 1152 3 5103 1221 3 5104 1826 3 5105 1826 3 5106 1007 3 5107 1152 3 5108 1010 3 5109 1150 3 5110 1152 3 5111 1152 3 5112 1007 3 5113 1010 3 5114 1002 59 5115 1827 59 5116 1828 59 5117 1828 59 5118 999 59 5119 1002 59 5120 1247 116 5121 1246 116 5122 1060 116 5123 1060 262 5124 1038 262 5125 1247 262 5126 1443 60 5127 1829 60 5128 1830 60 5129 1830 60 5130 1440 60 5131 1443 60 5132 1825 5 5133 1824 5 5134 1033 5 5135 1033 5 5136 1056 5 5137 1825 5 5138 1557 263 5139 1556 263 5140 1567 263 5141 1567 5 5142 1566 5 5143 1557 5 5144 1749 103 5145 1748 103 5146 1831 103 5147 1831 4 5148 1832 4 5149 1749 4 5150 1561 3 5151 1560 3 5152 1025 3 5153 1025 3 5154 1563 3 5155 1561 3 5156 1835 3 5157 1560 3 5158 1833 3 5159 1833 3 5160 1834 3 5161 1835 3 5162 1826 3 5163 1835 3 5164 1834 3 5165 1834 3 5166 1836 3 5167 1826 3 5168 1528 3 5169 1826 3 5170 1836 3 5171 1836 3 5172 1837 3 5173 1528 3 5174 1560 3 5175 1528 3 5176 1837 3 5177 1837 3 5178 1833 3 5179 1560 3 5180 1841 264 5181 1838 264 5182 1839 264 5183 1839 5 5184 1840 5 5185 1841 5 5186 1557 5 5187 1841 5 5188 1840 5 5189 1840 5 5190 1842 5 5191 1557 5 5192 1555 5 5193 1557 5 5194 1842 5 5195 1842 265 5196 1843 265 5197 1555 265 5198 1838 5 5199 1555 5 5200 1843 5 5201 1843 5 5202 1839 5 5203 1838 5 5204 1826 3 5205 1221 3 5206 1844 3 5207 1844 3 5208 1845 3 5209 1826 3 5210 1835 3 5211 1826 3 5212 1845 3 5213 1845 3 5214 1846 3 5215 1835 3 5216 1247 3 5217 1835 3 5218 1846 3 5219 1846 3 5220 1847 3 5221 1247 3 5222 1221 3 5223 1247 3 5224 1847 3 5225 1847 3 5226 1844 3 5227 1221 3 5228 1841 5 5229 1824 5 5230 1848 5 5231 1848 5 5232 1849 5 5233 1841 5 5234 1838 266 5235 1841 266 5236 1849 266 5237 1849 267 5238 1850 267 5239 1838 267 5240 1216 5 5241 1838 5 5242 1850 5 5243 1850 5 5244 1851 5 5245 1216 5 5246 1824 268 5247 1216 268 5248 1851 268 5249 1851 5 5250 1848 5 5251 1824 5 5252 1835 269 5253 1026 269 5254 1852 269 5255 1852 270 5256 1853 270 5257 1835 270 5258 1560 3 5259 1835 3 5260 1853 3 5261 1853 3 5262 1854 3 5263 1560 3 5264 1025 271 5265 1560 271 5266 1854 271 5267 1854 272 5268 1855 272 5269 1025 272 5270 1026 3 5271 1025 3 5272 1855 3 5273 1855 3 5274 1852 3 5275 1026 3 5276 1835 3 5277 1247 3 5278 1856 3 5279 1856 3 5280 1857 3 5281 1835 3 5282 1026 273 5283 1835 273 5284 1857 273 5285 1857 274 5286 1858 274 5287 1026 274 5288 1038 3 5289 1026 3 5290 1858 3 5291 1858 3 5292 1859 3 5293 1038 3 5294 1247 275 5295 1038 275 5296 1859 275 5297 1859 276 5298 1856 276 5299 1247 276 5300 1862 5 5301 1033 5 5302 1860 5 5303 1860 5 5304 1861 5 5305 1862 5 5306 1841 277 5307 1862 277 5308 1861 277 5309 1861 278 5310 1863 278 5311 1841 278 5312 1824 5 5313 1841 5 5314 1863 5 5315 1863 5 5316 1864 5 5317 1824 5 5318 1033 279 5319 1824 279 5320 1864 279 5321 1864 280 5322 1860 280 5323 1033 280 5324 1841 5 5325 1557 5 5326 1865 5 5327 1865 5 5328 1866 5 5329 1841 5 5330 1862 281 5331 1841 281 5332 1866 281 5333 1866 282 5334 1867 282 5335 1862 282 5336 1566 5 5337 1862 5 5338 1867 5 5339 1867 5 5340 1868 5 5341 1566 5 5342 1557 283 5343 1566 283 5344 1868 283 5345 1868 284 5346 1865 284 5347 1557 284 5348 1872 285 5349 1869 285 5350 1870 285 5351 1870 286 5352 1871 286 5353 1872 286 5354 1876 60 5355 1873 60 5356 1874 60 5357 1874 60 5358 1875 60 5359 1876 60 5360 1880 59 5361 1877 59 5362 1878 59 5363 1878 287 5364 1879 287 5365 1880 287 5366 1884 288 5367 1881 288 5368 1882 288 5369 1882 4 5370 1883 4 5371 1884 4 5372 1888 60 5373 1885 60 5374 1886 60 5375 1886 60 5376 1887 60 5377 1888 60 5378 1892 59 5379 1889 59 5380 1890 59 5381 1890 289 5382 1891 289 5383 1892 289 5384 1896 4 5385 1893 4 5386 1894 4 5387 1894 4 5388 1895 4 5389 1896 4 5390 1900 290 5391 1897 290 5392 1898 290 5393 1898 286 5394 1899 286 5395 1900 286 5396 1904 4 5397 1901 4 5398 1902 4 5399 1902 4 5400 1903 4 5401 1904 4 5402 1908 0 5403 1905 0 5404 1906 0 5405 1906 291 5406 1907 291 5407 1908 291 5408 1912 60 5409 1909 60 5410 1910 60 5411 1910 60 5412 1911 60 5413 1912 60 5414 1916 292 5415 1913 292 5416 1914 292 5417 1914 293 5418 1915 293 5419 1916 293 5420 1920 0 5421 1917 0 5422 1918 0 5423 1918 0 5424 1919 0 5425 1920 0 5426 1924 60 5427 1921 60 5428 1922 60 5429 1922 60 5430 1923 60 5431 1924 60 5432 1928 294 5433 1925 294 5434 1926 294 5435 1926 295 5436 1927 295 5437 1928 295 5438 1932 4 5439 1929 4 5440 1930 4 5441 1930 4 5442 1931 4 5443 1932 4 5444 1533 3 5445 554 3 5446 960 3 5447 960 3 5448 1933 3 5449 1533 3 5450 1937 296 5451 1934 296 5452 1935 296 5453 1935 297 5454 1936 297 5455 1937 297 5456 1010 3 5457 1009 3 5458 1938 3 5459 1938 3 5460 1939 3 5461 1010 3 5462 1943 298 5463 1941 298 5464 1940 298 5465 1940 299 5466 1942 299 5467 1943 299 5468 1531 3 5469 1532 3 5470 1944 3 5471 1944 3 5472 1945 3 5473 1531 3 5474 1009 3 5475 1527 3 5476 1946 3 5477 1946 3 5478 1938 3 5479 1009 3 5480 1150 3 5481 1010 3 5482 1939 3 5483 1939 3 5484 1947 3 5485 1150 3 5486 1951 300 5487 1948 300 5488 1949 300 5489 1949 301 5490 1950 301 5491 1951 301 5492 1955 3 5493 1952 3 5494 1953 3 5495 1953 3 5496 1954 3 5497 1955 3 5498 1959 302 5499 1956 302 5500 1957 302 5501 1957 303 5502 1958 303 5503 1959 303 5504 1961 4 5505 1960 4 5506 1127 4 5507 1127 4 5508 1125 4 5509 1961 4 5510 1525 304 5511 1524 304 5512 1963 304 5513 1963 59 5514 1962 59 5515 1525 59 5516 1952 3 5517 1531 3 5518 1945 3 5519 1945 3 5520 1953 3 5521 1952 3 5522 1955 3 5523 1954 3 5524 1946 3 5525 1946 3 5526 1527 3 5527 1955 3 5528 1527 3 5529 1531 3 5530 1952 3 5531 1952 3 5532 1955 3 5533 1527 3 5534 1967 59 5535 1964 59 5536 1965 59 5537 1965 305 5538 1966 305 5539 1967 305 5540 996 59 5541 995 59 5542 1968 59 5543 1968 59 5544 1969 59 5545 996 59 5546 1973 59 5547 1970 59 5548 1971 59 5549 1971 306 5550 1972 306 5551 1973 306 5552 1004 3 5553 1003 3 5554 1974 3 5555 1974 3 5556 1975 3 5557 1004 3 5558 1979 3 5559 1976 3 5560 1977 3 5561 1977 3 5562 1978 3 5563 1979 3 5564 1983 60 5565 1980 60 5566 1981 60 5567 1981 60 5568 1982 60 5569 1983 60 5570 1016 3 5571 1015 3 5572 1984 3 5573 1984 3 5574 1985 3 5575 1016 3 5576 1020 5 5577 1986 5 5578 1987 5 5579 1987 5 5580 1021 5 5581 1020 5 5582 1991 60 5583 1988 60 5584 1989 60 5585 1989 60 5586 1990 60 5587 1991 60 5588 1995 3 5589 1992 3 5590 1993 3 5591 1993 3 5592 1994 3 5593 1995 3 5594 41 3 5595 1016 3 5596 1985 3 5597 1985 3 5598 1996 3 5599 41 3 5600 1986 5 5601 1997 5 5602 1998 5 5603 1998 5 5604 1999 5 5605 1986 5 5606 1985 3 5607 2000 3 5608 2001 3 5609 2001 3 5610 1996 3 5611 1985 3 5612 2004 3 5613 2002 3 5614 2003 3 5615 2008 5 5616 2005 5 5617 2006 5 5618 2006 307 5619 2007 307 5620 2008 307 5621 2012 59 5622 2009 59 5623 2010 59 5624 2010 59 5625 2011 59 5626 2012 59 5627 2016 3 5628 2013 3 5629 2014 3 5630 2014 3 5631 2015 3 5632 2016 3 5633 2009 59 5634 2017 59 5635 2018 59 5636 2018 59 5637 2010 59 5638 2009 59 5639 2017 59 5640 2019 59 5641 2020 59 5642 2020 59 5643 2018 59 5644 2017 59 5645 2019 59 5646 2021 59 5647 2022 59 5648 2022 59 5649 2020 59 5650 2019 59 5651 2021 59 5652 2023 59 5653 2024 59 5654 2024 59 5655 2022 59 5656 2021 59 5657 2023 308 5658 1967 308 5659 1966 308 5660 1966 59 5661 2024 59 5662 2023 59 5663 2026 5 5664 1986 5 5665 1999 5 5666 1999 5 5667 2025 5 5668 2026 5 5669 2028 182 5670 2000 182 5671 1985 182 5672 1985 167 5673 2027 167 5674 2028 167 5675 2027 3 5676 1985 3 5677 1984 3 5678 1984 3 5679 2029 3 5680 2027 3 5681 2032 5 5682 2030 5 5683 2008 5 5684 2008 5 5685 2031 5 5686 2032 5 5687 2031 309 5688 2008 309 5689 2007 309 5690 2007 5 5691 2033 5 5692 2031 5 5693 2036 3 5694 2015 3 5695 2034 3 5696 2034 3 5697 2035 3 5698 2036 3 5699 2037 46 5700 2016 46 5701 2015 46 5702 2015 41 5703 2036 41 5704 2037 41 5705 2041 5 5706 2038 5 5707 2039 5 5708 2039 5 5709 2040 5 5710 2041 5 5711 2040 5 5712 2039 5 5713 2008 5 5714 2008 5 5715 2042 5 5716 2040 5 5717 2046 3 5718 2043 3 5719 2044 3 5720 2044 3 5721 2045 3 5722 2046 3 5723 2047 40 5724 2015 40 5725 2043 40 5726 2043 41 5727 2046 41 5728 2047 41 5729 2051 5 5730 2048 5 5731 2049 5 5732 2049 5 5733 2050 5 5734 2051 5 5735 2050 5 5736 2049 5 5737 2039 5 5738 2039 5 5739 2052 5 5740 2050 5 5741 2056 3 5742 2053 3 5743 2054 3 5744 2054 3 5745 2055 3 5746 2056 3 5747 2057 180 5748 2043 180 5749 2053 180 5750 2053 310 5751 2056 310 5752 2057 310 5753 2061 5 5754 2058 5 5755 2059 5 5756 2059 5 5757 2060 5 5758 2061 5 5759 2060 5 5760 2059 5 5761 2049 5 5762 2049 5 5763 2062 5 5764 2060 5 5765 2066 3 5766 2063 3 5767 2064 3 5768 2064 3 5769 2065 3 5770 2066 3 5771 2067 182 5772 2053 182 5773 2063 182 5774 2063 47 5775 2066 47 5776 2067 47 5777 2071 5 5778 2068 5 5779 2069 5 5780 2069 5 5781 2070 5 5782 2071 5 5783 2070 5 5784 2069 5 5785 2059 5 5786 2059 5 5787 2072 5 5788 2070 5 5789 2076 3 5790 2073 3 5791 2074 3 5792 2074 3 5793 2075 3 5794 2076 3 5795 2077 182 5796 2063 182 5797 2073 182 5798 2073 311 5799 2076 311 5800 2077 311 5801 2080 5 5802 2078 5 5803 1999 5 5804 1999 5 5805 2079 5 5806 2080 5 5807 2079 5 5808 1999 5 5809 2069 5 5810 2069 5 5811 2081 5 5812 2079 5 5813 2084 3 5814 2000 3 5815 2082 3 5816 2082 3 5817 2083 3 5818 2084 3 5819 2085 56 5820 2073 56 5821 2000 56 5822 2000 41 5823 2084 41 5824 2085 41 5825 2089 5 5826 2086 5 5827 2087 5 5828 2087 5 5829 2088 5 5830 2089 5 5831 2091 5 5832 2090 5 5833 2086 5 5834 2086 5 5835 2089 5 5836 2091 5 5837 2093 5 5838 2092 5 5839 2090 5 5840 2090 5 5841 2091 5 5842 2093 5 5843 2095 5 5844 2094 5 5845 2092 5 5846 2092 5 5847 2093 5 5848 2095 5 5849 2097 5 5850 2096 5 5851 2094 5 5852 2094 5 5853 2095 5 5854 2097 5 5855 2099 5 5856 2098 5 5857 2096 5 5858 2096 5 5859 2097 5 5860 2099 5 5861 2101 5 5862 2100 5 5863 2098 5 5864 2098 5 5865 2099 5 5866 2101 5 5867 2105 60 5868 2104 60 5869 2102 60 5870 2102 60 5871 2103 60 5872 2105 60 5873 1004 3 5874 1975 3 5875 1984 3 5876 1984 3 5877 1015 3 5878 1004 3 5879 2109 5 5880 2106 5 5881 2107 5 5882 2107 5 5883 2108 5 5884 2109 5 5885 2111 5 5886 2098 5 5887 2100 5 5888 2100 5 5889 2110 5 5890 2111 5 5891 2110 5 5892 2100 5 5893 2106 5 5894 2106 5 5895 2109 5 5896 2110 5 5897 2114 3 5898 1974 3 5899 2112 3 5900 2112 3 5901 2113 3 5902 2114 3 5903 2117 3 5904 2115 3 5905 1975 3 5906 1975 3 5907 2116 3 5908 2117 3 5909 2116 3 5910 1975 3 5911 1974 3 5912 1974 3 5913 2114 3 5914 2116 3 5915 2121 5 5916 2118 5 5917 2119 5 5918 2119 5 5919 2120 5 5920 2121 5 5921 2120 5 5922 2119 5 5923 2087 5 5924 2087 312 5925 2122 312 5926 2120 312 5927 2122 5 5928 2087 5 5929 2086 5 5930 2086 5 5931 2123 5 5932 2122 5 5933 2127 3 5934 2124 3 5935 2125 3 5936 2125 3 5937 2126 3 5938 2127 3 5939 2126 3 5940 2125 3 5941 2128 3 5942 2128 3 5943 2129 3 5944 2126 3 5945 2129 3 5946 2128 3 5947 2130 3 5948 2130 3 5949 2131 3 5950 2129 3 5951 2133 5 5952 2132 5 5953 2118 5 5954 2118 5 5955 2121 5 5956 2133 5 5957 2123 5 5958 2086 5 5959 2090 5 5960 2090 5 5961 2134 5 5962 2123 5 5963 2134 5 5964 2090 5 5965 2132 5 5966 2132 5 5967 2133 5 5968 2134 5 5969 2136 3 5970 2135 3 5971 2124 3 5972 2124 3 5973 2127 3 5974 2136 3 5975 2131 3 5976 2130 3 5977 2137 3 5978 2137 3 5979 2138 3 5980 2131 3 5981 2138 3 5982 2137 3 5983 2135 3 5984 2135 3 5985 2136 3 5986 2138 3 5987 2141 5 5988 2139 5 5989 2132 5 5990 2132 5 5991 2140 5 5992 2141 5 5993 2140 5 5994 2132 5 5995 2090 5 5996 2090 313 5997 2142 313 5998 2140 313 5999 2142 5 6000 2090 5 6001 2092 5 6002 2092 5 6003 2143 5 6004 2142 5 6005 2146 3 6006 2144 3 6007 2135 3 6008 2135 3 6009 2145 3 6010 2146 3 6011 2145 3 6012 2135 3 6013 2137 3 6014 2137 3 6015 2147 3 6016 2145 3 6017 2147 3 6018 2137 3 6019 2148 3 6020 2148 3 6021 2149 3 6022 2147 3 6023 2151 5 6024 2150 5 6025 2139 5 6026 2139 5 6027 2141 5 6028 2151 5 6029 2143 5 6030 2092 5 6031 2094 5 6032 2094 5 6033 2152 5 6034 2143 5 6035 2152 5 6036 2094 5 6037 2150 5 6038 2150 5 6039 2151 5 6040 2152 5 6041 2154 3 6042 2153 3 6043 2144 3 6044 2144 3 6045 2146 3 6046 2154 3 6047 2149 3 6048 2148 3 6049 2155 3 6050 2155 3 6051 2156 3 6052 2149 3 6053 2156 3 6054 2155 3 6055 2153 3 6056 2153 3 6057 2154 3 6058 2156 3 6059 2159 5 6060 2157 5 6061 2150 5 6062 2150 5 6063 2158 5 6064 2159 5 6065 2158 5 6066 2150 5 6067 2094 5 6068 2094 313 6069 2160 313 6070 2158 313 6071 2160 5 6072 2094 5 6073 2096 5 6074 2096 5 6075 2161 5 6076 2160 5 6077 2161 5 6078 2096 5 6079 2157 5 6080 2157 5 6081 2159 5 6082 2161 5 6083 2164 3 6084 2162 3 6085 2153 3 6086 2153 3 6087 2163 3 6088 2164 3 6089 2163 3 6090 2153 3 6091 2155 3 6092 2155 3 6093 2165 3 6094 2163 3 6095 2165 3 6096 2155 3 6097 2166 3 6098 2166 3 6099 2167 3 6100 2165 3 6101 2167 3 6102 2166 3 6103 2162 3 6104 2162 3 6105 2164 3 6106 2167 3 6107 2108 5 6108 2107 5 6109 2157 5 6110 2157 5 6111 2168 5 6112 2108 5 6113 2168 5 6114 2157 5 6115 2096 5 6116 2096 313 6117 2169 313 6118 2168 313 6119 2169 5 6120 2096 5 6121 2098 5 6122 2098 5 6123 2111 5 6124 2169 5 6125 2113 3 6126 2112 3 6127 2162 3 6128 2162 3 6129 2170 3 6130 2113 3 6131 2170 3 6132 2162 3 6133 2166 3 6134 2166 3 6135 2171 3 6136 2170 3 6137 2171 3 6138 2166 3 6139 2115 3 6140 2115 3 6141 2117 3 6142 2171 3 6143 2173 5 6144 1987 5 6145 2078 5 6146 2078 5 6147 2172 5 6148 2173 5 6149 2175 5 6150 2107 5 6151 2106 5 6152 2106 5 6153 2174 5 6154 2175 5 6155 2174 5 6156 2106 5 6157 1987 5 6158 1987 313 6159 2173 313 6160 2174 313 6161 2172 5 6162 2078 5 6163 2068 5 6164 2068 5 6165 2176 5 6166 2172 5 6167 2176 25 6168 2068 25 6169 2157 25 6170 2157 314 6171 2177 314 6172 2176 314 6173 2177 5 6174 2157 5 6175 2107 5 6176 2107 315 6177 2175 315 6178 2177 315 6179 2179 5 6180 2068 5 6181 2058 5 6182 2058 5 6183 2178 5 6184 2179 5 6185 2178 25 6186 2058 25 6187 2150 25 6188 2150 5 6189 2180 5 6190 2178 5 6191 2180 5 6192 2150 5 6193 2157 5 6194 2157 5 6195 2181 5 6196 2180 5 6197 2181 5 6198 2157 5 6199 2068 5 6200 2068 314 6201 2179 314 6202 2181 314 6203 2183 5 6204 2058 5 6205 2048 5 6206 2048 5 6207 2182 5 6208 2183 5 6209 2185 5 6210 2139 5 6211 2150 5 6212 2150 5 6213 2184 5 6214 2185 5 6215 2184 5 6216 2150 5 6217 2058 5 6218 2058 314 6219 2183 314 6220 2184 314 6221 2182 5 6222 2048 5 6223 2038 5 6224 2038 5 6225 2186 5 6226 2182 5 6227 2186 25 6228 2038 25 6229 2132 25 6230 2132 5 6231 2187 5 6232 2186 5 6233 2187 5 6234 2132 5 6235 2139 5 6236 2139 5 6237 2185 5 6238 2187 5 6239 2189 5 6240 2038 5 6241 2030 5 6242 2030 5 6243 2188 5 6244 2189 5 6245 2191 5 6246 2118 5 6247 2132 5 6248 2132 5 6249 2190 5 6250 2191 5 6251 2190 5 6252 2132 5 6253 2038 5 6254 2038 314 6255 2189 314 6256 2190 314 6257 2188 316 6258 2030 316 6259 2192 316 6260 2192 5 6261 2193 5 6262 2188 5 6263 2193 21 6264 2192 21 6265 2119 21 6266 2119 5 6267 2194 5 6268 2193 5 6269 2194 5 6270 2119 5 6271 2118 5 6272 2118 5 6273 2191 5 6274 2194 5 6275 2196 3 6276 2130 3 6277 2128 3 6278 2128 3 6279 2195 3 6280 2196 3 6281 2195 3 6282 2128 3 6283 2197 3 6284 2197 3 6285 2198 3 6286 2195 3 6287 2198 3 6288 2197 3 6289 2034 3 6290 2034 3 6291 2199 3 6292 2198 3 6293 2200 3 6294 2137 3 6295 2130 3 6296 2130 3 6297 2196 3 6298 2200 3 6299 2199 3 6300 2034 3 6301 2044 3 6302 2044 3 6303 2201 3 6304 2199 3 6305 2201 3 6306 2044 3 6307 2137 3 6308 2137 3 6309 2200 3 6310 2201 3 6311 2203 3 6312 2148 3 6313 2137 3 6314 2137 3 6315 2202 3 6316 2203 3 6317 2202 3 6318 2137 3 6319 2044 3 6320 2044 3 6321 2204 3 6322 2202 3 6323 2204 3 6324 2044 3 6325 2054 3 6326 2054 3 6327 2205 3 6328 2204 3 6329 2206 3 6330 2155 3 6331 2148 3 6332 2148 3 6333 2203 3 6334 2206 3 6335 2205 3 6336 2054 3 6337 2064 3 6338 2064 3 6339 2207 3 6340 2205 3 6341 2207 3 6342 2064 3 6343 2155 3 6344 2155 3 6345 2206 3 6346 2207 3 6347 2209 3 6348 2166 3 6349 2155 3 6350 2155 3 6351 2208 3 6352 2209 3 6353 2208 3 6354 2155 3 6355 2064 3 6356 2064 3 6357 2210 3 6358 2208 3 6359 2210 3 6360 2064 3 6361 2074 3 6362 2074 3 6363 2211 3 6364 2210 3 6365 2211 3 6366 2074 3 6367 2166 3 6368 2166 3 6369 2209 3 6370 2211 3 6371 2213 3 6372 2115 3 6373 2166 3 6374 2166 3 6375 2212 3 6376 2213 3 6377 2212 3 6378 2166 3 6379 2074 3 6380 2074 3 6381 2214 3 6382 2212 3 6383 2214 3 6384 2074 3 6385 2082 3 6386 2082 3 6387 2215 3 6388 2214 3 6389 2216 3 6390 1975 3 6391 2115 3 6392 2115 3 6393 2213 3 6394 2216 3 6395 2215 3 6396 2082 3 6397 1984 3 6398 1984 3 6399 2217 3 6400 2215 3 6401 2217 3 6402 1984 3 6403 1975 3 6404 1975 3 6405 2216 3 6406 2217 3 6407 2078 5 6408 1987 5 6409 2218 5 6410 2218 5 6411 2219 5 6412 2078 5 6413 1987 317 6414 1986 317 6415 2026 317 6416 2026 318 6417 2218 318 6418 1987 318 6419 1999 319 6420 2078 319 6421 2219 319 6422 2219 320 6423 2025 320 6424 1999 320 6425 1984 201 6426 2082 201 6427 2220 201 6428 2220 202 6429 2029 202 6430 1984 202 6431 2082 321 6432 2000 321 6433 2028 321 6434 2028 322 6435 2220 322 6436 2082 322 6437 2192 323 6438 2030 323 6439 2032 323 6440 2032 5 6441 2221 5 6442 2192 5 6443 2034 324 6444 2222 324 6445 2223 324 6446 2223 204 6447 2035 204 6448 2034 204 6449 2225 325 6450 2223 325 6451 2222 325 6452 2222 3 6453 2224 3 6454 2225 3 6455 2030 5 6456 2038 5 6457 2041 5 6458 2041 5 6459 2226 5 6460 2030 5 6461 2008 183 6462 2030 183 6463 2226 183 6464 2226 184 6465 2042 184 6466 2008 184 6467 2044 13 6468 2034 13 6469 2227 13 6470 2227 12 6471 2045 12 6472 2044 12 6473 2034 185 6474 2015 185 6475 2047 185 6476 2047 186 6477 2227 186 6478 2034 186 6479 2038 5 6480 2048 5 6481 2051 5 6482 2051 5 6483 2228 5 6484 2038 5 6485 2039 174 6486 2038 174 6487 2228 174 6488 2228 175 6489 2052 175 6490 2039 175 6491 2054 11 6492 2044 11 6493 2229 11 6494 2229 16 6495 2055 16 6496 2054 16 6497 2044 168 6498 2043 168 6499 2057 168 6500 2057 169 6501 2229 169 6502 2044 169 6503 2048 5 6504 2058 5 6505 2061 5 6506 2061 5 6507 2230 5 6508 2048 5 6509 2049 326 6510 2048 326 6511 2230 326 6512 2230 327 6513 2062 327 6514 2049 327 6515 2064 328 6516 2054 328 6517 2231 328 6518 2231 207 6519 2065 207 6520 2064 207 6521 2054 329 6522 2053 329 6523 2067 329 6524 2067 330 6525 2231 330 6526 2054 330 6527 2058 5 6528 2068 5 6529 2071 5 6530 2071 5 6531 2232 5 6532 2058 5 6533 2059 174 6534 2058 174 6535 2232 174 6536 2232 175 6537 2072 175 6538 2059 175 6539 2074 18 6540 2064 18 6541 2233 18 6542 2233 208 6543 2075 208 6544 2074 208 6545 2064 168 6546 2063 168 6547 2077 168 6548 2077 169 6549 2233 169 6550 2064 169 6551 2068 5 6552 2078 5 6553 2080 5 6554 2080 5 6555 2234 5 6556 2068 5 6557 2069 174 6558 2068 174 6559 2234 174 6560 2234 175 6561 2081 175 6562 2069 175 6563 2082 18 6564 2074 18 6565 2235 18 6566 2235 331 6567 2083 331 6568 2082 331 6569 2074 168 6570 2073 168 6571 2085 168 6572 2085 169 6573 2235 169 6574 2074 169 6575 2239 60 6576 2236 60 6577 2237 60 6578 2237 60 6579 2238 60 6580 2239 60 6581 2243 0 6582 2240 0 6583 2241 0 6584 2241 0 6585 2242 0 6586 2243 0 6587 2247 59 6588 2244 59 6589 2245 59 6590 2245 59 6591 2246 59 6592 2247 59 6593 2251 0 6594 2248 0 6595 2249 0 6596 2249 0 6597 2250 0 6598 2251 0 6599 2255 4 6600 2252 4 6601 2253 4 6602 2253 332 6603 2254 332 6604 2255 332 6605 2259 59 6606 2256 59 6607 2257 59 6608 2257 59 6609 2258 59 6610 2259 59 6611 2263 60 6612 2260 60 6613 2261 60 6614 2261 60 6615 2262 60 6616 2263 60 6617 2248 0 6618 2264 0 6619 2265 0 6620 2265 0 6621 2249 0 6622 2248 0 6623 2267 59 6624 2259 59 6625 2258 59 6626 2258 59 6627 2266 59 6628 2267 59 6629 2271 0 6630 2268 0 6631 2269 0 6632 2269 0 6633 2270 0 6634 2271 0 6635 2275 4 6636 2272 4 6637 2273 4 6638 2273 4 6639 2274 4 6640 2275 4 6641 2279 59 6642 2276 59 6643 2277 59 6644 2277 59 6645 2278 59 6646 2279 59 6647 2283 60 6648 2280 60 6649 2281 60 6650 2281 60 6651 2282 60 6652 2283 60 6653 2268 0 6654 2284 0 6655 2285 0 6656 2285 0 6657 2269 0 6658 2268 0 6659 2287 59 6660 2279 59 6661 2278 59 6662 2278 59 6663 2286 59 6664 2287 59 6665 2291 60 6666 2288 60 6667 2289 60 6668 2289 60 6669 2290 60 6670 2291 60 6671 2295 0 6672 2292 0 6673 2293 0 6674 2293 0 6675 2294 0 6676 2295 0 6677 2299 4 6678 2296 4 6679 2297 4 6680 2297 4 6681 2298 4 6682 2299 4 6683 2303 59 6684 2300 59 6685 2301 59 6686 2301 59 6687 2302 59 6688 2303 59 6689 2305 0 6690 2243 0 6691 2242 0 6692 2242 0 6693 2304 0 6694 2305 0 6695 2309 4 6696 2306 4 6697 2307 4 6698 2307 4 6699 2308 4 6700 2309 4 6701 2244 59 6702 2310 59 6703 2311 59 6704 2311 59 6705 2245 59 6706 2244 59 6707 2315 59 6708 2312 59 6709 2313 59 6710 2313 59 6711 2314 59 6712 2315 59 6713 2319 0 6714 2316 0 6715 2317 0 6716 2317 0 6717 2318 0 6718 2319 0 6719 2323 60 6720 2320 60 6721 2321 60 6722 2321 60 6723 2322 60 6724 2323 60 6725 2314 59 6726 2313 59 6727 2324 59 6728 2324 59 6729 2325 59 6730 2314 59 6731 2327 333 6732 2326 333 6733 2316 333 6734 2316 333 6735 2319 333 6736 2327 333 6737 2331 59 6738 2328 59 6739 2329 59 6740 2329 59 6741 2330 59 6742 2331 59 6743 2335 0 6744 2332 0 6745 2333 0 6746 2333 0 6747 2334 0 6748 2335 0 6749 2339 60 6750 2336 60 6751 2337 60 6752 2337 60 6753 2338 60 6754 2339 60 6755 2343 59 6756 2340 59 6757 2341 59 6758 2341 59 6759 2342 59 6760 2343 59 6761 2347 0 6762 2344 0 6763 2345 0 6764 2345 0 6765 2346 0 6766 2347 0 6767 2351 60 6768 2348 60 6769 2349 60 6770 2349 60 6771 2350 60 6772 2351 60 6773 2342 59 6774 2341 59 6775 2352 59 6776 2352 59 6777 2353 59 6778 2342 59 6779 2355 0 6780 2354 0 6781 2344 0 6782 2344 0 6783 2347 0 6784 2355 0 6785 2359 59 6786 2356 59 6787 2357 59 6788 2357 59 6789 2358 59 6790 2359 59 6791 2363 0 6792 2360 0 6793 2361 0 6794 2361 0 6795 2362 0 6796 2363 0 6797 2367 60 6798 2364 60 6799 2365 60 6800 2365 60 6801 2366 60 6802 2367 60 6803 2358 59 6804 2357 59 6805 2368 59 6806 2368 59 6807 2369 59 6808 2358 59 6809 2371 0 6810 2370 0 6811 2360 0 6812 2360 0 6813 2363 0 6814 2371 0 6815 2375 4 6816 2372 4 6817 2373 4 6818 2373 4 6819 2374 4 6820 2375 4 6821 2379 4 6822 2376 4 6823 2377 4 6824 2377 4 6825 2378 4 6826 2379 4 6827 2383 4 6828 2380 4 6829 2381 4 6830 2381 4 6831 2382 4 6832 2383 4 6833 2387 4 6834 2384 4 6835 2385 4 6836 2385 4 6837 2386 4 6838 2387 4 6839 2391 59 6840 2388 59 6841 2389 59 6842 2389 59 6843 2390 59 6844 2391 59 6845 2395 0 6846 2392 0 6847 2393 0 6848 2393 0 6849 2394 0 6850 2395 0 6851 2399 4 6852 2396 4 6853 2397 4 6854 2397 4 6855 2398 4 6856 2399 4 6857 2403 60 6858 2400 60 6859 2401 60 6860 2401 60 6861 2402 60 6862 2403 60 6863 2407 60 6864 2404 60 6865 2405 60 6866 2405 60 6867 2406 60 6868 2407 60 6869 2411 59 6870 2408 59 6871 2409 59 6872 2409 59 6873 2410 59 6874 2411 59 6875 2415 0 6876 2412 0 6877 2413 0 6878 2413 0 6879 2414 0 6880 2415 0 6881 2419 4 6882 2416 4 6883 2417 4 6884 2417 334 6885 2418 334 6886 2419 334 6887 2423 60 6888 2420 60 6889 2421 60 6890 2421 60 6891 2422 60 6892 2423 60 6893 2427 59 6894 2424 59 6895 2425 59 6896 2425 59 6897 2426 59 6898 2427 59 6899 2431 0 6900 2428 0 6901 2429 0 6902 2429 0 6903 2430 0 6904 2431 0 6905 2435 4 6906 2432 4 6907 2433 4 6908 2433 4 6909 2434 4 6910 2435 4 6911 2439 60 6912 2436 60 6913 2437 60 6914 2437 60 6915 2438 60 6916 2439 60 6917 2443 59 6918 2440 59 6919 2441 59 6920 2441 59 6921 2442 59 6922 2443 59 6923 2447 0 6924 2444 0 6925 2445 0 6926 2445 0 6927 2446 0 6928 2447 0 6929 2451 4 6930 2448 4 6931 2449 4 6932 2449 4 6933 2450 4 6934 2451 4 6935 2455 60 6936 2452 60 6937 2453 60 6938 2453 60 6939 2454 60 6940 2455 60 6941 2459 59 6942 2456 59 6943 2457 59 6944 2457 59 6945 2458 59 6946 2459 59 6947 2463 0 6948 2460 0 6949 2461 0 6950 2461 0 6951 2462 0 6952 2463 0 6953 2467 4 6954 2464 4 6955 2465 4 6956 2465 4 6957 2466 4 6958 2467 4 6959 2471 60 6960 2468 60 6961 2469 60 6962 2469 60 6963 2470 60 6964 2471 60 6965 2475 59 6966 2472 59 6967 2473 59 6968 2473 59 6969 2474 59 6970 2475 59 6971 2479 0 6972 2476 0 6973 2477 0 6974 2477 0 6975 2478 0 6976 2479 0 6977 2483 4 6978 2480 4 6979 2481 4 6980 2481 4 6981 2482 4 6982 2483 4 6983 2487 60 6984 2484 60 6985 2485 60 6986 2485 60 6987 2486 60 6988 2487 60 6989 2491 59 6990 2488 59 6991 2489 59 6992 2489 59 6993 2490 59 6994 2491 59 6995 2495 0 6996 2492 0 6997 2493 0 6998 2493 0 6999 2494 0 7000 2495 0 7001 2499 4 7002 2496 4 7003 2497 4 7004 2497 4 7005 2498 4 7006 2499 4 7007 2501 335 7008 1973 335 7009 1972 335 7010 1972 336 7011 2500 336 7012 2501 336 7013 2503 3 7014 1979 3 7015 1978 3 7016 1978 3 7017 2502 3 7018 2503 3 7019 2505 3 7020 2504 3 7021 1979 3 7022 1979 3 7023 2503 3 7024 2505 3 7025 1995 3 7026 2506 3 7027 2507 3 7028 2507 3 7029 1992 3 7030 1995 3 7031 2503 3 7032 2502 3 7033 2508 3 7034 2509 3 7035 2505 3 7036 2503 3 7037 2503 3 7038 2508 3 7039 2509 3 7040 2511 3 7041 2510 3 7042 2507 3 7043 2507 3 7044 2506 3 7045 2511 3 7046 1980 60 7047 2512 60 7048 2513 60 7049 2513 60 7050 1981 60 7051 1980 60 7052 2512 60 7053 2514 60 7054 2515 60 7055 2515 60 7056 2513 60 7057 2512 60 7058 2517 60 7059 1983 60 7060 1982 60 7061 1982 60 7062 2516 60 7063 2517 60 7064 2521 5 7065 2518 5 7066 2519 5 7067 2519 5 7068 2520 5 7069 2521 5 7070 2525 3 7071 2522 3 7072 2523 3 7073 2523 3 7074 2524 3 7075 2525 3 7076 2520 5 7077 2519 5 7078 2526 5 7079 2526 5 7080 2527 5 7081 2520 5 7082 2529 3 7083 2528 3 7084 2522 3 7085 2522 3 7086 2525 3 7087 2529 3 7088 2527 5 7089 2526 5 7090 2530 5 7091 2530 5 7092 2531 5 7093 2527 5 7094 2531 337 7095 2530 337 7096 2532 337 7097 2532 5 7098 2533 5 7099 2531 5 7100 2535 338 7101 2533 338 7102 2532 338 7103 2532 339 7104 2534 339 7105 2535 339 7106 2537 3 7107 2504 3 7108 2505 3 7109 2505 3 7110 2536 3 7111 2537 3 7112 2536 3 7113 2505 3 7114 2528 3 7115 2528 3 7116 2529 3 7117 2536 3 7118 2504 3 7119 2537 3 7120 2538 3 7121 2538 3 7122 2539 3 7123 2504 3 7124 2524 3 7125 2523 3 7126 2506 3 7127 2506 3 7128 2540 3 7129 2524 3 7130 2540 3 7131 2506 3 7132 1995 3 7133 1995 3 7134 2541 3 7135 2540 3 7136 2543 5 7137 2542 5 7138 2518 5 7139 2518 5 7140 2521 5 7141 2543 5 7142 2545 340 7143 2544 340 7144 2542 340 7145 2542 5 7146 2543 5 7147 2545 5 7148 2548 5 7149 2546 5 7150 2519 5 7151 2519 5 7152 2547 5 7153 2548 5 7154 2547 5 7155 2519 5 7156 2518 5 7157 2518 5 7158 2549 5 7159 2547 5 7160 2549 5 7161 2518 5 7162 2550 5 7163 2550 5 7164 2551 5 7165 2549 5 7166 2551 5 7167 2550 5 7168 2546 5 7169 2546 5 7170 2548 5 7171 2551 5 7172 2554 3 7173 2552 3 7174 2523 3 7175 2523 3 7176 2553 3 7177 2554 3 7178 2553 3 7179 2523 3 7180 2522 3 7181 2522 3 7182 2555 3 7183 2553 3 7184 2555 3 7185 2522 3 7186 2556 3 7187 2556 3 7188 2557 3 7189 2555 3 7190 2557 341 7191 2556 341 7192 2552 341 7193 2552 342 7194 2554 342 7195 2557 342 7196 2560 5 7197 2558 5 7198 2526 5 7199 2526 5 7200 2559 5 7201 2560 5 7202 2559 5 7203 2526 5 7204 2519 5 7205 2519 5 7206 2561 5 7207 2559 5 7208 2561 5 7209 2519 5 7210 2546 5 7211 2546 5 7212 2562 5 7213 2561 5 7214 2562 5 7215 2546 5 7216 2558 5 7217 2558 5 7218 2560 5 7219 2562 5 7220 2564 3 7221 2556 3 7222 2522 3 7223 2522 3 7224 2563 3 7225 2564 3 7226 2563 3 7227 2522 3 7228 2528 3 7229 2528 3 7230 2565 3 7231 2563 3 7232 2565 3 7233 2528 3 7234 2566 3 7235 2566 3 7236 2567 3 7237 2565 3 7238 2567 3 7239 2566 3 7240 2556 3 7241 2556 3 7242 2564 3 7243 2567 3 7244 2570 5 7245 2568 5 7246 2530 5 7247 2530 5 7248 2569 5 7249 2570 5 7250 2569 5 7251 2530 5 7252 2526 5 7253 2526 5 7254 2571 5 7255 2569 5 7256 2571 5 7257 2526 5 7258 2558 5 7259 2558 5 7260 2572 5 7261 2571 5 7262 2572 5 7263 2558 5 7264 2568 5 7265 2568 5 7266 2570 5 7267 2572 5 7268 2574 3 7269 2566 3 7270 2528 3 7271 2528 3 7272 2573 3 7273 2574 3 7274 2573 3 7275 2528 3 7276 2505 3 7277 2505 3 7278 2575 3 7279 2573 3 7280 2575 3 7281 2505 3 7282 2509 3 7283 2509 3 7284 2576 3 7285 2575 3 7286 2576 3 7287 2509 3 7288 2566 3 7289 2566 3 7290 2574 3 7291 2576 3 7292 2578 343 7293 2506 343 7294 2523 343 7295 2523 3 7296 2577 3 7297 2578 3 7298 2577 3 7299 2523 3 7300 2552 3 7301 2552 3 7302 2579 3 7303 2577 3 7304 2579 344 7305 2552 344 7306 2511 344 7307 2511 3 7308 2580 3 7309 2579 3 7310 2580 3 7311 2511 3 7312 2506 3 7313 2506 3 7314 2578 3 7315 2580 3 7316 2582 5 7317 2550 5 7318 2518 5 7319 2518 5 7320 2581 5 7321 2582 5 7322 2581 5 7323 2518 5 7324 2542 5 7325 2542 345 7326 2583 345 7327 2581 345 7328 2583 5 7329 2542 5 7330 2584 5 7331 2584 5 7332 2585 5 7333 2583 5 7334 2585 346 7335 2584 346 7336 2550 346 7337 2550 5 7338 2582 5 7339 2585 5 7340 2588 5 7341 2586 5 7342 2005 5 7343 2005 5 7344 2587 5 7345 2588 5 7346 2587 347 7347 2005 347 7348 2008 347 7349 2008 348 7350 2589 348 7351 2587 348 7352 2589 5 7353 2008 5 7354 2039 5 7355 2039 5 7356 2590 5 7357 2589 5 7358 2590 5 7359 2039 5 7360 2586 5 7361 2586 349 7362 2588 349 7363 2590 349 7364 2592 3 7365 2015 3 7366 2014 3 7367 2014 3 7368 2591 3 7369 2592 3 7370 2591 3 7371 2014 3 7372 2593 3 7373 2593 3 7374 2594 3 7375 2591 3 7376 2594 350 7377 2593 350 7378 2043 350 7379 2043 351 7380 2595 351 7381 2594 351 7382 2595 3 7383 2043 3 7384 2015 3 7385 2015 3 7386 2592 3 7387 2595 3 7388 2598 5 7389 2596 5 7390 2586 5 7391 2586 5 7392 2597 5 7393 2598 5 7394 2597 352 7395 2586 352 7396 2039 352 7397 2039 353 7398 2599 353 7399 2597 353 7400 2599 5 7401 2039 5 7402 2049 5 7403 2049 5 7404 2600 5 7405 2599 5 7406 2600 5 7407 2049 5 7408 2596 5 7409 2596 354 7410 2598 354 7411 2600 354 7412 2602 3 7413 2043 3 7414 2593 3 7415 2593 3 7416 2601 3 7417 2602 3 7418 2601 3 7419 2593 3 7420 2603 3 7421 2603 3 7422 2604 3 7423 2601 3 7424 2604 355 7425 2603 355 7426 2053 355 7427 2053 356 7428 2605 356 7429 2604 356 7430 2605 3 7431 2053 3 7432 2043 3 7433 2043 3 7434 2602 3 7435 2605 3 7436 2608 5 7437 2606 5 7438 2596 5 7439 2596 5 7440 2607 5 7441 2608 5 7442 2607 357 7443 2596 357 7444 2049 357 7445 2049 358 7446 2609 358 7447 2607 358 7448 2609 5 7449 2049 5 7450 2059 5 7451 2059 5 7452 2610 5 7453 2609 5 7454 2610 5 7455 2059 5 7456 2606 5 7457 2606 349 7458 2608 349 7459 2610 349 7460 2612 3 7461 2053 3 7462 2603 3 7463 2603 3 7464 2611 3 7465 2612 3 7466 2611 3 7467 2603 3 7468 2613 3 7469 2613 3 7470 2614 3 7471 2611 3 7472 2614 350 7473 2613 350 7474 2063 350 7475 2063 351 7476 2615 351 7477 2614 351 7478 2615 3 7479 2063 3 7480 2053 3 7481 2053 3 7482 2612 3 7483 2615 3 7484 2618 5 7485 2616 5 7486 2606 5 7487 2606 5 7488 2617 5 7489 2618 5 7490 2617 352 7491 2606 352 7492 2059 352 7493 2059 353 7494 2619 353 7495 2617 353 7496 2619 5 7497 2059 5 7498 2069 5 7499 2069 5 7500 2620 5 7501 2619 5 7502 2620 5 7503 2069 5 7504 2616 5 7505 2616 359 7506 2618 359 7507 2620 359 7508 2622 3 7509 2063 3 7510 2613 3 7511 2613 3 7512 2621 3 7513 2622 3 7514 2621 3 7515 2613 3 7516 2623 3 7517 2623 3 7518 2624 3 7519 2621 3 7520 2624 360 7521 2623 360 7522 2073 360 7523 2073 361 7524 2625 361 7525 2624 361 7526 2625 3 7527 2073 3 7528 2063 3 7529 2063 3 7530 2622 3 7531 2625 3 7532 2627 5 7533 1998 5 7534 2616 5 7535 2616 5 7536 2626 5 7537 2627 5 7538 2626 352 7539 2616 352 7540 2069 352 7541 2069 353 7542 2628 353 7543 2626 353 7544 2628 5 7545 2069 5 7546 1999 5 7547 1999 5 7548 2629 5 7549 2628 5 7550 2629 5 7551 1999 5 7552 1998 5 7553 1998 354 7554 2627 354 7555 2629 354 7556 2631 3 7557 2073 3 7558 2623 3 7559 2623 3 7560 2630 3 7561 2631 3 7562 2630 3 7563 2623 3 7564 2001 3 7565 2001 3 7566 2632 3 7567 2630 3 7568 2632 355 7569 2001 355 7570 2000 355 7571 2000 356 7572 2633 356 7573 2632 356 7574 2633 3 7575 2000 3 7576 2073 3 7577 2073 3 7578 2631 3 7579 2633 3 7580 2637 60 7581 2634 60 7582 2635 60 7583 2635 60 7584 2636 60 7585 2637 60 7586 2641 4 7587 2638 4 7588 2639 4 7589 2639 4 7590 2640 4 7591 2641 4 7592 2645 59 7593 2642 59 7594 2643 59 7595 2643 59 7596 2644 59 7597 2645 59 7598 2649 0 7599 2646 0 7600 2647 0 7601 2647 0 7602 2648 0 7603 2649 0 7604 2653 60 7605 2650 60 7606 2651 60 7607 2651 60 7608 2652 60 7609 2653 60 7610 2657 4 7611 2654 4 7612 2655 4 7613 2655 4 7614 2656 4 7615 2657 4 7616 2661 59 7617 2658 59 7618 2659 59 7619 2659 59 7620 2660 59 7621 2661 59 7622 2665 0 7623 2662 0 7624 2663 0 7625 2663 0 7626 2664 0 7627 2665 0 7628 2669 60 7629 2666 60 7630 2667 60 7631 2667 60 7632 2668 60 7633 2669 60 7634 2673 4 7635 2670 4 7636 2671 4 7637 2671 4 7638 2672 4 7639 2673 4 7640 2677 59 7641 2674 59 7642 2675 59 7643 2675 59 7644 2676 59 7645 2677 59 7646 2681 0 7647 2678 0 7648 2679 0 7649 2679 0 7650 2680 0 7651 2681 0 7652 2685 60 7653 2682 60 7654 2683 60 7655 2683 60 7656 2684 60 7657 2685 60 7658 2689 4 7659 2686 4 7660 2687 4 7661 2687 4 7662 2688 4 7663 2689 4 7664 2693 59 7665 2690 59 7666 2691 59 7667 2691 59 7668 2692 59 7669 2693 59 7670 2697 0 7671 2694 0 7672 2695 0 7673 2695 0 7674 2696 0 7675 2697 0 7676 2701 60 7677 2698 60 7678 2699 60 7679 2699 60 7680 2700 60 7681 2701 60 7682 2705 4 7683 2702 4 7684 2703 4 7685 2703 4 7686 2704 4 7687 2705 4 7688 2709 59 7689 2706 59 7690 2707 59 7691 2707 59 7692 2708 59 7693 2709 59 7694 2713 0 7695 2710 0 7696 2711 0 7697 2711 0 7698 2712 0 7699 2713 0 7700 2717 362 7701 2714 362 7702 2715 362 7703 2715 363 7704 2716 363 7705 2717 363 7706 2714 364 7707 2718 364 7708 2719 364 7709 2719 362 7710 2715 362 7711 2714 362 7712 2723 365 7713 2720 365 7714 2721 365 7715 2721 366 7716 2722 366 7717 2723 366 7718 2718 367 7719 2724 367 7720 2725 367 7721 2725 368 7722 2719 368 7723 2718 368 7724 2729 369 7725 2726 369 7726 2727 369 7727 2727 59 7728 2728 59 7729 2729 59 7730 2716 370 7731 2730 370 7732 2731 370 7733 2731 371 7734 2717 371 7735 2716 371 7736 2735 372 7737 2732 372 7738 2733 372 7739 2733 373 7740 2734 373 7741 2735 373 7742 2739 374 7743 2736 374 7744 2737 374 7745 2737 375 7746 2738 375 7747 2739 375 7748 2743 4 7749 2740 4 7750 2741 4 7751 2741 4 7752 2742 4 7753 2743 4 7754 2747 251 7755 2744 251 7756 2745 251 7757 2745 376 7758 2746 376 7759 2747 376 7760 2751 377 7761 2748 377 7762 2749 377 7763 2749 0 7764 2750 0 7765 2751 0 7766 2755 374 7767 2752 374 7768 2753 374 7769 2753 374 7770 2754 374 7771 2755 374 7772 2759 59 7773 2756 59 7774 2757 59 7775 2757 59 7776 2758 59 7777 2759 59 7778 2763 4 7779 2760 4 7780 2761 4 7781 2761 4 7782 2762 4 7783 2763 4 7784 2767 378 7785 2764 378 7786 2765 378 7787 2765 0 7788 2766 0 7789 2767 0 7790 2771 379 7791 2768 379 7792 2769 379 7793 2769 374 7794 2770 374 7795 2771 374 7796 2775 256 7797 2772 256 7798 2773 256 7799 2773 256 7800 2774 256 7801 2775 256 7802 2779 4 7803 2776 4 7804 2777 4 7805 2777 4 7806 2778 4 7807 2779 4 7808 2783 380 7809 2780 380 7810 2781 380 7811 2781 0 7812 2782 0 7813 2783 0 7814 2787 374 7815 2784 374 7816 2785 374 7817 2785 374 7818 2786 374 7819 2787 374 7820 2791 0 7821 2788 0 7822 2789 0 7823 2789 0 7824 2790 0 7825 2791 0 7826 2795 4 7827 2792 4 7828 2793 4 7829 2793 4 7830 2794 4 7831 2795 4 7832 2799 59 7833 2796 59 7834 2797 59 7835 2797 59 7836 2798 59 7837 2799 59 7838 2803 381 7839 2800 381 7840 2801 381 7841 2801 382 7842 2802 382 7843 2803 382 7844 2804 3 7845 1974 3 7846 1823 3 7847 1823 3 7848 1822 3 7849 2804 3 7850 2806 383 7851 2192 383 7852 2221 383 7853 2221 384 7854 2805 384 7855 2806 384 7856 2504 3 7857 2807 3 7858 1976 3 7859 1976 3 7860 1979 3 7861 2504 3 7862 2016 3 7863 1994 3 7864 1993 3 7865 1993 3 7866 2013 3 7867 2016 3 7868 2807 3 7869 2222 3 7870 2128 3 7871 2128 3 7872 1976 3 7873 2807 3 7874 2128 3 7875 2125 3 7876 1977 3 7877 1977 3 7878 1976 3 7879 2128 3 7880 2809 59 7881 2808 59 7882 1971 59 7883 1971 59 7884 1970 59 7885 2809 59 7886 2037 385 7887 2225 385 7888 2224 385 7889 2224 386 7890 2016 386 7891 2037 386 7892 2811 4 7893 2810 4 7894 2417 4 7895 2417 4 7896 2416 4 7897 2811 4 7898 2007 387 7899 2806 387 7900 2805 387 7901 2805 388 7902 2033 388 7903 2007 388 7904 2545 389 7905 2535 389 7906 2534 389 7907 2534 390 7908 2544 390 7909 2545 390 7910 2813 374 7911 2734 374 7912 2733 374 7913 2733 60 7914 2812 60 7915 2813 60 7916 1995 3 7917 2539 3 7918 2538 3 7919 2538 391 7920 2541 391 7921 1995 391 7922 2816 3 7923 2539 3 7924 2814 3 7925 2814 3 7926 2815 3 7927 2816 3 7928 2815 3 7929 2814 3 7930 2807 3 7931 2807 3 7932 2817 3 7933 2815 3 7934 2817 3 7935 2807 3 7936 2504 3 7937 2504 3 7938 2818 3 7939 2817 3 7940 2818 3 7941 2504 3 7942 2539 3 7943 2539 3 7944 2816 3 7945 2818 3 7946 2822 392 7947 2819 392 7948 2820 392 7949 2820 5 7950 2821 5 7951 2822 5 7952 2821 393 7953 2820 393 7954 2534 393 7955 2534 394 7956 2823 394 7957 2821 394 7958 2823 5 7959 2534 5 7960 2532 5 7961 2532 5 7962 2824 5 7963 2823 5 7964 2824 395 7965 2532 395 7966 2819 395 7967 2819 396 7968 2822 396 7969 2824 396 7970 2826 3 7971 2222 3 7972 2807 3 7973 2807 3 7974 2825 3 7975 2826 3 7976 2825 3 7977 2807 3 7978 2814 3 7979 2814 3 7980 2827 3 7981 2825 3 7982 2827 3 7983 2814 3 7984 2224 3 7985 2224 3 7986 2828 3 7987 2827 3 7988 2828 3 7989 2224 3 7990 2222 3 7991 2222 3 7992 2826 3 7993 2828 3 7994 2830 137 7995 2806 137 7996 2820 137 7997 2820 397 7998 2829 397 7999 2830 397 8000 2829 398 8001 2820 398 8002 2819 398 8003 2819 5 8004 2831 5 8005 2829 5 8006 2831 399 8007 2819 399 8008 2192 399 8009 2192 400 8010 2832 400 8011 2831 400 8012 2832 401 8013 2192 401 8014 2806 401 8015 2806 5 8016 2830 5 8017 2832 5 8018 2834 3 8019 1994 3 8020 2814 3 8021 2814 3 8022 2833 3 8023 2834 3 8024 2833 3 8025 2814 3 8026 2539 3 8027 2539 3 8028 2835 3 8029 2833 3 8030 2835 3 8031 2539 3 8032 1995 3 8033 1995 3 8034 2836 3 8035 2835 3 8036 2836 3 8037 1995 3 8038 1994 3 8039 1994 3 8040 2834 3 8041 2836 3 8042 2838 3 8043 2224 3 8044 2814 3 8045 2814 3 8046 2837 3 8047 2838 3 8048 2837 3 8049 2814 3 8050 1994 3 8051 1994 3 8052 2839 3 8053 2837 3 8054 2839 3 8055 1994 3 8056 2016 3 8057 2016 3 8058 2840 3 8059 2839 3 8060 2840 3 8061 2016 3 8062 2224 3 8063 2224 3 8064 2838 3 8065 2840 3 8066 2843 402 8067 2007 402 8068 2841 402 8069 2841 403 8070 2842 403 8071 2843 403 8072 2842 404 8073 2841 404 8074 2820 404 8075 2820 5 8076 2844 5 8077 2842 5 8078 2844 128 8079 2820 128 8080 2806 128 8081 2806 405 8082 2845 405 8083 2844 405 8084 2845 5 8085 2806 5 8086 2007 5 8087 2007 5 8088 2843 5 8089 2845 5 8090 2847 406 8091 2534 406 8092 2820 406 8093 2820 5 8094 2846 5 8095 2847 5 8096 2846 407 8097 2820 407 8098 2841 407 8099 2841 5 8100 2848 5 8101 2846 5 8102 2848 402 8103 2841 402 8104 2544 402 8105 2544 408 8106 2849 408 8107 2848 408 8108 2849 409 8109 2544 409 8110 2534 409 8111 2534 410 8112 2847 410 8113 2849 410 8114 2853 285 8115 2850 285 8116 2851 285 8117 2851 411 8118 2852 411 8119 2853 411 8120 2857 4 8121 2854 4 8122 2855 4 8123 2855 4 8124 2856 4 8125 2857 4 8126 2861 59 8127 2858 59 8128 2859 59 8129 2859 412 8130 2860 412 8131 2861 412 8132 2865 413 8133 2862 413 8134 2863 413 8135 2863 60 8136 2864 60 8137 2865 60 8138 2869 4 8139 2866 4 8140 2867 4 8141 2867 4 8142 2868 4 8143 2869 4 8144 2873 59 8145 2870 59 8146 2871 59 8147 2871 414 8148 2872 414 8149 2873 414 8150 2877 60 8151 2874 60 8152 2875 60 8153 2875 60 8154 2876 60 8155 2877 60 8156 2881 290 8157 2878 290 8158 2879 290 8159 2879 411 8160 2880 411 8161 2881 411 8162 2885 60 8163 2882 60 8164 2883 60 8165 2883 60 8166 2884 60 8167 2885 60 8168 2889 0 8169 2886 0 8170 2887 0 8171 2887 415 8172 2888 415 8173 2889 415 8174 2893 4 8175 2890 4 8176 2891 4 8177 2891 4 8178 2892 4 8179 2893 4 8180 2897 292 8181 2894 292 8182 2895 292 8183 2895 416 8184 2896 416 8185 2897 416 8186 2901 0 8187 2898 0 8188 2899 0 8189 2899 0 8190 2900 0 8191 2901 0 8192 2905 4 8193 2902 4 8194 2903 4 8195 2903 4 8196 2904 4 8197 2905 4 8198 2909 294 8199 2906 294 8200 2907 294 8201 2907 417 8202 2908 417 8203 2909 417 8204 2913 60 8205 2910 60 8206 2911 60 8207 2911 60 8208 2912 60 8209 2913 60 8210 2915 3 8211 2510 3 8212 2511 3 8213 2511 3 8214 2914 3 8215 2915 3 8216 2919 418 8217 2916 418 8218 2917 418 8219 2917 419 8220 2918 419 8221 2919 419 8222 2922 3 8223 1978 3 8224 2920 3 8225 2920 3 8226 2921 3 8227 2922 3 8228 2924 420 8229 2923 420 8230 2925 420 8231 2925 421 8232 2926 421 8233 2924 421 8234 2928 3 8235 2509 3 8236 2508 3 8237 2508 3 8238 2927 3 8239 2928 3 8240 2929 3 8241 2502 3 8242 1978 3 8243 1978 3 8244 2922 3 8245 2929 3 8246 2921 3 8247 2930 3 8248 2125 3 8249 2125 3 8250 2931 3 8251 2921 3 8252 2935 422 8253 2932 422 8254 2933 422 8255 2933 423 8256 2934 423 8257 2935 423 8258 2939 3 8259 2936 3 8260 2937 3 8261 2937 3 8262 2938 3 8263 2939 3 8264 2943 424 8265 2940 424 8266 2941 424 8267 2941 425 8268 2942 425 8269 2943 425 8270 2104 60 8271 2944 60 8272 2945 60 8273 2945 60 8274 2102 60 8275 2104 60 8276 2947 426 8277 2501 426 8278 2500 426 8279 2500 427 8280 2946 427 8281 2947 427 8282 2927 3 8283 2508 3 8284 2936 3 8285 2936 3 8286 2939 3 8287 2927 3 8288 2929 3 8289 2938 3 8290 2937 3 8291 2937 3 8292 2502 3 8293 2929 3 8294 2936 3 8295 2508 3 8296 2502 3 8297 2502 3 8298 2937 3 8299 2936 3 8300 2951 0 8301 2948 0 8302 2949 0 8303 2949 0 8304 2950 0 8305 2951 0 8306 2953 0 8307 4 0 8308 7 0 8309 7 0 8310 2952 0 8311 2953 0 8312 2957 0 8313 2954 0 8314 2955 0 8315 2955 0 8316 2956 0 8317 2957 0 8318 2959 3 8319 12 3 8320 15 3 8321 15 3 8322 2958 3 8323 2959 3 8324 2963 3 8325 2960 3 8326 2961 3 8327 2961 3 8328 2962 3 8329 2963 3 8330 2967 60 8331 2964 60 8332 2965 60 8333 2965 60 8334 2966 60 8335 2967 60 8336 2969 3 8337 24 3 8338 27 3 8339 27 3 8340 2968 3 8341 2969 3 8342 2971 5 8343 2970 5 8344 31 5 8345 31 5 8346 30 5 8347 2971 5 8348 1989 60 8349 1988 60 8350 2972 60 8351 2972 60 8352 2973 60 8353 1989 60 8354 1993 3 8355 1992 3 8356 2974 3 8357 2974 3 8358 2975 3 8359 1993 3 8360 2968 3 8361 27 3 8362 41 3 8363 41 3 8364 1996 3 8365 2968 3 8366 1998 5 8367 1997 5 8368 2970 5 8369 2970 5 8370 2976 5 8371 1998 5 8372 2001 3 8373 2977 3 8374 2968 3 8375 2968 3 8376 1996 3 8377 2001 3 8378 2980 428 8379 2978 428 8380 2979 428 8381 2006 5 8382 2005 5 8383 2981 5 8384 2981 5 8385 2982 5 8386 2006 5 8387 2986 0 8388 2983 0 8389 2984 0 8390 2984 0 8391 2985 0 8392 2986 0 8393 2014 3 8394 2013 3 8395 2987 3 8396 2987 3 8397 2988 3 8398 2014 3 8399 2990 0 8400 2989 0 8401 2983 0 8402 2983 0 8403 2986 0 8404 2990 0 8405 2992 0 8406 2991 0 8407 2989 0 8408 2989 0 8409 2990 0 8410 2992 0 8411 2994 0 8412 2993 0 8413 2991 0 8414 2991 0 8415 2992 0 8416 2994 0 8417 2996 0 8418 2995 0 8419 2993 0 8420 2993 0 8421 2994 0 8422 2996 0 8423 2950 0 8424 2949 0 8425 2995 0 8426 2995 0 8427 2996 0 8428 2950 0 8429 2976 5 8430 2970 5 8431 2997 5 8432 2997 5 8433 2998 5 8434 2976 5 8435 2968 429 8436 2977 429 8437 2999 429 8438 2999 9 8439 3000 9 8440 2968 9 8441 2969 48 8442 2968 48 8443 3000 48 8444 3000 49 8445 3001 49 8446 2969 49 8447 2981 430 8448 3002 430 8449 3003 430 8450 3003 431 8451 3004 431 8452 2981 431 8453 2982 5 8454 2981 5 8455 3004 5 8456 3004 5 8457 3005 5 8458 2982 5 8459 3008 432 8460 2988 432 8461 3006 432 8462 3006 433 8463 3007 433 8464 3008 433 8465 2988 11 8466 2987 11 8467 3009 11 8468 3009 12 8469 3006 12 8470 2988 12 8471 3013 44 8472 3010 44 8473 3011 44 8474 3011 45 8475 3012 45 8476 3013 45 8477 2981 5 8478 3013 5 8479 3012 5 8480 3012 5 8481 3014 5 8482 2981 5 8483 3018 48 8484 3015 48 8485 3016 48 8486 3016 49 8487 3017 49 8488 3018 49 8489 3015 11 8490 2988 11 8491 3019 11 8492 3019 12 8493 3016 12 8494 3015 12 8495 3023 434 8496 3020 434 8497 3021 434 8498 3021 435 8499 3022 435 8500 3023 435 8501 3013 5 8502 3023 5 8503 3022 5 8504 3022 5 8505 3024 5 8506 3013 5 8507 3028 436 8508 3025 436 8509 3026 436 8510 3026 437 8511 3027 437 8512 3028 437 8513 3025 14 8514 3015 14 8515 3029 14 8516 3029 438 8517 3026 438 8518 3025 438 8519 3033 44 8520 3030 44 8521 3031 44 8522 3031 45 8523 3032 45 8524 3033 45 8525 3023 5 8526 3033 5 8527 3032 5 8528 3032 5 8529 3034 5 8530 3023 5 8531 3038 48 8532 3035 48 8533 3036 48 8534 3036 49 8535 3037 49 8536 3038 49 8537 3035 8 8538 3025 8 8539 3039 8 8540 3039 16 8541 3036 16 8542 3035 16 8543 3043 38 8544 3040 38 8545 3041 38 8546 3041 39 8547 3042 39 8548 3043 39 8549 3033 5 8550 3043 5 8551 3042 5 8552 3042 5 8553 3044 5 8554 3033 5 8555 3048 42 8556 3045 42 8557 3046 42 8558 3046 43 8559 3047 43 8560 3048 43 8561 3045 8 8562 3035 8 8563 3049 8 8564 3049 439 8565 3046 439 8566 3045 439 8567 2976 434 8568 3050 434 8569 3051 434 8570 3051 435 8571 3052 435 8572 2976 435 8573 3043 5 8574 2976 5 8575 3052 5 8576 3052 5 8577 3053 5 8578 3043 5 8579 3056 436 8580 2977 436 8581 3054 436 8582 3054 437 8583 3055 437 8584 3056 437 8585 2977 18 8586 3045 18 8587 3057 18 8588 3057 440 8589 3054 440 8590 2977 440 8591 3061 5 8592 3058 5 8593 3059 5 8594 3059 5 8595 3060 5 8596 3061 5 8597 3058 5 8598 3062 5 8599 3063 5 8600 3063 5 8601 3059 5 8602 3058 5 8603 3062 5 8604 3064 5 8605 3065 5 8606 3065 5 8607 3063 5 8608 3062 5 8609 3064 5 8610 3066 5 8611 3067 5 8612 3067 5 8613 3065 5 8614 3064 5 8615 3066 5 8616 3068 5 8617 3069 5 8618 3069 5 8619 3067 5 8620 3066 5 8621 3068 5 8622 3070 5 8623 3071 5 8624 3071 5 8625 3069 5 8626 3068 5 8627 3070 5 8628 3072 5 8629 3073 5 8630 3073 5 8631 3071 5 8632 3070 5 8633 3074 60 8634 3076 60 8635 3077 60 8636 3077 60 8637 3075 60 8638 3074 60 8639 2969 3 8640 2958 3 8641 15 3 8642 15 3 8643 24 3 8644 2969 3 8645 3081 5 8646 3078 5 8647 3079 5 8648 3079 5 8649 3080 5 8650 3081 5 8651 3072 5 8652 3070 5 8653 3082 5 8654 3082 5 8655 3083 5 8656 3072 5 8657 3078 5 8658 3072 5 8659 3083 5 8660 3083 5 8661 3079 5 8662 3078 5 8663 3086 3 8664 2959 3 8665 3084 3 8666 3084 3 8667 3085 3 8668 3086 3 8669 2958 3 8670 3087 3 8671 3088 3 8672 3088 3 8673 3089 3 8674 2958 3 8675 2959 3 8676 2958 3 8677 3089 3 8678 3089 3 8679 3084 3 8680 2959 3 8681 3093 5 8682 3090 5 8683 3091 5 8684 3091 5 8685 3092 5 8686 3093 5 8687 3061 441 8688 3093 441 8689 3092 441 8690 3092 442 8691 3094 442 8692 3061 442 8693 3058 5 8694 3061 5 8695 3094 5 8696 3094 5 8697 3095 5 8698 3058 5 8699 3099 3 8700 3096 3 8701 3097 3 8702 3097 3 8703 3098 3 8704 3099 3 8705 3101 3 8706 3099 3 8707 3098 3 8708 3098 3 8709 3100 3 8710 3101 3 8711 3103 3 8712 3101 3 8713 3100 3 8714 3100 3 8715 3102 3 8716 3103 3 8717 3090 5 8718 3104 5 8719 3105 5 8720 3105 5 8721 3091 5 8722 3090 5 8723 3062 5 8724 3058 5 8725 3095 5 8726 3095 5 8727 3106 5 8728 3062 5 8729 3104 5 8730 3062 5 8731 3106 5 8732 3106 5 8733 3105 5 8734 3104 5 8735 3096 3 8736 3107 3 8737 3108 3 8738 3108 3 8739 3097 3 8740 3096 3 8741 3110 3 8742 3103 3 8743 3102 3 8744 3102 3 8745 3109 3 8746 3110 3 8747 3107 3 8748 3110 3 8749 3109 3 8750 3109 3 8751 3108 3 8752 3107 3 8753 3104 5 8754 3111 5 8755 3112 5 8756 3112 5 8757 3113 5 8758 3104 5 8759 3062 443 8760 3104 443 8761 3113 443 8762 3113 313 8763 3114 313 8764 3062 313 8765 3064 5 8766 3062 5 8767 3114 5 8768 3114 5 8769 3115 5 8770 3064 5 8771 3107 3 8772 3116 3 8773 3117 3 8774 3117 3 8775 3118 3 8776 3107 3 8777 3110 3 8778 3107 3 8779 3118 3 8780 3118 3 8781 3119 3 8782 3110 3 8783 3121 3 8784 3110 3 8785 3119 3 8786 3119 3 8787 3120 3 8788 3121 3 8789 3111 5 8790 3122 5 8791 3123 5 8792 3123 5 8793 3112 5 8794 3111 5 8795 3066 5 8796 3064 5 8797 3115 5 8798 3115 5 8799 3124 5 8800 3066 5 8801 3122 5 8802 3066 5 8803 3124 5 8804 3124 5 8805 3123 5 8806 3122 5 8807 3116 3 8808 3125 3 8809 3126 3 8810 3126 3 8811 3117 3 8812 3116 3 8813 3128 3 8814 3121 3 8815 3120 3 8816 3120 3 8817 3127 3 8818 3128 3 8819 3125 3 8820 3128 3 8821 3127 3 8822 3127 3 8823 3126 3 8824 3125 3 8825 3122 5 8826 3129 5 8827 3130 5 8828 3130 5 8829 3131 5 8830 3122 5 8831 3066 443 8832 3122 443 8833 3131 443 8834 3131 313 8835 3132 313 8836 3066 313 8837 3068 5 8838 3066 5 8839 3132 5 8840 3132 5 8841 3133 5 8842 3068 5 8843 3129 5 8844 3068 5 8845 3133 5 8846 3133 5 8847 3130 5 8848 3129 5 8849 3125 3 8850 3134 3 8851 3135 3 8852 3135 3 8853 3136 3 8854 3125 3 8855 3128 3 8856 3125 3 8857 3136 3 8858 3136 3 8859 3137 3 8860 3128 3 8861 3139 3 8862 3128 3 8863 3137 3 8864 3137 3 8865 3138 3 8866 3139 3 8867 3134 3 8868 3139 3 8869 3138 3 8870 3138 3 8871 3135 3 8872 3134 3 8873 3129 5 8874 3081 5 8875 3080 5 8876 3080 5 8877 3140 5 8878 3129 5 8879 3068 443 8880 3129 443 8881 3140 443 8882 3140 313 8883 3141 313 8884 3068 313 8885 3070 5 8886 3068 5 8887 3141 5 8888 3141 5 8889 3082 5 8890 3070 5 8891 3134 3 8892 3086 3 8893 3085 3 8894 3085 3 8895 3142 3 8896 3134 3 8897 3139 3 8898 3134 3 8899 3142 3 8900 3142 3 8901 3143 3 8902 3139 3 8903 3087 3 8904 3139 3 8905 3143 3 8906 3143 3 8907 3088 3 8908 3087 3 8909 3050 5 8910 2971 5 8911 3144 5 8912 3144 5 8913 3145 5 8914 3050 5 8915 3078 5 8916 3081 5 8917 3146 5 8918 3146 5 8919 3147 5 8920 3078 5 8921 2971 444 8922 3078 444 8923 3147 444 8924 3147 313 8925 3144 313 8926 2971 313 8927 3040 5 8928 3050 5 8929 3145 5 8930 3145 5 8931 3148 5 8932 3040 5 8933 3129 198 8934 3040 198 8935 3148 198 8936 3148 445 8937 3149 445 8938 3129 445 8939 3081 5 8940 3129 5 8941 3149 5 8942 3149 5 8943 3146 5 8944 3081 5 8945 3030 5 8946 3040 5 8947 3150 5 8948 3150 5 8949 3151 5 8950 3030 5 8951 3122 198 8952 3030 198 8953 3151 198 8954 3151 446 8955 3152 446 8956 3122 446 8957 3129 5 8958 3122 5 8959 3152 5 8960 3152 5 8961 3153 5 8962 3129 5 8963 3040 447 8964 3129 447 8965 3153 447 8966 3153 314 8967 3150 314 8968 3040 314 8969 3020 5 8970 3030 5 8971 3154 5 8972 3154 5 8973 3155 5 8974 3020 5 8975 3122 5 8976 3111 5 8977 3156 5 8978 3156 5 8979 3157 5 8980 3122 5 8981 3030 447 8982 3122 447 8983 3157 447 8984 3157 314 8985 3154 314 8986 3030 314 8987 3010 5 8988 3020 5 8989 3155 5 8990 3155 5 8991 3158 5 8992 3010 5 8993 3104 198 8994 3010 198 8995 3158 198 8996 3158 446 8997 3159 446 8998 3104 446 8999 3111 5 9000 3104 5 9001 3159 5 9002 3159 5 9003 3156 5 9004 3111 5 9005 3002 5 9006 3010 5 9007 3160 5 9008 3160 5 9009 3161 5 9010 3002 5 9011 3104 5 9012 3090 5 9013 3162 5 9014 3162 5 9015 3163 5 9016 3104 5 9017 3010 447 9018 3104 447 9019 3163 447 9020 3163 314 9021 3160 314 9022 3010 314 9023 3165 448 9024 3002 448 9025 3161 448 9026 3161 5 9027 3164 5 9028 3165 5 9029 3093 193 9030 3165 193 9031 3164 193 9032 3164 446 9033 3166 446 9034 3093 446 9035 3090 5 9036 3093 5 9037 3166 5 9038 3166 5 9039 3162 5 9040 3090 5 9041 3101 3 9042 3103 3 9043 3167 3 9044 3167 3 9045 3168 3 9046 3101 3 9047 3170 3 9048 3101 3 9049 3168 3 9050 3168 3 9051 3169 3 9052 3170 3 9053 3008 3 9054 3170 3 9055 3169 3 9056 3169 3 9057 3171 3 9058 3008 3 9059 3103 3 9060 3110 3 9061 3172 3 9062 3172 3 9063 3167 3 9064 3103 3 9065 3018 3 9066 3008 3 9067 3171 3 9068 3171 3 9069 3173 3 9070 3018 3 9071 3110 3 9072 3018 3 9073 3173 3 9074 3173 3 9075 3172 3 9076 3110 3 9077 3110 3 9078 3121 3 9079 3174 3 9080 3174 3 9081 3175 3 9082 3110 3 9083 3018 3 9084 3110 3 9085 3175 3 9086 3175 3 9087 3176 3 9088 3018 3 9089 3028 3 9090 3018 3 9091 3176 3 9092 3176 3 9093 3177 3 9094 3028 3 9095 3121 3 9096 3128 3 9097 3178 3 9098 3178 3 9099 3174 3 9100 3121 3 9101 3038 3 9102 3028 3 9103 3177 3 9104 3177 3 9105 3179 3 9106 3038 3 9107 3128 3 9108 3038 3 9109 3179 3 9110 3179 3 9111 3178 3 9112 3128 3 9113 3128 3 9114 3139 3 9115 3180 3 9116 3180 3 9117 3181 3 9118 3128 3 9119 3038 3 9120 3128 3 9121 3181 3 9122 3181 3 9123 3182 3 9124 3038 3 9125 3048 3 9126 3038 3 9127 3182 3 9128 3182 3 9129 3183 3 9130 3048 3 9131 3139 3 9132 3048 3 9133 3183 3 9134 3183 3 9135 3180 3 9136 3139 3 9137 3139 3 9138 3087 3 9139 3184 3 9140 3184 3 9141 3185 3 9142 3139 3 9143 3048 3 9144 3139 3 9145 3185 3 9146 3185 3 9147 3186 3 9148 3048 3 9149 3056 3 9150 3048 3 9151 3186 3 9152 3186 3 9153 3187 3 9154 3056 3 9155 3087 3 9156 2958 3 9157 3188 3 9158 3188 3 9159 3184 3 9160 3087 3 9161 2969 3 9162 3056 3 9163 3187 3 9164 3187 3 9165 3189 3 9166 2969 3 9167 2958 3 9168 2969 3 9169 3189 3 9170 3189 3 9171 3188 3 9172 2958 3 9173 3191 5 9174 2971 5 9175 3050 5 9176 3050 5 9177 3190 5 9178 3191 5 9179 2997 449 9180 2970 449 9181 2971 449 9182 2971 450 9183 3191 450 9184 2997 450 9185 3190 5 9186 3050 5 9187 2976 5 9188 2976 5 9189 2998 5 9190 3190 5 9191 3192 30 9192 3056 30 9193 2969 30 9194 2969 31 9195 3001 31 9196 3192 31 9197 2999 3 9198 2977 3 9199 3056 3 9200 3056 3 9201 3192 3 9202 2999 3 9203 3003 451 9204 3002 451 9205 3165 451 9206 3165 5 9207 3193 5 9208 3003 5 9209 3194 40 9210 3170 40 9211 3008 40 9212 3008 36 9213 3007 36 9214 3194 36 9215 3170 452 9216 3194 452 9217 3195 452 9218 3195 3 9219 3196 3 9220 3170 3 9221 3011 5 9222 3010 5 9223 3002 5 9224 3002 5 9225 3197 5 9226 3011 5 9227 3197 5 9228 3002 5 9229 2981 5 9230 2981 5 9231 3014 5 9232 3197 5 9233 3198 40 9234 3008 40 9235 3018 40 9236 3018 41 9237 3017 41 9238 3198 41 9239 3019 3 9240 2988 3 9241 3008 3 9242 3008 3 9243 3198 3 9244 3019 3 9245 3021 5 9246 3020 5 9247 3010 5 9248 3010 5 9249 3199 5 9250 3021 5 9251 3199 5 9252 3010 5 9253 3013 5 9254 3013 5 9255 3024 5 9256 3199 5 9257 3200 453 9258 3018 453 9259 3028 453 9260 3028 36 9261 3027 36 9262 3200 36 9263 3029 3 9264 3015 3 9265 3018 3 9266 3018 3 9267 3200 3 9268 3029 3 9269 3031 5 9270 3030 5 9271 3020 5 9272 3020 5 9273 3201 5 9274 3031 5 9275 3201 5 9276 3020 5 9277 3023 5 9278 3023 5 9279 3034 5 9280 3201 5 9281 3202 30 9282 3028 30 9283 3038 30 9284 3038 53 9285 3037 53 9286 3202 53 9287 3039 3 9288 3025 3 9289 3028 3 9290 3028 3 9291 3202 3 9292 3039 3 9293 3041 5 9294 3040 5 9295 3030 5 9296 3030 5 9297 3203 5 9298 3041 5 9299 3203 5 9300 3030 5 9301 3033 5 9302 3033 5 9303 3044 5 9304 3203 5 9305 3204 30 9306 3038 30 9307 3048 30 9308 3048 57 9309 3047 57 9310 3204 57 9311 3049 3 9312 3035 3 9313 3038 3 9314 3038 3 9315 3204 3 9316 3049 3 9317 3051 5 9318 3050 5 9319 3040 5 9320 3040 5 9321 3205 5 9322 3051 5 9323 3205 5 9324 3040 5 9325 3043 5 9326 3043 5 9327 3053 5 9328 3205 5 9329 3206 454 9330 3048 454 9331 3056 454 9332 3056 455 9333 3055 455 9334 3206 455 9335 3057 3 9336 3045 3 9337 3048 3 9338 3048 3 9339 3206 3 9340 3057 3 9341 3210 60 9342 3207 60 9343 3208 60 9344 3208 60 9345 3209 60 9346 3210 60 9347 3214 59 9348 3211 59 9349 3212 59 9350 3212 59 9351 3213 59 9352 3214 59 9353 3218 0 9354 3215 0 9355 3216 0 9356 3216 0 9357 3217 0 9358 3218 0 9359 3222 59 9360 3219 59 9361 3220 59 9362 3220 59 9363 3221 59 9364 3222 59 9365 3226 4 9366 3223 4 9367 3224 4 9368 3224 456 9369 3225 456 9370 3226 456 9371 3230 0 9372 3227 0 9373 3228 0 9374 3228 0 9375 3229 0 9376 3230 0 9377 3234 60 9378 3231 60 9379 3232 60 9380 3232 60 9381 3233 60 9382 3234 60 9383 3236 59 9384 3235 59 9385 3219 59 9386 3219 59 9387 3222 59 9388 3236 59 9389 3229 0 9390 3228 0 9391 3237 0 9392 3237 0 9393 3238 0 9394 3229 0 9395 3242 59 9396 3239 59 9397 3240 59 9398 3240 59 9399 3241 59 9400 3242 59 9401 3246 4 9402 3243 4 9403 3244 4 9404 3244 4 9405 3245 4 9406 3246 4 9407 3250 0 9408 3247 0 9409 3248 0 9410 3248 0 9411 3249 0 9412 3250 0 9413 3254 60 9414 3251 60 9415 3252 60 9416 3252 60 9417 3253 60 9418 3254 60 9419 3256 59 9420 3255 59 9421 3239 59 9422 3239 59 9423 3242 59 9424 3256 59 9425 3249 0 9426 3248 0 9427 3257 0 9428 3257 0 9429 3258 0 9430 3249 0 9431 3262 60 9432 3259 60 9433 3260 60 9434 3260 60 9435 3261 60 9436 3262 60 9437 3266 59 9438 3263 59 9439 3264 59 9440 3264 59 9441 3265 59 9442 3266 59 9443 3270 4 9444 3267 4 9445 3268 4 9446 3268 4 9447 3269 4 9448 3270 4 9449 3274 0 9450 3271 0 9451 3272 0 9452 3272 0 9453 3273 0 9454 3274 0 9455 3213 59 9456 3212 59 9457 3275 59 9458 3275 59 9459 3276 59 9460 3213 59 9461 3280 4 9462 3277 4 9463 3278 4 9464 3278 4 9465 3279 4 9466 3280 4 9467 3282 0 9468 3281 0 9469 3215 0 9470 3215 0 9471 3218 0 9472 3282 0 9473 3286 0 9474 3283 0 9475 3284 0 9476 3284 0 9477 3285 0 9478 3286 0 9479 3290 59 9480 3287 59 9481 3288 59 9482 3288 59 9483 3289 59 9484 3290 59 9485 3294 60 9486 3291 60 9487 3292 60 9488 3292 60 9489 3293 60 9490 3294 60 9491 3296 0 9492 3286 0 9493 3285 0 9494 3285 0 9495 3295 0 9496 3296 0 9497 3287 457 9498 3297 457 9499 3298 457 9500 3298 457 9501 3288 457 9502 3287 457 9503 3302 0 9504 3299 0 9505 3300 0 9506 3300 0 9507 3301 0 9508 3302 0 9509 3306 59 9510 3303 59 9511 3304 59 9512 3304 59 9513 3305 59 9514 3306 59 9515 3310 60 9516 3307 60 9517 3308 60 9518 3308 60 9519 3309 60 9520 3310 60 9521 3314 0 9522 3311 0 9523 3312 0 9524 3312 0 9525 3313 0 9526 3314 0 9527 3318 59 9528 3315 59 9529 3316 59 9530 3316 59 9531 3317 59 9532 3318 59 9533 3322 60 9534 3319 60 9535 3320 60 9536 3320 60 9537 3321 60 9538 3322 60 9539 3324 0 9540 3314 0 9541 3313 0 9542 3313 0 9543 3323 0 9544 3324 0 9545 3315 59 9546 3325 59 9547 3326 59 9548 3326 59 9549 3316 59 9550 3315 59 9551 3330 0 9552 3327 0 9553 3328 0 9554 3328 0 9555 3329 0 9556 3330 0 9557 3334 59 9558 3331 59 9559 3332 59 9560 3332 59 9561 3333 59 9562 3334 59 9563 3338 60 9564 3335 60 9565 3336 60 9566 3336 60 9567 3337 60 9568 3338 60 9569 3340 0 9570 3330 0 9571 3329 0 9572 3329 0 9573 3339 0 9574 3340 0 9575 3331 59 9576 3341 59 9577 3342 59 9578 3342 59 9579 3332 59 9580 3331 59 9581 3346 4 9582 3343 4 9583 3344 4 9584 3344 4 9585 3345 4 9586 3346 4 9587 3350 4 9588 3347 4 9589 3348 4 9590 3348 4 9591 3349 4 9592 3350 4 9593 3354 4 9594 3351 4 9595 3352 4 9596 3352 4 9597 3353 4 9598 3354 4 9599 3358 4 9600 3355 4 9601 3356 4 9602 3356 4 9603 3357 4 9604 3358 4 9605 3362 0 9606 3359 0 9607 3360 0 9608 3360 0 9609 3361 0 9610 3362 0 9611 3366 59 9612 3363 59 9613 3364 59 9614 3364 59 9615 3365 59 9616 3366 59 9617 3370 4 9618 3367 4 9619 3368 4 9620 3368 4 9621 3369 4 9622 3370 4 9623 3374 60 9624 3371 60 9625 3372 60 9626 3372 60 9627 3373 60 9628 3374 60 9629 3378 60 9630 3375 60 9631 3376 60 9632 3376 60 9633 3377 60 9634 3378 60 9635 3382 0 9636 3379 0 9637 3380 0 9638 3380 0 9639 3381 0 9640 3382 0 9641 3386 59 9642 3383 59 9643 3384 59 9644 3384 59 9645 3385 59 9646 3386 59 9647 3390 4 9648 3387 4 9649 3388 4 9650 3388 458 9651 3389 458 9652 3390 458 9653 3394 60 9654 3391 60 9655 3392 60 9656 3392 60 9657 3393 60 9658 3394 60 9659 3398 0 9660 3395 0 9661 3396 0 9662 3396 0 9663 3397 0 9664 3398 0 9665 3402 59 9666 3399 59 9667 3400 59 9668 3400 59 9669 3401 59 9670 3402 59 9671 3406 4 9672 3403 4 9673 3404 4 9674 3404 4 9675 3405 4 9676 3406 4 9677 3410 60 9678 3407 60 9679 3408 60 9680 3408 60 9681 3409 60 9682 3410 60 9683 3414 0 9684 3411 0 9685 3412 0 9686 3412 0 9687 3413 0 9688 3414 0 9689 3418 59 9690 3415 59 9691 3416 59 9692 3416 59 9693 3417 59 9694 3418 59 9695 3422 4 9696 3419 4 9697 3420 4 9698 3420 4 9699 3421 4 9700 3422 4 9701 3426 60 9702 3423 60 9703 3424 60 9704 3424 60 9705 3425 60 9706 3426 60 9707 3430 0 9708 3427 0 9709 3428 0 9710 3428 0 9711 3429 0 9712 3430 0 9713 3434 59 9714 3431 59 9715 3432 59 9716 3432 59 9717 3433 59 9718 3434 59 9719 3438 4 9720 3435 4 9721 3436 4 9722 3436 4 9723 3437 4 9724 3438 4 9725 3442 60 9726 3439 60 9727 3440 60 9728 3440 60 9729 3441 60 9730 3442 60 9731 3446 0 9732 3443 0 9733 3444 0 9734 3444 0 9735 3445 0 9736 3446 0 9737 3450 59 9738 3447 59 9739 3448 59 9740 3448 59 9741 3449 59 9742 3450 59 9743 3454 4 9744 3451 4 9745 3452 4 9746 3452 4 9747 3453 4 9748 3454 4 9749 3458 60 9750 3455 60 9751 3456 60 9752 3456 60 9753 3457 60 9754 3458 60 9755 3462 0 9756 3459 0 9757 3460 0 9758 3460 0 9759 3461 0 9760 3462 0 9761 3466 59 9762 3463 59 9763 3464 59 9764 3464 59 9765 3465 59 9766 3466 59 9767 3470 4 9768 3467 4 9769 3468 4 9770 3468 4 9771 3469 4 9772 3470 4 9773 2956 0 9774 2955 0 9775 3471 0 9776 3471 0 9777 3472 0 9778 2956 0 9779 2962 3 9780 2961 3 9781 3473 3 9782 3473 3 9783 3474 3 9784 2962 3 9785 2961 3 9786 3475 3 9787 3476 3 9788 3476 3 9789 3473 3 9790 2961 3 9791 2507 3 9792 3477 3 9793 2974 3 9794 2974 3 9795 1992 3 9796 2507 3 9797 3473 3 9798 3478 3 9799 3474 3 9800 3473 3 9801 3476 3 9802 3479 3 9803 3479 3 9804 3478 3 9805 3473 3 9806 2507 3 9807 2510 3 9808 3480 3 9809 3480 3 9810 3477 3 9811 2507 3 9812 3482 60 9813 3481 60 9814 2964 60 9815 2964 60 9816 2967 60 9817 3482 60 9818 3484 60 9819 3483 60 9820 3481 60 9821 3481 60 9822 3482 60 9823 3484 60 9824 2966 60 9825 2965 60 9826 3485 60 9827 3485 60 9828 3486 60 9829 2966 60 9830 3490 5 9831 3487 5 9832 3488 5 9833 3488 5 9834 3489 5 9835 3490 5 9836 3494 3 9837 3491 3 9838 3492 3 9839 3492 3 9840 3493 3 9841 3494 3 9842 3496 5 9843 3490 5 9844 3489 5 9845 3489 5 9846 3495 5 9847 3496 5 9848 3491 3 9849 3497 3 9850 3498 3 9851 3498 3 9852 3492 3 9853 3491 3 9854 3500 5 9855 3496 5 9856 3495 5 9857 3495 459 9858 3499 459 9859 3500 459 9860 3502 5 9861 3500 5 9862 3499 5 9863 3499 5 9864 3501 5 9865 3502 5 9866 3502 5 9867 3501 5 9868 3503 5 9869 3503 5 9870 3504 5 9871 3502 5 9872 3476 3 9873 3475 3 9874 3505 3 9875 3505 3 9876 3506 3 9877 3476 3 9878 3497 3 9879 3476 3 9880 3506 3 9881 3506 3 9882 3498 3 9883 3497 3 9884 3508 3 9885 3505 3 9886 3475 3 9887 3475 3 9888 3507 3 9889 3508 3 9890 3477 3 9891 3494 3 9892 3493 3 9893 3493 460 9894 3509 460 9895 3477 460 9896 2974 3 9897 3477 3 9898 3509 3 9899 3509 3 9900 3510 3 9901 2974 3 9902 3487 461 9903 3511 461 9904 3512 461 9905 3512 5 9906 3488 5 9907 3487 5 9908 3511 462 9909 3513 462 9910 3514 462 9911 3514 5 9912 3512 5 9913 3511 5 9914 3490 5 9915 3515 5 9916 3516 5 9917 3516 5 9918 3517 5 9919 3490 5 9920 3487 463 9921 3490 463 9922 3517 463 9923 3517 464 9924 3518 464 9925 3487 464 9926 3520 5 9927 3487 5 9928 3518 5 9929 3518 5 9930 3519 5 9931 3520 5 9932 3515 465 9933 3520 465 9934 3519 465 9935 3519 466 9936 3516 466 9937 3515 466 9938 3494 3 9939 3521 3 9940 3522 3 9941 3522 3 9942 3523 3 9943 3494 3 9944 3491 467 9945 3494 467 9946 3523 467 9947 3523 3 9948 3524 3 9949 3491 3 9950 3526 3 9951 3491 3 9952 3524 3 9953 3524 3 9954 3525 3 9955 3526 3 9956 3521 341 9957 3526 341 9958 3525 341 9959 3525 468 9960 3522 468 9961 3521 468 9962 3496 5 9963 3527 5 9964 3528 5 9965 3528 5 9966 3529 5 9967 3496 5 9968 3490 469 9969 3496 469 9970 3529 469 9971 3529 470 9972 3530 470 9973 3490 470 9974 3515 5 9975 3490 5 9976 3530 5 9977 3530 5 9978 3531 5 9979 3515 5 9980 3527 471 9981 3515 471 9982 3531 471 9983 3531 472 9984 3528 472 9985 3527 472 9986 3491 3 9987 3526 3 9988 3532 3 9989 3532 3 9990 3533 3 9991 3491 3 9992 3497 3 9993 3491 3 9994 3533 3 9995 3533 3 9996 3534 3 9997 3497 3 9998 3536 3 9999 3497 3 10000 3534 3 10001 3534 3 10002 3535 3 10003 3536 3 10004 3526 3 10005 3536 3 10006 3535 3 10007 3535 3 10008 3532 3 10009 3526 3 10010 3500 5 10011 3537 5 10012 3538 5 10013 3538 5 10014 3539 5 10015 3500 5 10016 3496 473 10017 3500 473 10018 3539 473 10019 3539 474 10020 3540 474 10021 3496 474 10022 3527 5 10023 3496 5 10024 3540 5 10025 3540 5 10026 3541 5 10027 3527 5 10028 3537 475 10029 3527 475 10030 3541 475 10031 3541 476 10032 3538 476 10033 3537 476 10034 3497 3 10035 3536 3 10036 3542 3 10037 3542 3 10038 3543 3 10039 3497 3 10040 3476 477 10041 3497 477 10042 3543 477 10043 3543 3 10044 3544 3 10045 3476 3 10046 3479 3 10047 3476 3 10048 3544 3 10049 3544 3 10050 3545 3 10051 3479 3 10052 3536 3 10053 3479 3 10054 3545 3 10055 3545 478 10056 3542 478 10057 3536 478 10058 3494 479 10059 3477 479 10060 3546 479 10061 3546 480 10062 3547 480 10063 3494 480 10064 3521 3 10065 3494 3 10066 3547 3 10067 3547 3 10068 3548 3 10069 3521 3 10070 3480 481 10071 3521 481 10072 3548 481 10073 3548 482 10074 3549 482 10075 3480 482 10076 3477 3 10077 3480 3 10078 3549 3 10079 3549 3 10080 3546 3 10081 3477 3 10082 3487 5 10083 3520 5 10084 3550 5 10085 3550 5 10086 3551 5 10087 3487 5 10088 3511 483 10089 3487 483 10090 3551 483 10091 3551 484 10092 3552 484 10093 3511 484 10094 3554 5 10095 3511 5 10096 3552 5 10097 3552 5 10098 3553 5 10099 3554 5 10100 3520 485 10101 3554 485 10102 3553 485 10103 3553 486 10104 3550 486 10105 3520 486 10106 2005 5 10107 2586 5 10108 3555 5 10109 3555 5 10110 3556 5 10111 2005 5 10112 2981 487 10113 2005 487 10114 3556 487 10115 3556 348 10116 3557 348 10117 2981 348 10118 3013 5 10119 2981 5 10120 3557 5 10121 3557 5 10122 3558 5 10123 3013 5 10124 2586 5 10125 3013 5 10126 3558 5 10127 3558 488 10128 3555 488 10129 2586 488 10130 2014 3 10131 2988 3 10132 3559 3 10133 3559 3 10134 3560 3 10135 2014 3 10136 2593 3 10137 2014 3 10138 3560 3 10139 3560 3 10140 3561 3 10141 2593 3 10142 3015 350 10143 2593 350 10144 3561 350 10145 3561 351 10146 3562 351 10147 3015 351 10148 2988 3 10149 3015 3 10150 3562 3 10151 3562 3 10152 3559 3 10153 2988 3 10154 2586 5 10155 2596 5 10156 3563 5 10157 3563 5 10158 3564 5 10159 2586 5 10160 3013 489 10161 2586 489 10162 3564 489 10163 3564 353 10164 3565 353 10165 3013 353 10166 3023 5 10167 3013 5 10168 3565 5 10169 3565 5 10170 3566 5 10171 3023 5 10172 2596 5 10173 3023 5 10174 3566 5 10175 3566 490 10176 3563 490 10177 2596 490 10178 2593 3 10179 3015 3 10180 3567 3 10181 3567 3 10182 3568 3 10183 2593 3 10184 2603 3 10185 2593 3 10186 3568 3 10187 3568 3 10188 3569 3 10189 2603 3 10190 3025 355 10191 2603 355 10192 3569 355 10193 3569 356 10194 3570 356 10195 3025 356 10196 3015 3 10197 3025 3 10198 3570 3 10199 3570 3 10200 3567 3 10201 3015 3 10202 2596 5 10203 2606 5 10204 3571 5 10205 3571 5 10206 3572 5 10207 2596 5 10208 3023 491 10209 2596 491 10210 3572 491 10211 3572 358 10212 3573 358 10213 3023 358 10214 3033 5 10215 3023 5 10216 3573 5 10217 3573 5 10218 3574 5 10219 3033 5 10220 2606 5 10221 3033 5 10222 3574 5 10223 3574 488 10224 3571 488 10225 2606 488 10226 2603 3 10227 3025 3 10228 3575 3 10229 3575 3 10230 3576 3 10231 2603 3 10232 2613 3 10233 2603 3 10234 3576 3 10235 3576 3 10236 3577 3 10237 2613 3 10238 3035 350 10239 2613 350 10240 3577 350 10241 3577 351 10242 3578 351 10243 3035 351 10244 3025 3 10245 3035 3 10246 3578 3 10247 3578 3 10248 3575 3 10249 3025 3 10250 2606 5 10251 2616 5 10252 3579 5 10253 3579 5 10254 3580 5 10255 2606 5 10256 3033 489 10257 2606 489 10258 3580 489 10259 3580 353 10260 3581 353 10261 3033 353 10262 3043 5 10263 3033 5 10264 3581 5 10265 3581 5 10266 3582 5 10267 3043 5 10268 2616 5 10269 3043 5 10270 3582 5 10271 3582 492 10272 3579 492 10273 2616 492 10274 2613 3 10275 3035 3 10276 3583 3 10277 3583 3 10278 3584 3 10279 2613 3 10280 2623 3 10281 2613 3 10282 3584 3 10283 3584 3 10284 3585 3 10285 2623 3 10286 3045 360 10287 2623 360 10288 3585 360 10289 3585 361 10290 3586 361 10291 3045 361 10292 3035 3 10293 3045 3 10294 3586 3 10295 3586 3 10296 3583 3 10297 3035 3 10298 2616 5 10299 1998 5 10300 3587 5 10301 3587 5 10302 3588 5 10303 2616 5 10304 3043 489 10305 2616 489 10306 3588 489 10307 3588 353 10308 3589 353 10309 3043 353 10310 2976 5 10311 3043 5 10312 3589 5 10313 3589 5 10314 3590 5 10315 2976 5 10316 1998 5 10317 2976 5 10318 3590 5 10319 3590 490 10320 3587 490 10321 1998 490 10322 2623 3 10323 3045 3 10324 3591 3 10325 3591 3 10326 3592 3 10327 2623 3 10328 2001 3 10329 2623 3 10330 3592 3 10331 3592 3 10332 3593 3 10333 2001 3 10334 2977 355 10335 2001 355 10336 3593 355 10337 3593 356 10338 3594 356 10339 2977 356 10340 3045 3 10341 2977 3 10342 3594 3 10343 3594 3 10344 3591 3 10345 3045 3 10346 3598 60 10347 3595 60 10348 3596 60 10349 3596 60 10350 3597 60 10351 3598 60 10352 3602 4 10353 3599 4 10354 3600 4 10355 3600 4 10356 3601 4 10357 3602 4 10358 3606 0 10359 3603 0 10360 3604 0 10361 3604 0 10362 3605 0 10363 3606 0 10364 3610 59 10365 3607 59 10366 3608 59 10367 3608 59 10368 3609 59 10369 3610 59 10370 3614 60 10371 3611 60 10372 3612 60 10373 3612 60 10374 3613 60 10375 3614 60 10376 3618 4 10377 3615 4 10378 3616 4 10379 3616 4 10380 3617 4 10381 3618 4 10382 3622 0 10383 3619 0 10384 3620 0 10385 3620 0 10386 3621 0 10387 3622 0 10388 3626 59 10389 3623 59 10390 3624 59 10391 3624 59 10392 3625 59 10393 3626 59 10394 3630 60 10395 3627 60 10396 3628 60 10397 3628 60 10398 3629 60 10399 3630 60 10400 3634 4 10401 3631 4 10402 3632 4 10403 3632 4 10404 3633 4 10405 3634 4 10406 3638 0 10407 3635 0 10408 3636 0 10409 3636 0 10410 3637 0 10411 3638 0 10412 3642 59 10413 3639 59 10414 3640 59 10415 3640 59 10416 3641 59 10417 3642 59 10418 3646 60 10419 3643 60 10420 3644 60 10421 3644 60 10422 3645 60 10423 3646 60 10424 3650 4 10425 3647 4 10426 3648 4 10427 3648 4 10428 3649 4 10429 3650 4 10430 3654 0 10431 3651 0 10432 3652 0 10433 3652 0 10434 3653 0 10435 3654 0 10436 3658 59 10437 3655 59 10438 3656 59 10439 3656 59 10440 3657 59 10441 3658 59 10442 3662 60 10443 3659 60 10444 3660 60 10445 3660 60 10446 3661 60 10447 3662 60 10448 3666 4 10449 3663 4 10450 3664 4 10451 3664 4 10452 3665 4 10453 3666 4 10454 3670 0 10455 3667 0 10456 3668 0 10457 3668 0 10458 3669 0 10459 3670 0 10460 3674 59 10461 3671 59 10462 3672 59 10463 3672 59 10464 3673 59 10465 3674 59 10466 3678 362 10467 3675 362 10468 3676 362 10469 3676 363 10470 3677 363 10471 3678 363 10472 3680 364 10473 3679 364 10474 3675 364 10475 3675 362 10476 3678 362 10477 3680 362 10478 3684 493 10479 3681 493 10480 3682 493 10481 3682 59 10482 3683 59 10483 3684 59 10484 3686 367 10485 3685 367 10486 3679 367 10487 3679 368 10488 3680 368 10489 3686 368 10490 3690 494 10491 3687 494 10492 3688 494 10493 3688 0 10494 3689 0 10495 3690 0 10496 3692 370 10497 3691 370 10498 3677 370 10499 3677 371 10500 3676 371 10501 3692 371 10502 3696 372 10503 3693 372 10504 3694 372 10505 3694 495 10506 3695 495 10507 3696 495 10508 3700 374 10509 3697 374 10510 3698 374 10511 3698 374 10512 3699 374 10513 3700 374 10514 3704 4 10515 3701 4 10516 3702 4 10517 3702 4 10518 3703 4 10519 3704 4 10520 3708 105 10521 3705 105 10522 3706 105 10523 3706 496 10524 3707 496 10525 3708 496 10526 3712 59 10527 3709 59 10528 3710 59 10529 3710 59 10530 3711 59 10531 3712 59 10532 3716 374 10533 3713 374 10534 3714 374 10535 3714 374 10536 3715 374 10537 3716 374 10538 3720 497 10539 3717 497 10540 3718 497 10541 3718 0 10542 3719 0 10543 3720 0 10544 3724 4 10545 3721 4 10546 3722 4 10547 3722 4 10548 3723 4 10549 3724 4 10550 3728 59 10551 3725 59 10552 3726 59 10553 3726 59 10554 3727 59 10555 3728 59 10556 3732 379 10557 3729 379 10558 3730 379 10559 3730 498 10560 3731 498 10561 3732 498 10562 3736 499 10563 3733 499 10564 3734 499 10565 3734 110 10566 3735 110 10567 3736 110 10568 3740 4 10569 3737 4 10570 3738 4 10571 3738 4 10572 3739 4 10573 3740 4 10574 3744 500 10575 3741 500 10576 3742 500 10577 3742 59 10578 3743 59 10579 3744 59 10580 3748 374 10581 3745 374 10582 3746 374 10583 3746 374 10584 3747 374 10585 3748 374 10586 3752 501 10587 3749 501 10588 3750 501 10589 3750 59 10590 3751 59 10591 3752 59 10592 3756 4 10593 3753 4 10594 3754 4 10595 3754 4 10596 3755 4 10597 3756 4 10598 3760 0 10599 3757 0 10600 3758 0 10601 3758 502 10602 3759 502 10603 3760 502 10604 3761 60 10605 3762 60 10606 3763 60 10607 3767 503 10608 3764 503 10609 3765 503 10610 3765 504 10611 3766 504 10612 3767 504 10613 12 3 10614 2959 3 10615 3768 3 10616 3768 3 10617 848 3 10618 12 3 10619 3193 5 10620 3165 5 10621 3769 5 10622 3769 5 10623 3770 5 10624 3193 5 10625 2960 3 10626 3771 3 10627 3475 3 10628 3475 3 10629 2961 3 10630 2960 3 10631 1993 3 10632 2975 3 10633 2987 3 10634 2987 3 10635 2013 3 10636 1993 3 10637 3101 3 10638 3170 3 10639 3771 3 10640 3771 3 10641 2960 3 10642 3101 3 10643 2963 3 10644 3099 3 10645 3101 3 10646 3101 3 10647 2960 3 10648 2963 3 10649 2957 0 10650 3772 0 10651 3773 0 10652 3773 0 10653 2954 0 10654 2957 0 10655 3196 385 10656 3195 385 10657 3009 385 10658 3009 505 10659 2987 505 10660 3196 505 10661 3390 4 10662 3774 4 10663 3775 4 10664 3775 4 10665 3387 4 10666 3390 4 10667 3770 5 10668 3769 5 10669 2982 5 10670 2982 5 10671 3005 5 10672 3770 5 10673 3504 506 10674 3503 506 10675 3514 506 10676 3514 5 10677 3513 5 10678 3504 5 10679 3696 374 10680 3695 374 10681 3776 374 10682 3776 60 10683 3777 60 10684 3696 60 10685 3508 3 10686 3507 3 10687 2974 3 10688 2974 3 10689 3510 3 10690 3508 3 10691 3780 3 10692 3507 3 10693 3778 3 10694 3778 3 10695 3779 3 10696 3780 3 10697 3771 3 10698 3780 3 10699 3779 3 10700 3779 3 10701 3781 3 10702 3771 3 10703 3475 3 10704 3771 3 10705 3781 3 10706 3781 3 10707 3782 3 10708 3475 3 10709 3507 3 10710 3475 3 10711 3782 3 10712 3782 3 10713 3778 3 10714 3507 3 10715 3786 507 10716 3783 507 10717 3784 507 10718 3784 5 10719 3785 5 10720 3786 5 10721 3504 5 10722 3786 5 10723 3785 5 10724 3785 5 10725 3787 5 10726 3504 5 10727 3502 5 10728 3504 5 10729 3787 5 10730 3787 508 10731 3788 508 10732 3502 508 10733 3783 5 10734 3502 5 10735 3788 5 10736 3788 5 10737 3784 5 10738 3783 5 10739 3771 3 10740 3170 3 10741 3789 3 10742 3789 3 10743 3790 3 10744 3771 3 10745 3780 3 10746 3771 3 10747 3790 3 10748 3790 3 10749 3791 3 10750 3780 3 10751 3196 3 10752 3780 3 10753 3791 3 10754 3791 3 10755 3792 3 10756 3196 3 10757 3170 3 10758 3196 3 10759 3792 3 10760 3792 3 10761 3789 3 10762 3170 3 10763 3786 5 10764 3769 5 10765 3793 5 10766 3793 5 10767 3794 5 10768 3786 5 10769 3783 509 10770 3786 509 10771 3794 509 10772 3794 510 10773 3795 510 10774 3783 510 10775 3165 5 10776 3783 5 10777 3795 5 10778 3795 5 10779 3796 5 10780 3165 5 10781 3769 511 10782 3165 511 10783 3796 511 10784 3796 5 10785 3793 5 10786 3769 5 10787 3780 512 10788 2975 512 10789 3797 512 10790 3797 513 10791 3798 513 10792 3780 513 10793 3507 3 10794 3780 3 10795 3798 3 10796 3798 3 10797 3799 3 10798 3507 3 10799 2974 514 10800 3507 514 10801 3799 514 10802 3799 515 10803 3800 515 10804 2974 515 10805 2975 3 10806 2974 3 10807 3800 3 10808 3800 3 10809 3797 3 10810 2975 3 10811 3780 3 10812 3196 3 10813 3801 3 10814 3801 3 10815 3802 3 10816 3780 3 10817 2975 516 10818 3780 516 10819 3802 516 10820 3802 517 10821 3803 517 10822 2975 517 10823 2987 3 10824 2975 3 10825 3803 3 10826 3803 3 10827 3804 3 10828 2987 3 10829 3196 518 10830 2987 518 10831 3804 518 10832 3804 519 10833 3801 519 10834 3196 519 10835 3807 5 10836 2982 5 10837 3805 5 10838 3805 5 10839 3806 5 10840 3807 5 10841 3786 520 10842 3807 520 10843 3806 520 10844 3806 282 10845 3808 282 10846 3786 282 10847 3769 5 10848 3786 5 10849 3808 5 10850 3808 5 10851 3809 5 10852 3769 5 10853 2982 521 10854 3769 521 10855 3809 521 10856 3809 522 10857 3805 522 10858 2982 522 10859 3786 5 10860 3504 5 10861 3810 5 10862 3810 5 10863 3811 5 10864 3786 5 10865 3807 523 10866 3786 523 10867 3811 523 10868 3811 278 10869 3812 278 10870 3807 278 10871 3513 5 10872 3807 5 10873 3812 5 10874 3812 5 10875 3813 5 10876 3513 5 10877 3504 524 10878 3513 524 10879 3813 524 10880 3813 525 10881 3810 525 10882 3504 525 10883 3817 144 10884 3814 144 10885 3815 144 10886 3815 526 10887 3816 526 10888 3817 526 10889 3821 4 10890 3818 4 10891 3819 4 10892 3819 4 10893 3820 4 10894 3821 4 10895 3825 0 10896 3822 0 10897 3823 0 10898 3823 527 10899 3824 527 10900 3825 527 10901 3829 528 10902 3826 528 10903 3827 528 10904 3827 60 10905 3828 60 10906 3829 60 10907 3833 4 10908 3830 4 10909 3831 4 10910 3831 4 10911 3832 4 10912 3833 4 10913 3837 0 10914 3834 0 10915 3835 0 10916 3835 529 10917 3836 529 10918 3837 529 10919 3841 60 10920 3838 60 10921 3839 60 10922 3839 60 10923 3840 60 10924 3841 60 10925 3845 149 10926 3842 149 10927 3843 149 10928 3843 526 10929 3844 526 10930 3845 526 10931 3849 60 10932 3846 60 10933 3847 60 10934 3847 60 10935 3848 60 10936 3849 60 10937 3853 59 10938 3850 59 10939 3851 59 10940 3851 530 10941 3852 530 10942 3853 530 10943 3857 4 10944 3854 4 10945 3855 4 10946 3855 4 10947 3856 4 10948 3857 4 10949 3861 151 10950 3858 151 10951 3859 151 10952 3859 531 10953 3860 531 10954 3861 531 10955 3865 59 10956 3862 59 10957 3863 59 10958 3863 59 10959 3864 59 10960 3865 59 10961 3869 4 10962 3866 4 10963 3867 4 10964 3867 4 10965 3868 4 10966 3869 4 10967 3873 153 10968 3870 153 10969 3871 153 10970 3871 532 10971 3872 532 10972 3873 532 10973 3877 60 10974 3874 60 10975 3875 60 10976 3875 60 10977 3876 60 10978 3877 60 10979 3480 3 10980 2510 3 10981 2915 3 10982 2915 3 10983 3878 3 10984 3480 3 10985 3882 533 10986 3879 533 10987 3880 533 10988 3880 534 10989 3881 534 10990 3882 534 10991 3886 3 10992 3883 3 10993 3884 3 10994 3884 3 10995 3885 3 10996 3886 3 10997 3890 535 10998 3888 535 10999 3887 535 11000 3887 536 11001 3889 536 11002 3890 536 11003 3478 3 11004 3479 3 11005 3891 3 11006 3891 3 11007 3892 3 11008 3478 3 11009 2962 3 11010 3474 3 11011 3893 3 11012 3893 3 11013 3884 3 11014 2962 3 11015 3099 3 11016 2963 3 11017 3885 3 11018 3885 3 11019 3894 3 11020 3099 3 11021 3898 537 11022 3895 537 11023 3896 537 11024 3896 538 11025 3897 538 11026 3898 538 11027 3902 3 11028 3899 3 11029 3900 3 11030 3900 3 11031 3901 3 11032 3902 3 11033 3906 539 11034 3903 539 11035 3904 539 11036 3904 540 11037 3905 540 11038 3906 540 11039 3908 60 11040 3907 60 11041 3076 60 11042 3076 60 11043 3074 60 11044 3908 60 11045 3472 541 11046 3471 541 11047 3910 541 11048 3910 0 11049 3909 0 11050 3472 0 11051 3899 3 11052 3478 3 11053 3892 3 11054 3892 3 11055 3900 3 11056 3899 3 11057 3902 3 11058 3901 3 11059 3893 3 11060 3893 3 11061 3474 3 11062 3902 3 11063 3474 3 11064 3478 3 11065 3899 3 11066 3899 3 11067 3902 3 11068 3474 3 11069</p>
        </triangles>
      </mesh>
    </geometry>
  </library_geometries>
  <library_visual_scenes>
    <visual_scene id="Scene" name="Scene">
      <node id="pallet_low" name="pallet_low" type="NODE">
        <matrix sid="transform">-4.72375e-10 1.62921e-9 0.008982334 0 0 -0.01 1.46341e-9 0 0.01080668 0 3.9263e-10 0 0 0 0 1</matrix>
        <instance_geometry url="#meshId0_name-mesh" name="pallet_low">
          <bind_material>
            <technique_common>
              <instance_material symbol="blinn1_001-material" target="#blinn1_001-material">
                <bind_vertex_input semantic="meshId0-tex0" input_semantic="TEXCOORD" input_set="0"/>
              </instance_material>
            </technique_common>
          </bind_material>
        </instance_geometry>
      </node>
    </visual_scene>
  </library_visual_scenes>
  <scene>
    <instance_visual_scene url="#Scene"/>
  </scene>
</COLLADA>