<?xml version="1.0" encoding="utf-8"?>
<COLLADA xmlns="http://www.collada.org/2005/11/COLLADASchema" version="1.4.1" xmlns:xsi="http://www.w3.org/2001/XMLSchema-instance">
  <asset>
    <contributor>
      <author>Blender User</author>
      <authoring_tool>Blender 4.4.0 commit date:2025-03-17, commit time:17:00, hash:05377985c527</authoring_tool>
    </contributor>
    <created>2026-07-07T16:42:57</created>
    <modified>2026-07-07T16:42:57</modified>
    <unit name="meter" meter="1"/>
    <up_axis>Z_UP</up_axis>
  </asset>
  <library_effects>
    <effect id="Main_Wood_Frame-effect">
      <profile_COMMON>
        <newparam sid="Main_Wood_Frame_Base_color_png-surface">
          <surface type="2D">
            <init_from>Main_Wood_Frame_Base_color_png</init_from>
          </surface>
        </newparam>
        <newparam sid="Main_Wood_Frame_Base_color_png-sampler">
          <sampler2D>
            <source>Main_Wood_Frame_Base_color_png-surface</source>
          </sampler2D>
        </newparam>
        <technique sid="common">
          <lambert>
            <emission>
              <color sid="emission">0 0 0 1</color>
            </emission>
            <diffuse>
              <texture texture="Main_Wood_Frame_Base_color_png-sampler" texcoord="Attribute"/>
            </diffuse>
            <reflectivity>
              <float sid="specular">1</float>
            </reflectivity>
            <index_of_refraction>
              <float sid="ior">1.5</float>
            </index_of_refraction>
          </lambert>
        </technique>
      </profile_COMMON>
    </effect>
    <effect id="Doors-effect">
      <profile_COMMON>
        <newparam sid="Doors_Base_color_png-surface">
          <surface type="2D">
            <init_from>Doors_Base_color_png</init_from>
          </surface>
        </newparam>
        <newparam sid="Doors_Base_color_png-sampler">
          <sampler2D>
            <source>Doors_Base_color_png-surface</source>
          </sampler2D>
        </newparam>
        <technique sid="common">
          <lambert>
            <emission>
              <color sid="emission">0 0 0 1</color>
            </emission>
            <diffuse>
              <texture texture="Doors_Base_color_png-sampler" texcoord="Attribute"/>
            </diffuse>
            <reflectivity>
              <float sid="specular">1</float>
            </reflectivity>
            <index_of_refraction>
              <float sid="ior">1.5</float>
            </index_of_refraction>
          </lambert>
        </technique>
      </profile_COMMON>
    </effect>
    <effect id="Handles-effect">
      <profile_COMMON>
        <newparam sid="Handles_Base_color_png-surface">
          <surface type="2D">
            <init_from>Handles_Base_color_png</init_from>
          </surface>
        </newparam>
        <newparam sid="Handles_Base_color_png-sampler">
          <sampler2D>
            <source>Handles_Base_color_png-surface</source>
          </sampler2D>
        </newparam>
        <technique sid="common">
          <lambert>
            <emission>
              <color sid="emission">0 0 0 1</color>
            </emission>
            <diffuse>
              <texture texture="Handles_Base_color_png-sampler" texcoord="Attribute"/>
            </diffuse>
            <reflectivity>
              <float sid="specular">1</float>
            </reflectivity>
            <index_of_refraction>
              <float sid="ior">1.5</float>
            </index_of_refraction>
          </lambert>
        </technique>
      </profile_COMMON>
    </effect>
  </library_effects>
  <library_images>
    <image id="Doors_Base_color_png" name="Doors_Base_color_png">
      <init_from>Doors_Base_color.png</init_from>
    </image>
    <image id="Handles_Base_color_png" name="Handles_Base_color_png">
      <init_from>Handles_Base_color.png</init_from>
    </image>
    <image id="Main_Wood_Frame_Base_color_png" name="Main_Wood_Frame_Base_color_png">
      <init_from>Main_Wood_Frame_Base_color.png</init_from>
    </image>
  </library_images>
  <library_materials>
    <material id="Main_Wood_Frame-material" name="Main_Wood_Frame">
      <instance_effect url="#Main_Wood_Frame-effect"/>
    </material>
    <material id="Doors-material" name="Doors">
      <instance_effect url="#Doors-effect"/>
    </material>
    <material id="Handles-material" name="Handles">
      <instance_effect url="#Handles-effect"/>
    </material>
  </library_materials>
  <library_geometries>
    <geometry id="Main_Wood_Frame_003-mesh" name="Main_Wood_Frame.003">
      <mesh>
        <source id="Main_Wood_Frame_003-mesh-positions">
          <float_array id="Main_Wood_Frame_003-mesh-positions-array" count="1446">0.02546203 -0.1517533 -1.862647 0.02546203 -0.1517533 3.797353 0.007897019 -0.1203193 3.847062 0.007897019 -0.1203193 -1.912356 2.025462 -2.811753 3.797353 2.025462 -0.1517533 3.797353 0.02546203 -2.811753 3.797353 0.02546203 -2.811753 -1.862647 0.03453612 -2.837699 -1.836968 0.03453612 -2.837699 3.771674 2.025462 -2.811753 -1.862647 2.025462 -0.1517533 -1.862647 2.016388 -2.837699 3.771674 0.03453612 -2.858169 3.771674 2.016388 -2.858169 3.771674 2.016388 -2.837699 -1.836968 0.02100408 -2.878663 3.809969 2.02992 -2.878663 3.809969 0.03453612 -2.858169 -1.836968 2.016388 -2.858169 -1.836968 2.02992 -2.878663 -1.875263 2.035246 -2.919694 3.825043 2.035246 -2.919694 -1.890337 0.02100408 -2.878663 -1.875263 0.01567816 -2.919694 3.825043 0.01567816 -2.97438 3.825043 2.035246 -2.97438 3.825043 0.01567816 -2.919694 -1.890337 0.01567816 -2.97438 -1.890337 2.035246 -2.97438 -1.890337 2.043027 -0.1203193 -1.912356 0.007897019 -0.03652238 -1.912356 2.043027 -0.03652238 -1.912356 2.043027 -0.1203193 3.847062 0.007897019 -0.03652238 3.847062 1.19209e-7 -0.01563048 3.869412 1.19209e-7 -0.01563048 -1.934706 2.043027 -0.03652238 3.847062 2.050924 -0.01563048 -1.934706 1.19209e-7 0.03125751 -1.934706 2.050924 0.03125751 -1.934706 2.050924 -0.01563048 3.869412 1.19209e-7 0.03125751 3.869412 2.050924 0.03125751 3.869412 1.987794 -2.681754 3.659792 1.987794 -0.281754 3.659792 1.987794 -0.281754 1.939792 1.987794 -2.681754 1.939792 2.087794 -0.281754 1.939792 2.087794 -2.681754 1.939792 2.087794 -0.3096291 3.639815 2.087794 -2.653879 3.639815 2.050893 -2.653879 3.639815 2.050893 -0.3096291 3.639815 2.087794 -2.681754 3.659792 2.087794 -0.281754 3.659792 2.087794 -0.3096291 1.959769 2.087794 -2.653879 1.959769 2.050893 -0.3464561 3.613422 2.050893 -2.617052 3.613422 2.072814 -2.617052 3.613422 2.072814 -0.3464561 3.613422 2.050893 -2.653879 1.959769 2.050893 -0.3096291 1.959769 2.050893 -0.3464561 1.986161 2.050893 -2.617052 1.986161 2.072814 -0.3801421 2.010303 2.072814 -0.3801421 3.58928 2.042374 -0.3801421 3.58928 2.042374 -0.3801421 2.010303 2.072814 -2.617052 1.986161 2.072814 -0.3464561 1.986161 2.072814 -2.583366 2.010303 2.072814 -2.583366 3.58928 2.042374 -2.583366 2.010303 2.042374 -2.583366 3.58928 1.987794 -2.681754 1.819716 1.987794 -0.281754 1.819716 1.987794 -0.281754 0.09971648 1.987794 -2.681754 0.09971648 2.087794 -0.281754 0.09971648 2.087794 -2.681754 0.09971648 2.087794 -0.3096291 1.799739 2.087794 -2.653879 1.799739 2.050893 -2.653879 1.799739 2.050893 -0.3096291 1.799739 2.087794 -2.681754 1.819716 2.087794 -0.281754 1.819716 2.087794 -0.3096291 0.1196924 2.087794 -2.653879 0.1196924 2.050893 -0.3464561 1.773346 2.050893 -2.617052 1.773346 2.072814 -2.617052 1.773346 2.072814 -0.3464561 1.773346 2.050893 -2.653879 0.1196924 2.050893 -0.3096291 0.1196924 2.050893 -0.3464561 0.1460853 2.050893 -2.617052 0.1460853 2.072814 -0.3801421 0.1702274 2.072814 -0.3801421 1.749204 2.042374 -0.3801421 1.749204 2.042374 -0.3801421 0.1702274 2.072814 -2.617052 0.1460853 2.072814 -0.3464561 0.1460853 2.072814 -2.583366 0.1702274 2.072814 -2.583366 1.749204 2.042374 -2.583366 0.1702274 2.042374 -2.583366 1.749204 1.987794 -2.681754 -0.02980256 1.987794 -0.281754 -0.02980256 1.987794 -0.281754 -1.749802 1.987794 -2.681754 -1.749802 2.087794 -0.281754 -1.749802 2.087794 -2.681754 -1.749802 2.087794 -0.3096291 -0.04977953 2.087794 -2.653879 -0.04977953 2.050893 -2.653879 -0.04977953 2.050893 -0.3096291 -0.04977953 2.087794 -2.681754 -0.02980256 2.087794 -0.281754 -0.02980256 2.087794 -0.3096291 -1.729825 2.087794 -2.653879 -1.729825 2.050893 -0.3464561 -0.07617151 2.050893 -2.617052 -0.07617151 2.072814 -2.617052 -0.07617151 2.072814 -0.3464561 -0.07617151 2.050893 -2.653879 -1.729825 2.050893 -0.3096291 -1.729825 2.050893 -0.3464561 -1.703432 2.050893 -2.617052 -1.703432 2.072814 -0.3801421 -1.67929 2.072814 -0.3801421 -0.1003135 2.042374 -0.3801421 -0.1003135 2.042374 -0.3801421 -1.67929 2.072814 -2.617052 -1.703432 2.072814 -0.3464561 -1.703432 2.072814 -2.583366 -1.67929 2.072814 -2.583366 -0.1003135 2.042374 -2.583366 -1.67929 2.042374 -2.583366 -0.1003135 2.082405 -2.029958 -1.429055 2.062143 -2.029958 -1.463695 2.060771 -2.065085 -1.464179 2.081543 -2.094864 -1.430569 2.078316 -2.029958 -1.50019 2.094166 -2.029958 -1.463207 2.092462 -2.094864 -1.464739 2.07648 -2.065085 -1.50062 2.110449 -2.029958 -1.430712 2.119243 -2.029958 -1.412657 2.119093 -2.121749 -1.415453 2.109645 -2.114762 -1.433199 2.108067 -2.029958 -1.410763 2.107609 -2.114762 -1.413152 2.039442 -2.029958 -1.48528 2.051016 -2.029958 -1.517569 2.11163 -2.199566 -1.42113 2.102766 -2.186655 -1.438464 2.07651 -2.149889 -1.433974 2.101167 -2.186655 -1.418207 2.056406 -2.094864 -1.465334 2.070885 -2.094864 -1.501621 2.0857 -2.149889 -1.468147 2.061564 -2.114762 -1.502568 2.084738 -2.234693 -1.442785 2.071468 -2.186655 -1.471154 2.08355 -2.234693 -1.422382 2.091533 -2.251561 -1.425641 2.04874 -2.114762 -1.466515 2.064147 -2.186655 -1.437074 2.054189 -2.251561 -1.423704 2.058189 -2.26982 -1.426867 2.038158 -2.121749 -1.46718 2.044094 -2.199566 -1.438394 2.049685 -2.199566 -1.472281 2.049241 -2.121749 -1.502964 2.055015 -2.251561 -1.444113 2.023419 -2.186655 -1.471489 2.035605 -2.114762 -1.502709 2.016607 -2.251561 -1.42528 2.018028 -2.234693 -1.442742 2.01928 -2.186655 -1.437835 2.017499 -2.234693 -1.422435 2.026098 -2.114762 -1.467172 1.99504 -2.149889 -1.436293 1.981505 -2.186655 -1.420146 2.014824 -2.094864 -1.466717 2.023093 -2.094864 -1.50206 1.981813 -2.186655 -1.440326 1.998089 -2.149889 -1.469749 1.975855 -2.199566 -1.422749 2.014274 -2.065085 -1.501435 1.955374 -2.114762 -1.438432 1.979735 -2.094864 -1.468215 1.955202 -2.114762 -1.418342 1.946091 -2.121749 -1.420893 2.00679 -2.065085 -1.466213 1.977362 -2.094864 -1.434882 2.003877 -2.029958 -1.466002 1.970889 -2.029958 -1.434334 1.973033 -2.029958 -1.467628 2.011093 -2.029958 -1.501183 1.935185 -2.029958 -1.42027 1.945688 -2.029958 -1.437764 1.945562 -2.029958 -1.417703 1.979735 -1.965052 -1.468215 2.014274 -1.994831 -1.501435 1.946091 -1.938167 -1.420893 1.955374 -1.945154 -1.438432 1.977362 -1.965052 -1.434882 1.955202 -1.945154 -1.418342 2.00679 -1.994831 -1.466213 2.014824 -1.965052 -1.466717 2.023093 -1.965052 -1.50206 1.981813 -1.87326 -1.440326 1.998089 -1.910027 -1.469749 1.981505 -1.87326 -1.420146 1.975855 -1.86035 -1.422749 1.99504 -1.910027 -1.436294 2.018028 -1.825223 -1.442742 2.023419 -1.87326 -1.471489 2.017499 -1.825223 -1.422435 2.016607 -1.808354 -1.42528 2.026098 -1.945154 -1.467172 2.01928 -1.87326 -1.437835 2.035605 -1.945154 -1.502709 2.049685 -1.86035 -1.472281 2.049241 -1.938167 -1.502965 2.058189 -1.790096 -1.426867 2.055015 -1.808354 -1.444113 2.044094 -1.86035 -1.438394 2.054189 -1.808354 -1.423704 2.038158 -1.938167 -1.46718 2.091533 -1.808354 -1.425641 2.084738 -1.825223 -1.442785 2.064147 -1.873261 -1.437074 2.08355 -1.825223 -1.422382 2.04874 -1.945154 -1.466515 2.061564 -1.945154 -1.502568 2.071468 -1.873261 -1.471154 2.070885 -1.965052 -1.501621 2.102766 -1.873261 -1.438464 2.0857 -1.910027 -1.468147 2.101167 -1.873261 -1.418207 2.111631 -1.86035 -1.42113 2.056406 -1.965052 -1.465334 2.07651 -1.910027 -1.433974 2.107609 -1.945154 -1.413152 2.119093 -1.938167 -1.415453 2.060771 -1.994831 -1.464179 2.081543 -1.965052 -1.430569 2.092462 -1.965052 -1.464739 2.07648 -1.994831 -1.50062 2.109645 -1.945154 -1.433199 2.082406 -2.029958 2.265091 2.062143 -2.029958 2.23045 2.060771 -2.065085 2.229967 2.081543 -2.094864 2.263577 2.078316 -2.029958 2.193956 2.094166 -2.029958 2.230939 2.092462 -2.094864 2.229406 2.07648 -2.065085 2.193525 2.110449 -2.029958 2.263434 2.119243 -2.029958 2.281489 2.119093 -2.121749 2.278692 2.109645 -2.114762 2.260947 2.108067 -2.029958 2.283383 2.107609 -2.114762 2.280993 2.039442 -2.029958 2.208866 2.051016 -2.029958 2.176577 2.111631 -2.199566 2.273015 2.102766 -2.186655 2.255681 2.07651 -2.149889 2.260172 2.101167 -2.186655 2.275939 2.056406 -2.094864 2.228811 2.070885 -2.094864 2.192525 2.0857 -2.149889 2.225999 2.061564 -2.114762 2.191579 2.084738 -2.234693 2.251361 2.071468 -2.186655 2.222991 2.08355 -2.234693 2.271763 2.091533 -2.251562 2.268505 2.04874 -2.114762 2.22763 2.064147 -2.186655 2.257071 2.054189 -2.251562 2.270441 2.058189 -2.26982 2.267278 2.038158 -2.121749 2.226966 2.044094 -2.199566 2.255751 2.049685 -2.199566 2.221864 2.049241 -2.121749 2.191181 2.055015 -2.251562 2.250033 2.023419 -2.186655 2.222657 2.035605 -2.114762 2.191437 2.016607 -2.251562 2.268866 2.018028 -2.234693 2.251403 2.01928 -2.186655 2.256311 2.017499 -2.234693 2.271711 2.026098 -2.114762 2.226973 1.99504 -2.149889 2.257852 1.981505 -2.186655 2.274 2.014824 -2.094864 2.227428 2.023093 -2.094864 2.192086 1.981813 -2.186655 2.25382 1.998089 -2.149889 2.224397 1.975855 -2.199566 2.271396 2.014274 -2.065085 2.19271 1.955374 -2.114762 2.255713 1.979735 -2.094864 2.22593 1.955202 -2.114762 2.275803 1.946091 -2.121749 2.273252 2.00679 -2.065085 2.227932 1.977362 -2.094864 2.259264 2.003877 -2.029958 2.228144 1.970889 -2.029958 2.259812 1.973033 -2.029958 2.226517 2.011093 -2.029958 2.192963 1.935185 -2.029958 2.273875 1.945688 -2.029958 2.256382 1.945562 -2.029958 2.276443 1.979735 -1.965052 2.22593 2.014274 -1.994831 2.19271 1.946091 -1.938167 2.273252 1.955374 -1.945154 2.255713 1.977362 -1.965052 2.259264 1.955202 -1.945154 2.275803 2.00679 -1.994831 2.227932 2.014824 -1.965052 2.227428 2.023093 -1.965052 2.192086 1.981813 -1.87326 2.25382 1.998089 -1.910027 2.224397 1.981505 -1.87326 2.274 1.975855 -1.86035 2.271396 1.99504 -1.910027 2.257852 2.018028 -1.825223 2.251403 2.023419 -1.87326 2.222657 2.017499 -1.825223 2.271711 2.016607 -1.808354 2.268866 2.026098 -1.945154 2.226973 2.01928 -1.87326 2.256311 2.035605 -1.945154 2.191437 2.049685 -1.86035 2.221864 2.049241 -1.938167 2.191181 2.058189 -1.790096 2.267278 2.055015 -1.808354 2.250033 2.044094 -1.86035 2.255751 2.054189 -1.808354 2.270441 2.038158 -1.938167 2.226966 2.091533 -1.808354 2.268505 2.084738 -1.825223 2.251361 2.064147 -1.873261 2.257071 2.08355 -1.825223 2.271763 2.04874 -1.945154 2.22763 2.061564 -1.945154 2.191579 2.071468 -1.873261 2.222991 2.070885 -1.965052 2.192525 2.102766 -1.873261 2.255681 2.0857 -1.910027 2.225999 2.101167 -1.873261 2.275939 2.111631 -1.86035 2.273015 2.056406 -1.965052 2.228811 2.07651 -1.910027 2.260172 2.107609 -1.945154 2.280993 2.119093 -1.938167 2.278692 2.060771 -1.994831 2.229967 2.081543 -1.965052 2.263577 2.092462 -1.965052 2.229406 2.07648 -1.994831 2.193525 2.109645 -1.945154 2.260947 2.082406 -2.029958 0.4347395 2.062143 -2.029958 0.4000984 2.060771 -2.065085 0.3996154 2.081543 -2.094864 0.4332255 2.078316 -2.029958 0.3636054 2.094166 -2.029958 0.4005874 2.092462 -2.094864 0.3990554 2.07648 -2.065085 0.3631734 2.110449 -2.029958 0.4330824 2.119243 -2.029958 0.4511374 2.119093 -2.121749 0.4483404 2.109645 -2.114762 0.4305954 2.108067 -2.029958 0.4530324 2.107609 -2.114762 0.4506424 2.039442 -2.029958 0.3785144 2.051016 -2.029958 0.3462254 2.111631 -2.199566 0.4426644 2.102766 -2.186655 0.4253304 2.07651 -2.149889 0.4298204 2.101167 -2.186655 0.4455874 2.056406 -2.094864 0.3984594 2.070885 -2.094864 0.3621744 2.085701 -2.149889 0.3956474 2.061564 -2.114762 0.3612274 2.084738 -2.234693 0.4210104 2.071468 -2.186655 0.3926404 2.08355 -2.234693 0.4414124 2.091533 -2.251562 0.4381534 2.04874 -2.114762 0.3972795 2.064147 -2.186655 0.4267204 2.054189 -2.251562 0.4400894 2.058189 -2.26982 0.4369274 2.038158 -2.121749 0.3966144 2.044094 -2.199566 0.4253994 2.049685 -2.199566 0.3915134 2.049241 -2.121749 0.3608294 2.055015 -2.251562 0.4196814 2.023419 -2.186655 0.3923054 2.035605 -2.114762 0.3610854 2.016607 -2.251562 0.4385144 2.018028 -2.234693 0.4210514 2.01928 -2.186655 0.4259594 2.017499 -2.234693 0.4413594 2.026098 -2.114762 0.3966225 1.99504 -2.149889 0.4275004 1.981505 -2.186655 0.4436484 2.014824 -2.094864 0.3970774 2.023093 -2.094864 0.3617344 1.981813 -2.186655 0.4234685 1.998089 -2.149889 0.3940454 1.975855 -2.199566 0.4410454 2.014274 -2.065085 0.3623594 1.955374 -2.114762 0.4253624 1.979735 -2.094864 0.3955794 1.955202 -2.114762 0.4454525 1.946091 -2.121749 0.4429014 2.00679 -2.065085 0.3975815 1.977362 -2.094864 0.4289124 2.003877 -2.029958 0.3977924 1.970889 -2.029958 0.4294604 1.973033 -2.029958 0.3961664 2.011093 -2.029958 0.3626114 1.935185 -2.029958 0.4435244 1.945688 -2.029958 0.4260304 1.945562 -2.029958 0.4460914 1.979735 -1.965052 0.3955794 2.014274 -1.994831 0.3623594 1.946091 -1.938167 0.4429014 1.955374 -1.945154 0.4253624 1.977362 -1.965052 0.4289124 1.955202 -1.945154 0.4454525 2.00679 -1.994831 0.3975815 2.014824 -1.965052 0.3970774 2.023093 -1.965052 0.3617344 1.981813 -1.87326 0.4234685 1.998089 -1.910027 0.3940454 1.981505 -1.87326 0.4436484 1.975855 -1.86035 0.4410444 1.99504 -1.910027 0.4275004 2.018028 -1.825223 0.4210514 2.023419 -1.873261 0.3923054 2.017499 -1.825223 0.4413594 2.016607 -1.808354 0.4385144 2.026098 -1.945154 0.3966225 2.01928 -1.873261 0.4259594 2.035605 -1.945154 0.3610854 2.049685 -1.86035 0.3915134 2.049241 -1.938167 0.3608294 2.058189 -1.790096 0.4369274 2.055015 -1.808354 0.4196814 2.044094 -1.86035 0.4253994 2.054189 -1.808354 0.4400894 2.038158 -1.938167 0.3966144 2.091533 -1.808354 0.4381534 2.084738 -1.825223 0.4210104 2.064147 -1.873261 0.4267204 2.08355 -1.825223 0.4414114 2.04874 -1.945154 0.3972784 2.061564 -1.945154 0.3612274 2.071468 -1.873261 0.3926404 2.070885 -1.965052 0.3621744 2.102766 -1.873261 0.4253304 2.0857 -1.910027 0.3956474 2.101167 -1.873261 0.4455874 2.111631 -1.86035 0.4426644 2.056406 -1.965052 0.3984594 2.07651 -1.910027 0.4298204 2.107609 -1.945154 0.4506424 2.119093 -1.938167 0.4483404 2.060771 -1.994831 0.3996154 2.081543 -1.965052 0.4332255 2.092462 -1.965052 0.3990554 2.07648 -1.994831 0.3631734 2.109645 -1.945154 0.4305954</float_array>
          <technique_common>
            <accessor source="#Main_Wood_Frame_003-mesh-positions-array" count="482" stride="3">
              <param name="X" type="float"/>
              <param name="Y" type="float"/>
              <param name="Z" type="float"/>
            </accessor>
          </technique_common>
        </source>
        <source id="Main_Wood_Frame_003-mesh-normals">
          <float_array id="Main_Wood_Frame_003-mesh-normals-array" count="1278">-0.8729555 -0.4877999 0 -0.8729555 -0.4877999 0 0 0 1 -0.9934079 -0.1146345 0 -0.993408 -0.1146323 0 -1 0 0 -0.9798713 -0.19963 0 -0.9798713 -0.1996307 0 0.9934077 -0.1146355 0 0.9934077 -0.114636 0 1 0 0 0 0 -1 0.9798702 -0.1996362 0 0.9798709 -0.1996323 0 0 -0.7034268 -0.7107678 0 -0.7034268 -0.7107678 0 -0.7034283 -0.7107662 0 -0.7034284 -0.7107661 0 -0.7034268 0.7107677 0 -0.7034268 0.7107677 0 -0.7034283 0.7107663 0 -0.7034284 0.7107662 0 0.8816832 0.4718418 0 0.8816833 0.4718419 0 0.8816859 0.4718369 0 0.8816859 0.4718368 0.9984073 0.05641901 0 0.9916818 0.1287144 0 0.9916809 0.1287209 0 0.998407 0.05642175 0 -0.8344998 0.5510083 0 -0.8344998 0.5510084 0 -0.8344999 0.5510083 0 -0.8344998 0.5510082 0 0.8344907 0.5510221 0 0.8344906 0.5510222 0 0.8344994 0.5510089 0 0.8344995 0.5510089 0 0 0.8816788 -0.4718501 0 0.8816786 -0.4718505 0 0.8816903 -0.4718286 0 0.8816905 -0.4718284 0 0.1680923 0.9857714 0 0.168094 0.985771 0 0.1680921 -0.9857713 0 0.3448369 -0.9386627 0 0.3448413 -0.938661 0 0.1680942 -0.985771 0 0.3448369 0.9386627 0 0.3448414 0.938661 -0.998407 0.05642229 0 -0.9916808 0.1287219 0 -0.9916808 0.1287219 0 -0.998407 0.05642217 0 0 -1 0 0.872958 -0.4877954 0 0.8729563 -0.4877985 0 0.8729563 -0.4877986 0 0 -0.8451927 -0.5344618 0 -0.8451927 -0.5344619 0 -0.8451927 -0.5344617 0 -0.8451927 -0.5344618 0 -0.8451929 0.5344614 0 -0.8451929 0.5344615 0 -0.8451926 0.5344622 -0.9928274 -0.119557 0 -0.9764991 -0.2155215 0 -0.976499 -0.2155225 0 -0.9928275 -0.1195555 0 0.9764981 -0.2155261 0 0.9764962 -0.2155345 0 0 -0.730536 0.6828743 0 -0.7305359 -0.6828743 0 -0.730536 -0.6828742 0 -0.7305361 -0.6828742 0.9928271 -0.1195598 0 0.9928267 -0.1195625 0 0 1 0 1 0 0 1 4.73754e-6 0 1 6.04517e-6 0 1 0 0 1 -6.04502e-6 0 1 -4.73757e-6 0 -0.7036179 0.01460438 0.7104284 -0.7273015 7.87899e-6 0.6863181 -0.7809235 1.58001e-5 0.6246268 -0.7590961 0.03901112 0.6498087 0.7378007 -0.05218684 -0.6729983 0.7619002 -2.83727e-6 -0.6476946 0.8994447 9.82173e-6 -0.4370346 0.875289 -0.04789775 -0.4812224 0.8743448 -0.02549964 -0.484635 0.8889097 -8.1528e-6 -0.4580825 0.8884211 -1.02505e-5 0.4590293 0.8951834 -0.0775476 0.4388999 -0.200217 -0.0318005 0.9792354 -0.2132081 -5.31203e-6 0.9770069 -0.1242526 -1.54767e-7 0.9922506 0.08381891 -3.76266e-7 -0.996481 0.8037092 -0.1448969 -0.5771107 0.8831515 -0.270865 0.3829827 -0.1509891 -0.02730095 0.9881584 -0.6067036 0.08079916 0.7908112 -0.6606872 0.1077027 0.7428947 0.6368762 -0.128494 -0.7601829 0.7702404 -0.1505146 -0.6197379 0.3991898 -0.2310879 -0.8872688 0.4875259 -0.3154168 -0.8141441 0.5531401 -0.3964359 -0.7327174 0.681931 -0.6823377 0.2634115 -0.05338776 -0.01610118 0.998444 -0.3659316 0.1976039 0.9094212 -0.4206026 0.2109945 0.8823689 0.0652731 -0.9737839 0.2179092 -0.01027166 -0.01776945 0.9997894 -0.01012974 0.2945022 0.9555972 -0.02809458 0.2949687 0.9550939 0.01858663 -0.2948092 -0.9553755 0.01253342 -0.4349998 -0.9003434 0.01309651 -0.6023392 -0.7981328 -0.282131 -0.2447116 -0.9276413 -0.3856176 -0.3827159 -0.8395401 -0.4685987 -0.5228041 -0.7121034 -0.5366331 -0.7862482 0.3063312 0.04400151 0.03200036 0.9985189 0.317409 0.2976145 0.9003762 0.3063555 0.2574042 0.9164548 0.1094047 0.04332327 0.9930527 0.5111009 0.2181093 0.8313869 0.4814975 0.1784046 0.858098 -0.4351497 -0.1670969 -0.8847166 -0.587616 -0.2641063 -0.7648238 -0.6919022 -0.3506965 -0.631097 -0.7904192 -0.493602 0.3627598 -0.5118067 -0.08541435 -0.8548442 -0.678991 -0.1343272 -0.7217531 -0.7836802 -0.1753958 -0.5958874 -0.8963078 -0.2420045 0.3715727 0.136993 0.02665132 0.9902135 0.5996878 0.11284 0.7922385 0.5686385 0.09167724 0.8174629 0.6256263 2.96775e-6 0.7801229 0.5966774 -1.96549e-5 0.8024813 -0.5363019 -2.94156e-5 -0.8440262 -0.7063918 -1.28667e-5 -0.707821 -0.8095412 -8.10402e-6 -0.5870632 -0.9289475 -1.62376e-6 0.3702117 0.1434907 -9.81847e-6 0.9896517 -0.5118143 0.08540314 -0.8548406 -0.6792105 0.1343722 -0.7215381 -0.7836737 0.1753779 -0.5959011 -0.8963383 0.2419897 0.3715087 0.1369733 -0.02660256 0.9902175 0.599636 -0.1129224 0.792266 0.5686598 -0.09169584 0.8174461 0.4815206 -0.1783905 0.8580878 -0.4351338 0.1670851 -0.8847266 -0.5877258 0.2638819 -0.7648169 -0.6919265 0.3507137 -0.6310607 -0.7904013 0.4935848 0.3628222 0.1093667 -0.04329848 0.993058 0.5110973 -0.2180984 0.831392 -0.3856546 0.3826686 -0.8395447 -0.4686068 0.5228174 -0.7120882 -0.5366248 0.7862474 0.3063479 0.04400813 -0.03200435 0.9985184 0.3175098 -0.2975003 0.9003784 0.3063074 -0.2574183 0.9164669 -0.2821263 0.2446889 -0.9276487 0.018606 0.2947902 -0.9553809 0.01277983 0.4350129 -0.9003337 0.01311171 0.6023362 -0.7981349 0.0653212 0.9737732 0.2179425 -0.0102154 0.01761293 0.9997927 -0.0100885 -0.2944552 0.9556121 -0.02780371 -0.2949017 0.955123 0.5531271 0.3965054 -0.7326895 0.6819262 0.6823529 0.2633844 -0.05345761 0.01611316 0.9984401 -0.3659153 -0.197604 0.9094277 -0.4205743 -0.2110077 0.8823792 0.3992202 0.2311101 -0.8872494 0.4876108 0.3154371 -0.8140854 0.636877 0.1284961 -0.7601819 0.7702699 0.1505015 -0.6197045 0.8037119 0.1449004 -0.5771058 0.8831234 0.2708939 0.3830271 -0.1509953 0.02730315 0.9881575 -0.6067128 -0.08079135 0.7908049 -0.6606912 -0.1077066 0.7428907 0.8950873 0.07815402 0.4389883 -0.2002012 0.03179562 0.9792388 -0.7036023 -0.01455944 0.7104448 -0.7591003 -0.03900963 0.6498039 0.7378023 0.05219972 -0.6729955 0.8754667 0.04819434 -0.4808695 0.8743639 0.02548539 -0.4846013 -0.7036424 0.01459276 0.7104045 -0.7273004 9.15397e-6 0.6863192 -0.7809364 -8.82125e-6 0.6246106 -0.7590973 0.0390079 0.6498074 0.7378026 -0.0521847 -0.6729964 0.7619007 2.03028e-7 -0.6476939 0.8994461 5.43054e-6 -0.4370319 0.8754109 -0.04810965 -0.4809796 0.874341 -0.02549904 -0.4846418 0.8889107 -1.12341e-5 -0.4580807 0.8884243 -6.7493e-6 0.4590234 0.8951 -0.07786345 0.4390139 -0.200195 -0.03179907 0.97924 -0.2132038 -2.15834e-7 0.9770078 -0.1242504 0 0.992251 0.08381199 1.26212e-7 -0.9964816 0.8037025 -0.1448848 -0.5771228 0.8831394 -0.2708858 0.3829958 -0.15096 -0.02729713 0.988163 -0.6067164 0.08079588 0.7908018 -0.6606726 0.1077108 0.7429066 0.6368725 -0.1285174 -0.760182 0.7702424 -0.1505088 -0.619737 0.3992456 -0.2311016 -0.8872401 0.4875234 -0.3154148 -0.8141466 0.5531088 -0.3964883 -0.7327126 0.6819212 -0.6823535 0.2633956 -0.05336993 -0.01610583 0.998445 -0.3659455 0.1976019 0.909416 -0.4206008 0.2109936 0.8823699 0.06527632 -0.9737839 0.2179082 -0.01027244 -0.01776731 0.9997894 -0.01010978 0.294499 0.9555984 -0.02808177 0.2949718 0.9550933 0.01860606 -0.2948004 -0.9553777 0.01251643 -0.4350029 -0.9003421 0.01309078 -0.6023377 -0.798134 -0.2821115 -0.2447157 -0.9276462 -0.3856217 -0.3827179 -0.8395374 -0.4685861 -0.5228002 -0.7121145 -0.5366275 -0.7862566 0.3063198 0.04400116 0.03199678 0.998519 0.3174163 0.2976124 0.9003742 0.3063352 0.2574041 0.9164617 0.1093959 0.04329109 0.9930551 0.5110995 0.2181217 0.8313845 0.481526 0.178362 0.8580908 -0.4351401 -0.167101 -0.8847205 -0.5876142 -0.2641072 -0.7648249 -0.6916344 -0.3508484 -0.6313061 -0.7904197 -0.4936023 0.3627583 -0.5118427 -0.08539521 -0.8548244 -0.6789837 -0.1343313 -0.7217591 -0.7836775 -0.1753957 -0.595891 -0.8963297 -0.2420091 0.3715166 0.1370155 0.02654445 0.9902132 0.5996823 0.1128301 0.792244 0.568634 0.09166634 0.8174673 0.6256259 2.25645e-6 0.7801232 0.5966781 -1.95947e-5 0.8024806 -0.5362989 -3.23757e-5 -0.8440281 -0.7063927 -1.21847e-5 -0.7078203 -0.8095693 8.80094e-6 -0.5870245 -0.9289563 -1.03846e-5 0.3701897 0.1434681 -2.04684e-5 0.989655 -0.5117836 0.0854088 -0.8548585 -0.6792109 0.134373 -0.7215377 -0.7836872 0.1754126 -0.5958731 -0.8963409 0.2419946 0.3714994 0.136999 -0.02659952 0.990214 0.5996695 -0.1129124 0.792242 0.5686728 -0.09168928 0.8174377 0.4815247 -0.1783912 0.8580855 -0.4351236 0.1670931 -0.8847302 -0.5877238 0.2638859 -0.7648169 -0.6919212 0.350708 -0.6310698 -0.7904056 0.493568 0.362836 0.1094024 -0.04330039 0.993054 0.5110964 -0.2180992 0.8313924 -0.3856595 0.3826594 -0.8395466 -0.4686046 0.522819 -0.7120885 -0.5366322 0.7862474 0.3063346 0.04399913 -0.03199774 0.998519 0.3174826 -0.2974972 0.900389 0.3063497 -0.2574176 0.9164531 -0.2821254 0.2446892 -0.9276489 0.01860195 0.29479 -0.955381 0.01282 0.4350187 -0.9003303 0.01310729 0.602329 -0.7981404 0.06531798 0.9737769 0.2179272 -0.01024413 0.01763463 0.9997921 -0.01007932 -0.2944517 0.9556133 -0.0278083 -0.294898 0.955124 0.5531238 0.3965066 -0.7326913 0.6819093 0.6823819 0.2633528 -0.05341333 0.01611167 0.9984425 -0.3659198 -0.1975978 0.9094272 -0.4205638 -0.211008 0.8823841 0.399195 0.231118 -0.8872587 0.487532 0.3154194 -0.8141396 0.6368638 0.1285022 -0.7601919 0.7702676 0.150501 -0.6197075 0.8037046 0.1449069 -0.5771145 0.8831303 0.2709058 0.3830027 -0.1509757 0.0273118 0.9881602 -0.6067162 -0.08078819 0.7908026 -0.6606779 -0.1077344 0.7428985 0.8950721 0.07813882 0.4390221 -0.2001917 0.03179413 0.9792408 -0.7036202 -0.01459443 0.7104265 -0.7591018 -0.03900718 0.6498023 0.7377973 0.05220633 -0.6730005 0.8754673 0.04819065 -0.4808688 0.8743654 0.02548742 -0.4845983 -0.7036502 0.01458907 0.7103968 -0.7273026 4.0778e-6 0.6863171 -0.7809364 -9.71928e-6 0.6246106 -0.7590987 0.03900951 0.6498057 0.7377991 -0.05219185 -0.6729997 0.7619025 -6.11925e-6 -0.6476919 0.8994442 3.35742e-6 -0.4370357 0.87529 -0.04789352 -0.4812212 0.8743424 -0.02549636 -0.4846396 0.8889101 -9.48506e-6 -0.4580819 0.8884149 -9.56305e-6 0.4590412 0.8950745 -0.07795399 0.43905 -0.2001824 -0.03179389 0.9792426 -0.2132229 -6.89761e-6 0.9770037 -0.1242453 2.76181e-7 0.9922516 0.08381372 1.56198e-7 -0.9964814 0.8037032 -0.1450076 -0.5770909 0.8831247 -0.2709094 0.3830128 -0.1510035 -0.02730089 0.9881563 -0.6067118 0.08079624 0.7908052 -0.6606777 0.1077112 0.742902 0.6368779 -0.1284976 -0.7601809 0.7702386 -0.1505208 -0.6197388 0.3992385 -0.2310948 -0.8872452 0.4875224 -0.3154211 -0.8141447 0.5531191 -0.3964708 -0.7327143 0.6819257 -0.6823443 0.2634081 -0.05340325 -0.01609897 0.9984433 -0.365899 0.1976045 0.9094341 -0.4205629 0.211001 0.8823863 0.06525254 -0.9737817 0.2179255 -0.01027029 -0.01775473 0.9997897 -0.01013106 0.2945024 0.9555971 -0.02774006 0.2949929 0.9550967 0.01858615 -0.2947987 -0.9553787 0.01253825 -0.4349967 -0.9003448 0.01309007 -0.6023401 -0.7981323 -0.2821134 -0.2447128 -0.9276463 -0.3856112 -0.3827159 -0.8395432 -0.4685916 -0.5228003 -0.7121108 -0.5366693 -0.7862212 0.3063371 0.04396492 0.03201663 0.99852 0.3174173 0.2976111 0.9003744 0.3063309 0.2574086 0.9164618 0.1094298 0.0433706 0.993048 0.5111104 0.2181594 0.831368 0.4814965 0.1784039 0.8580987 -0.4352049 -0.1670958 -0.8846896 -0.5876173 -0.264106 -0.764823 -0.6916469 -0.3508468 -0.6312932 -0.7904214 -0.4936057 0.3627496 -0.5118471 -0.08538883 -0.8548224 -0.6789897 -0.1343278 -0.7217541 -0.7836794 -0.1753948 -0.5958887 -0.8963055 -0.2420053 0.3715775 0.1370081 0.02659714 0.9902128 0.5996861 0.1128363 0.7922403 0.5686417 0.0916748 0.8174609 0.6256261 2.80031e-6 0.7801231 0.5966955 1.97151e-5 0.8024678 -0.5363015 -2.88351e-5 -0.8440266 -0.7063915 -1.21377e-5 -0.7078214 -0.8095421 -8.07241e-6 -0.587062 -0.9289645 -2.18733e-5 0.3701688 0.1435443 1.78515e-5 0.989644 -0.5118206 0.08540308 -0.8548369 -0.67921 0.1343727 -0.7215385 -0.7836725 0.1753787 -0.5959026 -0.896333 0.2419089 0.3715741 0.1370215 -0.02660048 0.9902109 0.5996748 -0.1129115 0.792238 0.5686601 -0.09169214 0.8174462 0.4815192 -0.1783904 0.8580887 -0.435209 0.1670632 -0.8846938 -0.5877252 0.2638849 -0.7648163 -0.6919188 0.3507087 -0.631072 -0.7904012 0.4935759 0.3628345 0.1094136 -0.04330378 0.9930527 0.5110963 -0.2180995 0.8313924 -0.3856602 0.3826628 -0.8395447 -0.468604 0.5228173 -0.7120903 -0.5366359 0.7862433 0.3063389 0.04399722 -0.03200072 0.998519 0.3175258 -0.2975027 0.900372 0.3063378 -0.257413 0.9164583 -0.2821261 0.2446959 -0.9276469 0.01860725 0.2947906 -0.9553808 0.01282995 0.4350183 -0.9003303 0.01311576 0.60234 -0.798132 0.06530249 0.9737845 0.2178979 -0.01026469 0.01765054 0.9997916 -0.01010888 -0.2945312 0.9555884 -0.02776879 -0.2949033 0.9551235 0.5531239 0.3965055 -0.7326919 0.68193 0.6823448 0.2633953 -0.05348104 0.01611876 0.9984388 -0.3659238 -0.1975908 0.9094271 -0.4205703 -0.2110086 0.882381 0.3992213 0.2311154 -0.8872475 0.4875304 0.3154176 -0.8141412 0.6368688 0.1284986 -0.7601884 0.7702673 0.1504988 -0.6197083 0.8037098 0.1449022 -0.5771082 0.8831186 0.2708951 0.3830369 -0.1509985 0.02730453 0.9881569 -0.6067106 -0.08079397 0.7908063 -0.66069 -0.1076972 0.7428931 0.8950815 0.0781486 0.4390012 -0.2000896 0.03173524 0.9792636 -0.7036005 -0.01456183 0.7104465 -0.7591041 -0.03900843 0.6497995 0.7377932 0.05220872 -0.6730049 0.8754682 0.0481953 -0.4808667 0.8743612 0.02548944 -0.4846061</float_array>
          <technique_common>
            <accessor source="#Main_Wood_Frame_003-mesh-normals-array" count="426" stride="3">
              <param name="X" type="float"/>
              <param name="Y" type="float"/>
              <param name="Z" type="float"/>
            </accessor>
          </technique_common>
        </source>
        <source id="Main_Wood_Frame_003-mesh-map-0">
          <float_array id="Main_Wood_Frame_003-mesh-map-0-array" count="5616">0.334617 0.34748 0.337472 0.343399 0.662528 0.343399 0.662528 0.343399 0.665383 0.34748 0.334617 0.34748 0.337472 0.385695 0.662528 0.385695 0.662528 0.709442 0.662528 0.709442 0.337472 0.709442 0.337472 0.385695 0.337472 0.01965099 0.662528 0.01965099 0.662528 0.343399 0.662528 0.343399 0.337472 0.343399 0.337472 0.01965099 0.661054 0.01636099 0.662528 0.01965099 0.337472 0.01965099 0.337472 0.01965099 0.338946 0.01636099 0.661054 0.01636099 0.004137992 0.01965099 0.329195 0.01965099 0.329195 0.343399 0.329195 0.343399 0.004137992 0.343399 0.004137992 0.01965099 0.004137992 0.385695 0.329195 0.385695 0.329195 0.709442 0.329195 0.709442 0.004137992 0.709442 0.004137992 0.385695 0.661054 0.379913 0.661054 0.382404 0.338946 0.382404 0.338946 0.382404 0.338946 0.379913 0.661054 0.379913 0.32772 0.01636099 0.329195 0.01965099 0.004137992 0.01965099 0.004137992 0.01965099 0.005612969 0.01636099 0.32772 0.01636099 0.32772 0.382404 0.329195 0.385695 0.004137992 0.385695 0.004137992 0.385695 0.005612969 0.382404 0.32772 0.382404 0.661054 0.382404 0.662528 0.385695 0.337472 0.385695 0.337472 0.385695 0.338946 0.382404 0.661054 0.382404 0.663253 0.377616 0.661054 0.379913 0.338946 0.379913 0.338946 0.379913 0.336747 0.377616 0.663253 0.377616 0.661054 0.01386898 0.661054 0.01636099 0.338946 0.01636099 0.338946 0.01636099 0.338946 0.01386898 0.661054 0.01386898 0.32772 0.01386898 0.32772 0.01636099 0.005612969 0.01636099 0.005612969 0.01636099 0.005612969 0.01386898 0.32772 0.01386898 0.32772 0.379913 0.32772 0.382404 0.005612969 0.382404 0.005612969 0.382404 0.005612969 0.379913 0.32772 0.379913 0.330785 0.006655991 0.32992 0.011572 0.003413975 0.011572 0.003413975 0.011572 0.002547979 0.006655991 0.330785 0.006655991 0.663253 0.011572 0.661054 0.01386898 0.338946 0.01386898 0.338946 0.01386898 0.336747 0.011572 0.663253 0.011572 0.32992 0.011572 0.32772 0.01386898 0.005612969 0.01386898 0.005612969 0.01386898 0.003413975 0.011572 0.32992 0.011572 0.329919 0.377616 0.32772 0.379913 0.005612969 0.379913 0.005612969 0.379913 0.003413975 0.377616 0.329919 0.377616 0.664119 0.366044 0.664119 0.3727 0.335882 0.3727 0.335882 0.3727 0.335882 0.366044 0.664119 0.366044 0.330785 0.3727 0.329919 0.377616 0.003413975 0.377616 0.003413975 0.377616 0.002547979 0.3727 0.330785 0.3727 0.664119 0.3727 0.663253 0.377616 0.336747 0.377616 0.336747 0.377616 0.335882 0.3727 0.664119 0.3727 0.664119 0.006655991 0.663253 0.011572 0.336747 0.011572 0.336747 0.011572 0.335881 0.006655991 0.664119 0.006655991 0.666667 0.694281 0.666667 0.366044 0.994904 0.366044 0.994904 0.366044 0.994904 0.694281 0.666667 0.694281 0.664119 0 0.664119 0.006655991 0.335881 0.006655991 0.335881 0.006655991 0.335881 0 0.664119 0 0.330785 0 0.330785 0.006655991 0.002547979 0.006655991 0.002547979 0.006655991 0.002547979 0 0.330785 0 0.330785 0.366044 0.330785 0.3727 0.002547979 0.3727 0.002547979 0.3727 0.002547979 0.366044 0.330785 0.366044 0.001283943 0.723723 0.001283943 0.713524 0.33205 0.713524 0.33205 0.713524 0.33205 0.723723 0.001283943 0.723723 0.001283943 0.34748 0.004137992 0.343399 0.329195 0.343399 0.329195 0.343399 0.33205 0.34748 0.001283943 0.34748 0.001283943 0.713524 0.004137992 0.709442 0.329195 0.709442 0.329195 0.709442 0.33205 0.713524 0.001283943 0.713524 0.334617 0.713524 0.337472 0.709442 0.662528 0.709442 0.662528 0.709442 0.665383 0.713524 0.334617 0.713524 0.333333 0.360337 0.334617 0.357679 0.665383 0.357679 0.665383 0.357679 0.666667 0.360337 0.333333 0.360337 0.001283943 0.357679 0.001283943 0.34748 0.33205 0.34748 0.33205 0.34748 0.33205 0.357679 0.001283943 0.357679 0.334617 0.357679 0.334617 0.34748 0.665383 0.34748 0.665383 0.34748 0.665383 0.357679 0.334617 0.357679 0.334617 0.723723 0.334617 0.713524 0.665383 0.713524 0.665383 0.713524 0.665383 0.723723 0.334617 0.723723 0 0.732088 0 0.726381 0.333333 0.726381 0.333333 0.726381 0.333333 0.732088 0 0.732088 0.333333 0.726381 0.334617 0.723723 0.665383 0.723723 0.665383 0.723723 0.666667 0.726381 0.333333 0.726381 0 0.726381 0.001283943 0.723723 0.33205 0.723723 0.33205 0.723723 0.333333 0.726381 0 0.726381 0 0.360337 0.001283943 0.357679 0.33205 0.357679 0.33205 0.357679 0.333333 0.360337 0 0.360337 0.666667 0.333333 0.666667 0 1 0 1 0 1 0.333333 0.666667 0.333333 0 0.366044 0 0.360337 0.333333 0.360337 0.333333 0.360337 0.333333 0.366044 0 0.366044 0.333333 0.366044 0.333333 0.360337 0.666667 0.360337 0.666667 0.360337 0.666667 0.366044 0.333333 0.366044 0.333333 0.732088 0.333333 0.726381 0.666667 0.726381 0.666667 0.726381 0.666667 0.732088 0.333333 0.732088 0.313852 0 0.470779 0 0.470779 0.156926 0.470779 0.156926 0.313852 0.156926 0.313852 0 0 0 0.156926 0 0.156926 0.156926 0.156926 0.156926 0 0.156926 0 0 0.8968 0.463488 0.838893 0.463488 0.838893 0.310207 0.838893 0.310207 0.8968 0.310207 0.8968 0.463488 0.156926 0 0.313852 0 0.313852 0.156926 0.313852 0.156926 0.156926 0.156926 0.156926 0 0.156926 0.313852 0.156926 0.156926 0.313852 0.156926 0.313852 0.156926 0.313852 0.313852 0.156926 0.313852 0 0.470779 0 0.313852 0.156926 0.313852 0.156926 0.313852 0.156926 0.470779 0 0.470779 0.156926 0.313852 0.155104 0.31203 0.155104 0.158749 0.155104 0.158749 0.156926 0.156926 0.156926 0.313852 0.156926 0.156926 0.155104 0.158749 0.001822948 0.158749 0.001822948 0.158749 0 0.156926 0.156926 0.156926 0 0.313852 0.001822948 0.31203 0.155104 0.31203 0.155104 0.31203 0.156926 0.313852 0 0.313852 0 0.156926 0.001822948 0.158749 0.001822948 0.31203 0.001822948 0.31203 0 0.313852 0 0.156926 0.953873 0.607548 0.919473 0.607548 0.919473 0.459083 0.919473 0.459083 0.953873 0.459083 0.953873 0.607548 0.829672 0.909294 0.771765 0.909294 0.771765 0.756013 0.771765 0.756013 0.829672 0.756013 0.829672 0.909294 0.838893 0.156926 0.896801 0.156926 0.896801 0.310207 0.896801 0.310207 0.838893 0.310207 0.838893 0.156926 0.842538 0 0.900446 0 0.900446 0.153281 0.900446 0.153281 0.842538 0.153281 0.842538 0 0.780986 0.463488 0.778578 0.46108 0.778578 0.312615 0.778578 0.312615 0.780986 0.310207 0.780986 0.463488 0.780986 0.310207 0.778578 0.312615 0.630113 0.312615 0.630113 0.312615 0.627705 0.310207 0.780986 0.310207 0.627705 0.463488 0.630113 0.46108 0.778578 0.46108 0.778578 0.46108 0.780986 0.463488 0.627705 0.463488 0.627705 0.310207 0.630113 0.312615 0.630113 0.46108 0.630113 0.46108 0.627705 0.463488 0.627705 0.310207 0.204694 0.780986 0.252462 0.780986 0.252462 0.925046 0.252462 0.925046 0.204694 0.925046 0.204694 0.780986 0.9312 0.449451 0.896801 0.449451 0.896801 0.300986 0.896801 0.300986 0.9312 0.300986 0.9312 0.449451 0.900446 0 0.934846 0 0.934846 0.148465 0.934846 0.148465 0.900446 0.148465 0.900446 0 0.915824 0.607548 0.950224 0.607548 0.950224 0.756013 0.950224 0.756013 0.915824 0.756013 0.915824 0.607548 0.607137 0.77617 0.604935 0.773967 0.604935 0.629907 0.604935 0.629907 0.607137 0.627705 0.607137 0.77617 0.607137 0.627705 0.604935 0.629907 0.460875 0.629907 0.460875 0.629907 0.458672 0.627705 0.607137 0.627705 0.458672 0.77617 0.460875 0.773967 0.604935 0.773967 0.604935 0.773967 0.607137 0.77617 0.458672 0.77617 0.458672 0.627705 0.460875 0.629907 0.460875 0.773967 0.460875 0.773967 0.458672 0.77617 0.458672 0.627705 0.771764 0.611953 0.915824 0.611953 0.915824 0.756013 0.915824 0.756013 0.771764 0.756013 0.771764 0.611953 0 0.784631 0.04776799 0.784631 0.04776799 0.928691 0.04776799 0.928691 0 0.928691 0 0.784631 0.871705 0.607548 0.823938 0.607548 0.823938 0.463488 0.823938 0.463488 0.871705 0.463488 0.871705 0.607548 0.589605 0.920229 0.541837 0.920229 0.541837 0.77617 0.541837 0.77617 0.589605 0.77617 0.589605 0.920229 0.470779 0.313852 0.627705 0.313852 0.627705 0.470779 0.627705 0.470779 0.470779 0.470779 0.470779 0.313852 0.470779 0 0.627705 0 0.627705 0.156926 0.627705 0.156926 0.470779 0.156926 0.470779 0 0.368115 0.929451 0.310207 0.929451 0.310207 0.77617 0.310207 0.77617 0.368115 0.77617 0.368115 0.929451 0 0.470779 0.156926 0.470779 0.156926 0.627705 0.156926 0.627705 0 0.627705 0 0.470779 0.156926 0.627705 0.156926 0.470779 0.313852 0.470779 0.313852 0.470779 0.313852 0.627705 0.156926 0.627705 0 0.784631 0 0.627705 0.156926 0.627705 0.156926 0.627705 0.156926 0.784631 0 0.784631 0.627705 0.627705 0.625882 0.625882 0.625882 0.472601 0.625882 0.472601 0.627705 0.470779 0.627705 0.627705 0.627705 0.470779 0.625882 0.472601 0.472601 0.472601 0.472601 0.472601 0.470779 0.470779 0.627705 0.470779 0.470779 0.627705 0.472601 0.625882 0.625882 0.625882 0.625882 0.625882 0.627705 0.627705 0.470779 0.627705 0.470779 0.470779 0.472601 0.472601 0.472601 0.625882 0.472601 0.625882 0.470779 0.627705 0.470779 0.470779 0.969245 0.148465 0.934846 0.148465 0.934846 0 0.934846 0 0.969245 0 0.969245 0.148465 0.887579 0.909294 0.829672 0.909294 0.829672 0.756013 0.829672 0.756013 0.887579 0.756013 0.887579 0.909294 0.780986 0.310207 0.838893 0.310207 0.838893 0.463488 0.838893 0.463488 0.780986 0.463488 0.780986 0.310207 0.426022 0.77617 0.483929 0.77617 0.483929 0.929451 0.483929 0.929451 0.426022 0.929451 0.426022 0.77617 0.310207 0.780986 0.307799 0.778578 0.307799 0.630113 0.307799 0.630113 0.310207 0.627705 0.310207 0.780986 0.310207 0.627705 0.307799 0.630113 0.159334 0.630113 0.159334 0.630113 0.156926 0.627705 0.310207 0.627705 0.156926 0.780986 0.159334 0.778578 0.307799 0.778578 0.307799 0.778578 0.310207 0.780986 0.156926 0.780986 0.156926 0.627705 0.159334 0.630113 0.159334 0.778578 0.159334 0.778578 0.156926 0.780986 0.156926 0.627705 0.252462 0.780986 0.30023 0.780986 0.30023 0.925046 0.30023 0.925046 0.252462 0.925045 0.252462 0.780986 0.624004 0.924635 0.589605 0.924635 0.589605 0.77617 0.589605 0.77617 0.624004 0.77617 0.624004 0.924635 0.944568 0.152521 0.978968 0.152521 0.978968 0.300986 0.978968 0.300986 0.944568 0.300986 0.944568 0.152521 0.935347 0.756013 0.969747 0.756013 0.969747 0.904478 0.969747 0.904478 0.935347 0.904478 0.935347 0.756013 0.310207 0.77617 0.31241 0.773967 0.45647 0.773967 0.45647 0.773967 0.458672 0.77617 0.310207 0.77617 0.458672 0.77617 0.45647 0.773967 0.45647 0.629907 0.45647 0.629907 0.458672 0.627705 0.458672 0.77617 0.310207 0.627705 0.31241 0.629907 0.31241 0.773967 0.31241 0.773967 0.310207 0.77617 0.310207 0.627705 0.458672 0.627705 0.45647 0.629907 0.31241 0.629907 0.31241 0.629907 0.310207 0.627705 0.458672 0.627705 0.627705 0.611953 0.771765 0.611953 0.771765 0.756013 0.771765 0.756013 0.627705 0.756013 0.627705 0.611953 0.09553599 0.784631 0.143304 0.784631 0.143304 0.928691 0.143304 0.928691 0.09553599 0.928691 0.09553599 0.784631 0.09553599 0.928691 0.04776799 0.928691 0.04776799 0.784631 0.04776799 0.784631 0.09553599 0.784631 0.09553599 0.928691 0.919473 0.607548 0.871705 0.607548 0.871705 0.463488 0.871705 0.463488 0.919473 0.463488 0.919473 0.607548 0.313852 0.156926 0.470778 0.156926 0.470778 0.313852 0.470778 0.313852 0.313852 0.313852 0.313852 0.156926 0.156926 0.313852 0.313852 0.313852 0.313852 0.470779 0.313852 0.470779 0.156926 0.470779 0.156926 0.313852 0.541837 0.929451 0.483929 0.929451 0.483929 0.77617 0.483929 0.77617 0.541837 0.77617 0.541837 0.929451 0.313852 0.313852 0.470779 0.313852 0.470779 0.470779 0.470779 0.470779 0.313852 0.470779 0.313852 0.313852 0.627705 0 0.784631 0 0.784631 0.156926 0.784631 0.156926 0.627705 0.156926 0.627705 0 0.313852 0.627705 0.313852 0.470778 0.470779 0.470778 0.470779 0.470778 0.470779 0.627705 0.313852 0.627705 0.627705 0.313852 0.625882 0.31203 0.625882 0.158749 0.625882 0.158749 0.627705 0.156926 0.627705 0.313852 0.627705 0.156926 0.625882 0.158749 0.472601 0.158749 0.472601 0.158749 0.470778 0.156926 0.627705 0.156926 0.470778 0.313852 0.472601 0.31203 0.625882 0.31203 0.625882 0.31203 0.627705 0.313852 0.470778 0.313852 0.470778 0.156926 0.472601 0.158749 0.472601 0.31203 0.472601 0.31203 0.470778 0.313852 0.470778 0.156926 0.984624 0.756013 0.950224 0.756013 0.950224 0.607548 0.950224 0.607548 0.984624 0.607548 0.984624 0.756013 0.842538 0.153281 0.784631 0.153281 0.784631 0 0.784631 0 0.842538 0 0.842538 0.153281 0.780986 0.156926 0.838893 0.156926 0.838893 0.310207 0.838893 0.310207 0.780986 0.310207 0.780986 0.156926 0.368115 0.77617 0.426022 0.77617 0.426022 0.929451 0.426022 0.929451 0.368115 0.929451 0.368115 0.77617 0.780986 0.310207 0.778578 0.307799 0.778578 0.159334 0.778578 0.159334 0.780986 0.156926 0.780986 0.310207 0.780986 0.156926 0.778578 0.159334 0.630113 0.159334 0.630113 0.159334 0.627705 0.156926 0.780986 0.156926 0.627705 0.310207 0.630113 0.307799 0.778578 0.307799 0.778578 0.307799 0.780986 0.310207 0.627705 0.310207 0.627705 0.156926 0.630113 0.159334 0.630113 0.307799 0.630113 0.307799 0.627705 0.310207 0.627705 0.156926 0.156926 0.780986 0.204694 0.780986 0.204694 0.925045 0.204694 0.925045 0.156926 0.925045 0.156926 0.780986 0.988273 0.607548 0.953873 0.607548 0.953873 0.459083 0.953873 0.459083 0.988273 0.459083 0.988273 0.607548 0.9656 0.300986 1 0.300986 1 0.449451 1 0.449451 0.9656 0.449451 0.9656 0.300986 0.9312 0.300986 0.9656 0.300986 0.9656 0.449451 0.9656 0.449451 0.9312 0.449451 0.9312 0.300986 0.77617 0.611953 0.773967 0.609751 0.773967 0.465691 0.773967 0.465691 0.77617 0.463488 0.77617 0.611953 0.77617 0.463488 0.773967 0.465691 0.629907 0.465691 0.629907 0.465691 0.627705 0.463488 0.77617 0.463488 0.627705 0.611953 0.629907 0.609751 0.773967 0.609751 0.773967 0.609751 0.77617 0.611953 0.627705 0.611953 0.627705 0.463488 0.629907 0.465691 0.629907 0.609751 0.629907 0.609751 0.627705 0.611953 0.627705 0.463488 0.627705 0.756013 0.771764 0.756013 0.771764 0.900073 0.771764 0.900073 0.627705 0.900073 0.627705 0.756013 0.896801 0.156926 0.944568 0.156926 0.944568 0.300986 0.944568 0.300986 0.896801 0.300986 0.896801 0.156926 0.935347 0.900073 0.887579 0.900073 0.887579 0.756013 0.887579 0.756013 0.935347 0.756013 0.935347 0.900073 0.823938 0.607548 0.77617 0.607548 0.77617 0.463488 0.77617 0.463488 0.823938 0.463488 0.823938 0.607548 0.88593 0.464564 0.889627 0.512035 0.844312 0.51369 0.844312 0.51369 0.841746 0.48802 0.88593 0.464564 0.572307 0.558589 0.572924 0.532953 0.619935 0.530279 0.619935 0.530279 0.619254 0.577774 0.572307 0.558589 0.662514 0.590166 0.662882 0.528016 0.686569 0.526749 0.686569 0.526749 0.686569 0.594055 0.662514 0.590166 0.922665 0.448627 0.927204 0.510662 0.889627 0.512035 0.889627 0.512035 0.88593 0.464564 0.922665 0.448627 0.844312 0.51369 0.806887 0.515057 0.841746 0.48802 0.536996 0.53348 0.572924 0.532953 0.572307 0.558589 0.619254 0.577774 0.619935 0.530279 0.662882 0.528016 0.662882 0.528016 0.662514 0.590166 0.619254 0.577774 0.357997 0.451793 0.356414 0.518819 0.343796 0.519086 0.343796 0.519086 0.344811 0.457162 0.357997 0.451793 0.654811 0.642905 0.662514 0.590166 0.686569 0.594055 0.686569 0.594055 0.678243 0.651137 0.654811 0.642905 0.91095 0.396325 0.922665 0.448627 0.88593 0.464564 0.88593 0.464564 0.87723 0.424523 0.91095 0.396325 0.841746 0.48802 0.806887 0.515057 0.836073 0.466385 0.536996 0.53348 0.572307 0.558589 0.568351 0.580229 0.612921 0.618029 0.619254 0.577774 0.662514 0.590166 0.662514 0.590166 0.654811 0.642905 0.612921 0.618029 0.353884 0.395395 0.357997 0.451793 0.344811 0.457162 0.344811 0.457162 0.341357 0.405032 0.353884 0.395395 0.87723 0.424523 0.88593 0.464564 0.841746 0.48802 0.841746 0.48802 0.836073 0.466385 0.87723 0.424523 0.568351 0.580229 0.572307 0.558589 0.619254 0.577774 0.619254 0.577774 0.612921 0.618029 0.568351 0.580229 0.536996 0.53348 0.568351 0.580229 0.561547 0.594507 0.601208 0.644633 0.612921 0.618029 0.654811 0.642905 0.654811 0.642905 0.639523 0.67772 0.601208 0.644633 0.336111 0.358251 0.353884 0.395395 0.341357 0.405032 0.341357 0.405032 0.325915 0.370684 0.336111 0.358251 0.862567 0.398092 0.87723 0.424523 0.836073 0.466385 0.836073 0.466385 0.827633 0.452099 0.862567 0.398092 0.561547 0.594507 0.568351 0.580229 0.612921 0.618029 0.612921 0.618029 0.601208 0.644633 0.561547 0.594507 0.639523 0.67772 0.654811 0.642905 0.678243 0.651137 0.678243 0.651137 0.661449 0.688785 0.639523 0.67772 0.89036 0.361843 0.91095 0.396325 0.87723 0.424523 0.87723 0.424523 0.862567 0.398092 0.89036 0.361843 0.836073 0.466385 0.806887 0.515057 0.827633 0.452099 0.302737 0.346061 0.336111 0.358251 0.325915 0.370684 0.325915 0.370684 0.296677 0.359384 0.302737 0.346061 0.842907 0.389341 0.862567 0.398092 0.827633 0.452099 0.827633 0.452099 0.817279 0.447353 0.842907 0.389341 0.552786 0.599194 0.561547 0.594507 0.601208 0.644633 0.601208 0.644633 0.585327 0.653364 0.552786 0.599194 0.618033 0.689069 0.639523 0.67772 0.661449 0.688785 0.661449 0.688785 0.637578 0.701007 0.618033 0.689069 0.862102 0.350504 0.89036 0.361843 0.862567 0.398092 0.862567 0.398092 0.842907 0.389341 0.862102 0.350504 0.827633 0.452099 0.806887 0.515057 0.817279 0.447353 0.178999 0.171226 0.190484 0.108393 0.202094 0.105913 0.585327 0.653364 0.601208 0.644633 0.639523 0.67772 0.639523 0.67772 0.618033 0.689069 0.585327 0.653364 0.213817 0.113813 0.202094 0.105913 0.2339079 0.05080294 0.2339079 0.05080294 0.25678 0.06563395 0.213817 0.113813 0.289033 0.03315496 0.256483 0.013206 0.268858 0 0.268858 0 0.305567 0.02191895 0.289033 0.03315496 0.258327 0.372878 0.296677 0.359384 0.295467 0.398579 0.295467 0.398579 0.269716 0.408821 0.258327 0.372878 0.307271 0.457305 0.319829 0.525436 0.29492 0.462819 0.178999 0.171226 0.202094 0.105913 0.213817 0.113813 0.25678 0.06563395 0.2339079 0.05080294 0.256483 0.013206 0.256483 0.013206 0.289033 0.03315496 0.25678 0.06563395 0.259181 0.360717 0.302737 0.346061 0.296677 0.359384 0.296677 0.359384 0.258327 0.372878 0.259181 0.360717 0.269716 0.408821 0.295467 0.398579 0.307271 0.457305 0.307271 0.457305 0.29492 0.462819 0.269716 0.408821 0.2200559 0.409107 0.258327 0.372878 0.269716 0.408821 0.269716 0.408821 0.243944 0.436451 0.2200559 0.409107 0.29492 0.462819 0.319829 0.525436 0.283095 0.477731 0.178999 0.171226 0.213817 0.113813 0.2233729 0.130805 0.276849 0.09751397 0.25678 0.06563395 0.289033 0.03315496 0.289033 0.03315496 0.318181 0.07546401 0.276849 0.09751397 0.795228 0.713254 0.830464 0.675143 0.833483 0.687508 0.833483 0.687508 0.802403 0.722718 0.795228 0.713254 0.243944 0.436451 0.269716 0.408821 0.29492 0.462819 0.29492 0.462819 0.283095 0.477731 0.243944 0.436451 0.2233729 0.130805 0.213817 0.113813 0.25678 0.06563395 0.25678 0.06563395 0.276849 0.09751397 0.2233729 0.130805 0.318181 0.07546401 0.289033 0.03315496 0.305567 0.02191895 0.305567 0.02191895 0.338453 0.06803596 0.318181 0.07546401 0.178999 0.171226 0.2233729 0.130805 0.228465 0.154153 0.288407 0.141099 0.276849 0.09751397 0.318181 0.07546401 0.318181 0.07546401 0.335417 0.132921 0.288407 0.141099 0.769498 0.770292 0.795228 0.713254 0.802403 0.722718 0.802403 0.722718 0.779792 0.775413 0.769498 0.770292 0.224968 0.477234 0.243944 0.436451 0.283095 0.477731 0.283095 0.477731 0.274557 0.499766 0.224968 0.477234 0.228465 0.154153 0.2233729 0.130805 0.276849 0.09751397 0.276849 0.09751397 0.288407 0.141099 0.228465 0.154153 0.335417 0.132921 0.318181 0.07546401 0.338453 0.06803596 0.338453 0.06803596 0.357997 0.130459 0.335417 0.132921 0.192007 0.462501 0.2200559 0.409107 0.243944 0.436451 0.243944 0.436451 0.224968 0.477234 0.192007 0.462501 0.283095 0.477731 0.319829 0.525436 0.274557 0.499766 0.218001 0.524925 0.224968 0.477234 0.274557 0.499766 0.274557 0.499766 0.271444 0.525562 0.218001 0.524925 0.22758 0.180167 0.228465 0.154153 0.288407 0.141099 0.288407 0.141099 0.287607 0.189343 0.22758 0.180167 0.335137 0.1961449 0.335417 0.132921 0.357997 0.130459 0.357997 0.130459 0.357997 0.1989769 0.335137 0.1961449 0.1817409 0.524856 0.192007 0.462501 0.224968 0.477234 0.224968 0.477234 0.218001 0.524925 0.1817409 0.524856 0.274557 0.499766 0.319829 0.525436 0.271444 0.525562 0.178999 0.171226 0.228465 0.154153 0.22758 0.180167 0.287607 0.189343 0.288407 0.141099 0.335417 0.132921 0.335417 0.132921 0.335137 0.1961449 0.287607 0.189343 0.760026 0.837572 0.769498 0.770292 0.779792 0.775413 0.779792 0.775413 0.771488 0.837572 0.760026 0.837572 0.2205629 0.204832 0.22758 0.180167 0.287607 0.189343 0.287607 0.189343 0.273805 0.234742 0.2205629 0.204832 0.31634 0.255272 0.335137 0.1961449 0.357997 0.1989769 0.357997 0.1989769 0.337348 0.262891 0.31634 0.255272 0.192008 0.586641 0.1817409 0.524856 0.218001 0.524925 0.218001 0.524925 0.224968 0.572246 0.192008 0.586641 0.271444 0.525562 0.319829 0.525436 0.274557 0.551187 0.178999 0.171226 0.22758 0.180167 0.2205629 0.204832 0.273805 0.234742 0.287607 0.189343 0.335137 0.1961449 0.335137 0.1961449 0.31634 0.255272 0.273805 0.234742 0.769498 0.904852 0.760026 0.837572 0.771488 0.837572 0.771488 0.837572 0.779792 0.89973 0.769498 0.904852 0.224968 0.572246 0.218001 0.524925 0.271444 0.525562 0.271444 0.525562 0.274557 0.551187 0.224968 0.572246 0.274557 0.551187 0.319829 0.525436 0.283096 0.572744 0.178999 0.171226 0.2205629 0.204832 0.208772 0.224448 0.24987 0.270544 0.273805 0.234742 0.31634 0.255272 0.31634 0.255272 0.282931 0.301539 0.24987 0.270544 0.795228 0.961889 0.769498 0.904852 0.779792 0.89973 0.779792 0.89973 0.802403 0.952426 0.795228 0.961889 0.243944 0.612011 0.224968 0.572246 0.274557 0.551187 0.274557 0.551187 0.283096 0.572744 0.243944 0.612011 0.208772 0.224448 0.2205629 0.204832 0.273805 0.234742 0.273805 0.234742 0.24987 0.270544 0.208772 0.224448 0.282931 0.301539 0.31634 0.255272 0.337348 0.262891 0.337348 0.262891 0.300299 0.312738 0.282931 0.301539 0.2200559 0.638487 0.192008 0.586641 0.224968 0.572246 0.224968 0.572246 0.243944 0.612011 0.2200559 0.638487 0.22153 0.291709 0.24987 0.270544 0.282931 0.301539 0.282931 0.301539 0.242976 0.328536 0.22153 0.291709 0.830464 1 0.795228 0.961889 0.802403 0.952426 0.802403 0.952426 0.833483 0.987636 0.830464 1 0.269716 0.638201 0.243944 0.612011 0.283096 0.572744 0.283096 0.572744 0.29492 0.586958 0.269716 0.638201 0.1947399 0.236164 0.208772 0.224448 0.24987 0.270544 0.24987 0.270544 0.22153 0.291709 0.1947399 0.236164 0.242976 0.328536 0.282931 0.301539 0.300299 0.312738 0.300299 0.312738 0.255716 0.341637 0.242976 0.328536 0.258327 0.672578 0.2200559 0.638487 0.243944 0.612011 0.243944 0.612011 0.269716 0.638201 0.258327 0.672578 0.283096 0.572744 0.319829 0.525436 0.29492 0.586958 0.178999 0.171226 0.208772 0.224448 0.1947399 0.236164 0.181445 0.238345 0.1947399 0.236164 0.22153 0.291709 0.22153 0.291709 0.195753 0.295505 0.181445 0.238345 0.206632 0.332925 0.242976 0.328536 0.255716 0.341637 0.255716 0.341637 0.214899 0.346061 0.206632 0.332925 0.296677 0.683777 0.258327 0.672578 0.269716 0.638201 0.269716 0.638201 0.295467 0.646858 0.296677 0.683777 0.29492 0.586958 0.319829 0.525436 0.307271 0.591673 0.178999 0.171226 0.1947399 0.236164 0.181445 0.238345 0.195753 0.295505 0.22153 0.291709 0.242976 0.328536 0.242976 0.328536 0.206632 0.332925 0.195753 0.295505 0.302737 0.697181 0.259181 0.68511 0.258327 0.672578 0.258327 0.672578 0.296677 0.683777 0.302737 0.697181 0.295467 0.646858 0.269716 0.638201 0.29492 0.586958 0.29492 0.586958 0.307271 0.591673 0.295467 0.646858 0.626922 0.378547 0.604393 0.365246 0.622814 0.350504 0.622814 0.350504 0.647809 0.364962 0.626922 0.378547 0.901318 0.661772 0.873963 0.675143 0.851985 0.63781 0.851985 0.63781 0.870954 0.627647 0.901318 0.661772 0.822192 0.581823 0.806887 0.515057 0.832171 0.576334 0.536996 0.53348 0.547136 0.465063 0.556327 0.470586 0.591563 0.415655 0.574887 0.405521 0.604393 0.365246 0.604393 0.365246 0.626922 0.378547 0.591563 0.415655 0.336111 0.682644 0.302737 0.697181 0.296677 0.683777 0.296677 0.683777 0.325915 0.670384 0.336111 0.682644 0.870954 0.627647 0.851985 0.63781 0.822192 0.581823 0.822192 0.581823 0.832171 0.576334 0.870954 0.627647 0.556327 0.470586 0.547136 0.465063 0.574887 0.405521 0.574887 0.405521 0.591563 0.415655 0.556327 0.470586 0.536996 0.53348 0.556327 0.470586 0.564356 0.485383 0.605539 0.442777 0.591563 0.415655 0.626922 0.378547 0.626922 0.378547 0.645166 0.413927 0.605539 0.442777 0.353884 0.643674 0.336111 0.682644 0.325915 0.670384 0.325915 0.670384 0.341357 0.634412 0.353884 0.643674 0.883649 0.600217 0.870954 0.627647 0.832171 0.576334 0.832171 0.576334 0.839547 0.56147 0.883649 0.600217 0.564356 0.485383 0.556327 0.470586 0.591563 0.415655 0.591563 0.415655 0.605539 0.442777 0.564356 0.485383 0.645166 0.413927 0.626922 0.378547 0.647809 0.364962 0.647809 0.364962 0.667803 0.403293 0.645166 0.413927 0.919337 0.62588 0.901318 0.661772 0.870954 0.627647 0.870954 0.627647 0.883649 0.600217 0.919337 0.62588 0.832171 0.576334 0.806887 0.515057 0.839547 0.56147 0.357997 0.586161 0.353884 0.643674 0.341357 0.634412 0.341357 0.634412 0.344811 0.581302 0.357997 0.586161 0.889404 0.559649 0.883649 0.600217 0.839547 0.56147 0.839547 0.56147 0.843626 0.539479 0.889404 0.559649 0.570145 0.507259 0.564356 0.485383 0.605539 0.442777 0.605539 0.442777 0.615259 0.482928 0.570145 0.507259 0.657294 0.466244 0.645166 0.413927 0.667803 0.403293 0.667803 0.403293 0.680919 0.459924 0.657294 0.466244 0.927204 0.572862 0.919337 0.62588 0.883649 0.600217 0.883649 0.600217 0.889404 0.559649 0.927204 0.572862 0.839547 0.56147 0.806887 0.515057 0.843626 0.539479 0.536996 0.53348 0.564356 0.485383 0.570145 0.507259 0.615259 0.482928 0.605539 0.442777 0.645166 0.413927 0.645166 0.413927 0.657294 0.466244 0.615259 0.482928 0.572924 0.532953 0.570145 0.507259 0.615259 0.482928 0.615259 0.482928 0.619935 0.530279 0.572924 0.532953 0.662882 0.528016 0.657294 0.466244 0.680919 0.459924 0.680919 0.459924 0.686569 0.526749 0.662882 0.528016 0.927204 0.510662 0.927204 0.572862 0.889404 0.559649 0.889404 0.559649 0.889627 0.512035 0.927204 0.510662 0.843626 0.539479 0.806887 0.515057 0.844312 0.51369 0.536996 0.53348 0.570145 0.507259 0.572924 0.532953 0.619935 0.530279 0.615259 0.482928 0.657294 0.466244 0.657294 0.466244 0.662882 0.528016 0.619935 0.530279 0.356414 0.518819 0.357997 0.586161 0.344811 0.581302 0.344811 0.581302 0.343796 0.519086 0.356414 0.518819 0.889627 0.512035 0.889404 0.559649 0.843626 0.539479 0.843626 0.539479 0.844312 0.51369 0.889627 0.512035 0.91866 0.115495 0.918881 0.163109 0.873569 0.161454 0.873569 0.161454 0.872882 0.135664 0.91866 0.115495 0.72188 0.208085 0.722498 0.1824499 0.769508 0.1797749 0.769508 0.1797749 0.768827 0.22727 0.72188 0.208085 0.812086 0.239662 0.812456 0.177512 0.836142 0.176245 0.836142 0.176245 0.836142 0.243552 0.812086 0.239662 0.956458 0.102281 0.95646 0.164481 0.918881 0.163109 0.918881 0.163109 0.91866 0.115495 0.956458 0.102281 0.873569 0.161454 0.836143 0.160086 0.872882 0.135664 0.686569 0.182976 0.722498 0.1824499 0.72188 0.208085 0.768827 0.22727 0.769508 0.1797749 0.812456 0.177512 0.812456 0.177512 0.812086 0.239662 0.768827 0.22727 0.176256 0.451793 0.174673 0.518819 0.162055 0.519086 0.162055 0.519086 0.16307 0.457162 0.176256 0.451793 0.804384 0.292401 0.812086 0.239662 0.836142 0.243552 0.836142 0.243552 0.827816 0.300633 0.804384 0.292401 0.948592 0.049263 0.956458 0.102281 0.91866 0.115495 0.91866 0.115495 0.912904 0.07492595 0.948592 0.049263 0.872882 0.135664 0.836143 0.160086 0.868802 0.113674 0.686569 0.182976 0.72188 0.208085 0.717924 0.229725 0.762495 0.267525 0.768827 0.22727 0.812086 0.239662 0.812086 0.239662 0.804384 0.292401 0.762495 0.267525 0.172143 0.395395 0.176256 0.451793 0.16307 0.457162 0.16307 0.457162 0.1596159 0.405031 0.172143 0.395395 0.912904 0.07492595 0.91866 0.115495 0.872882 0.135664 0.872882 0.135664 0.868802 0.113674 0.912904 0.07492595 0.717924 0.229725 0.72188 0.208085 0.768827 0.22727 0.768827 0.22727 0.762495 0.267525 0.717924 0.229725 0.686569 0.182976 0.717924 0.229725 0.711119 0.244004 0.750782 0.294129 0.762495 0.267525 0.804384 0.292401 0.804384 0.292401 0.789097 0.327217 0.750782 0.294129 0.1543689 0.358251 0.172143 0.395395 0.1596159 0.405031 0.1596159 0.405031 0.144174 0.370684 0.1543689 0.358251 0.900208 0.04749596 0.912904 0.07492595 0.868802 0.113674 0.868802 0.113674 0.861426 0.09880995 0.900208 0.04749596 0.711119 0.244004 0.717924 0.229725 0.762495 0.267525 0.762495 0.267525 0.750782 0.294129 0.711119 0.244004 0.789097 0.327217 0.804384 0.292401 0.827816 0.300633 0.827816 0.300633 0.811022 0.338281 0.789097 0.327217 0.930573 0.013372 0.948592 0.049263 0.912904 0.07492595 0.912904 0.07492595 0.900208 0.04749596 0.930573 0.013372 0.868802 0.113674 0.836143 0.160086 0.861426 0.09880995 0.1209959 0.346061 0.1543689 0.358251 0.144174 0.370684 0.144174 0.370684 0.114936 0.359384 0.1209959 0.346061 0.88124 0.03733396 0.900208 0.04749596 0.861426 0.09880995 0.861426 0.09880995 0.851447 0.09332096 0.88124 0.03733396 0.702358 0.248691 0.711119 0.244004 0.750782 0.294129 0.750782 0.294129 0.7349 0.30286 0.702358 0.248691 0.767607 0.338565 0.789097 0.327217 0.811022 0.338281 0.811022 0.338281 0.787151 0.350503 0.767607 0.338565 0.903218 0 0.930573 0.013372 0.900208 0.04749596 0.900208 0.04749596 0.88124 0.03733396 0.903218 0 0.861426 0.09880995 0.836143 0.160086 0.851447 0.09332096 0 0.171226 0.01148599 0.108393 0.02309596 0.105913 0.7349 0.30286 0.750782 0.294129 0.789097 0.327217 0.789097 0.327217 0.767607 0.338565 0.7349 0.30286 0.03481894 0.113813 0.02309596 0.105913 0.05490899 0.05080294 0.05490899 0.05080294 0.07778197 0.06563395 0.03481894 0.113813 0.110035 0.03315496 0.07748395 0.013206 0.089859 0 0.089859 0 0.126568 0.02191895 0.110035 0.03315496 0.076586 0.372878 0.114936 0.359384 0.113726 0.398579 0.113726 0.398579 0.08797496 0.408821 0.076586 0.372878 0.125529 0.457305 0.138088 0.525436 0.113179 0.462819 0 0.171226 0.02309596 0.105913 0.03481894 0.113813 0.07778197 0.06563395 0.05490899 0.05080294 0.07748395 0.013206 0.07748395 0.013206 0.110035 0.03315496 0.07778197 0.06563395 0.07743901 0.360717 0.1209959 0.346061 0.114936 0.359384 0.114936 0.359384 0.076586 0.372878 0.07743901 0.360717 0.08797496 0.408821 0.113726 0.398579 0.125529 0.457305 0.125529 0.457305 0.113179 0.462819 0.08797496 0.408821 0.03831499 0.409107 0.076586 0.372878 0.08797496 0.408821 0.08797496 0.408821 0.06220197 0.43645 0.03831499 0.409107 0.113179 0.462819 0.138088 0.525436 0.101355 0.477731 0 0.171226 0.03481894 0.113813 0.04437398 0.130805 0.09785097 0.09751397 0.07778197 0.06563395 0.110035 0.03315496 0.110035 0.03315496 0.139183 0.07546496 0.09785097 0.09751397 0.868683 0.713255 0.903919 0.675143 0.906939 0.687508 0.906939 0.687508 0.875858 0.722718 0.868683 0.713255 0.06220197 0.43645 0.08797496 0.408821 0.113179 0.462819 0.113179 0.462819 0.101355 0.477731 0.06220197 0.43645 0.04437398 0.130805 0.03481894 0.113813 0.07778197 0.06563395 0.07778197 0.06563395 0.09785097 0.09751397 0.04437398 0.130805 0.139183 0.07546496 0.110035 0.03315496 0.126568 0.02191895 0.126568 0.02191895 0.159454 0.06803596 0.139183 0.07546496 0 0.171226 0.04437398 0.130805 0.04946696 0.154153 0.109407 0.141099 0.09785097 0.09751397 0.139183 0.07546496 0.139183 0.07546496 0.156418 0.132921 0.109407 0.141099 0.842955 0.770292 0.868683 0.713255 0.875858 0.722718 0.875858 0.722718 0.853249 0.775413 0.842955 0.770292 0.04322695 0.477234 0.06220197 0.43645 0.101355 0.477731 0.101355 0.477731 0.09281498 0.499766 0.04322695 0.477234 0.04946696 0.154153 0.04437398 0.130805 0.09785097 0.09751397 0.09785097 0.09751397 0.109407 0.141099 0.04946696 0.154153 0.156418 0.132921 0.139183 0.07546496 0.159454 0.06803596 0.159454 0.06803596 0.178999 0.130459 0.156418 0.132921 0.01026594 0.462501 0.03831499 0.409107 0.06220197 0.43645 0.06220197 0.43645 0.04322695 0.477234 0.01026594 0.462501 0.101355 0.477731 0.138088 0.525436 0.09281498 0.499766 0.03625994 0.524925 0.04322695 0.477234 0.09281498 0.499766 0.09281498 0.499766 0.08970296 0.525562 0.03625994 0.524925 0.04858195 0.180167 0.04946696 0.154153 0.109407 0.141099 0.109407 0.141099 0.108608 0.189343 0.04858195 0.180167 0.156137 0.1961449 0.156418 0.132921 0.178999 0.130459 0.178999 0.130459 0.178999 0.1989769 0.156137 0.1961449 0 0.524856 0.01026594 0.462501 0.04322695 0.477234 0.04322695 0.477234 0.03625994 0.524925 0 0.524856 0.09281498 0.499766 0.138088 0.525436 0.08970296 0.525562 0 0.171226 0.04946696 0.154153 0.04858195 0.180167 0.108608 0.189343 0.109407 0.141099 0.156418 0.132921 0.156418 0.132921 0.156137 0.1961449 0.108608 0.189343 0.833483 0.837572 0.842955 0.770292 0.853249 0.775413 0.853249 0.775413 0.844944 0.837572 0.833483 0.837572 0.041565 0.204832 0.04858195 0.180167 0.108608 0.189343 0.108608 0.189343 0.09480696 0.234742 0.041565 0.204832 0.137341 0.255272 0.156137 0.1961449 0.178999 0.1989769 0.178999 0.1989769 0.15835 0.262891 0.137341 0.255272 0.01026594 0.586641 0 0.524856 0.03625994 0.524925 0.03625994 0.524925 0.04322695 0.572246 0.01026594 0.586641 0.08970296 0.525562 0.138088 0.525436 0.09281599 0.551187 0 0.171226 0.04858195 0.180167 0.041565 0.204832 0.09480696 0.234742 0.108608 0.189343 0.156137 0.1961449 0.156137 0.1961449 0.137341 0.255272 0.09480696 0.234742 0.842955 0.904852 0.833483 0.837572 0.844944 0.837572 0.844944 0.837572 0.853249 0.89973 0.842955 0.904852 0.04322695 0.572246 0.03625994 0.524925 0.08970296 0.525562 0.08970296 0.525562 0.09281599 0.551187 0.04322695 0.572246 0.09281599 0.551187 0.138088 0.525436 0.101355 0.572744 0 0.171226 0.041565 0.204832 0.02977395 0.224448 0.07087099 0.270544 0.09480696 0.234742 0.137341 0.255272 0.137341 0.255272 0.103931 0.301539 0.07087099 0.270544 0.868683 0.961889 0.842955 0.904852 0.853249 0.89973 0.853249 0.89973 0.875858 0.952426 0.868683 0.961889 0.06220197 0.612011 0.04322695 0.572246 0.09281599 0.551187 0.09281599 0.551187 0.101355 0.572744 0.06220197 0.612011 0.02977395 0.224448 0.041565 0.204832 0.09480696 0.234742 0.09480696 0.234742 0.07087099 0.270544 0.02977395 0.224448 0.103931 0.301539 0.137341 0.255272 0.15835 0.262891 0.15835 0.262891 0.1213 0.312738 0.103931 0.301539 0.03831499 0.638487 0.01026594 0.586641 0.04322695 0.572246 0.04322695 0.572246 0.06220197 0.612011 0.03831499 0.638487 0.04253 0.291709 0.07087099 0.270544 0.103931 0.301539 0.103931 0.301539 0.06397598 0.328536 0.04253 0.291709 0.903921 1 0.868683 0.961889 0.875858 0.952426 0.875858 0.952426 0.906939 0.987636 0.903921 1 0.08797496 0.638201 0.06220197 0.612011 0.101355 0.572744 0.101355 0.572744 0.113179 0.586959 0.08797496 0.638201 0.01574099 0.236164 0.02977395 0.224448 0.07087099 0.270544 0.07087099 0.270544 0.04253 0.291709 0.01574099 0.236164 0.06397598 0.328536 0.103931 0.301539 0.1213 0.312738 0.1213 0.312738 0.07671695 0.341637 0.06397598 0.328536 0.076586 0.672578 0.03831499 0.638487 0.06220197 0.612011 0.06220197 0.612011 0.08797496 0.638201 0.076586 0.672578 0.101355 0.572744 0.138088 0.525436 0.113179 0.586959 0 0.171226 0.02977395 0.224448 0.01574099 0.236164 0.002444982 0.238345 0.01574099 0.236164 0.04253 0.291709 0.04253 0.291709 0.01675397 0.295504 0.002444982 0.238345 0.02763199 0.332925 0.06397598 0.328536 0.07671695 0.341637 0.07671695 0.341637 0.03589999 0.34606 0.02763199 0.332925 0.114936 0.683777 0.076586 0.672578 0.08797496 0.638201 0.08797496 0.638201 0.113726 0.646858 0.114936 0.683777 0.113179 0.586959 0.138088 0.525436 0.125529 0.591673 0 0.171226 0.01574099 0.236164 0.002444982 0.238345 0.01675397 0.295504 0.04253 0.291709 0.06397598 0.328536 0.06397598 0.328536 0.02763199 0.332925 0.01675397 0.295504 0.1209959 0.697181 0.07743996 0.68511 0.076586 0.672578 0.076586 0.672578 0.114936 0.683777 0.1209959 0.697181 0.113726 0.646858 0.08797496 0.638201 0.113179 0.586959 0.113179 0.586959 0.125529 0.591673 0.113726 0.646858 0.776495 0.02804297 0.753967 0.01474195 0.772387 0 0.772387 0 0.797382 0.014458 0.776495 0.02804297 0.919618 0.3133 0.891358 0.32464 0.872163 0.285802 0.872163 0.285802 0.891824 0.277051 0.919618 0.3133 0.846536 0.227791 0.836143 0.160086 0.856889 0.223044 0.686569 0.182976 0.696709 0.114559 0.7059 0.120082 0.741137 0.06515198 0.724461 0.05501699 0.753967 0.01474195 0.753967 0.01474195 0.776495 0.02804297 0.741137 0.06515198 0.1543689 0.682644 0.1209959 0.697181 0.114936 0.683777 0.114936 0.683777 0.144174 0.670384 0.1543689 0.682644 0.891824 0.277051 0.872163 0.285802 0.846536 0.227791 0.846536 0.227791 0.856889 0.223044 0.891824 0.277051 0.7059 0.120082 0.696709 0.114559 0.724461 0.05501699 0.724461 0.05501699 0.741137 0.06515198 0.7059 0.120082 0.686569 0.182976 0.7059 0.120082 0.713928 0.13488 0.755112 0.09227299 0.741137 0.06515198 0.776495 0.02804297 0.776495 0.02804297 0.794739 0.06342399 0.755112 0.09227299 0.172143 0.643674 0.1543689 0.682644 0.144174 0.670384 0.144174 0.670384 0.1596159 0.634412 0.172143 0.643674 0.906486 0.25062 0.891824 0.277051 0.856889 0.223044 0.856889 0.223044 0.865329 0.2087579 0.906486 0.25062 0.713928 0.13488 0.7059 0.120082 0.741137 0.06515198 0.741137 0.06515198 0.755112 0.09227299 0.713928 0.13488 0.794739 0.06342399 0.776495 0.02804297 0.797382 0.014458 0.797382 0.014458 0.817377 0.05278998 0.794739 0.06342399 0.940207 0.278818 0.919618 0.3133 0.891824 0.277051 0.891824 0.277051 0.906486 0.25062 0.940207 0.278818 0.856889 0.223044 0.836143 0.160086 0.865329 0.2087579 0.176256 0.586161 0.172143 0.643674 0.1596159 0.634412 0.1596159 0.634412 0.16307 0.581302 0.176256 0.586161 0.915187 0.21058 0.906486 0.25062 0.865329 0.2087579 0.865329 0.2087579 0.871001 0.187124 0.915187 0.21058 0.719717 0.156755 0.713928 0.13488 0.755112 0.09227299 0.755112 0.09227299 0.764832 0.132425 0.719717 0.156755 0.806868 0.115741 0.794739 0.06342399 0.817377 0.05278998 0.817377 0.05278998 0.830492 0.10942 0.806868 0.115741 0.951921 0.226516 0.940207 0.278818 0.906486 0.25062 0.906486 0.25062 0.915187 0.21058 0.951921 0.226516 0.865329 0.2087579 0.836143 0.160086 0.871001 0.187124 0.686569 0.182976 0.713928 0.13488 0.719717 0.156755 0.764832 0.132425 0.755112 0.09227299 0.794739 0.06342399 0.794739 0.06342399 0.806868 0.115741 0.764832 0.132425 0.722498 0.1824499 0.719717 0.156755 0.764832 0.132425 0.764832 0.132425 0.769508 0.1797749 0.722498 0.1824499 0.812456 0.177512 0.806868 0.115741 0.830492 0.10942 0.830492 0.10942 0.836142 0.176245 0.812456 0.177512 0.95646 0.164481 0.951921 0.226516 0.915187 0.21058 0.915187 0.21058 0.918881 0.163109 0.95646 0.164481 0.871001 0.187124 0.836143 0.160086 0.873569 0.161454 0.686569 0.182976 0.719717 0.156755 0.722498 0.1824499 0.769508 0.1797749 0.764832 0.132425 0.806868 0.115741 0.806868 0.115741 0.812456 0.177512 0.769508 0.1797749 0.174673 0.518819 0.176256 0.586161 0.16307 0.581302 0.16307 0.581302 0.162055 0.519086 0.174673 0.518819 0.918881 0.163109 0.915187 0.21058 0.871001 0.187124 0.871001 0.187124 0.873569 0.161454 0.918881 0.163109 0.769086 0.465998 0.76931 0.513612 0.723996 0.511957 0.723996 0.511957 0.723309 0.486168 0.769086 0.465998 0.572308 0.208085 0.572925 0.1824499 0.619935 0.1797749 0.619935 0.1797749 0.619254 0.22727 0.572308 0.208085 0.662514 0.239662 0.662883 0.177512 0.686569 0.176245 0.686569 0.176245 0.686569 0.243552 0.662514 0.239662 0.806887 0.452785 0.806887 0.514985 0.76931 0.513612 0.76931 0.513612 0.769086 0.465998 0.806887 0.452785 0.723996 0.511957 0.68657 0.51059 0.723309 0.486168 0.536996 0.182977 0.572925 0.1824499 0.572308 0.208085 0.619254 0.22727 0.619935 0.1797749 0.662883 0.177512 0.662883 0.177512 0.662514 0.239662 0.619254 0.22727 0.534254 0.451793 0.53267 0.518819 0.520052 0.519086 0.520052 0.519086 0.521067 0.457162 0.534254 0.451793 0.654812 0.292401 0.662514 0.239662 0.686569 0.243552 0.686569 0.243552 0.678244 0.300633 0.654812 0.292401 0.799019 0.399767 0.806887 0.452785 0.769086 0.465998 0.769086 0.465998 0.763332 0.42543 0.799019 0.399767 0.723309 0.486168 0.68657 0.51059 0.71923 0.464177 0.536996 0.182977 0.572308 0.208085 0.568352 0.229725 0.612922 0.267525 0.619254 0.22727 0.662514 0.239662 0.662514 0.239662 0.654812 0.292401 0.612922 0.267525 0.53014 0.395395 0.534254 0.451793 0.521067 0.457162 0.521067 0.457162 0.517612 0.405032 0.53014 0.395395 0.763332 0.42543 0.769086 0.465998 0.723309 0.486168 0.723309 0.486168 0.71923 0.464177 0.763332 0.42543 0.568352 0.229725 0.572308 0.208085 0.619254 0.22727 0.619254 0.22727 0.612922 0.267525 0.568352 0.229725 0.536996 0.182977 0.568352 0.229725 0.561547 0.244004 0.601209 0.294129 0.612922 0.267525 0.654812 0.292401 0.654812 0.292401 0.639524 0.327217 0.601209 0.294129 0.512367 0.358251 0.53014 0.395395 0.517612 0.405032 0.517612 0.405032 0.502171 0.370684 0.512367 0.358251 0.750637 0.397999 0.763332 0.42543 0.71923 0.464177 0.71923 0.464177 0.711854 0.449313 0.750637 0.397999 0.561547 0.244004 0.568352 0.229725 0.612922 0.267525 0.612922 0.267525 0.601209 0.294129 0.561547 0.244004 0.639524 0.327217 0.654812 0.292401 0.678244 0.300633 0.678244 0.300633 0.661448 0.338281 0.639524 0.327217 0.781001 0.363875 0.799019 0.399767 0.763332 0.42543 0.763332 0.42543 0.750637 0.397999 0.781001 0.363875 0.71923 0.464177 0.68657 0.51059 0.711854 0.449313 0.478993 0.346061 0.512367 0.358251 0.502171 0.370684 0.502171 0.370684 0.472933 0.359384 0.478993 0.346061 0.731667 0.387837 0.750637 0.397999 0.711854 0.449313 0.711854 0.449313 0.701874 0.443824 0.731667 0.387837 0.552786 0.248691 0.561547 0.244004 0.601209 0.294129 0.601209 0.294129 0.585327 0.302861 0.552786 0.248691 0.618033 0.338565 0.639524 0.327217 0.661448 0.338281 0.661448 0.338281 0.637578 0.350504 0.618033 0.338565 0.753645 0.350504 0.781001 0.363875 0.750637 0.397999 0.750637 0.397999 0.731667 0.387837 0.753645 0.350504 0.711854 0.449313 0.68657 0.51059 0.701874 0.443824 0.357997 0.171226 0.369483 0.108393 0.381093 0.105913 0.585327 0.302861 0.601209 0.294129 0.639524 0.327217 0.639524 0.327217 0.618033 0.338565 0.585327 0.302861 0.392816 0.113813 0.381093 0.105913 0.412906 0.05080294 0.412906 0.05080294 0.435779 0.06563395 0.392816 0.113813 0.468031 0.03315496 0.435482 0.013206 0.447856 0 0.447856 0 0.484566 0.02191895 0.468031 0.03315496 0.434583 0.372878 0.472933 0.359384 0.471723 0.398579 0.471723 0.398579 0.445972 0.408821 0.434583 0.372878 0.483527 0.457305 0.496085 0.525436 0.471176 0.462819 0.357997 0.171226 0.381093 0.105913 0.392816 0.113813 0.435779 0.06563395 0.412906 0.05080294 0.435482 0.013206 0.435482 0.013206 0.468031 0.03315496 0.435779 0.06563395 0.435437 0.360717 0.478993 0.346061 0.472933 0.359384 0.472933 0.359384 0.434583 0.372878 0.435437 0.360717 0.445972 0.408821 0.471723 0.398579 0.483527 0.457305 0.483527 0.457305 0.471176 0.462819 0.445972 0.408821 0.396312 0.409107 0.434583 0.372878 0.445972 0.408821 0.445972 0.408821 0.420199 0.436451 0.396312 0.409107 0.471176 0.462819 0.496085 0.525436 0.459352 0.477731 0.357997 0.171226 0.392816 0.113813 0.402372 0.130805 0.455847 0.09751397 0.435779 0.06563395 0.468031 0.03315496 0.468031 0.03315496 0.49718 0.07546401 0.455847 0.09751397 0.721771 0.713254 0.757007 0.675143 0.760026 0.687508 0.760026 0.687508 0.728946 0.722718 0.721771 0.713254 0.420199 0.436451 0.445972 0.408821 0.471176 0.462819 0.471176 0.462819 0.459352 0.477731 0.420199 0.436451 0.402372 0.130805 0.392816 0.113813 0.435779 0.06563395 0.435779 0.06563395 0.455847 0.09751397 0.402372 0.130805 0.49718 0.07546401 0.468031 0.03315496 0.484566 0.02191895 0.484566 0.02191895 0.517452 0.06803596 0.49718 0.07546401 0.357997 0.171226 0.402372 0.130805 0.407465 0.154153 0.467406 0.141099 0.455847 0.09751397 0.49718 0.07546401 0.49718 0.07546401 0.514416 0.132921 0.467406 0.141099 0.696042 0.770292 0.721771 0.713254 0.728946 0.722718 0.728946 0.722718 0.706335 0.775413 0.696042 0.770292 0.401224 0.477234 0.420199 0.436451 0.459352 0.477731 0.459352 0.477731 0.450813 0.499766 0.401224 0.477234 0.407465 0.154153 0.402372 0.130805 0.455847 0.09751397 0.455847 0.09751397 0.467406 0.141099 0.407465 0.154153 0.514416 0.132921 0.49718 0.07546401 0.517452 0.06803596 0.517452 0.06803596 0.536996 0.130459 0.514416 0.132921 0.368263 0.462501 0.396312 0.409107 0.420199 0.436451 0.420199 0.436451 0.401224 0.477234 0.368263 0.462501 0.459352 0.477731 0.496085 0.525436 0.450813 0.499766 0.394257 0.524925 0.401224 0.477234 0.450813 0.499766 0.450813 0.499766 0.4477 0.525562 0.394257 0.524925 0.406579 0.180167 0.407465 0.154153 0.467406 0.141099 0.467406 0.141099 0.466606 0.189343 0.406579 0.180167 0.514135 0.1961449 0.514416 0.132921 0.536996 0.130459 0.536996 0.130459 0.536996 0.1989769 0.514135 0.1961449 0.357997 0.524856 0.368263 0.462501 0.401224 0.477234 0.401224 0.477234 0.394257 0.524925 0.357997 0.524856 0.450813 0.499766 0.496085 0.525436 0.4477 0.525562 0.357997 0.171226 0.407465 0.154153 0.406579 0.180167 0.466606 0.189343 0.467406 0.141099 0.514416 0.132921 0.514416 0.132921 0.514135 0.1961449 0.466606 0.189343 0.68657 0.837572 0.696042 0.770292 0.706335 0.775413 0.706335 0.775413 0.698031 0.837572 0.68657 0.837572 0.399562 0.204832 0.406579 0.180167 0.466606 0.189343 0.466606 0.189343 0.452804 0.234742 0.399562 0.204832 0.495339 0.255272 0.514135 0.1961449 0.536996 0.1989769 0.536996 0.1989769 0.516346 0.262891 0.495339 0.255272 0.368264 0.586641 0.357997 0.524856 0.394257 0.524925 0.394257 0.524925 0.401224 0.572246 0.368264 0.586641 0.4477 0.525562 0.496085 0.525436 0.450813 0.551187 0.357997 0.171226 0.406579 0.180167 0.399562 0.204832 0.452804 0.234742 0.466606 0.189343 0.514135 0.1961449 0.514135 0.1961449 0.495339 0.255272 0.452804 0.234742 0.696042 0.904852 0.68657 0.837572 0.698031 0.837572 0.698031 0.837572 0.706335 0.89973 0.696042 0.904852 0.401224 0.572246 0.394257 0.524925 0.4477 0.525562 0.4477 0.525562 0.450813 0.551187 0.401224 0.572246 0.450813 0.551187 0.496085 0.525436 0.459352 0.572744 0.357997 0.171226 0.399562 0.204832 0.387771 0.224448 0.428869 0.270544 0.452804 0.234742 0.495339 0.255272 0.495339 0.255272 0.46193 0.301539 0.428869 0.270544 0.721771 0.961889 0.696042 0.904852 0.706335 0.89973 0.706335 0.89973 0.728945 0.952426 0.721771 0.961889 0.420199 0.612011 0.401224 0.572246 0.450813 0.551187 0.450813 0.551187 0.459352 0.572744 0.420199 0.612011 0.387771 0.224448 0.399562 0.204832 0.452804 0.234742 0.452804 0.234742 0.428869 0.270544 0.387771 0.224448 0.46193 0.301539 0.495339 0.255272 0.516346 0.262891 0.516346 0.262891 0.479297 0.312738 0.46193 0.301539 0.396312 0.638487 0.368264 0.586641 0.401224 0.572246 0.401224 0.572246 0.420199 0.612011 0.396312 0.638487 0.400528 0.291709 0.428869 0.270544 0.46193 0.301539 0.46193 0.301539 0.421976 0.328536 0.400528 0.291709 0.757007 1 0.721771 0.961889 0.728945 0.952426 0.728945 0.952426 0.760026 0.987636 0.757007 1 0.445972 0.638201 0.420199 0.612011 0.459352 0.572744 0.459352 0.572744 0.471176 0.586959 0.445972 0.638201 0.373739 0.236164 0.387771 0.224448 0.428869 0.270544 0.428869 0.270544 0.400528 0.291709 0.373739 0.236164 0.421976 0.328536 0.46193 0.301539 0.479297 0.312738 0.479297 0.312738 0.434715 0.341637 0.421976 0.328536 0.434583 0.672578 0.396312 0.638487 0.420199 0.612011 0.420199 0.612011 0.445972 0.638201 0.434583 0.672578 0.459352 0.572744 0.496085 0.525436 0.471176 0.586959 0.357997 0.171226 0.387771 0.224448 0.373739 0.236164 0.360444 0.238345 0.373739 0.236164 0.400528 0.291709 0.400528 0.291709 0.374753 0.295505 0.360444 0.238345 0.38563 0.332925 0.421976 0.328536 0.434715 0.341637 0.434715 0.341637 0.393898 0.346061 0.38563 0.332925 0.472933 0.683777 0.434583 0.672578 0.445972 0.638201 0.445972 0.638201 0.471723 0.646858 0.472933 0.683777 0.471176 0.586959 0.496085 0.525436 0.483527 0.591673 0.357997 0.171226 0.373739 0.236164 0.360444 0.238345 0.374753 0.295505 0.400528 0.291709 0.421976 0.328536 0.421976 0.328536 0.38563 0.332925 0.374753 0.295505 0.478993 0.697181 0.435437 0.68511 0.434583 0.672578 0.434583 0.672578 0.472933 0.683777 0.478993 0.697181 0.471723 0.646858 0.445972 0.638201 0.471176 0.586959 0.471176 0.586959 0.483527 0.591673 0.471723 0.646858 0.626922 0.02804297 0.604394 0.01474195 0.622814 0 0.622814 0 0.647809 0.014458 0.626922 0.02804297 0.770044 0.663803 0.741786 0.675143 0.72259 0.636306 0.72259 0.636306 0.742251 0.627555 0.770044 0.663803 0.696962 0.578294 0.68657 0.51059 0.707316 0.573548 0.536996 0.182977 0.547136 0.114559 0.556327 0.120082 0.591563 0.06515198 0.574887 0.05501699 0.604394 0.01474195 0.604394 0.01474195 0.626922 0.02804297 0.591563 0.06515198 0.512367 0.682644 0.478993 0.697181 0.472933 0.683777 0.472933 0.683777 0.502171 0.670384 0.512367 0.682644 0.742251 0.627555 0.72259 0.636306 0.696962 0.578294 0.696962 0.578294 0.707316 0.573548 0.742251 0.627555 0.556327 0.120082 0.547136 0.114559 0.574887 0.05501699 0.574887 0.05501699 0.591563 0.06515198 0.556327 0.120082 0.536996 0.182977 0.556327 0.120082 0.564356 0.13488 0.605539 0.09227299 0.591563 0.06515198 0.626922 0.02804297 0.626922 0.02804297 0.645166 0.06342399 0.605539 0.09227299 0.53014 0.643674 0.512367 0.682644 0.502171 0.670384 0.502171 0.670384 0.517612 0.634412 0.53014 0.643674 0.756913 0.601124 0.742251 0.627555 0.707316 0.573548 0.707316 0.573548 0.715756 0.559262 0.756913 0.601124 0.564356 0.13488 0.556327 0.120082 0.591563 0.06515198 0.591563 0.06515198 0.605539 0.09227299 0.564356 0.13488 0.645166 0.06342399 0.626922 0.02804297 0.647809 0.014458 0.647809 0.014458 0.667803 0.05278998 0.645166 0.06342399 0.790634 0.629322 0.770044 0.663803 0.742251 0.627555 0.742251 0.627555 0.756913 0.601124 0.790634 0.629322 0.707316 0.573548 0.68657 0.51059 0.715756 0.559262 0.534254 0.586161 0.53014 0.643674 0.517612 0.634412 0.517612 0.634412 0.521067 0.581302 0.534254 0.586161 0.765613 0.561083 0.756913 0.601124 0.715756 0.559262 0.715756 0.559262 0.721429 0.537627 0.765613 0.561083 0.570145 0.156755 0.564356 0.13488 0.605539 0.09227299 0.605539 0.09227299 0.615259 0.132425 0.570145 0.156755 0.657294 0.115741 0.645166 0.06342399 0.667803 0.05278998 0.667803 0.05278998 0.68092 0.10942 0.657294 0.115741 0.802348 0.577019 0.790634 0.629322 0.756913 0.601124 0.756913 0.601124 0.765613 0.561083 0.802348 0.577019 0.715756 0.559262 0.68657 0.51059 0.721429 0.537627 0.536996 0.182977 0.564356 0.13488 0.570145 0.156755 0.615259 0.132425 0.605539 0.09227299 0.645166 0.06342399 0.645166 0.06342399 0.657294 0.115741 0.615259 0.132425 0.572925 0.1824499 0.570145 0.156755 0.615259 0.132425 0.615259 0.132425 0.619935 0.1797749 0.572925 0.1824499 0.662883 0.177512 0.657294 0.115741 0.68092 0.10942 0.68092 0.10942 0.686569 0.176245 0.662883 0.177512 0.806887 0.514985 0.802348 0.577019 0.765613 0.561083 0.765613 0.561083 0.76931 0.513612 0.806887 0.514985 0.721429 0.537627 0.68657 0.51059 0.723996 0.511957 0.536996 0.182977 0.570145 0.156755 0.572925 0.1824499 0.619935 0.1797749 0.615259 0.132425 0.657294 0.115741 0.657294 0.115741 0.662883 0.177512 0.619935 0.1797749 0.53267 0.518819 0.534254 0.586161 0.521067 0.581302 0.521067 0.581302 0.520052 0.519086 0.53267 0.518819 0.76931 0.513612 0.765613 0.561083 0.721429 0.537627 0.721429 0.537627 0.723996 0.511957 0.76931 0.513612</float_array>
          <technique_common>
            <accessor source="#Main_Wood_Frame_003-mesh-map-0-array" count="2808" stride="2">
              <param name="S" type="float"/>
              <param name="T" type="float"/>
            </accessor>
          </technique_common>
        </source>
        <vertices id="Main_Wood_Frame_003-mesh-vertices">
          <input semantic="POSITION" source="#Main_Wood_Frame_003-mesh-positions"/>
        </vertices>
        <triangles material="Main_Wood_Frame-material" count="84">
          <input semantic="VERTEX" source="#Main_Wood_Frame_003-mesh-vertices" offset="0"/>
          <input semantic="NORMAL" source="#Main_Wood_Frame_003-mesh-normals" offset="1"/>
          <input semantic="TEXCOORD" source="#Main_Wood_Frame_003-mesh-map-0" offset="2" set="0"/>
          <p>3 0 0 0 0 1 1 1 2 1 1 3 2 0 4 3 0 5 6 2 6 4 2 7 5 2 8 5 2 9 1 2 10 6 2 11 7 3 12 6 4 13 1 5 14 1 5 15 0 5 16 7 3 17 9 6 18 6 4 19 7 3 20 7 3 21 8 7 22 9 6 23 4 8 24 10 9 25 11 10 26 11 10 27 5 10 28 4 8 29 10 11 30 7 11 31 0 11 32 0 11 33 11 11 34 10 11 35 14 2 36 12 2 37 9 2 38 9 2 39 13 2 40 14 2 41 15 12 42 10 9 43 4 8 44 4 8 45 12 13 46 15 12 47 8 14 48 7 15 49 10 16 50 10 16 51 15 17 52 8 14 53 12 18 54 4 19 55 6 20 56 6 20 57 9 21 58 12 18 59 17 22 60 14 23 61 13 24 62 13 24 63 16 25 64 17 22 65 13 5 66 9 6 67 8 7 68 8 7 69 18 5 70 13 5 71 19 10 72 15 12 73 12 13 74 12 13 75 14 10 76 19 10 77 18 11 78 8 11 79 15 11 80 15 11 81 19 11 82 18 11 83 22 26 84 20 27 85 17 28 86 17 28 87 21 29 88 22 26 89 16 30 90 13 31 91 18 32 92 18 32 93 23 33 94 16 30 95 20 34 96 19 35 97 14 36 98 14 36 99 17 37 100 20 34 101 23 38 102 18 39 103 19 40 104 19 40 105 20 41 106 23 38 107 26 2 108 21 42 109 24 43 110 24 43 111 25 2 112 26 2 113 27 44 114 23 45 115 20 46 116 20 46 117 22 47 118 27 44 119 21 42 120 17 48 121 16 49 122 16 49 123 24 43 124 21 42 125 24 50 126 16 51 127 23 52 128 23 52 129 27 53 130 24 50 131 25 54 132 28 54 133 29 54 134 29 54 135 26 54 136 25 54 137 25 5 138 24 50 139 27 53 140 27 53 141 28 5 142 25 5 143 29 10 144 22 26 145 21 29 146 21 29 147 26 10 148 29 10 149 28 11 150 27 44 151 22 47 152 22 47 153 29 11 154 28 11 155 32 11 156 30 11 157 3 11 158 3 11 159 31 11 160 32 11 161 33 55 162 5 55 163 11 56 164 11 56 165 30 57 166 33 55 167 30 58 168 11 59 169 0 60 170 0 60 171 3 61 172 30 58 173 2 62 174 1 63 175 5 64 176 5 64 177 33 64 178 2 62 179 36 65 180 31 66 181 34 67 182 34 67 183 35 68 184 36 65 185 37 69 186 33 10 187 30 10 188 30 10 189 32 70 190 37 69 191 31 66 192 3 5 193 2 5 194 2 5 195 34 67 196 31 66 197 34 2 198 2 2 199 33 2 200 33 2 201 37 2 202 34 2 203 40 11 204 38 11 205 36 11 206 36 11 207 39 11 208 40 11 209 35 71 210 34 71 211 37 71 212 37 71 213 41 71 214 35 71 215 38 72 216 32 72 217 31 73 218 31 73 219 36 74 220 38 72 221 41 75 222 37 69 223 32 70 224 32 70 225 38 76 226 41 75 227 43 77 228 40 77 229 39 77 230 39 77 231 42 77 232 43 77 233 43 10 234 41 75 235 38 76 236 38 76 237 40 10 238 43 10 239 39 5 240 36 65 241 35 68 242 35 68 243 42 5 244 39 5 245 42 2 246 35 2 247 41 2 248 41 2 249 43 2 250 42 2 251</p>
        </triangles>
        <triangles material="Doors-material" count="180">
          <input semantic="VERTEX" source="#Main_Wood_Frame_003-mesh-vertices" offset="0"/>
          <input semantic="NORMAL" source="#Main_Wood_Frame_003-mesh-normals" offset="1"/>
          <input semantic="TEXCOORD" source="#Main_Wood_Frame_003-mesh-map-0" offset="2" set="0"/>
          <p>47 5 252 44 5 253 45 5 254 45 5 255 46 5 256 47 5 257 49 11 258 47 11 259 46 11 260 46 11 261 48 11 262 49 11 263 53 11 264 50 11 265 51 11 266 51 11 267 52 11 268 53 11 269 44 2 270 54 2 271 55 2 272 55 2 273 45 2 274 44 2 275 44 54 276 47 54 277 49 54 278 49 54 279 54 54 280 44 54 281 55 77 282 48 77 283 46 77 284 46 77 285 45 77 286 55 77 287 48 10 288 56 10 289 57 10 290 57 10 291 49 10 292 48 10 293 49 10 294 57 10 295 51 10 296 51 10 297 54 10 298 49 10 299 55 10 300 50 10 301 56 10 302 56 10 303 48 10 304 55 10 305 54 10 306 51 10 307 50 10 308 50 10 309 55 10 310 54 10 311 61 2 312 58 2 313 59 2 314 59 2 315 60 2 316 61 2 317 52 77 318 51 77 319 57 77 320 57 77 321 62 77 322 52 77 323 63 54 324 56 54 325 50 54 326 50 54 327 53 54 328 63 54 329 62 2 330 57 2 331 56 2 332 56 2 333 63 2 334 62 2 335 63 10 336 64 10 337 65 10 338 65 10 339 62 10 340 63 10 341 62 10 342 65 10 343 59 10 344 59 10 345 52 10 346 62 10 347 53 10 348 58 10 349 64 10 350 64 10 351 63 10 352 53 10 353 52 10 354 59 10 355 58 10 356 58 10 357 53 10 358 52 10 359 69 54 360 66 54 361 67 54 362 67 54 363 68 54 364 69 54 365 60 54 366 59 54 367 65 54 368 65 54 369 70 54 370 60 54 371 71 77 372 64 77 373 58 77 374 58 77 375 61 77 376 71 77 377 70 11 378 65 11 379 64 11 380 64 11 381 71 11 382 70 11 383 71 10 384 66 10 385 72 10 386 72 10 387 70 10 388 71 10 389 70 10 390 72 10 391 73 10 392 73 10 393 60 10 394 70 10 395 61 10 396 67 10 397 66 10 398 66 10 399 71 10 400 61 10 401 60 10 402 73 10 403 67 10 404 67 10 405 61 10 406 60 10 407 75 10 408 74 10 409 69 10 410 69 10 411 68 10 412 75 10 413 74 2 414 72 2 415 66 2 416 66 2 417 69 2 418 74 2 419 68 11 420 67 11 421 73 11 422 73 11 423 75 11 424 68 11 425 75 77 426 73 77 427 72 77 428 72 77 429 74 77 430 75 77 431 79 5 432 76 5 433 77 5 434 77 5 435 78 5 436 79 5 437 81 11 438 79 11 439 78 11 440 78 11 441 80 11 442 81 11 443 85 11 444 82 11 445 83 11 446 83 11 447 84 11 448 85 11 449 76 2 450 86 2 451 87 2 452 87 2 453 77 2 454 76 2 455 76 54 456 79 54 457 81 54 458 81 54 459 86 54 460 76 54 461 87 77 462 80 77 463 78 77 464 78 77 465 77 77 466 87 77 467 80 10 468 88 78 469 89 79 470 89 79 471 81 80 472 80 10 473 81 80 474 89 79 475 83 81 476 83 81 477 86 10 478 81 80 479 87 82 480 82 83 481 88 78 482 88 78 483 80 10 484 87 82 485 86 10 486 83 81 487 82 83 488 82 83 489 87 82 490 86 10 491 93 2 492 90 2 493 91 2 494 91 2 495 92 2 496 93 2 497 84 77 498 83 77 499 89 77 500 89 77 501 94 77 502 84 77 503 95 54 504 88 54 505 82 54 506 82 54 507 85 54 508 95 54 509 94 2 510 89 2 511 88 2 512 88 2 513 95 2 514 94 2 515 95 10 516 96 10 517 97 10 518 97 10 519 94 10 520 95 10 521 94 10 522 97 10 523 91 10 524 91 10 525 84 10 526 94 10 527 85 10 528 90 10 529 96 10 530 96 10 531 95 10 532 85 10 533 84 10 534 91 10 535 90 10 536 90 10 537 85 10 538 84 10 539 101 54 540 98 54 541 99 54 542 99 54 543 100 54 544 101 54 545 92 54 546 91 54 547 97 54 548 97 54 549 102 54 550 92 54 551 103 77 552 96 77 553 90 77 554 90 77 555 93 77 556 103 77 557 102 11 558 97 11 559 96 11 560 96 11 561 103 11 562 102 11 563 103 10 564 98 10 565 104 10 566 104 10 567 102 10 568 103 10 569 102 10 570 104 10 571 105 10 572 105 10 573 92 10 574 102 10 575 93 10 576 99 10 577 98 10 578 98 10 579 103 10 580 93 10 581 92 10 582 105 10 583 99 10 584 99 10 585 93 10 586 92 10 587 107 10 588 106 10 589 101 10 590 101 10 591 100 10 592 107 10 593 106 2 594 104 2 595 98 2 596 98 2 597 101 2 598 106 2 599 100 11 600 99 11 601 105 11 602 105 11 603 107 11 604 100 11 605 107 77 606 105 77 607 104 77 608 104 77 609 106 77 610 107 77 611 111 5 612 108 5 613 109 5 614 109 5 615 110 5 616 111 5 617 113 11 618 111 11 619 110 11 620 110 11 621 112 11 622 113 11 623 117 11 624 114 11 625 115 11 626 115 11 627 116 11 628 117 11 629 108 2 630 118 2 631 119 2 632 119 2 633 109 2 634 108 2 635 108 54 636 111 54 637 113 54 638 113 54 639 118 54 640 108 54 641 119 77 642 112 77 643 110 77 644 110 77 645 109 77 646 119 77 647 112 10 648 120 10 649 121 10 650 121 10 651 113 10 652 112 10 653 113 10 654 121 10 655 115 10 656 115 10 657 118 10 658 113 10 659 119 10 660 114 10 661 120 10 662 120 10 663 112 10 664 119 10 665 118 10 666 115 10 667 114 10 668 114 10 669 119 10 670 118 10 671 125 2 672 122 2 673 123 2 674 123 2 675 124 2 676 125 2 677 116 77 678 115 77 679 121 77 680 121 77 681 126 77 682 116 77 683 127 54 684 120 54 685 114 54 686 114 54 687 117 54 688 127 54 689 126 2 690 121 2 691 120 2 692 120 2 693 127 2 694 126 2 695 127 10 696 128 10 697 129 10 698 129 10 699 126 10 700 127 10 701 126 10 702 129 10 703 123 10 704 123 10 705 116 10 706 126 10 707 117 10 708 122 10 709 128 10 710 128 10 711 127 10 712 117 10 713 116 10 714 123 10 715 122 10 716 122 10 717 117 10 718 116 10 719 133 54 720 130 54 721 131 54 722 131 54 723 132 54 724 133 54 725 124 54 726 123 54 727 129 54 728 129 54 729 134 54 730 124 54 731 135 77 732 128 77 733 122 77 734 122 77 735 125 77 736 135 77 737 134 11 738 129 11 739 128 11 740 128 11 741 135 11 742 134 11 743 135 10 744 130 10 745 136 10 746 136 10 747 134 10 748 135 10 749 134 10 750 136 10 751 137 10 752 137 10 753 124 10 754 134 10 755 125 10 756 131 10 757 130 10 758 130 10 759 135 10 760 125 10 761 124 10 762 137 10 763 131 10 764 131 10 765 125 10 766 124 10 767 139 10 768 138 10 769 133 10 770 133 10 771 132 10 772 139 10 773 138 2 774 136 2 775 130 2 776 130 2 777 133 2 778 138 2 779 132 11 780 131 11 781 137 11 782 137 11 783 139 11 784 132 11 785 139 77 786 137 77 787 136 77 788 136 77 789 138 77 790 139 77 791</p>
        </triangles>
        <triangles material="Handles-material" count="672">
          <input semantic="VERTEX" source="#Main_Wood_Frame_003-mesh-vertices" offset="0"/>
          <input semantic="NORMAL" source="#Main_Wood_Frame_003-mesh-normals" offset="1"/>
          <input semantic="TEXCOORD" source="#Main_Wood_Frame_003-mesh-map-0" offset="2" set="0"/>
          <p>143 84 792 140 85 793 141 86 794 141 86 795 142 87 796 143 84 797 147 88 798 144 89 799 145 90 800 145 90 801 146 91 802 147 88 803 151 92 804 148 93 805 149 94 806 149 94 807 150 95 808 151 92 809 153 96 810 152 97 811 140 85 812 140 85 813 143 84 814 153 96 815 141 86 816 154 98 817 142 87 818 155 99 819 144 89 820 147 88 821 146 91 822 145 90 823 148 93 824 148 93 825 151 92 826 146 91 827 150 95 828 149 94 829 152 97 830 152 97 831 153 96 832 150 95 833 157 100 834 151 92 835 150 95 836 150 95 837 156 101 838 157 100 839 159 102 840 153 96 841 143 84 842 143 84 843 158 103 844 159 102 845 142 87 846 154 98 847 160 104 848 155 99 849 147 88 850 161 105 851 162 106 852 146 91 853 151 92 854 151 92 855 157 100 856 162 106 857 156 101 858 150 95 859 153 96 860 153 96 861 159 102 862 156 101 863 158 103 864 143 84 865 142 87 866 142 87 867 160 104 868 158 103 869 161 105 870 147 88 871 146 91 872 146 91 873 162 106 874 161 105 875 155 99 876 161 105 877 163 107 878 165 108 879 162 106 880 157 100 881 157 100 882 164 109 883 165 108 884 167 110 885 156 101 886 159 102 887 159 102 888 166 111 889 167 110 890 169 112 891 158 103 892 160 104 893 160 104 894 168 113 895 169 112 896 163 107 897 161 105 898 162 106 899 162 106 900 165 108 901 163 107 902 164 109 903 157 100 904 156 101 905 156 101 906 167 110 907 164 109 908 166 111 909 159 102 910 158 103 911 158 103 912 169 112 913 166 111 914 160 104 915 154 98 916 168 113 917 171 114 918 167 110 919 166 111 920 166 111 921 170 115 922 171 114 923 173 116 924 169 112 925 168 113 926 168 113 927 172 117 928 173 116 929 175 118 930 163 107 931 165 108 932 165 108 933 174 119 934 175 118 935 176 120 936 164 109 937 167 110 938 167 110 939 171 114 940 176 120 941 170 115 942 166 111 943 169 112 944 169 112 945 173 116 946 170 115 947 168 113 948 154 98 949 172 117 950 155 99 951 163 107 952 175 118 953 174 119 954 165 108 955 164 109 956 164 109 957 176 120 958 174 119 959 178 121 960 175 118 961 174 119 962 174 119 963 177 122 964 178 121 965 180 123 966 176 120 967 171 114 968 171 114 969 179 124 970 180 123 971 182 125 972 170 115 973 173 116 974 173 116 975 181 126 976 182 125 977 172 117 978 154 98 979 183 127 980 155 99 981 175 118 982 178 121 983 177 122 984 174 119 985 176 120 986 176 120 987 180 123 988 177 122 989 179 124 990 171 114 991 170 115 992 170 115 993 182 125 994 179 124 995 181 126 996 173 116 997 172 117 998 172 117 999 183 127 1000 181 126 1001 185 128 1002 182 125 1003 181 126 1004 181 126 1005 184 129 1006 185 128 1007 183 127 1008 154 98 1009 186 130 1010 155 99 1011 178 121 1012 187 131 1013 189 132 1014 177 122 1015 180 123 1016 180 123 1017 188 133 1018 189 132 1019 190 134 1020 179 124 1021 182 125 1022 182 125 1023 185 128 1024 190 134 1025 184 129 1026 181 126 1027 183 127 1028 183 127 1029 186 130 1030 184 129 1031 187 131 1032 178 121 1033 177 122 1034 177 122 1035 189 132 1036 187 131 1037 188 133 1038 180 123 1039 179 124 1040 179 124 1041 190 134 1042 188 133 1043 155 99 1044 187 131 1045 191 135 1046 193 136 1047 189 132 1048 188 133 1049 188 133 1050 192 137 1051 193 136 1052 195 138 1053 190 134 1054 185 128 1055 185 128 1056 194 139 1057 195 138 1058 197 140 1059 184 129 1060 186 130 1061 186 130 1062 196 141 1063 197 140 1064 191 135 1065 187 131 1066 189 132 1067 189 132 1068 193 136 1069 191 135 1070 192 137 1071 188 133 1072 190 134 1073 190 134 1074 195 138 1075 192 137 1076 194 139 1077 185 128 1078 184 129 1079 184 129 1080 197 140 1081 194 139 1082 186 130 1083 154 98 1084 196 141 1085 199 142 1086 197 140 1087 196 141 1088 196 141 1089 198 143 1090 199 142 1091 201 144 1092 191 135 1093 193 136 1094 193 136 1095 200 145 1096 201 144 1097 203 146 1098 192 137 1099 195 138 1100 195 138 1101 202 147 1102 203 146 1103 204 148 1104 194 139 1105 197 140 1106 197 140 1107 199 142 1108 204 148 1109 196 141 1110 154 98 1111 198 143 1112 155 99 1113 191 135 1114 201 144 1115 200 145 1116 193 136 1117 192 137 1118 192 137 1119 203 146 1120 200 145 1121 202 147 1122 195 138 1123 194 139 1124 194 139 1125 204 148 1126 202 147 1127 206 149 1128 201 144 1129 200 145 1130 200 145 1131 205 150 1132 206 149 1133 208 151 1134 203 146 1135 202 147 1136 202 147 1137 207 152 1138 208 151 1139 210 153 1140 204 148 1141 199 142 1142 199 142 1143 209 154 1144 210 153 1145 198 143 1146 154 98 1147 211 155 1148 155 99 1149 201 144 1150 206 149 1151 205 150 1152 200 145 1153 203 146 1154 203 146 1155 208 151 1156 205 150 1157 207 152 1158 202 147 1159 204 148 1160 204 148 1161 210 153 1162 207 152 1163 209 154 1164 199 142 1165 198 143 1166 198 143 1167 211 155 1168 209 154 1169 211 155 1170 154 98 1171 212 156 1172 155 99 1173 206 149 1174 213 157 1175 215 158 1176 205 150 1177 208 151 1178 208 151 1179 214 159 1180 215 158 1181 217 160 1182 207 152 1183 210 153 1184 210 153 1185 216 161 1186 217 160 1187 218 162 1188 209 154 1189 211 155 1190 211 155 1191 212 156 1192 218 162 1193 213 157 1194 206 149 1195 205 150 1196 205 150 1197 215 158 1198 213 157 1199 214 159 1200 208 151 1201 207 152 1202 207 152 1203 217 160 1204 214 159 1205 216 161 1206 210 153 1207 209 154 1208 209 154 1209 218 162 1210 216 161 1211 220 163 1212 215 158 1213 214 159 1214 214 159 1215 219 164 1216 220 163 1217 222 165 1218 217 160 1219 216 161 1220 216 161 1221 221 166 1222 222 165 1223 224 167 1224 218 162 1225 212 156 1226 212 156 1227 223 168 1228 224 167 1229 225 169 1230 213 157 1231 215 158 1232 215 158 1233 220 163 1234 225 169 1235 219 164 1236 214 159 1237 217 160 1238 217 160 1239 222 165 1240 219 164 1241 221 166 1242 216 161 1243 218 162 1244 218 162 1245 224 167 1246 221 166 1247 212 156 1248 154 98 1249 223 168 1250 155 99 1251 213 157 1252 225 169 1253 227 170 1254 225 169 1255 220 163 1256 220 163 1257 226 171 1258 227 170 1259 229 172 1260 219 164 1261 222 165 1262 222 165 1263 228 173 1264 229 172 1265 231 174 1266 221 166 1267 224 167 1268 224 167 1269 230 175 1270 231 174 1271 223 168 1272 154 98 1273 232 176 1274 155 99 1275 225 169 1276 227 170 1277 226 171 1278 220 163 1279 219 164 1280 219 164 1281 229 172 1282 226 171 1283 228 173 1284 222 165 1285 221 166 1286 221 166 1287 231 174 1288 228 173 1289 230 175 1290 224 167 1291 223 168 1292 223 168 1293 232 176 1294 230 175 1295 234 177 1296 229 172 1297 228 173 1298 228 173 1299 233 178 1300 234 177 1301 236 179 1302 231 174 1303 230 175 1304 230 175 1305 235 180 1306 236 179 1307 232 176 1308 154 98 1309 237 181 1310 155 99 1311 227 170 1312 238 182 1313 239 183 1314 226 171 1315 229 172 1316 229 172 1317 234 177 1318 239 183 1319 233 178 1320 228 173 1321 231 174 1322 231 174 1323 236 179 1324 233 178 1325 235 180 1326 230 175 1327 232 176 1328 232 176 1329 237 181 1330 235 180 1331 238 182 1332 227 170 1333 226 171 1334 226 171 1335 239 183 1336 238 182 1337 155 99 1338 238 182 1339 240 184 1340 242 185 1341 239 183 1342 234 177 1343 234 177 1344 241 186 1345 242 185 1346 244 187 1347 233 178 1348 236 179 1349 236 179 1350 243 188 1351 244 187 1352 246 189 1353 235 180 1354 237 181 1355 237 181 1356 245 190 1357 246 189 1358 240 184 1359 238 182 1360 239 183 1361 239 183 1362 242 185 1363 240 184 1364 241 186 1365 234 177 1366 233 178 1367 233 178 1368 244 187 1369 241 186 1370 243 188 1371 236 179 1372 235 180 1373 235 180 1374 246 189 1375 243 188 1376 237 181 1377 154 98 1378 245 190 1379 248 191 1380 244 187 1381 243 188 1382 243 188 1383 247 192 1384 248 191 1385 250 193 1386 246 189 1387 245 190 1388 245 190 1389 249 194 1390 250 193 1391 252 195 1392 240 184 1393 242 185 1394 242 185 1395 251 196 1396 252 195 1397 253 197 1398 241 186 1399 244 187 1400 244 187 1401 248 191 1402 253 197 1403 247 192 1404 243 188 1405 246 189 1406 246 189 1407 250 193 1408 247 192 1409 245 190 1410 154 98 1411 249 194 1412 155 99 1413 240 184 1414 252 195 1415 251 196 1416 242 185 1417 241 186 1418 241 186 1419 253 197 1420 251 196 1421 144 89 1422 252 195 1423 251 196 1424 251 196 1425 145 90 1426 144 89 1427 148 93 1428 253 197 1429 248 191 1430 248 191 1431 149 94 1432 148 93 1433 152 97 1434 247 192 1435 250 193 1436 250 193 1437 140 85 1438 152 97 1439 249 194 1440 154 98 1441 141 86 1442 155 99 1443 252 195 1444 144 89 1445 145 90 1446 251 196 1447 253 197 1448 253 197 1449 148 93 1450 145 90 1451 149 94 1452 248 191 1453 247 192 1454 247 192 1455 152 97 1456 149 94 1457 140 85 1458 250 193 1459 249 194 1460 249 194 1461 141 86 1462 140 85 1463 257 198 1464 254 199 1465 255 200 1466 255 200 1467 256 201 1468 257 198 1469 261 202 1470 258 203 1471 259 204 1472 259 204 1473 260 205 1474 261 202 1475 265 206 1476 262 207 1477 263 208 1478 263 208 1479 264 209 1480 265 206 1481 267 210 1482 266 211 1483 254 199 1484 254 199 1485 257 198 1486 267 210 1487 255 200 1488 268 212 1489 256 201 1490 269 213 1491 258 203 1492 261 202 1493 260 205 1494 259 204 1495 262 207 1496 262 207 1497 265 206 1498 260 205 1499 264 209 1500 263 208 1501 266 211 1502 266 211 1503 267 210 1504 264 209 1505 271 214 1506 265 206 1507 264 209 1508 264 209 1509 270 215 1510 271 214 1511 273 216 1512 267 210 1513 257 198 1514 257 198 1515 272 217 1516 273 216 1517 256 201 1518 268 212 1519 274 218 1520 269 213 1521 261 202 1522 275 219 1523 276 220 1524 260 205 1525 265 206 1526 265 206 1527 271 214 1528 276 220 1529 270 215 1530 264 209 1531 267 210 1532 267 210 1533 273 216 1534 270 215 1535 272 217 1536 257 198 1537 256 201 1538 256 201 1539 274 218 1540 272 217 1541 275 219 1542 261 202 1543 260 205 1544 260 205 1545 276 220 1546 275 219 1547 269 213 1548 275 219 1549 277 221 1550 279 222 1551 276 220 1552 271 214 1553 271 214 1554 278 223 1555 279 222 1556 281 224 1557 270 215 1558 273 216 1559 273 216 1560 280 225 1561 281 224 1562 283 226 1563 272 217 1564 274 218 1565 274 218 1566 282 227 1567 283 226 1568 277 221 1569 275 219 1570 276 220 1571 276 220 1572 279 222 1573 277 221 1574 278 223 1575 271 214 1576 270 215 1577 270 215 1578 281 224 1579 278 223 1580 280 225 1581 273 216 1582 272 217 1583 272 217 1584 283 226 1585 280 225 1586 274 218 1587 268 212 1588 282 227 1589 285 228 1590 281 224 1591 280 225 1592 280 225 1593 284 229 1594 285 228 1595 287 230 1596 283 226 1597 282 227 1598 282 227 1599 286 231 1600 287 230 1601 289 232 1602 277 221 1603 279 222 1604 279 222 1605 288 233 1606 289 232 1607 290 234 1608 278 223 1609 281 224 1610 281 224 1611 285 228 1612 290 234 1613 284 229 1614 280 225 1615 283 226 1616 283 226 1617 287 230 1618 284 229 1619 282 227 1620 268 212 1621 286 231 1622 269 213 1623 277 221 1624 289 232 1625 288 233 1626 279 222 1627 278 223 1628 278 223 1629 290 234 1630 288 233 1631 292 235 1632 289 232 1633 288 233 1634 288 233 1635 291 236 1636 292 235 1637 294 237 1638 290 234 1639 285 228 1640 285 228 1641 293 238 1642 294 237 1643 296 239 1644 284 229 1645 287 230 1646 287 230 1647 295 240 1648 296 239 1649 286 231 1650 268 212 1651 297 241 1652 269 213 1653 289 232 1654 292 235 1655 291 236 1656 288 233 1657 290 234 1658 290 234 1659 294 237 1660 291 236 1661 293 238 1662 285 228 1663 284 229 1664 284 229 1665 296 239 1666 293 238 1667 295 240 1668 287 230 1669 286 231 1670 286 231 1671 297 241 1672 295 240 1673 299 242 1674 296 239 1675 295 240 1676 295 240 1677 298 243 1678 299 242 1679 297 241 1680 268 212 1681 300 244 1682 269 213 1683 292 235 1684 301 245 1685 303 246 1686 291 236 1687 294 237 1688 294 237 1689 302 247 1690 303 246 1691 304 248 1692 293 238 1693 296 239 1694 296 239 1695 299 242 1696 304 248 1697 298 243 1698 295 240 1699 297 241 1700 297 241 1701 300 244 1702 298 243 1703 301 245 1704 292 235 1705 291 236 1706 291 236 1707 303 246 1708 301 245 1709 302 247 1710 294 237 1711 293 238 1712 293 238 1713 304 248 1714 302 247 1715 269 213 1716 301 245 1717 305 249 1718 307 250 1719 303 246 1720 302 247 1721 302 247 1722 306 251 1723 307 250 1724 309 252 1725 304 248 1726 299 242 1727 299 242 1728 308 253 1729 309 252 1730 311 254 1731 298 243 1732 300 244 1733 300 244 1734 310 255 1735 311 254 1736 305 249 1737 301 245 1738 303 246 1739 303 246 1740 307 250 1741 305 249 1742 306 251 1743 302 247 1744 304 248 1745 304 248 1746 309 252 1747 306 251 1748 308 253 1749 299 242 1750 298 243 1751 298 243 1752 311 254 1753 308 253 1754 300 244 1755 268 212 1756 310 255 1757 313 256 1758 311 254 1759 310 255 1760 310 255 1761 312 257 1762 313 256 1763 315 258 1764 305 249 1765 307 250 1766 307 250 1767 314 259 1768 315 258 1769 317 260 1770 306 251 1771 309 252 1772 309 252 1773 316 261 1774 317 260 1775 318 262 1776 308 253 1777 311 254 1778 311 254 1779 313 256 1780 318 262 1781 310 255 1782 268 212 1783 312 257 1784 269 213 1785 305 249 1786 315 258 1787 314 259 1788 307 250 1789 306 251 1790 306 251 1791 317 260 1792 314 259 1793 316 261 1794 309 252 1795 308 253 1796 308 253 1797 318 262 1798 316 261 1799 320 263 1800 315 258 1801 314 259 1802 314 259 1803 319 264 1804 320 263 1805 322 265 1806 317 260 1807 316 261 1808 316 261 1809 321 266 1810 322 265 1811 324 267 1812 318 262 1813 313 256 1814 313 256 1815 323 268 1816 324 267 1817 312 257 1818 268 212 1819 325 269 1820 269 213 1821 315 258 1822 320 263 1823 319 264 1824 314 259 1825 317 260 1826 317 260 1827 322 265 1828 319 264 1829 321 266 1830 316 261 1831 318 262 1832 318 262 1833 324 267 1834 321 266 1835 323 268 1836 313 256 1837 312 257 1838 312 257 1839 325 269 1840 323 268 1841 325 269 1842 268 212 1843 326 270 1844 269 213 1845 320 263 1846 327 271 1847 329 272 1848 319 264 1849 322 265 1850 322 265 1851 328 273 1852 329 272 1853 331 274 1854 321 266 1855 324 267 1856 324 267 1857 330 275 1858 331 274 1859 332 276 1860 323 268 1861 325 269 1862 325 269 1863 326 270 1864 332 276 1865 327 271 1866 320 263 1867 319 264 1868 319 264 1869 329 272 1870 327 271 1871 328 273 1872 322 265 1873 321 266 1874 321 266 1875 331 274 1876 328 273 1877 330 275 1878 324 267 1879 323 268 1880 323 268 1881 332 276 1882 330 275 1883 334 277 1884 329 272 1885 328 273 1886 328 273 1887 333 278 1888 334 277 1889 336 279 1890 331 274 1891 330 275 1892 330 275 1893 335 280 1894 336 279 1895 338 281 1896 332 276 1897 326 270 1898 326 270 1899 337 282 1900 338 281 1901 339 283 1902 327 271 1903 329 272 1904 329 272 1905 334 277 1906 339 283 1907 333 278 1908 328 273 1909 331 274 1910 331 274 1911 336 279 1912 333 278 1913 335 280 1914 330 275 1915 332 276 1916 332 276 1917 338 281 1918 335 280 1919 326 270 1920 268 212 1921 337 282 1922 269 213 1923 327 271 1924 339 283 1925 341 284 1926 339 283 1927 334 277 1928 334 277 1929 340 285 1930 341 284 1931 343 286 1932 333 278 1933 336 279 1934 336 279 1935 342 287 1936 343 286 1937 345 288 1938 335 280 1939 338 281 1940 338 281 1941 344 289 1942 345 288 1943 337 282 1944 268 212 1945 346 290 1946 269 213 1947 339 283 1948 341 284 1949 340 285 1950 334 277 1951 333 278 1952 333 278 1953 343 286 1954 340 285 1955 342 287 1956 336 279 1957 335 280 1958 335 280 1959 345 288 1960 342 287 1961 344 289 1962 338 281 1963 337 282 1964 337 282 1965 346 290 1966 344 289 1967 348 291 1968 343 286 1969 342 287 1970 342 287 1971 347 292 1972 348 291 1973 350 293 1974 345 288 1975 344 289 1976 344 289 1977 349 294 1978 350 293 1979 346 290 1980 268 212 1981 351 295 1982 269 213 1983 341 284 1984 352 296 1985 353 297 1986 340 285 1987 343 286 1988 343 286 1989 348 291 1990 353 297 1991 347 292 1992 342 287 1993 345 288 1994 345 288 1995 350 293 1996 347 292 1997 349 294 1998 344 289 1999 346 290 2000 346 290 2001 351 295 2002 349 294 2003 352 296 2004 341 284 2005 340 285 2006 340 285 2007 353 297 2008 352 296 2009 269 213 2010 352 296 2011 354 298 2012 356 299 2013 353 297 2014 348 291 2015 348 291 2016 355 300 2017 356 299 2018 358 301 2019 347 292 2020 350 293 2021 350 293 2022 357 302 2023 358 301 2024 360 303 2025 349 294 2026 351 295 2027 351 295 2028 359 304 2029 360 303 2030 354 298 2031 352 296 2032 353 297 2033 353 297 2034 356 299 2035 354 298 2036 355 300 2037 348 291 2038 347 292 2039 347 292 2040 358 301 2041 355 300 2042 357 302 2043 350 293 2044 349 294 2045 349 294 2046 360 303 2047 357 302 2048 351 295 2049 268 212 2050 359 304 2051 362 305 2052 358 301 2053 357 302 2054 357 302 2055 361 306 2056 362 305 2057 364 307 2058 360 303 2059 359 304 2060 359 304 2061 363 308 2062 364 307 2063 366 309 2064 354 298 2065 356 299 2066 356 299 2067 365 310 2068 366 309 2069 367 311 2070 355 300 2071 358 301 2072 358 301 2073 362 305 2074 367 311 2075 361 306 2076 357 302 2077 360 303 2078 360 303 2079 364 307 2080 361 306 2081 359 304 2082 268 212 2083 363 308 2084 269 213 2085 354 298 2086 366 309 2087 365 310 2088 356 299 2089 355 300 2090 355 300 2091 367 311 2092 365 310 2093 258 203 2094 366 309 2095 365 310 2096 365 310 2097 259 204 2098 258 203 2099 262 207 2100 367 311 2101 362 305 2102 362 305 2103 263 208 2104 262 207 2105 266 211 2106 361 306 2107 364 307 2108 364 307 2109 254 199 2110 266 211 2111 363 308 2112 268 212 2113 255 200 2114 269 213 2115 366 309 2116 258 203 2117 259 204 2118 365 310 2119 367 311 2120 367 311 2121 262 207 2122 259 204 2123 263 208 2124 362 305 2125 361 306 2126 361 306 2127 266 211 2128 263 208 2129 254 199 2130 364 307 2131 363 308 2132 363 308 2133 255 200 2134 254 199 2135 371 312 2136 368 313 2137 369 314 2138 369 314 2139 370 315 2140 371 312 2141 375 316 2142 372 317 2143 373 318 2144 373 318 2145 374 319 2146 375 316 2147 379 320 2148 376 321 2149 377 322 2150 377 322 2151 378 323 2152 379 320 2153 381 324 2154 380 325 2155 368 313 2156 368 313 2157 371 312 2158 381 324 2159 369 314 2160 382 326 2161 370 315 2162 383 327 2163 372 317 2164 375 316 2165 374 319 2166 373 318 2167 376 321 2168 376 321 2169 379 320 2170 374 319 2171 378 323 2172 377 322 2173 380 325 2174 380 325 2175 381 324 2176 378 323 2177 385 328 2178 379 320 2179 378 323 2180 378 323 2181 384 329 2182 385 328 2183 387 330 2184 381 324 2185 371 312 2186 371 312 2187 386 331 2188 387 330 2189 370 315 2190 382 326 2191 388 332 2192 383 327 2193 375 316 2194 389 333 2195 390 334 2196 374 319 2197 379 320 2198 379 320 2199 385 328 2200 390 334 2201 384 329 2202 378 323 2203 381 324 2204 381 324 2205 387 330 2206 384 329 2207 386 331 2208 371 312 2209 370 315 2210 370 315 2211 388 332 2212 386 331 2213 389 333 2214 375 316 2215 374 319 2216 374 319 2217 390 334 2218 389 333 2219 383 327 2220 389 333 2221 391 335 2222 393 336 2223 390 334 2224 385 328 2225 385 328 2226 392 337 2227 393 336 2228 395 338 2229 384 329 2230 387 330 2231 387 330 2232 394 339 2233 395 338 2234 397 340 2235 386 331 2236 388 332 2237 388 332 2238 396 341 2239 397 340 2240 391 335 2241 389 333 2242 390 334 2243 390 334 2244 393 336 2245 391 335 2246 392 337 2247 385 328 2248 384 329 2249 384 329 2250 395 338 2251 392 337 2252 394 339 2253 387 330 2254 386 331 2255 386 331 2256 397 340 2257 394 339 2258 388 332 2259 382 326 2260 396 341 2261 399 342 2262 395 338 2263 394 339 2264 394 339 2265 398 343 2266 399 342 2267 401 344 2268 397 340 2269 396 341 2270 396 341 2271 400 345 2272 401 344 2273 403 346 2274 391 335 2275 393 336 2276 393 336 2277 402 347 2278 403 346 2279 404 348 2280 392 337 2281 395 338 2282 395 338 2283 399 342 2284 404 348 2285 398 343 2286 394 339 2287 397 340 2288 397 340 2289 401 344 2290 398 343 2291 396 341 2292 382 326 2293 400 345 2294 383 327 2295 391 335 2296 403 346 2297 402 347 2298 393 336 2299 392 337 2300 392 337 2301 404 348 2302 402 347 2303 406 349 2304 403 346 2305 402 347 2306 402 347 2307 405 350 2308 406 349 2309 408 351 2310 404 348 2311 399 342 2312 399 342 2313 407 352 2314 408 351 2315 410 353 2316 398 343 2317 401 344 2318 401 344 2319 409 354 2320 410 353 2321 400 345 2322 382 326 2323 411 355 2324 383 327 2325 403 346 2326 406 349 2327 405 350 2328 402 347 2329 404 348 2330 404 348 2331 408 351 2332 405 350 2333 407 352 2334 399 342 2335 398 343 2336 398 343 2337 410 353 2338 407 352 2339 409 354 2340 401 344 2341 400 345 2342 400 345 2343 411 355 2344 409 354 2345 413 356 2346 410 353 2347 409 354 2348 409 354 2349 412 357 2350 413 356 2351 411 355 2352 382 326 2353 414 358 2354 383 327 2355 406 349 2356 415 359 2357 417 360 2358 405 350 2359 408 351 2360 408 351 2361 416 361 2362 417 360 2363 418 362 2364 407 352 2365 410 353 2366 410 353 2367 413 356 2368 418 362 2369 412 357 2370 409 354 2371 411 355 2372 411 355 2373 414 358 2374 412 357 2375 415 359 2376 406 349 2377 405 350 2378 405 350 2379 417 360 2380 415 359 2381 416 361 2382 408 351 2383 407 352 2384 407 352 2385 418 362 2386 416 361 2387 383 327 2388 415 359 2389 419 363 2390 421 364 2391 417 360 2392 416 361 2393 416 361 2394 420 365 2395 421 364 2396 423 366 2397 418 362 2398 413 356 2399 413 356 2400 422 367 2401 423 366 2402 425 368 2403 412 357 2404 414 358 2405 414 358 2406 424 369 2407 425 368 2408 419 363 2409 415 359 2410 417 360 2411 417 360 2412 421 364 2413 419 363 2414 420 365 2415 416 361 2416 418 362 2417 418 362 2418 423 366 2419 420 365 2420 422 367 2421 413 356 2422 412 357 2423 412 357 2424 425 368 2425 422 367 2426 414 358 2427 382 326 2428 424 369 2429 427 370 2430 425 368 2431 424 369 2432 424 369 2433 426 371 2434 427 370 2435 429 372 2436 419 363 2437 421 364 2438 421 364 2439 428 373 2440 429 372 2441 431 374 2442 420 365 2443 423 366 2444 423 366 2445 430 375 2446 431 374 2447 432 376 2448 422 367 2449 425 368 2450 425 368 2451 427 370 2452 432 376 2453 424 369 2454 382 326 2455 426 371 2456 383 327 2457 419 363 2458 429 372 2459 428 373 2460 421 364 2461 420 365 2462 420 365 2463 431 374 2464 428 373 2465 430 375 2466 423 366 2467 422 367 2468 422 367 2469 432 376 2470 430 375 2471 434 377 2472 429 372 2473 428 373 2474 428 373 2475 433 378 2476 434 377 2477 436 379 2478 431 374 2479 430 375 2480 430 375 2481 435 380 2482 436 379 2483 438 381 2484 432 376 2485 427 370 2486 427 370 2487 437 382 2488 438 381 2489 426 371 2490 382 326 2491 439 383 2492 383 327 2493 429 372 2494 434 377 2495 433 378 2496 428 373 2497 431 374 2498 431 374 2499 436 379 2500 433 378 2501 435 380 2502 430 375 2503 432 376 2504 432 376 2505 438 381 2506 435 380 2507 437 382 2508 427 370 2509 426 371 2510 426 371 2511 439 383 2512 437 382 2513 439 383 2514 382 326 2515 440 384 2516 383 327 2517 434 377 2518 441 385 2519 443 386 2520 433 378 2521 436 379 2522 436 379 2523 442 387 2524 443 386 2525 445 388 2526 435 380 2527 438 381 2528 438 381 2529 444 389 2530 445 388 2531 446 390 2532 437 382 2533 439 383 2534 439 383 2535 440 384 2536 446 390 2537 441 385 2538 434 377 2539 433 378 2540 433 378 2541 443 386 2542 441 385 2543 442 387 2544 436 379 2545 435 380 2546 435 380 2547 445 388 2548 442 387 2549 444 389 2550 438 381 2551 437 382 2552 437 382 2553 446 390 2554 444 389 2555 448 391 2556 443 386 2557 442 387 2558 442 387 2559 447 392 2560 448 391 2561 450 393 2562 445 388 2563 444 389 2564 444 389 2565 449 394 2566 450 393 2567 452 395 2568 446 390 2569 440 384 2570 440 384 2571 451 396 2572 452 395 2573 453 397 2574 441 385 2575 443 386 2576 443 386 2577 448 391 2578 453 397 2579 447 392 2580 442 387 2581 445 388 2582 445 388 2583 450 393 2584 447 392 2585 449 394 2586 444 389 2587 446 390 2588 446 390 2589 452 395 2590 449 394 2591 440 384 2592 382 326 2593 451 396 2594 383 327 2595 441 385 2596 453 397 2597 455 398 2598 453 397 2599 448 391 2600 448 391 2601 454 399 2602 455 398 2603 457 400 2604 447 392 2605 450 393 2606 450 393 2607 456 401 2608 457 400 2609 459 402 2610 449 394 2611 452 395 2612 452 395 2613 458 403 2614 459 402 2615 451 396 2616 382 326 2617 460 404 2618 383 327 2619 453 397 2620 455 398 2621 454 399 2622 448 391 2623 447 392 2624 447 392 2625 457 400 2626 454 399 2627 456 401 2628 450 393 2629 449 394 2630 449 394 2631 459 402 2632 456 401 2633 458 403 2634 452 395 2635 451 396 2636 451 396 2637 460 404 2638 458 403 2639 462 405 2640 457 400 2641 456 401 2642 456 401 2643 461 406 2644 462 405 2645 464 407 2646 459 402 2647 458 403 2648 458 403 2649 463 408 2650 464 407 2651 460 404 2652 382 326 2653 465 409 2654 383 327 2655 455 398 2656 466 410 2657 467 411 2658 454 399 2659 457 400 2660 457 400 2661 462 405 2662 467 411 2663 461 406 2664 456 401 2665 459 402 2666 459 402 2667 464 407 2668 461 406 2669 463 408 2670 458 403 2671 460 404 2672 460 404 2673 465 409 2674 463 408 2675 466 410 2676 455 398 2677 454 399 2678 454 399 2679 467 411 2680 466 410 2681 383 327 2682 466 410 2683 468 412 2684 470 413 2685 467 411 2686 462 405 2687 462 405 2688 469 414 2689 470 413 2690 472 415 2691 461 406 2692 464 407 2693 464 407 2694 471 416 2695 472 415 2696 474 417 2697 463 408 2698 465 409 2699 465 409 2700 473 418 2701 474 417 2702 468 412 2703 466 410 2704 467 411 2705 467 411 2706 470 413 2707 468 412 2708 469 414 2709 462 405 2710 461 406 2711 461 406 2712 472 415 2713 469 414 2714 471 416 2715 464 407 2716 463 408 2717 463 408 2718 474 417 2719 471 416 2720 465 409 2721 382 326 2722 473 418 2723 476 419 2724 472 415 2725 471 416 2726 471 416 2727 475 420 2728 476 419 2729 478 421 2730 474 417 2731 473 418 2732 473 418 2733 477 422 2734 478 421 2735 480 423 2736 468 412 2737 470 413 2738 470 413 2739 479 424 2740 480 423 2741 481 425 2742 469 414 2743 472 415 2744 472 415 2745 476 419 2746 481 425 2747 475 420 2748 471 416 2749 474 417 2750 474 417 2751 478 421 2752 475 420 2753 473 418 2754 382 326 2755 477 422 2756 383 327 2757 468 412 2758 480 423 2759 479 424 2760 470 413 2761 469 414 2762 469 414 2763 481 425 2764 479 424 2765 372 317 2766 480 423 2767 479 424 2768 479 424 2769 373 318 2770 372 317 2771 376 321 2772 481 425 2773 476 419 2774 476 419 2775 377 322 2776 376 321 2777 380 325 2778 475 420 2779 478 421 2780 478 421 2781 368 313 2782 380 325 2783 477 422 2784 382 326 2785 369 314 2786 383 327 2787 480 423 2788 372 317 2789 373 318 2790 479 424 2791 481 425 2792 481 425 2793 376 321 2794 373 318 2795 377 322 2796 476 419 2797 475 420 2798 475 420 2799 380 325 2800 377 322 2801 368 313 2802 478 421 2803 477 422 2804 477 422 2805 369 314 2806 368 313 2807</p>
        </triangles>
      </mesh>
    </geometry>
  </library_geometries>
  <library_visual_scenes>
    <visual_scene id="Scene" name="Scene">
      <node id="Main_Wood_Frame_002" name="Main_Wood_Frame.002" type="NODE">
        <matrix sid="transform">0.2 0 0 0 0 -0.2 -1.50996e-8 -2.2 0 1.50996e-8 -0.2 0 0 0 0 1</matrix>
        <instance_geometry url="#Main_Wood_Frame_003-mesh" name="Main_Wood_Frame.002">
          <bind_material>
            <technique_common>
              <instance_material symbol="Main_Wood_Frame-material" target="#Main_Wood_Frame-material">
                <bind_vertex_input semantic="Attribute" input_semantic="TEXCOORD" input_set="0"/>
              </instance_material>
              <instance_material symbol="Doors-material" target="#Doors-material">
                <bind_vertex_input semantic="Attribute" input_semantic="TEXCOORD" input_set="0"/>
              </instance_material>
              <instance_material symbol="Handles-material" target="#Handles-material">
                <bind_vertex_input semantic="Attribute" input_semantic="TEXCOORD" input_set="0"/>
              </instance_material>
            </technique_common>
          </bind_material>
        </instance_geometry>
      </node>
    </visual_scene>
  </library_visual_scenes>
  <scene>
    <instance_visual_scene url="#Scene"/>
  </scene>
</COLLADA>