<?xml version="1.0" encoding="utf-8"?>
<COLLADA xmlns="http://www.collada.org/2005/11/COLLADASchema" version="1.4.1" xmlns:xsi="http://www.w3.org/2001/XMLSchema-instance">
  <asset>
    <contributor>
      <author>Blender User</author>
      <authoring_tool>Blender 4.4.0 commit date:2025-03-17, commit time:17:00, hash:05377985c527</authoring_tool>
    </contributor>
    <created>2026-07-07T16:42:19</created>
    <modified>2026-07-07T16:42:19</modified>
    <unit name="meter" meter="1"/>
    <up_axis>Z_UP</up_axis>
  </asset>
  <library_effects>
    <effect id="Material_001-effect">
      <profile_COMMON>
        <technique sid="common">
          <lambert>
            <emission>
              <color sid="emission">0 0 0 1</color>
            </emission>
            <diffuse>
              <color sid="diffuse">0.5341212 0.5341212 0.5341212 1</color>
            </diffuse>
            <reflectivity>
              <float sid="specular">1</float>
            </reflectivity>
            <index_of_refraction>
              <float sid="ior">1.5</float>
            </index_of_refraction>
          </lambert>
        </technique>
      </profile_COMMON>
    </effect>
  </library_effects>
  <library_images/>
  <library_materials>
    <material id="Material_001-material" name="Material.001">
      <instance_effect url="#Material_001-effect"/>
    </material>
  </library_materials>
  <library_geometries>
    <geometry id="ID2786_003-mesh" name="ID2786.003">
      <mesh>
        <source id="ID2786_003-mesh-positions">
          <float_array id="ID2786_003-mesh-positions-array" count="9192">0.08798241 -0.1612964 -2.855092 -0.1420176 -0.1769819 -2.843056 -0.1420176 -0.1612964 -2.855092 0.08798241 -0.1769819 -2.843056 0.08798241 -0.01129645 -2.970191 -1.251486 -0.1769819 -2.843056 -1.251486 -0.01129645 -2.970191 -0.1420176 -0.1769819 -2.843056 -0.1420176 -0.4112965 3.13652 -0.1420176 -0.3840371 -2.484426 -0.1420176 -0.4112965 -2.277371 -0.1420176 -0.1612964 3.13652 -0.1420176 -0.3041168 -2.677371 -0.1420176 -0.1769819 -2.843056 -0.1420176 -0.1612964 0.1645011 -0.1420176 1.081523 -1.877371 -0.1420176 -0.1612964 -1.877371 -0.1420176 -0.1612964 -2.855092 0.08798241 -0.3840371 -2.484426 0.08798241 -0.3840371 -2.070316 0.08798241 -0.4112965 -2.277371 0.08798241 -0.3041168 -2.677371 0.08798241 -0.3041168 -1.877371 0.08798241 -0.1769819 -2.843056 0.08798241 -0.1769819 -1.711686 0.08798241 -0.1612964 -1.877371 0.08798241 -0.01129645 -1.584551 0.08798241 -0.1612964 -2.855092 0.08798241 1.081523 -1.877371 0.08798241 0.1816483 -1.50463 0.08798241 0.3887035 -1.477371 0.08798241 0.5957586 -1.50463 0.08798241 0.7887036 -1.584551 0.08798241 0.9543885 -1.711686 0.08798241 -0.3041168 -2.677371 -0.1420176 -0.3041168 -2.677371 0.08798241 0.1816483 -3.050112 -1.251486 0.1816483 -3.050112 0.08798241 -0.01129645 -2.970191 0.08798241 -0.1612964 -1.877371 0.08798241 -0.1612964 -2.855092 0.08798241 1.081523 -1.877371 0.08798241 0.1816483 -3.050112 0.08798241 0.3887035 -3.077371 0.08798241 0.5957586 -3.050112 0.08798241 0.7887036 -2.970191 0.08798241 0.9543885 -2.843056 0.08798241 1.081523 -2.677371 0.08798241 1.161445 -2.484426 0.08798241 1.161445 -2.070316 0.08798241 1.188704 -2.277371 -0.1420176 -0.3041168 -2.677371 -1.251486 -0.3041168 -2.677371 -1.251486 -0.3840371 -2.070316 -1.251486 -0.3840371 -2.484426 -1.251486 -0.4112965 -2.277371 -1.251486 -0.3041168 -2.677371 -1.251486 -0.3041168 -1.877371 -1.251486 -0.1769819 -2.843056 -1.251486 -0.1769819 -1.711686 -1.251486 -0.01129645 -2.970191 -1.251486 -0.01129645 -1.584551 -1.251486 0.1816483 -3.050112 -1.251486 0.1816483 -1.50463 -1.251486 0.3887035 -3.077371 -1.251486 0.3887035 -1.477371 -1.251486 0.5957586 -3.050112 -1.251486 0.5957586 -1.50463 -1.251486 0.7887036 -2.970191 -1.251486 0.7887036 -1.584551 -1.251486 0.9543885 -2.843056 -1.251486 0.9543885 -1.711686 -1.251486 1.081523 -2.677371 -1.251486 1.081523 -1.877371 -1.251486 1.161445 -2.484426 -1.251486 1.161445 -2.070316 -1.251486 1.188704 -2.277371 -0.1420176 -0.1612964 3.13652 0.08798241 -0.1612964 0.1645011 -0.1420176 -0.1612964 0.1645011 0.09313225 -0.1612964 0.335129 0.1085643 -0.1612964 0.505136 0.1342213 -0.1612964 0.673902 0.1700112 -0.1612964 0.8408141 0.2158033 -0.1612964 1.005264 0.2714293 -0.1612964 1.166652 0.3366895 -0.1612964 1.324391 0.4113433 -0.1612964 1.477907 0.4951203 -0.1612964 1.626641 0.5877164 -0.1612964 1.770052 0.6887925 -0.1612964 1.907616 0.7979825 -0.1612964 2.038834 0.8186925 -0.1612964 2.054726 0.8345842 -0.1612964 2.075437 0.8445742 -0.1612964 2.099555 0.8479824 -0.1612964 2.125437 0.8479824 -0.1612964 3.13652 -0.1386106 -0.1612964 3.162402 0.8445742 -0.1612964 3.162402 -0.1286206 -0.1612964 3.18652 0.8345842 -0.1612964 3.18652 -0.1127285 -0.1612964 3.207231 0.8186925 -0.1612964 3.207231 -0.09201765 -0.1612964 3.223122 0.7979825 -0.1612964 3.223122 -0.0678997 -0.1612964 3.233112 0.7738633 -0.1612964 3.233112 -0.04201769 -0.1612964 3.23652 0.7479823 -0.1612964 3.23652 -0.1420176 -0.1612964 0.1645011 0.08798241 1.081523 -1.877371 -0.1420176 1.081523 -1.877371 0.08798241 -0.1612964 0.1645011 0.08798241 -0.3840371 -2.484426 -0.1420176 -0.3840371 -2.484426 0.08798241 -0.4112965 -2.277371 -0.1420176 -0.4112965 -2.277371 0.08798241 -0.4112965 0.1645011 -0.1420176 -0.4112965 -2.277371 0.08798241 -0.4112965 -2.277371 -0.1420176 -0.4112965 3.13652 0.09313225 -0.4112965 0.335129 0.1085643 -0.4112965 0.505136 0.1342213 -0.4112965 0.673902 0.1700112 -0.4112965 0.8408141 0.2158033 -0.4112965 1.005264 0.2714293 -0.4112965 1.166652 0.3366895 -0.4112965 1.324391 0.4113433 -0.4112965 1.477907 0.4951203 -0.4112965 1.626641 0.5877164 -0.4112965 1.770052 0.6887925 -0.4112965 1.907616 0.7979825 -0.4112965 2.038834 0.8186925 -0.4112965 2.054726 0.8345842 -0.4112965 2.075437 0.8445742 -0.4112965 2.099555 0.8479824 -0.4112965 2.125437 0.8479824 -0.4112965 3.13652 0.8445742 -0.4112965 3.162402 -0.1386106 -0.4112965 3.162402 0.8345842 -0.4112965 3.18652 -0.1286206 -0.4112965 3.18652 0.8186925 -0.4112965 3.207231 -0.1127285 -0.4112965 3.207231 0.7979825 -0.4112965 3.223122 -0.09201765 -0.4112965 3.223122 0.7738633 -0.4112965 3.233112 -0.0678997 -0.4112965 3.233112 0.7479823 -0.4112965 3.23652 -0.04201769 -0.4112965 3.23652 -0.1386106 -0.1612964 3.162402 -0.1420176 -0.4112965 3.13652 -0.1386106 -0.4112965 3.162402 -0.1420176 -0.1612964 3.13652 -1.251486 0.9543885 -1.711686 -0.1420176 1.081523 -1.877371 -1.251486 1.081523 -1.877371 0.08798241 1.081523 -1.877371 0.08798241 0.9543885 -1.711686 0.08798241 -0.4112965 -2.277371 0.08798241 -0.1612964 0.1645011 0.08798241 -0.4112965 0.1645011 0.08798241 -0.3840371 -2.070316 0.08798241 -0.3041168 -1.877371 0.08798241 -0.1769819 -1.711686 0.08798241 -0.01129645 -1.584551 0.08798241 0.1816483 -1.50463 0.08798241 0.3887035 -1.477371 0.08798241 0.5957586 -1.50463 0.08798241 0.7887036 -1.584551 0.08798241 0.9543885 -1.711686 0.08798241 1.081523 -1.877371 0.08798241 0.7887036 -1.584551 -1.251486 0.7887036 -1.584551 0.08798241 0.5957586 -1.50463 -1.251486 0.5957586 -1.50463 0.08798241 0.3887035 -1.477371 -1.251486 0.3887035 -1.477371 0.08798241 0.1816483 -1.50463 -1.251486 0.1816483 -1.50463 0.08798241 -0.01129645 -1.584551 -1.251486 -0.01129645 -1.584551 0.08798241 -0.1769819 -1.711686 -1.251486 -0.1769819 -1.711686 -1.251486 -0.3041168 -1.877371 0.08798241 -0.3041168 -1.877371 -1.251486 -0.3840371 -2.070316 0.08798241 -0.3840371 -2.070316 -0.1420176 -0.4112965 -2.277371 0.08798241 -0.4112965 -2.277371 -1.251486 -0.4112965 -2.277371 0.08798241 0.3887035 -3.077371 -1.251486 0.3887035 -3.077371 0.08798241 1.161445 -2.070316 -1.251486 1.161445 -2.070316 0.08798241 1.081523 -1.877371 0.08798241 0.5957586 -3.050112 -1.251486 0.5957586 -3.050112 0.08798241 0.7887036 -2.970191 -1.251486 0.7887036 -2.970191 0.08798241 0.9543885 -2.843056 -1.251486 0.9543885 -2.843056 -1.251486 1.081523 -2.677371 0.08798241 1.081523 -2.677371 -1.251486 1.161445 -2.484426 0.08798241 1.161445 -2.484426 -1.251486 1.188704 -2.277371 0.08798241 1.188704 -2.277371 -0.1420176 -0.3840371 -2.484426 -1.251486 -0.3840371 -2.484426 0.08798241 -0.1612964 0.1645011 0.09313225 -0.4112965 0.335129 0.08798241 -0.4112965 0.1645011 0.09313225 -0.1612964 0.335129 -0.1286206 -0.1612964 3.18652 -0.1286206 -0.4112965 3.18652 -0.1127285 -0.1612964 3.207231 -0.1127285 -0.4112965 3.207231 -0.09201765 -0.4112965 3.223122 -0.09201765 -0.1612964 3.223122 -0.0678997 -0.4112965 3.233112 -0.0678997 -0.1612964 3.233112 -0.04201769 -0.4112965 3.23652 -0.04201769 -0.1612964 3.23652 0.7479823 -0.4112965 3.23652 -0.04201769 -0.1612964 3.23652 -0.04201769 -0.4112965 3.23652 0.7479823 -0.1612964 3.23652 0.7738633 -0.4112965 3.233112 0.7479823 -0.1612964 3.23652 0.7479823 -0.4112965 3.23652 0.7738633 -0.1612964 3.233112 0.7979825 -0.4112965 3.223122 0.7979825 -0.1612964 3.223122 0.8186925 -0.4112965 3.207231 0.8186925 -0.1612964 3.207231 0.8345842 -0.1612964 3.18652 0.8345842 -0.4112965 3.18652 0.8445742 -0.4112965 3.162402 0.8445742 -0.1612964 3.162402 0.8479824 -0.1612964 3.13652 0.8479824 -0.4112965 3.13652 0.8479824 -0.1612964 2.125437 0.8479824 -0.4112965 3.13652 0.8479824 -0.4112965 2.125437 0.8479824 -0.1612964 3.13652 0.8445742 -0.1612964 2.099555 0.8479824 -0.4112965 2.125437 0.8445742 -0.4112965 2.099555 0.8479824 -0.1612964 2.125437 0.8345842 -0.1612964 2.075437 0.8345842 -0.4112965 2.075437 0.8186925 -0.4112965 2.054726 0.8186925 -0.1612964 2.054726 0.7979825 -0.4112965 2.038834 0.7979825 -0.1612964 2.038834 0.6887925 -0.4112965 1.907616 0.7979825 -0.1612964 2.038834 0.7979825 -0.4112965 2.038834 0.6887925 -0.1612964 1.907616 0.5877164 -0.1612964 1.770052 0.5877164 -0.4112965 1.770052 0.4951203 -0.1612964 1.626641 0.4951203 -0.4112965 1.626641 0.4113433 -0.4112965 1.477907 0.4113433 -0.1612964 1.477907 0.3366895 -0.1612964 1.324391 0.3366895 -0.4112965 1.324391 0.2714293 -0.1612964 1.166652 0.2714293 -0.4112965 1.166652 0.2158033 -0.4112965 1.005264 0.2158033 -0.1612964 1.005264 0.1700112 -0.1612964 0.8408141 0.1700112 -0.4112965 0.8408141 0.1342213 -0.4112965 0.673902 0.1342213 -0.1612964 0.673902 0.1085643 -0.1612964 0.505136 0.1085643 -0.4112965 0.505136 0.950273 -16.07921 -11.0532 0.9193626 -5.663702 -11.0532 0.9193626 -15.84442 -11.0532 0.950273 -5.428912 -11.0532 1.016872 -16.23999 -11.0532 1.016872 -5.268132 -11.0532 1.124462 -16.38021 -11.0532 1.124462 -5.127911 -11.0532 1.265363 -16.48832 -11.0532 1.265363 -5.019802 -11.0532 1.428342 -4.952291 -11.0532 1.428342 -16.55583 -11.0532 1.665443 -16.58705 -11.0532 1.665443 -4.921081 -11.0532 4.431561 -11.50406 -11.0532 4.669942 -11.81472 -11.0532 9.795752 -16.58705 -11.0532 4.281713 -11.14229 -11.0532 4.230601 -10.75406 -11.0532 4.980601 -12.0531 -11.0532 5.342372 -12.20295 -11.0532 5.730601 -12.25406 -11.0532 6.118833 -12.20295 -11.0532 6.480601 -12.0531 -11.0532 6.791263 -11.81472 -11.0532 7.029641 -11.50406 -11.0532 7.179492 -11.14229 -11.0532 7.230601 -10.75406 -11.0532 9.795752 -4.921081 -11.0532 10.03286 -4.952291 -11.0532 10.03286 -16.55583 -11.0532 10.19584 -5.019802 -11.0532 10.19584 -16.48832 -11.0532 10.33673 -5.127911 -11.0532 10.33673 -16.38021 -11.0532 10.44432 -16.23999 -11.0532 10.44432 -5.268132 -11.0532 10.51092 -5.428912 -11.0532 10.51092 -16.07921 -11.0532 10.54183 -5.663702 -11.0532 10.54183 -15.84442 -11.0532 4.669942 -9.693401 -11.0532 4.431561 -10.00406 -11.0532 4.281713 -10.36583 -11.0532 4.980601 -9.455021 -11.0532 5.342372 -9.305171 -11.0532 5.730601 -9.254061 -11.0532 6.118833 -9.305171 -11.0532 6.480601 -9.455021 -11.0532 6.791263 -9.693401 -11.0532 7.029641 -10.00406 -11.0532 7.179492 -10.36583 -11.0532 1.051712 -4.660511 -10.97708 0.8315215 -4.829471 -10.97708 0.6628833 -5.049242 -10.97708 0.5575118 -5.303621 -10.97708 0.5165229 -5.615041 -10.97708 0.5165229 -15.89309 -10.97708 0.5575118 -16.2045 -10.97708 0.6628833 -16.45889 -10.97708 0.8315215 -16.67865 -10.97708 1.051712 -16.84761 -10.97708 1.307453 -16.95354 -10.97708 1.620292 -16.99473 -10.97708 9.840901 -16.99473 -10.97708 10.15375 -16.95354 -10.97708 10.40949 -16.84761 -10.97708 10.62968 -16.67865 -10.97708 10.79831 -16.45889 -10.97708 10.90368 -16.2045 -10.97708 10.94468 -15.89309 -10.97708 10.94468 -5.615041 -10.97708 10.90368 -5.303621 -10.97708 10.79831 -5.049242 -10.97708 10.62968 -4.829471 -10.97708 10.40949 -4.660511 -10.97708 10.15375 -4.554581 -10.97708 9.840901 -4.513391 -10.97708 1.620292 -4.513391 -10.97708 1.307453 -4.554581 -10.97708 0.8315215 -4.829471 -10.97708 0.8468318 -4.324361 -10.76031 0.5577731 -4.546161 -10.76031 1.051712 -4.660511 -10.97708 0.6628833 -5.049242 -10.97708 0.336122 -4.835021 -10.76031 0.5575118 -5.303621 -10.97708 0.1970915 -5.170681 -10.76031 0.5165229 -5.615041 -10.97708 0.1472716 -5.549101 -10.76031 0.5165229 -15.89309 -10.97708 0.1472716 -15.95902 -10.76031 0.1970915 -16.33745 -10.76031 0.5575118 -16.2045 -10.97708 0.336122 -16.6731 -10.76031 0.6628833 -16.45889 -10.97708 0.5577731 -16.96196 -10.76031 0.8315215 -16.67865 -10.97708 0.8468318 -17.18376 -10.76031 1.051712 -16.84761 -10.97708 1.183122 -17.32306 -10.76031 1.307453 -16.95354 -10.97708 1.562232 -17.37297 -10.76031 1.620292 -16.99473 -10.97708 9.898961 -17.37297 -10.76031 9.840901 -16.99473 -10.97708 10.15375 -16.95354 -10.97708 10.27807 -17.32306 -10.76031 10.40949 -16.84761 -10.97708 10.61437 -17.18376 -10.76031 10.62968 -16.67865 -10.97708 10.90343 -16.96196 -10.76031 10.79831 -16.45889 -10.97708 11.12508 -16.6731 -10.76031 10.90368 -16.2045 -10.97708 11.26411 -16.33745 -10.76031 10.94468 -15.89309 -10.97708 11.31393 -15.95902 -10.76031 10.94468 -5.615041 -10.97708 11.31393 -5.549101 -10.76031 11.26411 -5.170681 -10.76031 10.90368 -5.303621 -10.97708 11.12508 -4.835021 -10.76031 10.79831 -5.049242 -10.97708 10.90343 -4.546161 -10.76031 10.62968 -4.829471 -10.97708 10.61437 -4.324361 -10.76031 10.40949 -4.660511 -10.97708 10.27807 -4.185061 -10.76031 10.15375 -4.554581 -10.97708 9.898961 -4.135151 -10.76031 9.840901 -4.513391 -10.97708 1.620292 -4.513391 -10.97708 1.562232 -4.135151 -10.76031 1.307453 -4.554581 -10.97708 1.183122 -4.185061 -10.76031 0.5577731 -4.546161 -10.76031 0.6819129 -4.062521 -10.43588 0.344892 -4.321131 -10.43588 0.8468318 -4.324361 -10.76031 0.336122 -4.835021 -10.76031 0.0863223 -4.658091 -10.43588 -0.07613801 -5.050312 -10.43588 0.1970915 -5.170681 -10.76031 -0.1321682 -5.475941 -10.43588 0.1472716 -5.549101 -10.76031 0.1472716 -15.95902 -10.76031 -0.1321682 -16.03218 -10.43588 0.1970915 -16.33745 -10.76031 -0.07613801 -16.45782 -10.43588 0.336122 -16.6731 -10.76031 0.0863223 -16.85003 -10.43588 0.344892 -17.187 -10.43588 0.5577731 -16.96196 -10.76031 0.6819129 -17.4456 -10.43588 0.8468318 -17.18376 -10.76031 1.074293 -17.60813 -10.43588 1.183122 -17.32306 -10.76031 1.562232 -17.37297 -10.76031 1.500102 -17.66419 -10.43588 9.961091 -17.66419 -10.43588 9.898961 -17.37297 -10.76031 10.27807 -17.32306 -10.76031 10.38691 -17.60813 -10.43588 10.61437 -17.18376 -10.76031 10.77929 -17.4456 -10.43588 10.90343 -16.96196 -10.76031 11.11631 -17.187 -10.43588 11.12508 -16.6731 -10.76031 11.37487 -16.85003 -10.43588 11.53733 -16.45782 -10.43588 11.26411 -16.33745 -10.76031 11.59337 -16.03218 -10.43588 11.31393 -15.95902 -10.76031 11.59337 -5.475941 -10.43588 11.31393 -5.549101 -10.76031 11.26411 -5.170681 -10.76031 11.53733 -5.050312 -10.43588 11.12508 -4.835021 -10.76031 11.37487 -4.658091 -10.43588 11.11631 -4.321131 -10.43588 10.90343 -4.546161 -10.76031 10.77929 -4.062521 -10.43588 10.61437 -4.324361 -10.76031 10.38691 -3.899991 -10.43588 10.27807 -4.185061 -10.76031 9.898961 -4.135151 -10.76031 9.961091 -3.843932 -10.43588 1.562232 -4.135151 -10.76031 1.500102 -3.843932 -10.43588 1.183122 -4.185061 -10.76031 1.074293 -3.899991 -10.43588 0.5820518 -3.914862 -10.0532 0.344892 -4.321131 -10.43588 0.6819129 -4.062521 -10.43588 0.2252917 -4.188622 -10.0532 -0.04846811 -4.545381 -10.0532 0.0863223 -4.658091 -10.43588 -0.2205567 -4.960851 -10.0532 -0.07613801 -5.050312 -10.43588 -0.2792573 -5.406691 -10.0532 -0.1321682 -5.475941 -10.43588 -0.1321682 -16.03218 -10.43588 -0.2792573 -16.10143 -10.0532 -0.07613801 -16.45782 -10.43588 -0.2205567 -16.54728 -10.0532 0.0863223 -16.85003 -10.43588 -0.04846811 -16.96274 -10.0532 0.344892 -17.187 -10.43588 0.2252917 -17.3195 -10.0532 0.6819129 -17.4456 -10.43588 0.5820518 -17.59326 -10.0532 1.074293 -17.60813 -10.43588 0.9975124 -17.76535 -10.0532 1.500102 -17.66419 -10.43588 1.443363 -17.82405 -10.0532 10.01784 -17.82405 -10.0532 9.961091 -17.66419 -10.43588 10.38691 -17.60813 -10.43588 10.46368 -17.76535 -10.0532 10.77929 -17.4456 -10.43588 10.87914 -17.59326 -10.0532 11.11631 -17.187 -10.43588 11.23591 -17.3195 -10.0532 11.50966 -16.96274 -10.0532 11.37487 -16.85003 -10.43588 11.68175 -16.54728 -10.0532 11.53733 -16.45782 -10.43588 11.74045 -16.10143 -10.0532 11.59337 -16.03218 -10.43588 11.74045 -5.406691 -10.0532 11.59337 -5.475941 -10.43588 11.53733 -5.050312 -10.43588 11.68175 -4.960851 -10.0532 11.37487 -4.658091 -10.43588 11.50966 -4.545381 -10.0532 11.11631 -4.321131 -10.43588 11.23591 -4.188622 -10.0532 10.77929 -4.062521 -10.43588 10.87914 -3.914862 -10.0532 10.38691 -3.899991 -10.43588 10.46368 -3.742772 -10.0532 9.961091 -3.843932 -10.43588 10.01784 -3.684081 -10.0532 1.500102 -3.843932 -10.43588 1.443363 -3.684081 -10.0532 1.074293 -3.899991 -10.43588 0.9975124 -3.742772 -10.0532 -0.2079873 -2.865401 -4.9907 -0.6194978 -3.18116 -4.9907 -0.9352574 -3.592671 -4.9907 -1.133757 -4.071892 -4.9907 -1.201458 -4.586152 -4.9907 -1.201458 -16.92198 -4.9907 -1.133757 -17.43624 -4.9907 -0.9352574 -17.91545 -4.9907 -0.6194978 -18.32696 -4.9907 -0.2079873 -18.64273 -4.9907 0.2712321 -18.84122 -4.9907 0.7854915 -18.90892 -4.9907 10.67571 -18.90892 -4.9907 11.18997 -18.84122 -4.9907 11.66918 -18.64273 -4.9907 12.08069 -18.32696 -4.9907 12.39645 -17.91545 -4.9907 12.59495 -17.43624 -4.9907 12.66265 -16.92198 -4.9907 12.66265 -4.586152 -4.9907 12.59495 -4.071892 -4.9907 12.39645 -3.592671 -4.9907 12.08069 -3.18116 -4.9907 11.66918 -2.865401 -4.9907 11.18997 -2.666902 -4.9907 10.67571 -2.599202 -4.9907 0.7854915 -2.599202 -4.9907 0.2712321 -2.666902 -4.9907 -0.2329468 -2.828482 -4.895029 -0.6194978 -3.18116 -4.9907 -0.2079873 -2.865401 -4.9907 -0.6493974 -3.148041 -4.895029 -0.6194978 -3.18116 -4.9907 -0.9689584 -3.564501 -4.895029 -0.9352574 -3.592671 -4.9907 -0.6493974 -3.148041 -4.895029 -0.9352574 -3.592671 -4.9907 -1.169857 -4.049521 -4.895029 -1.133757 -4.071892 -4.9907 -0.9689584 -3.564501 -4.895029 -1.133757 -4.071892 -4.9907 -1.238228 -4.568831 -4.895029 -1.201458 -4.586152 -4.9907 -1.169857 -4.049521 -4.895029 -1.201458 -16.92198 -4.9907 -1.238228 -4.568831 -4.895029 -1.238228 -16.93929 -4.895029 -1.201458 -4.586152 -4.9907 -1.133757 -17.43624 -4.9907 -1.238228 -16.93929 -4.895029 -1.169857 -17.4586 -4.895029 -1.201458 -16.92198 -4.9907 -0.9352574 -17.91545 -4.9907 -1.169857 -17.4586 -4.895029 -0.9689584 -17.94363 -4.895029 -1.133757 -17.43624 -4.9907 -0.6194978 -18.32696 -4.9907 -0.9689584 -17.94363 -4.895029 -0.6493974 -18.36009 -4.895029 -0.9352574 -17.91545 -4.9907 -0.6493974 -18.36009 -4.895029 -0.2079873 -18.64273 -4.9907 -0.6194978 -18.32696 -4.9907 -0.2329468 -18.67964 -4.895029 -0.2329468 -18.67964 -4.895029 0.2712321 -18.84122 -4.9907 -0.2079873 -18.64273 -4.9907 0.2520328 -18.88053 -4.895029 0.2520328 -18.88053 -4.895029 0.7854915 -18.90892 -4.9907 0.2712321 -18.84122 -4.9907 0.7713027 -18.94889 -4.895029 0.7713027 -18.94889 -4.895029 10.67571 -18.90892 -4.9907 0.7854915 -18.90892 -4.9907 10.68989 -18.94889 -4.895029 10.67571 -18.90892 -4.9907 11.20916 -18.88053 -4.895029 11.18997 -18.84122 -4.9907 10.68989 -18.94889 -4.895029 11.20916 -18.88053 -4.895029 11.66918 -18.64273 -4.9907 11.18997 -18.84122 -4.9907 11.69415 -18.67964 -4.895029 11.69415 -18.67964 -4.895029 12.08069 -18.32696 -4.9907 11.66918 -18.64273 -4.9907 12.11059 -18.36009 -4.895029 12.43015 -17.94363 -4.895029 12.08069 -18.32696 -4.9907 12.11059 -18.36009 -4.895029 12.39645 -17.91545 -4.9907 12.63106 -17.4586 -4.895029 12.39645 -17.91545 -4.9907 12.43015 -17.94363 -4.895029 12.59495 -17.43624 -4.9907 12.69943 -16.93929 -4.895029 12.59495 -17.43624 -4.9907 12.63106 -17.4586 -4.895029 12.66265 -16.92198 -4.9907 12.69943 -4.568831 -4.895029 12.66265 -16.92198 -4.9907 12.69943 -16.93929 -4.895029 12.66265 -4.586152 -4.9907 12.69943 -4.568831 -4.895029 12.59495 -4.071892 -4.9907 12.66265 -4.586152 -4.9907 12.63106 -4.049521 -4.895029 12.63106 -4.049521 -4.895029 12.39645 -3.592671 -4.9907 12.59495 -4.071892 -4.9907 12.43015 -3.564501 -4.895029 12.43015 -3.564501 -4.895029 12.08069 -3.18116 -4.9907 12.39645 -3.592671 -4.9907 12.11059 -3.148041 -4.895029 12.11059 -3.148041 -4.895029 11.66918 -2.865401 -4.9907 12.08069 -3.18116 -4.9907 11.69415 -2.828482 -4.895029 11.69415 -2.828482 -4.895029 11.18997 -2.666902 -4.9907 11.66918 -2.865401 -4.9907 11.20916 -2.627603 -4.895029 11.20916 -2.627603 -4.895029 10.67571 -2.599202 -4.9907 11.18997 -2.666902 -4.9907 10.68989 -2.559232 -4.895029 10.68989 -2.559232 -4.895029 0.7854915 -2.599202 -4.9907 10.67571 -2.599202 -4.9907 0.7713027 -2.559232 -4.895029 0.7713027 -2.559232 -4.895029 0.2712321 -2.666902 -4.9907 0.7854915 -2.599202 -4.9907 0.2520328 -2.627603 -4.895029 0.2520328 -2.627603 -4.895029 -0.2079873 -2.865401 -4.9907 0.2712321 -2.666902 -4.9907 -0.2329468 -2.828482 -4.895029 -0.6493974 -3.148041 -4.895029 -0.274178 -2.763022 -4.813923 -0.7026181 -3.091782 -4.813923 -0.2329468 -2.828482 -4.895029 -0.9689584 -3.564501 -4.895029 -0.7026181 -3.091782 -4.813923 -1.031407 -3.520262 -4.813923 -0.6493974 -3.148041 -4.895029 -0.9689584 -3.564501 -4.895029 -1.238167 -4.019431 -4.813923 -1.169857 -4.049521 -4.895029 -1.031407 -3.520262 -4.813923 -1.169857 -4.049521 -4.895029 -1.308087 -4.550541 -4.813923 -1.238228 -4.568831 -4.895029 -1.238167 -4.019431 -4.813923 -1.238228 -16.93929 -4.895029 -1.308087 -4.550541 -4.813923 -1.308087 -16.95758 -4.813923 -1.238228 -4.568831 -4.895029 -1.169857 -17.4586 -4.895029 -1.308087 -16.95758 -4.813923 -1.238167 -17.4887 -4.813923 -1.238228 -16.93929 -4.895029 -0.9689584 -17.94363 -4.895029 -1.238167 -17.4887 -4.813923 -1.031407 -17.98786 -4.813923 -1.169857 -17.4586 -4.895029 -0.7026181 -18.41635 -4.813923 -0.9689584 -17.94363 -4.895029 -1.031407 -17.98786 -4.813923 -0.6493974 -18.36009 -4.895029 -0.274178 -18.7451 -4.813923 -0.6493974 -18.36009 -4.895029 -0.7026181 -18.41635 -4.813923 -0.2329468 -18.67964 -4.895029 0.2248225 -18.95179 -4.813923 -0.2329468 -18.67964 -4.895029 -0.274178 -18.7451 -4.813923 0.2520328 -18.88053 -4.895029 0.2248225 -18.95179 -4.813923 0.7713027 -18.94889 -4.895029 0.2520328 -18.88053 -4.895029 0.7557731 -19.02169 -4.813923 0.7713027 -18.94889 -4.895029 10.70543 -19.02169 -4.813923 10.68989 -18.94889 -4.895029 0.7557731 -19.02169 -4.813923 10.70543 -19.02169 -4.813923 11.20916 -18.88053 -4.895029 10.68989 -18.94889 -4.895029 11.23637 -18.95179 -4.813923 11.23637 -18.95179 -4.813923 11.69415 -18.67964 -4.895029 11.20916 -18.88053 -4.895029 11.73538 -18.7451 -4.813923 11.73538 -18.7451 -4.813923 12.11059 -18.36009 -4.895029 11.69415 -18.67964 -4.895029 12.16381 -18.41635 -4.813923 12.16381 -18.41635 -4.813923 12.43015 -17.94363 -4.895029 12.11059 -18.36009 -4.895029 12.4926 -17.98786 -4.813923 12.69936 -17.4887 -4.813923 12.43015 -17.94363 -4.895029 12.4926 -17.98786 -4.813923 12.63106 -17.4586 -4.895029 12.76929 -16.95758 -4.813923 12.63106 -17.4586 -4.895029 12.69936 -17.4887 -4.813923 12.69943 -16.93929 -4.895029 12.76929 -4.550541 -4.813923 12.69943 -16.93929 -4.895029 12.76929 -16.95758 -4.813923 12.69943 -4.568831 -4.895029 12.76929 -4.550541 -4.813923 12.63106 -4.049521 -4.895029 12.69943 -4.568831 -4.895029 12.69936 -4.019431 -4.813923 12.69936 -4.019431 -4.813923 12.43015 -3.564501 -4.895029 12.63106 -4.049521 -4.895029 12.4926 -3.520262 -4.813923 12.43015 -3.564501 -4.895029 12.16381 -3.091782 -4.813923 12.11059 -3.148041 -4.895029 12.4926 -3.520262 -4.813923 12.11059 -3.148041 -4.895029 11.73538 -2.763022 -4.813923 11.69415 -2.828482 -4.895029 12.16381 -3.091782 -4.813923 11.69415 -2.828482 -4.895029 11.23637 -2.556333 -4.813923 11.20916 -2.627603 -4.895029 11.73538 -2.763022 -4.813923 11.23637 -2.556333 -4.813923 10.68989 -2.559232 -4.895029 11.20916 -2.627603 -4.895029 10.70543 -2.486432 -4.813923 10.70543 -2.486432 -4.813923 0.7713027 -2.559232 -4.895029 10.68989 -2.559232 -4.895029 0.7557731 -2.486432 -4.813923 0.7557731 -2.486432 -4.813923 0.2520328 -2.627603 -4.895029 0.7713027 -2.559232 -4.895029 0.2248225 -2.556333 -4.813923 -0.2329468 -2.828482 -4.895029 0.2248225 -2.556333 -4.813923 -0.274178 -2.763022 -4.813923 0.2520328 -2.627603 -4.895029 -0.7026181 -3.091782 -4.813923 -0.325398 -2.678992 -4.75973 -0.7710576 -3.020951 -4.75973 -0.274178 -2.763022 -4.813923 -1.031407 -3.520262 -4.813923 -0.7710576 -3.020951 -4.75973 -1.113097 -3.466711 -4.75973 -0.7026181 -3.091782 -4.813923 -1.238167 -4.019431 -4.813923 -1.113097 -3.466711 -4.75973 -1.328278 -3.986191 -4.75973 -1.031407 -3.520262 -4.813923 -1.308087 -4.550541 -4.813923 -1.328278 -3.986191 -4.75973 -1.400397 -4.534061 -4.75973 -1.238167 -4.019431 -4.813923 -1.308087 -16.95758 -4.813923 -1.400397 -4.534061 -4.75973 -1.400397 -16.97407 -4.75973 -1.308087 -4.550541 -4.813923 -1.328278 -17.52193 -4.75973 -1.308087 -16.95758 -4.813923 -1.400397 -16.97407 -4.75973 -1.238167 -17.4887 -4.813923 -1.113097 -18.04141 -4.75973 -1.238167 -17.4887 -4.813923 -1.328278 -17.52193 -4.75973 -1.031407 -17.98786 -4.813923 -0.7710576 -18.48718 -4.75973 -1.031407 -17.98786 -4.813923 -1.113097 -18.04141 -4.75973 -0.7026181 -18.41635 -4.813923 -0.325398 -18.82914 -4.75973 -0.7026181 -18.41635 -4.813923 -0.7710576 -18.48718 -4.75973 -0.274178 -18.7451 -4.813923 0.1937422 -19.04417 -4.75973 -0.274178 -18.7451 -4.813923 -0.325398 -18.82914 -4.75973 0.2248225 -18.95179 -4.813923 0.7412524 -19.11625 -4.75973 0.2248225 -18.95179 -4.813923 0.1937422 -19.04417 -4.75973 0.7557731 -19.02169 -4.813923 10.71994 -19.11625 -4.75973 0.7557731 -19.02169 -4.813923 0.7412524 -19.11625 -4.75973 10.70543 -19.02169 -4.813923 10.71994 -19.11625 -4.75973 11.23637 -18.95179 -4.813923 10.70543 -19.02169 -4.813923 11.26745 -19.04417 -4.75973 11.26745 -19.04417 -4.75973 11.73538 -18.7451 -4.813923 11.23637 -18.95179 -4.813923 11.7866 -18.82914 -4.75973 11.7866 -18.82914 -4.75973 12.16381 -18.41635 -4.813923 11.73538 -18.7451 -4.813923 12.23225 -18.48718 -4.75973 12.23225 -18.48718 -4.75973 12.4926 -17.98786 -4.813923 12.16381 -18.41635 -4.813923 12.57429 -18.04141 -4.75973 12.57429 -18.04141 -4.75973 12.69936 -17.4887 -4.813923 12.4926 -17.98786 -4.813923 12.78947 -17.52193 -4.75973 12.78947 -17.52193 -4.75973 12.76929 -16.95758 -4.813923 12.69936 -17.4887 -4.813923 12.8616 -16.97407 -4.75973 12.8616 -16.97407 -4.75973 12.76929 -4.550541 -4.813923 12.76929 -16.95758 -4.813923 12.8616 -4.534061 -4.75973 12.76929 -4.550541 -4.813923 12.78947 -3.986191 -4.75973 12.69936 -4.019431 -4.813923 12.8616 -4.534061 -4.75973 12.69936 -4.019431 -4.813923 12.57429 -3.466711 -4.75973 12.4926 -3.520262 -4.813923 12.78947 -3.986191 -4.75973 12.4926 -3.520262 -4.813923 12.23225 -3.020951 -4.75973 12.16381 -3.091782 -4.813923 12.57429 -3.466711 -4.75973 12.16381 -3.091782 -4.813923 11.7866 -2.678992 -4.75973 11.73538 -2.763022 -4.813923 12.23225 -3.020951 -4.75973 11.73538 -2.763022 -4.813923 11.26745 -2.463952 -4.75973 11.23637 -2.556333 -4.813923 11.7866 -2.678992 -4.75973 11.23637 -2.556333 -4.813923 10.71994 -2.391871 -4.75973 10.70543 -2.486432 -4.813923 11.26745 -2.463952 -4.75973 0.7557731 -2.486432 -4.813923 10.71994 -2.391871 -4.75973 0.7412524 -2.391871 -4.75973 10.70543 -2.486432 -4.813923 0.2248225 -2.556333 -4.813923 0.7412524 -2.391871 -4.75973 0.1937422 -2.463952 -4.75973 0.7557731 -2.486432 -4.813923 -0.274178 -2.763022 -4.813923 0.1937422 -2.463952 -4.75973 -0.325398 -2.678992 -4.75973 0.2248225 -2.556333 -4.813923 -0.7710576 -3.020951 -4.75973 -0.3788076 -2.589162 -4.7407 -0.8442884 -2.946341 -4.7407 -0.325398 -2.678992 -4.75973 -1.113097 -3.466711 -4.75973 -0.8442884 -2.946341 -4.7407 -1.201598 -3.411992 -4.7407 -0.7710576 -3.020951 -4.75973 -1.328278 -3.986191 -4.75973 -1.201598 -3.411992 -4.7407 -1.426457 -3.954871 -4.7407 -1.113097 -3.466711 -4.75973 -1.400397 -4.534061 -4.75973 -1.426457 -3.954871 -4.7407 -1.501118 -4.521891 -4.7407 -1.328278 -3.986191 -4.75973 -1.400397 -16.97407 -4.75973 -1.501118 -4.521891 -4.7407 -1.501118 -16.98623 -4.7407 -1.400397 -4.534061 -4.75973 -1.426457 -17.55326 -4.7407 -1.400397 -16.97407 -4.75973 -1.501118 -16.98623 -4.7407 -1.328278 -17.52193 -4.75973 -1.201598 -18.09614 -4.7407 -1.328278 -17.52193 -4.75973 -1.426457 -17.55326 -4.7407 -1.113097 -18.04141 -4.75973 -0.8442884 -18.56179 -4.7407 -1.113097 -18.04141 -4.75973 -1.201598 -18.09614 -4.7407 -0.7710576 -18.48718 -4.75973 -0.3788076 -18.91896 -4.7407 -0.7710576 -18.48718 -4.75973 -0.8442884 -18.56179 -4.7407 -0.325398 -18.82914 -4.75973 0.1635222 -19.1436 -4.7407 -0.325398 -18.82914 -4.75973 -0.3788076 -18.91896 -4.7407 0.1937422 -19.04417 -4.75973 0.7299724 -19.21817 -4.7407 0.1937422 -19.04417 -4.75973 0.1635222 -19.1436 -4.7407 0.7412524 -19.11625 -4.75973 10.73123 -19.21817 -4.7407 0.7412524 -19.11625 -4.75973 0.7299724 -19.21817 -4.7407 10.71994 -19.11625 -4.75973 10.73123 -19.21817 -4.7407 11.26745 -19.04417 -4.75973 10.71994 -19.11625 -4.75973 11.29767 -19.1436 -4.7407 11.29767 -19.1436 -4.7407 11.7866 -18.82914 -4.75973 11.26745 -19.04417 -4.75973 11.84001 -18.91896 -4.7407 11.84001 -18.91896 -4.7407 12.23225 -18.48718 -4.75973 11.7866 -18.82914 -4.75973 12.30549 -18.56179 -4.7407 12.30549 -18.56179 -4.7407 12.57429 -18.04141 -4.75973 12.23225 -18.48718 -4.75973 12.66279 -18.09614 -4.7407 12.66279 -18.09614 -4.7407 12.78947 -17.52193 -4.75973 12.57429 -18.04141 -4.75973 12.88766 -17.55326 -4.7407 12.88766 -17.55326 -4.7407 12.8616 -16.97407 -4.75973 12.78947 -17.52193 -4.75973 12.96231 -16.98623 -4.7407 12.8616 -16.97407 -4.75973 12.96231 -4.521891 -4.7407 12.8616 -4.534061 -4.75973 12.96231 -16.98623 -4.7407 12.8616 -4.534061 -4.75973 12.88766 -3.954871 -4.7407 12.78947 -3.986191 -4.75973 12.96231 -4.521891 -4.7407 12.78947 -3.986191 -4.75973 12.66279 -3.411992 -4.7407 12.57429 -3.466711 -4.75973 12.88766 -3.954871 -4.7407 12.57429 -3.466711 -4.75973 12.30549 -2.946341 -4.7407 12.23225 -3.020951 -4.75973 12.66279 -3.411992 -4.7407 12.23225 -3.020951 -4.75973 11.84001 -2.589162 -4.7407 11.7866 -2.678992 -4.75973 12.30549 -2.946341 -4.7407 11.7866 -2.678992 -4.75973 11.29767 -2.364522 -4.7407 11.26745 -2.463952 -4.75973 11.84001 -2.589162 -4.7407 11.26745 -2.463952 -4.75973 10.73123 -2.289952 -4.7407 10.71994 -2.391871 -4.75973 11.29767 -2.364522 -4.7407 0.7412524 -2.391871 -4.75973 10.73123 -2.289952 -4.7407 0.7299724 -2.289952 -4.7407 10.71994 -2.391871 -4.75973 0.1937422 -2.463952 -4.75973 0.7299724 -2.289952 -4.7407 0.1635222 -2.364522 -4.7407 0.7412524 -2.391871 -4.75973 -0.325398 -2.678992 -4.75973 0.1635222 -2.364522 -4.7407 -0.3788076 -2.589162 -4.7407 0.1937422 -2.463952 -4.75973 -16.98712 -20.21727 -4.7407 -16.72064 -17.55326 -4.7407 -16.79529 -16.98624 -4.7407 -16.21066 -20.3195 -4.7407 -16.49577 -18.09614 -4.7407 -16.13846 -18.56179 -4.7407 -15.67298 -18.91897 -4.7407 -15.13065 -19.14361 -4.7407 -14.5642 -19.21818 -4.7407 12.37769 -20.3195 -4.7407 -4.562944 -19.21818 -4.7407 -3.996494 -19.14361 -4.7407 -3.454164 -18.91897 -4.7407 0.7299755 -19.21818 -4.7407 0.1635253 -19.14361 -4.7407 -2.988684 -18.56179 -4.7407 -2.631385 -18.09614 -4.7407 -0.3788042 -18.91897 -4.7407 -2.406514 -17.55326 -4.7407 -0.844285 -18.56179 -4.7407 -2.331864 -16.98624 -4.7407 -1.201594 -18.09614 -4.7407 -1.426454 -17.55326 -4.7407 -1.501115 -16.98624 -4.7407 -2.331864 -4.521896 -4.7407 10.73123 -19.21818 -4.7407 11.29767 -19.14361 -4.7407 11.84002 -18.91897 -4.7407 12.30549 -18.56179 -4.7407 12.66279 -18.09614 -4.7407 13.15415 -20.21727 -4.7407 12.88766 -17.55326 -4.7407 12.96231 -16.98624 -4.7407 -19.21066 -17.3195 -4.7407 -19.10844 -0.6621885 -4.7407 -19.21066 -1.438638 -4.7407 -19.10844 -18.09595 -4.7407 -18.80874 0.06136226 -4.7407 -18.80874 -18.8195 -4.7407 -18.33198 0.682683 -4.7407 -18.33198 -19.44082 -4.7407 -17.71066 1.159432 -4.7407 -17.71066 -19.91757 -4.7407 -16.98712 1.459132 -4.7407 -16.79529 -4.521896 -4.7407 -16.21066 1.561362 -4.7407 -16.72064 -3.954876 -4.7407 -16.49577 -3.411997 -4.7407 -16.13846 -2.946346 -4.7407 -15.67298 -2.589167 -4.7407 -15.13065 -2.364527 -4.7407 12.37769 1.561362 -4.7407 -14.5642 -2.289957 -4.7407 -4.562944 -2.289957 -4.7407 -3.996494 -2.364527 -4.7407 -3.454164 -2.589167 -4.7407 -2.988684 -2.946346 -4.7407 0.1635253 -2.364527 -4.7407 -2.631385 -3.411997 -4.7407 -0.3788042 -2.589167 -4.7407 -2.406514 -3.954876 -4.7407 -0.844285 -2.946346 -4.7407 -1.201594 -3.411997 -4.7407 -1.426454 -3.954876 -4.7407 -1.501115 -4.521896 -4.7407 0.7299755 -2.289957 -4.7407 10.73123 -2.289957 -4.7407 11.29767 -2.364527 -4.7407 11.84002 -2.589167 -4.7407 12.30549 -2.946346 -4.7407 12.66279 -3.411997 -4.7407 13.15415 1.459132 -4.7407 12.88766 -3.954876 -4.7407 12.96231 -4.521896 -4.7407 13.87769 -19.91757 -4.7407 13.87769 1.159432 -4.7407 14.49901 -19.44082 -4.7407 14.49901 0.682683 -4.7407 14.97576 -18.8195 -4.7407 14.97576 0.06136226 -4.7407 15.27546 -18.09595 -4.7407 15.27546 -0.6621885 -4.7407 15.37769 -17.3195 -4.7407 15.37769 -1.438638 -4.7407 15.37769 -1.438638 -4.8657 15.37769 -17.3195 -4.7407 15.37769 -17.3195 -4.8657 15.37769 -1.438638 -4.7407 15.27546 -0.6621885 -4.8657 15.37769 -1.438638 -4.7407 15.37769 -1.438638 -4.8657 15.27546 -0.6621885 -4.7407 14.97576 0.06136226 -4.8657 14.97576 0.06136226 -4.7407 14.49901 0.682683 -4.8657 14.49901 0.682683 -4.7407 13.87769 1.159432 -4.7407 13.87769 1.159432 -4.8657 13.15415 1.459132 -4.7407 13.15415 1.459132 -4.8657 12.37769 1.561362 -4.7407 12.37769 1.561362 -4.8657 -16.21066 1.561362 -4.7407 12.37769 1.561362 -4.8657 -16.21066 1.561362 -4.8657 12.37769 1.561362 -4.7407 -16.98712 1.459132 -4.7407 -16.21066 1.561362 -4.8657 -16.98712 1.459132 -4.8657 -16.21066 1.561362 -4.7407 -17.71066 1.159432 -4.8657 -17.71066 1.159432 -4.7407 -18.33198 0.682683 -4.7407 -18.33198 0.682683 -4.8657 -18.80874 0.06136226 -4.8657 -18.80874 0.06136226 -4.7407 -19.10844 -0.6621885 -4.8657 -19.10844 -0.6621885 -4.7407 -19.21066 -1.438638 -4.8657 -19.21066 -1.438638 -4.7407 -19.21066 -1.438638 -4.7407 -19.21066 -17.3195 -4.8657 -19.21066 -17.3195 -4.7407 -19.21066 -1.438638 -4.8657 -19.21066 -17.3195 -4.7407 -19.10844 -18.09595 -4.8657 -19.10844 -18.09595 -4.7407 -19.21066 -17.3195 -4.8657 -18.80874 -18.8195 -4.8657 -18.80874 -18.8195 -4.7407 -18.33198 -19.44082 -4.8657 -18.33198 -19.44082 -4.7407 -17.71066 -19.91757 -4.7407 -17.71066 -19.91757 -4.8657 -16.98712 -20.21727 -4.7407 -16.98712 -20.21727 -4.8657 -16.21066 -20.3195 -4.7407 -16.21066 -20.3195 -4.8657 12.37769 -20.3195 -4.7407 -16.21066 -20.3195 -4.8657 12.37769 -20.3195 -4.8657 -16.21066 -20.3195 -4.7407 13.15415 -20.21727 -4.7407 12.37769 -20.3195 -4.8657 13.15415 -20.21727 -4.8657 12.37769 -20.3195 -4.7407 13.87769 -19.91757 -4.7407 13.87769 -19.91757 -4.8657 14.49901 -19.44082 -4.7407 14.49901 -19.44082 -4.8657 14.97576 -18.8195 -4.8657 14.97576 -18.8195 -4.7407 15.27546 -18.09595 -4.8657 15.27546 -18.09595 -4.7407 15.37769 -17.3195 -4.8657 15.37769 -17.3195 -4.7407 -13.67388 -16.99474 -10.97708 -13.86583 -16.55584 -11.0532 -13.98672 -16.95355 -10.97708 -13.62873 -16.58705 -11.0532 -14.3439 -16.07922 -11.0532 -14.37481 -5.663708 -11.0532 -14.37481 -15.84443 -11.0532 -14.3439 -5.428918 -11.0532 -14.2773 -16.24 -11.0532 -14.2773 -5.268138 -11.0532 -14.16971 -16.38022 -11.0532 -14.16971 -5.127918 -11.0532 -14.02882 -5.019808 -11.0532 -14.02882 -16.48833 -11.0532 -13.86583 -4.952298 -11.0532 -13.62873 -4.921088 -11.0532 -10.86261 -11.50407 -11.0532 -10.62424 -11.81473 -11.0532 -5.498427 -16.58705 -11.0532 -11.01247 -11.1423 -11.0532 -11.06358 -10.75407 -11.0532 -10.31358 -12.05311 -11.0532 -9.951806 -12.20296 -11.0532 -9.563577 -12.25407 -11.0532 -9.175347 -12.20296 -11.0532 -8.813576 -12.05311 -11.0532 -8.502917 -11.81473 -11.0532 -8.264536 -11.50407 -11.0532 -8.114686 -11.1423 -11.0532 -8.063576 -10.75407 -11.0532 -5.498427 -4.921088 -11.0532 -5.261317 -4.952298 -11.0532 -5.261317 -16.55584 -11.0532 -5.098337 -5.019808 -11.0532 -5.098337 -16.48833 -11.0532 -4.957447 -16.38022 -11.0532 -4.957447 -5.127918 -11.0532 -4.849857 -5.268138 -11.0532 -4.849857 -16.24 -11.0532 -4.783257 -16.07922 -11.0532 -4.783257 -5.428918 -11.0532 -4.752346 -15.84443 -11.0532 -4.752346 -5.663708 -11.0532 -10.62424 -9.693408 -11.0532 -10.86261 -10.00407 -11.0532 -11.01247 -10.36584 -11.0532 -10.31358 -9.455028 -11.0532 -9.951806 -9.305178 -11.0532 -9.563577 -9.254068 -11.0532 -9.175347 -9.305178 -11.0532 -8.813576 -9.455028 -11.0532 -8.502917 -9.693408 -11.0532 -8.264536 -10.00407 -11.0532 -8.114686 -10.36584 -11.0532 -14.24247 -16.84762 -10.97708 -13.73194 -17.37298 -10.76031 -13.98672 -16.95355 -10.97708 -14.11105 -17.32307 -10.76031 -13.67388 -16.99474 -10.97708 -5.453276 -16.99474 -10.97708 -14.24247 -4.660518 -10.97708 -14.46265 -4.829478 -10.97708 -14.63129 -5.049248 -10.97708 -14.73666 -5.303627 -10.97708 -14.77766 -5.615048 -10.97708 -14.77766 -15.89309 -10.97708 -14.73666 -16.20451 -10.97708 -14.63129 -16.45889 -10.97708 -14.46265 -16.67866 -10.97708 -5.140426 -16.95355 -10.97708 -4.884687 -16.84762 -10.97708 -4.664497 -16.67866 -10.97708 -4.495866 -16.45889 -10.97708 -4.390497 -16.20451 -10.97708 -4.349496 -15.89309 -10.97708 -4.349496 -5.615048 -10.97708 -4.390497 -5.303627 -10.97708 -4.495866 -5.049248 -10.97708 -4.664497 -4.829478 -10.97708 -4.884687 -4.660518 -10.97708 -5.140426 -4.554588 -10.97708 -5.453276 -4.513398 -10.97708 -13.67388 -4.513398 -10.97708 -13.98672 -4.554588 -10.97708 -14.24247 -16.84762 -10.97708 -14.44735 -17.18377 -10.76031 -14.21989 -17.60814 -10.43588 -13.73194 -17.37298 -10.76031 -14.11105 -17.32307 -10.76031 -13.79407 -17.6642 -10.43588 -5.395216 -17.37298 -10.76031 -5.453276 -16.99474 -10.97708 -14.46265 -4.829478 -10.97708 -14.44735 -4.324368 -10.76031 -14.73641 -4.546168 -10.76031 -14.24247 -4.660518 -10.97708 -14.63129 -5.049248 -10.97708 -14.95805 -4.835028 -10.76031 -14.73666 -5.303627 -10.97708 -15.09709 -5.170688 -10.76031 -14.77766 -5.615048 -10.97708 -15.14691 -5.549108 -10.76031 -14.77766 -15.89309 -10.97708 -15.14691 -15.95903 -10.76031 -15.09709 -16.33746 -10.76031 -14.73666 -16.20451 -10.97708 -14.95805 -16.67311 -10.76031 -14.63129 -16.45889 -10.97708 -14.73641 -16.96197 -10.76031 -14.46265 -16.67866 -10.97708 -5.140426 -16.95355 -10.97708 -5.016106 -17.32307 -10.76031 -4.884687 -16.84762 -10.97708 -4.679806 -17.18377 -10.76031 -4.664497 -16.67866 -10.97708 -4.390747 -16.96197 -10.76031 -4.495866 -16.45889 -10.97708 -4.169096 -16.67311 -10.76031 -4.390497 -16.20451 -10.97708 -4.030067 -16.33746 -10.76031 -4.349496 -15.89309 -10.97708 -3.980247 -15.95903 -10.76031 -4.349496 -5.615048 -10.97708 -3.980247 -5.549108 -10.76031 -4.030067 -5.170688 -10.76031 -4.390497 -5.303627 -10.97708 -4.169096 -4.835028 -10.76031 -4.495866 -5.049248 -10.97708 -4.390747 -4.546168 -10.76031 -4.664497 -4.829478 -10.97708 -4.679806 -4.324368 -10.76031 -4.884687 -4.660518 -10.97708 -5.016106 -4.185068 -10.76031 -5.140426 -4.554588 -10.97708 -5.395216 -4.135158 -10.76031 -5.453276 -4.513398 -10.97708 -13.67388 -4.513398 -10.97708 -13.73194 -4.135158 -10.76031 -13.98672 -4.554588 -10.97708 -14.11105 -4.185068 -10.76031 -14.44735 -17.18377 -10.76031 -14.61227 -17.44561 -10.43588 -14.29666 -17.76536 -10.0532 -13.79407 -17.6642 -10.43588 -14.21989 -17.60814 -10.43588 -13.85082 -17.82405 -10.0532 -5.395216 -17.37298 -10.76031 -5.333077 -17.6642 -10.43588 -14.73641 -4.546168 -10.76031 -14.61227 -4.062528 -10.43588 -14.94929 -4.321138 -10.43588 -14.44735 -4.324368 -10.76031 -14.95805 -4.835028 -10.76031 -15.20785 -4.658098 -10.43588 -15.37031 -5.050318 -10.43588 -15.09709 -5.170688 -10.76031 -15.42635 -5.475948 -10.43588 -15.14691 -5.549108 -10.76031 -15.14691 -15.95903 -10.76031 -15.42635 -16.03219 -10.43588 -15.09709 -16.33746 -10.76031 -15.37031 -16.45782 -10.43588 -14.95805 -16.67311 -10.76031 -15.20785 -16.85004 -10.43588 -14.94929 -17.187 -10.43588 -14.73641 -16.96197 -10.76031 -5.016106 -17.32307 -10.76031 -4.907266 -17.60814 -10.43588 -4.679806 -17.18377 -10.76031 -4.514886 -17.44561 -10.43588 -4.390747 -16.96197 -10.76031 -4.177866 -17.187 -10.43588 -4.169096 -16.67311 -10.76031 -3.919306 -16.85004 -10.43588 -3.756847 -16.45782 -10.43588 -4.030067 -16.33746 -10.76031 -3.700806 -16.03219 -10.43588 -3.980247 -15.95903 -10.76031 -3.700806 -5.475948 -10.43588 -3.980247 -5.549108 -10.76031 -4.030067 -5.170688 -10.76031 -3.756847 -5.050318 -10.43588 -4.169096 -4.835028 -10.76031 -3.919306 -4.658098 -10.43588 -4.177866 -4.321138 -10.43588 -4.390747 -4.546168 -10.76031 -4.514886 -4.062528 -10.43588 -4.679806 -4.324368 -10.76031 -4.907266 -3.899997 -10.43588 -5.016106 -4.185068 -10.76031 -5.395216 -4.135158 -10.76031 -5.333077 -3.843938 -10.43588 -13.73194 -4.135158 -10.76031 -13.79407 -3.843938 -10.43588 -14.11105 -4.185068 -10.76031 -14.21989 -3.899997 -10.43588 -14.71212 -17.59327 -10.0532 -14.61227 -17.44561 -10.43588 -14.50869 -18.90893 -4.9907 -15.02295 -18.84123 -4.9907 -5.333077 -17.6642 -10.43588 -5.276336 -17.82405 -10.0532 -14.71212 -3.914869 -10.0532 -14.94929 -4.321138 -10.43588 -14.61227 -4.062528 -10.43588 -15.06889 -4.188629 -10.0532 -15.34264 -4.545388 -10.0532 -15.20785 -4.658098 -10.43588 -15.51473 -4.960858 -10.0532 -15.37031 -5.050318 -10.43588 -15.57343 -5.406698 -10.0532 -15.42635 -5.475948 -10.43588 -15.42635 -16.03219 -10.43588 -15.57343 -16.10144 -10.0532 -15.37031 -16.45782 -10.43588 -15.51473 -16.54728 -10.0532 -15.20785 -16.85004 -10.43588 -15.34264 -16.96275 -10.0532 -14.94929 -17.187 -10.43588 -15.06889 -17.31951 -10.0532 -4.907266 -17.60814 -10.43588 -4.830496 -17.76536 -10.0532 -4.514886 -17.44561 -10.43588 -4.415026 -17.59327 -10.0532 -4.177866 -17.187 -10.43588 -4.058266 -17.31951 -10.0532 -3.784506 -16.96275 -10.0532 -3.919306 -16.85004 -10.43588 -3.612417 -16.54728 -10.0532 -3.756847 -16.45782 -10.43588 -3.553727 -16.10144 -10.0532 -3.700806 -16.03219 -10.43588 -3.553727 -5.406698 -10.0532 -3.700806 -5.475948 -10.43588 -3.756847 -5.050318 -10.43588 -3.612417 -4.960858 -10.0532 -3.919306 -4.658098 -10.43588 -3.784506 -4.545388 -10.0532 -4.177866 -4.321138 -10.43588 -4.058266 -4.188629 -10.0532 -4.514886 -4.062528 -10.43588 -4.415026 -3.914869 -10.0532 -4.907266 -3.899997 -10.43588 -4.830496 -3.742778 -10.0532 -5.333077 -3.843938 -10.43588 -5.276336 -3.684087 -10.0532 -13.79407 -3.843938 -10.43588 -13.85082 -3.684087 -10.0532 -14.21989 -3.899997 -10.43588 -14.29666 -3.742778 -10.0532 -15.50216 -18.64273 -4.9907 -15.04214 -18.88053 -4.895029 -14.50869 -18.90893 -4.9907 -15.02295 -18.84123 -4.9907 -14.52287 -18.9489 -4.895029 -4.618467 -18.90893 -4.9907 -15.50216 -2.865407 -4.9907 -15.91367 -3.181167 -4.9907 -16.22943 -3.592678 -4.9907 -16.42793 -4.071899 -4.9907 -16.49563 -4.586158 -4.9907 -16.49563 -16.92199 -4.9907 -16.42793 -17.43625 -4.9907 -16.22943 -17.91546 -4.9907 -15.91367 -18.32697 -4.9907 -4.104207 -18.84123 -4.9907 -3.624997 -18.64273 -4.9907 -3.213486 -18.32697 -4.9907 -2.897716 -17.91546 -4.9907 -2.699226 -17.43625 -4.9907 -2.631517 -16.92199 -4.9907 -2.631517 -4.586158 -4.9907 -2.699226 -4.071899 -4.9907 -2.897716 -3.592678 -4.9907 -3.213486 -3.181167 -4.9907 -3.624997 -2.865407 -4.9907 -4.104207 -2.666908 -4.9907 -4.618467 -2.599209 -4.9907 -14.50869 -2.599209 -4.9907 -15.02295 -2.666908 -4.9907 -15.52712 -18.67965 -4.895029 -15.02295 -18.84123 -4.9907 -15.50216 -18.64273 -4.9907 -15.04214 -18.88053 -4.895029 -15.06935 -18.9518 -4.813924 -14.52287 -18.9489 -4.895029 -15.04214 -18.88053 -4.895029 -14.53841 -19.0217 -4.813924 -14.52287 -18.9489 -4.895029 -4.618467 -18.90893 -4.9907 -14.50869 -18.90893 -4.9907 -4.604276 -18.9489 -4.895029 -15.52712 -2.828489 -4.895029 -15.91367 -3.181167 -4.9907 -15.50216 -2.865407 -4.9907 -15.94357 -3.148048 -4.895029 -15.91367 -3.181167 -4.9907 -16.26313 -3.564508 -4.895029 -16.22943 -3.592678 -4.9907 -15.94357 -3.148048 -4.895029 -16.22943 -3.592678 -4.9907 -16.46404 -4.049528 -4.895029 -16.42793 -4.071899 -4.9907 -16.26313 -3.564508 -4.895029 -16.42793 -4.071899 -4.9907 -16.5324 -4.568838 -4.895029 -16.49563 -4.586158 -4.9907 -16.46404 -4.049528 -4.895029 -16.49563 -16.92199 -4.9907 -16.5324 -4.568838 -4.895029 -16.5324 -16.9393 -4.895029 -16.49563 -4.586158 -4.9907 -16.42793 -17.43625 -4.9907 -16.5324 -16.9393 -4.895029 -16.46404 -17.45861 -4.895029 -16.49563 -16.92199 -4.9907 -16.22943 -17.91546 -4.9907 -16.46404 -17.45861 -4.895029 -16.26313 -17.94364 -4.895029 -16.42793 -17.43625 -4.9907 -15.91367 -18.32697 -4.9907 -16.26313 -17.94364 -4.895029 -15.94357 -18.36009 -4.895029 -16.22943 -17.91546 -4.9907 -15.91367 -18.32697 -4.9907 -15.52712 -18.67965 -4.895029 -15.50216 -18.64273 -4.9907 -15.94357 -18.36009 -4.895029 -4.604276 -18.9489 -4.895029 -4.104207 -18.84123 -4.9907 -4.618467 -18.90893 -4.9907 -4.085017 -18.88053 -4.895029 -4.085017 -18.88053 -4.895029 -3.624997 -18.64273 -4.9907 -4.104207 -18.84123 -4.9907 -3.600027 -18.67965 -4.895029 -3.600027 -18.67965 -4.895029 -3.213486 -18.32697 -4.9907 -3.624997 -18.64273 -4.9907 -3.183586 -18.36009 -4.895029 -2.864027 -17.94364 -4.895029 -3.213486 -18.32697 -4.9907 -3.183586 -18.36009 -4.895029 -2.897716 -17.91546 -4.9907 -2.663116 -17.45861 -4.895029 -2.897716 -17.91546 -4.9907 -2.864027 -17.94364 -4.895029 -2.699226 -17.43625 -4.9907 -2.594747 -16.9393 -4.895029 -2.699226 -17.43625 -4.9907 -2.663116 -17.45861 -4.895029 -2.631517 -16.92199 -4.9907 -2.594747 -4.568838 -4.895029 -2.631517 -16.92199 -4.9907 -2.594747 -16.9393 -4.895029 -2.631517 -4.586158 -4.9907 -2.594747 -4.568838 -4.895029 -2.699226 -4.071899 -4.9907 -2.631517 -4.586158 -4.9907 -2.663116 -4.049528 -4.895029 -2.663116 -4.049528 -4.895029 -2.897716 -3.592678 -4.9907 -2.699226 -4.071899 -4.9907 -2.864027 -3.564508 -4.895029 -2.864027 -3.564508 -4.895029 -3.213486 -3.181167 -4.9907 -2.897716 -3.592678 -4.9907 -3.183586 -3.148048 -4.895029 -3.183586 -3.148048 -4.895029 -3.624997 -2.865407 -4.9907 -3.213486 -3.181167 -4.9907 -3.600027 -2.828489 -4.895029 -3.600027 -2.828489 -4.895029 -4.104207 -2.666908 -4.9907 -3.624997 -2.865407 -4.9907 -4.085017 -2.627609 -4.895029 -4.085017 -2.627609 -4.895029 -4.618467 -2.599209 -4.9907 -4.104207 -2.666908 -4.9907 -4.604276 -2.559238 -4.895029 -4.604276 -2.559238 -4.895029 -14.50869 -2.599209 -4.9907 -4.618467 -2.599209 -4.9907 -14.52287 -2.559238 -4.895029 -14.52287 -2.559238 -4.895029 -15.02295 -2.666908 -4.9907 -14.50869 -2.599209 -4.9907 -15.04214 -2.627609 -4.895029 -15.04214 -2.627609 -4.895029 -15.50216 -2.865407 -4.9907 -15.02295 -2.666908 -4.9907 -15.52712 -2.828489 -4.895029 -15.06935 -18.9518 -4.813924 -15.52712 -18.67965 -4.895029 -15.56835 -18.74511 -4.813924 -15.04214 -18.88053 -4.895029 -14.55292 -19.11626 -4.75973 -15.06935 -18.9518 -4.813924 -15.10043 -19.04418 -4.75973 -14.53841 -19.0217 -4.813924 -14.53841 -19.0217 -4.813924 -4.604276 -18.9489 -4.895029 -14.52287 -18.9489 -4.895029 -4.588747 -19.0217 -4.813924 -15.94357 -3.148048 -4.895029 -15.56835 -2.763029 -4.813924 -15.99679 -3.091789 -4.813924 -15.52712 -2.828489 -4.895029 -16.26313 -3.564508 -4.895029 -15.99679 -3.091789 -4.813924 -16.32558 -3.520269 -4.813924 -15.94357 -3.148048 -4.895029 -16.26313 -3.564508 -4.895029 -16.53234 -4.019437 -4.813924 -16.46404 -4.049528 -4.895029 -16.32558 -3.520269 -4.813924 -16.46404 -4.049528 -4.895029 -16.60227 -4.550548 -4.813924 -16.5324 -4.568838 -4.895029 -16.53234 -4.019437 -4.813924 -16.5324 -16.9393 -4.895029 -16.60227 -4.550548 -4.813924 -16.60227 -16.95759 -4.813924 -16.5324 -4.568838 -4.895029 -16.46404 -17.45861 -4.895029 -16.60227 -16.95759 -4.813924 -16.53234 -17.4887 -4.813924 -16.5324 -16.9393 -4.895029 -16.26313 -17.94364 -4.895029 -16.53234 -17.4887 -4.813924 -16.32558 -17.98787 -4.813924 -16.46404 -17.45861 -4.895029 -15.99679 -18.41636 -4.813924 -16.26313 -17.94364 -4.895029 -16.32558 -17.98787 -4.813924 -15.94357 -18.36009 -4.895029 -15.56835 -18.74511 -4.813924 -15.94357 -18.36009 -4.895029 -15.99679 -18.41636 -4.813924 -15.52712 -18.67965 -4.895029 -4.588747 -19.0217 -4.813924 -4.085017 -18.88053 -4.895029 -4.604276 -18.9489 -4.895029 -4.057806 -18.9518 -4.813924 -4.057806 -18.9518 -4.813924 -3.600027 -18.67965 -4.895029 -4.085017 -18.88053 -4.895029 -3.558796 -18.74511 -4.813924 -3.558796 -18.74511 -4.813924 -3.183586 -18.36009 -4.895029 -3.600027 -18.67965 -4.895029 -3.130367 -18.41636 -4.813924 -3.130367 -18.41636 -4.813924 -2.864027 -17.94364 -4.895029 -3.183586 -18.36009 -4.895029 -2.801576 -17.98787 -4.813924 -2.594816 -17.4887 -4.813924 -2.864027 -17.94364 -4.895029 -2.801576 -17.98787 -4.813924 -2.663116 -17.45861 -4.895029 -2.524887 -16.95759 -4.813924 -2.663116 -17.45861 -4.895029 -2.594816 -17.4887 -4.813924 -2.594747 -16.9393 -4.895029 -2.524887 -4.550548 -4.813924 -2.594747 -16.9393 -4.895029 -2.524887 -16.95759 -4.813924 -2.594747 -4.568838 -4.895029 -2.524887 -4.550548 -4.813924 -2.663116 -4.049528 -4.895029 -2.594747 -4.568838 -4.895029 -2.594816 -4.019437 -4.813924 -2.594816 -4.019437 -4.813924 -2.864027 -3.564508 -4.895029 -2.663116 -4.049528 -4.895029 -2.801576 -3.520269 -4.813924 -2.864027 -3.564508 -4.895029 -3.130367 -3.091789 -4.813924 -3.183586 -3.148048 -4.895029 -2.801576 -3.520269 -4.813924 -3.183586 -3.148048 -4.895029 -3.558796 -2.763029 -4.813924 -3.600027 -2.828489 -4.895029 -3.130367 -3.091789 -4.813924 -3.600027 -2.828489 -4.895029 -4.057806 -2.556339 -4.813924 -4.085017 -2.627609 -4.895029 -3.558796 -2.763029 -4.813924 -4.057806 -2.556339 -4.813924 -4.604276 -2.559238 -4.895029 -4.085017 -2.627609 -4.895029 -4.588747 -2.486439 -4.813924 -4.588747 -2.486439 -4.813924 -14.52287 -2.559238 -4.895029 -4.604276 -2.559238 -4.895029 -14.53841 -2.486439 -4.813924 -14.53841 -2.486439 -4.813924 -15.04214 -2.627609 -4.895029 -14.52287 -2.559238 -4.895029 -15.06935 -2.556339 -4.813924 -15.52712 -2.828489 -4.895029 -15.06935 -2.556339 -4.813924 -15.56835 -2.763029 -4.813924 -15.04214 -2.627609 -4.895029 -15.10043 -19.04418 -4.75973 -15.56835 -18.74511 -4.813924 -15.61957 -18.82914 -4.75973 -15.06935 -18.9518 -4.813924 -14.56421 -19.21818 -4.740701 -15.10043 -19.04418 -4.75973 -15.13065 -19.14361 -4.740701 -14.55292 -19.11626 -4.75973 -4.574236 -19.11626 -4.75973 -14.53841 -19.0217 -4.813924 -14.55292 -19.11626 -4.75973 -4.588747 -19.0217 -4.813924 -15.99679 -3.091789 -4.813924 -15.61957 -2.678999 -4.75973 -16.06523 -3.020957 -4.75973 -15.56835 -2.763029 -4.813924 -16.32558 -3.520269 -4.813924 -16.06523 -3.020957 -4.75973 -16.40727 -3.466718 -4.75973 -15.99679 -3.091789 -4.813924 -16.53234 -4.019437 -4.813924 -16.40727 -3.466718 -4.75973 -16.62245 -3.986198 -4.75973 -16.32558 -3.520269 -4.813924 -16.60227 -4.550548 -4.813924 -16.62245 -3.986198 -4.75973 -16.69458 -4.534068 -4.75973 -16.53234 -4.019437 -4.813924 -16.60227 -16.95759 -4.813924 -16.69458 -4.534068 -4.75973 -16.69458 -16.97407 -4.75973 -16.60227 -4.550548 -4.813924 -16.62245 -17.52194 -4.75973 -16.60227 -16.95759 -4.813924 -16.69458 -16.97407 -4.75973 -16.53234 -17.4887 -4.813924 -16.40727 -18.04142 -4.75973 -16.53234 -17.4887 -4.813924 -16.62245 -17.52194 -4.75973 -16.32558 -17.98787 -4.813924 -16.06523 -18.48718 -4.75973 -16.32558 -17.98787 -4.813924 -16.40727 -18.04142 -4.75973 -15.99679 -18.41636 -4.813924 -15.61957 -18.82914 -4.75973 -15.99679 -18.41636 -4.813924 -16.06523 -18.48718 -4.75973 -15.56835 -18.74511 -4.813924 -4.574236 -19.11626 -4.75973 -4.057806 -18.9518 -4.813924 -4.588747 -19.0217 -4.813924 -4.026726 -19.04418 -4.75973 -4.026726 -19.04418 -4.75973 -3.558796 -18.74511 -4.813924 -4.057806 -18.9518 -4.813924 -3.507576 -18.82914 -4.75973 -3.507576 -18.82914 -4.75973 -3.130367 -18.41636 -4.813924 -3.558796 -18.74511 -4.813924 -3.061927 -18.48718 -4.75973 -3.061927 -18.48718 -4.75973 -2.801576 -17.98787 -4.813924 -3.130367 -18.41636 -4.813924 -2.719886 -18.04142 -4.75973 -2.719886 -18.04142 -4.75973 -2.594816 -17.4887 -4.813924 -2.801576 -17.98787 -4.813924 -2.504707 -17.52194 -4.75973 -2.504707 -17.52194 -4.75973 -2.524887 -16.95759 -4.813924 -2.594816 -17.4887 -4.813924 -2.432577 -16.97407 -4.75973 -2.432577 -16.97407 -4.75973 -2.524887 -4.550548 -4.813924 -2.524887 -16.95759 -4.813924 -2.432577 -4.534068 -4.75973 -2.524887 -4.550548 -4.813924 -2.504707 -3.986198 -4.75973 -2.594816 -4.019437 -4.813924 -2.432577 -4.534068 -4.75973 -2.594816 -4.019437 -4.813924 -2.719886 -3.466718 -4.75973 -2.801576 -3.520269 -4.813924 -2.504707 -3.986198 -4.75973 -2.801576 -3.520269 -4.813924 -3.061927 -3.020957 -4.75973 -3.130367 -3.091789 -4.813924 -2.719886 -3.466718 -4.75973 -3.130367 -3.091789 -4.813924 -3.507576 -2.678999 -4.75973 -3.558796 -2.763029 -4.813924 -3.061927 -3.020957 -4.75973 -3.558796 -2.763029 -4.813924 -4.026726 -2.463959 -4.75973 -4.057806 -2.556339 -4.813924 -3.507576 -2.678999 -4.75973 -4.057806 -2.556339 -4.813924 -4.574236 -2.391878 -4.75973 -4.588747 -2.486439 -4.813924 -4.026726 -2.463959 -4.75973 -14.53841 -2.486439 -4.813924 -4.574236 -2.391878 -4.75973 -14.55292 -2.391878 -4.75973 -4.588747 -2.486439 -4.813924 -15.06935 -2.556339 -4.813924 -14.55292 -2.391878 -4.75973 -15.10043 -2.463959 -4.75973 -14.53841 -2.486439 -4.813924 -15.56835 -2.763029 -4.813924 -15.10043 -2.463959 -4.75973 -15.61957 -2.678999 -4.75973 -15.06935 -2.556339 -4.813924 -15.13065 -19.14361 -4.740701 -15.61957 -18.82914 -4.75973 -15.67299 -18.91897 -4.740701 -15.10043 -19.04418 -4.75973 -4.562947 -19.21818 -4.740701 -14.55292 -19.11626 -4.75973 -14.56421 -19.21818 -4.740701 -4.574236 -19.11626 -4.75973 -16.06523 -3.020957 -4.75973 -15.67299 -2.589169 -4.740701 -16.13847 -2.946348 -4.740701 -15.61957 -2.678999 -4.75973 -16.40727 -3.466718 -4.75973 -16.13847 -2.946348 -4.740701 -16.49577 -3.411998 -4.740701 -16.06523 -3.020957 -4.75973 -16.62245 -3.986198 -4.75973 -16.49577 -3.411998 -4.740701 -16.72064 -3.954877 -4.740701 -16.40727 -3.466718 -4.75973 -16.69458 -4.534068 -4.75973 -16.72064 -3.954877 -4.740701 -16.79529 -4.521898 -4.740701 -16.62245 -3.986198 -4.75973 -16.69458 -16.97407 -4.75973 -16.79529 -4.521898 -4.740701 -16.79529 -16.98624 -4.740701 -16.69458 -4.534068 -4.75973 -16.72064 -17.55326 -4.740701 -16.69458 -16.97407 -4.75973 -16.79529 -16.98624 -4.740701 -16.62245 -17.52194 -4.75973 -16.49577 -18.09615 -4.740701 -16.62245 -17.52194 -4.75973 -16.72064 -17.55326 -4.740701 -16.40727 -18.04142 -4.75973 -16.13847 -18.56179 -4.740701 -16.40727 -18.04142 -4.75973 -16.49577 -18.09615 -4.740701 -16.06523 -18.48718 -4.75973 -15.67299 -18.91897 -4.740701 -16.06523 -18.48718 -4.75973 -16.13847 -18.56179 -4.740701 -15.61957 -18.82914 -4.75973 -4.562947 -19.21818 -4.740701 -4.026726 -19.04418 -4.75973 -4.574236 -19.11626 -4.75973 -3.996497 -19.14361 -4.740701 -3.996497 -19.14361 -4.740701 -3.507576 -18.82914 -4.75973 -4.026726 -19.04418 -4.75973 -3.454167 -18.91897 -4.740701 -3.454167 -18.91897 -4.740701 -3.061927 -18.48718 -4.75973 -3.507576 -18.82914 -4.75973 -2.988687 -18.56179 -4.740701 -2.988687 -18.56179 -4.740701 -2.719886 -18.04142 -4.75973 -3.061927 -18.48718 -4.75973 -2.631387 -18.09615 -4.740701 -2.631387 -18.09615 -4.740701 -2.504707 -17.52194 -4.75973 -2.719886 -18.04142 -4.75973 -2.406517 -17.55326 -4.740701 -2.406517 -17.55326 -4.740701 -2.432577 -16.97407 -4.75973 -2.504707 -17.52194 -4.75973 -2.331867 -16.98624 -4.740701 -2.331867 -16.98624 -4.740701 -2.432577 -4.534068 -4.75973 -2.432577 -16.97407 -4.75973 -2.331867 -4.521898 -4.740701 -2.432577 -4.534068 -4.75973 -2.406517 -3.954877 -4.740701 -2.504707 -3.986198 -4.75973 -2.331867 -4.521898 -4.740701 -2.504707 -3.986198 -4.75973 -2.631387 -3.411998 -4.740701 -2.719886 -3.466718 -4.75973 -2.406517 -3.954877 -4.740701 -2.719886 -3.466718 -4.75973 -2.988687 -2.946348 -4.740701 -3.061927 -3.020957 -4.75973 -2.631387 -3.411998 -4.740701 -3.061927 -3.020957 -4.75973 -3.454167 -2.589169 -4.740701 -3.507576 -2.678999 -4.75973 -2.988687 -2.946348 -4.740701 -3.507576 -2.678999 -4.75973 -3.996497 -2.364529 -4.740701 -4.026726 -2.463959 -4.75973 -3.454167 -2.589169 -4.740701 -4.026726 -2.463959 -4.75973 -4.562947 -2.289959 -4.740701 -4.574236 -2.391878 -4.75973 -3.996497 -2.364529 -4.740701 -14.55292 -2.391878 -4.75973 -4.562947 -2.289959 -4.740701 -14.56421 -2.289959 -4.740701 -4.574236 -2.391878 -4.75973 -15.10043 -2.463959 -4.75973 -14.56421 -2.289959 -4.740701 -15.13065 -2.364529 -4.740701 -14.55292 -2.391878 -4.75973 -15.61957 -2.678999 -4.75973 -15.13065 -2.364529 -4.740701 -15.67299 -2.589169 -4.740701 -15.10043 -2.463959 -4.75973 -1.711486 -9.022257 6.494136 -1.711486 -8.851797 7.563908 -1.711486 -9.104002 6.513768 -1.711486 -8.770051 7.544275 -1.811486 -8.864598 7.566982 -1.911486 -8.770051 7.544275 -1.911486 -8.851797 7.563908 -1.711486 -8.770051 7.544275 -1.711486 -8.851797 7.563908 -1.711486 -9.013139 7.602656 -1.711486 -9.265345 6.552516 -1.711486 -9.022257 6.494136 -1.911486 -9.104002 6.513768 -1.911486 -9.022257 6.494136 -1.811486 -9.116804 6.516842 -1.711486 -9.104002 6.513768 -1.911486 -8.770051 7.544275 -1.711486 -9.022257 6.494136 -1.911486 -9.022257 6.494136 -1.711486 -8.770051 7.544275 -1.911486 -8.851797 7.563908 -1.911486 -9.022257 6.494136 -1.911486 -9.104002 6.513768 -1.911486 -8.770051 7.544275 -1.711486 -9.013139 7.602656 -1.911486 -8.851797 7.563908 -1.911486 -9.013139 7.602656 -1.811486 -8.864598 7.566982 -1.711486 -8.851797 7.563908 -1.811486 -9.116804 6.516842 -1.911486 -9.265345 6.552516 -1.911486 -9.104002 6.513768 -1.711486 -9.265345 6.552516 -1.711486 -9.104002 6.513768 -1.711486 -9.013139 7.602656 -1.911486 -9.265345 6.552516 -1.711486 -9.265345 6.552516 -1.911486 -9.013139 7.602656 -1.911486 -9.013139 7.602656 -1.911486 -9.265345 6.552516 -1.666488 -0.03410196 8.943047 -1.531369 -0.5620942 10.07148 -1.531369 -0.08862829 8.928436 -1.666488 -0.513206 10.09971 -1.666488 0.1246418 7.737267 -1.531369 0.06867551 7.733597 -1.811488 -0.01550245 8.94803 -1.811488 -0.496531 10.10933 -1.531369 -1.315267 11.05304 -1.666488 -1.27535 11.09295 -1.415341 -0.6398625 10.02658 -1.415341 -0.1753687 8.905194 -1.531369 0.06867551 1.201797 -1.666488 0.1246418 1.201797 -1.811488 0.1437325 7.738517 -1.415341 -0.0203576 7.727763 -1.956488 -0.513206 10.09971 -1.956488 -0.03410196 8.943047 -1.811488 -1.261734 11.10657 -1.531369 -2.296822 11.80621 -1.666488 -2.268596 11.8551 -1.415341 -1.378765 10.98954 -1.326309 -0.2884116 8.874905 -1.326309 -0.7412133 9.968066 -2.352635 -0.2715049 1.201797 -2.352635 -0.5615049 1.201797 -2.371725 -0.4165044 1.201797 -2.296668 -0.1363854 1.201797 -2.296668 -0.6966224 1.201797 -2.207635 -0.0203576 1.201797 -2.207635 -0.8126521 1.201797 -2.091607 0.06867551 1.201797 -2.091607 -0.9016833 1.201797 -1.956488 0.1246418 1.201797 -1.956488 -0.9576516 1.201797 -1.811488 0.1437325 1.201797 -1.811488 -0.9767423 1.201797 -1.666488 0.1246418 1.201797 -1.666488 -0.9576516 1.201797 -1.531369 0.06867551 1.201797 -1.531369 -0.9016833 1.201797 -1.415341 -0.0203576 1.201797 -1.415341 -0.8126521 1.201797 -1.326309 -0.1363854 1.201797 -1.326309 -0.6966224 1.201797 -1.270341 -0.2715049 1.201797 -1.270341 -0.5615049 1.201797 -1.251251 -0.4165044 1.201797 -1.811488 0.1437325 1.201797 -1.415341 -0.0203576 1.201797 -1.956488 0.1246418 7.737267 -1.326309 -0.1363854 7.720157 -2.091607 -0.5620942 10.07148 -2.091607 -0.08862829 8.928436 -1.956488 -1.27535 11.09295 -1.811488 -2.258969 11.87177 -1.531369 -3.286388 12.2161 -1.666488 -2.613234 11.99785 -1.666488 -3.266135 12.26829 -1.531369 -2.634651 11.94614 -1.415341 -2.341722 11.72844 -1.326309 -1.461518 10.90678 -1.270341 -0.4200521 8.839632 -1.270341 -0.8592401 9.899924 -2.296668 -0.6966224 7.683437 -2.352635 -0.5615049 1.201797 -2.296668 -0.6966224 1.201797 -2.352635 -0.5615049 7.692294 -2.371725 -0.4165044 7.701797 -2.371725 -0.4165044 1.201797 -2.352635 -0.2715049 7.711301 -2.352635 -0.2715049 1.201797 -2.296668 -0.1363854 7.720157 -2.296668 -0.1363854 1.201797 -2.207635 -0.0203576 1.201797 -2.207635 -0.0203576 7.727763 -2.091607 0.06867551 1.201797 -2.091607 0.06867551 7.733597 -1.956488 0.1246418 1.201797 -1.326309 -0.1363854 1.201797 -1.270341 -0.2715049 7.711301 -1.270341 -0.2715049 1.201797 -1.251251 -0.4165044 7.701797 -1.251251 -0.4165044 1.201797 -1.270341 -0.5615049 7.692294 -1.270341 -0.5615049 1.201797 -1.326309 -0.6966224 7.683437 -1.326309 -0.6966224 1.201797 -1.415341 -0.8126521 7.675832 -1.415341 -0.8126521 1.201797 -1.531369 -0.9016833 1.201797 -1.531369 -0.9016833 7.669997 -1.666488 -0.9576516 1.201797 -1.666488 -0.9576516 7.666328 -1.811488 -0.9767423 1.201797 -1.811488 -0.9767423 7.665077 -1.956488 -0.9576516 1.201797 -1.956488 -0.9576516 7.666328 -2.091607 -0.9016833 1.201797 -2.091607 -0.9016833 7.669997 -2.207635 -0.8126521 1.201797 -2.207635 -0.8126521 7.675832 -2.207635 -0.6398625 10.02658 -2.207635 -0.1753687 8.905194 -2.091607 -1.315267 11.05304 -1.956488 -2.268596 11.8551 -1.811488 -2.605928 12.01549 -1.811488 -3.259227 12.28609 -1.531369 -3.662384 12.35235 -1.666488 -3.405655 12.31885 -1.666488 -3.650244 12.40748 -1.531369 -3.424723 12.26623 -1.415341 -3.318606 12.13308 -1.415341 -2.668723 11.86389 -1.326309 -2.400237 11.62709 -1.270341 -1.557886 10.81042 -1.251251 -0.5613198 8.801778 -1.251251 -0.9858966 9.826798 -2.352635 -0.7025876 8.763926 -2.296668 -0.834229 8.728652 -2.371725 -0.5613198 8.801778 -2.352635 -0.4200521 8.839632 -2.296668 -0.2884116 8.874905 -1.270341 -0.7025876 8.763926 -1.326309 -0.834229 8.728652 -1.415341 -0.9472709 8.698364 -1.531369 -1.03401 8.675122 -1.666488 -1.088539 8.660511 -1.811488 -1.107137 8.655528 -1.956488 -1.088539 8.660511 -2.091607 -1.03401 8.675122 -2.207635 -0.9472709 8.698364 -2.296668 -0.7412133 9.968066 -2.207635 -1.378765 10.98954 -2.091607 -2.296822 11.80621 -1.956488 -2.613234 11.99785 -1.956488 -3.266135 12.26829 -1.811488 -3.399151 12.3368 -1.811488 -3.646103 12.42629 -1.531369 -4.688541 12.44067 -1.666488 -4.691084 12.49706 -1.415341 -3.681697 12.26465 -1.415341 -3.455055 12.18253 -1.326309 -2.713125 11.75669 -1.326309 -3.360594 12.02488 -1.270341 -2.468379 11.50907 -1.251251 -1.661301 10.707 -1.270341 -1.112554 9.753672 -2.352635 -1.112554 9.753672 -2.296668 -1.23058 9.68553 -2.371725 -0.9858966 9.826798 -2.352635 -0.8592401 9.899924 -1.326309 -1.23058 9.68553 -1.415341 -1.331931 9.627015 -1.531369 -1.4097 9.582115 -1.666488 -1.458588 9.55389 -1.811488 -1.475263 9.544262 -1.956488 -1.458588 9.55389 -2.091607 -1.4097 9.582115 -2.207635 -1.331931 9.627015 -2.296668 -1.461518 10.90678 -2.207635 -2.341722 11.72844 -2.091607 -2.634651 11.94614 -2.091607 -3.286388 12.2161 -1.956488 -3.405655 12.31885 -1.956488 -3.650244 12.40748 -1.811488 -4.691951 12.5163 -1.531369 -5.702591 12.26039 -1.666488 -5.719643 12.3142 -1.415341 -4.684498 12.35096 -1.326309 -3.494585 12.07344 -1.326309 -3.706865 12.15036 -1.270341 -2.764833 11.63186 -1.270341 -3.409489 11.89889 -1.251251 -2.541505 11.38241 -1.270341 -1.764716 10.60359 -2.352635 -1.764716 10.60359 -2.296668 -1.861084 10.50722 -2.371725 -1.661301 10.707 -2.352635 -1.557886 10.81042 -1.326309 -1.861084 10.50722 -1.415341 -1.943837 10.42446 -1.531369 -2.007335 10.36097 -1.666488 -2.047251 10.32105 -1.811488 -2.060867 10.30743 -1.956488 -2.047251 10.32105 -2.091607 -2.007335 10.36097 -2.207635 -1.943837 10.42446 -2.296668 -2.400237 11.62709 -2.207635 -2.668723 11.86389 -2.207635 -3.318606 12.13308 -2.091607 -3.424723 12.26623 -2.091607 -3.662384 12.35235 -1.956488 -4.691084 12.49706 -1.811488 -5.725458 12.33256 -1.531369 -6.635428 11.82379 -1.666488 -6.665827 11.87136 -1.415341 -5.675467 12.17478 -1.326309 -4.679228 12.23405 -1.270341 -3.540619 11.9464 -1.270341 -3.736174 12.01727 -1.251251 -2.820322 11.4979 -1.251251 -3.46196 11.76367 -1.270341 -2.614631 11.25575 -2.352635 -2.614631 11.25575 -2.296668 -2.682773 11.13772 -2.371725 -2.541505 11.38241 -2.352635 -2.468379 11.50907 -1.326309 -2.682773 11.13772 -1.415341 -2.741288 11.03637 -1.531369 -2.786188 10.9586 -1.666488 -2.814413 10.90971 -1.811488 -2.824041 10.89304 -1.956488 -2.814413 10.90971 -2.091607 -2.786188 10.9586 -2.207635 -2.741288 11.03637 -2.296668 -2.713125 11.75669 -2.296668 -3.360594 12.02488 -2.207635 -3.455055 12.18253 -2.207635 -3.681697 12.26465 -2.091607 -4.688541 12.44067 -1.956488 -5.719643 12.3142 -1.811488 -6.676194 11.88758 -1.531369 -7.42348 11.16064 -1.666488 -7.465155 11.19871 -1.415341 -6.587071 11.74812 -1.326309 -5.640118 12.06322 -1.270341 -4.673091 12.0979 -1.251251 -3.590019 11.81008 -1.251251 -3.767627 11.87444 -1.270341 -2.875811 11.36394 -1.270341 -3.514432 11.62846 -2.352635 -3.514432 11.62846 -2.296668 -2.927518 11.2391 -2.296668 -3.563327 11.50246 -2.352635 -2.875811 11.36394 -2.371725 -3.46196 11.76367 -2.371725 -2.820322 11.4979 -2.352635 -3.409489 11.89889 -2.352635 -2.764833 11.63186 -1.326309 -2.927518 11.2391 -1.326309 -3.563327 11.50246 -1.415341 -2.971921 11.1319 -1.415341 -3.605315 11.39427 -1.531369 -3.005992 11.04965 -1.531369 -3.637533 11.31124 -1.666488 -3.02741 10.99794 -1.666488 -3.657786 11.25905 -1.811488 -3.034715 10.9803 -1.811488 -3.664694 11.24125 -1.956488 -3.02741 10.99794 -1.956488 -3.657786 11.25905 -2.091607 -3.005992 11.04965 -2.091607 -3.637533 11.31124 -2.207635 -2.971921 11.1319 -2.207635 -3.605315 11.39427 -2.296668 -3.494585 12.07344 -2.296668 -3.706865 12.15036 -2.207635 -4.684498 12.35096 -2.091607 -5.702591 12.26039 -1.956488 -6.665827 11.87136 -1.811488 -7.479368 11.21171 -1.531369 -7.503309 11.04629 -1.666488 -8.063153 10.34211 -1.531369 -8.013044 10.31612 -1.666488 -7.5492 11.07832 -1.415341 -7.357186 11.10006 -1.326309 -6.524053 11.64951 -1.270341 -5.598953 11.9333 -1.251251 -4.666505 11.9518 -1.270341 -3.63942 11.67375 -1.270341 -3.79908 11.73161 -2.352635 -3.79908 11.73161 -2.296668 -3.685454 11.54672 -2.296668 -3.828389 11.59851 -2.352635 -3.63942 11.67375 -2.371725 -3.767627 11.87444 -2.371725 -3.590019 11.81008 -2.352635 -3.736174 12.01727 -2.352635 -3.540619 11.9464 -1.326309 -3.685454 11.54672 -1.326309 -3.828389 11.59851 -1.415341 -3.724984 11.43763 -1.415341 -3.853558 11.48422 -1.531369 -3.755316 11.35392 -1.531369 -3.87287 11.39652 -1.666488 -3.774384 11.3013 -1.666488 -3.885011 11.34139 -1.811488 -3.780888 11.28336 -1.811488 -3.889151 11.32259 -1.956488 -3.774384 11.3013 -1.956488 -3.885011 11.34139 -2.091607 -3.755316 11.35392 -2.091607 -3.87287 11.39652 -2.207635 -3.724984 11.43763 -2.207635 -3.853558 11.48422 -2.296668 -4.679228 12.23405 -2.207635 -5.675467 12.17478 -2.091607 -6.635428 11.82379 -1.956488 -7.465155 11.19871 -1.811488 -8.080245 10.35098 -1.811488 -7.564854 11.08925 -1.666488 -8.405129 9.398396 -1.531369 -8.351441 9.382277 -1.415341 -7.430306 10.99532 -1.415341 -7.933331 10.27476 -1.326309 -7.270792 11.02112 -1.270341 -6.450664 11.53467 -1.251251 -5.554777 11.79388 -1.270341 -4.659919 11.8057 -2.296668 -4.653782 11.66955 -2.352635 -4.659919 11.8057 -2.371725 -4.666505 11.9518 -2.352635 -4.673091 12.0979 -1.326309 -4.653782 11.66955 -1.415341 -4.648512 11.55264 -1.531369 -4.644468 11.46293 -1.666488 -4.641926 11.40654 -1.811488 -4.641059 11.3873 -1.956488 -4.641926 11.40654 -2.091607 -4.644468 11.46293 -2.207635 -4.648512 11.55264 -2.296668 -5.640118 12.06322 -2.207635 -6.587071 11.74812 -2.091607 -7.42348 11.16064 -1.956488 -7.5492 11.07832 -1.956488 -8.063153 10.34211 -1.811488 -8.423441 9.403894 -1.666488 -8.68841 8.218863 -1.531369 -8.63399 8.205793 -1.415341 -8.266036 9.356635 -1.326309 -7.829448 10.22087 -1.326309 -7.335167 10.92891 -1.270341 -7.170182 10.92919 -1.251251 -6.371909 11.41144 -1.270341 -5.510601 11.65446 -2.296668 -5.469436 11.52454 -2.352635 -5.510601 11.65446 -2.371725 -5.554777 11.79388 -2.352635 -5.598953 11.9333 -1.326309 -5.469436 11.52454 -1.415341 -5.434087 11.41298 -1.531369 -5.406962 11.32737 -1.666488 -5.389911 11.27356 -1.811488 -5.384095 11.2552 -1.956488 -5.389911 11.27356 -2.091607 -5.406962 11.32737 -2.207635 -5.434087 11.41298 -2.296668 -6.524053 11.64951 -2.207635 -7.357186 11.10006 -2.091607 -7.503309 11.04629 -2.091607 -8.013044 10.31612 -1.956488 -8.405129 9.398396 -1.811488 -8.706972 8.22332 -1.531369 -8.63399 8.205793 -1.666488 -9.442691 5.078168 -1.531369 -9.388271 5.065098 -1.666488 -8.68841 8.218863 -2.352635 -8.021234 8.05863 -2.352635 -8.303216 8.126353 -2.371725 -8.162225 8.092492 -2.296668 -7.889851 8.027077 -2.296668 -8.434598 8.157906 -2.207635 -7.777029 7.999981 -2.207635 -8.547419 8.185002 -2.091607 -7.690459 7.97919 -2.091607 -8.63399 8.205793 -1.956488 -8.68841 8.218863 -1.956488 -7.636039 7.96612 -1.811488 -7.617477 7.961663 -1.811488 -8.706972 8.22332 -1.666488 -7.636039 7.96612 -1.666488 -8.68841 8.218863 -1.531369 -7.690459 7.97919 -1.531369 -8.63399 8.205793 -1.415341 -8.547419 8.185002 -1.415341 -7.777029 7.999981 -1.326309 -7.889851 8.027077 -1.326309 -8.434598 8.157906 -1.270341 -8.021234 8.05863 -1.270341 -8.303216 8.126353 -1.251251 -8.162225 8.092492 -1.415341 -8.547419 8.185002 -1.326309 -8.154733 9.323217 -1.270341 -7.708473 10.15811 -1.270341 -7.224376 10.85156 -1.251251 -7.062216 10.83054 -1.270341 -6.293154 11.2882 -2.296668 -6.219766 11.17336 -2.352635 -6.293154 11.2882 -2.371725 -6.371909 11.41144 -2.352635 -6.450664 11.53467 -1.326309 -6.219766 11.17336 -1.415341 -6.156746 11.07475 -1.531369 -6.10839 10.99908 -1.666488 -6.077992 10.95151 -1.811488 -6.067623 10.93529 -1.956488 -6.077992 10.95151 -2.091607 -6.10839 10.99908 -2.207635 -6.156746 11.07475 -2.296668 -7.270792 11.02112 -2.207635 -7.430306 10.99532 -2.207635 -7.933331 10.27476 -2.091607 -8.351441 9.382277 -1.956488 -8.68841 8.218863 -1.811488 -9.461253 5.082626 -1.811488 -8.706972 8.22332 -1.415341 -8.547419 8.185002 -1.415341 -9.301701 5.044307 -2.352635 -8.775515 4.917936 -2.352635 -9.057497 4.985658 -2.371725 -8.916506 4.951797 -2.296668 -8.644133 4.886383 -2.321488 -8.916506 4.951797 -2.30411 -8.788158 4.920972 -2.253161 -8.668557 4.892248 -2.207635 -8.531311 4.859287 -2.172112 -8.565853 4.867583 -2.091607 -8.444741 4.838496 -2.066488 -8.487045 4.848656 -1.956488 -8.390321 4.825426 -1.943486 -8.437504 4.836758 -1.811488 -8.371759 4.820968 -1.811488 -8.420607 4.8327 -1.67949 -8.437504 4.836758 -1.666488 -8.390321 4.825426 -1.556488 -8.487045 4.848656 -1.531369 -8.444741 4.838496 -1.450863 -8.565853 4.867583 -1.415341 -8.531311 4.859287 -1.369815 -8.668557 4.892248 -1.326309 -8.644133 4.886383 -1.318866 -8.788158 4.920972 -1.270341 -8.775515 4.917936 -1.301488 -8.916506 4.951797 -2.296668 -9.188879 5.017211 -2.30411 -9.044854 4.982622 -2.253161 -9.164456 5.011346 -2.207635 -9.301701 5.044307 -2.172112 -9.267159 5.036011 -2.091607 -9.388271 5.065098 -2.066488 -9.345967 5.054938 -1.956488 -9.442691 5.078168 -1.943486 -9.395508 5.066836 -1.811488 -9.461253 5.082626 -1.811488 -9.412405 5.070894 -1.666488 -9.442691 5.078168 -1.67949 -9.395508 5.066836 -1.556488 -9.345967 5.054938 -1.531369 -9.388271 5.065098 -1.450863 -9.267159 5.036011 -1.415341 -9.301701 5.044307 -1.369815 -9.164456 5.011346 -1.326309 -9.188879 5.017211 -1.318866 -9.044854 4.982622 -1.270341 -9.057497 4.985658 -1.251251 -8.916506 4.951797 -2.296668 -7.617316 9.161864 -2.207635 -7.777029 7.999981 -2.296668 -7.889851 8.027077 -2.207635 -7.506014 9.128446 -2.091607 -7.420608 9.102804 -2.091607 -7.690459 7.97919 -1.956488 -7.36692 9.086686 -1.956488 -7.636039 7.96612 -1.811488 -7.348608 9.081187 -1.811488 -7.617477 7.961663 -1.666488 -7.636039 7.96612 -1.666488 -7.36692 9.086686 -1.531369 -7.690459 7.97919 -1.531369 -7.420608 9.102804 -1.415341 -7.777029 7.999981 -1.415341 -7.506014 9.128446 -1.326309 -7.617316 9.161864 -1.326309 -7.889851 8.027077 -1.270341 -7.74693 9.200779 -1.270341 -8.021234 8.05863 -1.251251 -7.886024 9.24254 -1.251251 -8.162225 8.092492 -1.270341 -8.025118 9.284302 -1.270341 -8.303216 8.126353 -1.326309 -8.434598 8.157906 -2.091607 -8.63399 8.205793 -2.207635 -8.266036 9.356635 -2.207635 -8.547419 8.185002 -2.296668 -8.434598 8.157906 -2.296668 -8.154733 9.323217 -2.352635 -8.303216 8.126353 -2.352635 -8.025118 9.284302 -2.371725 -8.162225 8.092492 -2.371725 -7.886024 9.24254 -2.352635 -8.021234 8.05863 -2.352635 -7.74693 9.200779 -1.251251 -7.578651 10.09077 -1.251251 -7.10548 10.76856 -1.270341 -6.954247 10.73188 -2.296668 -6.853639 10.63995 -2.352635 -6.954247 10.73188 -2.371725 -7.062216 10.83054 -2.352635 -7.170182 10.92919 -1.326309 -6.853639 10.63995 -1.415341 -6.767243 10.56101 -1.531369 -6.70095 10.50044 -1.666488 -6.659276 10.46236 -1.811488 -6.645061 10.44937 -1.956488 -6.659276 10.46236 -2.091607 -6.70095 10.50044 -2.207635 -6.767243 10.56101 -2.296668 -7.829448 10.22087 -2.296668 -7.335167 10.92891 -1.956488 -8.68841 8.218863 -1.956488 -9.442691 5.078168 -1.326309 -9.188879 5.017211 -1.326309 -8.434598 8.157906 -2.296668 -7.889851 8.027077 -2.207635 -8.531311 4.859287 -2.296668 -8.644133 4.886383 -2.207635 -7.777029 7.999981 -2.091607 -7.690459 7.97919 -2.091607 -8.444741 4.838496 -1.956488 -7.636039 7.96612 -1.956488 -8.390321 4.825426 -1.811488 -7.617477 7.961663 -1.811488 -8.371759 4.820968 -1.666488 -8.390321 4.825426 -1.666488 -7.636039 7.96612 -1.531369 -8.444741 4.838496 -1.531369 -7.690459 7.97919 -1.415341 -8.531311 4.859287 -1.415341 -7.777029 7.999981 -1.326309 -7.889851 8.027077 -1.326309 -8.644133 4.886383 -1.270341 -8.021234 8.05863 -1.270341 -8.775515 4.917936 -1.251251 -8.162225 8.092492 -1.251251 -8.916506 4.951797 -1.270341 -8.303216 8.126353 -1.270341 -9.057497 4.985658 -2.091607 -8.63399 8.205793 -2.091607 -9.388271 5.065098 -2.207635 -8.547419 8.185002 -2.207635 -9.301701 5.044307 -2.296668 -9.188879 5.017211 -2.296668 -8.434598 8.157906 -2.352635 -9.057497 4.985658 -2.352635 -8.303216 8.126353 -2.371725 -8.916506 4.951797 -2.371725 -8.162225 8.092492 -2.352635 -8.775515 4.917936 -2.352635 -8.021234 8.05863 -2.296668 -7.327855 9.960661 -2.207635 -7.223972 9.906769 -2.091607 -7.144259 9.865416 -1.956488 -7.094151 9.839421 -1.811488 -7.07706 9.830554 -1.666488 -7.094151 9.839421 -1.531369 -7.144259 9.865416 -1.415341 -7.223972 9.906769 -1.326309 -7.327855 9.960661 -1.270341 -7.44883 10.02342 -2.352635 -7.708473 10.15811 -2.371725 -7.578651 10.09077 -2.352635 -7.44883 10.02342 -1.270341 -6.986587 10.68556 -2.352635 -6.986587 10.68556 -2.296668 -6.875794 10.60822 -2.371725 -7.10548 10.76856 -2.352635 -7.224376 10.85156 -1.326309 -6.875794 10.60822 -1.415341 -6.780655 10.5418 -1.531369 -6.707653 10.49083 -1.666488 -6.66176 10.4588 -1.956488 -6.66176 10.4588 -2.091607 -6.707653 10.49083 -2.207635 -6.780655 10.5418 -1.811488 -6.646108 10.44787 -1.811485 0.7435032 1.201796 -1.66137 0.7237402 -4.798205 -1.811485 0.7435032 -4.798205 -1.66137 0.7237402 1.201796 -1.9616 0.7237402 1.201796 -1.9616 0.7237402 -4.798205 -2.371722 -0.566612 1.201796 -2.391485 0.1635031 1.201796 -2.391485 -0.4164969 1.201796 -2.371722 0.3136181 1.201796 -2.31378 -0.706497 1.201796 -2.31378 0.4535031 1.201796 -2.221607 -0.8266189 1.201796 -2.221607 0.5736252 1.201796 -2.101485 -0.9187918 1.201796 -2.101485 0.6657982 1.201796 -1.9616 -0.9767341 1.201796 -1.9616 0.7237402 1.201796 -1.811485 -0.996497 1.201796 -1.811485 0.7435032 1.201796 -1.66137 -0.9767341 1.201796 -1.66137 0.7237402 1.201796 -1.521485 -0.9187918 1.201796 -1.521485 0.6657982 1.201796 -1.401363 -0.8266189 1.201796 -1.401363 0.5736252 1.201796 -1.30919 -0.706497 1.201796 -1.30919 0.4535031 1.201796 -1.251248 -0.566612 1.201796 -1.251248 0.3136181 1.201796 -1.231485 -0.4164969 1.201796 -1.231485 0.1635031 1.201796 -1.521485 0.6657982 -4.798205 -1.521485 0.6657982 1.201796 -2.101485 0.6657982 1.201796 -2.101485 0.6657982 -4.798205 -1.811485 -0.996497 1.201796 -1.9616 -0.9767341 -4.798205 -1.811485 -0.996497 -4.798205 -1.9616 -0.9767341 1.201796 -1.66137 -0.9767341 1.201796 -1.66137 -0.9767341 -4.798205 -1.521485 -0.9187918 1.201796 -1.521485 -0.9187918 -4.798205 -1.401363 -0.8266189 1.201796 -1.401363 -0.8266189 -4.798205 -1.30919 -0.706497 -4.798205 -1.30919 -0.706497 1.201796 -1.251248 -0.566612 -4.798205 -1.251248 -0.566612 1.201796 -1.231485 -0.4164969 -4.798205 -1.231485 -0.4164969 1.201796 -1.231485 0.1635031 -4.798205 -1.231485 -0.4164969 1.201796 -1.231485 -0.4164969 -4.798205 -1.231485 0.1635031 1.201796 -1.251248 0.3136181 -4.798205 -1.231485 0.1635031 1.201796 -1.231485 0.1635031 -4.798205 -1.251248 0.3136181 1.201796 -1.30919 0.4535031 -4.798205 -1.30919 0.4535031 1.201796 -1.401363 0.5736252 -4.798205 -1.401363 0.5736252 1.201796 -2.221607 0.5736252 1.201796 -2.221607 0.5736252 -4.798205 -2.31378 0.4535031 -4.798205 -2.31378 0.4535031 1.201796 -2.371722 0.3136181 -4.798205 -2.371722 0.3136181 1.201796 -2.391485 0.1635031 -4.798205 -2.391485 0.1635031 1.201796 -2.391485 0.1635031 1.201796 -2.391485 -0.4164969 -4.798205 -2.391485 -0.4164969 1.201796 -2.391485 0.1635031 -4.798205 -2.391485 -0.4164969 1.201796 -2.371722 -0.566612 -4.798205 -2.371722 -0.566612 1.201796 -2.391485 -0.4164969 -4.798205 -2.31378 -0.706497 -4.798205 -2.31378 -0.706497 1.201796 -2.221607 -0.8266189 -4.798205 -2.221607 -0.8266189 1.201796 -2.101485 -0.9187918 1.201796 -2.101485 -0.9187918 -4.798205 4.632761 -10.12022 -11.1157 4.68638 -10.59452 -11.1157 4.834219 -9.857681 -11.1157 4.677344 -10.64729 -11.1157 4.671905 -10.70055 -11.1157 4.67009 -10.75406 -11.1157 4.698973 -10.54248 -11.1157 4.715064 -10.49142 -11.1157 4.718418 -10.48285 -11.1157 4.823103 -10.23012 -11.1157 4.82679 -10.22169 -11.1157 4.85152 -10.1742 -11.1157 5.096763 -9.656224 -11.1157 4.879412 -10.1285 -11.1157 4.910337 -10.0848 -11.1157 4.944154 -10.04329 -11.1157 4.980707 -10.00417 -11.1157 5.019827 -9.967616 -11.1157 5.061335 -9.933799 -11.1157 5.105039 -9.902874 -11.1157 5.402502 -9.529582 -11.1157 5.150739 -9.874982 -11.1157 5.198225 -9.850252 -11.1157 5.206656 -9.846565 -11.1157 5.553124 -10.44666 -11.1157 5.459387 -9.74188 -11.1157 5.638732 -10.4112 -11.1157 5.387742 -10.66219 -11.1157 5.423202 -10.57659 -11.1157 5.387742 -10.84593 -11.1157 5.423202 -10.93154 -11.1157 5.553124 -11.06146 -11.1157 6.038 -10.57659 -11.1157 6.07346 -10.66219 -11.1157 6.638099 -10.23012 -11.1157 6.07346 -10.84593 -11.1157 6.742784 -10.48285 -11.1157 4.50612 -11.08216 -11.1157 4.50612 -10.42596 -11.1157 4.462925 -10.75406 -11.1157 4.632761 -11.3879 -11.1157 4.671905 -10.80757 -11.1157 4.677344 -10.86083 -11.1157 4.68638 -10.9136 -11.1157 4.834219 -11.65044 -11.1157 4.698973 -10.96564 -11.1157 4.715064 -11.01671 -11.1157 4.718418 -11.02528 -11.1157 4.823103 -11.27801 -11.1157 4.82679 -11.28644 -11.1157 4.85152 -11.33392 -11.1157 5.096763 -11.8519 -11.1157 4.879412 -11.37962 -11.1157 4.910337 -11.42333 -11.1157 4.944154 -11.46484 -11.1157 4.980707 -11.50396 -11.1157 5.019827 -11.54051 -11.1157 5.061335 -11.57433 -11.1157 5.105039 -11.60525 -11.1157 5.402502 -11.97854 -11.1157 5.150739 -11.63314 -11.1157 5.198225 -11.65787 -11.1157 5.206656 -11.66156 -11.1157 5.459387 -11.76624 -11.1157 5.638732 -11.09692 -11.1157 5.82247 -10.4112 -11.1157 5.82247 -11.09692 -11.1157 5.908078 -11.06146 -11.1157 6.001815 -11.76624 -11.1157 6.254545 -11.66156 -11.1157 6.0587 -11.97854 -11.1157 6.364439 -11.8519 -11.1157 6.262977 -11.65787 -11.1157 6.310463 -11.63314 -11.1157 6.356163 -11.60525 -11.1157 6.399868 -11.57433 -11.1157 6.626983 -11.65044 -11.1157 6.441375 -11.54051 -11.1157 6.480496 -11.50396 -11.1157 6.517048 -11.46484 -11.1157 6.550865 -11.42333 -11.1157 6.58179 -11.37962 -11.1157 6.609682 -11.33392 -11.1157 6.634412 -11.28644 -11.1157 6.828441 -11.3879 -11.1157 6.638099 -11.27801 -11.1157 6.742784 -11.02528 -11.1157 6.746138 -11.01671 -11.1157 6.762229 -10.96564 -11.1157 6.774822 -10.9136 -11.1157 6.783858 -10.86083 -11.1157 6.789296 -10.80757 -11.1157 6.791112 -10.75406 -11.1157 5.908078 -10.44666 -11.1157 6.001815 -9.74188 -11.1157 6.254545 -9.846565 -11.1157 6.0587 -9.529582 -11.1157 6.364439 -9.656224 -11.1157 6.262977 -9.850252 -11.1157 6.310463 -9.874982 -11.1157 6.356163 -9.902874 -11.1157 6.399868 -9.933799 -11.1157 6.626983 -9.857681 -11.1157 6.441375 -9.967616 -11.1157 6.480496 -10.00417 -11.1157 6.517048 -10.04329 -11.1157 6.550865 -10.0848 -11.1157 6.58179 -10.1285 -11.1157 6.609682 -10.1742 -11.1157 6.634412 -10.22169 -11.1157 6.828441 -10.12022 -11.1157 6.746138 -10.49142 -11.1157 6.762229 -10.54248 -11.1157 6.774822 -10.59452 -11.1157 6.783858 -10.64729 -11.1157 6.789296 -10.70055 -11.1157 6.955082 -11.08216 -11.1157 6.955082 -10.42596 -11.1157 6.998277 -10.75406 -11.1157 6.038 -10.93154 -11.1157 5.730601 -12.02174 -11.1157 5.467957 -11.7696 -11.1157 5.519021 -11.78569 -11.1157 5.571059 -11.79828 -11.1157 5.62383 -11.80732 -11.1157 5.677092 -11.81276 -11.1157 5.730601 -11.81457 -11.1157 5.78411 -11.81276 -11.1157 5.837372 -11.80732 -11.1157 5.890143 -11.79828 -11.1157 5.942181 -11.78569 -11.1157 5.993245 -11.7696 -11.1157 5.730601 -9.486388 -11.1157 5.467957 -9.738526 -11.1157 5.519021 -9.722435 -11.1157 5.571059 -9.709842 -11.1157 5.62383 -9.700806 -11.1157 5.677092 -9.695368 -11.1157 5.730601 -9.693552 -11.1157 5.78411 -9.695368 -11.1157 5.837372 -9.700806 -11.1157 5.890143 -9.709842 -11.1157 5.942181 -9.722435 -11.1157 5.993245 -9.738526 -11.1157 5.423202 -10.93154 -11.1157 4.823103 -11.27801 -11.1157 5.387742 -10.84593 -11.1157 4.718418 -11.02528 -11.1157 6.001815 -9.74188 -11.1157 5.993245 -9.738526 -11.1157 6.0587 -9.529582 -11.1157 5.942181 -9.722435 -11.1157 5.890143 -9.709842 -11.1157 5.837372 -9.700806 -11.1157 5.78411 -9.695368 -11.1157 5.730601 -9.693552 -11.1157 5.730601 -9.486388 -11.1157 5.677092 -9.695368 -11.1157 5.62383 -9.700806 -11.1157 5.571059 -9.709842 -11.1157 5.519021 -9.722435 -11.1157 5.467957 -9.738526 -11.1157 5.459387 -9.74188 -11.1157 5.402502 -9.529582 -11.1157 6.001815 -11.76624 -11.1157 6.0587 -11.97854 -11.1157 5.993245 -11.7696 -11.1157 5.942181 -11.78569 -11.1157 5.890143 -11.79828 -11.1157 5.837372 -11.80732 -11.1157 5.78411 -11.81276 -11.1157 5.730601 -11.81457 -11.1157 5.730601 -12.02174 -11.1157 5.677092 -11.81276 -11.1157 5.62383 -11.80732 -11.1157 5.571059 -11.79828 -11.1157 5.519021 -11.78569 -11.1157 5.467957 -11.7696 -11.1157 5.459387 -11.76624 -11.1157 5.402502 -11.97854 -11.1157 6.742784 -11.02528 -11.1157 6.638099 -11.27801 -11.1157 6.07346 -10.84593 -11.1157 6.038 -10.93154 -11.1157 6.038 -10.57659 -11.1157 5.908078 -10.44666 -11.1157 5.908078 -11.06146 -11.1157 6.998277 -10.75406 -11.1157 6.955082 -11.08216 -11.1157 6.955082 -10.42596 -11.1157 6.828441 -10.12022 -11.1157 6.828441 -11.3879 -11.1157 6.791112 -10.75406 -11.1157 6.789296 -10.70055 -11.1157 6.783858 -10.64729 -11.1157 6.774822 -10.59452 -11.1157 6.762229 -10.54248 -11.1157 6.746138 -10.49142 -11.1157 6.742784 -10.48285 -11.1157 6.638099 -10.23012 -11.1157 6.634412 -10.22169 -11.1157 6.626983 -9.857681 -11.1157 6.609682 -10.1742 -11.1157 6.58179 -10.1285 -11.1157 6.550865 -10.0848 -11.1157 6.517048 -10.04329 -11.1157 6.480496 -10.00417 -11.1157 6.441375 -9.967616 -11.1157 6.399868 -9.933799 -11.1157 6.364439 -9.656224 -11.1157 6.356163 -9.902874 -11.1157 6.310463 -9.874982 -11.1157 6.262977 -9.850252 -11.1157 6.254545 -9.846565 -11.1157 5.82247 -10.4112 -11.1157 6.789296 -10.80757 -11.1157 6.783858 -10.86083 -11.1157 6.774822 -10.9136 -11.1157 6.762229 -10.96564 -11.1157 6.746138 -11.01671 -11.1157 6.634412 -11.28644 -11.1157 6.626983 -11.65044 -11.1157 6.609682 -11.33392 -11.1157 6.58179 -11.37962 -11.1157 6.550865 -11.42333 -11.1157 6.517048 -11.46484 -11.1157 6.480496 -11.50396 -11.1157 6.441375 -11.54051 -11.1157 6.399868 -11.57433 -11.1157 6.364439 -11.8519 -11.1157 6.356163 -11.60525 -11.1157 6.310463 -11.63314 -11.1157 6.262977 -11.65787 -11.1157 6.254545 -11.66156 -11.1157 5.82247 -11.09692 -11.1157 5.638732 -11.09692 -11.1157 5.638732 -10.4112 -11.1157 5.553124 -10.44666 -11.1157 5.553124 -11.06146 -11.1157 5.206656 -11.66156 -11.1157 5.198225 -11.65787 -11.1157 5.150739 -11.63314 -11.1157 5.105039 -11.60525 -11.1157 5.096763 -11.8519 -11.1157 5.061335 -11.57433 -11.1157 5.019827 -11.54051 -11.1157 4.980707 -11.50396 -11.1157 4.944154 -11.46484 -11.1157 4.910337 -11.42333 -11.1157 4.879412 -11.37962 -11.1157 4.85152 -11.33392 -11.1157 4.834219 -11.65044 -11.1157 4.82679 -11.28644 -11.1157 4.715064 -11.01671 -11.1157 4.698973 -10.96564 -11.1157 4.68638 -10.9136 -11.1157 4.67009 -10.75406 -11.1157 4.671905 -10.80757 -11.1157 4.632761 -10.12022 -11.1157 4.632761 -11.3879 -11.1157 4.677344 -10.86083 -11.1157 4.50612 -10.42596 -11.1157 4.50612 -11.08216 -11.1157 4.462925 -10.75406 -11.1157 6.07346 -10.66219 -11.1157 5.423202 -10.57659 -11.1157 5.387742 -10.66219 -11.1157 4.823103 -10.23012 -11.1157 4.718418 -10.48285 -11.1157 5.206656 -9.846565 -11.1157 5.198225 -9.850252 -11.1157 5.150739 -9.874982 -11.1157 5.105039 -9.902874 -11.1157 5.096763 -9.656224 -11.1157 5.061335 -9.933799 -11.1157 5.019827 -9.967616 -11.1157 4.980707 -10.00417 -11.1157 4.944154 -10.04329 -11.1157 4.910337 -10.0848 -11.1157 4.879412 -10.1285 -11.1157 4.85152 -10.1742 -11.1157 4.834219 -9.857681 -11.1157 4.82679 -10.22169 -11.1157 4.715064 -10.49142 -11.1157 4.698973 -10.54248 -11.1157 4.68638 -10.59452 -11.1157 4.671905 -10.70055 -11.1157 4.677344 -10.64729 -11.1157 6.828441 -11.3879 -10.9907 6.626983 -11.65044 -11.1157 6.626983 -11.65044 -10.9907 6.828441 -11.3879 -11.1157 6.828441 -11.3879 -11.1157 6.828441 -11.3879 -10.9907 6.626983 -11.65044 -11.1157 6.626983 -11.65044 -10.9907 6.955082 -11.08216 -10.9907 6.955082 -11.08216 -11.1157 6.955082 -11.08216 -11.1157 6.955082 -11.08216 -10.9907 6.998277 -10.75406 -10.9907 6.998277 -10.75406 -11.1157 6.998277 -10.75406 -11.1157 6.998277 -10.75406 -10.9907 6.955082 -10.42596 -10.9907 6.955082 -10.42596 -11.1157 6.955082 -10.42596 -11.1157 6.955082 -10.42596 -10.9907 6.828441 -10.12022 -10.9907 6.828441 -10.12022 -11.1157 6.828441 -10.12022 -11.1157 6.828441 -10.12022 -10.9907 6.626983 -9.857681 -10.9907 6.626983 -9.857681 -11.1157 6.626983 -9.857681 -11.1157 6.626983 -9.857681 -10.9907 6.364439 -9.656224 -11.1157 6.364439 -9.656224 -10.9907 6.364439 -9.656224 -10.9907 6.364439 -9.656224 -11.1157 6.0587 -9.529582 -11.1157 6.0587 -9.529582 -10.9907 6.0587 -9.529582 -10.9907 6.0587 -9.529582 -11.1157 5.730601 -9.486388 -11.1157 5.730601 -9.486388 -10.9907 5.730601 -9.486388 -10.9907 5.730601 -9.486388 -11.1157 5.402502 -9.529582 -11.1157 5.402502 -9.529582 -10.9907 5.402502 -9.529582 -10.9907 5.402502 -9.529582 -11.1157 5.096763 -9.656224 -11.1157 5.096763 -9.656224 -10.9907 5.096763 -9.656224 -10.9907 5.096763 -9.656224 -11.1157 4.834219 -9.857681 -11.1157 4.834219 -9.857681 -10.9907 4.834219 -9.857681 -10.9907 4.834219 -9.857681 -11.1157 4.632761 -10.12022 -10.9907 4.632761 -10.12022 -11.1157 4.632761 -10.12022 -10.9907 4.632761 -10.12022 -11.1157 4.50612 -10.42596 -10.9907 4.50612 -10.42596 -11.1157 4.50612 -10.42596 -10.9907 4.50612 -10.42596 -11.1157 4.462925 -10.75406 -10.9907 4.462925 -10.75406 -11.1157 4.462925 -10.75406 -10.9907 4.462925 -10.75406 -11.1157 4.50612 -11.08216 -10.9907 4.50612 -11.08216 -11.1157 4.50612 -11.08216 -10.9907 4.50612 -11.08216 -11.1157 4.632761 -11.3879 -10.9907 4.632761 -11.3879 -11.1157 4.632761 -11.3879 -10.9907 4.632761 -11.3879 -11.1157 4.834219 -11.65044 -10.9907 4.834219 -11.65044 -11.1157 4.834219 -11.65044 -10.9907 4.834219 -11.65044 -11.1157 5.096763 -11.8519 -11.1157 5.096763 -11.8519 -10.9907 5.096763 -11.8519 -10.9907 5.096763 -11.8519 -11.1157 5.402502 -11.97854 -11.1157 5.402502 -11.97854 -10.9907 5.402502 -11.97854 -10.9907 5.402502 -11.97854 -11.1157 5.730601 -12.02174 -11.1157 5.730601 -12.02174 -10.9907 5.730601 -12.02174 -10.9907 5.730601 -12.02174 -11.1157 6.0587 -11.97854 -11.1157 6.0587 -11.97854 -10.9907 6.0587 -11.97854 -10.9907 6.0587 -11.97854 -11.1157 6.364439 -11.8519 -11.1157 6.364439 -11.8519 -10.9907 6.364439 -11.8519 -10.9907 6.364439 -11.8519 -11.1157 -11.01246 -11.1423 -10.9907 -11.01246 -10.36584 -10.9907 -11.06357 -10.75407 -10.9907 -10.86261 -11.50407 -10.9907 -10.86261 -10.00407 -10.9907 -10.83125 -10.75407 -10.9907 -10.78806 -11.08217 -10.9907 -10.62423 -11.81473 -10.9907 -10.66141 -11.38791 -10.9907 -10.45996 -11.65045 -10.9907 -10.31357 -12.05311 -10.9907 -10.19741 -11.85191 -10.9907 -9.951805 -12.20296 -10.9907 -9.891674 -11.97855 -10.9907 -9.563575 -12.25407 -10.9907 -9.563575 -12.02175 -10.9907 -9.175347 -12.20296 -10.9907 -9.235477 -11.97855 -10.9907 -8.929738 -11.85191 -10.9907 -8.813575 -12.05311 -10.9907 -8.667194 -11.65045 -10.9907 -8.502916 -11.81473 -10.9907 -8.465736 -11.38791 -10.9907 -8.264538 -11.50407 -10.9907 -8.339095 -11.08217 -10.9907 -8.2959 -10.75407 -10.9907 -10.78806 -10.42597 -10.9907 -10.62423 -9.69341 -10.9907 -10.66141 -10.12023 -10.9907 -10.45996 -9.857688 -10.9907 -10.31357 -9.455033 -10.9907 -10.19741 -9.65623 -10.9907 -9.951805 -9.305182 -10.9907 -9.891674 -9.529589 -10.9907 -9.563575 -9.254071 -10.9907 -9.563575 -9.486394 -10.9907 -9.235477 -9.529589 -10.9907 -9.175347 -9.305182 -10.9907 -8.929738 -9.65623 -10.9907 -8.813575 -9.455033 -10.9907 -8.667194 -9.857688 -10.9907 -8.502916 -9.69341 -10.9907 -8.465736 -10.12023 -10.9907 -8.264538 -10.00407 -10.9907 -8.339095 -10.42597 -10.9907 -8.114686 -11.1423 -10.9907 -8.114686 -10.36584 -10.9907 -8.063576 -10.75407 -10.9907 -8.063576 -10.75407 -10.9907 -8.114686 -11.1423 -10.9907 -8.114686 -10.36584 -10.9907 -8.264538 -10.00407 -10.9907 -8.264538 -11.50407 -10.9907 -8.2959 -10.75407 -10.9907 -8.339095 -10.42597 -10.9907 -8.465736 -10.12023 -10.9907 -8.502916 -9.69341 -10.9907 -8.667194 -9.857688 -10.9907 -8.813575 -9.455033 -10.9907 -8.929738 -9.65623 -10.9907 -9.175347 -9.305182 -10.9907 -9.235477 -9.529589 -10.9907 -9.563575 -9.254071 -10.9907 -9.563575 -9.486394 -10.9907 -9.891674 -9.529589 -10.9907 -9.951805 -9.305182 -10.9907 -10.19741 -9.65623 -10.9907 -10.31357 -9.455033 -10.9907 -10.45996 -9.857688 -10.9907 -10.62423 -9.69341 -10.9907 -10.66141 -10.12023 -10.9907 -10.78806 -10.42597 -10.9907 -10.83125 -10.75407 -10.9907 -10.86261 -10.00407 -10.9907 -8.339095 -11.08217 -10.9907 -8.465736 -11.38791 -10.9907 -8.502916 -11.81473 -10.9907 -8.667194 -11.65045 -10.9907 -8.813575 -12.05311 -10.9907 -8.929738 -11.85191 -10.9907 -9.175347 -12.20296 -10.9907 -9.235477 -11.97855 -10.9907 -9.563575 -12.02175 -10.9907 -9.563575 -12.25407 -10.9907 -9.891674 -11.97855 -10.9907 -9.951805 -12.20296 -10.9907 -10.19741 -11.85191 -10.9907 -10.31357 -12.05311 -10.9907 -10.45996 -11.65045 -10.9907 -10.62423 -11.81473 -10.9907 -10.66141 -11.38791 -10.9907 -10.78806 -11.08217 -10.9907 -10.86261 -11.50407 -10.9907 -11.01246 -10.36584 -10.9907 -11.01246 -11.1423 -10.9907 -11.06357 -10.75407 -10.9907</float_array>
          <technique_common>
            <accessor source="#ID2786_003-mesh-positions-array" count="3064" stride="3">
              <param name="X" type="float"/>
              <param name="Y" type="float"/>
              <param name="Z" type="float"/>
            </accessor>
          </technique_common>
        </source>
        <source id="ID2786_003-mesh-normals">
          <float_array id="ID2786_003-mesh-normals-array" count="6672">0 -0.6087652 -0.7933505 0 -0.7071124 -0.7071012 0 -0.6087654 -0.7933503 0 -0.7071103 -0.7071033 0 -0.4999997 -0.8660256 0 -0.7071063 -0.7071073 0 -0.5000007 -0.8660252 0 -0.7071105 -0.7071031 -1 0 0 -1 0 0 -1 1.9433e-6 0 -1 -1.86104e-6 0 1 0 0 1 0 0 1 2.33063e-7 0 1 0 0 1 0 0 1 8.39692e-7 0 1 -1.26514e-7 0 1 -2.73276e-7 0 1 0 0 1 0 0 1 1.65008e-7 0 0 -0.8660237 -0.5000032 0 -0.8660272 -0.499997 0 -0.2588185 -0.9659261 0 -0.2588194 -0.9659258 1 0 0 1 0 0 1 0 0 1 0 0 1 0 0 1 0 0 1 0 0 1 -1.74795e-7 0 0 -0.8660261 -0.4999989 0 -0.8660247 -0.5000013 -1 -1.39838e-6 0 -1 -1.03598e-6 0 -1 7.78873e-7 0 -1 -8.91778e-7 0 -1 6.49631e-7 0 -1 -7.42161e-7 0 -1 7.19671e-7 0 -1 0 0 -1 1.67208e-7 0 -1 -1.0385e-6 0 -1 3.17975e-7 0 -1 1.65756e-6 0 -1 -8.79056e-7 0 -1 1.86448e-6 0 -1 -9.00477e-7 0 0 1 0 0 1 0 0 1 0 0 1 0 0 1 -1.9991e-7 0 1 9.32781e-7 0 1 0 0 1 -1.54491e-6 0 1 0 0 1 2.93287e-6 0 1 -1.9479e-6 0 0.8542096 0.5199291 0 0.8542095 0.519929 0 -0.965925 -0.2588226 0 -0.9659268 -0.2588157 0 -0.991445 -0.1305263 0 -1 0 0 -1 -2.3902e-7 0 -1 0 0 -1 0 0 -1 0 0 -1 0 0 -1 0 0 -1 0 0 -1 0 0 -1 0 0 -1 -1.28913e-7 0 -1 0 0 -1 -1.53177e-7 0 -1 1.38446e-6 0 -1 -4.26874e-7 0 -1 -2.18148e-7 0 -1 -2.72327e-7 0 -1 3.08951e-7 0 -1 3.142e-7 0 -1 7.93653e-7 0 -1 5.03389e-7 0 -1 6.28473e-7 0 -1 5.19441e-6 -0.9659289 0 0.2588077 -0.9914469 0 0.1305112 -0.9659286 0 0.258809 0 0.7071063 0.7071073 -2.75827e-5 0.4794123 -0.8775898 0 0.8660243 0.500002 0 0.7933522 0.608763 0 0.7071065 0.7071071 1 -2.51707e-7 0 1 0 0 1 0 0 1 0 0 1 0 0 1 0 0 1 0 0 1 0 0 0 0.5000014 0.8660246 0 0.5000026 0.866024 0 0.2588193 0.9659258 0 0.2588202 0.9659255 0 -3.8273e-7 1 0 5.16686e-7 1 0 -0.2588203 0.9659255 0 -0.2588195 0.9659258 0 -0.500002 0.8660243 0 -0.5000012 0.8660249 0 -0.7071063 0.7071073 0 -0.7071063 0.7071073 0 -0.8660253 0.5000001 0 -0.866025 0.5000008 0 -0.9659259 0.2588186 0 -0.9659261 0.258818 0 -0.9990384 0.04384309 0 -0.9914449 0.1305263 0 -1 -3.92299e-7 0 5.07118e-7 -1 0 -4.01867e-7 -1 0 0.9659256 0.2588198 0 0.9659258 0.2588196 0 0.923878 0.3826872 0 0.2588194 -0.9659258 0 0.2588183 -0.9659261 0 0.5000012 -0.8660249 0 0.5000001 -0.8660255 0 0.7071078 -0.7071058 0 0.7071072 -0.7071064 0 0.8660244 -0.5000017 0 0.8660247 -0.5000014 0 0.9659256 -0.25882 0 0.9659257 -0.2588198 0 1 0 0 1 0 0 -0.9659261 -0.2588179 0 -0.9659255 -0.2588203 0.9995449 0 -0.03016793 0.9981796 0 -0.06031203 0.9995449 0 -0.03016793 0.9981796 0 -0.06031256 -0.8660278 0 0.4999958 -0.8660271 0 0.499997 -0.7070914 0 0.7071222 -0.7070915 0 0.7071222 -0.4999848 0 0.8660342 -0.4999836 0 0.8660349 -0.2588334 0 0.965922 -0.258832 0 0.9659224 -0.1305459 0 0.9914423 -0.1305459 0 0.9914423 0 0 1 0.2588258 0 0.9659241 0.1305507 0 0.9914417 0.1305506 0 0.9914417 0.2588272 0 0.9659237 0.4999857 0 0.8660337 0.499987 0 0.866033 0.7071018 0 0.7071117 0.8660294 0 0.4999933 0.9659228 0 0.2588301 0.9659229 0 0.2588302 0.991441 0 0.1305561 0.991441 0 0.1305561 0.9659222 0 -0.2588329 0.991441 0 -0.1305561 0.9659218 0 -0.2588342 0.991441 0 -0.1305561 0.8660304 0 -0.4999914 0.8660303 0 -0.4999915 0.7071164 0 -0.7070972 0.7071156 0 -0.707098 0.6087666 0 -0.7933495 0.6087667 0 -0.7933494 0.7876262 0 -0.6161535 0.7686784 0 -0.6396356 0.7686783 0 -0.6396356 0.7876262 0 -0.6161535 0.8233544 0 -0.5675276 0.8233548 0 -0.5675271 0.856086 0 -0.5168334 0.8856997 0 -0.4642586 0.8856997 0 -0.4642586 0.9120866 0 -0.4099977 0.9120869 0 -0.4099973 0.935155 0 -0.3542388 0.935155 0 -0.3542389 0.9548183 0 -0.2971901 0.9548183 0 -0.2971902 0.9710041 0 -0.2390633 0.9710041 0 -0.2390633 0.9836555 0 -0.180061 0.9836555 0 -0.1800611 0.9927248 0 -0.1204058 0.9927249 0 -0.1204053 0.09555315 0.02515846 0.9951064 0.0964154 -0.006085097 0.9953227 0.09636968 0.006085276 0.9953271 0.09557062 -0.025159 0.9951047 0.08485889 0.04867815 0.9952032 0.08486354 -0.0486778 0.9952028 0.06888508 0.0687645 0.995252 0.06887847 -0.06876409 0.9952524 0.04858654 0.08438581 0.9952479 0.04857933 -0.08438575 0.9952483 0.02506005 -0.09470337 0.9951902 0.02506113 0.09470206 0.9951903 0.006060063 0.09530895 0.9954293 0.006058454 -0.09530425 0.9954298 3.11974e-7 0 1 -0.006059646 0.09531074 0.9954292 1.28745e-6 0 1 1.37743e-5 0 1 -9.83214e-7 0 1 -2.60823e-6 0 1 2.53567e-6 0 1 0 0 1 -0.006058394 -0.09530735 0.9954295 -0.02505958 -0.09470361 0.9951902 -0.02505922 0.09470224 0.9951903 -0.04858195 -0.08438581 0.9952481 -0.04858767 0.08438593 0.9952479 -0.06887722 -0.068762 0.9952526 -0.06888353 0.068762 0.9952523 -0.08485794 0.04867786 0.9952034 -0.08486187 -0.04867756 0.995203 -0.09557116 -0.02515882 0.9951046 -0.09555363 0.02515834 0.9951064 -0.09641253 -0.006085515 0.995323 -0.09635907 0.006085634 0.9953281 5.62677e-7 0 1 1.75905e-5 0 1 -2.42057e-6 0 1 1.3856e-6 0 1 -7.6627e-7 0 1 -2.86794e-7 0 1 -5.15111e-7 0 1 1.02762e-6 0 1 3.59708e-6 0 1 0.08972829 -0.1550796 0.9838187 0.1265468 -0.1267203 0.9838333 0.1556643 -0.09033483 0.9836708 0.1753871 -0.04763942 0.9833463 0.184208 -0.01246166 0.9828084 0.1842051 0.0124619 0.9828089 0.1753873 0.04763907 0.9833462 0.155665 0.09033441 0.9836707 0.126546 0.1267204 0.9838334 0.08972942 0.1550782 0.9838188 0.04706597 0.1739541 0.9836285 0.0122621 0.182215 0.9831823 -0.01226085 0.1822167 0.983182 -0.04706436 0.173955 0.9836283 -0.08972984 0.1550778 0.9838188 -0.1265453 0.1267176 0.9838338 -0.1556654 0.09033226 0.9836709 -0.175386 0.04763984 0.9833464 -0.1842009 0.01246511 0.9828096 -0.1842018 -0.0124647 0.9828095 -0.175386 -0.04764038 0.9833464 -0.1556652 -0.09033304 0.9836709 -0.1265461 -0.1267176 0.9838337 -0.08972978 -0.1550785 0.9838188 -0.04706627 -0.1739568 0.9836279 -0.01226013 -0.1822147 0.9831824 0.01226031 -0.1822149 0.9831823 0.04706549 -0.1739565 0.983628 0.3414042 -0.3404551 0.8760899 0.2418773 -0.4174336 0.875925 0.3405299 -0.3413048 0.8760995 0.2404292 -0.4183055 0.8759078 0.4218601 -0.2409806 0.8740496 0.4196884 -0.2443961 0.8741466 0.4773963 -0.124125 0.8698769 0.4752426 -0.1303915 0.8701395 0.5019391 -0.03076267 0.8643559 0.5013352 -0.03477692 0.8645541 0.5019395 0.03076338 0.8643556 0.5013336 0.03477537 0.8645551 0.4752382 0.130393 0.8701417 0.4773981 0.1241242 0.8698761 0.4196877 0.2443968 0.8741467 0.4218602 0.240979 0.8740498 0.3405327 0.3413068 0.8760978 0.3414025 0.3404564 0.8760901 0.2418744 0.4174339 0.8759257 0.2404284 0.4183068 0.8759074 0.1278727 0.4694809 0.873634 0.1235913 0.4708531 0.8735117 0.03379446 0.4930405 0.8693498 0.03069484 0.4934501 0.8692324 -0.03379529 0.4930438 0.8693479 -0.0306943 0.4934522 0.8692312 -0.1235938 0.4708536 0.8735111 -0.1278719 0.4694827 0.8736332 -0.2404279 0.418307 0.8759074 -0.2418714 0.4174333 0.8759267 -0.3414052 0.3404511 0.876091 -0.3405312 0.3413028 0.8760999 -0.421859 0.240973 0.8740521 -0.4196823 0.2443919 0.8741507 -0.4773892 0.1241317 0.8698798 -0.4752322 0.1303937 0.8701447 -0.5019407 0.03076744 0.8643547 -0.5013378 0.03477513 0.8645526 -0.5019352 -0.03076714 0.8643578 -0.5013357 -0.03477609 0.8645536 -0.4752355 -0.130392 0.8701432 -0.4773854 -0.1241323 0.8698819 -0.419683 -0.2443912 0.8741505 -0.4218592 -0.2409746 0.8740515 -0.3405293 -0.341302 0.8761009 -0.3414075 -0.3404505 0.8760905 -0.2418757 -0.4174354 0.8759245 -0.2404288 -0.4183068 0.8759072 -0.1278724 -0.4694825 0.8736331 -0.1235906 -0.4708517 0.8735125 -0.03379583 -0.4930434 0.8693481 -0.03069674 -0.4934528 0.8692307 0.03069835 -0.4934533 0.8692305 0.03379642 -0.4930431 0.8693482 0.1235904 -0.4708509 0.8735129 0.1278746 -0.4694802 0.873634 0.5124059 -0.5106354 0.6904286 0.3632003 -0.6261247 0.6899663 0.5107479 -0.5122507 0.6904607 0.3604353 -0.6277877 0.6899051 0.63342 -0.3608554 0.6845163 0.6292515 -0.3674038 0.6848774 0.7126435 -0.1970322 0.6732887 0.7168201 -0.1848825 0.6723001 0.7506728 -0.05301421 0.6585437 0.7518528 -0.04514378 0.6577839 0.7518525 0.04514276 0.6577843 0.750673 0.05301272 0.6585437 0.7168218 0.1848848 0.6722977 0.7126437 0.1970338 0.673288 0.6334195 0.3608567 0.6845161 0.6292484 0.3674039 0.6848801 0.510744 0.5122498 0.6904641 0.5124059 0.5106334 0.6904301 0.3631973 0.6261262 0.6899664 0.3604351 0.6277886 0.6899045 0.1927598 0.7041463 0.6833899 0.1845511 0.7067733 0.682944 0.04529625 0.7390773 0.672096 0.05128681 0.7382868 0.6725342 -0.05128806 0.7382825 0.6725389 -0.04529589 0.7390713 0.6721026 -0.1845422 0.7067732 0.6829465 -0.192759 0.7041456 0.6833907 -0.3604316 0.6277893 0.6899057 -0.3631977 0.6261251 0.6899672 -0.5124081 0.5106334 0.6904286 -0.5107496 0.5122479 0.6904613 -0.6334287 0.3608576 0.6845071 -0.6292598 0.3674047 0.6848693 -0.7126495 0.1970427 0.6732792 -0.716826 0.1848902 0.6722918 -0.750674 0.05301666 0.6585422 -0.7518518 0.04514306 0.657785 -0.750675 -0.05301803 0.658541 -0.7518532 -0.04514396 0.6577832 -0.7168257 -0.1848877 0.6722928 -0.7126505 -0.1970412 0.6732787 -0.6334283 -0.360856 0.6845082 -0.6292619 -0.3674045 0.6848675 -0.5107535 -0.5122494 0.6904576 -0.5124075 -0.5106351 0.6904277 -0.3632003 -0.6261241 0.6899668 -0.3604307 -0.6277872 0.689908 -0.1927584 -0.7041414 0.6833953 -0.1845448 -0.7067691 0.68295 -0.04529434 -0.7390705 0.6721037 -0.05128443 -0.7382801 0.6725417 0.04529362 -0.7390711 0.672103 0.05128729 -0.738281 0.6725407 0.1845484 -0.706771 0.6829471 0.1927626 -0.7041426 0.6833929 0.4709982 -0.8162904 0.334411 0.6421931 -0.6397703 0.4222346 0.4513977 -0.7866023 0.421304 0.6662827 -0.666021 0.3353857 0.8194878 -0.472443 0.3244032 0.7920621 -0.4506902 0.4117233 0.9211086 -0.2458494 0.3018559 0.8917813 -0.2291867 0.390128 0.9584288 -0.06244957 0.2784139 0.9286201 -0.05516141 0.3669087 0.9286199 0.05516111 0.3669094 0.9584288 0.06244903 0.2784144 0.8917806 0.2291871 0.390129 0.921108 0.2458521 0.3018558 0.7920633 0.4506888 0.4117224 0.8194885 0.4724423 0.3244028 0.6421957 0.6397695 0.4222319 0.6662815 0.6660217 0.3353867 0.4514019 0.7866029 0.4212983 0.4709944 0.8162931 0.3344099 0.2300469 0.8830834 0.4089525 0.2444366 0.9148139 0.3215066 0.05584591 0.9183189 0.3918824 0.06198388 0.9503853 0.3048374 -0.0619874 0.950384 0.3048409 -0.05584281 0.9183146 0.3918928 -0.2300423 0.8830856 0.4089505 -0.2444406 0.9148139 0.3215032 -0.4513981 0.7866116 0.4212861 -0.470991 0.8162969 0.3344053 -0.6421982 0.6397693 0.4222285 -0.6662837 0.6660201 0.3353852 -0.8194913 0.4724377 0.3244022 -0.7920665 0.4506834 0.4117221 -0.9211083 0.245851 0.3018558 -0.8917814 0.2291917 0.3901244 -0.9584308 0.06244987 0.2784072 -0.9286267 0.05517041 0.3668909 -0.9584309 -0.06245046 0.2784067 -0.9286269 -0.05517071 0.3668903 -0.891782 -0.229191 0.3901237 -0.921109 -0.2458482 0.3018559 -0.7920655 -0.4506844 0.411723 -0.8194908 -0.4724381 0.324403 -0.642202 -0.6397621 0.4222335 -0.6662839 -0.6660196 0.335386 -0.4514079 -0.7866008 0.421296 -0.4709932 -0.8162952 0.3344064 -0.2300485 -0.883084 0.4089503 -0.2444328 -0.9148164 0.321502 -0.05584174 -0.9183215 0.391877 -0.06198054 -0.9503874 0.3048316 0.05584502 -0.9183226 0.3918736 0.06198149 -0.9503867 0.3048337 0.2300388 -0.883086 0.4089516 0.2444348 -0.9148144 0.3215062 0.4862474 -0.8374484 0.2494871 0.6833468 -0.6857734 0.2505036 0.8380296 -0.4904491 0.2390945 0.9407064 -0.2618381 0.215667 0.9793248 -0.07010197 0.1897597 0.9793249 0.0701009 0.1897597 0.9407055 0.2618409 0.2156678 0.8380284 0.4904512 0.2390944 0.6833488 0.6857717 0.250503 0.4862478 0.8374481 0.2494872 0.2576382 0.936957 0.2360814 0.06833392 0.9736583 0.2175316 -0.06833463 0.9736581 0.2175323 -0.2576417 0.9369556 0.2360826 -0.4862497 0.8374471 0.2494869 -0.6833487 0.685772 0.2505021 -0.838029 0.4904499 0.2390947 -0.9407055 0.2618408 0.215668 -0.9793248 0.07010173 0.1897597 -0.9793247 -0.07010287 0.1897596 -0.9407065 -0.2618379 0.215667 -0.8380304 -0.4904479 0.2390939 -0.6833466 -0.6857742 0.250502 -0.48625 -0.8374471 0.2494862 -0.257641 -0.936956 0.2360818 -0.06833052 -0.9736586 0.2175315 0.06833028 -0.9736587 0.2175313 0.2576376 -0.9369571 0.2360813 0.5520009 -0.7193959 0.4216214 0.5520336 -0.719405 0.4215632 0.7211092 -0.553321 0.4169384 0.7211158 -0.5533289 0.4169163 0.8462319 -0.3505215 0.401281 0.8462288 -0.3505133 0.4012945 0.919043 -0.1209912 0.3751282 0.9190586 -0.1209993 0.375087 0.9334336 0 0.3587502 0.9334324 0 0.3587538 0.9190595 0.1209992 0.3750852 0.9190472 0.1209915 0.3751179 0.846223 0.3505083 0.4013111 0.846234 0.3505266 0.401272 0.72111 0.5533223 0.4169352 0.7210869 0.5533052 0.4169979 0.5520019 0.7193915 0.4216276 0.5520226 0.7194132 0.4215636 0.3481452 0.8405134 0.415129 0.3481455 0.8404818 0.4151929 0.1197546 0.9096323 0.3977789 0.1197591 0.9096562 0.3977229 0 0.9227375 0.3854291 0 0.9227285 0.3854507 -0.1197553 0.9096381 0.3977655 -0.1197589 0.909657 0.3977212 -0.3481545 0.8405214 0.4151051 -0.3481401 0.8404873 0.4151864 -0.552004 0.7193909 0.4216258 -0.5520157 0.7193893 0.4216133 -0.7211084 0.5533198 0.4169413 -0.7210862 0.5533081 0.4169953 -0.8462149 0.3505225 0.4013161 -0.8462045 0.3505119 0.4013469 -0.919022 0.1209921 0.3751794 -0.9190155 0.1209883 0.3751964 -0.9334025 0 0.3588309 -0.9334012 0 0.3588346 -0.9190114 -0.1209877 0.3752069 -0.9190217 -0.1209924 0.3751801 -0.8461986 -0.350505 0.4013655 -0.84622 -0.35053 0.4012986 -0.7211065 -0.5533238 0.4169394 -0.7211186 -0.5533269 0.4169143 -0.5520182 -0.7194151 0.421566 -0.5520097 -0.719359 0.4216731 -0.3481432 -0.8404793 0.4152001 -0.3481437 -0.8405315 0.4150938 -0.1197527 -0.9096723 0.3976879 -0.1197682 -0.9096282 0.3977839 0 -0.9227083 0.3854988 0 -0.9227088 0.385498 0.1197464 -0.9096283 0.3977904 0.1197732 -0.9096642 0.3977001 0.348151 -0.8405115 0.4151281 0.3481378 -0.8404998 0.4151628 0.4414094 -0.5752409 0.6886624 0.4414029 -0.5752391 0.6886679 0.5772171 -0.4429237 0.6860314 0.5772345 -0.4429282 0.6860139 0.6798786 -0.2816118 0.6770967 0.6798866 -0.2816134 0.677088 0.7430378 -0.09782689 0.6620611 0.7430202 -0.09781634 0.6620823 0.7576894 0 0.6526154 0.7576867 0 0.6526185 0.7430198 0.09781599 0.6620828 0.7430388 0.09782642 0.66206 0.6798954 0.2816196 0.6770766 0.6798687 0.2816088 0.6771079 0.5772408 0.442931 0.6860069 0.5772328 0.442927 0.6860161 0.4413998 0.5752439 0.6886659 0.441394 0.57525 0.6886646 0.2788051 0.6730847 0.6849999 0.2788165 0.6731128 0.6849676 0.09629875 0.7314754 0.6750336 0.09629696 0.7314652 0.6750448 0 0.7441615 0.6679999 0 0.7441739 0.667986 -0.09629976 0.7314757 0.6750332 -0.09629708 0.7314581 0.6750526 -0.2788066 0.673104 0.6849803 -0.278805 0.6730987 0.6849862 -0.4414033 0.5752468 0.6886613 -0.4414094 0.5752421 0.6886612 -0.5772312 0.4429261 0.6860181 -0.5772361 0.4429302 0.6860113 -0.6798934 0.2816134 0.6770812 -0.6799056 0.281638 0.6770587 -0.7430654 0.0978415 0.6620279 -0.7430292 0.0978232 0.6620712 -0.7576811 0 0.652625 -0.7576774 0 0.6526294 -0.743028 -0.09782373 0.6620725 -0.743069 -0.0978415 0.6620238 -0.679916 -0.2816438 0.6770458 -0.6798812 -0.2816056 0.6770966 -0.5772349 -0.442929 0.686013 -0.5772117 -0.4429221 0.686037 -0.4414126 -0.575239 0.6886617 -0.4414162 -0.5752354 0.6886626 -0.2787873 -0.6730918 0.685 -0.2787996 -0.6731024 0.6849846 -0.09630703 -0.7314525 0.6750573 -0.09630423 -0.7314819 0.6750259 0 -0.744184 0.6679747 0 -0.7441858 0.6679728 0.09631168 -0.7314868 0.6750194 0.09629869 -0.7314551 0.6750557 0.2788014 -0.6730973 0.6849889 0.2787932 -0.6730909 0.6849985 0.2949166 -0.3843528 0.8748126 0.2949522 -0.3843825 0.8747876 0.3857134 -0.2959563 0.8738622 0.3856801 -0.2959453 0.8738806 0.4542686 -0.1881688 0.8707656 0.4542983 -0.1881731 0.8707491 0.4964863 -0.06535542 0.8655807 0.4964553 -0.06535816 0.8655984 0.5062747 0 0.8623723 0.5062754 0 0.862372 0.4964866 0.06535547 0.8655807 0.4964598 0.06535774 0.8655958 0.4542706 0.1881693 0.8707644 0.4542967 0.1881729 0.87075 0.3857064 0.295956 0.8738653 0.3856849 0.2959483 0.8738775 0.2949271 0.3843627 0.8748049 0.2949357 0.38437 0.8747987 0.1862901 0.4497413 0.8735152 0.1863013 0.4497642 0.8735011 0.06434589 0.4887564 0.8700442 0.06434303 0.4887568 0.8700441 0 0.4972319 0.8676177 0 0.4972289 0.8676195 -0.06434553 0.4887652 0.8700392 -0.06434541 0.488753 0.8700462 -0.1862967 0.4497617 0.8735033 -0.1862929 0.449753 0.8735086 -0.2949357 0.3843637 0.8748015 -0.2949309 0.3843573 0.8748059 -0.3856864 0.2959533 0.8738751 -0.3857082 0.2959582 0.8738638 -0.4542976 0.1881722 0.8707497 -0.454278 0.18817 0.8707605 -0.4964652 0.06536763 0.865592 -0.4964863 0.06536692 0.8655799 -0.506271 0 0.8623744 -0.506279 0 0.8623698 -0.4964606 -0.06536793 0.8655946 -0.4964871 -0.06536656 0.8655795 -0.4542964 -0.1881734 0.87075 -0.4542749 -0.1881693 0.8707621 -0.3856769 -0.2959476 0.8738813 -0.3857098 -0.2959565 0.8738637 -0.294955 -0.3843798 0.8747879 -0.2949227 -0.3843491 0.8748123 -0.1862853 -0.4497487 0.8735124 -0.1863063 -0.449774 0.8734949 -0.06434571 -0.4887515 0.870047 -0.06434428 -0.4887441 0.8700512 0 -0.4972303 0.8676187 0 -0.4972309 0.8676184 0.06434434 -0.4887448 0.8700509 0.06434333 -0.4887439 0.8700515 0.1863083 -0.4497738 0.8734946 0.1862884 -0.4497476 0.8735123 0.1098127 -0.1431047 0.9835966 0.1097971 -0.1430944 0.9835999 0.1434358 -0.1100638 0.9835203 0.1434445 -0.1100691 0.9835184 0.1683511 -0.06972837 0.9832578 0.1683199 -0.06972372 0.9832634 0.1827893 -0.02406919 0.9828575 0.1828376 -0.02406722 0.9828486 0.1856536 0 0.9826153 0.1856518 0 0.9826156 0.1827896 0.02406919 0.9828575 0.18284 0.02406722 0.9828481 0.1683486 0.06972813 0.9832583 0.1683192 0.06972217 0.9832637 0.1434302 0.1100618 0.9835214 0.1434459 0.1100686 0.9835183 0.1098028 0.1431043 0.9835978 0.1098049 0.1430994 0.9835983 0.06925255 0.1671885 0.9834898 0.06925392 0.1671922 0.983489 0.02382206 0.1809404 0.9832055 0.02382111 0.1809476 0.9832043 0 0.1835469 0.9830111 0 0.1835448 0.9830114 -0.02382093 0.1809464 0.9832045 -0.02382272 0.1809422 0.9832052 -0.06925094 0.1671909 0.9834895 -0.0692501 0.167186 0.9834904 -0.1098071 0.1430996 0.9835979 -0.109801 0.1430987 0.9835988 -0.1434332 0.1100606 0.9835211 -0.1434358 0.1100612 0.9835206 -0.1683196 0.06972247 0.9832636 -0.1683337 0.06972402 0.9832611 -0.1828169 0.02406859 0.9828524 -0.1828126 0.02406889 0.9828531 -0.1856778 0 0.9826108 -0.1856799 0 0.9826104 -0.1828186 -0.02406853 0.9828521 -0.1828127 -0.02406889 0.9828532 -0.1683261 -0.0697239 0.9832625 -0.168332 -0.06972414 0.9832614 -0.1434355 -0.1100609 0.9835207 -0.1434363 -0.1100637 0.9835202 -0.1097975 -0.1430923 0.9836001 -0.1098049 -0.1430963 0.9835987 -0.06925129 -0.1671894 0.9834897 -0.06924748 -0.1671797 0.9834916 -0.02382099 -0.1809469 0.9832044 -0.02382177 -0.1809424 0.9832052 0 -0.1835495 0.9830105 0 -0.1835502 0.9830104 0.02382135 -0.1809425 0.9832051 0.02382123 -0.1809486 0.9832041 0.06924909 -0.1671802 0.9834915 0.06925123 -0.1671882 0.98349 -1.36251e-6 0 1 -1.70646e-7 0 1 2.88269e-6 0 1 -1.13e-6 0 1 1.0833e-6 0 1 -2.20957e-7 0 1 -1.25438e-6 0 1 -5.69118e-7 0 1 3.9875e-6 0 1 6.77367e-7 0 1 -3.67577e-6 0 1 1.30987e-6 0 1 -1.08328e-6 0 1 -2.88273e-6 0 1 2.10719e-7 0 1 2.5646e-6 0 1 -5.87462e-6 0 1 -1.6054e-6 0 1 2.92038e-6 0 1 -1.09548e-6 0 1 -1.69513e-6 0 1 3.47912e-7 0 1 2.00114e-6 0 1 -5.47256e-7 0 1 -3.19078e-6 0 1 -3.88871e-6 0 1 2.96914e-6 0 1 -2.90004e-7 0 1 -1.34698e-6 0 1 1.10577e-6 0 1 -1.27836e-5 0 1 6.40196e-7 0 1 -4.51595e-7 0 1 3.77105e-7 0 1 -2.84558e-7 0 1 7.97728e-6 0 1 3.38684e-7 0 1 -4.96136e-7 0 1 7.35105e-6 0 1 -1.30989e-6 0 1 -1.67963e-6 0 1 9.5706e-7 0 1 -1.10575e-6 0 1 1.34698e-6 0 1 2.90007e-7 0 1 -9.95374e-7 0 1 7.00145e-7 0 1 8.5877e-7 0 1 6.38155e-6 0 1 -1.83476e-6 0 1 5.47252e-7 0 1 -2.00112e-6 0 1 -3.47916e-7 0 1 1.69515e-6 0 1 1.09548e-6 0 1 -2.92038e-6 0 1 1.60528e-6 0 1 9.39869e-6 0 1 0.9659246 0.2588238 0 0.9914435 0.1305367 0 0.9914435 0.1305366 0 0.9659249 0.2588227 0 0.8660283 0.4999951 0 0.8660288 0.4999942 0 0.7071074 0.7071062 0 0.7071074 0.7071063 0 0.4999952 0.8660281 0 0.4999962 0.8660277 0 0.2588214 0.9659252 0 0.2588224 0.965925 0 0.1305366 0.9914436 0 0.1305366 0.9914435 0 -0.2588226 0.9659249 0 -0.1305354 0.9914437 0 -0.2588225 0.965925 0 -0.1305354 0.9914438 0 -0.4999972 0.8660271 0 -0.4999973 0.8660269 0 -0.7071062 0.7071074 0 -0.7071065 0.7071072 0 -0.8660259 0.4999992 0 -0.8660252 0.5000004 0 -0.9659265 0.258817 0 -0.9659261 0.258818 0 -0.9914448 0.1305277 0 -0.9914447 0.1305277 0 -0.9914448 -0.1305264 0 -0.9659258 -0.2588194 0 -0.965926 -0.2588184 0 -0.9914449 -0.1305264 0 -0.8660247 -0.5000013 0 -0.8660253 -0.5000001 0 -0.7071081 -0.7071055 0 -0.7071081 -0.7071055 0 -0.5000012 -0.8660247 0 -0.500002 -0.8660243 0 -0.2588185 -0.965926 0 -0.2588194 -0.9659258 0 -0.1305258 -0.991445 0 -0.1305258 -0.991445 0 0.2588188 -0.9659259 0 0.1305271 -0.9914448 0 0.2588177 -0.9659262 0 0.5000005 -0.8660252 0 0.4999996 -0.8660257 0 0.70711 -0.7071036 0 0.7071101 -0.7071036 0 0.8660271 -0.499997 0 0.8660266 -0.4999979 0 0.9659249 -0.258823 0 0.9659245 -0.2588241 0 0.9914436 -0.130536 0 0.01226198 0.1822159 0.9831821 0.02506059 0.09470224 0.9951903 0.04706627 0.1739568 0.9836279 0.006060779 0.09530764 0.9954295 0.09555166 0.02515864 0.9951066 0.09634816 -0.006085634 0.9953291 0.09636801 0.006085693 0.9953272 0.09556782 -0.025159 0.995105 0.08486139 0.04867845 0.995203 0.08485847 -0.04867762 0.9952033 0.06888115 0.06876283 0.9952523 0.06889069 -0.06876313 0.9952516 0.04858654 -0.08438551 0.995248 0.04858458 0.08438557 0.995248 0.02505975 -0.09470307 0.9951902 0.006058275 -0.09530371 0.9954299 -1.55987e-7 0 1 -0.006059944 0.09530955 0.9954292 1.28745e-6 0 1 1.37743e-5 0 1 7.08403e-7 0 1 -0.006058275 -0.09530746 0.9954295 -0.0250597 -0.09470349 0.9951901 -0.02505892 0.09470254 0.9951903 -0.04858762 -0.08438587 0.9952479 -0.04858452 0.08438575 0.995248 -0.06888109 0.06876146 0.9952524 -0.06888937 -0.06876212 0.9952518 -0.08485609 -0.04867738 0.9952036 -0.08486276 0.04867804 0.995203 -0.09556138 0.02515894 0.9951056 -0.0955587 -0.02515918 0.9951059 -0.09636461 0.006085872 0.9953276 -0.09634566 -0.006085872 0.9953293 5.62665e-7 0 1 1.759e-5 0 1 -2.42057e-6 0 1 1.38561e-6 0 1 -7.66273e-7 0 1 -2.86803e-7 0 1 -5.15118e-7 0 1 1.02762e-6 0 1 3.59707e-6 0 1 0.0897302 0.155078 0.9838188 0.0337944 0.493042 0.869349 0.1235879 0.4708505 0.8735136 0.1278727 0.469482 0.8736335 0.03069418 0.4934488 0.8692331 -0.01226085 0.1822159 0.9831822 0.08972889 -0.155079 0.9838187 0.1265472 -0.1267192 0.9838334 0.1556649 -0.09033375 0.9836708 0.175386 -0.04764038 0.9833464 0.1842045 -0.01246351 0.982809 0.1842016 0.01246374 0.9828095 0.1753856 0.04763984 0.9833465 0.1556667 0.09033298 0.9836706 0.1265465 0.1267189 0.9838335 -0.04706442 0.1739559 0.9836282 -0.0897296 0.1550784 0.9838187 -0.1265463 0.1267178 0.9838337 -0.1556666 0.09033179 0.9836707 -0.1753851 0.04763978 0.9833466 -0.1842014 0.01246494 0.9828095 -0.184202 -0.01246446 0.9828094 -0.1753857 -0.0476405 0.9833465 -0.155665 -0.0903328 0.983671 -0.1265462 -0.1267178 0.9838337 -0.0897299 -0.1550784 0.9838188 -0.04706633 -0.1739565 0.9836279 -0.01226019 -0.1822149 0.9831824 0.01226013 -0.1822152 0.9831823 0.04706537 -0.1739574 0.9836279 0.2404278 0.4183062 0.8759078 0.2418757 0.4174326 0.8759259 0.1927596 0.704145 0.6833912 0.04529637 0.7390692 0.6721049 0.1845491 0.7067674 0.6829507 0.05128699 0.7382819 0.6725397 -0.03379493 0.4930418 0.869349 -0.03069418 0.4934509 0.869232 0.3414037 -0.3404531 0.876091 0.2418755 -0.4174314 0.8759266 0.3405299 -0.3412997 0.8761016 0.2404294 -0.4183046 0.8759082 0.4218557 -0.2409788 0.8740521 0.419686 -0.2443895 0.8741496 0.4773854 -0.1241317 0.8698819 0.4752368 -0.1303918 0.8701426 0.5019372 -0.03076732 0.8643567 0.5013364 -0.03477931 0.8645532 0.501935 0.03076791 0.8643579 0.5013344 0.03477776 0.8645544 0.4752318 0.1303939 0.8701449 0.4773864 0.1241314 0.8698814 0.4196833 0.2443891 0.8741509 0.4218599 0.2409778 0.8740503 0.3405298 0.3413006 0.8761013 0.3414036 0.3404547 0.8760903 -0.1235901 0.4708512 0.8735129 -0.1278724 0.4694811 0.8736339 -0.2404272 0.4183061 0.8759081 -0.2418745 0.4174335 0.875926 -0.3414064 0.3404518 0.8760903 -0.3405301 0.3413015 0.8761008 -0.4218598 0.2409734 0.8740516 -0.4196814 0.2443899 0.8741517 -0.477382 0.1241311 0.8698838 -0.4752313 0.1303935 0.8701453 -0.5019347 0.03076744 0.8643582 -0.501337 0.03477579 0.864553 -0.5019381 -0.03076732 0.8643562 -0.5013387 -0.03477644 0.864552 -0.4752355 -0.1303912 0.8701433 -0.477382 -0.1241316 0.8698838 -0.4196833 -0.2443898 0.8741508 -0.4218546 -0.2409738 0.874054 -0.3405296 -0.3413003 0.8761014 -0.3414055 -0.3404495 0.8760917 -0.2418746 -0.4174326 0.8759263 -0.2404279 -0.418305 0.8759083 -0.1278715 -0.4694811 0.8736341 -0.1235906 -0.4708506 0.8735132 -0.03379595 -0.4930415 0.8693491 -0.03069686 -0.4934504 0.8692321 0.03069794 -0.4934489 0.869233 0.03379625 -0.4930406 0.8693496 0.123591 -0.4708501 0.8735134 0.1278729 -0.4694805 0.8736341 0.3604336 0.6277884 0.6899052 0.3631963 0.6261276 0.6899658 0.2444352 0.9148139 0.3215072 0.0558452 0.918316 0.3918892 0.2300472 0.8830829 0.4089534 0.06198567 0.9503846 0.3048396 -0.04529601 0.7390722 0.6721017 -0.05128937 0.7382825 0.6725388 0.5124083 -0.5106323 0.6904291 0.3631987 -0.6261234 0.6899683 0.5107507 -0.5122477 0.6904609 0.3604328 -0.6277855 0.6899085 0.6334245 -0.3608543 0.6845127 0.6292544 -0.3674026 0.6848755 0.7126449 -0.1970407 0.6732847 0.7168245 -0.1848874 0.6722941 0.7506759 -0.05301815 0.6585399 0.7518569 -0.04514402 0.6577791 0.7518548 0.04514306 0.6577816 0.7506746 0.05301648 0.6585416 0.7168258 0.1848907 0.6722918 0.7126448 0.1970427 0.6732843 0.6334239 0.3608556 0.6845125 0.6292529 0.3674012 0.6848776 0.5107451 0.5122466 0.6904658 0.5124067 0.510631 0.6904313 -0.1845436 0.7067707 0.6829487 -0.192761 0.704145 0.6833909 -0.3604347 0.6277896 0.6899037 -0.3631982 0.626129 0.6899635 -0.5124064 0.5106332 0.6904299 -0.5107473 0.5122506 0.6904612 -0.6334285 0.3608556 0.6845083 -0.6292604 0.3674029 0.6848697 -0.7126495 0.1970441 0.6732788 -0.7168276 0.1848909 0.6722899 -0.7506734 0.05301803 0.6585427 -0.7518511 0.04514235 0.657786 -0.750675 -0.05301946 0.6585408 -0.7518541 -0.04514306 0.6577824 -0.7168274 -0.1848877 0.6722909 -0.7126502 -0.1970424 0.6732786 -0.6334293 -0.3608546 0.684508 -0.6292608 -0.367404 0.6848687 -0.5107514 -0.5122505 0.6904582 -0.5124081 -0.5106344 0.6904278 -0.3631991 -0.6261247 0.6899669 -0.3604332 -0.6277868 0.6899071 -0.1927587 -0.7041414 0.6833952 -0.1845468 -0.7067692 0.6829494 -0.04529422 -0.7390708 0.6721033 -0.05128586 -0.7382798 0.6725419 0.04529446 -0.7390703 0.6721038 0.05128729 -0.7382807 0.672541 0.1845456 -0.7067693 0.6829496 0.1927608 -0.7041416 0.6833944 0.4709908 0.8162955 0.3344094 0.4514042 0.7866018 0.4212979 0.06833451 0.973658 0.2175325 0.2576392 0.9369567 0.2360813 -0.05584579 0.9183192 0.3918815 -0.06198698 0.9503855 0.3048361 0.4709973 -0.8162916 0.3344094 0.6421958 -0.6397677 0.4222345 0.4514015 -0.7866035 0.4212976 0.6662833 -0.6660199 0.3353866 0.8194882 -0.4724408 0.3244052 0.7920626 -0.4506841 0.411729 0.921108 -0.2458474 0.3018597 0.8917794 -0.2291868 0.390132 0.9584296 -0.06244796 0.2784114 0.9286236 -0.05516535 0.3668992 0.9286231 0.05516469 0.3669008 0.9584294 0.06244724 0.2784125 0.8917792 0.2291886 0.3901314 0.9211075 0.2458496 0.3018592 0.7920654 0.4506824 0.4117257 0.8194895 0.4724396 0.3244038 0.6422007 0.6397645 0.4222319 0.6662824 0.6660212 0.335386 -0.2300449 0.8830845 0.4089514 -0.2444378 0.9148141 0.3215049 -0.4513926 0.786608 0.4212988 -0.4709911 0.8162949 0.33441 -0.642195 0.6397672 0.4222363 -0.6662824 0.6660217 0.3353847 -0.8194878 0.4724396 0.324408 -0.7920609 0.4506783 0.4117385 -0.9211081 0.2458407 0.3018648 -0.8917772 0.2291858 0.3901378 -0.9584302 0.06244379 0.2784106 -0.9286268 0.05517107 0.3668901 -0.9584305 -0.0624445 0.2784093 -0.9286275 -0.05517172 0.3668884 -0.8917775 -0.2291837 0.3901385 -0.9211086 -0.2458384 0.3018652 -0.7920595 -0.4506805 0.411739 -0.8194869 -0.4724408 0.3244085 -0.6421982 -0.6397644 0.4222358 -0.6662818 -0.6660211 0.3353873 -0.4514075 -0.7865976 0.4213023 -0.4709956 -0.8162922 0.3344103 -0.2300478 -0.8830838 0.4089514 -0.244429 -0.9148178 0.321501 -0.05584329 -0.9183217 0.3918763 -0.06197977 -0.9503877 0.3048306 0.05584442 -0.9183224 0.3918744 0.06198221 -0.9503866 0.3048337 0.2300399 -0.883087 0.4089487 0.2444348 -0.914815 0.3215044 0.486251 0.8374465 0.2494865 0.1197595 0.909657 0.3977209 0.1197577 0.9096432 0.3977531 -0.0683341 0.9736582 0.2175322 0.4862481 -0.8374482 0.249486 0.6833449 -0.6857758 0.2505024 0.8380286 -0.490451 0.2390939 0.9407072 -0.2618356 0.2156667 0.9793249 -0.07009983 0.1897596 0.979325 0.07009875 0.1897596 0.9407062 0.2618384 0.2156675 0.8380274 0.4904531 0.2390941 0.6833469 0.6857738 0.2505021 -0.2576425 0.9369555 0.236082 -0.4862499 0.8374472 0.2494863 -0.6833426 0.6857782 0.2505021 -0.8380284 0.4904513 0.2390941 -0.9407061 0.2618395 0.2156671 -0.9793241 0.07010775 0.1897611 -0.9793242 -0.07010889 0.1897608 -0.9407072 -0.2618367 0.2156661 -0.8380298 -0.4904491 0.2390941 -0.6833418 -0.685779 0.2505018 -0.48625 -0.8374471 0.2494859 -0.257641 -0.936956 0.2360821 -0.06833052 -0.9736585 0.2175317 0.06833028 -0.9736587 0.2175313 0.2576381 -0.9369571 0.2360807 0.3481559 0.8405079 0.4151313 0.34814 0.8404993 0.415162 0.09629833 0.7314545 0.6750563 0.09629815 0.7314742 0.6750349 0 0.9227481 0.3854038 0 0.9227286 0.3854503 0.5520007 -0.719388 0.4216353 0.5520315 -0.7194004 0.4215735 0.7211164 -0.5533233 0.4169227 0.7211043 -0.5533331 0.4169306 0.8462157 -0.3505115 0.4013239 0.8462291 -0.3505232 0.4012851 0.9190374 -0.1209946 0.3751406 0.9190398 -0.1209917 0.3751358 0.9334266 0 0.3587685 0.9334276 0 0.3587659 0.9190393 0.1209926 0.375137 0.9190433 0.120994 0.3751268 0.8462216 0.3505176 0.4013059 0.8462225 0.3505149 0.4013064 0.7210991 0.5533337 0.4169389 0.7210949 0.5533081 0.41698 0.5520152 0.7193948 0.4216045 0.5520057 0.7193927 0.4216206 -0.1197589 0.9096579 0.3977189 -0.1197611 0.909653 0.3977296 -0.3481559 0.8405067 0.4151339 -0.3481394 0.8405012 0.4151587 -0.5519998 0.7193776 0.4216542 -0.552011 0.7193931 0.421613 -0.7211069 0.5533279 0.4169331 -0.7211115 0.5533351 0.4169154 -0.8462497 0.3505416 0.4012258 -0.8462158 0.3504986 0.4013349 -0.919027 0.120994 0.3751665 -0.9190484 0.1210042 0.3751108 -0.9334326 0 0.3587529 -0.9334339 0 0.3587495 -0.9190424 -0.1210039 0.3751257 -0.919027 -0.1209931 0.375167 -0.8462097 -0.3504953 0.4013509 -0.8462519 -0.3505479 0.4012157 -0.72113 -0.5533492 0.4168649 -0.7211136 -0.5533285 0.4169207 -0.5520211 -0.719411 0.4215692 -0.552006 -0.7193641 0.4216692 -0.3481445 -0.8404793 0.415199 -0.3481411 -0.8405315 0.4150959 -0.1197543 -0.909673 0.3976858 -0.1197681 -0.9096233 0.3977952 0 -0.9227097 0.3854956 0 -0.9227062 0.385504 0.1197487 -0.9096298 0.3977864 0.1197722 -0.9096665 0.3976953 0.3481596 -0.8405172 0.4151096 0.348128 -0.8404965 0.415178 0.2788073 0.6731011 0.6849828 0.2788038 0.6730973 0.684988 0.06434792 0.4887685 0.8700373 0.06434196 0.4887349 0.8700566 0 0.7441526 0.6680096 0 0.7441681 0.6679925 0.441409 -0.5752391 0.688664 0.4414054 -0.5752397 0.6886658 0.5772181 -0.4429206 0.6860325 0.5772343 -0.4429285 0.6860138 0.6798974 -0.281627 0.6770716 0.6798843 -0.2816068 0.6770931 0.7430288 -0.09781914 0.6620723 0.7430421 -0.09782695 0.6620563 0.7576758 0 0.6526313 0.7576779 0 0.6526287 0.7430399 0.09782642 0.6620587 0.7430348 0.09781819 0.6620657 0.6798817 0.2816084 0.677095 0.6798983 0.2816248 0.6770715 0.5772464 0.4429332 0.6860006 0.5772264 0.4429232 0.6860239 0.4414 0.5752468 0.6886633 0.4414007 0.5752441 0.6886651 -0.09630113 0.7314665 0.6750429 -0.09629839 0.7314728 0.6750365 -0.2787957 0.6730872 0.6850011 -0.2788037 0.6730974 0.6849879 -0.4414071 0.5752443 0.6886609 -0.4414038 0.5752421 0.6886648 -0.5772327 0.4429211 0.68602 -0.577237 0.442927 0.6860125 -0.6798745 0.2816141 0.6770998 -0.6799132 0.2816374 0.6770514 -0.7430567 0.09783506 0.6620385 -0.7430309 0.09782129 0.6620697 -0.7576763 0 0.6526307 -0.743027 -0.09782254 0.6620737 -0.7430577 -0.09783494 0.6620376 -0.6799095 -0.2816401 0.6770538 -0.6798754 -0.2816095 0.6771008 -0.577242 -0.4429275 0.686008 -0.5772116 -0.4429184 0.6860394 -0.4414091 -0.5752363 0.6886662 -0.4414153 -0.5752378 0.6886611 -0.2787896 -0.6730899 0.685001 -0.2787969 -0.6731001 0.684988 -0.09630995 -0.7314473 0.6750624 -0.09630322 -0.7314866 0.6750209 0 -0.7441842 0.6679745 0 -0.7441838 0.667975 0.09631335 -0.7314824 0.675024 0.09629827 -0.731452 0.675059 0.2787996 -0.6731017 0.6849854 0.2787938 -0.6730902 0.6849991 0.1862939 0.4497529 0.8735085 0.186293 0.4497572 0.8735064 0.02382016 0.1809384 0.983206 0.02382105 0.18093 0.9832075 0 0.4972366 0.8676151 0 0.4972379 0.8676143 0.2949269 -0.3843615 0.8748053 0.2949597 -0.3843882 0.8747826 0.3857126 -0.2959633 0.8738602 0.3856889 -0.2959572 0.8738728 0.4542886 -0.1881712 0.8707545 0.4543048 -0.1881799 0.8707443 0.4964839 -0.06536352 0.8655816 0.4964755 -0.06536489 0.8655863 0.5062712 0 0.8623744 0.5062676 0 0.8623765 0.4964835 0.06536352 0.8655818 0.4964821 0.06536465 0.8655825 0.4542887 0.188168 0.8707552 0.4543032 0.1881817 0.8707447 0.3857007 0.2959556 0.8738681 0.3857009 0.2959604 0.8738663 0.2949466 0.3843773 0.8747918 0.2949365 0.3843708 0.8747981 -0.06434178 0.4887308 0.8700588 -0.06434714 0.4887596 0.8700423 -0.186289 0.4497558 0.8735081 -0.1862921 0.4497599 0.8735052 -0.2949422 0.3843674 0.8747976 -0.2949449 0.3843722 0.8747946 -0.3856927 0.2959561 0.8738715 -0.3857088 0.2959595 0.8738632 -0.4543004 0.1881774 0.8707472 -0.4542807 0.1881691 0.8707592 -0.4964714 0.06536787 0.8655884 -0.4964906 0.06536638 0.8655775 -0.5062797 0 0.8623694 -0.5062748 0 0.8623723 -0.496468 -0.06536817 0.8655903 -0.4964929 -0.06536632 0.8655762 -0.4543024 -0.1881761 0.8707464 -0.4542791 -0.1881726 0.8707592 -0.3856778 -0.2959514 0.8738796 -0.3857148 -0.2959619 0.8738598 -0.2949634 -0.3843846 0.874783 -0.2949246 -0.3843545 0.8748092 -0.1862884 -0.4497543 0.8735089 -0.1863085 -0.4497808 0.8734911 -0.06434834 -0.4887572 0.8700436 -0.06434381 -0.4887496 0.8700482 0 -0.4972367 0.867615 0 -0.497236 0.8676154 0.06434375 -0.4887519 0.8700469 0.06434744 -0.4887537 0.8700457 0.1863106 -0.4497793 0.8734912 0.1862894 -0.449751 0.8735104 0.0692504 0.1671813 0.9834911 0.06924712 0.1671823 0.9834912 0 0.1835411 0.983012 0 0.1835358 0.983013 0.1098006 -0.1430916 0.9835999 0.109788 -0.1430837 0.9836024 0.1434236 -0.1100578 0.9835228 0.1434355 -0.1100589 0.9835209 0.168319 -0.0697205 0.9832639 0.1683151 -0.06972092 0.9832646 0.1828061 -0.02406656 0.9828544 0.1828008 -0.02406656 0.9828554 0.1856591 0 0.9826142 0.1856746 0 0.9826114 0.1828054 0.02406644 0.9828546 0.1828041 0.02406668 0.9828547 0.1683213 0.06971925 0.9832636 0.1683177 0.06972032 0.9832641 0.1434262 0.1100569 0.9835225 0.1434316 0.110059 0.9835215 0.1097885 0.1430857 0.9836021 0.1098013 0.1430932 0.9835995 -0.02382123 0.1809319 0.9832072 -0.02381902 0.1809308 0.9832074 -0.0692448 0.167177 0.9834923 -0.06925064 0.167185 0.9834905 -0.1098028 0.1430966 0.9835989 -0.1097902 0.1430878 0.9836016 -0.143431 0.1100538 0.9835221 -0.143423 0.1100574 0.9835229 -0.1683144 0.06972068 0.9832647 -0.1683236 0.06972026 0.9832631 -0.1828016 0.02406734 0.9828553 -0.1828089 0.02406692 0.9828539 -0.1856665 0 0.9826129 -0.185674 0 0.9826115 -0.1828033 -0.02406722 0.982855 -0.1828095 -0.02406698 0.9828537 -0.1683191 -0.06972086 0.9832638 -0.1683163 -0.06972146 0.9832643 -0.1434298 -0.110056 0.9835221 -0.1434279 -0.1100581 0.9835221 -0.1097929 -0.1430863 0.9836015 -0.1097997 -0.1430901 0.9836002 -0.06924289 -0.1671748 0.9834929 -0.06924736 -0.1671724 0.9834929 -0.02382111 -0.1809388 0.9832059 -0.02381813 -0.1809318 0.9832072 0 -0.1835407 0.9830121 0 -0.1835412 0.983012 0.02381849 -0.1809334 0.9832069 0.02382105 -0.1809381 0.983206 0.06924402 -0.1671705 0.9834935 0.06924653 -0.1671783 0.9834919 0 0.2335293 0.9723498 0 0.2335309 0.9723495 -7.08989e-6 0.2335297 0.9723497 0 -0.2335188 -0.9723523 0 -0.2335217 -0.9723517 0 -0.2335193 -0.9723522 0 0.9723513 -0.2335232 0 0.9723511 -0.2335242 -1 -2.05148e-6 0 -1 -1.395e-6 0 0 0.2335215 0.9723517 0 0.2335228 0.9723514 0 0.2335203 0.9723519 0 -0.2335237 -0.9723511 0 -0.2335241 -0.972351 0 -0.2335237 -0.9723511 0 -0.9723513 0.2335232 0 -0.9723508 0.233525 -1 1.08097e-6 0 0.2581207 0.9331935 0.2500475 0.4984316 0.7507836 0.4334626 0.4984313 0.83739 0.2243757 0.2581194 0.8366796 0.4830546 0.257966 0.9640854 0.06318932 0.4984322 0.8650726 0.05669915 -2.35551e-7 0.9659261 0.258818 -1.47338e-6 0.8660257 0.4999994 0.4984344 0.6130116 0.6130089 0.2581209 0.6831459 0.6831437 0.704643 0.6144987 0.3547812 0.7046463 0.6853812 0.1836475 0.4999983 0.8660264 0 0.258817 0.9659264 0 2.36812e-7 0.997859 0.06540268 0.7051339 0.7075561 0.04637563 -0.2581208 0.8366789 0.4830548 -0.2581204 0.9331938 0.250047 -1.1343e-6 0.7071071 0.7071065 0.4984405 0.4334633 0.7507775 0.2581081 0.4830573 0.8366815 0.7046461 0.5017341 0.5017339 0.8631464 0.4877476 0.130693 0.863146 0.437303 0.2524781 -5.38336e-6 0 -1 -1.83617e-6 0 -1 0 0 -1 -1.45885e-6 0 -1 2.11759e-6 0 -1 -7.95556e-7 0 -1 -7.59621e-7 0 -1 1.46747e-6 0 -1 -7.33736e-7 0 -1 -9.17071e-7 0 -1 1.81841e-6 0 -1 -9.26446e-7 0 -1 1.29675e-6 0 -1 -2.38998e-6 0 -1 9.5047e-7 0 -1 5.38329e-6 0 -1 -8.42001e-7 1 0 0.7071083 0.7071053 0 -0.2579653 0.9640856 0.06318932 0.8641243 0.502201 0.03291618 -0.4984319 0.7507833 0.4334631 -0.498431 0.8373901 0.2243756 -0.258122 0.6831445 0.6831448 2.8638e-6 0.5000001 0.8660253 0.4992411 0.3134688 0.8077722 0.2630434 0.3631811 0.8938164 0.2583572 0.3494966 0.900613 0.5034306 0.32445 0.8008058 0.704648 0.3547789 0.6144943 0.8631461 0.3570556 0.3570576 0.9637382 0.257757 0.06906592 0.9637384 0.2310979 0.1334251 -0.868822 -0.4940644 -0.03238314 -0.9659255 -0.2588203 0 -0.8660256 -0.4999997 0 -0.967403 -0.2526996 -0.01656293 -0.9999853 0.005414068 3.5486e-4 -1 1.07164e-6 0 -0.9646954 0.2628043 0.01722538 -0.9659261 0.2588185 0 -0.8641241 0.5022011 0.0329163 -0.866025 0.5000007 0 -0.7071079 0.7071058 0 -0.705133 0.7075569 0.04637569 -0.4999991 0.866026 0 -0.4984318 0.8650729 0.05669909 -0.2588186 0.965926 0 0.8660254 0.5 0 0.964695 0.2628057 0.01722544 0.9659259 0.2588189 0 0.9999853 0.005413591 3.54868e-4 1 -3.49239e-7 0 0.9674026 -0.2527014 -0.01656305 0.9659248 -0.258823 0 0.8688219 -0.4940647 -0.03238308 0.8660255 -0.4999998 0 0.7105667 -0.7021234 -0.04601961 0.7071076 -0.7071061 0 0.4999997 -0.8660258 0 0.5031475 -0.8623503 -0.05652123 0.2588242 -0.9659245 0 0.2606965 -0.9633539 -0.06314122 7.55887e-7 -1 0 -4.09302e-7 -0.997859 -0.06540268 -0.2588228 -0.9659249 0 -0.260697 -0.9633538 -0.0631411 -0.4999984 -0.8660264 0 -0.5031476 -0.8623504 -0.05652111 -0.7071064 -0.7071072 0 -0.7105661 -0.7021241 -0.04601967 -0.7046422 0.6144992 0.3547819 -0.7046456 0.6853817 0.1836476 -0.4984381 0.613009 0.6130086 -0.258109 0.4830552 0.8366824 -0.001439332 0.3801484 0.9249245 -5.21557e-5 0.3617846 0.9322618 0.4983941 0.1864472 0.8466646 0.2589676 0.3291069 0.9080883 0.2580642 0.2077771 0.9435209 0.499998 0.2950216 0.8142262 0.7062318 0.2561361 0.6600235 -0.8212775 0.1472313 0.5512045 0.8631429 0.2524791 0.4373084 0.963738 0.1886913 0.1886917 0.999942 0.01041656 0.002790749 0.999942 0.00933969 0.005391895 -0.969096 -0.2382781 -0.06384706 -0.8724775 -0.4720035 -0.1264742 -0.9999419 0.01041555 0.002790749 -0.9637387 0.2577553 0.06906563 -0.8631463 0.487748 0.1306932 0.969096 -0.2382788 -0.06384748 0.872478 -0.4720026 -0.126474 0.7155026 -0.6748058 -0.1808129 0.5079122 -0.8320577 -0.222947 0.2636269 -0.9317565 -0.2496612 -4.99397e-7 -0.965926 -0.2588185 -0.2636272 -0.9317564 -0.2496612 -0.507912 -0.8320577 -0.2229471 -0.7155015 -0.6748068 -0.1808134 -0.8631455 0.4373038 0.2524784 -0.7046452 0.5017342 0.5017349 -0.4984402 0.4334583 0.7507806 -0.2614251 0.3722113 0.8905704 -0.2584635 0.3494905 0.9005848 0.004057049 0.3486105 0.937259 6.96945e-6 0.2150595 0.976601 0.4984232 -0.03903543 0.8660547 0.2581283 -0.04350328 0.9651307 0.7046456 0.1525954 0.6929569 0.7068637 0.2456997 0.6633065 0.8660275 0.1913378 0.4619375 0.8652664 0.1813723 0.4673525 0.9637368 0.1334257 0.2311042 0.999942 0.007625102 0.007624924 0.9690958 -0.2136349 -0.1233431 -0.9690963 -0.2136334 -0.1233424 -0.8724783 -0.4231854 -0.2443277 -0.999942 0.00933963 0.005391836 -0.9637387 0.2310966 0.1334244 0.8724783 -0.4231854 -0.2443274 0.7155063 -0.6050114 -0.349302 0.5079133 -0.7460025 -0.4307021 0.263621 -0.8353917 -0.482312 -9.55538e-7 -0.8660258 -0.4999994 -0.2636216 -0.8353914 -0.482312 -0.507913 -0.7460028 -0.430702 -0.7155055 -0.6050122 -0.3493025 -0.8631451 0.3570569 0.3570588 -0.7046434 0.3547794 0.6144992 -0.4998868 0.3314759 0.8001481 -0.4993175 0.3134558 0.80773 -0.2552539 0.3370756 0.906215 -0.2582114 0.2077626 0.9434837 -5.85455e-7 -0.04503071 0.9989857 0.4984327 -0.261856 0.8264359 0.258123 -0.2918161 0.9209864 0.7046451 -0.03194946 0.7088403 0.866029 0.1703432 0.4700821 0.8631434 0.1085961 0.4931436 0.9659245 0.09904628 0.2391228 0.9654706 0.09424597 0.2428671 0.9999419 0.005391657 0.009338676 0.969096 -0.1744318 -0.1744328 -0.9690963 -0.1744307 -0.1744317 -0.8724782 -0.3455287 -0.3455312 -0.9999419 0.007625401 0.007624745 -0.9637383 0.1886907 0.1886909 0.8724784 -0.3455282 -0.345531 0.7155033 -0.493992 -0.4939909 0.5079109 -0.6091102 -0.609107 0.2636292 -0.6820936 -0.6820908 6.46769e-7 -0.7071074 -0.7071062 -0.2636272 -0.6820929 -0.6820924 -0.5079097 -0.609109 -0.6091094 -0.7155007 -0.4939928 -0.4939938 -0.8631418 0.2524808 0.4373096 -0.7071046 0.2705997 0.6532832 -0.7062537 0.2561311 0.6600019 -0.4940707 0.3110111 0.8118906 -0.4984726 0.1864325 0.8466216 -0.2581285 -0.04350626 0.9651305 -1.86369e-6 -0.302053 0.9532912 0.4984431 -0.4668277 0.7304973 0.2581098 -0.5202432 0.8140801 0.7046495 -0.2143228 0.6764132 0.8631469 -0.02273607 0.5044409 0.9659273 0.08817189 0.2433315 0.9637361 0.05739343 0.2606128 1 3.79146e-7 6.09983e-7 0.9999983 6.74631e-4 0.001742959 0.9690953 -0.1233443 -0.2136363 -0.9690958 -0.1233438 -0.2136346 -0.8724771 -0.2443274 -0.423188 -0.999942 0.005390703 0.009338736 -0.9637371 0.133425 0.2311031 0.8724777 -0.244327 -0.4231867 0.7155023 -0.3493056 -0.6050142 0.5079097 -0.430706 -0.7460027 0.263679 -0.4823075 -0.8353759 -4.27208e-7 -0.5000008 -0.8660251 -0.2635737 -0.4823213 -0.8354011 -0.5079084 -0.4307043 -0.7460047 -0.7155007 -0.3493045 -0.6050166 -0.8660275 0.1913375 0.4619378 -0.8652657 0.1813725 0.4673535 -0.707087 0.24092 0.6648199 -0.7046428 0.1525904 0.6929607 -0.4984241 -0.03903883 0.866054 -0.2581204 -0.291821 0.9209856 -5.17144e-7 -0.5384913 0.8426311 0.4984341 -0.6399934 0.5847836 0.2581266 -0.713216 0.6516852 0.7046464 -0.3820894 0.5978974 0.8631436 -0.1525234 0.4813727 0.9637389 -0.01201522 0.2665765 1 3.04503e-6 3.88224e-6 0.999942 0.002318322 0.0105316 0.9659271 -0.09904384 -0.2391134 0.9664088 -0.09297978 -0.2396014 -0.9664092 -0.09297925 -0.2396001 -0.8660261 -0.1913398 -0.4619393 -0.8668831 -0.1803577 -0.4647418 -0.9659276 -0.09904342 -0.239112 -0.9999983 6.7502e-4 0.001742839 -1 0 5.81278e-7 -0.9654709 0.09424561 0.2428659 -0.965925 0.09904509 0.2391215 0.8660261 -0.1913397 -0.4619396 0.8668834 -0.1803574 -0.4647412 0.03366535 0.9575583 -0.2862669 0.7081214 -0.2554007 -0.6582816 0.9278157 0.1038506 0.3582922 0.500917 -0.3131151 -0.8068712 0.2523136 -0.3793715 -0.8901771 0.2592834 -0.3494049 -0.9003824 0.009875059 -0.3709148 -0.9286144 -1.23948e-6 -0.3617873 -0.9322607 -0.275781 -0.3841834 -0.8811061 -0.2593947 -0.3493924 -0.9003551 0.8299453 -0.1152024 -0.54582 -0.5009186 -0.313111 -0.8068719 -0.7070973 -0.2706035 -0.6532896 -0.7081413 -0.2554347 -0.6582469 -0.8660278 0.1703436 0.4700838 -0.8631422 0.1085969 0.4931453 -0.7046467 -0.03195071 0.7088387 -0.498431 -0.2618609 0.8264354 -0.258111 -0.5202444 0.8140789 0 -0.7382326 0.6745463 0.5000017 -0.7101075 0.4957275 0.2581187 -0.857583 0.444889 0.4984355 -0.76954 0.3992124 0.2588214 -0.7920231 0.5529113 0.7046446 -0.5238184 0.4786339 0.863143 -0.2719147 0.4254959 0.9637383 -0.0806027 0.2543855 0.999942 -4.85636e-4 0.01077324 0.9659244 -0.08818256 -0.2433395 0.9690964 -0.05305361 -0.2409098 -0.9690966 -0.05305296 -0.240909 -0.8660263 -0.1703433 -0.4700869 -0.872479 -0.105085 -0.4772187 -0.9659247 -0.08818179 -0.2433381 -0.999942 0.002318084 0.01053154 -1 2.49188e-6 3.45646e-6 -0.9637365 0.05739295 0.2606112 -0.9659275 0.08817124 0.2433311 0.8660268 -0.1703431 -0.4700861 0.8724794 -0.1050851 -0.477218 0.7072328 -0.2369201 -0.666101 0.7155073 -0.1502397 -0.6822591 0.5182049 -0.3253121 -0.7909715 0.5079234 -0.1852554 -0.8412457 -0.9968904 -0.01925003 -0.07641321 0.2636181 -0.2074564 -0.9420549 -5.19156e-5 -0.3407465 -0.9401552 -6.29351e-6 -0.2150626 -0.9766003 -0.8619244 0.1670386 0.4787323 -0.2636161 -0.2074573 -0.9420553 -0.5050476 -0.2790665 -0.8167306 -0.5079173 -0.1852548 -0.8412495 -0.7071142 -0.2408893 -0.6648021 -0.7155023 -0.1502414 -0.6822639 -0.8631467 -0.02273607 0.5044414 -0.7046471 -0.214326 0.6764147 -0.4984458 -0.4668307 0.7304937 -0.2581257 -0.7132173 0.6516841 5.51301e-7 -0.887663 0.460494 -3.92286e-7 -0.8199636 0.5724157 0.258027 -0.9253312 0.2778204 0.4985617 -0.8302411 0.2492709 0.7071077 -0.5797991 0.4047613 0.7046467 -0.6298482 0.3267483 0.8631442 -0.3727728 0.3406209 0.9637387 -0.1436946 0.2248548 0.9999419 -0.003257811 0.01028126 0.969097 0.0111072 -0.24643 -0.8724801 0.02200174 -0.4881542 -0.9690974 0.01110744 -0.2464286 -0.9999419 -4.85642e-4 0.01077318 -0.9637393 -0.01201522 0.266575 0.8724803 0.02200138 -0.4881537 0.7155046 0.0314548 -0.6978996 0.5078999 0.03878641 -0.8605425 0.2636269 0.04343307 -0.9636465 2.68257e-6 0.04502999 -0.9989857 -0.2636208 0.04343789 -0.963648 -0.5079011 0.0387898 -0.8605417 -0.7155038 0.03145778 -0.6979003 -0.8631434 -0.1525236 0.4813733 -0.7046489 -0.3820888 0.5978947 -0.4984346 -0.639993 0.5847837 -0.2588202 -0.792022 0.5529135 -0.2581186 -0.857583 0.4448891 0 -0.9577634 0.2875576 0.2588171 -0.9392194 0.2255679 0.500002 -0.8420797 0.2022373 0.7053249 -0.678943 0.203846 0.8631451 -0.4482299 0.232531 0.8660227 -0.4099835 0.2862137 0.9637383 -0.1969956 0.1800038 0.9999418 -0.005809068 0.009089827 0.9690965 0.07451015 -0.2351599 -0.8724771 0.1475988 -0.4658308 -0.9690969 0.07450944 -0.2351585 -0.999942 -0.003257691 0.01028114 -0.9637387 -0.08060193 0.2543841 0.8724769 0.1475989 -0.4658312 0.7155073 0.211013 -0.6659752 0.5079115 0.2601888 -0.8211746 0.2636209 0.2913662 -0.9195705 -5.79951e-7 0.3020536 -0.953291 -0.2636213 0.291369 -0.9195694 -0.5079074 0.2601951 -0.8211752 -0.7155073 0.2110182 -0.6659735 -0.8631438 -0.2719141 0.4254945 -0.7046439 -0.523819 0.4786342 -0.5000018 -0.7101065 0.4957289 -0.4984359 -0.7695395 0.3992126 -0.2580262 -0.9253313 0.2778209 -6.45852e-7 -0.9723508 0.233525 0.5000004 -0.8420807 0.2022369 0.2588189 -0.9392192 0.2255663 0.4999997 -0.842081 0.2022379 0.2588166 -0.9392198 0.2255662 0 -0.2335242 -0.9723511 0 -0.2335258 -0.9723506 0 -0.2335254 -0.9723507 -1.91197e-5 -0.2335228 -0.9723514 1.35197e-5 -0.2335243 -0.972351 7.78054e-6 -0.233524 -0.972351 -8.47035e-6 -0.2335237 -0.9723511 0 -0.2335234 -0.9723512 -7.74414e-6 -0.233525 -0.9723509 2.14593e-5 -0.2335242 -0.9723511 -2.34796e-5 -0.2335232 -0.9723513 2.75151e-6 -0.2335234 -0.9723511 0 -0.2335238 -0.9723511 7.74415e-6 -0.2335248 -0.9723508 8.47035e-6 -0.2335237 -0.9723511 -7.78054e-6 -0.233524 -0.972351 0 -0.2335242 -0.972351 0 -0.2335231 -0.9723513 -1.52075e-5 -0.2335243 -0.972351 0 -0.2335249 -0.9723508 0 -0.2335268 -0.9723504 0.7071087 -0.6875542 0.1651254 0.8643429 -0.4816619 0.1446147 0.9637379 -0.2368732 0.1228841 0.965925 -0.2122238 0.1481556 0.9999418 -0.007963895 0.007275342 0.9690952 0.1328381 -0.2078665 -0.872478 0.2631335 -0.4117563 -0.9690957 0.1328374 -0.2078651 -0.9999418 -0.005809426 0.009089827 -0.9637392 -0.143694 0.2248529 0.8724787 0.2631327 -0.4117551 0.7155072 0.3761908 -0.5886682 0.5079083 0.4638597 -0.7258536 0.2636226 0.5194408 -0.812825 1.1957e-6 0.5384904 -0.8426318 -0.2636244 0.5194444 -0.8128221 -0.5079059 0.4638642 -0.7258525 -0.7155078 0.3761908 -0.5886673 -0.8631437 -0.372774 0.3406208 -0.7071071 -0.5797998 0.4047614 -0.7046455 -0.6298491 0.3267491 -0.4985612 -0.8302413 0.2492714 -0.2588175 -0.9392194 0.2255668 5.07107e-7 -0.9723513 0.2335229 0 -0.9723513 0.2335233 0.707108 -0.687555 0.1651256 0.707108 -0.6875548 0.1651264 0 -0.2335206 -0.9723519 0 -0.2335267 -0.9723504 -2.99611e-4 -0.233528 -0.97235 0 -0.2335165 -0.9723529 0 -0.2335168 -0.9723528 -1.7977e-5 -0.2335277 -0.9723502 1.63646e-5 -0.2335256 -0.9723507 0 -0.2335314 -0.9723494 0 -0.233528 -0.9723501 0 -0.2335225 -0.9723515 6.13711e-6 -0.2335368 -0.972348 4.49413e-6 -0.2335269 -0.9723504 0 -0.2335361 -0.9723482 -6.13692e-6 -0.233529 -0.9723499 0 -0.2335302 -0.9723496 0 -0.2335271 -0.9723503 0 -0.2335283 -0.9723501 -1.63646e-5 -0.2335256 -0.9723507 1.7977e-5 -0.2335261 -0.9723505 0 -0.2335186 -0.9723524 0 -0.2335159 -0.9723531 1.63653e-5 -0.2335194 -0.9723521 5.39316e-5 -0.233526 -0.9723506 0 -0.2335224 -0.9723514 2.24704e-4 -0.2335238 -0.9723511 1.79771e-5 -0.2335155 -0.9723532 1.63652e-5 -0.2335186 -0.9723524 -1.79769e-5 -0.233524 -0.972351 0 -0.2335256 -0.9723507 1.79766e-5 -0.2335146 -0.9723533 8.18284e-6 -0.233527 -0.9723504 -8.98859e-6 -0.2335287 -0.97235 0 -0.2335376 -0.9723479 -2.24714e-6 -0.2335354 -0.9723483 0 -0.2335355 -0.9723483 2.24723e-6 -0.2335379 -0.9723477 8.98828e-6 -0.2335211 -0.9723518 -8.18264e-6 -0.2335214 -0.9723517 -1.79766e-5 -0.2335136 -0.9723536 4.09111e-6 -0.2335235 -0.9723511 1.79772e-5 -0.233526 -0.9723506 -2.04568e-5 -0.2335196 -0.9723521 -1.79774e-5 -0.2335185 -0.9723525 -6.13689e-6 -0.2335157 -0.972353 -5.39316e-5 -0.233526 -0.9723506 0 -0.2335213 -0.9723517 0 -0.2335218 -0.9723517 -0.8683627 0.4749832 -0.1426092 -0.7071079 0.6875552 -0.1651254 -0.8660259 0.486175 -0.116761 -0.709973 0.6744847 -0.2025065 -0.502592 0.8280094 -0.2486001 -0.5000027 0.8420794 -0.2022367 -0.2603575 0.9247322 -0.2776408 -0.2588171 0.9392198 -0.225566 0 0.9577634 -0.2875577 1.96148e-7 0.9723513 -0.2335233 0.2588169 0.9392197 -0.2255663 0.2603574 0.9247322 -0.2776407 0.5000022 0.8420796 -0.202237 0.5025929 0.8280087 -0.2486 0.7071083 0.6875547 -0.1651254 0.7099747 0.674483 -0.202506 0.8683631 0.4749826 -0.1426089 0.8660259 0.4861749 -0.1167612 0.9671748 0.2433789 -0.07307225 0.9659258 0.2516632 -0.06044077 0.9999892 -0.004446387 0.001335084 1 -9.61605e-7 0 0.9648564 -0.2516789 0.0755642 0.9659251 -0.2516657 0.06044089 0.8660247 -0.486177 0.1167621 -0.5000023 -0.8420796 0.2022365 -0.7053238 -0.6789442 0.2038463 -0.7071091 -0.6875539 0.1651257 -0.8660254 -0.4861757 0.1167622 -0.8643417 -0.4816637 0.1446147 -0.9659259 -0.2516625 0.06044048 -0.9648564 -0.2516788 0.07556384 -1 -4.49706e-7 0 -0.9999893 -0.004447102 0.001335024 -0.9659262 0.2516615 -0.06044012 -0.9671753 0.2433778 -0.07307183 0.9999418 -0.009573459 0.004966139 1 3.7077e-7 -5.02931e-7 0.9690966 0.1821067 -0.1664 -0.8724793 0.3607364 -0.3296199 -0.9690969 0.1821053 -0.1664003 -0.9999419 -0.007962405 0.007275581 -0.9637389 -0.1969936 0.1800024 0.8724796 0.3607366 -0.3296189 0.7154991 0.5157364 -0.4712507 0.5079091 0.6359153 -0.581068 0.3053659 0.6735879 -0.6730759 2.2053e-6 0.6438691 -0.7651358 -0.305378 0.6735855 -0.6730728 -0.5079139 0.6359148 -0.5810645 -0.7154951 0.5157347 -0.4712586 -0.8631449 -0.4482298 0.2325317 -0.8660227 -0.4099842 0.2862128 -0.2588167 -0.9392198 0.2255665 -0.2588189 -0.9392192 0.2255661 0.8660254 -0.4861756 0.1167616 0.8660259 -0.4861747 0.1167616 -0.8660254 0.4861757 -0.116762 -0.7071079 0.6875551 -0.1651255 -0.8660262 0.4861742 -0.1167614 -0.7071067 0.6875562 -0.1651263 -0.5000011 0.8420802 -0.2022374 -0.4999977 0.8420823 -0.2022374 -0.2588175 0.9392195 -0.2255667 -0.2588178 0.9392195 -0.2255666 3.97076e-7 0.9723512 -0.2335235 -5.78878e-7 0.9723511 -0.2335237 0.2588173 0.9392196 -0.2255666 0.2588179 0.9392195 -0.2255662 0.4999979 0.8420821 -0.2022376 0.5000012 0.8420803 -0.202237 0.7071096 0.6875535 -0.1651254 0.7071079 0.687555 -0.165126 0.866026 0.4861748 -0.1167619 0.8660267 0.4861736 -0.1167613 0.9659254 0.2516645 -0.06044083 0.9659258 0.2516636 -0.06044048 1 6.26714e-7 -2.45184e-7 1 -1.9232e-6 3.06181e-7 0.9659255 -0.2516641 0.06044071 0.9659249 -0.2516669 0.06044095 -0.5000008 -0.8420805 0.2022369 -0.5000005 -0.8420805 0.2022379 -0.7071075 -0.6875555 0.1651257 -0.7071068 -0.687556 0.1651265 -0.8660253 -0.486176 0.1167618 -0.8660256 -0.4861754 0.1167616 -0.9659254 -0.2516646 0.06044077 -0.9659258 -0.251663 0.0604403 -1 -1.86579e-6 3.43257e-7 -1 1.78446e-6 -2.5834e-7 -0.9659263 0.2516615 -0.06044018 -0.9659256 0.2516638 -0.06044054 -0.8724784 0.4337577 -0.2250241 -0.7155055 0.6201279 -0.3217037 -0.5079117 0.764642 -0.3966717 -0.2636187 0.8562637 -0.4442045 9.81796e-7 0.8876625 -0.4604946 0.2636197 0.8562633 -0.4442046 0.507912 0.7646416 -0.396672 0.7155066 0.620127 -0.321703 0.8724784 0.4337578 -0.2250236 0.9690957 0.2189728 -0.1135981 -0.9637387 -0.2368704 0.1228833 -0.999942 -0.009572088 0.00496608 -0.9690961 0.2189714 -0.1135973 0.9659262 0.2122197 -0.1481529 -0.9659267 0.2122182 -0.1481528 -0.8660268 0.4099794 -0.286207 -1 7.82204e-7 -2.05717e-7 -0.9659253 -0.212223 0.1481539 0.8660277 0.4099782 -0.2862065 0.7071044 0.5798013 -0.4047641 0.500002 0.7101031 -0.4957336 0.30092 0.7819622 -0.5458777 -0.3009294 0.7819591 -0.5458768 -0.5000054 0.7101015 -0.4957322 -0.7071012 0.5798004 -0.4047707 5.83674e-7 0.8199614 -0.5724188 8.65919e-7 1 0 0.2588176 0.9659262 0 -8.65919e-7 1 0 0.2588188 0.9659259 0 -0.2588171 0.9659264 0 -0.2588192 0.9659259 0 1.03999e-5 0 1 -1.37054e-5 0 1 -5.84329e-7 0 1 1.39367e-6 0 1 7.08735e-7 0 1 -1.25257e-6 0 1 -1.3445e-7 0 1 4.81593e-7 0 1 -4.70653e-7 0 1 1.12759e-6 0 1 -6.26284e-7 0 1 1.41747e-6 0 1 -1.15455e-6 0 1 -3.10382e-6 0 1 4.67466e-6 0 1 8.56586e-6 0 1 -1.03999e-5 0 1 0.4999998 0.8660255 0 0.5000004 0.8660252 0 -0.4999989 0.8660261 0 -0.5000008 0.866025 0 -8.65919e-7 -1 0 -0.2588179 -0.9659262 0 8.65919e-7 -1 0 -0.2588199 -0.9659256 0 0.2588182 -0.9659261 0 0.2588195 -0.9659257 0 0.5000002 -0.8660253 0 0.5000008 -0.866025 0 0.7071071 -0.7071066 0 0.7071061 -0.7071076 0 0.8660249 -0.5000011 0 0.8660257 -0.4999996 0 0.9659259 -0.2588187 0 0.9659262 -0.258818 0 0.991445 -0.130526 0 0.991445 -0.130526 0 0.9659262 0.2588181 0 0.991445 0.130526 0 0.9914449 0.130526 0 0.9659259 0.2588188 0 0.8660259 0.4999993 0 0.8660252 0.5000007 0 0.7071076 0.707106 0 0.7071067 0.707107 0 -0.7071078 0.7071058 0 -0.7071072 0.7071064 0 -0.8660249 0.5000012 0 -0.8660261 0.4999989 0 -0.9659255 0.2588202 0 -0.965926 0.2588185 0 -0.991445 0.130526 0 -0.991445 0.130526 0 -0.991445 -0.130526 0 -0.965926 -0.2588184 0 -0.9659255 -0.2588201 0 -0.9914449 -0.130526 0 -0.8660258 -0.4999993 0 -0.8660245 -0.5000016 0 -0.7071073 -0.7071064 0 -0.7071067 -0.707107 0 -0.5000012 -0.8660249 0 -0.4999993 -0.8660258 0 -1.81959e-4 0 1 5.6121e-4 0 1 5.6119e-4 0 1 5.61201e-4 0 1 -2.89805e-5 0 1 -3.91302e-4 0 1 1.31797e-5 0 1 1.3783e-5 0 1 1.47183e-4 0 1 -1.16737e-4 0 1 3.5297e-5 0 1 7.28852e-6 0 1 -6.36149e-6 0 1 5.77371e-6 0 1 1.36035e-5 0 1 5.85785e-6 0 1 3.82021e-5 0 1 -4.72319e-5 0 1 -1.89422e-5 0 1 -5.16996e-6 0 1 -1.81957e-4 0 1 -1.9479e-4 0 1 -1.94793e-4 0 1 -1.94792e-4 0 1 -3.35569e-4 0 1 -3.35569e-4 0 1 -3.35569e-4 0 1 -8.63371e-4 0 0.9999997 2.63599e-5 0 1 5.51315e-5 0 1 -1.86794e-4 0 1 4.61899e-5 0 1 -3.11826e-6 0 1 2.44439e-4 0 1 -4.72325e-5 0 1 7.99942e-6 0 1 -3.30624e-6 0 1 -4.0676e-5 0 1 4.14539e-5 0 1 -7.25363e-6 0 1 -2.19945e-5 0 1 4.39889e-5 0 1 6.68016e-6 0 1 1.81967e-4 0 1 7.99936e-6 0 1 -3.70656e-5 0 1 -5.08448e-6 0 1 3.10905e-5 0 1 -5.44014e-6 0 1 5.49901e-6 0 1 -1.61308e-5 0 1 -5.37701e-6 0 1 2.19942e-5 0 1 1.15176e-5 0 1 -1.3783e-5 0 1 3.34006e-6 0 1 -7.99936e-6 0 1 2.21564e-4 0 1 1.17151e-5 0 1 -4.08116e-5 0 1 9.09842e-5 0 1 -3.78641e-5 0 1 -5.94041e-6 0 1 1.03399e-5 0 1 1.89422e-5 0 1 -7.49052e-6 0 1 6.61246e-6 0 1 -5.51298e-5 0 1 4.95712e-5 0 1 -4.60713e-5 0 1 1.75384e-6 0 1 1.65311e-6 0 1 2.38655e-4 0 1 -4.47936e-5 0 1 9.29518e-6 0 1 -2.87929e-6 0 1 -6.87342e-6 0 1 6.72122e-6 0 1 3.50766e-6 0 1 -7.95186e-6 0 1 7.21717e-6 0 1 -1.89042e-5 0 1 3.36795e-5 0 1 -7.62676e-6 0 1 -1.51967e-4 0 1 7.49052e-6 0 1 2.3722e-4 0 -1 -4.14516e-5 0 -1 2.16048e-5 0 -1 5.51298e-5 0 -1 -3.72578e-4 0 -1 2.16039e-5 0 -1 4.60702e-5 0 -1 -4.95712e-5 0 -1 5.51329e-5 0 -1 -6.61245e-6 0 -1 3.74525e-6 0 -1 -3.78843e-5 0 -1 -1.81969e-4 0 -1 1.1999e-5 0 -1 2.15077e-5 0 -1 -1.09982e-5 0 -1 7.25354e-6 0 -1 -4.14542e-5 0 -1 -3.99968e-6 0 -1 -1.81967e-4 0 -1 -1.33603e-5 0 -1 5.51315e-5 0 -1 2.15086e-5 0 -1 1.09972e-5 0 -1 7.25362e-6 0 -1 -4.14538e-5 0 -1 4.0676e-5 0 -1 6.61249e-6 0 -1 -7.99942e-6 0 -1 9.44655e-5 0 -1 -2.09737e-6 0 -1 -2.44439e-4 0 -1 6.23653e-6 0 -1 -4.61899e-5 0 -1 1.86794e-4 0 -1 8.63371e-4 0 -0.9999997 3.35569e-4 0 -1 3.35569e-4 0 -1 3.35569e-4 0 -1 4.79384e-4 0 -0.9999999 4.79384e-4 0 -0.9999999 4.79384e-4 0 -0.9999999 1.81959e-4 0 -1 1.03399e-5 0 -1 -2.09736e-6 0 -1 6.23653e-6 0 -1 1.86776e-4 0 -1 -3.35569e-4 0 -1 -3.35569e-4 0 -1 -3.35569e-4 0 -1 -0.8660279 0.4999957 0 -0.707107 0.7071066 0 -0.8660244 0.5000017 0 0.8660245 -0.5000017 0 0.866028 -0.4999958 0 0.7071065 -0.7071071 0 0.707107 -0.7071066 0 -0.9659266 0.2588164 0 -0.9659246 0.2588235 0 0.9659246 -0.2588235 0 0.9659266 -0.2588164 0 -1 -3.43389e-6 0 -1 3.43389e-6 0 1 -3.43508e-6 0 1 3.43508e-6 0 -0.9659252 -0.2588214 0 -0.9659269 -0.2588152 0 0.9659269 0.2588152 0 0.9659252 0.2588214 0 -0.8660221 -0.5000057 0 -0.8660258 -0.4999993 0 0.8660258 0.4999993 0 0.8660221 0.5000057 0 -0.7071061 -0.7071075 0 -0.7071063 -0.7071074 0 0.7071063 0.7071074 0 0.7071061 0.7071075 0 -0.4999982 -0.8660265 0 -0.5000048 -0.8660228 0 0.5000048 0.8660228 0 0.4999982 0.8660265 0 -0.2588151 -0.9659269 0 -0.2588216 -0.9659252 0 0.2588216 0.9659252 0 0.2588151 0.9659269 0 3.41116e-6 -1 0 -3.38724e-6 -1 0 3.38724e-6 1 0 -3.41236e-6 1 0 0.2588223 -0.965925 0 0.2588156 -0.9659268 0 -0.2588156 0.9659268 0 -0.2588223 0.965925 0 0.5000013 -0.8660247 0 0.499996 -0.8660277 0 -0.499996 0.8660278 0 -0.5000013 0.8660247 0 0.7071057 -0.7071079 0 0.7071056 -0.7071081 0 -0.7071056 0.7071081 0 -0.7071057 0.7071079 0 0.8660282 -0.4999952 0 0.866025 -0.5000007 0 -0.8660282 0.4999952 0 0.9659266 -0.2588164 0 0.9659246 -0.2588238 0 -0.9659266 0.2588164 0 -0.9659246 0.2588238 0 1 3.75085e-6 0 1 -3.75085e-6 0 -1 -3.75085e-6 0 -1 3.75085e-6 0 0.9659252 0.2588217 0 0.9659269 0.2588152 0 -0.9659252 -0.2588217 0 -0.9659269 -0.2588152 0 0.8660227 0.5000048 0 0.8660262 0.4999988 0 -0.8660227 -0.5000048 0 -0.8660262 -0.4999988 0 0.7071053 0.7071083 0 0.7071048 0.7071088 0 -0.7071053 -0.7071083 0 -0.7071048 -0.7071088 0 0.4999981 0.8660265 0 0.258815 0.965927 0 0.2588211 0.9659253 0 -0.2588211 -0.9659253 0 -0.258815 -0.965927 0 -3.37767e-6 1 0 3.43508e-6 1 0 -3.43389e-6 -1 0 3.37648e-6 -1 0 -0.258823 0.9659248 0 -0.2588159 0.9659267 0 0.2588159 -0.9659267 0 0.258823 -0.9659248 0 -0.4999991 0.8660261 0 -0.4999938 0.8660291 0 0.4999938 -0.8660291 0 0.4999991 -0.8660261 0 1.22946e-5 0 1 -1.69711e-5 0 1 4.46826e-5 0 1 3.85373e-6 0 1 -3.12782e-6 0 1 5.28675e-6 0 1 -2.64338e-6 0 1 1.32167e-6 0 1 6.25567e-6 0 1 -1.32167e-6 0 1 -6.25571e-6 0 1 2.64338e-6 0 1 -5.28675e-6 0 1 -4.46834e-5 0 1 4.46828e-5 0 1 -1.11709e-5 0 1 -6.25561e-6 0 1 -5.28678e-6 0 1 6.25563e-6 0 1 4.69169e-6 0 1 -4.69172e-6 0 1 5.28675e-6 0 1 -6.25563e-6 0 1 -2.64337e-6 0 1 6.25561e-6 0 1 -5.28677e-6 0 1 -3.35127e-5 0 1 1.06069e-5 0 1 -1.63927e-5 0 1 1.63927e-5 0 -1 -1.6971e-5 0 -1 4.46836e-5 0 -1 -6.25563e-6 0 -1 -3.12781e-6 0 -1 -5.28678e-6 0 -1 6.25564e-6 0 -1 -5.28675e-6 0 -1 6.25563e-6 0 -1 -6.25559e-6 0 -1 5.28675e-6 0 -1 -2.64336e-6 0 -1 -4.46828e-5 0 -1 4.46835e-5 0 -1 -6.25567e-6 0 -1 -3.12782e-6 0 -1 6.25571e-6 0 -1 -2.64338e-6 0 -1 -4.46827e-5 0 -1 8.48554e-6 0 -1 -1.63928e-5 0 -1</float_array>
          <technique_common>
            <accessor source="#ID2786_003-mesh-normals-array" count="2224" stride="3">
              <param name="X" type="float"/>
              <param name="Y" type="float"/>
              <param name="Z" type="float"/>
            </accessor>
          </technique_common>
        </source>
        <source id="ID2786_003-mesh-map-0">
          <float_array id="ID2786_003-mesh-map-0-array" count="18384">0 0 0 0 0 0 0 0 0 0 0 0 0 0 0 0 0 0 0 0 0 0 0 0 0 0 0 0 0 0 0 0 0 0 0 0 0 0 0 0 0 0 0 0 0 0 0 0 0 0 0 0 0 0 0 0 0 0 0 0 0 0 0 0 0 0 0 0 0 0 0 0 0 0 0 0 0 0 0 0 0 0 0 0 0 0 0 0 0 0 0 0 0 0 0 0 0 0 0 0 0 0 0 0 0 0 0 0 0 0 0 0 0 0 0 0 0 0 0 0 0 0 0 0 0 0 0 0 0 0 0 0 0 0 0 0 0 0 0 0 0 0 0 0 0 0 0 0 0 0 0 0 0 0 0 0 0 0 0 0 0 0 0 0 0 0 0 0 0 0 0 0 0 0 0 0 0 0 0 0 0 0 0 0 0 0 0 0 0 0 0 0 0 0 0 0 0 0 0 0 0 0 0 0 0 0 0 0 0 0 0 0 0 0 0 0 0 0 0 0 0 0 0 0 0 0 0 0 0 0 0 0 0 0 0 0 0 0 0 0 0 0 0 0 0 0 0 0 0 0 0 0 0 0 0 0 0 0 0 0 0 0 0 0 0 0 0 0 0 0 0 0 0 0 0 0 0 0 0 0 0 0 0 0 0 0 0 0 0 0 0 0 0 0 0 0 0 0 0 0 0 0 0 0 0 0 0 0 0 0 0 0 0 0 0 0 0 0 0 0 0 0 0 0 0 0 0 0 0 0 0 0 0 0 0 0 0 0 0 0 0 0 0 0 0 0 0 0 0 0 0 0 0 0 0 0 0 0 0 0 0 0 0 0 0 0 0 0 0 0 0 0 0 0 0 0 0 0 0 0 0 0 0 0 0 0 0 0 0 0 0 0 0 0 0 0 0 0 0 0 0 0 0 0 0 0 0 0 0 0 0 0 0 0 0 0 0 0 0 0 0 0 0 0 0 0 0 0 0 0 0 0 0 0 0 0 0 0 0 0 0 0 0 0 0 0 0 0 0 0 0 0 0 0 0 0 0 0 0 0 0 0 0 0 0 0 0 0 0 0 0 0 0 0 0 0 0 0 0 0 0 0 0 0 0 0 0 0 0 0 0 0 0 0 0 0 0 0 0 0 0 0 0 0 0 0 0 0 0 0 0 0 0 0 0 0 0 0 0 0 0 0 0 0 0 0 0 0 0 0 0 0 0 0 0 0 0 0 0 0 0 0 0 0 0 0 0 0 0 0 0 0 0 0 0 0 0 0 0 0 0 0 0 0 0 0 0 0 0 0 0 0 0 0 0 0 0 0 0 0 0 0 0 0 0 0 0 0 0 0 0 0 0 0 0 0 0 0 0 0 0 0 0 0 0 0 0 0 0 0 0 0 0 0 0 0 0 0 0 0 0 0 0 0 0 0 0 0 0 0 0 0 0 0 0 0 0 0 0 0 0 0 0 0 0 0 0 0 0 0 0 0 0 0 0 0 0 0 0 0 0 0 0 0 0 0 0 0 0 0 0 0 0 0 0 0 0 0 0 0 0 0 0 0 0 0 0 0 0 0 0 0 0 0 0 0 0 0 0 0 0 0 0 0 0 0 0 0 0 0 0 0 0 0 0 0 0 0 0 0 0 0 0 0 0 0 0 0 0 0 0 0 0 0 0 0 0 0 0 0 0 0 0 0 0 0 0 0 0 0 0 0 0 0 0 0 0 0 0 0 0 0 0 0 0 0 0 0 0 0 0 0 0 0 0 0 0 0 0 0 0 0 0 0 0 0 0 0 0 0 0 0 0 0 0 0 0 0 0 0 0 0 0 0 0 0 0 0 0 0 0 0 0 0 0 0 0 0 0 0 0 0 0 0 0 0 0 0 0 0 0 0 0 0 0 0 0 0 0 0 0 0 0 0 0 0 0 0 0 0 0 0 0 0 0 0 0 0 0 0 0 0 0 0 0 0 0 0 0 0 0 0 0 0 0 0 0 0 0 0 0 0 0 0 0 0 0 0 0 0 0 0 0 0 0 0 0 0 0 0 0 0 0 0 0 0 0 0 0 0 0 0 0 0 0 0 0 0 0 0 0 0 0 0 0 0 0 0 0 0 0 0 0 0 0 0 0 0 0 0 0 0 0 0 0 0 0 0 0 0 0 0 0 0 0 0 0 0 0 0 0 0 0 0 0 0 0 0 0 0 0 0 0 0 0 0 0 0 0 0 0 0 0 0 0 0 0 0 0 0 0 0 0 0 0 0 0 0 0 0 0 0 0 0 0 0 0 0 0 0 0 0 0 0 0 0 0 0 0 0 0 0 0 0 0 0 0 0 0 0 0 0 0 0 0 0 0 0 0 0 0 0 0 0 0 0 0 0 0 0 0 0 0 0 0 0 0 0 0 0 0 0 0 0 0 0 0 0 0 0 0 0 0 0 0 0 0 0 0 0 0 0 0 0 0 0 0 0 0 0 0 0 0 0 0 0 0 0 0 0 0 0 0 0 0 0 0 0 0 0 0 0 0 0 0 0 0 0 0 0 0 0 0 0 0 0 0 0 0 0 0 0 0 0 0 0 0 0 0 0 0 0 0 0 0 0 0 0 0 0 0 0 0 0 0 0 0 0 0 0 0 0 0 0 0 0 0 0 0 0 0 0 0 0 0 0 0 0 0 0 0 0 0 0 0 0 0 0 0 0 0 0 0 0 0 0 0 0 0 0 0 0 0 0 0 0 0 0 0 0 0 0 0 0 0 0 0 0 0 0 0 0 0 0 0 0 0 0 0 0 0 0 0 0 0 0 0 0 0 0 0 0 0 0 0 0 0 0 0 0 0 0 0 0 0 0 0 0 0 0 0 0 0 0 0 0 0 0 0 0 0 0 0 0 0 0 0 0 0 0 0 0 0 0 0 0 0 0 0 0 0 0 0 0 0 0 0 0 0 0 0 0 0 0 0 0 0 0 0 0 0 0 0 0 0 0 0 0 0 0 0 0 0 0 0 0 0 0 0 0 0 0 0 0 0 0 0 0 0 0 0 0 0 0 0 0 0 0 0 0 0 0 0 0 0 0 0 0 0 0 0 0 0 0 0 0 0 0 0 0 0 0 0 0 0 0 0 0 0 0 0 0 0 0 0 0 0 0 0 0 0 0 0 0 0 0 0 0 0 0 0 0 0 0 0 0 0 0 0 0 0 0 0 0 0 0 0 0 0 0 0 0 0 0 0 0 0 0 0 0 0 0 0 0 0 0 0 0 0 0 0 0 0 0 0 0 0 0 0 0 0 0 0 0 0 0 0 0 0 0 0 0 0 0 0 0 0 0 0 0 0 0 0 0 0 0 0 0 0 0 0 0 0 0 0 0 0 0 0 0 0 0 0 0 0 0 0 0 0 0 0.01259207 0.6762003 0.01173162 0.9669408 0.0117287 0.6827508 0.01173162 0.9669408 0.01259207 0.6762003 0.01259517 0.9734922 0.01259517 0.9734922 0.01259207 0.6762003 0.01445186 0.6717169 0.01259517 0.9734922 0.01445186 0.6717169 0.01445448 0.9779752 0.01445448 0.9779752 0.01445186 0.6717169 0.01745557 0.6678065 0.01445448 0.9779752 0.01745557 0.6678065 0.01745676 0.9818854 0.01745676 0.9818854 0.01745557 0.6678065 0.02138906 0.6647881 0.01745676 0.9818854 0.02138906 0.6647881 0.02138763 0.984904 0.02138763 0.984904 0.02138906 0.6647881 0.02593433 0.9867959 0.02593433 0.9867959 0.02138906 0.6647881 0.0259397 0.662898 0.02593433 0.9867959 0.0259397 0.662898 0.03256285 0.662013 0.02593433 0.9867959 0.03256285 0.662013 0.03254884 0.9876852 0.03254884 0.9876852 0.03256285 0.662013 0.1100277 0.8046143 0.1100277 0.8046143 0.03256285 0.662013 0.1166315 0.7957723 0.1166315 0.7957723 0.03256285 0.662013 0.2600753 0.6619517 0.03254884 0.9876852 0.1100277 0.8046143 0.1059525 0.8147981 0.03254884 0.9876852 0.1059525 0.8147981 0.1045924 0.8255022 0.1166315 0.7957723 0.2600753 0.6619517 0.1253117 0.7890564 0.1253117 0.7890564 0.2600753 0.6619517 0.1354304 0.7848152 0.1354304 0.7848152 0.2600753 0.6619517 0.1462957 0.7833378 0.1462957 0.7833378 0.2600753 0.6619517 0.1571657 0.7847236 0.1571657 0.7847236 0.2600753 0.6619517 0.1672983 0.7888761 0.1672983 0.7888761 0.2600753 0.6619517 0.1760028 0.7955093 0.1760028 0.7955093 0.2600753 0.6619517 0.1826866 0.8041673 0.1826866 0.8041673 0.2600753 0.6619517 0.1868957 0.8142579 0.1868957 0.8142579 0.2600753 0.6619517 0.188345 0.8250911 0.188345 0.8250911 0.2600753 0.6619517 0.2598493 0.9881067 0.2598493 0.9881067 0.2600753 0.6619517 0.2664784 0.9872267 0.2664784 0.9872267 0.2600753 0.6619517 0.266709 0.6628406 0.2664784 0.9872267 0.266709 0.6628406 0.2710358 0.985338 0.2710358 0.985338 0.266709 0.6628406 0.2712669 0.664735 0.2710358 0.985338 0.2712669 0.664735 0.2749762 0.9823191 0.2749762 0.9823191 0.2712669 0.664735 0.2752052 0.6677599 0.2749762 0.9823191 0.2752052 0.6677599 0.2782114 0.6716784 0.2749762 0.9823191 0.2782114 0.6716784 0.2779868 0.9784055 0.2779868 0.9784055 0.2782114 0.6716784 0.2798525 0.9739172 0.2798525 0.9739172 0.2782114 0.6716784 0.2800712 0.6761703 0.2798525 0.9739172 0.2800712 0.6761703 0.280722 0.9673567 0.280722 0.9673567 0.2800712 0.6761703 0.2809311 0.6827323 0.03254884 0.9876852 0.1169388 0.8549254 0.2598493 0.9881067 0.1169388 0.8549254 0.03254884 0.9876852 0.1102642 0.8462944 0.1102642 0.8462944 0.03254884 0.9876852 0.1060621 0.836258 0.1060621 0.836258 0.03254884 0.9876852 0.1045924 0.8255022 0.2598493 0.9881067 0.1169388 0.8549254 0.1256005 0.8615545 0.2598493 0.9881067 0.1256005 0.8615545 0.1356894 0.865715 0.2598493 0.9881067 0.1356894 0.865715 0.1465176 0.8671206 0.2598493 0.9881067 0.1465176 0.8671206 0.1573469 0.8656731 0.2598493 0.9881067 0.1573469 0.8656731 0.1674389 0.8614683 0.2598493 0.9881067 0.1674389 0.8614683 0.1761053 0.8547902 0.2598493 0.9881067 0.1761053 0.8547902 0.1827537 0.8460909 0.2598493 0.9881067 0.1827537 0.8460909 0.1869292 0.8359615 0.2598493 0.9881067 0.1869292 0.8359615 0.188345 0.8250911 0.01745676 0.9818854 0.01530075 0.9950984 0.009128034 0.9903528 0.01530075 0.9950984 0.01745676 0.9818854 0.02138763 0.984904 0.01445448 0.9779752 0.009128034 0.9903528 0.004398643 0.9841859 0.009128034 0.9903528 0.01445448 0.9779752 0.01745676 0.9818854 0.01259517 0.9734922 0.004398643 0.9841859 0.001440584 0.9770548 0.004398643 0.9841859 0.01259517 0.9734922 0.01445448 0.9779752 0.01173162 0.9669408 0.001440584 0.9770548 2.77756e-4 0.9683363 0.001440584 0.9770548 0.01173162 0.9669408 0.01259517 0.9734922 0.0117287 0.6827508 2.77756e-4 0.9683363 2.77756e-4 0.6813565 2.77756e-4 0.9683363 0.0117287 0.6827508 0.01173162 0.9669408 0.001436948 0.6726404 0.0117287 0.6827508 2.77756e-4 0.6813565 0.0117287 0.6827508 0.001436948 0.6726404 0.01259207 0.6762003 0.004391133 0.6655073 0.01259207 0.6762003 0.001436948 0.6726404 0.01259207 0.6762003 0.004391133 0.6655073 0.01445186 0.6717169 0.009118735 0.659335 0.01445186 0.6717169 0.004391133 0.6655073 0.01445186 0.6717169 0.009118735 0.659335 0.01745557 0.6678065 0.01529425 0.6545816 0.01745557 0.6678065 0.009118735 0.659335 0.01745557 0.6678065 0.01529425 0.6545816 0.02138906 0.6647881 0.02246826 0.6515901 0.02138906 0.6647881 0.01529425 0.6545816 0.02138906 0.6647881 0.02246826 0.6515901 0.0259397 0.662898 0.03124731 0.6504026 0.0259397 0.662898 0.02246826 0.6515901 0.0259397 0.662898 0.03124731 0.6504026 0.03256285 0.662013 0.2613936 0.6503178 0.03256285 0.662013 0.03124731 0.6504026 0.03256285 0.662013 0.2613936 0.6503178 0.2600753 0.6619517 0.2613936 0.6503178 0.266709 0.6628406 0.2600753 0.6619517 0.266709 0.6628406 0.2613936 0.6503178 0.2701923 0.6515095 0.2701923 0.6515095 0.2712669 0.664735 0.266709 0.6628406 0.2712669 0.664735 0.2701923 0.6515095 0.2773799 0.6545117 0.2773799 0.6545117 0.2752052 0.6677599 0.2712669 0.664735 0.2752052 0.6677599 0.2773799 0.6545117 0.2835639 0.659279 0.2835639 0.659279 0.2782114 0.6716784 0.2752052 0.6677599 0.2782114 0.6716784 0.2835639 0.659279 0.2882945 0.665466 0.2882945 0.665466 0.2800712 0.6761703 0.2782114 0.6716784 0.2800712 0.6761703 0.2882945 0.665466 0.2912477 0.672613 0.2912477 0.672613 0.2809311 0.6827323 0.2800712 0.6761703 0.2809311 0.6827323 0.2912477 0.672613 0.2924031 0.6813437 0.2924031 0.6813437 0.280722 0.9673567 0.2809311 0.6827323 0.280722 0.9673567 0.2924031 0.6813437 0.2921898 0.9687625 0.280722 0.9673567 0.2910208 0.9774916 0.2798525 0.9739172 0.2910208 0.9774916 0.280722 0.9673567 0.2921898 0.9687625 0.2798525 0.9739172 0.2880555 0.9846321 0.2779868 0.9784055 0.2880555 0.9846321 0.2798525 0.9739172 0.2910208 0.9774916 0.2779868 0.9784055 0.2833154 0.9908081 0.2749762 0.9823191 0.2833154 0.9908081 0.2779868 0.9784055 0.2880555 0.9846321 0.2749762 0.9823191 0.2771267 0.9955607 0.2710358 0.985338 0.2771267 0.9955607 0.2749762 0.9823191 0.2833154 0.9908081 0.2710358 0.985338 0.2699409 0.9985466 0.2664784 0.9872267 0.2699409 0.9985466 0.2710358 0.985338 0.2771267 0.9955607 0.2664784 0.9872267 0.2611523 0.9997223 0.2598493 0.9881067 0.2611523 0.9997223 0.2664784 0.9872267 0.2699409 0.9985466 0.03254884 0.9876852 0.2611523 0.9997223 0.0312255 0.9992682 0.2611523 0.9997223 0.03254884 0.9876852 0.2598493 0.9881067 0.02593433 0.9867959 0.0312255 0.9992682 0.02246534 0.9980825 0.0312255 0.9992682 0.02593433 0.9867959 0.03254884 0.9876852 0.02138763 0.984904 0.02246534 0.9980825 0.01530075 0.9950984 0.02246534 0.9980825 0.02138763 0.984904 0.02593433 0.9867959 0.5942406 0.7486847 0.5936325 0.7640868 0.5853719 0.7576434 0.5936325 0.7640868 0.5942406 0.7486847 0.6003023 0.7533546 0.5896146 0.7426229 0.5853719 0.7576434 0.5790696 0.7493177 0.5853719 0.7576434 0.5896146 0.7426229 0.5942406 0.7486847 0.5867369 0.7355995 0.5790696 0.7493177 0.5751252 0.7397297 0.5790696 0.7493177 0.5867369 0.7355995 0.5896146 0.7426229 0.5855928 0.7269329 0.5751252 0.7397297 0.5736179 0.7290146 0.5751252 0.7397297 0.5855928 0.7269329 0.5867369 0.7355995 0.5855698 0.4401537 0.5736179 0.7290146 0.573618 0.438026 0.5736179 0.7290146 0.5855698 0.4401537 0.5855928 0.7269329 0.5751741 0.4273021 0.5855698 0.4401537 0.573618 0.438026 0.5855698 0.4401537 0.5751741 0.4273021 0.5867968 0.4315291 0.5791843 0.4176821 0.5867968 0.4315291 0.5751741 0.4273021 0.5867968 0.4315291 0.5791843 0.4176821 0.5897676 0.4244822 0.5855435 0.4093267 0.5897676 0.4244822 0.5791843 0.4176821 0.5897676 0.4244822 0.5855435 0.4093267 0.5944655 0.4183666 0.5938428 0.4028472 0.5944655 0.4183666 0.5855435 0.4093267 0.5944655 0.4183666 0.5938428 0.4028472 0.6005796 0.41363 0.6035024 0.3986947 0.6005796 0.41363 0.5938428 0.4028472 0.6005796 0.41363 0.6035024 0.3986947 0.6076788 0.4106161 0.6143988 0.3970364 0.6076788 0.4106161 0.6035024 0.3986947 0.6076788 0.4106161 0.6143988 0.3970364 0.6163814 0.4093718 0.8493224 0.3968497 0.6163814 0.4093718 0.6143988 0.3970364 0.6163814 0.4093718 0.8493224 0.3968497 0.8473824 0.409216 0.8493224 0.3968497 0.8561165 0.4104144 0.8473824 0.409216 0.8561165 0.4104144 0.8493224 0.3968497 0.8602309 0.3984729 0.8602309 0.3984729 0.8632104 0.4133556 0.8561165 0.4104144 0.8632104 0.4133556 0.8602309 0.3984729 0.8698922 0.4025906 0.8698922 0.4025906 0.8692888 0.4180296 0.8632104 0.4133556 0.8692888 0.4180296 0.8698922 0.4025906 0.8781741 0.4090453 0.8781741 0.4090453 0.8739272 0.4241032 0.8692888 0.4180296 0.8739272 0.4241032 0.8781741 0.4090453 0.8844954 0.4173853 0.8844954 0.4173853 0.8768241 0.4311393 0.8739272 0.4241032 0.8768241 0.4311393 0.8844954 0.4173853 0.8884559 0.4269978 0.8884559 0.4269978 0.8779754 0.4398095 0.8768241 0.4311393 0.8779754 0.4398095 0.8884559 0.4269978 0.8899604 0.43774 0.8899604 0.43774 0.8768045 0.7264023 0.8779754 0.4398095 0.8768045 0.7264023 0.8899604 0.43774 0.8887833 0.7285713 0.8768045 0.7264023 0.8872108 0.7393348 0.8755483 0.7350918 0.8872108 0.7393348 0.8768045 0.7264023 0.8887833 0.7285713 0.8755483 0.7350918 0.8832001 0.7489722 0.8725907 0.742183 0.8832001 0.7489722 0.8755483 0.7350918 0.8872108 0.7393348 0.8725907 0.742183 0.8768475 0.757339 0.8679183 0.7483195 0.8768475 0.757339 0.8725907 0.742183 0.8832001 0.7489722 0.8679183 0.7483195 0.868547 0.7638194 0.8618281 0.7530517 0.868547 0.7638194 0.8679183 0.7483195 0.8768475 0.757339 0.8618281 0.7530517 0.8588764 0.7679498 0.8547439 0.7560343 0.8588764 0.7679498 0.8618281 0.7530517 0.868547 0.7638194 0.8547439 0.7560343 0.8479768 0.7695581 0.8460347 0.7572131 0.8479768 0.7695581 0.8547439 0.7560343 0.8588764 0.7679498 0.6160757 0.7575057 0.8479768 0.7695581 0.6141353 0.7698058 0.8479768 0.7695581 0.6160757 0.7575057 0.8460347 0.7572131 0.6073746 0.7563001 0.6141353 0.7698058 0.6032671 0.7681946 0.6141353 0.7698058 0.6073746 0.7563001 0.6160757 0.7575057 0.6003023 0.7533546 0.6032671 0.7681946 0.5936325 0.7640868 0.6032671 0.7681946 0.6003023 0.7533546 0.6073746 0.7563001 0.5977051 0.3714318 0.5988194 0.3884113 0.5888064 0.380636 0.5988194 0.3884113 0.5977051 0.3714318 0.6057315 0.3775776 0.5914375 0.3635355 0.5888064 0.380636 0.5810717 0.3707313 0.5888064 0.380636 0.5914375 0.3635355 0.5977051 0.3714318 0.5914375 0.3635355 0.5758887 0.3592701 0.5874692 0.3543132 0.5758887 0.3592701 0.5914375 0.3635355 0.5810717 0.3707313 0.5874692 0.3543132 0.5736179 0.3466939 0.5858575 0.3438658 0.5736179 0.3466939 0.5874692 0.3543132 0.5758887 0.3592701 0.5857582 0.05120152 0.5736179 0.3466939 0.5736179 0.04855436 0.5736179 0.3466939 0.5857582 0.05120152 0.5858575 0.3438658 0.5871187 0.04078221 0.5736179 0.04855436 0.5756474 0.03614336 0.5736179 0.04855436 0.5871187 0.04078221 0.5857582 0.05120152 0.5907998 0.03169763 0.5756474 0.03614336 0.5805234 0.02483433 0.5756474 0.03614336 0.5907998 0.03169763 0.5871187 0.04078221 0.5879176 0.01500344 0.5907998 0.03169763 0.5805234 0.02483433 0.5907998 0.03169763 0.5879176 0.01500344 0.596737 0.02389329 0.5977026 0.007226526 0.596737 0.02389329 0.5879176 0.01500344 0.596737 0.02389329 0.5977026 0.007226526 0.6045175 0.01790165 0.6092895 0.002182185 0.6045175 0.01790165 0.5977026 0.007226526 0.6045175 0.01790165 0.6092895 0.002182185 0.613631 0.01412642 0.6092895 0.002182185 0.6240984 0.01254421 0.613631 0.01412642 0.6240984 0.01254421 0.6092895 0.002182185 0.6217375 2.7778e-4 0.6240984 0.01254421 0.8587679 9.92081e-4 0.8563314 0.01344442 0.8587679 9.92081e-4 0.6240984 0.01254421 0.6217375 2.7778e-4 0.8587679 9.92081e-4 0.8667646 0.01492494 0.8563314 0.01344442 0.8667646 0.01492494 0.8587679 9.92081e-4 0.8713252 0.003075659 0.8713252 0.003075659 0.8759102 0.01887154 0.8667646 0.01492494 0.8759102 0.01887154 0.8713252 0.003075659 0.8828815 0.008197247 0.8828815 0.008197247 0.8837508 0.02506637 0.8759102 0.01887154 0.8837508 0.02506637 0.8828815 0.008197247 0.8927387 0.01607781 0.8927387 0.01607781 0.8898211 0.03306335 0.8837508 0.02506637 0.8898211 0.03306335 0.8927387 0.01607781 0.9002628 0.02607315 0.9052262 0.03755837 0.8898211 0.03306335 0.9002628 0.02607315 0.8898211 0.03306335 0.9052262 0.03755837 0.8936112 0.04234772 0.9073447 0.05006062 0.8936112 0.04234772 0.9052262 0.03755837 0.8936112 0.04234772 0.9073447 0.05006062 0.8951805 0.0528618 0.9099198 0.3474531 0.8951805 0.0528618 0.9073447 0.05006062 0.8951805 0.0528618 0.9099198 0.3474531 0.8976951 0.3448437 0.9099198 0.3474531 0.8963239 0.3553154 0.8976951 0.3448437 0.8963239 0.3553154 0.9099198 0.3474531 0.9079114 0.359962 0.9079114 0.359962 0.892642 0.3645063 0.8963239 0.3553154 0.892642 0.3645063 0.9079114 0.359962 0.9030399 0.3713912 0.892642 0.3645063 0.8956191 0.3813455 0.8866826 0.3724108 0.8956191 0.3813455 0.892642 0.3645063 0.9030399 0.3713912 0.8866826 0.3724108 0.8857727 0.3892352 0.8788606 0.3784815 0.8857727 0.3892352 0.8866826 0.3724108 0.8956191 0.3813455 0.8788606 0.3784815 0.8740803 0.3943676 0.869695 0.3823094 0.8740803 0.3943676 0.8788606 0.3784815 0.8857727 0.3892352 0.8740803 0.3943676 0.8591068 0.3838689 0.869695 0.3823094 0.8591068 0.3838689 0.8740803 0.3943676 0.8614881 0.3962941 0.8614881 0.3962941 0.6254788 0.3831228 0.8591068 0.3838689 0.6254788 0.3831228 0.8614881 0.3962941 0.6230085 0.3955599 0.6230085 0.3955599 0.6150088 0.3815398 0.6254788 0.3831228 0.6150088 0.3815398 0.6230085 0.3955599 0.6104453 0.3934666 0.6057315 0.3775776 0.6104453 0.3934666 0.5988194 0.3884113 0.6104453 0.3934666 0.6057315 0.3775776 0.6150088 0.3815398 0.4208535 0.1428377 0.4227987 0.1570843 0.4150274 0.1511004 0.4227987 0.1570843 0.4208535 0.1428377 0.4295621 0.1501008 0.4227987 0.1570843 0.436655 0.1588636 0.4287252 0.1648132 0.436655 0.1588636 0.4227987 0.1570843 0.4295621 0.1501008 0.4287252 0.1648132 0.4421164 0.1692918 0.4325278 0.1741108 0.4421164 0.1692918 0.4287252 0.1648132 0.436655 0.1588636 0.4325278 0.1741108 0.4459244 0.1816871 0.4343655 0.1850685 0.4459244 0.1816871 0.4325278 0.1741108 0.4421164 0.1692918 0.4376749 0.4548833 0.4459244 0.1816871 0.4490798 0.4585485 0.4459244 0.1816871 0.4376749 0.4548833 0.4343655 0.1850685 0.4352937 0.4651635 0.4490798 0.4585485 0.4445338 0.470728 0.4490798 0.4585485 0.4352937 0.4651635 0.4376749 0.4548833 0.4303712 0.4743082 0.4445338 0.470728 0.43837 0.4810384 0.4445338 0.470728 0.4303712 0.4743082 0.4352937 0.4651635 0.4236486 0.4823276 0.43837 0.4810384 0.430743 0.4899755 0.43837 0.4810384 0.4236486 0.4823276 0.4303712 0.4743082 0.430743 0.4899755 0.4155646 0.4890298 0.4236486 0.4823276 0.4155646 0.4890298 0.430743 0.4899755 0.4217352 0.497569 0.4217352 0.497569 0.4063544 0.4940433 0.4155646 0.4890298 0.4063544 0.4940433 0.4217352 0.497569 0.4113566 0.5036672 0.4113566 0.5036672 0.396 0.4967772 0.4063544 0.4940433 0.396 0.4967772 0.4113566 0.5036672 0.3994421 0.5079911 0.396 0.4967772 0.175395 0.5103705 0.1782513 0.498367 0.175395 0.5103705 0.396 0.4967772 0.3994421 0.5079911 0.175395 0.5103705 0.1668783 0.4967103 0.1782513 0.498367 0.1668783 0.4967103 0.175395 0.5103705 0.1625283 0.5069223 0.1625283 0.5069223 0.1571139 0.4929427 0.1668783 0.4967103 0.1571139 0.4929427 0.1625283 0.5069223 0.1515416 0.5016108 0.1515416 0.5016108 0.1489268 0.4870256 0.1571139 0.4929427 0.1489268 0.4870256 0.1515416 0.5016108 0.1422267 0.4945409 0.1344214 0.4857215 0.1489268 0.4870256 0.1422267 0.4945409 0.1489268 0.4870256 0.1344214 0.4857215 0.142551 0.4791143 0.128125 0.4749643 0.142551 0.4791143 0.1344214 0.4857215 0.142551 0.4791143 0.128125 0.4749643 0.1380139 0.4693669 0.123487 0.4619589 0.1380139 0.4693669 0.128125 0.4749643 0.1380139 0.4693669 0.123487 0.4619589 0.1354087 0.4579862 0.1292183 0.1884071 0.1354087 0.4579862 0.123487 0.4619589 0.1354087 0.4579862 0.1292183 0.1884071 0.1406909 0.1925261 0.1292183 0.1884071 0.1436451 0.1816219 0.1406909 0.1925261 0.1436451 0.1816219 0.1292183 0.1884071 0.1339361 0.1757966 0.1339361 0.1757966 0.1486918 0.1718378 0.1436451 0.1816219 0.1486918 0.1718378 0.1339361 0.1757966 0.1402695 0.165009 0.1402695 0.165009 0.1552532 0.1634439 0.1486918 0.1718378 0.1552532 0.1634439 0.1402695 0.165009 0.1480596 0.1557973 0.1480596 0.1557973 0.1631348 0.1568067 0.1552532 0.1634439 0.1631348 0.1568067 0.1480596 0.1557973 0.1572722 0.1482697 0.1572722 0.1482697 0.172313 0.1523428 0.1631348 0.1568067 0.172313 0.1523428 0.1572722 0.1482697 0.1679207 0.142639 0.1679207 0.142639 0.1830639 0.1505208 0.172313 0.1523428 0.1830639 0.1505208 0.1679207 0.142639 0.1800917 0.1390929 0.1800917 0.1390929 0.3945864 0.1447726 0.1830639 0.1505208 0.3945864 0.1447726 0.1800917 0.1390929 0.3977782 0.1329764 0.3977782 0.1329764 0.4055649 0.1469763 0.3945864 0.1447726 0.4055649 0.1469763 0.3977782 0.1329764 0.4103502 0.1370828 0.4103502 0.1370828 0.4150274 0.1511004 0.4055649 0.1469763 0.4150274 0.1511004 0.4103502 0.1370828 0.4208535 0.1428377 0.528667 0.02704274 0.4295621 0.1501008 0.4208535 0.1428377 0.4295621 0.1501008 0.528667 0.02704274 0.5413386 0.03925603 0.4295621 0.1501008 0.5530261 0.05243551 0.436655 0.1588636 0.5530261 0.05243551 0.4295621 0.1501008 0.5413386 0.03925603 0.436655 0.1588636 0.5635948 0.06653261 0.4421164 0.1692918 0.5635948 0.06653261 0.436655 0.1588636 0.5530261 0.05243551 0.4421164 0.1692918 0.5730625 0.08136141 0.4459244 0.1816871 0.5730625 0.08136141 0.4421164 0.1692918 0.5635948 0.06653261 0.4490798 0.4585485 0.5730625 0.08136141 0.5689566 0.5633727 0.5730625 0.08136141 0.4490798 0.4585485 0.4459244 0.1816871 0.4445338 0.470728 0.5689566 0.5633727 0.5592002 0.5774095 0.5689566 0.5633727 0.4445338 0.470728 0.4490798 0.4585485 0.43837 0.4810384 0.5592002 0.5774095 0.548435 0.5907166 0.5592002 0.5774095 0.43837 0.4810384 0.4445338 0.470728 0.430743 0.4899755 0.548435 0.5907166 0.536638 0.6031187 0.548435 0.5907166 0.430743 0.4899755 0.43837 0.4810384 0.536638 0.6031187 0.4217352 0.497569 0.430743 0.4899755 0.4217352 0.497569 0.536638 0.6031187 0.5238702 0.6144811 0.5238702 0.6144811 0.4113566 0.5036672 0.4217352 0.497569 0.4113566 0.5036672 0.5238702 0.6144811 0.5102616 0.6247351 0.5102616 0.6247351 0.3994421 0.5079911 0.4113566 0.5036672 0.3994421 0.5079911 0.5102616 0.6247351 0.4960349 0.6338689 0.3994421 0.5079911 0.08107781 0.6497623 0.175395 0.5103705 0.08107781 0.6497623 0.3994421 0.5079911 0.4960349 0.6338689 0.08107781 0.6497623 0.1625283 0.5069223 0.175395 0.5103705 0.1625283 0.5069223 0.08107781 0.6497623 0.06527024 0.6405389 0.06527024 0.6405389 0.1515416 0.5016108 0.1625283 0.5069223 0.1515416 0.5016108 0.06527024 0.6405389 0.0502572 0.6300684 0.0502572 0.6300684 0.1422267 0.4945409 0.1515416 0.5016108 0.1422267 0.4945409 0.0502572 0.6300684 0.03621548 0.6183822 0.02314132 0.6056374 0.1422267 0.4945409 0.03621548 0.6183822 0.1422267 0.4945409 0.02314132 0.6056374 0.1344214 0.4857215 0.01116842 0.5918754 0.1344214 0.4857215 0.02314132 0.6056374 0.1344214 0.4857215 0.01116842 0.5918754 0.128125 0.4749643 2.77781e-4 0.5772919 0.128125 0.4749643 0.01116842 0.5918754 0.128125 0.4749643 2.77781e-4 0.5772919 0.123487 0.4619589 2.77759e-4 0.07581657 0.123487 0.4619589 2.77781e-4 0.5772919 0.123487 0.4619589 2.77759e-4 0.07581657 0.1292183 0.1884071 2.77759e-4 0.07581657 0.1339361 0.1757966 0.1292183 0.1884071 0.1339361 0.1757966 2.77759e-4 0.07581657 0.01113003 0.06054466 0.01113003 0.06054466 0.1402695 0.165009 0.1339361 0.1757966 0.1402695 0.165009 0.01113003 0.06054466 0.0231322 0.04612666 0.0231322 0.04612666 0.1480596 0.1557973 0.1402695 0.165009 0.1480596 0.1557973 0.0231322 0.04612666 0.0362975 0.03276574 0.0362975 0.03276574 0.1572722 0.1482697 0.1480596 0.1557973 0.1572722 0.1482697 0.0362975 0.03276574 0.05053514 0.02062332 0.05053514 0.02062332 0.1679207 0.142639 0.1572722 0.1482697 0.1679207 0.142639 0.05053514 0.02062332 0.06566435 0.009787201 0.06566435 0.009787201 0.1800917 0.1390929 0.1679207 0.142639 0.1800917 0.1390929 0.06566435 0.009787201 0.08140158 2.77783e-4 0.08140158 2.77783e-4 0.3977782 0.1329764 0.1800917 0.1390929 0.3977782 0.1329764 0.08140158 2.77783e-4 0.500504 0.005957841 0.500504 0.005957841 0.4103502 0.1370828 0.3977782 0.1329764 0.4103502 0.1370828 0.500504 0.005957841 0.5149986 0.01593381 0.5149986 0.01593381 0.4208535 0.1428377 0.4103502 0.1370828 0.4208535 0.1428377 0.5149986 0.01593381 0.528667 0.02704274 0.4962868 0.6806817 0.4992361 0.6661076 0.4992361 0.680607 0.4992361 0.6661076 0.4962868 0.6806817 0.4962868 0.6660081 0.5172411 0.680471 0.5142989 0.6660229 0.5172412 0.6659716 0.5142989 0.6660229 0.5172411 0.680471 0.5142989 0.6806967 0.5504418 0.680469 0.547522 0.6661609 0.5504418 0.6659693 0.547522 0.6661609 0.5504418 0.680469 0.547522 0.680836 0.5577718 0.6648172 0.5548868 0.6506637 0.5577718 0.6503178 0.5548868 0.6506637 0.5577718 0.6648172 0.5548868 0.6653055 0.9104754 0.3455923 0.9133405 2.77762e-4 0.9133405 0.3460762 0.9133405 2.77762e-4 0.9104754 0.3455923 0.9104754 7.61927e-4 0.564653 0.650806 0.5617681 0.6649597 0.5617681 0.6503179 0.5617681 0.6649597 0.564653 0.650806 0.564653 0.6653054 0.5543313 0.6663362 0.5514115 0.6806443 0.5514115 0.665969 0.5514115 0.6806443 0.5543313 0.6663362 0.5543312 0.6808357 0.5212478 0.6661974 0.5183055 0.6806453 0.5183055 0.6659715 0.5183055 0.6806453 0.5212478 0.6661974 0.5212479 0.6806967 0.4997916 0.6806815 0.5027409 0.6660827 0.5027409 0.6805822 0.5027409 0.6660827 0.4997916 0.6806815 0.4997916 0.6660081 0.5289661 0.6807203 0.5319058 0.6659709 0.5319057 0.6804705 0.5319058 0.6659709 0.5289661 0.6807203 0.5289661 0.6660463 0.5686492 0.6806496 0.571564 0.6657615 0.571564 0.6802609 0.571564 0.6657615 0.5686492 0.6806496 0.5686492 0.6660089 0.2929586 0.9275776 0.295857 0.6507142 0.295857 0.927181 0.295857 0.6507142 0.2929586 0.9275776 0.2929586 0.6503178 0.5548868 0.665861 0.5578016 0.6807489 0.5548868 0.6803605 0.5578016 0.6807489 0.5548868 0.665861 0.5578016 0.6661082 0.5284106 0.666046 0.5254709 0.6804702 0.5254709 0.6659709 0.5254709 0.6804702 0.5284106 0.666046 0.5284106 0.6807203 0.5068013 0.6806814 0.5097506 0.6661075 0.5097507 0.680607 0.5097506 0.6661075 0.5068013 0.6806814 0.5068013 0.6660082 0.5218034 0.6660228 0.5247457 0.6804709 0.5218034 0.6806967 0.5247457 0.6804709 0.5218034 0.6660228 0.5247457 0.6659715 0.5401573 0.6661607 0.5430771 0.6804689 0.5401573 0.6808361 0.5430771 0.6804689 0.5401573 0.6661607 0.5430771 0.6659694 0.5680937 0.6649597 0.5652086 0.6508059 0.5680937 0.6503178 0.5652086 0.6508059 0.5680937 0.6649597 0.5652086 0.6653053 0.9115483 0.3968496 0.9144135 0.7421641 0.9115483 0.7426481 0.9144135 0.7421641 0.9115483 0.3968496 0.9144135 0.3973338 0.5612124 0.6506636 0.5583273 0.6648172 0.5583273 0.6503178 0.5583273 0.6648172 0.5612124 0.6506636 0.5612124 0.6653054 0.5469666 0.6661608 0.5440467 0.6804689 0.5440467 0.6659693 0.5440467 0.6804689 0.5469666 0.6661608 0.5469664 0.6808359 0.5137433 0.6660228 0.510801 0.680471 0.510801 0.6659716 0.510801 0.680471 0.5137433 0.6660228 0.5137432 0.6806967 0.5032965 0.6806815 0.5062459 0.6660826 0.5062457 0.680582 0.5062459 0.6660826 0.5032965 0.6806815 0.5032965 0.6660081 0.5329903 0.68072 0.53593 0.6659708 0.53593 0.6804701 0.53593 0.6659708 0.5329903 0.68072 0.5329905 0.666046 0.561768 0.6807488 0.5646829 0.665861 0.5646828 0.6803604 0.5646829 0.665861 0.561768 0.6807488 0.561768 0.6661081 0.9274523 2.77746e-4 0.924554 0.277141 0.924554 6.74111e-4 0.924554 0.277141 0.9274523 2.77746e-4 0.9274523 0.2775377 0.5686492 0.6649586 0.5715641 0.6507066 0.5715641 0.665206 0.5715641 0.6507066 0.5686492 0.6649586 0.5686494 0.6503179 0.5364857 0.6806446 0.5394253 0.6662204 0.5394253 0.68072 0.5394253 0.6662204 0.5364857 0.6806446 0.5364857 0.6659707 0.5401573 0.665191 0.5432841 0.6503178 0.5432841 0.6654139 0.5432841 0.6503178 0.5401573 0.665191 0.5401573 0.6505174 0.5396018 0.6503995 0.5364857 0.6654153 0.5364857 0.6503179 0.5364857 0.6654153 0.5396018 0.6503995 0.5396017 0.6650733 0.4926505 0.6507923 0.4957313 0.665421 0.4926505 0.6654674 0.4957313 0.665421 0.4926505 0.6507923 0.4957313 0.6503178 0.4811858 0.6649596 0.4781606 0.6505698 0.4811858 0.6503178 0.4781606 0.6505698 0.4811858 0.6649596 0.4781606 0.6655443 0.9080005 0.7431593 0.9109928 0.3968496 0.9109928 0.7436706 0.9109928 0.3968496 0.9080005 0.7431593 0.9080005 0.3973609 0.4704437 0.6509026 0.4674184 0.6652925 0.4674184 0.6503179 0.4674184 0.6652925 0.4704437 0.6509026 0.4704436 0.6655445 0.4890141 0.6649931 0.4920949 0.6503642 0.4920949 0.6654674 0.4920949 0.6503642 0.4890141 0.6649931 0.489014 0.6503178 0.5291424 0.6503179 0.5322585 0.6653337 0.5291424 0.6654154 0.5322585 0.6653337 0.5291424 0.6503179 0.5322585 0.6506599 0.5469665 0.6654137 0.5438396 0.6505407 0.5469664 0.6503178 0.5438396 0.6505407 0.5469665 0.6654137 0.5438396 0.6652143 0.518136 0.6503179 0.5212478 0.6650515 0.518136 0.665416 0.5212478 0.6650515 0.518136 0.6503179 0.5212478 0.6503775 0.5029884 0.6503179 0.4999154 0.6654527 0.4999154 0.650812 0.4999154 0.6654527 0.5029884 0.6503179 0.5029884 0.6652879 0.9250715 0.6745439 0.9220249 0.3968496 0.9250715 0.397284 0.9220249 0.3968496 0.9250715 0.6745439 0.9220249 0.674978 0.5071725 0.6652875 0.5102455 0.6508119 0.5102455 0.6654525 0.5102455 0.6508119 0.5071725 0.6652875 0.5071725 0.6503178 0.5144685 0.6654162 0.5175804 0.6506823 0.5175804 0.6653565 0.5175804 0.6506823 0.5144685 0.6654162 0.5144685 0.6503179 0.5512045 0.6654136 0.5543313 0.6505408 0.5543313 0.665214 0.5543313 0.6505408 0.5512045 0.6654136 0.5512045 0.6503179 0.5254709 0.6654154 0.5285869 0.6503996 0.5285869 0.6650734 0.5285869 0.6503996 0.5254709 0.6654154 0.5254709 0.6503178 0.4853779 0.6503643 0.4884585 0.6649932 0.4853777 0.6654675 0.4884585 0.6649932 0.4853779 0.6503643 0.4884585 0.6503179 0.4709991 0.6505698 0.4740241 0.6649597 0.4709991 0.6655445 0.4740241 0.6649597 0.4709991 0.6505698 0.4740243 0.6503179 0.9044527 0.3968496 0.907445 0.7431594 0.9044528 0.7436707 0.907445 0.7431594 0.9044527 0.3968496 0.907445 0.3973609 0.4776051 0.6505697 0.4745799 0.6649596 0.4745799 0.6503178 0.4745799 0.6649596 0.4776051 0.6505697 0.4776049 0.6655443 0.4817413 0.665421 0.4848222 0.6507923 0.4848219 0.6654675 0.4848222 0.6507923 0.4817413 0.665421 0.4817413 0.6503178 0.5359301 0.6653336 0.532814 0.6503179 0.53593 0.6506599 0.532814 0.6503179 0.5359301 0.6653336 0.532814 0.6654153 0.5506489 0.6651908 0.547522 0.6503178 0.5506488 0.6505174 0.547522 0.6503178 0.5506489 0.6651908 0.547522 0.6654136 0.5139129 0.6650516 0.510801 0.6503178 0.513913 0.6503774 0.510801 0.6503178 0.5139129 0.6650516 0.510801 0.6654161 0.5035439 0.6654525 0.506617 0.6503178 0.506617 0.6649585 0.506617 0.6503178 0.5035439 0.6654525 0.503544 0.6504828 0.9239984 2.77746e-4 0.9209519 0.2779721 0.9209519 7.12166e-4 0.9209519 0.2779721 0.9239984 2.77746e-4 0.9239985 0.2784062 0.4962869 0.6652879 0.4993599 0.6508119 0.4993598 0.6654526 0.4993599 0.6508119 0.4962869 0.6652879 0.4962869 0.6503179 0.5218033 0.6650513 0.5249152 0.6503178 0.5249152 0.6654159 0.5249152 0.6503178 0.5218033 0.6650513 0.5218033 0.6503775 0.4306609 0.6506302 0.4275339 0.6660203 0.4275339 0.6503177 0.4275339 0.6660203 0.4306609 0.6506302 0.4306606 0.6657263 0.4159528 0.6505203 0.4128369 0.666024 0.4128369 0.6503179 0.4128369 0.666024 0.4159528 0.6505203 0.415953 0.6656178 0.3903037 0.6504234 0.3872228 0.6660356 0.3872228 0.6503178 0.3872228 0.6660356 0.3903037 0.6504234 0.3903036 0.6655265 0.4416065 0.6503178 0.4385812 0.6658848 0.4385814 0.6504378 0.4385812 0.6658848 0.4416065 0.6503178 0.4416065 0.6652923 0.8973573 0.7441313 0.9003495 0.3968496 0.9003495 0.7445921 0.9003495 0.3968496 0.8973573 0.7441313 0.8973573 0.3973103 0.4451873 0.6658848 0.4421622 0.6503178 0.4451873 0.6504379 0.4421622 0.6503178 0.4451873 0.6658848 0.442162 0.6652924 0.383031 0.6660357 0.3799501 0.6504234 0.3830309 0.6503178 0.3799501 0.6504234 0.383031 0.6660357 0.3799502 0.6655265 0.4165085 0.6503178 0.4196245 0.6658215 0.4165085 0.6660239 0.4196245 0.6658215 0.4165085 0.6503178 0.4196245 0.6507239 0.4238517 0.6503179 0.4269785 0.6657079 0.4238517 0.6660205 0.4269785 0.6657079 0.4238517 0.6503179 0.4269785 0.650612 0.4018304 0.6503178 0.4049423 0.6656014 0.4018304 0.6660253 0.4049423 0.6656014 0.4018304 0.6503178 0.4049423 0.6505033 0.4529043 0.6503753 0.4559773 0.6652879 0.4529043 0.6658121 0.4559773 0.6652879 0.4529043 0.6503753 0.4559773 0.6503178 0.9173498 2.77746e-4 0.9203964 0.2788118 0.9173498 0.2792178 0.9203964 0.2788118 0.9173498 2.77746e-4 0.9203964 6.83334e-4 0.4668629 0.650375 0.4637899 0.6652876 0.4637899 0.6503179 0.4637899 0.6652876 0.4668629 0.650375 0.4668629 0.6658118 0.4012749 0.6503178 0.398163 0.6656017 0.3981631 0.6505033 0.398163 0.6656017 0.4012749 0.6503178 0.4012749 0.6660255 0.4343433 0.6503179 0.4312164 0.6657077 0.4312165 0.6506121 0.4312164 0.6657077 0.4343433 0.6503179 0.4343433 0.6660203 0.42018 0.6660239 0.423296 0.6505203 0.4232962 0.6656178 0.423296 0.6505203 0.42018 0.6660239 0.42018 0.6503178 0.3866673 0.6503179 0.3835865 0.6659302 0.3835866 0.6508271 0.3835865 0.6659302 0.3866673 0.6503179 0.3866673 0.6660357 0.4523487 0.6503179 0.4493235 0.6658848 0.4493235 0.6509101 0.4493235 0.6658848 0.4523487 0.6503179 0.4523486 0.6657648 0.900905 0.7445921 0.9038972 0.3973103 0.9038972 0.7441313 0.9038972 0.3973103 0.900905 0.7445921 0.900905 0.3968496 0.4487679 0.6658847 0.4457428 0.6503177 0.448768 0.6509102 0.4457428 0.6503177 0.4487679 0.6658847 0.4457428 0.6657648 0.3939401 0.66593 0.3908593 0.6503178 0.39394 0.6508269 0.3908593 0.6503178 0.3939401 0.66593 0.3908593 0.6660355 0.4122812 0.6658215 0.4091652 0.6503179 0.4122813 0.6507241 0.4091652 0.6503179 0.4122812 0.6658215 0.4091652 0.666024 0.4380257 0.6657077 0.4348988 0.6503178 0.4380254 0.6506118 0.4348988 0.6503178 0.4380257 0.6657077 0.4348988 0.6660201 0.3976073 0.6656017 0.3944956 0.6503178 0.3976075 0.6505033 0.3944956 0.6503178 0.3976073 0.6656017 0.3944956 0.6660256 0.4601613 0.6508421 0.4632344 0.6657547 0.4601614 0.6658118 0.4632344 0.6657547 0.4601613 0.6508421 0.4632344 0.6503179 0.9184228 0.6753836 0.9214695 0.3968496 0.9214695 0.6757894 0.9214695 0.3968496 0.9184228 0.6753836 0.9184228 0.3972551 0.4565328 0.6652879 0.4596058 0.6503753 0.4596058 0.6658121 0.4596058 0.6503753 0.4565328 0.6652879 0.4565328 0.6503178 0.4086096 0.6507416 0.4054979 0.6660252 0.4054979 0.6503177 0.4054979 0.6660252 0.4086096 0.6507416 0.4086098 0.6658396 0.3412354 0.6506722 0.3382863 0.666719 0.3382863 0.6503179 0.3382863 0.666719 0.3412354 0.6506722 0.3412357 0.6663748 0.327237 0.6506103 0.3242947 0.6667249 0.3242947 0.6503178 0.3242947 0.6667249 0.327237 0.6506103 0.3272368 0.6663165 0.309758 0.6505591 0.3068385 0.6667435 0.3068385 0.6503178 0.3068385 0.6667435 0.309758 0.6505591 0.3097583 0.666277 0.3620724 0.6503481 0.3591871 0.6663048 0.3591871 0.6503178 0.3591871 0.6663048 0.3620724 0.6503481 0.3620719 0.6657951 0.8905159 0.7449324 0.8933812 0.3968496 0.8933812 0.7452725 0.8933812 0.3968496 0.8905159 0.7449324 0.8905158 0.3971898 0.3523058 0.6503178 0.3551911 0.6662746 0.3523058 0.666305 0.3551911 0.6662746 0.3523058 0.6503178 0.3551905 0.6508277 0.3033631 0.6503179 0.3062826 0.6665023 0.3033631 0.6667436 0.3062826 0.6665023 0.3033631 0.6503179 0.3062829 0.6507844 0.3277925 0.6503179 0.330735 0.6664324 0.3277925 0.6667249 0.330735 0.6664324 0.3277925 0.6503179 0.3307347 0.6507263 0.3452962 0.6503178 0.3482454 0.6663644 0.3452962 0.6667188 0.3482454 0.6663644 0.3452962 0.6503178 0.3482454 0.6506618 0.3173043 0.6503178 0.3202438 0.6663085 0.3173043 0.666727 0.3202438 0.6663085 0.3173043 0.6503178 0.3202438 0.650601 0.3660686 0.6503178 0.3689835 0.665814 0.3660686 0.6662887 0.3689835 0.665814 0.3660686 0.6503178 0.3689833 0.650377 0.914969 0.3968496 0.9178673 0.676105 0.914969 0.6764203 0.9178673 0.676105 0.914969 0.3968496 0.9178673 0.3971652 0.3764797 0.6662885 0.3793945 0.6507925 0.3793945 0.6662295 0.3793945 0.6507925 0.3764797 0.6662885 0.3764796 0.6503178 0.3103138 0.6667273 0.3132534 0.6507363 0.3132534 0.6664441 0.3132534 0.6507363 0.3103138 0.6667273 0.3103138 0.6503178 0.3488009 0.6667189 0.3517503 0.6506724 0.3517502 0.6663748 0.3517503 0.6506724 0.3488009 0.6667189 0.3488009 0.6503179 0.3347884 0.6667248 0.3377308 0.6506102 0.3377308 0.6663164 0.3377308 0.6506102 0.3347884 0.6667248 0.3347884 0.6503179 0.2964124 0.6667437 0.2993322 0.6505593 0.2993323 0.6662771 0.2993322 0.6505593 0.2964124 0.6667437 0.2964124 0.6503179 0.3557466 0.6663049 0.3586315 0.6503481 0.3586316 0.6657951 0.3586315 0.6503481 0.3557466 0.6663049 0.3557466 0.6503178 0.8968017 0.7449324 0.8939367 0.3968496 0.8968017 0.3971898 0.8939367 0.3968496 0.8968017 0.7449324 0.8939367 0.7452725 0.3655129 0.6662746 0.362628 0.6503178 0.365513 0.6508275 0.362628 0.6503178 0.3655129 0.6662746 0.362628 0.6663048 0.3028075 0.6665021 0.2998878 0.6503178 0.3028076 0.6507843 0.2998878 0.6503178 0.3028075 0.6665021 0.2998878 0.6667436 0.3342328 0.6664323 0.3312904 0.6503178 0.3342329 0.6507261 0.3312904 0.6503178 0.3342328 0.6664323 0.3312904 0.6667248 0.3447405 0.6663643 0.3417912 0.6503178 0.3447406 0.650662 0.3417912 0.6503178 0.3447405 0.6663643 0.3417912 0.6667189 0.3167487 0.6663087 0.3138089 0.6503178 0.3167485 0.650601 0.3138089 0.6503178 0.3167487 0.6663087 0.3138089 0.6667272 0.3730093 0.6507926 0.3759242 0.6662885 0.3730094 0.6662296 0.3759242 0.6662885 0.3730093 0.6507926 0.3759242 0.6503178 0.913896 0.2795332 0.9167942 2.77746e-4 0.9167942 0.2798485 0.9167942 2.77746e-4 0.913896 0.2795332 0.9138959 5.93343e-4 0.3724538 0.6507926 0.3695389 0.6662887 0.3695389 0.6503179 0.3695389 0.6662887 0.3724538 0.6507926 0.3724537 0.6662296 0.3237392 0.6507363 0.3207994 0.666727 0.3207994 0.6503179 0.3207994 0.666727 0.3237392 0.6507363 0.3237391 0.6664438 0 0 0 0 0 0 0 0 0 0 0 0 0 0 0 0 0 0 0 0 0 0 0 0 0 0 0 0 0 0 0 0 0 0 0 0 0 0 0 0 0 0 0 0 0 0 0 0 0 0 0 0 0 0 0 0 0 0 0 0 0 0 0 0 0 0 0 0 0 0 0 0 0 0 0 0 0 0 0 0 0 0 0 0 0 0 0 0 0 0 0 0 0 0 0 0 0 0 0 0 0 0 0 0 0 0 0 0 0 0 0 0 0 0 0 0 0 0 0 0 0 0 0 0 0 0 0 0 0 0 0 0 0 0 0 0 0 0 0 0 0 0 0 0 0 0 0 0 0 0 0 0 0 0 0 0 0 0 0 0 0 0 0 0 0 0 0 0 0 0 0 0 0 0 0 0 0 0 0 0 0 0 0 0 0 0 0 0 0 0 0 0 0 0 0 0 0 0 0 0 0 0 0 0 0 0 0 0 0 0 0 0 0 0 0 0 0 0 0 0 0 0 0 0 0 0 0 0 0 0 0 0 0 0 0 0 0 0 0 0 0 0 0 0 0 0 0 0 0 0 0 0 0 0 0 0 0 0 0 0 0 0 0 0 0 0 0 0 0 0 0 0 0 0 0 0 0 0 0 0 0 0 0 0 0 0 0 0 0 0 0 0 0 0 0 0 0 0 0 0 0 0 0 0 0 0 0 0 0 0 0 0 0 0 0 0 0 0 0 0 0 0 0 0 0 0 0 0 0 0 0 0 0 0 0 0 0 0 0 0 0 0 0 0 0 0 0 0 0 0 0 0 0 0 0 0 0 0 0 0 0 0 0 0 0 0 0 0 0 0 0 0 0 0 0 0 0 0 0 0 0 0 0 0 0 0 0 0 0 0 0 0 0 0 0 0 0 0 0 0 0 0 0 0 0 0 0 0 0 0 0 0 0 0 0 0 0 0 0 0 0 0 0 0 0 0 0 0 0 0 0 0 0 0 0 0 0 0 0 0 0 0 0 0 0 0 0 0 0 0 0 0 0 0 0 0 0 0 0 0 0 0 0 0 0 0 0 0 0 0 0 0 0 0 0 0 0 0 0 0 0 0 0 0 0 0 0 0 0 0 0 0 0 0 0 0 0 0 0 0 0 0 0 0 0 0 0 0 0 0 0 0 0 0 0 0 0 0 0 0 0 0 0 0 0 0 0 0 0 0 0 0 0 0 0 0 0 0 0 0 0 0 0 0 0 0 0 0 0 0 0 0 0 0 0 0 0 0 0 0 0 0 0 0 0 0 0 0 0 0 0 0 0 0 0 0 0 0 0 0 0 0 0 0 0 0 0 0 0 0 0 0 0 0 0 0 0 0 0 0 0 0 0 0 0 0 0 0 0 0 0 0 0 0 0 0 0 0 0 0 0 0 0 0 0 0 0 0 0 0 0 0 0 0 0 0 0 0 0 0 0 0 0 0 0 0 0 0 0 0 0 0 0 0 0 0 0 0 0 0 0 0 0 0 0 0 0 0 0 0 0 0 0 0 0 0 0 0 0 0 0 0 0 0 0 0 0 0 0 0 0 0 0 0 0 0 0 0 0 0 0 0 0 0 0 0 0 0 0 0 0 0 0 0 0 0 0 0 0 0 0 0 0 0 0 0 0 0 0 0 0 0 0 0 0 0 0 0 0 0 0 0 0 0 0 0 0 0 0 0 0 0 0 0 0 0 0 0 0 0 0 0 0 0 0 0 0 0 0 0 0 0 0 0 0 0 0 0 0 0 0 0 0 0 0 0 0 0 0 0 0 0 0 0 0 0 0 0 0 0 0 0 0 0 0 0 0 0 0 0 0 0 0 0 0 0 0 0 0 0 0 0 0 0 0 0 0 0 0 0 0 0 0 0 0 0 0 0 0 0 0 0 0 0 0 0 0 0 0 0 0 0 0.2628071 0.9996967 0.2681416 0.9871372 0.2716312 0.9985021 0.2681416 0.9871372 0.2628071 0.9996967 0.2614856 0.9880259 0.2815541 0.9737704 0.28242 0.6816294 0.2824216 0.9671881 0.28242 0.6816294 0.2815541 0.9737704 0.2815525 0.6750459 0.2815525 0.6750459 0.2815541 0.9737704 0.2796854 0.9782755 0.2815525 0.6750459 0.2796854 0.9782755 0.2796838 0.6705407 0.2796838 0.6705407 0.2796854 0.9782755 0.2766672 0.982205 0.2796838 0.6705407 0.2766672 0.982205 0.2766656 0.6666108 0.2766656 0.6666108 0.2766672 0.982205 0.2727128 0.6635774 0.2727128 0.6635774 0.2766672 0.982205 0.2727148 0.9852381 0.2727128 0.6635774 0.2727148 0.9852381 0.2681416 0.9871372 0.2727128 0.6635774 0.2681416 0.9871372 0.268139 0.6616769 0.268139 0.6616769 0.2681416 0.9871372 0.2614856 0.9880259 0.268139 0.6616769 0.2614856 0.9880259 0.2614803 0.6607838 0.2614803 0.6607838 0.2614856 0.9880259 0.1838833 0.8450481 0.1838833 0.8450481 0.2614856 0.9880259 0.1772118 0.8538033 0.1772118 0.8538033 0.2614856 0.9880259 0.03276586 0.9880278 0.2614803 0.6607838 0.1838833 0.8450481 0.1880084 0.8347113 0.2614803 0.6607838 0.1880084 0.8347113 0.1894223 0.8238635 0.1772118 0.8538033 0.03276586 0.9880278 0.1684648 0.8605307 0.1684648 0.8605307 0.03276586 0.9880278 0.1582777 0.8647646 0.1582777 0.8647646 0.03276586 0.9880278 0.1473457 0.8662177 0.1473457 0.8662177 0.03276586 0.9880278 0.1364146 0.8647924 0.1364146 0.8647924 0.03276586 0.9880278 0.1262303 0.8605877 0.1262303 0.8605877 0.03276586 0.9880278 0.117487 0.8538923 0.117487 0.8538923 0.03276586 0.9880278 0.1107783 0.8451665 0.1107783 0.8451665 0.03276586 0.9880278 0.1065634 0.8350065 0.1065634 0.8350065 0.03276586 0.9880278 0.1051265 0.8241066 0.1051265 0.8241066 0.03276586 0.9880278 0.03321206 0.6601325 0.03321206 0.6601325 0.03276586 0.9880278 0.0265482 0.6610126 0.0265482 0.6610126 0.03276586 0.9880278 0.02609789 0.9871302 0.0265482 0.6610126 0.02609789 0.9871302 0.0219655 0.6629075 0.0219655 0.6629075 0.02609789 0.9871302 0.02151727 0.9852226 0.0219655 0.6629075 0.02151727 0.9852226 0.0175603 0.9821787 0.0219655 0.6629075 0.0175603 0.9821787 0.01800203 0.6659392 0.01800203 0.6659392 0.0175603 0.9821787 0.01497274 0.6698712 0.01497274 0.6698712 0.0175603 0.9821787 0.01454085 0.9782372 0.01497274 0.6698712 0.01454085 0.9782372 0.01267427 0.9737198 0.01497274 0.6698712 0.01267427 0.9737198 0.01309406 0.6743818 0.01309406 0.6743818 0.01267427 0.9737198 0.01181393 0.9671211 0.01309406 0.6743818 0.01181393 0.9671211 0.01221567 0.6809757 0.2614803 0.6607838 0.1770655 0.7941851 0.03321206 0.6601325 0.1770655 0.7941851 0.2614803 0.6607838 0.1837629 0.8028815 0.1837629 0.8028815 0.2614803 0.6607838 0.1879765 0.8130047 0.1879765 0.8130047 0.2614803 0.6607838 0.1894223 0.8238635 0.03321206 0.6601325 0.1770655 0.7941851 0.1683385 0.7875 0.03321206 0.6601325 0.1683385 0.7875 0.1581765 0.7833014 0.03321206 0.6601325 0.1581765 0.7833014 0.1472713 0.7818762 0.03321206 0.6601325 0.1472713 0.7818762 0.1363654 0.7833228 0.03321206 0.6601325 0.1363654 0.7833228 0.1262015 0.7875444 0.03321206 0.6601325 0.1262015 0.7875444 0.1174718 0.7942555 0.03321206 0.6601325 0.1174718 0.7942555 0.1107726 0.8029983 0.03321206 0.6601325 0.1107726 0.8029983 0.1065616 0.8131797 0.03321206 0.6601325 0.1065616 0.8131797 0.1051265 0.8241066 0.2716312 0.9985021 0.2727148 0.9852381 0.2788406 0.9954946 0.2727148 0.9852381 0.2716312 0.9985021 0.2681416 0.9871372 0.6185267 0.3990253 0.6117731 0.4126728 0.607576 0.4006919 0.6117731 0.4126728 0.6185267 0.3990253 0.6205193 0.4114224 0.03143405 0.999721 0.2614856 0.9880259 0.2628071 0.9996967 0.2614856 0.9880259 0.03143405 0.999721 0.03276586 0.9880278 0.2766656 0.6666108 0.278844 0.653324 0.2850463 0.6581018 0.278844 0.653324 0.2766656 0.6666108 0.2727128 0.6635774 0.2796838 0.6705407 0.2850463 0.6581018 0.2897943 0.6643037 0.2850463 0.6581018 0.2796838 0.6705407 0.2766656 0.6666108 0.2815525 0.6750459 0.2897943 0.6643037 0.2927619 0.6714699 0.2897943 0.6643037 0.2815525 0.6750459 0.2796838 0.6705407 0.28242 0.6816294 0.2927619 0.6714699 0.293928 0.6802277 0.2927619 0.6714699 0.28242 0.6816294 0.2815525 0.6750459 0.2824216 0.9671881 0.293928 0.6802277 0.293928 0.968589 0.293928 0.6802277 0.2824216 0.9671881 0.28242 0.6816294 0.2927632 0.977347 0.2824216 0.9671881 0.293928 0.968589 0.2824216 0.9671881 0.2927632 0.977347 0.2815541 0.9737704 0.2897954 0.9845145 0.2815541 0.9737704 0.2927632 0.977347 0.2815541 0.9737704 0.2897954 0.9845145 0.2796854 0.9782755 0.2850456 0.9907172 0.2796854 0.9782755 0.2897954 0.9845145 0.2796854 0.9782755 0.2850456 0.9907172 0.2766672 0.982205 0.2788406 0.9954946 0.2766672 0.982205 0.2850456 0.9907172 0.2766672 0.982205 0.2788406 0.9954946 0.2727148 0.9852381 0.03143405 0.999721 0.02609789 0.9871302 0.03276586 0.9880278 0.02609789 0.9871302 0.03143405 0.999721 0.0225895 0.9985179 0.0225895 0.9985179 0.02151727 0.9852226 0.02609789 0.9871302 0.02151727 0.9852226 0.0225895 0.9985179 0.01536577 0.9954956 0.01536577 0.9954956 0.0175603 0.9821787 0.02151727 0.9852226 0.0175603 0.9821787 0.01536577 0.9954956 0.009151935 0.9906992 0.009151935 0.9906992 0.01454085 0.9782372 0.0175603 0.9821787 0.01454085 0.9782372 0.009151935 0.9906992 0.004399776 0.9844763 0.004399776 0.9844763 0.01267427 0.9737198 0.01454085 0.9782372 0.01267427 0.9737198 0.004399776 0.9844763 0.001434981 0.977289 0.001434981 0.977289 0.01181393 0.9671211 0.01267427 0.9737198 0.01181393 0.9671211 0.001434981 0.977289 2.78942e-4 0.9685098 2.78942e-4 0.9685098 0.01221567 0.6809757 0.01181393 0.9671211 0.01221567 0.6809757 2.78942e-4 0.9685098 6.88511e-4 0.6795547 0.01221567 0.6809757 0.001869678 0.6707808 0.01309406 0.6743818 0.001869678 0.6707808 0.01221567 0.6809757 6.88511e-4 0.6795547 0.01309406 0.6743818 0.004855513 0.6636046 0.01497274 0.6698712 0.004855513 0.6636046 0.01309406 0.6743818 0.001869678 0.6707808 0.01497274 0.6698712 0.009625434 0.6573992 0.01800203 0.6659392 0.009625434 0.6573992 0.01497274 0.6698712 0.004855513 0.6636046 0.01800203 0.6659392 0.0158509 0.6526263 0.0219655 0.6629075 0.0158509 0.6526263 0.01800203 0.6659392 0.009625434 0.6573992 0.0219655 0.6629075 0.02307736 0.649631 0.0265482 0.6610126 0.02307736 0.649631 0.0219655 0.6629075 0.0158509 0.6526263 0.0265482 0.6610126 0.03191274 0.6484584 0.03321206 0.6601325 0.03191274 0.6484584 0.0265482 0.6610126 0.02307736 0.649631 0.2614803 0.6607838 0.03191274 0.6484584 0.2628213 0.6491137 0.03191274 0.6484584 0.2614803 0.6607838 0.03321206 0.6601325 0.268139 0.6616769 0.2628213 0.6491137 0.2716387 0.6503142 0.2628213 0.6491137 0.268139 0.6616769 0.2614803 0.6607838 0.2727128 0.6635774 0.2716387 0.6503142 0.278844 0.653324 0.2716387 0.6503142 0.2727128 0.6635774 0.268139 0.6616769 0.607576 0.4006919 0.6046384 0.4157018 0.5978678 0.4048652 0.6046384 0.4157018 0.607576 0.4006919 0.6117731 0.4126728 0.8767555 0.3956878 0.8618131 0.3851049 0.8723288 0.3836067 0.8618131 0.3851049 0.8767555 0.3956878 0.8641772 0.3975452 0.8546248 0.3988375 0.6205193 0.4114224 0.6185267 0.3990253 0.6205193 0.4114224 0.8546248 0.3988375 0.852675 0.4112656 0.5982677 0.7524315 0.5976566 0.7679106 0.5893546 0.761435 0.5976566 0.7679106 0.5982677 0.7524315 0.6043597 0.7571247 0.5936188 0.7463393 0.5893546 0.761435 0.5830208 0.7530677 0.5893546 0.761435 0.5936188 0.7463393 0.5982677 0.7524315 0.5907266 0.7392808 0.5830208 0.7530677 0.5790567 0.7434317 0.5830208 0.7530677 0.5907266 0.7392808 0.5936188 0.7463393 0.5895766 0.730571 0.5790567 0.7434317 0.5775419 0.7326631 0.5790567 0.7434317 0.5895766 0.730571 0.5907266 0.7392808 0.5895535 0.4423581 0.5775419 0.7326631 0.5775419 0.4402198 0.5775419 0.7326631 0.5895535 0.4423581 0.5895766 0.730571 0.5791059 0.4294422 0.5895535 0.4423581 0.5775419 0.4402198 0.5895535 0.4423581 0.5791059 0.4294422 0.5907868 0.4336904 0.5831362 0.4197741 0.5907868 0.4336904 0.5791059 0.4294422 0.5907868 0.4336904 0.5831362 0.4197741 0.5937725 0.4266083 0.5895271 0.4113771 0.5937725 0.4266083 0.5831362 0.4197741 0.5937725 0.4266083 0.5895271 0.4113771 0.5984938 0.4204621 0.5978678 0.4048652 0.5984938 0.4204621 0.5895271 0.4113771 0.5984938 0.4204621 0.5978678 0.4048652 0.6046384 0.4157018 0.8546248 0.3988375 0.8614528 0.4124701 0.852675 0.4112656 0.8614528 0.4124701 0.8546248 0.3988375 0.8655878 0.4004687 0.8655878 0.4004687 0.8685822 0.415426 0.8614528 0.4124701 0.8685822 0.415426 0.8655878 0.4004687 0.8752974 0.4046071 0.8752974 0.4046071 0.8746909 0.4201234 0.8685822 0.415426 0.8746909 0.4201234 0.8752974 0.4046071 0.8836207 0.4110941 0.8836207 0.4110941 0.8793526 0.4262273 0.8746909 0.4201234 0.8793526 0.4262273 0.8836207 0.4110941 0.8899736 0.4194758 0.8899736 0.4194758 0.882264 0.4332985 0.8793526 0.4262273 0.882264 0.4332985 0.8899736 0.4194758 0.8939539 0.4291364 0.8939539 0.4291364 0.8834211 0.4420121 0.882264 0.4332985 0.8834211 0.4420121 0.8939539 0.4291364 0.8954659 0.4399324 0.8954659 0.4399324 0.8822443 0.7300377 0.8834211 0.4420121 0.8822443 0.7300377 0.8954659 0.4399324 0.8942831 0.7322176 0.8822443 0.7300377 0.8927026 0.7430348 0.8809818 0.7387706 0.8927026 0.7430348 0.8822443 0.7300377 0.8942831 0.7322176 0.8809818 0.7387706 0.8886718 0.7527204 0.8780094 0.7458972 0.8886718 0.7527204 0.8809818 0.7387706 0.8927026 0.7430348 0.8780094 0.7458972 0.8822875 0.761129 0.8733136 0.7520644 0.8822875 0.761129 0.8780094 0.7458972 0.8886718 0.7527204 0.8733136 0.7520644 0.8739454 0.767642 0.8671929 0.7568203 0.8739454 0.767642 0.8733136 0.7520644 0.8822875 0.761129 0.8671929 0.7568203 0.8642265 0.771793 0.8600732 0.7598178 0.8642265 0.771793 0.8671929 0.7568203 0.8739454 0.767642 0.8600732 0.7598178 0.8532723 0.7734092 0.8513204 0.7610026 0.8532723 0.7734092 0.8600732 0.7598178 0.8642265 0.771793 0.620212 0.7612966 0.8532723 0.7734092 0.6182619 0.7736582 0.8532723 0.7734092 0.620212 0.7612966 0.8513204 0.7610026 0.6114673 0.760085 0.6182619 0.7736582 0.6073395 0.7720389 0.6182619 0.7736582 0.6114673 0.760085 0.620212 0.7612966 0.6043597 0.7571247 0.6073395 0.7720389 0.5976566 0.7679106 0.6073395 0.7720389 0.6043597 0.7571247 0.6114673 0.760085 0.8767555 0.3956878 0.8815752 0.3796528 0.8885858 0.3905267 0.8815752 0.3796528 0.8767555 0.3956878 0.8723288 0.3836067 0.4081084 0.5073852 0.3929036 0.500077 0.4033824 0.4975721 0.3929036 0.500077 0.4081084 0.5073852 0.3961364 0.5112249 0.8641772 0.3975452 0.6280699 0.3858665 0.8618131 0.3851049 0.6280699 0.3858665 0.8641772 0.3975452 0.6256513 0.3982796 0.8917888 0.02417421 0.8909 0.007469534 0.9006819 0.01529484 0.8909 0.007469534 0.8917888 0.02417421 0.8840056 0.01811254 0.8977186 0.03206592 0.9006819 0.01529484 0.9080829 0.02519637 0.9006819 0.01529484 0.8977186 0.03206592 0.8917888 0.02417421 0.8977186 0.03206592 0.9129639 0.03659367 0.9013866 0.04124605 0.9129639 0.03659367 0.8977186 0.03206592 0.9080829 0.02519637 0.9013866 0.04124605 0.9150022 0.04909569 0.9027549 0.05172044 0.9150022 0.04909569 0.9013866 0.04124605 0.9129639 0.03659367 0.9010457 0.3454286 0.9150022 0.04909569 0.9132962 0.3482283 0.9150022 0.04909569 0.9010457 0.3454286 0.9027549 0.05172044 0.8994724 0.3560116 0.9132962 0.3482283 0.9111828 0.3608286 0.9132962 0.3482283 0.8994724 0.3560116 0.9010457 0.3454286 0.8956518 0.3653632 0.9111828 0.3608286 0.9061939 0.372419 0.9111828 0.3608286 0.8956518 0.3653632 0.8994724 0.3560116 0.8985964 0.3825328 0.8956518 0.3653632 0.9061939 0.372419 0.8956518 0.3653632 0.8985964 0.3825328 0.8895158 0.3734188 0.8885858 0.3905267 0.8895158 0.3734188 0.8985964 0.3825328 0.8895158 0.3734188 0.8885858 0.3905267 0.8815752 0.3796528 0.6256513 0.3982796 0.6176195 0.3843416 0.6280699 0.3858665 0.6176195 0.3843416 0.6256513 0.3982796 0.6131272 0.3961914 0.6131272 0.3961914 0.6084755 0.3805185 0.6176195 0.3843416 0.6084755 0.3805185 0.6131272 0.3961914 0.6016356 0.3911426 0.6016356 0.3911426 0.6006954 0.3745068 0.6084755 0.3805185 0.6006954 0.3745068 0.6016356 0.3911426 0.5918717 0.383381 0.5918717 0.383381 0.5947614 0.3666836 0.6006954 0.3745068 0.5947614 0.3666836 0.5918717 0.383381 0.5844724 0.3735502 0.5795836 0.362222 0.5947614 0.3666836 0.5844724 0.3735502 0.5947614 0.3666836 0.5795836 0.362222 0.5910856 0.3575755 0.577542 0.349776 0.5910856 0.3575755 0.5795836 0.362222 0.5910856 0.3575755 0.577542 0.349776 0.5897299 0.3471249 0.5775419 0.04996275 0.5897299 0.3471249 0.577542 0.349776 0.5897299 0.3471249 0.5775419 0.04996275 0.5898572 0.05280411 0.5775419 0.04996275 0.5914766 0.04229158 0.5898572 0.05280411 0.5914766 0.04229158 0.5775419 0.04996275 0.5798154 0.03730618 0.5798154 0.03730618 0.5954706 0.03300899 0.5914766 0.04229158 0.5954706 0.03300899 0.5798154 0.03730618 0.5850227 0.02575719 0.5954706 0.03300899 0.5928201 0.01575684 0.6017906 0.0250656 0.5928201 0.01575684 0.5954706 0.03300899 0.5850227 0.02575719 0.6017906 0.0250656 0.6029635 0.007893443 0.6099026 0.0189023 0.6029635 0.007893443 0.6017906 0.0250656 0.5928201 0.01575684 0.6099026 0.0189023 0.6148226 0.002805888 0.6192955 0.01497822 0.6148226 0.002805888 0.6099026 0.0189023 0.6029635 0.007893443 0.6148226 0.002805888 0.6298328 0.01331084 0.6192955 0.01497822 0.6298328 0.01331084 0.6148226 0.002805888 0.6274179 8.60397e-4 0.6274179 8.60397e-4 0.8643475 0.0127508 0.6298328 0.01331084 0.8643475 0.0127508 0.6274179 8.60397e-4 0.8667796 2.78903e-4 0.8667796 2.78903e-4 0.8748554 0.01426297 0.8643475 0.0127508 0.8748554 0.01426297 0.8667796 2.78903e-4 0.8793703 0.002375543 0.8840056 0.01811254 0.8793703 0.002375543 0.8909 0.007469534 0.8793703 0.002375543 0.8840056 0.01811254 0.8748554 0.01426297 0.4187769 0.5015789 0.4033824 0.4975721 0.4128162 0.4927707 0.4033824 0.4975721 0.4187769 0.5015789 0.4081084 0.5073852 0.4081084 0.5073852 0.4894671 0.6468395 0.3961364 0.5112249 0.4894671 0.6468395 0.4081084 0.5073852 0.5048113 0.6377002 0.3961364 0.5112249 0.1751973 0.5063893 0.3929036 0.500077 0.1751973 0.5063893 0.3961364 0.5112249 0.1722115 0.5184074 0.4228971 0.1454183 0.4247509 0.159776 0.4169706 0.1536968 0.4247509 0.159776 0.4228971 0.1454183 0.4316117 0.1527957 0.4247509 0.159776 0.4386843 0.1616693 0.4306594 0.1675962 0.4386843 0.1616693 0.4247509 0.159776 0.4316117 0.1527957 0.4306594 0.1675962 0.4440987 0.1722052 0.4344174 0.1769744 0.4440987 0.1722052 0.4306594 0.1675962 0.4386843 0.1616693 0.4344174 0.1769744 0.4478251 0.1847071 0.4361792 0.1879929 0.4478251 0.1847071 0.4344174 0.1769744 0.4440987 0.1722052 0.4359126 0.4588876 0.4478251 0.1847071 0.4474624 0.4627485 0.4478251 0.1847071 0.4359126 0.4588876 0.4361792 0.1879929 0.4333509 0.4692074 0.4474624 0.4627485 0.4425941 0.4750539 0.4474624 0.4627485 0.4333509 0.4692074 0.4359126 0.4588876 0.4281779 0.4783206 0.4425941 0.4750539 0.4360892 0.4853508 0.4425941 0.4750539 0.4281779 0.4783206 0.4333509 0.4692074 0.4211737 0.4862352 0.4360892 0.4853508 0.4281169 0.4941806 0.4360892 0.4853508 0.4211737 0.4862352 0.4281779 0.4783206 0.4281169 0.4941806 0.4128162 0.4927707 0.4211737 0.4862352 0.4128162 0.4927707 0.4281169 0.4941806 0.4187769 0.5015789 0.1722115 0.5184074 0.1640164 0.5045551 0.1751973 0.5063893 0.1640164 0.5045551 0.1722115 0.5184074 0.1594696 0.5145914 0.1594696 0.5145914 0.1544713 0.5006422 0.1640164 0.5045551 0.1544713 0.5006422 0.1594696 0.5145914 0.1487768 0.5090405 0.1487768 0.5090405 0.1465649 0.4946743 0.1544713 0.5006422 0.1465649 0.4946743 0.1487768 0.5090405 0.13983 0.5018688 0.1324187 0.4930806 0.1465649 0.4946743 0.13983 0.5018688 0.1465649 0.4946743 0.1324187 0.4930806 0.1404952 0.4868144 0.1265065 0.4824898 0.1404952 0.4868144 0.1324187 0.4930806 0.1404952 0.4868144 0.1265065 0.4824898 0.1362791 0.4772313 0.1221708 0.4697825 0.1362791 0.4772313 0.1265065 0.4824898 0.1362791 0.4772313 0.1221708 0.4697825 0.1340098 0.4661114 0.1292462 0.189874 0.1340098 0.4661114 0.1221708 0.4697825 0.1340098 0.4661114 0.1292462 0.189874 0.1408841 0.194069 0.1292462 0.189874 0.1438743 0.1830886 0.1408841 0.194069 0.1438743 0.1830886 0.1292462 0.189874 0.1340984 0.1771662 0.1340984 0.1771662 0.1489958 0.1732595 0.1438743 0.1830886 0.1489958 0.1732595 0.1340984 0.1771662 0.1405466 0.1663365 0.1405466 0.1663365 0.1556412 0.1648449 0.1489958 0.1732595 0.1556412 0.1648449 0.1405466 0.1663365 0.1484417 0.1571096 0.1484417 0.1571096 0.1636054 0.1582077 0.1556412 0.1648449 0.1636054 0.1582077 0.1484417 0.1571096 0.1577525 0.1495875 0.1577525 0.1495875 0.1728607 0.1537647 0.1636054 0.1582077 0.1728607 0.1537647 0.1577525 0.1495875 0.1684939 0.1439818 0.1684939 0.1439818 0.1836815 0.1519869 0.1728607 0.1537647 0.1836815 0.1519869 0.1684939 0.1439818 0.1807514 0.1404806 0.1807514 0.1404806 0.3964349 0.1471844 0.1836815 0.1519869 0.3964349 0.1471844 0.1807514 0.1404806 0.3997201 0.1353244 0.3997201 0.1353244 0.407472 0.1494773 0.3964349 0.1471844 0.407472 0.1494773 0.3997201 0.1353244 0.4123598 0.1395465 0.4123598 0.1395465 0.4169706 0.1536968 0.407472 0.1494773 0.4169706 0.1536968 0.4123598 0.1395465 0.4228971 0.1454183 0.5194148 0.6275048 0.4081084 0.5073852 0.4187769 0.5015789 0.4081084 0.5073852 0.5194148 0.6275048 0.5048113 0.6377002 0.5536009 0.6791501 0.5565303 0.6641877 0.5565303 0.6787596 0.5565303 0.6641877 0.5536009 0.6791501 0.5536009 0.6644363 0.4894671 0.6468395 0.1722115 0.5184074 0.3961364 0.5112249 0.1722115 0.5184074 0.4894671 0.6468395 0.07468819 0.6479005 0.5326259 0.02951598 0.4316117 0.1527957 0.4228971 0.1454183 0.4316117 0.1527957 0.5326259 0.02951598 0.5453152 0.04194658 0.4316117 0.1527957 0.5570034 0.05534607 0.4386843 0.1616693 0.5570034 0.05534607 0.4316117 0.1527957 0.5453152 0.04194658 0.4386843 0.1616693 0.5675534 0.06966418 0.4440987 0.1722052 0.5675534 0.06966418 0.4386843 0.1616693 0.5570034 0.05534607 0.4440987 0.1722052 0.576984 0.08471298 0.4478251 0.1847071 0.576984 0.08471298 0.4440987 0.1722052 0.5675534 0.06966418 0.4474624 0.4627485 0.576984 0.08471298 0.5682691 0.5757632 0.576984 0.08471298 0.4474624 0.4627485 0.4478251 0.1847071 0.4425941 0.4750539 0.5682691 0.5757632 0.5576224 0.590059 0.5682691 0.5757632 0.4425941 0.4750539 0.4474624 0.4627485 0.4360892 0.4853508 0.5576224 0.590059 0.5459277 0.6035706 0.5576224 0.590059 0.4360892 0.4853508 0.4425941 0.4750539 0.4281169 0.4941806 0.5459277 0.6035706 0.533168 0.6161026 0.5459277 0.6035706 0.4281169 0.4941806 0.4360892 0.4853508 0.533168 0.6161026 0.4187769 0.5015789 0.4281169 0.4941806 0.4187769 0.5015789 0.533168 0.6161026 0.5194148 0.6275048 0.07468819 0.6479005 0.1594696 0.5145914 0.1722115 0.5184074 0.1594696 0.5145914 0.07468819 0.6479005 0.0600183 0.6385368 0.0600183 0.6385368 0.1487768 0.5090405 0.1594696 0.5145914 0.1487768 0.5090405 0.0600183 0.6385368 0.04612731 0.6280393 0.04612731 0.6280393 0.13983 0.5018688 0.1487768 0.5090405 0.13983 0.5018688 0.04612731 0.6280393 0.03317588 0.6164321 0.02115899 0.6038509 0.13983 0.5018688 0.03317588 0.6164321 0.13983 0.5018688 0.02115899 0.6038509 0.1324187 0.4930806 0.01020103 0.5903428 0.1324187 0.4930806 0.02115899 0.6038509 0.1324187 0.4930806 0.01020103 0.5903428 0.1265065 0.4824898 2.78974e-4 0.5760822 0.1265065 0.4824898 0.01020103 0.5903428 0.1265065 0.4824898 2.78974e-4 0.5760822 0.1221708 0.4697825 2.78957e-4 0.07577162 0.1221708 0.4697825 2.78974e-4 0.5760822 0.1221708 0.4697825 2.78957e-4 0.07577162 0.1292462 0.189874 2.78957e-4 0.07577162 0.1340984 0.1771662 0.1292462 0.189874 0.1340984 0.1771662 2.78957e-4 0.07577162 0.01128393 0.06047672 0.01128393 0.06047672 0.1405466 0.1663365 0.1340984 0.1771662 0.1405466 0.1663365 0.01128393 0.06047672 0.02343946 0.04604798 0.02343946 0.04604798 0.1484417 0.1571096 0.1405466 0.1663365 0.1484417 0.1571096 0.02343946 0.04604798 0.03675842 0.03268849 0.03675842 0.03268849 0.1577525 0.1495875 0.1484417 0.1571096 0.1577525 0.1495875 0.03675842 0.03268849 0.05114829 0.0205605 0.05114829 0.0205605 0.1684939 0.1439818 0.1577525 0.1495875 0.1684939 0.1439818 0.05114829 0.0205605 0.06642699 0.009750902 0.06642699 0.009750902 0.1807514 0.1404806 0.1684939 0.1439818 0.1807514 0.1404806 0.06642699 0.009750902 0.0823093 2.78932e-4 0.0823093 2.78932e-4 0.3997201 0.1353244 0.1807514 0.1404806 0.3997201 0.1353244 0.0823093 2.78932e-4 0.5043728 0.008009314 0.5043728 0.008009314 0.4123598 0.1395465 0.3997201 0.1353244 0.4123598 0.1395465 0.5043728 0.008009314 0.5189208 0.01819348 0.5189208 0.01819348 0.4228971 0.1454183 0.4123598 0.1395465 0.4228971 0.1454183 0.5189208 0.01819348 0.5326259 0.02951598 0.5353305 0.679013 0.5382848 0.6641899 0.5382848 0.6787619 0.5382848 0.6641899 0.5353305 0.679013 0.5353305 0.6642655 0.5162509 0.6484584 0.5131626 0.6636688 0.5131626 0.6489549 0.5131626 0.6636688 0.5162509 0.6484584 0.5162509 0.6635031 0.3051961 0.9271045 0.3081089 0.648857 0.3081089 0.926706 0.3081089 0.648857 0.3051961 0.9271045 0.3051961 0.6484583 0.4948998 0.6789885 0.4978638 0.6643416 0.4978639 0.6789135 0.4978638 0.6643416 0.4948998 0.6789885 0.4948998 0.6642416 0.513031 0.6644534 0.5159881 0.6789738 0.513031 0.6790253 0.5159881 0.6789738 0.513031 0.6644534 0.5159881 0.6642267 0.5452694 0.6787615 0.542335 0.6643818 0.5452695 0.6641893 0.542335 0.6643818 0.5452694 0.6787615 0.542335 0.6791303 0.574759 0.6630303 0.5718595 0.648806 0.574759 0.6484584 0.5718595 0.648806 0.574759 0.6630303 0.5718595 0.663521 0.91556 0.3473199 0.9184394 2.78948e-4 0.9184395 0.3478062 0.9184394 2.78948e-4 0.91556 0.3473199 0.91556 7.65542e-4 0.5718594 0.6786508 0.5747589 0.6644263 0.5747589 0.6791414 0.5747589 0.6644263 0.5718594 0.6786508 0.5718594 0.6640789 0.5528457 0.6645582 0.5499113 0.6789379 0.5499113 0.6641892 0.5499113 0.6789379 0.5528457 0.6645582 0.5528457 0.6791301 0.5234121 0.6644534 0.520455 0.6789736 0.520455 0.6642265 0.520455 0.6789736 0.5234121 0.6644534 0.5234121 0.6790252 0.5051721 0.6788884 0.502208 0.6642416 0.5051721 0.6643165 0.502208 0.6642416 0.5051721 0.6788884 0.502208 0.6789883 0.5604436 0.6644363 0.5575142 0.6787595 0.5575142 0.6641876 0.5575142 0.6787595 0.5604436 0.6644363 0.5604436 0.6791499 0.5270557 0.6642657 0.5241013 0.678762 0.5241014 0.6641902 0.5241013 0.678762 0.5270557 0.6642657 0.5270557 0.6790133 0.508694 0.6642416 0.50573 0.6788883 0.5057299 0.6643164 0.50573 0.6788883 0.508694 0.6642416 0.508694 0.6789882 0.5124732 0.6789738 0.5095163 0.6644536 0.5124733 0.6642267 0.5095163 0.6644536 0.5124732 0.6789738 0.5095163 0.6790256 0.546419 0.6643815 0.5493533 0.678761 0.546419 0.6791301 0.5493533 0.678761 0.546419 0.6643815 0.5493534 0.6641892 0.5713015 0.678794 0.5684021 0.6645694 0.5713016 0.6640789 0.5684021 0.6645694 0.5713015 0.678794 0.5684021 0.6791414 0.9171589 0.3988375 0.9200383 0.7458781 0.9171589 0.7463645 0.9200383 0.7458781 0.9171589 0.3988375 0.9200382 0.399324 0.5713016 0.6488059 0.5684021 0.6630303 0.5684021 0.6484584 0.5684021 0.6630303 0.5713016 0.6488059 0.5713016 0.663521 0.5417771 0.6643818 0.5388427 0.6787614 0.5388427 0.6641893 0.5388427 0.6787614 0.5417771 0.6643818 0.541777 0.6791304 0.5198971 0.6642781 0.5169402 0.6787984 0.5169402 0.6642264 0.5169402 0.6787984 0.5198971 0.6642781 0.5198971 0.6790252 0.4984217 0.6789883 0.5013858 0.6643165 0.5013857 0.6788884 0.5013858 0.6643165 0.4984217 0.6789883 0.4984217 0.6642416 0.530568 0.6641902 0.5276136 0.6790132 0.5276135 0.6644414 0.5276136 0.6790132 0.530568 0.6641902 0.5305678 0.6789376 0.5610015 0.6791498 0.5639309 0.6641876 0.5639308 0.6787595 0.5639309 0.6641876 0.5610015 0.6791498 0.5610015 0.6644362 0.3046382 0.6484583 0.3017253 0.9267061 0.3017253 0.648857 0.3017253 0.9267061 0.3046382 0.6484583 0.3046382 0.9271046 0.5649148 0.6789013 0.5678442 0.6645779 0.5678442 0.6791498 0.5678442 0.6645779 0.5649148 0.6789013 0.5649149 0.6641874 0.531472 0.6789374 0.5344264 0.6644411 0.5344263 0.6790131 0.5344264 0.6644411 0.531472 0.6789374 0.531472 0.6641901 0.5345996 0.6636321 0.5314721 0.6488248 0.5345996 0.6484584 0.5314721 0.6488248 0.5345996 0.6636321 0.5314722 0.6635721 0.4695683 0.6485159 0.4726567 0.6635031 0.4695683 0.6640301 0.4726567 0.6635031 0.4695683 0.6485159 0.4726567 0.6484584 0.3011675 0.6484584 0.2981056 0.927541 0.2981056 0.6488947 0.2981056 0.927541 0.3011675 0.6484584 0.3011674 0.9279772 0.5567433 0.6486823 0.5536009 0.6636298 0.5536009 0.6484583 0.5536009 0.6636298 0.5567433 0.6486823 0.5567433 0.6634292 0.5493534 0.6485404 0.5462217 0.6636313 0.5462217 0.6484584 0.5462217 0.6636313 0.5493534 0.6485404 0.5493534 0.6632876 0.5053043 0.6632069 0.5022081 0.648505 0.5053043 0.6484584 0.5022081 0.648505 0.5053043 0.6632069 0.5022081 0.6636837 0.4943419 0.6631734 0.4913017 0.6487116 0.4943419 0.6484584 0.4913017 0.6487116 0.4943419 0.6631734 0.4913017 0.663761 0.9135937 0.7468785 0.9166009 0.3988375 0.916601 0.7473924 0.9166009 0.3988375 0.9135937 0.7468785 0.9135937 0.3993513 0.4871456 0.6490461 0.4841053 0.6635078 0.4841053 0.6484584 0.4841053 0.6635078 0.4871456 0.6490461 0.4871456 0.6637611 0.498554 0.663207 0.5016502 0.648505 0.5016502 0.6636837 0.5016502 0.648505 0.498554 0.663207 0.498554 0.6484584 0.5456638 0.6636314 0.5425322 0.6485405 0.5456638 0.6484584 0.5425322 0.6485405 0.5456638 0.6636314 0.5425322 0.6632877 0.5573012 0.6484584 0.5604436 0.6634058 0.5573012 0.6636298 0.5604436 0.6634058 0.5573012 0.6484584 0.5604436 0.648659 0.5198972 0.648624 0.5168088 0.663172 0.5168089 0.6484584 0.5168088 0.663172 0.5198972 0.648624 0.5198972 0.6636686 0.5241013 0.6636322 0.5272288 0.6488247 0.5272288 0.6635723 0.5272288 0.6488247 0.5241013 0.6636322 0.5241013 0.6484584 0.5647018 0.6636296 0.5678442 0.6486824 0.5678442 0.663429 0.5678442 0.6486824 0.5647018 0.6636296 0.5647018 0.6484584 0.5388427 0.6636314 0.5419744 0.6485405 0.5419743 0.6632876 0.5419744 0.6485405 0.5388427 0.6636314 0.5388427 0.6484584 0.5058622 0.6485051 0.5089583 0.6632071 0.5058621 0.6636837 0.5089583 0.6632071 0.5058622 0.6485051 0.5089583 0.6484584 0.4835474 0.6635079 0.4805073 0.6490461 0.4835474 0.6484584 0.4805073 0.6490461 0.4835474 0.6635079 0.4805071 0.6637613 0.9100285 0.3988375 0.9130358 0.7468786 0.9100286 0.7473924 0.9130358 0.7468786 0.9100285 0.3988375 0.9130358 0.3993513 0.4907438 0.6487116 0.4877035 0.6631734 0.4877035 0.6484584 0.4877035 0.6631734 0.4907438 0.6487116 0.4907436 0.6637611 0.4948998 0.6636371 0.4979961 0.6489353 0.4979959 0.6636838 0.4979961 0.6489353 0.4948998 0.6636371 0.4948998 0.6484584 0.553043 0.6635493 0.5499113 0.6484584 0.5530428 0.6488021 0.5499113 0.6484584 0.553043 0.6635493 0.5499113 0.6636313 0.5641438 0.6634058 0.5610014 0.6484584 0.5641439 0.6486589 0.5610014 0.6484584 0.5641438 0.6634058 0.5610014 0.6636297 0.5309141 0.6632658 0.5277866 0.6484584 0.5309141 0.6485183 0.5277866 0.6484584 0.5309141 0.6632658 0.5277866 0.6636322 0.520455 0.6636685 0.5235434 0.6484584 0.5235434 0.663172 0.5235434 0.6484584 0.520455 0.6636685 0.5204551 0.6486239 0.2975477 0.6484583 0.2944859 0.9275408 0.2944859 0.6488946 0.2944859 0.9275408 0.2975477 0.6484583 0.2975477 0.9279773 0.5095162 0.6635031 0.5126047 0.6489549 0.5126045 0.6636688 0.5126047 0.6489549 0.5095162 0.6635031 0.5095162 0.6484584 0.5382848 0.6488247 0.5351573 0.663632 0.5351574 0.6484583 0.5351573 0.663632 0.5382848 0.6488247 0.5382848 0.663572 0.4182842 0.6484584 0.4214117 0.6638185 0.4182843 0.6642444 0.4214117 0.6638185 0.4182842 0.6484584 0.4214117 0.6486448 0.3856371 0.6484584 0.3885665 0.6640319 0.3856371 0.664509 0.3885665 0.6640319 0.3856371 0.6484584 0.3885665 0.6485177 0.922468 2.78933e-4 0.9255298 0.2802056 0.922468 0.2806133 0.9255298 0.2802056 0.922468 2.78933e-4 0.9255298 6.8658e-4 0.4435705 0.6487722 0.440428 0.6642392 0.440428 0.6484583 0.440428 0.6642392 0.4435705 0.6487722 0.4435703 0.6639438 0.4251011 0.6486619 0.4219695 0.6642431 0.4219695 0.6484583 0.4219695 0.6642431 0.4251011 0.6486619 0.4251012 0.6638348 0.4066703 0.6485644 0.4035741 0.6642548 0.4035741 0.6484584 0.4035741 0.6642548 0.4066703 0.6485644 0.4066703 0.6637431 0.4623239 0.6641032 0.4653642 0.6484584 0.4653641 0.6639826 0.4653642 0.6484584 0.4623239 0.6641032 0.4623239 0.6490538 0.9064634 0.7478553 0.9094706 0.3988375 0.9094706 0.7483183 0.9094706 0.3988375 0.9064634 0.7478553 0.9064633 0.3993005 0.4581677 0.6641032 0.4551274 0.6484584 0.4581677 0.648579 0.4551274 0.6484584 0.4581677 0.6641032 0.4551274 0.6635078 0.3957079 0.6642548 0.3926118 0.6485644 0.3957079 0.6484584 0.3926118 0.6485644 0.3957079 0.6642548 0.3926118 0.6637431 0.4324802 0.6642431 0.4293487 0.6486619 0.4324802 0.6484584 0.4293487 0.6486619 0.4324802 0.6642431 0.4293487 0.6638349 0.4367278 0.6484584 0.4398702 0.6639254 0.4367278 0.6642394 0.4398702 0.6639254 0.4367278 0.6484584 0.4398702 0.6487541 0.4799492 0.6485158 0.4768609 0.6635029 0.4768609 0.6484584 0.4768609 0.6635029 0.4799492 0.6485158 0.4799492 0.6640299 0.4109135 0.6642447 0.4140409 0.6488844 0.4140409 0.6640582 0.4140409 0.6488844 0.4109135 0.6642447 0.4109135 0.6484584 0.4441285 0.6642393 0.4472709 0.6487725 0.4472709 0.6639437 0.4472709 0.6487725 0.4441285 0.6642393 0.4441285 0.6484584 0.4256591 0.6642431 0.4287907 0.6486618 0.4287908 0.6638349 0.4287907 0.6486618 0.4256591 0.6642431 0.4256591 0.6484584 0.3993621 0.6484584 0.3962658 0.6641488 0.3962659 0.6489701 0.3962658 0.6641488 0.3993621 0.6484584 0.3993621 0.6642549 0.461766 0.6484584 0.4587256 0.6641032 0.4587256 0.6490537 0.4587256 0.6641032 0.461766 0.6484584 0.4617659 0.6639826 0.9028983 0.7483185 0.9059054 0.3993005 0.9059054 0.7478554 0.9059054 0.3993005 0.9028983 0.7483185 0.9028983 0.3988375 0.4545695 0.6641032 0.4515293 0.6484584 0.4545696 0.6490538 0.4515293 0.6484584 0.4545695 0.6641032 0.4515293 0.6639826 0.4030163 0.6641487 0.39992 0.6484584 0.4030162 0.64897 0.39992 0.6484584 0.4030163 0.6641487 0.39992 0.6642547 0.4330382 0.6486619 0.4361698 0.6642431 0.4330381 0.6638348 0.4361698 0.6642431 0.4330382 0.6486619 0.4361698 0.6484584 0.4478288 0.6487723 0.4509714 0.6642391 0.4478291 0.6639437 0.4509714 0.6642391 0.4478288 0.6487723 0.4509713 0.6484583 0.4103555 0.6638186 0.4072282 0.6484583 0.4103556 0.6486448 0.4072282 0.6484583 0.4103555 0.6638186 0.4072282 0.6642446 0.4763029 0.6635029 0.4732146 0.6485158 0.4763029 0.6484584 0.4732146 0.6485158 0.4763029 0.6635029 0.4732146 0.6640299 0.9240668 0.678764 0.9271286 0.3988375 0.9271287 0.6791718 0.9271286 0.3988375 0.9240668 0.678764 0.9240668 0.3992452 0.4690104 0.6489854 0.4659221 0.6639726 0.4659221 0.6484584 0.4659221 0.6639726 0.4690104 0.6489854 0.4690104 0.6640301 0.4145991 0.6638185 0.4177263 0.6484584 0.4177263 0.6642445 0.4177263 0.6484584 0.4145991 0.6638185 0.4145989 0.6486448 0.3261483 0.6484584 0.3291026 0.6645289 0.3261483 0.6649496 0.3291026 0.6645289 0.3261483 0.6484584 0.3291026 0.6487429 0.9205961 0.3988375 0.923509 0.6794889 0.9205962 0.679806 0.923509 0.6794889 0.9205961 0.3988375 0.9235089 0.3991546 0.3542671 0.6645852 0.3572311 0.6484584 0.3572311 0.6649415 0.3572311 0.6484584 0.3542671 0.6645852 0.354267 0.6488042 0.3366851 0.6646535 0.3396421 0.6484584 0.3396421 0.6649474 0.3396421 0.6484584 0.3366851 0.6646535 0.3366851 0.6488687 0.3220779 0.6487011 0.3191435 0.6649662 0.3191435 0.6484584 0.3191435 0.6649662 0.3220779 0.6487011 0.3220779 0.6644974 0.3781045 0.6484887 0.375205 0.6645253 0.375205 0.6484584 0.375205 0.6645253 0.3781045 0.6484887 0.3781045 0.664013 0.899461 0.7486602 0.9023404 0.3988375 0.9023404 0.749002 0.9023404 0.3988375 0.899461 0.7486602 0.899461 0.3991793 0.3711898 0.6645254 0.3682904 0.6484888 0.3711898 0.6484584 0.3682904 0.6484888 0.3711898 0.6645254 0.3682904 0.664013 0.3121591 0.6484584 0.3150935 0.6647237 0.3121591 0.6649664 0.3150935 0.6647237 0.3121591 0.6484584 0.3150935 0.6489273 0.3431571 0.6649473 0.3402 0.6487522 0.3431571 0.6484584 0.3402 0.6487522 0.3431571 0.6649473 0.3402 0.6645369 0.357789 0.6484583 0.3607531 0.6645851 0.357789 0.6649414 0.3607531 0.6645851 0.357789 0.6484583 0.3607531 0.648804 0.3815919 0.6484583 0.3786624 0.6640318 0.3786625 0.6485176 0.3786624 0.6640318 0.3815919 0.6484583 0.3815918 0.6645091 0.3331728 0.6649494 0.3361271 0.6488789 0.3361272 0.6646651 0.3361271 0.6488789 0.3331728 0.6649494 0.3331728 0.6484583 0.361311 0.6649413 0.3642751 0.6488147 0.3642749 0.6645956 0.3642751 0.6488147 0.361311 0.6649413 0.361311 0.6484583 0.3472299 0.6649472 0.350187 0.6487522 0.3501871 0.6645368 0.350187 0.6487522 0.3472299 0.6649472 0.3472299 0.6484584 0.3086668 0.6649664 0.3116012 0.648701 0.3116012 0.6644974 0.3116012 0.648701 0.3086668 0.6649664 0.3086668 0.6484584 0.364833 0.6645255 0.3677324 0.6484888 0.3677325 0.6640131 0.3677324 0.6484888 0.364833 0.6645255 0.364833 0.6484584 0.8960238 0.749002 0.8989032 0.3991793 0.8989032 0.7486603 0.8989032 0.3991793 0.8960238 0.749002 0.8960238 0.3988375 0.3717477 0.6484887 0.3746472 0.6645253 0.3717477 0.664013 0.3746472 0.6645253 0.3717477 0.6484887 0.3746472 0.6484584 0.3185857 0.6647236 0.3156514 0.6484584 0.3185857 0.6489272 0.3156514 0.6484584 0.3185857 0.6647236 0.3156514 0.6649664 0.3466719 0.6646534 0.343715 0.6484584 0.346672 0.6488687 0.343715 0.6484584 0.3466719 0.6646534 0.343715 0.6649473 0.3537089 0.6645852 0.3507449 0.6484584 0.3537091 0.6488044 0.3507449 0.6484584 0.3537089 0.6645852 0.3507449 0.6649416 0.3326149 0.6645292 0.3296604 0.6484584 0.3326149 0.6487428 0.3296604 0.6484584 0.3326149 0.6645292 0.3296604 0.6649496 0.3850792 0.6640317 0.3821497 0.6484584 0.385079 0.6485176 0.3821497 0.6484584 0.3850792 0.6640317 0.3821497 0.6645091 0.9189974 0.2809303 0.9219101 2.78933e-4 0.9219101 0.2812474 0.9219101 2.78933e-4 0.9189974 0.2809303 0.9189973 5.96105e-4 0.3920539 0.6489356 0.3891244 0.664509 0.3891244 0.6484584 0.3891244 0.664509 0.3920539 0.6489356 0.3920537 0.6644497 0.3255904 0.648879 0.3226358 0.6649496 0.3226358 0.6484584 0.3226358 0.6649496 0.3255904 0.648879 0.3255902 0.6646651 0 0 0 0 0 0 0 0 0 0 0 0 0 0 0 0 0 0 0 0 0 0 0 0 0 0 0 0 0 0 0 0 0 0 0 0 0 0 0 0 0 0 0 0 0 0 0 0 0 0 0 0 0 0 0 0 0 0 0 0 0 0 0 0 0 0 0 0 0 0 0 0 0 0 0 0 0 0 0 0 0 0 0 0 0 0 0 0 0 0 0 0 0 0 0 0 0 0 0 0 0 0 0 0 0 0 0 0 0 0 0 0 0 0 0 0 0 0 0 0 0 0 0 0 0 0 0 0 0 0 0 0 0 0 0 0 0 0 0 0 0 0 0 0 0 0 0 0 0 0 0 0 0 0 0 0 0 0 0 0 0 0 0 0 0 0 0 0 0 0 0 0 0 0 0 0 0 0 0 0 0 0 0 0 0 0 0 0 0 0 0 0 0 0 0 0 0 0 0 0 0 0 0 0 0 0 0 0 0 0 0 0 0 0 0 0 0 0 0 0 0 0 0 0 0 0 0 0 0 0 0 0 0 0 0 0 0 0 0 0 0 0 0 0 0 0 0 0 0 0 0 0 0 0 0 0 0 0 0 0 0 0 0 0 0 0 0 0 0 0 0 0 0 0 0 0 0 0 0 0 0 0 0 0 0 0 0 0 0 0 0 0 0 0 0 0 0 0 0 0 0 0 0 0 0 0 0 0 0 0 0 0 0 0 0 0 0 0 0 0 0 0 0 0 0 0 0 0 0 0 0 0 0 0 0 0 0 0 0 0 0 0 0 0 0 0 0 0 0 0 0 0 0 0 0 0 0 0 0 0 0 0 0 0 0 0 0 0 0 0 0 0 0 0 0 0 0 0 0 0 0 0 0 0 0 0 0 0 0 0 0 0 0 0 0 0 0 0 0 0 0 0 0 0 0 0 0 0 0 0 0 0 0 0 0 0 0 0 0 0 0 0 0 0 0 0 0 0 0 0 0 0 0 0 0 0 0 0 0 0 0 0 0 0 0 0 0 0 0 0 0 0 0 0 0 0 0 0 0 0 0 0 0 0 0 0 0 0 0 0 0 0 0 0 0 0 0 0 0 0 0 0 0 0 0 0 0 0 0 0 0 0 0 0 0 0 0 0 0 0 0 0 0 0 0 0 0 0 0 0 0 0 0 0 0 0 0 0 0 0 0 0 0 0 0 0 0 0 0 0 0 0 0 0 0 0 0 0 0 0 0 0 0 0 0 0 0 0 0 0 0 0 0 0 0 0 0 0 0 0 0 0 0 0 0 0 0 0 0 0 0 0 0 0 0 0 0 0 0 0 0 0 0 0 0 0 0 0 0 0 0 0 0 0 0 0 0 0 0 0 0 0 0 0 0 0 0 0 0 0 0 0 0 0 0 0 0 0 0 0 0 0 0 0 0 0 0 0 0 0 0 0 0 0 0 0 0 0 0 0 0 0 0 0 0 0 0 0 0 0 0 0 0 0 0 0 0 0 0 0 0 0 0 0 0 0 0 0 0 0 0 0 0 0 0 0 0 0 0 0 0 0 0 0 0 0 0 0 0 0 0 0 0 0 0 0 0 0 0 0 0 0 0 0 0 0 0 0 0 0 0 0 0 0 0 0 0 0 0 0 0 0 0 0 0 0 0 0 0 0 0 0 0 0 0 0 0 0 0 0 0 0 0 0 0 0 0 0 0 0 0 0 0 0 0 0 0 0 0 0 0 0 0 0 0 0 0 0 0 0 0 0 0 0 0 0 0 0 0 0 0 0 0 0 0 0 0 0 0 0 0 0 0 0 0 0 0 0 0 0 0 0 0 0 0 0 0 0 0 0 0 0 0 0 0 0 0 0 0 0 0 0 0 0 0 0 0 0 0 0 0 0 0 0 0 0 0 0 0 0 0 0 0 0 0 0 0 0 0 0 0 0 0 0 0 0 0 0 0 0 0 0 0 0 0 0 0 0 0 0 0 0 0 0 0 0 0 0 0 0 0 0 0 0 0 0 0 0 0 0 0 0 0 0 0 0 0 0 0 0 0 0 0 0 0 0 0 0 0 0 0 0 0 0 0 0 0 0 0 0 0 0 0 0 0 0 0 0 0 0 0 0 0 0 0 0 0 0 0 0 0 0 0 0 0 0 0 0 0 0 0 0 0 0 0 0 0 0 0 0 0 0 0 0 0 0 0 0 0 0 0 0 0 0 0 0 0 0 0 0 0 0 0 0 0 0 0 0 0 0 0 0 0 0 0 0 0 0 0 0 0 0 0 0 0 0 0 0 0 0 0 0 0 0 0 0 0 0 0 0 0 0 0 0 0 0 0 0 0 0 0 0 0 0 0 0 0 0 0 0 0 0 0 0 0 0 0 0 0 0 0 0 0 0 0 0 0 0 0 0 0 0 0 0 0 0 0 0 0 0 0 0 0 0 0 0 0 0 0 0 0 0 0 0 0 0 0 0 0 0 0 0 0 0 0 0 0 0 0 0 0 0 0 0 0 0 0 0 0 0 0 0 0 0 0 0 0 0 0 0 0 0 0 0 0 0 0 0 0 0 0 0 0 0 0 0 0 0 0 0 0 0 0 0 0 0 0 0 0 0 0 0 0 0 0 0 0 0 0 0 0 0 0 0 0 0 0 0 0 0 0 0 0 0 0 0 0 0 0 0 0 0 0 0 0 0 0 0 0 0 0 0 0 0 0 0 0 0 0 0 0 0 0 0 0 0 0 0 0 0 0 0 0 0 0 0 0 0 0 0 0 0 0 0 0 0 0 0 0 0 0 0 0 0 0 0 0 0 0 0 0 0 0 0 0 0 0 0 0 0 0 0 0 0 0 0 0 0 0 0 0 0 0 0 0 0 0 0 0 0 0 0 0 0 0 0 0 0 0 0 0 0 0 0 0 0 0 0 0 0 0 0 0 0 0 0 0 0 0 0 0 0 0 0 0 0 0 0 0 0 0 0 0 0 0 0 0 0 0 0 0 0 0 0 0 0 0 0 0 0 0 0 0 0 0 0 0 0 0 0 0 0 0 0 0 0 0 0 0 0 0 0 0 0 0 0 0 0 0 0 0 0 0 0 0 0 0 0 0 0 0 0 0 0 0 0 0 0 0 0 0 0 0 0 0 0 0 0 0 0 0 0 0 0 0 0 0 0 0 0 0 0 0 0 0 0 0 0 0 0 0 0 0 0 0 0 0 0 0 0 0 0 0 0 0 0 0 0 0 0 0 0 0 0 0 0 0 0 0 0 0 0 0 0 0 0 0 0 0 0 0 0 0 0 0 0 0 0 0 0 0 0 0 0 0 0 0 0 0 0 0 0 0 0 0 0 0 0 0 0 0 0 0 0 0 0 0 0 0 0 0 0 0 0 0 0 0 0 0 0 0 0 0 0 0 0 0 0 0 0 0 0 0 0 0 0 0 0 0 0 0 0 0 0 0 0 0 0 0 0 0 0 0 0 0 0 0 0 0 0 0 0 0 0 0 0 0 0 0 0 0 0 0 0 0 0 0 0 0 0 0 0 0 0 0 0 0 0 0 0 0 0 0 0 0 0 0 0 0 0 0 0 0 0 0 0 0 0 0 0 0 0 0 0 0 0 0 0 0 0 0 0 0 0 0 0 0 0 0 0 0 0 0 0 0 0 0 0 0 0 0 0 0 0 0 0 0 0 0 0 0 0 0 0 0 0 0 0 0 0 0 0 0 0 0 0 0 0 0 0 0 0 0 0 0 0 0 0 0 0 0 0 0 0 0 0 0 0 0 0 0 0 0 0 0 0 0 0 0 0 0 0 0 0 0 0 0 0 0 0 0 0 0 0 0 0 0 0 0 0 0 0 0 0 0 0 0 0 0 0 0 0 0 0 0 0 0 0 0 0 0 0 0 0 0 0 0 0 0 0 0 0 0 0 0 0 0 0 0 0 0 0 0 0 0 0 0 0 0 0 0 0 0 0 0 0 0 0 0 0 0 0 0 0 0 0 0 0 0 0 0 0 0 0 0 0 0 0 0 0 0 0 0 0 0 0 0 0 0 0 0 0 0 0 0 0 0 0 0 0 0 0 0 0 0 0 0 0 0 0 0 0 0 0 0 0 0 0 0 0 0 0 0 0 0 0 0 0 0 0 0 0 0 0 0 0 0 0 0 0 0 0 0 0 0 0 0 0 0 0 0 0 0 0 0 0 0 0 0 0 0 0 0 0 0 0 0 0 0 0 0 0 0 0 0 0 0 0 0 0 0 0 0 0 0 0 0 0 0 0 0 0 0 0 0 0 0 0 0 0 0 0 0 0 0 0 0 0 0 0 0 0 0 0 0 0 0 0 0 0 0 0 0 0 0 0 0 0 0 0 0 0 0 0 0 0 0 0 0 0 0 0 0 0 0 0 0 0 0 0 0 0 0 0 0 0 0 0 0 0 0 0 0 0 0 0 0 0 0 0 0 0 0 0 0 0 0 0 0 0 0 0 0 0 0 0 0 0 0 0 0 0 0 0 0 0 0 0 0 0 0 0 0 0 0 0 0 0 0 0 0 0 0 0 0 0 0 0 0 0 0 0 0 0 0 0 0 0 0 0 0 0 0 0 0 0 0 0 0 0 0 0 0 0 0 0 0 0 0 0 0 0 0 0 0 0 0 0 0 0 0 0 0 0 0 0 0 0 0 0 0 0 0 0 0 0 0 0 0 0 0 0 0 0 0 0 0 0 0 0 0 0 0 0 0 0 0 0 0 0 0 0 0 0 0 0 0 0 0 0 0 0 0 0 0 0 0 0 0 0 0 0 0 0 0 0 0 0 0 0 0 0 0 0 0 0 0 0 0 0 0 0 0 0 0 0 0 0 0 0 0 0 0 0 0 0 0 0 0 0 0 0 0 0 0 0 0 0 0 0 0 0 0 0 0 0 0 0 0 0 0 0 0 0 0 0 0 0 0 0 0 0 0 0 0 0 0 0 0 0 0 0 0 0 0 0 0 0 0 0 0 0 0 0 0 0 0 0 0 0 0 0 0 0 0 0 0 0 0 0 0 0 0 0 0 0 0 0 0 0 0 0 0 0 0 0 0 0 0 0 0 0 0 0 0 0 0 0 0 0 0 0 0 0 0 0 0 0 0 0 0 0 0 0 0 0 0 0 0 0 0 0 0 0 0 0 0 0 0 0 0 0 0 0 0 0 0 0 0 0 0 0 0 0 0 0 0 0 0 0 0 0 0 0 0 0 0 0 0 0 0 0 0 0 0 0 0 0 0 0 0 0 0 0 0 0 0 0 0 0 0 0 0 0 0 0 0 0 0 0 0 0 0 0 0 0 0 0 0 0 0 0 0 0 0 0 0 0 0 0 0 0 0 0 0 0 0 0 0 0 0 0 0 0 0 0 0 0 0 0 0 0 0 0 0 0 0 0 0 0 0 0 0 0 0 0 0 0 0 0 0 0 0 0 0 0 0 0 0 0 0 0 0 0 0 0 0 0 0 0 0 0 0 0 0 0 0 0 0 0 0 0 0 0 0 0 0 0 0 0 0 0 0 0 0 0 0 0 0 0 0 0 0 0 0 0 0 0 0 0 0 0 0 0 0 0 0 0 0 0 0 0 0 0 0 0 0 0 0 0 0 0 0 0 0 0 0 0 0 0 0 0 0 0 0 0 0 0 0 0 0 0 0 0 0 0 0 0 0 0 0 0 0 0 0 0 0 0 0 0 0 0 0 0 0 0 0 0 0 0 0 0 0 0 0 0 0 0 0 0 0 0 0 0 0 0 0 0 0 0 0 0 0 0 0 0 0 0 0 0 0 0 0 0 0 0 0 0 0 0 0 0 0 0 0 0 0 0 0 0 0 0 0 0 0 0 0 0 0 0 0 0 0 0 0 0 0 0 0 0 0 0 0 0 0 0 0 0 0 0 0 0 0 0 0 0 0 0 0 0 0 0 0 0 0 0 0 0 0 0 0 0 0 0 0 0 0 0 0 0 0 0 0 0 0 0 0 0 0 0 0 0 0 0 0 0 0 0 0 0 0 0 0 0 0 0 0 0 0 0 0 0 0 0 0 0 0 0 0 0 0 0 0 0 0 0 0 0 0 0 0 0 0 0 0 0 0 0 0 0 0 0 0 0 0 0 0 0 0 0 0 0 0 0 0 0 0 0 0 0 0 0 0 0 0 0 0 0 0 0 0 0 0 0 0 0 0 0 0 0 0 0 0 0 0 0 0 0 0 0 0 0 0 0 0 0 0 0 0 0 0 0 0 0 0 0 0 0 0 0 0 0 0 0 0 0 0 0 0 0 0 0 0 0 0 0 0 0 0 0 0 0 0 0 0 0 0 0 0 0 0 0 0 0 0 0 0 0 0 0 0 0 0 0 0 0 0 0 0 0 0 0 0 0 0 0 0 0 0 0 0 0 0 0 0 0 0 0 0 0 0 0 0 0 0 0 0 0 0 0 0 0 0 0 0 0 0 0 0 0 0 0 0 0 0 0 0 0 0 0 0 0 0 0 0 0 0 0 0 0 0 0 0 0 0 0 0 0 0 0 0 0 0 0 0 0 0 0 0 0 0 0 0 0 0 0 0 0 0 0 0 0 0 0 0 0 0 0 0 0 0 0 0 0 0 0 0 0 0 0 0 0 0 0 0 0 0 0 0 0 0 0 0 0 0 0 0 0 0 0 0 0 0 0 0 0 0 0 0 0 0 0 0 0 0 0 0 0 0 0 0 0 0 0 0 0 0 0 0 0 0 0 0 0 0 0 0 0 0 0 0 0 0 0 0 0 0 0 0 0 0 0 0 0 0 0 0 0 0 0 0 0 0 0 0 0 0 0 0 0 0 0 0 0 0 0 0 0 0 0 0 0 0 0 0 0 0 0 0 0 0 0 0 0 0 0 0 0 0 0 0 0 0 0 0 0 0 0 0 0 0 0 0 0 0 0 0 0 0 0 0 0 0 0 0 0 0 0 0 0 0 0 0 0 0 0 0 0 0 0 0 0 0 0 0 0 0 0 0 0 0 0 0 0 0 0 0 0 0 0 0 0 0 0 0 0 0 0 0 0 0 0 0 0 0 0 0 0 0 0 0 0 0 0 0 0 0 0 0 0 0 0 0 0 0 0 0 0 0 0 0 0 0 0 0 0 0 0 0 0 0 0 0 0 0 0 0 0 0 0 0 0 0 0 0 0 0 0 0 0 0 0 0 0 0 0 0 0 0 0 0 0 0 0 0 0 0 0 0 0 0 0 0 0 0 0 0 0 0 0 0 0 0 0 0 0 0 0 0 0 0 0 0 0 0 0 0 0 0 0 0 0 0 0 0 0 0 0 0 0 0 0 0 0 0 0 0 0 0 0 0 0 0 0 0 0 0 0 0 0 0 0 0 0 0 0 0 0 0 0 0 0 0 0 0 0 0 0 0 0 0 0 0 0 0 0 0 0 0 0 0 0 0 0 0 0 0 0 0 0 0 0 0 0 0 0 0 0 0 0 0 0 0 0 0 0 0 0 0 0 0 0 0 0 0 0 0 0 0 0 0 0 0 0 0 0 0 0 0 0 0 0 0 0 0 0 0 0 0 0 0 0 0 0 0 0 0 0 0 0 0 0 0 0 0 0 0 0 0 0 0 0 0 0 0 0 0 0 0 0 0 0 0 0 0 0 0 0 0 0 0 0 0 0 0 0 0 0 0 0 0 0 0 0 0 0 0 0 0 0 0 0 0 0 0 0 0 0 0 0 0 0 0 0 0 0 0 0 0 0 0 0 0 0 0 0 0 0 0 0 0 0 0 0 0 0 0 0 0 0 0 0 0 0 0 0 0 0 0 0 0 0 0 0 0 0 0 0 0 0 0 0 0 0 0 0 0 0 0 0 0 0 0 0 0 0 0 0 0 0 0 0 0 0 0 0 0 0 0 0 0 0 0 0 0 0 0 0 0 0 0 0 0 0 0 0 0 0 0 0 0 0 0 0 0 0 0 0 0 0 0 0 0 0 0 0 0 0 0 0 0 0 0 0 0 0 0 0 0 0 0 0 0 0 0 0 0 0 0 0 0 0 0 0 0 0 0 0 0 0 0 0 0 0 0 0 0 0 0 0 0 0 0 0 0 0 0 0 0 0 0 0 0 0 0 0 0 0 0 0 0 0 0 0 0 0 0 0 0 0 0 0 0 0 0 0 0 0 0 0 0 0 0 0 0 0 0 0 0 0 0 0 0 0 0 0 0 0 0 0 0 0 0 0 0 0 0 0 0 0 0 0 0 0 0 0 0 0 0 0 0 0 0 0 0 0 0 0 0 0 0 0 0 0 0 0 0 0 0 0 0 0 0 0 0 0 0 0 0 0 0 0 0 0 0 0 0 0 0 0 0 0 0 0 0 0 0 0 0 0 0 0 0 0 0 0 0 0 0 0 0 0 0 0 0 0 0 0 0 0 0 0 0 0 0 0 0 0 0 0 0 0 0 0 0 0 0 0 0 0 0 0 0 0 0 0 0 0 0 0 0 0 0 0 0 0 0 0 0 0 0 0 0 0 0 0 0 0 0 0 0 0 0 0 0 0 0 0 0 0 0 0 0 0 0 0 0 0 0 0 0 0 0 0 0 0 0 0 0 0 0 0 0 0 0 0 0 0 0 0 0 0 0 0 0 0 0 0 0 0 0 0 0 0 0 0 0 0 0 0 0 0 0 0 0 0 0 0 0 0 0 0 0 0 0 0 0 0 0 0 0 0 0 0 0 0 0 0 0 0 0 0 0 0 0 0 0 0 0 0 0 0 0 0 0 0 0 0 0 0 0 0 0 0 0 0 0 0 0 0 0 0 0 0 0 0 0 0 0 0 0 0 0 0 0 0 0 0 0 0 0 0 0 0 0 0 0 0 0 0 0 0 0 0 0 0 0 0 0 0 0 0 0 0 0 0 0 0 0 0 0 0 0 0 0 0 0 0 0 0 0 0 0 0 0 0 0 0 0 0 0 0 0 0 0 0 0 0 0 0 0 0 0 0 0 0 0 0 0 0 0 0 0 0 0 0 0 0 0 0 0 0 0 0 0 0 0 0 0 0 0 0 0 0 0 0 0 0 0 0 0 0 0 0 0 0 0 0 0 0 0 0 0 0 0 0 0 0 0 0 0 0 0 0 0 0 0 0 0 0 0 0 0 0 0 0 0 0 0 0 0 0 0 0 0 0 0 0 0 0 0 0 0 0 0 0 0 0 0 0 0 0 0 0 0 0 0 0 0 0 0 0 0 0 0 0 0 0 0 0 0 0 0 0 0 0 0 0 0 0 0 0 0 0 0 0 0 0 0 0 0 0 0 0 0 0 0 0 0 0 0 0 0 0 0 0 0 0 0 0 0 0 0 0 0 0 0 0 0 0 0 0 0 0 0 0 0 0 0 0 0 0 0 0 0 0 0 0 0 0 0 0 0 0 0 0 0 0 0 0 0 0 0 0 0 0 0 0 0 0 0 0 0 0 0 0 0 0 0 0 0 0 0 0 0 0 0 0 0 0 0 0 0 0 0 0 0 0 0 0 0 0 0 0 0 0 0 0 0 0 0 0 0 0 0 0 0 0 0 0 0 0 0 0 0 0 0 0 0 0 0 0 0 0 0 0 0 0 0 0 0 0 0 0 0 0 0 0 0 0 0 0 0 0 0 0 0 0 0 0 0 0 0 0 0 0 0 0 0 0 0 0 0 0 0 0 0 0 0 0 0 0 0 0 0 0 0 0 0 0 0 0 0 0 0 0 0 0 0 0 0 0 0 0 0 0 0 0 0 0 0 0 0 0 0 0 0 0 0 0 0 0 0 0 0 0 0 0 0 0 0 0 0 0 0 0 0 0 0 0 0 0 0 0 0 0 0 0 0 0 0 0 0 0 0 0 0 0 0 0 0 0 0 0 0 0 0 0 0 0 0 0 0 0 0 0 0 0 0 0 0 0 0 0 0 0 0 0 0 0 0 0 0 0 0 0 0 0 0 0 0 0 0 0 0 0 0 0 0 0 0 0 0 0 0 0 0 0 0 0 0 0 0 0 0 0 0 0 0 0 0 0 0 0 0 0 0 0 0 0 0 0 0 0 0 0 0 0 0 0 0 0 0 0 0 0 0 0 0 0 0 0 0 0 0 0 0 0 0 0 0 0 0 0 0 0 0 0 0 0 0 0 0 0 0 0 0 0 0 0 0 0 0 0 0 0 0 0 0 0 0 0 0 0 0 0 0 0 0 0 0 0 0 0 0 0 0 0 0 0 0 0 0 0 0 0 0 0 0 0 0 0 0 0 0 0 0 0 0 0 0 0 0 0 0 0 0 0 0 0 0 0 0 0 0 0 0 0 0 0 0 0 0 0 0 0 0 0 0 0 0 0 0 0 0 0 0 0 0 0 0 0 0 0 0 0 0 0 0 0 0 0 0 0 0 0 0 0 0 0 0 0 0 0 0 0 0 0 0 0 0 0 0 0 0 0 0 0 0 0 0 0 0 0 0 0 0 0 0 0 0 0 0 0 0 0 0 0 0 0 0 0 0 0 0 0 0 0 0 0 0 0 0 0 0 0 0 0 0 0 0 0 0 0 0 0 0 0 0 0 0 0 0 0 0 0 0 0 0 0 0 0 0 0 0 0 0 0 0 0 0 0 0 0 0 0 0 0 0 0 0 0 0 0 0 0 0 0 0 0 0 0 0 0 0 0 0 0 0 0 0 0 0 0 0 0 0 0 0 0 0 0 0 0 0 0 0 0 0 0 0 0 0 0 0 0 0 0 0 0 0 0 0 0 0 0 0 0 0 0 0 0 0 0 0 0 0 0 0 0 0 0 0 0 0 0 0 0 0 0 0 0 0 0 0 0 0 0 0 0 0 0 0 0 0 0 0 0 0 0 0 0 0 0 0 0 0 0 0 0 0 0 0 0 0 0 0 0 0 0 0 0 0 0 0 0 0 0 0 0 0 0 0 0 0 0 0 0 0 0 0 0 0 0 0 0 0 0 0 0 0 0 0 0 0 0 0 0 0 0 0 0 0 0 0 0 0 0 0 0 0 0 0 0 0 0 0 0 0 0 0 0 0 0 0 0 0 0 0 0 0 0 0 0 0 0 0 0 0 0 0 0 0 0 0 0 0 0 0 0 0 0 0 0 0 0 0 0 0 0 0 0 0 0 0 0 0 0 0 0 0 0 0 0 0 0 0 0 0 0 0 0 0 0 0 0 0 0 0 0 0 0 0 0 0 0 0 0 0 0 0 0 0 0 0 0 0 0 0 0 0 0 0 0 0 0 0 0 0 0 0 0 0 0 0 0 0 0 0 0 0 0 0 0 0 0 0 0 0 0 0 0 0 0 0 0 0 0 0 0 0 0 0 0 0 0 0 0 0 0 0 0 0 0 0 0 0 0 0 0 0 0 0 0 0 0 0 0 0 0 0 0 0 0 0 0 0 0 0 0 0 0 0 0 0 0 0 0 0 0 0 0 0 0 0 0 0 0 0 0 0 0 0 0 0 0 0 0 0 0 0 0 0 0 0 0 0 0 0 0 0 0 0 0 0 0 0 0 0 0 0 0 0 0 0 0 0 0 0 0 0 0 0 0 0 0 0 0 0 0 0 0 0 0 0 0 0 0 0 0 0 0 0 0 0 0 0 0 0 0 0 0 0 0 0 0 0 0 0 0 0 0 0 0 0 0 0 0 0 0 0 0 0 0 0 0 0 0 0 0 0 0 0 0 0 0 0 0 0 0 0 0 0 0 0 0 0 0 0 0 0 0 0 0 0 0 0 0 0 0 0 0 0 0 0 0 0 0 0 0 0 0 0 0 0 0 0 0 0 0 0 0 0 0 0 0 0 0 0 0 0 0 0 0 0 0 0 0 0 0 0 0 0 0 0 0 0 0 0 0 0 0 0 0 0 0 0 0 0 0 0 0 0 0 0 0 0 0 0 0 0 0 0 0 0 0 0 0 0 0 0 0 0 0 0 0 0 0 0 0 0 0 0 0 0 0 0 0 0 0 0 0 0 0 0 0 0 0 0 0 0 0 0 0 0 0 0 0 0 0 0 0 0 0 0 0 0 0 0 0 0 0 0 0 0 0 0 0 0 0 0 0 0 0 0 0 0 0 0 0 0 0 0 0 0 0 0 0 0 0 0 0 0 0 0 0 0 0 0 0 0 0 0 0 0 0 0 0 0 0 0 0 0 0 0 0 0 0 0 0 0 0 0 0 0 0 0 0 0 0 0 0 0 0 0 0 0 0 0 0 0 0 0 0 0 0 0 0 0 0 0 0 0 0 0 0 0 0 0 0 0 0 0 0 0 0 0 0 0 0 0 0 0 0 0 0 0 0 0 0 0 0 0 0 0 0 0 0 0 0 0 0 0 0 0 0 0 0 0 0 0 0 0 0 0 0 0 0 0 0 0 0 0 0 0 0 0 0 0 0 0 0 0 0 0 0 0 0 0 0 0 0 0 0 0 0 0 0 0 0 0 0 0 0 0 0 0 0 0 0 0 0 0 0 0 0 0 0 0 0 0 0 0 0 0 0 0 0 0 0 0 0 0 0 0 0 0 0 0 0 0 0 0 0 0 0 0 0 0 0 0 0 0 0 0 0 0 0 0 0 0 0 0 0 0 0 0 0 0 0 0 0 0 0 0 0 0 0 0 0 0 0 0 0 0 0 0 0 0 0 0 0 0 0 0 0 0 0 0 0 0 0 0 0 0 0 0 0 0 0 0 0 0 0 0 0 0 0 0 0 0 0 0 0 0 0 0 0 0 0 0 0 0 0 0 0 0 0 0 0 0 0 0 0 0 0 0 0 0 0 0 0 0 0 0 0 0 0 0 0 0 0 0 0 0 0 0 0 0 0 0 0 0 0 0 0 0 0 0 0 0 0 0 0 0 0 0 0 0 0 0 0 0 0 0 0 0 0 0 0 0 0 0 0 0 0 0 0 0 0 0 0 0 0 0 0 0 0 0 0 0 0 0 0 0 0 0 0 0 0 0 0 0 0 0 0 0 0 0 0 0 0 0 0 0 0 0 0 0 0 0 0 0 0 0 0 0 0 0 0 0 0 0 0 0 0 0 0 0 0 0 0 0 0 0 0 0 0 0 0 0 0 0 0 0 0 0 0 0 0 0 0 0 0 0 0 0 0 0 0 0 0 0 0 0 0 0 0 0 0 0 0 0 0 0 0 0 0 0 0 0 0 0 0 0 0 0 0 0 0 0 0 0 0 0 0 0 0 0 0 0 0 0 0 0 0 0 0 0 0 0 0 0 0 0 0 0 0 0 0 0 0 0 0 0 0 0 0 0 0 0 0 0 0 0 0 0 0 0 0 0 0 0 0 0 0 0 0 0 0 0 0 0 0 0 0 0 0 0 0 0 0 0 0 0 0 0 0 0 0 0 0 0 0 0 0 0 0 0 0 0 0 0 0 0 0 0 0 0 0 0 0 0 0 0 0 0 0 0 0 0 0 0 0 0 0 0 0 0 0 0 0 0 0 0 0 0 0 0 0 0 0 0 0 0 0 0 0 0 0 0 0 0 0 0 0 0 0 0 0 0 0 0 0 0 0 0 0 0 0 0 0 0 0 0 0 0 0 0 0 0 0 0 0 0 0 0 0 0 0 0 0 0 0 0 0 0 0 0 0 0 0 0 0 0 0 0 0 0 0 0 0 0 0 0 0 0 0 0 0 0 0 0 0 0 0 0 0 0 0 0 0 0 0 0 0 0 0 0 0 0 0 0 0 0 0 0 0 0 0 0 0 0 0 0 0 0 0 0 0 0 0 0 0 0 0 0 0 0 0 0 0 0 0 0 0 0 0 0 0 0 0 0 0 0 0 0 0 0 0 0 0 0 0 0 0 0 0 0 0 0 0 0 0 0 0 0 0 0 0 0 0 0 0 0 0 0 0 0 0 0 0 0 0 0 0 0 0 0 0 0 0 0 0 0 0 0 0 0 0 0 0 0 0 0 0 0 0 0 0 0 0 0 0 0 0 0 0 0 0 0 0 0 0 0 0 0 0 0 0 0 0 0 0 0 0 0 0 0 0 0 0 0 0 0 0 0 0 0 0 0 0 0 0 0 0 0 0 0 0 0 0 0 0 0 0 0 0 0 0 0 0 0 0 0 0 0 0 0 0 0 0 0 0 0 0 0 0 0 0 0 0 0 0 0 0 0 0 0 0 0 0 0 0 0 0 0 0 0 0 0 0 0 0 0 0 0 0 0 0 0 0 0 0 0 0 0 0 0 0 0 0 0 0 0 0 0 0 0 0 0 0 0 0 0 0 0 0 0 0 0 0 0 0 0 0 0 0 0 0 0 0 0 0 0 0 0 0 0 0 0 0 0 0 0 0 0 0 0 0 0 0 0 0 0 0 0 0 0 0 0 0 0 0 0 0 0 0 0 0 0 0 0 0 0 0 0 0 0 0 0 0 0 0 0 0 0 0 0 0 0 0 0 0 0 0 0 0 0 0 0 0 0 0 0 0 0 0 0 0 0 0 0 0 0 0 0 0 0 0 0 0 0 0 0 0 0 0 0 0 0 0 0 0 0 0 0 0 0 0 0 0 0 0 0 0 0 0 0 0 0 0 0 0 0 0 0 0 0 0 0 0 0 0 0 0 0 0 0 0 0 0 0 0 0 0 0 0 0 0 0 0 0 0 0 0 0 0 0 0 0 0 0 0 0 0 0 0 0 0 0 0 0 0 0 0 0 0 0 0 0 0 0 0 0 0 0 0 0 0 0 0 0 0 0 0 0 0 0 0 0 0 0 0 0 0 0 0 0 0 0 0 0 0 0 0 0 0 0 0 0 0 0 0 0 0 0 0 0 0 0 0 0 0 0 0 0 0 0 0 0 0 0 0 0 0 0 0 0 0 0 0 0 0 0 0 0 0 0 0 0 0 0 0 0 0 0 0 0 0 0 0 0 0 0 0 0 0 0 0 0 0 0 0 0 0 0 0 0 0 0 0 0 0 0 0 0 0 0 0 0 0 0 0 0 0 0 0 0 0 0 0 0 0 0 0 0 0 0 0 0 0 0 0 0 0 0 0 0 0 0 0 0 0 0 0 0 0 0 0 0 0 0 0 0 0 0 0 0 0 0 0 0 0 0 0 0 0 0 0 0 0 0 0 0 0 0 0 0 0 0 0 0 0 0 0 0 0 0 0 0 0 0 0 0 0 0 0 0 0 0 0 0 0 0 0 0 0 0 0 0 0 0 0 0 0 0 0 0 0 0 0 0 0 0 0 0 0 0 0 0 0 0 0 0 0 0 0 0 0 0 0 0 0 0 0 0 0 0 0 0 0 0 0 0 0 0 0 0 0 0 0 0 0 0 0 0 0 0 0 0 0 0 0 0 0 0 0 0 0 0 0 0 0 0 0 0 0 0 0 0 0 0 0 0 0 0 0 0 0 0 0 0 0 0 0 0 0 0 0 0 0 0 0 0 0 0 0 0 0 0 0 0 0 0 0 0 0 0 0 0 0 0 0 0 0 0 0 0 0 0 0 0 0 0 0 0 0 0 0 0 0 0 0 0 0 0 0 0 0 0 0 0 0 0 0 0 0 0 0 0 0 0 0 0 0 0 0 0 0 0 0 0 0 0 0 0 0 0 0 0 0 0 0 0 0 0 0 0 0 0 0 0 0 0 0 0 0 0 0 0 0 0 0 0 0 0 0 0 0 0 0 0 0 0 0 0 0 0 0 0 0 0 0 0 0 0 0 0 0 0 0 0 0 0 0 0 0 0 0 0 0 0 0 0 0 0 0 0 0 0 0 0 0 0 0 0 0 0 0 0 0 0 0 0 0 0 0 0 0 0 0 0 0 0 0 0 0 0 0 0 0 0 0 0 0 0 0 0 0 0 0 0 0 0 0 0 0 0 0 0 0 0 0 0 0 0 0 0 0 0 0 0 0 0 0 0 0 0 0 0 0 0 0 0 0 0 0 0 0 0 0 0 0 0 0 0 0 0 0 0 0 0 0 0 0 0 0 0 0 0 0 0 0 0 0 0 0 0 0 0 0 0 0 0 0 0 0 0 0 0 0 0 0 0 0 0 0 0 0 0 0 0 0 0 0 0 0 0 0 0 0 0 0 0 0 0 0 0 0 0 0 0 0 0 0 0 0 0 0 0 0 0 0 0 0 0 0 0 0 0 0 0 0 0 0 0 0 0 0 0 0 0 0 0 0 0 0 0 0 0 0 0 0 0 0 0 0 0 0 0 0 0 0 0 0 0 0 0 0 0 0 0 0 0 0 0 0 0 0 0 0 0 0 0 0 0 0 0 0 0 0 0 0 0 0 0 0 0 0 0 0 0 0 0 0 0 0 0 0 0 0 0 0 0 0 0 0 0 0 0 0 0 0 0 0 0 0 0 0 0 0 0 0 0 0 0 0 0 0 0 0 0 0 0 0 0 0 0 0 0 0 0 0 0 0 0 0 0 0 0 0 0 0 0 0 0 0 0 0 0 0 0 0 0 0 0 0 0 0 0 0 0 0 0 0 0 0 0 0 0 0 0 0 0 0 0 0 0 0 0 0 0 0 0 0 0 0 0 0 0 0 0 0 0 0 0 0 0 0 0 0 0 0 0 0 0 0 0 0 0 0 0 0 0 0 0 0 0 0 0 0 0 0 0 0 0 0 0 0 0 0 0 0 0 0 0 0 0 0 0 0 0 0 0 0 0 0 0 0 0 0 0 0 0 0 0 0 0 0 0 0 0 0 0 0 0 0 0 0 0 0 0 0 0 0 0 0 0 0 0 0 0 0 0 0 0 0 0 0 0 0 0 0 0 0 0 0 0 0 0 0 0 0 0 0 0 0 0 0 0 0 0 0 0 0 0 0 0 0 0 0 0 0 0 0 0 0 0 0 0 0 0 0 0 0 0 0 0 0 0 0 0 0 0 0 0 0 0 0 0 0 0 0 0 0 0 0 0 0 0 0 0 0 0 0 0 0 0 0 0 0 0 0 0 0 0 0 0 0 0 0 0 0 0 0 0 0 0 0 0 0 0 0 0 0 0 0 0 0 0 0 0 0 0 0 0 0 0 0 0 0 0 0 0 0 0 0 0 0 0 0 0 0 0 0 0 0 0 0 0 0 0 0 0 0 0 0 0 0 0 0 0 0 0 0 0 0 0 0 0 0 0 0 0 0 0 0 0 0 0 0 0 0 0 0 0 0 0 0 0 0 0 0 0 0 0 0 0 0 0 0 0 0 0 0 0 0 0 0 0 0 0 0 0 0 0 0 0 0 0 0 0 0 0 0 0 0 0 0 0 0 0 0 0 0 0 0 0 0 0 0 0 0 0 0 0 0 0 0 0 0 0 0 0 0 0 0 0 0 0 0 0 0 0 0 0 0 0 0 0 0 0 0 0 0 0 0 0 0 0 0 0 0 0 0 0 0 0 0 0 0 0 0 0 0 0 0 0 0 0 0 0 0 0 0 0 0 0 0 0 0 0 0 0 0 0 0 0 0 0 0 0 0 0 0 0 0 0 0 0 0 0 0 0 0 0 0 0 0 0 0 0 0 0 0 0 0 0 0 0 0 0 0 0 0 0 0 0 0 0 0 0 0 0 0 0 0 0 0 0 0 0 0 0 0 0 0 0 0 0 0 0 0 0 0 0 0 0 0 0 0 0 0 0 0 0 0 0 0 0 0 0 0 0 0 0 0 0 0 0 0 0 0 0 0 0 0 0 0 0 0 0 0 0 0 0 0 0 0 0 0 0 0 0 0 0 0 0 0 0 0 0 0 0 0 0 0 0 0 0 0 0 0 0 0 0 0 0 0 0 0 0 0 0 0 0 0 0 0 0 0 0 0 0 0 0 0 0 0 0 0 0 0 0 0 0 0 0 0 0 0 0 0 0 0 0 0 0 0 0 0 0 0 0 0 0 0 0 0 0 0 0 0 0 0 0 0 0 0 0 0 0 0 0 0 0 0 0 0 0 0 0 0 0 0 0 0 0 0 0 0 0 0 0 0 0 0 0 0 0 0 0 0 0 0 0 0 0 0 0 0 0 0 0 0 0 0 0 0 0 0 0 0 0 0 0 0 0 0 0 0 0 0 0 0 0 0 0 0 0 0 0 0 0 0 0 0 0 0 0 0 0 0 0 0 0 0 0 0 0 0 0 0 0 0 0 0 0 0 0 0 0 0 0 0 0 0 0 0 0 0 0 0 0 0 0 0 0 0 0 0 0 0 0 0 0 0 0 0 0 0 0 0 0 0 0 0 0 0 0 0 0 0 0 0 0 0 0 0 0 0 0 0 0 0 0 0 0 0 0 0 0 0 0 0 0 0 0 0 0 0 0 0 0 0 0 0 0 0 0 0 0 0 0 0 0 0 0 0 0 0 0 0 0 0 0 0 0 0 0 0 0 0 0 0 0 0 0 0 0 0 0 0 0 0 0 0 0 0 0 0 0 0 0 0 0 0 0 0 0 0 0 0 0 0 0 0 0 0 0 0 0 0 0 0 0 0 0 0 0 0 0 0 0 0 0 0 0 0 0 0 0 0 0 0 0 0 0 0 0 0 0 0 0 0 0 0 0 0 0 0 0 0 0 0 0 0 0 0 0 0 0 0 0 0 0 0 0 0 0 0 0 0 0 0 0 0 0 0 0 0 0 0 0 0 0 0 0 0 0 0 0 0 0 0 0 0 0 0 0 0 0 0 0 0 0 0 0 0 0 0 0 0 0 0 0 0 0 0 0 0 0 0 0 0 0 0 0 0 0 0 0 0 0 0 0 0 0 0 0 0 0 0 0 0 0 0 0 0 0 0 0 0 0 0 0 0 0 0 0 0 0 0 0 0 0 0 0 0 0 0 0 0 0 0 0 0 0 0 0 0 0 0 0 0 0 0 0 0 0 0 0 0 0 0 0 0 0 0 0 0 0 0 0 0 0 0 0 0 0 0 0 0 0 0 0 0 0 0 0 0 0 0 0 0 0 0 0 0 0 0 0 0 0 0 0 0 0 0 0 0 0 0 0 0 0 0 0 0 0 0 0 0 0 0 0 0 0 0 0 0 0 0 0 0 0 0 0 0 0 0 0 0 0 0 0 0 0 0 0 0 0 0 0 0 0 0 0 0 0 0 0 0 0 0 0 0 0 0 0 0 0 0 0 0 0 0 0 0 0 0 0 0 0 0 0 0 0 0 0 0 0 0 0 0 0 0 0 0 0 0 0 0 0 0 0 0 0 0 0 0 0 0 0 0 0 0 0 0 0 0 0 0 0 0 0 0 0 0 0 0 0 0 0 0 0 0 0 0 0 0 0 0 0 0 0 0 0 0 0 0 0 0 0 0 0 0 0 0 0 0 0 0 0 0 0 0 0 0 0 0 0 0 0 0 0 0 0 0 0 0 0 0 0 0 0 0 0 0 0 0 0 0 0 0 0 0 0 0 0 0 0 0 0 0 0 0 0 0 0 0 0 0 0 0 0 0 0 0 0 0 0 0 0 0 0 0 0 0 0 0 0 0 0 0 0 0 0 0 0 0 0 0 0 0 0 0 0 0 0 0 0 0 0 0 0 0 0 0 0 0 0 0 0 0 0 0 0 0 0 0 0 0 0 0 0 0 0 0 0 0 0 0 0 0 0 0 0 0 0 0 0 0 0 0 0 0 0 0 0 0 0 0 0 0 0 0 0 0 0 0 0 0 0 0 0 0 0 0 0 0 0 0 0 0 0 0 0 0 0 0 0 0 0 0 0 0 0 0 0 0 0 0 0 0 0 0 0 0 0 0 0 0 0 0 0 0 0 0 0 0 0 0 0 0 0 0 0 0 0 0 0 0 0 0 0 0 0 0 0 0 0 0 0 0 0 0 0 0 0 0 0 0 0 0 0 0 0 0 0 0 0 0 0 0 0 0 0 0 0 0 0 0 0 0 0 0 0 0 0 0 0 0 0 0 0 0 0 0 0 0 0 0 0 0 0 0 0 0 0 0 0 0 0 0 0 0 0 0 0 0 0 0 0 0 0 0 0 0 0 0 0 0 0 0 0 0 0 0 0 0 0 0 0 0 0 0 0 0 0 0 0 0 0 0 0 0 0 0 0 0 0 0 0 0 0 0 0 0 0 0 0 0 0 0 0 0 0 0 0 0 0 0 0 0 0 0 0 0 0 0 0 0 0 0 0 0 0 0 0 0 0 0 0 0 0 0 0 0 0 0 0 0 0 0 0 0 0 0 0 0 0 0 0 0 0 0 0 0 0 0 0 0 0 0 0 0 0 0 0 0 0 0 0 0 0 0 0 0 0 0 0 0 0 0 0 0 0 0 0 0 0 0 0 0 0 0 0 0 0 0 0 0 0 0 0 0 0 0 0 0 0 0 0 0 0 0 0 0 0 0 0 0 0 0 0 0 0 0 0 0 0 0 0 0 0 0 0 0 0 0 0 0 0 0 0 0 0 0 0 0 0 0 0 0 0 0 0 0 0 0 0 0 0 0 0 0 0 0 0 0 0 0 0 0 0 0 0 0 0 0 0 0 0 0 0 0 0 0 0 0 0 0 0 0 0 0 0 0 0 0 0 0 0 0 0 0 0 0 0 0 0 0 0 0 0 0 0 0 0 0 0 0 0 0 0 0 0 0 0 0 0 0 0 0 0 0 0 0 0 0 0 0 0 0 0 0 0 0 0 0 0 0 0 0 0 0 0 0 0 0 0 0 0 0 0 0 0 0 0 0 0 0 0 0 0 0 0 0 0 0 0 0 0 0 0 0 0 0 0 0 0 0 0 0 0 0 0 0 0 0 0 0 0 0 0 0 0 0 0 0 0 0 0 0 0 0 0 0 0 0 0 0 0 0 0 0 0 0 0 0 0 0 0 0 0 0 0 0 0 0 0 0 0 0 0 0 0 0 0 0 0 0 0 0 0 0 0 0 0 0 0 0 0 0 0 0 0 0 0 0 0 0 0 0 0 0 0 0 0 0 0 0 0 0 0 0 0 0 0 0 0 0 0 0 0 0 0 0 0 0 0 0 0 0 0 0 0 0 0 0 0 0 0 0 0 0 0 0 0 0 0 0 0 0 0 0 0 0</float_array>
          <technique_common>
            <accessor source="#ID2786_003-mesh-map-0-array" count="9192" stride="2">
              <param name="S" type="float"/>
              <param name="T" type="float"/>
            </accessor>
          </technique_common>
        </source>
        <vertices id="ID2786_003-mesh-vertices">
          <input semantic="POSITION" source="#ID2786_003-mesh-positions"/>
        </vertices>
        <triangles material="Material_001-material" count="3064">
          <input semantic="VERTEX" source="#ID2786_003-mesh-vertices" offset="0"/>
          <input semantic="NORMAL" source="#ID2786_003-mesh-normals" offset="1"/>
          <input semantic="TEXCOORD" source="#ID2786_003-mesh-map-0" offset="2" set="0"/>
          <p>0 0 0 1 1 1 2 2 2 1 1 3 0 0 4 3 3 5 4 4 6 5 5 7 6 6 8 5 5 9 4 4 10 2 2 11 2 2 12 4 4 13 0 0 14 7 7 15 5 5 16 2 2 17 8 8 18 9 8 19 10 8 20 9 9 21 8 9 22 11 9 23 9 9 24 11 9 25 12 9 26 12 9 27 11 9 28 13 9 29 13 9 30 11 9 31 14 9 32 15 9 33 16 9 34 14 9 35 13 10 36 16 10 37 17 10 38 16 11 39 13 11 40 14 11 41 18 12 42 19 12 43 20 12 44 19 13 45 18 13 46 21 13 47 19 14 48 21 14 49 22 14 50 22 15 51 21 15 52 23 15 53 22 16 54 23 16 55 24 16 56 24 17 57 23 17 58 25 17 59 24 18 60 25 18 61 26 18 62 25 19 63 23 19 64 27 19 65 26 12 66 25 12 67 28 12 68 26 20 69 28 20 70 29 20 71 29 12 72 28 12 73 30 12 74 30 12 75 28 12 76 31 12 77 31 21 78 28 21 79 32 21 80 32 22 81 28 22 82 33 22 83 34 23 84 1 1 85 3 3 86 1 1 87 34 23 88 35 24 89 36 25 90 6 6 91 37 26 92 6 6 93 36 25 94 4 4 95 38 27 96 39 27 97 40 27 98 39 12 99 38 12 100 41 12 101 41 28 102 38 28 103 42 28 104 41 29 105 42 29 106 43 29 107 41 30 108 43 30 109 44 30 110 41 31 111 44 31 112 45 31 113 41 32 114 45 32 115 46 32 116 41 33 117 46 33 118 47 33 119 41 34 120 47 34 121 48 34 122 41 12 123 48 12 124 49 12 125 49 12 126 48 12 127 50 12 128 51 35 129 5 5 130 7 7 131 5 5 132 51 35 133 52 36 134 53 9 135 54 9 136 55 9 137 54 9 138 53 9 139 56 9 140 56 37 141 53 37 142 57 37 143 56 9 144 57 9 145 58 9 146 58 38 147 57 38 148 59 38 149 58 9 150 59 9 151 60 9 152 60 39 153 59 39 154 61 39 155 60 40 156 61 40 157 62 40 158 62 41 159 61 41 160 63 41 161 62 9 162 63 9 163 64 9 164 64 42 165 63 42 166 65 42 167 64 43 168 65 43 169 66 43 170 66 44 171 65 44 172 67 44 173 66 9 174 67 9 175 68 9 176 68 45 177 67 45 178 69 45 179 68 46 180 69 46 181 70 46 182 70 47 183 69 47 184 71 47 185 70 48 186 71 48 187 72 48 188 72 49 189 71 49 190 73 49 191 72 50 192 73 50 193 74 50 194 74 51 195 73 51 196 75 51 197 74 9 198 75 9 199 76 9 200 77 52 201 78 52 202 79 52 203 78 52 204 77 52 205 80 52 206 80 52 207 77 52 208 81 52 209 81 53 210 77 53 211 82 53 212 82 52 213 77 52 214 83 52 215 83 52 216 77 52 217 84 52 218 84 52 219 77 52 220 85 52 221 85 54 222 77 54 223 86 54 224 86 52 225 77 52 226 87 52 227 87 55 228 77 55 229 88 55 230 88 52 231 77 52 232 89 52 233 89 52 234 77 52 235 90 52 236 90 52 237 77 52 238 91 52 239 91 52 240 77 52 241 92 52 242 92 52 243 77 52 244 93 52 245 93 52 246 77 52 247 94 52 248 94 52 249 77 52 250 95 52 251 95 52 252 77 52 253 96 52 254 96 56 255 77 56 256 97 56 257 96 52 258 97 52 259 98 52 260 98 57 261 97 57 262 99 57 263 98 52 264 99 52 265 100 52 266 100 58 267 99 58 268 101 58 269 100 59 270 101 59 271 102 59 272 102 60 273 101 60 274 103 60 275 102 52 276 103 52 277 104 52 278 104 61 279 103 61 280 105 61 281 104 52 282 105 52 283 106 52 284 106 62 285 105 62 286 107 62 287 106 52 288 107 52 289 108 52 290 109 63 291 110 63 292 111 63 293 110 64 294 109 64 295 112 64 296 113 65 297 35 24 298 34 23 299 35 24 300 113 65 301 114 66 302 115 67 303 114 66 304 113 65 305 114 66 306 115 67 307 116 67 308 117 68 309 118 68 310 119 68 311 118 68 312 117 68 313 120 68 314 120 69 315 117 69 316 121 69 317 120 70 318 121 70 319 122 70 320 120 71 321 122 71 322 123 71 323 120 72 324 123 72 325 124 72 326 120 73 327 124 73 328 125 73 329 120 74 330 125 74 331 126 74 332 120 75 333 126 75 334 127 75 335 120 76 336 127 76 337 128 76 338 120 77 339 128 77 340 129 77 341 120 78 342 129 78 343 130 78 344 120 79 345 130 79 346 131 79 347 120 80 348 131 80 349 132 80 350 120 81 351 132 81 352 133 81 353 120 82 354 133 82 355 134 82 356 120 83 357 134 83 358 135 83 359 120 84 360 135 84 361 136 84 362 120 68 363 136 68 364 137 68 365 120 85 366 137 85 367 138 85 368 120 68 369 138 68 370 139 68 371 139 86 372 138 86 373 140 86 374 139 68 375 140 68 376 141 68 377 141 87 378 140 87 379 142 87 380 141 68 381 142 68 382 143 68 383 143 88 384 142 88 385 144 88 386 143 68 387 144 68 388 145 68 389 145 89 390 144 89 391 146 89 392 145 68 393 146 68 394 147 68 395 147 90 396 146 90 397 148 90 398 147 68 399 148 68 400 149 68 401 150 91 402 151 92 403 152 93 404 151 92 405 150 91 406 153 92 407 154 94 408 155 95 409 156 96 410 155 95 411 154 94 412 157 97 413 157 97 414 154 94 415 158 98 416 159 12 417 160 12 418 161 12 419 160 99 420 159 99 421 162 99 422 160 100 423 162 100 424 163 100 425 160 101 426 163 101 427 164 101 428 160 102 429 164 102 430 165 102 431 160 103 432 165 103 433 166 103 434 160 12 435 166 12 436 167 12 437 160 12 438 167 12 439 168 12 440 160 104 441 168 104 442 169 104 443 160 105 444 169 105 445 170 105 446 160 106 447 170 106 448 171 106 449 172 107 450 154 94 451 173 108 452 154 94 453 172 107 454 158 98 455 174 109 456 173 108 457 175 110 458 173 108 459 174 109 460 172 107 461 176 111 462 175 110 463 177 112 464 175 110 465 176 111 466 174 109 467 178 113 468 177 112 469 179 114 470 177 112 471 178 113 472 176 111 473 180 115 474 179 114 475 181 116 476 179 114 477 180 115 478 178 113 479 182 117 480 181 116 481 183 118 482 181 116 483 182 117 484 180 115 485 182 117 486 184 119 487 185 120 488 184 119 489 182 117 490 183 118 491 185 120 492 186 121 493 187 122 494 186 121 495 185 120 496 184 119 497 187 122 498 188 123 499 189 124 500 188 123 501 187 122 502 190 125 503 190 125 504 187 122 505 186 121 506 191 126 507 37 26 508 192 127 509 37 26 510 191 126 511 36 25 512 156 96 513 193 128 514 194 129 515 193 128 516 156 96 517 195 130 518 195 130 519 156 96 520 155 95 521 196 131 522 192 127 523 197 132 524 192 127 525 196 131 526 191 126 527 198 133 528 197 132 529 199 134 530 197 132 531 198 133 532 196 131 533 200 135 534 199 134 535 201 136 536 199 134 537 200 135 538 198 133 539 202 137 540 200 135 541 201 136 542 200 135 543 202 137 544 203 138 545 204 139 546 203 138 547 202 137 548 203 138 549 204 139 550 205 140 551 206 141 552 205 140 553 204 139 554 205 140 555 206 141 556 207 142 557 194 129 558 207 142 559 206 141 560 207 142 561 194 129 562 193 128 563 208 143 564 52 36 565 51 35 566 52 36 567 208 143 568 209 144 569 188 123 570 209 144 571 208 143 572 209 144 573 188 123 574 190 125 575 210 145 576 211 146 577 212 147 578 211 146 579 210 145 580 213 148 581 214 149 582 152 93 583 215 150 584 152 93 585 214 149 586 150 91 587 216 151 588 215 150 589 217 152 590 215 150 591 216 151 592 214 149 593 218 153 594 216 151 595 217 152 596 216 151 597 218 153 598 219 154 599 220 155 600 219 154 601 218 153 602 219 154 603 220 155 604 221 156 605 222 157 606 221 156 607 220 155 608 221 156 609 222 157 610 223 158 611 224 159 612 225 159 613 226 159 614 225 159 615 224 159 616 227 159 617 228 160 618 229 161 619 230 162 620 229 161 621 228 160 622 231 163 623 232 164 624 231 163 625 228 160 626 231 163 627 232 164 628 233 165 629 234 166 630 233 165 631 232 164 632 233 165 633 234 166 634 235 166 635 236 167 636 234 166 637 237 167 638 234 166 639 236 167 640 235 166 641 238 168 642 236 167 643 237 167 644 236 167 645 238 168 646 239 169 647 240 170 648 238 168 649 241 171 650 238 168 651 240 170 652 239 169 653 242 12 654 243 12 655 244 12 656 243 12 657 242 12 658 245 12 659 246 172 660 247 173 661 248 174 662 247 173 663 246 172 664 249 175 665 250 176 666 248 174 667 251 177 668 248 174 669 250 176 670 246 172 671 252 178 672 250 176 673 251 177 674 250 176 675 252 178 676 253 179 677 253 179 678 254 180 679 255 181 680 254 180 681 253 179 682 252 178 683 256 182 684 257 183 685 258 184 686 257 183 687 256 182 688 259 185 689 260 186 690 256 182 691 261 187 692 256 182 693 260 186 694 259 185 695 262 188 696 261 187 697 263 188 698 261 187 699 262 188 700 260 186 701 264 189 702 262 188 703 263 188 704 262 188 705 264 189 706 265 190 707 266 191 708 264 189 709 267 192 710 264 189 711 266 191 712 265 190 713 268 193 714 267 192 715 269 194 716 267 192 717 268 193 718 266 191 719 270 195 720 268 193 721 269 194 722 268 193 723 270 195 724 271 196 725 272 197 726 270 195 727 273 198 728 270 195 729 272 197 730 271 196 731 274 199 732 272 197 733 273 198 734 272 197 735 274 199 736 275 200 737 276 201 738 274 199 739 277 202 740 274 199 741 276 201 742 275 200 743 213 148 744 277 202 745 211 146 746 277 202 747 213 148 748 276 201 749 278 203 750 279 204 751 280 205 752 279 204 753 278 203 754 281 206 755 281 206 756 278 203 757 282 207 758 281 206 759 282 207 760 283 208 761 283 208 762 282 207 763 284 209 764 283 208 765 284 209 766 285 210 767 285 210 768 284 209 769 286 211 770 285 210 771 286 211 772 287 212 773 287 212 774 286 211 775 288 213 776 288 213 777 286 211 778 289 214 779 288 213 780 289 214 781 290 215 782 288 213 783 290 215 784 291 216 785 291 216 786 290 215 787 292 217 788 292 217 789 290 215 790 293 159 791 293 159 792 290 215 793 294 218 794 291 216 795 292 217 796 295 219 797 291 216 798 295 219 799 296 220 800 293 159 801 294 218 802 297 159 803 297 159 804 294 218 805 298 221 806 298 221 807 294 218 808 299 222 809 299 222 810 294 218 811 300 223 812 300 223 813 294 218 814 301 159 815 301 159 816 294 218 817 302 159 818 302 159 819 294 218 820 303 159 821 303 159 822 294 218 823 304 159 824 304 159 825 294 218 826 305 224 827 305 224 828 294 218 829 306 225 830 306 225 831 294 218 832 307 226 833 307 226 834 294 218 835 308 227 836 307 226 837 308 227 838 309 228 839 309 228 840 308 227 841 310 229 842 309 228 843 310 229 844 311 230 845 311 230 846 310 229 847 312 231 848 311 230 849 312 231 850 313 232 851 311 230 852 313 232 853 314 233 854 314 233 855 313 232 856 315 234 857 315 234 858 313 232 859 316 235 860 315 234 861 316 235 862 317 236 863 317 236 864 316 235 865 318 237 866 291 216 867 319 238 868 306 225 869 319 238 870 291 216 871 320 159 872 320 159 873 291 216 874 321 159 875 321 159 876 291 216 877 296 220 878 306 225 879 319 238 880 322 239 881 306 225 882 322 239 883 323 240 884 306 225 885 323 240 886 324 241 887 306 225 888 324 241 889 325 242 890 306 225 891 325 242 892 326 243 893 306 225 894 326 243 895 327 244 896 306 225 897 327 244 898 328 245 899 306 225 900 328 245 901 329 246 902 306 225 903 329 246 904 305 224 905 285 210 906 330 247 907 331 248 908 330 247 909 285 210 910 287 212 911 283 208 912 331 248 913 332 249 914 331 248 915 283 208 916 285 210 917 281 206 918 332 249 919 333 250 920 332 249 921 281 206 922 283 208 923 279 204 924 333 250 925 334 251 926 333 250 927 279 204 928 281 206 929 280 205 930 334 251 931 335 252 932 334 251 933 280 205 934 279 204 935 336 253 936 280 205 937 335 252 938 280 205 939 336 253 940 278 203 941 337 254 942 278 203 943 336 253 944 278 203 945 337 254 946 282 207 947 338 255 948 282 207 949 337 254 950 282 207 951 338 255 952 284 209 953 339 256 954 284 209 955 338 255 956 284 209 957 339 256 958 286 211 959 340 257 960 286 211 961 339 256 962 286 211 963 340 257 964 289 214 965 341 258 966 289 214 967 340 257 968 289 214 969 341 258 970 290 215 971 342 259 972 290 215 973 341 258 974 290 215 975 342 259 976 294 218 977 342 259 978 308 227 979 294 218 980 308 227 981 342 259 982 343 260 983 343 260 984 310 229 985 308 227 986 310 229 987 343 260 988 344 261 989 344 261 990 312 231 991 310 229 992 312 231 993 344 261 994 345 262 995 345 262 996 313 232 997 312 231 998 313 232 999 345 262 1000 346 263 1001 346 263 1002 316 235 1003 313 232 1004 316 235 1005 346 263 1006 347 264 1007 347 264 1008 318 237 1009 316 235 1010 318 237 1011 347 264 1012 348 265 1013 348 265 1014 317 236 1015 318 237 1016 317 236 1017 348 265 1018 349 266 1019 317 236 1020 350 267 1021 315 234 1022 350 267 1023 317 236 1024 349 266 1025 315 234 1026 351 268 1027 314 233 1028 351 268 1029 315 234 1030 350 267 1031 314 233 1032 352 269 1033 311 230 1034 352 269 1035 314 233 1036 351 268 1037 311 230 1038 353 270 1039 309 228 1040 353 270 1041 311 230 1042 352 269 1043 309 228 1044 354 271 1045 307 226 1046 354 271 1047 309 228 1048 353 270 1049 307 226 1050 355 272 1051 306 225 1052 355 272 1053 307 226 1054 354 271 1055 291 216 1056 355 272 1057 356 273 1058 355 272 1059 291 216 1060 306 225 1061 288 213 1062 356 273 1063 357 274 1064 356 273 1065 288 213 1066 291 216 1067 287 212 1068 357 274 1069 330 247 1070 357 274 1071 287 212 1072 288 213 1073 358 275 1074 359 276 1075 360 277 1076 359 276 1077 358 275 1078 361 278 1079 362 279 1080 360 277 1081 363 280 1082 360 277 1083 362 279 1084 358 275 1085 364 281 1086 363 280 1087 365 282 1088 363 280 1089 364 281 1090 362 279 1091 366 283 1092 365 282 1093 367 284 1094 365 282 1095 366 283 1096 364 281 1097 368 285 1098 367 284 1099 369 286 1100 367 284 1101 368 285 1102 366 283 1103 370 287 1104 368 285 1105 369 286 1106 368 285 1107 370 287 1108 371 288 1109 372 289 1110 371 288 1111 370 287 1112 371 288 1113 372 289 1114 373 290 1115 374 291 1116 373 290 1117 372 289 1118 373 290 1119 374 291 1120 375 292 1121 376 293 1122 375 292 1123 374 291 1124 375 292 1125 376 293 1126 377 294 1127 378 295 1128 377 294 1129 376 293 1130 377 294 1131 378 295 1132 379 296 1133 380 297 1134 379 296 1135 378 295 1136 379 296 1137 380 297 1138 381 298 1139 382 299 1140 381 298 1141 380 297 1142 381 298 1143 382 299 1144 383 300 1145 382 299 1146 384 301 1147 383 300 1148 384 301 1149 382 299 1150 385 302 1151 385 302 1152 386 303 1153 384 301 1154 386 303 1155 385 302 1156 387 304 1157 387 304 1158 388 305 1159 386 303 1160 388 305 1161 387 304 1162 389 306 1163 389 306 1164 390 307 1165 388 305 1166 390 307 1167 389 306 1168 391 308 1169 391 308 1170 392 309 1171 390 307 1172 392 309 1173 391 308 1174 393 310 1175 393 310 1176 394 311 1177 392 309 1178 394 311 1179 393 310 1180 395 312 1181 395 312 1182 396 313 1183 394 311 1184 396 313 1185 395 312 1186 397 314 1187 396 313 1188 398 315 1189 399 316 1190 398 315 1191 396 313 1192 397 314 1193 399 316 1194 400 317 1195 401 318 1196 400 317 1197 399 316 1198 398 315 1199 401 318 1200 402 319 1201 403 320 1202 402 319 1203 401 318 1204 400 317 1205 403 320 1206 404 321 1207 405 322 1208 404 321 1209 403 320 1210 402 319 1211 405 322 1212 406 323 1213 407 324 1214 406 323 1215 405 322 1216 404 321 1217 407 324 1218 408 325 1219 409 326 1220 408 325 1221 407 324 1222 406 323 1223 410 327 1224 408 325 1225 411 328 1226 408 325 1227 410 327 1228 409 326 1229 412 329 1230 411 328 1231 413 330 1232 411 328 1233 412 329 1234 410 327 1235 361 278 1236 413 330 1237 359 276 1238 413 330 1239 361 278 1240 412 329 1241 414 331 1242 415 332 1243 416 333 1244 415 332 1245 414 331 1246 417 334 1247 418 335 1248 416 333 1249 419 336 1250 416 333 1251 418 335 1252 414 331 1253 418 335 1254 420 337 1255 421 338 1256 420 337 1257 418 335 1258 419 336 1259 421 338 1260 422 339 1261 423 340 1262 422 339 1263 421 338 1264 420 337 1265 424 341 1266 422 339 1267 425 342 1268 422 339 1269 424 341 1270 423 340 1271 426 343 1272 425 342 1273 427 344 1274 425 342 1275 426 343 1276 424 341 1277 428 345 1278 427 344 1279 429 346 1280 427 344 1281 428 345 1282 426 343 1283 430 347 1284 428 345 1285 429 346 1286 428 345 1287 430 347 1288 431 348 1289 432 349 1290 431 348 1291 430 347 1292 431 348 1293 432 349 1294 433 350 1295 434 351 1296 433 350 1297 432 349 1298 433 350 1299 434 351 1300 435 352 1301 434 351 1302 436 353 1303 435 352 1304 436 353 1305 434 351 1306 437 354 1307 436 353 1308 438 355 1309 439 356 1310 438 355 1311 436 353 1312 437 354 1313 438 355 1314 440 357 1315 439 356 1316 440 357 1317 438 355 1318 441 358 1319 441 358 1320 442 359 1321 440 357 1322 442 359 1323 441 358 1324 443 360 1325 443 360 1326 444 361 1327 442 359 1328 444 361 1329 443 360 1330 445 362 1331 445 362 1332 446 363 1333 444 361 1334 446 363 1335 445 362 1336 447 364 1337 448 365 1338 446 363 1339 447 364 1340 446 363 1341 448 365 1342 449 366 1343 450 367 1344 449 366 1345 448 365 1346 449 366 1347 450 367 1348 451 368 1349 452 369 1350 451 368 1351 450 367 1352 451 368 1353 452 369 1354 453 370 1355 452 369 1356 454 371 1357 453 370 1358 454 371 1359 452 369 1360 455 372 1361 455 372 1362 456 373 1363 454 371 1364 456 373 1365 455 372 1366 457 374 1367 456 373 1368 458 375 1369 459 376 1370 458 375 1371 456 373 1372 457 374 1373 459 376 1374 460 377 1375 461 378 1376 460 377 1377 459 376 1378 458 375 1379 461 378 1380 462 379 1381 463 380 1382 462 379 1383 461 378 1384 460 377 1385 462 379 1386 464 381 1387 463 380 1388 464 381 1389 462 379 1390 465 382 1391 465 382 1392 466 383 1393 464 381 1394 466 383 1395 465 382 1396 467 384 1397 467 384 1398 468 385 1399 466 383 1400 468 385 1401 467 384 1402 469 386 1403 417 334 1404 469 386 1405 415 332 1406 469 386 1407 417 334 1408 468 385 1409 470 387 1410 471 388 1411 472 389 1412 471 388 1413 470 387 1414 473 390 1415 471 388 1416 474 391 1417 475 392 1418 474 391 1419 471 388 1420 473 390 1421 475 392 1422 476 393 1423 477 394 1424 476 393 1425 475 392 1426 474 391 1427 477 394 1428 478 395 1429 479 396 1430 478 395 1431 477 394 1432 476 393 1433 480 397 1434 478 395 1435 481 398 1436 478 395 1437 480 397 1438 479 396 1439 482 399 1440 481 398 1441 483 400 1442 481 398 1443 482 399 1444 480 397 1445 484 401 1446 483 400 1447 485 402 1448 483 400 1449 484 401 1450 482 399 1451 486 403 1452 485 402 1453 487 404 1454 485 402 1455 486 403 1456 484 401 1457 487 404 1458 488 405 1459 486 403 1460 488 405 1461 487 404 1462 489 406 1463 489 406 1464 490 407 1465 488 405 1466 490 407 1467 489 406 1468 491 408 1469 491 408 1470 492 409 1471 490 407 1472 492 409 1473 491 408 1474 493 410 1475 492 409 1476 494 411 1477 495 412 1478 494 411 1479 492 409 1480 493 410 1481 494 411 1482 496 413 1483 495 412 1484 496 413 1485 494 411 1486 497 414 1487 497 414 1488 498 415 1489 496 413 1490 498 415 1491 497 414 1492 499 416 1493 499 416 1494 500 417 1495 498 415 1496 500 417 1497 499 416 1498 501 418 1499 502 419 1500 500 417 1501 501 418 1502 500 417 1503 502 419 1504 503 420 1505 504 421 1506 503 420 1507 502 419 1508 503 420 1509 504 421 1510 505 422 1511 506 423 1512 505 422 1513 504 421 1514 505 422 1515 506 423 1516 507 424 1517 508 425 1518 507 424 1519 506 423 1520 507 424 1521 508 425 1522 509 426 1523 508 425 1524 510 427 1525 509 426 1526 510 427 1527 508 425 1528 511 428 1529 511 428 1530 512 429 1531 510 427 1532 512 429 1533 511 428 1534 513 430 1535 513 430 1536 514 431 1537 512 429 1538 514 431 1539 513 430 1540 515 432 1541 515 432 1542 516 433 1543 514 431 1544 516 433 1545 515 432 1546 517 434 1547 517 434 1548 518 435 1549 516 433 1550 518 435 1551 517 434 1552 519 436 1553 519 436 1554 520 437 1555 518 435 1556 520 437 1557 519 436 1558 521 438 1559 521 438 1560 522 439 1561 520 437 1562 522 439 1563 521 438 1564 523 440 1565 523 440 1566 524 441 1567 522 439 1568 524 441 1569 523 440 1570 525 442 1571 525 442 1572 472 389 1573 524 441 1574 472 389 1575 525 442 1576 470 387 1577 526 443 1578 473 390 1579 470 387 1580 473 390 1581 526 443 1582 527 444 1583 473 390 1584 528 445 1585 474 391 1586 528 445 1587 473 390 1588 527 444 1589 474 391 1590 529 446 1591 476 393 1592 529 446 1593 474 391 1594 528 445 1595 476 393 1596 530 447 1597 478 395 1598 530 447 1599 476 393 1600 529 446 1601 481 398 1602 530 447 1603 531 448 1604 530 447 1605 481 398 1606 478 395 1607 483 400 1608 531 448 1609 532 449 1610 531 448 1611 483 400 1612 481 398 1613 485 402 1614 532 449 1615 533 450 1616 532 449 1617 485 402 1618 483 400 1619 487 404 1620 533 450 1621 534 451 1622 533 450 1623 487 404 1624 485 402 1625 534 451 1626 489 406 1627 487 404 1628 489 406 1629 534 451 1630 535 452 1631 535 452 1632 491 408 1633 489 406 1634 491 408 1635 535 452 1636 536 453 1637 536 453 1638 493 410 1639 491 408 1640 493 410 1641 536 453 1642 537 454 1643 493 410 1644 538 455 1645 494 411 1646 538 455 1647 493 410 1648 537 454 1649 538 455 1650 497 414 1651 494 411 1652 497 414 1653 538 455 1654 539 456 1655 539 456 1656 499 416 1657 497 414 1658 499 416 1659 539 456 1660 540 457 1661 540 457 1662 501 418 1663 499 416 1664 501 418 1665 540 457 1666 541 458 1667 542 459 1668 501 418 1669 541 458 1670 501 418 1671 542 459 1672 502 419 1673 543 460 1674 502 419 1675 542 459 1676 502 419 1677 543 460 1678 504 421 1679 544 461 1680 504 421 1681 543 460 1682 504 421 1683 544 461 1684 506 423 1685 545 462 1686 506 423 1687 544 461 1688 506 423 1689 545 462 1690 508 425 1691 545 462 1692 511 428 1693 508 425 1694 511 428 1695 545 462 1696 546 463 1697 546 463 1698 513 430 1699 511 428 1700 513 430 1701 546 463 1702 547 464 1703 547 464 1704 515 432 1705 513 430 1706 515 432 1707 547 464 1708 548 465 1709 548 465 1710 517 434 1711 515 432 1712 517 434 1713 548 465 1714 549 466 1715 549 466 1716 519 436 1717 517 434 1718 519 436 1719 549 466 1720 550 467 1721 550 467 1722 521 438 1723 519 436 1724 521 438 1725 550 467 1726 551 468 1727 551 468 1728 523 440 1729 521 438 1730 523 440 1731 551 468 1732 552 469 1733 552 469 1734 525 442 1735 523 440 1736 525 442 1737 552 469 1738 553 470 1739 553 470 1740 470 387 1741 525 442 1742 470 387 1743 553 470 1744 526 443 1745 554 471 1746 555 471 1747 556 471 1748 555 472 1749 554 472 1750 557 472 1751 558 473 1752 559 473 1753 560 473 1754 559 474 1755 558 474 1756 561 474 1757 562 475 1758 563 475 1759 564 475 1760 563 476 1761 562 476 1762 565 476 1763 566 477 1764 567 477 1765 568 477 1766 567 478 1767 566 478 1768 569 478 1769 570 479 1770 571 479 1771 572 479 1772 571 480 1773 570 480 1774 573 480 1775 574 481 1776 575 481 1777 576 481 1778 575 482 1779 574 482 1780 577 482 1781 578 483 1782 579 483 1783 580 483 1784 579 484 1785 578 484 1786 581 484 1787 582 485 1788 583 485 1789 584 485 1790 583 486 1791 582 486 1792 585 486 1793 586 487 1794 587 487 1795 588 487 1796 587 488 1797 586 488 1798 589 488 1799 590 489 1800 591 489 1801 592 489 1802 591 490 1803 590 490 1804 593 490 1805 594 491 1806 595 491 1807 596 491 1808 595 492 1809 594 492 1810 597 492 1811 598 493 1812 599 493 1813 600 493 1814 599 494 1815 598 494 1816 601 494 1817 602 495 1818 603 495 1819 604 495 1820 603 496 1821 602 496 1822 605 496 1823 606 497 1824 607 497 1825 608 497 1826 607 498 1827 606 498 1828 609 498 1829 610 499 1830 611 499 1831 612 499 1832 611 500 1833 610 500 1834 613 500 1835 614 501 1836 615 501 1837 616 501 1838 615 502 1839 614 502 1840 617 502 1841 618 503 1842 619 503 1843 620 503 1844 619 504 1845 618 504 1846 621 504 1847 622 505 1848 623 505 1849 624 505 1850 623 506 1851 622 506 1852 625 506 1853 626 507 1854 627 507 1855 628 507 1856 627 508 1857 626 508 1858 629 508 1859 630 509 1860 631 509 1861 632 509 1862 631 510 1863 630 510 1864 633 510 1865 634 511 1866 635 511 1867 636 511 1868 635 512 1869 634 512 1870 637 512 1871 638 513 1872 639 513 1873 640 513 1874 639 514 1875 638 514 1876 641 514 1877 642 515 1878 643 515 1879 644 515 1880 643 516 1881 642 516 1882 645 516 1883 646 517 1884 647 517 1885 648 517 1886 647 518 1887 646 518 1888 649 518 1889 650 519 1890 651 519 1891 652 519 1892 651 520 1893 650 520 1894 653 520 1895 654 521 1896 655 521 1897 656 521 1898 655 522 1899 654 522 1900 657 522 1901 658 523 1902 659 523 1903 660 523 1904 659 524 1905 658 524 1906 661 524 1907 662 525 1908 663 525 1909 664 525 1910 663 526 1911 662 526 1912 665 526 1913 666 527 1914 667 527 1915 668 527 1916 667 528 1917 666 528 1918 669 528 1919 670 529 1920 671 529 1921 672 529 1922 671 530 1923 670 530 1924 673 530 1925 674 531 1926 675 531 1927 676 531 1928 675 532 1929 674 532 1930 677 532 1931 678 533 1932 679 533 1933 680 533 1934 679 534 1935 678 534 1936 681 534 1937 682 535 1938 683 535 1939 684 535 1940 683 536 1941 682 536 1942 685 536 1943 686 537 1944 687 537 1945 688 537 1946 687 538 1947 686 538 1948 689 538 1949 690 539 1950 691 539 1951 692 539 1952 691 540 1953 690 540 1954 693 540 1955 694 541 1956 695 541 1957 696 541 1958 695 542 1959 694 542 1960 697 542 1961 698 543 1962 699 543 1963 700 543 1964 699 544 1965 698 544 1966 701 544 1967 702 545 1968 703 545 1969 704 545 1970 703 546 1971 702 546 1972 705 546 1973 706 547 1974 707 547 1975 708 547 1976 707 548 1977 706 548 1978 709 548 1979 710 549 1980 711 549 1981 712 549 1982 711 550 1983 710 550 1984 713 550 1985 714 551 1986 715 551 1987 716 551 1988 715 552 1989 714 552 1990 717 552 1991 718 553 1992 719 553 1993 720 553 1994 719 554 1995 718 554 1996 721 554 1997 722 555 1998 723 555 1999 724 555 2000 723 556 2001 722 556 2002 725 556 2003 726 557 2004 727 557 2005 728 557 2006 727 558 2007 726 558 2008 729 558 2009 730 559 2010 731 559 2011 732 559 2012 731 560 2013 730 560 2014 733 560 2015 734 561 2016 735 561 2017 736 561 2018 735 562 2019 734 562 2020 737 562 2021 738 563 2022 739 563 2023 740 563 2024 739 564 2025 738 564 2026 741 564 2027 742 565 2028 743 565 2029 744 565 2030 743 566 2031 742 566 2032 745 566 2033 746 567 2034 747 567 2035 748 567 2036 747 568 2037 746 568 2038 749 568 2039 750 569 2040 751 569 2041 752 569 2042 751 570 2043 750 570 2044 753 570 2045 754 571 2046 755 571 2047 756 571 2048 755 572 2049 754 572 2050 757 572 2051 758 573 2052 759 573 2053 760 573 2054 759 574 2055 758 574 2056 761 574 2057 762 575 2058 763 575 2059 764 575 2060 763 576 2061 762 576 2062 765 576 2063 766 577 2064 767 577 2065 768 577 2066 767 578 2067 766 578 2068 769 578 2069 770 579 2070 771 579 2071 772 579 2072 771 580 2073 770 580 2074 773 580 2075 774 581 2076 775 581 2077 776 581 2078 775 582 2079 774 582 2080 777 582 2081 778 583 2082 779 583 2083 780 583 2084 779 584 2085 778 584 2086 781 584 2087 782 585 2088 783 585 2089 784 585 2090 783 586 2091 782 586 2092 785 586 2093 786 587 2094 787 587 2095 788 587 2096 787 588 2097 786 588 2098 789 588 2099 790 589 2100 791 589 2101 792 589 2102 791 590 2103 790 590 2104 793 590 2105 794 591 2106 795 591 2107 796 591 2108 795 592 2109 794 592 2110 797 592 2111 798 593 2112 799 593 2113 800 593 2114 799 594 2115 798 594 2116 801 594 2117 802 595 2118 803 595 2119 804 595 2120 803 596 2121 802 596 2122 805 596 2123 806 597 2124 807 597 2125 808 597 2126 807 598 2127 806 598 2128 809 598 2129 810 599 2130 811 599 2131 812 599 2132 811 600 2133 810 600 2134 813 600 2135 814 601 2136 815 601 2137 816 601 2138 815 602 2139 814 602 2140 817 602 2141 818 603 2142 819 603 2143 820 603 2144 819 604 2145 818 604 2146 821 604 2147 822 605 2148 823 605 2149 824 605 2150 823 606 2151 822 606 2152 825 606 2153 826 607 2154 827 607 2155 828 607 2156 827 608 2157 826 608 2158 829 608 2159 830 609 2160 831 609 2161 832 609 2162 831 610 2163 830 610 2164 833 610 2165 834 611 2166 835 611 2167 836 611 2168 835 612 2169 834 612 2170 837 612 2171 838 613 2172 839 613 2173 840 613 2174 839 614 2175 838 614 2176 841 614 2177 842 615 2178 843 615 2179 844 615 2180 843 616 2181 842 616 2182 845 616 2183 846 617 2184 847 617 2185 848 617 2186 847 618 2187 846 618 2188 849 618 2189 850 619 2190 851 619 2191 852 619 2192 851 620 2193 850 620 2194 853 620 2195 854 621 2196 855 621 2197 856 621 2198 855 622 2199 854 622 2200 857 622 2201 858 623 2202 859 623 2203 860 623 2204 859 624 2205 858 624 2206 861 624 2207 862 625 2208 863 625 2209 864 625 2210 863 626 2211 862 626 2212 865 626 2213 866 627 2214 867 627 2215 868 627 2216 867 628 2217 866 628 2218 869 628 2219 870 629 2220 871 629 2221 872 629 2222 871 630 2223 870 630 2224 873 630 2225 874 631 2226 875 631 2227 876 631 2228 875 632 2229 874 632 2230 877 632 2231 878 633 2232 879 633 2233 880 633 2234 879 634 2235 878 634 2236 881 634 2237 882 635 2238 883 635 2239 884 635 2240 883 636 2241 882 636 2242 885 636 2243 886 637 2244 887 637 2245 888 637 2246 887 638 2247 886 638 2248 889 638 2249 890 639 2250 891 639 2251 892 639 2252 891 640 2253 890 640 2254 893 640 2255 894 641 2256 895 641 2257 896 641 2258 895 642 2259 894 642 2260 897 642 2261 898 643 2262 899 643 2263 900 643 2264 899 644 2265 898 644 2266 901 644 2267 902 645 2268 903 645 2269 904 645 2270 903 646 2271 902 646 2272 905 646 2273 906 647 2274 907 647 2275 908 647 2276 907 648 2277 906 648 2278 909 648 2279 910 649 2280 911 649 2281 912 649 2282 911 650 2283 910 650 2284 913 650 2285 914 651 2286 915 651 2287 916 651 2288 915 652 2289 914 652 2290 917 652 2291 918 653 2292 919 653 2293 920 653 2294 919 654 2295 918 654 2296 921 654 2297 922 655 2298 923 655 2299 924 655 2300 923 656 2301 922 656 2302 925 656 2303 926 657 2304 927 657 2305 928 657 2306 927 658 2307 926 658 2308 929 658 2309 930 659 2310 931 659 2311 932 659 2312 931 660 2313 930 660 2314 933 660 2315 934 661 2316 935 661 2317 936 661 2318 935 662 2319 934 662 2320 937 662 2321 938 663 2322 939 663 2323 940 663 2324 939 664 2325 938 664 2326 941 664 2327 942 665 2328 943 665 2329 944 665 2330 943 666 2331 942 666 2332 945 666 2333 946 667 2334 947 667 2335 948 667 2336 947 668 2337 946 668 2338 949 668 2339 950 669 2340 951 669 2341 952 669 2342 951 670 2343 950 670 2344 953 670 2345 954 671 2346 955 671 2347 956 671 2348 955 672 2349 954 672 2350 957 672 2351 958 673 2352 959 673 2353 960 673 2354 959 674 2355 958 674 2356 961 674 2357 962 675 2358 963 675 2359 964 675 2360 963 676 2361 962 676 2362 965 676 2363 966 677 2364 967 677 2365 968 677 2366 967 678 2367 966 678 2368 969 678 2369 970 679 2370 971 679 2371 972 679 2372 971 680 2373 970 680 2374 973 680 2375 974 681 2376 975 681 2377 976 681 2378 975 682 2379 974 682 2380 977 682 2381 978 683 2382 979 683 2383 980 683 2384 979 684 2385 978 684 2386 981 684 2387 982 685 2388 983 685 2389 984 685 2390 983 686 2391 982 686 2392 985 686 2393 986 687 2394 987 687 2395 988 687 2396 987 688 2397 986 688 2398 989 688 2399 990 689 2400 991 689 2401 992 689 2402 991 690 2403 990 690 2404 993 690 2405 994 691 2406 995 691 2407 996 691 2408 995 692 2409 994 692 2410 997 692 2411 998 693 2412 999 693 2413 1000 693 2414 999 694 2415 998 694 2416 1001 694 2417 1002 695 2418 1003 695 2419 1004 695 2420 1003 696 2421 1002 696 2422 1005 696 2423 1003 159 2424 1005 159 2425 1006 159 2426 1006 697 2427 1005 697 2428 1007 697 2429 1007 698 2430 1005 698 2431 1008 698 2432 1008 699 2433 1005 699 2434 1009 699 2435 1009 159 2436 1005 159 2437 1010 159 2438 1010 159 2439 1005 159 2440 1011 159 2441 1010 159 2442 1011 159 2443 1012 159 2444 1012 159 2445 1011 159 2446 1013 159 2447 1013 700 2448 1011 700 2449 1014 700 2450 1014 159 2451 1011 159 2452 1015 159 2453 1014 701 2454 1015 701 2455 1016 701 2456 1014 159 2457 1016 159 2458 1017 159 2459 1017 702 2460 1016 702 2461 1018 702 2462 1018 703 2463 1016 703 2464 1019 703 2465 1018 704 2466 1019 704 2467 1020 704 2468 1020 159 2469 1019 159 2470 1021 159 2471 1020 159 2472 1021 159 2473 1022 159 2474 1022 705 2475 1021 705 2476 1023 705 2477 1022 706 2478 1023 706 2479 1024 706 2480 1022 159 2481 1024 159 2482 1025 159 2483 1022 159 2484 1025 159 2485 1026 159 2486 1015 159 2487 1011 159 2488 1027 159 2489 1027 159 2490 1011 159 2491 1028 159 2492 1028 707 2493 1011 707 2494 1029 707 2495 1029 159 2496 1011 159 2497 1030 159 2498 1030 708 2499 1011 708 2500 1031 708 2501 1031 709 2502 1011 709 2503 1032 709 2504 1031 710 2505 1032 710 2506 1033 710 2507 1033 159 2508 1032 159 2509 1034 159 2510 1035 711 2511 1036 711 2512 1037 711 2513 1036 712 2514 1035 712 2515 1038 712 2516 1036 713 2517 1038 713 2518 1039 713 2519 1039 714 2520 1038 714 2521 1040 714 2522 1039 715 2523 1040 715 2524 1041 715 2525 1041 716 2526 1040 716 2527 1042 716 2528 1041 159 2529 1042 159 2530 1043 159 2531 1043 159 2532 1042 159 2533 1044 159 2534 1043 717 2535 1044 717 2536 1045 717 2537 1045 718 2538 1044 718 2539 1002 718 2540 1045 159 2541 1002 159 2542 1046 159 2543 1045 159 2544 1046 159 2545 1047 159 2546 1046 719 2547 1002 719 2548 1004 719 2549 1047 720 2550 1046 720 2551 1048 720 2552 1047 721 2553 1048 721 2554 1049 721 2555 1047 722 2556 1049 722 2557 1050 722 2558 1047 723 2559 1050 723 2560 1051 723 2561 1047 724 2562 1051 724 2563 1052 724 2564 1047 159 2565 1052 159 2566 1053 159 2567 1053 725 2568 1052 725 2569 1054 725 2570 1053 159 2571 1054 159 2572 1055 159 2573 1053 726 2574 1055 726 2575 1056 726 2576 1053 727 2577 1056 727 2578 1057 727 2579 1053 728 2580 1057 728 2581 1058 728 2582 1053 159 2583 1058 159 2584 1059 159 2585 1059 729 2586 1058 729 2587 1060 729 2588 1059 730 2589 1060 730 2590 1061 730 2591 1061 731 2592 1060 731 2593 1062 731 2594 1061 159 2595 1062 159 2596 1063 159 2597 1063 732 2598 1062 732 2599 1026 732 2600 1063 733 2601 1026 733 2602 1064 733 2603 1064 734 2604 1026 734 2605 1065 734 2606 1065 159 2607 1026 159 2608 1066 159 2609 1066 159 2610 1026 159 2611 1025 159 2612 1053 735 2613 1059 735 2614 1067 735 2615 1053 159 2616 1067 159 2617 1068 159 2618 1053 736 2619 1068 736 2620 1069 736 2621 1053 737 2622 1069 737 2623 1070 737 2624 1053 738 2625 1070 738 2626 1071 738 2627 1053 739 2628 1071 739 2629 1072 739 2630 1053 740 2631 1072 740 2632 1073 740 2633 1073 741 2634 1072 741 2635 1074 741 2636 1073 742 2637 1074 742 2638 1075 742 2639 1073 743 2640 1075 743 2641 1034 743 2642 1073 744 2643 1034 744 2644 1032 744 2645 1073 745 2646 1032 745 2647 1076 745 2648 1073 746 2649 1076 746 2650 1077 746 2651 1077 159 2652 1076 159 2653 1078 159 2654 1077 159 2655 1078 159 2656 1079 159 2657 1079 747 2658 1078 747 2659 1080 747 2660 1079 748 2661 1080 748 2662 1081 748 2663 1081 749 2664 1080 749 2665 1082 749 2666 1081 750 2667 1082 750 2668 1083 750 2669 1083 751 2670 1082 751 2671 1084 751 2672 1083 752 2673 1084 752 2674 1085 752 2675 1086 12 2676 1087 12 2677 1088 12 2678 1087 12 2679 1086 12 2680 1089 12 2681 1090 753 2682 1091 754 2683 1092 755 2684 1091 754 2685 1090 753 2686 1093 756 2687 1094 757 2688 1093 756 2689 1090 753 2690 1093 756 2691 1094 757 2692 1095 758 2693 1096 759 2694 1095 758 2695 1094 757 2696 1095 758 2697 1096 759 2698 1097 760 2699 1098 761 2700 1096 759 2701 1099 762 2702 1096 759 2703 1098 761 2704 1097 760 2705 1100 763 2706 1099 762 2707 1101 764 2708 1099 762 2709 1100 763 2710 1098 761 2711 1102 765 2712 1101 764 2713 1103 766 2714 1101 764 2715 1102 765 2716 1100 763 2717 1104 52 2718 1105 52 2719 1106 52 2720 1105 52 2721 1104 52 2722 1107 52 2723 1108 767 2724 1109 768 2725 1110 769 2726 1109 768 2727 1108 767 2728 1111 770 2729 1112 771 2730 1108 767 2731 1110 769 2732 1108 767 2733 1112 771 2734 1113 772 2735 1114 773 2736 1112 771 2737 1115 774 2738 1112 771 2739 1114 773 2740 1113 772 2741 1114 773 2742 1116 775 2743 1117 776 2744 1116 775 2745 1114 773 2746 1115 774 2747 1117 776 2748 1118 777 2749 1119 778 2750 1118 777 2751 1117 776 2752 1116 775 2753 1119 778 2754 1120 779 2755 1121 780 2756 1120 779 2757 1119 778 2758 1118 777 2759 1122 9 2760 1123 9 2761 1124 9 2762 1123 9 2763 1122 9 2764 1125 9 2765 1126 781 2766 1127 782 2767 1128 783 2768 1127 782 2769 1126 781 2770 1129 784 2771 1128 783 2772 1130 785 2773 1131 786 2774 1130 785 2775 1128 783 2776 1127 782 2777 1131 786 2778 1132 787 2779 1133 788 2780 1132 787 2781 1131 786 2782 1130 785 2783 1134 789 2784 1132 787 2785 1135 790 2786 1132 787 2787 1134 789 2788 1133 788 2789 1136 791 2790 1135 790 2791 1137 792 2792 1135 790 2793 1136 791 2794 1134 789 2795 1138 793 2796 1137 792 2797 1139 794 2798 1137 792 2799 1138 793 2800 1136 791 2801 1140 68 2802 1141 68 2803 1142 68 2804 1141 68 2805 1140 68 2806 1143 68 2807 1144 795 2808 1145 796 2809 1146 797 2810 1145 796 2811 1144 795 2812 1147 796 2813 1148 798 2814 1146 797 2815 1149 799 2816 1146 797 2817 1148 798 2818 1144 795 2819 1150 800 2820 1149 799 2821 1151 801 2822 1149 799 2823 1150 800 2824 1148 798 2825 1152 802 2826 1150 800 2827 1151 801 2828 1150 800 2829 1152 802 2830 1153 803 2831 1154 804 2832 1153 803 2833 1152 802 2834 1153 803 2835 1154 804 2836 1155 805 2837 1156 806 2838 1155 805 2839 1154 804 2840 1155 805 2841 1156 806 2842 1157 806 2843 1158 807 2844 1159 808 2845 1160 809 2846 1159 808 2847 1158 807 2848 1161 810 2849 1162 811 2850 1163 812 2851 1164 813 2852 1163 812 2853 1162 811 2854 1165 814 2855 1165 814 2856 1162 811 2857 1166 815 2858 1165 814 2859 1166 815 2860 1167 816 2861 1167 816 2862 1166 815 2863 1168 817 2864 1167 816 2865 1168 817 2866 1169 818 2867 1169 818 2868 1168 817 2869 1170 819 2870 1170 819 2871 1168 817 2872 1171 820 2873 1170 819 2874 1171 820 2875 1159 808 2876 1170 819 2877 1159 808 2878 1172 821 2879 1172 821 2880 1159 808 2881 1161 810 2882 1172 821 2883 1161 810 2884 1173 822 2885 1173 822 2886 1161 810 2887 1174 823 2888 1174 823 2889 1161 810 2890 1175 159 2891 1175 159 2892 1161 810 2893 1176 824 2894 1173 822 2895 1174 823 2896 1177 825 2897 1173 822 2898 1177 825 2899 1178 826 2900 1175 159 2901 1176 824 2902 1179 159 2903 1179 159 2904 1176 824 2905 1180 159 2906 1180 159 2907 1176 824 2908 1181 159 2909 1181 159 2910 1176 824 2911 1182 159 2912 1182 159 2913 1176 824 2914 1183 159 2915 1183 159 2916 1176 824 2917 1184 159 2918 1184 159 2919 1176 824 2920 1185 159 2921 1185 159 2922 1176 824 2923 1186 159 2924 1186 159 2925 1176 824 2926 1187 827 2927 1187 827 2928 1176 824 2929 1188 828 2930 1188 828 2931 1176 824 2932 1189 829 2933 1189 829 2934 1176 824 2935 1190 830 2936 1189 829 2937 1190 830 2938 1191 831 2939 1191 831 2940 1190 830 2941 1192 832 2942 1191 831 2943 1192 832 2944 1193 833 2945 1191 831 2946 1193 833 2947 1194 834 2948 1194 834 2949 1193 833 2950 1195 835 2951 1195 835 2952 1193 833 2953 1196 836 2954 1195 835 2955 1196 836 2956 1197 837 2957 1195 835 2958 1197 837 2959 1198 838 2960 1198 838 2961 1197 837 2962 1199 839 2963 1198 838 2964 1199 839 2965 1200 840 2966 1173 822 2967 1201 841 2968 1188 828 2969 1201 841 2970 1173 822 2971 1202 159 2972 1202 159 2973 1173 822 2974 1203 159 2975 1203 159 2976 1173 822 2977 1178 826 2978 1188 828 2979 1201 841 2980 1204 842 2981 1188 828 2982 1204 842 2983 1205 843 2984 1188 828 2985 1205 843 2986 1206 844 2987 1188 828 2988 1206 844 2989 1207 845 2990 1188 828 2991 1207 845 2992 1208 846 2993 1188 828 2994 1208 846 2995 1209 847 2996 1188 828 2997 1209 847 2998 1210 848 2999 1188 828 3000 1210 848 3001 1211 849 3002 1188 828 3003 1211 849 3004 1187 827 3005 1160 809 3006 1171 820 3007 1212 850 3008 1171 820 3009 1160 809 3010 1159 808 3011 1213 851 3012 1214 852 3013 1215 853 3014 1214 852 3015 1213 851 3016 1216 854 3017 1217 855 3018 1161 810 3019 1158 807 3020 1161 810 3021 1217 855 3022 1176 824 3023 1169 818 3024 1218 856 3025 1219 857 3026 1218 856 3027 1169 818 3028 1170 819 3029 1167 816 3030 1219 857 3031 1220 858 3032 1219 857 3033 1167 816 3034 1169 818 3035 1165 814 3036 1220 858 3037 1221 859 3038 1220 858 3039 1165 814 3040 1167 816 3041 1163 812 3042 1221 859 3043 1222 860 3044 1221 859 3045 1163 812 3046 1165 814 3047 1164 813 3048 1222 860 3049 1223 861 3050 1222 860 3051 1164 813 3052 1163 812 3053 1224 862 3054 1164 813 3055 1223 861 3056 1164 813 3057 1224 862 3058 1162 811 3059 1225 863 3060 1162 811 3061 1224 862 3062 1162 811 3063 1225 863 3064 1166 815 3065 1226 864 3066 1166 815 3067 1225 863 3068 1166 815 3069 1226 864 3070 1168 817 3071 1212 850 3072 1168 817 3073 1226 864 3074 1168 817 3075 1212 850 3076 1171 820 3077 1217 855 3078 1190 830 3079 1176 824 3080 1190 830 3081 1217 855 3082 1227 865 3083 1227 865 3084 1192 832 3085 1190 830 3086 1192 832 3087 1227 865 3088 1228 866 3089 1228 866 3090 1193 833 3091 1192 832 3092 1193 833 3093 1228 866 3094 1229 867 3095 1229 867 3096 1196 836 3097 1193 833 3098 1196 836 3099 1229 867 3100 1230 868 3101 1230 868 3102 1197 837 3103 1196 836 3104 1197 837 3105 1230 868 3106 1231 869 3107 1231 869 3108 1199 839 3109 1197 837 3110 1199 839 3111 1231 869 3112 1232 870 3113 1232 870 3114 1200 840 3115 1199 839 3116 1200 840 3117 1232 870 3118 1233 871 3119 1200 840 3120 1234 872 3121 1198 838 3122 1234 872 3123 1200 840 3124 1233 871 3125 1198 838 3126 1235 873 3127 1195 835 3128 1235 873 3129 1198 838 3130 1234 872 3131 1195 835 3132 1236 874 3133 1194 834 3134 1236 874 3135 1195 835 3136 1235 873 3137 1194 834 3138 1237 875 3139 1191 831 3140 1237 875 3141 1194 834 3142 1236 874 3143 1191 831 3144 1238 876 3145 1189 829 3146 1238 876 3147 1191 831 3148 1237 875 3149 1189 829 3150 1239 877 3151 1188 828 3152 1239 877 3153 1189 829 3154 1238 876 3155 1173 822 3156 1239 877 3157 1240 878 3158 1239 877 3159 1173 822 3160 1188 828 3161 1172 821 3162 1240 878 3163 1241 879 3164 1240 878 3165 1172 821 3166 1173 822 3167 1170 819 3168 1241 879 3169 1218 856 3170 1241 879 3171 1170 819 3172 1172 821 3173 1215 853 3174 1242 880 3175 1243 881 3176 1242 880 3177 1215 853 3178 1214 852 3179 1244 882 3180 1245 883 3181 1246 884 3182 1245 883 3183 1244 882 3184 1247 885 3185 1248 886 3186 1216 854 3187 1213 851 3188 1216 854 3189 1248 886 3190 1249 887 3191 1250 888 3192 1251 889 3193 1252 890 3194 1251 889 3195 1250 888 3196 1253 891 3197 1254 892 3198 1252 890 3199 1255 893 3200 1252 890 3201 1254 892 3202 1250 888 3203 1256 894 3204 1255 893 3205 1257 895 3206 1255 893 3207 1256 894 3208 1254 892 3209 1258 896 3210 1257 895 3211 1259 897 3212 1257 895 3213 1258 896 3214 1256 894 3215 1260 898 3216 1259 897 3217 1261 899 3218 1259 897 3219 1260 898 3220 1258 896 3221 1262 900 3222 1260 898 3223 1261 899 3224 1260 898 3225 1262 900 3226 1263 901 3227 1264 902 3228 1263 901 3229 1262 900 3230 1263 901 3231 1264 902 3232 1265 903 3233 1266 904 3234 1265 903 3235 1264 902 3236 1265 903 3237 1266 904 3238 1267 905 3239 1243 881 3240 1267 905 3241 1266 904 3242 1267 905 3243 1243 881 3244 1242 880 3245 1248 886 3246 1268 906 3247 1249 887 3248 1268 906 3249 1248 886 3250 1269 907 3251 1269 907 3252 1270 908 3253 1268 906 3254 1270 908 3255 1269 907 3256 1271 909 3257 1271 909 3258 1272 910 3259 1270 908 3260 1272 910 3261 1271 909 3262 1273 911 3263 1273 911 3264 1274 912 3265 1272 910 3266 1274 912 3267 1273 911 3268 1275 913 3269 1275 913 3270 1276 914 3271 1274 912 3272 1276 914 3273 1275 913 3274 1277 915 3275 1277 915 3276 1278 916 3277 1276 914 3278 1278 916 3279 1277 915 3280 1279 917 3281 1279 917 3282 1280 918 3283 1278 916 3284 1280 918 3285 1279 917 3286 1281 919 3287 1280 918 3288 1282 920 3289 1283 921 3290 1282 920 3291 1280 918 3292 1281 919 3293 1283 921 3294 1284 922 3295 1285 923 3296 1284 922 3297 1283 921 3298 1282 920 3299 1285 923 3300 1286 924 3301 1287 925 3302 1286 924 3303 1285 923 3304 1284 922 3305 1287 925 3306 1288 926 3307 1289 927 3308 1288 926 3309 1287 925 3310 1286 924 3311 1289 927 3312 1290 928 3313 1291 929 3314 1290 928 3315 1289 927 3316 1288 926 3317 1291 929 3318 1292 930 3319 1293 931 3320 1292 930 3321 1291 929 3322 1290 928 3323 1294 932 3324 1292 930 3325 1295 933 3326 1292 930 3327 1294 932 3328 1293 931 3329 1296 934 3330 1295 933 3331 1297 935 3332 1295 933 3333 1296 934 3334 1294 932 3335 1253 891 3336 1297 935 3337 1251 889 3338 1297 935 3339 1253 891 3340 1296 934 3341 1244 882 3342 1298 936 3343 1299 937 3344 1298 936 3345 1244 882 3346 1246 884 3347 1300 938 3348 1301 939 3349 1302 940 3350 1301 939 3351 1300 938 3352 1303 941 3353 1247 885 3354 1304 942 3355 1245 883 3356 1304 942 3357 1247 885 3358 1305 943 3359 1306 944 3360 1307 945 3361 1308 946 3362 1307 945 3363 1306 944 3364 1309 947 3365 1310 948 3366 1308 946 3367 1311 949 3368 1308 946 3369 1310 948 3370 1306 944 3371 1310 948 3372 1312 950 3373 1313 951 3374 1312 950 3375 1310 948 3376 1311 949 3377 1313 951 3378 1314 952 3379 1315 953 3380 1314 952 3381 1313 951 3382 1312 950 3383 1316 954 3384 1314 952 3385 1317 955 3386 1314 952 3387 1316 954 3388 1315 953 3389 1318 956 3390 1317 955 3391 1319 957 3392 1317 955 3393 1318 956 3394 1316 954 3395 1320 958 3396 1319 957 3397 1321 959 3398 1319 957 3399 1320 958 3400 1318 956 3401 1322 960 3402 1320 958 3403 1321 959 3404 1320 958 3405 1322 960 3406 1323 961 3407 1299 937 3408 1323 961 3409 1322 960 3410 1323 961 3411 1299 937 3412 1298 936 3413 1305 943 3414 1324 962 3415 1304 942 3416 1324 962 3417 1305 943 3418 1325 963 3419 1325 963 3420 1326 964 3421 1324 962 3422 1326 964 3423 1325 963 3424 1327 965 3425 1327 965 3426 1328 966 3427 1326 964 3428 1328 966 3429 1327 965 3430 1329 967 3431 1329 967 3432 1330 968 3433 1328 966 3434 1330 968 3435 1329 967 3436 1331 969 3437 1332 970 3438 1330 968 3439 1331 969 3440 1330 968 3441 1332 970 3442 1333 971 3443 1334 972 3444 1333 971 3445 1332 970 3446 1333 971 3447 1334 972 3448 1335 973 3449 1336 974 3450 1335 973 3451 1334 972 3452 1335 973 3453 1336 974 3454 1337 975 3455 1336 974 3456 1338 976 3457 1337 975 3458 1338 976 3459 1336 974 3460 1339 977 3461 1339 977 3462 1340 978 3463 1338 976 3464 1340 978 3465 1339 977 3466 1341 979 3467 1340 978 3468 1342 980 3469 1343 981 3470 1342 980 3471 1340 978 3472 1341 979 3473 1343 981 3474 1344 982 3475 1345 983 3476 1344 982 3477 1343 981 3478 1342 980 3479 1345 983 3480 1346 984 3481 1347 985 3482 1346 984 3483 1345 983 3484 1344 982 3485 1346 984 3486 1348 986 3487 1347 985 3488 1348 986 3489 1346 984 3490 1349 987 3491 1349 987 3492 1350 988 3493 1348 986 3494 1350 988 3495 1349 987 3496 1351 989 3497 1351 989 3498 1352 990 3499 1350 988 3500 1352 990 3501 1351 989 3502 1353 991 3503 1309 947 3504 1353 991 3505 1307 945 3506 1353 991 3507 1309 947 3508 1352 990 3509 1354 992 3510 1302 940 3511 1355 993 3512 1302 940 3513 1354 992 3514 1300 938 3515 1300 938 3516 1356 994 3517 1303 941 3518 1356 994 3519 1300 938 3520 1357 995 3521 1303 941 3522 1358 996 3523 1301 939 3524 1358 996 3525 1303 941 3526 1359 997 3527 1360 998 3528 1361 999 3529 1362 1000 3530 1361 999 3531 1360 998 3532 1363 1001 3533 1361 999 3534 1364 1002 3535 1365 1003 3536 1364 1002 3537 1361 999 3538 1363 1001 3539 1365 1003 3540 1366 1004 3541 1367 1005 3542 1366 1004 3543 1365 1003 3544 1364 1002 3545 1367 1005 3546 1368 1006 3547 1369 1007 3548 1368 1006 3549 1367 1005 3550 1366 1004 3551 1370 1008 3552 1368 1006 3553 1371 1009 3554 1368 1006 3555 1370 1008 3556 1369 1007 3557 1372 1010 3558 1371 1009 3559 1373 1011 3560 1371 1009 3561 1372 1010 3562 1370 1008 3563 1374 1012 3564 1373 1011 3565 1375 1013 3566 1373 1011 3567 1374 1012 3568 1372 1010 3569 1376 1014 3570 1375 1013 3571 1377 1015 3572 1375 1013 3573 1376 1014 3574 1374 1012 3575 1377 1015 3576 1355 993 3577 1376 1014 3578 1355 993 3579 1377 1015 3580 1354 992 3581 1359 997 3582 1378 1016 3583 1358 996 3584 1378 1016 3585 1359 997 3586 1379 1017 3587 1379 1017 3588 1380 1018 3589 1378 1016 3590 1380 1018 3591 1379 1017 3592 1381 1019 3593 1381 1019 3594 1382 1020 3595 1380 1018 3596 1382 1020 3597 1381 1019 3598 1383 1021 3599 1384 1022 3600 1382 1020 3601 1383 1021 3602 1382 1020 3603 1384 1022 3604 1385 1023 3605 1386 1024 3606 1385 1023 3607 1384 1022 3608 1385 1023 3609 1386 1024 3610 1387 1025 3611 1388 1026 3612 1387 1025 3613 1386 1024 3614 1387 1025 3615 1388 1026 3616 1389 1027 3617 1390 1028 3618 1389 1027 3619 1388 1026 3620 1389 1027 3621 1390 1028 3622 1391 1029 3623 1390 1028 3624 1392 1030 3625 1391 1029 3626 1392 1030 3627 1390 1028 3628 1393 1031 3629 1393 1031 3630 1394 1032 3631 1392 1030 3632 1394 1032 3633 1393 1031 3634 1395 1033 3635 1395 1033 3636 1396 1034 3637 1394 1032 3638 1396 1034 3639 1395 1033 3640 1397 1035 3641 1397 1035 3642 1398 1036 3643 1396 1034 3644 1398 1036 3645 1397 1035 3646 1399 1037 3647 1399 1037 3648 1400 1038 3649 1398 1036 3650 1400 1038 3651 1399 1037 3652 1401 1039 3653 1401 1039 3654 1402 1040 3655 1400 1038 3656 1402 1040 3657 1401 1039 3658 1403 1041 3659 1403 1041 3660 1404 1042 3661 1402 1040 3662 1404 1042 3663 1403 1041 3664 1405 1043 3665 1405 1043 3666 1406 1044 3667 1404 1042 3668 1406 1044 3669 1405 1043 3670 1407 1045 3671 1407 1045 3672 1362 1000 3673 1406 1044 3674 1362 1000 3675 1407 1045 3676 1360 998 3677 1408 1046 3678 1300 938 3679 1354 992 3680 1300 938 3681 1408 1046 3682 1357 995 3683 1409 1047 3684 1410 1047 3685 1411 1047 3686 1410 1048 3687 1409 1048 3688 1412 1048 3689 1356 994 3690 1359 997 3691 1303 941 3692 1359 997 3693 1356 994 3694 1413 1049 3695 1414 1050 3696 1363 1001 3697 1360 998 3698 1363 1001 3699 1414 1050 3700 1415 1051 3701 1363 1001 3702 1416 1052 3703 1364 1002 3704 1416 1052 3705 1363 1001 3706 1415 1051 3707 1364 1002 3708 1417 1053 3709 1366 1004 3710 1417 1053 3711 1364 1002 3712 1416 1052 3713 1366 1004 3714 1418 1054 3715 1368 1006 3716 1418 1054 3717 1366 1004 3718 1417 1053 3719 1371 1009 3720 1418 1054 3721 1419 1055 3722 1418 1054 3723 1371 1009 3724 1368 1006 3725 1373 1011 3726 1419 1055 3727 1420 1056 3728 1419 1055 3729 1373 1011 3730 1371 1009 3731 1375 1013 3732 1420 1056 3733 1421 1057 3734 1420 1056 3735 1375 1013 3736 1373 1011 3737 1377 1015 3738 1421 1057 3739 1422 1058 3740 1421 1057 3741 1377 1015 3742 1375 1013 3743 1422 1058 3744 1354 992 3745 1377 1015 3746 1354 992 3747 1422 1058 3748 1408 1046 3749 1413 1049 3750 1379 1017 3751 1359 997 3752 1379 1017 3753 1413 1049 3754 1423 1059 3755 1423 1059 3756 1381 1019 3757 1379 1017 3758 1381 1019 3759 1423 1059 3760 1424 1060 3761 1424 1060 3762 1383 1021 3763 1381 1019 3764 1383 1021 3765 1424 1060 3766 1425 1061 3767 1426 1062 3768 1383 1021 3769 1425 1061 3770 1383 1021 3771 1426 1062 3772 1384 1022 3773 1427 1063 3774 1384 1022 3775 1426 1062 3776 1384 1022 3777 1427 1063 3778 1386 1024 3779 1428 1064 3780 1386 1024 3781 1427 1063 3782 1386 1024 3783 1428 1064 3784 1388 1026 3785 1429 1065 3786 1388 1026 3787 1428 1064 3788 1388 1026 3789 1429 1065 3790 1390 1028 3791 1429 1065 3792 1393 1031 3793 1390 1028 3794 1393 1031 3795 1429 1065 3796 1430 1066 3797 1430 1066 3798 1395 1033 3799 1393 1031 3800 1395 1033 3801 1430 1066 3802 1431 1067 3803 1431 1067 3804 1397 1035 3805 1395 1033 3806 1397 1035 3807 1431 1067 3808 1432 1068 3809 1432 1068 3810 1399 1037 3811 1397 1035 3812 1399 1037 3813 1432 1068 3814 1433 1069 3815 1433 1069 3816 1401 1039 3817 1399 1037 3818 1401 1039 3819 1433 1069 3820 1434 1070 3821 1434 1070 3822 1403 1041 3823 1401 1039 3824 1403 1041 3825 1434 1070 3826 1435 1071 3827 1435 1071 3828 1405 1043 3829 1403 1041 3830 1405 1043 3831 1435 1071 3832 1436 1072 3833 1436 1072 3834 1407 1045 3835 1405 1043 3836 1407 1045 3837 1436 1072 3838 1437 1073 3839 1437 1073 3840 1360 998 3841 1407 1045 3842 1360 998 3843 1437 1073 3844 1414 1050 3845 1438 1074 3846 1439 1074 3847 1440 1074 3848 1439 1075 3849 1438 1075 3850 1441 1075 3851 1442 1076 3852 1443 1076 3853 1444 1076 3854 1443 1077 3855 1442 1077 3856 1445 1077 3857 1446 1078 3858 1447 1078 3859 1448 1078 3860 1447 1079 3861 1446 1079 3862 1449 1079 3863 1450 1080 3864 1451 1080 3865 1452 1080 3866 1451 1081 3867 1450 1081 3868 1453 1081 3869 1454 1082 3870 1455 1082 3871 1456 1082 3872 1455 1083 3873 1454 1083 3874 1457 1083 3875 1458 1084 3876 1459 1084 3877 1460 1084 3878 1459 1085 3879 1458 1085 3880 1461 1085 3881 1462 1086 3882 1463 1086 3883 1464 1086 3884 1463 1087 3885 1462 1087 3886 1465 1087 3887 1466 1088 3888 1467 1088 3889 1468 1088 3890 1467 1089 3891 1466 1089 3892 1469 1089 3893 1470 1090 3894 1471 1090 3895 1472 1090 3896 1471 1091 3897 1470 1091 3898 1473 1091 3899 1474 1092 3900 1475 1092 3901 1476 1092 3902 1475 1093 3903 1474 1093 3904 1477 1093 3905 1478 1094 3906 1479 1094 3907 1480 1094 3908 1479 1095 3909 1478 1095 3910 1481 1095 3911 1482 1096 3912 1483 1096 3913 1484 1096 3914 1483 1097 3915 1482 1097 3916 1485 1097 3917 1486 1098 3918 1487 1098 3919 1488 1098 3920 1487 1099 3921 1486 1099 3922 1489 1099 3923 1490 1100 3924 1491 1100 3925 1492 1100 3926 1491 1101 3927 1490 1101 3928 1493 1101 3929 1494 1102 3930 1495 1102 3931 1496 1102 3932 1495 1103 3933 1494 1103 3934 1497 1103 3935 1498 1104 3936 1499 1104 3937 1500 1104 3938 1499 1105 3939 1498 1105 3940 1501 1105 3941 1502 1106 3942 1503 1106 3943 1504 1106 3944 1503 1107 3945 1502 1107 3946 1505 1107 3947 1506 1108 3948 1507 1108 3949 1508 1108 3950 1507 1109 3951 1506 1109 3952 1509 1109 3953 1510 1110 3954 1511 1110 3955 1512 1110 3956 1511 1111 3957 1510 1111 3958 1513 1111 3959 1514 1112 3960 1515 1112 3961 1516 1112 3962 1515 1113 3963 1514 1113 3964 1517 1113 3965 1518 1114 3966 1519 1114 3967 1520 1114 3968 1519 1115 3969 1518 1115 3970 1521 1115 3971 1522 1116 3972 1523 1116 3973 1524 1116 3974 1523 1117 3975 1522 1117 3976 1525 1117 3977 1526 1118 3978 1527 1118 3979 1528 1118 3980 1527 1119 3981 1526 1119 3982 1529 1119 3983 1530 1120 3984 1531 1120 3985 1532 1120 3986 1531 1121 3987 1530 1121 3988 1533 1121 3989 1534 1122 3990 1535 1122 3991 1536 1122 3992 1535 1123 3993 1534 1123 3994 1537 1123 3995 1538 1124 3996 1539 1124 3997 1540 1124 3998 1539 1125 3999 1538 1125 4000 1541 1125 4001 1542 1126 4002 1543 1126 4003 1544 1126 4004 1543 1127 4005 1542 1127 4006 1545 1127 4007 1546 1128 4008 1547 1128 4009 1548 1128 4010 1547 1129 4011 1546 1129 4012 1549 1129 4013 1550 1130 4014 1551 1130 4015 1552 1130 4016 1551 1131 4017 1550 1131 4018 1553 1131 4019 1554 1132 4020 1555 1132 4021 1556 1132 4022 1555 1133 4023 1554 1133 4024 1557 1133 4025 1558 1134 4026 1559 1134 4027 1560 1134 4028 1559 1135 4029 1558 1135 4030 1561 1135 4031 1562 1136 4032 1563 1136 4033 1564 1136 4034 1563 1137 4035 1562 1137 4036 1565 1137 4037 1566 1138 4038 1567 1138 4039 1568 1138 4040 1567 1139 4041 1566 1139 4042 1569 1139 4043 1570 1140 4044 1571 1140 4045 1572 1140 4046 1571 1141 4047 1570 1141 4048 1573 1141 4049 1574 1142 4050 1575 1142 4051 1576 1142 4052 1575 1143 4053 1574 1143 4054 1577 1143 4055 1578 1144 4056 1579 1144 4057 1580 1144 4058 1579 1145 4059 1578 1145 4060 1581 1145 4061 1582 1146 4062 1583 1146 4063 1584 1146 4064 1583 1147 4065 1582 1147 4066 1585 1147 4067 1586 1148 4068 1587 1148 4069 1588 1148 4070 1587 1149 4071 1586 1149 4072 1589 1149 4073 1590 1150 4074 1591 1150 4075 1592 1150 4076 1591 1151 4077 1590 1151 4078 1593 1151 4079 1594 1152 4080 1595 1152 4081 1596 1152 4082 1595 1153 4083 1594 1153 4084 1597 1153 4085 1598 1154 4086 1599 1154 4087 1600 1154 4088 1599 1155 4089 1598 1155 4090 1601 1155 4091 1602 1156 4092 1603 1156 4093 1604 1156 4094 1603 1157 4095 1602 1157 4096 1605 1157 4097 1606 1158 4098 1607 1158 4099 1608 1158 4100 1607 1159 4101 1606 1159 4102 1609 1159 4103 1610 1160 4104 1611 1160 4105 1612 1160 4106 1611 1161 4107 1610 1161 4108 1613 1161 4109 1614 1162 4110 1615 1162 4111 1616 1162 4112 1615 1163 4113 1614 1163 4114 1617 1163 4115 1618 1164 4116 1619 1164 4117 1620 1164 4118 1619 1165 4119 1618 1165 4120 1621 1165 4121 1622 1166 4122 1623 1166 4123 1624 1166 4124 1623 564 4125 1622 564 4126 1625 564 4127 1626 1167 4128 1627 1167 4129 1628 1167 4130 1627 1168 4131 1626 1168 4132 1629 1168 4133 1630 1169 4134 1631 1169 4135 1632 1169 4136 1631 1170 4137 1630 1170 4138 1633 1170 4139 1634 1171 4140 1635 1171 4141 1636 1171 4142 1635 1172 4143 1634 1172 4144 1637 1172 4145 1638 1173 4146 1639 1173 4147 1640 1173 4148 1639 1174 4149 1638 1174 4150 1641 1174 4151 1642 1175 4152 1643 1175 4153 1644 1175 4154 1643 1176 4155 1642 1176 4156 1645 1176 4157 1646 1177 4158 1647 1177 4159 1648 1177 4160 1647 1178 4161 1646 1178 4162 1649 1178 4163 1650 1179 4164 1651 1179 4165 1652 1179 4166 1651 1180 4167 1650 1180 4168 1653 1180 4169 1654 1181 4170 1655 1181 4171 1656 1181 4172 1655 1182 4173 1654 1182 4174 1657 1182 4175 1658 1183 4176 1659 1183 4177 1660 1183 4178 1659 1184 4179 1658 1184 4180 1661 1184 4181 1662 1185 4182 1663 1185 4183 1664 1185 4184 1663 1186 4185 1662 1186 4186 1665 1186 4187 1666 1187 4188 1667 1187 4189 1668 1187 4190 1667 1188 4191 1666 1188 4192 1669 1188 4193 1670 1189 4194 1671 1189 4195 1672 1189 4196 1671 1190 4197 1670 1190 4198 1673 1190 4199 1674 1191 4200 1675 1191 4201 1676 1191 4202 1675 1192 4203 1674 1192 4204 1677 1192 4205 1678 1193 4206 1679 1193 4207 1680 1193 4208 1679 1194 4209 1678 1194 4210 1681 1194 4211 1682 1195 4212 1683 1195 4213 1684 1195 4214 1683 1196 4215 1682 1196 4216 1685 1196 4217 1686 1197 4218 1687 1197 4219 1688 1197 4220 1687 1198 4221 1686 1198 4222 1689 1198 4223 1690 1199 4224 1691 1199 4225 1692 1199 4226 1691 1200 4227 1690 1200 4228 1693 1200 4229 1694 1201 4230 1695 1201 4231 1696 1201 4232 1695 1202 4233 1694 1202 4234 1697 1202 4235 1698 1203 4236 1699 1203 4237 1700 1203 4238 1699 1204 4239 1698 1204 4240 1701 1204 4241 1702 1205 4242 1703 1205 4243 1704 1205 4244 1703 1206 4245 1702 1206 4246 1705 1206 4247 1706 1207 4248 1707 1207 4249 1708 1207 4250 1707 1208 4251 1706 1208 4252 1709 1208 4253 1710 1209 4254 1711 1209 4255 1712 1209 4256 1711 1210 4257 1710 1210 4258 1713 1210 4259 1714 1211 4260 1715 1211 4261 1716 1211 4262 1715 1212 4263 1714 1212 4264 1717 1212 4265 1718 1213 4266 1719 1213 4267 1720 1213 4268 1719 1214 4269 1718 1214 4270 1721 1214 4271 1722 1215 4272 1723 1215 4273 1724 1215 4274 1723 1216 4275 1722 1216 4276 1725 1216 4277 1726 1217 4278 1727 1217 4279 1728 1217 4280 1727 1218 4281 1726 1218 4282 1729 1218 4283 1730 1219 4284 1731 1219 4285 1732 1219 4286 1731 1220 4287 1730 1220 4288 1733 1220 4289 1734 1221 4290 1735 1221 4291 1736 1221 4292 1735 1222 4293 1734 1222 4294 1737 1222 4295 1738 1223 4296 1739 1223 4297 1740 1223 4298 1739 1224 4299 1738 1224 4300 1741 1224 4301 1742 1225 4302 1743 1225 4303 1744 1225 4304 1743 1226 4305 1742 1226 4306 1745 1226 4307 1746 1227 4308 1747 1227 4309 1748 1227 4310 1747 1228 4311 1746 1228 4312 1749 1228 4313 1750 1229 4314 1751 1229 4315 1752 1229 4316 1751 1230 4317 1750 1230 4318 1753 1230 4319 1754 1231 4320 1755 1231 4321 1756 1231 4322 1755 1232 4323 1754 1232 4324 1757 1232 4325 1758 1233 4326 1759 1233 4327 1760 1233 4328 1759 1234 4329 1758 1234 4330 1761 1234 4331 1762 1235 4332 1763 1235 4333 1764 1235 4334 1763 1236 4335 1762 1236 4336 1765 1236 4337 1766 1237 4338 1767 1237 4339 1768 1237 4340 1767 1238 4341 1766 1238 4342 1769 1238 4343 1770 1239 4344 1771 1239 4345 1772 1239 4346 1771 1240 4347 1770 1240 4348 1773 1240 4349 1774 1241 4350 1775 1241 4351 1776 1241 4352 1775 1242 4353 1774 1242 4354 1777 1242 4355 1778 1243 4356 1779 1243 4357 1780 1243 4358 1779 1244 4359 1778 1244 4360 1781 1244 4361 1782 1245 4362 1783 1245 4363 1784 1245 4364 1783 1246 4365 1782 1246 4366 1785 1246 4367 1786 1247 4368 1787 1247 4369 1788 1247 4370 1787 1248 4371 1786 1248 4372 1789 1248 4373 1790 1249 4374 1791 1249 4375 1792 1249 4376 1791 1250 4377 1790 1250 4378 1793 1250 4379 1794 1251 4380 1795 1251 4381 1796 1251 4382 1795 1252 4383 1794 1252 4384 1797 1252 4385 1798 1253 4386 1799 1253 4387 1800 1253 4388 1799 1254 4389 1798 1254 4390 1801 1254 4391 1802 1255 4392 1803 1255 4393 1804 1255 4394 1803 1256 4395 1802 1256 4396 1805 1256 4397 1806 1257 4398 1807 1257 4399 1808 1257 4400 1807 1258 4401 1806 1258 4402 1809 1258 4403 1810 1259 4404 1811 1259 4405 1812 1259 4406 1811 1260 4407 1810 1260 4408 1813 1260 4409 1814 1261 4410 1815 1261 4411 1816 1261 4412 1815 1262 4413 1814 1262 4414 1817 1262 4415 1818 1263 4416 1819 1263 4417 1820 1263 4418 1819 1264 4419 1818 1264 4420 1821 1264 4421 1822 1265 4422 1823 1265 4423 1824 1265 4424 1823 1266 4425 1822 1266 4426 1825 1266 4427 1826 1267 4428 1827 1267 4429 1828 1267 4430 1827 1268 4431 1826 1268 4432 1829 1268 4433 1830 1269 4434 1831 1269 4435 1832 1269 4436 1831 1270 4437 1830 1270 4438 1833 1270 4439 1834 1271 4440 1835 1271 4441 1836 1271 4442 1835 1272 4443 1834 1272 4444 1837 1272 4445 1838 1273 4446 1839 1273 4447 1840 1273 4448 1839 1274 4449 1838 1274 4450 1841 1274 4451 1842 1275 4452 1843 1275 4453 1844 1275 4454 1843 1276 4455 1842 1276 4456 1845 1276 4457 1846 1277 4458 1847 1277 4459 1848 1277 4460 1847 1278 4461 1846 1278 4462 1849 1278 4463 1850 1279 4464 1851 1279 4465 1852 1279 4466 1851 1280 4467 1850 1280 4468 1853 1280 4469 1854 1281 4470 1855 1281 4471 1856 1281 4472 1855 1282 4473 1854 1282 4474 1857 1282 4475 1858 1283 4476 1859 1283 4477 1860 1283 4478 1859 1284 4479 1858 1284 4480 1861 1284 4481 1862 1285 4482 1863 1285 4483 1864 1285 4484 1863 1286 4485 1862 1286 4486 1865 1286 4487 1866 1287 4488 1867 1287 4489 1868 1287 4490 1867 1288 4491 1866 1288 4492 1869 1288 4493 1870 1289 4494 1871 1289 4495 1872 1289 4496 1871 1290 4497 1870 1290 4498 1873 1290 4499 1874 1291 4500 1875 1291 4501 1876 1291 4502 1875 1292 4503 1874 1292 4504 1877 1292 4505 1878 1293 4506 1879 1293 4507 1880 1293 4508 1879 1294 4509 1878 1294 4510 1881 1294 4511 1882 12 4512 1883 12 4513 1884 12 4514 1883 12 4515 1882 12 4516 1885 12 4517 1886 1295 4518 1887 1295 4519 1888 1295 4520 1887 1296 4521 1886 1296 4522 1889 1296 4523 1889 1297 4524 1886 1297 4525 1890 1297 4526 1884 12 4527 1891 12 4528 1892 12 4529 1891 12 4530 1884 12 4531 1883 12 4532 1893 1298 4533 1894 1298 4534 1895 1298 4535 1894 1299 4536 1893 1299 4537 1896 1299 4538 1896 1300 4539 1893 1300 4540 1897 1300 4541 1898 1301 4542 1899 1301 4543 1900 1301 4544 1899 1302 4545 1898 1302 4546 1901 1302 4547 1902 1303 4548 1903 1303 4549 1904 1303 4550 1903 1304 4551 1902 1304 4552 1905 1304 4553 1906 1305 4554 1907 1305 4555 1908 1305 4556 1907 1306 4557 1906 1306 4558 1909 1306 4559 1909 1307 4560 1906 1307 4561 1910 1307 4562 1911 1308 4563 1912 1308 4564 1913 1308 4565 1912 1309 4566 1911 1309 4567 1914 1309 4568 1914 1310 4569 1911 1310 4570 1915 1310 4571 1916 1311 4572 1917 1311 4573 1918 1311 4574 1917 1312 4575 1916 1312 4576 1919 1312 4577 1920 1313 4578 1904 1313 4579 1921 1313 4580 1904 1313 4581 1920 1313 4582 1902 1313 4583 1922 1314 4584 1923 1315 4585 1924 1316 4586 1923 1315 4587 1922 1314 4588 1925 1317 4589 1926 1318 4590 1924 1316 4591 1927 1319 4592 1924 1316 4593 1926 1318 4594 1922 1314 4595 1928 1320 4596 1925 1317 4597 1922 1314 4598 1925 1317 4599 1928 1320 4600 1929 1321 4601 1925 1317 4602 1930 1322 4603 1923 1315 4604 1930 1322 4605 1925 1317 4606 1931 1323 4607 1924 1316 4608 1932 1324 4609 1933 1325 4610 1932 1324 4611 1924 1316 4612 1923 1315 4613 1926 1318 4614 1934 1326 4615 1935 1327 4616 1934 1326 4617 1926 1318 4618 1927 1319 4619 1936 1328 4620 1922 1314 4621 1926 1318 4622 1922 1314 4623 1936 1328 4624 1928 1320 4625 1927 1319 4626 1933 1325 4627 1937 1329 4628 1933 1325 4629 1927 1319 4630 1924 1316 4631 1938 1330 4632 1928 1320 4633 1939 1331 4634 1928 1320 4635 1938 1330 4636 1929 1321 4637 1929 1321 4638 1931 1323 4639 1925 1317 4640 1931 1323 4641 1929 1321 4642 1940 1332 4643 1941 1333 4644 1931 1323 4645 1942 1334 4646 1931 1323 4647 1941 1333 4648 1930 1322 4649 1923 1315 4650 1943 1335 4651 1932 1324 4652 1943 1335 4653 1923 1315 4654 1930 1322 4655 1944 1336 4656 1932 1324 4657 1945 1337 4658 1932 1324 4659 1944 1336 4660 1933 1325 4661 1946 1338 4662 1947 1338 4663 1948 1338 4664 1947 1339 4665 1946 1339 4666 1949 1339 4667 1947 1340 4668 1949 1340 4669 1950 1340 4670 1950 1340 4671 1949 1340 4672 1951 1340 4673 1950 1340 4674 1951 1340 4675 1952 1340 4676 1952 1341 4677 1951 1341 4678 1953 1341 4679 1952 1342 4680 1953 1342 4681 1954 1342 4682 1954 1343 4683 1953 1343 4684 1955 1343 4685 1954 1340 4686 1955 1340 4687 1956 1340 4688 1956 1344 4689 1955 1344 4690 1957 1344 4691 1956 1345 4692 1957 1345 4693 1958 1345 4694 1958 1346 4695 1957 1346 4696 1959 1346 4697 1958 1340 4698 1959 1340 4699 1960 1340 4700 1960 1347 4701 1959 1347 4702 1961 1347 4703 1960 1348 4704 1961 1348 4705 1962 1348 4706 1962 1349 4707 1961 1349 4708 1963 1349 4709 1962 1350 4710 1963 1350 4711 1964 1350 4712 1964 1340 4713 1963 1340 4714 1965 1340 4715 1964 1351 4716 1965 1351 4717 1966 1351 4718 1966 1352 4719 1965 1352 4720 1967 1352 4721 1966 1340 4722 1967 1340 4723 1968 1340 4724 1968 1353 4725 1967 1353 4726 1969 1353 4727 1936 1328 4728 1935 1327 4729 1970 1354 4730 1935 1327 4731 1936 1328 4732 1926 1318 4733 1927 1319 4734 1971 1355 4735 1934 1326 4736 1971 1355 4737 1927 1319 4738 1937 1329 4739 1939 1331 4740 1936 1328 4741 1972 1356 4742 1936 1328 4743 1939 1331 4744 1928 1320 4745 1973 1357 4746 1933 1325 4747 1944 1336 4748 1933 1325 4749 1973 1357 4750 1937 1329 4751 1974 1358 4752 1939 1331 4753 1975 1359 4754 1939 1331 4755 1974 1358 4756 1938 1330 4757 1976 1360 4758 1929 1321 4759 1938 1330 4760 1929 1321 4761 1976 1360 4762 1940 1332 4763 1942 1334 4764 1940 1332 4765 1977 1361 4766 1940 1332 4767 1942 1334 4768 1931 1323 4769 1978 1362 4770 1979 1363 4771 1980 1364 4772 1979 1363 4773 1978 1362 4774 1942 1334 4775 1942 1334 4776 1978 1362 4777 1941 1333 4778 1941 1333 4779 1978 1362 4780 1981 1365 4781 1982 1366 4782 1930 1322 4783 1941 1333 4784 1930 1322 4785 1982 1366 4786 1943 1335 4787 1945 1337 4788 1943 1335 4789 1983 1367 4790 1943 1335 4791 1945 1337 4792 1932 1324 4793 1984 1368 4794 1945 1337 4795 1985 1369 4796 1945 1337 4797 1984 1368 4798 1944 1336 4799 1986 1370 4800 1987 1371 4801 1988 1372 4802 1987 1371 4803 1986 1370 4804 1989 1373 4805 1990 1374 4806 1987 1371 4807 1989 1373 4808 1987 1371 4809 1990 1374 4810 1991 1375 4811 1992 1376 4812 1991 1375 4813 1990 1374 4814 1991 1375 4815 1992 1376 4816 1993 1377 4817 1994 1378 4818 1993 1377 4819 1992 1376 4820 1993 1377 4821 1994 1378 4822 1995 1379 4823 1994 1378 4824 1996 1380 4825 1995 1379 4826 1996 1380 4827 1994 1378 4828 1997 1381 4829 1997 1381 4830 1998 1382 4831 1996 1380 4832 1998 1382 4833 1997 1381 4834 1999 1383 4835 1999 1383 4836 2000 1384 4837 1998 1382 4838 2000 1384 4839 1999 1383 4840 1972 1356 4841 1972 1356 4842 1970 1354 4843 2000 1384 4844 1970 1354 4845 1972 1356 4846 1936 1328 4847 1971 1355 4848 1973 1357 4849 2001 1385 4850 1973 1357 4851 1971 1355 4852 1937 1329 4853 2001 1385 4854 2002 1386 4855 2003 1387 4856 2002 1386 4857 2001 1385 4858 1973 1357 4859 2003 1387 4860 2004 1388 4861 2005 1389 4862 2004 1388 4863 2003 1387 4864 2002 1386 4865 2005 1389 4866 2006 1390 4867 2007 1391 4868 2006 1390 4869 2005 1389 4870 2004 1388 4871 2007 1391 4872 2008 1392 4873 2009 1393 4874 2008 1392 4875 2007 1391 4876 2006 1390 4877 2009 1393 4878 2010 1394 4879 2011 1395 4880 2010 1394 4881 2009 1393 4882 2008 1392 4883 2010 1394 4884 2012 1396 4885 2011 1395 4886 2012 1396 4887 2010 1394 4888 2013 1397 4889 2013 1397 4890 2014 1398 4891 2012 1396 4892 2014 1398 4893 2013 1397 4894 2015 1399 4895 2015 1399 4896 2016 1400 4897 2014 1398 4898 2016 1400 4899 2015 1399 4900 2017 1401 4901 2017 1401 4902 2018 1402 4903 2016 1400 4904 2018 1402 4905 2017 1401 4906 2019 1403 4907 2019 1403 4908 2020 1404 4909 2018 1402 4910 2020 1404 4911 2019 1403 4912 2021 1405 4913 2021 1405 4914 2022 1406 4915 2020 1404 4916 2022 1406 4917 2021 1405 4918 2023 1407 4919 1986 1370 4920 2022 1406 4921 2023 1407 4922 2022 1406 4923 1986 1370 4924 1988 1372 4925 1975 1359 4926 1972 1356 4927 1999 1383 4928 1972 1356 4929 1975 1359 4930 1939 1331 4931 2002 1386 4932 1944 1336 4933 1984 1368 4934 1944 1336 4935 2002 1386 4936 1973 1357 4937 2024 1408 4938 1975 1359 4939 2025 1409 4940 1975 1359 4941 2024 1408 4942 1974 1358 4943 2026 1410 4944 1938 1330 4945 1974 1358 4946 1938 1330 4947 2026 1410 4948 1976 1360 4949 1977 1361 4950 1976 1360 4951 2027 1411 4952 1976 1360 4953 1977 1361 4954 1940 1332 4955 1980 1364 4956 2028 1412 4957 2029 1413 4958 2028 1412 4959 1980 1364 4960 1977 1361 4961 1977 1361 4962 1980 1364 4963 1942 1334 4964 1942 1334 4965 1980 1364 4966 1979 1363 4967 2030 1414 4968 2031 1415 4969 2032 1416 4970 2031 1415 4971 2030 1414 4972 1980 1364 4973 1980 1364 4974 2030 1414 4975 1978 1362 4976 1978 1362 4977 2030 1414 4978 2033 1417 4979 2034 1418 4980 1981 1365 4981 1978 1362 4982 1981 1365 4983 2034 1418 4984 1941 1333 4985 1941 1333 4986 2034 1418 4987 1982 1366 4988 1982 1366 4989 2034 1418 4990 2035 1419 4991 1983 1367 4992 1982 1366 4993 2036 1420 4994 1982 1366 4995 1983 1367 4996 1943 1335 4997 1985 1369 4998 1983 1367 4999 2037 1421 5000 1983 1367 5001 1985 1369 5002 1945 1337 5003 2038 1422 5004 1985 1369 5005 2039 1423 5006 1985 1369 5007 2038 1422 5008 1984 1368 5009 2040 1424 5010 1986 1370 5011 2041 1425 5012 1986 1370 5013 2040 1424 5014 1989 1373 5015 2042 1426 5016 1989 1373 5017 2040 1424 5018 1989 1373 5019 2042 1426 5020 1990 1374 5021 2043 1427 5022 1990 1374 5023 2042 1426 5024 1990 1374 5025 2043 1427 5026 1992 1376 5027 2044 1428 5028 1992 1376 5029 2043 1427 5030 1992 1376 5031 2044 1428 5032 1994 1378 5033 2025 1409 5034 1994 1378 5035 2044 1428 5036 1994 1378 5037 2025 1409 5038 1997 1381 5039 2025 1409 5040 1999 1383 5041 1997 1381 5042 1999 1383 5043 2025 1409 5044 1975 1359 5045 2004 1388 5046 1984 1368 5047 2038 1422 5048 1984 1368 5049 2004 1388 5050 2002 1386 5051 2006 1390 5052 2038 1422 5053 2045 1429 5054 2038 1422 5055 2006 1390 5056 2004 1388 5057 2008 1392 5058 2045 1429 5059 2046 1430 5060 2045 1429 5061 2008 1392 5062 2006 1390 5063 2010 1394 5064 2046 1430 5065 2047 1431 5066 2046 1430 5067 2010 1394 5068 2008 1392 5069 2010 1394 5070 2048 1432 5071 2013 1397 5072 2048 1432 5073 2010 1394 5074 2047 1431 5075 2013 1397 5076 2049 1433 5077 2015 1399 5078 2049 1433 5079 2013 1397 5080 2048 1432 5081 2015 1399 5082 2050 1434 5083 2017 1401 5084 2050 1434 5085 2015 1399 5086 2049 1433 5087 2050 1434 5088 2019 1403 5089 2017 1401 5090 2019 1403 5091 2050 1434 5092 2051 1435 5093 2051 1435 5094 2021 1405 5095 2019 1403 5096 2021 1405 5097 2051 1435 5098 2052 1436 5099 2052 1436 5100 2023 1407 5101 2021 1405 5102 2023 1407 5103 2052 1436 5104 2053 1437 5105 2041 1425 5106 2023 1407 5107 2053 1437 5108 2023 1407 5109 2041 1425 5110 1986 1370 5111 2024 1408 5112 2044 1428 5113 2054 1438 5114 2044 1428 5115 2024 1408 5116 2025 1409 5117 2055 1439 5118 1974 1358 5119 2024 1408 5120 1974 1358 5121 2055 1439 5122 2026 1410 5123 2027 1411 5124 2026 1410 5125 2056 1440 5126 2026 1410 5127 2027 1411 5128 1976 1360 5129 2029 1413 5130 2057 1441 5131 2058 1442 5132 2057 1441 5133 2029 1413 5134 2027 1411 5135 2027 1411 5136 2029 1413 5137 1977 1361 5138 1977 1361 5139 2029 1413 5140 2028 1412 5141 2032 1416 5142 2059 1443 5143 2060 1444 5144 2059 1443 5145 2032 1416 5146 2029 1413 5147 2029 1413 5148 2032 1416 5149 1980 1364 5150 1980 1364 5151 2032 1416 5152 2031 1415 5153 2061 1445 5154 2032 1416 5155 2062 1446 5156 2032 1416 5157 2061 1445 5158 2030 1414 5159 2063 1447 5160 2033 1417 5161 2030 1414 5162 2033 1417 5163 2063 1447 5164 1978 1362 5165 1978 1362 5166 2063 1447 5167 2034 1418 5168 2034 1418 5169 2063 1447 5170 2064 1448 5171 2065 1449 5172 2034 1418 5173 2066 1450 5174 2034 1418 5175 2065 1449 5176 2035 1419 5177 2035 1419 5178 2065 1449 5179 2036 1420 5180 2035 1419 5181 2036 1420 5182 1982 1366 5183 2037 1421 5184 2036 1420 5185 2067 1451 5186 2036 1420 5187 2037 1421 5188 1983 1367 5189 2039 1423 5190 2037 1421 5191 2068 1452 5192 2037 1421 5193 2039 1423 5194 1985 1369 5195 2045 1429 5196 2039 1423 5197 2069 1453 5198 2039 1423 5199 2045 1429 5200 2038 1422 5201 2070 1454 5202 2041 1425 5203 2071 1455 5204 2041 1425 5205 2070 1454 5206 2040 1424 5207 2072 1456 5208 2040 1424 5209 2070 1454 5210 2040 1424 5211 2072 1456 5212 2042 1426 5213 2073 1457 5214 2042 1426 5215 2072 1456 5216 2042 1426 5217 2073 1457 5218 2043 1427 5219 2054 1438 5220 2043 1427 5221 2073 1457 5222 2043 1427 5223 2054 1438 5224 2044 1428 5225 2046 1430 5226 2069 1453 5227 2074 1458 5228 2069 1453 5229 2046 1430 5230 2045 1429 5231 2047 1431 5232 2074 1458 5233 2075 1459 5234 2074 1458 5235 2047 1431 5236 2046 1430 5237 2047 1431 5238 2076 1460 5239 2048 1432 5240 2076 1460 5241 2047 1431 5242 2075 1459 5243 2048 1432 5244 2077 1461 5245 2049 1433 5246 2077 1461 5247 2048 1432 5248 2076 1460 5249 2049 1433 5250 2078 1462 5251 2050 1434 5252 2078 1462 5253 2049 1433 5254 2077 1461 5255 2078 1462 5256 2051 1435 5257 2050 1434 5258 2051 1435 5259 2078 1462 5260 2079 1463 5261 2079 1463 5262 2052 1436 5263 2051 1435 5264 2052 1436 5265 2079 1463 5266 2080 1464 5267 2080 1464 5268 2053 1437 5269 2052 1436 5270 2053 1437 5271 2080 1464 5272 2081 1465 5273 2071 1455 5274 2053 1437 5275 2081 1465 5276 2053 1437 5277 2071 1455 5278 2041 1425 5279 2055 1439 5280 2054 1438 5281 2082 1466 5282 2054 1438 5283 2055 1439 5284 2024 1408 5285 2056 1440 5286 2055 1439 5287 2083 1467 5288 2055 1439 5289 2056 1440 5290 2026 1410 5291 2058 1442 5292 2084 1468 5293 2085 1469 5294 2084 1468 5295 2058 1442 5296 2056 1440 5297 2056 1440 5298 2058 1442 5299 2027 1411 5300 2027 1411 5301 2058 1442 5302 2057 1441 5303 2060 1444 5304 2086 1470 5305 2087 1471 5306 2086 1470 5307 2060 1444 5308 2058 1442 5309 2058 1442 5310 2060 1444 5311 2029 1413 5312 2029 1413 5313 2060 1444 5314 2059 1443 5315 2062 1446 5316 2060 1444 5317 2088 1472 5318 2060 1444 5319 2062 1446 5320 2032 1416 5321 2089 1473 5322 2062 1446 5323 2090 1474 5324 2062 1446 5325 2089 1473 5326 2061 1445 5327 2091 1475 5328 2030 1414 5329 2061 1445 5330 2030 1414 5331 2091 1475 5332 2063 1447 5333 2092 1476 5334 2063 1447 5335 2093 1477 5336 2063 1447 5337 2092 1476 5338 2064 1448 5339 2064 1448 5340 2092 1476 5341 2066 1450 5342 2064 1448 5343 2066 1450 5344 2034 1418 5345 2094 1478 5346 2066 1450 5347 2095 1479 5348 2066 1450 5349 2094 1478 5350 2065 1449 5351 2065 1449 5352 2094 1478 5353 2067 1451 5354 2065 1449 5355 2067 1451 5356 2036 1420 5357 2068 1452 5358 2067 1451 5359 2096 1480 5360 2067 1451 5361 2068 1452 5362 2037 1421 5363 2069 1453 5364 2068 1452 5365 2097 1481 5366 2068 1452 5367 2069 1453 5368 2039 1423 5369 2098 1482 5370 2071 1455 5371 2099 1483 5372 2071 1455 5373 2098 1482 5374 2070 1454 5375 2100 1484 5376 2070 1454 5377 2098 1482 5378 2070 1454 5379 2100 1484 5380 2072 1456 5381 2101 1485 5382 2072 1456 5383 2100 1484 5384 2072 1456 5385 2101 1485 5386 2073 1457 5387 2082 1466 5388 2073 1457 5389 2101 1485 5390 2073 1457 5391 2082 1466 5392 2054 1438 5393 2074 1458 5394 2097 1481 5395 2102 1486 5396 2097 1481 5397 2074 1458 5398 2069 1453 5399 2075 1459 5400 2102 1486 5401 2103 1487 5402 2102 1486 5403 2075 1459 5404 2074 1458 5405 2075 1459 5406 2104 1488 5407 2076 1460 5408 2104 1488 5409 2075 1459 5410 2103 1487 5411 2076 1460 5412 2105 1489 5413 2077 1461 5414 2105 1489 5415 2076 1460 5416 2104 1488 5417 2077 1461 5418 2106 1490 5419 2078 1462 5420 2106 1490 5421 2077 1461 5422 2105 1489 5423 2106 1490 5424 2079 1463 5425 2078 1462 5426 2079 1463 5427 2106 1490 5428 2107 1491 5429 2107 1491 5430 2080 1464 5431 2079 1463 5432 2080 1464 5433 2107 1491 5434 2108 1492 5435 2108 1492 5436 2081 1465 5437 2080 1464 5438 2081 1465 5439 2108 1492 5440 2109 1493 5441 2099 1483 5442 2081 1465 5443 2109 1493 5444 2081 1465 5445 2099 1483 5446 2071 1455 5447 2083 1467 5448 2082 1466 5449 2110 1494 5450 2082 1466 5451 2083 1467 5452 2055 1439 5453 2085 1469 5454 2111 1495 5455 2112 1496 5456 2111 1495 5457 2085 1469 5458 2083 1467 5459 2083 1467 5460 2085 1469 5461 2056 1440 5462 2056 1440 5463 2085 1469 5464 2084 1468 5465 2087 1471 5466 2113 1497 5467 2114 1498 5468 2113 1497 5469 2087 1471 5470 2085 1469 5471 2085 1469 5472 2087 1471 5473 2058 1442 5474 2058 1442 5475 2087 1471 5476 2086 1470 5477 2088 1472 5478 2087 1471 5479 2115 1499 5480 2087 1471 5481 2088 1472 5482 2060 1444 5483 2090 1474 5484 2088 1472 5485 2116 1500 5486 2088 1472 5487 2090 1474 5488 2062 1446 5489 2117 1501 5490 2090 1474 5491 2118 1502 5492 2090 1474 5493 2117 1501 5494 2089 1473 5495 2119 1503 5496 2061 1445 5497 2089 1473 5498 2061 1445 5499 2119 1503 5500 2091 1475 5501 2120 1504 5502 2063 1447 5503 2091 1475 5504 2063 1447 5505 2120 1504 5506 2093 1477 5507 2121 1505 5508 2093 1477 5509 2122 1506 5510 2093 1477 5511 2121 1505 5512 2092 1476 5513 2092 1476 5514 2121 1505 5515 2095 1479 5516 2092 1476 5517 2095 1479 5518 2066 1450 5519 2123 1507 5520 2095 1479 5521 2124 1508 5522 2095 1479 5523 2123 1507 5524 2094 1478 5525 2094 1478 5526 2123 1507 5527 2096 1480 5528 2094 1478 5529 2096 1480 5530 2067 1451 5531 2097 1481 5532 2096 1480 5533 2125 1509 5534 2096 1480 5535 2097 1481 5536 2068 1452 5537 2126 1510 5538 2099 1483 5539 2127 1511 5540 2099 1483 5541 2126 1510 5542 2098 1482 5543 2128 1512 5544 2098 1482 5545 2126 1510 5546 2098 1482 5547 2128 1512 5548 2100 1484 5549 2129 1513 5550 2100 1484 5551 2128 1512 5552 2100 1484 5553 2129 1513 5554 2101 1485 5555 2110 1494 5556 2101 1485 5557 2129 1513 5558 2101 1485 5559 2110 1494 5560 2082 1466 5561 2102 1486 5562 2125 1509 5563 2130 1514 5564 2125 1509 5565 2102 1486 5566 2097 1481 5567 2103 1487 5568 2130 1514 5569 2131 1515 5570 2130 1514 5571 2103 1487 5572 2102 1486 5573 2103 1487 5574 2132 1516 5575 2104 1488 5576 2132 1516 5577 2103 1487 5578 2131 1515 5579 2104 1488 5580 2133 1517 5581 2105 1489 5582 2133 1517 5583 2104 1488 5584 2132 1516 5585 2105 1489 5586 2134 1518 5587 2106 1490 5588 2134 1518 5589 2105 1489 5590 2133 1517 5591 2106 1490 5592 2135 1519 5593 2107 1491 5594 2135 1519 5595 2106 1490 5596 2134 1518 5597 2107 1491 5598 2136 1520 5599 2108 1492 5600 2136 1520 5601 2107 1491 5602 2135 1519 5603 2108 1492 5604 2137 1521 5605 2109 1493 5606 2137 1521 5607 2108 1492 5608 2136 1520 5609 2127 1511 5610 2109 1493 5611 2137 1521 5612 2109 1493 5613 2127 1511 5614 2099 1483 5615 2112 1496 5616 2138 1522 5617 2139 1523 5618 2138 1522 5619 2112 1496 5620 2111 1495 5621 2138 1522 5622 2111 1495 5623 2110 1494 5624 2110 1494 5625 2111 1495 5626 2083 1467 5627 2114 1498 5628 2140 1524 5629 2141 1525 5630 2140 1524 5631 2114 1498 5632 2112 1496 5633 2112 1496 5634 2114 1498 5635 2085 1469 5636 2085 1469 5637 2114 1498 5638 2113 1497 5639 2115 1499 5640 2114 1498 5641 2142 1526 5642 2114 1498 5643 2115 1499 5644 2087 1471 5645 2116 1500 5646 2115 1499 5647 2143 1527 5648 2115 1499 5649 2116 1500 5650 2088 1472 5651 2118 1502 5652 2116 1500 5653 2144 1528 5654 2116 1500 5655 2118 1502 5656 2090 1474 5657 2145 1529 5658 2118 1502 5659 2146 1530 5660 2118 1502 5661 2145 1529 5662 2117 1501 5663 2147 1531 5664 2089 1473 5665 2117 1501 5666 2089 1473 5667 2147 1531 5668 2119 1503 5669 2148 1532 5670 2091 1475 5671 2119 1503 5672 2091 1475 5673 2148 1532 5674 2120 1504 5675 2149 1533 5676 2093 1477 5677 2120 1504 5678 2093 1477 5679 2149 1533 5680 2122 1506 5681 2150 1534 5682 2122 1506 5683 2151 1535 5684 2122 1506 5685 2150 1534 5686 2121 1505 5687 2121 1505 5688 2150 1534 5689 2124 1508 5690 2121 1505 5691 2124 1508 5692 2095 1479 5693 2152 1536 5694 2124 1508 5695 2153 1537 5696 2124 1508 5697 2152 1536 5698 2123 1507 5699 2123 1507 5700 2152 1536 5701 2125 1509 5702 2123 1507 5703 2125 1509 5704 2096 1480 5705 2154 1538 5706 2155 1539 5707 2156 1540 5708 2155 1539 5709 2154 1538 5710 2157 1541 5711 2155 1539 5712 2157 1541 5713 2127 1511 5714 2127 1511 5715 2157 1541 5716 2126 1510 5717 2158 1542 5718 2157 1541 5719 2154 1538 5720 2157 1541 5721 2158 1542 5722 2159 1543 5723 2157 1541 5724 2159 1543 5725 2126 1510 5726 2126 1510 5727 2159 1543 5728 2128 1512 5729 2160 1544 5730 2159 1543 5731 2158 1542 5732 2159 1543 5733 2160 1544 5734 2161 1545 5735 2159 1543 5736 2161 1545 5737 2128 1512 5738 2128 1512 5739 2161 1545 5740 2129 1513 5741 2139 1523 5742 2161 1545 5743 2160 1544 5744 2161 1545 5745 2139 1523 5746 2138 1522 5747 2161 1545 5748 2138 1522 5749 2129 1513 5750 2129 1513 5751 2138 1522 5752 2110 1494 5753 2162 1546 5754 2153 1537 5755 2163 1547 5756 2153 1537 5757 2162 1546 5758 2152 1536 5759 2152 1536 5760 2162 1546 5761 2130 1514 5762 2152 1536 5763 2130 1514 5764 2125 1509 5765 2164 1548 5766 2163 1547 5767 2165 1549 5768 2163 1547 5769 2164 1548 5770 2162 1546 5771 2162 1546 5772 2164 1548 5773 2131 1515 5774 2162 1546 5775 2131 1515 5776 2130 1514 5777 2131 1515 5778 2166 1550 5779 2132 1516 5780 2166 1550 5781 2131 1515 5782 2167 1551 5783 2167 1551 5784 2131 1515 5785 2165 1549 5786 2165 1549 5787 2131 1515 5788 2164 1548 5789 2132 1516 5790 2168 1552 5791 2133 1517 5792 2168 1552 5793 2132 1516 5794 2169 1553 5795 2169 1553 5796 2132 1516 5797 2167 1551 5798 2167 1551 5799 2132 1516 5800 2166 1550 5801 2133 1517 5802 2170 1554 5803 2134 1518 5804 2170 1554 5805 2133 1517 5806 2171 1555 5807 2171 1555 5808 2133 1517 5809 2169 1553 5810 2169 1553 5811 2133 1517 5812 2168 1552 5813 2134 1518 5814 2172 1556 5815 2135 1519 5816 2172 1556 5817 2134 1518 5818 2173 1557 5819 2173 1557 5820 2134 1518 5821 2171 1555 5822 2171 1555 5823 2134 1518 5824 2170 1554 5825 2135 1519 5826 2174 1558 5827 2136 1520 5828 2174 1558 5829 2135 1519 5830 2175 1559 5831 2175 1559 5832 2135 1519 5833 2173 1557 5834 2173 1557 5835 2135 1519 5836 2172 1556 5837 2136 1520 5838 2176 1560 5839 2137 1521 5840 2176 1560 5841 2136 1520 5842 2177 1561 5843 2177 1561 5844 2136 1520 5845 2175 1559 5846 2175 1559 5847 2136 1520 5848 2174 1558 5849 2156 1540 5850 2176 1560 5851 2177 1561 5852 2176 1560 5853 2156 1540 5854 2155 1539 5855 2176 1560 5856 2155 1539 5857 2137 1521 5858 2137 1521 5859 2155 1539 5860 2127 1511 5861 2141 1525 5862 2178 1562 5863 2179 1563 5864 2178 1562 5865 2141 1525 5866 2140 1524 5867 2178 1562 5868 2140 1524 5869 2139 1523 5870 2139 1523 5871 2140 1524 5872 2112 1496 5873 2142 1526 5874 2141 1525 5875 2180 1564 5876 2141 1525 5877 2142 1526 5878 2114 1498 5879 2143 1527 5880 2142 1526 5881 2181 1565 5882 2142 1526 5883 2143 1527 5884 2115 1499 5885 2144 1528 5886 2143 1527 5887 2182 1566 5888 2143 1527 5889 2144 1528 5890 2116 1500 5891 2146 1530 5892 2144 1528 5893 2183 1567 5894 2144 1528 5895 2146 1530 5896 2118 1502 5897 2184 1568 5898 2185 1569 5899 2186 1570 5900 2185 1569 5901 2184 1568 5902 2187 1571 5903 2187 1571 5904 2184 1568 5905 2145 1529 5906 2187 1571 5907 2145 1529 5908 2146 1530 5909 2188 1572 5910 2117 1501 5911 2145 1529 5912 2117 1501 5913 2188 1572 5914 2147 1531 5915 2189 1573 5916 2119 1503 5917 2147 1531 5918 2119 1503 5919 2189 1573 5920 2148 1532 5921 2190 1574 5922 2120 1504 5923 2148 1532 5924 2120 1504 5925 2190 1574 5926 2149 1533 5927 2191 1575 5928 2122 1506 5929 2149 1533 5930 2122 1506 5931 2191 1575 5932 2151 1535 5933 2192 1576 5934 2151 1535 5935 2193 1577 5936 2151 1535 5937 2192 1576 5938 2150 1534 5939 2150 1534 5940 2192 1576 5941 2153 1537 5942 2150 1534 5943 2153 1537 5944 2124 1508 5945 2194 1578 5946 2195 1579 5947 2196 1580 5948 2195 1579 5949 2194 1578 5950 2197 1581 5951 2195 1579 5952 2197 1581 5953 2156 1540 5954 2156 1540 5955 2197 1581 5956 2154 1538 5957 2198 1582 5958 2197 1581 5959 2194 1578 5960 2197 1581 5961 2198 1582 5962 2199 1583 5963 2197 1581 5964 2199 1583 5965 2154 1538 5966 2154 1538 5967 2199 1583 5968 2158 1542 5969 2200 1584 5970 2199 1583 5971 2198 1582 5972 2199 1583 5973 2200 1584 5974 2201 1585 5975 2199 1583 5976 2201 1585 5977 2158 1542 5978 2158 1542 5979 2201 1585 5980 2160 1544 5981 2179 1563 5982 2201 1585 5983 2200 1584 5984 2201 1585 5985 2179 1563 5986 2178 1562 5987 2201 1585 5988 2178 1562 5989 2160 1544 5990 2160 1544 5991 2178 1562 5992 2139 1523 5993 2202 1586 5994 2193 1577 5995 2203 1587 5996 2193 1577 5997 2202 1586 5998 2192 1576 5999 2192 1576 6000 2202 1586 6001 2163 1547 6002 2192 1576 6003 2163 1547 6004 2153 1537 6005 2204 1588 6006 2203 1587 6007 2205 1589 6008 2203 1587 6009 2204 1588 6010 2202 1586 6011 2202 1586 6012 2204 1588 6013 2165 1549 6014 2202 1586 6015 2165 1549 6016 2163 1547 6017 2165 1549 6018 2206 1590 6019 2167 1551 6020 2206 1590 6021 2165 1549 6022 2207 1591 6023 2207 1591 6024 2165 1549 6025 2205 1589 6026 2205 1589 6027 2165 1549 6028 2204 1588 6029 2167 1551 6030 2208 1592 6031 2169 1553 6032 2208 1592 6033 2167 1551 6034 2209 1593 6035 2209 1593 6036 2167 1551 6037 2207 1591 6038 2207 1591 6039 2167 1551 6040 2206 1590 6041 2169 1553 6042 2210 1594 6043 2171 1555 6044 2210 1594 6045 2169 1553 6046 2211 1595 6047 2211 1595 6048 2169 1553 6049 2209 1593 6050 2209 1593 6051 2169 1553 6052 2208 1592 6053 2171 1555 6054 2212 1596 6055 2173 1557 6056 2212 1596 6057 2171 1555 6058 2213 1597 6059 2213 1597 6060 2171 1555 6061 2211 1595 6062 2211 1595 6063 2171 1555 6064 2210 1594 6065 2173 1557 6066 2214 1598 6067 2175 1559 6068 2214 1598 6069 2173 1557 6070 2215 1599 6071 2215 1599 6072 2173 1557 6073 2213 1597 6074 2213 1597 6075 2173 1557 6076 2212 1596 6077 2175 1559 6078 2216 1600 6079 2177 1561 6080 2216 1600 6081 2175 1559 6082 2217 1601 6083 2217 1601 6084 2175 1559 6085 2215 1599 6086 2215 1599 6087 2175 1559 6088 2214 1598 6089 2196 1580 6090 2216 1600 6091 2217 1601 6092 2216 1600 6093 2196 1580 6094 2195 1579 6095 2216 1600 6096 2195 1579 6097 2177 1561 6098 2177 1561 6099 2195 1579 6100 2156 1540 6101 2141 1525 6102 2218 1602 6103 2180 1564 6104 2218 1602 6105 2141 1525 6106 2179 1563 6107 2181 1565 6108 2180 1564 6109 2219 1603 6110 2180 1564 6111 2181 1565 6112 2142 1526 6113 2182 1566 6114 2181 1565 6115 2220 1604 6116 2181 1565 6117 2182 1566 6118 2143 1527 6119 2183 1567 6120 2182 1566 6121 2221 1605 6122 2182 1566 6123 2183 1567 6124 2144 1528 6125 2187 1571 6126 2222 1606 6127 2185 1569 6128 2222 1606 6129 2187 1571 6130 2223 1607 6131 2223 1607 6132 2187 1571 6133 2146 1530 6134 2223 1607 6135 2146 1530 6136 2183 1567 6137 2186 1570 6138 2224 1608 6139 2225 1609 6140 2224 1608 6141 2186 1570 6142 2185 1569 6143 2226 1610 6144 2186 1570 6145 2227 1611 6146 2186 1570 6147 2226 1610 6148 2184 1568 6149 2184 1568 6150 2226 1610 6151 2188 1572 6152 2184 1568 6153 2188 1572 6154 2145 1529 6155 2228 1612 6156 2147 1531 6157 2188 1572 6158 2147 1531 6159 2228 1612 6160 2189 1573 6161 2229 1613 6162 2148 1532 6163 2189 1573 6164 2148 1532 6165 2229 1613 6166 2190 1574 6167 2230 1614 6168 2149 1533 6169 2190 1574 6170 2149 1533 6171 2230 1614 6172 2191 1575 6173 2231 1615 6174 2151 1535 6175 2191 1575 6176 2151 1535 6177 2231 1615 6178 2193 1577 6179 2194 1578 6180 2232 1616 6181 2233 1617 6182 2232 1616 6183 2194 1578 6184 2196 1580 6185 2198 1582 6186 2233 1617 6187 2234 1618 6188 2233 1617 6189 2198 1582 6190 2194 1578 6191 2200 1584 6192 2234 1618 6193 2235 1619 6194 2234 1618 6195 2200 1584 6196 2198 1582 6197 2179 1563 6198 2235 1619 6199 2218 1602 6200 2235 1619 6201 2179 1563 6202 2200 1584 6203 2236 1620 6204 2193 1577 6205 2231 1615 6206 2193 1577 6207 2236 1620 6208 2203 1587 6209 2237 1621 6210 2203 1587 6211 2236 1620 6212 2203 1587 6213 2237 1621 6214 2205 1589 6215 2205 1589 6216 2238 1622 6217 2207 1591 6218 2238 1622 6219 2205 1589 6220 2237 1621 6221 2207 1591 6222 2239 1623 6223 2209 1593 6224 2239 1623 6225 2207 1591 6226 2238 1622 6227 2209 1593 6228 2240 1624 6229 2211 1595 6230 2240 1624 6231 2209 1593 6232 2239 1623 6233 2211 1595 6234 2241 1625 6235 2213 1597 6236 2241 1625 6237 2211 1595 6238 2240 1624 6239 2213 1597 6240 2242 1626 6241 2215 1599 6242 2242 1626 6243 2213 1597 6244 2241 1625 6245 2215 1599 6246 2243 1627 6247 2217 1601 6248 2243 1627 6249 2215 1599 6250 2242 1626 6251 2196 1580 6252 2243 1627 6253 2232 1616 6254 2243 1627 6255 2196 1580 6256 2217 1601 6257 2180 1564 6258 2244 1628 6259 2219 1603 6260 2244 1628 6261 2180 1564 6262 2218 1602 6263 2220 1604 6264 2219 1603 6265 2245 1629 6266 2219 1603 6267 2220 1604 6268 2181 1565 6269 2221 1605 6270 2220 1604 6271 2246 1630 6272 2220 1604 6273 2221 1605 6274 2182 1566 6275 2222 1606 6276 2247 1631 6277 2248 1632 6278 2247 1631 6279 2222 1606 6280 2223 1607 6281 2247 1631 6282 2223 1607 6283 2221 1605 6284 2221 1605 6285 2223 1607 6286 2183 1567 6287 2185 1569 6288 2249 1633 6289 2224 1608 6290 2249 1633 6291 2185 1569 6292 2222 1606 6293 2225 1609 6294 2250 1634 6295 2251 1635 6296 2250 1634 6297 2225 1609 6298 2224 1608 6299 2227 1611 6300 2225 1609 6301 2252 1636 6302 2225 1609 6303 2227 1611 6304 2186 1570 6305 2253 1637 6306 2226 1610 6307 2227 1611 6308 2226 1610 6309 2253 1637 6310 2254 1638 6311 2226 1610 6312 2254 1638 6313 2188 1572 6314 2188 1572 6315 2254 1638 6316 2228 1612 6317 2255 1639 6318 2189 1573 6319 2228 1612 6320 2189 1573 6321 2255 1639 6322 2229 1613 6323 2256 1640 6324 2190 1574 6325 2229 1613 6326 2190 1574 6327 2256 1640 6328 2230 1614 6329 2257 1641 6330 2191 1575 6331 2230 1614 6332 2191 1575 6333 2257 1641 6334 2231 1615 6335 2233 1617 6336 2258 1642 6337 2259 1643 6338 2258 1642 6339 2233 1617 6340 2232 1616 6341 2234 1618 6342 2259 1643 6343 2260 1644 6344 2259 1643 6345 2234 1618 6346 2233 1617 6347 2235 1619 6348 2260 1644 6349 2261 1645 6350 2260 1644 6351 2235 1619 6352 2234 1618 6353 2218 1602 6354 2261 1645 6355 2244 1628 6356 2261 1645 6357 2218 1602 6358 2235 1619 6359 2262 1646 6360 2231 1615 6361 2257 1641 6362 2231 1615 6363 2262 1646 6364 2236 1620 6365 2263 1647 6366 2236 1620 6367 2262 1646 6368 2236 1620 6369 2263 1647 6370 2237 1621 6371 2237 1621 6372 2264 1648 6373 2238 1622 6374 2264 1648 6375 2237 1621 6376 2263 1647 6377 2238 1622 6378 2265 1649 6379 2239 1623 6380 2265 1649 6381 2238 1622 6382 2264 1648 6383 2239 1623 6384 2266 1650 6385 2240 1624 6386 2266 1650 6387 2239 1623 6388 2265 1649 6389 2240 1624 6390 2267 1651 6391 2241 1625 6392 2267 1651 6393 2240 1624 6394 2266 1650 6395 2241 1625 6396 2268 1652 6397 2242 1626 6398 2268 1652 6399 2241 1625 6400 2267 1651 6401 2242 1626 6402 2269 1653 6403 2243 1627 6404 2269 1653 6405 2242 1626 6406 2268 1652 6407 2232 1616 6408 2269 1653 6409 2258 1642 6410 2269 1653 6411 2232 1616 6412 2243 1627 6413 2219 1603 6414 2270 1654 6415 2245 1629 6416 2270 1654 6417 2219 1603 6418 2244 1628 6419 2220 1604 6420 2271 1655 6421 2246 1630 6422 2271 1655 6423 2220 1604 6424 2245 1629 6425 2248 1632 6426 2272 1656 6427 2273 1657 6428 2272 1656 6429 2248 1632 6430 2247 1631 6431 2272 1656 6432 2247 1631 6433 2246 1630 6434 2246 1630 6435 2247 1631 6436 2221 1605 6437 2249 1633 6438 2248 1632 6439 2274 1658 6440 2248 1632 6441 2249 1633 6442 2222 1606 6443 2224 1608 6444 2275 1659 6445 2250 1634 6446 2275 1659 6447 2224 1608 6448 2249 1633 6449 2276 1660 6450 2277 1661 6451 2278 1662 6452 2277 1661 6453 2276 1660 6454 2279 1663 6455 2280 1664 6456 2281 1664 6457 2282 1664 6458 2281 1665 6459 2280 1665 6460 2283 1665 6461 2281 1666 6462 2283 1666 6463 2284 1666 6464 2284 1667 6465 2283 1667 6466 2285 1667 6467 2284 1668 6468 2285 1668 6469 2286 1668 6470 2286 1669 6471 2285 1669 6472 2287 1669 6473 2286 1670 6474 2287 1670 6475 2288 1670 6476 2288 1671 6477 2287 1671 6478 2289 1671 6479 2289 1672 6480 2287 1672 6481 2290 1672 6482 2289 1673 6483 2290 1673 6484 2291 1673 6485 2289 1674 6486 2291 1674 6487 2292 1674 6488 2292 1675 6489 2291 1675 6490 2293 1675 6491 2292 1676 6492 2293 1676 6493 2294 1676 6494 2294 1677 6495 2293 1677 6496 2295 1677 6497 2294 1671 6498 2295 1671 6499 2296 1671 6500 2296 1678 6501 2295 1678 6502 2297 1678 6503 2297 1679 6504 2295 1679 6505 2298 1679 6506 2297 1680 6507 2298 1680 6508 2299 1680 6509 2297 1681 6510 2299 1681 6511 2300 1681 6512 2300 1682 6513 2299 1682 6514 2301 1682 6515 2300 1683 6516 2301 1683 6517 2302 1683 6518 2302 1684 6519 2301 1684 6520 2303 1684 6521 2252 1636 6522 2251 1635 6523 2304 1685 6524 2251 1635 6525 2252 1636 6526 2225 1609 6527 2305 1686 6528 2227 1611 6529 2252 1636 6530 2227 1611 6531 2305 1686 6532 2253 1637 6533 2306 1687 6534 2254 1638 6535 2253 1637 6536 2254 1638 6537 2306 1687 6538 2307 1688 6539 2254 1638 6540 2307 1688 6541 2228 1612 6542 2228 1612 6543 2307 1688 6544 2255 1639 6545 2308 1689 6546 2229 1613 6547 2255 1639 6548 2229 1613 6549 2308 1689 6550 2256 1640 6551 2309 1690 6552 2230 1614 6553 2256 1640 6554 2230 1614 6555 2309 1690 6556 2257 1641 6557 2259 1643 6558 2310 1691 6559 2311 1692 6560 2310 1691 6561 2259 1643 6562 2258 1642 6563 2260 1644 6564 2311 1692 6565 2312 1693 6566 2311 1692 6567 2260 1644 6568 2259 1643 6569 2261 1645 6570 2312 1693 6571 2313 1694 6572 2312 1693 6573 2261 1645 6574 2260 1644 6575 2244 1628 6576 2313 1694 6577 2270 1654 6578 2313 1694 6579 2244 1628 6580 2261 1645 6581 2314 1695 6582 2257 1641 6583 2309 1690 6584 2257 1641 6585 2314 1695 6586 2262 1646 6587 2315 1696 6588 2262 1646 6589 2314 1695 6590 2262 1646 6591 2315 1696 6592 2263 1647 6593 2263 1647 6594 2316 1697 6595 2264 1648 6596 2316 1697 6597 2263 1647 6598 2315 1696 6599 2264 1648 6600 2317 1698 6601 2265 1649 6602 2317 1698 6603 2264 1648 6604 2316 1697 6605 2265 1649 6606 2318 1699 6607 2266 1650 6608 2318 1699 6609 2265 1649 6610 2317 1698 6611 2266 1650 6612 2319 1700 6613 2267 1651 6614 2319 1700 6615 2266 1650 6616 2318 1699 6617 2267 1651 6618 2320 1701 6619 2268 1652 6620 2320 1701 6621 2267 1651 6622 2319 1700 6623 2268 1652 6624 2321 1702 6625 2269 1653 6626 2321 1702 6627 2268 1652 6628 2320 1701 6629 2258 1642 6630 2321 1702 6631 2310 1691 6632 2321 1702 6633 2258 1642 6634 2269 1653 6635 2245 1629 6636 2322 1703 6637 2271 1655 6638 2322 1703 6639 2245 1629 6640 2270 1654 6641 2273 1657 6642 2323 1704 6643 2324 1705 6644 2323 1704 6645 2273 1657 6646 2272 1656 6647 2323 1704 6648 2272 1656 6649 2271 1655 6650 2271 1655 6651 2272 1656 6652 2246 1630 6653 2274 1658 6654 2273 1657 6655 2325 1706 6656 2273 1657 6657 2274 1658 6658 2248 1632 6659 2275 1659 6660 2274 1658 6661 2326 1707 6662 2274 1658 6663 2275 1659 6664 2249 1633 6665 2279 1663 6666 2327 1708 6667 2277 1661 6668 2327 1708 6669 2279 1663 6670 2328 1709 6671 2329 1710 6672 2278 1662 6673 2330 1711 6674 2278 1662 6675 2329 1710 6676 2276 1660 6677 2331 1664 6678 2332 1664 6679 2333 1664 6680 2332 1712 6681 2331 1712 6682 2334 1712 6683 2332 1713 6684 2334 1713 6685 2335 1713 6686 2335 1714 6687 2334 1714 6688 2336 1714 6689 2336 1715 6690 2334 1715 6691 2337 1715 6692 2337 1716 6693 2334 1716 6694 2338 1716 6695 2337 1717 6696 2338 1717 6697 2339 1717 6698 2339 1718 6699 2338 1718 6700 2340 1718 6701 2339 1719 6702 2340 1719 6703 2341 1719 6704 2341 1720 6705 2340 1720 6706 2342 1720 6707 2341 1721 6708 2342 1721 6709 2343 1721 6710 2343 1722 6711 2342 1722 6712 2344 1722 6713 2343 1723 6714 2344 1723 6715 2345 1723 6716 2345 1724 6717 2344 1724 6718 2346 1724 6719 2346 1725 6720 2344 1725 6721 2347 1725 6722 2346 1726 6723 2347 1726 6724 2348 1726 6725 2348 1727 6726 2347 1727 6727 2349 1727 6728 2348 1728 6729 2349 1728 6730 2350 1728 6731 2350 1729 6732 2349 1729 6733 2351 1729 6734 2350 1730 6735 2351 1730 6736 2352 1730 6737 2352 1731 6738 2351 1731 6739 2353 1731 6740 2352 1732 6741 2353 1732 6742 2354 1732 6743 2354 1733 6744 2353 1733 6745 2355 1733 6746 2354 1734 6747 2355 1734 6748 2356 1734 6749 2335 1735 6750 2357 1735 6751 2332 1735 6752 2357 1736 6753 2335 1736 6754 2358 1736 6755 2357 1737 6756 2358 1737 6757 2359 1737 6758 2357 1738 6759 2359 1738 6760 2360 1738 6761 2360 1739 6762 2359 1739 6763 2361 1739 6764 2360 1740 6765 2361 1740 6766 2362 1740 6767 2362 1741 6768 2361 1741 6769 2363 1741 6770 2362 1742 6771 2363 1742 6772 2364 1742 6773 2364 1743 6774 2363 1743 6775 2365 1743 6776 2364 1744 6777 2365 1744 6778 2366 1744 6779 2366 1745 6780 2365 1745 6781 2367 1745 6782 2366 1746 6783 2367 1746 6784 2368 1746 6785 2368 1747 6786 2367 1747 6787 2369 1747 6788 2368 1748 6789 2369 1748 6790 2370 1748 6791 2368 1749 6792 2370 1749 6793 2371 1749 6794 2371 1750 6795 2370 1750 6796 2372 1750 6797 2371 1751 6798 2372 1751 6799 2373 1751 6800 2373 1752 6801 2372 1752 6802 2374 1752 6803 2373 1753 6804 2374 1753 6805 2375 1753 6806 2375 1754 6807 2374 1754 6808 2376 1754 6809 2375 1755 6810 2376 1755 6811 2377 1755 6812 2377 1756 6813 2376 1756 6814 2356 1756 6815 2377 1757 6816 2356 1757 6817 2355 1757 6818 2377 1758 6819 2355 1758 6820 2378 1758 6821 2379 1759 6822 2380 1760 6823 2381 1761 6824 2380 1760 6825 2379 1759 6826 2382 1762 6827 2380 1760 6828 2383 1763 6829 2384 1764 6830 2383 1763 6831 2380 1760 6832 2382 1762 6833 2384 1764 6834 2385 1765 6835 2386 1766 6836 2385 1765 6837 2384 1764 6838 2383 1763 6839 2386 1766 6840 2387 1767 6841 2388 1768 6842 2387 1767 6843 2386 1766 6844 2385 1765 6845 2387 1767 6846 2389 1769 6847 2388 1768 6848 2389 1769 6849 2387 1767 6850 2390 1770 6851 2390 1770 6852 2391 1771 6853 2389 1769 6854 2391 1771 6855 2390 1770 6856 2392 1772 6857 2392 1772 6858 2393 1773 6859 2391 1771 6860 2393 1773 6861 2392 1772 6862 2394 1774 6863 2393 1773 6864 2395 1775 6865 2396 1776 6866 2395 1775 6867 2393 1773 6868 2394 1774 6869 2396 1776 6870 2397 1777 6871 2398 1778 6872 2397 1777 6873 2396 1776 6874 2395 1775 6875 2398 1778 6876 2399 1779 6877 2400 1780 6878 2399 1779 6879 2398 1778 6880 2397 1777 6881 2400 1780 6882 2401 1781 6883 2402 1782 6884 2401 1781 6885 2400 1780 6886 2399 1779 6887 2402 1782 6888 2305 1686 6889 2403 1783 6890 2305 1686 6891 2402 1782 6892 2401 1781 6893 2403 1783 6894 2252 1636 6895 2304 1685 6896 2252 1636 6897 2403 1783 6898 2305 1686 6899 2326 1707 6900 2325 1706 6901 2404 1784 6902 2325 1706 6903 2326 1707 6904 2274 1658 6905 2404 1784 6906 2405 1785 6907 2406 1786 6908 2405 1785 6909 2404 1784 6910 2325 1706 6911 2405 1785 6912 2407 1787 6913 2406 1786 6914 2407 1787 6915 2405 1785 6916 2408 1788 6917 2408 1788 6918 2409 1789 6919 2407 1787 6920 2409 1789 6921 2408 1788 6922 2410 1790 6923 2410 1790 6924 2411 1791 6925 2409 1789 6926 2411 1791 6927 2410 1790 6928 2412 1792 6929 2412 1792 6930 2413 1793 6931 2411 1791 6932 2413 1793 6933 2412 1792 6934 2414 1794 6935 2414 1794 6936 2381 1761 6937 2413 1793 6938 2381 1761 6939 2414 1794 6940 2379 1759 6941 2401 1781 6942 2253 1637 6943 2305 1686 6944 2253 1637 6945 2401 1781 6946 2306 1687 6947 2415 1795 6948 2307 1688 6949 2306 1687 6950 2307 1688 6951 2415 1795 6952 2416 1796 6953 2307 1688 6954 2416 1796 6955 2255 1639 6956 2255 1639 6957 2416 1796 6958 2308 1689 6959 2417 1797 6960 2256 1640 6961 2308 1689 6962 2256 1640 6963 2417 1797 6964 2309 1690 6965 2311 1692 6966 2418 1798 6967 2419 1799 6968 2418 1798 6969 2311 1692 6970 2310 1691 6971 2312 1693 6972 2419 1799 6973 2420 1800 6974 2419 1799 6975 2312 1693 6976 2311 1692 6977 2313 1694 6978 2420 1800 6979 2421 1801 6980 2420 1800 6981 2313 1694 6982 2312 1693 6983 2270 1654 6984 2421 1801 6985 2322 1703 6986 2421 1801 6987 2270 1654 6988 2313 1694 6989 2422 1802 6990 2309 1690 6991 2417 1797 6992 2309 1690 6993 2422 1802 6994 2314 1695 6995 2423 1803 6996 2314 1695 6997 2422 1802 6998 2314 1695 6999 2423 1803 7000 2315 1696 7001 2424 1804 7002 2315 1696 7003 2423 1803 7004 2315 1696 7005 2424 1804 7006 2316 1697 7007 2316 1697 7008 2425 1805 7009 2317 1698 7010 2425 1805 7011 2316 1697 7012 2424 1804 7013 2317 1698 7014 2426 1806 7015 2318 1699 7016 2426 1806 7017 2317 1698 7018 2425 1805 7019 2318 1699 7020 2427 1807 7021 2319 1700 7022 2427 1807 7023 2318 1699 7024 2426 1806 7025 2319 1700 7026 2428 1808 7027 2320 1701 7028 2428 1808 7029 2319 1700 7030 2427 1807 7031 2321 1702 7032 2428 1808 7033 2429 1809 7034 2428 1808 7035 2321 1702 7036 2320 1701 7037 2310 1691 7038 2429 1809 7039 2418 1798 7040 2429 1809 7041 2310 1691 7042 2321 1702 7043 2323 1704 7044 2430 1810 7045 2324 1705 7046 2430 1810 7047 2323 1704 7048 2431 1811 7049 2431 1811 7050 2323 1704 7051 2271 1655 7052 2431 1811 7053 2271 1655 7054 2322 1703 7055 2325 1706 7056 2324 1705 7057 2405 1785 7058 2324 1705 7059 2325 1706 7060 2273 1657 7061 2327 1708 7062 2432 1812 7063 2433 1813 7064 2432 1812 7065 2327 1708 7066 2328 1709 7067 2434 1814 7068 2329 1710 7069 2330 1711 7070 2329 1710 7071 2434 1814 7072 2435 1815 7073 2436 1816 7074 2437 1817 7075 2438 1818 7076 2437 1817 7077 2436 1816 7078 2439 1819 7079 2437 1817 7080 2440 1820 7081 2441 1821 7082 2440 1820 7083 2437 1817 7084 2439 1819 7085 2441 1821 7086 2442 1822 7087 2443 1823 7088 2442 1822 7089 2441 1821 7090 2440 1820 7091 2443 1823 7092 2444 1824 7093 2445 1825 7094 2444 1824 7095 2443 1823 7096 2442 1822 7097 2444 1824 7098 2446 1826 7099 2445 1825 7100 2446 1826 7101 2444 1824 7102 2447 1827 7103 2447 1827 7104 2448 1828 7105 2446 1826 7106 2448 1828 7107 2447 1827 7108 2449 1829 7109 2449 1829 7110 2450 1830 7111 2448 1828 7112 2450 1830 7113 2449 1829 7114 2451 1831 7115 2450 1830 7116 2452 1832 7117 2453 1833 7118 2452 1832 7119 2450 1830 7120 2451 1831 7121 2453 1833 7122 2454 1834 7123 2455 1835 7124 2454 1834 7125 2453 1833 7126 2452 1832 7127 2455 1835 7128 2456 1836 7129 2457 1837 7130 2456 1836 7131 2455 1835 7132 2454 1834 7133 2457 1837 7134 2458 1838 7135 2459 1839 7136 2458 1838 7137 2457 1837 7138 2456 1836 7139 2459 1839 7140 2435 1815 7141 2434 1814 7142 2435 1815 7143 2459 1839 7144 2458 1838 7145 2433 1813 7146 2460 1840 7147 2461 1841 7148 2460 1840 7149 2433 1813 7150 2432 1812 7151 2461 1841 7152 2462 1842 7153 2463 1843 7154 2462 1842 7155 2461 1841 7156 2460 1840 7157 2462 1842 7158 2464 1844 7159 2463 1843 7160 2464 1844 7161 2462 1842 7162 2465 1845 7163 2465 1845 7164 2466 1846 7165 2464 1844 7166 2466 1846 7167 2465 1845 7168 2467 1847 7169 2467 1847 7170 2468 1848 7171 2466 1846 7172 2468 1848 7173 2467 1847 7174 2469 1849 7175 2469 1849 7176 2470 1850 7177 2468 1848 7178 2470 1850 7179 2469 1849 7180 2471 1851 7181 2471 1851 7182 2438 1818 7183 2470 1850 7184 2438 1818 7185 2471 1851 7186 2436 1816 7187 2472 1852 7188 2382 1762 7189 2379 1759 7190 2382 1762 7191 2472 1852 7192 2473 1853 7193 2382 1762 7194 2474 1854 7195 2383 1763 7196 2474 1854 7197 2382 1762 7198 2473 1853 7199 2383 1763 7200 2475 1855 7201 2385 1765 7202 2475 1855 7203 2383 1763 7204 2474 1854 7205 2385 1765 7206 2476 1856 7207 2387 1767 7208 2476 1856 7209 2385 1765 7210 2475 1855 7211 2476 1856 7212 2390 1770 7213 2387 1767 7214 2390 1770 7215 2476 1856 7216 2477 1857 7217 2477 1857 7218 2392 1772 7219 2390 1770 7220 2392 1772 7221 2477 1857 7222 2478 1858 7223 2478 1858 7224 2394 1774 7225 2392 1772 7226 2394 1774 7227 2478 1858 7228 2479 1859 7229 2394 1774 7230 2480 1860 7231 2395 1775 7232 2480 1860 7233 2394 1774 7234 2479 1859 7235 2395 1775 7236 2481 1861 7237 2397 1777 7238 2481 1861 7239 2395 1775 7240 2480 1860 7241 2397 1777 7242 2415 1795 7243 2399 1779 7244 2415 1795 7245 2397 1777 7246 2481 1861 7247 2399 1779 7248 2306 1687 7249 2401 1781 7250 2306 1687 7251 2399 1779 7252 2415 1795 7253 2324 1705 7254 2408 1788 7255 2405 1785 7256 2408 1788 7257 2324 1705 7258 2430 1810 7259 2430 1810 7260 2410 1790 7261 2408 1788 7262 2410 1790 7263 2430 1810 7264 2482 1862 7265 2482 1862 7266 2412 1792 7267 2410 1790 7268 2412 1792 7269 2482 1862 7270 2483 1863 7271 2483 1863 7272 2414 1794 7273 2412 1792 7274 2414 1794 7275 2483 1863 7276 2484 1864 7277 2484 1864 7278 2379 1759 7279 2414 1794 7280 2379 1759 7281 2484 1864 7282 2472 1852 7283 2481 1861 7284 2416 1796 7285 2415 1795 7286 2416 1796 7287 2481 1861 7288 2485 1865 7289 2416 1796 7290 2485 1865 7291 2308 1689 7292 2308 1689 7293 2485 1865 7294 2417 1797 7295 2486 1866 7296 2472 1852 7297 2484 1864 7298 2472 1852 7299 2486 1866 7300 2487 1867 7301 2487 1867 7302 2486 1866 7303 2419 1799 7304 2487 1867 7305 2419 1799 7306 2418 1798 7307 2488 1868 7308 2484 1864 7309 2483 1863 7310 2484 1864 7311 2488 1868 7312 2486 1866 7313 2486 1866 7314 2488 1868 7315 2420 1800 7316 2486 1866 7317 2420 1800 7318 2419 1799 7319 2489 1869 7320 2483 1863 7321 2482 1862 7322 2483 1863 7323 2489 1869 7324 2488 1868 7325 2488 1868 7326 2489 1869 7327 2421 1801 7328 2488 1868 7329 2421 1801 7330 2420 1800 7331 2431 1811 7332 2482 1862 7333 2430 1810 7334 2482 1862 7335 2431 1811 7336 2489 1869 7337 2489 1869 7338 2431 1811 7339 2322 1703 7340 2489 1869 7341 2322 1703 7342 2421 1801 7343 2480 1860 7344 2485 1865 7345 2481 1861 7346 2485 1865 7347 2480 1860 7348 2490 1870 7349 2485 1865 7350 2490 1870 7351 2417 1797 7352 2417 1797 7353 2490 1870 7354 2422 1802 7355 2479 1859 7356 2490 1870 7357 2480 1860 7358 2490 1870 7359 2479 1859 7360 2491 1871 7361 2490 1870 7362 2491 1871 7363 2422 1802 7364 2422 1802 7365 2491 1871 7366 2423 1803 7367 2492 1872 7368 2479 1859 7369 2478 1858 7370 2479 1859 7371 2492 1872 7372 2491 1871 7373 2491 1871 7374 2492 1872 7375 2424 1804 7376 2491 1871 7377 2424 1804 7378 2423 1803 7379 2493 1873 7380 2478 1858 7381 2477 1857 7382 2478 1858 7383 2493 1873 7384 2492 1872 7385 2492 1872 7386 2493 1873 7387 2425 1805 7388 2492 1872 7389 2425 1805 7390 2424 1804 7391 2474 1854 7392 2494 1874 7393 2475 1855 7394 2494 1874 7395 2474 1854 7396 2495 1875 7397 2494 1874 7398 2495 1875 7399 2427 1807 7400 2427 1807 7401 2495 1875 7402 2428 1808 7403 2473 1853 7404 2495 1875 7405 2474 1854 7406 2495 1875 7407 2473 1853 7408 2496 1876 7409 2495 1875 7410 2496 1876 7411 2428 1808 7412 2428 1808 7413 2496 1876 7414 2429 1809 7415 2487 1867 7416 2473 1853 7417 2472 1852 7418 2473 1853 7419 2487 1867 7420 2496 1876 7421 2496 1876 7422 2487 1867 7423 2418 1798 7424 2496 1876 7425 2418 1798 7426 2429 1809 7427 2475 1855 7428 2497 1877 7429 2476 1856 7430 2497 1877 7431 2475 1855 7432 2494 1874 7433 2497 1877 7434 2477 1857 7435 2476 1856 7436 2477 1857 7437 2497 1877 7438 2493 1873 7439 2498 1878 7440 2499 1879 7441 2500 1880 7442 2499 1879 7443 2498 1878 7444 2501 1881 7445 2502 1882 7446 2500 1880 7447 2503 1883 7448 2500 1880 7449 2502 1882 7450 2498 1878 7451 2504 1884 7452 2505 1884 7453 2506 1884 7454 2505 1885 7455 2504 1885 7456 2507 1885 7457 2507 1886 7458 2504 1886 7459 2508 1886 7460 2507 159 7461 2508 159 7462 2509 159 7463 2509 1887 7464 2508 1887 7465 2510 1887 7466 2509 159 7467 2510 159 7468 2511 159 7469 2511 1888 7470 2510 1888 7471 2512 1888 7472 2511 1889 7473 2512 1889 7474 2513 1889 7475 2513 1890 7476 2512 1890 7477 2514 1890 7478 2513 159 7479 2514 159 7480 2515 159 7481 2515 1891 7482 2514 1891 7483 2516 1891 7484 2515 159 7485 2516 159 7486 2517 159 7487 2517 1892 7488 2516 1892 7489 2518 1892 7490 2517 159 7491 2518 159 7492 2519 159 7493 2519 1893 7494 2518 1893 7495 2520 1893 7496 2519 159 7497 2520 159 7498 2521 159 7499 2521 1894 7500 2520 1894 7501 2522 1894 7502 2521 1895 7503 2522 1895 7504 2523 1895 7505 2523 1896 7506 2522 1896 7507 2524 1896 7508 2523 159 7509 2524 159 7510 2525 159 7511 2525 1897 7512 2524 1897 7513 2526 1897 7514 2525 1898 7515 2526 1898 7516 2527 1898 7517 2527 1899 7518 2526 1899 7519 2528 1899 7520 2527 1900 7521 2528 1900 7522 2529 1900 7523 2501 1881 7524 2530 1901 7525 2499 1879 7526 2530 1901 7527 2501 1881 7528 2531 1902 7529 2532 1903 7530 2503 1883 7531 2533 1904 7532 2503 1883 7533 2532 1903 7534 2502 1882 7535 2534 1905 7536 2535 1906 7537 2536 1907 7538 2535 1906 7539 2534 1905 7540 2537 1908 7541 2538 1909 7542 2536 1907 7543 2539 1910 7544 2536 1907 7545 2538 1909 7546 2534 1905 7547 2540 1911 7548 2539 1910 7549 2541 1912 7550 2539 1910 7551 2540 1911 7552 2538 1909 7553 2542 1913 7554 2541 1912 7555 2543 1914 7556 2541 1912 7557 2542 1913 7558 2540 1911 7559 2544 1915 7560 2542 1913 7561 2543 1914 7562 2542 1913 7563 2544 1915 7564 2545 1916 7565 2546 1917 7566 2545 1916 7567 2544 1915 7568 2545 1916 7569 2546 1917 7570 2547 1918 7571 2548 1919 7572 2547 1918 7573 2546 1917 7574 2547 1918 7575 2548 1919 7576 2549 1920 7577 2550 12 7578 2551 12 7579 2552 12 7580 2551 12 7581 2550 12 7582 2553 12 7583 2554 1921 7584 2555 1922 7585 2556 1923 7586 2555 1922 7587 2554 1921 7588 2557 1924 7589 2558 1925 7590 2557 1924 7591 2554 1921 7592 2557 1924 7593 2558 1925 7594 2559 1926 7595 2560 1927 7596 2559 1926 7597 2558 1925 7598 2559 1926 7599 2560 1927 7600 2561 1928 7601 2531 1902 7602 2560 1927 7603 2530 1901 7604 2560 1927 7605 2531 1902 7606 2561 1928 7607 2562 1929 7608 2533 1904 7609 2563 1930 7610 2533 1904 7611 2562 1929 7612 2532 1903 7613 2562 1929 7614 2564 1931 7615 2565 1932 7616 2564 1931 7617 2562 1929 7618 2563 1930 7619 2565 1932 7620 2566 1933 7621 2567 1934 7622 2566 1933 7623 2565 1932 7624 2564 1931 7625 2567 1934 7626 2568 1935 7627 2569 1936 7628 2568 1935 7629 2567 1934 7630 2566 1933 7631 2570 9 7632 2571 9 7633 2572 9 7634 2571 9 7635 2570 9 7636 2573 9 7637 2574 1937 7638 2575 1938 7639 2576 1939 7640 2575 1938 7641 2574 1937 7642 2577 1940 7643 2576 1939 7644 2578 1941 7645 2579 1942 7646 2578 1941 7647 2576 1939 7648 2575 1938 7649 2579 1942 7650 2580 1943 7651 2581 1944 7652 2580 1943 7653 2579 1942 7654 2578 1941 7655 2582 1945 7656 2580 1943 7657 2583 1946 7658 2580 1943 7659 2582 1945 7660 2581 1944 7661 2537 1908 7662 2583 1946 7663 2535 1906 7664 2583 1946 7665 2537 1908 7666 2582 1945 7667 2584 159 7668 2585 159 7669 2586 159 7670 2585 159 7671 2584 159 7672 2587 159 7673 2587 1947 7674 2584 1947 7675 2588 1947 7676 2588 159 7677 2584 159 7678 2589 159 7679 2586 1948 7680 2585 1949 7681 2590 1950 7682 2586 1951 7683 2590 1951 7684 2591 1951 7685 2586 1952 7686 2591 1952 7687 2592 1952 7688 2586 1953 7689 2592 1953 7690 2593 1953 7691 2586 159 7692 2593 159 7693 2594 159 7694 2586 1954 7695 2594 1954 7696 2595 1954 7697 2586 159 7698 2595 159 7699 2596 159 7700 2596 1955 7701 2595 1955 7702 2597 1955 7703 2596 1956 7704 2597 1956 7705 2598 1956 7706 2596 1957 7707 2598 1957 7708 2599 1957 7709 2596 1958 7710 2599 1958 7711 2600 1958 7712 2596 1959 7713 2600 1959 7714 2601 1959 7715 2596 1960 7716 2601 1960 7717 2602 1960 7718 2596 159 7719 2602 159 7720 2603 159 7721 2596 159 7722 2603 159 7723 2604 159 7724 2604 1961 7725 2603 1961 7726 2605 1961 7727 2604 1962 7728 2605 1962 7729 2606 1962 7730 2604 1963 7731 2606 1963 7732 2607 1963 7733 2604 159 7734 2607 159 7735 2608 159 7736 2604 1964 7737 2608 1964 7738 2609 1964 7739 2609 159 7740 2608 159 7741 2610 159 7742 2611 159 7743 2593 159 7744 2592 159 7745 2593 159 7746 2611 159 7747 2612 159 7748 2612 159 7749 2611 159 7750 2613 159 7751 2612 1965 7752 2613 1965 7753 2614 1965 7754 2612 1966 7755 2614 1966 7756 2615 1966 7757 2612 159 7758 2615 159 7759 2608 159 7760 2616 159 7761 2617 159 7762 2618 159 7763 2617 159 7764 2616 159 7765 2619 159 7766 2618 159 7767 2617 159 7768 2620 159 7769 2621 159 7770 2622 159 7771 2623 159 7772 2622 159 7773 2621 159 7774 2624 159 7775 2622 159 7776 2624 159 7777 2584 159 7778 2584 159 7779 2624 159 7780 2625 159 7781 2625 1967 7782 2624 1967 7783 2626 1967 7784 2626 159 7785 2624 159 7786 2627 159 7787 2627 159 7788 2624 159 7789 2628 159 7790 2584 1968 7791 2625 1969 7792 2589 1970 7793 2627 1971 7794 2628 1972 7795 2629 1973 7796 2629 159 7797 2628 159 7798 2630 159 7799 2630 1974 7800 2628 1974 7801 2631 1974 7802 2631 1975 7803 2628 1975 7804 2632 1975 7805 2632 159 7806 2628 159 7807 2633 159 7808 2633 1976 7809 2628 1976 7810 2634 1976 7811 2634 159 7812 2628 159 7813 2635 159 7814 2634 159 7815 2635 159 7816 2636 159 7817 2636 1977 7818 2635 1977 7819 2637 1977 7820 2637 159 7821 2635 159 7822 2638 159 7823 2638 159 7824 2635 159 7825 2639 159 7826 2639 159 7827 2635 159 7828 2640 159 7829 2640 1978 7830 2635 1978 7831 2641 1978 7832 2641 159 7833 2635 159 7834 2642 159 7835 2642 1979 7836 2635 1979 7837 2643 1979 7838 2642 159 7839 2643 159 7840 2644 159 7841 2644 159 7842 2643 159 7843 2645 159 7844 2645 1980 7845 2643 1980 7846 2646 1980 7847 2646 159 7848 2643 159 7849 2615 159 7850 2615 1981 7851 2643 1981 7852 2647 1981 7853 2615 159 7854 2647 159 7855 2648 159 7856 2615 159 7857 2648 159 7858 2608 159 7859 2608 159 7860 2648 159 7861 2610 159 7862 2610 159 7863 2648 159 7864 2649 159 7865 2649 159 7866 2648 159 7867 2650 159 7868 2649 159 7869 2650 159 7870 2651 159 7871 2651 159 7872 2650 159 7873 2652 159 7874 2651 159 7875 2652 159 7876 2653 159 7877 2653 1982 7878 2652 1982 7879 2654 1982 7880 2653 1983 7881 2654 1983 7882 2655 1983 7883 2653 159 7884 2655 159 7885 2656 159 7886 2656 1984 7887 2655 1984 7888 2657 1984 7889 2657 1985 7890 2655 1985 7891 2658 1985 7892 2658 159 7893 2655 159 7894 2659 159 7895 2659 1986 7896 2655 1986 7897 2660 1986 7898 2659 1987 7899 2660 1987 7900 2661 1987 7901 2661 159 7902 2660 159 7903 2662 159 7904 2662 159 7905 2660 159 7906 2663 159 7907 2663 1988 7908 2660 1988 7909 2664 1988 7910 2664 159 7911 2660 159 7912 2665 159 7913 2665 159 7914 2660 159 7915 2666 159 7916 2666 159 7917 2660 159 7918 2667 159 7919 2667 1989 7920 2660 1989 7921 2668 1989 7922 2667 159 7923 2668 159 7924 2669 159 7925 2669 159 7926 2668 159 7927 2670 159 7928 2670 159 7929 2668 159 7930 2671 159 7931 2671 159 7932 2668 159 7933 2672 159 7934 2672 159 7935 2668 159 7936 2673 159 7937 2673 159 7938 2668 159 7939 2674 159 7940 2674 1990 7941 2668 1990 7942 2675 1990 7943 2675 159 7944 2668 159 7945 2676 159 7946 2649 159 7947 2677 159 7948 2678 159 7949 2677 159 7950 2649 159 7951 2651 159 7952 2678 159 7953 2677 159 7954 2679 159 7955 2678 1991 7956 2679 1991 7957 2680 1991 7958 2680 159 7959 2679 159 7960 2681 159 7961 2681 1992 7962 2679 1992 7963 2682 1992 7964 2681 1993 7965 2682 1993 7966 2683 1993 7967 2681 1994 7968 2683 1994 7969 2684 1994 7970 2681 159 7971 2684 159 7972 2685 159 7973 2681 1995 7974 2685 1995 7975 2686 1995 7976 2686 1996 7977 2685 1996 7978 2687 1996 7979 2686 1997 7980 2687 1997 7981 2688 1997 7982 2686 1998 7983 2688 1998 7984 2689 1998 7985 2686 1999 7986 2689 1999 7987 2690 1999 7988 2686 2000 7989 2690 2000 7990 2691 2000 7991 2686 159 7992 2691 159 7993 2692 159 7994 2686 2001 7995 2692 2001 7996 2693 2001 7997 2686 2002 7998 2693 2002 7999 2694 2002 8000 2694 159 8001 2693 159 8002 2618 159 8003 2694 2003 8004 2618 2003 8005 2620 2003 8006 2694 2004 8007 2620 2004 8008 2695 2004 8009 2694 2005 8010 2695 2005 8011 2696 2005 8012 2694 2006 8013 2696 2006 8014 2697 2006 8015 2694 159 8016 2697 159 8017 2698 159 8018 2694 2007 8019 2698 2007 8020 2699 2007 8021 2694 2008 8022 2699 2008 8023 2676 2008 8024 2694 159 8025 2676 159 8026 2668 159 8027 2694 2009 8028 2668 2009 8029 2700 2009 8030 2694 159 8031 2700 159 8032 2701 159 8033 2701 159 8034 2700 159 8035 2702 159 8036 2703 159 8037 2677 159 8038 2651 159 8039 2677 2010 8040 2703 2010 8041 2616 2010 8042 2616 2011 8043 2703 2011 8044 2619 2011 8045 2619 2012 8046 2703 2012 8047 2669 2012 8048 2619 159 8049 2669 159 8050 2670 159 8051 2704 2013 8052 2647 2013 8053 2643 2013 8054 2647 159 8055 2704 159 8056 2705 159 8057 2705 2014 8058 2704 2014 8059 2706 2014 8060 2706 2015 8061 2704 2015 8062 2707 2015 8063 2707 2016 8064 2704 2016 8065 2708 2016 8066 2708 159 8067 2704 159 8068 2709 159 8069 2709 159 8070 2704 159 8071 2710 159 8072 2710 2017 8073 2704 2017 8074 2654 2017 8075 2710 159 8076 2654 159 8077 2711 159 8078 2711 159 8079 2654 159 8080 2712 159 8081 2712 159 8082 2654 159 8083 2713 159 8084 2713 159 8085 2654 159 8086 2714 159 8087 2714 159 8088 2654 159 8089 2715 159 8090 2715 159 8091 2654 159 8092 2652 159 8093 2609 2018 8094 2716 2018 8095 2604 2018 8096 2716 2019 8097 2609 2019 8098 2717 2019 8099 2716 2020 8100 2717 2020 8101 2718 2020 8102 2716 2021 8103 2718 2021 8104 2719 2021 8105 2716 2022 8106 2719 2022 8107 2720 2022 8108 2716 2023 8109 2720 2023 8110 2721 2023 8111 2716 2024 8112 2721 2024 8113 2722 2024 8114 2716 2025 8115 2722 2025 8116 2680 2025 8117 2680 2026 8118 2722 2026 8119 2723 2026 8120 2680 2027 8121 2723 2027 8122 2724 2027 8123 2680 2028 8124 2724 2028 8125 2725 2028 8126 2680 2029 8127 2725 2029 8128 2726 2029 8129 2680 2030 8130 2726 2030 8131 2727 2030 8132 2680 2031 8133 2727 2031 8134 2678 2031 8135 2632 159 8136 2613 159 8137 2631 159 8138 2613 2032 8139 2632 2032 8140 2614 2032 8141 2728 1340 8142 2729 1340 8143 2730 1340 8144 2731 1340 8145 2730 1340 8146 2729 1340 8147 2732 2033 8148 2733 2033 8149 2734 2033 8150 2733 1340 8151 2735 1340 8152 2734 1340 8153 2735 2034 8154 2736 2034 8155 2734 2034 8156 2736 2035 8157 2737 2035 8158 2734 2035 8159 2737 1340 8160 2738 1340 8161 2734 1340 8162 2738 1340 8163 2739 1340 8164 2734 1340 8165 2734 1340 8166 2739 1340 8167 2740 1340 8168 2739 1340 8169 2741 1340 8170 2740 1340 8171 2741 1340 8172 2742 1340 8173 2740 1340 8174 2742 1340 8175 2743 1340 8176 2740 1340 8177 2743 1340 8178 2744 1340 8179 2740 1340 8180 2744 2036 8181 2745 2036 8182 2740 2036 8183 2745 2037 8184 2746 2037 8185 2740 2037 8186 2747 1340 8187 2740 1340 8188 2746 1340 8189 2748 1340 8190 2749 1340 8191 2750 1340 8192 2750 1340 8193 2749 1340 8194 2751 1340 8195 2751 1340 8196 2749 1340 8197 2752 1340 8198 2752 2038 8199 2749 2038 8200 2753 2038 8201 2753 1340 8202 2749 1340 8203 2754 1340 8204 2754 1340 8205 2749 1340 8206 2755 1340 8207 2749 1340 8208 2756 1340 8209 2755 1340 8210 2755 1340 8211 2756 1340 8212 2757 1340 8213 2757 1340 8214 2756 1340 8215 2758 1340 8216 2758 2039 8217 2756 2039 8218 2759 2039 8219 2759 2040 8220 2756 2040 8221 2760 2040 8222 2760 2041 8223 2756 2041 8224 2761 2041 8225 2761 1340 8226 2756 1340 8227 2762 1340 8228 2763 2042 8229 2762 2042 8230 2756 2042 8231 2764 1340 8232 2765 1340 8233 2766 1340 8234 2765 2043 8235 2767 2043 8236 2766 2043 8237 2766 2044 8238 2767 2044 8239 2768 2044 8240 2768 1340 8241 2767 1340 8242 2769 1340 8243 2770 1340 8244 2769 1340 8245 2767 1340 8246 2771 1340 8247 2772 1340 8248 2773 1340 8249 2773 1340 8250 2772 1340 8251 2774 1340 8252 2772 1340 8253 2775 1340 8254 2774 1340 8255 2775 1340 8256 2776 1340 8257 2774 1340 8258 2776 1340 8259 2777 1340 8260 2774 1340 8261 2777 2045 8262 2778 2045 8263 2774 2045 8264 2778 1340 8265 2779 1340 8266 2774 1340 8267 2779 1340 8268 2780 1340 8269 2774 1340 8270 2780 1340 8271 2781 1340 8272 2774 1340 8273 2781 1340 8274 2782 1340 8275 2774 1340 8276 2782 2046 8277 2783 2046 8278 2774 2046 8279 2783 1340 8280 2784 1340 8281 2774 1340 8282 2774 1340 8283 2784 1340 8284 2785 1340 8285 2784 1340 8286 2786 1340 8287 2785 1340 8288 2786 1340 8289 2787 1340 8290 2785 1340 8291 2787 1340 8292 2788 1340 8293 2785 1340 8294 2788 1340 8295 2789 1340 8296 2785 1340 8297 2789 1340 8298 2790 1340 8299 2785 1340 8300 2790 2047 8301 2791 2047 8302 2785 2047 8303 2791 2048 8304 2792 2048 8305 2785 2048 8306 2785 2049 8307 2792 2049 8308 2793 2049 8309 2792 1340 8310 2794 1340 8311 2793 1340 8312 2794 2050 8313 2795 2050 8314 2793 2050 8315 2795 1340 8316 2796 1340 8317 2793 1340 8318 2796 1340 8319 2797 1340 8320 2793 1340 8321 2793 1340 8322 2797 1340 8323 2734 1340 8324 2734 2051 8325 2797 2051 8326 2732 2051 8327 2797 1340 8328 2769 1340 8329 2732 1340 8330 2770 1340 8331 2798 1340 8332 2769 1340 8333 2732 1340 8334 2769 1340 8335 2798 1340 8336 2776 1340 8337 2775 1340 8338 2799 1340 8339 2799 2052 8340 2775 2052 8341 2800 2052 8342 2800 1340 8343 2775 1340 8344 2801 1340 8345 2801 1340 8346 2775 1340 8347 2802 1340 8348 2802 1340 8349 2775 1340 8350 2803 1340 8351 2803 1340 8352 2775 1340 8353 2764 1340 8354 2764 2051 8355 2775 2051 8356 2765 2051 8357 2765 1340 8358 2775 1340 8359 2804 1340 8360 2775 2053 8361 2805 2053 8362 2804 2053 8363 2804 2054 8364 2805 2054 8365 2806 2054 8366 2806 1340 8367 2805 1340 8368 2807 1340 8369 2807 1340 8370 2805 1340 8371 2808 1340 8372 2808 1340 8373 2805 1340 8374 2809 1340 8375 2809 2055 8376 2805 2055 8377 2810 2055 8378 2810 1340 8379 2805 1340 8380 2811 1340 8381 2811 2056 8382 2805 2056 8383 2812 2056 8384 2805 2057 8385 2813 2057 8386 2812 2057 8387 2812 1340 8388 2813 1340 8389 2814 1340 8390 2814 2058 8391 2813 2058 8392 2815 2058 8393 2815 2059 8394 2813 2059 8395 2816 2059 8396 2816 1340 8397 2813 1340 8398 2817 1340 8399 2813 2060 8400 2749 2060 8401 2817 2060 8402 2749 2061 8403 2748 2061 8404 2817 2061 8405 2817 1340 8406 2748 1340 8407 2770 1340 8408 2748 1340 8409 2818 1340 8410 2770 1340 8411 2770 1340 8412 2818 1340 8413 2798 1340 8414 2818 1340 8415 2819 1340 8416 2798 1340 8417 2798 1340 8418 2819 1340 8419 2820 1340 8420 2820 1340 8421 2819 1340 8422 2821 1340 8423 2821 1340 8424 2819 1340 8425 2822 1340 8426 2819 1340 8427 2762 1340 8428 2822 1340 8429 2762 2062 8430 2763 2062 8431 2822 2062 8432 2822 2063 8433 2763 2063 8434 2823 2063 8435 2823 2064 8436 2763 2064 8437 2824 2064 8438 2824 1340 8439 2763 1340 8440 2825 1340 8441 2825 1340 8442 2763 1340 8443 2826 1340 8444 2763 2065 8445 2827 2065 8446 2826 2065 8447 2826 1340 8448 2827 1340 8449 2828 1340 8450 2828 2066 8451 2827 2066 8452 2829 2066 8453 2829 1340 8454 2827 1340 8455 2830 1340 8456 2830 1340 8457 2827 1340 8458 2831 1340 8459 2831 1340 8460 2827 1340 8461 2832 1340 8462 2832 2067 8463 2827 2067 8464 2833 2067 8465 2833 1340 8466 2827 1340 8467 2834 1340 8468 2827 1340 8469 2835 1340 8470 2834 1340 8471 2834 1340 8472 2835 1340 8473 2836 1340 8474 2836 1340 8475 2835 1340 8476 2729 1340 8477 2729 1340 8478 2835 1340 8479 2731 1340 8480 2731 2068 8481 2835 2068 8482 2837 2068 8483 2837 1340 8484 2835 1340 8485 2838 1340 8486 2838 2069 8487 2835 2070 8488 2839 2071 8489 2840 2072 8490 2841 2073 8491 2842 2074 8492 2835 1340 8493 2843 1340 8494 2839 1340 8495 2839 1340 8496 2843 1340 8497 2844 1340 8498 2844 2075 8499 2843 2075 8500 2841 2075 8501 2841 1340 8502 2843 1340 8503 2842 1340 8504 2842 1340 8505 2843 1340 8506 2845 1340 8507 2843 1340 8508 2846 1340 8509 2845 1340 8510 2847 1340 8511 2845 1340 8512 2846 1340 8513 2782 1340 8514 2848 1340 8515 2783 1340 8516 2766 1340 8517 2768 1340 8518 2848 1340 8519 2783 1340 8520 2848 1340 8521 2768 1340 8522 2821 1340 8523 2822 1340 8524 2849 1340 8525 2822 2076 8526 2728 2076 8527 2849 2076 8528 2728 1340 8529 2730 1340 8530 2849 1340 8531 2730 1340 8532 2850 1340 8533 2849 1340 8534 2849 1340 8535 2850 1340 8536 2851 1340 8537 2852 1340 8538 2851 1340 8539 2850 1340 8540 2820 1340 8541 2821 1340 8542 2746 1340 8543 2746 1340 8544 2821 1340 8545 2747 1340 8546 2821 2077 8547 2853 2077 8548 2747 2077 8549 2853 1340 8550 2854 1340 8551 2747 1340 8552 2854 1340 8553 2855 1340 8554 2747 1340 8555 2855 1340 8556 2856 1340 8557 2747 1340 8558 2747 2078 8559 2856 2078 8560 2857 2078 8561 2856 1340 8562 2858 1340 8563 2857 1340 8564 2858 1340 8565 2859 1340 8566 2857 1340 8567 2859 1340 8568 2860 1340 8569 2857 1340 8570 2860 1340 8571 2861 1340 8572 2857 1340 8573 2861 1340 8574 2862 1340 8575 2857 1340 8576 2862 2079 8577 2863 2079 8578 2857 2079 8579 2863 1340 8580 2864 1340 8581 2857 1340 8582 2857 1340 8583 2864 1340 8584 2865 1340 8585 2864 1340 8586 2866 1340 8587 2865 1340 8588 2866 1340 8589 2851 1340 8590 2865 1340 8591 2851 1340 8592 2852 1340 8593 2865 1340 8594 2852 1340 8595 2867 1340 8596 2865 1340 8597 2867 1340 8598 2868 1340 8599 2865 1340 8600 2868 2080 8601 2869 2081 8602 2865 2082 8603 2840 1340 8604 2842 1340 8605 2870 1340 8606 2870 2075 8607 2842 2075 8608 2871 2075 8609 2871 1340 8610 2842 1340 8611 2869 1340 8612 2865 1340 8613 2869 1340 8614 2842 1340 8615 2872 2083 8616 2873 774 8617 2874 2084 8618 2873 774 8619 2872 2083 8620 2875 2085 8621 2876 2086 8622 2877 2087 8623 2878 2088 8624 2879 2089 8625 2878 2088 8626 2877 2087 8627 2880 2090 8628 2875 2085 8629 2872 2083 8630 2875 2085 8631 2880 2090 8632 2881 2091 8633 2882 2092 8634 2883 2093 8635 2876 2086 8636 2877 2087 8637 2876 2086 8638 2883 2093 8639 2884 2094 8640 2881 2091 8641 2880 2090 8642 2881 2091 8643 2884 2094 8644 2885 2095 8645 2886 2096 8646 2887 2097 8647 2882 2092 8648 2883 2093 8649 2882 2092 8650 2887 2097 8651 2888 2098 8652 2885 2095 8653 2884 2094 8654 2885 2095 8655 2888 2098 8656 2889 2099 8657 2890 2100 8658 2891 2101 8659 2886 2096 8660 2887 2097 8661 2886 2096 8662 2891 2101 8663 2892 2102 8664 2889 2099 8665 2888 2098 8666 2889 2099 8667 2892 2102 8668 2893 2103 8669 2894 2104 8670 2895 2105 8671 2890 2100 8672 2891 2101 8673 2890 2100 8674 2895 2105 8675 2896 2106 8676 2893 2103 8677 2892 2102 8678 2893 2103 8679 2896 2106 8680 2897 2107 8681 2898 2108 8682 2899 2109 8683 2894 2104 8684 2895 2105 8685 2894 2104 8686 2899 2109 8687 2896 2106 8688 2900 2110 8689 2897 2107 8690 2900 2110 8691 2896 2106 8692 2901 2111 8693 2902 2112 8694 2899 2109 8695 2903 2113 8696 2898 2108 8697 2903 2113 8698 2899 2109 8699 2901 2111 8700 2904 2114 8701 2900 2110 8702 2904 2114 8703 2901 2111 8704 2905 2115 8705 2906 2116 8706 2902 2112 8707 2907 2117 8708 2903 2113 8709 2907 2117 8710 2902 2112 8711 2905 2115 8712 2908 2118 8713 2904 2114 8714 2908 2118 8715 2905 2115 8716 2909 2119 8717 2910 2120 8718 2906 2116 8719 2911 2121 8720 2907 2117 8721 2911 2121 8722 2906 2116 8723 2909 2119 8724 2912 2122 8725 2908 2118 8726 2912 2122 8727 2909 2119 8728 2913 2123 8729 2914 2124 8730 2910 2120 8731 2915 2125 8732 2911 2121 8733 2915 2125 8734 2910 2120 8735 2913 2123 8736 2916 2126 8737 2912 2122 8738 2916 2126 8739 2913 2123 8740 2917 2127 8741 2918 2128 8742 2914 2124 8743 2919 2129 8744 2915 2125 8745 2919 2129 8746 2914 2124 8747 2917 2127 8748 2920 2130 8749 2916 2126 8750 2920 2130 8751 2917 2127 8752 2921 2131 8753 2922 2132 8754 2918 2128 8755 2923 2133 8756 2919 2129 8757 2923 2133 8758 2918 2128 8759 2920 2130 8760 2924 2134 8761 2925 2135 8762 2924 2134 8763 2920 2130 8764 2921 2131 8765 2922 2132 8766 2923 2133 8767 2926 2136 8768 2927 1379 8769 2926 2136 8770 2923 2133 8771 2925 2135 8772 2928 2137 8773 2929 2138 8774 2928 2137 8775 2925 2135 8776 2924 2134 8777 2926 2136 8778 2927 1379 8779 2930 2139 8780 2931 2140 8781 2930 2139 8782 2927 1379 8783 2929 2138 8784 2932 2141 8785 2933 2142 8786 2932 2141 8787 2929 2138 8788 2928 2137 8789 2930 2139 8790 2931 2140 8791 2934 2143 8792 2935 2144 8793 2934 2143 8794 2931 2140 8795 2933 2142 8796 2936 2145 8797 2937 2146 8798 2936 2145 8799 2933 2142 8800 2932 2141 8801 2934 2143 8802 2935 2144 8803 2938 2147 8804 2939 2148 8805 2938 2147 8806 2935 2144 8807 2937 2146 8808 2940 2149 8809 2941 2150 8810 2940 2149 8811 2937 2146 8812 2936 2145 8813 2938 2147 8814 2939 2148 8815 2942 2151 8816 2943 2152 8817 2942 2151 8818 2939 2148 8819 2941 2150 8820 2944 2153 8821 2945 2154 8822 2944 2153 8823 2941 2150 8824 2940 2149 8825 2942 2151 8826 2943 2152 8827 2946 2155 8828 2947 2156 8829 2946 2155 8830 2943 2152 8831 2944 2153 8832 2948 2157 8833 2945 2154 8834 2948 2157 8835 2944 2153 8836 2949 2112 8837 2950 2111 8838 2946 2155 8839 2951 2110 8840 2947 2156 8841 2951 2110 8842 2946 2155 8843 2949 2112 8844 2952 2158 8845 2948 2157 8846 2952 2158 8847 2949 2112 8848 2953 2159 8849 2954 2160 8850 2950 2111 8851 2955 2161 8852 2951 2110 8853 2955 2161 8854 2950 2111 8855 2953 2159 8856 2956 2162 8857 2952 2158 8858 2956 2162 8859 2953 2159 8860 2957 2163 8861 2958 2164 8862 2954 2160 8863 2959 2165 8864 2955 2161 8865 2959 2165 8866 2954 2160 8867 2957 2163 8868 2960 2166 8869 2956 2162 8870 2960 2166 8871 2957 2163 8872 2961 2167 8873 2962 2168 8874 2958 2164 8875 2963 2169 8876 2959 2165 8877 2963 2169 8878 2958 2164 8879 2961 2167 8880 2964 2170 8881 2960 2166 8882 2964 2170 8883 2961 2167 8884 2965 2171 8885 2966 2172 8886 2962 2168 8887 2967 2173 8888 2963 2169 8889 2967 2173 8890 2962 2168 8891 2965 2171 8892 2873 774 8893 2964 2170 8894 2873 774 8895 2965 2171 8896 2874 2084 8897 2879 2089 8898 2966 2172 8899 2878 2088 8900 2967 2173 8901 2878 2088 8902 2966 2172 8903 2968 159 8904 2969 159 8905 2970 159 8906 2969 2174 8907 2968 2174 8908 2971 2174 8909 2969 2175 8910 2971 2175 8911 2972 2175 8912 2972 159 8913 2971 159 8914 2973 159 8915 2973 2176 8916 2971 2176 8917 2974 2176 8918 2974 2177 8919 2971 2177 8920 2975 2177 8921 2974 159 8922 2975 159 8923 2976 159 8924 2976 2178 8925 2975 2178 8926 2977 2178 8927 2977 2179 8928 2975 2179 8929 2978 2179 8930 2977 159 8931 2978 159 8932 2979 159 8933 2979 2180 8934 2978 2180 8935 2980 2180 8936 2979 159 8937 2980 159 8938 2981 159 8939 2981 2181 8940 2980 2181 8941 2982 2181 8942 2981 2182 8943 2982 2182 8944 2983 2182 8945 2983 2183 8946 2982 2183 8947 2984 2183 8948 2983 2184 8949 2984 2184 8950 2985 2184 8951 2985 159 8952 2984 159 8953 2986 159 8954 2986 2185 8955 2984 2185 8956 2987 2185 8957 2986 159 8958 2987 159 8959 2988 159 8960 2988 2186 8961 2987 2186 8962 2989 2186 8963 2988 159 8964 2989 159 8965 2990 159 8966 2990 2186 8967 2989 2186 8968 2991 2186 8969 2990 159 8970 2991 159 8971 2992 159 8972 2992 2187 8973 2991 2187 8974 2993 2187 8975 2972 159 8976 2994 159 8977 2995 159 8978 2994 2188 8979 2972 2188 8980 2973 2188 8981 2995 2189 8982 2994 2189 8983 2996 2189 8984 2995 2190 8985 2996 2190 8986 2997 2190 8987 2995 159 8988 2997 159 8989 2998 159 8990 2998 159 8991 2997 159 8992 2999 159 8993 2998 2191 8994 2999 2191 8995 3000 2191 8996 3000 2192 8997 2999 2192 8998 3001 2192 8999 3000 2186 9000 3001 2186 9001 3002 2186 9002 3002 2193 9003 3001 2193 9004 3003 2193 9005 3002 2194 9006 3003 2194 9007 3004 2194 9008 3002 2195 9009 3004 2195 9010 3005 2195 9011 3005 2196 9012 3004 2196 9013 3006 2196 9014 3005 159 9015 3006 159 9016 3007 159 9017 3007 159 9018 3006 159 9019 3008 159 9020 3007 2197 9021 3008 2197 9022 3009 2197 9023 3009 2198 9024 3008 2198 9025 3010 2198 9026 3009 2199 9027 3010 2199 9028 3011 2199 9029 3011 2192 9030 3010 2192 9031 3012 2192 9032 3011 2200 9033 3012 2200 9034 2993 2200 9035 3011 159 9036 2993 159 9037 2991 159 9038 3011 2201 9039 2991 2201 9040 3013 2201 9041 3011 2202 9042 3013 2202 9043 3014 2202 9044 3014 159 9045 3013 159 9046 3015 159 9047 3016 1340 9048 3017 1340 9049 3018 1340 9050 3018 2203 9051 3017 2203 9052 3019 2203 9053 3017 2204 9054 3020 2204 9055 3019 2204 9056 3020 1340 9057 3021 1340 9058 3019 1340 9059 3021 2205 9060 3022 2205 9061 3019 2205 9062 3022 2206 9063 3023 2206 9064 3019 2206 9065 3019 1340 9066 3023 1340 9067 3024 1340 9068 3023 2207 9069 3025 2207 9070 3024 2207 9071 3024 1340 9072 3025 1340 9073 3026 1340 9074 3025 1340 9075 3027 1340 9076 3026 1340 9077 3026 2208 9078 3027 2208 9079 3028 2208 9080 3027 2209 9081 3029 2209 9082 3028 2209 9083 3028 2210 9084 3029 2210 9085 3030 2210 9086 3029 2211 9087 3031 2211 9088 3030 2211 9089 3031 2212 9090 3032 2212 9091 3030 2212 9092 3030 2213 9093 3032 2213 9094 3033 2213 9095 3032 2206 9096 3034 2206 9097 3033 2206 9098 3033 1340 9099 3034 1340 9100 3035 1340 9101 3034 1340 9102 3036 1340 9103 3035 1340 9104 3035 2214 9105 3036 2214 9106 3037 2214 9107 3036 1340 9108 3038 1340 9109 3037 1340 9110 3038 1340 9111 3039 1340 9112 3037 1340 9113 3040 2215 9114 3041 2215 9115 3039 2215 9116 3037 1340 9117 3039 1340 9118 3041 1340 9119 3021 2216 9120 3020 2216 9121 3042 2216 9122 3042 2217 9123 3020 2217 9124 3043 2217 9125 3020 1340 9126 3044 1340 9127 3043 1340 9128 3043 2218 9129 3044 2218 9130 3045 2218 9131 3044 1340 9132 3046 1340 9133 3045 1340 9134 3045 1340 9135 3046 1340 9136 3047 1340 9137 3046 2210 9138 3048 2210 9139 3047 2210 9140 3047 1340 9141 3048 1340 9142 3049 1340 9143 3049 2219 9144 3048 2219 9145 3050 2219 9146 3048 1340 9147 3051 1340 9148 3050 1340 9149 3050 2217 9150 3051 2217 9151 3052 2217 9152 3051 1340 9153 3053 1340 9154 3052 1340 9155 3052 1340 9156 3053 1340 9157 3054 1340 9158 3053 1340 9159 3055 1340 9160 3054 1340 9161 3054 1340 9162 3055 1340 9163 3056 1340 9164 3055 2220 9165 3057 2220 9166 3056 2220 9167 3056 1340 9168 3057 1340 9169 3058 1340 9170 3058 1340 9171 3057 1340 9172 3059 1340 9173 3057 1340 9174 3060 1340 9175 3059 1340 9176 3059 2221 9177 3060 2221 9178 3040 2221 9179 3040 1340 9180 3060 1340 9181 3041 1340 9182 3041 2222 9183 3060 2222 9184 3061 2222 9185 3060 2223 9186 3062 2223 9187 3061 2223 9188 3063 1340 9189 3061 1340 9190 3062 1340 9191</p>
        </triangles>
      </mesh>
    </geometry>
  </library_geometries>
  <library_visual_scenes>
    <visual_scene id="Scene" name="Scene">
      <node id="group_22_005" name="group_22.005" type="NODE">
        <matrix sid="transform">7.84791e-9 -0.025 0 -0.3130545 0 0 -0.025 -1.027455 0.025 7.84791e-9 0 -0.1773807 0 0 0 1</matrix>
        <instance_geometry url="#ID2786_003-mesh" name="group_22.005">
          <bind_material>
            <technique_common>
              <instance_material symbol="Material_001-material" target="#Material_001-material">
                <bind_vertex_input semantic="UVMap" input_semantic="TEXCOORD" input_set="0"/>
              </instance_material>
            </technique_common>
          </bind_material>
        </instance_geometry>
      </node>
    </visual_scene>
  </library_visual_scenes>
  <scene>
    <instance_visual_scene url="#Scene"/>
  </scene>
</COLLADA>