<?xml version="1.0" encoding="utf-8"?>
<COLLADA xmlns="http://www.collada.org/2005/11/COLLADASchema" version="1.4.1" xmlns:xsi="http://www.w3.org/2001/XMLSchema-instance">
  <asset>
    <contributor>
      <author>Blender User</author>
      <authoring_tool>Blender 2.83.20 commit date:2022-04-19, commit time:16:00, hash:a56e2faeb7a9</authoring_tool>
    </contributor>
    <created>2026-07-01T17:20:59</created>
    <modified>2026-07-01T17:20:59</modified>
    <unit name="meter" meter="1"/>
    <up_axis>Z_UP</up_axis>
  </asset>
  <library_effects/>
  <library_images/>
  <library_geometries>
    <geometry id="Sphere_004-mesh" name="Sphere.004">
      <mesh>
        <source id="Sphere_004-mesh-positions">
          <float_array id="Sphere_004-mesh-positions-array" count="1638">0 0.1950903 0.9807853 0 0.3826835 0.9238795 0 0.5555703 0.8314696 0 0.7071068 0.7071068 0 0.8314697 0.5555702 0 0.9238795 0.3826834 0 0.9807853 0.1950903 0 1 0 0 0.9807853 -0.1950902 0 0.5555702 -0.8314697 0.03806024 0.1913417 0.9807853 0.07465791 0.3753303 0.9238795 0.1083864 0.5448951 0.8314696 0.1379497 0.6935199 0.7071068 0.1622117 0.8154932 0.5555702 0.18024 0.9061274 0.3826834 0.1913418 0.9619397 0.1950903 0.1950904 0.9807853 0 0.1913418 0.9619398 -0.1950902 0.18024 0.9061275 -0.3826833 0.1622117 0.8154932 -0.5555702 0.1379497 0.6935199 -0.7071068 0.1083864 0.5448951 -0.8314697 0.07465785 0.3753301 -0.9238796 0.03806024 0.1913415 -0.9807853 0.07465791 0.1802399 0.9807853 0.1464467 0.3535534 0.9238795 0.2126076 0.5132799 0.8314696 0.2705982 0.6532814 0.7071068 0.3181897 0.7681777 0.5555702 0.3535535 0.8535533 0.3826834 0.3753304 0.9061273 0.1950903 0.3826835 0.9238795 0 0.3753304 0.9061273 -0.1950902 0.3535535 0.8535534 -0.3826833 0.3181897 0.7681777 -0.5555702 0.2705982 0.6532814 -0.7071068 0.2126076 0.5132799 -0.8314697 0.1464467 0.3535532 -0.9238796 0.07465785 0.1802397 -0.9807853 0.1083865 0.1622116 0.9807853 0.2126077 0.3181896 0.9238795 0.3086584 0.4619397 0.8314696 0.3928477 0.5879377 0.7071068 0.4619399 0.6913416 0.5555702 0.5132801 0.7681776 0.3826834 0.5448952 0.815493 0.1950903 0.5555704 0.8314695 0 0.5448952 0.815493 -0.1950902 0.5132801 0.7681777 -0.3826833 0.4619399 0.6913416 -0.5555702 0.3928477 0.5879377 -0.7071068 0.3086584 0.4619396 -0.8314697 0.2126076 0.3181895 -0.9238796 0.1083864 0.1622114 -0.9807853 0.1379499 0.1379496 0.9807853 0.2705983 0.2705979 0.9238795 0.3928477 0.3928474 0.8314696 0.5000002 0.4999999 0.7071068 0.587938 0.5879377 0.5555702 0.6532816 0.6532813 0.3826834 0.6935201 0.6935197 0.1950903 0.707107 0.7071066 0 0.6935201 0.6935197 -0.1950902 0.6532816 0.6532814 -0.3826833 0.587938 0.5879377 -0.5555702 0.5000002 0.4999999 -0.7071068 0.3928477 0.3928473 -0.8314697 0.2705982 0.2705979 -0.9238796 0.1379497 0.1379494 -0.9807853 0.1622119 0.1083862 0.9807853 0.3181899 0.2126074 0.9238795 0.46194 0.3086581 0.8314696 0.587938 0.3928473 0.7071068 0.6913419 0.4619396 0.5555702 0.7681779 0.5132798 0.3826834 0.8154933 0.5448948 0.1950903 0.8314698 0.55557 0 0.8154933 0.5448948 -0.1950902 0.7681779 0.5132799 -0.3826833 0.6913419 0.4619396 -0.5555702 0.587938 0.3928473 -0.7071068 0.4619399 0.3086581 -0.8314697 0.3181898 0.2126073 -0.9238796 0.1622117 0.1083861 -0.9807853 0.1802402 0.07465761 0.9807853 0.3535537 0.1464464 0.9238795 0.5132802 0.2126073 0.8314696 0.6532817 0.2705978 0.7071068 0.768178 0.3181894 0.5555702 0.8535535 0.3535532 0.3826834 0.9061275 0.3753299 0.1950903 0.9238798 0.3826832 0 0.9061275 0.3753299 -0.1950902 0.8535535 0.3535532 -0.3826833 0.768178 0.3181894 -0.5555702 0.6532817 0.2705978 -0.7071068 0.5132802 0.2126072 -0.8314697 0.3535535 0.1464464 -0.9238796 0.18024 0.07465755 -0.9807853 0.191342 0.03805994 0.9807853 0.3753306 0.07465755 0.9238795 0.5448954 0.1083861 0.8314696 0.6935201 0.1379494 0.7071068 0.8154934 0.1622114 0.5555702 0.9061276 0.1802397 0.3826834 0.9619398 0.1913413 0.1950903 0.9807855 0.1950899 0 0.9619398 0.1913413 -0.1950902 0.9061276 0.1802397 -0.3826833 0.8154934 0.1622114 -0.5555702 0.6935201 0.1379494 -0.7071068 0.5448953 0.108386 -0.8314697 0.3753304 0.07465755 -0.9238796 0.1913417 0.03805989 -0.9807853 0.1950906 -3.26636e-7 0.9807853 0.3826837 -3.19185e-7 0.9238795 0.5555705 -3.11735e-7 0.8314696 0.707107 -3.19185e-7 0.7071068 0.8314698 -3.34087e-7 0.5555702 0.9238797 -2.74482e-7 0.3826834 0.9807853 -3.93691e-7 0.1950903 1 -3.7879e-7 0 0.9807853 -3.93691e-7 -0.1950902 0.9238797 -2.29778e-7 -0.3826833 0.8314698 -3.34087e-7 -0.5555702 0.707107 -3.19185e-7 -0.7071068 0.5555704 -3.41537e-7 -0.8314697 0.3826835 -3.04284e-7 -0.9238796 0.1950904 -3.08009e-7 -0.9807853 0.1913419 -0.0380606 0.9807853 0.3753305 -0.07465821 0.9238795 0.5448954 -0.1083867 0.8314696 0.6935201 -0.13795 0.7071068 0.8154933 -0.162212 0.5555702 0.9061276 -0.1802402 0.3826834 0.9619397 -0.1913421 0.1950903 0.9807855 -0.1950907 0 0.9619397 -0.1913421 -0.1950902 0.9061276 -0.1802402 -0.3826833 0.8154933 -0.162212 -0.5555702 0.6935201 -0.13795 -0.7071068 0.5448952 -0.1083867 -0.8314697 0.3753304 -0.07465815 -0.9238796 0.1913417 -0.03806054 -0.9807853 0.1802402 -0.07465827 0.9807853 0.3535536 -0.146447 0.9238795 0.5132802 -0.2126079 0.8314696 0.6532816 -0.2705984 0.7071068 0.7681778 -0.31819 0.5555702 0.8535535 -0.3535537 0.3826834 0.9061273 -0.3753306 0.1950903 0.9238797 -0.3826839 0 0.9061273 -0.3753306 -0.1950902 0.8535535 -0.3535537 -0.3826833 0.7681778 -0.31819 -0.5555702 0.6532816 -0.2705984 -0.7071068 0.51328 -0.2126079 -0.8314697 0.3535535 -0.146447 -0.9238796 0.18024 -0.07465815 -0.9807853 0.1622118 -0.1083868 0.9807853 0.3181899 -0.2126079 0.9238795 0.4619399 -0.3086587 0.8314696 0.587938 -0.3928478 0.7071068 0.6913418 -0.4619402 0.5555702 0.7681779 -0.5132803 0.3826834 0.8154931 -0.5448954 0.1950903 0.8314697 -0.5555707 0 0.8154931 -0.5448954 -0.1950902 0.7681779 -0.5132803 -0.3826833 0.6913418 -0.4619402 -0.5555702 0.587938 -0.3928478 -0.7071068 0.4619398 -0.3086587 -0.8314697 0.3181897 -0.2126079 -0.9238796 0.1622117 -0.1083867 -0.9807853 0.1379498 -0.1379502 0.9807853 0.2705982 -0.2705985 0.9238795 0.3928476 -0.3928479 0.8314696 0.5000001 -0.5000004 0.7071068 0.5879378 -0.5879382 0.5555702 0.6532816 -0.6532818 0.3826834 0.6935198 -0.6935202 0.1950903 0.7071068 -0.7071073 0 0.6935198 -0.6935202 -0.1950902 0.6532816 -0.6532818 -0.3826833 0.5879378 -0.5879382 -0.5555702 0.5000001 -0.5000004 -0.7071068 0.3928475 -0.3928478 -0.8314697 0.2705981 -0.2705984 -0.9238796 0.1379497 -0.13795 -0.9807853 0.1083865 -0.1622121 0.9807853 0.2126076 -0.3181901 0.9238795 0.3086584 -0.4619402 0.8314696 0.3928475 -0.5879382 0.7071068 0.4619397 -0.6913421 0.5555702 0.5132801 -0.7681781 0.3826834 0.544895 -0.8154934 0.1950903 0.5555703 -0.8314701 0 0.544895 -0.8154934 -0.1950902 0.5132801 -0.7681781 -0.3826833 0.4619397 -0.6913421 -0.5555702 0.3928475 -0.5879382 -0.7071068 0.3086583 -0.4619401 -0.8314697 0.2126075 -0.31819 -0.9238796 0.1083863 -0.162212 -0.9807853 0 -3.25841e-7 -1 0.07465791 -0.1802405 0.9807853 0.1464467 -0.3535538 0.9238795 0.2126076 -0.5132804 0.8314696 0.270598 -0.6532818 0.7071068 0.3181896 -0.7681781 0.5555702 0.3535535 -0.8535537 0.3826834 0.3753302 -0.9061276 0.1950903 0.3826834 -0.92388 0 0.3753302 -0.9061276 -0.1950902 0.3535535 -0.8535537 -0.3826833 0.3181896 -0.7681781 -0.5555702 0.270598 -0.6532818 -0.7071068 0.2126075 -0.5132803 -0.8314697 0.1464466 -0.3535537 -0.9238796 0.07465785 -0.1802403 -0.9807853 0.03806024 -0.1913422 0.9807853 0.07465785 -0.3753307 0.9238795 0.1083864 -0.5448955 0.8314696 0.1379497 -0.6935203 0.7071068 0.1622115 -0.8154934 0.5555702 0.18024 -0.9061278 0.3826834 0.1913416 -0.9619399 0.1950903 0.1950902 -0.9807857 0 0.1913416 -0.9619399 -0.1950902 0.18024 -0.9061278 -0.3826833 0.1622115 -0.8154934 -0.5555702 0.1379497 -0.6935203 -0.7071068 0.1083863 -0.5448954 -0.8314697 0.07465779 -0.3753306 -0.9238796 0.03806018 -0.191342 -0.9807853 0 -0.1950908 0.9807853 0 -0.3826838 0.9238795 0 -0.5555707 0.8314696 0 -0.7071071 0.7071068 0 -0.8314697 0.5555702 0 -0.9238799 0.3826834 0 -0.9807854 0.1950903 0 -1 0 0 -0.9807854 -0.1950902 0 -0.9238799 -0.3826833 0 -0.8314697 -0.5555702 0 -0.7071071 -0.7071068 0 -0.5555705 -0.8314697 0 -0.3826837 -0.9238796 0 -0.1950906 -0.9807853 -0.03806024 -0.1913422 0.9807853 -0.07465779 -0.3753306 0.9238795 -0.1083863 -0.5448955 0.8314696 -0.1379497 -0.6935202 0.7071068 -0.1622117 -0.8154932 0.5555702 -0.1802399 -0.9061278 0.3826834 -0.1913417 -0.9619398 0.1950903 -0.1950904 -0.9807856 0 -0.1913417 -0.9619398 -0.1950902 -0.1802399 -0.9061278 -0.3826833 -0.1622117 -0.8154932 -0.5555702 -0.1379497 -0.6935202 -0.7071068 -0.1083863 -0.5448954 -0.8314697 -0.07465779 -0.3753305 -0.9238796 -0.03806018 -0.191342 -0.9807853 -0.07465791 -0.1802404 0.9807853 -0.1464466 -0.3535537 0.9238795 -0.2126075 -0.5132804 0.8314696 -0.2705981 -0.6532818 0.7071068 -0.3181896 -0.7681778 0.5555702 -0.3535533 -0.8535537 0.3826834 -0.3753303 -0.9061275 0.1950903 -0.3826836 -0.9238798 0 -0.3753303 -0.9061275 -0.1950902 -0.3535533 -0.8535537 -0.3826833 -0.3181896 -0.7681778 -0.5555702 -0.2705981 -0.6532818 -0.7071068 -0.2126075 -0.5132802 -0.8314697 -0.1464465 -0.3535536 -0.9238796 -0.07465779 -0.1802402 -0.9807853 -0.1083865 -0.1622121 0.9807853 -0.2126075 -0.31819 0.9238795 -0.3086583 -0.4619402 0.8314696 -0.3928475 -0.5879381 0.7071068 -0.4619397 -0.6913417 0.5555702 -0.5132799 -0.7681781 0.3826834 -0.5448951 -0.8154932 0.1950903 -0.5555704 -0.8314698 0 -0.5448951 -0.8154932 -0.1950902 -0.5132799 -0.7681781 -0.3826833 -0.4619397 -0.6913417 -0.5555702 -0.3928475 -0.5879381 -0.7071068 -0.3086583 -0.46194 -0.8314697 -0.2126075 -0.3181899 -0.9238796 -0.1083863 -0.1622119 -0.9807853 -2.30405e-7 -5.56246e-7 1 -0.1379498 -0.1379501 0.9807853 -0.2705981 -0.2705984 0.9238795 -0.3928475 -0.3928478 0.8314696 -0.5 -0.5000002 0.7071068 -0.5879377 -0.5879378 0.5555702 -0.6532814 -0.6532818 0.3826834 -0.6935198 -0.6935199 0.1950903 -0.7071069 -0.707107 0 -0.6935198 -0.6935199 -0.1950902 -0.6532814 -0.6532818 -0.3826833 -0.5879377 -0.5879378 -0.5555702 -0.5 -0.5000002 -0.7071068 -0.3928474 -0.3928477 -0.8314697 -0.270598 -0.2705982 -0.9238796 -0.1379496 -0.13795 -0.9807853 -0.1622118 -0.1083868 0.9807853 -0.3181896 -0.2126078 0.9238795 -0.4619398 -0.3086586 0.8314696 -0.5879378 -0.3928477 0.7071068 -0.6913415 -0.4619398 0.5555702 -0.7681777 -0.5132803 0.3826834 -0.8154929 -0.5448951 0.1950903 -0.8314697 -0.5555704 0 -0.8154929 -0.5448951 -0.1950902 -0.7681777 -0.5132803 -0.3826833 -0.6913415 -0.4619398 -0.5555702 -0.5879378 -0.3928477 -0.7071068 -0.4619397 -0.3086585 -0.8314697 -0.3181896 -0.2126077 -0.9238796 -0.1622116 -0.1083866 -0.9807853 -0.18024 -0.07465821 0.9807853 -0.3535534 -0.1464468 0.9238795 -0.51328 -0.2126078 0.8314696 -0.6532815 -0.2705982 0.7071068 -0.7681775 -0.3181897 0.5555702 -0.8535534 -0.3535537 0.3826834 -0.9061272 -0.3753302 0.1950903 -0.9238795 -0.3826835 0 -0.9061272 -0.3753302 -0.1950902 -0.8535534 -0.3535537 -0.3826833 -0.7681775 -0.3181897 -0.5555702 -0.6532815 -0.2705982 -0.7071068 -0.5132799 -0.2126077 -0.8314697 -0.3535532 -0.1464468 -0.9238796 -0.1802399 -0.07465809 -0.9807853 -0.1913418 -0.03806054 0.9807853 -0.3753302 -0.07465809 0.9238795 -0.5448951 -0.1083866 0.8314696 -0.6935199 -0.1379498 0.7071068 -0.8154928 -0.1622117 0.5555702 -0.9061274 -0.1802402 0.3826834 -0.9619394 -0.1913417 0.1950903 -0.9807852 -0.1950904 0 -0.9619394 -0.1913417 -0.1950902 -0.9061274 -0.1802402 -0.3826833 -0.8154928 -0.1622117 -0.5555702 -0.6935199 -0.1379498 -0.7071068 -0.544895 -0.1083866 -0.8314697 -0.3753301 -0.07465803 -0.9238796 -0.1913416 -0.03806048 -0.9807853 -0.1950904 -3.11735e-7 0.9807853 -0.3826833 -2.81932e-7 0.9238795 -0.5555702 -2.81932e-7 0.8314696 -0.7071067 -1.85075e-7 0.7071068 -0.8314692 -1.40371e-7 0.5555702 -0.9238795 -3.19185e-7 0.3826834 -0.9807848 0 0.1950903 -0.9999998 -1.40371e-7 0 -0.9807848 0 -0.1950902 -0.9238795 -3.19185e-7 -0.3826833 -0.8314692 -1.40371e-7 -0.5555702 -0.7071067 -1.85075e-7 -0.7071068 -0.5555701 -2.59581e-7 -0.8314697 -0.3826832 -2.5213e-7 -0.9238796 -0.1950902 -3.1546e-7 -0.9807853 -0.1913418 0.03805994 0.9807853 -0.3753302 0.07465749 0.9238795 -0.5448951 0.108386 0.8314696 -0.6935198 0.1379495 0.7071068 -0.8154927 0.1622114 0.5555702 -0.9061273 0.1802396 0.3826834 -0.9619392 0.1913415 0.1950903 -0.980785 0.1950901 0 -0.9619392 0.1913415 -0.1950902 -0.9061273 0.1802396 -0.3826833 -0.8154927 0.1622114 -0.5555702 -0.6935198 0.1379495 -0.7071068 -0.5448949 0.108386 -0.8314697 -0.3753301 0.07465749 -0.9238796 -0.1913416 0.03805989 -0.9807853 -0.18024 0.07465755 0.9807853 -0.3535533 0.1464463 0.9238795 -0.5132799 0.2126072 0.8314696 -0.6532813 0.2705978 0.7071068 -0.7681773 0.3181893 0.5555702 -0.8535533 0.3535531 0.3826834 -0.9061269 0.37533 0.1950903 -0.9238792 0.3826832 0 -0.9061269 0.37533 -0.1950902 -0.8535533 0.3535531 -0.3826833 -0.7681773 0.3181893 -0.5555702 -0.6532813 0.2705978 -0.7071068 -0.5132797 0.2126072 -0.8314697 -0.3535532 0.1464462 -0.9238796 -0.1802399 0.07465744 -0.9807853 -0.1622117 0.1083861 0.9807853 -0.3181896 0.2126072 0.9238795 -0.4619396 0.308658 0.8314696 -0.5879377 0.3928472 0.7071068 -0.6913412 0.4619394 0.5555702 -0.7681776 0.5132796 0.3826834 -0.8154926 0.5448947 0.1950903 -0.8314692 0.55557 0 -0.8154926 0.5448947 -0.1950902 -0.7681776 0.5132796 -0.3826833 -0.6913412 0.4619394 -0.5555702 -0.5879377 0.3928472 -0.7071068 -0.4619395 0.3086579 -0.8314697 -0.3181895 0.2126072 -0.9238796 -0.1622116 0.108386 -0.9807853 -0.1379497 0.1379494 0.9807853 -0.2705979 0.2705977 0.9238795 -0.3928473 0.3928471 0.8314696 -0.4999998 0.4999997 0.7071068 -0.5879373 0.5879374 0.5555702 -0.6532814 0.6532811 0.3826834 -0.6935194 0.6935194 0.1950903 -0.7071064 0.7071064 0 -0.6935194 0.6935194 -0.1950902 -0.6532814 0.6532811 -0.3826833 -0.5879373 0.5879374 -0.5555702 -0.4999998 0.4999997 -0.7071068 -0.3928472 0.3928471 -0.8314697 -0.2705979 0.2705976 -0.9238796 -0.1379496 0.1379493 -0.9807853 -0.1083864 0.1622114 0.9807853 -0.2126074 0.3181893 0.9238795 -0.3086581 0.4619394 0.8314696 -0.3928473 0.5879375 0.7071068 -0.4619393 0.6913412 0.5555702 -0.5132799 0.7681773 0.3826834 -0.5448946 0.8154925 0.1950903 -0.5555698 0.8314691 0 -0.5448946 0.8154925 -0.1950902 -0.5132799 0.7681773 -0.3826833 -0.4619393 0.6913412 -0.5555702 -0.3928473 0.5879375 -0.7071068 -0.3086581 0.4619393 -0.8314697 -0.2126073 0.3181892 -0.9238796 -0.1083863 0.1622112 -0.9807853 -0.07465785 0.1802397 0.9807853 -0.1464465 0.353553 0.9238795 -0.2126073 0.5132796 0.8314696 -0.2705979 0.6532812 0.7071068 -0.3181892 0.7681771 0.5555702 -0.3535533 0.8535529 0.3826834 -0.3753298 0.9061266 0.1950903 -0.382683 0.9238789 0 -0.3753298 0.9061266 -0.1950902 -0.3535533 0.8535529 -0.3826833 -0.3181892 0.7681771 -0.5555702 -0.2705979 0.6532812 -0.7071068 -0.2126073 0.5132794 -0.8314697 -0.1464465 0.3535529 -0.9238796 -0.07465779 0.1802396 -0.9807853 -0.03806018 0.1913415 0.9807853 -0.07465773 0.3753299 0.9238795 -0.1083862 0.5448946 0.8314696 -0.1379495 0.6935195 0.7071068 -0.1622113 0.8154924 0.5555702 -0.1802399 0.906127 0.3826834 -0.1913413 0.9619389 0.1950903 -0.1950899 0.9807845 0 -0.1913413 0.9619389 -0.1950902 -0.1802399 0.906127 -0.3826833 -0.1622113 0.8154924 -0.5555702 -0.1379495 0.6935195 -0.7071068 -0.1083862 0.5448945 -0.8314697 -0.07465767 0.3753298 -0.9238796 -0.03806018 0.1913413 -0.9807853 0 0.923879 -0.3826833 2.72185e-7 0.8314688 -0.5555702 1.52975e-7 0.7071064 -0.7071068 0 0.3826829 -0.9238796 0 0.1950899 -0.9807853 0 0.9999987 -7.99999 0 0.9999987 9.29832e-6 0.1950903 0.9807839 -7.99999 0.1950903 0.9807839 9.29832e-6 0.3826835 0.9238782 -7.99999 0.3826835 0.9238782 9.29832e-6 0.5555703 0.8314682 -7.99999 0.5555703 0.8314682 9.29832e-6 0.7071068 0.7071054 -7.99999 0.7071068 0.7071054 9.29832e-6 0.8314697 0.5555688 -7.99999 0.8314697 0.5555688 9.29832e-6 0.9238795 0.382682 -7.99999 0.9238795 0.382682 9.29832e-6 0.9807853 0.1950888 -7.99999 0.9807853 0.1950888 9.29832e-6 1 -1.47422e-6 -7.99999 1 -1.47422e-6 9.29832e-6 0.9807853 -0.1950918 -7.99999 0.9807853 -0.1950918 9.29832e-6 0.9238796 -0.3826849 -7.99999 0.9238796 -0.3826849 9.29832e-6 0.8314697 -0.5555719 -7.99999 0.8314697 -0.5555719 9.29832e-6 0.7071068 -0.7071085 -7.99999 0.7071068 -0.7071085 9.29832e-6 0.5555702 -0.8314714 -7.99999 0.5555702 -0.8314714 9.29832e-6 0.3826833 -0.9238814 -7.99999 0.3826833 -0.9238814 9.29832e-6 0.1950901 -0.9807871 -7.99999 0.1950901 -0.9807871 9.29832e-6 -3.25841e-7 -1.000002 -7.99999 -3.25841e-7 -1.000002 9.29832e-6 -0.1950907 -0.980787 -7.99999 -0.1950907 -0.980787 9.29832e-6 -0.3826839 -0.9238811 -7.99999 -0.3826839 -0.9238811 9.29832e-6 -0.5555707 -0.831471 -7.99999 -0.5555707 -0.831471 9.29832e-6 -0.7071073 -0.7071081 -7.99999 -0.7071073 -0.7071081 9.29832e-6 -0.83147 -0.5555713 -7.99999 -0.83147 -0.5555713 9.29832e-6 -0.9238799 -0.3826843 -7.99999 -0.9238799 -0.3826843 9.29832e-6 -0.9807854 -0.195091 -7.99999 -0.9807854 -0.195091 9.29832e-6 -1 -5.84121e-7 -7.99999 -1 -5.84121e-7 9.29832e-6 -0.9807851 0.1950898 -7.99999 -0.9807851 0.1950898 9.29832e-6 -0.9238791 0.382683 -7.99999 -0.9238791 0.382683 9.29832e-6 -0.8314689 0.5555698 -7.99999 -0.8314689 0.5555698 9.29832e-6 -0.7071059 0.7071063 -7.99999 -0.7071059 0.7071063 9.29832e-6 -0.5555691 0.831469 -7.99999 -0.5555691 0.831469 9.29832e-6 -0.3826821 0.9238788 -7.99999 -0.3826821 0.9238788 9.29832e-6 -0.1950888 0.9807842 -7.99999 -0.1950888 0.9807842 9.29832e-6</float_array>
          <technique_common>
            <accessor source="#Sphere_004-mesh-positions-array" count="546" stride="3">
              <param name="X" type="float"/>
              <param name="Y" type="float"/>
              <param name="Z" type="float"/>
            </accessor>
          </technique_common>
        </source>
        <source id="Sphere_004-mesh-normals">
          <float_array id="Sphere_004-mesh-normals-array" count="3153">0.009652018 0.09801244 -0.9951385 0.09754985 0.9904384 -0.09755003 0.02858 0.2901661 0.9565495 0.09383183 0.9527175 -0.2890068 0.04637986 0.4708896 0.8809722 0.08653128 0.8786123 -0.4696304 0.06236076 0.6331587 0.771506 0.07591336 0.7707809 -0.6325615 0.07591533 0.7707796 0.6325629 0.06236082 0.6331598 -0.7715049 0.08653593 0.8786131 0.4696282 0.04637628 0.4708886 -0.8809729 0.09383469 0.9527183 0.2890035 0.0285778 0.290166 -0.9565496 0.09754973 0.9904384 0.09754937 0.009653806 0.09801238 0.9951384 0.0846399 0.2790148 -0.9565495 0.2889004 0.9523764 0.09754937 0.02858608 0.09424585 0.9951385 0.02858793 0.09424579 -0.9951385 0.2889006 0.9523762 -0.09755051 0.08463895 0.2790152 0.9565495 0.2778977 0.9161059 -0.2890036 0.1373535 0.4527934 0.8809724 0.2562822 0.8448484 -0.4696283 0.1846856 0.6088265 0.7715061 0.2248287 0.7411589 -0.6325628 0.2248284 0.7411591 0.6325626 0.1846858 0.6088263 -0.7715061 0.2562822 0.8448484 0.4696283 0.1373513 0.4527937 -0.8809725 0.2778978 0.9161058 0.2890036 0.2999128 0.561098 0.771506 0.3651008 0.6830567 -0.6325624 0.365101 0.6830564 0.6325624 0.2999135 0.5610982 -0.7715056 0.4161794 0.7786167 0.4696286 0.2230514 0.4172967 -0.880972 0.4512816 0.8442877 0.2890042 0.1374453 0.2571415 -0.9565497 0.4691486 0.8777151 0.09754943 0.04642796 0.08685743 0.9951384 0.04642814 0.08685743 -0.9951384 0.4691486 0.8777151 -0.09754925 0.1374451 0.2571418 0.9565495 0.4512813 0.844288 -0.2890035 0.2230501 0.4172968 0.8809722 0.4161794 0.778617 -0.4696279 0.6313674 0.7693239 0.09755063 0.06247645 0.07613122 0.9951385 0.0624777 0.07613116 -0.9951385 0.6313679 0.7693234 -0.09754967 0.1849697 0.2253866 0.9565497 0.6073225 0.7400248 -0.2890032 0.3001745 0.365764 0.8809722 0.5600832 0.6824632 -0.4696285 0.4036152 0.4918062 0.7715061 0.4913435 0.5987038 -0.6325626 0.4913436 0.598704 0.6325624 0.4036154 0.4918063 -0.7715058 0.5600834 0.6824632 0.4696283 0.3001743 0.3657637 -0.8809723 0.6073225 0.7400246 0.2890037 0.1849698 0.2253864 -0.9565497 0.598704 0.4913433 -0.6325626 0.5987038 0.4913436 0.6325625 0.4918074 0.4036144 -0.7715057 0.6824635 0.5600829 0.4696285 0.3657643 0.3001744 -0.8809722 0.740025 0.6073222 0.2890034 0.2253822 0.1849699 -0.9565506 0.7693238 0.6313676 0.09755009 0.07613044 0.06247919 0.9951384 0.07613176 0.06247919 -0.9951384 0.769324 0.6313673 -0.09755045 0.2253861 0.1849701 0.9565497 0.7400246 0.6073225 -0.2890035 0.3657639 0.3001743 0.8809723 0.6824632 0.5600832 -0.4696283 0.4918063 0.4036149 0.771506 0.08685815 0.04642617 -0.9951383 0.8777152 0.4691483 -0.09755057 0.257142 0.137445 0.9565495 0.8442884 0.4512808 -0.2890035 0.4172973 0.2230497 0.8809722 0.7786169 0.416179 -0.4696283 0.5610976 0.2999133 0.7715061 0.6830566 0.3651005 -0.6325625 0.6830562 0.3651013 0.6325624 0.5610982 0.2999125 -0.7715059 0.7786169 0.4161792 0.4696285 0.4172981 0.2230495 -0.8809718 0.8442885 0.4512808 0.2890033 0.2571414 0.1374455 -0.9565497 0.8777153 0.469148 0.09755015 0.08685672 0.04642623 0.9951384 0.6088271 0.1846859 -0.7715056 0.8448486 0.2562817 0.4696282 0.4527934 0.1373534 -0.8809723 0.9161059 0.2778976 0.2890034 0.2790143 0.08463865 -0.9565498 0.9523763 0.2889007 0.09755045 0.09424793 0.02858912 0.9951382 0.09424734 0.02858912 -0.9951383 0.9523764 0.2888998 -0.09755057 0.2790162 0.08463817 0.9565493 0.9161059 0.277898 -0.2890033 0.452794 0.1373533 0.880972 0.8448488 0.2562816 -0.469628 0.6088266 0.1846855 0.7715061 0.7411593 0.2248277 -0.6325626 0.7411592 0.224828 0.6325626 0.2901666 0.02857875 0.9565494 0.9527184 0.09383374 -0.2890034 0.4708901 0.04637849 0.880972 0.8786132 0.08653545 -0.4696281 0.6331589 0.06236016 0.7715058 0.7707797 0.07591581 -0.6325626 0.7707801 0.07591527 0.6325623 0.6331585 0.06236064 -0.771506 0.8786131 0.08653587 0.4696283 0.4708901 0.04637771 -0.880972 0.9527184 0.09383487 0.289003 0.2901651 0.02857935 -0.9565498 0.9904384 0.09754937 0.09755051 0.09801143 0.009653329 0.9951385 0.09801185 0.009653329 -0.9951384 0.9904383 0.09754931 -0.09755104 0.8786131 -0.08653497 0.4696283 0.4708898 -0.04637825 -0.8809721 0.9527184 -0.09383487 0.289003 0.2901651 -0.0285784 -0.9565498 0.9904384 -0.09754937 0.09755104 0.09801346 -0.009653329 0.9951383 0.09801381 -0.009653329 -0.9951383 0.9904382 -0.09755009 -0.0975511 0.2901666 -0.02857875 0.9565494 0.9527184 -0.09383463 -0.2890031 0.47089 -0.04637879 0.880972 0.8786132 -0.0865364 -0.469628 0.6331583 -0.06236076 0.7715061 0.77078 -0.07591521 -0.6325623 0.7707798 -0.07591575 0.6325626 0.633159 -0.06236129 -0.7715055 0.9161061 -0.2778973 -0.2890033 0.4527933 -0.1373533 0.8809724 0.8448481 -0.2562832 -0.4696282 0.6088271 -0.1846855 0.7715055 0.7411594 -0.2248283 -0.6325622 0.7411592 -0.2248284 0.6325625 0.6088269 -0.1846866 -0.7715054 0.8448485 -0.2562817 0.4696285 0.4527926 -0.1373535 -0.8809727 0.9161058 -0.2778984 0.2890028 0.2790135 -0.08463847 -0.95655 0.9523763 -0.2889 0.0975511 0.09424406 -0.02858924 0.9951385 0.09424537 -0.02858918 -0.9951385 0.9523762 -0.2889006 -0.09755104 0.2790144 -0.08463835 0.9565498 0.4172971 -0.22305 -0.8809721 0.8442879 -0.4512817 0.289003 0.2571414 -0.137445 -0.9565497 0.8777145 -0.4691494 0.0975511 0.0868569 -0.04642635 0.9951385 0.08685809 -0.04642623 -0.9951384 0.8777154 -0.4691479 -0.09755104 0.2571407 -0.1374451 0.9565498 0.8442882 -0.4512816 -0.2890028 0.4172974 -0.2230497 0.880972 0.7786166 -0.4161799 -0.4696281 0.5610983 -0.2999133 0.7715056 0.6830564 -0.3651012 -0.6325623 0.6830563 -0.3651016 0.6325623 0.5610977 -0.2999133 -0.771506 0.7786166 -0.4161793 0.4696288 0.365764 -0.3001744 0.8809723 0.682463 -0.5600831 -0.4696287 0.4918063 -0.4036151 0.771506 0.5987038 -0.4913435 -0.6325626 0.5987036 -0.4913441 0.6325623 0.4918066 -0.4036154 -0.7715057 0.6824634 -0.5600832 0.4696282 0.3657649 -0.3001744 -0.8809719 0.7400251 -0.607322 0.2890031 0.225389 -0.1849697 -0.956549 0.7693233 -0.6313681 0.09755057 0.07613265 -0.06247937 0.9951383 0.07613128 -0.06247925 -0.9951384 0.7693237 -0.6313675 -0.09755128 0.2253877 -0.18497 0.9565494 0.7400251 -0.6073222 -0.289003 0.6073222 -0.7400249 0.2890034 0.1849708 -0.2253866 -0.9565494 0.6313679 -0.7693234 0.0975511 0.06248062 -0.0761314 0.9951383 0.06247776 -0.07613116 -0.9951385 0.6313673 -0.769324 -0.09755045 0.1849695 -0.225387 0.9565496 0.6073225 -0.7400249 -0.2890028 0.3001742 -0.3657639 0.8809723 0.5600829 -0.6824631 -0.4696289 0.4036148 -0.4918068 0.7715058 0.4913434 -0.5987036 -0.6325628 0.4913434 -0.5987043 0.6325621 0.4036149 -0.4918065 -0.7715061 0.5600831 -0.6824632 0.4696285 0.3001732 -0.3657643 -0.8809726 0.416179 -0.7786167 -0.4696285 0.2999125 -0.561098 0.7715061 0.3651001 -0.6830567 -0.6325627 0.3651013 -0.6830566 0.6325621 0.2999132 -0.561098 -0.7715058 0.4161789 -0.7786167 0.4696289 0.2230487 -0.4172974 -0.8809724 0.4512811 -0.8442882 0.289003 0.1374455 -0.2571417 -0.9565495 0.4691482 -0.8777149 0.09755176 0.04642415 -0.08685773 0.9951385 0.0464282 -0.08685749 -0.9951383 0.469148 -0.8777154 -0.09755003 0.1374447 -0.257142 0.9565495 0.4512813 -0.8442882 -0.2890029 0.2230501 -0.4172968 0.8809723 0.08464169 -0.2790148 -0.9565493 0.2889001 -0.9523763 0.09755158 0.0285902 -0.09424608 0.9951384 0.02858799 -0.09424585 -0.9951384 0.2889001 -0.9523763 -0.0975517 0.08463925 -0.2790152 0.9565494 0.2778977 -0.9161058 -0.2890037 0.1373533 -0.4527933 0.8809724 0.2562812 -0.8448484 -0.4696289 0.1846857 -0.6088271 0.7715055 0.2248283 -0.7411592 -0.6325625 0.2248279 -0.7411596 0.6325623 0.1846857 -0.608827 -0.7715057 0.2562819 -0.8448482 0.469629 0.1373535 -0.4527941 -0.880972 0.2778977 -0.9161062 0.2890022 0.07591491 -0.7707808 -0.6325615 0.07591485 -0.7707799 0.6325625 0.06235992 -0.6331588 -0.7715058 0.0865361 -0.8786131 0.4696283 0.0463798 -0.4708899 -0.880972 0.09383416 -0.9527184 0.2890032 0.02857589 -0.290166 -0.9565497 0.0975492 -0.9904384 0.09755092 0.009653866 -0.09801268 0.9951384 0.009652733 -0.09801238 -0.9951384 0.09754925 -0.9904384 -0.09755086 0.02857887 -0.2901663 0.9565494 0.09383475 -0.9527182 -0.2890037 0.0463792 -0.4708895 0.8809723 0.08653545 -0.8786128 -0.469629 0.0623607 -0.6331586 0.7715058 -0.009653866 -0.09801274 0.9951384 -0.009652853 -0.09801244 -0.9951384 -0.09754985 -0.9904382 -0.09755086 -0.02857947 -0.2901663 0.9565494 -0.09383469 -0.9527181 -0.2890036 -0.04637777 -0.4708893 0.8809724 -0.08653587 -0.8786124 -0.4696293 -0.06236076 -0.6331591 0.7715055 -0.07591521 -0.7707805 -0.6325618 -0.07591539 -0.7707806 0.6325616 -0.0623607 -0.6331585 -0.7715061 -0.08653587 -0.8786127 0.4696289 -0.04637777 -0.4708899 -0.8809722 -0.09383493 -0.9527185 0.2890029 -0.02857589 -0.2901659 -0.9565497 -0.09754973 -0.9904382 0.09755116 -0.2248286 -0.7411596 0.632562 -0.1846855 -0.6088266 -0.771506 -0.2562816 -0.8448475 0.4696304 -0.1373535 -0.4527938 -0.8809721 -0.277898 -0.9161062 0.2890021 -0.08463782 -0.279015 -0.9565497 -0.2889004 -0.9523761 0.09755116 -0.0285902 -0.09424614 0.9951384 -0.02858823 -0.09424585 -0.9951384 -0.2889004 -0.9523761 -0.09755164 -0.08463984 -0.2790154 0.9565494 -0.2778977 -0.916106 -0.289003 -0.137354 -0.4527934 0.8809723 -0.2562825 -0.844848 -0.4696285 -0.1846857 -0.6088269 0.7715057 -0.2248284 -0.7411594 -0.6325622 -0.4691484 -0.8777149 -0.09755164 -0.1374469 -0.257142 0.9565492 -0.4512817 -0.8442881 -0.2890028 -0.2230499 -0.4172965 0.8809725 -0.4161793 -0.7786163 -0.4696289 -0.2999136 -0.5610982 0.7715055 -0.3651016 -0.6830573 -0.6325613 -0.3651016 -0.6830568 0.6325616 -0.2999135 -0.5610983 -0.7715056 -0.4161789 -0.778616 0.46963 -0.2230505 -0.4172969 -0.880972 -0.4512817 -0.8442883 0.2890023 -0.1374456 -0.2571413 -0.9565495 -0.4691487 -0.8777148 0.09755116 -0.04642421 -0.08685779 0.9951385 -0.0464282 -0.08685749 -0.9951384 -0.4036156 -0.4918062 -0.7715058 -0.5600831 -0.6824624 0.4696298 -0.3001735 -0.365764 -0.8809725 -0.6073231 -0.7400245 0.2890027 -0.1849701 -0.2253867 -0.9565495 -0.6313679 -0.7693233 0.09755134 -0.06248074 -0.07613146 0.9951383 -0.06247782 -0.07613116 -0.9951385 -0.6313679 -0.7693235 -0.09755128 -0.1849701 -0.2253868 0.9565495 -0.6073229 -0.7400245 -0.289003 -0.3001742 -0.3657639 0.8809724 -0.560083 -0.6824631 -0.4696288 -0.4036154 -0.4918069 0.7715054 -0.491344 -0.5987045 -0.6325615 -0.4913445 -0.5987039 0.6325617 -0.225387 -0.18497 0.9565495 -0.7400246 -0.6073229 -0.2890024 -0.3657642 -0.3001743 0.8809722 -0.6824632 -0.5600827 -0.4696291 -0.4918069 -0.4036148 0.7715058 -0.5987042 -0.4913439 -0.6325618 -0.5987043 -0.4913439 0.6325618 -0.4918066 -0.4036143 -0.7715063 -0.6824625 -0.5600829 0.4696298 -0.365764 -0.3001745 -0.8809723 -0.7400251 -0.6073225 0.2890022 -0.2253906 -0.1849698 -0.9565486 -0.7693237 -0.6313675 0.09755134 -0.07613283 -0.06247949 0.9951383 -0.07613134 -0.06247925 -0.9951384 -0.7693238 -0.6313674 -0.09755128 -0.7786158 -0.4161798 0.4696296 -0.417297 -0.2230492 -0.8809723 -0.8442887 -0.4512811 0.289002 -0.2571398 -0.1374452 -0.9565501 -0.8777152 -0.469148 0.09755134 -0.08685719 -0.04642641 0.9951384 -0.08685821 -0.04642623 -0.9951384 -0.8777153 -0.4691479 -0.09755104 -0.2571429 -0.1374452 0.9565492 -0.8442882 -0.4512817 -0.2890025 -0.4172966 -0.2230497 0.8809725 -0.7786165 -0.4161781 -0.4696297 -0.5610979 -0.299913 0.771506 -0.6830567 -0.3651013 -0.6325619 -0.6830569 -0.3651016 0.6325616 -0.5610977 -0.2999133 -0.771506 -0.9161064 -0.2778973 -0.2890024 -0.4527938 -0.1373533 0.8809721 -0.8448478 -0.2562815 -0.4696298 -0.6088269 -0.1846851 0.771506 -0.7411601 -0.224828 -0.6325615 -0.74116 -0.2248283 0.6325616 -0.6088267 -0.1846847 -0.7715061 -0.8448477 -0.2562815 0.4696298 -0.4527938 -0.1373534 -0.8809722 -0.9161063 -0.2778978 0.2890019 -0.2790139 -0.08463835 -0.95655 -0.9523763 -0.2889 0.09755116 -0.09424436 -0.02858924 0.9951385 -0.09424549 -0.02858918 -0.9951385 -0.9523764 -0.2889 -0.09755122 -0.2790158 -0.08463823 0.9565494 -0.4708894 -0.04637777 -0.8809725 -0.9527187 -0.09383416 0.2890021 -0.2901645 -0.02857941 -0.95655 -0.9904382 -0.09754937 0.0975511 -0.09801387 -0.009653329 0.9951383 -0.09801393 -0.009653329 -0.9951383 -0.9904382 -0.09754931 -0.09755104 -0.290166 -0.02857857 0.9565496 -0.9527186 -0.09383463 -0.2890023 -0.4708895 -0.04637813 0.8809723 -0.8786125 -0.08653545 -0.4696294 -0.6331586 -0.06236076 0.771506 -0.7707807 -0.0759148 -0.6325616 -0.7707808 -0.07591491 0.6325615 -0.6331584 -0.06236064 -0.7715062 -0.8786123 -0.08653575 0.4696296 -0.8786125 0.08653545 -0.4696295 -0.6331588 0.0623607 0.7715058 -0.7707806 0.0759142 -0.6325617 -0.7707805 0.07591491 0.6325618 -0.6331588 0.06236064 -0.7715058 -0.8786124 0.08653581 0.4696297 -0.4708893 0.04637825 -0.8809724 -0.9527187 0.09383493 0.289002 -0.2901655 0.02857893 -0.9565497 -0.9904381 0.09755092 0.09755098 -0.09801185 0.009653389 0.9951384 -0.09801197 0.009653329 -0.9951385 -0.9904382 0.09754931 -0.0975511 -0.2901661 0.02857881 0.9565495 -0.9527186 0.09383547 -0.2890022 -0.4708896 0.04637813 0.8809722 -0.2790148 0.08463782 -0.9565497 -0.9523761 0.2889008 0.09755104 -0.09424829 0.02858918 0.9951382 -0.09424746 0.02858918 -0.9951382 -0.9523763 0.2889 -0.09755116 -0.2790157 0.08463841 0.9565493 -0.9161064 0.2778972 -0.2890021 -0.4527945 0.1373535 0.8809717 -0.8448478 0.2562814 -0.4696296 -0.6088265 0.1846861 0.7715059 -0.74116 0.2248281 -0.6325616 -0.7411597 0.2248292 0.6325616 -0.6088264 0.184686 -0.771506 -0.8448476 0.2562823 0.4696297 -0.4527943 0.137353 -0.8809719 -0.9161064 0.2778979 0.2890017 -0.5610981 0.2999132 0.7715058 -0.6830571 0.3651016 -0.6325613 -0.683057 0.3651017 0.6325615 -0.561098 0.2999138 -0.7715057 -0.778616 0.416179 0.4696298 -0.4172964 0.2230502 -0.8809724 -0.8442882 0.451282 0.289002 -0.2571416 0.1374449 -0.9565497 -0.8777145 0.4691495 0.0975511 -0.08685904 0.04642641 0.9951383 -0.08685725 0.04642629 -0.9951384 -0.8777149 0.4691486 -0.0975508 -0.2571416 0.1374453 0.9565496 -0.8442883 0.4512818 -0.2890021 -0.4172968 0.2230498 0.8809723 -0.7786161 0.4161791 -0.4696297 -0.7693235 0.6313678 0.09755098 -0.07612872 0.06247943 0.9951385 -0.07613134 0.06247925 -0.9951384 -0.7693239 0.6313674 -0.09755098 -0.2253866 0.1849703 0.9565495 -0.7400251 0.6073224 -0.2890026 -0.3657648 0.3001745 0.8809719 -0.6824623 0.5600832 -0.4696297 -0.4918059 0.4036149 0.7715064 -0.5987047 0.4913443 -0.6325612 -0.5987043 0.4913443 0.6325615 -0.4918062 0.4036148 -0.7715062 -0.6824627 0.560083 0.4696293 -0.3657634 0.3001749 -0.8809723 -0.7400249 0.6073231 0.2890014 -0.2253866 0.1849696 -0.9565496 -0.4913439 0.5987046 -0.6325613 -0.4913438 0.5987046 0.6325616 -0.4036145 0.4918066 -0.7715061 -0.5600827 0.6824627 0.4696298 -0.3001744 0.3657642 -0.8809721 -0.6073222 0.7400256 0.2890014 -0.184968 0.2253866 -0.95655 -0.6313672 0.769324 0.09755092 -0.06247669 0.0761314 0.9951385 -0.06247782 0.07613122 -0.9951385 -0.6313672 0.7693241 -0.09755092 -0.1849693 0.2253871 0.9565497 -0.6073228 0.7400251 -0.2890018 -0.3001746 0.3657637 0.8809723 -0.5600826 0.6824631 -0.4696293 -0.4036149 0.4918067 0.7715058 -0.04642808 0.08685761 0.9951384 -0.0464282 0.08685749 -0.9951384 -0.4691482 0.8777152 -0.09755063 -0.1374455 0.2571422 0.9565494 -0.4512816 0.8442884 -0.2890022 -0.2230502 0.4172969 0.8809723 -0.4161782 0.7786162 -0.4696301 -0.2999128 0.5610979 0.7715061 -0.3651017 0.683057 -0.6325614 -0.3651013 0.6830574 0.6325612 -0.299913 0.5610982 -0.7715057 -0.416179 0.7786161 0.4696297 -0.2230508 0.4172973 -0.8809719 -0.4512813 0.8442888 0.2890011 -0.1374456 0.2571417 -0.9565495 -0.469148 0.8777153 0.09755098 -0.2248284 0.7411602 0.6325613 -0.1846852 0.6088261 -0.7715065 -0.2562817 0.8448474 0.4696303 -0.1373536 0.452794 -0.880972 -0.2778977 0.9161065 0.2890016 -0.08463609 0.2790151 -0.9565497 -0.2888997 0.9523765 0.09755098 -0.0285862 0.09424602 0.9951385 -0.02858799 0.09424585 -0.9951384 -0.2889 0.9523764 -0.09755057 -0.0846371 0.2790156 0.9565495 -0.2778978 0.9161065 -0.2890014 -0.1373532 0.4527937 0.8809723 -0.2562811 0.844848 -0.4696297 -0.1846854 0.6088266 0.7715061 -0.2248284 0.7411606 -0.6325609 -0.09755462 0.9904378 -0.09755021 -0.02858209 0.290166 0.9565494 -0.09383445 0.9527187 -0.2890021 -0.04638135 0.4708896 0.880972 -0.08653545 0.8786125 -0.4696294 -0.06236243 0.6331585 0.7715058 -0.07591497 0.7707809 -0.6325612 -0.07591867 0.7707794 0.6325626 -0.06236332 0.6331576 -0.7715065 -0.08653783 0.8786131 0.4696277 -0.04637706 0.47089 -0.8809721 -0.09383904 0.9527177 0.289004 -0.02858102 0.2901659 -0.9565495 -0.09755355 0.990438 0.09754955 -0.009653866 0.09801244 0.9951384 -0.009652733 0.09801244 -0.9951384 0.09801727 0.9951847 0 0.2902846 0.9569405 0 0.471397 0.8819212 0 0.6343935 0.7730103 0 0.7730107 0.634393 0 0.8819215 0.4713965 0 0.9569404 0.2902846 0 0.9951848 0.09801727 0 0.9951848 -0.09801667 0 0.9569404 -0.2902846 0 0.8819213 -0.4713966 0 0.7730104 -0.6343934 0 0.6343934 -0.7730104 0 0.4713969 -0.8819212 0 0.2902842 -0.9569405 0 0.09801697 -0.9951848 0 -0.09801757 -0.9951848 0 -0.2902852 -0.9569402 0 -0.4713973 -0.8819211 0 -0.6343939 -0.77301 0 -0.7730109 -0.6343927 0 -0.8819217 -0.471396 0 -0.9569408 -0.2902833 0 -0.9951849 -0.09801602 0 -0.9951847 0.09801781 0 -0.9569401 0.2902857 0 -0.8819207 0.4713978 0 -0.7730098 0.6343942 0 -0.6343926 0.7730111 0 -0.4713957 0.8819218 0 0 0 1 -0.290283 0.9569408 0 -0.0980165 0.9951848 0 0 0 -1 0.09754979 0.9904385 -0.09754872 0.02858078 0.2901661 0.9565494 0.09383463 0.9527184 -0.2890033 0.04637861 0.4708893 0.8809724 0.0865333 0.8786135 -0.4696279 0.06236058 0.6331583 0.7715063 0.07591122 0.7707803 -0.6325625 0.07591521 0.7707799 0.6325625 0.06235915 0.6331592 -0.7715055 0.08653575 0.8786131 0.4696281 0.04637706 0.4708895 -0.8809725 0.09383463 0.9527181 0.2890042 0.02857804 0.290166 -0.9565496 0.09754979 0.9904383 0.09755021 0.08463895 0.2790148 -0.9565496 0.2889003 0.9523763 0.09755051 0.2889004 0.9523764 -0.09754937 0.08463555 0.2790151 0.9565498 0.2778981 0.9161058 -0.2890034 0.1373534 0.4527937 0.8809723 0.2562821 0.8448487 -0.4696278 0.1846861 0.608827 0.7715055 0.2248284 0.7411591 -0.6325626 0.2248287 0.7411589 0.6325628 0.1846856 0.6088269 -0.7715057 0.2562823 0.8448484 0.4696283 0.1373541 0.4527935 -0.8809723 0.2778978 0.9161058 0.2890037 0.2999132 0.561098 0.7715057 0.3651013 0.683056 -0.6325628 0.3651012 0.6830558 0.632563 0.2999126 0.561098 -0.771506 0.4161793 0.7786172 0.4696276 0.2230499 0.4172968 -0.8809722 0.4512812 0.8442878 0.2890043 0.1374452 0.2571417 -0.9565496 0.4691487 0.8777151 0.09754925 0.4691486 0.8777151 -0.09754943 0.1374452 0.2571419 0.9565495 0.4512816 0.8442877 -0.2890042 0.2230505 0.4172968 0.8809721 0.4161795 0.778617 -0.4696278 0.631368 0.7693235 0.09754973 0.6313674 0.7693239 -0.09755063 0.1849746 0.2253867 0.9565486 0.6073224 0.7400246 -0.2890037 0.3001739 0.3657637 0.8809726 0.5600836 0.6824631 -0.469628 0.4036151 0.4918067 0.7715058 0.4913436 0.598704 -0.6325624 0.4913435 0.5987038 0.6325626 0.4036151 0.4918063 -0.771506 0.5600831 0.6824635 0.4696282 0.3001739 0.3657639 -0.8809725 0.6073224 0.7400247 0.2890036 0.1849713 0.2253862 -0.9565494 0.5987038 0.4913436 -0.6325625 0.598704 0.4913433 0.6325626 0.4918062 0.403615 -0.7715061 0.6824632 0.5600827 0.4696289 0.3657633 0.3001748 -0.8809725 0.7400244 0.6073226 0.2890036 0.2253876 0.1849699 -0.9565493 0.7693239 0.6313673 0.09755045 0.7693238 0.6313676 -0.09755009 0.225385 0.1849702 0.9565499 0.7400248 0.6073224 -0.2890035 0.3657641 0.3001751 0.8809719 0.6824634 0.5600833 -0.469628 0.4918069 0.4036149 0.7715057 0.8777153 0.469148 -0.09755015 0.2571429 0.1374452 0.9565493 0.8442884 0.4512808 -0.2890031 0.4172967 0.2230501 0.8809723 0.778617 0.416179 -0.4696282 0.561098 0.2999126 0.771506 0.6830562 0.3651013 -0.6325624 0.6830566 0.3651005 0.6325625 0.5610973 0.2999137 -0.7715061 0.7786167 0.4161794 0.4696285 0.4172965 0.22305 -0.8809725 0.8442882 0.4512808 0.2890037 0.257142 0.1374447 -0.9565495 0.8777152 0.4691483 0.09755057 0.6088268 0.1846855 -0.7715058 0.8448486 0.2562817 0.4696282 0.4527935 0.1373533 -0.8809723 0.9161057 0.277898 0.2890035 0.2790152 0.08463788 -0.9565495 0.9523764 0.2888998 0.09755057 0.9523763 0.2889007 -0.09755039 0.279015 0.08463805 0.9565497 0.9161059 0.2778977 -0.2890034 0.4527932 0.1373529 0.8809726 0.8448485 0.2562824 -0.469628 0.6088266 0.1846854 0.771506 0.7411592 0.224828 -0.6325626 0.7411593 0.2248277 0.6325626 0.2901659 0.02857887 0.9565495 0.9527184 0.09383487 -0.2890031 0.470889 0.04637873 0.8809726 0.8786131 0.08653581 -0.469628 0.6331588 0.06236135 0.7715057 0.7707798 0.0759148 -0.6325626 0.7707797 0.07591521 0.6325626 0.6331586 0.06236016 -0.7715059 0.878613 0.08653551 0.4696285 0.4708894 0.04637849 -0.8809723 0.9527184 0.0938338 0.2890036 0.2901665 0.02857822 -0.9565494 0.9904382 0.09754925 0.09755104 0.9904383 0.09754937 -0.09755051 0.8786128 -0.08653646 0.4696285 0.4708896 -0.04637849 -0.8809723 0.9527184 -0.09383463 0.2890031 0.2901656 -0.02857899 -0.9565497 0.9904382 -0.09755009 0.0975511 0.9904384 -0.09754937 -0.09755098 0.2901659 -0.02857887 0.9565497 0.9527184 -0.09383493 -0.2890031 0.4708888 -0.04637879 0.8809726 0.8786133 -0.08653575 -0.469628 0.6331588 -0.06236064 0.7715058 0.7707798 -0.07591527 -0.6325626 0.77078 -0.07591468 0.6325624 0.633158 -0.06236076 -0.7715063 0.9161058 -0.2778985 -0.2890029 0.4527939 -0.1373534 0.880972 0.8448489 -0.2562808 -0.4696282 0.6088263 -0.1846854 0.7715062 0.7411592 -0.2248284 -0.6325625 0.7411594 -0.2248283 0.6325622 0.6088263 -0.1846851 -0.7715064 0.844848 -0.2562825 0.4696287 0.4527944 -0.1373535 -0.8809718 0.9161061 -0.2778972 0.2890032 0.2790153 -0.08463829 -0.9565495 0.9523762 -0.2889006 0.09755104 0.9523763 -0.2889 -0.0975511 0.2790152 -0.08463889 0.9565494 0.4172967 -0.2230498 -0.8809724 0.8442881 -0.4512817 0.2890028 0.2571411 -0.137445 -0.9565498 0.8777153 -0.4691479 0.09755104 0.8777146 -0.4691493 -0.0975511 0.2571449 -0.1374453 0.9565486 0.8442879 -0.4512817 -0.2890031 0.4172965 -0.2230502 0.8809723 0.7786169 -0.416179 -0.4696285 0.5610979 -0.2999134 0.7715058 0.6830563 -0.3651016 -0.6325623 0.6830564 -0.3651012 0.6325623 0.561098 -0.2999126 -0.771506 0.7786166 -0.4161794 0.4696286 0.3657631 -0.3001748 0.8809725 0.6824636 -0.5600831 -0.4696281 0.4918063 -0.4036154 0.771506 0.5987036 -0.4913441 -0.6325623 0.5987038 -0.4913435 0.6325626 0.4918057 -0.4036151 -0.7715063 0.6824631 -0.5600827 0.4696292 0.3657634 -0.3001752 -0.8809722 0.7400249 -0.6073223 0.289003 0.2253858 -0.18497 -0.9565497 0.7693237 -0.6313675 0.09755128 0.7693233 -0.6313681 -0.09755057 0.2253849 -0.1849703 0.9565498 0.7400251 -0.6073222 -0.2890031 0.6073225 -0.7400249 0.2890028 0.1849685 -0.2253866 -0.9565499 0.6313673 -0.7693238 0.09755045 0.6313679 -0.7693233 -0.0975511 0.1849706 -0.2253867 0.9565495 0.6073221 -0.740025 -0.2890034 0.300174 -0.3657643 0.8809723 0.5600833 -0.6824632 -0.4696282 0.4036158 -0.491806 0.7715058 0.4913434 -0.5987043 -0.6325621 0.4913434 -0.5987036 0.6325628 0.4036156 -0.4918062 -0.7715058 0.5600828 -0.682463 0.4696292 0.3001745 -0.3657642 -0.8809722 0.416179 -0.7786169 -0.4696285 0.2999135 -0.5610982 0.7715055 0.3651013 -0.6830566 -0.6325621 0.3651001 -0.6830567 0.6325627 0.2999125 -0.5610982 -0.771506 0.4161788 -0.7786167 0.4696289 0.2230501 -0.417297 -0.8809721 0.4512813 -0.8442882 0.2890029 0.1374462 -0.2571415 -0.9565494 0.4691479 -0.8777154 0.09755003 0.4691482 -0.8777149 -0.09755176 0.1374454 -0.257142 0.9565494 0.451281 -0.8442884 -0.289003 0.2230502 -0.417297 0.8809721 0.08463698 -0.279015 -0.9565497 0.2889001 -0.9523763 0.0975517 0.2889001 -0.9523763 -0.09755158 0.08464163 -0.2790152 0.9565492 0.2778975 -0.9161062 -0.2890022 0.1373523 -0.4527939 0.8809723 0.2562817 -0.8448483 -0.4696288 0.1846855 -0.6088272 0.7715054 0.2248281 -0.7411596 -0.6325622 0.2248284 -0.7411593 0.6325623 0.1846854 -0.6088267 -0.771506 0.2562809 -0.8448483 0.4696292 0.1373533 -0.4527937 -0.8809722 0.2778975 -0.9161058 0.2890037 0.07591485 -0.7707799 -0.6325626 0.07591474 -0.7707805 0.6325618 0.06236052 -0.6331584 -0.7715061 0.08653527 -0.8786126 0.4696293 0.04637825 -0.4708896 -0.8809722 0.09383463 -0.9527182 0.2890037 0.02857881 -0.2901659 -0.9565497 0.09754925 -0.9904384 0.09755086 0.0975492 -0.9904384 -0.09755092 0.02857589 -0.2901663 0.9565495 0.09383416 -0.9527184 -0.2890032 0.04637771 -0.4708893 0.8809725 0.08653599 -0.8786132 -0.469628 0.06236064 -0.6331588 0.7715058 -0.09754973 -0.9904382 -0.09755116 -0.02857589 -0.2901661 0.9565497 -0.09383469 -0.9527185 -0.2890029 -0.04637771 -0.4708893 0.8809725 -0.08653593 -0.8786128 -0.4696286 -0.0623607 -0.6331591 0.7715055 -0.07591539 -0.7707806 -0.6325616 -0.07591521 -0.7707805 0.6325618 -0.0623607 -0.6331589 -0.7715057 -0.08653593 -0.8786123 0.4696297 -0.04637908 -0.4708897 -0.8809721 -0.09383457 -0.9527183 0.2890036 -0.02857935 -0.2901659 -0.9565497 -0.09754991 -0.9904382 0.09755086 -0.2248284 -0.7411594 0.6325622 -0.1846855 -0.6088269 -0.7715058 -0.2562825 -0.8448479 0.4696289 -0.1373538 -0.4527934 -0.8809723 -0.2778976 -0.9161061 0.289003 -0.08463925 -0.2790149 -0.9565495 -0.2889004 -0.9523761 0.09755164 -0.2889004 -0.9523761 -0.09755116 -0.0846377 -0.2790153 0.9565495 -0.277898 -0.9161062 -0.2890021 -0.1373534 -0.4527934 0.8809723 -0.2562816 -0.8448476 -0.46963 -0.1846855 -0.6088272 0.7715054 -0.2248286 -0.7411596 -0.632562 -0.4691486 -0.8777148 -0.09755116 -0.1374453 -0.2571419 0.9565494 -0.4512814 -0.8442884 -0.2890024 -0.2230505 -0.4172965 0.8809723 -0.4161791 -0.7786161 -0.4696298 -0.2999135 -0.561098 0.7715057 -0.3651016 -0.6830568 -0.6325616 -0.3651016 -0.6830573 0.6325613 -0.2999126 -0.5610978 -0.7715062 -0.4161792 -0.7786161 0.4696294 -0.2230505 -0.417297 -0.8809721 -0.4512816 -0.8442881 0.2890028 -0.1374463 -0.2571416 -0.9565494 -0.4691484 -0.8777149 0.09755164 -0.4036151 -0.4918063 -0.771506 -0.5600828 -0.6824631 0.4696291 -0.3001744 -0.3657639 -0.8809723 -0.6073229 -0.7400245 0.289003 -0.1849695 -0.2253865 -0.9565497 -0.6313679 -0.7693235 0.09755128 -0.6313679 -0.7693233 -0.09755134 -0.1849709 -0.2253872 0.9565493 -0.6073229 -0.7400246 -0.2890027 -0.3001736 -0.3657632 0.8809729 -0.5600832 -0.6824625 -0.4696295 -0.4036148 -0.4918066 0.771506 -0.4913445 -0.5987039 -0.6325617 -0.491344 -0.5987045 0.6325615 -0.2253852 -0.1849704 0.9565498 -0.740025 -0.6073226 -0.2890023 -0.3657638 -0.3001744 0.8809723 -0.6824626 -0.560083 -0.4696295 -0.4918063 -0.403615 0.771506 -0.5987043 -0.4913439 -0.6325618 -0.5987042 -0.4913439 0.6325618 -0.4918062 -0.4036152 -0.771506 -0.6824632 -0.5600821 0.4696297 -0.3657643 -0.3001748 -0.880972 -0.7400246 -0.607323 0.2890025 -0.2253851 -0.1849701 -0.9565499 -0.7693238 -0.6313674 0.09755128 -0.7693237 -0.6313675 -0.09755134 -0.7786164 -0.4161783 0.46963 -0.4172967 -0.2230497 -0.8809724 -0.8442882 -0.4512817 0.2890025 -0.2571419 -0.1374449 -0.9565495 -0.8777153 -0.4691479 0.09755104 -0.8777152 -0.469148 -0.09755134 -0.2571416 -0.1374451 0.9565495 -0.8442886 -0.4512812 -0.2890021 -0.4172967 -0.2230491 0.8809726 -0.7786163 -0.4161794 -0.4696292 -0.5610983 -0.2999133 0.7715055 -0.6830569 -0.3651016 -0.6325616 -0.6830567 -0.3651013 0.6325619 -0.5610975 -0.2999138 -0.7715059 -0.9161063 -0.2778979 -0.289002 -0.4527929 -0.1373535 0.8809726 -0.8448479 -0.256282 -0.4696292 -0.6088262 -0.1846862 0.7715061 -0.74116 -0.2248283 -0.6325616 -0.7411601 -0.224828 0.6325615 -0.6088266 -0.1846854 -0.771506 -0.8448476 -0.2562816 0.46963 -0.452794 -0.1373536 -0.880972 -0.9161062 -0.2778974 0.2890025 -0.2790157 -0.08463793 -0.9565493 -0.9523764 -0.2889 0.09755122 -0.9523763 -0.2889 -0.09755116 -0.2790146 -0.08463877 0.9565496 -0.4708896 -0.04637849 -0.8809722 -0.9527187 -0.09383469 0.2890024 -0.2901671 -0.02857881 -0.9565492 -0.9904382 -0.09754931 0.09755104 -0.9904382 -0.09754937 -0.0975511 -0.2901672 -0.02857887 0.9565492 -0.9527187 -0.09383416 -0.2890022 -0.4708892 -0.04637825 0.8809725 -0.8786125 -0.08653569 -0.4696292 -0.6331586 -0.0623607 0.7715059 -0.7707808 -0.07591491 -0.6325615 -0.7707807 -0.0759148 0.6325616 -0.6331585 -0.06236016 -0.771506 -0.8786123 -0.08653551 0.4696297 -0.8786123 0.08653658 -0.4696294 -0.6331589 0.06236135 0.7715056 -0.7707806 0.07591634 -0.6325615 -0.7707806 0.07591593 0.6325614 -0.6331585 0.0623607 -0.771506 -0.8786123 0.08653551 0.4696298 -0.4708897 0.04637849 -0.8809722 -0.9527186 0.09383553 0.2890024 -0.2901665 0.02857905 -0.9565494 -0.9904382 0.09754931 0.0975511 -0.9904381 0.09755092 -0.09755098 -0.2901663 0.0285784 0.9565494 -0.9527187 0.09383499 -0.2890021 -0.4708888 0.04637879 0.8809727 -0.2790148 0.08463847 -0.9565497 -0.9523763 0.2889 0.09755116 -0.9523761 0.2889008 -0.09755104 -0.2790146 0.08463877 0.9565497 -0.9161064 0.277898 -0.2890018 -0.4527921 0.1373531 0.8809731 -0.8448477 0.2562822 -0.4696295 -0.6088267 0.1846854 0.7715059 -0.7411597 0.2248292 -0.6325616 -0.74116 0.2248281 0.6325616 -0.6088263 0.1846849 -0.7715063 -0.8448477 0.2562816 0.4696299 -0.4527934 0.137354 -0.8809722 -0.9161063 0.2778974 0.2890023 -0.5610979 0.2999127 0.771506 -0.683057 0.3651017 -0.6325615 -0.6830571 0.3651016 0.6325613 -0.5610975 0.2999131 -0.7715061 -0.7786158 0.4161794 0.46963 -0.4172974 0.2230501 -0.8809719 -0.8442883 0.4512818 0.2890021 -0.2571416 0.1374455 -0.9565496 -0.8777149 0.4691486 0.0975508 -0.8777144 0.4691494 -0.0975511 -0.2571424 0.1374455 0.9565494 -0.8442881 0.451282 -0.289002 -0.4172956 0.2230504 0.8809728 -0.7786161 0.4161794 -0.4696292 -0.7693235 0.6313679 0.09755086 -0.7693231 0.6313683 -0.0975508 -0.225389 0.1849702 0.956549 -0.7400248 0.6073232 -0.2890014 -0.3657631 0.3001751 0.8809725 -0.6824629 0.5600829 -0.4696291 -0.4918058 0.4036151 0.7715062 -0.5987043 0.4913443 -0.6325615 -0.5987047 0.4913443 0.6325612 -0.491806 0.4036149 -0.7715063 -0.6824623 0.5600827 0.4696301 -0.3657644 0.3001747 -0.8809719 -0.740025 0.6073225 0.2890027 -0.2253882 0.18497 -0.9565492 -0.4913438 0.5987046 -0.6325616 -0.4913439 0.5987046 0.6325613 -0.4036148 0.4918063 -0.7715061 -0.5600823 0.6824629 0.4696298 -0.3001749 0.3657639 -0.8809721 -0.6073228 0.7400251 0.2890018 -0.1849697 0.2253867 -0.9565496 -0.6313672 0.7693241 0.09755092 -0.6313672 0.769324 -0.09755092 -0.184971 0.2253869 0.9565493 -0.6073222 0.7400257 -0.2890015 -0.3001742 0.365764 0.8809723 -0.5600825 0.6824629 -0.4696297 -0.4036152 0.4918062 0.771506 -0.469148 0.8777152 -0.09755098 -0.1374489 0.257142 0.9565489 -0.4512811 0.8442889 -0.2890011 -0.2230494 0.4172967 0.8809725 -0.4161792 0.7786163 -0.4696295 -0.2999129 0.5610979 0.771506 -0.3651013 0.6830574 -0.6325612 -0.3651017 0.683057 0.6325614 -0.2999131 0.5610975 -0.7715061 -0.416178 0.7786163 0.4696304 -0.2230498 0.4172971 -0.8809723 -0.4512816 0.8442884 0.2890022 -0.1374454 0.2571418 -0.9565495 -0.4691482 0.8777152 0.09755063 -0.2248284 0.7411606 0.6325609 -0.1846848 0.6088266 -0.7715062 -0.2562813 0.8448477 0.46963 -0.1373531 0.4527941 -0.880972 -0.2778977 0.9161065 0.2890014 -0.08463907 0.279015 -0.9565495 -0.2889 0.9523764 0.09755057 -0.2888997 0.9523765 -0.09755098 -0.08463776 0.2790156 0.9565494 -0.2778976 0.9161065 -0.2890017 -0.1373515 0.4527937 0.8809725 -0.2562819 0.8448476 -0.4696299 -0.1846854 0.6088265 0.7715061 -0.2248284 0.7411602 -0.6325613 -0.09755355 0.990438 -0.09754955 -0.02857983 0.2901662 0.9565495 -0.09383922 0.952717 -0.2890062 -0.04638212 0.4708889 0.8809724 -0.08653551 0.8786125 -0.4696294 -0.0623629 0.6331578 0.7715064 -0.07591497 0.770781 -0.6325613 -0.07591754 0.7707806 0.6325615 -0.06236082 0.6331598 -0.7715049 -0.08654028 0.8786118 0.46963 -0.04638129 0.4708887 -0.8809726 -0.09383684 0.9527184 0.2890021 -0.02857804 0.290166 -0.9565496 -0.09755432 0.9904379 0.09755021 0.09801727 0.9951847 0 0.2902847 0.9569404 0 0.4713969 0.8819212 0 0.6343932 0.7730106 0 0.7730104 0.6343934 0 0.8819215 0.4713966 0 0.9569404 0.2902847 0 0.9951848 -0.09801727 0 0.9569404 -0.2902847 0 0.8819215 -0.4713962 0 0.7730107 -0.634393 0 0.6343933 -0.7730104 0 0.4713969 -0.8819212 0 0.2902843 -0.9569405 0 0.09801691 -0.9951848 0 -0.09801751 -0.9951848 0 -0.2902852 -0.9569402 0 -0.4713973 -0.8819211 0 -0.6343935 -0.7730103 0 -0.7730112 -0.6343924 0 -0.8819217 -0.4713961 0 -0.9569406 -0.2902839 0 -0.9951848 -0.09801661 0 -0.9951847 0.09801846 0 -0.95694 0.2902857 0 -0.8819209 0.4713974 0 -0.6343922 0.7730113 0 -0.4713957 0.8819218 0 0 0 1 0 0 1 0 0 1 0 0 1 0 0 1 0 0 1 0 0 1 0 0 1 0 0 1 0 0 1 0 0 1 0 0 1 0 0 1 0 0 1 0 0 1 0 0 1 0 0 1 0 0 1 -0.2902831 0.9569409 0 -0.0980165 0.9951848 0 -4.29515e-5 0 -1 2.18965e-5 0 -1 3.18009e-5 0 -1 -3.1801e-5 0 -1 -8.18462e-6 0 -1 8.18462e-6 0 -1 -8.18461e-6 0 -1 1.15119e-6 0 -1 2.38419e-7 0 -1</float_array>
          <technique_common>
            <accessor source="#Sphere_004-mesh-normals-array" count="1051" stride="3">
              <param name="X" type="float"/>
              <param name="Y" type="float"/>
              <param name="Z" type="float"/>
            </accessor>
          </technique_common>
        </source>
        <source id="Sphere_004-mesh-map-0">
          <float_array id="Sphere_004-mesh-map-0-array" count="6504">0.7343749 0 0.75 0.06249988 0.7187499 0.06249988 0.75 0.5 0.71875 0.4375001 0.75 0.4375001 0.75 0.875 0.7187499 0.9375001 0.71875 0.875 0.75 0.4375001 0.71875 0.3750001 0.75 0.375 0.75 0.8125 0.71875 0.875 0.71875 0.8125 0.75 0.375 0.71875 0.3125001 0.7499999 0.3124999 0.75 0.8125 0.71875 0.7500001 0.75 0.7500001 0.7499999 0.3124999 0.71875 0.25 0.7499999 0.2499999 0.75 0.7500001 0.71875 0.6875 0.75 0.6875 0.7499999 0.2499999 0.71875 0.1875 0.75 0.1875 0.75 0.6875 0.71875 0.625 0.75 0.625 0.75 0.1875 0.71875 0.125 0.7499999 0.1249998 0.75 0.625 0.71875 0.5625 0.75 0.5625 0.7499999 0.1249998 0.7187499 0.06249988 0.75 0.06249988 0.75 0.5625 0.71875 0.5 0.75 0.5 0.75 0.9375001 0.734375 1 0.7187499 0.9375001 0.71875 0.125 0.6874999 0.06249988 0.7187499 0.06249988 0.71875 0.5625 0.6875 0.5 0.71875 0.5 0.7187499 0.9375001 0.7031249 1 0.6874999 0.9375001 0.7031249 0 0.7187499 0.06249988 0.6874999 0.06249988 0.71875 0.4375001 0.6875 0.5 0.6875 0.4375001 0.71875 0.875 0.6874999 0.9375001 0.6874999 0.875 0.71875 0.4375001 0.6875 0.3750001 0.71875 0.3750001 0.71875 0.875 0.6874999 0.8125 0.71875 0.8125 0.71875 0.3125001 0.6875 0.3750001 0.6875 0.3125001 0.71875 0.8125 0.6874999 0.7500001 0.71875 0.7500001 0.71875 0.25 0.6875 0.3125001 0.6874999 0.25 0.71875 0.7500001 0.6875 0.6875 0.71875 0.6875 0.71875 0.1875 0.6874999 0.25 0.6874999 0.1875 0.71875 0.6875 0.6875 0.625 0.71875 0.625 0.71875 0.125 0.6874999 0.1875 0.6874999 0.125 0.71875 0.5625 0.6875 0.625 0.6875 0.5625 0.6874999 0.7500001 0.6562499 0.8125 0.6562499 0.75 0.6875 0.3125001 0.6562499 0.25 0.6874999 0.25 0.6874999 0.7500001 0.65625 0.6875 0.6875 0.6875 0.6874999 0.25 0.6562499 0.1875 0.6874999 0.1875 0.6875 0.6875 0.65625 0.625 0.6875 0.625 0.6874999 0.1875 0.6562499 0.125 0.6874999 0.125 0.6875 0.5625 0.65625 0.625 0.65625 0.5625 0.6874999 0.125 0.6562499 0.06249994 0.6874999 0.06249988 0.6875 0.5 0.65625 0.5625 0.6562499 0.5 0.6874999 0.9375001 0.6718748 1 0.6562498 0.9375001 0.6718748 0 0.6874999 0.06249988 0.6562499 0.06249994 0.6875 0.5 0.65625 0.4375001 0.6875 0.4375001 0.6874999 0.9375001 0.6562499 0.875 0.6874999 0.875 0.6875 0.4375001 0.65625 0.3750001 0.6875 0.3750001 0.6874999 0.8125 0.6562499 0.875 0.6562499 0.8125 0.6875 0.3125001 0.65625 0.3750001 0.65625 0.3125001 0.6562499 0.5 0.6249999 0.5625 0.6249999 0.5 0.6562498 0.9375001 0.6406248 1 0.6249998 0.9375 0.6406248 0 0.6562499 0.06249994 0.6249998 0.06249994 0.6562499 0.5 0.6249999 0.4375001 0.65625 0.4375001 0.6562498 0.9375001 0.6249999 0.875 0.6562499 0.875 0.65625 0.4375001 0.625 0.3750001 0.65625 0.3750001 0.6562499 0.875 0.6249999 0.8125 0.6562499 0.8125 0.65625 0.3125001 0.625 0.3750001 0.6249999 0.3125001 0.6562499 0.8125 0.6249999 0.75 0.6562499 0.75 0.6562499 0.25 0.6249999 0.3125001 0.6249999 0.25 0.6562499 0.75 0.6249999 0.6875 0.65625 0.6875 0.6562499 0.1875 0.6249999 0.25 0.6249999 0.1875 0.65625 0.6875 0.6249999 0.625 0.65625 0.625 0.6562499 0.1875 0.6249999 0.125 0.6562499 0.125 0.65625 0.5625 0.6249999 0.625 0.6249999 0.5625 0.6562499 0.125 0.6249998 0.06249994 0.6562499 0.06249994 0.6249999 0.3125001 0.5937499 0.25 0.6249999 0.25 0.6249999 0.6875 0.5937499 0.75 0.5937499 0.6875 0.6249999 0.1875 0.5937499 0.25 0.5937499 0.1875 0.6249999 0.6875 0.5937499 0.625 0.6249999 0.625 0.6249999 0.1875 0.5937499 0.125 0.6249999 0.125 0.6249999 0.5625 0.5937499 0.625 0.5937499 0.5625 0.6249999 0.125 0.5937498 0.06249994 0.6249998 0.06249994 0.6249999 0.5 0.5937499 0.5625 0.5937499 0.5 0.6249998 0.9375 0.6093747 1 0.5937498 0.9375 0.6093747 0 0.6249998 0.06249994 0.5937498 0.06249994 0.6249999 0.5 0.5937499 0.4375001 0.6249999 0.4375001 0.6249998 0.9375 0.5937499 0.875 0.6249999 0.875 0.6249999 0.4375001 0.59375 0.3750001 0.625 0.3750001 0.6249999 0.875 0.5937499 0.8125 0.6249999 0.8125 0.6249999 0.3125001 0.59375 0.3750001 0.5937499 0.3125001 0.6249999 0.8125 0.5937499 0.75 0.6249999 0.75 0.5781247 0 0.5937498 0.06249994 0.5624998 0.06249994 0.5937499 0.4375001 0.5624999 0.5 0.5624999 0.4375001 0.5937498 0.9375 0.5624999 0.875 0.5937499 0.875 0.5937499 0.4375001 0.5624999 0.3750001 0.59375 0.3750001 0.5937499 0.875 0.5624999 0.8125 0.5937499 0.8125 0.5937499 0.3125001 0.5624999 0.3750001 0.5624999 0.3125001 0.5937499 0.8125 0.5624999 0.75 0.5937499 0.75 0.5937499 0.3125001 0.5624999 0.25 0.5937499 0.25 0.5937499 0.6875 0.5624999 0.75 0.5624999 0.6875 0.5937499 0.1875 0.5624999 0.25 0.5624999 0.1875 0.5937499 0.6875 0.5624999 0.625 0.5937499 0.625 0.5937499 0.1875 0.5624999 0.125 0.5937499 0.125 0.5937499 0.5625 0.5624999 0.625 0.5624999 0.5625 0.5937498 0.06249994 0.5624999 0.125 0.5624998 0.06249994 0.5937499 0.5625 0.5624999 0.5 0.5937499 0.5 0.5937498 0.9375 0.5781245 1 0.5624998 0.9375 0.5624999 0.1875 0.5312499 0.2500001 0.5312499 0.1875 0.5624999 0.6875 0.5312499 0.625 0.5624999 0.625 0.5624999 0.1875 0.5312499 0.125 0.5624999 0.125 0.5624999 0.5625 0.5312499 0.625 0.5312499 0.5625 0.5624998 0.06249994 0.5312499 0.125 0.5312498 0.06249994 0.5624999 0.5625 0.5312499 0.5 0.5624999 0.5 0.5624998 0.9375 0.5468745 1 0.5312498 0.9375 0.5468747 0 0.5624998 0.06249994 0.5312498 0.06249994 0.5624999 0.4375001 0.5312499 0.5 0.5312499 0.4375001 0.5624998 0.9375 0.5312499 0.875 0.5624999 0.875 0.5624999 0.4375001 0.5312499 0.3750001 0.5624999 0.3750001 0.5624999 0.875 0.5312499 0.8125 0.5624999 0.8125 0.5624999 0.3125001 0.5312499 0.3750001 0.5312499 0.3125001 0.5624999 0.8125 0.5312499 0.75 0.5624999 0.75 0.5624999 0.3125001 0.5312499 0.2500001 0.5624999 0.25 0.5624999 0.6875 0.5312499 0.75 0.5312499 0.6875 0.5312498 0.9375 0.4999998 0.875 0.5312499 0.875 0.5312499 0.4375001 0.5 0.3750001 0.5312499 0.3750001 0.5312499 0.875 0.4999999 0.8125 0.5312499 0.8125 0.5312499 0.3125001 0.5 0.3750001 0.4999999 0.3125001 0.5312499 0.8125 0.4999999 0.75 0.5312499 0.75 0.5312499 0.3125001 0.4999999 0.2500001 0.5312499 0.2500001 0.5312499 0.75 0.4999999 0.6875 0.5312499 0.6875 0.5312499 0.1875 0.4999999 0.2500001 0.4999999 0.1875 0.5312499 0.6875 0.4999999 0.625 0.5312499 0.625 0.5312499 0.125 0.4999999 0.1875 0.4999998 0.125 0.5312499 0.5625 0.4999999 0.625 0.4999999 0.5625 0.5312498 0.06249994 0.4999998 0.125 0.4999997 0.06249994 0.5312499 0.5625 0.4999999 0.5 0.5312499 0.5 0.5312498 0.9375 0.5156245 1 0.4999997 0.9375 0.5156247 0 0.5312498 0.06249994 0.4999997 0.06249994 0.5312499 0.4375001 0.4999999 0.5 0.4999999 0.4375001 0.4999999 0.6875 0.4687499 0.625 0.4999999 0.625 0.4999999 0.1875 0.4687498 0.125 0.4999998 0.125 0.4999999 0.5625 0.4687499 0.625 0.4687499 0.5625 0.4999997 0.06249994 0.4687498 0.125 0.4687497 0.06249994 0.4999999 0.5625 0.4687499 0.5 0.4999999 0.5 0.4999997 0.9375 0.4843745 1 0.4687497 0.9375 0.4843746 0 0.4999997 0.06249994 0.4687497 0.06249994 0.4999999 0.4375001 0.4687499 0.5 0.4687499 0.4375001 0.4999997 0.9375 0.4687498 0.8749999 0.4999998 0.875 0.4999999 0.4375001 0.46875 0.3750001 0.5 0.3750001 0.4999998 0.875 0.4687499 0.8125 0.4999999 0.8125 0.4999999 0.3125001 0.46875 0.3750001 0.4687499 0.3125001 0.4999999 0.8125 0.4687499 0.75 0.4999999 0.75 0.4999999 0.3125001 0.4687499 0.2500001 0.4999999 0.2500001 0.4999999 0.75 0.4687499 0.6875 0.4999999 0.6875 0.4999999 0.1875 0.4687499 0.2500001 0.4687499 0.1875 0.4687499 0.4375001 0.4375 0.3750001 0.46875 0.3750001 0.4687498 0.8749999 0.4374999 0.8125 0.4687499 0.8125 0.4687499 0.3125001 0.4375 0.3750001 0.4374999 0.3125001 0.4687499 0.8125 0.4374999 0.75 0.4687499 0.75 0.4687499 0.3125001 0.4374999 0.2500001 0.4687499 0.2500001 0.4687499 0.6875 0.4374999 0.75 0.4374999 0.6875 0.4687499 0.1875 0.4374999 0.2500001 0.4374999 0.1875 0.4687499 0.6875 0.4375 0.625 0.4687499 0.625 0.4687498 0.125 0.4374999 0.1875 0.4374998 0.125 0.4687499 0.5625 0.4375 0.625 0.4374999 0.5625 0.4687497 0.06249994 0.4374998 0.125 0.4374997 0.06249994 0.4687499 0.5625 0.4374999 0.5 0.4687499 0.5 0.4687497 0.9375 0.4531245 1 0.4374997 0.9375 0.4531246 0 0.4687497 0.06249994 0.4374997 0.06249994 0.4687499 0.4375001 0.4374999 0.5 0.4374999 0.4375001 0.4687497 0.9375 0.4374998 0.8749999 0.4687498 0.8749999 0.4374999 0.1875 0.4062498 0.125 0.4374998 0.125 0.4374999 0.5625 0.40625 0.625 0.4062499 0.5625 0.4374998 0.125 0.4062498 0.06249994 0.4374997 0.06249994 0.4374999 0.5625 0.4062499 0.5 0.4374999 0.5 0.4374997 0.9375 0.4218745 1 0.4062497 0.9375 0.4218746 0 0.4374997 0.06249994 0.4062498 0.06249994 0.4374999 0.4375001 0.4062499 0.5 0.4062499 0.4375001 0.4374997 0.9375 0.4062499 0.8749999 0.4374998 0.8749999 0.4374999 0.4375001 0.40625 0.3750001 0.4375 0.3750001 0.4374998 0.8749999 0.4062499 0.8125 0.4374999 0.8125 0.4374999 0.3125001 0.40625 0.3750001 0.4062499 0.3125001 0.4374999 0.8125 0.4062499 0.7499999 0.4374999 0.75 0.4374999 0.3125001 0.4062499 0.2500001 0.4374999 0.2500001 0.4374999 0.6875 0.4062499 0.7499999 0.4062499 0.6875 0.4374999 0.1875 0.4062499 0.2500001 0.4062499 0.1875 0.4374999 0.6875 0.40625 0.625 0.4375 0.625 0.4062499 0.8749999 0.3749999 0.8124999 0.4062499 0.8125 0.4062499 0.3125001 0.375 0.3750001 0.3749999 0.3125001 0.4062499 0.8125 0.3749999 0.75 0.4062499 0.7499999 0.4062499 0.3125001 0.3749999 0.2500001 0.4062499 0.2500001 0.4062499 0.6875 0.3749999 0.75 0.3749999 0.6875 0.4062499 0.1875 0.3749999 0.2500001 0.3749999 0.1875 0.4062499 0.6875 0.375 0.625 0.40625 0.625 0.4062498 0.125 0.3749999 0.1875 0.3749999 0.125 0.4062499 0.5625 0.375 0.625 0.3749999 0.5625 0.4062498 0.06249994 0.3749999 0.125 0.3749998 0.06249994 0.4062499 0.5 0.3749999 0.5625 0.3749999 0.5 0.4062497 0.9375 0.3906245 1 0.3749998 0.9375 0.3906247 0 0.4062498 0.06249994 0.3749998 0.06249994 0.4062499 0.5 0.3749999 0.4375001 0.4062499 0.4375001 0.4062497 0.9375 0.3749999 0.8749999 0.4062499 0.8749999 0.4062499 0.4375001 0.375 0.3750001 0.40625 0.3750001 0.3749999 0.5625 0.34375 0.625 0.34375 0.5625 0.3749998 0.06249994 0.3437499 0.125 0.3437498 0.06249994 0.3749999 0.5 0.34375 0.5625 0.34375 0.5 0.3749998 0.9375 0.3593746 1 0.3437498 0.9375 0.3593747 0 0.3749998 0.06249994 0.3437498 0.06249994 0.3749999 0.5 0.34375 0.4375001 0.3749999 0.4375001 0.3749998 0.9375 0.3437499 0.8749999 0.3749999 0.8749999 0.3749999 0.4375001 0.34375 0.3750001 0.375 0.3750001 0.3749999 0.8749999 0.3437499 0.8124999 0.3749999 0.8124999 0.3749999 0.3125001 0.34375 0.3750001 0.3437499 0.3125001 0.3749999 0.8124999 0.3437499 0.7499999 0.3749999 0.75 0.3749999 0.3125001 0.3437499 0.2500001 0.3749999 0.2500001 0.3749999 0.6875 0.3437499 0.7499999 0.3437499 0.6875 0.3749999 0.1875 0.3437499 0.2500001 0.3437499 0.1875 0.3749999 0.6875 0.34375 0.625 0.375 0.625 0.3749999 0.125 0.3437499 0.1875 0.3437499 0.125 0.3437499 0.3125001 0.3125 0.3750001 0.3125 0.3125001 0.3437499 0.8124999 0.3125 0.75 0.3437499 0.7499999 0.3437499 0.2500001 0.3125 0.3125001 0.3125 0.2500001 0.3437499 0.7499999 0.3125 0.6875 0.3437499 0.6875 0.3437499 0.1875 0.3125 0.2500001 0.3125 0.1875 0.3437499 0.6875 0.3125 0.625 0.34375 0.625 0.3437499 0.125 0.3125 0.1875 0.3124999 0.125 0.34375 0.5625 0.3125 0.625 0.3125 0.5625 0.3437498 0.06249994 0.3124999 0.125 0.3124999 0.06249994 0.34375 0.5 0.3125 0.5625 0.3125 0.5 0.3437498 0.9375 0.3281247 1 0.3124999 0.9375 0.3281248 0 0.3437498 0.06249994 0.3124999 0.06249994 0.34375 0.5 0.3125 0.4375001 0.34375 0.4375001 0.3437498 0.9375 0.3125 0.8749999 0.3437499 0.8749999 0.34375 0.4375001 0.3125 0.3750001 0.34375 0.3750001 0.3437499 0.8124999 0.3125 0.8749999 0.3125 0.8124999 0.3124999 0.06249994 0.28125 0.125 0.2812499 0.06249994 0.3125 0.5 0.28125 0.5625 0.28125 0.5 0.3124999 0.9375 0.2968747 1 0.2812499 0.9375 0.2968749 0 0.3124999 0.06249994 0.2812499 0.06249994 0.3125 0.5 0.28125 0.4375001 0.3125 0.4375001 0.3124999 0.9375 0.28125 0.8749999 0.3125 0.8749999 0.3125 0.4375001 0.28125 0.3750001 0.3125 0.3750001 0.3125 0.8124999 0.28125 0.8749999 0.28125 0.8124999 0.3125 0.3125001 0.28125 0.3750001 0.28125 0.3125001 0.3125 0.75 0.28125 0.8124999 0.28125 0.75 0.3125 0.3125001 0.28125 0.2500001 0.3125 0.2500001 0.3125 0.75 0.28125 0.6875 0.3125 0.6875 0.3125 0.2500001 0.28125 0.1875 0.3125 0.1875 0.3125 0.6875 0.28125 0.625 0.3125 0.625 0.3125 0.1875 0.28125 0.125 0.3124999 0.125 0.3125 0.5625 0.28125 0.625 0.28125 0.5625 0.28125 0.3125001 0.25 0.2500001 0.28125 0.2500001 0.28125 0.75 0.25 0.6875 0.28125 0.6875 0.28125 0.1875 0.25 0.2500001 0.25 0.1875 0.28125 0.6875 0.25 0.625 0.28125 0.625 0.28125 0.125 0.25 0.1875 0.25 0.125 0.28125 0.5625 0.25 0.625 0.25 0.5625 0.2812499 0.06249994 0.25 0.125 0.25 0.06249994 0.28125 0.5 0.25 0.5625 0.25 0.5 0.2812499 0.9375 0.2656248 1 0.25 0.9375 0.265625 0 0.2812499 0.06249994 0.25 0.06249994 0.28125 0.5 0.25 0.4375001 0.28125 0.4375001 0.2812499 0.9375 0.25 0.8749999 0.28125 0.8749999 0.28125 0.4375001 0.25 0.3750001 0.28125 0.3750001 0.28125 0.8749999 0.25 0.8124999 0.28125 0.8124999 0.28125 0.3125001 0.25 0.3750001 0.25 0.3125001 0.28125 0.75 0.25 0.8124999 0.25 0.75 0.25 0.9375 0.2343749 1 0.21875 0.9375 0.234375 0 0.25 0.06249994 0.21875 0.06249994 0.25 0.5 0.21875 0.4375001 0.25 0.4375001 0.25 0.9375 0.21875 0.8749999 0.25 0.8749999 0.25 0.4375001 0.21875 0.3750001 0.25 0.3750001 0.25 0.8749999 0.21875 0.8124999 0.25 0.8124999 0.25 0.3125001 0.21875 0.3750001 0.21875 0.3125001 0.25 0.75 0.21875 0.8124999 0.21875 0.75 0.25 0.3125001 0.21875 0.2500001 0.25 0.2500001 0.25 0.6875 0.21875 0.75 0.21875 0.6875 0.25 0.2500001 0.21875 0.1875 0.25 0.1875 0.25 0.6875 0.21875 0.625 0.25 0.625 0.25 0.125 0.21875 0.1875 0.21875 0.125 0.25 0.5625 0.21875 0.625 0.21875 0.5625 0.25 0.06249994 0.21875 0.125 0.21875 0.06249994 0.25 0.5 0.21875 0.5625 0.21875 0.5 0.21875 0.6875 0.1875 0.75 0.1875 0.6875 0.21875 0.2500001 0.1875 0.1875 0.21875 0.1875 0.21875 0.6875 0.1875 0.625 0.21875 0.625 0.21875 0.125 0.1875 0.1875 0.1875 0.125 0.21875 0.5625 0.1875 0.625 0.1875 0.5625 0.21875 0.06249994 0.1875 0.125 0.1875001 0.06249994 0.21875 0.5 0.1875 0.5625 0.1875 0.5 0.21875 0.9375 0.203125 1 0.1875001 0.9375 0.2031251 0 0.21875 0.06249994 0.1875001 0.06249994 0.21875 0.5 0.1875 0.4375001 0.21875 0.4375001 0.21875 0.9375 0.1875 0.8749999 0.21875 0.8749999 0.21875 0.4375001 0.1875 0.3750001 0.21875 0.3750001 0.21875 0.8749999 0.1875 0.8124999 0.21875 0.8124999 0.21875 0.3125001 0.1875 0.3750001 0.1875 0.3125001 0.21875 0.75 0.1875 0.8124999 0.1875 0.75 0.21875 0.3125001 0.1875 0.2500001 0.21875 0.2500001 0.1875 0.5 0.15625 0.4375001 0.1875 0.4375001 0.1875001 0.9375 0.15625 0.8749999 0.1875 0.8749999 0.1875 0.4375001 0.15625 0.3750001 0.1875 0.3750001 0.1875 0.8749999 0.15625 0.8125 0.1875 0.8124999 0.1875 0.3125001 0.15625 0.3750001 0.15625 0.3125001 0.1875 0.75 0.15625 0.8125 0.15625 0.75 0.1875 0.3125001 0.15625 0.2500001 0.1875 0.2500001 0.1875 0.6875 0.15625 0.75 0.15625 0.6875 0.1875 0.1875 0.15625 0.2500001 0.15625 0.1875 0.1875 0.6875 0.15625 0.625 0.1875 0.625 0.1875 0.125 0.15625 0.1875 0.15625 0.125 0.1875 0.5625 0.15625 0.625 0.15625 0.5625 0.1875001 0.06249994 0.15625 0.125 0.1562501 0.06249994 0.1875 0.5 0.15625 0.5625 0.15625 0.5 0.1875001 0.9375 0.1718751 1 0.1562501 0.9375 0.1718751 0 0.1875001 0.06249994 0.1562501 0.06249994 0.15625 0.1875 0.125 0.2500001 0.125 0.1875 0.15625 0.6875 0.125 0.625 0.15625 0.625 0.15625 0.125 0.125 0.1875 0.125 0.125 0.15625 0.5625 0.125 0.625 0.125 0.5625 0.15625 0.125 0.1250001 0.06249994 0.1562501 0.06249994 0.15625 0.5 0.125 0.5625 0.125 0.5 0.1562501 0.9375 0.1406252 1 0.1250001 0.9375 0.1406252 0 0.1562501 0.06249994 0.1250001 0.06249994 0.15625 0.5 0.125 0.4375001 0.15625 0.4375001 0.1562501 0.9375 0.125 0.875 0.15625 0.8749999 0.15625 0.4375001 0.125 0.3750001 0.15625 0.3750001 0.15625 0.8749999 0.125 0.8125 0.15625 0.8125 0.15625 0.3125001 0.125 0.3750001 0.125 0.3125001 0.15625 0.75 0.125 0.8125 0.125 0.75 0.15625 0.3125001 0.125 0.2500001 0.15625 0.2500001 0.15625 0.6875 0.125 0.75 0.125 0.6875 0.1250001 0.9375 0.09375005 0.875 0.125 0.875 0.125 0.4375001 0.09375 0.3750001 0.125 0.3750001 0.125 0.875 0.09375 0.8125 0.125 0.8125 0.125 0.3125001 0.09375 0.3750001 0.09375 0.3125 0.125 0.75 0.09375 0.8125 0.09375 0.75 0.125 0.3125001 0.09375 0.25 0.125 0.2500001 0.125 0.6875 0.09375 0.75 0.09375 0.6875 0.125 0.1875 0.09375 0.25 0.09375 0.1875 0.125 0.6875 0.09375 0.625 0.125 0.625 0.125 0.125 0.09375 0.1875 0.09375005 0.125 0.125 0.5625 0.09375 0.625 0.09375 0.5625 0.125 0.125 0.09375017 0.06249994 0.1250001 0.06249994 0.125 0.5 0.09375 0.5625 0.09375 0.5 0.1250001 0.9375 0.1093753 1 0.09375017 0.9375 0.1093752 0 0.1250001 0.06249994 0.09375017 0.06249994 0.125 0.5 0.09375 0.4375001 0.125 0.4375001 0.09375 0.6875 0.0625 0.625 0.09375 0.625 0.09375005 0.125 0.06250005 0.1875 0.06250005 0.125 0.09375 0.5625 0.0625 0.625 0.0625 0.5625 0.09375017 0.06249994 0.06250005 0.125 0.06250017 0.06249994 0.09375 0.5625 0.0625 0.5 0.09375 0.5 0.09375017 0.9375 0.07812535 1 0.06250017 0.9375 0.07812529 0 0.09375017 0.06249994 0.06250017 0.06249994 0.09375 0.4375001 0.0625 0.5 0.0625 0.4375001 0.09375017 0.9375 0.06250005 0.875 0.09375005 0.875 0.09375 0.4375001 0.0625 0.3750001 0.09375 0.3750001 0.09375005 0.875 0.06250005 0.8125 0.09375 0.8125 0.09375 0.3125 0.0625 0.3750001 0.0625 0.3125 0.09375 0.75 0.06250005 0.8125 0.0625 0.75 0.09375 0.3125 0.0625 0.25 0.09375 0.25 0.09375 0.6875 0.0625 0.75 0.0625 0.6875 0.09375 0.1875 0.0625 0.25 0.06250005 0.1875 0.0625 0.4375001 0.03125 0.3750001 0.0625 0.3750001 0.06250005 0.875 0.03125005 0.8125 0.06250005 0.8125 0.0625 0.3125 0.03125 0.3750001 0.03125 0.3125 0.0625 0.75 0.03125005 0.8125 0.03125 0.75 0.0625 0.3125 0.03125 0.25 0.0625 0.25 0.0625 0.6875 0.03125 0.75 0.03125 0.6875001 0.0625 0.25 0.03125005 0.1875 0.06250005 0.1875 0.0625 0.6875 0.03125 0.625 0.0625 0.625 0.06250005 0.125 0.03125005 0.1875 0.03125005 0.125 0.0625 0.5625 0.03125 0.625 0.03124994 0.5625001 0.06250005 0.125 0.03125023 0.06249994 0.06250017 0.06249994 0.0625 0.5625 0.03125 0.5 0.0625 0.5 0.06250017 0.9375 0.04687541 1 0.03125023 0.9375 0.04687535 0 0.06250017 0.06249994 0.03125023 0.06249994 0.0625 0.4375001 0.03125 0.5 0.03124994 0.4375 0.06250017 0.9375 0.03125005 0.875 0.06250005 0.875 0.03125005 0.125 0 0.1875 0 0.125 0.03124994 0.5625001 0 0.6250001 0 0.5625001 0.03125005 0.125 2.38419e-7 0.06249994 0.03125023 0.06249994 0.03124994 0.5625001 0 0.5 0.03125 0.5 0.03125023 0.9375 0.01562547 1 2.38419e-7 0.9375 0.01562535 0 0.03125023 0.06249994 2.38419e-7 0.06249994 0.03124994 0.4375 0 0.5 0 0.4375 0.03125005 0.875 2.38419e-7 0.9375 0 0.875 0.03124994 0.4375 0 0.3750001 0.03125 0.3750001 0.03125005 0.875 0 0.8125 0.03125005 0.8125 0.03125 0.3125 0 0.3750001 0 0.3125 0.03125 0.75 0 0.8125 0 0.7500001 0.03125 0.3125 0 0.25 0.03125 0.25 0.03125 0.6875001 0 0.7500001 0 0.6875001 0.03125 0.25 0 0.1875 0.03125005 0.1875 0.03125 0.6875001 0 0.6250001 0.03125 0.625 1 0.3125 0.96875 0.375 0.96875 0.3125 1 0.7500001 0.96875 0.8125 0.96875 0.7500001 1 0.3125 0.96875 0.25 1 0.25 1 0.7500001 0.96875 0.6875001 1 0.6875001 1 0.25 0.96875 0.1874999 1 0.1875 1 0.6875001 0.96875 0.6250001 1 0.6250001 1 0.125 0.96875 0.1874999 0.9687501 0.1249998 1 0.5625001 0.96875 0.6250001 0.96875 0.5625001 1 0.125 0.9687502 0.06249994 1 0.06249994 1 0.5625001 0.96875 0.5 1 0.5 1 0.9375 0.9843755 1 0.9687502 0.9375001 0.9843754 0 1 0.06249994 0.9687502 0.06249994 1 0.4375 0.96875 0.5 0.96875 0.4375 1 0.875 0.9687502 0.9375001 0.9687501 0.875 1 0.4375 0.96875 0.375 1 0.3750001 1 0.875 0.96875 0.8125 1 0.8125 0.9687501 0.1249998 0.9375002 0.06249994 0.9687502 0.06249994 0.96875 0.5625001 0.9375 0.5 0.96875 0.5 0.9687502 0.9375001 0.9531255 1 0.9375002 0.9375001 0.9531254 0 0.9687502 0.06249994 0.9375002 0.06249994 0.96875 0.4375 0.9375 0.5 0.9375 0.4375 0.9687501 0.875 0.9375002 0.9375001 0.9375001 0.8750001 0.96875 0.4375 0.9375 0.375 0.96875 0.375 0.9687501 0.875 0.9375 0.8125001 0.96875 0.8125 0.96875 0.3125 0.9375 0.375 0.9375 0.3124999 0.96875 0.7500001 0.9375 0.8125001 0.9375 0.7500001 0.96875 0.3125 0.9375 0.2499999 0.96875 0.25 0.96875 0.6875001 0.9375 0.7500001 0.9375 0.6875001 0.96875 0.25 0.9375 0.1874999 0.96875 0.1874999 0.96875 0.6875001 0.9375 0.6250001 0.96875 0.6250001 0.9687501 0.1249998 0.9375 0.1874999 0.9375001 0.1249998 0.96875 0.5625001 0.9375 0.6250001 0.9375 0.5625001 0.9375 0.7500001 0.90625 0.8125001 0.90625 0.7500001 0.9375 0.3124999 0.90625 0.2499999 0.9375 0.2499999 0.9375 0.6875001 0.90625 0.7500001 0.90625 0.6875001 0.9375 0.2499999 0.90625 0.1874999 0.9375 0.1874999 0.9375 0.6875001 0.90625 0.6250001 0.9375 0.6250001 0.9375001 0.1249998 0.90625 0.1874999 0.9062501 0.1249998 0.9375 0.5625001 0.90625 0.6250001 0.90625 0.5625001 0.9375001 0.1249998 0.9062502 0.06249988 0.9375002 0.06249994 0.9375 0.5625001 0.90625 0.5 0.9375 0.5 0.9375002 0.9375001 0.9218755 1 0.9062501 0.9375001 0.9218754 0 0.9375002 0.06249994 0.9062502 0.06249988 0.9375 0.4375 0.90625 0.5 0.90625 0.4375 0.9375001 0.8750001 0.9062501 0.9375001 0.9062501 0.8750001 0.9375 0.4375 0.90625 0.375 0.9375 0.375 0.9375001 0.8750001 0.90625 0.8125001 0.9375 0.8125001 0.9375 0.3124999 0.90625 0.375 0.90625 0.3124999 0.90625 0.5625001 0.875 0.5 0.90625 0.5 0.9062501 0.9375001 0.8906254 1 0.8750001 0.9375001 0.8906252 0 0.9062502 0.06249988 0.8750001 0.06249988 0.90625 0.5 0.875 0.4375 0.90625 0.4375 0.9062501 0.9375001 0.875 0.8750001 0.9062501 0.8750001 0.90625 0.4375 0.875 0.375 0.90625 0.375 0.9062501 0.8750001 0.875 0.8125001 0.90625 0.8125001 0.90625 0.3124999 0.875 0.375 0.875 0.3124999 0.90625 0.7500001 0.875 0.8125001 0.875 0.7500001 0.90625 0.3124999 0.875 0.2499999 0.90625 0.2499999 0.90625 0.6875001 0.875 0.7500001 0.875 0.6875001 0.90625 0.2499999 0.875 0.1874999 0.90625 0.1874999 0.90625 0.6875001 0.875 0.6250001 0.90625 0.6250001 0.9062501 0.1249998 0.875 0.1874999 0.875 0.1249998 0.90625 0.5625001 0.875 0.6250001 0.875 0.5625001 0.9062501 0.1249998 0.8750001 0.06249988 0.9062502 0.06249988 0.875 0.3124999 0.84375 0.2499999 0.875 0.2499999 0.875 0.6875001 0.84375 0.7500001 0.84375 0.6875001 0.875 0.1874999 0.84375 0.2499999 0.84375 0.1874998 0.875 0.6875001 0.84375 0.6250001 0.875 0.6250001 0.875 0.1874999 0.84375 0.1249998 0.875 0.1249998 0.875 0.5625001 0.84375 0.6250001 0.84375 0.5625001 0.875 0.1249998 0.8437501 0.06249988 0.8750001 0.06249988 0.875 0.5 0.84375 0.5625001 0.84375 0.5 0.8750001 0.9375001 0.8593754 1 0.8437501 0.9375001 0.8593752 0 0.8750001 0.06249988 0.8437501 0.06249988 0.875 0.5 0.84375 0.4375 0.875 0.4375 0.8750001 0.9375001 0.84375 0.8750001 0.875 0.8750001 0.875 0.4375 0.84375 0.375 0.875 0.375 0.875 0.8750001 0.84375 0.8125001 0.875 0.8125001 0.875 0.3124999 0.84375 0.375 0.84375 0.3124999 0.875 0.8125001 0.84375 0.7500001 0.875 0.7500001 0.8437501 0.9375001 0.8281252 1 0.8125 0.9375001 0.8281251 0 0.8437501 0.06249988 0.8125001 0.06249988 0.84375 0.4375 0.8125 0.5 0.8125 0.4375 0.84375 0.8750001 0.8125 0.9375001 0.8125 0.8750001 0.84375 0.4375 0.8125 0.375 0.84375 0.375 0.84375 0.8125001 0.8125 0.8750001 0.8125 0.8125001 0.84375 0.3124999 0.8125 0.375 0.8125 0.3124999 0.84375 0.7500001 0.8125 0.8125001 0.8125 0.7500001 0.84375 0.3124999 0.8125 0.2499999 0.84375 0.2499999 0.84375 0.6875001 0.8125 0.7500001 0.8125 0.6875001 0.84375 0.2499999 0.8125 0.1874998 0.84375 0.1874998 0.84375 0.6875001 0.8125 0.6250001 0.84375 0.6250001 0.84375 0.1249998 0.8125 0.1874998 0.8125 0.1249998 0.84375 0.5625001 0.8125 0.6250001 0.8125 0.5625001 0.84375 0.1249998 0.8125001 0.06249988 0.8437501 0.06249988 0.84375 0.5625001 0.8125 0.5 0.84375 0.5 0.8125 0.6875001 0.78125 0.7500001 0.7812499 0.6875001 0.8125 0.1874998 0.78125 0.2499999 0.78125 0.1874998 0.8125 0.6875001 0.78125 0.6250001 0.8125 0.6250001 0.8125 0.1249998 0.78125 0.1874998 0.78125 0.1249998 0.8125 0.5625001 0.78125 0.6250001 0.7812499 0.5625001 0.8125 0.1249998 0.78125 0.06249988 0.8125001 0.06249988 0.8125 0.5625001 0.7812499 0.5 0.8125 0.5 0.8125 0.9375001 0.7968752 1 0.78125 0.9375001 0.7968751 0 0.8125001 0.06249988 0.78125 0.06249988 0.8125 0.4375 0.7812499 0.5 0.7812499 0.4375 0.8125 0.9375001 0.78125 0.8750001 0.8125 0.8750001 0.8125 0.4375 0.78125 0.375 0.8125 0.375 0.8125 0.8750001 0.78125 0.8125001 0.8125 0.8125001 0.8125 0.3124999 0.78125 0.375 0.7812499 0.3124999 0.8125 0.8125001 0.78125 0.7500001 0.8125 0.7500001 0.8125 0.3124999 0.78125 0.2499999 0.8125 0.2499999 0.7812499 0.5 0.75 0.4375001 0.7812499 0.4375 0.78125 0.8750001 0.75 0.9375001 0.75 0.875 0.7812499 0.4375 0.75 0.375 0.78125 0.375 0.78125 0.8125001 0.75 0.875 0.75 0.8125 0.7812499 0.3124999 0.75 0.375 0.7499999 0.3124999 0.78125 0.7500001 0.75 0.8125 0.75 0.7500001 0.7812499 0.3124999 0.7499999 0.2499999 0.78125 0.2499999 0.7812499 0.6875001 0.75 0.7500001 0.75 0.6875 0.78125 0.2499999 0.75 0.1875 0.78125 0.1874998 0.78125 0.6250001 0.75 0.6875 0.75 0.625 0.78125 0.1874998 0.7499999 0.1249998 0.78125 0.1249998 0.7812499 0.5625001 0.75 0.625 0.75 0.5625 0.78125 0.1249998 0.75 0.06249988 0.78125 0.06249988 0.7812499 0.5 0.75 0.5625 0.75 0.5 0.78125 0.9375001 0.7656251 1 0.75 0.9375001 0.765625 0 0.78125 0.06249988 0.75 0.06249988 1 1 0.96875 0.5 1 0.5 0.96875 1 0.9375 0.5 0.96875 0.5 0.9375 1 0.90625 0.5 0.9375 0.5 0.90625 1 0.875 0.5 0.90625 0.5 0.875 1 0.84375 0.5 0.875 0.5 0.84375 1 0.8125 0.5 0.84375 0.5 0.8125 1 0.78125 0.5 0.8125 0.5 0.78125 1 0.75 0.5 0.78125 0.5 0.75 1 0.71875 0.5 0.75 0.5 0.71875 1 0.6875 0.5 0.71875 0.5 0.6875 1 0.65625 0.5 0.6875 0.5 0.65625 1 0.625 0.5 0.65625 0.5 0.625 1 0.59375 0.5 0.625 0.5 0.59375 1 0.5625 0.5 0.59375 0.5 0.5625 1 0.53125 0.5 0.5625 0.5 0.53125 1 0.5 0.5 0.53125 0.5 0.5 1 0.46875 0.5 0.5 0.5 0.46875 1 0.4375 0.5 0.46875 0.5 0.4375 1 0.40625 0.5 0.4375 0.5 0.40625 1 0.375 0.5 0.40625 0.5 0.375 1 0.34375 0.5 0.375 0.5 0.34375 1 0.3125 0.5 0.34375 0.5 0.3125 1 0.28125 0.5 0.3125 0.5 0.28125 1 0.25 0.5 0.28125 0.5 0.25 1 0.21875 0.5 0.25 0.5 0.21875 1 0.1875 0.5 0.21875 0.5 0.1875 1 0.15625 0.5 0.1875 0.5 0.15625 1 0.125 0.5 0.15625 0.5 0.125 1 0.09375 0.5 0.125 0.5 0.09375 1 0.0625 0.5 0.09375 0.5 0.02826899 0.3418443 0.1581559 0.02826893 0.4717311 0.158156 0.0625 1 0.03125 0.5 0.0625 0.5 0.03125 1 0 0.5 0.03125 0.5 0.9853885 0.2968217 0.7968216 0.01461148 0.5146115 0.2031785 0.75 0.5 0.71875 0.5 0.71875 0.4375001 0.75 0.875 0.75 0.9375001 0.7187499 0.9375001 0.75 0.4375001 0.71875 0.4375001 0.71875 0.3750001 0.75 0.8125 0.75 0.875 0.71875 0.875 0.75 0.375 0.71875 0.3750001 0.71875 0.3125001 0.75 0.8125 0.71875 0.8125 0.71875 0.7500001 0.7499999 0.3124999 0.71875 0.3125001 0.71875 0.25 0.75 0.7500001 0.71875 0.7500001 0.71875 0.6875 0.7499999 0.2499999 0.71875 0.25 0.71875 0.1875 0.75 0.6875 0.71875 0.6875 0.71875 0.625 0.75 0.1875 0.71875 0.1875 0.71875 0.125 0.75 0.625 0.71875 0.625 0.71875 0.5625 0.7499999 0.1249998 0.71875 0.125 0.7187499 0.06249988 0.75 0.5625 0.71875 0.5625 0.71875 0.5 0.71875 0.125 0.6874999 0.125 0.6874999 0.06249988 0.71875 0.5625 0.6875 0.5625 0.6875 0.5 0.71875 0.4375001 0.71875 0.5 0.6875 0.5 0.71875 0.875 0.7187499 0.9375001 0.6874999 0.9375001 0.71875 0.4375001 0.6875 0.4375001 0.6875 0.3750001 0.71875 0.875 0.6874999 0.875 0.6874999 0.8125 0.71875 0.3125001 0.71875 0.3750001 0.6875 0.3750001 0.71875 0.8125 0.6874999 0.8125 0.6874999 0.7500001 0.71875 0.25 0.71875 0.3125001 0.6875 0.3125001 0.71875 0.7500001 0.6874999 0.7500001 0.6875 0.6875 0.71875 0.1875 0.71875 0.25 0.6874999 0.25 0.71875 0.6875 0.6875 0.6875 0.6875 0.625 0.71875 0.125 0.71875 0.1875 0.6874999 0.1875 0.71875 0.5625 0.71875 0.625 0.6875 0.625 0.6874999 0.7500001 0.6874999 0.8125 0.6562499 0.8125 0.6875 0.3125001 0.65625 0.3125001 0.6562499 0.25 0.6874999 0.7500001 0.6562499 0.75 0.65625 0.6875 0.6874999 0.25 0.6562499 0.25 0.6562499 0.1875 0.6875 0.6875 0.65625 0.6875 0.65625 0.625 0.6874999 0.1875 0.6562499 0.1875 0.6562499 0.125 0.6875 0.5625 0.6875 0.625 0.65625 0.625 0.6874999 0.125 0.6562499 0.125 0.6562499 0.06249994 0.6875 0.5 0.6875 0.5625 0.65625 0.5625 0.6875 0.5 0.6562499 0.5 0.65625 0.4375001 0.6874999 0.9375001 0.6562498 0.9375001 0.6562499 0.875 0.6875 0.4375001 0.65625 0.4375001 0.65625 0.3750001 0.6874999 0.8125 0.6874999 0.875 0.6562499 0.875 0.6875 0.3125001 0.6875 0.3750001 0.65625 0.3750001 0.6562499 0.5 0.65625 0.5625 0.6249999 0.5625 0.6562499 0.5 0.6249999 0.5 0.6249999 0.4375001 0.6562498 0.9375001 0.6249998 0.9375 0.6249999 0.875 0.65625 0.4375001 0.6249999 0.4375001 0.625 0.3750001 0.6562499 0.875 0.6249999 0.875 0.6249999 0.8125 0.65625 0.3125001 0.65625 0.3750001 0.625 0.3750001 0.6562499 0.8125 0.6249999 0.8125 0.6249999 0.75 0.6562499 0.25 0.65625 0.3125001 0.6249999 0.3125001 0.6562499 0.75 0.6249999 0.75 0.6249999 0.6875 0.6562499 0.1875 0.6562499 0.25 0.6249999 0.25 0.65625 0.6875 0.6249999 0.6875 0.6249999 0.625 0.6562499 0.1875 0.6249999 0.1875 0.6249999 0.125 0.65625 0.5625 0.65625 0.625 0.6249999 0.625 0.6562499 0.125 0.6249999 0.125 0.6249998 0.06249994 0.6249999 0.3125001 0.5937499 0.3125001 0.5937499 0.25 0.6249999 0.6875 0.6249999 0.75 0.5937499 0.75 0.6249999 0.1875 0.6249999 0.25 0.5937499 0.25 0.6249999 0.6875 0.5937499 0.6875 0.5937499 0.625 0.6249999 0.1875 0.5937499 0.1875 0.5937499 0.125 0.6249999 0.5625 0.6249999 0.625 0.5937499 0.625 0.6249999 0.125 0.5937499 0.125 0.5937498 0.06249994 0.6249999 0.5 0.6249999 0.5625 0.5937499 0.5625 0.6249999 0.5 0.5937499 0.5 0.5937499 0.4375001 0.6249998 0.9375 0.5937498 0.9375 0.5937499 0.875 0.6249999 0.4375001 0.5937499 0.4375001 0.59375 0.3750001 0.6249999 0.875 0.5937499 0.875 0.5937499 0.8125 0.6249999 0.3125001 0.625 0.3750001 0.59375 0.3750001 0.6249999 0.8125 0.5937499 0.8125 0.5937499 0.75 0.5937499 0.4375001 0.5937499 0.5 0.5624999 0.5 0.5937498 0.9375 0.5624998 0.9375 0.5624999 0.875 0.5937499 0.4375001 0.5624999 0.4375001 0.5624999 0.3750001 0.5937499 0.875 0.5624999 0.875 0.5624999 0.8125 0.5937499 0.3125001 0.59375 0.3750001 0.5624999 0.3750001 0.5937499 0.8125 0.5624999 0.8125 0.5624999 0.75 0.5937499 0.3125001 0.5624999 0.3125001 0.5624999 0.25 0.5937499 0.6875 0.5937499 0.75 0.5624999 0.75 0.5937499 0.1875 0.5937499 0.25 0.5624999 0.25 0.5937499 0.6875 0.5624999 0.6875 0.5624999 0.625 0.5937499 0.1875 0.5624999 0.1875 0.5624999 0.125 0.5937499 0.5625 0.5937499 0.625 0.5624999 0.625 0.5937498 0.06249994 0.5937499 0.125 0.5624999 0.125 0.5937499 0.5625 0.5624999 0.5625 0.5624999 0.5 0.5624999 0.1875 0.5624999 0.25 0.5312499 0.2500001 0.5624999 0.6875 0.5312499 0.6875 0.5312499 0.625 0.5624999 0.1875 0.5312499 0.1875 0.5312499 0.125 0.5624999 0.5625 0.5624999 0.625 0.5312499 0.625 0.5624998 0.06249994 0.5624999 0.125 0.5312499 0.125 0.5624999 0.5625 0.5312499 0.5625 0.5312499 0.5 0.5624999 0.4375001 0.5624999 0.5 0.5312499 0.5 0.5624998 0.9375 0.5312498 0.9375 0.5312499 0.875 0.5624999 0.4375001 0.5312499 0.4375001 0.5312499 0.3750001 0.5624999 0.875 0.5312499 0.875 0.5312499 0.8125 0.5624999 0.3125001 0.5624999 0.3750001 0.5312499 0.3750001 0.5624999 0.8125 0.5312499 0.8125 0.5312499 0.75 0.5624999 0.3125001 0.5312499 0.3125001 0.5312499 0.2500001 0.5624999 0.6875 0.5624999 0.75 0.5312499 0.75 0.5312498 0.9375 0.4999997 0.9375 0.4999998 0.875 0.5312499 0.4375001 0.4999999 0.4375001 0.5 0.3750001 0.5312499 0.875 0.4999998 0.875 0.4999999 0.8125 0.5312499 0.3125001 0.5312499 0.3750001 0.5 0.3750001 0.5312499 0.8125 0.4999999 0.8125 0.4999999 0.75 0.5312499 0.3125001 0.4999999 0.3125001 0.4999999 0.2500001 0.5312499 0.75 0.4999999 0.75 0.4999999 0.6875 0.5312499 0.1875 0.5312499 0.2500001 0.4999999 0.2500001 0.5312499 0.6875 0.4999999 0.6875 0.4999999 0.625 0.5312499 0.125 0.5312499 0.1875 0.4999999 0.1875 0.5312499 0.5625 0.5312499 0.625 0.4999999 0.625 0.5312498 0.06249994 0.5312499 0.125 0.4999998 0.125 0.5312499 0.5625 0.4999999 0.5625 0.4999999 0.5 0.5312499 0.4375001 0.5312499 0.5 0.4999999 0.5 0.4999999 0.6875 0.4687499 0.6875 0.4687499 0.625 0.4999999 0.1875 0.4687499 0.1875 0.4687498 0.125 0.4999999 0.5625 0.4999999 0.625 0.4687499 0.625 0.4999997 0.06249994 0.4999998 0.125 0.4687498 0.125 0.4999999 0.5625 0.4687499 0.5625 0.4687499 0.5 0.4999999 0.4375001 0.4999999 0.5 0.4687499 0.5 0.4999997 0.9375 0.4687497 0.9375 0.4687498 0.8749999 0.4999999 0.4375001 0.4687499 0.4375001 0.46875 0.3750001 0.4999998 0.875 0.4687498 0.8749999 0.4687499 0.8125 0.4999999 0.3125001 0.5 0.3750001 0.46875 0.3750001 0.4999999 0.8125 0.4687499 0.8125 0.4687499 0.75 0.4999999 0.3125001 0.4687499 0.3125001 0.4687499 0.2500001 0.4999999 0.75 0.4687499 0.75 0.4687499 0.6875 0.4999999 0.1875 0.4999999 0.2500001 0.4687499 0.2500001 0.4687499 0.4375001 0.4374999 0.4375001 0.4375 0.3750001 0.4687498 0.8749999 0.4374998 0.8749999 0.4374999 0.8125 0.4687499 0.3125001 0.46875 0.3750001 0.4375 0.3750001 0.4687499 0.8125 0.4374999 0.8125 0.4374999 0.75 0.4687499 0.3125001 0.4374999 0.3125001 0.4374999 0.2500001 0.4687499 0.6875 0.4687499 0.75 0.4374999 0.75 0.4687499 0.1875 0.4687499 0.2500001 0.4374999 0.2500001 0.4687499 0.6875 0.4374999 0.6875 0.4375 0.625 0.4687498 0.125 0.4687499 0.1875 0.4374999 0.1875 0.4687499 0.5625 0.4687499 0.625 0.4375 0.625 0.4687497 0.06249994 0.4687498 0.125 0.4374998 0.125 0.4687499 0.5625 0.4374999 0.5625 0.4374999 0.5 0.4687499 0.4375001 0.4687499 0.5 0.4374999 0.5 0.4687497 0.9375 0.4374997 0.9375 0.4374998 0.8749999 0.4374999 0.1875 0.4062499 0.1875 0.4062498 0.125 0.4374999 0.5625 0.4375 0.625 0.40625 0.625 0.4374998 0.125 0.4062498 0.125 0.4062498 0.06249994 0.4374999 0.5625 0.4062499 0.5625 0.4062499 0.5 0.4374999 0.4375001 0.4374999 0.5 0.4062499 0.5 0.4374997 0.9375 0.4062497 0.9375 0.4062499 0.8749999 0.4374999 0.4375001 0.4062499 0.4375001 0.40625 0.3750001 0.4374998 0.8749999 0.4062499 0.8749999 0.4062499 0.8125 0.4374999 0.3125001 0.4375 0.3750001 0.40625 0.3750001 0.4374999 0.8125 0.4062499 0.8125 0.4062499 0.7499999 0.4374999 0.3125001 0.4062499 0.3125001 0.4062499 0.2500001 0.4374999 0.6875 0.4374999 0.75 0.4062499 0.7499999 0.4374999 0.1875 0.4374999 0.2500001 0.4062499 0.2500001 0.4374999 0.6875 0.4062499 0.6875 0.40625 0.625 0.4062499 0.8749999 0.3749999 0.8749999 0.3749999 0.8124999 0.4062499 0.3125001 0.40625 0.3750001 0.375 0.3750001 0.4062499 0.8125 0.3749999 0.8124999 0.3749999 0.75 0.4062499 0.3125001 0.3749999 0.3125001 0.3749999 0.2500001 0.4062499 0.6875 0.4062499 0.7499999 0.3749999 0.75 0.4062499 0.1875 0.4062499 0.2500001 0.3749999 0.2500001 0.4062499 0.6875 0.3749999 0.6875 0.375 0.625 0.4062498 0.125 0.4062499 0.1875 0.3749999 0.1875 0.4062499 0.5625 0.40625 0.625 0.375 0.625 0.4062498 0.06249994 0.4062498 0.125 0.3749999 0.125 0.4062499 0.5 0.4062499 0.5625 0.3749999 0.5625 0.4062499 0.5 0.3749999 0.5 0.3749999 0.4375001 0.4062497 0.9375 0.3749998 0.9375 0.3749999 0.8749999 0.4062499 0.4375001 0.3749999 0.4375001 0.375 0.3750001 0.3749999 0.5625 0.375 0.625 0.34375 0.625 0.3749998 0.06249994 0.3749999 0.125 0.3437499 0.125 0.3749999 0.5 0.3749999 0.5625 0.34375 0.5625 0.3749999 0.5 0.34375 0.5 0.34375 0.4375001 0.3749998 0.9375 0.3437498 0.9375 0.3437499 0.8749999 0.3749999 0.4375001 0.34375 0.4375001 0.34375 0.3750001 0.3749999 0.8749999 0.3437499 0.8749999 0.3437499 0.8124999 0.3749999 0.3125001 0.375 0.3750001 0.34375 0.3750001 0.3749999 0.8124999 0.3437499 0.8124999 0.3437499 0.7499999 0.3749999 0.3125001 0.3437499 0.3125001 0.3437499 0.2500001 0.3749999 0.6875 0.3749999 0.75 0.3437499 0.7499999 0.3749999 0.1875 0.3749999 0.2500001 0.3437499 0.2500001 0.3749999 0.6875 0.3437499 0.6875 0.34375 0.625 0.3749999 0.125 0.3749999 0.1875 0.3437499 0.1875 0.3437499 0.3125001 0.34375 0.3750001 0.3125 0.3750001 0.3437499 0.8124999 0.3125 0.8124999 0.3125 0.75 0.3437499 0.2500001 0.3437499 0.3125001 0.3125 0.3125001 0.3437499 0.7499999 0.3125 0.75 0.3125 0.6875 0.3437499 0.1875 0.3437499 0.2500001 0.3125 0.2500001 0.3437499 0.6875 0.3125 0.6875 0.3125 0.625 0.3437499 0.125 0.3437499 0.1875 0.3125 0.1875 0.34375 0.5625 0.34375 0.625 0.3125 0.625 0.3437498 0.06249994 0.3437499 0.125 0.3124999 0.125 0.34375 0.5 0.34375 0.5625 0.3125 0.5625 0.34375 0.5 0.3125 0.5 0.3125 0.4375001 0.3437498 0.9375 0.3124999 0.9375 0.3125 0.8749999 0.34375 0.4375001 0.3125 0.4375001 0.3125 0.3750001 0.3437499 0.8124999 0.3437499 0.8749999 0.3125 0.8749999 0.3124999 0.06249994 0.3124999 0.125 0.28125 0.125 0.3125 0.5 0.3125 0.5625 0.28125 0.5625 0.3125 0.5 0.28125 0.5 0.28125 0.4375001 0.3124999 0.9375 0.2812499 0.9375 0.28125 0.8749999 0.3125 0.4375001 0.28125 0.4375001 0.28125 0.3750001 0.3125 0.8124999 0.3125 0.8749999 0.28125 0.8749999 0.3125 0.3125001 0.3125 0.3750001 0.28125 0.3750001 0.3125 0.75 0.3125 0.8124999 0.28125 0.8124999 0.3125 0.3125001 0.28125 0.3125001 0.28125 0.2500001 0.3125 0.75 0.28125 0.75 0.28125 0.6875 0.3125 0.2500001 0.28125 0.2500001 0.28125 0.1875 0.3125 0.6875 0.28125 0.6875 0.28125 0.625 0.3125 0.1875 0.28125 0.1875 0.28125 0.125 0.3125 0.5625 0.3125 0.625 0.28125 0.625 0.28125 0.3125001 0.25 0.3125001 0.25 0.2500001 0.28125 0.75 0.25 0.75 0.25 0.6875 0.28125 0.1875 0.28125 0.2500001 0.25 0.2500001 0.28125 0.6875 0.25 0.6875 0.25 0.625 0.28125 0.125 0.28125 0.1875 0.25 0.1875 0.28125 0.5625 0.28125 0.625 0.25 0.625 0.2812499 0.06249994 0.28125 0.125 0.25 0.125 0.28125 0.5 0.28125 0.5625 0.25 0.5625 0.28125 0.5 0.25 0.5 0.25 0.4375001 0.2812499 0.9375 0.25 0.9375 0.25 0.8749999 0.28125 0.4375001 0.25 0.4375001 0.25 0.3750001 0.28125 0.8749999 0.25 0.8749999 0.25 0.8124999 0.28125 0.3125001 0.28125 0.3750001 0.25 0.3750001 0.28125 0.75 0.28125 0.8124999 0.25 0.8124999 0.25 0.5 0.21875 0.5 0.21875 0.4375001 0.25 0.9375 0.21875 0.9375 0.21875 0.8749999 0.25 0.4375001 0.21875 0.4375001 0.21875 0.3750001 0.25 0.8749999 0.21875 0.8749999 0.21875 0.8124999 0.25 0.3125001 0.25 0.3750001 0.21875 0.3750001 0.25 0.75 0.25 0.8124999 0.21875 0.8124999 0.25 0.3125001 0.21875 0.3125001 0.21875 0.2500001 0.25 0.6875 0.25 0.75 0.21875 0.75 0.25 0.2500001 0.21875 0.2500001 0.21875 0.1875 0.25 0.6875 0.21875 0.6875 0.21875 0.625 0.25 0.125 0.25 0.1875 0.21875 0.1875 0.25 0.5625 0.25 0.625 0.21875 0.625 0.25 0.06249994 0.25 0.125 0.21875 0.125 0.25 0.5 0.25 0.5625 0.21875 0.5625 0.21875 0.6875 0.21875 0.75 0.1875 0.75 0.21875 0.2500001 0.1875 0.2500001 0.1875 0.1875 0.21875 0.6875 0.1875 0.6875 0.1875 0.625 0.21875 0.125 0.21875 0.1875 0.1875 0.1875 0.21875 0.5625 0.21875 0.625 0.1875 0.625 0.21875 0.06249994 0.21875 0.125 0.1875 0.125 0.21875 0.5 0.21875 0.5625 0.1875 0.5625 0.21875 0.5 0.1875 0.5 0.1875 0.4375001 0.21875 0.9375 0.1875001 0.9375 0.1875 0.8749999 0.21875 0.4375001 0.1875 0.4375001 0.1875 0.3750001 0.21875 0.8749999 0.1875 0.8749999 0.1875 0.8124999 0.21875 0.3125001 0.21875 0.3750001 0.1875 0.3750001 0.21875 0.75 0.21875 0.8124999 0.1875 0.8124999 0.21875 0.3125001 0.1875 0.3125001 0.1875 0.2500001 0.1875 0.5 0.15625 0.5 0.15625 0.4375001 0.1875001 0.9375 0.1562501 0.9375 0.15625 0.8749999 0.1875 0.4375001 0.15625 0.4375001 0.15625 0.3750001 0.1875 0.8749999 0.15625 0.8749999 0.15625 0.8125 0.1875 0.3125001 0.1875 0.3750001 0.15625 0.3750001 0.1875 0.75 0.1875 0.8124999 0.15625 0.8125 0.1875 0.3125001 0.15625 0.3125001 0.15625 0.2500001 0.1875 0.6875 0.1875 0.75 0.15625 0.75 0.1875 0.1875 0.1875 0.2500001 0.15625 0.2500001 0.1875 0.6875 0.15625 0.6875 0.15625 0.625 0.1875 0.125 0.1875 0.1875 0.15625 0.1875 0.1875 0.5625 0.1875 0.625 0.15625 0.625 0.1875001 0.06249994 0.1875 0.125 0.15625 0.125 0.1875 0.5 0.1875 0.5625 0.15625 0.5625 0.15625 0.1875 0.15625 0.2500001 0.125 0.2500001 0.15625 0.6875 0.125 0.6875 0.125 0.625 0.15625 0.125 0.15625 0.1875 0.125 0.1875 0.15625 0.5625 0.15625 0.625 0.125 0.625 0.15625 0.125 0.125 0.125 0.1250001 0.06249994 0.15625 0.5 0.15625 0.5625 0.125 0.5625 0.15625 0.5 0.125 0.5 0.125 0.4375001 0.1562501 0.9375 0.1250001 0.9375 0.125 0.875 0.15625 0.4375001 0.125 0.4375001 0.125 0.3750001 0.15625 0.8749999 0.125 0.875 0.125 0.8125 0.15625 0.3125001 0.15625 0.3750001 0.125 0.3750001 0.15625 0.75 0.15625 0.8125 0.125 0.8125 0.15625 0.3125001 0.125 0.3125001 0.125 0.2500001 0.15625 0.6875 0.15625 0.75 0.125 0.75 0.1250001 0.9375 0.09375017 0.9375 0.09375005 0.875 0.125 0.4375001 0.09375 0.4375001 0.09375 0.3750001 0.125 0.875 0.09375005 0.875 0.09375 0.8125 0.125 0.3125001 0.125 0.3750001 0.09375 0.3750001 0.125 0.75 0.125 0.8125 0.09375 0.8125 0.125 0.3125001 0.09375 0.3125 0.09375 0.25 0.125 0.6875 0.125 0.75 0.09375 0.75 0.125 0.1875 0.125 0.2500001 0.09375 0.25 0.125 0.6875 0.09375 0.6875 0.09375 0.625 0.125 0.125 0.125 0.1875 0.09375 0.1875 0.125 0.5625 0.125 0.625 0.09375 0.625 0.125 0.125 0.09375005 0.125 0.09375017 0.06249994 0.125 0.5 0.125 0.5625 0.09375 0.5625 0.125 0.5 0.09375 0.5 0.09375 0.4375001 0.09375 0.6875 0.0625 0.6875 0.0625 0.625 0.09375005 0.125 0.09375 0.1875 0.06250005 0.1875 0.09375 0.5625 0.09375 0.625 0.0625 0.625 0.09375017 0.06249994 0.09375005 0.125 0.06250005 0.125 0.09375 0.5625 0.0625 0.5625 0.0625 0.5 0.09375 0.4375001 0.09375 0.5 0.0625 0.5 0.09375017 0.9375 0.06250017 0.9375 0.06250005 0.875 0.09375 0.4375001 0.0625 0.4375001 0.0625 0.3750001 0.09375005 0.875 0.06250005 0.875 0.06250005 0.8125 0.09375 0.3125 0.09375 0.3750001 0.0625 0.3750001 0.09375 0.75 0.09375 0.8125 0.06250005 0.8125 0.09375 0.3125 0.0625 0.3125 0.0625 0.25 0.09375 0.6875 0.09375 0.75 0.0625 0.75 0.09375 0.1875 0.09375 0.25 0.0625 0.25 0.0625 0.4375001 0.03124994 0.4375 0.03125 0.3750001 0.06250005 0.875 0.03125005 0.875 0.03125005 0.8125 0.0625 0.3125 0.0625 0.3750001 0.03125 0.3750001 0.0625 0.75 0.06250005 0.8125 0.03125005 0.8125 0.0625 0.3125 0.03125 0.3125 0.03125 0.25 0.0625 0.6875 0.0625 0.75 0.03125 0.75 0.0625 0.25 0.03125 0.25 0.03125005 0.1875 0.0625 0.6875 0.03125 0.6875001 0.03125 0.625 0.06250005 0.125 0.06250005 0.1875 0.03125005 0.1875 0.0625 0.5625 0.0625 0.625 0.03125 0.625 0.06250005 0.125 0.03125005 0.125 0.03125023 0.06249994 0.0625 0.5625 0.03124994 0.5625001 0.03125 0.5 0.0625 0.4375001 0.0625 0.5 0.03125 0.5 0.06250017 0.9375 0.03125023 0.9375 0.03125005 0.875 0.03125005 0.125 0.03125005 0.1875 0 0.1875 0.03124994 0.5625001 0.03125 0.625 0 0.6250001 0.03125005 0.125 0 0.125 2.38419e-7 0.06249994 0.03124994 0.5625001 0 0.5625001 0 0.5 0.03124994 0.4375 0.03125 0.5 0 0.5 0.03125005 0.875 0.03125023 0.9375 2.38419e-7 0.9375 0.03124994 0.4375 0 0.4375 0 0.3750001 0.03125005 0.875 0 0.875 0 0.8125 0.03125 0.3125 0.03125 0.3750001 0 0.3750001 0.03125 0.75 0.03125005 0.8125 0 0.8125 0.03125 0.3125 0 0.3125 0 0.25 0.03125 0.6875001 0.03125 0.75 0 0.7500001 0.03125 0.25 0 0.25 0 0.1875 0.03125 0.6875001 0 0.6875001 0 0.6250001 1 0.3125 1 0.3750001 0.96875 0.375 1 0.7500001 1 0.8125 0.96875 0.8125 1 0.3125 0.96875 0.3125 0.96875 0.25 1 0.7500001 0.96875 0.7500001 0.96875 0.6875001 1 0.25 0.96875 0.25 0.96875 0.1874999 1 0.6875001 0.96875 0.6875001 0.96875 0.6250001 1 0.125 1 0.1875 0.96875 0.1874999 1 0.5625001 1 0.6250001 0.96875 0.6250001 1 0.125 0.9687501 0.1249998 0.9687502 0.06249994 1 0.5625001 0.96875 0.5625001 0.96875 0.5 1 0.4375 1 0.5 0.96875 0.5 1 0.875 1 0.9375 0.9687502 0.9375001 1 0.4375 0.96875 0.4375 0.96875 0.375 1 0.875 0.9687501 0.875 0.96875 0.8125 0.9687501 0.1249998 0.9375001 0.1249998 0.9375002 0.06249994 0.96875 0.5625001 0.9375 0.5625001 0.9375 0.5 0.96875 0.4375 0.96875 0.5 0.9375 0.5 0.9687501 0.875 0.9687502 0.9375001 0.9375002 0.9375001 0.96875 0.4375 0.9375 0.4375 0.9375 0.375 0.9687501 0.875 0.9375001 0.8750001 0.9375 0.8125001 0.96875 0.3125 0.96875 0.375 0.9375 0.375 0.96875 0.7500001 0.96875 0.8125 0.9375 0.8125001 0.96875 0.3125 0.9375 0.3124999 0.9375 0.2499999 0.96875 0.6875001 0.96875 0.7500001 0.9375 0.7500001 0.96875 0.25 0.9375 0.2499999 0.9375 0.1874999 0.96875 0.6875001 0.9375 0.6875001 0.9375 0.6250001 0.9687501 0.1249998 0.96875 0.1874999 0.9375 0.1874999 0.96875 0.5625001 0.96875 0.6250001 0.9375 0.6250001 0.9375 0.7500001 0.9375 0.8125001 0.90625 0.8125001 0.9375 0.3124999 0.90625 0.3124999 0.90625 0.2499999 0.9375 0.6875001 0.9375 0.7500001 0.90625 0.7500001 0.9375 0.2499999 0.90625 0.2499999 0.90625 0.1874999 0.9375 0.6875001 0.90625 0.6875001 0.90625 0.6250001 0.9375001 0.1249998 0.9375 0.1874999 0.90625 0.1874999 0.9375 0.5625001 0.9375 0.6250001 0.90625 0.6250001 0.9375001 0.1249998 0.9062501 0.1249998 0.9062502 0.06249988 0.9375 0.5625001 0.90625 0.5625001 0.90625 0.5 0.9375 0.4375 0.9375 0.5 0.90625 0.5 0.9375001 0.8750001 0.9375002 0.9375001 0.9062501 0.9375001 0.9375 0.4375 0.90625 0.4375 0.90625 0.375 0.9375001 0.8750001 0.9062501 0.8750001 0.90625 0.8125001 0.9375 0.3124999 0.9375 0.375 0.90625 0.375 0.90625 0.5625001 0.875 0.5625001 0.875 0.5 0.90625 0.5 0.875 0.5 0.875 0.4375 0.9062501 0.9375001 0.8750001 0.9375001 0.875 0.8750001 0.90625 0.4375 0.875 0.4375 0.875 0.375 0.9062501 0.8750001 0.875 0.8750001 0.875 0.8125001 0.90625 0.3124999 0.90625 0.375 0.875 0.375 0.90625 0.7500001 0.90625 0.8125001 0.875 0.8125001 0.90625 0.3124999 0.875 0.3124999 0.875 0.2499999 0.90625 0.6875001 0.90625 0.7500001 0.875 0.7500001 0.90625 0.2499999 0.875 0.2499999 0.875 0.1874999 0.90625 0.6875001 0.875 0.6875001 0.875 0.6250001 0.9062501 0.1249998 0.90625 0.1874999 0.875 0.1874999 0.90625 0.5625001 0.90625 0.6250001 0.875 0.6250001 0.9062501 0.1249998 0.875 0.1249998 0.8750001 0.06249988 0.875 0.3124999 0.84375 0.3124999 0.84375 0.2499999 0.875 0.6875001 0.875 0.7500001 0.84375 0.7500001 0.875 0.1874999 0.875 0.2499999 0.84375 0.2499999 0.875 0.6875001 0.84375 0.6875001 0.84375 0.6250001 0.875 0.1874999 0.84375 0.1874998 0.84375 0.1249998 0.875 0.5625001 0.875 0.6250001 0.84375 0.6250001 0.875 0.1249998 0.84375 0.1249998 0.8437501 0.06249988 0.875 0.5 0.875 0.5625001 0.84375 0.5625001 0.875 0.5 0.84375 0.5 0.84375 0.4375 0.8750001 0.9375001 0.8437501 0.9375001 0.84375 0.8750001 0.875 0.4375 0.84375 0.4375 0.84375 0.375 0.875 0.8750001 0.84375 0.8750001 0.84375 0.8125001 0.875 0.3124999 0.875 0.375 0.84375 0.375 0.875 0.8125001 0.84375 0.8125001 0.84375 0.7500001 0.84375 0.4375 0.84375 0.5 0.8125 0.5 0.84375 0.8750001 0.8437501 0.9375001 0.8125 0.9375001 0.84375 0.4375 0.8125 0.4375 0.8125 0.375 0.84375 0.8125001 0.84375 0.8750001 0.8125 0.8750001 0.84375 0.3124999 0.84375 0.375 0.8125 0.375 0.84375 0.7500001 0.84375 0.8125001 0.8125 0.8125001 0.84375 0.3124999 0.8125 0.3124999 0.8125 0.2499999 0.84375 0.6875001 0.84375 0.7500001 0.8125 0.7500001 0.84375 0.2499999 0.8125 0.2499999 0.8125 0.1874998 0.84375 0.6875001 0.8125 0.6875001 0.8125 0.6250001 0.84375 0.1249998 0.84375 0.1874998 0.8125 0.1874998 0.84375 0.5625001 0.84375 0.6250001 0.8125 0.6250001 0.84375 0.1249998 0.8125 0.1249998 0.8125001 0.06249988 0.84375 0.5625001 0.8125 0.5625001 0.8125 0.5 0.8125 0.6875001 0.8125 0.7500001 0.78125 0.7500001 0.8125 0.1874998 0.8125 0.2499999 0.78125 0.2499999 0.8125 0.6875001 0.7812499 0.6875001 0.78125 0.6250001 0.8125 0.1249998 0.8125 0.1874998 0.78125 0.1874998 0.8125 0.5625001 0.8125 0.6250001 0.78125 0.6250001 0.8125 0.1249998 0.78125 0.1249998 0.78125 0.06249988 0.8125 0.5625001 0.7812499 0.5625001 0.7812499 0.5 0.8125 0.4375 0.8125 0.5 0.7812499 0.5 0.8125 0.9375001 0.78125 0.9375001 0.78125 0.8750001 0.8125 0.4375 0.7812499 0.4375 0.78125 0.375 0.8125 0.8750001 0.78125 0.8750001 0.78125 0.8125001 0.8125 0.3124999 0.8125 0.375 0.78125 0.375 0.8125 0.8125001 0.78125 0.8125001 0.78125 0.7500001 0.8125 0.3124999 0.7812499 0.3124999 0.78125 0.2499999 0.7812499 0.5 0.75 0.5 0.75 0.4375001 0.78125 0.8750001 0.78125 0.9375001 0.75 0.9375001 0.7812499 0.4375 0.75 0.4375001 0.75 0.375 0.78125 0.8125001 0.78125 0.8750001 0.75 0.875 0.7812499 0.3124999 0.78125 0.375 0.75 0.375 0.78125 0.7500001 0.78125 0.8125001 0.75 0.8125 0.7812499 0.3124999 0.7499999 0.3124999 0.7499999 0.2499999 0.7812499 0.6875001 0.78125 0.7500001 0.75 0.7500001 0.78125 0.2499999 0.7499999 0.2499999 0.75 0.1875 0.78125 0.6250001 0.7812499 0.6875001 0.75 0.6875 0.78125 0.1874998 0.75 0.1875 0.7499999 0.1249998 0.7812499 0.5625001 0.78125 0.6250001 0.75 0.625 0.78125 0.1249998 0.7499999 0.1249998 0.75 0.06249988 0.7812499 0.5 0.7812499 0.5625001 0.75 0.5625 1 1 0.96875 1 0.96875 0.5 0.96875 1 0.9375 1 0.9375 0.5 0.9375 1 0.90625 1 0.90625 0.5 0.90625 1 0.875 1 0.875 0.5 0.875 1 0.84375 1 0.84375 0.5 0.84375 1 0.8125 1 0.8125 0.5 0.8125 1 0.78125 1 0.78125 0.5 0.78125 1 0.75 1 0.75 0.5 0.75 1 0.71875 1 0.71875 0.5 0.71875 1 0.6875 1 0.6875 0.5 0.6875 1 0.65625 1 0.65625 0.5 0.65625 1 0.625 1 0.625 0.5 0.625 1 0.59375 1 0.59375 0.5 0.59375 1 0.5625 1 0.5625 0.5 0.5625 1 0.53125 1 0.53125 0.5 0.53125 1 0.5 1 0.5 0.5 0.5 1 0.46875 1 0.46875 0.5 0.46875 1 0.4375 1 0.4375 0.5 0.4375 1 0.40625 1 0.40625 0.5 0.40625 1 0.375 1 0.375 0.5 0.375 1 0.34375 1 0.34375 0.5 0.34375 1 0.3125 1 0.3125 0.5 0.3125 1 0.28125 1 0.28125 0.5 0.28125 1 0.25 1 0.25 0.5 0.25 1 0.21875 1 0.21875 0.5 0.21875 1 0.1875 1 0.1875 0.5 0.1875 1 0.15625 1 0.15625 0.5 0.15625 1 0.125 1 0.125 0.5 0.125 1 0.09375 1 0.09375 0.5 0.09375 1 0.0625 1 0.0625 0.5 0.341844 0.4717311 0.2968217 0.4853885 0.25 0.49 0.25 0.49 0.2031787 0.4853885 0.341844 0.4717311 0.2031787 0.4853885 0.1581563 0.4717312 0.341844 0.4717311 0.1581563 0.4717312 0.1166634 0.4495529 0.08029454 0.4197058 0.08029454 0.4197058 0.05044746 0.3833371 0.02826899 0.3418443 0.02826899 0.3418443 0.01461154 0.2968219 0.00999999 0.2500002 0.00999999 0.2500002 0.01461148 0.2031785 0.02826899 0.3418443 0.01461148 0.2031785 0.02826881 0.1581561 0.02826899 0.3418443 0.02826881 0.1581561 0.05044716 0.1166633 0.1581559 0.02826893 0.05044716 0.1166633 0.08029425 0.08029443 0.1581559 0.02826893 0.08029425 0.08029443 0.116663 0.05044734 0.1581559 0.02826893 0.1581559 0.02826893 0.2031782 0.01461154 0.2499999 0.00999999 0.2499999 0.00999999 0.2968216 0.01461148 0.1581559 0.02826893 0.2968216 0.01461148 0.341844 0.02826887 0.1581559 0.02826893 0.341844 0.02826887 0.3833369 0.05044728 0.4197056 0.08029437 0.4197056 0.08029437 0.4495527 0.1166631 0.4717311 0.158156 0.4717311 0.158156 0.4853885 0.2031783 0.49 0.25 0.49 0.25 0.4853885 0.2968217 0.4717311 0.341844 0.4717311 0.341844 0.4495527 0.3833369 0.4197056 0.4197056 0.4197056 0.4197056 0.3833369 0.4495527 0.4717311 0.341844 0.3833369 0.4495527 0.341844 0.4717311 0.4717311 0.341844 0.1581563 0.4717312 0.08029454 0.4197058 0.341844 0.4717311 0.08029454 0.4197058 0.02826899 0.3418443 0.341844 0.4717311 0.341844 0.02826887 0.4197056 0.08029437 0.1581559 0.02826893 0.4197056 0.08029437 0.4717311 0.158156 0.1581559 0.02826893 0.4717311 0.158156 0.49 0.25 0.4717311 0.341844 0.02826899 0.3418443 0.02826881 0.1581561 0.1581559 0.02826893 0.4717311 0.158156 0.4717311 0.341844 0.341844 0.4717311 0.341844 0.4717311 0.02826899 0.3418443 0.4717311 0.158156 0.0625 1 0.03125 1 0.03125 0.5 0.03125 1 0 1 0 0.5 0.7031787 0.4853885 0.75 0.49 0.7968217 0.4853885 0.7968217 0.4853885 0.841844 0.4717311 0.8833369 0.4495527 0.8833369 0.4495527 0.9197056 0.4197056 0.9495527 0.3833369 0.9495527 0.3833369 0.9717311 0.341844 0.9853885 0.2968217 0.9853885 0.2968217 0.99 0.25 0.9853885 0.2031783 0.9853885 0.2031783 0.9717311 0.158156 0.9853885 0.2968217 0.9717311 0.158156 0.9495527 0.1166631 0.9853885 0.2968217 0.9495527 0.1166631 0.9197056 0.08029437 0.8833369 0.05044728 0.8833369 0.05044728 0.841844 0.02826887 0.7968216 0.01461148 0.7968216 0.01461148 0.75 0.00999999 0.7031782 0.01461154 0.7031782 0.01461154 0.6581559 0.02826893 0.616663 0.05044734 0.616663 0.05044734 0.5802943 0.08029443 0.5504472 0.1166633 0.5504472 0.1166633 0.5282688 0.1581561 0.5146115 0.2031785 0.5146115 0.2031785 0.51 0.2500002 0.5146116 0.2968219 0.5146116 0.2968219 0.5282691 0.3418443 0.5504475 0.3833371 0.5504475 0.3833371 0.5802946 0.4197058 0.6166634 0.4495529 0.6166634 0.4495529 0.6581563 0.4717312 0.7031787 0.4853885 0.7031787 0.4853885 0.7968217 0.4853885 0.8833369 0.4495527 0.8833369 0.4495527 0.9495527 0.3833369 0.9853885 0.2968217 0.9495527 0.1166631 0.8833369 0.05044728 0.9853885 0.2968217 0.8833369 0.05044728 0.7968216 0.01461148 0.9853885 0.2968217 0.7968216 0.01461148 0.7031782 0.01461154 0.616663 0.05044734 0.616663 0.05044734 0.5504472 0.1166633 0.5146115 0.2031785 0.5146115 0.2031785 0.5146116 0.2968219 0.5504475 0.3833371 0.5504475 0.3833371 0.6166634 0.4495529 0.7031787 0.4853885 0.7031787 0.4853885 0.8833369 0.4495527 0.9853885 0.2968217 0.7968216 0.01461148 0.616663 0.05044734 0.5146115 0.2031785 0.5146115 0.2031785 0.5504475 0.3833371 0.7031787 0.4853885 0.7031787 0.4853885 0.9853885 0.2968217 0.5146115 0.2031785</float_array>
          <technique_common>
            <accessor source="#Sphere_004-mesh-map-0-array" count="3252" stride="2">
              <param name="S" type="float"/>
              <param name="T" type="float"/>
            </accessor>
          </technique_common>
        </source>
        <vertices id="Sphere_004-mesh-vertices">
          <input semantic="POSITION" source="#Sphere_004-mesh-positions"/>
        </vertices>
        <triangles count="1084">
          <input semantic="VERTEX" source="#Sphere_004-mesh-vertices" offset="0"/>
          <input semantic="NORMAL" source="#Sphere_004-mesh-normals" offset="1"/>
          <input semantic="TEXCOORD" source="#Sphere_004-mesh-map-0" offset="2" set="0"/>
          <p>205 0 0 481 0 1 24 0 2 7 1 3 18 1 4 8 1 5 1 2 6 10 2 7 11 2 8 8 3 9 19 3 10 477 3 11 2 4 12 11 4 13 12 4 14 477 5 15 20 5 16 478 5 17 2 6 18 13 6 19 3 6 20 478 7 21 21 7 22 479 7 23 3 8 24 14 8 25 4 8 26 479 9 27 22 9 28 9 9 29 4 10 30 15 10 31 5 10 32 9 11 33 23 11 34 480 11 35 5 12 36 16 12 37 6 12 38 480 13 39 24 13 40 481 13 41 6 14 42 17 14 43 7 14 44 0 15 45 296 15 46 10 15 47 23 16 48 39 16 49 24 16 50 16 17 51 32 17 52 17 17 53 10 18 54 296 18 55 25 18 56 205 19 57 24 19 58 39 19 59 18 20 60 32 20 61 33 20 62 11 21 63 25 21 64 26 21 65 18 22 66 34 22 67 19 22 68 11 23 69 27 23 70 12 23 71 20 24 72 34 24 73 35 24 74 12 25 75 28 25 76 13 25 77 21 26 78 35 26 79 36 26 80 13 27 81 29 27 82 14 27 83 22 28 84 36 28 85 37 28 86 14 29 87 30 29 88 15 29 89 23 30 90 37 30 91 38 30 92 16 31 93 30 31 94 31 31 95 28 32 96 42 32 97 43 32 98 35 33 99 51 33 100 36 33 101 28 34 102 44 34 103 29 34 104 36 35 105 52 35 106 37 35 107 29 36 108 45 36 109 30 36 110 37 37 111 53 37 112 38 37 113 31 38 114 45 38 115 46 38 116 38 39 117 54 39 118 39 39 119 32 40 120 46 40 121 47 40 122 25 41 123 296 41 124 40 41 125 205 42 126 39 42 127 54 42 128 32 43 129 48 43 130 33 43 131 25 44 132 41 44 133 26 44 134 33 45 135 49 45 136 34 45 137 27 46 138 41 46 139 42 46 140 35 47 141 49 47 142 50 47 143 47 48 144 61 48 145 62 48 146 40 49 147 296 49 148 55 49 149 205 50 150 54 50 151 69 50 152 47 51 153 63 51 154 48 51 155 40 52 156 56 52 157 41 52 158 48 53 159 64 53 160 49 53 161 41 54 162 57 54 163 42 54 164 50 55 165 64 55 166 65 55 167 42 56 168 58 56 169 43 56 170 51 57 171 65 57 172 66 57 173 43 58 174 59 58 175 44 58 176 52 59 177 66 59 178 67 59 179 44 60 180 60 60 181 45 60 182 52 61 183 68 61 184 53 61 185 46 62 186 60 62 187 61 62 188 53 63 189 69 63 190 54 63 191 65 64 192 81 64 193 66 64 194 59 65 195 73 65 196 74 65 197 67 66 198 81 66 199 82 66 200 59 67 201 75 67 202 60 67 203 67 68 204 83 68 205 68 68 206 61 69 207 75 69 208 76 69 209 68 70 210 84 70 211 69 70 212 62 71 213 76 71 214 77 71 215 55 72 216 296 72 217 70 72 218 205 73 219 69 73 220 84 73 221 62 74 222 78 74 223 63 74 224 55 75 225 71 75 226 56 75 227 63 76 228 79 76 229 64 76 230 56 77 231 72 77 232 57 77 233 65 78 234 79 78 235 80 78 236 57 79 237 73 79 238 58 79 239 205 80 240 84 80 241 99 80 242 78 81 243 92 81 244 93 81 245 70 82 246 86 82 247 71 82 248 78 83 249 94 83 250 79 83 251 71 84 252 87 84 253 72 84 254 80 85 255 94 85 256 95 85 257 72 86 258 88 86 259 73 86 260 80 87 261 96 87 262 81 87 263 74 88 264 88 88 265 89 88 266 82 89 267 96 89 268 97 89 269 74 90 270 90 90 271 75 90 272 82 91 273 98 91 274 83 91 275 76 92 276 90 92 277 91 92 278 84 93 279 98 93 280 99 93 281 76 94 282 92 94 283 77 94 284 70 95 285 296 95 286 85 95 287 97 96 288 111 96 289 112 96 290 89 97 291 105 97 292 90 97 293 97 98 294 113 98 295 98 98 296 91 99 297 105 99 298 106 99 299 99 100 300 113 100 301 114 100 302 91 101 303 107 101 304 92 101 305 85 102 306 296 102 307 100 102 308 205 103 309 99 103 310 114 103 311 93 104 312 107 104 313 108 104 314 85 105 315 101 105 316 86 105 317 93 106 318 109 106 319 94 106 320 86 107 321 102 107 322 87 107 323 95 108 324 109 108 325 110 108 326 87 109 327 103 109 328 88 109 329 95 110 330 111 110 331 96 110 332 89 111 333 103 111 334 104 111 335 100 112 336 116 112 337 101 112 338 108 113 339 124 113 340 109 113 341 101 114 342 117 114 343 102 114 344 110 115 345 124 115 346 125 115 347 102 116 348 118 116 349 103 116 350 110 117 351 126 117 352 111 117 353 103 118 354 119 118 355 104 118 356 112 119 357 126 119 358 127 119 359 104 120 360 120 120 361 105 120 362 113 121 363 127 121 364 128 121 365 106 122 366 120 122 367 121 122 368 114 123 369 128 123 370 129 123 371 106 124 372 122 124 373 107 124 374 100 125 375 296 125 376 115 125 377 205 126 378 114 126 379 129 126 380 108 127 381 122 127 382 123 127 383 119 128 384 135 128 385 120 128 386 127 129 387 143 129 388 128 129 389 121 130 390 135 130 391 136 130 392 129 131 393 143 131 394 144 131 395 121 132 396 137 132 397 122 132 398 115 133 399 296 133 400 130 133 401 205 134 402 129 134 403 144 134 404 123 135 405 137 135 406 138 135 407 115 136 408 131 136 409 116 136 410 123 137 411 139 137 412 124 137 413 116 138 414 132 138 415 117 138 416 125 139 417 139 139 418 140 139 419 117 140 420 133 140 421 118 140 422 125 141 423 141 141 424 126 141 425 118 142 426 134 142 427 119 142 428 127 143 429 141 143 430 142 143 431 138 144 432 154 144 433 139 144 434 131 145 435 147 145 436 132 145 437 140 146 438 154 146 439 155 146 440 132 147 441 148 147 442 133 147 443 140 148 444 156 148 445 141 148 446 134 149 447 148 149 448 149 149 449 142 150 450 156 150 451 157 150 452 134 151 453 150 151 454 135 151 455 143 152 456 157 152 457 158 152 458 136 153 459 150 153 460 151 153 461 144 154 462 158 154 463 159 154 464 136 155 465 152 155 466 137 155 467 130 156 468 296 156 469 145 156 470 205 157 471 144 157 472 159 157 473 138 158 474 152 158 475 153 158 476 130 159 477 146 159 478 131 159 479 157 160 480 173 160 481 158 160 482 151 161 483 165 161 484 166 161 485 158 162 486 174 162 487 159 162 488 151 163 489 167 163 490 152 163 491 145 164 492 296 164 493 160 164 494 205 165 495 159 165 496 174 165 497 153 166 498 167 166 499 168 166 500 145 167 501 161 167 502 146 167 503 153 168 504 169 168 505 154 168 506 146 169 507 162 169 508 147 169 509 155 170 510 169 170 511 170 170 512 147 171 513 163 171 514 148 171 515 155 172 516 171 172 517 156 172 518 149 173 519 163 173 520 164 173 521 157 174 522 171 174 523 172 174 524 149 175 525 165 175 526 150 175 527 161 176 528 177 176 529 162 176 530 170 177 531 184 177 532 185 177 533 162 178 534 178 178 535 163 178 536 170 179 537 186 179 538 171 179 539 164 180 540 178 180 541 179 180 542 172 181 543 186 181 544 187 181 545 164 182 546 180 182 547 165 182 548 173 183 549 187 183 550 188 183 551 166 184 552 180 184 553 181 184 554 174 185 555 188 185 556 189 185 557 167 186 558 181 186 559 182 186 560 160 187 561 296 187 562 175 187 563 205 188 564 174 188 565 189 188 566 167 189 567 183 189 568 168 189 569 160 190 570 176 190 571 161 190 572 168 191 573 184 191 574 169 191 575 181 192 576 195 192 577 196 192 578 189 193 579 203 193 580 204 193 581 182 194 582 196 194 583 197 194 584 175 195 585 296 195 586 190 195 587 205 196 588 189 196 589 204 196 590 182 197 591 198 197 592 183 197 593 175 198 594 191 198 595 176 198 596 183 199 597 199 199 598 184 199 599 176 200 600 192 200 601 177 200 602 185 201 603 199 201 604 200 201 605 177 202 606 193 202 607 178 202 608 185 203 609 201 203 610 186 203 611 179 204 612 193 204 613 194 204 614 187 205 615 201 205 616 202 205 617 179 206 618 195 206 619 180 206 620 188 207 621 202 207 622 203 207 623 200 208 624 215 208 625 216 208 626 192 209 627 209 209 628 193 209 629 201 210 630 216 210 631 217 210 632 193 211 633 210 211 634 194 211 635 202 212 636 217 212 637 218 212 638 194 213 639 211 213 640 195 213 641 203 214 642 218 214 643 219 214 644 196 215 645 211 215 646 212 215 647 204 216 648 219 216 649 220 216 650 197 217 651 212 217 652 213 217 653 190 218 654 296 218 655 206 218 656 205 219 657 204 219 658 220 219 659 197 220 660 214 220 661 198 220 662 190 221 663 207 221 664 191 221 665 198 222 666 215 222 667 199 222 668 192 223 669 207 223 670 208 223 671 220 224 672 234 224 673 235 224 674 213 225 675 227 225 676 228 225 677 206 226 678 296 226 679 221 226 680 205 227 681 220 227 682 235 227 683 213 228 684 229 228 685 214 228 686 206 229 687 222 229 688 207 229 689 214 230 690 230 230 691 215 230 692 208 231 693 222 231 694 223 231 695 216 232 696 230 232 697 231 232 698 209 233 699 223 233 700 224 233 701 216 234 702 232 234 703 217 234 704 209 235 705 225 235 706 210 235 707 217 236 708 233 236 709 218 236 710 210 237 711 226 237 712 211 237 713 218 238 714 234 238 715 219 238 716 212 239 717 226 239 718 227 239 719 231 240 720 247 240 721 232 240 722 224 241 723 240 241 724 225 241 725 233 242 726 247 242 727 248 242 728 225 243 729 241 243 730 226 243 731 234 244 732 248 244 733 249 244 734 227 245 735 241 245 736 242 245 737 235 246 738 249 246 739 250 246 740 228 247 741 242 247 742 243 247 743 221 248 744 296 248 745 236 248 746 205 249 747 235 249 748 250 249 749 228 250 750 244 250 751 229 250 752 221 251 753 237 251 754 222 251 755 229 252 756 245 252 757 230 252 758 222 253 759 238 253 760 223 253 761 231 254 762 245 254 763 246 254 764 224 255 765 238 255 766 239 255 767 236 256 768 296 256 769 251 256 770 205 257 771 250 257 772 265 257 773 243 258 774 259 258 775 244 258 776 236 259 777 252 259 778 237 259 779 244 260 780 260 260 781 245 260 782 237 261 783 253 261 784 238 261 785 246 262 786 260 262 787 261 262 788 239 263 789 253 263 790 254 263 791 246 264 792 262 264 793 247 264 794 240 265 795 254 265 796 255 265 797 247 266 798 263 266 799 248 266 800 240 267 801 256 267 802 241 267 803 249 268 804 263 268 805 264 268 806 242 269 807 256 269 808 257 269 809 250 270 810 264 270 811 265 270 812 243 271 813 257 271 814 258 271 815 255 272 816 269 272 817 270 272 818 262 273 819 278 273 820 263 273 821 255 274 822 271 274 823 256 274 824 264 275 825 278 275 826 279 275 827 257 276 828 271 276 829 272 276 830 265 277 831 279 277 832 280 277 833 258 278 834 272 278 835 273 278 836 251 279 837 296 279 838 266 279 839 205 280 840 265 280 841 280 280 842 258 281 843 274 281 844 259 281 845 251 282 846 267 282 847 252 282 848 259 283 849 275 283 850 260 283 851 252 284 852 268 284 853 253 284 854 261 285 855 275 285 856 276 285 857 254 286 858 268 286 859 269 286 860 261 287 861 277 287 862 262 287 863 273 288 864 289 288 865 274 288 866 266 289 867 282 289 868 267 289 869 274 290 870 290 290 871 275 290 872 267 291 873 283 291 874 268 291 875 276 292 876 290 292 877 291 292 878 269 293 879 283 293 880 284 293 881 276 294 882 292 294 883 277 294 884 270 295 885 284 295 886 285 295 887 278 296 888 292 296 889 293 296 890 270 297 891 286 297 892 271 297 893 279 298 894 293 298 895 294 298 896 272 299 897 286 299 898 287 299 899 280 300 900 294 300 901 295 300 902 273 301 903 287 301 904 288 301 905 266 302 906 296 302 907 281 302 908 205 303 909 280 303 910 295 303 911 293 304 912 308 304 913 309 304 914 285 305 915 302 305 916 286 305 917 294 306 918 309 306 919 310 306 920 287 307 921 302 307 922 303 307 923 294 308 924 311 308 925 295 308 926 288 309 927 303 309 928 304 309 929 281 310 930 296 310 931 297 310 932 205 311 933 295 311 934 311 311 935 288 312 936 305 312 937 289 312 938 281 313 939 298 313 940 282 313 941 289 314 942 306 314 943 290 314 944 282 315 945 299 315 946 283 315 947 291 316 948 306 316 949 307 316 950 284 317 951 299 317 952 300 317 953 291 318 954 308 318 955 292 318 956 285 319 957 300 319 958 301 319 959 297 320 960 313 320 961 298 320 962 305 321 963 321 321 964 306 321 965 298 322 966 314 322 967 299 322 968 307 323 969 321 323 970 322 323 971 300 324 972 314 324 973 315 324 974 307 325 975 323 325 976 308 325 977 301 326 978 315 326 979 316 326 980 309 327 981 323 327 982 324 327 983 301 328 984 317 328 985 302 328 986 310 329 987 324 329 988 325 329 989 303 330 990 317 330 991 318 330 992 310 331 993 326 331 994 311 331 995 304 332 996 318 332 997 319 332 998 297 333 999 296 333 1000 312 333 1001 205 334 1002 311 334 1003 326 334 1004 304 335 1005 320 335 1006 305 335 1007 316 336 1008 332 336 1009 317 336 1010 325 337 1011 339 337 1012 340 337 1013 318 338 1014 332 338 1015 333 338 1016 326 339 1017 340 339 1018 341 339 1019 318 340 1020 334 340 1021 319 340 1022 312 341 1023 296 341 1024 327 341 1025 205 342 1026 326 342 1027 341 342 1028 320 343 1029 334 343 1030 335 343 1031 312 344 1032 328 344 1033 313 344 1034 320 345 1035 336 345 1036 321 345 1037 313 346 1038 329 346 1039 314 346 1040 322 347 1041 336 347 1042 337 347 1043 315 348 1044 329 348 1045 330 348 1046 322 349 1047 338 349 1048 323 349 1049 316 350 1050 330 350 1051 331 350 1052 324 351 1053 338 351 1054 339 351 1055 335 352 1056 351 352 1057 336 352 1058 328 353 1059 344 353 1060 329 353 1061 337 354 1062 351 354 1063 352 354 1064 330 355 1065 344 355 1066 345 355 1067 337 356 1068 353 356 1069 338 356 1070 331 357 1071 345 357 1072 346 357 1073 338 358 1074 354 358 1075 339 358 1076 331 359 1077 347 359 1078 332 359 1079 340 360 1080 354 360 1081 355 360 1082 333 361 1083 347 361 1084 348 361 1085 340 362 1086 356 362 1087 341 362 1088 333 363 1089 349 363 1090 334 363 1091 327 364 1092 296 364 1093 342 364 1094 205 365 1095 341 365 1096 356 365 1097 335 366 1098 349 366 1099 350 366 1100 327 367 1101 343 367 1102 328 367 1103 355 368 1104 369 368 1105 370 368 1106 348 369 1107 362 369 1108 363 369 1109 355 370 1110 371 370 1111 356 370 1112 348 371 1113 364 371 1114 349 371 1115 342 372 1116 296 372 1117 357 372 1118 205 373 1119 356 373 1120 371 373 1121 350 374 1122 364 374 1123 365 374 1124 343 375 1125 357 375 1126 358 375 1127 350 376 1128 366 376 1129 351 376 1130 343 377 1131 359 377 1132 344 377 1133 352 378 1134 366 378 1135 367 378 1136 345 379 1137 359 379 1138 360 379 1139 352 380 1140 368 380 1141 353 380 1142 346 381 1143 360 381 1144 361 381 1145 353 382 1146 369 382 1147 354 382 1148 346 383 1149 362 383 1150 347 383 1151 367 384 1152 381 384 1153 382 384 1154 360 385 1155 374 385 1156 375 385 1157 367 386 1158 383 386 1159 368 386 1160 360 387 1161 376 387 1162 361 387 1163 368 388 1164 384 388 1165 369 388 1166 361 389 1167 377 389 1168 362 389 1169 370 390 1170 384 390 1171 385 390 1172 363 391 1173 377 391 1174 378 391 1175 370 392 1176 386 392 1177 371 392 1178 363 393 1179 379 393 1180 364 393 1181 357 394 1182 296 394 1183 372 394 1184 205 395 1185 371 395 1186 386 395 1187 365 396 1188 379 396 1189 380 396 1190 358 397 1191 372 397 1192 373 397 1193 365 398 1194 381 398 1195 366 398 1196 358 399 1197 374 399 1198 359 399 1199 385 400 1200 401 400 1201 386 400 1202 378 401 1203 394 401 1204 379 401 1205 372 402 1206 296 402 1207 387 402 1208 205 403 1209 386 403 1210 401 403 1211 380 404 1212 394 404 1213 395 404 1214 373 405 1215 387 405 1216 388 405 1217 380 406 1218 396 406 1219 381 406 1220 373 407 1221 389 407 1222 374 407 1223 382 408 1224 396 408 1225 397 408 1226 375 409 1227 389 409 1228 390 409 1229 382 410 1230 398 410 1231 383 410 1232 376 411 1233 390 411 1234 391 411 1235 383 412 1236 399 412 1237 384 412 1238 376 413 1239 392 413 1240 377 413 1241 385 414 1242 399 414 1243 400 414 1244 378 415 1245 392 415 1246 393 415 1247 390 416 1248 404 416 1249 405 416 1250 397 417 1251 413 417 1252 398 417 1253 391 418 1254 405 418 1255 406 418 1256 398 419 1257 414 419 1258 399 419 1259 391 420 1260 407 420 1261 392 420 1262 400 421 1263 414 421 1264 415 421 1265 393 422 1266 407 422 1267 408 422 1268 400 423 1269 416 423 1270 401 423 1271 393 424 1272 409 424 1273 394 424 1274 387 425 1275 296 425 1276 402 425 1277 205 426 1278 401 426 1279 416 426 1280 395 427 1281 409 427 1282 410 427 1283 388 428 1284 402 428 1285 403 428 1286 395 429 1287 411 429 1288 396 429 1289 388 430 1290 404 430 1291 389 430 1292 397 431 1293 411 431 1294 412 431 1295 408 432 1296 424 432 1297 409 432 1298 402 433 1299 296 433 1300 417 433 1301 205 434 1302 416 434 1303 431 434 1304 409 435 1305 425 435 1306 410 435 1307 402 436 1308 418 436 1309 403 436 1310 410 437 1311 426 437 1312 411 437 1313 403 438 1314 419 438 1315 404 438 1316 412 439 1317 426 439 1318 427 439 1319 405 440 1320 419 440 1321 420 440 1322 412 441 1323 428 441 1324 413 441 1325 406 442 1326 420 442 1327 421 442 1328 413 443 1329 429 443 1330 414 443 1331 406 444 1332 422 444 1333 407 444 1334 415 445 1335 429 445 1336 430 445 1337 408 446 1338 422 446 1339 423 446 1340 415 447 1341 431 447 1342 416 447 1343 427 448 1344 443 448 1345 428 448 1346 421 449 1347 435 449 1348 436 449 1349 429 450 1350 443 450 1351 444 450 1352 421 451 1353 437 451 1354 422 451 1355 429 452 1356 445 452 1357 430 452 1358 423 453 1359 437 453 1360 438 453 1361 430 454 1362 446 454 1363 431 454 1364 424 455 1365 438 455 1366 439 455 1367 417 456 1368 296 456 1369 432 456 1370 205 457 1371 431 457 1372 446 457 1373 424 458 1374 440 458 1375 425 458 1376 417 459 1377 433 459 1378 418 459 1379 425 460 1380 441 460 1381 426 460 1382 418 461 1383 434 461 1384 419 461 1385 427 462 1386 441 462 1387 442 462 1388 419 463 1389 435 463 1390 420 463 1391 432 464 1392 296 464 1393 447 464 1394 205 465 1395 446 465 1396 461 465 1397 440 466 1398 454 466 1399 455 466 1400 433 467 1401 447 467 1402 448 467 1403 440 468 1404 456 468 1405 441 468 1406 434 469 1407 448 469 1408 449 469 1409 442 470 1410 456 470 1411 457 470 1412 435 471 1413 449 471 1414 450 471 1415 442 472 1416 458 472 1417 443 472 1418 436 473 1419 450 473 1420 451 473 1421 443 474 1422 459 474 1423 444 474 1424 436 475 1425 452 475 1426 437 475 1427 445 476 1428 459 476 1429 460 476 1430 438 477 1431 452 477 1432 453 477 1433 445 478 1434 461 478 1435 446 478 1436 438 479 1437 454 479 1438 439 479 1439 451 480 1440 465 480 1441 466 480 1442 459 481 1443 473 481 1444 474 481 1445 451 482 1446 467 482 1447 452 482 1448 460 483 1449 474 483 1450 475 483 1451 453 484 1452 467 484 1453 468 484 1454 460 485 1455 476 485 1456 461 485 1457 453 486 1458 469 486 1459 454 486 1460 447 487 1461 296 487 1462 462 487 1463 205 488 1464 461 488 1465 476 488 1466 455 489 1467 469 489 1468 470 489 1469 447 490 1470 463 490 1471 448 490 1472 455 491 1473 471 491 1474 456 491 1475 448 492 1476 464 492 1477 449 492 1478 457 493 1479 471 493 1480 472 493 1481 449 494 1482 465 494 1483 450 494 1484 457 495 1485 473 495 1486 458 495 1487 469 496 1488 8 496 1489 470 496 1490 463 497 1491 0 497 1492 1 497 1493 470 498 1494 477 498 1495 471 498 1496 464 499 1497 1 499 1498 2 499 1499 472 500 1500 477 500 1501 478 500 1502 465 501 1503 2 501 1504 3 501 1505 472 502 1506 479 502 1507 473 502 1508 466 503 1509 3 503 1510 4 503 1511 473 504 1512 9 504 1513 474 504 1514 467 505 1515 4 505 1516 5 505 1517 474 506 1518 480 506 1519 475 506 1520 468 507 1521 5 507 1522 6 507 1523 475 508 1524 481 508 1525 476 508 1526 469 509 1527 6 509 1528 7 509 1529 462 510 1530 296 510 1531 0 510 1532 205 511 1533 476 511 1534 481 511 1535 483 512 1536 484 512 1537 482 512 1538 485 513 1539 486 513 1540 484 513 1541 487 514 1542 488 514 1543 486 514 1544 489 515 1545 490 515 1546 488 515 1547 491 516 1548 492 516 1549 490 516 1550 493 517 1551 494 517 1552 492 517 1553 495 518 1554 496 518 1555 494 518 1556 497 519 1557 498 519 1558 496 519 1559 499 520 1560 500 520 1561 498 520 1562 501 521 1563 502 521 1564 500 521 1565 503 522 1566 504 522 1567 502 522 1568 505 523 1569 506 523 1570 504 523 1571 507 524 1572 508 524 1573 506 524 1574 509 525 1575 510 525 1576 508 525 1577 511 526 1578 512 526 1579 510 526 1580 513 527 1581 514 527 1582 512 527 1583 515 528 1584 516 528 1585 514 528 1586 517 529 1587 518 529 1588 516 529 1589 519 530 1590 520 530 1591 518 530 1592 521 531 1593 522 531 1594 520 531 1595 523 532 1596 524 532 1597 522 532 1598 525 533 1599 526 533 1600 524 533 1601 527 534 1602 528 534 1603 526 534 1604 529 535 1605 530 535 1606 528 535 1607 531 536 1608 532 536 1609 530 536 1610 533 537 1611 534 537 1612 532 537 1613 535 538 1614 536 538 1615 534 538 1616 537 539 1617 538 539 1618 536 539 1619 539 540 1620 540 540 1621 538 540 1622 541 541 1623 542 541 1624 540 541 1625 535 542 1626 519 542 1627 503 542 1628 543 543 1629 544 543 1630 542 543 1631 545 544 1632 482 544 1633 544 544 1634 496 545 1635 512 545 1636 528 545 1637 7 546 1638 17 546 1639 18 546 1640 1 547 1641 0 547 1642 10 547 1643 8 548 1644 18 548 1645 19 548 1646 2 549 1647 1 549 1648 11 549 1649 477 550 1650 19 550 1651 20 550 1652 2 551 1653 12 551 1654 13 551 1655 478 552 1656 20 552 1657 21 552 1658 3 553 1659 13 553 1660 14 553 1661 479 554 1662 21 554 1663 22 554 1664 4 555 1665 14 555 1666 15 555 1667 9 556 1668 22 556 1669 23 556 1670 5 557 1671 15 557 1672 16 557 1673 480 558 1674 23 558 1675 24 558 1676 6 559 1677 16 559 1678 17 559 1679 23 560 1680 38 560 1681 39 560 1682 16 561 1683 31 561 1684 32 561 1685 18 562 1686 17 562 1687 32 562 1688 11 563 1689 10 563 1690 25 563 1691 18 564 1692 33 564 1693 34 564 1694 11 565 1695 26 565 1696 27 565 1697 20 566 1698 19 566 1699 34 566 1700 12 567 1701 27 567 1702 28 567 1703 21 568 1704 20 568 1705 35 568 1706 13 569 1707 28 569 1708 29 569 1709 22 570 1710 21 570 1711 36 570 1712 14 571 1713 29 571 1714 30 571 1715 23 572 1716 22 572 1717 37 572 1718 16 573 1719 15 573 1720 30 573 1721 28 574 1722 27 574 1723 42 574 1724 35 575 1725 50 575 1726 51 575 1727 28 576 1728 43 576 1729 44 576 1730 36 577 1731 51 577 1732 52 577 1733 29 578 1734 44 578 1735 45 578 1736 37 579 1737 52 579 1738 53 579 1739 31 580 1740 30 580 1741 45 580 1742 38 581 1743 53 581 1744 54 581 1745 32 582 1746 31 582 1747 46 582 1748 32 583 1749 47 583 1750 48 583 1751 25 584 1752 40 584 1753 41 584 1754 33 585 1755 48 585 1756 49 585 1757 27 586 1758 26 586 1759 41 586 1760 35 587 1761 34 587 1762 49 587 1763 47 588 1764 46 588 1765 61 588 1766 47 589 1767 62 589 1768 63 589 1769 40 590 1770 55 590 1771 56 590 1772 48 591 1773 63 591 1774 64 591 1775 41 592 1776 56 592 1777 57 592 1778 50 593 1779 49 593 1780 64 593 1781 42 594 1782 57 594 1783 58 594 1784 51 595 1785 50 595 1786 65 595 1787 43 596 1788 58 596 1789 59 596 1790 52 597 1791 51 597 1792 66 597 1793 44 598 1794 59 598 1795 60 598 1796 52 599 1797 67 599 1798 68 599 1799 46 600 1800 45 600 1801 60 600 1802 53 601 1803 68 601 1804 69 601 1805 65 602 1806 80 602 1807 81 602 1808 59 603 1809 58 603 1810 73 603 1811 67 604 1812 66 604 1813 81 604 1814 59 605 1815 74 605 1816 75 605 1817 67 606 1818 82 606 1819 83 606 1820 61 607 1821 60 607 1822 75 607 1823 68 608 1824 83 608 1825 84 608 1826 62 609 1827 61 609 1828 76 609 1829 62 610 1830 77 610 1831 78 610 1832 55 611 1833 70 611 1834 71 611 1835 63 612 1836 78 612 1837 79 612 1838 56 613 1839 71 613 1840 72 613 1841 65 614 1842 64 614 1843 79 614 1844 57 615 1845 72 615 1846 73 615 1847 78 616 1848 77 616 1849 92 616 1850 70 617 1851 85 617 1852 86 617 1853 78 618 1854 93 618 1855 94 618 1856 71 619 1857 86 619 1858 87 619 1859 80 620 1860 79 620 1861 94 620 1862 72 621 1863 87 621 1864 88 621 1865 80 622 1866 95 622 1867 96 622 1868 74 623 1869 73 623 1870 88 623 1871 82 624 1872 81 624 1873 96 624 1874 74 625 1875 89 625 1876 90 625 1877 82 626 1878 97 626 1879 98 626 1880 76 627 1881 75 627 1882 90 627 1883 84 628 1884 83 628 1885 98 628 1886 76 629 1887 91 629 1888 92 629 1889 97 630 1890 96 630 1891 111 630 1892 89 631 1893 104 631 1894 105 631 1895 97 632 1896 112 632 1897 113 632 1898 91 633 1899 90 633 1900 105 633 1901 99 634 1902 98 634 1903 113 634 1904 91 635 1905 106 635 1906 107 635 1907 93 636 1908 92 636 1909 107 636 1910 85 637 1911 100 637 1912 101 637 1913 93 638 1914 108 638 1915 109 638 1916 86 639 1917 101 639 1918 102 639 1919 95 640 1920 94 640 1921 109 640 1922 87 641 1923 102 641 1924 103 641 1925 95 642 1926 110 642 1927 111 642 1928 89 643 1929 88 643 1930 103 643 1931 100 644 1932 115 644 1933 116 644 1934 108 645 1935 123 645 1936 124 645 1937 101 646 1938 116 646 1939 117 646 1940 110 647 1941 109 647 1942 124 647 1943 102 648 1944 117 648 1945 118 648 1946 110 649 1947 125 649 1948 126 649 1949 103 650 1950 118 650 1951 119 650 1952 112 651 1953 111 651 1954 126 651 1955 104 652 1956 119 652 1957 120 652 1958 113 653 1959 112 653 1960 127 653 1961 106 654 1962 105 654 1963 120 654 1964 114 655 1965 113 655 1966 128 655 1967 106 656 1968 121 656 1969 122 656 1970 108 657 1971 107 657 1972 122 657 1973 119 658 1974 134 658 1975 135 658 1976 127 659 1977 142 659 1978 143 659 1979 121 660 1980 120 660 1981 135 660 1982 129 661 1983 128 661 1984 143 661 1985 121 662 1986 136 662 1987 137 662 1988 123 663 1989 122 663 1990 137 663 1991 115 664 1992 130 664 1993 131 664 1994 123 665 1995 138 665 1996 139 665 1997 116 666 1998 131 666 1999 132 666 2000 125 667 2001 124 667 2002 139 667 2003 117 668 2004 132 668 2005 133 668 2006 125 669 2007 140 669 2008 141 669 2009 118 670 2010 133 670 2011 134 670 2012 127 671 2013 126 671 2014 141 671 2015 138 672 2016 153 672 2017 154 672 2018 131 673 2019 146 673 2020 147 673 2021 140 674 2022 139 674 2023 154 674 2024 132 675 2025 147 675 2026 148 675 2027 140 676 2028 155 676 2029 156 676 2030 134 677 2031 133 677 2032 148 677 2033 142 678 2034 141 678 2035 156 678 2036 134 679 2037 149 679 2038 150 679 2039 143 680 2040 142 680 2041 157 680 2042 136 681 2043 135 681 2044 150 681 2045 144 682 2046 143 682 2047 158 682 2048 136 683 2049 151 683 2050 152 683 2051 138 684 2052 137 684 2053 152 684 2054 130 685 2055 145 685 2056 146 685 2057 157 686 2058 172 686 2059 173 686 2060 151 687 2061 150 687 2062 165 687 2063 158 688 2064 173 688 2065 174 688 2066 151 689 2067 166 689 2068 167 689 2069 153 690 2070 152 690 2071 167 690 2072 145 691 2073 160 691 2074 161 691 2075 153 692 2076 168 692 2077 169 692 2078 146 693 2079 161 693 2080 162 693 2081 155 694 2082 154 694 2083 169 694 2084 147 695 2085 162 695 2086 163 695 2087 155 696 2088 170 696 2089 171 696 2090 149 697 2091 148 697 2092 163 697 2093 157 698 2094 156 698 2095 171 698 2096 149 699 2097 164 699 2098 165 699 2099 161 700 2100 176 700 2101 177 700 2102 170 701 2103 169 701 2104 184 701 2105 162 702 2106 177 702 2107 178 702 2108 170 703 2109 185 703 2110 186 703 2111 164 704 2112 163 704 2113 178 704 2114 172 705 2115 171 705 2116 186 705 2117 164 706 2118 179 706 2119 180 706 2120 173 707 2121 172 707 2122 187 707 2123 166 708 2124 165 708 2125 180 708 2126 174 709 2127 173 709 2128 188 709 2129 167 710 2130 166 710 2131 181 710 2132 167 711 2133 182 711 2134 183 711 2135 160 712 2136 175 712 2137 176 712 2138 168 713 2139 183 713 2140 184 713 2141 181 714 2142 180 714 2143 195 714 2144 189 715 2145 188 715 2146 203 715 2147 182 716 2148 181 716 2149 196 716 2150 182 717 2151 197 717 2152 198 717 2153 175 718 2154 190 718 2155 191 718 2156 183 719 2157 198 719 2158 199 719 2159 176 720 2160 191 720 2161 192 720 2162 185 721 2163 184 721 2164 199 721 2165 177 722 2166 192 722 2167 193 722 2168 185 723 2169 200 723 2170 201 723 2171 179 724 2172 178 724 2173 193 724 2174 187 725 2175 186 725 2176 201 725 2177 179 726 2178 194 726 2179 195 726 2180 188 727 2181 187 727 2182 202 727 2183 200 728 2184 199 728 2185 215 728 2186 192 729 2187 208 729 2188 209 729 2189 201 730 2190 200 730 2191 216 730 2192 193 731 2193 209 731 2194 210 731 2195 202 732 2196 201 732 2197 217 732 2198 194 733 2199 210 733 2200 211 733 2201 203 734 2202 202 734 2203 218 734 2204 196 735 2205 195 735 2206 211 735 2207 204 736 2208 203 736 2209 219 736 2210 197 737 2211 196 737 2212 212 737 2213 197 738 2214 213 738 2215 214 738 2216 190 739 2217 206 739 2218 207 739 2219 198 740 2220 214 740 2221 215 740 2222 192 741 2223 191 741 2224 207 741 2225 220 742 2226 219 742 2227 234 742 2228 213 743 2229 212 743 2230 227 743 2231 213 744 2232 228 744 2233 229 744 2234 206 745 2235 221 745 2236 222 745 2237 214 746 2238 229 746 2239 230 746 2240 208 747 2241 207 747 2242 222 747 2243 216 748 2244 215 748 2245 230 748 2246 209 749 2247 208 749 2248 223 749 2249 216 750 2250 231 750 2251 232 750 2252 209 751 2253 224 751 2254 225 751 2255 217 752 2256 232 752 2257 233 752 2258 210 753 2259 225 753 2260 226 753 2261 218 754 2262 233 754 2263 234 754 2264 212 755 2265 211 755 2266 226 755 2267 231 756 2268 246 756 2269 247 756 2270 224 757 2271 239 757 2272 240 757 2273 233 758 2274 232 758 2275 247 758 2276 225 759 2277 240 759 2278 241 759 2279 234 760 2280 233 760 2281 248 760 2282 227 761 2283 226 761 2284 241 761 2285 235 762 2286 234 762 2287 249 762 2288 228 763 2289 227 763 2290 242 763 2291 228 764 2292 243 764 2293 244 764 2294 221 765 2295 236 765 2296 237 765 2297 229 766 2298 244 766 2299 245 766 2300 222 767 2301 237 767 2302 238 767 2303 231 768 2304 230 768 2305 245 768 2306 224 769 2307 223 769 2308 238 769 2309 243 770 2310 258 770 2311 259 770 2312 236 771 2313 251 771 2314 252 771 2315 244 772 2316 259 772 2317 260 772 2318 237 773 2319 252 773 2320 253 773 2321 246 774 2322 245 774 2323 260 774 2324 239 775 2325 238 775 2326 253 775 2327 246 776 2328 261 776 2329 262 776 2330 240 777 2331 239 777 2332 254 777 2333 247 778 2334 262 778 2335 263 778 2336 240 779 2337 255 779 2338 256 779 2339 249 780 2340 248 780 2341 263 780 2342 242 781 2343 241 781 2344 256 781 2345 250 782 2346 249 782 2347 264 782 2348 243 783 2349 242 783 2350 257 783 2351 255 784 2352 254 784 2353 269 784 2354 262 785 2355 277 785 2356 278 785 2357 255 786 2358 270 786 2359 271 786 2360 264 787 2361 263 787 2362 278 787 2363 257 788 2364 256 788 2365 271 788 2366 265 789 2367 264 789 2368 279 789 2369 258 790 2370 257 790 2371 272 790 2372 258 791 2373 273 791 2374 274 791 2375 251 792 2376 266 792 2377 267 792 2378 259 793 2379 274 793 2380 275 793 2381 252 794 2382 267 794 2383 268 794 2384 261 795 2385 260 795 2386 275 795 2387 254 796 2388 253 796 2389 268 796 2390 261 797 2391 276 797 2392 277 797 2393 273 798 2394 288 798 2395 289 798 2396 266 799 2397 281 799 2398 282 799 2399 274 800 2400 289 800 2401 290 800 2402 267 801 2403 282 801 2404 283 801 2405 276 802 2406 275 802 2407 290 802 2408 269 803 2409 268 803 2410 283 803 2411 276 804 2412 291 804 2413 292 804 2414 270 805 2415 269 805 2416 284 805 2417 278 806 2418 277 806 2419 292 806 2420 270 807 2421 285 807 2422 286 807 2423 279 808 2424 278 808 2425 293 808 2426 272 809 2427 271 809 2428 286 809 2429 280 810 2430 279 810 2431 294 810 2432 273 811 2433 272 811 2434 287 811 2435 293 812 2436 292 812 2437 308 812 2438 285 813 2439 301 813 2440 302 813 2441 294 814 2442 293 814 2443 309 814 2444 287 815 2445 286 815 2446 302 815 2447 294 816 2448 310 816 2449 311 816 2450 288 817 2451 287 817 2452 303 817 2453 288 818 2454 304 818 2455 305 818 2456 281 819 2457 297 819 2458 298 819 2459 289 820 2460 305 820 2461 306 820 2462 282 821 2463 298 821 2464 299 821 2465 291 822 2466 290 822 2467 306 822 2468 284 823 2469 283 823 2470 299 823 2471 291 824 2472 307 824 2473 308 824 2474 285 825 2475 284 825 2476 300 825 2477 297 826 2478 312 826 2479 313 826 2480 305 827 2481 320 827 2482 321 827 2483 298 828 2484 313 828 2485 314 828 2486 307 829 2487 306 829 2488 321 829 2489 300 830 2490 299 830 2491 314 830 2492 307 831 2493 322 831 2494 323 831 2495 301 832 2496 300 832 2497 315 832 2498 309 833 2499 308 833 2500 323 833 2501 301 834 2502 316 834 2503 317 834 2504 310 835 2505 309 835 2506 324 835 2507 303 836 2508 302 836 2509 317 836 2510 310 837 2511 325 837 2512 326 837 2513 304 838 2514 303 838 2515 318 838 2516 304 839 2517 319 839 2518 320 839 2519 316 840 2520 331 840 2521 332 840 2522 325 841 2523 324 841 2524 339 841 2525 318 842 2526 317 842 2527 332 842 2528 326 843 2529 325 843 2530 340 843 2531 318 844 2532 333 844 2533 334 844 2534 320 845 2535 319 845 2536 334 845 2537 312 846 2538 327 846 2539 328 846 2540 320 847 2541 335 847 2542 336 847 2543 313 848 2544 328 848 2545 329 848 2546 322 849 2547 321 849 2548 336 849 2549 315 850 2550 314 850 2551 329 850 2552 322 851 2553 337 851 2554 338 851 2555 316 852 2556 315 852 2557 330 852 2558 324 853 2559 323 853 2560 338 853 2561 335 854 2562 350 854 2563 351 854 2564 328 855 2565 343 855 2566 344 855 2567 337 856 2568 336 856 2569 351 856 2570 330 857 2571 329 857 2572 344 857 2573 337 858 2574 352 858 2575 353 858 2576 331 859 2577 330 859 2578 345 859 2579 338 860 2580 353 860 2581 354 860 2582 331 861 2583 346 861 2584 347 861 2585 340 862 2586 339 862 2587 354 862 2588 333 863 2589 332 863 2590 347 863 2591 340 864 2592 355 864 2593 356 864 2594 333 865 2595 348 865 2596 349 865 2597 335 866 2598 334 866 2599 349 866 2600 327 867 2601 342 867 2602 343 867 2603 355 868 2604 354 868 2605 369 868 2606 348 869 2607 347 869 2608 362 869 2609 355 870 2610 370 870 2611 371 870 2612 348 871 2613 363 871 2614 364 871 2615 350 872 2616 349 872 2617 364 872 2618 343 873 2619 342 873 2620 357 873 2621 350 874 2622 365 874 2623 366 874 2624 343 875 2625 358 875 2626 359 875 2627 352 876 2628 351 876 2629 366 876 2630 345 877 2631 344 877 2632 359 877 2633 352 878 2634 367 878 2635 368 878 2636 346 879 2637 345 879 2638 360 879 2639 353 880 2640 368 880 2641 369 880 2642 346 881 2643 361 881 2644 362 881 2645 367 882 2646 366 882 2647 381 882 2648 360 883 2649 359 883 2650 374 883 2651 367 884 2652 382 884 2653 383 884 2654 360 885 2655 375 885 2656 376 885 2657 368 886 2658 383 886 2659 384 886 2660 361 887 2661 376 887 2662 377 887 2663 370 888 2664 369 888 2665 384 888 2666 363 889 2667 362 889 2668 377 889 2669 370 890 2670 385 890 2671 386 890 2672 363 891 2673 378 891 2674 379 891 2675 365 892 2676 364 892 2677 379 892 2678 358 893 2679 357 893 2680 372 893 2681 365 894 2682 380 894 2683 381 894 2684 358 895 2685 373 895 2686 374 895 2687 385 896 2688 400 896 2689 401 896 2690 378 897 2691 393 897 2692 394 897 2693 380 898 2694 379 898 2695 394 898 2696 373 899 2697 372 899 2698 387 899 2699 380 900 2700 395 900 2701 396 900 2702 373 901 2703 388 901 2704 389 901 2705 382 902 2706 381 902 2707 396 902 2708 375 903 2709 374 903 2710 389 903 2711 382 904 2712 397 904 2713 398 904 2714 376 905 2715 375 905 2716 390 905 2717 383 906 2718 398 906 2719 399 906 2720 376 907 2721 391 907 2722 392 907 2723 385 908 2724 384 908 2725 399 908 2726 378 909 2727 377 909 2728 392 909 2729 390 910 2730 389 910 2731 404 910 2732 397 911 2733 412 911 2734 413 911 2735 391 912 2736 390 912 2737 405 912 2738 398 913 2739 413 913 2740 414 913 2741 391 914 2742 406 914 2743 407 914 2744 400 915 2745 399 915 2746 414 915 2747 393 916 2748 392 916 2749 407 916 2750 400 917 2751 415 917 2752 416 917 2753 393 918 2754 408 918 2755 409 918 2756 395 919 2757 394 919 2758 409 919 2759 388 920 2760 387 920 2761 402 920 2762 395 921 2763 410 921 2764 411 921 2765 388 922 2766 403 922 2767 404 922 2768 397 923 2769 396 923 2770 411 923 2771 408 924 2772 423 924 2773 424 924 2774 409 925 2775 424 925 2776 425 925 2777 402 926 2778 417 926 2779 418 926 2780 410 927 2781 425 927 2782 426 927 2783 403 928 2784 418 928 2785 419 928 2786 412 929 2787 411 929 2788 426 929 2789 405 930 2790 404 930 2791 419 930 2792 412 931 2793 427 931 2794 428 931 2795 406 932 2796 405 932 2797 420 932 2798 413 933 2799 428 933 2800 429 933 2801 406 934 2802 421 934 2803 422 934 2804 415 935 2805 414 935 2806 429 935 2807 408 936 2808 407 936 2809 422 936 2810 415 937 2811 430 937 2812 431 937 2813 427 938 2814 442 938 2815 443 938 2816 421 939 2817 420 939 2818 435 939 2819 429 940 2820 428 940 2821 443 940 2822 421 941 2823 436 941 2824 437 941 2825 429 942 2826 444 942 2827 445 942 2828 423 943 2829 422 943 2830 437 943 2831 430 944 2832 445 944 2833 446 944 2834 424 945 2835 423 945 2836 438 945 2837 424 946 2838 439 946 2839 440 946 2840 417 947 2841 432 947 2842 433 947 2843 425 948 2844 440 948 2845 441 948 2846 418 949 2847 433 949 2848 434 949 2849 427 950 2850 426 950 2851 441 950 2852 419 951 2853 434 951 2854 435 951 2855 440 952 2856 439 952 2857 454 952 2858 433 953 2859 432 953 2860 447 953 2861 440 954 2862 455 954 2863 456 954 2864 434 955 2865 433 955 2866 448 955 2867 442 956 2868 441 956 2869 456 956 2870 435 957 2871 434 957 2872 449 957 2873 442 958 2874 457 958 2875 458 958 2876 436 959 2877 435 959 2878 450 959 2879 443 960 2880 458 960 2881 459 960 2882 436 961 2883 451 961 2884 452 961 2885 445 962 2886 444 962 2887 459 962 2888 438 963 2889 437 963 2890 452 963 2891 445 964 2892 460 964 2893 461 964 2894 438 965 2895 453 965 2896 454 965 2897 451 966 2898 450 966 2899 465 966 2900 459 967 2901 458 967 2902 473 967 2903 451 968 2904 466 968 2905 467 968 2906 460 969 2907 459 969 2908 474 969 2909 453 970 2910 452 970 2911 467 970 2912 460 971 2913 475 971 2914 476 971 2915 453 972 2916 468 972 2917 469 972 2918 455 973 2919 454 973 2920 469 973 2921 447 974 2922 462 974 2923 463 974 2924 455 975 2925 470 975 2926 471 975 2927 448 976 2928 463 976 2929 464 976 2930 457 977 2931 456 977 2932 471 977 2933 449 978 2934 464 978 2935 465 978 2936 457 979 2937 472 979 2938 473 979 2939 469 980 2940 7 980 2941 8 980 2942 463 981 2943 462 981 2944 0 981 2945 470 982 2946 8 982 2947 477 982 2948 464 983 2949 463 983 2950 1 983 2951 472 984 2952 471 984 2953 477 984 2954 465 985 2955 464 985 2956 2 985 2957 472 986 2958 478 986 2959 479 986 2960 466 987 2961 465 987 2962 3 987 2963 473 988 2964 479 988 2965 9 988 2966 467 989 2967 466 989 2968 4 989 2969 474 990 2970 9 990 2971 480 990 2972 468 991 2973 467 991 2974 5 991 2975 475 992 2976 480 992 2977 481 992 2978 469 993 2979 468 993 2980 6 993 2981 483 994 2982 485 994 2983 484 994 2984 485 995 2985 487 995 2986 486 995 2987 487 996 2988 489 996 2989 488 996 2990 489 997 2991 491 997 2992 490 997 2993 491 998 2994 493 998 2995 492 998 2996 493 999 2997 495 999 2998 494 999 2999 495 1000 3000 497 1000 3001 496 1000 3002 497 519 3003 499 519 3004 498 519 3005 499 1001 3006 501 1001 3007 500 1001 3008 501 1002 3009 503 1002 3010 502 1002 3011 503 1003 3012 505 1003 3013 504 1003 3014 505 1004 3015 507 1004 3016 506 1004 3017 507 1005 3018 509 1005 3019 508 1005 3020 509 1006 3021 511 1006 3022 510 1006 3023 511 1007 3024 513 1007 3025 512 1007 3026 513 1008 3027 515 1008 3028 514 1008 3029 515 1009 3030 517 1009 3031 516 1009 3032 517 1010 3033 519 1010 3034 518 1010 3035 519 1011 3036 521 1011 3037 520 1011 3038 521 1012 3039 523 1012 3040 522 1012 3041 523 1013 3042 525 1013 3043 524 1013 3044 525 1014 3045 527 1014 3046 526 1014 3047 527 1015 3048 529 1015 3049 528 1015 3050 529 1016 3051 531 1016 3052 530 1016 3053 531 1017 3054 533 1017 3055 532 1017 3056 533 1018 3057 535 1018 3058 534 1018 3059 535 1019 3060 537 1019 3061 536 1019 3062 537 539 3063 539 539 3064 538 539 3065 539 1020 3066 541 1020 3067 540 1020 3068 541 1021 3069 543 1021 3070 542 1021 3071 487 1022 3072 485 1022 3073 483 1022 3074 483 1023 3075 545 1023 3076 487 1023 3077 545 1024 3078 543 1024 3079 487 1024 3080 543 1023 3081 541 1023 3082 539 1023 3083 539 1025 3084 537 1025 3085 535 1025 3086 535 1026 3087 533 1026 3088 531 1026 3089 531 1027 3090 529 1027 3091 535 1027 3092 529 1023 3093 527 1023 3094 535 1023 3095 527 1028 3096 525 1028 3097 519 1028 3098 525 1029 3099 523 1029 3100 519 1029 3101 523 1023 3102 521 1023 3103 519 1023 3104 519 1030 3105 517 1030 3106 515 1030 3107 515 1023 3108 513 1023 3109 519 1023 3110 513 1031 3111 511 1031 3112 519 1031 3113 511 1023 3114 509 1023 3115 507 1023 3116 507 1032 3117 505 1032 3118 503 1032 3119 503 1033 3120 501 1033 3121 499 1033 3122 499 1023 3123 497 1023 3124 495 1023 3125 495 1034 3126 493 1034 3127 491 1034 3128 491 1035 3129 489 1035 3130 495 1035 3131 489 1023 3132 487 1023 3133 495 1023 3134 543 1023 3135 539 1023 3136 487 1023 3137 539 1036 3138 535 1036 3139 487 1036 3140 511 1023 3141 507 1023 3142 519 1023 3143 507 1037 3144 503 1037 3145 519 1037 3146 503 1038 3147 499 1038 3148 495 1038 3149 535 1023 3150 527 1023 3151 519 1023 3152 503 1023 3153 495 1023 3154 487 1023 3155 487 1039 3156 535 1039 3157 503 1039 3158 543 1040 3159 545 1040 3160 544 1040 3161 545 1041 3162 483 1041 3163 482 1041 3164 544 545 3165 482 545 3166 484 545 3167 484 545 3168 486 545 3169 488 545 3170 488 545 3171 490 545 3172 492 545 3173 492 545 3174 494 545 3175 496 545 3176 496 545 3177 498 545 3178 500 545 3179 500 1042 3180 502 1042 3181 496 1042 3182 502 1043 3183 504 1043 3184 496 1043 3185 504 545 3186 506 545 3187 508 545 3188 508 545 3189 510 545 3190 512 545 3191 512 545 3192 514 545 3193 516 545 3194 516 545 3195 518 545 3196 520 545 3197 520 545 3198 522 545 3199 524 545 3200 524 545 3201 526 545 3202 528 545 3203 528 1044 3204 530 1044 3205 532 1044 3206 532 1045 3207 534 1045 3208 536 1045 3209 536 545 3210 538 545 3211 540 545 3212 540 545 3213 542 545 3214 544 545 3215 544 545 3216 484 545 3217 488 545 3218 488 1046 3219 492 1046 3220 496 1046 3221 504 545 3222 508 545 3223 496 545 3224 508 545 3225 512 545 3226 496 545 3227 512 545 3228 516 545 3229 520 545 3230 520 1047 3231 524 1047 3232 528 1047 3233 528 1048 3234 532 1048 3235 536 1048 3236 536 545 3237 540 545 3238 544 545 3239 544 545 3240 488 545 3241 496 545 3242 512 545 3243 520 545 3244 528 545 3245 528 1049 3246 536 1049 3247 544 1049 3248 544 1050 3249 496 1050 3250 528 1050 3251</p>
        </triangles>
      </mesh>
    </geometry>
  </library_geometries>
  <library_visual_scenes>
    <visual_scene id="Scene" name="Scene">
      <node id="Sphere_004" name="Sphere.004" type="NODE">
        <matrix sid="transform">0.005 0 -2.91038e-13 -0.3699999 -2.91038e-13 0 -0.004999999 -0.06999993 0 0.004999998 0 0.009999998 0 0 0 1</matrix>
        <instance_geometry url="#Sphere_004-mesh" name="Sphere.004"/>
      </node>
    </visual_scene>
  </library_visual_scenes>
  <scene>
    <instance_visual_scene url="#Scene"/>
  </scene>
</COLLADA>