<?xml version="1.0" encoding="utf-8"?>
<COLLADA xmlns="http://www.collada.org/2005/11/COLLADASchema" version="1.4.1" xmlns:xsi="http://www.w3.org/2001/XMLSchema-instance">
  <asset>
    <contributor>
      <author>Blender User</author>
      <authoring_tool>Blender 4.5.10 LTS commit date:2026-05-18, commit time:13:28, hash:6dc0b208d1b5</authoring_tool>
    </contributor>
    <created>2026-07-24T09:53:15</created>
    <modified>2026-07-24T09:53:15</modified>
    <unit name="meter" meter="1"/>
    <up_axis>Z_UP</up_axis>
  </asset>
  <library_effects/>
  <library_images/>
  <library_geometries>
    <geometry id="Cylinder_007-mesh" name="Cylinder.007">
      <mesh>
        <source id="Cylinder_007-mesh-positions">
          <float_array id="Cylinder_007-mesh-positions-array" count="1680">0 1 -1 0 1 1 0.1950903 0.9807853 -1 0.1950903 0.9807853 1 0.3826835 0.9238795 -1 0.3826835 0.9238795 1 0.5555703 0.8314696 -1 0.5555703 0.8314696 1 0.7071068 0.7071068 -1 0.7071068 0.7071068 1 0.8314697 0.5555702 -1 0.8314697 0.5555702 1 0.9238795 0.3826834 -1 0.9238795 0.3826834 1 0.9807853 0.1950903 -1 0.9807853 0.1950903 1 1 0 -1 1 0 1 0.9807853 -0.1950902 -1 0.9807853 -0.1950902 1 0.9238796 -0.3826833 -1 0.9238796 -0.3826833 1 0.8314697 -0.5555702 -1 0.8314697 -0.5555702 1 0.7071068 -0.7071068 -1 0.7071068 -0.7071068 1 0.5555702 -0.8314697 -1 0.5555702 -0.8314697 1 0.3826833 -0.9238796 -1 0.3826833 -0.9238796 1 0.1950901 -0.9807853 -1 0.1950901 -0.9807853 1 -3.25841e-7 -1 -1 -3.25841e-7 -1 1 -0.1950907 -0.9807852 -1 -0.1950907 -0.9807852 1 -0.3826839 -0.9238793 -1 -0.3826839 -0.9238793 1 -0.5555707 -0.8314693 -1 -0.5555707 -0.8314693 1 -0.7071073 -0.7071064 -1 -0.7071073 -0.7071064 1 -0.83147 -0.5555697 -1 -0.83147 -0.5555697 1 -0.9238799 -0.3826827 -1 -0.9238799 -0.3826827 1 -0.9807854 -0.1950894 -1 -0.9807854 -0.1950894 1 -1 9.65599e-7 -1 -1 9.65599e-7 1 -0.9807851 0.1950913 -1 -0.9807851 0.1950913 1 -0.9238791 0.3826845 -1 -0.9238791 0.3826845 1 -0.8314689 0.5555713 -1 -0.8314689 0.5555713 1 -0.7071059 0.7071077 -1 -0.7071059 0.7071077 1 -0.5555691 0.8314704 -1 -0.5555691 0.8314704 1 -0.3826821 0.9238801 -1 -0.3826821 0.9238801 1 -0.1950888 0.9807856 -1 -0.1950888 0.9807856 1 -0.6000038 0.3391991 0.7058824 -0.5400038 0.3391991 0.7843137 -0.599265 0.3391991 0.7181518 -0.5970672 0.3391991 0.730119 -0.5934641 0.3391991 0.7414895 -0.5885448 0.3391991 0.7519832 -0.5824302 0.3391991 0.7613418 -0.5752709 0.3391991 0.7693347 -0.5672432 0.3391991 0.7757652 -0.5585448 0.3391991 0.780475 -0.5493898 0.3391991 0.7833481 0.5399963 0.3391991 0.7843137 0.5999963 0.3391991 0.7058824 0.5493823 0.3391991 0.7833481 0.5585373 0.3391991 0.780475 0.5672357 0.3391991 0.7757652 0.5752634 0.3391991 0.7693347 0.5824227 0.3391991 0.7613418 0.5885373 0.3391991 0.7519832 0.5934566 0.3391991 0.7414895 0.5970597 0.3391991 0.730119 0.5992575 0.3391991 0.7181518 -0.5400038 0.3391991 -0.7843137 -0.6000038 0.3391991 -0.7058824 -0.5493898 0.3391991 -0.7833481 -0.5585448 0.3391991 -0.780475 -0.5672432 0.3391991 -0.7757652 -0.5752709 0.3391991 -0.7693347 -0.5824302 0.3391991 -0.7613418 -0.5885448 0.3391991 -0.7519832 -0.5934641 0.3391991 -0.7414895 -0.5970672 0.3391991 -0.730119 -0.599265 0.3391991 -0.7181518 0.5999963 0.3391991 -0.7058824 0.5399963 0.3391991 -0.7843137 0.5992575 0.3391991 -0.7181518 0.5970597 0.3391991 -0.730119 0.5934566 0.3391991 -0.7414895 0.5885373 0.3391991 -0.7519832 0.5824227 0.3391991 -0.7613418 0.5752634 0.3391991 -0.7693347 0.5672357 0.3391991 -0.7757652 0.5585373 0.3391991 -0.780475 0.5493823 0.3391991 -0.7833481 -0.5999966 -94.6608 0.7058828 -0.5399963 -99.6608 0.7058829 -0.5399966 -94.6608 0.7843142 -0.5992578 -95.44301 0.7058828 -0.5970602 -96.20581 0.7058828 -0.5934565 -96.93082 0.7058828 -0.5885377 -97.5997 0.7058828 -0.5824228 -98.19634 0.7058828 -0.5992579 -94.6608 0.7181527 -0.598431 -95.46706 0.7184081 -0.5960602 -96.25063 0.7184823 -0.5923682 -96.96526 0.7184542 -0.5875971 -97.59835 0.7183912 -0.5819068 -98.14943 0.7183501 -0.5970603 -94.6608 0.7301183 -0.5960658 -95.47316 0.7307265 -0.5935888 -96.25504 0.7307496 -0.5899801 -96.94324 0.7303894 -0.5855529 -97.52938 0.7299744 -0.5804288 -98.02718 0.7297489 -0.5934566 -94.6608 0.7414909 -0.5923511 -95.469 0.7420365 -0.5899567 -96.23062 0.7416607 -0.5866985 -96.8817 0.7406809 -0.5828533 -97.41771 0.7396886 -0.5784165 -97.86164 0.7391729 -0.5885379 -94.6608 0.7519831 -0.5875539 -95.46188 0.752023 -0.5855122 -96.20064 0.750917 -0.5828404 -96.8174 0.7491322 -0.579812 -97.30579 0.7473704 -0.5763304 -97.68854 0.7463797 -0.5746374 -97.54755 0.7511652 -0.5399963 -99.59925 0.7181528 -0.5399963 -99.41611 0.7301183 -0.5399963 -99.1158 0.741491 -0.5399963 -98.7059 0.7519832 -0.5399964 -98.19634 0.7613422 -0.5493828 -99.59925 0.7058829 -0.5495781 -99.53034 0.7185299 -0.5496349 -99.33277 0.7308212 -0.5496134 -99.02512 0.7420312 -0.5495653 -98.62754 0.751962 -0.5495339 -98.15334 0.7606064 -0.5585364 -99.41611 0.7058829 -0.5590018 -99.33324 0.7186257 -0.5590194 -99.12683 0.7308905 -0.5587438 -98.8261 0.7416858 -0.5584264 -98.45719 0.75088 -0.558254 -98.03017 0.7586887 -0.5672365 -99.1158 0.7058829 -0.5676538 -99.02368 0.7185604 -0.5673664 -98.82415 0.7305075 -0.5666169 -98.55265 0.7407204 -0.5658578 -98.23221 0.7491284 -0.5654633 -97.86248 0.7560919 -0.5752631 -98.7059 0.7058829 -0.5752936 -98.62391 0.7184487 -0.5744475 -98.45378 0.730037 -0.5730821 -98.23113 0.7397118 -0.5717344 -97.97876 0.7473728 -0.5709766 -97.68863 0.7533767 -0.5493831 -94.6608 0.7833485 -0.5585368 -94.6608 0.7804758 -0.5672369 -94.6608 0.7757651 -0.5752634 -94.6608 0.7693355 -0.582423 -94.6608 0.7613422 -0.5399966 -95.44301 0.7833485 -0.5496716 -95.45929 0.7822676 -0.5590744 -95.46402 0.7791686 -0.56765 -95.46224 0.7743425 -0.5752472 -95.45821 0.768106 -0.5818601 -95.45559 0.7606677 -0.5399965 -96.20581 0.7804758 -0.5497449 -96.24459 0.7791759 -0.5591273 -96.24607 0.775938 -0.5673857 -96.2231 0.7712208 -0.5744193 -96.19664 0.7654339 -0.580393 -96.18227 0.7587357 -0.5399965 -96.93082 0.7757651 -0.5496948 -96.9656 0.7743201 -0.5588343 -96.94164 0.7711902 -0.5666472 -96.87918 0.7669312 -0.5730793 -96.81592 0.7619049 -0.5784064 -96.78305 0.7561053 -0.5399964 -97.5997 0.7693355 -0.5496093 -97.60224 0.7680492 -0.5584744 -97.53173 0.7653805 -0.5658757 -97.41795 0.7618879 -0.5717363 -97.30564 0.7579293 -0.5763292 -97.24248 0.7533782 0.6000034 -94.6608 0.7058828 0.5400034 -94.6608 0.7843142 0.5400038 -99.6608 0.7058829 0.5992647 -94.6608 0.7181527 0.5970671 -94.6608 0.7301183 0.5934634 -94.6608 0.7414909 0.5885447 -94.6608 0.7519831 0.5824298 -94.6608 0.7613422 0.5992648 -95.44301 0.7058828 0.5984379 -95.45929 0.7185299 0.5960671 -95.46402 0.7308211 0.5923752 -95.46224 0.7420311 0.5876042 -95.45821 0.751962 0.5819139 -95.45559 0.7606064 0.5970672 -96.20581 0.7058828 0.5960728 -96.24459 0.7186257 0.5935958 -96.24607 0.7308904 0.5899872 -96.2231 0.7416857 0.5855601 -96.19664 0.75088 0.580436 -96.18227 0.7586887 0.5934636 -96.93082 0.7058828 0.5923582 -96.9656 0.7185603 0.5899637 -96.94164 0.7305074 0.5867056 -96.87918 0.7407203 0.5828605 -96.81592 0.7491284 0.5784237 -96.78305 0.7560919 0.588545 -97.5997 0.7058828 0.587561 -97.60224 0.7184486 0.5855194 -97.53173 0.730037 0.5828475 -97.41795 0.7397118 0.5798192 -97.30564 0.7473728 0.5763376 -97.24248 0.7533767 0.5746447 -97.54755 0.7511652 0.5400035 -95.44301 0.7833485 0.5400035 -96.20581 0.7804758 0.5400036 -96.93082 0.7757651 0.5400037 -97.5997 0.7693355 0.5400037 -98.19634 0.7613422 0.5493899 -94.6608 0.7833485 0.5495854 -95.46706 0.7822676 0.5496422 -96.25063 0.7791686 0.5496208 -96.96526 0.7743425 0.5495726 -97.59835 0.768106 0.5495411 -98.14943 0.7606677 0.5585436 -94.6608 0.7804758 0.559009 -95.47316 0.7791759 0.5590267 -96.25504 0.775938 0.5587511 -96.94324 0.7712208 0.5584338 -97.52938 0.7654339 0.5582613 -98.02718 0.7587357 0.5672436 -94.6608 0.7757651 0.5676611 -95.469 0.7743201 0.5673736 -96.23062 0.7711902 0.5666242 -96.8817 0.7669312 0.565865 -97.41771 0.7619049 0.5654706 -97.86164 0.7561053 0.5752702 -94.6608 0.7693355 0.5753008 -95.46188 0.7680492 0.5744547 -96.20064 0.7653805 0.5730894 -96.8174 0.7618879 0.5717417 -97.30579 0.7579293 0.5709838 -97.68854 0.7533782 0.5493903 -99.59925 0.7058829 0.5585439 -99.41611 0.7058829 0.567244 -99.1158 0.7058829 0.5752705 -98.7059 0.7058829 0.5824301 -98.19634 0.7058828 0.5400038 -99.59925 0.7181528 0.5496788 -99.53034 0.7184081 0.5590816 -99.33277 0.7184824 0.5676572 -99.02512 0.7184543 0.5752543 -98.62754 0.7183912 0.5818672 -98.15334 0.7183501 0.5400038 -99.41611 0.7301183 0.5497521 -99.33324 0.7307266 0.5591346 -99.12683 0.7307497 0.567393 -98.8261 0.7303894 0.5744265 -98.45719 0.7299745 0.5804002 -98.03017 0.7297489 0.5400038 -99.1158 0.741491 0.5497021 -99.02368 0.7420365 0.5588416 -98.82415 0.7416607 0.5666545 -98.55265 0.740681 0.5730866 -98.23221 0.7396886 0.5784136 -97.86248 0.7391729 0.5400037 -98.7059 0.7519832 0.5496166 -98.62391 0.7520231 0.5584817 -98.45378 0.7509171 0.5658829 -98.23113 0.7491322 0.5717435 -97.97876 0.7473704 0.5763365 -97.68863 0.7463797 -0.5999966 -94.6608 -0.705882 -0.5399966 -94.6608 -0.7843133 -0.5399963 -99.6608 -0.7058819 -0.5992579 -94.6608 -0.7181519 -0.5970603 -94.6608 -0.7301174 -0.5934566 -94.6608 -0.7414901 -0.5885379 -94.6608 -0.7519823 -0.582423 -94.6608 -0.7613413 -0.5992578 -95.44301 -0.705882 -0.598431 -95.45929 -0.7185291 -0.5960602 -95.46402 -0.7308203 -0.5923683 -95.46224 -0.7420303 -0.5875973 -95.45821 -0.7519611 -0.581907 -95.45559 -0.7606055 -0.5970602 -96.20581 -0.705882 -0.5960658 -96.24459 -0.7186248 -0.5935888 -96.24607 -0.7308896 -0.5899801 -96.2231 -0.7416849 -0.5855531 -96.19664 -0.7508791 -0.580429 -96.18227 -0.7586879 -0.5934565 -96.93082 -0.705882 -0.592351 -96.9656 -0.7185595 -0.5899566 -96.94164 -0.7305066 -0.5866985 -96.87918 -0.7407195 -0.5828533 -96.81592 -0.7491275 -0.5784166 -96.78305 -0.7560911 -0.5885377 -97.5997 -0.705882 -0.5875537 -97.60224 -0.7184478 -0.5855121 -97.53173 -0.7300361 -0.5828404 -97.41795 -0.7397109 -0.579812 -97.30564 -0.7473719 -0.5763304 -97.24248 -0.7533758 -0.5746374 -97.54755 -0.7511643 -0.5399966 -95.44301 -0.7833476 -0.5399965 -96.20581 -0.780475 -0.5399965 -96.93082 -0.7757643 -0.5399964 -97.5997 -0.7693346 -0.5399964 -98.19634 -0.7613413 -0.5493831 -94.6608 -0.7833476 -0.5495784 -95.46706 -0.7822668 -0.5496352 -96.25063 -0.7791677 -0.5496136 -96.96526 -0.7743417 -0.5495653 -97.59835 -0.7681052 -0.5495339 -98.14943 -0.7606669 -0.5585368 -94.6608 -0.780475 -0.5590021 -95.47316 -0.7791751 -0.5590196 -96.25504 -0.7759372 -0.558744 -96.94324 -0.77122 -0.5584265 -97.52938 -0.765433 -0.558254 -98.02718 -0.7587348 -0.5672369 -94.6608 -0.7757643 -0.5676541 -95.469 -0.7743193 -0.5673666 -96.23062 -0.7711893 -0.566617 -96.8817 -0.7669304 -0.5658579 -97.41771 -0.7619041 -0.5654633 -97.86164 -0.7561044 -0.5752634 -94.6608 -0.7693346 -0.5752938 -95.46188 -0.7680484 -0.5744477 -96.20064 -0.7653796 -0.5730822 -96.8174 -0.7618871 -0.5717345 -97.30579 -0.7579284 -0.5709766 -97.68854 -0.7533773 -0.5493828 -99.59925 -0.7058819 -0.5585364 -99.41611 -0.7058819 -0.5672365 -99.1158 -0.7058819 -0.5752631 -98.7059 -0.7058819 -0.5824228 -98.19634 -0.705882 -0.5399963 -99.59925 -0.7181518 -0.5496713 -99.53034 -0.7184072 -0.5590741 -99.33277 -0.7184814 -0.5676497 -99.02512 -0.7184533 -0.5752469 -98.62754 -0.7183903 -0.5818599 -98.15334 -0.7183492 -0.5399963 -99.41611 -0.7301174 -0.5497446 -99.33324 -0.7307257 -0.5591271 -99.12683 -0.7307487 -0.5673856 -98.8261 -0.7303885 -0.5744192 -98.45719 -0.7299735 -0.5803929 -98.03017 -0.7297481 -0.5399963 -99.1158 -0.74149 -0.5496946 -99.02368 -0.7420356 -0.5588342 -98.82415 -0.7416598 -0.5666471 -98.55265 -0.74068 -0.5730792 -98.23221 -0.7396878 -0.5784063 -97.86248 -0.7391721 -0.5399963 -98.7059 -0.7519822 -0.5496092 -98.62391 -0.7520221 -0.5584743 -98.45378 -0.7509161 -0.5658755 -98.23113 -0.7491313 -0.5717362 -97.97876 -0.7473696 -0.5763292 -97.68863 -0.7463788 0.6000034 -94.6608 -0.705882 0.5400038 -99.6608 -0.7058819 0.5400034 -94.6608 -0.7843133 0.5992648 -95.44301 -0.705882 0.5970672 -96.20581 -0.705882 0.5934636 -96.93082 -0.705882 0.588545 -97.5997 -0.705882 0.5824301 -98.19634 -0.705882 0.5992647 -94.6608 -0.7181519 0.5984379 -95.46706 -0.7184072 0.5960672 -96.25063 -0.7184815 0.5923753 -96.96526 -0.7184534 0.5876044 -97.59835 -0.7183904 0.5819141 -98.14943 -0.7183492 0.5970671 -94.6608 -0.7301174 0.5960727 -95.47316 -0.7307257 0.5935958 -96.25504 -0.7307488 0.5899872 -96.94324 -0.7303885 0.5855602 -97.52938 -0.7299736 0.5804361 -98.02718 -0.7297481 0.5934634 -94.6608 -0.7414901 0.5923581 -95.469 -0.7420356 0.5899637 -96.23062 -0.7416598 0.5867056 -96.8817 -0.7406801 0.5828605 -97.41771 -0.7396878 0.5784238 -97.86164 -0.7391721 0.5885447 -94.6608 -0.7519823 0.5875608 -95.46188 -0.7520222 0.5855193 -96.20064 -0.7509162 0.5828475 -96.8174 -0.7491313 0.5798192 -97.30579 -0.7473696 0.5763376 -97.68854 -0.7463788 0.5746447 -97.54755 -0.7511643 0.5400038 -99.59925 -0.7181518 0.5400038 -99.41611 -0.7301174 0.5400038 -99.1158 -0.74149 0.5400037 -98.7059 -0.7519822 0.5400037 -98.19634 -0.7613413 0.5493903 -99.59925 -0.7058819 0.5495857 -99.53034 -0.718529 0.5496425 -99.33277 -0.7308202 0.5496209 -99.02512 -0.7420302 0.5495727 -98.62754 -0.7519611 0.5495411 -98.15334 -0.7606055 0.5585439 -99.41611 -0.7058819 0.5590093 -99.33324 -0.7186248 0.5590269 -99.12683 -0.7308895 0.5587512 -98.8261 -0.7416848 0.5584338 -98.45719 -0.7508791 0.5582613 -98.03017 -0.7586879 0.567244 -99.1158 -0.7058819 0.5676614 -99.02368 -0.7185595 0.5673738 -98.82415 -0.7305065 0.5666243 -98.55265 -0.7407194 0.5658652 -98.23221 -0.7491275 0.5654706 -97.86248 -0.7560911 0.5752705 -98.7059 -0.7058819 0.575301 -98.62391 -0.7184478 0.5744549 -98.45378 -0.7300361 0.5730895 -98.23113 -0.7397109 0.5717417 -97.97876 -0.7473719 0.5709838 -97.68863 -0.7533758 0.5493899 -94.6608 -0.7833476 0.5585436 -94.6608 -0.780475 0.5672436 -94.6608 -0.7757643 0.5752702 -94.6608 -0.7693346 0.5824298 -94.6608 -0.7613413 0.5400035 -95.44301 -0.7833476 0.5496785 -95.45929 -0.7822668 0.5590813 -95.46402 -0.7791677 0.5676569 -95.46224 -0.7743417 0.5752541 -95.45821 -0.7681052 0.581867 -95.45559 -0.7606669 0.5400035 -96.20581 -0.780475 0.5497519 -96.24459 -0.7791751 0.5591344 -96.24607 -0.7759372 0.5673928 -96.2231 -0.77122 0.5744264 -96.19664 -0.765433 0.5804001 -96.18227 -0.7587348 0.5400036 -96.93082 -0.7757643 0.5497019 -96.9656 -0.7743193 0.5588415 -96.94164 -0.7711893 0.5666543 -96.87918 -0.7669304 0.5730865 -96.81592 -0.7619041 0.5784136 -96.78305 -0.7561044 0.5400037 -97.5997 -0.7693346 0.5496165 -97.60224 -0.7680484 0.5584816 -97.53173 -0.7653796 0.5658828 -97.41795 -0.7618871 0.5717434 -97.30564 -0.7579284 0.5763364 -97.24248 -0.7533773 -3.999998 -13.2608 0.1568628 -3.999998 -12.4608 0.1960785 -3.999998 -13.25095 0.1629974 -3.999998 -13.22165 0.1689811 -3.999998 -13.1736 0.1746663 -3.999998 -13.10801 0.1799132 -3.999998 -13.02649 0.1845924 -3.999998 -12.93103 0.1885889 -3.999998 -12.82399 0.1918042 -3.999998 -12.70801 0.1941591 -3.999998 -12.58595 0.1955956 -3.999998 -12.4608 -0.1960784 -3.999998 -13.2608 -0.1568627 -3.999998 -12.58595 -0.1955955 -3.999998 -12.70801 -0.194159 -3.999998 -12.82399 -0.1918041 -3.999998 -12.93103 -0.1885888 -3.999998 -13.02649 -0.1845923 -3.999998 -13.10801 -0.1799131 -3.999998 -13.1736 -0.1746662 -3.999998 -13.22165 -0.168981 -3.999998 -13.25095 -0.1629973 1.90735e-6 -12.4608 0.1960785 1.90735e-6 -13.2608 0.1568628 1.90735e-6 -12.58595 0.1955956 1.90735e-6 -12.70801 0.1941591 1.90735e-6 -12.82399 0.1918042 1.90735e-6 -12.93103 0.1885889 1.90735e-6 -13.02649 0.1845924 1.90735e-6 -13.10801 0.1799132 1.90735e-6 -13.1736 0.1746663 1.90735e-6 -13.22165 0.1689811 1.90735e-6 -13.25095 0.1629974 1.90735e-6 -13.2608 -0.1568627 1.90735e-6 -12.4608 -0.1960784 1.90735e-6 -13.25095 -0.1629973 1.90735e-6 -13.22165 -0.168981 1.90735e-6 -13.1736 -0.1746662 1.90735e-6 -13.10801 -0.1799131 1.90735e-6 -13.02649 -0.1845923 1.90735e-6 -12.93103 -0.1885888 1.90735e-6 -12.82399 -0.1918041 1.90735e-6 -12.70801 -0.194159 1.90735e-6 -12.58595 -0.1955955 -3.999998 -6.060801 0.1960784 -3.999998 -5.2608 0.1568627 -3.999998 -5.935653 0.1955956 -3.999998 -5.813587 0.1941591 -3.999998 -5.697608 0.1918042 -3.999998 -5.590572 0.1885889 -3.999998 -5.495115 0.1845924 -3.999998 -5.413587 0.1799131 -3.999998 -5.347995 0.1746663 -3.999998 -5.299955 0.168981 -3.999998 -5.27065 0.1629974 -3.999998 -5.2608 -0.1568627 -3.999998 -6.060801 -0.1960784 -3.999998 -5.27065 -0.1629974 -3.999998 -5.299955 -0.168981 -3.999998 -5.347995 -0.1746662 -3.999998 -5.413587 -0.1799131 -3.999998 -5.495115 -0.1845924 -3.999998 -5.590572 -0.1885888 -3.999998 -5.697608 -0.1918041 -3.999998 -5.813587 -0.194159 -3.999998 -5.935653 -0.1955956 1.90735e-6 -5.2608 0.1568627 1.90735e-6 -6.060801 0.1960784 1.90735e-6 -5.27065 0.1629974 1.90735e-6 -5.299955 0.168981 1.90735e-6 -5.347995 0.1746663 1.90735e-6 -5.413587 0.1799131 1.90735e-6 -5.495115 0.1845924 1.90735e-6 -5.590572 0.1885889 1.90735e-6 -5.697608 0.1918042 1.90735e-6 -5.813587 0.1941591 1.90735e-6 -5.935653 0.1955956 1.90735e-6 -6.060801 -0.1960784 1.90735e-6 -5.2608 -0.1568627 1.90735e-6 -5.935653 -0.1955956 1.90735e-6 -5.813587 -0.194159 1.90735e-6 -5.697608 -0.1918041 1.90735e-6 -5.590572 -0.1885888 1.90735e-6 -5.495115 -0.1845924 1.90735e-6 -5.413587 -0.1799131 1.90735e-6 -5.347995 -0.1746662 1.90735e-6 -5.299955 -0.168981 1.90735e-6 -5.27065 -0.1629974</float_array>
          <technique_common>
            <accessor source="#Cylinder_007-mesh-positions-array" count="560" stride="3">
              <param name="X" type="float"/>
              <param name="Y" type="float"/>
              <param name="Z" type="float"/>
            </accessor>
          </technique_common>
        </source>
        <source id="Cylinder_007-mesh-normals">
          <float_array id="Cylinder_007-mesh-normals-array" count="3324">0.09801727 0.9951847 0 0.2902846 0.9569404 0 0.4713967 0.8819213 0 0.6343933 0.7730104 0 0.7730104 0.6343934 0 0.8819214 0.4713965 0 0.9569404 0.2902847 0 0.9951847 0.09801727 0 0.9951847 -0.09801697 0 0.9569404 -0.2902847 0 0.8819214 -0.4713965 0 0.7730104 -0.6343934 0 0.6343934 -0.7730104 0 0.4713967 -0.8819213 0 0.2902843 -0.9569405 0 0.09801691 -0.9951847 0 -0.09801751 -0.9951847 0 -0.2902852 -0.9569402 0 -0.4713971 -0.8819211 0 -0.6343937 -0.7730101 0 -0.773011 -0.6343927 0 -0.8819216 -0.4713961 0 -0.9569407 -0.2902837 0 -0.9951848 -0.09801632 0 -0.9951846 0.09801816 0 -0.95694 0.2902858 0 -0.8819208 0.4713976 0 -0.7730096 0.6343944 0 -0.6343924 0.7730112 0 -0.4713954 0.8819219 0 0 0 1 -0.290283 0.9569408 0 -0.0980165 0.9951848 0 0 0 -1 0 0 1 0 -1 0 1 0 0 0 1 0 0 0 -1 -0.998192 -9.42794e-4 0.06009852 -0.9981719 -0.002875745 0.06037133 -0.9980905 -0.004961073 0.06156945 -0.9977745 -0.007337272 0.06627345 -0.9970482 -0.01030099 0.07608455 -0.9835487 -9.51513e-4 0.1806406 -0.9823279 -0.002954423 0.1871448 -0.9806541 -0.005244612 0.1956787 -0.9777709 -0.00753349 0.2095412 -0.9726854 -0.01011729 0.2319071 -0.953286 -0.001100003 0.3020672 -0.9497194 -0.00314033 0.3130867 -0.9452384 -0.005221247 0.326339 -0.9391115 -0.007372856 0.3435333 -0.9290383 -0.009714901 0.3698559 -0.9054427 -0.001091122 0.4244671 -0.9005112 -0.003139555 0.4348214 -0.8948242 -0.005168199 0.4463889 -0.8879543 -0.007164895 0.4598759 -0.8764919 -0.009218752 0.4813284 -0.8371529 -0.001057088 0.5469679 -0.834071 -0.003150522 0.5516483 -0.8309892 -0.005183398 0.5562645 -0.8276849 -0.007072865 0.5611484 -0.8226749 -0.008685827 0.5684458 -0.7884832 -0.1202373 0.6031894 -0.3947151 -0.05990421 0.9168487 -0.2464736 -0.03667521 0.9684553 -0.1820396 -0.02516126 0.9829692 -0.1508606 -0.0181533 0.9883884 -0.9674198 -0.04835438 0.2485173 -0.7917924 -0.03815329 0.6095975 -0.6201454 -0.02852189 0.7839683 -0.5020911 -0.02153384 0.8645466 -0.4267478 -0.01645511 0.904221 -0.9882559 -0.02863019 0.1501021 -0.9056759 -0.02522438 0.4232196 -0.793408 -0.02111011 0.6083238 -0.6922665 -0.0173844 0.7214325 -0.6148657 -0.01417076 0.7885047 -0.9938845 -0.01946222 0.1086968 -0.9461454 -0.01799076 0.3232418 -0.8714038 -0.01603788 0.4903043 -0.7941074 -0.01406204 0.6076148 -0.7280338 -0.01213288 0.6854339 -0.9959431 -0.01399356 0.08889019 -0.9636775 -0.01337605 0.2667337 -0.9095524 -0.01247203 0.4154022 -0.8492252 -0.01149052 0.5279059 -0.7942067 -0.01049804 0.607557 -0.1023432 -0.001228094 0.9947484 -0.299426 -0.001183271 0.9541187 -0.4906049 -0.001089751 0.8713815 -0.6348291 -0.001044154 0.7726519 -0.7475369 -0.001039266 0.6642194 -0.1047932 -0.003745138 0.9944869 -0.3113402 -0.003712177 0.9502913 -0.5033828 -0.003535211 0.8640563 -0.64287 -0.003365933 0.765968 -0.7497502 -0.003235042 0.6617131 -0.1068758 -0.00646007 0.9942514 -0.338869 -0.006359636 0.9408121 -0.5155672 -0.006065726 0.8568277 -0.6499339 -0.005700469 0.7599694 -0.7514854 -0.005385518 0.6597278 -0.1137706 -0.009549677 0.9934612 -0.3550236 -0.009255707 0.9348115 -0.5324975 -0.008657813 0.8463874 -0.6601668 -0.007975995 0.7510766 -0.7533785 -0.007404029 0.6575455 -0.1362565 -0.01327115 0.9905847 -0.3804825 -0.01254051 0.9247031 -0.5619692 -0.01135241 0.8270803 -0.681316 -0.01017498 0.7319187 -0.7546084 -0.009296059 0.6561095 0.998192 -9.42642e-4 0.06009852 0.9835488 -9.33059e-4 0.1806407 0.9497711 -9.08524e-4 0.3129441 0.9012269 -9.31607e-4 0.4333468 0.8351343 -9.99592e-4 0.5500451 0.9980998 -0.002875387 0.06155163 0.9821067 -0.002934813 0.1883023 0.9464978 -0.00296241 0.3226966 0.8975679 -0.003017246 0.4408659 0.8334221 -0.003116786 0.5526282 0.9980148 -0.004960536 0.06278324 0.9784848 -0.005059778 0.2062571 0.943216 -0.005108058 0.3321408 0.8942383 -0.005131244 0.4475618 0.8320578 -0.005195975 0.5546647 0.9977348 -0.007336795 0.06686866 0.9761532 -0.007393598 0.2169569 0.9383863 -0.007342994 0.3455103 0.8892261 -0.007223963 0.4574108 0.8305546 -0.007154345 0.5568913 0.9967236 -0.0102154 0.08023548 0.9721612 -0.01008588 0.2340956 0.9291873 -0.009756743 0.3694803 0.8781113 -0.009338438 0.4783653 0.8295607 -0.00899136 0.5583443 0.1023432 -0.001228094 0.9947484 0.1027979 -0.003745913 0.9946952 0.1048326 -0.006461441 0.9944689 0.1127699 -0.00955075 0.9935753 0.1292849 -0.01339054 0.9915171 0.299426 -0.001206398 0.9541187 0.3095422 -0.003738284 0.9508784 0.3227064 -0.006616711 0.9464759 0.3438485 -0.009456694 0.9389775 0.3772568 -0.01259082 0.9260231 0.476137 -0.001326322 0.8793702 0.4907943 -0.003765702 0.8712673 0.5080958 -0.00621885 0.8612781 0.5300179 -0.00870192 0.8479419 0.5624279 -0.0113011 0.8267691 0.6251949 -0.001229286 0.7804678 0.6364167 -0.003515183 0.7713375 0.6487081 -0.00574547 0.7610157 0.6627009 -0.007898449 0.7488425 0.6842423 -0.01002508 0.7291859 0.744881 -0.001101195 0.6671964 0.7489113 -0.003271818 0.6626622 0.7528433 -0.005366444 0.658178 0.7569664 -0.007298767 0.6534131 0.7630489 -0.008919298 0.6462791 0.7884832 -0.1202373 0.6031894 0.9685596 -0.04841136 0.2440262 0.9886837 -0.02864259 0.1472555 0.9939898 -0.01946401 0.1077287 0.9959371 -0.0139932 0.08895826 0.4012231 -0.05972015 0.9140315 0.7955343 -0.03808993 0.6047103 0.9071888 -0.02524864 0.4199656 0.9466544 -0.01803785 0.3217456 0.9638225 -0.01341766 0.2662073 0.2510429 -0.0366308 0.9672826 0.6237236 -0.0284385 0.7811275 0.7947257 -0.02109742 0.606602 0.8718122 -0.01607108 0.4895765 0.9096781 -0.01250642 0.4151256 0.1836373 -0.02515357 0.9826722 0.5040447 -0.02146059 0.863411 0.692968 -0.01734042 0.7207598 0.7942283 -0.01406127 0.6074568 0.8492383 -0.01149952 0.5278846 0.1507416 -0.0181536 0.9884065 0.427487 -0.01639986 0.9038727 0.6151626 -0.01412916 0.7882736 0.7280579 -0.01212257 0.6854085 0.7942019 -0.01049798 0.6075633 -0.998192 -9.42794e-4 -0.06009852 -0.9835488 -9.33206e-4 -0.1806406 -0.9497711 -9.08665e-4 -0.3129442 -0.9012268 -9.3174e-4 -0.4333468 -0.8351343 -9.99717e-4 -0.5500451 -0.9980998 -0.002875566 -0.06155139 -0.9821067 -0.002934992 -0.1883022 -0.9464977 -0.002962529 -0.3226968 -0.8975678 -0.003017365 -0.4408662 -0.833422 -0.003116965 -0.5526283 -0.9980149 -0.004960656 -0.06278276 -0.9784846 -0.005059957 -0.2062574 -0.9432157 -0.005108177 -0.3321416 -0.8942378 -0.005131423 -0.4475628 -0.8320574 -0.005196154 -0.5546653 -0.9977348 -0.007336974 -0.06686812 -0.976153 -0.007393777 -0.2169579 -0.9383893 -0.007343173 -0.345502 -0.8892261 -0.007223963 -0.4574108 -0.8305546 -0.007154345 -0.5568913 -0.9967236 -0.0102154 -0.08023548 -0.9721612 -0.01008588 -0.2340956 -0.9291873 -0.009756743 -0.3694803 -0.8781089 -0.009338676 -0.4783698 -0.8295568 -0.008991599 -0.5583499 -0.1023432 -0.001228094 -0.9947484 -0.1027979 -0.003745913 -0.9946952 -0.1048325 -0.006461441 -0.9944689 -0.1127698 -0.00955075 -0.9935753 -0.1292849 -0.01339054 -0.9915171 -0.299426 -0.001206457 -0.9541187 -0.3095422 -0.003738343 -0.9508784 -0.3227064 -0.006616771 -0.946476 -0.3438487 -0.009456813 -0.9389775 -0.3772568 -0.01259082 -0.9260231 -0.476137 -0.001326382 -0.8793702 -0.4907943 -0.003765761 -0.8712673 -0.508096 -0.006218969 -0.861278 -0.5300179 -0.00870192 -0.8479419 -0.5624232 -0.01130127 -0.8267723 -0.6251949 -0.001229345 -0.7804678 -0.6364167 -0.003515303 -0.7713374 -0.6487085 -0.005745589 -0.7610154 -0.6627009 -0.007898449 -0.7488425 -0.6842445 -0.01002532 -0.7291837 -0.744881 -0.001101315 -0.6671964 -0.7489114 -0.003271937 -0.6626622 -0.7528434 -0.005366623 -0.6581777 -0.7569664 -0.007298767 -0.6534131 -0.7630507 -0.008919596 -0.6462769 -0.7884832 -0.1202373 -0.6031894 -0.9685596 -0.04841136 -0.2440262 -0.9886837 -0.02864259 -0.1472555 -0.9939896 -0.01946425 -0.1077308 -0.9959369 -0.01399344 -0.08895987 -0.4012231 -0.05972015 -0.9140315 -0.7955343 -0.03808993 -0.6047103 -0.9071888 -0.02524864 -0.4199656 -0.9466558 -0.01803815 -0.3217414 -0.9638212 -0.01341795 -0.2662115 -0.2510429 -0.0366308 -0.9672826 -0.6237236 -0.0284385 -0.7811275 -0.7947257 -0.02109771 -0.606602 -0.8718122 -0.01607108 -0.4895765 -0.9096768 -0.01250672 -0.4151285 -0.1836377 -0.02515363 -0.9826722 -0.5040422 -0.02146077 -0.8634123 -0.692968 -0.01734042 -0.7207598 -0.7942283 -0.01406145 -0.6074568 -0.8492401 -0.01149982 -0.5278817 -0.1507439 -0.01815384 -0.9884061 -0.4274923 -0.01640009 -0.9038702 -0.6151621 -0.01412957 -0.788274 -0.7280557 -0.01212286 -0.6854107 -0.7942019 -0.01049798 -0.6075633 0.998192 -9.42642e-4 -0.06009852 0.9981719 -0.002875626 -0.06037163 0.9980905 -0.004960894 -0.06157004 0.9977745 -0.007337093 -0.06627392 0.9970482 -0.01030099 -0.07608455 0.9835487 -9.51367e-4 -0.1806406 0.9823279 -0.002954304 -0.1871448 0.9806541 -0.005244433 -0.1956788 0.9777709 -0.007533311 -0.2095408 0.9726854 -0.01011729 -0.2319071 0.9532861 -0.001099884 -0.3020672 0.9497194 -0.003140151 -0.3130866 0.9452385 -0.005221068 -0.3263386 0.9391115 -0.007372856 -0.3435333 0.9290354 -0.009714603 -0.3698633 0.9054427 -0.001091003 -0.4244671 0.9005113 -0.003139436 -0.4348214 0.8948245 -0.00516802 -0.4463884 0.8879543 -0.007164895 -0.4598759 0.8764936 -0.009218454 -0.4813252 0.8371529 -0.001056969 -0.546968 0.834071 -0.003150343 -0.5516482 0.8309894 -0.005183219 -0.5562642 0.8276849 -0.007072865 -0.5611484 0.8226766 -0.008685529 -0.5684432 0.7884832 -0.1202373 -0.6031894 0.3947151 -0.05990421 -0.9168487 0.2464736 -0.03667521 -0.9684553 0.1820391 -0.0251612 -0.9829693 0.1508621 -0.01815348 -0.9883882 0.9674198 -0.04835438 -0.2485173 0.7917924 -0.03815329 -0.6095975 0.6201454 -0.02852189 -0.7839683 0.5020936 -0.02153366 -0.8645452 0.4267497 -0.01645523 -0.9042201 0.9882559 -0.02863019 -0.1501021 0.9056759 -0.02522438 -0.4232196 0.793408 -0.02110981 -0.6083239 0.6922665 -0.0173844 -0.7214325 0.6148587 -0.01417088 -0.7885099 0.9938847 -0.01946192 -0.1086948 0.9461439 -0.01799046 -0.3232461 0.8714038 -0.01603788 -0.4903043 0.7941074 -0.01406222 -0.6076148 0.7280358 -0.01213258 -0.6854317 0.9959433 -0.01399332 -0.08888882 0.9636781 -0.01337587 -0.2667313 0.9095554 -0.01247191 -0.4153954 0.8492233 -0.01149022 -0.5279088 0.7942067 -0.01049804 -0.607557 0.1023432 -0.001228094 -0.9947484 0.299426 -0.001183211 -0.9541187 0.4906049 -0.001089692 -0.8713815 0.6348291 -0.001044094 -0.7726519 0.7475369 -0.001039147 -0.6642195 0.1047932 -0.003745138 -0.9944869 0.3113402 -0.003712117 -0.9502913 0.5033826 -0.003535091 -0.8640564 0.6428698 -0.003365874 -0.7659681 0.7497501 -0.003234922 -0.6617133 0.1068759 -0.006460011 -0.9942514 0.3388689 -0.006359577 -0.9408122 0.5155667 -0.006065666 -0.856828 0.6499332 -0.005700349 -0.75997 0.7514849 -0.005385398 -0.6597282 0.1137707 -0.009549617 -0.9934611 0.3550232 -0.009255647 -0.9348117 0.5325025 -0.008657693 -0.8463842 0.6601668 -0.007975995 -0.7510766 0.7533785 -0.007404029 -0.6575455 0.1362565 -0.01327115 -0.9905847 0.3804825 -0.01254051 -0.9247031 0.5619692 -0.01135241 -0.8270803 0.6813129 -0.01017487 -0.7319216 0.7546042 -0.00929588 -0.6561143 -0.9981925 0 -0.06009858 -0.9835492 0 -0.1806408 -0.9532866 0 -0.3020673 -0.9054433 0 -0.4244673 -0.8371533 0 -0.5469682 -0.7448815 0 -0.6671968 -0.6251953 0 -0.7804684 -0.4761374 0 -0.8793709 -0.2994262 0 -0.9541194 -0.1023433 0 -0.9947491 0.9981923 0 -0.06010121 0.9835501 0 -0.1806353 0.9532846 0 -0.3020737 0.9054446 0 -0.4244643 0.8371529 0 -0.5469691 0.7448833 0 -0.6671949 0.6251946 0 -0.780469 0.4761381 0 -0.8793705 0.2994267 0 -0.9541193 0.1023415 0 -0.9947493 0 -0.1954898 -0.9807057 0 -0.06519806 -0.9978723 0 -0.03784269 -0.9992837 0 -0.02558881 -0.9996725 0 -0.01836365 -0.9998314 0 -0.01339608 -0.9999103 0 -0.009612083 -0.9999538 0 -0.006497263 -0.9999789 0 -0.003765881 -0.9999929 0 -0.001234591 -0.9999992 -0.9999996 -9.44501e-4 0 -0.9999959 -0.00288105 0 -0.9999877 -0.00497049 0 -0.9999729 -0.007353425 0 -0.9999475 -0.01024842 0 -0.9999014 -0.01404917 0 -0.9998084 -0.01957821 0 -0.9995807 -0.02895832 0 -0.9987532 -0.04992055 0 -0.988572 -0.1507492 0 0.9999996 -9.44348e-4 0 0.9999959 -0.002880871 0 0.9999877 -0.004970312 0 0.9999729 -0.007353246 0 0.9999475 -0.01024842 0 0.9999014 -0.01404893 0 0.9998084 -0.01957792 0 0.9995807 -0.02895832 0 0.9987532 -0.04992055 0 0.988572 -0.1507492 0 0 -0.001234591 0.9999992 0 -0.003765881 0.9999929 0 -0.006497263 0.9999789 0 -0.009612083 0.9999538 0 -0.01339608 0.9999103 0 -0.01836347 0.9998314 0 -0.02558881 0.9996726 0 -0.03784269 0.9992837 0 -0.06519806 0.9978723 0 -0.1954898 0.9807057 -0.9981923 0 0.06010121 -0.9835501 0 0.1806353 -0.9532846 0 0.3020737 -0.9054446 0 0.4244643 -0.8371529 0 0.5469691 -0.7448833 0 0.6671949 -0.6251946 0 0.780469 -0.4761381 0 0.8793705 -0.2994267 0 0.9541193 -0.1023415 0 0.9947493 0.9981925 0 0.06009858 0.9835492 0 0.1806408 0.9532866 0 0.3020673 0.9054433 0 0.4244673 0.8371533 0 0.5469682 0.7448815 0 0.6671968 0.6251953 0 0.7804684 0.4761374 0 0.8793709 0.2994262 0 0.9541194 0.1023433 0 0.9947491 -1 0 0 -1 0 0 1 0 0 0 0 -1 0 0 1 0 -0.5286787 -0.8488221 0 -0.2000536 -0.979785 0 -0.1175228 -0.9930702 0 -0.07973772 -0.9968159 0 -0.05730062 -0.998357 0 -0.04183006 -0.9991247 0 -0.03002578 -0.9995492 0 -0.02030032 -0.9997939 0 -0.01176768 -0.9999307 0 -0.00385797 -0.9999925 0 -0.5286787 0.8488221 0 -0.2000536 0.979785 0 -0.1175228 0.9930702 0 -0.07973772 0.9968159 0 -0.05730062 0.998357 0 -0.04183006 0.9991247 0 -0.03002578 0.9995492 0 -0.02030032 0.9997939 0 -0.01176768 0.9999307 0 -0.00385797 0.9999925 0 -1 0 0 0.5286787 -0.8488221 0 0.2000536 -0.979785 0 0.117524 -0.99307 0 0.07973772 -0.9968159 0 0.05730026 -0.998357 0 0.04183006 -0.9991247 0 0.03002578 -0.9995492 0 0.02030032 -0.9997939 0 0.01176768 -0.9999307 0 0.00385797 -0.9999925 0 0.5286787 0.8488221 0 0.2000536 0.979785 0 0.117524 0.99307 0 0.07973772 0.9968159 0 0.05730026 0.998357 0 0.04183006 0.9991247 0 0.03002578 0.9995492 0 0.02030032 0.9997939 0 0.01176768 0.9999307 0 0.00385797 0.9999925 0 1 0 0.09801727 0.9951847 0 0.2902846 0.9569404 0 0.4713967 0.8819213 0 0.6343933 0.7730104 0 0.7730104 0.6343934 0 0.8819214 0.4713965 0 0.9569404 0.2902847 0 0.9951847 0.09801727 0 0.9951847 -0.09801697 0 0.9569404 -0.2902847 0 0.8819214 -0.4713965 0 0.7730104 -0.6343934 0 0.6343934 -0.7730104 0 0.4713967 -0.8819213 0 0.2902843 -0.9569405 0 0.09801691 -0.9951847 0 -0.09801751 -0.9951847 0 -0.2902852 -0.9569402 0 -0.4713971 -0.8819211 0 -0.6343937 -0.7730101 0 -0.773011 -0.6343927 0 -0.8819216 -0.4713961 0 -0.9569407 -0.2902837 0 -0.9951848 -0.09801632 0 -0.9951846 0.09801816 0 -0.95694 0.2902858 0 -0.8819208 0.4713976 0 -0.7730096 0.6343944 0 -0.6343924 0.7730112 0 -0.4713954 0.8819219 0 0 0 1 0 0 1 0 0 1 0 0 1 0 0 1 0 0 1 0 0 1 0 0 1 0 0 1 0 0 1 0 0 1 0 0 1 0 0 1 0 0 1 0 0 1 0 0 1 0 0 1 0 0 1 0 0 1 0 0 1 0 0 1 0 0 1 0 0 1 0 0 1 0 0 1 0 0 1 0 0 1 0 0 1 0 0 1 -0.290283 0.9569408 0 -0.0980165 0.9951848 0 0 0 -1 0 0 -1 0 0 -1 0 0 -1 0 0 -1 0 0 -1 0 0 -1 0 0 -1 0 0 -1 0 0 -1 0 0 -1 0 0 -1 0 0 -1 0 0 -1 0 0 -1 0 0 -1 0 0 -1 0 0 -1 0 0 -1 0 0 -1 0 0 -1 0 0 -1 0 0 -1 0 0 -1 0 0 -1 0 0 -1 0 0 -1 0 0 -1 0 0 -1 0 0 1 0 -1 0 1 0 0 0 1 0 0 1 0 0 1 0 0 1 0 0 1 0 0 1 0 0 1 0 0 1 0 0 1 0 0 1 0 0 1 0 0 1 0 0 1 0 0 1 0 0 1 0 0 1 0 0 1 0 0 1 0 0 1 0 0 1 0 0 1 0 0 1 0 0 1 0 0 1 0 0 1 0 0 1 0 0 1 0 0 1 0 0 1 0 0 1 0 0 1 0 0 1 0 0 1 0 0 1 0 0 1 0 0 1 0 0 1 0 0 1 0 0 1 0 0 1 0 0 1 0 0 0 -1 -0.9979525 -0.001003205 0.06395208 -0.9976488 -0.003012061 0.06846678 -0.9973757 -0.005155503 0.07221579 -0.9970957 -0.007521688 0.07578808 -0.9967674 -0.01021581 0.07968944 -0.9821588 -0.001061439 0.1880502 -0.9805147 -0.003100514 0.1964214 -0.9787123 -0.005064308 0.2051743 -0.9763121 -0.007379055 0.2162413 -0.9722065 -0.01005625 0.233909 -0.9499655 -9.29011e-4 0.3123531 -0.9467825 -0.002989947 0.3218603 -0.9434581 -0.005120635 0.3314523 -0.9385315 -0.007333099 0.3451157 -0.9292286 -0.009732246 0.3693773 -0.901129 -9.39942e-4 0.4335503 -0.8975899 -0.003039419 0.4408212 -0.8943026 -0.005148589 0.4474332 -0.8892585 -0.00722593 0.4573481 -0.8781278 -0.00933206 0.4783352 -0.8347951 -9.98086e-4 0.5505599 -0.8332346 -0.003130435 0.5529108 -0.8320182 -0.005209624 0.554724 -0.8305392 -0.007158875 0.5569141 -0.8295457 -0.008991122 0.5583665 -0.7891547 -0.1130376 0.603703 -0.4218224 -0.05642026 0.9049213 -0.2758842 -0.03498017 0.9605542 -0.2022438 -0.02442973 0.9790304 -0.1572809 -0.01798909 0.9873901 -0.9631062 -0.04617673 0.2651304 -0.791882 -0.03628873 0.609595 -0.6264716 -0.02738857 0.778963 -0.5089565 -0.0210089 0.8605358 -0.4293606 -0.01633912 0.9029853 -0.9854975 -0.02750939 0.1674451 -0.9031438 -0.02436363 0.4286466 -0.79338 -0.02069467 0.6083748 -0.6928575 -0.01727354 0.7208676 -0.6144548 -0.01420134 0.7888243 -0.9924568 -0.01893228 0.1211242 -0.944525 -0.01764214 0.3279655 -0.8711865 -0.01597875 0.4906922 -0.7941138 -0.01420414 0.6076032 -0.726658 -0.01231616 0.6868891 -0.9955384 -0.01385617 0.09333455 -0.9633726 -0.01332628 0.2678349 -0.9099783 -0.01253306 0.4144666 -0.8502423 -0.01166361 0.5262624 -0.7942054 -0.01108479 0.6075482 -0.1088495 -0.001306176 0.9940574 -0.3124203 -0.001336872 0.949943 -0.476137 -0.001315414 0.8793702 -0.6251949 -0.001216053 0.7804677 -0.744881 -0.001093804 0.6671964 -0.1169152 -0.003898978 0.9931343 -0.3256743 -0.00388354 0.945474 -0.4910215 -0.003744721 0.8711395 -0.6356049 -0.003506183 0.7720066 -0.7479236 -0.003274679 0.6637768 -0.1238457 -0.006691336 0.9922789 -0.3252898 -0.006591439 0.9455915 -0.5089279 -0.006200909 0.8607868 -0.6481349 -0.005741894 0.7615039 -0.7520043 -0.005372583 0.6591363 -0.1300857 -0.009783446 0.9914545 -0.3460593 -0.009447693 0.9381651 -0.5312776 -0.008690774 0.8471533 -0.6627802 -0.007896184 0.7487725 -0.7567307 -0.00730139 0.6536859 -0.1291413 -0.01340872 0.9915355 -0.3787277 -0.01259166 0.9254225 -0.5634351 -0.01129341 0.8260831 -0.684466 -0.01002311 0.7289759 -0.7630537 -0.008919775 0.6462736 0.9979525 -0.001003086 0.06395232 0.9819766 -0.001057028 0.1889998 0.9532861 -0.001090764 0.3020672 0.9054427 -0.001079142 0.424467 0.8371529 -0.001049816 0.5469679 0.9976307 -0.002996206 0.0687313 0.9802764 -0.003080248 0.1976073 0.949662 -0.003122806 0.3132609 0.9008742 -0.00312978 0.434069 0.8348314 -0.003150582 0.5504968 0.9973298 -0.005144774 0.07284736 0.9803177 -0.005227565 0.1973578 0.9450175 -0.005207777 0.3269782 0.8950931 -0.005163013 0.4458493 0.8316512 -0.005185663 0.5552743 0.9970366 -0.007526338 0.0765593 0.9774558 -0.007529973 0.2110058 0.9387461 -0.007367312 0.3445307 0.8879126 -0.007163047 0.4599565 0.8278765 -0.007073819 0.5608659 0.9970546 -0.01031482 0.0759986 0.972447 -0.01012212 0.2329041 0.9287005 -0.009712517 0.3707034 0.8763667 -0.009217858 0.4815562 0.8226803 -0.008685946 0.5684379 0.1088491 -0.001306116 0.9940574 0.1164767 -0.003919661 0.9931857 0.1227862 -0.006705582 0.9924106 0.1287888 -0.009778141 0.9916239 0.135339 -0.01327282 0.9907104 0.3109458 -0.001342594 0.9504267 0.3238489 -0.003910601 0.9461008 0.3372276 -0.006367504 0.9414016 0.3539444 -0.009239673 0.9352208 0.3802106 -0.01250457 0.9248154 0.4898273 -0.001114368 0.8718188 0.5022888 -0.003569483 0.8646926 0.5146781 -0.006082773 0.857362 0.5320144 -0.008647441 0.8466912 0.5618433 -0.01132458 0.8271661 0.6350516 -0.001053094 0.7724691 0.6428282 -0.003390491 0.7660029 0.6498022 -0.005720019 0.7600819 0.6601061 -0.00797832 0.75113 0.6812866 -0.01016789 0.7319462 0.7479792 -0.00103712 0.6637215 0.7499892 -0.003248274 0.6614422 0.7515337 -0.005399227 0.6596726 0.7533884 -0.007408618 0.6575341 0.7546143 -0.009295463 0.6561028 0.7891548 -0.1130372 0.6037031 0.9637265 -0.04596638 0.2629034 0.9857941 -0.02746295 0.1656981 0.9925937 -0.0189476 0.1199949 0.9955873 -0.01387572 0.09280848 0.4249725 -0.05662208 0.9034337 0.7955552 -0.03622943 0.604797 0.9045258 -0.02432936 0.4257243 0.9448457 -0.01764631 0.32704 0.9633106 -0.01333433 0.2680575 0.2786462 -0.03502064 0.9597551 0.6296556 -0.02737778 0.7763919 0.7947675 -0.02068191 0.6065616 0.8714715 -0.01597493 0.4901859 0.9098455 -0.0125305 0.4147582 0.2040902 -0.02440345 0.9786479 0.5101525 -0.0209937 0.8598276 0.6933438 -0.01727205 0.7203999 0.7942188 -0.01420313 0.6074658 0.8501842 -0.01166152 0.5263562 0.1581546 -0.01796174 0.987251 0.4290447 -0.01633048 0.9031357 0.61412 -0.01420634 0.7890849 0.7265756 -0.01231884 0.686976 0.7941932 -0.01108497 0.6075643 -0.9979525 -0.001003205 -0.06395214 -0.9819766 -0.001057207 -0.1889998 -0.9532861 -0.001090884 -0.3020672 -0.9054427 -0.00107932 -0.424467 -0.8371529 -0.001049935 -0.5469679 -0.9976307 -0.002996325 -0.06873083 -0.9802764 -0.003080368 -0.1976072 -0.949662 -0.003122925 -0.3132609 -0.9008742 -0.003129959 -0.434069 -0.8348314 -0.003150701 -0.5504969 -0.9973298 -0.005144953 -0.07284694 -0.9803177 -0.005227744 -0.1973577 -0.9450174 -0.005207955 -0.3269786 -0.8950929 -0.005163192 -0.4458497 -0.831651 -0.005185782 -0.5552744 -0.9970366 -0.007526516 -0.07655924 -0.9774557 -0.007530212 -0.2110061 -0.9387461 -0.007367312 -0.3445307 -0.8879126 -0.007163047 -0.4599565 -0.8278765 -0.007073819 -0.5608659 -0.9970546 -0.01031482 -0.0759986 -0.972447 -0.01012212 -0.2329041 -0.9287036 -0.009712815 -0.370696 -0.876365 -0.009218156 -0.4815595 -0.8226786 -0.008686244 -0.5684404 -0.1088491 -0.001306176 -0.9940574 -0.1164766 -0.003919661 -0.9931857 -0.1227861 -0.006705582 -0.9924106 -0.1287888 -0.009778201 -0.9916239 -0.135339 -0.01327282 -0.9907104 -0.3109457 -0.001342654 -0.9504267 -0.3238489 -0.00391066 -0.9461008 -0.3372277 -0.006367564 -0.9414016 -0.3539448 -0.009239733 -0.9352207 -0.3802106 -0.01250457 -0.9248154 -0.4898273 -0.001114428 -0.8718187 -0.5022889 -0.003569543 -0.8646925 -0.5146786 -0.006082832 -0.8573616 -0.5320094 -0.008647561 -0.8466943 -0.5618433 -0.01132458 -0.8271661 -0.6350517 -0.001053214 -0.7724691 -0.6428285 -0.00339061 -0.7660027 -0.6498028 -0.005720138 -0.7600813 -0.6601061 -0.00797832 -0.75113 -0.6812898 -0.01016801 -0.7319432 -0.7479792 -0.00103724 -0.6637214 -0.7499893 -0.003248393 -0.6614419 -0.7515341 -0.005399346 -0.6596721 -0.7533884 -0.007408618 -0.6575341 -0.7546186 -0.009295642 -0.656098 -0.7891548 -0.1130372 -0.6037031 -0.9637265 -0.04596638 -0.2629034 -0.9857941 -0.02746295 -0.1656981 -0.9925935 -0.01894789 -0.1199968 -0.9955872 -0.01387596 -0.09280943 -0.4249725 -0.05662208 -0.9034337 -0.7955552 -0.03622943 -0.604797 -0.904527 -0.02432972 -0.4257218 -0.9448457 -0.01764631 -0.32704 -0.9633097 -0.01333469 -0.2680609 -0.2786462 -0.03502064 -0.9597551 -0.6296539 -0.02737808 -0.7763931 -0.7947675 -0.02068191 -0.6065616 -0.8714722 -0.01597517 -0.4901847 -0.9098435 -0.0125308 -0.4147624 -0.2040907 -0.02440345 -0.9786478 -0.5101525 -0.0209937 -0.8598276 -0.6933421 -0.01727235 -0.7204015 -0.7942188 -0.01420348 -0.6074659 -0.8501842 -0.01166152 -0.5263562 -0.158156 -0.01796203 -0.9872508 -0.4290489 -0.01633077 -0.9031336 -0.6141227 -0.01420646 -0.7890827 -0.7265756 -0.01231884 -0.686976 -0.7941932 -0.01108497 -0.6075643 0.9979525 -0.001003086 -0.06395238 0.9976488 -0.003011882 -0.06846731 0.9973757 -0.005155384 -0.07221621 0.9970957 -0.00752151 -0.07578802 0.9967674 -0.01021581 -0.07968944 0.9821588 -0.00106132 -0.1880503 0.9805147 -0.003100395 -0.1964215 0.9787124 -0.005064189 -0.205174 0.9763123 -0.007378876 -0.2162402 0.9722065 -0.01005625 -0.233909 0.9499657 -9.28872e-4 -0.312353 0.9467825 -0.002989828 -0.32186 0.9434584 -0.005120515 -0.3314514 0.9385284 -0.007332921 -0.345124 0.9292286 -0.009732246 -0.3693773 0.901129 -9.39809e-4 -0.4335502 0.89759 -0.0030393 -0.4408208 0.894303 -0.00514841 -0.4474322 0.8892585 -0.00722593 -0.4573481 0.8781302 -0.009331881 -0.4783307 0.8347951 -9.97961e-4 -0.5505598 0.8332347 -0.003130316 -0.5529105 0.8320185 -0.005209505 -0.5547235 0.8305392 -0.007158875 -0.5569141 0.8295496 -0.008990883 -0.5583608 0.7891547 -0.1130376 -0.603703 0.4218224 -0.05642026 -0.9049213 0.2758842 -0.03498017 -0.9605542 0.2022433 -0.02442967 -0.9790306 0.1572818 -0.01798933 -0.9873899 0.9631062 -0.04617673 -0.2651304 0.791882 -0.03628873 -0.609595 0.6264732 -0.02738827 -0.7789616 0.5089565 -0.0210089 -0.8605358 0.4293621 -0.01633924 -0.9029846 0.9854975 -0.02750939 -0.1674451 0.9031425 -0.02436321 -0.428649 0.79338 -0.02069467 -0.6083748 0.6928558 -0.0172739 -0.7208693 0.614452 -0.01420116 -0.7888264 0.992457 -0.01893198 -0.1211223 0.944525 -0.01764214 -0.3279655 0.8711872 -0.01597893 -0.4906909 0.7941138 -0.01420378 -0.6076032 0.726658 -0.01231616 -0.6868891 0.9955385 -0.01385593 -0.09333372 0.9633732 -0.0133261 -0.267833 0.9099801 -0.01253283 -0.4144624 0.8502423 -0.01166361 -0.5262624 0.7942054 -0.01108479 -0.6075482 0.1088495 -0.001306176 -0.9940574 0.3124203 -0.001336872 -0.949943 0.476137 -0.001315355 -0.8793702 0.6251949 -0.001215934 -0.7804677 0.744881 -0.001093685 -0.6671964 0.1169152 -0.003898978 -0.9931343 0.3256743 -0.003883481 -0.945474 0.4910215 -0.003744602 -0.8711395 0.6356048 -0.003506064 -0.7720066 0.7479236 -0.003274559 -0.6637768 0.1238458 -0.006691277 -0.9922789 0.3252899 -0.006591439 -0.9455915 0.5089277 -0.00620085 -0.8607869 0.6481346 -0.005741775 -0.7615042 0.7520042 -0.005372464 -0.6591365 0.1300857 -0.009783387 -0.9914545 0.3460592 -0.009447574 -0.9381652 0.5312776 -0.008690774 -0.8471533 0.6627802 -0.007896184 -0.7487725 0.7567307 -0.00730139 -0.6536859 0.1291413 -0.01340872 -0.9915355 0.3787277 -0.01259166 -0.9254225 0.5634398 -0.01129323 -0.82608 0.6844638 -0.01002293 -0.728978 0.7630519 -0.008919477 -0.6462758 -0.9981923 0 -0.06010121 -0.9835501 0 -0.1806353 -0.9532846 0 -0.3020737 -0.9054446 0 -0.4244643 -0.8371529 0 -0.5469691 -0.7448833 0 -0.6671949 -0.6251946 0 -0.780469 -0.4761381 0 -0.8793705 -0.2994267 0 -0.9541193 -0.1023415 0 -0.9947493 0.9981925 0 -0.06009858 0.9835492 0 -0.1806408 0.9532866 0 -0.3020673 0.9054433 0 -0.4244673 0.8371533 0 -0.5469682 0.7448815 0 -0.6671968 0.6251953 0 -0.7804684 0.4761374 0 -0.8793709 0.2994262 0 -0.9541194 0.1023433 0 -0.9947491 0 -0.1954898 -0.9807057 0 -0.06519806 -0.9978723 0 -0.03784269 -0.9992837 0 -0.02558881 -0.9996726 0 -0.01836365 -0.9998314 0 -0.01339608 -0.9999103 0 -0.009612083 -0.9999538 0 -0.006497263 -0.9999789 0 -0.003765881 -0.9999929 0 -0.001234591 -0.9999992 -0.9999996 -9.44501e-4 0 -0.9999959 -0.00288105 0 -0.9999877 -0.00497049 0 -0.9999729 -0.007353425 0 -0.9999475 -0.01024842 0 -0.9999014 -0.01404917 0 -0.9998084 -0.01957821 0 -0.9995807 -0.02895832 0 -0.9987532 -0.04992055 0 -0.988572 -0.1507492 0 0.9999996 -9.44348e-4 0 0.9999959 -0.002880871 0 0.9999877 -0.004970312 0 0.9999729 -0.007353246 0 0.9999475 -0.01024842 0 0.9999014 -0.01404893 0 0.9998084 -0.01957792 0 0.9995807 -0.02895832 0 0.9987532 -0.04992055 0 0.988572 -0.1507492 0 0 -0.001234591 0.9999992 0 -0.003765881 0.9999929 0 -0.006497263 0.9999789 0 -0.009612083 0.9999538 0 -0.01339608 0.9999103 0 -0.01836347 0.9998314 0 -0.02558881 0.9996726 0 -0.03784269 0.9992837 0 -0.06519806 0.9978723 0 -0.1954898 0.9807057 -0.9981925 0 0.06009858 -0.9835492 0 0.1806408 -0.9532866 0 0.3020673 -0.9054433 0 0.4244673 -0.8371533 0 0.5469682 -0.7448815 0 0.6671968 -0.6251953 0 0.7804684 -0.4761374 0 0.8793709 -0.2994262 0 0.9541194 -0.1023433 0 0.9947491 0.9981923 0 0.06010121 0.9835501 0 0.1806353 0.9532846 0 0.3020737 0.9054446 0 0.4244643 0.8371529 0 0.5469691 0.7448833 0 0.6671949 0.6251946 0 0.780469 0.4761381 0 0.8793705 0.2994267 0 0.9541193 0.1023415 0 0.9947493 -1 0 0 -1 0 0 -1 0 0 -1 0 0 -1 0 0 -1 0 0 -1 0 0 -1 0 0 -1 0 0 -1 0 0 -1 0 0 -1 0 0 -1 0 0 -1 0 0 -1 0 0 -1 0 0 -1 0 0 -1 0 0 -1 0 0 -1 0 0 -1 0 0 -1 0 0 -1 0 0 -1 0 0 -1 0 0 -1 0 0 -1 0 0 -1 0 0 -1 0 0 -1 0 0 -1 0 0 -1 0 0 -1 0 0 -1 0 0 -1 0 0 -1 0 0 -1 0 0 -1 0 0 -1 0 0 -1 0 0 -1 0 0 -1 0 0 1 0 0 1 0 0 1 0 0 1 0 0 1 0 0 1 0 0 1 0 0 1 0 0 1 0 0 1 0 0 1 0 0 1 0 0 1 0 0 1 0 0 1 0 0 1 0 0 1 0 0 1 0 0 1 0 0 1 0 0 1 0 0 1 0 0 1 0 0 1 0 0 1 0 0 1 0 0 1 0 0 1 0 0 1 0 0 1 0 0 1 0 0 1 0 0 1 0 0 1 0 0 1 0 0 1 0 0 1 0 0 1 0 0 1 0 0 1 0 0 1 0 0 0 0 -1 0 0 1 0 -0.5286787 -0.8488221 0 -0.2000536 -0.979785 0 -0.1175228 -0.9930702 0 -0.07973772 -0.9968159 0 -0.05730062 -0.998357 0 -0.04183006 -0.9991247 0 -0.03002578 -0.9995492 0 -0.02030032 -0.9997939 0 -0.01176768 -0.9999307 0 -0.00385797 -0.9999925 0 -0.5286787 0.8488221 0 -0.2000536 0.979785 0 -0.1175228 0.9930702 0 -0.07973772 0.9968159 0 -0.05730062 0.998357 0 -0.04183006 0.9991247 0 -0.03002578 0.9995492 0 -0.02030032 0.9997939 0 -0.01176768 0.9999307 0 -0.00385797 0.9999925 0 -1 0 0 0.5286787 -0.8488221 0 0.2000536 -0.979785 0 0.117524 -0.99307 0 0.07973772 -0.9968159 0 0.05730026 -0.998357 0 0.04183006 -0.9991247 0 0.03002578 -0.9995492 0 0.02030032 -0.9997939 0 0.01176768 -0.9999307 0 0.00385797 -0.9999925 0 0.5286787 0.8488221 0 0.2000536 0.979785 0 0.117524 0.99307 0 0.07973772 0.9968159 0 0.05730026 0.998357 0 0.04183006 0.9991247 0 0.03002578 0.9995492 0 0.02030032 0.9997939 0 0.01176768 0.9999307 0 0.00385797 0.9999925 0 1 0</float_array>
          <technique_common>
            <accessor source="#Cylinder_007-mesh-normals-array" count="1108" stride="3">
              <param name="X" type="float"/>
              <param name="Y" type="float"/>
              <param name="Z" type="float"/>
            </accessor>
          </technique_common>
        </source>
        <source id="Cylinder_007-mesh-map-0">
          <float_array id="Cylinder_007-mesh-map-0-array" count="6648">1 1 0.96875 0.5 1 0.5 0.96875 1 0.9375 0.5 0.96875 0.5 0.9375 1 0.90625 0.5 0.9375 0.5 0.90625 1 0.875 0.5 0.90625 0.5 0.875 1 0.84375 0.5 0.875 0.5 0.84375 1 0.8125 0.5 0.84375 0.5 0.8125 1 0.78125 0.5 0.8125 0.5 0.78125 1 0.75 0.5 0.78125 0.5 0.75 1 0.71875 0.5 0.75 0.5 0.71875 1 0.6875 0.5 0.71875 0.5 0.6875 1 0.65625 0.5 0.6875 0.5 0.65625 1 0.625 0.5 0.65625 0.5 0.625 1 0.59375 0.5 0.625 0.5 0.59375 1 0.5625 0.5 0.59375 0.5 0.5625 1 0.53125 0.5 0.5625 0.5 0.53125 1 0.5 0.5 0.53125 0.5 0.5 1 0.46875 0.5 0.5 0.5 0.46875 1 0.4375 0.5 0.46875 0.5 0.4375 1 0.40625 0.5 0.4375 0.5 0.40625 1 0.375 0.5 0.40625 0.5 0.375 1 0.34375 0.5 0.375 0.5 0.34375 1 0.3125 0.5 0.34375 0.5 0.3125 1 0.28125 0.5 0.3125 0.5 0.28125 1 0.25 0.5 0.28125 0.5 0.25 1 0.21875 0.5 0.25 0.5 0.21875 1 0.1875 0.5 0.21875 0.5 0.1875 1 0.15625 0.5 0.1875 0.5 0.15625 1 0.125 0.5 0.15625 0.5 0.125 1 0.09375 0.5 0.125 0.5 0.09375 1 0.0625 0.5 0.09375 0.5 0.02826899 0.3418443 0.1581559 0.02826893 0.4717311 0.158156 0.0625 1 0.03125 0.5 0.0625 0.5 0.03125 1 0 0.5 0.03125 0.5 0.9853885 0.2968217 0.7968216 0.01461148 0.5146115 0.2031785 0.6125 0.7625 0.3875 1 0.3875 0.7625 0.6125 0.5125 0.3875 0.7375 0.3875 0.5125 0.875 0.5125 0.6375 0.7375 0.6375 0.5125 0.3751539 0.2394554 0.375 0.2375 0.3875 0.25 0.6125 0.25 0.3875 0.4875 0.3875 0.25 0.3644555 0.7375 0.3625 0.7394555 0.3625 0.7375 0.3663625 0.7375 0.3645156 0.7394962 0.3644555 0.7375 0.368175 0.7375 0.3664745 0.739508 0.3663625 0.7375 0.3698472 0.7375 0.3682611 0.7395036 0.368175 0.7375 0.3698472 0.7375 0.375 0.739487 0.3698439 0.7394936 0.3645156 0.7394962 0.3625 0.7413625 0.3625 0.7394555 0.3664745 0.739508 0.3645309 0.7414595 0.3645156 0.7394962 0.3664745 0.739508 0.3682061 0.7414057 0.3664856 0.7414631 0.3682611 0.7395036 0.3696714 0.7413396 0.3682061 0.7414057 0.3698439 0.7394936 0.375 0.7413037 0.3696714 0.7413396 0.3625 0.7413625 0.3645205 0.7432621 0.3625 0.743175 0.3645309 0.7414595 0.3664245 0.7432021 0.3645205 0.7432621 0.3664856 0.7414631 0.3680523 0.743046 0.3664245 0.7432021 0.3682061 0.7414057 0.3693922 0.7428878 0.3680523 0.743046 0.3696714 0.7413396 0.375 0.7428056 0.3693922 0.7428878 0.3625 0.743175 0.3645027 0.7448536 0.3625 0.7448472 0.3645205 0.7432621 0.3663496 0.7446774 0.3645027 0.7448536 0.3664245 0.7432021 0.3678916 0.7443929 0.3663496 0.7446774 0.3680523 0.743046 0.3691124 0.7441121 0.3678916 0.7443929 0.3693922 0.7428878 0.375 0.7439542 0.3691124 0.7441121 0.3625 0.7448472 0.364487 0.75 0.3625 0.75 0.3645027 0.7448536 0.3663036 0.75 0.364487 0.75 0.3663496 0.7446774 0.3678056 0.75 0.3663036 0.75 0.3678916 0.7443929 0.3689542 0.75 0.3678056 0.75 0.3691124 0.7441121 0.376761 0.75 0.3689542 0.75 0.3875 0.7394555 0.3855445 0.7375 0.3875 0.7375 0.3875 0.7413625 0.3855038 0.7395156 0.3875 0.7394555 0.3875 0.743175 0.385492 0.7414746 0.3875 0.7413625 0.3875 0.7448472 0.3854964 0.7432611 0.3875 0.743175 0.3875 0.75 0.3855065 0.7448439 0.3875 0.7448472 0.3855038 0.7395156 0.3836374 0.7375 0.3855445 0.7375 0.385492 0.7414746 0.3835405 0.739531 0.3855038 0.7395156 0.3854964 0.7432611 0.3835368 0.7414856 0.385492 0.7414746 0.3855065 0.7448439 0.3835942 0.743206 0.3854964 0.7432611 0.3855131 0.75 0.3836604 0.7446715 0.3855065 0.7448439 0.3835405 0.739531 0.381825 0.7375 0.3836374 0.7375 0.3835368 0.7414856 0.381738 0.7395206 0.3835405 0.739531 0.3835942 0.743206 0.3817979 0.7414246 0.3835368 0.7414856 0.3836604 0.7446715 0.381954 0.7430523 0.3835942 0.743206 0.3836963 0.75 0.3821122 0.7443923 0.3836604 0.7446715 0.381738 0.7395206 0.3801528 0.7375 0.381825 0.7375 0.3817979 0.7414246 0.3801464 0.7395027 0.381738 0.7395206 0.381954 0.7430523 0.3803227 0.7413496 0.3817979 0.7414246 0.3821122 0.7443923 0.3806071 0.7428914 0.381954 0.7430523 0.3821944 0.75 0.3808879 0.7441124 0.3821122 0.7443923 0.3801464 0.7395027 0.375 0.7375 0.3801528 0.7375 0.3803227 0.7413496 0.375 0.739487 0.3801464 0.7395027 0.3806071 0.7428914 0.375 0.7413037 0.3803227 0.7413496 0.3808879 0.7441124 0.375 0.7428056 0.3806071 0.7428914 0.3810458 0.75 0.375 0.7439542 0.3808879 0.7441124 0.3855445 0.7625001 0.3875 0.7605445 0.3875 0.7625 0.3836375 0.7625 0.3854843 0.7605038 0.3855445 0.7625001 0.3836375 0.7625 0.3817389 0.7604964 0.3835254 0.7604919 0.3818249 0.7625 0.3801562 0.7605065 0.3817389 0.7604964 0.3801528 0.7625001 0.375 0.7605131 0.3801562 0.7605065 0.3854843 0.7605038 0.3875 0.7586375 0.3875 0.7605445 0.3835254 0.7604919 0.3854691 0.7585406 0.3854843 0.7605038 0.3835254 0.7604919 0.3817939 0.7585943 0.3835144 0.7585368 0.3817389 0.7604964 0.3803286 0.7586605 0.3817939 0.7585943 0.3801562 0.7605065 0.375 0.7586963 0.3803286 0.7586605 0.3854691 0.7585406 0.3875 0.756825 0.3875 0.7586375 0.3854691 0.7585406 0.3835754 0.756798 0.3854795 0.7567381 0.3835144 0.7585368 0.3819478 0.7569541 0.3835754 0.756798 0.3817939 0.7585943 0.3806078 0.7571123 0.3819478 0.7569541 0.3803286 0.7586605 0.375 0.7571944 0.3806078 0.7571123 0.3854795 0.7567381 0.3875 0.7551528 0.3875 0.756825 0.3854795 0.7567381 0.3836504 0.7553227 0.3854973 0.7551465 0.3835754 0.756798 0.3821085 0.7556071 0.3836504 0.7553227 0.3819478 0.7569541 0.3808875 0.7558878 0.3821085 0.7556071 0.3806078 0.7571123 0.375 0.7560458 0.3808875 0.7558878 0.3875 0.7551528 0.3855131 0.75 0.3875 0.75 0.3854973 0.7551465 0.3836963 0.75 0.3855131 0.75 0.3836504 0.7553227 0.3821944 0.75 0.3836963 0.75 0.3821085 0.7556071 0.3810458 0.75 0.3821944 0.75 0.3808875 0.7558878 0.376761 0.75 0.3810458 0.75 0.6375001 0.7394555 0.6355445 0.7375 0.6375 0.7375 0.6375001 0.7413625 0.6355038 0.7395156 0.6375001 0.7394555 0.6375001 0.7413625 0.6354964 0.7432611 0.6354919 0.7414746 0.6375001 0.743175 0.6355065 0.7448439 0.6354964 0.7432611 0.6375 0.7448472 0.635513 0.75 0.6355065 0.7448439 0.6355038 0.7395156 0.6336375 0.7375 0.6355445 0.7375 0.6354919 0.7414746 0.6335405 0.739531 0.6355038 0.7395156 0.6354919 0.7414746 0.6335942 0.743206 0.6335369 0.7414856 0.6354964 0.7432611 0.6336605 0.7446715 0.6335942 0.743206 0.6355065 0.7448439 0.6336963 0.75 0.6336605 0.7446715 0.6335405 0.739531 0.631825 0.7375 0.6336375 0.7375 0.6335405 0.739531 0.631798 0.7414246 0.631738 0.7395206 0.6335369 0.7414856 0.6319541 0.7430523 0.631798 0.7414246 0.6335942 0.743206 0.6321123 0.7443923 0.6319541 0.7430523 0.6336605 0.7446715 0.6321944 0.75 0.6321123 0.7443923 0.631738 0.7395206 0.6301528 0.7375 0.631825 0.7375 0.631738 0.7395206 0.6303227 0.7413496 0.6301464 0.7395027 0.631798 0.7414246 0.6306071 0.7428914 0.6303227 0.7413496 0.6319541 0.7430523 0.6308879 0.7441124 0.6306071 0.7428914 0.6321123 0.7443923 0.6310458 0.75 0.6308879 0.7441124 0.6301528 0.7375 0.625 0.739487 0.625 0.7375 0.6301464 0.7395027 0.625 0.7413037 0.625 0.739487 0.6303227 0.7413496 0.625 0.7428056 0.625 0.7413037 0.6306071 0.7428914 0.625 0.7439542 0.625 0.7428056 0.6308879 0.7441124 0.625 0.748239 0.625 0.7439542 0.6125 0.7605444 0.6144556 0.7625001 0.6125 0.7625 0.6125 0.7586374 0.6144962 0.7604844 0.6125 0.7605444 0.6125 0.756825 0.6145081 0.7585254 0.6125 0.7586374 0.6125 0.7551528 0.6145036 0.7567389 0.6125 0.756825 0.6125 0.7551528 0.6144869 0.75 0.6144935 0.7551562 0.6144962 0.7604844 0.6163626 0.7625 0.6144556 0.7625001 0.6145081 0.7585254 0.6164594 0.7604692 0.6144962 0.7604844 0.6145081 0.7585254 0.6164057 0.7567939 0.6164632 0.7585144 0.6145036 0.7567389 0.6163396 0.7553285 0.6164057 0.7567939 0.6144935 0.7551562 0.6163036 0.75 0.6163396 0.7553285 0.6163626 0.7625 0.6182619 0.7604796 0.618175 0.7625 0.6164594 0.7604692 0.6182022 0.7585755 0.6182619 0.7604796 0.6164632 0.7585144 0.618046 0.7569478 0.6182022 0.7585755 0.6164057 0.7567939 0.6178877 0.7556077 0.618046 0.7569478 0.6163396 0.7553285 0.6178056 0.75 0.6178877 0.7556077 0.618175 0.7625 0.6198536 0.7604973 0.6198472 0.7625001 0.6182619 0.7604796 0.6196774 0.7586505 0.6198536 0.7604973 0.6182022 0.7585755 0.6193928 0.7571084 0.6196774 0.7586505 0.618046 0.7569478 0.6191121 0.7558876 0.6193928 0.7571084 0.6178877 0.7556077 0.6189543 0.75 0.6191121 0.7558876 0.6198472 0.7625001 0.625 0.7605131 0.625 0.7625 0.6198536 0.7604973 0.625 0.7586963 0.625 0.7605131 0.6196774 0.7586505 0.625 0.7571944 0.625 0.7586963 0.6193928 0.7571084 0.625 0.7560458 0.625 0.7571944 0.6191121 0.7558876 0.625 0.748239 0.625 0.7560458 0.6144555 0.7375 0.6125 0.7394555 0.6125 0.7375 0.6163625 0.7375 0.6145156 0.7394962 0.6144555 0.7375 0.618175 0.7375 0.6164745 0.739508 0.6163625 0.7375 0.6198472 0.7375 0.6182611 0.7395036 0.618175 0.7375 0.625 0.7375 0.6198439 0.7394936 0.6198472 0.7375 0.6145156 0.7394962 0.6125 0.7413625 0.6125 0.7394555 0.6164745 0.739508 0.6145309 0.7414595 0.6145156 0.7394962 0.6182611 0.7395036 0.6164856 0.7414631 0.6164745 0.739508 0.6198439 0.7394936 0.6182061 0.7414057 0.6182611 0.7395036 0.625 0.739487 0.6196714 0.7413396 0.6198439 0.7394936 0.6145309 0.7414595 0.6125 0.743175 0.6125 0.7413625 0.6164856 0.7414631 0.6145205 0.7432621 0.6145309 0.7414595 0.6182061 0.7414057 0.6164246 0.7432021 0.6164856 0.7414631 0.6196714 0.7413396 0.6180523 0.743046 0.6182061 0.7414057 0.625 0.7413037 0.6193923 0.7428878 0.6196714 0.7413396 0.6145205 0.7432621 0.6125 0.7448472 0.6125 0.743175 0.6164246 0.7432021 0.6145027 0.7448536 0.6145205 0.7432621 0.6180523 0.743046 0.6163496 0.7446774 0.6164246 0.7432021 0.6193923 0.7428878 0.6178915 0.7443929 0.6180523 0.743046 0.625 0.7428056 0.6191125 0.7441121 0.6193923 0.7428878 0.6145027 0.7448536 0.6125 0.75 0.6125 0.7448472 0.6163496 0.7446774 0.6144869 0.75 0.6145027 0.7448536 0.6178915 0.7443929 0.6163036 0.75 0.6163496 0.7446774 0.6191125 0.7441121 0.6178056 0.75 0.6178915 0.7443929 0.625 0.7439542 0.6189543 0.75 0.6191125 0.7441121 0.3625 0.5105444 0.3644555 0.5125 0.3625 0.5125 0.3625 0.5086374 0.3644962 0.5104844 0.3625 0.5105444 0.3625 0.5086374 0.3645036 0.5067389 0.364508 0.5085254 0.3625 0.506825 0.3644935 0.5051561 0.3645036 0.5067389 0.3625 0.5051528 0.364487 0.5 0.3644935 0.5051561 0.3644962 0.5104844 0.3663625 0.5125 0.3644555 0.5125 0.364508 0.5085254 0.3664595 0.5104691 0.3644962 0.5104844 0.364508 0.5085254 0.3664057 0.5067939 0.3664631 0.5085144 0.3645036 0.5067389 0.3663396 0.5053286 0.3664057 0.5067939 0.3644935 0.5051561 0.3663036 0.5 0.3663396 0.5053286 0.3664595 0.5104691 0.368175 0.5125 0.3663625 0.5125 0.3664595 0.5104691 0.3682021 0.5085754 0.368262 0.5104796 0.3664631 0.5085144 0.368046 0.5069478 0.3682021 0.5085754 0.3664057 0.5067939 0.3678878 0.5056077 0.368046 0.5069478 0.3663396 0.5053286 0.3678056 0.5 0.3678878 0.5056077 0.368262 0.5104796 0.3698472 0.5125 0.368175 0.5125 0.368262 0.5104796 0.3696773 0.5086504 0.3698536 0.5104973 0.3682021 0.5085754 0.3693928 0.5071085 0.3696773 0.5086504 0.368046 0.5069478 0.3691121 0.5058875 0.3693928 0.5071085 0.3678878 0.5056077 0.3689542 0.5 0.3691121 0.5058875 0.3698472 0.5125 0.375 0.5105131 0.375 0.5125 0.3698536 0.5104973 0.375 0.5086963 0.375 0.5105131 0.3696773 0.5086504 0.375 0.5071944 0.375 0.5086963 0.3693928 0.5071085 0.375 0.5060458 0.375 0.5071944 0.3691121 0.5058875 0.375 0.5017611 0.375 0.5060458 0.3875 0.4894555 0.3855445 0.4875 0.3875 0.4875 0.3875 0.4913625 0.3855038 0.4895156 0.3875 0.4894555 0.3875 0.4931751 0.385492 0.4914746 0.3875 0.4913625 0.3875 0.4948472 0.3854964 0.4932611 0.3875 0.4931751 0.3875 0.4948472 0.3855131 0.5 0.3855065 0.4948439 0.3855038 0.4895156 0.3836374 0.4875 0.3855445 0.4875 0.385492 0.4914746 0.3835405 0.4895309 0.3855038 0.4895156 0.385492 0.4914746 0.3835942 0.493206 0.3835368 0.4914855 0.3854964 0.4932611 0.3836604 0.4946715 0.3835942 0.493206 0.3855065 0.4948439 0.3836963 0.5 0.3836604 0.4946715 0.3836374 0.4875 0.381738 0.4895205 0.381825 0.4875 0.3835405 0.4895309 0.3817979 0.4914246 0.381738 0.4895205 0.3835368 0.4914855 0.381954 0.4930523 0.3817979 0.4914246 0.3835942 0.493206 0.3821122 0.4943923 0.381954 0.4930523 0.3836604 0.4946715 0.3821944 0.5 0.3821122 0.4943923 0.381825 0.4875 0.3801464 0.4895027 0.3801528 0.4875 0.381738 0.4895205 0.3803227 0.4913496 0.3801464 0.4895027 0.3817979 0.4914246 0.3806071 0.4928914 0.3803227 0.4913496 0.381954 0.4930523 0.3808879 0.4941124 0.3806071 0.4928914 0.3821122 0.4943923 0.3810458 0.5 0.3808879 0.4941124 0.3801528 0.4875 0.375 0.4894869 0.375 0.4875 0.3801464 0.4895027 0.375 0.4913037 0.375 0.4894869 0.3803227 0.4913496 0.375 0.4928056 0.375 0.4913037 0.3806071 0.4928914 0.375 0.4939542 0.375 0.4928056 0.3808879 0.4941124 0.375 0.5017611 0.375 0.4939542 0.3855445 0.5125001 0.3875 0.5105445 0.3875 0.5125 0.3836375 0.5125001 0.3854843 0.5105038 0.3855445 0.5125001 0.3818249 0.5125001 0.3835254 0.510492 0.3836375 0.5125001 0.3801528 0.5125 0.3817389 0.5104964 0.3818249 0.5125001 0.375 0.5125 0.3801562 0.5105065 0.3801528 0.5125 0.3854843 0.5105038 0.3875 0.5086375 0.3875 0.5105445 0.3835254 0.510492 0.3854691 0.5085406 0.3854843 0.5105038 0.3817389 0.5104964 0.3835144 0.5085368 0.3835254 0.510492 0.3801562 0.5105065 0.3817939 0.5085943 0.3817389 0.5104964 0.375 0.5105131 0.3803286 0.5086604 0.3801562 0.5105065 0.3854691 0.5085406 0.3875 0.506825 0.3875 0.5086375 0.3835144 0.5085368 0.3854795 0.506738 0.3854691 0.5085406 0.3817939 0.5085943 0.3835754 0.5067979 0.3835144 0.5085368 0.3803286 0.5086604 0.3819478 0.506954 0.3817939 0.5085943 0.375 0.5086963 0.3806078 0.5071123 0.3803286 0.5086604 0.3854795 0.506738 0.3875 0.5051528 0.3875 0.506825 0.3835754 0.5067979 0.3854973 0.5051464 0.3854795 0.506738 0.3819478 0.506954 0.3836504 0.5053227 0.3835754 0.5067979 0.3806078 0.5071123 0.3821085 0.5056071 0.3819478 0.506954 0.375 0.5071944 0.3808875 0.5058879 0.3806078 0.5071123 0.3854973 0.5051464 0.3875 0.5 0.3875 0.5051528 0.3836504 0.5053227 0.3855131 0.5 0.3854973 0.5051464 0.3821085 0.5056071 0.3836963 0.5 0.3836504 0.5053227 0.3808875 0.5058879 0.3821944 0.5 0.3821085 0.5056071 0.375 0.5060458 0.3810458 0.5 0.3808875 0.5058879 0.6355446 0.5125001 0.6375001 0.5105445 0.6375 0.5125 0.6336376 0.5125001 0.6354844 0.5105038 0.6355446 0.5125001 0.631825 0.5125001 0.6335254 0.510492 0.6336376 0.5125001 0.6301528 0.5125 0.6317389 0.5104964 0.631825 0.5125001 0.6301528 0.5125 0.625 0.5105131 0.6301562 0.5105065 0.6354844 0.5105038 0.6375 0.5086375 0.6375001 0.5105445 0.6335254 0.510492 0.6354691 0.5085406 0.6354844 0.5105038 0.6335254 0.510492 0.6317939 0.5085943 0.6335145 0.5085368 0.6317389 0.5104964 0.6303287 0.5086604 0.6317939 0.5085943 0.6301562 0.5105065 0.625 0.5086963 0.6303287 0.5086604 0.6375 0.5086375 0.6354795 0.506738 0.6375001 0.506825 0.6354691 0.5085406 0.6335754 0.5067979 0.6354795 0.506738 0.6335145 0.5085368 0.6319478 0.506954 0.6335754 0.5067979 0.6317939 0.5085943 0.6306078 0.5071123 0.6319478 0.506954 0.6303287 0.5086604 0.625 0.5071944 0.6306078 0.5071123 0.6375001 0.506825 0.6354973 0.5051464 0.6375 0.5051528 0.6354795 0.506738 0.6336504 0.5053227 0.6354973 0.5051464 0.6335754 0.5067979 0.6321085 0.5056071 0.6336504 0.5053227 0.6319478 0.506954 0.6308875 0.5058879 0.6321085 0.5056071 0.6306078 0.5071123 0.625 0.5060458 0.6308875 0.5058879 0.6375 0.5051528 0.635513 0.5 0.6375 0.5 0.6354973 0.5051464 0.6336963 0.5 0.635513 0.5 0.6336504 0.5053227 0.6321944 0.5 0.6336963 0.5 0.6321085 0.5056071 0.6310458 0.5 0.6321944 0.5 0.6308875 0.5058879 0.623239 0.5 0.6310458 0.5 0.6125 0.5105444 0.6144556 0.5125 0.6125 0.5125 0.6125 0.5086374 0.6144962 0.5104844 0.6125 0.5105444 0.6125 0.506825 0.6145081 0.5085254 0.6125 0.5086374 0.6125 0.5051528 0.6145036 0.5067389 0.6125 0.506825 0.6125 0.5 0.6144935 0.5051561 0.6125 0.5051528 0.6144962 0.5104844 0.6163626 0.5125 0.6144556 0.5125 0.6145081 0.5085254 0.6164594 0.5104691 0.6144962 0.5104844 0.6145036 0.5067389 0.6164632 0.5085144 0.6145081 0.5085254 0.6144935 0.5051561 0.6164057 0.5067939 0.6145036 0.5067389 0.6144869 0.5 0.6163396 0.5053286 0.6144935 0.5051561 0.6164594 0.5104691 0.618175 0.5125 0.6163626 0.5125 0.6164632 0.5085144 0.6182619 0.5104796 0.6164594 0.5104691 0.6164057 0.5067939 0.6182022 0.5085754 0.6164632 0.5085144 0.6163396 0.5053286 0.618046 0.5069478 0.6164057 0.5067939 0.6163036 0.5 0.6178877 0.5056077 0.6163396 0.5053286 0.6182619 0.5104796 0.6198472 0.5125 0.618175 0.5125 0.6182022 0.5085754 0.6198536 0.5104973 0.6182619 0.5104796 0.618046 0.5069478 0.6196774 0.5086504 0.6182022 0.5085754 0.6178877 0.5056077 0.6193928 0.5071085 0.618046 0.5069478 0.6178056 0.5 0.6191121 0.5058875 0.6178877 0.5056077 0.6198536 0.5104973 0.625 0.5125 0.6198472 0.5125 0.6196774 0.5086504 0.625 0.510513 0.6198536 0.5104973 0.6193928 0.5071085 0.625 0.5086963 0.6196774 0.5086504 0.6191121 0.5058875 0.625 0.5071944 0.6193928 0.5071085 0.6189543 0.5 0.625 0.5060458 0.6191121 0.5058875 0.6144555 0.4875 0.6125 0.4894555 0.6125 0.4875 0.6163625 0.4875 0.6145156 0.4894962 0.6144555 0.4875 0.6163625 0.4875 0.6182611 0.4895036 0.6164745 0.489508 0.618175 0.4875 0.6198439 0.4894935 0.6182611 0.4895036 0.6198472 0.4875 0.625 0.4894869 0.6198439 0.4894935 0.6145156 0.4894962 0.6125 0.4913625 0.6125 0.4894555 0.6164745 0.489508 0.6145309 0.4914595 0.6145156 0.4894962 0.6164745 0.489508 0.6182061 0.4914057 0.6164856 0.4914631 0.6182611 0.4895036 0.6196714 0.4913396 0.6182061 0.4914057 0.6198439 0.4894935 0.625 0.4913037 0.6196714 0.4913396 0.6145309 0.4914595 0.6125 0.493175 0.6125 0.4913625 0.6145309 0.4914595 0.6164246 0.4932021 0.6145205 0.493262 0.6164856 0.4914631 0.6180523 0.4930459 0.6164246 0.4932021 0.6182061 0.4914057 0.6193923 0.4928878 0.6180523 0.4930459 0.6196714 0.4913396 0.625 0.4928056 0.6193923 0.4928878 0.6145205 0.493262 0.6125 0.4948472 0.6125 0.493175 0.6145205 0.493262 0.6163496 0.4946774 0.6145027 0.4948536 0.6164246 0.4932021 0.6178915 0.4943929 0.6163496 0.4946774 0.6180523 0.4930459 0.6191125 0.4941121 0.6178915 0.4943929 0.6193923 0.4928878 0.625 0.4939542 0.6191125 0.4941121 0.6125 0.4948472 0.6144869 0.5 0.6125 0.5 0.6145027 0.4948536 0.6163036 0.5 0.6144869 0.5 0.6163496 0.4946774 0.6178056 0.5 0.6163036 0.5 0.6178915 0.4943929 0.6189543 0.5 0.6178056 0.5 0.6191125 0.4941121 0.623239 0.5 0.6189543 0.5 0.125 0.5125 0.3625 0.5105444 0.3625 0.5125 0.125 0.5105445 0.3625 0.5086374 0.3625 0.5105444 0.125 0.5086373 0.3625 0.506825 0.3625 0.5086374 0.125 0.5068251 0.3625 0.5051528 0.3625 0.506825 0.125 0.5051527 0.3625 0.5 0.3625 0.5051528 0.375 0.25 0.3801528 0.4875 0.375 0.4875 0.3801527 0.25 0.381825 0.4875 0.3801528 0.4875 0.3818251 0.25 0.3836374 0.4875 0.381825 0.4875 0.3836373 0.25 0.3855445 0.4875 0.3836374 0.4875 0.3855445 0.25 0.3875 0.4875 0.3855445 0.4875 0.6375 0.5125 0.875 0.5105445 0.875 0.5125 0.6375001 0.5105445 0.8750001 0.5086373 0.875 0.5105445 0.6375 0.5086375 0.875 0.5068251 0.8750001 0.5086373 0.6375001 0.506825 0.875 0.5051527 0.875 0.5068251 0.6375 0.5051528 0.875 0.5 0.875 0.5051527 0.625 0.4875 0.6198474 0.25 0.625 0.25 0.6198472 0.4875 0.6181749 0.25 0.6198474 0.25 0.618175 0.4875 0.6163627 0.25 0.6181749 0.25 0.6163625 0.4875 0.6144555 0.25 0.6163627 0.25 0.6144555 0.4875 0.6125 0.25 0.6144555 0.25 0.3875 0.5125 0.6125 0.5105444 0.6125 0.5125 0.3875 0.5105445 0.6125 0.5086374 0.6125 0.5105444 0.3875 0.5086375 0.6125 0.506825 0.6125 0.5086374 0.3875 0.506825 0.6125 0.5051528 0.6125 0.506825 0.3875 0.5051528 0.6125 0.5 0.6125 0.5051528 0.3875 0.5 0.6125 0.4948472 0.6125 0.5 0.3875 0.4948472 0.6125 0.493175 0.6125 0.4948472 0.3875 0.4931751 0.6125 0.4913625 0.6125 0.493175 0.3875 0.4913625 0.6125 0.4894555 0.6125 0.4913625 0.3875 0.4894555 0.6125 0.4875 0.6125 0.4894555 0.3625 0.5125 0.3644555 0.7375 0.3625 0.7375 0.3644555 0.5125 0.3663625 0.7375 0.3644555 0.7375 0.3663625 0.5125 0.368175 0.7375 0.3663625 0.7375 0.368175 0.5125 0.3698472 0.7375 0.368175 0.7375 0.3698472 0.5125 0.375 0.7375 0.3698472 0.7375 0.375 0.7375 0.3801528 0.5125 0.3801528 0.7375 0.3801528 0.5125 0.381825 0.7375 0.3801528 0.7375 0.3818249 0.5125001 0.3836374 0.7375 0.381825 0.7375 0.3836375 0.5125001 0.3855445 0.7375 0.3836374 0.7375 0.3855445 0.5125001 0.3875 0.7375 0.3855445 0.7375 0.6375 0.7375 0.6355446 0.5125001 0.6375 0.5125 0.6355445 0.7375 0.6336376 0.5125001 0.6355446 0.5125001 0.6336375 0.7375 0.631825 0.5125001 0.6336376 0.5125001 0.631825 0.7375 0.6301528 0.5125 0.631825 0.5125001 0.6301528 0.7375 0.625 0.5125 0.6301528 0.5125 0.625 0.7375 0.6198472 0.5125 0.625 0.5125 0.6198472 0.7375 0.618175 0.5125 0.6198472 0.5125 0.618175 0.7375 0.6163626 0.5125 0.618175 0.5125 0.6163625 0.7375 0.6144556 0.5125 0.6163626 0.5125 0.6144555 0.7375 0.6125 0.5125 0.6144556 0.5125 0.6125 0.7625 0.3875 0.7605445 0.6125 0.7605444 0.6125 0.7605444 0.3875 0.7586375 0.6125 0.7586374 0.6125 0.7586374 0.3875 0.756825 0.6125 0.756825 0.6125 0.756825 0.3875 0.7551528 0.6125 0.7551528 0.3875 0.7551528 0.6125 0.75 0.6125 0.7551528 0.6125 0.75 0.3875 0.7448472 0.6125 0.7448472 0.6125 0.7448472 0.3875 0.743175 0.6125 0.743175 0.3875 0.743175 0.6125 0.7413625 0.6125 0.743175 0.3875 0.7413625 0.6125 0.7394555 0.6125 0.7413625 0.3875 0.7394555 0.6125 0.7375 0.6125 0.7394555 0.3625 0.7375 0.125 0.7394554 0.125 0.7375 0.3625 0.7394555 0.125 0.7413628 0.125 0.7394554 0.3625 0.7413625 0.125 0.7431749 0.125 0.7413628 0.3625 0.743175 0.125 0.7448473 0.125 0.7431749 0.3625 0.7448472 0.125 0.75 0.125 0.7448473 0.375 0.7625 0.3801527 1 0.375 1 0.3801528 0.7625001 0.3818251 1 0.3801527 1 0.3818249 0.7625 0.3836373 1 0.3818251 1 0.3836375 0.7625 0.3855445 1 0.3836373 1 0.3855445 0.7625001 0.3875 1 0.3855445 1 0.875 0.7375 0.6375001 0.7394555 0.6375 0.7375 0.875 0.7394554 0.6375001 0.7413625 0.6375001 0.7394555 0.875 0.7413628 0.6375001 0.743175 0.6375001 0.7413625 0.875 0.7431749 0.6375 0.7448472 0.6375001 0.743175 0.875 0.7448473 0.6375 0.75 0.6375 0.7448472 0.625 1 0.6198472 0.7625001 0.625 0.7625 0.6198474 1 0.618175 0.7625 0.6198472 0.7625001 0.6181749 1 0.6163626 0.7625 0.618175 0.7625 0.6163627 1 0.6144556 0.7625001 0.6163626 0.7625 0.6144555 1 0.6125 0.7625 0.6144556 0.7625001 0.3625 0.5125 0.125 0.7375 0.125 0.5125 0.3762236 0.2327254 0.3753078 0.2289108 0.375 0.225 0.3762236 0.7327254 0.3753078 0.7289108 0.375 0.725 0.6 0.25 0.4 0.5 0.4 0.25 0.6 0.75 0.4 1 0.4 0.75 0.125 0.525 0.375 0.5210891 0.375 0.525 0.125 0.5210891 0.375 0.5172746 0.375 0.5210891 0.125 0.5172746 0.375 0.5136502 0.375 0.5172746 0.125 0.5136502 0.375 0.5103054 0.375 0.5136502 0.125 0.5103054 0.375 0.5 0.375 0.5103054 0.375 0.25 0.3853054 0.5 0.375 0.5 0.3853054 0.25 0.3886502 0.5 0.3853054 0.5 0.3886502 0.25 0.3922746 0.5 0.3886502 0.5 0.3922746 0.25 0.3960891 0.5 0.3922746 0.5 0.3960891 0.25 0.4 0.5 0.3960891 0.5 0.375 0.725 0.125 0.7289109 0.125 0.725 0.375 0.7289109 0.125 0.7327255 0.125 0.7289109 0.375 0.7327255 0.125 0.7363498 0.125 0.7327255 0.375 0.7363498 0.125 0.7396947 0.125 0.7363498 0.375 0.7396947 0.125 0.75 0.125 0.7396947 0.375 0.75 0.3853054 1 0.375 1 0.3853054 0.75 0.3886502 1 0.3853054 1 0.3886502 0.75 0.3922746 1 0.3886502 1 0.3922746 0.75 0.3960891 1 0.3922746 1 0.3960891 0.75 0.4 1 0.3960891 1 0.375 0.525 0.125 0.725 0.125 0.525 0.625 0.525 0.875 0.5210891 0.875 0.525 0.625 0.5210891 0.875 0.5172746 0.875 0.5210891 0.625 0.5172746 0.875 0.5136502 0.875 0.5172746 0.625 0.5136502 0.875 0.5103054 0.875 0.5136502 0.625 0.5103054 0.875 0.5 0.875 0.5103054 0.625 0.5 0.6146946 0.25 0.625 0.25 0.6146947 0.5 0.6113497 0.25 0.6146946 0.25 0.6113497 0.5 0.6077255 0.25 0.6113497 0.25 0.6077254 0.5 0.6039109 0.25 0.6077255 0.25 0.6039108 0.5 0.6 0.25 0.6039109 0.25 0.875 0.725 0.6250001 0.7289109 0.625 0.725 0.875 0.7289109 0.625 0.7327255 0.6250001 0.7289109 0.875 0.7327255 0.6250001 0.7363498 0.625 0.7327255 0.875 0.7363498 0.625 0.7396947 0.6250001 0.7363498 0.875 0.7396947 0.625 0.75 0.625 0.7396947 0.625 1 0.6146946 0.75 0.625 0.75 0.6146947 1 0.6113497 0.75 0.6146946 0.75 0.6113497 1 0.6077255 0.75 0.6113497 0.75 0.6077254 1 0.6039109 0.75 0.6077255 0.75 0.6039108 1 0.6 0.75 0.6039109 0.75 0.875 0.525 0.625 0.725 0.625 0.525 1 1 0.96875 1 0.96875 0.5 0.96875 1 0.9375 1 0.9375 0.5 0.9375 1 0.90625 1 0.90625 0.5 0.90625 1 0.875 1 0.875 0.5 0.875 1 0.84375 1 0.84375 0.5 0.84375 1 0.8125 1 0.8125 0.5 0.8125 1 0.78125 1 0.78125 0.5 0.78125 1 0.75 1 0.75 0.5 0.75 1 0.71875 1 0.71875 0.5 0.71875 1 0.6875 1 0.6875 0.5 0.6875 1 0.65625 1 0.65625 0.5 0.65625 1 0.625 1 0.625 0.5 0.625 1 0.59375 1 0.59375 0.5 0.59375 1 0.5625 1 0.5625 0.5 0.5625 1 0.53125 1 0.53125 0.5 0.53125 1 0.5 1 0.5 0.5 0.5 1 0.46875 1 0.46875 0.5 0.46875 1 0.4375 1 0.4375 0.5 0.4375 1 0.40625 1 0.40625 0.5 0.40625 1 0.375 1 0.375 0.5 0.375 1 0.34375 1 0.34375 0.5 0.34375 1 0.3125 1 0.3125 0.5 0.3125 1 0.28125 1 0.28125 0.5 0.28125 1 0.25 1 0.25 0.5 0.25 1 0.21875 1 0.21875 0.5 0.21875 1 0.1875 1 0.1875 0.5 0.1875 1 0.15625 1 0.15625 0.5 0.15625 1 0.125 1 0.125 0.5 0.125 1 0.09375 1 0.09375 0.5 0.09375 1 0.0625 1 0.0625 0.5 0.341844 0.4717311 0.2968217 0.4853885 0.25 0.49 0.25 0.49 0.2031787 0.4853885 0.341844 0.4717311 0.2031787 0.4853885 0.1581563 0.4717312 0.341844 0.4717311 0.1581563 0.4717312 0.1166634 0.4495529 0.08029454 0.4197058 0.08029454 0.4197058 0.05044746 0.3833371 0.02826899 0.3418443 0.02826899 0.3418443 0.01461154 0.2968219 0.00999999 0.2500002 0.00999999 0.2500002 0.01461148 0.2031785 0.02826899 0.3418443 0.01461148 0.2031785 0.02826881 0.1581561 0.02826899 0.3418443 0.02826881 0.1581561 0.05044716 0.1166633 0.1581559 0.02826893 0.05044716 0.1166633 0.08029425 0.08029443 0.1581559 0.02826893 0.08029425 0.08029443 0.116663 0.05044734 0.1581559 0.02826893 0.1581559 0.02826893 0.2031782 0.01461154 0.2499999 0.00999999 0.2499999 0.00999999 0.2968216 0.01461148 0.341844 0.02826887 0.341844 0.02826887 0.3833369 0.05044728 0.4197056 0.08029437 0.4197056 0.08029437 0.4495527 0.1166631 0.4717311 0.158156 0.4717311 0.158156 0.4853885 0.2031783 0.49 0.25 0.49 0.25 0.4853885 0.2968217 0.4717311 0.158156 0.4853885 0.2968217 0.4717311 0.341844 0.4717311 0.158156 0.4717311 0.341844 0.4495527 0.3833369 0.4197056 0.4197056 0.4197056 0.4197056 0.3833369 0.4495527 0.341844 0.4717311 0.1581563 0.4717312 0.08029454 0.4197058 0.341844 0.4717311 0.08029454 0.4197058 0.02826899 0.3418443 0.341844 0.4717311 0.1581559 0.02826893 0.2499999 0.00999999 0.4717311 0.158156 0.2499999 0.00999999 0.341844 0.02826887 0.4717311 0.158156 0.341844 0.02826887 0.4197056 0.08029437 0.4717311 0.158156 0.4717311 0.341844 0.4197056 0.4197056 0.4717311 0.158156 0.4197056 0.4197056 0.341844 0.4717311 0.4717311 0.158156 0.02826899 0.3418443 0.02826881 0.1581561 0.1581559 0.02826893 0.341844 0.4717311 0.02826899 0.3418443 0.4717311 0.158156 0.0625 1 0.03125 1 0.03125 0.5 0.03125 1 0 1 0 0.5 0.7031787 0.4853885 0.75 0.49 0.7968217 0.4853885 0.7968217 0.4853885 0.841844 0.4717311 0.8833369 0.4495527 0.8833369 0.4495527 0.9197056 0.4197056 0.9495527 0.3833369 0.9495527 0.3833369 0.9717311 0.341844 0.8833369 0.4495527 0.9717311 0.341844 0.9853885 0.2968217 0.8833369 0.4495527 0.9853885 0.2968217 0.99 0.25 0.9853885 0.2031783 0.9853885 0.2031783 0.9717311 0.158156 0.9853885 0.2968217 0.9717311 0.158156 0.9495527 0.1166631 0.9853885 0.2968217 0.9495527 0.1166631 0.9197056 0.08029437 0.7968216 0.01461148 0.9197056 0.08029437 0.8833369 0.05044728 0.7968216 0.01461148 0.8833369 0.05044728 0.841844 0.02826887 0.7968216 0.01461148 0.7968216 0.01461148 0.75 0.00999999 0.7031782 0.01461154 0.7031782 0.01461154 0.6581559 0.02826893 0.616663 0.05044734 0.616663 0.05044734 0.5802943 0.08029443 0.5504472 0.1166633 0.5504472 0.1166633 0.5282688 0.1581561 0.5146115 0.2031785 0.5146115 0.2031785 0.51 0.2500002 0.5146116 0.2968219 0.5146116 0.2968219 0.5282691 0.3418443 0.5504475 0.3833371 0.5504475 0.3833371 0.5802946 0.4197058 0.7031787 0.4853885 0.5802946 0.4197058 0.6166634 0.4495529 0.7031787 0.4853885 0.6166634 0.4495529 0.6581563 0.4717312 0.7031787 0.4853885 0.7031787 0.4853885 0.7968217 0.4853885 0.8833369 0.4495527 0.7968216 0.01461148 0.7031782 0.01461154 0.5146115 0.2031785 0.7031782 0.01461154 0.616663 0.05044734 0.5146115 0.2031785 0.616663 0.05044734 0.5504472 0.1166633 0.5146115 0.2031785 0.5146115 0.2031785 0.5146116 0.2968219 0.7031787 0.4853885 0.5146116 0.2968219 0.5504475 0.3833371 0.7031787 0.4853885 0.7031787 0.4853885 0.8833369 0.4495527 0.9853885 0.2968217 0.9853885 0.2968217 0.9495527 0.1166631 0.7968216 0.01461148 0.7031787 0.4853885 0.9853885 0.2968217 0.5146115 0.2031785 0.6125 0.7625 0.6125 1 0.3875 1 0.6125 0.5125 0.6125 0.7375 0.3875 0.7375 0.875 0.5125 0.875 0.7375 0.6375 0.7375 0.375 0.2375 0.375 0.01249998 0.625 0.01249998 0.375 0.01249998 0.3751539 0.01054453 0.3875 0 0.625 0.01249998 0.375 0.01249998 0.6125 0 0.3751539 0.01054453 0.3756118 0.008637249 0.3875 0 0.3756118 0.008637249 0.3763624 0.006825089 0.3875 0 0.3763624 0.006825089 0.3773873 0.005152642 0.3875 0 0.3773873 0.005152642 0.3786612 0.003661155 0.3875 0 0.3786612 0.003661155 0.3801527 0.002387285 0.3875 0 0.3801527 0.002387285 0.3818251 0.001362383 0.3875 0 0.3818251 0.001362383 0.3836373 6.11797e-4 0.3875 0 0.3836373 6.11797e-4 0.3855445 1.53899e-4 0.3875 0 0.3875 0 0.6125 0 0.375 0.01249998 0.6125 0 0.6144555 1.53899e-4 0.6163627 6.11797e-4 0.6163627 6.11797e-4 0.6181749 0.001362383 0.6125 0 0.6181749 0.001362383 0.6198473 0.002387285 0.6125 0 0.6198473 0.002387285 0.6213388 0.003661155 0.6125 0 0.6213388 0.003661155 0.6226127 0.005152642 0.6125 0 0.6226127 0.005152642 0.6236376 0.006825089 0.6125 0 0.6236376 0.006825089 0.6243882 0.008637249 0.6125 0 0.6243882 0.008637249 0.6248461 0.01054453 0.6125 0 0.6248461 0.01054453 0.625 0.01249998 0.6125 0 0.625 0.01249998 0.625 0.2375 0.375 0.2375 0.625 0.2375 0.6248461 0.2394554 0.6125 0.25 0.375 0.2375 0.625 0.2375 0.3875 0.25 0.6248461 0.2394554 0.6243882 0.2413627 0.6125 0.25 0.6243882 0.2413627 0.6236376 0.2431749 0.6125 0.25 0.6236376 0.2431749 0.6226128 0.2448473 0.6125 0.25 0.6226128 0.2448473 0.6213388 0.2463388 0.6125 0.25 0.6213388 0.2463388 0.6198473 0.2476127 0.6125 0.25 0.6198473 0.2476127 0.6181749 0.2486376 0.6125 0.25 0.6181749 0.2486376 0.6163628 0.2493882 0.6125 0.25 0.6163628 0.2493882 0.6144555 0.2498461 0.6125 0.25 0.6125 0.25 0.3875 0.25 0.625 0.2375 0.3875 0.25 0.3855445 0.2498461 0.3836373 0.2493882 0.3836373 0.2493882 0.3818251 0.2486376 0.3875 0.25 0.3818251 0.2486376 0.3801527 0.2476127 0.3875 0.25 0.3801527 0.2476127 0.3786612 0.2463388 0.3875 0.25 0.3786612 0.2463388 0.3773873 0.2448473 0.3875 0.25 0.3773873 0.2448473 0.3763625 0.2431749 0.3875 0.25 0.3763625 0.2431749 0.3756118 0.2413627 0.3875 0.25 0.3756118 0.2413627 0.3751539 0.2394554 0.3875 0.25 0.6125 0.25 0.6125 0.4875 0.3875 0.4875 0.3644555 0.7375 0.3645156 0.7394962 0.3625 0.7394555 0.3663625 0.7375 0.3664745 0.739508 0.3645156 0.7394962 0.368175 0.7375 0.3682611 0.7395036 0.3664745 0.739508 0.3698472 0.7375 0.3698439 0.7394936 0.3682611 0.7395036 0.3698472 0.7375 0.375 0.7375 0.375 0.739487 0.3645156 0.7394962 0.3645309 0.7414595 0.3625 0.7413625 0.3664745 0.739508 0.3664856 0.7414631 0.3645309 0.7414595 0.3664745 0.739508 0.3682611 0.7395036 0.3682061 0.7414057 0.3682611 0.7395036 0.3698439 0.7394936 0.3696714 0.7413396 0.3698439 0.7394936 0.375 0.739487 0.375 0.7413037 0.3625 0.7413625 0.3645309 0.7414595 0.3645205 0.7432621 0.3645309 0.7414595 0.3664856 0.7414631 0.3664245 0.7432021 0.3664856 0.7414631 0.3682061 0.7414057 0.3680523 0.743046 0.3682061 0.7414057 0.3696714 0.7413396 0.3693922 0.7428878 0.3696714 0.7413396 0.375 0.7413037 0.375 0.7428056 0.3625 0.743175 0.3645205 0.7432621 0.3645027 0.7448536 0.3645205 0.7432621 0.3664245 0.7432021 0.3663496 0.7446774 0.3664245 0.7432021 0.3680523 0.743046 0.3678916 0.7443929 0.3680523 0.743046 0.3693922 0.7428878 0.3691124 0.7441121 0.3693922 0.7428878 0.375 0.7428056 0.375 0.7439542 0.3625 0.7448472 0.3645027 0.7448536 0.364487 0.75 0.3645027 0.7448536 0.3663496 0.7446774 0.3663036 0.75 0.3663496 0.7446774 0.3678916 0.7443929 0.3678056 0.75 0.3678916 0.7443929 0.3691124 0.7441121 0.3689542 0.75 0.3691124 0.7441121 0.375 0.7439542 0.376761 0.75 0.3875 0.7394555 0.3855038 0.7395156 0.3855445 0.7375 0.3875 0.7413625 0.385492 0.7414746 0.3855038 0.7395156 0.3875 0.743175 0.3854964 0.7432611 0.385492 0.7414746 0.3875 0.7448472 0.3855065 0.7448439 0.3854964 0.7432611 0.3875 0.75 0.3855131 0.75 0.3855065 0.7448439 0.3855038 0.7395156 0.3835405 0.739531 0.3836374 0.7375 0.385492 0.7414746 0.3835368 0.7414856 0.3835405 0.739531 0.3854964 0.7432611 0.3835942 0.743206 0.3835368 0.7414856 0.3855065 0.7448439 0.3836604 0.7446715 0.3835942 0.743206 0.3855131 0.75 0.3836963 0.75 0.3836604 0.7446715 0.3835405 0.739531 0.381738 0.7395206 0.381825 0.7375 0.3835368 0.7414856 0.3817979 0.7414246 0.381738 0.7395206 0.3835942 0.743206 0.381954 0.7430523 0.3817979 0.7414246 0.3836604 0.7446715 0.3821122 0.7443923 0.381954 0.7430523 0.3836963 0.75 0.3821944 0.75 0.3821122 0.7443923 0.381738 0.7395206 0.3801464 0.7395027 0.3801528 0.7375 0.3817979 0.7414246 0.3803227 0.7413496 0.3801464 0.7395027 0.381954 0.7430523 0.3806071 0.7428914 0.3803227 0.7413496 0.3821122 0.7443923 0.3808879 0.7441124 0.3806071 0.7428914 0.3821944 0.75 0.3810458 0.75 0.3808879 0.7441124 0.3801464 0.7395027 0.375 0.739487 0.375 0.7375 0.3803227 0.7413496 0.375 0.7413037 0.375 0.739487 0.3806071 0.7428914 0.375 0.7428056 0.375 0.7413037 0.3808879 0.7441124 0.375 0.7439542 0.375 0.7428056 0.3810458 0.75 0.376761 0.75 0.375 0.7439542 0.3855445 0.7625001 0.3854843 0.7605038 0.3875 0.7605445 0.3836375 0.7625 0.3835254 0.7604919 0.3854843 0.7605038 0.3836375 0.7625 0.3818249 0.7625 0.3817389 0.7604964 0.3818249 0.7625 0.3801528 0.7625001 0.3801562 0.7605065 0.3801528 0.7625001 0.375 0.7625 0.375 0.7605131 0.3854843 0.7605038 0.3854691 0.7585406 0.3875 0.7586375 0.3835254 0.7604919 0.3835144 0.7585368 0.3854691 0.7585406 0.3835254 0.7604919 0.3817389 0.7604964 0.3817939 0.7585943 0.3817389 0.7604964 0.3801562 0.7605065 0.3803286 0.7586605 0.3801562 0.7605065 0.375 0.7605131 0.375 0.7586963 0.3854691 0.7585406 0.3854795 0.7567381 0.3875 0.756825 0.3854691 0.7585406 0.3835144 0.7585368 0.3835754 0.756798 0.3835144 0.7585368 0.3817939 0.7585943 0.3819478 0.7569541 0.3817939 0.7585943 0.3803286 0.7586605 0.3806078 0.7571123 0.3803286 0.7586605 0.375 0.7586963 0.375 0.7571944 0.3854795 0.7567381 0.3854973 0.7551465 0.3875 0.7551528 0.3854795 0.7567381 0.3835754 0.756798 0.3836504 0.7553227 0.3835754 0.756798 0.3819478 0.7569541 0.3821085 0.7556071 0.3819478 0.7569541 0.3806078 0.7571123 0.3808875 0.7558878 0.3806078 0.7571123 0.375 0.7571944 0.375 0.7560458 0.3875 0.7551528 0.3854973 0.7551465 0.3855131 0.75 0.3854973 0.7551465 0.3836504 0.7553227 0.3836963 0.75 0.3836504 0.7553227 0.3821085 0.7556071 0.3821944 0.75 0.3821085 0.7556071 0.3808875 0.7558878 0.3810458 0.75 0.3808875 0.7558878 0.375 0.7560458 0.376761 0.75 0.6375001 0.7394555 0.6355038 0.7395156 0.6355445 0.7375 0.6375001 0.7413625 0.6354919 0.7414746 0.6355038 0.7395156 0.6375001 0.7413625 0.6375001 0.743175 0.6354964 0.7432611 0.6375001 0.743175 0.6375 0.7448472 0.6355065 0.7448439 0.6375 0.7448472 0.6375 0.75 0.635513 0.75 0.6355038 0.7395156 0.6335405 0.739531 0.6336375 0.7375 0.6354919 0.7414746 0.6335369 0.7414856 0.6335405 0.739531 0.6354919 0.7414746 0.6354964 0.7432611 0.6335942 0.743206 0.6354964 0.7432611 0.6355065 0.7448439 0.6336605 0.7446715 0.6355065 0.7448439 0.635513 0.75 0.6336963 0.75 0.6335405 0.739531 0.631738 0.7395206 0.631825 0.7375 0.6335405 0.739531 0.6335369 0.7414856 0.631798 0.7414246 0.6335369 0.7414856 0.6335942 0.743206 0.6319541 0.7430523 0.6335942 0.743206 0.6336605 0.7446715 0.6321123 0.7443923 0.6336605 0.7446715 0.6336963 0.75 0.6321944 0.75 0.631738 0.7395206 0.6301464 0.7395027 0.6301528 0.7375 0.631738 0.7395206 0.631798 0.7414246 0.6303227 0.7413496 0.631798 0.7414246 0.6319541 0.7430523 0.6306071 0.7428914 0.6319541 0.7430523 0.6321123 0.7443923 0.6308879 0.7441124 0.6321123 0.7443923 0.6321944 0.75 0.6310458 0.75 0.6301528 0.7375 0.6301464 0.7395027 0.625 0.739487 0.6301464 0.7395027 0.6303227 0.7413496 0.625 0.7413037 0.6303227 0.7413496 0.6306071 0.7428914 0.625 0.7428056 0.6306071 0.7428914 0.6308879 0.7441124 0.625 0.7439542 0.6308879 0.7441124 0.6310458 0.75 0.625 0.748239 0.6125 0.7605444 0.6144962 0.7604844 0.6144556 0.7625001 0.6125 0.7586374 0.6145081 0.7585254 0.6144962 0.7604844 0.6125 0.756825 0.6145036 0.7567389 0.6145081 0.7585254 0.6125 0.7551528 0.6144935 0.7551562 0.6145036 0.7567389 0.6125 0.7551528 0.6125 0.75 0.6144869 0.75 0.6144962 0.7604844 0.6164594 0.7604692 0.6163626 0.7625 0.6145081 0.7585254 0.6164632 0.7585144 0.6164594 0.7604692 0.6145081 0.7585254 0.6145036 0.7567389 0.6164057 0.7567939 0.6145036 0.7567389 0.6144935 0.7551562 0.6163396 0.7553285 0.6144935 0.7551562 0.6144869 0.75 0.6163036 0.75 0.6163626 0.7625 0.6164594 0.7604692 0.6182619 0.7604796 0.6164594 0.7604692 0.6164632 0.7585144 0.6182022 0.7585755 0.6164632 0.7585144 0.6164057 0.7567939 0.618046 0.7569478 0.6164057 0.7567939 0.6163396 0.7553285 0.6178877 0.7556077 0.6163396 0.7553285 0.6163036 0.75 0.6178056 0.75 0.618175 0.7625 0.6182619 0.7604796 0.6198536 0.7604973 0.6182619 0.7604796 0.6182022 0.7585755 0.6196774 0.7586505 0.6182022 0.7585755 0.618046 0.7569478 0.6193928 0.7571084 0.618046 0.7569478 0.6178877 0.7556077 0.6191121 0.7558876 0.6178877 0.7556077 0.6178056 0.75 0.6189543 0.75 0.6198472 0.7625001 0.6198536 0.7604973 0.625 0.7605131 0.6198536 0.7604973 0.6196774 0.7586505 0.625 0.7586963 0.6196774 0.7586505 0.6193928 0.7571084 0.625 0.7571944 0.6193928 0.7571084 0.6191121 0.7558876 0.625 0.7560458 0.6191121 0.7558876 0.6189543 0.75 0.625 0.748239 0.6144555 0.7375 0.6145156 0.7394962 0.6125 0.7394555 0.6163625 0.7375 0.6164745 0.739508 0.6145156 0.7394962 0.618175 0.7375 0.6182611 0.7395036 0.6164745 0.739508 0.6198472 0.7375 0.6198439 0.7394936 0.6182611 0.7395036 0.625 0.7375 0.625 0.739487 0.6198439 0.7394936 0.6145156 0.7394962 0.6145309 0.7414595 0.6125 0.7413625 0.6164745 0.739508 0.6164856 0.7414631 0.6145309 0.7414595 0.6182611 0.7395036 0.6182061 0.7414057 0.6164856 0.7414631 0.6198439 0.7394936 0.6196714 0.7413396 0.6182061 0.7414057 0.625 0.739487 0.625 0.7413037 0.6196714 0.7413396 0.6145309 0.7414595 0.6145205 0.7432621 0.6125 0.743175 0.6164856 0.7414631 0.6164246 0.7432021 0.6145205 0.7432621 0.6182061 0.7414057 0.6180523 0.743046 0.6164246 0.7432021 0.6196714 0.7413396 0.6193923 0.7428878 0.6180523 0.743046 0.625 0.7413037 0.625 0.7428056 0.6193923 0.7428878 0.6145205 0.7432621 0.6145027 0.7448536 0.6125 0.7448472 0.6164246 0.7432021 0.6163496 0.7446774 0.6145027 0.7448536 0.6180523 0.743046 0.6178915 0.7443929 0.6163496 0.7446774 0.6193923 0.7428878 0.6191125 0.7441121 0.6178915 0.7443929 0.625 0.7428056 0.625 0.7439542 0.6191125 0.7441121 0.6145027 0.7448536 0.6144869 0.75 0.6125 0.75 0.6163496 0.7446774 0.6163036 0.75 0.6144869 0.75 0.6178915 0.7443929 0.6178056 0.75 0.6163036 0.75 0.6191125 0.7441121 0.6189543 0.75 0.6178056 0.75 0.625 0.7439542 0.625 0.748239 0.6189543 0.75 0.3625 0.5105444 0.3644962 0.5104844 0.3644555 0.5125 0.3625 0.5086374 0.364508 0.5085254 0.3644962 0.5104844 0.3625 0.5086374 0.3625 0.506825 0.3645036 0.5067389 0.3625 0.506825 0.3625 0.5051528 0.3644935 0.5051561 0.3625 0.5051528 0.3625 0.5 0.364487 0.5 0.3644962 0.5104844 0.3664595 0.5104691 0.3663625 0.5125 0.364508 0.5085254 0.3664631 0.5085144 0.3664595 0.5104691 0.364508 0.5085254 0.3645036 0.5067389 0.3664057 0.5067939 0.3645036 0.5067389 0.3644935 0.5051561 0.3663396 0.5053286 0.3644935 0.5051561 0.364487 0.5 0.3663036 0.5 0.3664595 0.5104691 0.368262 0.5104796 0.368175 0.5125 0.3664595 0.5104691 0.3664631 0.5085144 0.3682021 0.5085754 0.3664631 0.5085144 0.3664057 0.5067939 0.368046 0.5069478 0.3664057 0.5067939 0.3663396 0.5053286 0.3678878 0.5056077 0.3663396 0.5053286 0.3663036 0.5 0.3678056 0.5 0.368262 0.5104796 0.3698536 0.5104973 0.3698472 0.5125 0.368262 0.5104796 0.3682021 0.5085754 0.3696773 0.5086504 0.3682021 0.5085754 0.368046 0.5069478 0.3693928 0.5071085 0.368046 0.5069478 0.3678878 0.5056077 0.3691121 0.5058875 0.3678878 0.5056077 0.3678056 0.5 0.3689542 0.5 0.3698472 0.5125 0.3698536 0.5104973 0.375 0.5105131 0.3698536 0.5104973 0.3696773 0.5086504 0.375 0.5086963 0.3696773 0.5086504 0.3693928 0.5071085 0.375 0.5071944 0.3693928 0.5071085 0.3691121 0.5058875 0.375 0.5060458 0.3691121 0.5058875 0.3689542 0.5 0.375 0.5017611 0.3875 0.4894555 0.3855038 0.4895156 0.3855445 0.4875 0.3875 0.4913625 0.385492 0.4914746 0.3855038 0.4895156 0.3875 0.4931751 0.3854964 0.4932611 0.385492 0.4914746 0.3875 0.4948472 0.3855065 0.4948439 0.3854964 0.4932611 0.3875 0.4948472 0.3875 0.5 0.3855131 0.5 0.3855038 0.4895156 0.3835405 0.4895309 0.3836374 0.4875 0.385492 0.4914746 0.3835368 0.4914855 0.3835405 0.4895309 0.385492 0.4914746 0.3854964 0.4932611 0.3835942 0.493206 0.3854964 0.4932611 0.3855065 0.4948439 0.3836604 0.4946715 0.3855065 0.4948439 0.3855131 0.5 0.3836963 0.5 0.3836374 0.4875 0.3835405 0.4895309 0.381738 0.4895205 0.3835405 0.4895309 0.3835368 0.4914855 0.3817979 0.4914246 0.3835368 0.4914855 0.3835942 0.493206 0.381954 0.4930523 0.3835942 0.493206 0.3836604 0.4946715 0.3821122 0.4943923 0.3836604 0.4946715 0.3836963 0.5 0.3821944 0.5 0.381825 0.4875 0.381738 0.4895205 0.3801464 0.4895027 0.381738 0.4895205 0.3817979 0.4914246 0.3803227 0.4913496 0.3817979 0.4914246 0.381954 0.4930523 0.3806071 0.4928914 0.381954 0.4930523 0.3821122 0.4943923 0.3808879 0.4941124 0.3821122 0.4943923 0.3821944 0.5 0.3810458 0.5 0.3801528 0.4875 0.3801464 0.4895027 0.375 0.4894869 0.3801464 0.4895027 0.3803227 0.4913496 0.375 0.4913037 0.3803227 0.4913496 0.3806071 0.4928914 0.375 0.4928056 0.3806071 0.4928914 0.3808879 0.4941124 0.375 0.4939542 0.3808879 0.4941124 0.3810458 0.5 0.375 0.5017611 0.3855445 0.5125001 0.3854843 0.5105038 0.3875 0.5105445 0.3836375 0.5125001 0.3835254 0.510492 0.3854843 0.5105038 0.3818249 0.5125001 0.3817389 0.5104964 0.3835254 0.510492 0.3801528 0.5125 0.3801562 0.5105065 0.3817389 0.5104964 0.375 0.5125 0.375 0.5105131 0.3801562 0.5105065 0.3854843 0.5105038 0.3854691 0.5085406 0.3875 0.5086375 0.3835254 0.510492 0.3835144 0.5085368 0.3854691 0.5085406 0.3817389 0.5104964 0.3817939 0.5085943 0.3835144 0.5085368 0.3801562 0.5105065 0.3803286 0.5086604 0.3817939 0.5085943 0.375 0.5105131 0.375 0.5086963 0.3803286 0.5086604 0.3854691 0.5085406 0.3854795 0.506738 0.3875 0.506825 0.3835144 0.5085368 0.3835754 0.5067979 0.3854795 0.506738 0.3817939 0.5085943 0.3819478 0.506954 0.3835754 0.5067979 0.3803286 0.5086604 0.3806078 0.5071123 0.3819478 0.506954 0.375 0.5086963 0.375 0.5071944 0.3806078 0.5071123 0.3854795 0.506738 0.3854973 0.5051464 0.3875 0.5051528 0.3835754 0.5067979 0.3836504 0.5053227 0.3854973 0.5051464 0.3819478 0.506954 0.3821085 0.5056071 0.3836504 0.5053227 0.3806078 0.5071123 0.3808875 0.5058879 0.3821085 0.5056071 0.375 0.5071944 0.375 0.5060458 0.3808875 0.5058879 0.3854973 0.5051464 0.3855131 0.5 0.3875 0.5 0.3836504 0.5053227 0.3836963 0.5 0.3855131 0.5 0.3821085 0.5056071 0.3821944 0.5 0.3836963 0.5 0.3808875 0.5058879 0.3810458 0.5 0.3821944 0.5 0.375 0.5060458 0.375 0.5017611 0.3810458 0.5 0.6355446 0.5125001 0.6354844 0.5105038 0.6375001 0.5105445 0.6336376 0.5125001 0.6335254 0.510492 0.6354844 0.5105038 0.631825 0.5125001 0.6317389 0.5104964 0.6335254 0.510492 0.6301528 0.5125 0.6301562 0.5105065 0.6317389 0.5104964 0.6301528 0.5125 0.625 0.5125 0.625 0.5105131 0.6354844 0.5105038 0.6354691 0.5085406 0.6375 0.5086375 0.6335254 0.510492 0.6335145 0.5085368 0.6354691 0.5085406 0.6335254 0.510492 0.6317389 0.5104964 0.6317939 0.5085943 0.6317389 0.5104964 0.6301562 0.5105065 0.6303287 0.5086604 0.6301562 0.5105065 0.625 0.5105131 0.625 0.5086963 0.6375 0.5086375 0.6354691 0.5085406 0.6354795 0.506738 0.6354691 0.5085406 0.6335145 0.5085368 0.6335754 0.5067979 0.6335145 0.5085368 0.6317939 0.5085943 0.6319478 0.506954 0.6317939 0.5085943 0.6303287 0.5086604 0.6306078 0.5071123 0.6303287 0.5086604 0.625 0.5086963 0.625 0.5071944 0.6375001 0.506825 0.6354795 0.506738 0.6354973 0.5051464 0.6354795 0.506738 0.6335754 0.5067979 0.6336504 0.5053227 0.6335754 0.5067979 0.6319478 0.506954 0.6321085 0.5056071 0.6319478 0.506954 0.6306078 0.5071123 0.6308875 0.5058879 0.6306078 0.5071123 0.625 0.5071944 0.625 0.5060458 0.6375 0.5051528 0.6354973 0.5051464 0.635513 0.5 0.6354973 0.5051464 0.6336504 0.5053227 0.6336963 0.5 0.6336504 0.5053227 0.6321085 0.5056071 0.6321944 0.5 0.6321085 0.5056071 0.6308875 0.5058879 0.6310458 0.5 0.6308875 0.5058879 0.625 0.5060458 0.623239 0.5 0.6125 0.5105444 0.6144962 0.5104844 0.6144556 0.5125 0.6125 0.5086374 0.6145081 0.5085254 0.6144962 0.5104844 0.6125 0.506825 0.6145036 0.5067389 0.6145081 0.5085254 0.6125 0.5051528 0.6144935 0.5051561 0.6145036 0.5067389 0.6125 0.5 0.6144869 0.5 0.6144935 0.5051561 0.6144962 0.5104844 0.6164594 0.5104691 0.6163626 0.5125 0.6145081 0.5085254 0.6164632 0.5085144 0.6164594 0.5104691 0.6145036 0.5067389 0.6164057 0.5067939 0.6164632 0.5085144 0.6144935 0.5051561 0.6163396 0.5053286 0.6164057 0.5067939 0.6144869 0.5 0.6163036 0.5 0.6163396 0.5053286 0.6164594 0.5104691 0.6182619 0.5104796 0.618175 0.5125 0.6164632 0.5085144 0.6182022 0.5085754 0.6182619 0.5104796 0.6164057 0.5067939 0.618046 0.5069478 0.6182022 0.5085754 0.6163396 0.5053286 0.6178877 0.5056077 0.618046 0.5069478 0.6163036 0.5 0.6178056 0.5 0.6178877 0.5056077 0.6182619 0.5104796 0.6198536 0.5104973 0.6198472 0.5125 0.6182022 0.5085754 0.6196774 0.5086504 0.6198536 0.5104973 0.618046 0.5069478 0.6193928 0.5071085 0.6196774 0.5086504 0.6178877 0.5056077 0.6191121 0.5058875 0.6193928 0.5071085 0.6178056 0.5 0.6189543 0.5 0.6191121 0.5058875 0.6198536 0.5104973 0.625 0.510513 0.625 0.5125 0.6196774 0.5086504 0.625 0.5086963 0.625 0.510513 0.6193928 0.5071085 0.625 0.5071944 0.625 0.5086963 0.6191121 0.5058875 0.625 0.5060458 0.625 0.5071944 0.6189543 0.5 0.623239 0.5 0.625 0.5060458 0.6144555 0.4875 0.6145156 0.4894962 0.6125 0.4894555 0.6163625 0.4875 0.6164745 0.489508 0.6145156 0.4894962 0.6163625 0.4875 0.618175 0.4875 0.6182611 0.4895036 0.618175 0.4875 0.6198472 0.4875 0.6198439 0.4894935 0.6198472 0.4875 0.625 0.4875 0.625 0.4894869 0.6145156 0.4894962 0.6145309 0.4914595 0.6125 0.4913625 0.6164745 0.489508 0.6164856 0.4914631 0.6145309 0.4914595 0.6164745 0.489508 0.6182611 0.4895036 0.6182061 0.4914057 0.6182611 0.4895036 0.6198439 0.4894935 0.6196714 0.4913396 0.6198439 0.4894935 0.625 0.4894869 0.625 0.4913037 0.6145309 0.4914595 0.6145205 0.493262 0.6125 0.493175 0.6145309 0.4914595 0.6164856 0.4914631 0.6164246 0.4932021 0.6164856 0.4914631 0.6182061 0.4914057 0.6180523 0.4930459 0.6182061 0.4914057 0.6196714 0.4913396 0.6193923 0.4928878 0.6196714 0.4913396 0.625 0.4913037 0.625 0.4928056 0.6145205 0.493262 0.6145027 0.4948536 0.6125 0.4948472 0.6145205 0.493262 0.6164246 0.4932021 0.6163496 0.4946774 0.6164246 0.4932021 0.6180523 0.4930459 0.6178915 0.4943929 0.6180523 0.4930459 0.6193923 0.4928878 0.6191125 0.4941121 0.6193923 0.4928878 0.625 0.4928056 0.625 0.4939542 0.6125 0.4948472 0.6145027 0.4948536 0.6144869 0.5 0.6145027 0.4948536 0.6163496 0.4946774 0.6163036 0.5 0.6163496 0.4946774 0.6178915 0.4943929 0.6178056 0.5 0.6178915 0.4943929 0.6191125 0.4941121 0.6189543 0.5 0.6191125 0.4941121 0.625 0.4939542 0.623239 0.5 0.125 0.5125 0.125 0.5105445 0.3625 0.5105444 0.125 0.5105445 0.125 0.5086373 0.3625 0.5086374 0.125 0.5086373 0.125 0.5068251 0.3625 0.506825 0.125 0.5068251 0.125 0.5051527 0.3625 0.5051528 0.125 0.5051527 0.125 0.5 0.3625 0.5 0.375 0.25 0.3801527 0.25 0.3801528 0.4875 0.3801527 0.25 0.3818251 0.25 0.381825 0.4875 0.3818251 0.25 0.3836373 0.25 0.3836374 0.4875 0.3836373 0.25 0.3855445 0.25 0.3855445 0.4875 0.3855445 0.25 0.3875 0.25 0.3875 0.4875 0.6375 0.5125 0.6375001 0.5105445 0.875 0.5105445 0.6375001 0.5105445 0.6375 0.5086375 0.8750001 0.5086373 0.6375 0.5086375 0.6375001 0.506825 0.875 0.5068251 0.6375001 0.506825 0.6375 0.5051528 0.875 0.5051527 0.6375 0.5051528 0.6375 0.5 0.875 0.5 0.625 0.4875 0.6198472 0.4875 0.6198474 0.25 0.6198472 0.4875 0.618175 0.4875 0.6181749 0.25 0.618175 0.4875 0.6163625 0.4875 0.6163627 0.25 0.6163625 0.4875 0.6144555 0.4875 0.6144555 0.25 0.6144555 0.4875 0.6125 0.4875 0.6125 0.25 0.3875 0.5125 0.3875 0.5105445 0.6125 0.5105444 0.3875 0.5105445 0.3875 0.5086375 0.6125 0.5086374 0.3875 0.5086375 0.3875 0.506825 0.6125 0.506825 0.3875 0.506825 0.3875 0.5051528 0.6125 0.5051528 0.3875 0.5051528 0.3875 0.5 0.6125 0.5 0.3875 0.5 0.3875 0.4948472 0.6125 0.4948472 0.3875 0.4948472 0.3875 0.4931751 0.6125 0.493175 0.3875 0.4931751 0.3875 0.4913625 0.6125 0.4913625 0.3875 0.4913625 0.3875 0.4894555 0.6125 0.4894555 0.3875 0.4894555 0.3875 0.4875 0.6125 0.4875 0.3625 0.5125 0.3644555 0.5125 0.3644555 0.7375 0.3644555 0.5125 0.3663625 0.5125 0.3663625 0.7375 0.3663625 0.5125 0.368175 0.5125 0.368175 0.7375 0.368175 0.5125 0.3698472 0.5125 0.3698472 0.7375 0.3698472 0.5125 0.375 0.5125 0.375 0.7375 0.375 0.7375 0.375 0.5125 0.3801528 0.5125 0.3801528 0.5125 0.3818249 0.5125001 0.381825 0.7375 0.3818249 0.5125001 0.3836375 0.5125001 0.3836374 0.7375 0.3836375 0.5125001 0.3855445 0.5125001 0.3855445 0.7375 0.3855445 0.5125001 0.3875 0.5125 0.3875 0.7375 0.6375 0.7375 0.6355445 0.7375 0.6355446 0.5125001 0.6355445 0.7375 0.6336375 0.7375 0.6336376 0.5125001 0.6336375 0.7375 0.631825 0.7375 0.631825 0.5125001 0.631825 0.7375 0.6301528 0.7375 0.6301528 0.5125 0.6301528 0.7375 0.625 0.7375 0.625 0.5125 0.625 0.7375 0.6198472 0.7375 0.6198472 0.5125 0.6198472 0.7375 0.618175 0.7375 0.618175 0.5125 0.618175 0.7375 0.6163625 0.7375 0.6163626 0.5125 0.6163625 0.7375 0.6144555 0.7375 0.6144556 0.5125 0.6144555 0.7375 0.6125 0.7375 0.6125 0.5125 0.6125 0.7625 0.3875 0.7625 0.3875 0.7605445 0.6125 0.7605444 0.3875 0.7605445 0.3875 0.7586375 0.6125 0.7586374 0.3875 0.7586375 0.3875 0.756825 0.6125 0.756825 0.3875 0.756825 0.3875 0.7551528 0.3875 0.7551528 0.3875 0.75 0.6125 0.75 0.6125 0.75 0.3875 0.75 0.3875 0.7448472 0.6125 0.7448472 0.3875 0.7448472 0.3875 0.743175 0.3875 0.743175 0.3875 0.7413625 0.6125 0.7413625 0.3875 0.7413625 0.3875 0.7394555 0.6125 0.7394555 0.3875 0.7394555 0.3875 0.7375 0.6125 0.7375 0.3625 0.7375 0.3625 0.7394555 0.125 0.7394554 0.3625 0.7394555 0.3625 0.7413625 0.125 0.7413628 0.3625 0.7413625 0.3625 0.743175 0.125 0.7431749 0.3625 0.743175 0.3625 0.7448472 0.125 0.7448473 0.3625 0.7448472 0.3625 0.75 0.125 0.75 0.375 0.7625 0.3801528 0.7625001 0.3801527 1 0.3801528 0.7625001 0.3818249 0.7625 0.3818251 1 0.3818249 0.7625 0.3836375 0.7625 0.3836373 1 0.3836375 0.7625 0.3855445 0.7625001 0.3855445 1 0.3855445 0.7625001 0.3875 0.7625 0.3875 1 0.875 0.7375 0.875 0.7394554 0.6375001 0.7394555 0.875 0.7394554 0.875 0.7413628 0.6375001 0.7413625 0.875 0.7413628 0.875 0.7431749 0.6375001 0.743175 0.875 0.7431749 0.875 0.7448473 0.6375 0.7448472 0.875 0.7448473 0.875 0.75 0.6375 0.75 0.625 1 0.6198474 1 0.6198472 0.7625001 0.6198474 1 0.6181749 1 0.618175 0.7625 0.6181749 1 0.6163627 1 0.6163626 0.7625 0.6163627 1 0.6144555 1 0.6144556 0.7625001 0.6144555 1 0.6125 1 0.6125 0.7625 0.3625 0.5125 0.3625 0.7375 0.125 0.7375 0.375 0.225 0.375 0.02499997 0.3762236 0.01727455 0.375 0.02499997 0.3753078 0.02108913 0.3762236 0.01727455 0.3762236 0.01727455 0.3777248 0.01365023 0.3762236 0.2327254 0.375 0.225 0.3762236 0.01727455 0.3762236 0.2327254 0.3777248 0.01365023 0.3797746 0.01030534 0.3797746 0.2396946 0.3797746 0.01030534 0.3823223 0.007322311 0.3797746 0.2396946 0.3823223 0.007322311 0.3853054 0.00477457 0.3853054 0.2452254 0.3853054 0.00477457 0.3886502 0.002724826 0.3853054 0.2452254 0.3886502 0.002724826 0.3922746 0.001223564 0.3922746 0.2487764 0.3922746 0.001223564 0.3960891 3.07798e-4 0.3922746 0.2487764 0.3960891 3.07798e-4 0.4 0 0.4 0.25 0.4 0 0.6 0 0.4 0.25 0.6 0 0.6039109 3.07799e-4 0.6039108 0.2496922 0.6039109 3.07799e-4 0.6077255 0.001223564 0.6039108 0.2496922 0.6077255 0.001223564 0.6113497 0.002724885 0.6113498 0.2472751 0.6113497 0.002724885 0.6146945 0.004774689 0.6113498 0.2472751 0.6146945 0.004774689 0.6176775 0.007322371 0.6176776 0.2426776 0.6176775 0.007322371 0.6202253 0.01030534 0.6176776 0.2426776 0.6202253 0.01030534 0.6222751 0.01365017 0.6222751 0.2363498 0.6222751 0.01365017 0.6237764 0.01727455 0.6237764 0.2327253 0.6237764 0.2327253 0.6237764 0.01727455 0.625 0.225 0.6237764 0.01727455 0.6246922 0.02108913 0.625 0.02499997 0.625 0.02499997 0.625 0.225 0.6237764 0.01727455 0.625 0.225 0.6246922 0.2289108 0.6237764 0.2327253 0.6237764 0.2327253 0.6222751 0.2363498 0.6222751 0.01365017 0.6222751 0.2363498 0.6202253 0.2396946 0.6202253 0.01030534 0.6202253 0.2396946 0.6176776 0.2426776 0.6202253 0.01030534 0.6176776 0.2426776 0.6146946 0.2452253 0.6146945 0.004774689 0.6146946 0.2452253 0.6113498 0.2472751 0.6146945 0.004774689 0.6113498 0.2472751 0.6077255 0.2487764 0.6077255 0.001223564 0.6077255 0.2487764 0.6039108 0.2496922 0.6077255 0.001223564 0.6039108 0.2496922 0.6 0.25 0.6 0 0.6 0.25 0.4 0.25 0.6 0 0.4 0.25 0.3960891 0.2496922 0.3960891 3.07798e-4 0.3960891 0.2496922 0.3922746 0.2487764 0.3960891 3.07798e-4 0.3922746 0.2487764 0.3886502 0.2472751 0.3886502 0.002724826 0.3886502 0.2472751 0.3853054 0.2452254 0.3886502 0.002724826 0.3853054 0.2452254 0.3823223 0.2426776 0.3823223 0.007322311 0.3823223 0.2426776 0.3797746 0.2396946 0.3823223 0.007322311 0.3797746 0.2396946 0.3777248 0.2363497 0.3777248 0.01365023 0.3777248 0.2363497 0.3762236 0.2327254 0.3777248 0.01365023 0.375 0.725 0.375 0.525 0.3762236 0.5172746 0.375 0.525 0.3753078 0.5210891 0.3762236 0.5172746 0.3762236 0.5172746 0.3777248 0.5136502 0.3762236 0.7327254 0.375 0.725 0.3762236 0.5172746 0.3762236 0.7327254 0.3777248 0.5136502 0.3797746 0.5103054 0.3797746 0.7396946 0.3797746 0.5103054 0.3823223 0.5073223 0.3797746 0.7396946 0.3823223 0.5073223 0.3853054 0.5047746 0.3853054 0.7452254 0.3853054 0.5047746 0.3886502 0.5027249 0.3853054 0.7452254 0.3886502 0.5027249 0.3922746 0.5012236 0.3922746 0.7487764 0.3922746 0.5012236 0.3960891 0.5003078 0.3922746 0.7487764 0.3960891 0.5003078 0.4 0.5 0.4 0.75 0.4 0.5 0.6 0.5 0.4 0.75 0.6 0.5 0.6039109 0.5003078 0.6039108 0.7496922 0.6039109 0.5003078 0.6077255 0.5012236 0.6039108 0.7496922 0.6077255 0.5012236 0.6113497 0.502725 0.6113498 0.7472753 0.6113497 0.502725 0.6146945 0.5047747 0.6113498 0.7472753 0.6146945 0.5047747 0.6176775 0.5073224 0.6176776 0.7426777 0.6176775 0.5073224 0.6202253 0.5103052 0.6176776 0.7426777 0.6202253 0.5103052 0.6222751 0.5136501 0.6222751 0.7363498 0.6222751 0.5136501 0.6237764 0.5172745 0.6237764 0.7327253 0.6237764 0.7327253 0.6237764 0.5172745 0.625 0.725 0.6237764 0.5172745 0.6246922 0.5210892 0.625 0.525 0.625 0.525 0.625 0.725 0.6237764 0.5172745 0.625 0.725 0.6246922 0.728911 0.6237764 0.7327253 0.6237764 0.7327253 0.6222751 0.7363498 0.6222751 0.5136501 0.6222751 0.7363498 0.6202253 0.7396946 0.6202253 0.5103052 0.6202253 0.7396946 0.6176776 0.7426777 0.6202253 0.5103052 0.6176776 0.7426777 0.6146946 0.7452253 0.6146945 0.5047747 0.6146946 0.7452253 0.6113498 0.7472753 0.6146945 0.5047747 0.6113498 0.7472753 0.6077255 0.7487763 0.6077255 0.5012236 0.6077255 0.7487763 0.6039108 0.7496922 0.6077255 0.5012236 0.6039108 0.7496922 0.6 0.75 0.6 0.5 0.6 0.75 0.4 0.75 0.6 0.5 0.4 0.75 0.3960891 0.7496922 0.3960891 0.5003078 0.3960891 0.7496922 0.3922746 0.7487764 0.3960891 0.5003078 0.3922746 0.7487764 0.3886502 0.7472752 0.3886502 0.5027249 0.3886502 0.7472752 0.3853054 0.7452254 0.3886502 0.5027249 0.3853054 0.7452254 0.3823223 0.7426776 0.3823223 0.5073223 0.3823223 0.7426776 0.3797746 0.7396946 0.3823223 0.5073223 0.3797746 0.7396946 0.3777248 0.7363498 0.3777248 0.5136502 0.3777248 0.7363498 0.3762236 0.7327254 0.3777248 0.5136502 0.6 0.25 0.6 0.5 0.4 0.5 0.6 0.75 0.6 1 0.4 1 0.125 0.525 0.125 0.5210891 0.375 0.5210891 0.125 0.5210891 0.125 0.5172746 0.375 0.5172746 0.125 0.5172746 0.125 0.5136502 0.375 0.5136502 0.125 0.5136502 0.125 0.5103054 0.375 0.5103054 0.125 0.5103054 0.125 0.5 0.375 0.5 0.375 0.25 0.3853054 0.25 0.3853054 0.5 0.3853054 0.25 0.3886502 0.25 0.3886502 0.5 0.3886502 0.25 0.3922746 0.25 0.3922746 0.5 0.3922746 0.25 0.3960891 0.25 0.3960891 0.5 0.3960891 0.25 0.4 0.25 0.4 0.5 0.375 0.725 0.375 0.7289109 0.125 0.7289109 0.375 0.7289109 0.375 0.7327255 0.125 0.7327255 0.375 0.7327255 0.375 0.7363498 0.125 0.7363498 0.375 0.7363498 0.375 0.7396947 0.125 0.7396947 0.375 0.7396947 0.375 0.75 0.125 0.75 0.375 0.75 0.3853054 0.75 0.3853054 1 0.3853054 0.75 0.3886502 0.75 0.3886502 1 0.3886502 0.75 0.3922746 0.75 0.3922746 1 0.3922746 0.75 0.3960891 0.75 0.3960891 1 0.3960891 0.75 0.4 0.75 0.4 1 0.375 0.525 0.375 0.725 0.125 0.725 0.625 0.525 0.625 0.5210891 0.875 0.5210891 0.625 0.5210891 0.625 0.5172746 0.875 0.5172746 0.625 0.5172746 0.625 0.5136502 0.875 0.5136502 0.625 0.5136502 0.625 0.5103054 0.875 0.5103054 0.625 0.5103054 0.625 0.5 0.875 0.5 0.625 0.5 0.6146947 0.5 0.6146946 0.25 0.6146947 0.5 0.6113497 0.5 0.6113497 0.25 0.6113497 0.5 0.6077254 0.5 0.6077255 0.25 0.6077254 0.5 0.6039108 0.5 0.6039109 0.25 0.6039108 0.5 0.6 0.5 0.6 0.25 0.875 0.725 0.875 0.7289109 0.6250001 0.7289109 0.875 0.7289109 0.875 0.7327255 0.625 0.7327255 0.875 0.7327255 0.875 0.7363498 0.6250001 0.7363498 0.875 0.7363498 0.875 0.7396947 0.625 0.7396947 0.875 0.7396947 0.875 0.75 0.625 0.75 0.625 1 0.6146947 1 0.6146946 0.75 0.6146947 1 0.6113497 1 0.6113497 0.75 0.6113497 1 0.6077254 1 0.6077255 0.75 0.6077254 1 0.6039108 1 0.6039109 0.75 0.6039108 1 0.6 1 0.6 0.75 0.875 0.525 0.875 0.725 0.625 0.725</float_array>
          <technique_common>
            <accessor source="#Cylinder_007-mesh-map-0-array" count="3324" stride="2">
              <param name="S" type="float"/>
              <param name="T" type="float"/>
            </accessor>
          </technique_common>
        </source>
        <vertices id="Cylinder_007-mesh-vertices">
          <input semantic="POSITION" source="#Cylinder_007-mesh-positions"/>
        </vertices>
        <triangles count="1108">
          <input semantic="VERTEX" source="#Cylinder_007-mesh-vertices" offset="0"/>
          <input semantic="NORMAL" source="#Cylinder_007-mesh-normals" offset="1"/>
          <input semantic="TEXCOORD" source="#Cylinder_007-mesh-map-0" offset="2" set="0"/>
          <p>1 0 0 2 0 1 0 0 2 3 1 3 4 1 4 2 1 5 5 2 6 6 2 7 4 2 8 7 3 9 8 3 10 6 3 11 9 4 12 10 4 13 8 4 14 11 5 15 12 5 16 10 5 17 13 6 18 14 6 19 12 6 20 15 7 21 16 7 22 14 7 23 17 8 24 18 8 25 16 8 26 19 9 27 20 9 28 18 9 29 21 10 30 22 10 31 20 10 32 23 11 33 24 11 34 22 11 35 25 12 36 26 12 37 24 12 38 27 13 39 28 13 40 26 13 41 29 14 42 30 14 43 28 14 44 31 15 45 32 15 46 30 15 47 33 16 48 34 16 49 32 16 50 35 17 51 36 17 52 34 17 53 37 18 54 38 18 55 36 18 56 39 19 57 40 19 58 38 19 59 41 20 60 42 20 61 40 20 62 43 21 63 44 21 64 42 21 65 45 22 66 46 22 67 44 22 68 47 23 69 48 23 70 46 23 71 49 24 72 50 24 73 48 24 74 51 25 75 52 25 76 50 25 77 53 26 78 54 26 79 52 26 80 55 27 81 56 27 82 54 27 83 57 28 84 58 28 85 56 28 86 59 29 87 60 29 88 58 29 89 53 30 90 37 30 91 21 30 92 61 31 93 62 31 94 60 31 95 63 32 96 0 32 97 62 32 98 14 33 99 30 33 100 46 33 101 200 34 102 65 34 103 110 34 104 382 35 105 109 35 106 292 35 107 97 36 108 199 36 109 381 36 110 96 37 111 87 37 112 86 37 113 98 38 114 291 38 115 86 38 116 111 39 117 116 39 118 108 39 119 112 40 120 117 40 121 111 40 122 113 41 123 118 41 124 112 41 125 114 42 126 119 42 127 113 42 128 114 43 129 121 43 130 120 43 131 117 44 132 122 44 133 116 44 134 118 45 135 123 45 136 117 45 137 118 46 138 125 46 139 124 46 140 119 47 141 126 47 142 125 47 143 120 48 144 127 48 145 126 48 146 122 49 147 129 49 148 128 49 149 123 50 150 130 50 151 129 50 152 124 51 153 131 51 154 130 51 155 125 52 156 132 52 157 131 52 158 126 53 159 133 53 160 132 53 161 128 54 162 135 54 163 134 54 164 129 55 165 136 55 166 135 55 167 130 56 168 137 56 169 136 56 170 131 57 171 138 57 172 137 57 173 132 58 174 139 58 175 138 58 176 134 59 177 180 59 178 174 59 179 135 60 180 186 60 181 180 60 182 136 61 183 192 61 184 186 61 185 137 62 186 198 62 187 192 62 188 138 63 189 140 63 190 198 63 191 141 64 192 146 64 193 109 64 194 142 65 195 147 65 196 141 65 197 143 66 198 148 66 199 142 66 200 144 67 201 149 67 202 143 67 203 145 68 204 150 68 205 144 68 206 147 69 207 152 69 208 146 69 209 148 70 210 153 70 211 147 70 212 149 71 213 154 71 214 148 71 215 150 72 216 155 72 217 149 72 218 151 73 219 156 73 220 150 73 221 153 74 222 158 74 223 152 74 224 154 75 225 159 75 226 153 75 227 155 76 228 160 76 229 154 76 230 156 77 231 161 77 232 155 77 233 157 78 234 162 78 235 156 78 236 159 79 237 164 79 238 158 79 239 160 80 240 165 80 241 159 80 242 161 81 243 166 81 244 160 81 245 162 82 246 167 82 247 161 82 248 163 83 249 168 83 250 162 83 251 165 84 252 115 84 253 164 84 254 166 85 255 121 85 256 165 85 257 167 86 258 127 86 259 166 86 260 168 87 261 133 87 262 167 87 263 169 88 264 139 88 265 168 88 266 170 89 267 175 89 268 110 89 269 171 90 270 176 90 271 170 90 272 171 91 273 178 91 274 177 91 275 172 92 276 179 92 277 178 92 278 173 93 279 180 93 280 179 93 281 176 94 282 181 94 283 175 94 284 177 95 285 182 95 286 176 95 287 177 96 288 184 96 289 183 96 290 178 97 291 185 97 292 184 97 293 179 98 294 186 98 295 185 98 296 182 99 297 187 99 298 181 99 299 182 100 300 189 100 301 188 100 302 183 101 303 190 101 304 189 101 305 184 102 306 191 102 307 190 102 308 185 103 309 192 103 310 191 103 311 188 104 312 193 104 313 187 104 314 188 105 315 195 105 316 194 105 317 189 106 318 196 106 319 195 106 320 190 107 321 197 107 322 196 107 323 191 108 324 198 108 325 197 108 326 193 109 327 151 109 328 145 109 329 194 110 330 157 110 331 151 110 332 195 111 333 163 111 334 157 111 335 196 112 336 169 112 337 163 112 338 197 113 339 140 113 340 169 113 341 202 114 342 207 114 343 199 114 344 203 115 345 208 115 346 202 115 347 203 116 348 210 116 349 209 116 350 204 117 351 211 117 352 210 117 353 205 118 354 212 118 355 211 118 356 208 119 357 213 119 358 207 119 359 209 120 360 214 120 361 208 120 362 209 121 363 216 121 364 215 121 365 210 122 366 217 122 367 216 122 368 211 123 369 218 123 370 217 123 371 214 124 372 219 124 373 213 124 374 214 125 375 221 125 376 220 125 377 215 126 378 222 126 379 221 126 380 216 127 381 223 127 382 222 127 383 217 128 384 224 128 385 223 128 386 220 129 387 225 129 388 219 129 389 220 130 390 227 130 391 226 130 392 221 131 393 228 131 394 227 131 395 222 132 396 229 132 397 228 132 398 223 133 399 230 133 400 229 133 401 225 134 402 271 134 403 265 134 404 226 135 405 277 135 406 271 135 407 227 136 408 283 136 409 277 136 410 228 137 411 289 137 412 283 137 413 229 138 414 231 138 415 289 138 416 232 139 417 237 139 418 200 139 419 233 140 420 238 140 421 232 140 422 234 141 423 239 141 424 233 141 425 235 142 426 240 142 427 234 142 428 235 143 429 242 143 430 241 143 431 238 144 432 243 144 433 237 144 434 239 145 435 244 145 436 238 145 437 239 146 438 246 146 439 245 146 440 240 147 441 247 147 442 246 147 443 241 148 444 248 148 445 247 148 446 243 149 447 250 149 448 249 149 449 244 150 450 251 150 451 250 150 452 245 151 453 252 151 454 251 151 455 246 152 456 253 152 457 252 152 458 247 153 459 254 153 460 253 153 461 249 154 462 256 154 463 255 154 464 250 155 465 257 155 466 256 155 467 251 156 468 258 156 469 257 156 470 252 157 471 259 157 472 258 157 473 253 158 474 260 158 475 259 158 476 255 159 477 212 159 478 206 159 479 256 160 480 218 160 481 212 160 482 257 161 483 224 161 484 218 161 485 258 162 486 230 162 487 224 162 488 259 163 489 231 163 490 230 163 491 261 164 492 266 164 493 201 164 494 262 165 495 267 165 496 261 165 497 263 166 498 268 166 499 262 166 500 264 167 501 269 167 502 263 167 503 265 168 504 270 168 505 264 168 506 267 169 507 272 169 508 266 169 509 268 170 510 273 170 511 267 170 512 269 171 513 274 171 514 268 171 515 270 172 516 275 172 517 269 172 518 271 173 519 276 173 520 270 173 521 273 174 522 278 174 523 272 174 524 274 175 525 279 175 526 273 175 527 275 176 528 280 176 529 274 176 530 276 177 531 281 177 532 275 177 533 277 178 534 282 178 535 276 178 536 279 179 537 284 179 538 278 179 539 280 180 540 285 180 541 279 180 542 281 181 543 286 181 544 280 181 545 282 182 546 287 182 547 281 182 548 283 183 549 288 183 550 282 183 551 285 184 552 236 184 553 284 184 554 286 185 555 242 185 556 285 185 557 287 186 558 248 186 559 286 186 560 288 187 561 254 187 562 287 187 563 289 188 564 260 188 565 288 188 566 293 189 567 298 189 568 290 189 569 294 190 570 299 190 571 293 190 572 294 191 573 301 191 574 300 191 575 295 192 576 302 192 577 301 192 578 296 193 579 303 193 580 302 193 581 299 194 582 304 194 583 298 194 584 300 195 585 305 195 586 299 195 587 300 196 588 307 196 589 306 196 590 301 197 591 308 197 592 307 197 593 302 198 594 309 198 595 308 198 596 305 199 597 310 199 598 304 199 599 305 200 600 312 200 601 311 200 602 306 201 603 313 201 604 312 201 605 307 202 606 314 202 607 313 202 608 308 203 609 315 203 610 314 203 611 311 204 612 316 204 613 310 204 614 311 205 615 318 205 616 317 205 617 312 206 618 319 206 619 318 206 620 313 207 621 320 207 622 319 207 623 314 208 624 321 208 625 320 208 626 316 209 627 362 209 628 356 209 629 317 210 630 368 210 631 362 210 632 318 211 633 374 211 634 368 211 635 319 212 636 380 212 637 374 212 638 320 213 639 322 213 640 380 213 641 323 214 642 328 214 643 291 214 644 324 215 645 329 215 646 323 215 647 325 216 648 330 216 649 324 216 650 326 217 651 331 217 652 325 217 653 326 218 654 333 218 655 332 218 656 329 219 657 334 219 658 328 219 659 330 220 660 335 220 661 329 220 662 330 221 663 337 221 664 336 221 665 331 222 666 338 222 667 337 222 668 332 223 669 339 223 670 338 223 671 334 224 672 341 224 673 340 224 674 335 225 675 342 225 676 341 225 677 336 226 678 343 226 679 342 226 680 337 227 681 344 227 682 343 227 683 338 228 684 345 228 685 344 228 686 340 229 687 347 229 688 346 229 689 341 230 690 348 230 691 347 230 692 342 231 693 349 231 694 348 231 695 343 232 696 350 232 697 349 232 698 344 233 699 351 233 700 350 233 701 346 234 702 303 234 703 297 234 704 347 235 705 309 235 706 303 235 707 348 236 708 315 236 709 309 236 710 349 237 711 321 237 712 315 237 713 350 238 714 322 238 715 321 238 716 352 239 717 357 239 718 292 239 719 353 240 720 358 240 721 352 240 722 354 241 723 359 241 724 353 241 725 355 242 726 360 242 727 354 242 728 356 243 729 361 243 730 355 243 731 358 244 732 363 244 733 357 244 734 359 245 735 364 245 736 358 245 737 360 246 738 365 246 739 359 246 740 361 247 741 366 247 742 360 247 743 362 248 744 367 248 745 361 248 746 364 249 747 369 249 748 363 249 749 365 250 750 370 250 751 364 250 752 366 251 753 371 251 754 365 251 755 367 252 756 372 252 757 366 252 758 368 253 759 373 253 760 367 253 761 370 254 762 375 254 763 369 254 764 371 255 765 376 255 766 370 255 767 372 256 768 377 256 769 371 256 770 373 257 771 378 257 772 372 257 773 374 258 774 379 258 775 373 258 776 376 259 777 327 259 778 375 259 779 377 260 780 333 260 781 376 260 782 378 261 783 339 261 784 377 261 785 379 262 786 345 262 787 378 262 788 380 263 789 351 263 790 379 263 791 384 264 792 389 264 793 381 264 794 385 265 795 390 265 796 384 265 797 386 266 798 391 266 799 385 266 800 387 267 801 392 267 802 386 267 803 387 268 804 394 268 805 393 268 806 390 269 807 395 269 808 389 269 809 391 270 810 396 270 811 390 270 812 391 271 813 398 271 814 397 271 815 392 272 816 399 272 817 398 272 818 393 273 819 400 273 820 399 273 821 395 274 822 402 274 823 401 274 824 396 275 825 403 275 826 402 275 827 397 276 828 404 276 829 403 276 830 398 277 831 405 277 832 404 277 833 399 278 834 406 278 835 405 278 836 401 279 837 408 279 838 407 279 839 402 280 840 409 280 841 408 280 842 403 281 843 410 281 844 409 281 845 404 282 846 411 282 847 410 282 848 405 283 849 412 283 850 411 283 851 407 284 852 453 284 853 447 284 854 408 285 855 459 285 856 453 285 857 409 286 858 465 286 859 459 286 860 410 287 861 471 287 862 465 287 863 411 288 864 413 288 865 471 288 866 414 289 867 419 289 868 382 289 869 415 290 870 420 290 871 414 290 872 416 291 873 421 291 874 415 291 875 417 292 876 422 292 877 416 292 878 418 293 879 423 293 880 417 293 881 420 294 882 425 294 883 419 294 884 421 295 885 426 295 886 420 295 887 422 296 888 427 296 889 421 296 890 423 297 891 428 297 892 422 297 893 424 298 894 429 298 895 423 298 896 426 299 897 431 299 898 425 299 899 427 300 900 432 300 901 426 300 902 428 301 903 433 301 904 427 301 905 429 302 906 434 302 907 428 302 908 430 303 909 435 303 910 429 303 911 432 304 912 437 304 913 431 304 914 433 305 915 438 305 916 432 305 917 434 306 918 439 306 919 433 306 920 435 307 921 440 307 922 434 307 923 436 308 924 441 308 925 435 308 926 438 309 927 388 309 928 437 309 929 439 310 930 394 310 931 438 310 932 440 311 933 400 311 934 439 311 935 441 312 936 406 312 937 440 312 938 442 313 939 412 313 940 441 313 941 443 314 942 448 314 943 383 314 944 444 315 945 449 315 946 443 315 947 444 316 948 451 316 949 450 316 950 445 317 951 452 317 952 451 317 953 446 318 954 453 318 955 452 318 956 449 319 957 454 319 958 448 319 959 450 320 960 455 320 961 449 320 962 450 321 963 457 321 964 456 321 965 451 322 966 458 322 967 457 322 968 452 323 969 459 323 970 458 323 971 455 324 972 460 324 973 454 324 974 455 325 975 462 325 976 461 325 977 456 326 978 463 326 979 462 326 980 457 327 981 464 327 982 463 327 983 458 328 984 465 328 985 464 328 986 461 329 987 466 329 988 460 329 989 461 330 990 468 330 991 467 330 992 462 331 993 469 331 994 468 331 995 463 332 996 470 332 997 469 332 998 464 333 999 471 333 1000 470 333 1001 466 334 1002 424 334 1003 418 334 1004 467 335 1005 430 335 1006 424 335 1007 468 336 1008 436 336 1009 430 336 1010 469 337 1011 442 337 1012 436 337 1013 470 338 1014 413 338 1015 442 338 1016 87 339 1017 293 339 1018 290 339 1019 96 340 1020 294 340 1021 293 340 1022 95 341 1023 295 341 1024 294 341 1025 94 342 1026 296 342 1027 295 342 1028 93 343 1029 297 343 1030 296 343 1031 92 344 1032 346 344 1033 297 344 1034 91 345 1035 340 345 1036 346 345 1037 90 346 1038 334 346 1039 340 346 1040 89 347 1041 328 347 1042 334 347 1043 88 348 1044 291 348 1045 328 348 1046 381 349 1047 99 349 1048 97 349 1049 389 350 1050 100 350 1051 99 350 1052 395 351 1053 101 351 1054 100 351 1055 401 352 1056 102 352 1057 101 352 1058 407 353 1059 103 353 1060 102 353 1061 447 354 1062 104 354 1063 103 354 1064 446 355 1065 105 355 1066 104 355 1067 445 356 1068 106 356 1069 105 356 1070 444 357 1071 107 357 1072 106 357 1073 443 358 1074 98 358 1075 107 358 1076 292 359 1077 414 359 1078 382 359 1079 357 360 1080 415 360 1081 414 360 1082 363 361 1083 416 361 1084 415 361 1085 369 362 1086 417 362 1087 416 362 1088 375 363 1089 418 363 1090 417 363 1091 327 364 1092 466 364 1093 418 364 1094 326 365 1095 460 365 1096 466 365 1097 325 366 1098 454 366 1099 460 366 1100 324 367 1101 448 367 1102 454 367 1103 323 368 1104 383 368 1105 448 368 1106 290 369 1107 111 369 1108 108 369 1109 298 370 1110 112 370 1111 111 370 1112 304 371 1113 113 371 1114 112 371 1115 310 372 1116 114 372 1117 113 372 1118 316 373 1119 115 373 1120 114 373 1121 115 374 1122 355 374 1123 164 374 1124 355 375 1125 158 375 1126 164 375 1127 354 376 1128 152 376 1129 158 376 1130 353 377 1131 146 377 1132 152 377 1133 352 378 1134 109 378 1135 146 378 1136 199 379 1137 384 379 1138 381 379 1139 207 380 1140 385 380 1141 384 380 1142 213 381 1143 386 381 1144 385 381 1145 219 382 1146 387 382 1147 386 382 1148 225 383 1149 388 383 1150 387 383 1151 265 384 1152 437 384 1153 388 384 1154 264 385 1155 431 385 1156 437 385 1157 263 386 1158 425 386 1159 431 386 1160 262 387 1161 419 387 1162 425 387 1163 261 388 1164 382 388 1165 419 388 1166 200 389 1167 175 389 1168 232 389 1169 232 390 1170 181 390 1171 233 390 1172 233 391 1173 187 391 1174 234 391 1175 234 392 1176 193 392 1177 235 392 1178 193 393 1179 236 393 1180 235 393 1181 236 394 1182 144 394 1183 284 394 1184 284 395 1185 143 395 1186 278 395 1187 143 396 1188 272 396 1189 278 396 1190 142 397 1191 266 397 1192 272 397 1193 141 398 1194 201 398 1195 266 398 1196 108 399 1197 66 399 1198 64 399 1199 116 400 1200 67 400 1201 66 400 1202 122 401 1203 68 401 1204 67 401 1205 128 402 1206 69 402 1207 68 402 1208 134 403 1209 70 403 1210 69 403 1211 174 404 1212 71 404 1213 70 404 1214 173 405 1215 72 405 1216 71 405 1217 172 406 1218 73 406 1219 72 406 1220 171 407 1221 74 407 1222 73 407 1223 170 408 1224 65 408 1225 74 408 1226 76 409 1227 202 409 1228 199 409 1229 85 410 1230 203 410 1231 202 410 1232 84 411 1233 204 411 1234 203 411 1235 83 412 1236 205 412 1237 204 412 1238 82 413 1239 206 413 1240 205 413 1241 81 414 1242 255 414 1243 206 414 1244 80 415 1245 249 415 1246 255 415 1247 79 416 1248 243 416 1249 249 416 1250 78 417 1251 237 417 1252 243 417 1253 77 418 1254 200 418 1255 237 418 1256 290 419 1257 64 419 1258 87 419 1259 492 420 1260 493 420 1261 484 420 1262 503 421 1263 504 421 1264 495 421 1265 528 422 1266 506 422 1267 483 422 1268 539 423 1269 473 423 1270 494 423 1271 484 424 1272 507 424 1273 505 424 1274 493 425 1275 508 425 1276 507 425 1277 492 426 1278 509 426 1279 508 426 1280 491 427 1281 510 427 1282 509 427 1283 490 428 1284 511 428 1285 510 428 1286 489 429 1287 512 429 1288 511 429 1289 488 430 1290 513 430 1291 512 430 1292 487 431 1293 514 431 1294 513 431 1295 486 432 1296 515 432 1297 514 432 1298 485 433 1299 506 433 1300 515 433 1301 495 434 1302 474 434 1303 472 434 1304 504 435 1305 475 435 1306 474 435 1307 503 436 1308 476 436 1309 475 436 1310 502 437 1311 477 437 1312 476 437 1313 501 438 1314 478 438 1315 477 438 1316 500 439 1317 479 439 1318 478 439 1319 499 440 1320 480 440 1321 479 440 1322 498 441 1323 481 441 1324 480 441 1325 497 442 1326 482 442 1327 481 442 1328 496 443 1329 473 443 1330 482 443 1331 505 444 1332 472 444 1333 484 444 1334 550 445 1335 529 445 1336 527 445 1337 559 446 1338 530 446 1339 529 446 1340 558 447 1341 531 447 1342 530 447 1343 557 448 1344 532 448 1345 531 448 1346 556 449 1347 533 449 1348 532 449 1349 555 450 1350 534 450 1351 533 450 1352 554 451 1353 535 451 1354 534 451 1355 553 452 1356 536 452 1357 535 452 1358 552 453 1359 537 453 1360 536 453 1361 551 454 1362 528 454 1363 537 454 1364 517 455 1365 540 455 1366 538 455 1367 526 456 1368 541 456 1369 540 456 1370 525 457 1371 542 457 1372 541 457 1373 524 458 1374 543 458 1375 542 458 1376 523 459 1377 544 459 1378 543 459 1379 522 460 1380 545 460 1381 544 460 1382 521 461 1383 546 461 1384 545 461 1385 520 462 1386 547 462 1387 546 462 1388 519 463 1389 548 463 1390 547 463 1391 518 464 1392 539 464 1393 548 464 1394 527 465 1395 538 465 1396 550 465 1397 1 466 1398 3 466 1399 2 466 1400 3 467 1401 5 467 1402 4 467 1403 5 468 1404 7 468 1405 6 468 1406 7 469 1407 9 469 1408 8 469 1409 9 470 1410 11 470 1411 10 470 1412 11 471 1413 13 471 1414 12 471 1415 13 472 1416 15 472 1417 14 472 1418 15 473 1419 17 473 1420 16 473 1421 17 474 1422 19 474 1423 18 474 1424 19 475 1425 21 475 1426 20 475 1427 21 476 1428 23 476 1429 22 476 1430 23 477 1431 25 477 1432 24 477 1433 25 478 1434 27 478 1435 26 478 1436 27 479 1437 29 479 1438 28 479 1439 29 480 1440 31 480 1441 30 480 1442 31 481 1443 33 481 1444 32 481 1445 33 482 1446 35 482 1447 34 482 1448 35 483 1449 37 483 1450 36 483 1451 37 484 1452 39 484 1453 38 484 1454 39 485 1455 41 485 1456 40 485 1457 41 486 1458 43 486 1459 42 486 1460 43 487 1461 45 487 1462 44 487 1463 45 488 1464 47 488 1465 46 488 1466 47 489 1467 49 489 1468 48 489 1469 49 490 1470 51 490 1471 50 490 1472 51 491 1473 53 491 1474 52 491 1475 53 492 1476 55 492 1477 54 492 1478 55 493 1479 57 493 1480 56 493 1481 57 494 1482 59 494 1483 58 494 1484 59 495 1485 61 495 1486 60 495 1487 5 496 1488 3 496 1489 1 496 1490 1 497 1491 63 497 1492 5 497 1493 63 498 1494 61 498 1495 5 498 1496 61 499 1497 59 499 1498 57 499 1499 57 500 1500 55 500 1501 53 500 1502 53 501 1503 51 501 1504 49 501 1505 49 502 1506 47 502 1507 53 502 1508 47 503 1509 45 503 1510 53 503 1511 45 504 1512 43 504 1513 37 504 1514 43 505 1515 41 505 1516 37 505 1517 41 506 1518 39 506 1519 37 506 1520 37 507 1521 35 507 1522 33 507 1523 33 508 1524 31 508 1525 29 508 1526 29 509 1527 27 509 1528 25 509 1529 25 510 1530 23 510 1531 21 510 1532 21 511 1533 19 511 1534 17 511 1535 17 512 1536 15 512 1537 21 512 1538 15 513 1539 13 513 1540 21 513 1541 13 514 1542 11 514 1543 9 514 1544 9 515 1545 7 515 1546 5 515 1547 61 516 1548 57 516 1549 5 516 1550 57 517 1551 53 517 1552 5 517 1553 37 518 1554 33 518 1555 21 518 1556 33 519 1557 29 519 1558 21 519 1559 29 520 1560 25 520 1561 21 520 1562 13 521 1563 9 521 1564 21 521 1565 9 522 1566 5 522 1567 21 522 1568 53 523 1569 45 523 1570 37 523 1571 5 524 1572 53 524 1573 21 524 1574 61 525 1575 63 525 1576 62 525 1577 63 526 1578 1 526 1579 0 526 1580 62 527 1581 0 527 1582 2 527 1583 2 528 1584 4 528 1585 6 528 1586 6 529 1587 8 529 1588 10 529 1589 10 530 1590 12 530 1591 6 530 1592 12 531 1593 14 531 1594 6 531 1595 14 532 1596 16 532 1597 18 532 1598 18 533 1599 20 533 1600 14 533 1601 20 534 1602 22 534 1603 14 534 1604 22 535 1605 24 535 1606 30 535 1607 24 536 1608 26 536 1609 30 536 1610 26 537 1611 28 537 1612 30 537 1613 30 538 1614 32 538 1615 34 538 1616 34 539 1617 36 539 1618 38 539 1619 38 540 1620 40 540 1621 42 540 1622 42 541 1623 44 541 1624 46 541 1625 46 542 1626 48 542 1627 50 542 1628 50 543 1629 52 543 1630 54 543 1631 54 544 1632 56 544 1633 62 544 1634 56 545 1635 58 545 1636 62 545 1637 58 546 1638 60 546 1639 62 546 1640 62 547 1641 2 547 1642 6 547 1643 30 548 1644 34 548 1645 46 548 1646 34 549 1647 38 549 1648 46 549 1649 38 550 1650 42 550 1651 46 550 1652 46 551 1653 50 551 1654 62 551 1655 50 552 1656 54 552 1657 62 552 1658 62 553 1659 6 553 1660 14 553 1661 14 554 1662 22 554 1663 30 554 1664 62 555 1665 14 555 1666 46 555 1667 200 556 1668 75 556 1669 65 556 1670 382 557 1671 201 557 1672 109 557 1673 97 558 1674 76 558 1675 199 558 1676 87 559 1677 64 559 1678 76 559 1679 64 560 1680 66 560 1681 65 560 1682 76 561 1683 64 561 1684 75 561 1685 66 562 1686 67 562 1687 65 562 1688 67 563 1689 68 563 1690 65 563 1691 68 564 1692 69 564 1693 65 564 1694 69 565 1695 70 565 1696 65 565 1697 70 566 1698 71 566 1699 65 566 1700 71 567 1701 72 567 1702 65 567 1703 72 568 1704 73 568 1705 65 568 1706 73 569 1707 74 569 1708 65 569 1709 65 570 1710 75 570 1711 64 570 1712 75 571 1713 77 571 1714 78 571 1715 78 572 1716 79 572 1717 75 572 1718 79 573 1719 80 573 1720 75 573 1721 80 574 1722 81 574 1723 75 574 1724 81 575 1725 82 575 1726 75 575 1727 82 576 1728 83 576 1729 75 576 1730 83 577 1731 84 577 1732 75 577 1733 84 578 1734 85 578 1735 75 578 1736 85 579 1737 76 579 1738 75 579 1739 76 580 1740 97 580 1741 87 580 1742 97 581 1743 99 581 1744 98 581 1745 87 582 1746 97 582 1747 86 582 1748 99 583 1749 100 583 1750 98 583 1751 100 584 1752 101 584 1753 98 584 1754 101 585 1755 102 585 1756 98 585 1757 102 586 1758 103 586 1759 98 586 1760 103 587 1761 104 587 1762 98 587 1763 104 588 1764 105 588 1765 98 588 1766 105 589 1767 106 589 1768 98 589 1769 106 590 1770 107 590 1771 98 590 1772 98 591 1773 86 591 1774 97 591 1775 86 592 1776 88 592 1777 89 592 1778 89 593 1779 90 593 1780 86 593 1781 90 594 1782 91 594 1783 86 594 1784 91 595 1785 92 595 1786 86 595 1787 92 596 1788 93 596 1789 86 596 1790 93 597 1791 94 597 1792 86 597 1793 94 598 1794 95 598 1795 86 598 1796 95 599 1797 96 599 1798 86 599 1799 98 600 1800 383 600 1801 291 600 1802 111 601 1803 117 601 1804 116 601 1805 112 602 1806 118 602 1807 117 602 1808 113 603 1809 119 603 1810 118 603 1811 114 604 1812 120 604 1813 119 604 1814 114 605 1815 115 605 1816 121 605 1817 117 606 1818 123 606 1819 122 606 1820 118 607 1821 124 607 1822 123 607 1823 118 608 1824 119 608 1825 125 608 1826 119 609 1827 120 609 1828 126 609 1829 120 610 1830 121 610 1831 127 610 1832 122 611 1833 123 611 1834 129 611 1835 123 612 1836 124 612 1837 130 612 1838 124 613 1839 125 613 1840 131 613 1841 125 614 1842 126 614 1843 132 614 1844 126 615 1845 127 615 1846 133 615 1847 128 616 1848 129 616 1849 135 616 1850 129 617 1851 130 617 1852 136 617 1853 130 618 1854 131 618 1855 137 618 1856 131 619 1857 132 619 1858 138 619 1859 132 620 1860 133 620 1861 139 620 1862 134 621 1863 135 621 1864 180 621 1865 135 622 1866 136 622 1867 186 622 1868 136 623 1869 137 623 1870 192 623 1871 137 624 1872 138 624 1873 198 624 1874 138 625 1875 139 625 1876 140 625 1877 141 626 1878 147 626 1879 146 626 1880 142 627 1881 148 627 1882 147 627 1883 143 628 1884 149 628 1885 148 628 1886 144 629 1887 150 629 1888 149 629 1889 145 630 1890 151 630 1891 150 630 1892 147 631 1893 153 631 1894 152 631 1895 148 632 1896 154 632 1897 153 632 1898 149 633 1899 155 633 1900 154 633 1901 150 634 1902 156 634 1903 155 634 1904 151 635 1905 157 635 1906 156 635 1907 153 636 1908 159 636 1909 158 636 1910 154 637 1911 160 637 1912 159 637 1913 155 638 1914 161 638 1915 160 638 1916 156 639 1917 162 639 1918 161 639 1919 157 640 1920 163 640 1921 162 640 1922 159 641 1923 165 641 1924 164 641 1925 160 642 1926 166 642 1927 165 642 1928 161 643 1929 167 643 1930 166 643 1931 162 644 1932 168 644 1933 167 644 1934 163 645 1935 169 645 1936 168 645 1937 165 646 1938 121 646 1939 115 646 1940 166 647 1941 127 647 1942 121 647 1943 167 648 1944 133 648 1945 127 648 1946 168 649 1947 139 649 1948 133 649 1949 169 650 1950 140 650 1951 139 650 1952 170 651 1953 176 651 1954 175 651 1955 171 652 1956 177 652 1957 176 652 1958 171 653 1959 172 653 1960 178 653 1961 172 654 1962 173 654 1963 179 654 1964 173 655 1965 174 655 1966 180 655 1967 176 656 1968 182 656 1969 181 656 1970 177 657 1971 183 657 1972 182 657 1973 177 658 1974 178 658 1975 184 658 1976 178 659 1977 179 659 1978 185 659 1979 179 660 1980 180 660 1981 186 660 1982 182 661 1983 188 661 1984 187 661 1985 182 662 1986 183 662 1987 189 662 1988 183 663 1989 184 663 1990 190 663 1991 184 664 1992 185 664 1993 191 664 1994 185 665 1995 186 665 1996 192 665 1997 188 666 1998 194 666 1999 193 666 2000 188 667 2001 189 667 2002 195 667 2003 189 668 2004 190 668 2005 196 668 2006 190 669 2007 191 669 2008 197 669 2009 191 670 2010 192 670 2011 198 670 2012 193 671 2013 194 671 2014 151 671 2015 194 672 2016 195 672 2017 157 672 2018 195 673 2019 196 673 2020 163 673 2021 196 674 2022 197 674 2023 169 674 2024 197 675 2025 198 675 2026 140 675 2027 202 676 2028 208 676 2029 207 676 2030 203 677 2031 209 677 2032 208 677 2033 203 678 2034 204 678 2035 210 678 2036 204 679 2037 205 679 2038 211 679 2039 205 680 2040 206 680 2041 212 680 2042 208 681 2043 214 681 2044 213 681 2045 209 682 2046 215 682 2047 214 682 2048 209 683 2049 210 683 2050 216 683 2051 210 684 2052 211 684 2053 217 684 2054 211 685 2055 212 685 2056 218 685 2057 214 686 2058 220 686 2059 219 686 2060 214 687 2061 215 687 2062 221 687 2063 215 688 2064 216 688 2065 222 688 2066 216 689 2067 217 689 2068 223 689 2069 217 690 2070 218 690 2071 224 690 2072 220 691 2073 226 691 2074 225 691 2075 220 692 2076 221 692 2077 227 692 2078 221 693 2079 222 693 2080 228 693 2081 222 694 2082 223 694 2083 229 694 2084 223 695 2085 224 695 2086 230 695 2087 225 696 2088 226 696 2089 271 696 2090 226 697 2091 227 697 2092 277 697 2093 227 698 2094 228 698 2095 283 698 2096 228 699 2097 229 699 2098 289 699 2099 229 700 2100 230 700 2101 231 700 2102 232 701 2103 238 701 2104 237 701 2105 233 702 2106 239 702 2107 238 702 2108 234 703 2109 240 703 2110 239 703 2111 235 704 2112 241 704 2113 240 704 2114 235 705 2115 236 705 2116 242 705 2117 238 706 2118 244 706 2119 243 706 2120 239 707 2121 245 707 2122 244 707 2123 239 708 2124 240 708 2125 246 708 2126 240 709 2127 241 709 2128 247 709 2129 241 710 2130 242 710 2131 248 710 2132 243 711 2133 244 711 2134 250 711 2135 244 712 2136 245 712 2137 251 712 2138 245 713 2139 246 713 2140 252 713 2141 246 714 2142 247 714 2143 253 714 2144 247 715 2145 248 715 2146 254 715 2147 249 716 2148 250 716 2149 256 716 2150 250 717 2151 251 717 2152 257 717 2153 251 718 2154 252 718 2155 258 718 2156 252 719 2157 253 719 2158 259 719 2159 253 720 2160 254 720 2161 260 720 2162 255 721 2163 256 721 2164 212 721 2165 256 722 2166 257 722 2167 218 722 2168 257 723 2169 258 723 2170 224 723 2171 258 724 2172 259 724 2173 230 724 2174 259 725 2175 260 725 2176 231 725 2177 261 726 2178 267 726 2179 266 726 2180 262 727 2181 268 727 2182 267 727 2183 263 728 2184 269 728 2185 268 728 2186 264 729 2187 270 729 2188 269 729 2189 265 730 2190 271 730 2191 270 730 2192 267 731 2193 273 731 2194 272 731 2195 268 732 2196 274 732 2197 273 732 2198 269 733 2199 275 733 2200 274 733 2201 270 734 2202 276 734 2203 275 734 2204 271 735 2205 277 735 2206 276 735 2207 273 736 2208 279 736 2209 278 736 2210 274 737 2211 280 737 2212 279 737 2213 275 738 2214 281 738 2215 280 738 2216 276 739 2217 282 739 2218 281 739 2219 277 740 2220 283 740 2221 282 740 2222 279 741 2223 285 741 2224 284 741 2225 280 742 2226 286 742 2227 285 742 2228 281 743 2229 287 743 2230 286 743 2231 282 744 2232 288 744 2233 287 744 2234 283 745 2235 289 745 2236 288 745 2237 285 746 2238 242 746 2239 236 746 2240 286 747 2241 248 747 2242 242 747 2243 287 748 2244 254 748 2245 248 748 2246 288 749 2247 260 749 2248 254 749 2249 289 750 2250 231 750 2251 260 750 2252 293 751 2253 299 751 2254 298 751 2255 294 752 2256 300 752 2257 299 752 2258 294 753 2259 295 753 2260 301 753 2261 295 754 2262 296 754 2263 302 754 2264 296 755 2265 297 755 2266 303 755 2267 299 756 2268 305 756 2269 304 756 2270 300 757 2271 306 757 2272 305 757 2273 300 758 2274 301 758 2275 307 758 2276 301 759 2277 302 759 2278 308 759 2279 302 760 2280 303 760 2281 309 760 2282 305 761 2283 311 761 2284 310 761 2285 305 762 2286 306 762 2287 312 762 2288 306 763 2289 307 763 2290 313 763 2291 307 764 2292 308 764 2293 314 764 2294 308 765 2295 309 765 2296 315 765 2297 311 766 2298 317 766 2299 316 766 2300 311 767 2301 312 767 2302 318 767 2303 312 768 2304 313 768 2305 319 768 2306 313 769 2307 314 769 2308 320 769 2309 314 770 2310 315 770 2311 321 770 2312 316 771 2313 317 771 2314 362 771 2315 317 772 2316 318 772 2317 368 772 2318 318 773 2319 319 773 2320 374 773 2321 319 774 2322 320 774 2323 380 774 2324 320 775 2325 321 775 2326 322 775 2327 323 776 2328 329 776 2329 328 776 2330 324 777 2331 330 777 2332 329 777 2333 325 778 2334 331 778 2335 330 778 2336 326 779 2337 332 779 2338 331 779 2339 326 780 2340 327 780 2341 333 780 2342 329 781 2343 335 781 2344 334 781 2345 330 782 2346 336 782 2347 335 782 2348 330 783 2349 331 783 2350 337 783 2351 331 784 2352 332 784 2353 338 784 2354 332 785 2355 333 785 2356 339 785 2357 334 786 2358 335 786 2359 341 786 2360 335 787 2361 336 787 2362 342 787 2363 336 788 2364 337 788 2365 343 788 2366 337 789 2367 338 789 2368 344 789 2369 338 790 2370 339 790 2371 345 790 2372 340 791 2373 341 791 2374 347 791 2375 341 792 2376 342 792 2377 348 792 2378 342 793 2379 343 793 2380 349 793 2381 343 794 2382 344 794 2383 350 794 2384 344 795 2385 345 795 2386 351 795 2387 346 796 2388 347 796 2389 303 796 2390 347 797 2391 348 797 2392 309 797 2393 348 798 2394 349 798 2395 315 798 2396 349 799 2397 350 799 2398 321 799 2399 350 800 2400 351 800 2401 322 800 2402 352 801 2403 358 801 2404 357 801 2405 353 802 2406 359 802 2407 358 802 2408 354 803 2409 360 803 2410 359 803 2411 355 804 2412 361 804 2413 360 804 2414 356 805 2415 362 805 2416 361 805 2417 358 806 2418 364 806 2419 363 806 2420 359 807 2421 365 807 2422 364 807 2423 360 808 2424 366 808 2425 365 808 2426 361 809 2427 367 809 2428 366 809 2429 362 810 2430 368 810 2431 367 810 2432 364 811 2433 370 811 2434 369 811 2435 365 812 2436 371 812 2437 370 812 2438 366 813 2439 372 813 2440 371 813 2441 367 814 2442 373 814 2443 372 814 2444 368 815 2445 374 815 2446 373 815 2447 370 816 2448 376 816 2449 375 816 2450 371 817 2451 377 817 2452 376 817 2453 372 818 2454 378 818 2455 377 818 2456 373 819 2457 379 819 2458 378 819 2459 374 820 2460 380 820 2461 379 820 2462 376 821 2463 333 821 2464 327 821 2465 377 822 2466 339 822 2467 333 822 2468 378 823 2469 345 823 2470 339 823 2471 379 824 2472 351 824 2473 345 824 2474 380 825 2475 322 825 2476 351 825 2477 384 826 2478 390 826 2479 389 826 2480 385 827 2481 391 827 2482 390 827 2483 386 828 2484 392 828 2485 391 828 2486 387 829 2487 393 829 2488 392 829 2489 387 830 2490 388 830 2491 394 830 2492 390 831 2493 396 831 2494 395 831 2495 391 832 2496 397 832 2497 396 832 2498 391 833 2499 392 833 2500 398 833 2501 392 834 2502 393 834 2503 399 834 2504 393 835 2505 394 835 2506 400 835 2507 395 836 2508 396 836 2509 402 836 2510 396 837 2511 397 837 2512 403 837 2513 397 838 2514 398 838 2515 404 838 2516 398 839 2517 399 839 2518 405 839 2519 399 840 2520 400 840 2521 406 840 2522 401 841 2523 402 841 2524 408 841 2525 402 842 2526 403 842 2527 409 842 2528 403 843 2529 404 843 2530 410 843 2531 404 844 2532 405 844 2533 411 844 2534 405 845 2535 406 845 2536 412 845 2537 407 846 2538 408 846 2539 453 846 2540 408 847 2541 409 847 2542 459 847 2543 409 848 2544 410 848 2545 465 848 2546 410 849 2547 411 849 2548 471 849 2549 411 850 2550 412 850 2551 413 850 2552 414 851 2553 420 851 2554 419 851 2555 415 852 2556 421 852 2557 420 852 2558 416 853 2559 422 853 2560 421 853 2561 417 854 2562 423 854 2563 422 854 2564 418 855 2565 424 855 2566 423 855 2567 420 856 2568 426 856 2569 425 856 2570 421 857 2571 427 857 2572 426 857 2573 422 858 2574 428 858 2575 427 858 2576 423 859 2577 429 859 2578 428 859 2579 424 860 2580 430 860 2581 429 860 2582 426 861 2583 432 861 2584 431 861 2585 427 862 2586 433 862 2587 432 862 2588 428 863 2589 434 863 2590 433 863 2591 429 864 2592 435 864 2593 434 864 2594 430 865 2595 436 865 2596 435 865 2597 432 866 2598 438 866 2599 437 866 2600 433 867 2601 439 867 2602 438 867 2603 434 868 2604 440 868 2605 439 868 2606 435 869 2607 441 869 2608 440 869 2609 436 870 2610 442 870 2611 441 870 2612 438 871 2613 394 871 2614 388 871 2615 439 872 2616 400 872 2617 394 872 2618 440 873 2619 406 873 2620 400 873 2621 441 874 2622 412 874 2623 406 874 2624 442 875 2625 413 875 2626 412 875 2627 443 876 2628 449 876 2629 448 876 2630 444 877 2631 450 877 2632 449 877 2633 444 878 2634 445 878 2635 451 878 2636 445 879 2637 446 879 2638 452 879 2639 446 880 2640 447 880 2641 453 880 2642 449 881 2643 455 881 2644 454 881 2645 450 882 2646 456 882 2647 455 882 2648 450 883 2649 451 883 2650 457 883 2651 451 884 2652 452 884 2653 458 884 2654 452 885 2655 453 885 2656 459 885 2657 455 886 2658 461 886 2659 460 886 2660 455 887 2661 456 887 2662 462 887 2663 456 888 2664 457 888 2665 463 888 2666 457 889 2667 458 889 2668 464 889 2669 458 890 2670 459 890 2671 465 890 2672 461 891 2673 467 891 2674 466 891 2675 461 892 2676 462 892 2677 468 892 2678 462 893 2679 463 893 2680 469 893 2681 463 894 2682 464 894 2683 470 894 2684 464 895 2685 465 895 2686 471 895 2687 466 896 2688 467 896 2689 424 896 2690 467 897 2691 468 897 2692 430 897 2693 468 898 2694 469 898 2695 436 898 2696 469 899 2697 470 899 2698 442 899 2699 470 900 2700 471 900 2701 413 900 2702 87 901 2703 96 901 2704 293 901 2705 96 902 2706 95 902 2707 294 902 2708 95 903 2709 94 903 2710 295 903 2711 94 904 2712 93 904 2713 296 904 2714 93 905 2715 92 905 2716 297 905 2717 92 906 2718 91 906 2719 346 906 2720 91 907 2721 90 907 2722 340 907 2723 90 908 2724 89 908 2725 334 908 2726 89 909 2727 88 909 2728 328 909 2729 88 910 2730 86 910 2731 291 910 2732 381 911 2733 389 911 2734 99 911 2735 389 912 2736 395 912 2737 100 912 2738 395 913 2739 401 913 2740 101 913 2741 401 914 2742 407 914 2743 102 914 2744 407 915 2745 447 915 2746 103 915 2747 447 916 2748 446 916 2749 104 916 2750 446 917 2751 445 917 2752 105 917 2753 445 918 2754 444 918 2755 106 918 2756 444 919 2757 443 919 2758 107 919 2759 443 920 2760 383 920 2761 98 920 2762 292 921 2763 357 921 2764 414 921 2765 357 922 2766 363 922 2767 415 922 2768 363 923 2769 369 923 2770 416 923 2771 369 924 2772 375 924 2773 417 924 2774 375 925 2775 327 925 2776 418 925 2777 327 926 2778 326 926 2779 466 926 2780 326 927 2781 325 927 2782 460 927 2783 325 928 2784 324 928 2785 454 928 2786 324 929 2787 323 929 2788 448 929 2789 323 930 2790 291 930 2791 383 930 2792 290 931 2793 298 931 2794 111 931 2795 298 932 2796 304 932 2797 112 932 2798 304 933 2799 310 933 2800 113 933 2801 310 934 2802 316 934 2803 114 934 2804 316 935 2805 356 935 2806 115 935 2807 115 936 2808 356 936 2809 355 936 2810 355 937 2811 354 937 2812 158 937 2813 354 938 2814 353 938 2815 152 938 2816 353 939 2817 352 939 2818 146 939 2819 352 940 2820 292 940 2821 109 940 2822 199 941 2823 207 941 2824 384 941 2825 207 942 2826 213 942 2827 385 942 2828 213 943 2829 219 943 2830 386 943 2831 219 944 2832 225 944 2833 387 944 2834 225 945 2835 265 945 2836 388 945 2837 265 946 2838 264 946 2839 437 946 2840 264 947 2841 263 947 2842 431 947 2843 263 948 2844 262 948 2845 425 948 2846 262 949 2847 261 949 2848 419 949 2849 261 950 2850 201 950 2851 382 950 2852 200 951 2853 110 951 2854 175 951 2855 232 952 2856 175 952 2857 181 952 2858 233 953 2859 181 953 2860 187 953 2861 234 954 2862 187 954 2863 193 954 2864 193 955 2865 145 955 2866 236 955 2867 236 956 2868 145 956 2869 144 956 2870 284 957 2871 144 957 2872 143 957 2873 143 958 2874 142 958 2875 272 958 2876 142 959 2877 141 959 2878 266 959 2879 141 960 2880 109 960 2881 201 960 2882 108 961 2883 116 961 2884 66 961 2885 116 962 2886 122 962 2887 67 962 2888 122 963 2889 128 963 2890 68 963 2891 128 964 2892 134 964 2893 69 964 2894 134 965 2895 174 965 2896 70 965 2897 174 966 2898 173 966 2899 71 966 2900 173 967 2901 172 967 2902 72 967 2903 172 968 2904 171 968 2905 73 968 2906 171 969 2907 170 969 2908 74 969 2909 170 970 2910 110 970 2911 65 970 2912 76 971 2913 85 971 2914 202 971 2915 85 972 2916 84 972 2917 203 972 2918 84 973 2919 83 973 2920 204 973 2921 83 974 2922 82 974 2923 205 974 2924 82 975 2925 81 975 2926 206 975 2927 81 976 2928 80 976 2929 255 976 2930 80 977 2931 79 977 2932 249 977 2933 79 978 2934 78 978 2935 243 978 2936 78 979 2937 77 979 2938 237 979 2939 77 980 2940 75 980 2941 200 980 2942 290 981 2943 108 981 2944 64 981 2945 484 982 2946 472 982 2947 475 982 2948 472 983 2949 474 983 2950 475 983 2951 475 984 2952 476 984 2953 492 984 2954 484 985 2955 475 985 2956 492 985 2957 476 986 2958 477 986 2959 490 986 2960 477 987 2961 478 987 2962 490 987 2963 478 988 2964 479 988 2965 488 988 2966 479 989 2967 480 989 2968 488 989 2969 480 990 2970 481 990 2971 486 990 2972 481 991 2973 482 991 2974 486 991 2975 482 992 2976 473 992 2977 483 992 2978 473 993 2979 516 993 2980 483 993 2981 516 994 2982 518 994 2983 537 994 2984 518 995 2985 519 995 2986 537 995 2987 519 996 2988 520 996 2989 535 996 2990 520 997 2991 521 997 2992 535 997 2993 521 998 2994 522 998 2995 533 998 2996 522 999 2997 523 999 2998 533 999 2999 523 1000 3000 524 1000 3001 531 1000 3002 524 1001 3003 525 1001 3004 530 1001 3005 530 1002 3006 525 1002 3007 527 1002 3008 525 1003 3009 526 1003 3010 517 1003 3011 517 1004 3012 527 1004 3013 525 1004 3014 527 1005 3015 529 1005 3016 530 1005 3017 530 1006 3018 531 1006 3019 524 1006 3020 531 1007 3021 532 1007 3022 523 1007 3023 532 1008 3024 533 1008 3025 523 1008 3026 533 1009 3027 534 1009 3028 521 1009 3029 534 1010 3030 535 1010 3031 521 1010 3032 535 1011 3033 536 1011 3034 519 1011 3035 536 1012 3036 537 1012 3037 519 1012 3038 537 1013 3039 528 1013 3040 516 1013 3041 528 1014 3042 483 1014 3043 516 1014 3044 483 1015 3045 485 1015 3046 482 1015 3047 485 1016 3048 486 1016 3049 482 1016 3050 486 1017 3051 487 1017 3052 480 1017 3053 487 1018 3054 488 1018 3055 480 1018 3056 488 1019 3057 489 1019 3058 478 1019 3059 489 1020 3060 490 1020 3061 478 1020 3062 490 1021 3063 491 1021 3064 476 1021 3065 491 1022 3066 492 1022 3067 476 1022 3068 495 1023 3069 505 1023 3070 508 1023 3071 505 1024 3072 507 1024 3073 508 1024 3074 508 1025 3075 509 1025 3076 503 1025 3077 495 1026 3078 508 1026 3079 503 1026 3080 509 1027 3081 510 1027 3082 501 1027 3083 510 1028 3084 511 1028 3085 501 1028 3086 511 1029 3087 512 1029 3088 499 1029 3089 512 1030 3090 513 1030 3091 499 1030 3092 513 1031 3093 514 1031 3094 497 1031 3095 514 1032 3096 515 1032 3097 497 1032 3098 515 1033 3099 506 1033 3100 494 1033 3101 506 1034 3102 549 1034 3103 494 1034 3104 549 1035 3105 551 1035 3106 548 1035 3107 551 1036 3108 552 1036 3109 548 1036 3110 552 1037 3111 553 1037 3112 546 1037 3113 553 1038 3114 554 1038 3115 546 1038 3116 554 1039 3117 555 1039 3118 544 1039 3119 555 1040 3120 556 1040 3121 544 1040 3122 556 1041 3123 557 1041 3124 542 1041 3125 557 1042 3126 558 1042 3127 541 1042 3128 541 1043 3129 558 1043 3130 538 1043 3131 558 1044 3132 559 1044 3133 550 1044 3134 550 1045 3135 538 1045 3136 558 1045 3137 538 1046 3138 540 1046 3139 541 1046 3140 541 1047 3141 542 1047 3142 557 1047 3143 542 1048 3144 543 1048 3145 556 1048 3146 543 1049 3147 544 1049 3148 556 1049 3149 544 1050 3150 545 1050 3151 554 1050 3152 545 1051 3153 546 1051 3154 554 1051 3155 546 1052 3156 547 1052 3157 552 1052 3158 547 1053 3159 548 1053 3160 552 1053 3161 548 1054 3162 539 1054 3163 549 1054 3164 539 1055 3165 494 1055 3166 549 1055 3167 494 1056 3168 496 1056 3169 515 1056 3170 496 1057 3171 497 1057 3172 515 1057 3173 497 1058 3174 498 1058 3175 513 1058 3176 498 1059 3177 499 1059 3178 513 1059 3179 499 1060 3180 500 1060 3181 511 1060 3182 500 1061 3183 501 1061 3184 511 1061 3185 501 1062 3186 502 1062 3187 509 1062 3188 502 1063 3189 503 1063 3190 509 1063 3191 528 1064 3192 549 1064 3193 506 1064 3194 539 1065 3195 516 1065 3196 473 1065 3197 484 1066 3198 493 1066 3199 507 1066 3200 493 1067 3201 492 1067 3202 508 1067 3203 492 1068 3204 491 1068 3205 509 1068 3206 491 1069 3207 490 1069 3208 510 1069 3209 490 1070 3210 489 1070 3211 511 1070 3212 489 1071 3213 488 1071 3214 512 1071 3215 488 1072 3216 487 1072 3217 513 1072 3218 487 1073 3219 486 1073 3220 514 1073 3221 486 1074 3222 485 1074 3223 515 1074 3224 485 1075 3225 483 1075 3226 506 1075 3227 495 1076 3228 504 1076 3229 474 1076 3230 504 1077 3231 503 1077 3232 475 1077 3233 503 1078 3234 502 1078 3235 476 1078 3236 502 1079 3237 501 1079 3238 477 1079 3239 501 1080 3240 500 1080 3241 478 1080 3242 500 1081 3243 499 1081 3244 479 1081 3245 499 1082 3246 498 1082 3247 480 1082 3248 498 1083 3249 497 1083 3250 481 1083 3251 497 1084 3252 496 1084 3253 482 1084 3254 496 1085 3255 494 1085 3256 473 1085 3257 505 1086 3258 495 1086 3259 472 1086 3260 550 1087 3261 559 1087 3262 529 1087 3263 559 1088 3264 558 1088 3265 530 1088 3266 558 1089 3267 557 1089 3268 531 1089 3269 557 1090 3270 556 1090 3271 532 1090 3272 556 1091 3273 555 1091 3274 533 1091 3275 555 1092 3276 554 1092 3277 534 1092 3278 554 1093 3279 553 1093 3280 535 1093 3281 553 1094 3282 552 1094 3283 536 1094 3284 552 1095 3285 551 1095 3286 537 1095 3287 551 1096 3288 549 1096 3289 528 1096 3290 517 1097 3291 526 1097 3292 540 1097 3293 526 1098 3294 525 1098 3295 541 1098 3296 525 1099 3297 524 1099 3298 542 1099 3299 524 1100 3300 523 1100 3301 543 1100 3302 523 1101 3303 522 1101 3304 544 1101 3305 522 1102 3306 521 1102 3307 545 1102 3308 521 1103 3309 520 1103 3310 546 1103 3311 520 1104 3312 519 1104 3313 547 1104 3314 519 1105 3315 518 1105 3316 548 1105 3317 518 1106 3318 516 1106 3319 539 1106 3320 527 1107 3321 517 1107 3322 538 1107 3323</p>
        </triangles>
      </mesh>
    </geometry>
  </library_geometries>
  <library_visual_scenes>
    <visual_scene id="Scene" name="Scene">
      <node id="Cylinder_007" name="Cylinder.007" type="NODE">
        <matrix sid="transform">0.0025 0 0 0 0 0.0025 5.78684e-7 0 0 -5.67337e-8 0.0255 0 0 0 0 1</matrix>
        <instance_geometry url="#Cylinder_007-mesh" name="Cylinder.007"/>
      </node>
    </visual_scene>
  </library_visual_scenes>
  <scene>
    <instance_visual_scene url="#Scene"/>
  </scene>
</COLLADA>