<?xml version="1.0" encoding="utf-8"?>
<COLLADA xmlns="http://www.collada.org/2005/11/COLLADASchema" version="1.4.1" xmlns:xsi="http://www.w3.org/2001/XMLSchema-instance">
  <asset>
    <contributor>
      <author>Blender User</author>
      <authoring_tool>Blender 2.83.20 commit date:2022-04-19, commit time:16:00, hash:a56e2faeb7a9</authoring_tool>
    </contributor>
    <created>2026-06-29T14:39:04</created>
    <modified>2026-06-29T14:39:04</modified>
    <unit name="meter" meter="1"/>
    <up_axis>Z_UP</up_axis>
  </asset>
  <library_effects/>
  <library_images/>
  <library_geometries>
    <geometry id="Cylinder_007-mesh" name="Cylinder.007">
      <mesh>
        <source id="Cylinder_007-mesh-positions">
          <float_array id="Cylinder_007-mesh-positions-array" count="1680">0 1 -1 0 1 1 0.1950903 0.9807853 -1 0.1950903 0.9807853 1 0.3826835 0.9238795 -1 0.3826835 0.9238795 1 0.5555703 0.8314696 -1 0.5555703 0.8314696 1 0.7071068 0.7071068 -1 0.7071068 0.7071068 1 0.8314697 0.5555702 -1 0.8314697 0.5555702 1 0.9238795 0.3826834 -1 0.9238795 0.3826834 1 0.9807853 0.1950903 -1 0.9807853 0.1950903 1 1 0 -1 1 0 1 0.9807853 -0.1950902 -1 0.9807853 -0.1950902 1 0.9238796 -0.3826833 -1 0.9238796 -0.3826833 1 0.8314697 -0.5555702 -1 0.8314697 -0.5555702 1 0.7071068 -0.7071068 -1 0.7071068 -0.7071068 1 0.5555702 -0.8314697 -1 0.5555702 -0.8314697 1 0.3826833 -0.9238796 -1 0.3826833 -0.9238796 1 0.1950901 -0.9807853 -1 0.1950901 -0.9807853 1 -3.25841e-7 -1 -1 -3.25841e-7 -1 1 -0.1950907 -0.9807852 -1 -0.1950907 -0.9807852 1 -0.3826839 -0.9238793 -1 -0.3826839 -0.9238793 1 -0.5555707 -0.8314693 -1 -0.5555707 -0.8314693 1 -0.7071073 -0.7071064 -1 -0.7071073 -0.7071064 1 -0.83147 -0.5555697 -1 -0.83147 -0.5555697 1 -0.9238799 -0.3826827 -1 -0.9238799 -0.3826827 1 -0.9807854 -0.1950894 -1 -0.9807854 -0.1950894 1 -1 9.65599e-7 -1 -1 9.65599e-7 1 -0.9807851 0.1950913 -1 -0.9807851 0.1950913 1 -0.9238791 0.3826845 -1 -0.9238791 0.3826845 1 -0.8314689 0.5555713 -1 -0.8314689 0.5555713 1 -0.7071059 0.7071077 -1 -0.7071059 0.7071077 1 -0.5555691 0.8314704 -1 -0.5555691 0.8314704 1 -0.3826821 0.9238801 -1 -0.3826821 0.9238801 1 -0.1950888 0.9807856 -1 -0.1950888 0.9807856 1 -0.6000038 0.3391991 0.7058824 -0.5400038 0.3391991 0.7843137 -0.599265 0.3391991 0.7181518 -0.5970672 0.3391991 0.730119 -0.5934641 0.3391991 0.7414895 -0.5885448 0.3391991 0.7519832 -0.5824302 0.3391991 0.7613418 -0.5752709 0.3391991 0.7693347 -0.5672432 0.3391991 0.7757652 -0.5585448 0.3391991 0.780475 -0.5493898 0.3391991 0.7833481 0.5399963 0.3391991 0.7843137 0.5999963 0.3391991 0.7058824 0.5493823 0.3391991 0.7833481 0.5585373 0.3391991 0.780475 0.5672357 0.3391991 0.7757652 0.5752634 0.3391991 0.7693347 0.5824227 0.3391991 0.7613418 0.5885373 0.3391991 0.7519832 0.5934566 0.3391991 0.7414895 0.5970597 0.3391991 0.730119 0.5992575 0.3391991 0.7181518 -0.5400038 0.3391991 -0.7843137 -0.6000038 0.3391991 -0.7058824 -0.5493898 0.3391991 -0.7833481 -0.5585448 0.3391991 -0.780475 -0.5672432 0.3391991 -0.7757652 -0.5752709 0.3391991 -0.7693347 -0.5824302 0.3391991 -0.7613418 -0.5885448 0.3391991 -0.7519832 -0.5934641 0.3391991 -0.7414895 -0.5970672 0.3391991 -0.730119 -0.599265 0.3391991 -0.7181518 0.5999963 0.3391991 -0.7058824 0.5399963 0.3391991 -0.7843137 0.5992575 0.3391991 -0.7181518 0.5970597 0.3391991 -0.730119 0.5934566 0.3391991 -0.7414895 0.5885373 0.3391991 -0.7519832 0.5824227 0.3391991 -0.7613418 0.5752634 0.3391991 -0.7693347 0.5672357 0.3391991 -0.7757652 0.5585373 0.3391991 -0.780475 0.5493823 0.3391991 -0.7833481 -0.5999966 -94.6608 0.7058828 -0.5399963 -99.6608 0.7058829 -0.5399966 -94.6608 0.7843142 -0.5992578 -95.44301 0.7058828 -0.5970602 -96.20581 0.7058828 -0.5934565 -96.93082 0.7058828 -0.5885377 -97.5997 0.7058828 -0.5824228 -98.19634 0.7058828 -0.5992579 -94.6608 0.7181527 -0.598431 -95.46706 0.7184081 -0.5960602 -96.25063 0.7184823 -0.5923682 -96.96526 0.7184542 -0.5875971 -97.59835 0.7183912 -0.5819068 -98.14943 0.7183501 -0.5970603 -94.6608 0.7301183 -0.5960658 -95.47316 0.7307265 -0.5935888 -96.25504 0.7307496 -0.5899801 -96.94324 0.7303894 -0.5855529 -97.52938 0.7299744 -0.5804288 -98.02718 0.7297489 -0.5934566 -94.6608 0.7414909 -0.5923511 -95.469 0.7420365 -0.5899567 -96.23062 0.7416607 -0.5866985 -96.8817 0.7406809 -0.5828533 -97.41771 0.7396886 -0.5784165 -97.86164 0.7391729 -0.5885379 -94.6608 0.7519831 -0.5875539 -95.46188 0.752023 -0.5855122 -96.20064 0.750917 -0.5828404 -96.8174 0.7491322 -0.579812 -97.30579 0.7473704 -0.5763304 -97.68854 0.7463797 -0.5746374 -97.54755 0.7511652 -0.5399963 -99.59925 0.7181528 -0.5399963 -99.41611 0.7301183 -0.5399963 -99.1158 0.741491 -0.5399963 -98.7059 0.7519832 -0.5399964 -98.19634 0.7613422 -0.5493828 -99.59925 0.7058829 -0.5495781 -99.53034 0.7185299 -0.5496349 -99.33277 0.7308212 -0.5496134 -99.02512 0.7420312 -0.5495653 -98.62754 0.751962 -0.5495339 -98.15334 0.7606064 -0.5585364 -99.41611 0.7058829 -0.5590018 -99.33324 0.7186257 -0.5590194 -99.12683 0.7308905 -0.5587438 -98.8261 0.7416858 -0.5584264 -98.45719 0.75088 -0.558254 -98.03017 0.7586887 -0.5672365 -99.1158 0.7058829 -0.5676538 -99.02368 0.7185604 -0.5673664 -98.82415 0.7305075 -0.5666169 -98.55265 0.7407204 -0.5658578 -98.23221 0.7491284 -0.5654633 -97.86248 0.7560919 -0.5752631 -98.7059 0.7058829 -0.5752936 -98.62391 0.7184487 -0.5744475 -98.45378 0.730037 -0.5730821 -98.23113 0.7397118 -0.5717344 -97.97876 0.7473728 -0.5709766 -97.68863 0.7533767 -0.5493831 -94.6608 0.7833485 -0.5585368 -94.6608 0.7804758 -0.5672369 -94.6608 0.7757651 -0.5752634 -94.6608 0.7693355 -0.582423 -94.6608 0.7613422 -0.5399966 -95.44301 0.7833485 -0.5496716 -95.45929 0.7822676 -0.5590744 -95.46402 0.7791686 -0.56765 -95.46224 0.7743425 -0.5752472 -95.45821 0.768106 -0.5818601 -95.45559 0.7606677 -0.5399965 -96.20581 0.7804758 -0.5497449 -96.24459 0.7791759 -0.5591273 -96.24607 0.775938 -0.5673857 -96.2231 0.7712208 -0.5744193 -96.19664 0.7654339 -0.580393 -96.18227 0.7587357 -0.5399965 -96.93082 0.7757651 -0.5496948 -96.9656 0.7743201 -0.5588343 -96.94164 0.7711902 -0.5666472 -96.87918 0.7669312 -0.5730793 -96.81592 0.7619049 -0.5784064 -96.78305 0.7561053 -0.5399964 -97.5997 0.7693355 -0.5496093 -97.60224 0.7680492 -0.5584744 -97.53173 0.7653805 -0.5658757 -97.41795 0.7618879 -0.5717363 -97.30564 0.7579293 -0.5763292 -97.24248 0.7533782 0.6000034 -94.6608 0.7058828 0.5400034 -94.6608 0.7843142 0.5400038 -99.6608 0.7058829 0.5992647 -94.6608 0.7181527 0.5970671 -94.6608 0.7301183 0.5934634 -94.6608 0.7414909 0.5885447 -94.6608 0.7519831 0.5824298 -94.6608 0.7613422 0.5992648 -95.44301 0.7058828 0.5984379 -95.45929 0.7185299 0.5960671 -95.46402 0.7308211 0.5923752 -95.46224 0.7420311 0.5876042 -95.45821 0.751962 0.5819139 -95.45559 0.7606064 0.5970672 -96.20581 0.7058828 0.5960728 -96.24459 0.7186257 0.5935958 -96.24607 0.7308904 0.5899872 -96.2231 0.7416857 0.5855601 -96.19664 0.75088 0.580436 -96.18227 0.7586887 0.5934636 -96.93082 0.7058828 0.5923582 -96.9656 0.7185603 0.5899637 -96.94164 0.7305074 0.5867056 -96.87918 0.7407203 0.5828605 -96.81592 0.7491284 0.5784237 -96.78305 0.7560919 0.588545 -97.5997 0.7058828 0.587561 -97.60224 0.7184486 0.5855194 -97.53173 0.730037 0.5828475 -97.41795 0.7397118 0.5798192 -97.30564 0.7473728 0.5763376 -97.24248 0.7533767 0.5746447 -97.54755 0.7511652 0.5400035 -95.44301 0.7833485 0.5400035 -96.20581 0.7804758 0.5400036 -96.93082 0.7757651 0.5400037 -97.5997 0.7693355 0.5400037 -98.19634 0.7613422 0.5493899 -94.6608 0.7833485 0.5495854 -95.46706 0.7822676 0.5496422 -96.25063 0.7791686 0.5496208 -96.96526 0.7743425 0.5495726 -97.59835 0.768106 0.5495411 -98.14943 0.7606677 0.5585436 -94.6608 0.7804758 0.559009 -95.47316 0.7791759 0.5590267 -96.25504 0.775938 0.5587511 -96.94324 0.7712208 0.5584338 -97.52938 0.7654339 0.5582613 -98.02718 0.7587357 0.5672436 -94.6608 0.7757651 0.5676611 -95.469 0.7743201 0.5673736 -96.23062 0.7711902 0.5666242 -96.8817 0.7669312 0.565865 -97.41771 0.7619049 0.5654706 -97.86164 0.7561053 0.5752702 -94.6608 0.7693355 0.5753008 -95.46188 0.7680492 0.5744547 -96.20064 0.7653805 0.5730894 -96.8174 0.7618879 0.5717417 -97.30579 0.7579293 0.5709838 -97.68854 0.7533782 0.5493903 -99.59925 0.7058829 0.5585439 -99.41611 0.7058829 0.567244 -99.1158 0.7058829 0.5752705 -98.7059 0.7058829 0.5824301 -98.19634 0.7058828 0.5400038 -99.59925 0.7181528 0.5496788 -99.53034 0.7184081 0.5590816 -99.33277 0.7184824 0.5676572 -99.02512 0.7184543 0.5752543 -98.62754 0.7183912 0.5818672 -98.15334 0.7183501 0.5400038 -99.41611 0.7301183 0.5497521 -99.33324 0.7307266 0.5591346 -99.12683 0.7307497 0.567393 -98.8261 0.7303894 0.5744265 -98.45719 0.7299745 0.5804002 -98.03017 0.7297489 0.5400038 -99.1158 0.741491 0.5497021 -99.02368 0.7420365 0.5588416 -98.82415 0.7416607 0.5666545 -98.55265 0.740681 0.5730866 -98.23221 0.7396886 0.5784136 -97.86248 0.7391729 0.5400037 -98.7059 0.7519832 0.5496166 -98.62391 0.7520231 0.5584817 -98.45378 0.7509171 0.5658829 -98.23113 0.7491322 0.5717435 -97.97876 0.7473704 0.5763365 -97.68863 0.7463797 -0.5999966 -94.6608 -0.705882 -0.5399966 -94.6608 -0.7843133 -0.5399963 -99.6608 -0.7058819 -0.5992579 -94.6608 -0.7181519 -0.5970603 -94.6608 -0.7301174 -0.5934566 -94.6608 -0.7414901 -0.5885379 -94.6608 -0.7519823 -0.582423 -94.6608 -0.7613413 -0.5992578 -95.44301 -0.705882 -0.598431 -95.45929 -0.7185291 -0.5960602 -95.46402 -0.7308203 -0.5923683 -95.46224 -0.7420303 -0.5875973 -95.45821 -0.7519611 -0.581907 -95.45559 -0.7606055 -0.5970602 -96.20581 -0.705882 -0.5960658 -96.24459 -0.7186248 -0.5935888 -96.24607 -0.7308896 -0.5899801 -96.2231 -0.7416849 -0.5855531 -96.19664 -0.7508791 -0.580429 -96.18227 -0.7586879 -0.5934565 -96.93082 -0.705882 -0.592351 -96.9656 -0.7185595 -0.5899566 -96.94164 -0.7305066 -0.5866985 -96.87918 -0.7407195 -0.5828533 -96.81592 -0.7491275 -0.5784166 -96.78305 -0.7560911 -0.5885377 -97.5997 -0.705882 -0.5875537 -97.60224 -0.7184478 -0.5855121 -97.53173 -0.7300361 -0.5828404 -97.41795 -0.7397109 -0.579812 -97.30564 -0.7473719 -0.5763304 -97.24248 -0.7533758 -0.5746374 -97.54755 -0.7511643 -0.5399966 -95.44301 -0.7833476 -0.5399965 -96.20581 -0.780475 -0.5399965 -96.93082 -0.7757643 -0.5399964 -97.5997 -0.7693346 -0.5399964 -98.19634 -0.7613413 -0.5493831 -94.6608 -0.7833476 -0.5495784 -95.46706 -0.7822668 -0.5496352 -96.25063 -0.7791677 -0.5496136 -96.96526 -0.7743417 -0.5495653 -97.59835 -0.7681052 -0.5495339 -98.14943 -0.7606669 -0.5585368 -94.6608 -0.780475 -0.5590021 -95.47316 -0.7791751 -0.5590196 -96.25504 -0.7759372 -0.558744 -96.94324 -0.77122 -0.5584265 -97.52938 -0.765433 -0.558254 -98.02718 -0.7587348 -0.5672369 -94.6608 -0.7757643 -0.5676541 -95.469 -0.7743193 -0.5673666 -96.23062 -0.7711893 -0.566617 -96.8817 -0.7669304 -0.5658579 -97.41771 -0.7619041 -0.5654633 -97.86164 -0.7561044 -0.5752634 -94.6608 -0.7693346 -0.5752938 -95.46188 -0.7680484 -0.5744477 -96.20064 -0.7653796 -0.5730822 -96.8174 -0.7618871 -0.5717345 -97.30579 -0.7579284 -0.5709766 -97.68854 -0.7533773 -0.5493828 -99.59925 -0.7058819 -0.5585364 -99.41611 -0.7058819 -0.5672365 -99.1158 -0.7058819 -0.5752631 -98.7059 -0.7058819 -0.5824228 -98.19634 -0.705882 -0.5399963 -99.59925 -0.7181518 -0.5496713 -99.53034 -0.7184072 -0.5590741 -99.33277 -0.7184814 -0.5676497 -99.02512 -0.7184533 -0.5752469 -98.62754 -0.7183903 -0.5818599 -98.15334 -0.7183492 -0.5399963 -99.41611 -0.7301174 -0.5497446 -99.33324 -0.7307257 -0.5591271 -99.12683 -0.7307487 -0.5673856 -98.8261 -0.7303885 -0.5744192 -98.45719 -0.7299735 -0.5803929 -98.03017 -0.7297481 -0.5399963 -99.1158 -0.74149 -0.5496946 -99.02368 -0.7420356 -0.5588342 -98.82415 -0.7416598 -0.5666471 -98.55265 -0.74068 -0.5730792 -98.23221 -0.7396878 -0.5784063 -97.86248 -0.7391721 -0.5399963 -98.7059 -0.7519822 -0.5496092 -98.62391 -0.7520221 -0.5584743 -98.45378 -0.7509161 -0.5658755 -98.23113 -0.7491313 -0.5717362 -97.97876 -0.7473696 -0.5763292 -97.68863 -0.7463788 0.6000034 -94.6608 -0.705882 0.5400038 -99.6608 -0.7058819 0.5400034 -94.6608 -0.7843133 0.5992648 -95.44301 -0.705882 0.5970672 -96.20581 -0.705882 0.5934636 -96.93082 -0.705882 0.588545 -97.5997 -0.705882 0.5824301 -98.19634 -0.705882 0.5992647 -94.6608 -0.7181519 0.5984379 -95.46706 -0.7184072 0.5960672 -96.25063 -0.7184815 0.5923753 -96.96526 -0.7184534 0.5876044 -97.59835 -0.7183904 0.5819141 -98.14943 -0.7183492 0.5970671 -94.6608 -0.7301174 0.5960727 -95.47316 -0.7307257 0.5935958 -96.25504 -0.7307488 0.5899872 -96.94324 -0.7303885 0.5855602 -97.52938 -0.7299736 0.5804361 -98.02718 -0.7297481 0.5934634 -94.6608 -0.7414901 0.5923581 -95.469 -0.7420356 0.5899637 -96.23062 -0.7416598 0.5867056 -96.8817 -0.7406801 0.5828605 -97.41771 -0.7396878 0.5784238 -97.86164 -0.7391721 0.5885447 -94.6608 -0.7519823 0.5875608 -95.46188 -0.7520222 0.5855193 -96.20064 -0.7509162 0.5828475 -96.8174 -0.7491313 0.5798192 -97.30579 -0.7473696 0.5763376 -97.68854 -0.7463788 0.5746447 -97.54755 -0.7511643 0.5400038 -99.59925 -0.7181518 0.5400038 -99.41611 -0.7301174 0.5400038 -99.1158 -0.74149 0.5400037 -98.7059 -0.7519822 0.5400037 -98.19634 -0.7613413 0.5493903 -99.59925 -0.7058819 0.5495857 -99.53034 -0.718529 0.5496425 -99.33277 -0.7308202 0.5496209 -99.02512 -0.7420302 0.5495727 -98.62754 -0.7519611 0.5495411 -98.15334 -0.7606055 0.5585439 -99.41611 -0.7058819 0.5590093 -99.33324 -0.7186248 0.5590269 -99.12683 -0.7308895 0.5587512 -98.8261 -0.7416848 0.5584338 -98.45719 -0.7508791 0.5582613 -98.03017 -0.7586879 0.567244 -99.1158 -0.7058819 0.5676614 -99.02368 -0.7185595 0.5673738 -98.82415 -0.7305065 0.5666243 -98.55265 -0.7407194 0.5658652 -98.23221 -0.7491275 0.5654706 -97.86248 -0.7560911 0.5752705 -98.7059 -0.7058819 0.575301 -98.62391 -0.7184478 0.5744549 -98.45378 -0.7300361 0.5730895 -98.23113 -0.7397109 0.5717417 -97.97876 -0.7473719 0.5709838 -97.68863 -0.7533758 0.5493899 -94.6608 -0.7833476 0.5585436 -94.6608 -0.780475 0.5672436 -94.6608 -0.7757643 0.5752702 -94.6608 -0.7693346 0.5824298 -94.6608 -0.7613413 0.5400035 -95.44301 -0.7833476 0.5496785 -95.45929 -0.7822668 0.5590813 -95.46402 -0.7791677 0.5676569 -95.46224 -0.7743417 0.5752541 -95.45821 -0.7681052 0.581867 -95.45559 -0.7606669 0.5400035 -96.20581 -0.780475 0.5497519 -96.24459 -0.7791751 0.5591344 -96.24607 -0.7759372 0.5673928 -96.2231 -0.77122 0.5744264 -96.19664 -0.765433 0.5804001 -96.18227 -0.7587348 0.5400036 -96.93082 -0.7757643 0.5497019 -96.9656 -0.7743193 0.5588415 -96.94164 -0.7711893 0.5666543 -96.87918 -0.7669304 0.5730865 -96.81592 -0.7619041 0.5784136 -96.78305 -0.7561044 0.5400037 -97.5997 -0.7693346 0.5496165 -97.60224 -0.7680484 0.5584816 -97.53173 -0.7653796 0.5658828 -97.41795 -0.7618871 0.5717434 -97.30564 -0.7579284 0.5763364 -97.24248 -0.7533773 -3.999998 -13.2608 0.1568628 -3.999998 -12.4608 0.1960785 -3.999998 -13.25095 0.1629974 -3.999998 -13.22165 0.1689811 -3.999998 -13.1736 0.1746663 -3.999998 -13.10801 0.1799132 -3.999998 -13.02649 0.1845924 -3.999998 -12.93103 0.1885889 -3.999998 -12.82399 0.1918042 -3.999998 -12.70801 0.1941591 -3.999998 -12.58595 0.1955956 -3.999998 -12.4608 -0.1960784 -3.999998 -13.2608 -0.1568627 -3.999998 -12.58595 -0.1955955 -3.999998 -12.70801 -0.194159 -3.999998 -12.82399 -0.1918041 -3.999998 -12.93103 -0.1885888 -3.999998 -13.02649 -0.1845923 -3.999998 -13.10801 -0.1799131 -3.999998 -13.1736 -0.1746662 -3.999998 -13.22165 -0.168981 -3.999998 -13.25095 -0.1629973 1.90735e-6 -12.4608 0.1960785 1.90735e-6 -13.2608 0.1568628 1.90735e-6 -12.58595 0.1955956 1.90735e-6 -12.70801 0.1941591 1.90735e-6 -12.82399 0.1918042 1.90735e-6 -12.93103 0.1885889 1.90735e-6 -13.02649 0.1845924 1.90735e-6 -13.10801 0.1799132 1.90735e-6 -13.1736 0.1746663 1.90735e-6 -13.22165 0.1689811 1.90735e-6 -13.25095 0.1629974 1.90735e-6 -13.2608 -0.1568627 1.90735e-6 -12.4608 -0.1960784 1.90735e-6 -13.25095 -0.1629973 1.90735e-6 -13.22165 -0.168981 1.90735e-6 -13.1736 -0.1746662 1.90735e-6 -13.10801 -0.1799131 1.90735e-6 -13.02649 -0.1845923 1.90735e-6 -12.93103 -0.1885888 1.90735e-6 -12.82399 -0.1918041 1.90735e-6 -12.70801 -0.194159 1.90735e-6 -12.58595 -0.1955955 -3.999998 -6.060801 0.1960784 -3.999998 -5.2608 0.1568627 -3.999998 -5.935653 0.1955956 -3.999998 -5.813587 0.1941591 -3.999998 -5.697608 0.1918042 -3.999998 -5.590572 0.1885889 -3.999998 -5.495115 0.1845924 -3.999998 -5.413587 0.1799131 -3.999998 -5.347995 0.1746663 -3.999998 -5.299955 0.168981 -3.999998 -5.27065 0.1629974 -3.999998 -5.2608 -0.1568627 -3.999998 -6.060801 -0.1960784 -3.999998 -5.27065 -0.1629974 -3.999998 -5.299955 -0.168981 -3.999998 -5.347995 -0.1746662 -3.999998 -5.413587 -0.1799131 -3.999998 -5.495115 -0.1845924 -3.999998 -5.590572 -0.1885888 -3.999998 -5.697608 -0.1918041 -3.999998 -5.813587 -0.194159 -3.999998 -5.935653 -0.1955956 1.90735e-6 -5.2608 0.1568627 1.90735e-6 -6.060801 0.1960784 1.90735e-6 -5.27065 0.1629974 1.90735e-6 -5.299955 0.168981 1.90735e-6 -5.347995 0.1746663 1.90735e-6 -5.413587 0.1799131 1.90735e-6 -5.495115 0.1845924 1.90735e-6 -5.590572 0.1885889 1.90735e-6 -5.697608 0.1918042 1.90735e-6 -5.813587 0.1941591 1.90735e-6 -5.935653 0.1955956 1.90735e-6 -6.060801 -0.1960784 1.90735e-6 -5.2608 -0.1568627 1.90735e-6 -5.935653 -0.1955956 1.90735e-6 -5.813587 -0.194159 1.90735e-6 -5.697608 -0.1918041 1.90735e-6 -5.590572 -0.1885888 1.90735e-6 -5.495115 -0.1845924 1.90735e-6 -5.413587 -0.1799131 1.90735e-6 -5.347995 -0.1746662 1.90735e-6 -5.299955 -0.168981 1.90735e-6 -5.27065 -0.1629974</float_array>
          <technique_common>
            <accessor source="#Cylinder_007-mesh-positions-array" count="560" stride="3">
              <param name="X" type="float"/>
              <param name="Y" type="float"/>
              <param name="Z" type="float"/>
            </accessor>
          </technique_common>
        </source>
        <source id="Cylinder_007-mesh-normals">
          <float_array id="Cylinder_007-mesh-normals-array" count="2763">0.09801727 0.9951847 0 0.2902846 0.9569405 0 0.4713967 0.8819213 0 0.6343935 0.7730103 0 0.7730106 0.6343932 0 0.8819215 0.4713966 0 0.9569404 0.2902848 0 0.9951847 0.09801727 0 0.9951848 -0.09801667 0 0.9569404 -0.2902848 0 0.8819214 -0.4713968 0 0.7730103 -0.6343936 0 0.6343934 -0.7730104 0 0.4713968 -0.8819214 0 0.2902842 -0.9569405 0 0.09801691 -0.9951848 0 -0.09801757 -0.9951848 0 -0.2902852 -0.9569402 0 -0.4713971 -0.8819211 0 -0.6343939 -0.77301 0 -0.7730109 -0.6343929 0 -0.8819217 -0.4713961 0 -0.9569407 -0.2902834 0 -0.9951849 -0.09801602 0 -0.9951847 0.09801787 0 -0.95694 0.2902858 0 -0.8819208 0.4713979 0 -0.7730096 0.6343944 0 -0.6343926 0.7730111 0 -0.4713955 0.881922 0 0 0 1 -0.290283 0.9569408 0 -0.0980165 0.9951848 0 0 0 -1 0 0 1 0 -1 0 1 0 0 0 1 0 0 0 -1 -0.998192 -9.42833e-4 0.06009954 -0.9981721 -0.002875804 0.06036788 -0.9980908 -0.004961073 0.06156563 -0.9977746 -0.007337391 0.06627404 -0.9970476 -0.01030099 0.07609313 -0.9835489 -9.5137e-4 0.1806395 -0.9823277 -0.002954542 0.187146 -0.980654 -0.005244672 0.1956794 -0.9777718 -0.007533669 0.2095368 -0.9726864 -0.01011723 0.2319026 -0.9532868 -0.001100122 0.3020648 -0.9497177 -0.003140151 0.3130922 -0.9452391 -0.005221247 0.3263372 -0.9391098 -0.007372677 0.3435382 -0.9290358 -0.009714663 0.3698625 -0.905443 -0.001091063 0.4244666 -0.9005109 -0.003139555 0.4348223 -0.8948242 -0.005168437 0.4463889 -0.8879508 -0.007164955 0.4598827 -0.8764858 -0.009218811 0.4813396 -0.8371537 -0.001057028 0.5469668 -0.8340796 -0.003150582 0.5516352 -0.8309894 -0.005183458 0.5562641 -0.8276773 -0.007072865 0.56116 -0.8226782 -0.008686006 0.5684411 -0.7884654 -0.1202359 0.6032128 -0.3947172 -0.05990433 0.9168478 -0.2464926 -0.03667724 0.9684504 -0.1820401 -0.02516174 0.9829692 -0.1508521 -0.01815277 0.9883897 -0.9674204 -0.0483548 0.2485148 -0.7918001 -0.03815388 0.6095875 -0.620149 -0.02852237 0.7839653 -0.5020772 -0.02153378 0.8645548 -0.426757 -0.01645505 0.9042167 -0.9882549 -0.02862983 0.1501092 -0.9056815 -0.02522444 0.4232077 -0.7934178 -0.02111029 0.6083114 -0.692269 -0.01738446 0.7214301 -0.6148682 -0.01417082 0.7885027 -0.993883 -0.01946222 0.1087101 -0.9461519 -0.0179907 0.323223 -0.8714131 -0.01603782 0.4902877 -0.7941064 -0.01406204 0.6076162 -0.7280535 -0.01213335 0.685413 -0.9959433 -0.0139935 0.08888924 -0.9636752 -0.01337593 0.2667421 -0.9095541 -0.01247209 0.4153985 -0.849209 -0.01149052 0.5279319 -0.7942042 -0.0104984 0.6075603 -0.1023321 -0.001228094 0.9947496 -0.2994343 -0.001183271 0.9541162 -0.4906016 -0.001089811 0.8713834 -0.6348259 -0.001044213 0.7726545 -0.7475488 -0.001039206 0.6642061 -0.1047849 -0.003745198 0.994488 -0.3113378 -0.003712117 0.9502921 -0.5033947 -0.003535211 0.8640494 -0.6428663 -0.003365993 0.765971 -0.7497582 -0.003234982 0.6617041 -0.1068919 -0.006459951 0.9942497 -0.3388612 -0.006359696 0.9408149 -0.5155642 -0.006065785 0.8568295 -0.6499276 -0.005700349 0.7599748 -0.7514755 -0.005385518 0.659739 -0.1137726 -0.009549677 0.993461 -0.3550336 -0.009255409 0.9348078 -0.5324965 -0.008657991 0.846388 -0.6601787 -0.007975816 0.7510662 -0.7533695 -0.007404088 0.6575559 -0.136247 -0.01327091 0.990586 -0.3804894 -0.01254051 0.9247003 -0.5619716 -0.01135247 0.8270787 -0.6813177 -0.01017493 0.7319171 -0.7545958 -0.009296298 0.6561242 0.9981921 -9.42543e-4 0.06009799 0.9835482 -9.33125e-4 0.1806433 0.9497723 -9.08476e-4 0.3129407 0.9012269 -9.31672e-4 0.4333466 0.835134 -9.99498e-4 0.5500458 0.9980998 -0.002875268 0.0615518 0.9821059 -0.002934813 0.1883069 0.9464964 -0.002962231 0.3227008 0.8975677 -0.003017365 0.4408664 0.8334179 -0.003116905 0.5526346 0.9980151 -0.004960715 0.06277918 0.9784861 -0.005059838 0.2062507 0.9432166 -0.005107998 0.3321393 0.8942385 -0.005131185 0.4475613 0.8320398 -0.005195856 0.5546917 0.9977353 -0.007336616 0.06686258 0.9761525 -0.007393538 0.21696 0.9383951 -0.007343113 0.3454864 0.8892229 -0.007223844 0.457417 0.830549 -0.007154166 0.5568997 0.9967234 -0.01021522 0.08023762 0.9721637 -0.01008588 0.2340855 0.9291886 -0.009757101 0.3694774 0.8781023 -0.009338557 0.478382 0.8295571 -0.00899142 0.5583498 0.102332 -0.001228094 0.9947496 0.1027804 -0.003745853 0.994697 0.1048324 -0.006461441 0.994469 0.1127711 -0.009550869 0.9935751 0.129279 -0.01339071 0.9915179 0.2994416 -0.001206398 0.954114 0.3095409 -0.003738284 0.9508788 0.322686 -0.00661689 0.946483 0.3438392 -0.009456694 0.938981 0.377263 -0.01259076 0.9260206 0.4761279 -0.001326322 0.8793751 0.490795 -0.003765761 0.8712669 0.5080867 -0.006218671 0.8612835 0.5300156 -0.00870192 0.8479433 0.5624196 -0.01130104 0.8267748 0.6251901 -0.001229226 0.7804716 0.6364225 -0.003515183 0.7713328 0.648706 -0.00574553 0.7610175 0.6627095 -0.00789833 0.7488349 0.6842465 -0.01002508 0.7291819 0.7448697 -0.001101195 0.6672092 0.7489188 -0.003271877 0.6626537 0.7528514 -0.005366325 0.6581686 0.7569531 -0.007298767 0.6534286 0.7630382 -0.008918941 0.6462919 0.7884654 -0.1202359 0.6032128 0.9685608 -0.04841148 0.2440215 0.9886895 -0.02864295 0.1472173 0.9939908 -0.01946359 0.1077198 0.9959374 -0.01399284 0.08895528 0.4012 -0.05971801 0.9140418 0.7955541 -0.03809094 0.6046841 0.9071986 -0.02524876 0.4199444 0.9466515 -0.01803785 0.321754 0.9638183 -0.01341754 0.2662225 0.251047 -0.03663045 0.9672816 0.6237305 -0.02843928 0.781122 0.7947304 -0.02109754 0.6065959 0.8718168 -0.01607125 0.4895684 0.9096825 -0.01250648 0.4151162 0.18364 -0.02515304 0.9826717 0.5040566 -0.02146065 0.863404 0.6929606 -0.01734012 0.720767 0.7942292 -0.01406115 0.6074556 0.8492339 -0.01149946 0.5278918 0.1507406 -0.01815414 0.9884067 0.4274789 -0.0163995 0.9038766 0.6151497 -0.01412916 0.7882838 0.7280494 -0.01212251 0.6854175 0.7942001 -0.01049774 0.6075657 -0.998192 -9.42833e-4 -0.06009954 -0.9835485 -9.33185e-4 -0.1806418 -0.9497722 -9.08672e-4 -0.3129408 -0.9012267 -9.31673e-4 -0.433347 -0.8351337 -9.99837e-4 -0.550046 -0.9980997 -0.002875626 -0.06155329 -0.9821069 -0.002934813 -0.1883017 -0.9464981 -0.002962589 -0.3226962 -0.8975726 -0.003017246 -0.4408565 -0.8334208 -0.003116905 -0.5526302 -0.9980152 -0.004960656 -0.06277835 -0.9784845 -0.005059838 -0.2062581 -0.9432151 -0.005108296 -0.3321436 -0.8942371 -0.005131244 -0.4475643 -0.8320437 -0.005196154 -0.554686 -0.9977353 -0.007337093 -0.06686258 -0.9761506 -0.007393717 -0.216969 -0.9383994 -0.007343232 -0.3454744 -0.8892223 -0.007223904 -0.4574185 -0.8305449 -0.007154226 -0.5569058 -0.9967234 -0.0102154 -0.08023774 -0.9721639 -0.0100857 -0.2340844 -0.9291889 -0.009756863 -0.3694764 -0.8781003 -0.009338617 -0.4783855 -0.8295345 -0.008991479 -0.5583832 -0.102332 -0.001228094 -0.9947496 -0.1028037 -0.003745973 -0.9946947 -0.1048279 -0.006461441 -0.9944694 -0.1127594 -0.009550869 -0.9935765 -0.129279 -0.01339071 -0.9915179 -0.299432 -0.001206457 -0.9541169 -0.3095421 -0.003738403 -0.9508785 -0.3227006 -0.006616771 -0.946478 -0.3438361 -0.009456694 -0.9389821 -0.377263 -0.01259076 -0.9260206 -0.4761387 -0.001326441 -0.8793692 -0.4907972 -0.003765761 -0.8712658 -0.5080857 -0.006218969 -0.8612841 -0.530007 -0.00870198 -0.8479487 -0.562416 -0.01130104 -0.8267772 -0.6251892 -0.001229405 -0.7804722 -0.6364262 -0.003515362 -0.7713296 -0.648712 -0.00574553 -0.7610123 -0.6627014 -0.007898628 -0.7488421 -0.6842572 -0.01002538 -0.7291719 -0.744875 -0.001101434 -0.6672032 -0.7489188 -0.003271877 -0.6626537 -0.7528514 -0.005366683 -0.6581686 -0.7569531 -0.007298707 -0.6534286 -0.7630518 -0.008919477 -0.6462759 -0.7884654 -0.1202359 -0.6032128 -0.9685611 -0.04841119 -0.24402 -0.9886894 -0.02864301 -0.1472175 -0.9939884 -0.01946425 -0.1077425 -0.9959374 -0.0139935 -0.0889557 -0.4012129 -0.05971765 -0.9140361 -0.7955541 -0.03809094 -0.6046841 -0.9071999 -0.02524858 -0.4199417 -0.9466576 -0.01803815 -0.3217361 -0.9638189 -0.01341789 -0.2662199 -0.2510562 -0.03663039 -0.9672793 -0.6237305 -0.02843928 -0.781122 -0.7947301 -0.02109777 -0.6065964 -0.8718168 -0.01607102 -0.4895684 -0.9096739 -0.01250666 -0.4151352 -0.1836248 -0.02515345 -0.9826745 -0.5040418 -0.02146106 -0.8634127 -0.6929606 -0.01734036 -0.720767 -0.7942349 -0.01406145 -0.6074481 -0.8492314 -0.01149952 -0.5278956 -0.1507638 -0.01815426 -0.9884032 -0.4274866 -0.01640021 -0.903873 -0.6151655 -0.01412945 -0.7882714 -0.7280337 -0.0121228 -0.6854342 -0.7942001 -0.01049792 -0.6075657 0.9981921 -9.42543e-4 -0.06009799 0.9981719 -0.002875566 -0.06037199 0.9980908 -0.004960715 -0.06156492 0.9977746 -0.007337033 -0.06627404 0.9970476 -0.01030099 -0.07609373 0.9835486 -9.51477e-4 -0.1806417 0.9823282 -0.002954423 -0.1871439 0.980654 -0.005244255 -0.1956794 0.9777697 -0.007533252 -0.2095465 0.9726864 -0.01011729 -0.2319026 0.9532852 -0.001099944 -0.3020698 0.9497208 -0.003140151 -0.3130824 0.9452382 -0.005221068 -0.3263396 0.9391098 -0.007372796 -0.3435382 0.9290358 -0.009714484 -0.3698625 0.9054424 -0.001090943 -0.4244678 0.9005151 -0.003139376 -0.4348137 0.8948242 -0.005168139 -0.4463889 0.8879508 -0.007164955 -0.4598827 0.8764858 -0.009218692 -0.4813396 0.8371529 -0.001056909 -0.5469679 0.8340741 -0.003150343 -0.5516434 0.8309862 -0.005183339 -0.556269 0.8276773 -0.007072806 -0.56116 0.8226849 -0.008685946 -0.5684313 0.7884654 -0.1202359 -0.6032128 0.3947237 -0.05990415 -0.916845 0.2464973 -0.03667736 -0.9684492 0.1820473 -0.02516114 -0.9829678 0.1508734 -0.01815342 -0.9883864 0.9674212 -0.04835385 -0.2485119 0.7918001 -0.0381537 -0.6095875 0.620154 -0.02852201 -0.7839614 0.5021001 -0.02153378 -0.8645414 0.4267419 -0.01645547 -0.9042237 0.9882549 -0.02863007 -0.1501092 0.9056815 -0.02522438 -0.4232077 0.7934178 -0.02111023 -0.6083114 0.692269 -0.01738488 -0.7214301 0.6148682 -0.01417082 -0.7885027 0.993883 -0.01946169 -0.1087101 0.9461507 -0.01799058 -0.3232266 0.87141 -0.01603811 -0.4902935 0.7941035 -0.0140624 -0.60762 0.7280451 -0.012133 -0.685422 0.9959433 -0.01399338 -0.08888924 0.9636752 -0.01337575 -0.2667421 0.9095541 -0.01247191 -0.4153985 0.849209 -0.0114901 -0.5279319 0.7942042 -0.01049822 -0.6075603 0.1023319 -0.001228094 -0.9947496 0.2994339 -0.001183211 -0.9541164 0.4906083 -0.001089632 -0.8713796 0.6348264 -0.001044213 -0.7726541 0.7475491 -0.001039206 -0.6642058 0.1047997 -0.003745138 -0.9944863 0.3113391 -0.003712117 -0.9502916 0.5033918 -0.003535211 -0.8640511 0.6428886 -0.003365755 -0.7659524 0.7497431 -0.003234982 -0.6617212 0.1068751 -0.00646013 -0.9942516 0.3388665 -0.006359636 -0.9408131 0.5155764 -0.006065607 -0.8568222 0.649943 -0.005700528 -0.7599617 0.7514749 -0.005385398 -0.6597398 0.1137535 -0.009549438 -0.9934631 0.3550325 -0.009255468 -0.9348082 0.532509 -0.008657753 -0.8463801 0.6601705 -0.007975757 -0.7510734 0.7533753 -0.007404029 -0.6575492 0.1362496 -0.01327097 -0.9905858 0.3804747 -0.0125404 -0.9247064 0.5619668 -0.01135253 -0.8270818 0.6812945 -0.01017427 -0.7319387 0.7545958 -0.009295761 -0.6561242 -0.9981924 0 -0.06009894 -0.9835494 0 -0.1806401 -0.9532878 0 -0.3020637 -0.9054442 0 -0.4244654 -0.8371544 0 -0.5469667 -0.7448847 0 -0.6671933 -0.6251989 0 -0.7804656 -0.4761338 0 -0.8793728 -0.2994284 0 -0.9541188 -0.1023355 0 -0.99475 0.9981923 0 -0.06010133 0.9835501 0 -0.1806355 0.953285 0 -0.3020725 0.9054449 0 -0.4244638 0.8371537 0 -0.5469678 0.7448813 0 -0.6671971 0.6251928 0 -0.7804704 0.4761418 0 -0.8793686 0.2994198 0 -0.9541215 0.1023401 0 -0.9947495 0 -0.1954778 -0.9807082 0 -0.06519889 -0.9978724 0 -0.03784352 -0.9992837 0 -0.02558773 -0.9996727 0 -0.01836335 -0.9998314 0 -0.01339608 -0.9999103 0 -0.009611785 -0.9999538 0 -0.006497144 -0.9999789 0 -0.003765761 -0.9999929 0 -0.001234531 -0.9999993 -0.9999997 -9.44349e-4 0 -0.9999958 -0.00288105 0 -0.9999877 -0.004970431 0 -0.999973 -0.007353365 0 -0.9999476 -0.01024854 0 -0.9999014 -0.01404923 0 -0.9998084 -0.01957821 0 -0.9995807 -0.02895808 0 -0.9987532 -0.04992032 0 -0.9885722 -0.1507483 0 0.9999996 -9.44349e-4 0 0.9999958 -0.002880752 0 0.9999877 -0.004970312 0 0.9999731 -0.007353246 0 0.9999475 -0.01024854 0 0.9999014 -0.01404911 0 0.9998084 -0.0195778 0 0.9995807 -0.02895808 0 0.9987532 -0.04992032 0 0.9885722 -0.1507483 0 0 -0.001234531 0.9999993 0 -0.003765821 0.9999929 0 -0.006497144 0.9999789 0 -0.009611845 0.9999538 0 -0.01339608 0.9999103 0 -0.01836323 0.9998314 0 -0.02558791 0.9996727 0 -0.03784179 0.9992837 0 -0.06519889 0.9978724 0 -0.1954778 0.9807082 -0.9981923 0 0.06010133 -0.9835501 0 0.1806355 -0.953285 0 0.3020725 -0.9054449 0 0.4244638 -0.8371495 0 0.5469743 -0.744888 0 0.6671897 -0.6251928 0 0.7804704 -0.4761292 0 0.8793753 -0.299435 0 0.9541167 -0.1023569 0 0.9947478 0.9981924 0 0.06009894 0.9835494 0 0.1806401 0.9532865 0 0.3020676 0.9054442 0 0.4244654 0.8371501 0 0.5469734 0.7448847 0 0.6671932 0.6251894 0 0.7804731 0.4761338 0 0.8793728 0.2994284 0 0.9541189 0.1023524 0 0.9947482 -1 0 0 -1 0 0 1 0 0 0 0 -1 0 0 1 0 -0.5286787 -0.8488221 0 -0.2000473 -0.9797863 0 -0.1175228 -0.9930702 0 -0.07973772 -0.996816 0 -0.05730062 -0.998357 0 -0.04183006 -0.9991248 0 -0.03002554 -0.9995492 0 -0.02030014 -0.999794 0 -0.01176762 -0.9999309 0 -0.003858029 -0.9999926 0 -0.5286788 0.8488221 0 -0.2000473 0.9797863 0 -0.1175228 0.9930702 0 -0.07973772 0.996816 0 -0.05730062 0.998357 0 -0.04183006 0.9991248 0 -0.03002554 0.9995492 0 -0.02030014 0.999794 0 -0.01176762 0.9999309 0 -0.003858029 0.9999926 0 0.5286788 -0.8488221 0 0.2000536 -0.979785 0 0.1175228 -0.9930702 0 0.07973772 -0.996816 0 0.05729997 -0.9983571 0 0.04183006 -0.9991248 0 0.03002578 -0.9995492 0 0.02030032 -0.999794 0 0.01176768 -0.9999309 0 0.00385797 -0.9999926 0 0.5286787 0.8488221 0 0.2000536 0.979785 0 0.1175228 0.9930702 0 0.07973772 0.996816 0 0.05729997 0.9983571 0 0.04183006 0.9991248 0 0.03002578 0.9995492 0 0.02030032 0.999794 0 0.01176768 0.9999309 0 0.00385797 0.9999926 0.2902847 0.9569404 0 0.6343932 0.7730106 0 0.7730103 0.6343936 0 0.9951847 -0.09801727 0 0.8819216 -0.4713962 0 0.7730106 -0.6343932 0 0.2902843 -0.9569405 0 -0.2902852 -0.9569402 0 -0.6343936 -0.7730103 0 -0.7730111 -0.6343926 0 -0.9569405 -0.2902839 0 -0.9951848 -0.09801661 0 -0.9951846 0.09801846 0 -0.881921 0.4713975 0 -0.6343923 0.7730113 0 0 0 1 -3.97511e-6 0 1 3.97512e-6 0 1 1.43703e-6 0 1 -7.77715e-7 0 1 -2.87796e-7 0 1 -0.2902831 0.9569409 0 -3.97511e-6 0 -1 3.97512e-6 0 -1 3.88857e-7 0 -1 0 0 -1 0 0 1 1 0 0 0 1 -6.33299e-7 0 1 -7.25942e-6 0 1 1.72679e-5 0 1 -2.56901e-5 0 1 7.03666e-7 0 1 -2.56898e-5 0 1 6.33299e-7 0 1 7.25942e-6 0 1 -1.72679e-5 0 1 2.56898e-5 0 1 -7.03666e-7 0 1 2.56901e-5 0 0 -1 -0.9979525 -0.001003146 0.06395226 -0.9976488 -0.003012061 0.06846791 -0.9973756 -0.005155384 0.07221841 -0.9970952 -0.007521629 0.0757932 -0.9967674 -0.01021587 0.07969033 -0.9821584 -0.001061439 0.188053 -0.9805151 -0.003100633 0.1964192 -0.978712 -0.005064249 0.2051763 -0.9763141 -0.007378935 0.2162324 -0.9722081 -0.01005619 0.2339027 -0.9499655 -9.2907e-4 0.3123537 -0.946786 -0.002990126 0.3218499 -0.9434567 -0.005120635 0.3314566 -0.9385351 -0.007333278 0.3451063 -0.9292268 -0.009732186 0.3693819 -0.9011274 -9.39973e-4 0.4335533 -0.897593 -0.00303936 0.4408146 -0.8943007 -0.005148351 0.447437 -0.889266 -0.007225811 0.4573334 -0.8781274 -0.00933206 0.478336 -0.834791 -9.9803e-4 0.5505661 -0.8332316 -0.003130257 0.5529155 -0.8320237 -0.005209743 0.5547156 -0.8305292 -0.007158756 0.5569292 -0.8295538 -0.008990943 0.5583545 -0.7891803 -0.1130402 0.6036692 -0.4218059 -0.05641782 0.9049293 -0.2758792 -0.03497886 0.9605557 -0.2022548 -0.02442991 0.9790282 -0.1572957 -0.01798945 0.9873877 -0.9631017 -0.04617667 0.2651469 -0.7918628 -0.03628784 0.60962 -0.6264637 -0.02738839 0.7789694 -0.5089527 -0.02100914 0.8605381 -0.4293476 -0.01633888 0.9029915 -0.985501 -0.02750951 0.1674247 -0.9031275 -0.02436339 0.4286807 -0.7933753 -0.02069461 0.608381 -0.6928524 -0.0172736 0.7208725 -0.6144413 -0.01420098 0.7888348 -0.9924565 -0.01893234 0.1211267 -0.9445206 -0.0176419 0.327978 -0.8711893 -0.01597887 0.4906872 -0.7941112 -0.0142039 0.6076065 -0.7266579 -0.01231539 0.6868891 -0.9955394 -0.01385611 0.09332352 -0.9633705 -0.01332628 0.2678429 -0.9099774 -0.01253324 0.4144683 -0.8502539 -0.01166349 0.5262437 -0.7942137 -0.01108491 0.6075374 -0.1088449 -0.001306176 0.9940579 -0.3124244 -0.001336872 0.9499418 -0.476145 -0.001315414 0.8793659 -0.6251984 -0.001216053 0.780465 -0.7448701 -0.001093864 0.6672087 -0.1169027 -0.003898978 0.9931358 -0.3256626 -0.00388354 0.9454781 -0.4910145 -0.003744781 0.8711434 -0.6356023 -0.003506124 0.7720088 -0.7479245 -0.003274857 0.6637758 -0.1238436 -0.006691455 0.9922793 -0.3253082 -0.006591558 0.9455851 -0.5089227 -0.006200969 0.86079 -0.6481309 -0.005741894 0.7615074 -0.7520077 -0.005372524 0.6591324 -0.1300846 -0.009783625 0.9914547 -0.3460521 -0.009447515 0.9381678 -0.5312632 -0.008690714 0.8471623 -0.6627835 -0.007896423 0.7487695 -0.7567374 -0.00730133 0.6536784 -0.1291366 -0.0134086 0.9915362 -0.3787371 -0.01259171 0.9254187 -0.5634244 -0.0112937 0.8260905 -0.6844674 -0.01002299 0.7289746 -0.7630702 -0.008919894 0.646254 0.9979524 -0.001003086 0.06395345 0.9819771 -0.001057088 0.1889976 0.9532843 -0.001090884 0.3020727 0.9054442 -0.001079082 0.424464 0.8371582 -0.001049816 0.5469601 0.9976308 -0.002996265 0.0687316 0.9802767 -0.003080129 0.1976067 0.9496636 -0.003122925 0.313256 0.9008741 -0.00312972 0.4340692 0.8348281 -0.003150522 0.5505018 0.9973295 -0.005144715 0.07285284 0.9803174 -0.005227565 0.1973593 0.9450159 -0.005207955 0.3269828 0.8950945 -0.005162835 0.4458467 0.8316547 -0.005185782 0.5552691 0.9970365 -0.007526457 0.07656258 0.9774523 -0.007530033 0.211022 0.9387387 -0.007367193 0.3445512 0.8879195 -0.007163286 0.4599433 0.8278862 -0.007073819 0.5608517 0.9970535 -0.010315 0.07601451 0.9724462 -0.01012212 0.2329077 0.9287064 -0.009712219 0.3706887 0.8763682 -0.009217739 0.4815537 0.8226992 -0.008686125 0.5684106 0.1088505 -0.001306116 0.9940573 0.1164843 -0.003919661 0.9931849 0.1227886 -0.006705522 0.9924103 0.1287953 -0.009778022 0.9916231 0.135337 -0.01327294 0.9907107 0.3109456 -0.001342594 0.9504268 0.3238406 -0.00391066 0.9461036 0.3372425 -0.006367444 0.9413963 0.3539496 -0.009239673 0.9352189 0.3802045 -0.01250427 0.9248179 0.4898238 -0.001114368 0.8718209 0.5022957 -0.003569483 0.8646886 0.5146902 -0.006082832 0.8573547 0.5320209 -0.008647441 0.846687 0.5618311 -0.01132452 0.8271746 0.6350633 -0.001053154 0.7724594 0.6428287 -0.00339055 0.7660026 0.6497999 -0.005719959 0.7600839 0.6601036 -0.007978379 0.7511321 0.6812883 -0.01016807 0.7319446 0.7479876 -0.00103712 0.663712 0.7499886 -0.003248095 0.6614428 0.7515388 -0.005399346 0.6596668 0.7533836 -0.007408797 0.6575396 0.7546217 -0.009295821 0.6560943 0.7892001 -0.1130432 0.6036427 0.9637163 -0.04596579 0.2629411 0.9857891 -0.02746307 0.1657278 0.9925947 -0.01894778 0.1199875 0.9955881 -0.01387578 0.09279954 0.4249915 -0.05662417 0.9034246 0.7955483 -0.03622877 0.6048062 0.9045143 -0.02432918 0.4257491 0.9448429 -0.01764619 0.3270481 0.9633108 -0.01333433 0.2680568 0.2786561 -0.03502106 0.9597523 0.6296394 -0.02737736 0.7764051 0.7947642 -0.02068173 0.606566 0.8714681 -0.01597511 0.490192 0.9098508 -0.01253056 0.4147463 0.2040865 -0.02440261 0.9786487 0.5101543 -0.0209937 0.8598266 0.6933453 -0.01727199 0.7203985 0.7942056 -0.01420307 0.6074832 0.8501867 -0.01166146 0.5263524 0.1581599 -0.0179618 0.9872502 0.4290506 -0.01633054 0.9031329 0.6141451 -0.01420676 0.7890654 0.7265808 -0.0123192 0.6869707 0.7941977 -0.01108503 0.6075583 -0.9979526 -0.001003086 -0.06395179 -0.981977 -0.001057267 -0.1889975 -0.9532848 -0.001091003 -0.3020713 -0.9054448 -0.00107932 -0.4244627 -0.8371548 -0.001049816 -0.546965 -0.9976308 -0.002996265 -0.06873112 -0.9802762 -0.003080427 -0.197609 -0.9496616 -0.003122806 -0.313262 -0.9008727 -0.003130078 -0.4340722 -0.8348245 -0.003150701 -0.5505074 -0.9973299 -0.005145072 -0.07284641 -0.9803178 -0.005227923 -0.1973566 -0.9450168 -0.005207955 -0.3269804 -0.8950945 -0.005163133 -0.4458467 -0.8316547 -0.005185902 -0.5552691 -0.9970365 -0.007526397 -0.07656198 -0.9774541 -0.007530212 -0.2110141 -0.9387375 -0.007367193 -0.3445545 -0.8879195 -0.007163405 -0.4599433 -0.8278862 -0.007073879 -0.5608517 -0.9970535 -0.01031494 -0.07601451 -0.9724462 -0.01012223 -0.2329077 -0.9287064 -0.009712517 -0.3706887 -0.8763682 -0.009217858 -0.4815537 -0.8227102 -0.00868684 -0.5683947 -0.1088503 -0.001306176 -0.9940573 -0.116483 -0.003919661 -0.9931851 -0.1227712 -0.006705582 -0.9924123 -0.1287963 -0.009778082 -0.9916229 -0.1353395 -0.01327288 -0.9907104 -0.3109451 -0.001342654 -0.950427 -0.3238235 -0.00391072 -0.9461095 -0.3372467 -0.006367504 -0.9413948 -0.3539496 -0.009239673 -0.9352189 -0.3801996 -0.01250433 -0.92482 -0.4898244 -0.001114428 -0.8718205 -0.5022998 -0.003569602 -0.8646862 -0.5146807 -0.006082832 -0.8573605 -0.5320293 -0.008647561 -0.8466819 -0.5618359 -0.01132458 -0.8271713 -0.6350553 -0.001053214 -0.772466 -0.6428227 -0.00339061 -0.7660076 -0.6497991 -0.005720019 -0.7600845 -0.6601036 -0.007978141 -0.7511321 -0.6812883 -0.01016789 -0.7319446 -0.7479881 -0.00103712 -0.6637113 -0.7499827 -0.003248453 -0.6614494 -0.7515388 -0.005399405 -0.6596668 -0.7533895 -0.007408559 -0.6575329 -0.7546217 -0.009295701 -0.6560943 -0.7892028 -0.1130427 -0.6036393 -0.9637163 -0.04596549 -0.2629411 -0.9857891 -0.02746325 -0.1657278 -0.9925945 -0.01894783 -0.1199889 -0.995588 -0.01387596 -0.09280139 -0.4249829 -0.05662435 -0.9034287 -0.7955483 -0.03622919 -0.6048062 -0.9045143 -0.02432942 -0.4257491 -0.9448429 -0.01764631 -0.3270481 -0.9633101 -0.01333463 -0.2680599 -0.2786518 -0.03502136 -0.9597535 -0.6296554 -0.02737861 -0.7763919 -0.7947642 -0.02068185 -0.606566 -0.8714681 -0.01597523 -0.490192 -0.9098535 -0.0125308 -0.4147406 -0.204092 -0.02440226 -0.9786476 -0.51016 -0.0209937 -0.8598234 -0.6933321 -0.01727247 -0.7204111 -0.7942285 -0.01420366 -0.6074534 -0.8501896 -0.01166158 -0.5263473 -0.1581566 -0.01796185 -0.9872508 -0.4290506 -0.01633095 -0.9031329 -0.6141397 -0.01420682 -0.7890696 -0.7265808 -0.01231902 -0.6869707 -0.7941977 -0.01108449 -0.6075583 0.9979525 -0.001003146 -0.06395375 0.9976486 -0.003011941 -0.06847006 0.997375 -0.005155444 -0.07222503 0.9970952 -0.007521629 -0.0757932 0.9967674 -0.01021593 -0.07968991 0.9821591 -0.001061201 -0.1880494 0.9805147 -0.003100395 -0.1964216 0.9787132 -0.005064249 -0.2051706 0.9763159 -0.007378935 -0.2162246 0.9722084 -0.01005613 -0.2339011 0.9499654 -9.28974e-4 -0.312354 0.9467835 -0.002989768 -0.3218572 0.9434577 -0.005120456 -0.3314534 0.9385328 -0.007332861 -0.3451126 0.9292275 -0.009732306 -0.3693798 0.9011297 -9.39859e-4 -0.4335487 0.8975829 -0.003039181 -0.4408353 0.8943012 -0.005148351 -0.447436 0.8892653 -0.007225811 -0.4573347 0.8781274 -0.009331822 -0.478336 0.8347907 -9.98032e-4 -0.5505668 0.8332383 -0.003130257 -0.5529055 0.8320237 -0.005209565 -0.5547156 0.8305251 -0.007158815 -0.5569353 0.8295538 -0.008990705 -0.5583545 0.7891803 -0.1130402 -0.6036692 0.4217942 -0.05641859 -0.9049347 0.2758703 -0.03497898 -0.9605582 0.202238 -0.02442973 -0.9790317 0.1572821 -0.01798957 -0.9873899 0.9631019 -0.04617655 -0.2651461 0.7918628 -0.0362876 -0.60962 0.6264678 -0.02738744 -0.7789661 0.5089641 -0.02100872 -0.8605315 0.429365 -0.01633918 -0.9029834 0.985501 -0.02750951 -0.1674247 0.9031245 -0.02436304 -0.4286873 0.7933753 -0.02069461 -0.608381 0.6928524 -0.0172736 -0.7208725 0.6144423 -0.01420074 -0.7888339 0.9924566 -0.01893186 -0.1211258 0.9445199 -0.01764202 -0.32798 0.8711893 -0.01597911 -0.4906872 0.794116 -0.01420402 -0.6076003 0.7266523 -0.01231586 -0.686895 0.9955393 -0.01385587 -0.09332501 0.9633763 -0.01332622 -0.2678219 0.9099788 -0.01253271 -0.4144654 0.8502507 -0.01166361 -0.5262487 0.7942183 -0.01108485 -0.6075317 0.1088566 -0.001306176 -0.9940566 0.3124099 -0.001336812 -0.9499464 0.4761395 -0.001315414 -0.8793688 0.6251922 -0.001215755 -0.78047 0.744871 -0.001093685 -0.6672077 0.1169111 -0.003898918 -0.9931347 0.3256624 -0.00388354 -0.9454782 0.4910072 -0.003744602 -0.8711475 0.6356003 -0.003506064 -0.7720105 0.7479266 -0.003274559 -0.6637735 0.1238358 -0.006691336 -0.9922803 0.3252938 -0.006591498 -0.9455901 0.5089227 -0.00620073 -0.86079 0.6481145 -0.005741655 -0.7615214 0.7520127 -0.005372405 -0.6591269 0.130084 -0.009783685 -0.9914548 0.3460555 -0.009447455 -0.9381666 0.5312632 -0.008690714 -0.8471623 0.6627835 -0.007896423 -0.7487695 0.7567443 -0.007301151 -0.6536703 0.1291366 -0.01340878 -0.9915362 0.3787478 -0.01259166 -0.9254143 0.5634391 -0.01129347 -0.8260805 0.6844648 -0.01002311 -0.728977 0.7630629 -0.008919894 -0.6462627 -0.9981923 0 -0.06010133 -0.9835501 0 -0.1806355 -0.9532837 0 -0.3020764 -0.9054425 0 -0.4244691 -0.8371537 0 -0.5469678 -0.7448813 0 -0.6671971 -0.6251928 0 -0.7804704 -0.4761418 0 -0.8793686 -0.2994198 0 -0.9541215 -0.1023569 0 -0.9947478 0.9981924 0 -0.06009894 0.9835494 0 -0.1806401 0.9532865 0 -0.3020676 0.9054417 0 -0.4244707 0.8371544 0 -0.5469668 0.7448847 0 -0.6671933 0.6251989 0 -0.7804655 0.4761338 0 -0.8793728 0.2994284 0 -0.9541189 0.1023524 0 -0.9947482 0 -0.06519883 -0.9978724 0 -0.03784179 -0.9992837 0 -0.0255897 -0.9996725 0 -0.01836401 -0.9998314 0 -0.009612262 -0.9999538 0 -0.006497383 -0.9999789 0 -0.003765881 -0.999993 0 -0.001234591 -0.9999993 -0.9999996 -9.44672e-4 0 -0.9999958 -0.00288093 0 -0.9999877 -0.00497055 0 -0.9999731 -0.007353484 0 -0.9999475 -0.01024824 0 -0.9999014 -0.01404929 0 -0.9998084 -0.01957803 0 -0.9995807 -0.02895867 0 -0.9987532 -0.04992079 0 -0.988572 -0.1507497 0 0.9999997 -9.44349e-4 0 0.9999958 -0.00288093 0 0.9999877 -0.004970431 0 0.999973 -0.007353246 0 0.9999476 -0.01024824 0 0.9999014 -0.01404887 0 0.9998084 -0.01957803 0 0.9995807 -0.02895838 0 0.9987532 -0.04992079 0 0.988572 -0.1507497 0 0 -0.001234591 0.9999993 0 -0.003765881 0.9999929 0 -0.006497442 0.9999789 0 -0.009612262 0.9999538 0 -0.01836389 0.9998314 0 -0.02558988 0.9996725 0 -0.03784352 0.9992837 0 -0.06519883 0.9978724 -0.9981925 0 0.06009817 -0.9835488 0 0.1806424 -0.9532865 0 0.3020676 -0.9054442 0 0.4244654 -0.8371544 0 0.5469667 -0.7448781 0 0.6672007 -0.6251989 0 0.7804656 -0.4761464 0 0.8793661 -0.2994131 0 0.9541237 -0.1023187 0 0.9947518 0.9981923 0 0.06010055 0.9835497 0 0.1806379 0.953285 0 0.3020725 0.9054449 0 0.4244638 0.8371537 0 0.5469678 0.7448813 0 0.6671971 0.6252023 0 0.7804628 0.4761418 0 0.8793686 0.2994198 0 0.9541215 0.1023232 0 0.9947513 -1 0 0 -1 -1.33437e-5 0 -1 -6.62195e-6 0 -1 5.35885e-6 0 -1 7.92115e-6 0 -1 1.9409e-5 0 -1 -1.42069e-5 0 -1 6.62195e-6 0 -1 -5.35885e-6 0 -1 -7.9212e-6 0 -1 1.42067e-5 0 1 0 0 1 0 0 1 0 0 1 0 0 1 0 0 0 -0.5286788 -0.8488221 0 -0.2000598 -0.9797838 0 -0.07973772 -0.996816 0 -0.03002607 -0.9995492 0 -0.0203005 -0.999794 0 -0.0117678 -0.9999308 0 -0.00385797 -0.9999926 0 -0.5286787 0.8488221 0 -0.2000598 0.9797838 0 -0.07973772 0.996816 0 -0.03002607 0.9995492 0 -0.0203005 0.999794 0 -0.0117678 0.9999308 0 -0.00385797 0.9999926 0 0.5286787 -0.8488221 0 0.1175251 -0.9930699 0 0.07973772 -0.996816 0 0.05730062 -0.998357 0 0.03002578 -0.9995492 0 0.5286788 0.8488221 0 0.1175251 0.9930699 0 0.07973772 0.996816 0 0.05730062 0.998357 0 0.03002578 0.9995492</float_array>
          <technique_common>
            <accessor source="#Cylinder_007-mesh-normals-array" count="921" stride="3">
              <param name="X" type="float"/>
              <param name="Y" type="float"/>
              <param name="Z" type="float"/>
            </accessor>
          </technique_common>
        </source>
        <source id="Cylinder_007-mesh-map-0">
          <float_array id="Cylinder_007-mesh-map-0-array" count="6648">1 1 0.96875 0.5 1 0.5 0.96875 1 0.9375 0.5 0.96875 0.5 0.9375 1 0.90625 0.5 0.9375 0.5 0.90625 1 0.875 0.5 0.90625 0.5 0.875 1 0.84375 0.5 0.875 0.5 0.84375 1 0.8125 0.5 0.84375 0.5 0.8125 1 0.78125 0.5 0.8125 0.5 0.78125 1 0.75 0.5 0.78125 0.5 0.75 1 0.71875 0.5 0.75 0.5 0.71875 1 0.6875 0.5 0.71875 0.5 0.6875 1 0.65625 0.5 0.6875 0.5 0.65625 1 0.625 0.5 0.65625 0.5 0.625 1 0.59375 0.5 0.625 0.5 0.59375 1 0.5625 0.5 0.59375 0.5 0.5625 1 0.53125 0.5 0.5625 0.5 0.53125 1 0.5 0.5 0.53125 0.5 0.5 1 0.46875 0.5 0.5 0.5 0.46875 1 0.4375 0.5 0.46875 0.5 0.4375 1 0.40625 0.5 0.4375 0.5 0.40625 1 0.375 0.5 0.40625 0.5 0.375 1 0.34375 0.5 0.375 0.5 0.34375 1 0.3125 0.5 0.34375 0.5 0.3125 1 0.28125 0.5 0.3125 0.5 0.28125 1 0.25 0.5 0.28125 0.5 0.25 1 0.21875 0.5 0.25 0.5 0.21875 1 0.1875 0.5 0.21875 0.5 0.1875 1 0.15625 0.5 0.1875 0.5 0.15625 1 0.125 0.5 0.15625 0.5 0.125 1 0.09375 0.5 0.125 0.5 0.09375 1 0.0625 0.5 0.09375 0.5 0.02826899 0.3418443 0.1581559 0.02826893 0.4717311 0.158156 0.0625 1 0.03125 0.5 0.0625 0.5 0.03125 1 0 0.5 0.03125 0.5 0.9853885 0.2968217 0.7968216 0.01461148 0.5146115 0.2031785 0.6125 0.7625 0.3875 1 0.3875 0.7625 0.6125 0.5125 0.3875 0.7375 0.3875 0.5125 0.875 0.5125 0.6375 0.7375 0.6375 0.5125 0.3751539 0.2394554 0.375 0.2375 0.3875 0.25 0.6125 0.25 0.3875 0.4875 0.3875 0.25 0.3644555 0.7375 0.3625 0.7394555 0.3625 0.7375 0.3663625 0.7375 0.3645156 0.7394962 0.3644555 0.7375 0.368175 0.7375 0.3664745 0.739508 0.3663625 0.7375 0.3698472 0.7375 0.3682611 0.7395036 0.368175 0.7375 0.3698472 0.7375 0.375 0.739487 0.3698439 0.7394936 0.3645156 0.7394962 0.3625 0.7413625 0.3625 0.7394555 0.3664745 0.739508 0.3645309 0.7414595 0.3645156 0.7394962 0.3664745 0.739508 0.3682061 0.7414057 0.3664856 0.7414631 0.3682611 0.7395036 0.3696714 0.7413396 0.3682061 0.7414057 0.3698439 0.7394936 0.375 0.7413037 0.3696714 0.7413396 0.3625 0.7413625 0.3645205 0.7432621 0.3625 0.743175 0.3645309 0.7414595 0.3664245 0.7432021 0.3645205 0.7432621 0.3664856 0.7414631 0.3680523 0.743046 0.3664245 0.7432021 0.3682061 0.7414057 0.3693922 0.7428878 0.3680523 0.743046 0.3696714 0.7413396 0.375 0.7428056 0.3693922 0.7428878 0.3625 0.743175 0.3645027 0.7448536 0.3625 0.7448472 0.3645205 0.7432621 0.3663496 0.7446774 0.3645027 0.7448536 0.3664245 0.7432021 0.3678916 0.7443929 0.3663496 0.7446774 0.3680523 0.743046 0.3691124 0.7441121 0.3678916 0.7443929 0.3693922 0.7428878 0.375 0.7439542 0.3691124 0.7441121 0.3625 0.7448472 0.364487 0.75 0.3625 0.75 0.3645027 0.7448536 0.3663036 0.75 0.364487 0.75 0.3663496 0.7446774 0.3678056 0.75 0.3663036 0.75 0.3678916 0.7443929 0.3689542 0.75 0.3678056 0.75 0.3691124 0.7441121 0.376761 0.75 0.3689542 0.75 0.3875 0.7394555 0.3855445 0.7375 0.3875 0.7375 0.3875 0.7413625 0.3855038 0.7395156 0.3875 0.7394555 0.3875 0.743175 0.385492 0.7414746 0.3875 0.7413625 0.3875 0.7448472 0.3854964 0.7432611 0.3875 0.743175 0.3875 0.75 0.3855065 0.7448439 0.3875 0.7448472 0.3855038 0.7395156 0.3836374 0.7375 0.3855445 0.7375 0.385492 0.7414746 0.3835405 0.739531 0.3855038 0.7395156 0.3854964 0.7432611 0.3835368 0.7414856 0.385492 0.7414746 0.3855065 0.7448439 0.3835942 0.743206 0.3854964 0.7432611 0.3855131 0.75 0.3836604 0.7446715 0.3855065 0.7448439 0.3835405 0.739531 0.381825 0.7375 0.3836374 0.7375 0.3835368 0.7414856 0.381738 0.7395206 0.3835405 0.739531 0.3835942 0.743206 0.3817979 0.7414246 0.3835368 0.7414856 0.3836604 0.7446715 0.381954 0.7430523 0.3835942 0.743206 0.3836963 0.75 0.3821122 0.7443923 0.3836604 0.7446715 0.381738 0.7395206 0.3801528 0.7375 0.381825 0.7375 0.3817979 0.7414246 0.3801464 0.7395027 0.381738 0.7395206 0.381954 0.7430523 0.3803227 0.7413496 0.3817979 0.7414246 0.3821122 0.7443923 0.3806071 0.7428914 0.381954 0.7430523 0.3821944 0.75 0.3808879 0.7441124 0.3821122 0.7443923 0.3801464 0.7395027 0.375 0.7375 0.3801528 0.7375 0.3803227 0.7413496 0.375 0.739487 0.3801464 0.7395027 0.3806071 0.7428914 0.375 0.7413037 0.3803227 0.7413496 0.3808879 0.7441124 0.375 0.7428056 0.3806071 0.7428914 0.3810458 0.75 0.375 0.7439542 0.3808879 0.7441124 0.3855445 0.7625001 0.3875 0.7605445 0.3875 0.7625 0.3836375 0.7625 0.3854843 0.7605038 0.3855445 0.7625001 0.3836375 0.7625 0.3817389 0.7604964 0.3835254 0.7604919 0.3818249 0.7625 0.3801562 0.7605065 0.3817389 0.7604964 0.3801528 0.7625001 0.375 0.7605131 0.3801562 0.7605065 0.3854843 0.7605038 0.3875 0.7586375 0.3875 0.7605445 0.3835254 0.7604919 0.3854691 0.7585406 0.3854843 0.7605038 0.3835254 0.7604919 0.3817939 0.7585943 0.3835144 0.7585368 0.3817389 0.7604964 0.3803286 0.7586605 0.3817939 0.7585943 0.3801562 0.7605065 0.375 0.7586963 0.3803286 0.7586605 0.3854691 0.7585406 0.3875 0.756825 0.3875 0.7586375 0.3854691 0.7585406 0.3835754 0.756798 0.3854795 0.7567381 0.3835144 0.7585368 0.3819478 0.7569541 0.3835754 0.756798 0.3817939 0.7585943 0.3806078 0.7571123 0.3819478 0.7569541 0.3803286 0.7586605 0.375 0.7571944 0.3806078 0.7571123 0.3854795 0.7567381 0.3875 0.7551528 0.3875 0.756825 0.3854795 0.7567381 0.3836504 0.7553227 0.3854973 0.7551465 0.3835754 0.756798 0.3821085 0.7556071 0.3836504 0.7553227 0.3819478 0.7569541 0.3808875 0.7558878 0.3821085 0.7556071 0.3806078 0.7571123 0.375 0.7560458 0.3808875 0.7558878 0.3875 0.7551528 0.3855131 0.75 0.3875 0.75 0.3854973 0.7551465 0.3836963 0.75 0.3855131 0.75 0.3836504 0.7553227 0.3821944 0.75 0.3836963 0.75 0.3821085 0.7556071 0.3810458 0.75 0.3821944 0.75 0.3808875 0.7558878 0.376761 0.75 0.3810458 0.75 0.6375001 0.7394555 0.6355445 0.7375 0.6375 0.7375 0.6375001 0.7413625 0.6355038 0.7395156 0.6375001 0.7394555 0.6375001 0.7413625 0.6354964 0.7432611 0.6354919 0.7414746 0.6375001 0.743175 0.6355065 0.7448439 0.6354964 0.7432611 0.6375 0.7448472 0.635513 0.75 0.6355065 0.7448439 0.6355038 0.7395156 0.6336375 0.7375 0.6355445 0.7375 0.6354919 0.7414746 0.6335405 0.739531 0.6355038 0.7395156 0.6354919 0.7414746 0.6335942 0.743206 0.6335369 0.7414856 0.6354964 0.7432611 0.6336605 0.7446715 0.6335942 0.743206 0.6355065 0.7448439 0.6336963 0.75 0.6336605 0.7446715 0.6335405 0.739531 0.631825 0.7375 0.6336375 0.7375 0.6335405 0.739531 0.631798 0.7414246 0.631738 0.7395206 0.6335369 0.7414856 0.6319541 0.7430523 0.631798 0.7414246 0.6335942 0.743206 0.6321123 0.7443923 0.6319541 0.7430523 0.6336605 0.7446715 0.6321944 0.75 0.6321123 0.7443923 0.631738 0.7395206 0.6301528 0.7375 0.631825 0.7375 0.631738 0.7395206 0.6303227 0.7413496 0.6301464 0.7395027 0.631798 0.7414246 0.6306071 0.7428914 0.6303227 0.7413496 0.6319541 0.7430523 0.6308879 0.7441124 0.6306071 0.7428914 0.6321123 0.7443923 0.6310458 0.75 0.6308879 0.7441124 0.6301528 0.7375 0.625 0.739487 0.625 0.7375 0.6301464 0.7395027 0.625 0.7413037 0.625 0.739487 0.6303227 0.7413496 0.625 0.7428056 0.625 0.7413037 0.6306071 0.7428914 0.625 0.7439542 0.625 0.7428056 0.6308879 0.7441124 0.625 0.748239 0.625 0.7439542 0.6125 0.7605444 0.6144556 0.7625001 0.6125 0.7625 0.6125 0.7586374 0.6144962 0.7604844 0.6125 0.7605444 0.6125 0.756825 0.6145081 0.7585254 0.6125 0.7586374 0.6125 0.7551528 0.6145036 0.7567389 0.6125 0.756825 0.6125 0.7551528 0.6144869 0.75 0.6144935 0.7551562 0.6144962 0.7604844 0.6163626 0.7625 0.6144556 0.7625001 0.6145081 0.7585254 0.6164594 0.7604692 0.6144962 0.7604844 0.6145081 0.7585254 0.6164057 0.7567939 0.6164632 0.7585144 0.6145036 0.7567389 0.6163396 0.7553285 0.6164057 0.7567939 0.6144935 0.7551562 0.6163036 0.75 0.6163396 0.7553285 0.6163626 0.7625 0.6182619 0.7604796 0.618175 0.7625 0.6164594 0.7604692 0.6182022 0.7585755 0.6182619 0.7604796 0.6164632 0.7585144 0.618046 0.7569478 0.6182022 0.7585755 0.6164057 0.7567939 0.6178877 0.7556077 0.618046 0.7569478 0.6163396 0.7553285 0.6178056 0.75 0.6178877 0.7556077 0.618175 0.7625 0.6198536 0.7604973 0.6198472 0.7625001 0.6182619 0.7604796 0.6196774 0.7586505 0.6198536 0.7604973 0.6182022 0.7585755 0.6193928 0.7571084 0.6196774 0.7586505 0.618046 0.7569478 0.6191121 0.7558876 0.6193928 0.7571084 0.6178877 0.7556077 0.6189543 0.75 0.6191121 0.7558876 0.6198472 0.7625001 0.625 0.7605131 0.625 0.7625 0.6198536 0.7604973 0.625 0.7586963 0.625 0.7605131 0.6196774 0.7586505 0.625 0.7571944 0.625 0.7586963 0.6193928 0.7571084 0.625 0.7560458 0.625 0.7571944 0.6191121 0.7558876 0.625 0.748239 0.625 0.7560458 0.6144555 0.7375 0.6125 0.7394555 0.6125 0.7375 0.6163625 0.7375 0.6145156 0.7394962 0.6144555 0.7375 0.618175 0.7375 0.6164745 0.739508 0.6163625 0.7375 0.6198472 0.7375 0.6182611 0.7395036 0.618175 0.7375 0.625 0.7375 0.6198439 0.7394936 0.6198472 0.7375 0.6145156 0.7394962 0.6125 0.7413625 0.6125 0.7394555 0.6164745 0.739508 0.6145309 0.7414595 0.6145156 0.7394962 0.6182611 0.7395036 0.6164856 0.7414631 0.6164745 0.739508 0.6198439 0.7394936 0.6182061 0.7414057 0.6182611 0.7395036 0.625 0.739487 0.6196714 0.7413396 0.6198439 0.7394936 0.6145309 0.7414595 0.6125 0.743175 0.6125 0.7413625 0.6164856 0.7414631 0.6145205 0.7432621 0.6145309 0.7414595 0.6182061 0.7414057 0.6164246 0.7432021 0.6164856 0.7414631 0.6196714 0.7413396 0.6180523 0.743046 0.6182061 0.7414057 0.625 0.7413037 0.6193923 0.7428878 0.6196714 0.7413396 0.6145205 0.7432621 0.6125 0.7448472 0.6125 0.743175 0.6164246 0.7432021 0.6145027 0.7448536 0.6145205 0.7432621 0.6180523 0.743046 0.6163496 0.7446774 0.6164246 0.7432021 0.6193923 0.7428878 0.6178915 0.7443929 0.6180523 0.743046 0.625 0.7428056 0.6191125 0.7441121 0.6193923 0.7428878 0.6145027 0.7448536 0.6125 0.75 0.6125 0.7448472 0.6163496 0.7446774 0.6144869 0.75 0.6145027 0.7448536 0.6178915 0.7443929 0.6163036 0.75 0.6163496 0.7446774 0.6191125 0.7441121 0.6178056 0.75 0.6178915 0.7443929 0.625 0.7439542 0.6189543 0.75 0.6191125 0.7441121 0.3625 0.5105444 0.3644555 0.5125 0.3625 0.5125 0.3625 0.5086374 0.3644962 0.5104844 0.3625 0.5105444 0.3625 0.5086374 0.3645036 0.5067389 0.364508 0.5085254 0.3625 0.506825 0.3644935 0.5051561 0.3645036 0.5067389 0.3625 0.5051528 0.364487 0.5 0.3644935 0.5051561 0.3644962 0.5104844 0.3663625 0.5125 0.3644555 0.5125 0.364508 0.5085254 0.3664595 0.5104691 0.3644962 0.5104844 0.364508 0.5085254 0.3664057 0.5067939 0.3664631 0.5085144 0.3645036 0.5067389 0.3663396 0.5053286 0.3664057 0.5067939 0.3644935 0.5051561 0.3663036 0.5 0.3663396 0.5053286 0.3664595 0.5104691 0.368175 0.5125 0.3663625 0.5125 0.3664595 0.5104691 0.3682021 0.5085754 0.368262 0.5104796 0.3664631 0.5085144 0.368046 0.5069478 0.3682021 0.5085754 0.3664057 0.5067939 0.3678878 0.5056077 0.368046 0.5069478 0.3663396 0.5053286 0.3678056 0.5 0.3678878 0.5056077 0.368262 0.5104796 0.3698472 0.5125 0.368175 0.5125 0.368262 0.5104796 0.3696773 0.5086504 0.3698536 0.5104973 0.3682021 0.5085754 0.3693928 0.5071085 0.3696773 0.5086504 0.368046 0.5069478 0.3691121 0.5058875 0.3693928 0.5071085 0.3678878 0.5056077 0.3689542 0.5 0.3691121 0.5058875 0.3698472 0.5125 0.375 0.5105131 0.375 0.5125 0.3698536 0.5104973 0.375 0.5086963 0.375 0.5105131 0.3696773 0.5086504 0.375 0.5071944 0.375 0.5086963 0.3693928 0.5071085 0.375 0.5060458 0.375 0.5071944 0.3691121 0.5058875 0.375 0.5017611 0.375 0.5060458 0.3875 0.4894555 0.3855445 0.4875 0.3875 0.4875 0.3875 0.4913625 0.3855038 0.4895156 0.3875 0.4894555 0.3875 0.4931751 0.385492 0.4914746 0.3875 0.4913625 0.3875 0.4948472 0.3854964 0.4932611 0.3875 0.4931751 0.3875 0.4948472 0.3855131 0.5 0.3855065 0.4948439 0.3855038 0.4895156 0.3836374 0.4875 0.3855445 0.4875 0.385492 0.4914746 0.3835405 0.4895309 0.3855038 0.4895156 0.385492 0.4914746 0.3835942 0.493206 0.3835368 0.4914855 0.3854964 0.4932611 0.3836604 0.4946715 0.3835942 0.493206 0.3855065 0.4948439 0.3836963 0.5 0.3836604 0.4946715 0.3836374 0.4875 0.381738 0.4895205 0.381825 0.4875 0.3835405 0.4895309 0.3817979 0.4914246 0.381738 0.4895205 0.3835368 0.4914855 0.381954 0.4930523 0.3817979 0.4914246 0.3835942 0.493206 0.3821122 0.4943923 0.381954 0.4930523 0.3836604 0.4946715 0.3821944 0.5 0.3821122 0.4943923 0.381825 0.4875 0.3801464 0.4895027 0.3801528 0.4875 0.381738 0.4895205 0.3803227 0.4913496 0.3801464 0.4895027 0.3817979 0.4914246 0.3806071 0.4928914 0.3803227 0.4913496 0.381954 0.4930523 0.3808879 0.4941124 0.3806071 0.4928914 0.3821122 0.4943923 0.3810458 0.5 0.3808879 0.4941124 0.3801528 0.4875 0.375 0.4894869 0.375 0.4875 0.3801464 0.4895027 0.375 0.4913037 0.375 0.4894869 0.3803227 0.4913496 0.375 0.4928056 0.375 0.4913037 0.3806071 0.4928914 0.375 0.4939542 0.375 0.4928056 0.3808879 0.4941124 0.375 0.5017611 0.375 0.4939542 0.3855445 0.5125001 0.3875 0.5105445 0.3875 0.5125 0.3836375 0.5125001 0.3854843 0.5105038 0.3855445 0.5125001 0.3818249 0.5125001 0.3835254 0.510492 0.3836375 0.5125001 0.3801528 0.5125 0.3817389 0.5104964 0.3818249 0.5125001 0.375 0.5125 0.3801562 0.5105065 0.3801528 0.5125 0.3854843 0.5105038 0.3875 0.5086375 0.3875 0.5105445 0.3835254 0.510492 0.3854691 0.5085406 0.3854843 0.5105038 0.3817389 0.5104964 0.3835144 0.5085368 0.3835254 0.510492 0.3801562 0.5105065 0.3817939 0.5085943 0.3817389 0.5104964 0.375 0.5105131 0.3803286 0.5086604 0.3801562 0.5105065 0.3854691 0.5085406 0.3875 0.506825 0.3875 0.5086375 0.3835144 0.5085368 0.3854795 0.506738 0.3854691 0.5085406 0.3817939 0.5085943 0.3835754 0.5067979 0.3835144 0.5085368 0.3803286 0.5086604 0.3819478 0.506954 0.3817939 0.5085943 0.375 0.5086963 0.3806078 0.5071123 0.3803286 0.5086604 0.3854795 0.506738 0.3875 0.5051528 0.3875 0.506825 0.3835754 0.5067979 0.3854973 0.5051464 0.3854795 0.506738 0.3819478 0.506954 0.3836504 0.5053227 0.3835754 0.5067979 0.3806078 0.5071123 0.3821085 0.5056071 0.3819478 0.506954 0.375 0.5071944 0.3808875 0.5058879 0.3806078 0.5071123 0.3854973 0.5051464 0.3875 0.5 0.3875 0.5051528 0.3836504 0.5053227 0.3855131 0.5 0.3854973 0.5051464 0.3821085 0.5056071 0.3836963 0.5 0.3836504 0.5053227 0.3808875 0.5058879 0.3821944 0.5 0.3821085 0.5056071 0.375 0.5060458 0.3810458 0.5 0.3808875 0.5058879 0.6355446 0.5125001 0.6375001 0.5105445 0.6375 0.5125 0.6336376 0.5125001 0.6354844 0.5105038 0.6355446 0.5125001 0.631825 0.5125001 0.6335254 0.510492 0.6336376 0.5125001 0.6301528 0.5125 0.6317389 0.5104964 0.631825 0.5125001 0.6301528 0.5125 0.625 0.5105131 0.6301562 0.5105065 0.6354844 0.5105038 0.6375 0.5086375 0.6375001 0.5105445 0.6335254 0.510492 0.6354691 0.5085406 0.6354844 0.5105038 0.6335254 0.510492 0.6317939 0.5085943 0.6335145 0.5085368 0.6317389 0.5104964 0.6303287 0.5086604 0.6317939 0.5085943 0.6301562 0.5105065 0.625 0.5086963 0.6303287 0.5086604 0.6375 0.5086375 0.6354795 0.506738 0.6375001 0.506825 0.6354691 0.5085406 0.6335754 0.5067979 0.6354795 0.506738 0.6335145 0.5085368 0.6319478 0.506954 0.6335754 0.5067979 0.6317939 0.5085943 0.6306078 0.5071123 0.6319478 0.506954 0.6303287 0.5086604 0.625 0.5071944 0.6306078 0.5071123 0.6375001 0.506825 0.6354973 0.5051464 0.6375 0.5051528 0.6354795 0.506738 0.6336504 0.5053227 0.6354973 0.5051464 0.6335754 0.5067979 0.6321085 0.5056071 0.6336504 0.5053227 0.6319478 0.506954 0.6308875 0.5058879 0.6321085 0.5056071 0.6306078 0.5071123 0.625 0.5060458 0.6308875 0.5058879 0.6375 0.5051528 0.635513 0.5 0.6375 0.5 0.6354973 0.5051464 0.6336963 0.5 0.635513 0.5 0.6336504 0.5053227 0.6321944 0.5 0.6336963 0.5 0.6321085 0.5056071 0.6310458 0.5 0.6321944 0.5 0.6308875 0.5058879 0.623239 0.5 0.6310458 0.5 0.6125 0.5105444 0.6144556 0.5125 0.6125 0.5125 0.6125 0.5086374 0.6144962 0.5104844 0.6125 0.5105444 0.6125 0.506825 0.6145081 0.5085254 0.6125 0.5086374 0.6125 0.5051528 0.6145036 0.5067389 0.6125 0.506825 0.6125 0.5 0.6144935 0.5051561 0.6125 0.5051528 0.6144962 0.5104844 0.6163626 0.5125 0.6144556 0.5125 0.6145081 0.5085254 0.6164594 0.5104691 0.6144962 0.5104844 0.6145036 0.5067389 0.6164632 0.5085144 0.6145081 0.5085254 0.6144935 0.5051561 0.6164057 0.5067939 0.6145036 0.5067389 0.6144869 0.5 0.6163396 0.5053286 0.6144935 0.5051561 0.6164594 0.5104691 0.618175 0.5125 0.6163626 0.5125 0.6164632 0.5085144 0.6182619 0.5104796 0.6164594 0.5104691 0.6164057 0.5067939 0.6182022 0.5085754 0.6164632 0.5085144 0.6163396 0.5053286 0.618046 0.5069478 0.6164057 0.5067939 0.6163036 0.5 0.6178877 0.5056077 0.6163396 0.5053286 0.6182619 0.5104796 0.6198472 0.5125 0.618175 0.5125 0.6182022 0.5085754 0.6198536 0.5104973 0.6182619 0.5104796 0.618046 0.5069478 0.6196774 0.5086504 0.6182022 0.5085754 0.6178877 0.5056077 0.6193928 0.5071085 0.618046 0.5069478 0.6178056 0.5 0.6191121 0.5058875 0.6178877 0.5056077 0.6198536 0.5104973 0.625 0.5125 0.6198472 0.5125 0.6196774 0.5086504 0.625 0.510513 0.6198536 0.5104973 0.6193928 0.5071085 0.625 0.5086963 0.6196774 0.5086504 0.6191121 0.5058875 0.625 0.5071944 0.6193928 0.5071085 0.6189543 0.5 0.625 0.5060458 0.6191121 0.5058875 0.6144555 0.4875 0.6125 0.4894555 0.6125 0.4875 0.6163625 0.4875 0.6145156 0.4894962 0.6144555 0.4875 0.6163625 0.4875 0.6182611 0.4895036 0.6164745 0.489508 0.618175 0.4875 0.6198439 0.4894935 0.6182611 0.4895036 0.6198472 0.4875 0.625 0.4894869 0.6198439 0.4894935 0.6145156 0.4894962 0.6125 0.4913625 0.6125 0.4894555 0.6164745 0.489508 0.6145309 0.4914595 0.6145156 0.4894962 0.6164745 0.489508 0.6182061 0.4914057 0.6164856 0.4914631 0.6182611 0.4895036 0.6196714 0.4913396 0.6182061 0.4914057 0.6198439 0.4894935 0.625 0.4913037 0.6196714 0.4913396 0.6145309 0.4914595 0.6125 0.493175 0.6125 0.4913625 0.6145309 0.4914595 0.6164246 0.4932021 0.6145205 0.493262 0.6164856 0.4914631 0.6180523 0.4930459 0.6164246 0.4932021 0.6182061 0.4914057 0.6193923 0.4928878 0.6180523 0.4930459 0.6196714 0.4913396 0.625 0.4928056 0.6193923 0.4928878 0.6145205 0.493262 0.6125 0.4948472 0.6125 0.493175 0.6145205 0.493262 0.6163496 0.4946774 0.6145027 0.4948536 0.6164246 0.4932021 0.6178915 0.4943929 0.6163496 0.4946774 0.6180523 0.4930459 0.6191125 0.4941121 0.6178915 0.4943929 0.6193923 0.4928878 0.625 0.4939542 0.6191125 0.4941121 0.6125 0.4948472 0.6144869 0.5 0.6125 0.5 0.6145027 0.4948536 0.6163036 0.5 0.6144869 0.5 0.6163496 0.4946774 0.6178056 0.5 0.6163036 0.5 0.6178915 0.4943929 0.6189543 0.5 0.6178056 0.5 0.6191125 0.4941121 0.623239 0.5 0.6189543 0.5 0.125 0.5125 0.3625 0.5105444 0.3625 0.5125 0.125 0.5105445 0.3625 0.5086374 0.3625 0.5105444 0.125 0.5086373 0.3625 0.506825 0.3625 0.5086374 0.125 0.5068251 0.3625 0.5051528 0.3625 0.506825 0.125 0.5051527 0.3625 0.5 0.3625 0.5051528 0.375 0.25 0.3801528 0.4875 0.375 0.4875 0.3801527 0.25 0.381825 0.4875 0.3801528 0.4875 0.3818251 0.25 0.3836374 0.4875 0.381825 0.4875 0.3836373 0.25 0.3855445 0.4875 0.3836374 0.4875 0.3855445 0.25 0.3875 0.4875 0.3855445 0.4875 0.6375 0.5125 0.875 0.5105445 0.875 0.5125 0.6375001 0.5105445 0.8750001 0.5086373 0.875 0.5105445 0.6375 0.5086375 0.875 0.5068251 0.8750001 0.5086373 0.6375001 0.506825 0.875 0.5051527 0.875 0.5068251 0.6375 0.5051528 0.875 0.5 0.875 0.5051527 0.625 0.4875 0.6198474 0.25 0.625 0.25 0.6198472 0.4875 0.6181749 0.25 0.6198474 0.25 0.618175 0.4875 0.6163627 0.25 0.6181749 0.25 0.6163625 0.4875 0.6144555 0.25 0.6163627 0.25 0.6144555 0.4875 0.6125 0.25 0.6144555 0.25 0.3875 0.5125 0.6125 0.5105444 0.6125 0.5125 0.3875 0.5105445 0.6125 0.5086374 0.6125 0.5105444 0.3875 0.5086375 0.6125 0.506825 0.6125 0.5086374 0.3875 0.506825 0.6125 0.5051528 0.6125 0.506825 0.3875 0.5051528 0.6125 0.5 0.6125 0.5051528 0.3875 0.5 0.6125 0.4948472 0.6125 0.5 0.3875 0.4948472 0.6125 0.493175 0.6125 0.4948472 0.3875 0.4931751 0.6125 0.4913625 0.6125 0.493175 0.3875 0.4913625 0.6125 0.4894555 0.6125 0.4913625 0.3875 0.4894555 0.6125 0.4875 0.6125 0.4894555 0.3625 0.5125 0.3644555 0.7375 0.3625 0.7375 0.3644555 0.5125 0.3663625 0.7375 0.3644555 0.7375 0.3663625 0.5125 0.368175 0.7375 0.3663625 0.7375 0.368175 0.5125 0.3698472 0.7375 0.368175 0.7375 0.3698472 0.5125 0.375 0.7375 0.3698472 0.7375 0.375 0.7375 0.3801528 0.5125 0.3801528 0.7375 0.3801528 0.5125 0.381825 0.7375 0.3801528 0.7375 0.3818249 0.5125001 0.3836374 0.7375 0.381825 0.7375 0.3836375 0.5125001 0.3855445 0.7375 0.3836374 0.7375 0.3855445 0.5125001 0.3875 0.7375 0.3855445 0.7375 0.6375 0.7375 0.6355446 0.5125001 0.6375 0.5125 0.6355445 0.7375 0.6336376 0.5125001 0.6355446 0.5125001 0.6336375 0.7375 0.631825 0.5125001 0.6336376 0.5125001 0.631825 0.7375 0.6301528 0.5125 0.631825 0.5125001 0.6301528 0.7375 0.625 0.5125 0.6301528 0.5125 0.625 0.7375 0.6198472 0.5125 0.625 0.5125 0.6198472 0.7375 0.618175 0.5125 0.6198472 0.5125 0.618175 0.7375 0.6163626 0.5125 0.618175 0.5125 0.6163625 0.7375 0.6144556 0.5125 0.6163626 0.5125 0.6144555 0.7375 0.6125 0.5125 0.6144556 0.5125 0.6125 0.7625 0.3875 0.7605445 0.6125 0.7605444 0.6125 0.7605444 0.3875 0.7586375 0.6125 0.7586374 0.6125 0.7586374 0.3875 0.756825 0.6125 0.756825 0.6125 0.756825 0.3875 0.7551528 0.6125 0.7551528 0.3875 0.7551528 0.6125 0.75 0.6125 0.7551528 0.6125 0.75 0.3875 0.7448472 0.6125 0.7448472 0.6125 0.7448472 0.3875 0.743175 0.6125 0.743175 0.3875 0.743175 0.6125 0.7413625 0.6125 0.743175 0.3875 0.7413625 0.6125 0.7394555 0.6125 0.7413625 0.3875 0.7394555 0.6125 0.7375 0.6125 0.7394555 0.3625 0.7375 0.125 0.7394554 0.125 0.7375 0.3625 0.7394555 0.125 0.7413628 0.125 0.7394554 0.3625 0.7413625 0.125 0.7431749 0.125 0.7413628 0.3625 0.743175 0.125 0.7448473 0.125 0.7431749 0.3625 0.7448472 0.125 0.75 0.125 0.7448473 0.375 0.7625 0.3801527 1 0.375 1 0.3801528 0.7625001 0.3818251 1 0.3801527 1 0.3818249 0.7625 0.3836373 1 0.3818251 1 0.3836375 0.7625 0.3855445 1 0.3836373 1 0.3855445 0.7625001 0.3875 1 0.3855445 1 0.875 0.7375 0.6375001 0.7394555 0.6375 0.7375 0.875 0.7394554 0.6375001 0.7413625 0.6375001 0.7394555 0.875 0.7413628 0.6375001 0.743175 0.6375001 0.7413625 0.875 0.7431749 0.6375 0.7448472 0.6375001 0.743175 0.875 0.7448473 0.6375 0.75 0.6375 0.7448472 0.625 1 0.6198472 0.7625001 0.625 0.7625 0.6198474 1 0.618175 0.7625 0.6198472 0.7625001 0.6181749 1 0.6163626 0.7625 0.618175 0.7625 0.6163627 1 0.6144556 0.7625001 0.6163626 0.7625 0.6144555 1 0.6125 0.7625 0.6144556 0.7625001 0.3625 0.5125 0.125 0.7375 0.125 0.5125 0.3762236 0.2327254 0.3753078 0.2289108 0.375 0.225 0.3762236 0.7327254 0.3753078 0.7289108 0.375 0.725 0.6 0.25 0.4 0.5 0.4 0.25 0.6 0.75 0.4 1 0.4 0.75 0.125 0.525 0.375 0.5210891 0.375 0.525 0.125 0.5210891 0.375 0.5172746 0.375 0.5210891 0.125 0.5172746 0.375 0.5136502 0.375 0.5172746 0.125 0.5136502 0.375 0.5103054 0.375 0.5136502 0.125 0.5103054 0.375 0.5 0.375 0.5103054 0.375 0.25 0.3853054 0.5 0.375 0.5 0.3853054 0.25 0.3886502 0.5 0.3853054 0.5 0.3886502 0.25 0.3922746 0.5 0.3886502 0.5 0.3922746 0.25 0.3960891 0.5 0.3922746 0.5 0.3960891 0.25 0.4 0.5 0.3960891 0.5 0.375 0.725 0.125 0.7289109 0.125 0.725 0.375 0.7289109 0.125 0.7327255 0.125 0.7289109 0.375 0.7327255 0.125 0.7363498 0.125 0.7327255 0.375 0.7363498 0.125 0.7396947 0.125 0.7363498 0.375 0.7396947 0.125 0.75 0.125 0.7396947 0.375 0.75 0.3853054 1 0.375 1 0.3853054 0.75 0.3886502 1 0.3853054 1 0.3886502 0.75 0.3922746 1 0.3886502 1 0.3922746 0.75 0.3960891 1 0.3922746 1 0.3960891 0.75 0.4 1 0.3960891 1 0.375 0.525 0.125 0.725 0.125 0.525 0.625 0.525 0.875 0.5210891 0.875 0.525 0.625 0.5210891 0.875 0.5172746 0.875 0.5210891 0.625 0.5172746 0.875 0.5136502 0.875 0.5172746 0.625 0.5136502 0.875 0.5103054 0.875 0.5136502 0.625 0.5103054 0.875 0.5 0.875 0.5103054 0.625 0.5 0.6146946 0.25 0.625 0.25 0.6146947 0.5 0.6113497 0.25 0.6146946 0.25 0.6113497 0.5 0.6077255 0.25 0.6113497 0.25 0.6077254 0.5 0.6039109 0.25 0.6077255 0.25 0.6039108 0.5 0.6 0.25 0.6039109 0.25 0.875 0.725 0.6250001 0.7289109 0.625 0.725 0.875 0.7289109 0.625 0.7327255 0.6250001 0.7289109 0.875 0.7327255 0.6250001 0.7363498 0.625 0.7327255 0.875 0.7363498 0.625 0.7396947 0.6250001 0.7363498 0.875 0.7396947 0.625 0.75 0.625 0.7396947 0.625 1 0.6146946 0.75 0.625 0.75 0.6146947 1 0.6113497 0.75 0.6146946 0.75 0.6113497 1 0.6077255 0.75 0.6113497 0.75 0.6077254 1 0.6039109 0.75 0.6077255 0.75 0.6039108 1 0.6 0.75 0.6039109 0.75 0.875 0.525 0.625 0.725 0.625 0.525 1 1 0.96875 1 0.96875 0.5 0.96875 1 0.9375 1 0.9375 0.5 0.9375 1 0.90625 1 0.90625 0.5 0.90625 1 0.875 1 0.875 0.5 0.875 1 0.84375 1 0.84375 0.5 0.84375 1 0.8125 1 0.8125 0.5 0.8125 1 0.78125 1 0.78125 0.5 0.78125 1 0.75 1 0.75 0.5 0.75 1 0.71875 1 0.71875 0.5 0.71875 1 0.6875 1 0.6875 0.5 0.6875 1 0.65625 1 0.65625 0.5 0.65625 1 0.625 1 0.625 0.5 0.625 1 0.59375 1 0.59375 0.5 0.59375 1 0.5625 1 0.5625 0.5 0.5625 1 0.53125 1 0.53125 0.5 0.53125 1 0.5 1 0.5 0.5 0.5 1 0.46875 1 0.46875 0.5 0.46875 1 0.4375 1 0.4375 0.5 0.4375 1 0.40625 1 0.40625 0.5 0.40625 1 0.375 1 0.375 0.5 0.375 1 0.34375 1 0.34375 0.5 0.34375 1 0.3125 1 0.3125 0.5 0.3125 1 0.28125 1 0.28125 0.5 0.28125 1 0.25 1 0.25 0.5 0.25 1 0.21875 1 0.21875 0.5 0.21875 1 0.1875 1 0.1875 0.5 0.1875 1 0.15625 1 0.15625 0.5 0.15625 1 0.125 1 0.125 0.5 0.125 1 0.09375 1 0.09375 0.5 0.09375 1 0.0625 1 0.0625 0.5 0.341844 0.4717311 0.2968217 0.4853885 0.25 0.49 0.25 0.49 0.2031787 0.4853885 0.341844 0.4717311 0.2031787 0.4853885 0.1581563 0.4717312 0.341844 0.4717311 0.1581563 0.4717312 0.1166634 0.4495529 0.08029454 0.4197058 0.08029454 0.4197058 0.05044746 0.3833371 0.02826899 0.3418443 0.02826899 0.3418443 0.01461154 0.2968219 0.00999999 0.2500002 0.00999999 0.2500002 0.01461148 0.2031785 0.02826899 0.3418443 0.01461148 0.2031785 0.02826881 0.1581561 0.02826899 0.3418443 0.02826881 0.1581561 0.05044716 0.1166633 0.1581559 0.02826893 0.05044716 0.1166633 0.08029425 0.08029443 0.1581559 0.02826893 0.08029425 0.08029443 0.116663 0.05044734 0.1581559 0.02826893 0.1581559 0.02826893 0.2031782 0.01461154 0.2499999 0.00999999 0.2499999 0.00999999 0.2968216 0.01461148 0.341844 0.02826887 0.341844 0.02826887 0.3833369 0.05044728 0.4197056 0.08029437 0.4197056 0.08029437 0.4495527 0.1166631 0.4717311 0.158156 0.4717311 0.158156 0.4853885 0.2031783 0.49 0.25 0.49 0.25 0.4853885 0.2968217 0.4717311 0.158156 0.4853885 0.2968217 0.4717311 0.341844 0.4717311 0.158156 0.4717311 0.341844 0.4495527 0.3833369 0.4197056 0.4197056 0.4197056 0.4197056 0.3833369 0.4495527 0.341844 0.4717311 0.1581563 0.4717312 0.08029454 0.4197058 0.341844 0.4717311 0.08029454 0.4197058 0.02826899 0.3418443 0.341844 0.4717311 0.1581559 0.02826893 0.2499999 0.00999999 0.4717311 0.158156 0.2499999 0.00999999 0.341844 0.02826887 0.4717311 0.158156 0.341844 0.02826887 0.4197056 0.08029437 0.4717311 0.158156 0.4717311 0.341844 0.4197056 0.4197056 0.4717311 0.158156 0.4197056 0.4197056 0.341844 0.4717311 0.4717311 0.158156 0.02826899 0.3418443 0.02826881 0.1581561 0.1581559 0.02826893 0.341844 0.4717311 0.02826899 0.3418443 0.4717311 0.158156 0.0625 1 0.03125 1 0.03125 0.5 0.03125 1 0 1 0 0.5 0.7031787 0.4853885 0.75 0.49 0.7968217 0.4853885 0.7968217 0.4853885 0.841844 0.4717311 0.8833369 0.4495527 0.8833369 0.4495527 0.9197056 0.4197056 0.9495527 0.3833369 0.9495527 0.3833369 0.9717311 0.341844 0.8833369 0.4495527 0.9717311 0.341844 0.9853885 0.2968217 0.8833369 0.4495527 0.9853885 0.2968217 0.99 0.25 0.9853885 0.2031783 0.9853885 0.2031783 0.9717311 0.158156 0.9853885 0.2968217 0.9717311 0.158156 0.9495527 0.1166631 0.9853885 0.2968217 0.9495527 0.1166631 0.9197056 0.08029437 0.7968216 0.01461148 0.9197056 0.08029437 0.8833369 0.05044728 0.7968216 0.01461148 0.8833369 0.05044728 0.841844 0.02826887 0.7968216 0.01461148 0.7968216 0.01461148 0.75 0.00999999 0.7031782 0.01461154 0.7031782 0.01461154 0.6581559 0.02826893 0.616663 0.05044734 0.616663 0.05044734 0.5802943 0.08029443 0.5504472 0.1166633 0.5504472 0.1166633 0.5282688 0.1581561 0.5146115 0.2031785 0.5146115 0.2031785 0.51 0.2500002 0.5146116 0.2968219 0.5146116 0.2968219 0.5282691 0.3418443 0.5504475 0.3833371 0.5504475 0.3833371 0.5802946 0.4197058 0.7031787 0.4853885 0.5802946 0.4197058 0.6166634 0.4495529 0.7031787 0.4853885 0.6166634 0.4495529 0.6581563 0.4717312 0.7031787 0.4853885 0.7031787 0.4853885 0.7968217 0.4853885 0.8833369 0.4495527 0.7968216 0.01461148 0.7031782 0.01461154 0.5146115 0.2031785 0.7031782 0.01461154 0.616663 0.05044734 0.5146115 0.2031785 0.616663 0.05044734 0.5504472 0.1166633 0.5146115 0.2031785 0.5146115 0.2031785 0.5146116 0.2968219 0.7031787 0.4853885 0.5146116 0.2968219 0.5504475 0.3833371 0.7031787 0.4853885 0.7031787 0.4853885 0.8833369 0.4495527 0.9853885 0.2968217 0.9853885 0.2968217 0.9495527 0.1166631 0.7968216 0.01461148 0.7031787 0.4853885 0.9853885 0.2968217 0.5146115 0.2031785 0.6125 0.7625 0.6125 1 0.3875 1 0.6125 0.5125 0.6125 0.7375 0.3875 0.7375 0.875 0.5125 0.875 0.7375 0.6375 0.7375 0.375 0.2375 0.375 0.01249998 0.625 0.01249998 0.375 0.01249998 0.3751539 0.01054453 0.3875 0 0.625 0.01249998 0.375 0.01249998 0.6125 0 0.3751539 0.01054453 0.3756118 0.008637249 0.3875 0 0.3756118 0.008637249 0.3763624 0.006825089 0.3875 0 0.3763624 0.006825089 0.3773873 0.005152642 0.3875 0 0.3773873 0.005152642 0.3786612 0.003661155 0.3875 0 0.3786612 0.003661155 0.3801527 0.002387285 0.3875 0 0.3801527 0.002387285 0.3818251 0.001362383 0.3875 0 0.3818251 0.001362383 0.3836373 6.11797e-4 0.3875 0 0.3836373 6.11797e-4 0.3855445 1.53899e-4 0.3875 0 0.3875 0 0.6125 0 0.375 0.01249998 0.6125 0 0.6144555 1.53899e-4 0.6163627 6.11797e-4 0.6163627 6.11797e-4 0.6181749 0.001362383 0.6125 0 0.6181749 0.001362383 0.6198473 0.002387285 0.6125 0 0.6198473 0.002387285 0.6213388 0.003661155 0.6125 0 0.6213388 0.003661155 0.6226127 0.005152642 0.6125 0 0.6226127 0.005152642 0.6236376 0.006825089 0.6125 0 0.6236376 0.006825089 0.6243882 0.008637249 0.6125 0 0.6243882 0.008637249 0.6248461 0.01054453 0.6125 0 0.6248461 0.01054453 0.625 0.01249998 0.6125 0 0.625 0.01249998 0.625 0.2375 0.375 0.2375 0.625 0.2375 0.6248461 0.2394554 0.6125 0.25 0.375 0.2375 0.625 0.2375 0.3875 0.25 0.6248461 0.2394554 0.6243882 0.2413627 0.6125 0.25 0.6243882 0.2413627 0.6236376 0.2431749 0.6125 0.25 0.6236376 0.2431749 0.6226128 0.2448473 0.6125 0.25 0.6226128 0.2448473 0.6213388 0.2463388 0.6125 0.25 0.6213388 0.2463388 0.6198473 0.2476127 0.6125 0.25 0.6198473 0.2476127 0.6181749 0.2486376 0.6125 0.25 0.6181749 0.2486376 0.6163628 0.2493882 0.6125 0.25 0.6163628 0.2493882 0.6144555 0.2498461 0.6125 0.25 0.6125 0.25 0.3875 0.25 0.625 0.2375 0.3875 0.25 0.3855445 0.2498461 0.3836373 0.2493882 0.3836373 0.2493882 0.3818251 0.2486376 0.3875 0.25 0.3818251 0.2486376 0.3801527 0.2476127 0.3875 0.25 0.3801527 0.2476127 0.3786612 0.2463388 0.3875 0.25 0.3786612 0.2463388 0.3773873 0.2448473 0.3875 0.25 0.3773873 0.2448473 0.3763625 0.2431749 0.3875 0.25 0.3763625 0.2431749 0.3756118 0.2413627 0.3875 0.25 0.3756118 0.2413627 0.3751539 0.2394554 0.3875 0.25 0.6125 0.25 0.6125 0.4875 0.3875 0.4875 0.3644555 0.7375 0.3645156 0.7394962 0.3625 0.7394555 0.3663625 0.7375 0.3664745 0.739508 0.3645156 0.7394962 0.368175 0.7375 0.3682611 0.7395036 0.3664745 0.739508 0.3698472 0.7375 0.3698439 0.7394936 0.3682611 0.7395036 0.3698472 0.7375 0.375 0.7375 0.375 0.739487 0.3645156 0.7394962 0.3645309 0.7414595 0.3625 0.7413625 0.3664745 0.739508 0.3664856 0.7414631 0.3645309 0.7414595 0.3664745 0.739508 0.3682611 0.7395036 0.3682061 0.7414057 0.3682611 0.7395036 0.3698439 0.7394936 0.3696714 0.7413396 0.3698439 0.7394936 0.375 0.739487 0.375 0.7413037 0.3625 0.7413625 0.3645309 0.7414595 0.3645205 0.7432621 0.3645309 0.7414595 0.3664856 0.7414631 0.3664245 0.7432021 0.3664856 0.7414631 0.3682061 0.7414057 0.3680523 0.743046 0.3682061 0.7414057 0.3696714 0.7413396 0.3693922 0.7428878 0.3696714 0.7413396 0.375 0.7413037 0.375 0.7428056 0.3625 0.743175 0.3645205 0.7432621 0.3645027 0.7448536 0.3645205 0.7432621 0.3664245 0.7432021 0.3663496 0.7446774 0.3664245 0.7432021 0.3680523 0.743046 0.3678916 0.7443929 0.3680523 0.743046 0.3693922 0.7428878 0.3691124 0.7441121 0.3693922 0.7428878 0.375 0.7428056 0.375 0.7439542 0.3625 0.7448472 0.3645027 0.7448536 0.364487 0.75 0.3645027 0.7448536 0.3663496 0.7446774 0.3663036 0.75 0.3663496 0.7446774 0.3678916 0.7443929 0.3678056 0.75 0.3678916 0.7443929 0.3691124 0.7441121 0.3689542 0.75 0.3691124 0.7441121 0.375 0.7439542 0.376761 0.75 0.3875 0.7394555 0.3855038 0.7395156 0.3855445 0.7375 0.3875 0.7413625 0.385492 0.7414746 0.3855038 0.7395156 0.3875 0.743175 0.3854964 0.7432611 0.385492 0.7414746 0.3875 0.7448472 0.3855065 0.7448439 0.3854964 0.7432611 0.3875 0.75 0.3855131 0.75 0.3855065 0.7448439 0.3855038 0.7395156 0.3835405 0.739531 0.3836374 0.7375 0.385492 0.7414746 0.3835368 0.7414856 0.3835405 0.739531 0.3854964 0.7432611 0.3835942 0.743206 0.3835368 0.7414856 0.3855065 0.7448439 0.3836604 0.7446715 0.3835942 0.743206 0.3855131 0.75 0.3836963 0.75 0.3836604 0.7446715 0.3835405 0.739531 0.381738 0.7395206 0.381825 0.7375 0.3835368 0.7414856 0.3817979 0.7414246 0.381738 0.7395206 0.3835942 0.743206 0.381954 0.7430523 0.3817979 0.7414246 0.3836604 0.7446715 0.3821122 0.7443923 0.381954 0.7430523 0.3836963 0.75 0.3821944 0.75 0.3821122 0.7443923 0.381738 0.7395206 0.3801464 0.7395027 0.3801528 0.7375 0.3817979 0.7414246 0.3803227 0.7413496 0.3801464 0.7395027 0.381954 0.7430523 0.3806071 0.7428914 0.3803227 0.7413496 0.3821122 0.7443923 0.3808879 0.7441124 0.3806071 0.7428914 0.3821944 0.75 0.3810458 0.75 0.3808879 0.7441124 0.3801464 0.7395027 0.375 0.739487 0.375 0.7375 0.3803227 0.7413496 0.375 0.7413037 0.375 0.739487 0.3806071 0.7428914 0.375 0.7428056 0.375 0.7413037 0.3808879 0.7441124 0.375 0.7439542 0.375 0.7428056 0.3810458 0.75 0.376761 0.75 0.375 0.7439542 0.3855445 0.7625001 0.3854843 0.7605038 0.3875 0.7605445 0.3836375 0.7625 0.3835254 0.7604919 0.3854843 0.7605038 0.3836375 0.7625 0.3818249 0.7625 0.3817389 0.7604964 0.3818249 0.7625 0.3801528 0.7625001 0.3801562 0.7605065 0.3801528 0.7625001 0.375 0.7625 0.375 0.7605131 0.3854843 0.7605038 0.3854691 0.7585406 0.3875 0.7586375 0.3835254 0.7604919 0.3835144 0.7585368 0.3854691 0.7585406 0.3835254 0.7604919 0.3817389 0.7604964 0.3817939 0.7585943 0.3817389 0.7604964 0.3801562 0.7605065 0.3803286 0.7586605 0.3801562 0.7605065 0.375 0.7605131 0.375 0.7586963 0.3854691 0.7585406 0.3854795 0.7567381 0.3875 0.756825 0.3854691 0.7585406 0.3835144 0.7585368 0.3835754 0.756798 0.3835144 0.7585368 0.3817939 0.7585943 0.3819478 0.7569541 0.3817939 0.7585943 0.3803286 0.7586605 0.3806078 0.7571123 0.3803286 0.7586605 0.375 0.7586963 0.375 0.7571944 0.3854795 0.7567381 0.3854973 0.7551465 0.3875 0.7551528 0.3854795 0.7567381 0.3835754 0.756798 0.3836504 0.7553227 0.3835754 0.756798 0.3819478 0.7569541 0.3821085 0.7556071 0.3819478 0.7569541 0.3806078 0.7571123 0.3808875 0.7558878 0.3806078 0.7571123 0.375 0.7571944 0.375 0.7560458 0.3875 0.7551528 0.3854973 0.7551465 0.3855131 0.75 0.3854973 0.7551465 0.3836504 0.7553227 0.3836963 0.75 0.3836504 0.7553227 0.3821085 0.7556071 0.3821944 0.75 0.3821085 0.7556071 0.3808875 0.7558878 0.3810458 0.75 0.3808875 0.7558878 0.375 0.7560458 0.376761 0.75 0.6375001 0.7394555 0.6355038 0.7395156 0.6355445 0.7375 0.6375001 0.7413625 0.6354919 0.7414746 0.6355038 0.7395156 0.6375001 0.7413625 0.6375001 0.743175 0.6354964 0.7432611 0.6375001 0.743175 0.6375 0.7448472 0.6355065 0.7448439 0.6375 0.7448472 0.6375 0.75 0.635513 0.75 0.6355038 0.7395156 0.6335405 0.739531 0.6336375 0.7375 0.6354919 0.7414746 0.6335369 0.7414856 0.6335405 0.739531 0.6354919 0.7414746 0.6354964 0.7432611 0.6335942 0.743206 0.6354964 0.7432611 0.6355065 0.7448439 0.6336605 0.7446715 0.6355065 0.7448439 0.635513 0.75 0.6336963 0.75 0.6335405 0.739531 0.631738 0.7395206 0.631825 0.7375 0.6335405 0.739531 0.6335369 0.7414856 0.631798 0.7414246 0.6335369 0.7414856 0.6335942 0.743206 0.6319541 0.7430523 0.6335942 0.743206 0.6336605 0.7446715 0.6321123 0.7443923 0.6336605 0.7446715 0.6336963 0.75 0.6321944 0.75 0.631738 0.7395206 0.6301464 0.7395027 0.6301528 0.7375 0.631738 0.7395206 0.631798 0.7414246 0.6303227 0.7413496 0.631798 0.7414246 0.6319541 0.7430523 0.6306071 0.7428914 0.6319541 0.7430523 0.6321123 0.7443923 0.6308879 0.7441124 0.6321123 0.7443923 0.6321944 0.75 0.6310458 0.75 0.6301528 0.7375 0.6301464 0.7395027 0.625 0.739487 0.6301464 0.7395027 0.6303227 0.7413496 0.625 0.7413037 0.6303227 0.7413496 0.6306071 0.7428914 0.625 0.7428056 0.6306071 0.7428914 0.6308879 0.7441124 0.625 0.7439542 0.6308879 0.7441124 0.6310458 0.75 0.625 0.748239 0.6125 0.7605444 0.6144962 0.7604844 0.6144556 0.7625001 0.6125 0.7586374 0.6145081 0.7585254 0.6144962 0.7604844 0.6125 0.756825 0.6145036 0.7567389 0.6145081 0.7585254 0.6125 0.7551528 0.6144935 0.7551562 0.6145036 0.7567389 0.6125 0.7551528 0.6125 0.75 0.6144869 0.75 0.6144962 0.7604844 0.6164594 0.7604692 0.6163626 0.7625 0.6145081 0.7585254 0.6164632 0.7585144 0.6164594 0.7604692 0.6145081 0.7585254 0.6145036 0.7567389 0.6164057 0.7567939 0.6145036 0.7567389 0.6144935 0.7551562 0.6163396 0.7553285 0.6144935 0.7551562 0.6144869 0.75 0.6163036 0.75 0.6163626 0.7625 0.6164594 0.7604692 0.6182619 0.7604796 0.6164594 0.7604692 0.6164632 0.7585144 0.6182022 0.7585755 0.6164632 0.7585144 0.6164057 0.7567939 0.618046 0.7569478 0.6164057 0.7567939 0.6163396 0.7553285 0.6178877 0.7556077 0.6163396 0.7553285 0.6163036 0.75 0.6178056 0.75 0.618175 0.7625 0.6182619 0.7604796 0.6198536 0.7604973 0.6182619 0.7604796 0.6182022 0.7585755 0.6196774 0.7586505 0.6182022 0.7585755 0.618046 0.7569478 0.6193928 0.7571084 0.618046 0.7569478 0.6178877 0.7556077 0.6191121 0.7558876 0.6178877 0.7556077 0.6178056 0.75 0.6189543 0.75 0.6198472 0.7625001 0.6198536 0.7604973 0.625 0.7605131 0.6198536 0.7604973 0.6196774 0.7586505 0.625 0.7586963 0.6196774 0.7586505 0.6193928 0.7571084 0.625 0.7571944 0.6193928 0.7571084 0.6191121 0.7558876 0.625 0.7560458 0.6191121 0.7558876 0.6189543 0.75 0.625 0.748239 0.6144555 0.7375 0.6145156 0.7394962 0.6125 0.7394555 0.6163625 0.7375 0.6164745 0.739508 0.6145156 0.7394962 0.618175 0.7375 0.6182611 0.7395036 0.6164745 0.739508 0.6198472 0.7375 0.6198439 0.7394936 0.6182611 0.7395036 0.625 0.7375 0.625 0.739487 0.6198439 0.7394936 0.6145156 0.7394962 0.6145309 0.7414595 0.6125 0.7413625 0.6164745 0.739508 0.6164856 0.7414631 0.6145309 0.7414595 0.6182611 0.7395036 0.6182061 0.7414057 0.6164856 0.7414631 0.6198439 0.7394936 0.6196714 0.7413396 0.6182061 0.7414057 0.625 0.739487 0.625 0.7413037 0.6196714 0.7413396 0.6145309 0.7414595 0.6145205 0.7432621 0.6125 0.743175 0.6164856 0.7414631 0.6164246 0.7432021 0.6145205 0.7432621 0.6182061 0.7414057 0.6180523 0.743046 0.6164246 0.7432021 0.6196714 0.7413396 0.6193923 0.7428878 0.6180523 0.743046 0.625 0.7413037 0.625 0.7428056 0.6193923 0.7428878 0.6145205 0.7432621 0.6145027 0.7448536 0.6125 0.7448472 0.6164246 0.7432021 0.6163496 0.7446774 0.6145027 0.7448536 0.6180523 0.743046 0.6178915 0.7443929 0.6163496 0.7446774 0.6193923 0.7428878 0.6191125 0.7441121 0.6178915 0.7443929 0.625 0.7428056 0.625 0.7439542 0.6191125 0.7441121 0.6145027 0.7448536 0.6144869 0.75 0.6125 0.75 0.6163496 0.7446774 0.6163036 0.75 0.6144869 0.75 0.6178915 0.7443929 0.6178056 0.75 0.6163036 0.75 0.6191125 0.7441121 0.6189543 0.75 0.6178056 0.75 0.625 0.7439542 0.625 0.748239 0.6189543 0.75 0.3625 0.5105444 0.3644962 0.5104844 0.3644555 0.5125 0.3625 0.5086374 0.364508 0.5085254 0.3644962 0.5104844 0.3625 0.5086374 0.3625 0.506825 0.3645036 0.5067389 0.3625 0.506825 0.3625 0.5051528 0.3644935 0.5051561 0.3625 0.5051528 0.3625 0.5 0.364487 0.5 0.3644962 0.5104844 0.3664595 0.5104691 0.3663625 0.5125 0.364508 0.5085254 0.3664631 0.5085144 0.3664595 0.5104691 0.364508 0.5085254 0.3645036 0.5067389 0.3664057 0.5067939 0.3645036 0.5067389 0.3644935 0.5051561 0.3663396 0.5053286 0.3644935 0.5051561 0.364487 0.5 0.3663036 0.5 0.3664595 0.5104691 0.368262 0.5104796 0.368175 0.5125 0.3664595 0.5104691 0.3664631 0.5085144 0.3682021 0.5085754 0.3664631 0.5085144 0.3664057 0.5067939 0.368046 0.5069478 0.3664057 0.5067939 0.3663396 0.5053286 0.3678878 0.5056077 0.3663396 0.5053286 0.3663036 0.5 0.3678056 0.5 0.368262 0.5104796 0.3698536 0.5104973 0.3698472 0.5125 0.368262 0.5104796 0.3682021 0.5085754 0.3696773 0.5086504 0.3682021 0.5085754 0.368046 0.5069478 0.3693928 0.5071085 0.368046 0.5069478 0.3678878 0.5056077 0.3691121 0.5058875 0.3678878 0.5056077 0.3678056 0.5 0.3689542 0.5 0.3698472 0.5125 0.3698536 0.5104973 0.375 0.5105131 0.3698536 0.5104973 0.3696773 0.5086504 0.375 0.5086963 0.3696773 0.5086504 0.3693928 0.5071085 0.375 0.5071944 0.3693928 0.5071085 0.3691121 0.5058875 0.375 0.5060458 0.3691121 0.5058875 0.3689542 0.5 0.375 0.5017611 0.3875 0.4894555 0.3855038 0.4895156 0.3855445 0.4875 0.3875 0.4913625 0.385492 0.4914746 0.3855038 0.4895156 0.3875 0.4931751 0.3854964 0.4932611 0.385492 0.4914746 0.3875 0.4948472 0.3855065 0.4948439 0.3854964 0.4932611 0.3875 0.4948472 0.3875 0.5 0.3855131 0.5 0.3855038 0.4895156 0.3835405 0.4895309 0.3836374 0.4875 0.385492 0.4914746 0.3835368 0.4914855 0.3835405 0.4895309 0.385492 0.4914746 0.3854964 0.4932611 0.3835942 0.493206 0.3854964 0.4932611 0.3855065 0.4948439 0.3836604 0.4946715 0.3855065 0.4948439 0.3855131 0.5 0.3836963 0.5 0.3836374 0.4875 0.3835405 0.4895309 0.381738 0.4895205 0.3835405 0.4895309 0.3835368 0.4914855 0.3817979 0.4914246 0.3835368 0.4914855 0.3835942 0.493206 0.381954 0.4930523 0.3835942 0.493206 0.3836604 0.4946715 0.3821122 0.4943923 0.3836604 0.4946715 0.3836963 0.5 0.3821944 0.5 0.381825 0.4875 0.381738 0.4895205 0.3801464 0.4895027 0.381738 0.4895205 0.3817979 0.4914246 0.3803227 0.4913496 0.3817979 0.4914246 0.381954 0.4930523 0.3806071 0.4928914 0.381954 0.4930523 0.3821122 0.4943923 0.3808879 0.4941124 0.3821122 0.4943923 0.3821944 0.5 0.3810458 0.5 0.3801528 0.4875 0.3801464 0.4895027 0.375 0.4894869 0.3801464 0.4895027 0.3803227 0.4913496 0.375 0.4913037 0.3803227 0.4913496 0.3806071 0.4928914 0.375 0.4928056 0.3806071 0.4928914 0.3808879 0.4941124 0.375 0.4939542 0.3808879 0.4941124 0.3810458 0.5 0.375 0.5017611 0.3855445 0.5125001 0.3854843 0.5105038 0.3875 0.5105445 0.3836375 0.5125001 0.3835254 0.510492 0.3854843 0.5105038 0.3818249 0.5125001 0.3817389 0.5104964 0.3835254 0.510492 0.3801528 0.5125 0.3801562 0.5105065 0.3817389 0.5104964 0.375 0.5125 0.375 0.5105131 0.3801562 0.5105065 0.3854843 0.5105038 0.3854691 0.5085406 0.3875 0.5086375 0.3835254 0.510492 0.3835144 0.5085368 0.3854691 0.5085406 0.3817389 0.5104964 0.3817939 0.5085943 0.3835144 0.5085368 0.3801562 0.5105065 0.3803286 0.5086604 0.3817939 0.5085943 0.375 0.5105131 0.375 0.5086963 0.3803286 0.5086604 0.3854691 0.5085406 0.3854795 0.506738 0.3875 0.506825 0.3835144 0.5085368 0.3835754 0.5067979 0.3854795 0.506738 0.3817939 0.5085943 0.3819478 0.506954 0.3835754 0.5067979 0.3803286 0.5086604 0.3806078 0.5071123 0.3819478 0.506954 0.375 0.5086963 0.375 0.5071944 0.3806078 0.5071123 0.3854795 0.506738 0.3854973 0.5051464 0.3875 0.5051528 0.3835754 0.5067979 0.3836504 0.5053227 0.3854973 0.5051464 0.3819478 0.506954 0.3821085 0.5056071 0.3836504 0.5053227 0.3806078 0.5071123 0.3808875 0.5058879 0.3821085 0.5056071 0.375 0.5071944 0.375 0.5060458 0.3808875 0.5058879 0.3854973 0.5051464 0.3855131 0.5 0.3875 0.5 0.3836504 0.5053227 0.3836963 0.5 0.3855131 0.5 0.3821085 0.5056071 0.3821944 0.5 0.3836963 0.5 0.3808875 0.5058879 0.3810458 0.5 0.3821944 0.5 0.375 0.5060458 0.375 0.5017611 0.3810458 0.5 0.6355446 0.5125001 0.6354844 0.5105038 0.6375001 0.5105445 0.6336376 0.5125001 0.6335254 0.510492 0.6354844 0.5105038 0.631825 0.5125001 0.6317389 0.5104964 0.6335254 0.510492 0.6301528 0.5125 0.6301562 0.5105065 0.6317389 0.5104964 0.6301528 0.5125 0.625 0.5125 0.625 0.5105131 0.6354844 0.5105038 0.6354691 0.5085406 0.6375 0.5086375 0.6335254 0.510492 0.6335145 0.5085368 0.6354691 0.5085406 0.6335254 0.510492 0.6317389 0.5104964 0.6317939 0.5085943 0.6317389 0.5104964 0.6301562 0.5105065 0.6303287 0.5086604 0.6301562 0.5105065 0.625 0.5105131 0.625 0.5086963 0.6375 0.5086375 0.6354691 0.5085406 0.6354795 0.506738 0.6354691 0.5085406 0.6335145 0.5085368 0.6335754 0.5067979 0.6335145 0.5085368 0.6317939 0.5085943 0.6319478 0.506954 0.6317939 0.5085943 0.6303287 0.5086604 0.6306078 0.5071123 0.6303287 0.5086604 0.625 0.5086963 0.625 0.5071944 0.6375001 0.506825 0.6354795 0.506738 0.6354973 0.5051464 0.6354795 0.506738 0.6335754 0.5067979 0.6336504 0.5053227 0.6335754 0.5067979 0.6319478 0.506954 0.6321085 0.5056071 0.6319478 0.506954 0.6306078 0.5071123 0.6308875 0.5058879 0.6306078 0.5071123 0.625 0.5071944 0.625 0.5060458 0.6375 0.5051528 0.6354973 0.5051464 0.635513 0.5 0.6354973 0.5051464 0.6336504 0.5053227 0.6336963 0.5 0.6336504 0.5053227 0.6321085 0.5056071 0.6321944 0.5 0.6321085 0.5056071 0.6308875 0.5058879 0.6310458 0.5 0.6308875 0.5058879 0.625 0.5060458 0.623239 0.5 0.6125 0.5105444 0.6144962 0.5104844 0.6144556 0.5125 0.6125 0.5086374 0.6145081 0.5085254 0.6144962 0.5104844 0.6125 0.506825 0.6145036 0.5067389 0.6145081 0.5085254 0.6125 0.5051528 0.6144935 0.5051561 0.6145036 0.5067389 0.6125 0.5 0.6144869 0.5 0.6144935 0.5051561 0.6144962 0.5104844 0.6164594 0.5104691 0.6163626 0.5125 0.6145081 0.5085254 0.6164632 0.5085144 0.6164594 0.5104691 0.6145036 0.5067389 0.6164057 0.5067939 0.6164632 0.5085144 0.6144935 0.5051561 0.6163396 0.5053286 0.6164057 0.5067939 0.6144869 0.5 0.6163036 0.5 0.6163396 0.5053286 0.6164594 0.5104691 0.6182619 0.5104796 0.618175 0.5125 0.6164632 0.5085144 0.6182022 0.5085754 0.6182619 0.5104796 0.6164057 0.5067939 0.618046 0.5069478 0.6182022 0.5085754 0.6163396 0.5053286 0.6178877 0.5056077 0.618046 0.5069478 0.6163036 0.5 0.6178056 0.5 0.6178877 0.5056077 0.6182619 0.5104796 0.6198536 0.5104973 0.6198472 0.5125 0.6182022 0.5085754 0.6196774 0.5086504 0.6198536 0.5104973 0.618046 0.5069478 0.6193928 0.5071085 0.6196774 0.5086504 0.6178877 0.5056077 0.6191121 0.5058875 0.6193928 0.5071085 0.6178056 0.5 0.6189543 0.5 0.6191121 0.5058875 0.6198536 0.5104973 0.625 0.510513 0.625 0.5125 0.6196774 0.5086504 0.625 0.5086963 0.625 0.510513 0.6193928 0.5071085 0.625 0.5071944 0.625 0.5086963 0.6191121 0.5058875 0.625 0.5060458 0.625 0.5071944 0.6189543 0.5 0.623239 0.5 0.625 0.5060458 0.6144555 0.4875 0.6145156 0.4894962 0.6125 0.4894555 0.6163625 0.4875 0.6164745 0.489508 0.6145156 0.4894962 0.6163625 0.4875 0.618175 0.4875 0.6182611 0.4895036 0.618175 0.4875 0.6198472 0.4875 0.6198439 0.4894935 0.6198472 0.4875 0.625 0.4875 0.625 0.4894869 0.6145156 0.4894962 0.6145309 0.4914595 0.6125 0.4913625 0.6164745 0.489508 0.6164856 0.4914631 0.6145309 0.4914595 0.6164745 0.489508 0.6182611 0.4895036 0.6182061 0.4914057 0.6182611 0.4895036 0.6198439 0.4894935 0.6196714 0.4913396 0.6198439 0.4894935 0.625 0.4894869 0.625 0.4913037 0.6145309 0.4914595 0.6145205 0.493262 0.6125 0.493175 0.6145309 0.4914595 0.6164856 0.4914631 0.6164246 0.4932021 0.6164856 0.4914631 0.6182061 0.4914057 0.6180523 0.4930459 0.6182061 0.4914057 0.6196714 0.4913396 0.6193923 0.4928878 0.6196714 0.4913396 0.625 0.4913037 0.625 0.4928056 0.6145205 0.493262 0.6145027 0.4948536 0.6125 0.4948472 0.6145205 0.493262 0.6164246 0.4932021 0.6163496 0.4946774 0.6164246 0.4932021 0.6180523 0.4930459 0.6178915 0.4943929 0.6180523 0.4930459 0.6193923 0.4928878 0.6191125 0.4941121 0.6193923 0.4928878 0.625 0.4928056 0.625 0.4939542 0.6125 0.4948472 0.6145027 0.4948536 0.6144869 0.5 0.6145027 0.4948536 0.6163496 0.4946774 0.6163036 0.5 0.6163496 0.4946774 0.6178915 0.4943929 0.6178056 0.5 0.6178915 0.4943929 0.6191125 0.4941121 0.6189543 0.5 0.6191125 0.4941121 0.625 0.4939542 0.623239 0.5 0.125 0.5125 0.125 0.5105445 0.3625 0.5105444 0.125 0.5105445 0.125 0.5086373 0.3625 0.5086374 0.125 0.5086373 0.125 0.5068251 0.3625 0.506825 0.125 0.5068251 0.125 0.5051527 0.3625 0.5051528 0.125 0.5051527 0.125 0.5 0.3625 0.5 0.375 0.25 0.3801527 0.25 0.3801528 0.4875 0.3801527 0.25 0.3818251 0.25 0.381825 0.4875 0.3818251 0.25 0.3836373 0.25 0.3836374 0.4875 0.3836373 0.25 0.3855445 0.25 0.3855445 0.4875 0.3855445 0.25 0.3875 0.25 0.3875 0.4875 0.6375 0.5125 0.6375001 0.5105445 0.875 0.5105445 0.6375001 0.5105445 0.6375 0.5086375 0.8750001 0.5086373 0.6375 0.5086375 0.6375001 0.506825 0.875 0.5068251 0.6375001 0.506825 0.6375 0.5051528 0.875 0.5051527 0.6375 0.5051528 0.6375 0.5 0.875 0.5 0.625 0.4875 0.6198472 0.4875 0.6198474 0.25 0.6198472 0.4875 0.618175 0.4875 0.6181749 0.25 0.618175 0.4875 0.6163625 0.4875 0.6163627 0.25 0.6163625 0.4875 0.6144555 0.4875 0.6144555 0.25 0.6144555 0.4875 0.6125 0.4875 0.6125 0.25 0.3875 0.5125 0.3875 0.5105445 0.6125 0.5105444 0.3875 0.5105445 0.3875 0.5086375 0.6125 0.5086374 0.3875 0.5086375 0.3875 0.506825 0.6125 0.506825 0.3875 0.506825 0.3875 0.5051528 0.6125 0.5051528 0.3875 0.5051528 0.3875 0.5 0.6125 0.5 0.3875 0.5 0.3875 0.4948472 0.6125 0.4948472 0.3875 0.4948472 0.3875 0.4931751 0.6125 0.493175 0.3875 0.4931751 0.3875 0.4913625 0.6125 0.4913625 0.3875 0.4913625 0.3875 0.4894555 0.6125 0.4894555 0.3875 0.4894555 0.3875 0.4875 0.6125 0.4875 0.3625 0.5125 0.3644555 0.5125 0.3644555 0.7375 0.3644555 0.5125 0.3663625 0.5125 0.3663625 0.7375 0.3663625 0.5125 0.368175 0.5125 0.368175 0.7375 0.368175 0.5125 0.3698472 0.5125 0.3698472 0.7375 0.3698472 0.5125 0.375 0.5125 0.375 0.7375 0.375 0.7375 0.375 0.5125 0.3801528 0.5125 0.3801528 0.5125 0.3818249 0.5125001 0.381825 0.7375 0.3818249 0.5125001 0.3836375 0.5125001 0.3836374 0.7375 0.3836375 0.5125001 0.3855445 0.5125001 0.3855445 0.7375 0.3855445 0.5125001 0.3875 0.5125 0.3875 0.7375 0.6375 0.7375 0.6355445 0.7375 0.6355446 0.5125001 0.6355445 0.7375 0.6336375 0.7375 0.6336376 0.5125001 0.6336375 0.7375 0.631825 0.7375 0.631825 0.5125001 0.631825 0.7375 0.6301528 0.7375 0.6301528 0.5125 0.6301528 0.7375 0.625 0.7375 0.625 0.5125 0.625 0.7375 0.6198472 0.7375 0.6198472 0.5125 0.6198472 0.7375 0.618175 0.7375 0.618175 0.5125 0.618175 0.7375 0.6163625 0.7375 0.6163626 0.5125 0.6163625 0.7375 0.6144555 0.7375 0.6144556 0.5125 0.6144555 0.7375 0.6125 0.7375 0.6125 0.5125 0.6125 0.7625 0.3875 0.7625 0.3875 0.7605445 0.6125 0.7605444 0.3875 0.7605445 0.3875 0.7586375 0.6125 0.7586374 0.3875 0.7586375 0.3875 0.756825 0.6125 0.756825 0.3875 0.756825 0.3875 0.7551528 0.3875 0.7551528 0.3875 0.75 0.6125 0.75 0.6125 0.75 0.3875 0.75 0.3875 0.7448472 0.6125 0.7448472 0.3875 0.7448472 0.3875 0.743175 0.3875 0.743175 0.3875 0.7413625 0.6125 0.7413625 0.3875 0.7413625 0.3875 0.7394555 0.6125 0.7394555 0.3875 0.7394555 0.3875 0.7375 0.6125 0.7375 0.3625 0.7375 0.3625 0.7394555 0.125 0.7394554 0.3625 0.7394555 0.3625 0.7413625 0.125 0.7413628 0.3625 0.7413625 0.3625 0.743175 0.125 0.7431749 0.3625 0.743175 0.3625 0.7448472 0.125 0.7448473 0.3625 0.7448472 0.3625 0.75 0.125 0.75 0.375 0.7625 0.3801528 0.7625001 0.3801527 1 0.3801528 0.7625001 0.3818249 0.7625 0.3818251 1 0.3818249 0.7625 0.3836375 0.7625 0.3836373 1 0.3836375 0.7625 0.3855445 0.7625001 0.3855445 1 0.3855445 0.7625001 0.3875 0.7625 0.3875 1 0.875 0.7375 0.875 0.7394554 0.6375001 0.7394555 0.875 0.7394554 0.875 0.7413628 0.6375001 0.7413625 0.875 0.7413628 0.875 0.7431749 0.6375001 0.743175 0.875 0.7431749 0.875 0.7448473 0.6375 0.7448472 0.875 0.7448473 0.875 0.75 0.6375 0.75 0.625 1 0.6198474 1 0.6198472 0.7625001 0.6198474 1 0.6181749 1 0.618175 0.7625 0.6181749 1 0.6163627 1 0.6163626 0.7625 0.6163627 1 0.6144555 1 0.6144556 0.7625001 0.6144555 1 0.6125 1 0.6125 0.7625 0.3625 0.5125 0.3625 0.7375 0.125 0.7375 0.375 0.225 0.375 0.02499997 0.3762236 0.01727455 0.375 0.02499997 0.3753078 0.02108913 0.3762236 0.01727455 0.3762236 0.01727455 0.3777248 0.01365023 0.3762236 0.2327254 0.375 0.225 0.3762236 0.01727455 0.3762236 0.2327254 0.3777248 0.01365023 0.3797746 0.01030534 0.3797746 0.2396946 0.3797746 0.01030534 0.3823223 0.007322311 0.3797746 0.2396946 0.3823223 0.007322311 0.3853054 0.00477457 0.3853054 0.2452254 0.3853054 0.00477457 0.3886502 0.002724826 0.3853054 0.2452254 0.3886502 0.002724826 0.3922746 0.001223564 0.3922746 0.2487764 0.3922746 0.001223564 0.3960891 3.07798e-4 0.3922746 0.2487764 0.3960891 3.07798e-4 0.4 0 0.4 0.25 0.4 0 0.6 0 0.4 0.25 0.6 0 0.6039109 3.07799e-4 0.6039108 0.2496922 0.6039109 3.07799e-4 0.6077255 0.001223564 0.6039108 0.2496922 0.6077255 0.001223564 0.6113497 0.002724885 0.6113498 0.2472751 0.6113497 0.002724885 0.6146945 0.004774689 0.6113498 0.2472751 0.6146945 0.004774689 0.6176775 0.007322371 0.6176776 0.2426776 0.6176775 0.007322371 0.6202253 0.01030534 0.6176776 0.2426776 0.6202253 0.01030534 0.6222751 0.01365017 0.6222751 0.2363498 0.6222751 0.01365017 0.6237764 0.01727455 0.6237764 0.2327253 0.6237764 0.2327253 0.6237764 0.01727455 0.625 0.225 0.6237764 0.01727455 0.6246922 0.02108913 0.625 0.02499997 0.625 0.02499997 0.625 0.225 0.6237764 0.01727455 0.625 0.225 0.6246922 0.2289108 0.6237764 0.2327253 0.6237764 0.2327253 0.6222751 0.2363498 0.6222751 0.01365017 0.6222751 0.2363498 0.6202253 0.2396946 0.6202253 0.01030534 0.6202253 0.2396946 0.6176776 0.2426776 0.6202253 0.01030534 0.6176776 0.2426776 0.6146946 0.2452253 0.6146945 0.004774689 0.6146946 0.2452253 0.6113498 0.2472751 0.6146945 0.004774689 0.6113498 0.2472751 0.6077255 0.2487764 0.6077255 0.001223564 0.6077255 0.2487764 0.6039108 0.2496922 0.6077255 0.001223564 0.6039108 0.2496922 0.6 0.25 0.6 0 0.6 0.25 0.4 0.25 0.6 0 0.4 0.25 0.3960891 0.2496922 0.3960891 3.07798e-4 0.3960891 0.2496922 0.3922746 0.2487764 0.3960891 3.07798e-4 0.3922746 0.2487764 0.3886502 0.2472751 0.3886502 0.002724826 0.3886502 0.2472751 0.3853054 0.2452254 0.3886502 0.002724826 0.3853054 0.2452254 0.3823223 0.2426776 0.3823223 0.007322311 0.3823223 0.2426776 0.3797746 0.2396946 0.3823223 0.007322311 0.3797746 0.2396946 0.3777248 0.2363497 0.3777248 0.01365023 0.3777248 0.2363497 0.3762236 0.2327254 0.3777248 0.01365023 0.375 0.725 0.375 0.525 0.3762236 0.5172746 0.375 0.525 0.3753078 0.5210891 0.3762236 0.5172746 0.3762236 0.5172746 0.3777248 0.5136502 0.3762236 0.7327254 0.375 0.725 0.3762236 0.5172746 0.3762236 0.7327254 0.3777248 0.5136502 0.3797746 0.5103054 0.3797746 0.7396946 0.3797746 0.5103054 0.3823223 0.5073223 0.3797746 0.7396946 0.3823223 0.5073223 0.3853054 0.5047746 0.3853054 0.7452254 0.3853054 0.5047746 0.3886502 0.5027249 0.3853054 0.7452254 0.3886502 0.5027249 0.3922746 0.5012236 0.3922746 0.7487764 0.3922746 0.5012236 0.3960891 0.5003078 0.3922746 0.7487764 0.3960891 0.5003078 0.4 0.5 0.4 0.75 0.4 0.5 0.6 0.5 0.4 0.75 0.6 0.5 0.6039109 0.5003078 0.6039108 0.7496922 0.6039109 0.5003078 0.6077255 0.5012236 0.6039108 0.7496922 0.6077255 0.5012236 0.6113497 0.502725 0.6113498 0.7472753 0.6113497 0.502725 0.6146945 0.5047747 0.6113498 0.7472753 0.6146945 0.5047747 0.6176775 0.5073224 0.6176776 0.7426777 0.6176775 0.5073224 0.6202253 0.5103052 0.6176776 0.7426777 0.6202253 0.5103052 0.6222751 0.5136501 0.6222751 0.7363498 0.6222751 0.5136501 0.6237764 0.5172745 0.6237764 0.7327253 0.6237764 0.7327253 0.6237764 0.5172745 0.625 0.725 0.6237764 0.5172745 0.6246922 0.5210892 0.625 0.525 0.625 0.525 0.625 0.725 0.6237764 0.5172745 0.625 0.725 0.6246922 0.728911 0.6237764 0.7327253 0.6237764 0.7327253 0.6222751 0.7363498 0.6222751 0.5136501 0.6222751 0.7363498 0.6202253 0.7396946 0.6202253 0.5103052 0.6202253 0.7396946 0.6176776 0.7426777 0.6202253 0.5103052 0.6176776 0.7426777 0.6146946 0.7452253 0.6146945 0.5047747 0.6146946 0.7452253 0.6113498 0.7472753 0.6146945 0.5047747 0.6113498 0.7472753 0.6077255 0.7487763 0.6077255 0.5012236 0.6077255 0.7487763 0.6039108 0.7496922 0.6077255 0.5012236 0.6039108 0.7496922 0.6 0.75 0.6 0.5 0.6 0.75 0.4 0.75 0.6 0.5 0.4 0.75 0.3960891 0.7496922 0.3960891 0.5003078 0.3960891 0.7496922 0.3922746 0.7487764 0.3960891 0.5003078 0.3922746 0.7487764 0.3886502 0.7472752 0.3886502 0.5027249 0.3886502 0.7472752 0.3853054 0.7452254 0.3886502 0.5027249 0.3853054 0.7452254 0.3823223 0.7426776 0.3823223 0.5073223 0.3823223 0.7426776 0.3797746 0.7396946 0.3823223 0.5073223 0.3797746 0.7396946 0.3777248 0.7363498 0.3777248 0.5136502 0.3777248 0.7363498 0.3762236 0.7327254 0.3777248 0.5136502 0.6 0.25 0.6 0.5 0.4 0.5 0.6 0.75 0.6 1 0.4 1 0.125 0.525 0.125 0.5210891 0.375 0.5210891 0.125 0.5210891 0.125 0.5172746 0.375 0.5172746 0.125 0.5172746 0.125 0.5136502 0.375 0.5136502 0.125 0.5136502 0.125 0.5103054 0.375 0.5103054 0.125 0.5103054 0.125 0.5 0.375 0.5 0.375 0.25 0.3853054 0.25 0.3853054 0.5 0.3853054 0.25 0.3886502 0.25 0.3886502 0.5 0.3886502 0.25 0.3922746 0.25 0.3922746 0.5 0.3922746 0.25 0.3960891 0.25 0.3960891 0.5 0.3960891 0.25 0.4 0.25 0.4 0.5 0.375 0.725 0.375 0.7289109 0.125 0.7289109 0.375 0.7289109 0.375 0.7327255 0.125 0.7327255 0.375 0.7327255 0.375 0.7363498 0.125 0.7363498 0.375 0.7363498 0.375 0.7396947 0.125 0.7396947 0.375 0.7396947 0.375 0.75 0.125 0.75 0.375 0.75 0.3853054 0.75 0.3853054 1 0.3853054 0.75 0.3886502 0.75 0.3886502 1 0.3886502 0.75 0.3922746 0.75 0.3922746 1 0.3922746 0.75 0.3960891 0.75 0.3960891 1 0.3960891 0.75 0.4 0.75 0.4 1 0.375 0.525 0.375 0.725 0.125 0.725 0.625 0.525 0.625 0.5210891 0.875 0.5210891 0.625 0.5210891 0.625 0.5172746 0.875 0.5172746 0.625 0.5172746 0.625 0.5136502 0.875 0.5136502 0.625 0.5136502 0.625 0.5103054 0.875 0.5103054 0.625 0.5103054 0.625 0.5 0.875 0.5 0.625 0.5 0.6146947 0.5 0.6146946 0.25 0.6146947 0.5 0.6113497 0.5 0.6113497 0.25 0.6113497 0.5 0.6077254 0.5 0.6077255 0.25 0.6077254 0.5 0.6039108 0.5 0.6039109 0.25 0.6039108 0.5 0.6 0.5 0.6 0.25 0.875 0.725 0.875 0.7289109 0.6250001 0.7289109 0.875 0.7289109 0.875 0.7327255 0.625 0.7327255 0.875 0.7327255 0.875 0.7363498 0.6250001 0.7363498 0.875 0.7363498 0.875 0.7396947 0.625 0.7396947 0.875 0.7396947 0.875 0.75 0.625 0.75 0.625 1 0.6146947 1 0.6146946 0.75 0.6146947 1 0.6113497 1 0.6113497 0.75 0.6113497 1 0.6077254 1 0.6077255 0.75 0.6077254 1 0.6039108 1 0.6039109 0.75 0.6039108 1 0.6 1 0.6 0.75 0.875 0.525 0.875 0.725 0.625 0.725</float_array>
          <technique_common>
            <accessor source="#Cylinder_007-mesh-map-0-array" count="3324" stride="2">
              <param name="S" type="float"/>
              <param name="T" type="float"/>
            </accessor>
          </technique_common>
        </source>
        <vertices id="Cylinder_007-mesh-vertices">
          <input semantic="POSITION" source="#Cylinder_007-mesh-positions"/>
        </vertices>
        <triangles count="1108">
          <input semantic="VERTEX" source="#Cylinder_007-mesh-vertices" offset="0"/>
          <input semantic="NORMAL" source="#Cylinder_007-mesh-normals" offset="1"/>
          <input semantic="TEXCOORD" source="#Cylinder_007-mesh-map-0" offset="2" set="0"/>
          <p>1 0 0 2 0 1 0 0 2 3 1 3 4 1 4 2 1 5 5 2 6 6 2 7 4 2 8 7 3 9 8 3 10 6 3 11 9 4 12 10 4 13 8 4 14 11 5 15 12 5 16 10 5 17 13 6 18 14 6 19 12 6 20 15 7 21 16 7 22 14 7 23 17 8 24 18 8 25 16 8 26 19 9 27 20 9 28 18 9 29 21 10 30 22 10 31 20 10 32 23 11 33 24 11 34 22 11 35 25 12 36 26 12 37 24 12 38 27 13 39 28 13 40 26 13 41 29 14 42 30 14 43 28 14 44 31 15 45 32 15 46 30 15 47 33 16 48 34 16 49 32 16 50 35 17 51 36 17 52 34 17 53 37 18 54 38 18 55 36 18 56 39 19 57 40 19 58 38 19 59 41 20 60 42 20 61 40 20 62 43 21 63 44 21 64 42 21 65 45 22 66 46 22 67 44 22 68 47 23 69 48 23 70 46 23 71 49 24 72 50 24 73 48 24 74 51 25 75 52 25 76 50 25 77 53 26 78 54 26 79 52 26 80 55 27 81 56 27 82 54 27 83 57 28 84 58 28 85 56 28 86 59 29 87 60 29 88 58 29 89 53 30 90 37 30 91 21 30 92 61 31 93 62 31 94 60 31 95 63 32 96 0 32 97 62 32 98 14 33 99 30 33 100 46 33 101 200 34 102 65 34 103 110 34 104 382 35 105 109 35 106 292 35 107 97 36 108 199 36 109 381 36 110 96 37 111 87 37 112 86 37 113 98 38 114 291 38 115 86 38 116 111 39 117 116 39 118 108 39 119 112 40 120 117 40 121 111 40 122 113 41 123 118 41 124 112 41 125 114 42 126 119 42 127 113 42 128 114 43 129 121 43 130 120 43 131 117 44 132 122 44 133 116 44 134 118 45 135 123 45 136 117 45 137 118 46 138 125 46 139 124 46 140 119 47 141 126 47 142 125 47 143 120 48 144 127 48 145 126 48 146 122 49 147 129 49 148 128 49 149 123 50 150 130 50 151 129 50 152 124 51 153 131 51 154 130 51 155 125 52 156 132 52 157 131 52 158 126 53 159 133 53 160 132 53 161 128 54 162 135 54 163 134 54 164 129 55 165 136 55 166 135 55 167 130 56 168 137 56 169 136 56 170 131 57 171 138 57 172 137 57 173 132 58 174 139 58 175 138 58 176 134 59 177 180 59 178 174 59 179 135 60 180 186 60 181 180 60 182 136 61 183 192 61 184 186 61 185 137 62 186 198 62 187 192 62 188 138 63 189 140 63 190 198 63 191 141 64 192 146 64 193 109 64 194 142 65 195 147 65 196 141 65 197 143 66 198 148 66 199 142 66 200 144 67 201 149 67 202 143 67 203 145 68 204 150 68 205 144 68 206 147 69 207 152 69 208 146 69 209 148 70 210 153 70 211 147 70 212 149 71 213 154 71 214 148 71 215 150 72 216 155 72 217 149 72 218 151 73 219 156 73 220 150 73 221 153 74 222 158 74 223 152 74 224 154 75 225 159 75 226 153 75 227 155 76 228 160 76 229 154 76 230 156 77 231 161 77 232 155 77 233 157 78 234 162 78 235 156 78 236 159 79 237 164 79 238 158 79 239 160 80 240 165 80 241 159 80 242 161 81 243 166 81 244 160 81 245 162 82 246 167 82 247 161 82 248 163 83 249 168 83 250 162 83 251 165 84 252 115 84 253 164 84 254 166 85 255 121 85 256 165 85 257 167 86 258 127 86 259 166 86 260 168 87 261 133 87 262 167 87 263 169 88 264 139 88 265 168 88 266 170 89 267 175 89 268 110 89 269 171 90 270 176 90 271 170 90 272 171 91 273 178 91 274 177 91 275 172 92 276 179 92 277 178 92 278 173 93 279 180 93 280 179 93 281 176 94 282 181 94 283 175 94 284 177 95 285 182 95 286 176 95 287 177 96 288 184 96 289 183 96 290 178 97 291 185 97 292 184 97 293 179 98 294 186 98 295 185 98 296 182 99 297 187 99 298 181 99 299 182 100 300 189 100 301 188 100 302 183 101 303 190 101 304 189 101 305 184 102 306 191 102 307 190 102 308 185 103 309 192 103 310 191 103 311 188 104 312 193 104 313 187 104 314 188 105 315 195 105 316 194 105 317 189 106 318 196 106 319 195 106 320 190 107 321 197 107 322 196 107 323 191 108 324 198 108 325 197 108 326 193 109 327 151 109 328 145 109 329 194 110 330 157 110 331 151 110 332 195 111 333 163 111 334 157 111 335 196 112 336 169 112 337 163 112 338 197 113 339 140 113 340 169 113 341 202 114 342 207 114 343 199 114 344 203 115 345 208 115 346 202 115 347 203 116 348 210 116 349 209 116 350 204 117 351 211 117 352 210 117 353 205 118 354 212 118 355 211 118 356 208 119 357 213 119 358 207 119 359 209 120 360 214 120 361 208 120 362 209 121 363 216 121 364 215 121 365 210 122 366 217 122 367 216 122 368 211 123 369 218 123 370 217 123 371 214 124 372 219 124 373 213 124 374 214 125 375 221 125 376 220 125 377 215 126 378 222 126 379 221 126 380 216 127 381 223 127 382 222 127 383 217 128 384 224 128 385 223 128 386 220 129 387 225 129 388 219 129 389 220 130 390 227 130 391 226 130 392 221 131 393 228 131 394 227 131 395 222 132 396 229 132 397 228 132 398 223 133 399 230 133 400 229 133 401 225 134 402 271 134 403 265 134 404 226 135 405 277 135 406 271 135 407 227 136 408 283 136 409 277 136 410 228 137 411 289 137 412 283 137 413 229 138 414 231 138 415 289 138 416 232 139 417 237 139 418 200 139 419 233 140 420 238 140 421 232 140 422 234 141 423 239 141 424 233 141 425 235 142 426 240 142 427 234 142 428 235 143 429 242 143 430 241 143 431 238 144 432 243 144 433 237 144 434 239 145 435 244 145 436 238 145 437 239 146 438 246 146 439 245 146 440 240 147 441 247 147 442 246 147 443 241 148 444 248 148 445 247 148 446 243 149 447 250 149 448 249 149 449 244 150 450 251 150 451 250 150 452 245 151 453 252 151 454 251 151 455 246 152 456 253 152 457 252 152 458 247 153 459 254 153 460 253 153 461 249 154 462 256 154 463 255 154 464 250 155 465 257 155 466 256 155 467 251 156 468 258 156 469 257 156 470 252 157 471 259 157 472 258 157 473 253 158 474 260 158 475 259 158 476 255 159 477 212 159 478 206 159 479 256 160 480 218 160 481 212 160 482 257 161 483 224 161 484 218 161 485 258 162 486 230 162 487 224 162 488 259 163 489 231 163 490 230 163 491 261 164 492 266 164 493 201 164 494 262 165 495 267 165 496 261 165 497 263 166 498 268 166 499 262 166 500 264 167 501 269 167 502 263 167 503 265 168 504 270 168 505 264 168 506 267 169 507 272 169 508 266 169 509 268 170 510 273 170 511 267 170 512 269 171 513 274 171 514 268 171 515 270 172 516 275 172 517 269 172 518 271 173 519 276 173 520 270 173 521 273 174 522 278 174 523 272 174 524 274 175 525 279 175 526 273 175 527 275 176 528 280 176 529 274 176 530 276 177 531 281 177 532 275 177 533 277 178 534 282 178 535 276 178 536 279 179 537 284 179 538 278 179 539 280 180 540 285 180 541 279 180 542 281 181 543 286 181 544 280 181 545 282 182 546 287 182 547 281 182 548 283 183 549 288 183 550 282 183 551 285 184 552 236 184 553 284 184 554 286 185 555 242 185 556 285 185 557 287 186 558 248 186 559 286 186 560 288 187 561 254 187 562 287 187 563 289 188 564 260 188 565 288 188 566 293 189 567 298 189 568 290 189 569 294 190 570 299 190 571 293 190 572 294 191 573 301 191 574 300 191 575 295 192 576 302 192 577 301 192 578 296 193 579 303 193 580 302 193 581 299 194 582 304 194 583 298 194 584 300 195 585 305 195 586 299 195 587 300 196 588 307 196 589 306 196 590 301 197 591 308 197 592 307 197 593 302 198 594 309 198 595 308 198 596 305 199 597 310 199 598 304 199 599 305 200 600 312 200 601 311 200 602 306 201 603 313 201 604 312 201 605 307 202 606 314 202 607 313 202 608 308 203 609 315 203 610 314 203 611 311 204 612 316 204 613 310 204 614 311 205 615 318 205 616 317 205 617 312 206 618 319 206 619 318 206 620 313 207 621 320 207 622 319 207 623 314 208 624 321 208 625 320 208 626 316 209 627 362 209 628 356 209 629 317 210 630 368 210 631 362 210 632 318 211 633 374 211 634 368 211 635 319 212 636 380 212 637 374 212 638 320 213 639 322 213 640 380 213 641 323 214 642 328 214 643 291 214 644 324 215 645 329 215 646 323 215 647 325 216 648 330 216 649 324 216 650 326 217 651 331 217 652 325 217 653 326 218 654 333 218 655 332 218 656 329 219 657 334 219 658 328 219 659 330 220 660 335 220 661 329 220 662 330 221 663 337 221 664 336 221 665 331 222 666 338 222 667 337 222 668 332 223 669 339 223 670 338 223 671 334 224 672 341 224 673 340 224 674 335 225 675 342 225 676 341 225 677 336 226 678 343 226 679 342 226 680 337 227 681 344 227 682 343 227 683 338 228 684 345 228 685 344 228 686 340 229 687 347 229 688 346 229 689 341 230 690 348 230 691 347 230 692 342 231 693 349 231 694 348 231 695 343 232 696 350 232 697 349 232 698 344 233 699 351 233 700 350 233 701 346 234 702 303 234 703 297 234 704 347 235 705 309 235 706 303 235 707 348 236 708 315 236 709 309 236 710 349 237 711 321 237 712 315 237 713 350 238 714 322 238 715 321 238 716 352 239 717 357 239 718 292 239 719 353 240 720 358 240 721 352 240 722 354 241 723 359 241 724 353 241 725 355 242 726 360 242 727 354 242 728 356 243 729 361 243 730 355 243 731 358 244 732 363 244 733 357 244 734 359 245 735 364 245 736 358 245 737 360 246 738 365 246 739 359 246 740 361 247 741 366 247 742 360 247 743 362 248 744 367 248 745 361 248 746 364 249 747 369 249 748 363 249 749 365 250 750 370 250 751 364 250 752 366 251 753 371 251 754 365 251 755 367 252 756 372 252 757 366 252 758 368 253 759 373 253 760 367 253 761 370 254 762 375 254 763 369 254 764 371 255 765 376 255 766 370 255 767 372 256 768 377 256 769 371 256 770 373 257 771 378 257 772 372 257 773 374 258 774 379 258 775 373 258 776 376 259 777 327 259 778 375 259 779 377 260 780 333 260 781 376 260 782 378 261 783 339 261 784 377 261 785 379 262 786 345 262 787 378 262 788 380 263 789 351 263 790 379 263 791 384 264 792 389 264 793 381 264 794 385 265 795 390 265 796 384 265 797 386 266 798 391 266 799 385 266 800 387 267 801 392 267 802 386 267 803 387 268 804 394 268 805 393 268 806 390 269 807 395 269 808 389 269 809 391 270 810 396 270 811 390 270 812 391 271 813 398 271 814 397 271 815 392 272 816 399 272 817 398 272 818 393 273 819 400 273 820 399 273 821 395 274 822 402 274 823 401 274 824 396 275 825 403 275 826 402 275 827 397 276 828 404 276 829 403 276 830 398 277 831 405 277 832 404 277 833 399 278 834 406 278 835 405 278 836 401 279 837 408 279 838 407 279 839 402 280 840 409 280 841 408 280 842 403 281 843 410 281 844 409 281 845 404 282 846 411 282 847 410 282 848 405 283 849 412 283 850 411 283 851 407 284 852 453 284 853 447 284 854 408 285 855 459 285 856 453 285 857 409 286 858 465 286 859 459 286 860 410 287 861 471 287 862 465 287 863 411 288 864 413 288 865 471 288 866 414 289 867 419 289 868 382 289 869 415 290 870 420 290 871 414 290 872 416 291 873 421 291 874 415 291 875 417 292 876 422 292 877 416 292 878 418 293 879 423 293 880 417 293 881 420 294 882 425 294 883 419 294 884 421 295 885 426 295 886 420 295 887 422 296 888 427 296 889 421 296 890 423 297 891 428 297 892 422 297 893 424 298 894 429 298 895 423 298 896 426 299 897 431 299 898 425 299 899 427 300 900 432 300 901 426 300 902 428 301 903 433 301 904 427 301 905 429 302 906 434 302 907 428 302 908 430 303 909 435 303 910 429 303 911 432 304 912 437 304 913 431 304 914 433 305 915 438 305 916 432 305 917 434 306 918 439 306 919 433 306 920 435 307 921 440 307 922 434 307 923 436 308 924 441 308 925 435 308 926 438 309 927 388 309 928 437 309 929 439 310 930 394 310 931 438 310 932 440 311 933 400 311 934 439 311 935 441 312 936 406 312 937 440 312 938 442 313 939 412 313 940 441 313 941 443 314 942 448 314 943 383 314 944 444 315 945 449 315 946 443 315 947 444 316 948 451 316 949 450 316 950 445 317 951 452 317 952 451 317 953 446 318 954 453 318 955 452 318 956 449 319 957 454 319 958 448 319 959 450 320 960 455 320 961 449 320 962 450 321 963 457 321 964 456 321 965 451 322 966 458 322 967 457 322 968 452 323 969 459 323 970 458 323 971 455 324 972 460 324 973 454 324 974 455 325 975 462 325 976 461 325 977 456 326 978 463 326 979 462 326 980 457 327 981 464 327 982 463 327 983 458 328 984 465 328 985 464 328 986 461 329 987 466 329 988 460 329 989 461 330 990 468 330 991 467 330 992 462 331 993 469 331 994 468 331 995 463 332 996 470 332 997 469 332 998 464 333 999 471 333 1000 470 333 1001 466 334 1002 424 334 1003 418 334 1004 467 335 1005 430 335 1006 424 335 1007 468 336 1008 436 336 1009 430 336 1010 469 337 1011 442 337 1012 436 337 1013 470 338 1014 413 338 1015 442 338 1016 87 339 1017 293 339 1018 290 339 1019 96 340 1020 294 340 1021 293 340 1022 95 341 1023 295 341 1024 294 341 1025 94 342 1026 296 342 1027 295 342 1028 93 343 1029 297 343 1030 296 343 1031 92 344 1032 346 344 1033 297 344 1034 91 345 1035 340 345 1036 346 345 1037 90 346 1038 334 346 1039 340 346 1040 89 347 1041 328 347 1042 334 347 1043 88 348 1044 291 348 1045 328 348 1046 381 349 1047 99 349 1048 97 349 1049 389 350 1050 100 350 1051 99 350 1052 395 351 1053 101 351 1054 100 351 1055 401 352 1056 102 352 1057 101 352 1058 407 353 1059 103 353 1060 102 353 1061 447 354 1062 104 354 1063 103 354 1064 446 355 1065 105 355 1066 104 355 1067 445 356 1068 106 356 1069 105 356 1070 444 357 1071 107 357 1072 106 357 1073 443 358 1074 98 358 1075 107 358 1076 292 359 1077 414 359 1078 382 359 1079 357 360 1080 415 360 1081 414 360 1082 363 361 1083 416 361 1084 415 361 1085 369 362 1086 417 362 1087 416 362 1088 375 363 1089 418 363 1090 417 363 1091 327 364 1092 466 364 1093 418 364 1094 326 365 1095 460 365 1096 466 365 1097 325 366 1098 454 366 1099 460 366 1100 324 367 1101 448 367 1102 454 367 1103 323 368 1104 383 368 1105 448 368 1106 290 369 1107 111 369 1108 108 369 1109 298 370 1110 112 370 1111 111 370 1112 304 371 1113 113 371 1114 112 371 1115 310 372 1116 114 372 1117 113 372 1118 316 373 1119 115 373 1120 114 373 1121 115 374 1122 355 374 1123 164 374 1124 355 375 1125 158 375 1126 164 375 1127 354 376 1128 152 376 1129 158 376 1130 353 377 1131 146 377 1132 152 377 1133 352 378 1134 109 378 1135 146 378 1136 199 379 1137 384 379 1138 381 379 1139 207 380 1140 385 380 1141 384 380 1142 213 381 1143 386 381 1144 385 381 1145 219 382 1146 387 382 1147 386 382 1148 225 383 1149 388 383 1150 387 383 1151 265 384 1152 437 384 1153 388 384 1154 264 385 1155 431 385 1156 437 385 1157 263 386 1158 425 386 1159 431 386 1160 262 387 1161 419 387 1162 425 387 1163 261 388 1164 382 388 1165 419 388 1166 200 389 1167 175 389 1168 232 389 1169 232 390 1170 181 390 1171 233 390 1172 233 391 1173 187 391 1174 234 391 1175 234 392 1176 193 392 1177 235 392 1178 193 393 1179 236 393 1180 235 393 1181 236 394 1182 144 394 1183 284 394 1184 284 395 1185 143 395 1186 278 395 1187 143 396 1188 272 396 1189 278 396 1190 142 397 1191 266 397 1192 272 397 1193 141 398 1194 201 398 1195 266 398 1196 108 399 1197 66 399 1198 64 399 1199 116 400 1200 67 400 1201 66 400 1202 122 401 1203 68 401 1204 67 401 1205 128 402 1206 69 402 1207 68 402 1208 134 403 1209 70 403 1210 69 403 1211 174 404 1212 71 404 1213 70 404 1214 173 405 1215 72 405 1216 71 405 1217 172 406 1218 73 406 1219 72 406 1220 171 407 1221 74 407 1222 73 407 1223 170 408 1224 65 408 1225 74 408 1226 76 409 1227 202 409 1228 199 409 1229 85 410 1230 203 410 1231 202 410 1232 84 411 1233 204 411 1234 203 411 1235 83 412 1236 205 412 1237 204 412 1238 82 413 1239 206 413 1240 205 413 1241 81 414 1242 255 414 1243 206 414 1244 80 415 1245 249 415 1246 255 415 1247 79 416 1248 243 416 1249 249 416 1250 78 417 1251 237 417 1252 243 417 1253 77 418 1254 200 418 1255 237 418 1256 290 419 1257 64 419 1258 87 419 1259 492 420 1260 493 420 1261 484 420 1262 503 421 1263 504 421 1264 495 421 1265 528 422 1266 506 422 1267 483 422 1268 539 423 1269 473 423 1270 494 423 1271 484 424 1272 507 424 1273 505 424 1274 493 425 1275 508 425 1276 507 425 1277 492 426 1278 509 426 1279 508 426 1280 491 427 1281 510 427 1282 509 427 1283 490 428 1284 511 428 1285 510 428 1286 489 429 1287 512 429 1288 511 429 1289 488 430 1290 513 430 1291 512 430 1292 487 431 1293 514 431 1294 513 431 1295 486 432 1296 515 432 1297 514 432 1298 485 433 1299 506 433 1300 515 433 1301 495 434 1302 474 434 1303 472 434 1304 504 435 1305 475 435 1306 474 435 1307 503 436 1308 476 436 1309 475 436 1310 502 437 1311 477 437 1312 476 437 1313 501 438 1314 478 438 1315 477 438 1316 500 439 1317 479 439 1318 478 439 1319 499 440 1320 480 440 1321 479 440 1322 498 441 1323 481 441 1324 480 441 1325 497 442 1326 482 442 1327 481 442 1328 496 443 1329 473 443 1330 482 443 1331 505 35 1332 472 35 1333 484 35 1334 550 444 1335 529 444 1336 527 444 1337 559 445 1338 530 445 1339 529 445 1340 558 446 1341 531 446 1342 530 446 1343 557 447 1344 532 447 1345 531 447 1346 556 448 1347 533 448 1348 532 448 1349 555 449 1350 534 449 1351 533 449 1352 554 450 1353 535 450 1354 534 450 1355 553 451 1356 536 451 1357 535 451 1358 552 452 1359 537 452 1360 536 452 1361 551 453 1362 528 453 1363 537 453 1364 517 454 1365 540 454 1366 538 454 1367 526 455 1368 541 455 1369 540 455 1370 525 456 1371 542 456 1372 541 456 1373 524 457 1374 543 457 1375 542 457 1376 523 458 1377 544 458 1378 543 458 1379 522 459 1380 545 459 1381 544 459 1382 521 460 1383 546 460 1384 545 460 1385 520 461 1386 547 461 1387 546 461 1388 519 462 1389 548 462 1390 547 462 1391 518 463 1392 539 463 1393 548 463 1394 527 37 1395 538 37 1396 550 37 1397 1 0 1398 3 0 1399 2 0 1400 3 464 1401 5 464 1402 4 464 1403 5 2 1404 7 2 1405 6 2 1406 7 465 1407 9 465 1408 8 465 1409 9 466 1410 11 466 1411 10 466 1412 11 5 1413 13 5 1414 12 5 1415 13 6 1416 15 6 1417 14 6 1418 15 7 1419 17 7 1420 16 7 1421 17 467 1422 19 467 1423 18 467 1424 19 9 1425 21 9 1426 20 9 1427 21 468 1428 23 468 1429 22 468 1430 23 469 1431 25 469 1432 24 469 1433 25 12 1434 27 12 1435 26 12 1436 27 13 1437 29 13 1438 28 13 1439 29 470 1440 31 470 1441 30 470 1442 31 15 1443 33 15 1444 32 15 1445 33 16 1446 35 16 1447 34 16 1448 35 471 1449 37 471 1450 36 471 1451 37 18 1452 39 18 1453 38 18 1454 39 472 1455 41 472 1456 40 472 1457 41 473 1458 43 473 1459 42 473 1460 43 21 1461 45 21 1462 44 21 1463 45 474 1464 47 474 1465 46 474 1466 47 475 1467 49 475 1468 48 475 1469 49 476 1470 51 476 1471 50 476 1472 51 25 1473 53 25 1474 52 25 1475 53 477 1476 55 477 1477 54 477 1478 55 27 1479 57 27 1480 56 27 1481 57 478 1482 59 478 1483 58 478 1484 59 29 1485 61 29 1486 60 29 1487 5 479 1488 3 479 1489 1 479 1490 1 479 1491 63 479 1492 5 479 1493 63 479 1494 61 479 1495 5 479 1496 61 479 1497 59 479 1498 57 479 1499 57 479 1500 55 479 1501 53 479 1502 53 480 1503 51 480 1504 49 480 1505 49 479 1506 47 479 1507 53 479 1508 47 479 1509 45 479 1510 53 479 1511 45 479 1512 43 479 1513 37 479 1514 43 479 1515 41 479 1516 37 479 1517 41 479 1518 39 479 1519 37 479 1520 37 479 1521 35 479 1522 33 479 1523 33 479 1524 31 479 1525 29 479 1526 29 479 1527 27 479 1528 25 479 1529 25 479 1530 23 479 1531 21 479 1532 21 481 1533 19 481 1534 17 481 1535 17 479 1536 15 479 1537 21 479 1538 15 479 1539 13 479 1540 21 479 1541 13 479 1542 11 479 1543 9 479 1544 9 479 1545 7 479 1546 5 479 1547 61 479 1548 57 479 1549 5 479 1550 57 479 1551 53 479 1552 5 479 1553 37 479 1554 33 479 1555 21 479 1556 33 479 1557 29 479 1558 21 479 1559 29 479 1560 25 479 1561 21 479 1562 13 482 1563 9 482 1564 21 482 1565 9 483 1566 5 483 1567 21 483 1568 53 484 1569 45 484 1570 37 484 1571 5 479 1572 53 479 1573 21 479 1574 61 485 1575 63 485 1576 62 485 1577 63 32 1578 1 32 1579 0 32 1580 62 33 1581 0 33 1582 2 33 1583 2 33 1584 4 33 1585 6 33 1586 6 33 1587 8 33 1588 10 33 1589 10 33 1590 12 33 1591 6 33 1592 12 33 1593 14 33 1594 6 33 1595 14 33 1596 16 33 1597 18 33 1598 18 33 1599 20 33 1600 14 33 1601 20 33 1602 22 33 1603 14 33 1604 22 33 1605 24 33 1606 30 33 1607 24 33 1608 26 33 1609 30 33 1610 26 33 1611 28 33 1612 30 33 1613 30 33 1614 32 33 1615 34 33 1616 34 33 1617 36 33 1618 38 33 1619 38 33 1620 40 33 1621 42 33 1622 42 33 1623 44 33 1624 46 33 1625 46 486 1626 48 486 1627 50 486 1628 50 487 1629 52 487 1630 54 487 1631 54 33 1632 56 33 1633 62 33 1634 56 33 1635 58 33 1636 62 33 1637 58 33 1638 60 33 1639 62 33 1640 62 33 1641 2 33 1642 6 33 1643 30 33 1644 34 33 1645 46 33 1646 34 33 1647 38 33 1648 46 33 1649 38 33 1650 42 33 1651 46 33 1652 46 488 1653 50 488 1654 62 488 1655 50 33 1656 54 33 1657 62 33 1658 62 33 1659 6 33 1660 14 33 1661 14 33 1662 22 33 1663 30 33 1664 62 489 1665 14 489 1666 46 489 1667 200 490 1668 75 490 1669 65 490 1670 382 35 1671 201 35 1672 109 35 1673 97 491 1674 76 491 1675 199 491 1676 87 37 1677 64 37 1678 76 37 1679 64 37 1680 66 37 1681 65 37 1682 76 492 1683 64 492 1684 75 492 1685 66 37 1686 67 37 1687 65 37 1688 67 37 1689 68 37 1690 65 37 1691 68 37 1692 69 37 1693 65 37 1694 69 493 1695 70 493 1696 65 493 1697 70 37 1698 71 37 1699 65 37 1700 71 37 1701 72 37 1702 65 37 1703 72 494 1704 73 494 1705 65 494 1706 73 495 1707 74 495 1708 65 495 1709 65 496 1710 75 496 1711 64 496 1712 75 497 1713 77 497 1714 78 497 1715 78 37 1716 79 37 1717 75 37 1718 79 37 1719 80 37 1720 75 37 1721 80 37 1722 81 37 1723 75 37 1724 81 37 1725 82 37 1726 75 37 1727 82 37 1728 83 37 1729 75 37 1730 83 37 1731 84 37 1732 75 37 1733 84 37 1734 85 37 1735 75 37 1736 85 37 1737 76 37 1738 75 37 1739 76 37 1740 97 37 1741 87 37 1742 97 37 1743 99 37 1744 98 37 1745 87 498 1746 97 498 1747 86 498 1748 99 37 1749 100 37 1750 98 37 1751 100 37 1752 101 37 1753 98 37 1754 101 37 1755 102 37 1756 98 37 1757 102 499 1758 103 499 1759 98 499 1760 103 37 1761 104 37 1762 98 37 1763 104 37 1764 105 37 1765 98 37 1766 105 500 1767 106 500 1768 98 500 1769 106 501 1770 107 501 1771 98 501 1772 98 502 1773 86 502 1774 97 502 1775 86 503 1776 88 503 1777 89 503 1778 89 37 1779 90 37 1780 86 37 1781 90 37 1782 91 37 1783 86 37 1784 91 37 1785 92 37 1786 86 37 1787 92 37 1788 93 37 1789 86 37 1790 93 37 1791 94 37 1792 86 37 1793 94 37 1794 95 37 1795 86 37 1796 95 37 1797 96 37 1798 86 37 1799 98 504 1800 383 504 1801 291 504 1802 111 505 1803 117 505 1804 116 505 1805 112 506 1806 118 506 1807 117 506 1808 113 507 1809 119 507 1810 118 507 1811 114 508 1812 120 508 1813 119 508 1814 114 509 1815 115 509 1816 121 509 1817 117 510 1818 123 510 1819 122 510 1820 118 511 1821 124 511 1822 123 511 1823 118 512 1824 119 512 1825 125 512 1826 119 513 1827 120 513 1828 126 513 1829 120 514 1830 121 514 1831 127 514 1832 122 515 1833 123 515 1834 129 515 1835 123 516 1836 124 516 1837 130 516 1838 124 517 1839 125 517 1840 131 517 1841 125 518 1842 126 518 1843 132 518 1844 126 519 1845 127 519 1846 133 519 1847 128 520 1848 129 520 1849 135 520 1850 129 521 1851 130 521 1852 136 521 1853 130 522 1854 131 522 1855 137 522 1856 131 523 1857 132 523 1858 138 523 1859 132 524 1860 133 524 1861 139 524 1862 134 525 1863 135 525 1864 180 525 1865 135 526 1866 136 526 1867 186 526 1868 136 527 1869 137 527 1870 192 527 1871 137 528 1872 138 528 1873 198 528 1874 138 529 1875 139 529 1876 140 529 1877 141 530 1878 147 530 1879 146 530 1880 142 531 1881 148 531 1882 147 531 1883 143 532 1884 149 532 1885 148 532 1886 144 533 1887 150 533 1888 149 533 1889 145 534 1890 151 534 1891 150 534 1892 147 535 1893 153 535 1894 152 535 1895 148 536 1896 154 536 1897 153 536 1898 149 537 1899 155 537 1900 154 537 1901 150 538 1902 156 538 1903 155 538 1904 151 539 1905 157 539 1906 156 539 1907 153 540 1908 159 540 1909 158 540 1910 154 541 1911 160 541 1912 159 541 1913 155 542 1914 161 542 1915 160 542 1916 156 543 1917 162 543 1918 161 543 1919 157 544 1920 163 544 1921 162 544 1922 159 545 1923 165 545 1924 164 545 1925 160 546 1926 166 546 1927 165 546 1928 161 547 1929 167 547 1930 166 547 1931 162 548 1932 168 548 1933 167 548 1934 163 549 1935 169 549 1936 168 549 1937 165 550 1938 121 550 1939 115 550 1940 166 551 1941 127 551 1942 121 551 1943 167 552 1944 133 552 1945 127 552 1946 168 553 1947 139 553 1948 133 553 1949 169 554 1950 140 554 1951 139 554 1952 170 555 1953 176 555 1954 175 555 1955 171 556 1956 177 556 1957 176 556 1958 171 557 1959 172 557 1960 178 557 1961 172 558 1962 173 558 1963 179 558 1964 173 559 1965 174 559 1966 180 559 1967 176 560 1968 182 560 1969 181 560 1970 177 561 1971 183 561 1972 182 561 1973 177 562 1974 178 562 1975 184 562 1976 178 563 1977 179 563 1978 185 563 1979 179 564 1980 180 564 1981 186 564 1982 182 565 1983 188 565 1984 187 565 1985 182 566 1986 183 566 1987 189 566 1988 183 567 1989 184 567 1990 190 567 1991 184 568 1992 185 568 1993 191 568 1994 185 569 1995 186 569 1996 192 569 1997 188 570 1998 194 570 1999 193 570 2000 188 571 2001 189 571 2002 195 571 2003 189 572 2004 190 572 2005 196 572 2006 190 573 2007 191 573 2008 197 573 2009 191 574 2010 192 574 2011 198 574 2012 193 575 2013 194 575 2014 151 575 2015 194 576 2016 195 576 2017 157 576 2018 195 577 2019 196 577 2020 163 577 2021 196 578 2022 197 578 2023 169 578 2024 197 579 2025 198 579 2026 140 579 2027 202 580 2028 208 580 2029 207 580 2030 203 581 2031 209 581 2032 208 581 2033 203 582 2034 204 582 2035 210 582 2036 204 583 2037 205 583 2038 211 583 2039 205 584 2040 206 584 2041 212 584 2042 208 585 2043 214 585 2044 213 585 2045 209 586 2046 215 586 2047 214 586 2048 209 587 2049 210 587 2050 216 587 2051 210 588 2052 211 588 2053 217 588 2054 211 589 2055 212 589 2056 218 589 2057 214 590 2058 220 590 2059 219 590 2060 214 591 2061 215 591 2062 221 591 2063 215 592 2064 216 592 2065 222 592 2066 216 593 2067 217 593 2068 223 593 2069 217 594 2070 218 594 2071 224 594 2072 220 595 2073 226 595 2074 225 595 2075 220 596 2076 221 596 2077 227 596 2078 221 597 2079 222 597 2080 228 597 2081 222 598 2082 223 598 2083 229 598 2084 223 599 2085 224 599 2086 230 599 2087 225 600 2088 226 600 2089 271 600 2090 226 601 2091 227 601 2092 277 601 2093 227 602 2094 228 602 2095 283 602 2096 228 603 2097 229 603 2098 289 603 2099 229 604 2100 230 604 2101 231 604 2102 232 605 2103 238 605 2104 237 605 2105 233 606 2106 239 606 2107 238 606 2108 234 607 2109 240 607 2110 239 607 2111 235 608 2112 241 608 2113 240 608 2114 235 609 2115 236 609 2116 242 609 2117 238 610 2118 244 610 2119 243 610 2120 239 611 2121 245 611 2122 244 611 2123 239 612 2124 240 612 2125 246 612 2126 240 613 2127 241 613 2128 247 613 2129 241 614 2130 242 614 2131 248 614 2132 243 615 2133 244 615 2134 250 615 2135 244 616 2136 245 616 2137 251 616 2138 245 617 2139 246 617 2140 252 617 2141 246 618 2142 247 618 2143 253 618 2144 247 619 2145 248 619 2146 254 619 2147 249 620 2148 250 620 2149 256 620 2150 250 621 2151 251 621 2152 257 621 2153 251 622 2154 252 622 2155 258 622 2156 252 623 2157 253 623 2158 259 623 2159 253 624 2160 254 624 2161 260 624 2162 255 625 2163 256 625 2164 212 625 2165 256 626 2166 257 626 2167 218 626 2168 257 627 2169 258 627 2170 224 627 2171 258 628 2172 259 628 2173 230 628 2174 259 629 2175 260 629 2176 231 629 2177 261 630 2178 267 630 2179 266 630 2180 262 631 2181 268 631 2182 267 631 2183 263 632 2184 269 632 2185 268 632 2186 264 633 2187 270 633 2188 269 633 2189 265 634 2190 271 634 2191 270 634 2192 267 635 2193 273 635 2194 272 635 2195 268 636 2196 274 636 2197 273 636 2198 269 637 2199 275 637 2200 274 637 2201 270 638 2202 276 638 2203 275 638 2204 271 639 2205 277 639 2206 276 639 2207 273 640 2208 279 640 2209 278 640 2210 274 641 2211 280 641 2212 279 641 2213 275 642 2214 281 642 2215 280 642 2216 276 643 2217 282 643 2218 281 643 2219 277 644 2220 283 644 2221 282 644 2222 279 645 2223 285 645 2224 284 645 2225 280 646 2226 286 646 2227 285 646 2228 281 647 2229 287 647 2230 286 647 2231 282 648 2232 288 648 2233 287 648 2234 283 649 2235 289 649 2236 288 649 2237 285 650 2238 242 650 2239 236 650 2240 286 651 2241 248 651 2242 242 651 2243 287 652 2244 254 652 2245 248 652 2246 288 653 2247 260 653 2248 254 653 2249 289 654 2250 231 654 2251 260 654 2252 293 655 2253 299 655 2254 298 655 2255 294 656 2256 300 656 2257 299 656 2258 294 657 2259 295 657 2260 301 657 2261 295 658 2262 296 658 2263 302 658 2264 296 659 2265 297 659 2266 303 659 2267 299 660 2268 305 660 2269 304 660 2270 300 661 2271 306 661 2272 305 661 2273 300 662 2274 301 662 2275 307 662 2276 301 663 2277 302 663 2278 308 663 2279 302 664 2280 303 664 2281 309 664 2282 305 665 2283 311 665 2284 310 665 2285 305 666 2286 306 666 2287 312 666 2288 306 667 2289 307 667 2290 313 667 2291 307 668 2292 308 668 2293 314 668 2294 308 669 2295 309 669 2296 315 669 2297 311 670 2298 317 670 2299 316 670 2300 311 671 2301 312 671 2302 318 671 2303 312 672 2304 313 672 2305 319 672 2306 313 673 2307 314 673 2308 320 673 2309 314 674 2310 315 674 2311 321 674 2312 316 675 2313 317 675 2314 362 675 2315 317 676 2316 318 676 2317 368 676 2318 318 677 2319 319 677 2320 374 677 2321 319 678 2322 320 678 2323 380 678 2324 320 679 2325 321 679 2326 322 679 2327 323 680 2328 329 680 2329 328 680 2330 324 681 2331 330 681 2332 329 681 2333 325 682 2334 331 682 2335 330 682 2336 326 683 2337 332 683 2338 331 683 2339 326 684 2340 327 684 2341 333 684 2342 329 685 2343 335 685 2344 334 685 2345 330 686 2346 336 686 2347 335 686 2348 330 687 2349 331 687 2350 337 687 2351 331 688 2352 332 688 2353 338 688 2354 332 689 2355 333 689 2356 339 689 2357 334 690 2358 335 690 2359 341 690 2360 335 691 2361 336 691 2362 342 691 2363 336 692 2364 337 692 2365 343 692 2366 337 693 2367 338 693 2368 344 693 2369 338 694 2370 339 694 2371 345 694 2372 340 695 2373 341 695 2374 347 695 2375 341 696 2376 342 696 2377 348 696 2378 342 697 2379 343 697 2380 349 697 2381 343 698 2382 344 698 2383 350 698 2384 344 699 2385 345 699 2386 351 699 2387 346 700 2388 347 700 2389 303 700 2390 347 701 2391 348 701 2392 309 701 2393 348 702 2394 349 702 2395 315 702 2396 349 703 2397 350 703 2398 321 703 2399 350 704 2400 351 704 2401 322 704 2402 352 705 2403 358 705 2404 357 705 2405 353 706 2406 359 706 2407 358 706 2408 354 707 2409 360 707 2410 359 707 2411 355 708 2412 361 708 2413 360 708 2414 356 709 2415 362 709 2416 361 709 2417 358 710 2418 364 710 2419 363 710 2420 359 711 2421 365 711 2422 364 711 2423 360 712 2424 366 712 2425 365 712 2426 361 713 2427 367 713 2428 366 713 2429 362 714 2430 368 714 2431 367 714 2432 364 715 2433 370 715 2434 369 715 2435 365 716 2436 371 716 2437 370 716 2438 366 717 2439 372 717 2440 371 717 2441 367 718 2442 373 718 2443 372 718 2444 368 719 2445 374 719 2446 373 719 2447 370 720 2448 376 720 2449 375 720 2450 371 721 2451 377 721 2452 376 721 2453 372 722 2454 378 722 2455 377 722 2456 373 723 2457 379 723 2458 378 723 2459 374 724 2460 380 724 2461 379 724 2462 376 725 2463 333 725 2464 327 725 2465 377 726 2466 339 726 2467 333 726 2468 378 727 2469 345 727 2470 339 727 2471 379 728 2472 351 728 2473 345 728 2474 380 729 2475 322 729 2476 351 729 2477 384 730 2478 390 730 2479 389 730 2480 385 731 2481 391 731 2482 390 731 2483 386 732 2484 392 732 2485 391 732 2486 387 733 2487 393 733 2488 392 733 2489 387 734 2490 388 734 2491 394 734 2492 390 735 2493 396 735 2494 395 735 2495 391 736 2496 397 736 2497 396 736 2498 391 737 2499 392 737 2500 398 737 2501 392 738 2502 393 738 2503 399 738 2504 393 739 2505 394 739 2506 400 739 2507 395 740 2508 396 740 2509 402 740 2510 396 741 2511 397 741 2512 403 741 2513 397 742 2514 398 742 2515 404 742 2516 398 743 2517 399 743 2518 405 743 2519 399 744 2520 400 744 2521 406 744 2522 401 745 2523 402 745 2524 408 745 2525 402 746 2526 403 746 2527 409 746 2528 403 747 2529 404 747 2530 410 747 2531 404 748 2532 405 748 2533 411 748 2534 405 749 2535 406 749 2536 412 749 2537 407 750 2538 408 750 2539 453 750 2540 408 751 2541 409 751 2542 459 751 2543 409 752 2544 410 752 2545 465 752 2546 410 753 2547 411 753 2548 471 753 2549 411 754 2550 412 754 2551 413 754 2552 414 755 2553 420 755 2554 419 755 2555 415 756 2556 421 756 2557 420 756 2558 416 757 2559 422 757 2560 421 757 2561 417 758 2562 423 758 2563 422 758 2564 418 759 2565 424 759 2566 423 759 2567 420 760 2568 426 760 2569 425 760 2570 421 761 2571 427 761 2572 426 761 2573 422 762 2574 428 762 2575 427 762 2576 423 763 2577 429 763 2578 428 763 2579 424 764 2580 430 764 2581 429 764 2582 426 765 2583 432 765 2584 431 765 2585 427 766 2586 433 766 2587 432 766 2588 428 767 2589 434 767 2590 433 767 2591 429 768 2592 435 768 2593 434 768 2594 430 769 2595 436 769 2596 435 769 2597 432 770 2598 438 770 2599 437 770 2600 433 771 2601 439 771 2602 438 771 2603 434 772 2604 440 772 2605 439 772 2606 435 773 2607 441 773 2608 440 773 2609 436 774 2610 442 774 2611 441 774 2612 438 775 2613 394 775 2614 388 775 2615 439 776 2616 400 776 2617 394 776 2618 440 777 2619 406 777 2620 400 777 2621 441 778 2622 412 778 2623 406 778 2624 442 779 2625 413 779 2626 412 779 2627 443 780 2628 449 780 2629 448 780 2630 444 781 2631 450 781 2632 449 781 2633 444 782 2634 445 782 2635 451 782 2636 445 783 2637 446 783 2638 452 783 2639 446 784 2640 447 784 2641 453 784 2642 449 785 2643 455 785 2644 454 785 2645 450 786 2646 456 786 2647 455 786 2648 450 787 2649 451 787 2650 457 787 2651 451 788 2652 452 788 2653 458 788 2654 452 789 2655 453 789 2656 459 789 2657 455 790 2658 461 790 2659 460 790 2660 455 791 2661 456 791 2662 462 791 2663 456 792 2664 457 792 2665 463 792 2666 457 793 2667 458 793 2668 464 793 2669 458 794 2670 459 794 2671 465 794 2672 461 795 2673 467 795 2674 466 795 2675 461 796 2676 462 796 2677 468 796 2678 462 797 2679 463 797 2680 469 797 2681 463 798 2682 464 798 2683 470 798 2684 464 799 2685 465 799 2686 471 799 2687 466 800 2688 467 800 2689 424 800 2690 467 801 2691 468 801 2692 430 801 2693 468 802 2694 469 802 2695 436 802 2696 469 803 2697 470 803 2698 442 803 2699 470 804 2700 471 804 2701 413 804 2702 87 805 2703 96 805 2704 293 805 2705 96 806 2706 95 806 2707 294 806 2708 95 807 2709 94 807 2710 295 807 2711 94 808 2712 93 808 2713 296 808 2714 93 809 2715 92 809 2716 297 809 2717 92 810 2718 91 810 2719 346 810 2720 91 811 2721 90 811 2722 340 811 2723 90 812 2724 89 812 2725 334 812 2726 89 813 2727 88 813 2728 328 813 2729 88 814 2730 86 814 2731 291 814 2732 381 815 2733 389 815 2734 99 815 2735 389 816 2736 395 816 2737 100 816 2738 395 817 2739 401 817 2740 101 817 2741 401 818 2742 407 818 2743 102 818 2744 407 819 2745 447 819 2746 103 819 2747 447 820 2748 446 820 2749 104 820 2750 446 821 2751 445 821 2752 105 821 2753 445 822 2754 444 822 2755 106 822 2756 444 823 2757 443 823 2758 107 823 2759 443 824 2760 383 824 2761 98 824 2762 292 359 2763 357 359 2764 414 359 2765 357 825 2766 363 825 2767 415 825 2768 363 826 2769 369 826 2770 416 826 2771 369 827 2772 375 827 2773 417 827 2774 375 828 2775 327 828 2776 418 828 2777 327 364 2778 326 364 2779 466 364 2780 326 829 2781 325 829 2782 460 829 2783 325 830 2784 324 830 2785 454 830 2786 324 831 2787 323 831 2788 448 831 2789 323 832 2790 291 832 2791 383 832 2792 290 833 2793 298 833 2794 111 833 2795 298 834 2796 304 834 2797 112 834 2798 304 835 2799 310 835 2800 113 835 2801 310 836 2802 316 836 2803 114 836 2804 316 837 2805 356 837 2806 115 837 2807 115 838 2808 356 838 2809 355 838 2810 355 839 2811 354 839 2812 158 839 2813 354 840 2814 353 840 2815 152 840 2816 353 841 2817 352 841 2818 146 841 2819 352 842 2820 292 842 2821 109 842 2822 199 843 2823 207 843 2824 384 843 2825 207 844 2826 213 844 2827 385 844 2828 213 845 2829 219 845 2830 386 845 2831 219 846 2832 225 846 2833 387 846 2834 225 847 2835 265 847 2836 388 847 2837 265 848 2838 264 848 2839 437 848 2840 264 849 2841 263 849 2842 431 849 2843 263 850 2844 262 850 2845 425 850 2846 262 851 2847 261 851 2848 419 851 2849 261 852 2850 201 852 2851 382 852 2852 200 853 2853 110 853 2854 175 853 2855 232 854 2856 175 854 2857 181 854 2858 233 855 2859 181 855 2860 187 855 2861 234 856 2862 187 856 2863 193 856 2864 193 393 2865 145 393 2866 236 393 2867 236 857 2868 145 857 2869 144 857 2870 284 858 2871 144 858 2872 143 858 2873 143 859 2874 142 859 2875 272 859 2876 142 860 2877 141 860 2878 266 860 2879 141 398 2880 109 398 2881 201 398 2882 108 861 2883 116 861 2884 66 861 2885 116 862 2886 122 862 2887 67 862 2888 122 863 2889 128 863 2890 68 863 2891 128 864 2892 134 864 2893 69 864 2894 134 865 2895 174 865 2896 70 865 2897 174 866 2898 173 866 2899 71 866 2900 173 867 2901 172 867 2902 72 867 2903 172 868 2904 171 868 2905 73 868 2906 171 869 2907 170 869 2908 74 869 2909 170 870 2910 110 870 2911 65 870 2912 76 871 2913 85 871 2914 202 871 2915 85 872 2916 84 872 2917 203 872 2918 84 873 2919 83 873 2920 204 873 2921 83 874 2922 82 874 2923 205 874 2924 82 875 2925 81 875 2926 206 875 2927 81 876 2928 80 876 2929 255 876 2930 80 877 2931 79 877 2932 249 877 2933 79 878 2934 78 878 2935 243 878 2936 78 879 2937 77 879 2938 237 879 2939 77 880 2940 75 880 2941 200 880 2942 290 881 2943 108 881 2944 64 881 2945 484 882 2946 472 882 2947 475 882 2948 472 420 2949 474 420 2950 475 420 2951 475 420 2952 476 420 2953 492 420 2954 484 420 2955 475 420 2956 492 420 2957 476 420 2958 477 420 2959 490 420 2960 477 420 2961 478 420 2962 490 420 2963 478 883 2964 479 883 2965 488 883 2966 479 420 2967 480 420 2968 488 420 2969 480 420 2970 481 420 2971 486 420 2972 481 420 2973 482 420 2974 486 420 2975 482 420 2976 473 420 2977 483 420 2978 473 420 2979 516 420 2980 483 420 2981 516 420 2982 518 420 2983 537 420 2984 518 420 2985 519 420 2986 537 420 2987 519 884 2988 520 884 2989 535 884 2990 520 420 2991 521 420 2992 535 420 2993 521 420 2994 522 420 2995 533 420 2996 522 885 2997 523 885 2998 533 885 2999 523 420 3000 524 420 3001 531 420 3002 524 420 3003 525 420 3004 530 420 3005 530 420 3006 525 420 3007 527 420 3008 525 420 3009 526 420 3010 517 420 3011 517 886 3012 527 886 3013 525 886 3014 527 420 3015 529 420 3016 530 420 3017 530 887 3018 531 887 3019 524 887 3020 531 420 3021 532 420 3022 523 420 3023 532 420 3024 533 420 3025 523 420 3026 533 888 3027 534 888 3028 521 888 3029 534 420 3030 535 420 3031 521 420 3032 535 420 3033 536 420 3034 519 420 3035 536 420 3036 537 420 3037 519 420 3038 537 420 3039 528 420 3040 516 420 3041 528 420 3042 483 420 3043 516 420 3044 483 420 3045 485 420 3046 482 420 3047 485 420 3048 486 420 3049 482 420 3050 486 889 3051 487 889 3052 480 889 3053 487 420 3054 488 420 3055 480 420 3056 488 420 3057 489 420 3058 478 420 3059 489 890 3060 490 890 3061 478 890 3062 490 420 3063 491 420 3064 476 420 3065 491 891 3066 492 891 3067 476 891 3068 495 892 3069 505 892 3070 508 892 3071 505 421 3072 507 421 3073 508 421 3074 508 421 3075 509 421 3076 503 421 3077 495 421 3078 508 421 3079 503 421 3080 509 421 3081 510 421 3082 501 421 3083 510 421 3084 511 421 3085 501 421 3086 511 421 3087 512 421 3088 499 421 3089 512 421 3090 513 421 3091 499 421 3092 513 893 3093 514 893 3094 497 893 3095 514 421 3096 515 421 3097 497 421 3098 515 421 3099 506 421 3100 494 421 3101 506 421 3102 549 421 3103 494 421 3104 549 421 3105 551 421 3106 548 421 3107 551 421 3108 552 421 3109 548 421 3110 552 421 3111 553 421 3112 546 421 3113 553 421 3114 554 421 3115 546 421 3116 554 894 3117 555 894 3118 544 894 3119 555 421 3120 556 421 3121 544 421 3122 556 421 3123 557 421 3124 542 421 3125 557 421 3126 558 421 3127 541 421 3128 541 421 3129 558 421 3130 538 421 3131 558 421 3132 559 421 3133 550 421 3134 550 421 3135 538 421 3136 558 421 3137 538 421 3138 540 421 3139 541 421 3140 541 421 3141 542 421 3142 557 421 3143 542 421 3144 543 421 3145 556 421 3146 543 421 3147 544 421 3148 556 421 3149 544 421 3150 545 421 3151 554 421 3152 545 421 3153 546 421 3154 554 421 3155 546 895 3156 547 895 3157 552 895 3158 547 421 3159 548 421 3160 552 421 3161 548 421 3162 539 421 3163 549 421 3164 539 421 3165 494 421 3166 549 421 3167 494 421 3168 496 421 3169 515 421 3170 496 421 3171 497 421 3172 515 421 3173 497 421 3174 498 421 3175 513 421 3176 498 421 3177 499 421 3178 513 421 3179 499 896 3180 500 896 3181 511 896 3182 500 421 3183 501 421 3184 511 421 3185 501 421 3186 502 421 3187 509 421 3188 502 421 3189 503 421 3190 509 421 3191 528 422 3192 549 422 3193 506 422 3194 539 423 3195 516 423 3196 473 423 3197 484 897 3198 493 897 3199 507 897 3200 493 898 3201 492 898 3202 508 898 3203 492 426 3204 491 426 3205 509 426 3206 491 899 3207 490 899 3208 510 899 3209 490 428 3210 489 428 3211 511 428 3212 489 429 3213 488 429 3214 512 429 3215 488 900 3216 487 900 3217 513 900 3218 487 901 3219 486 901 3220 514 901 3221 486 902 3222 485 902 3223 515 902 3224 485 903 3225 483 903 3226 506 903 3227 495 904 3228 504 904 3229 474 904 3230 504 905 3231 503 905 3232 475 905 3233 503 436 3234 502 436 3235 476 436 3236 502 906 3237 501 906 3238 477 906 3239 501 438 3240 500 438 3241 478 438 3242 500 439 3243 499 439 3244 479 439 3245 499 907 3246 498 907 3247 480 907 3248 498 908 3249 497 908 3250 481 908 3251 497 909 3252 496 909 3253 482 909 3254 496 910 3255 494 910 3256 473 910 3257 505 35 3258 495 35 3259 472 35 3260 550 911 3261 559 911 3262 529 911 3263 559 445 3264 558 445 3265 530 445 3266 558 912 3267 557 912 3268 531 912 3269 557 913 3270 556 913 3271 532 913 3272 556 914 3273 555 914 3274 533 914 3275 555 449 3276 554 449 3277 534 449 3278 554 915 3279 553 915 3280 535 915 3281 553 451 3282 552 451 3283 536 451 3284 552 452 3285 551 452 3286 537 452 3287 551 453 3288 549 453 3289 528 453 3290 517 916 3291 526 916 3292 540 916 3293 526 455 3294 525 455 3295 541 455 3296 525 917 3297 524 917 3298 542 917 3299 524 918 3300 523 918 3301 543 918 3302 523 919 3303 522 919 3304 544 919 3305 522 459 3306 521 459 3307 545 459 3308 521 920 3309 520 920 3310 546 920 3311 520 461 3312 519 461 3313 547 461 3314 519 462 3315 518 462 3316 548 462 3317 518 463 3318 516 463 3319 539 463 3320 527 37 3321 517 37 3322 538 37 3323</p>
        </triangles>
      </mesh>
    </geometry>
  </library_geometries>
  <library_visual_scenes>
    <visual_scene id="Scene" name="Scene">
      <node id="Cylinder_007" name="Cylinder.007" type="NODE">
        <matrix sid="transform">0.0025 0 0 0 0 0.0025 5.78684e-7 0 0 -5.67337e-8 0.0255 0 0 0 0 1</matrix>
        <instance_geometry url="#Cylinder_007-mesh" name="Cylinder.007"/>
      </node>
    </visual_scene>
  </library_visual_scenes>
  <scene>
    <instance_visual_scene url="#Scene"/>
  </scene>
</COLLADA>