<?xml version="1.0" encoding="utf-8"?>
<COLLADA xmlns="http://www.collada.org/2005/11/COLLADASchema" version="1.4.1" xmlns:xsi="http://www.w3.org/2001/XMLSchema-instance">
  <asset>
    <contributor>
      <author>Blender User</author>
      <authoring_tool>Blender 2.83.20 commit date:2022-04-19, commit time:16:00, hash:a56e2faeb7a9</authoring_tool>
    </contributor>
    <created>2026-07-09T13:01:50</created>
    <modified>2026-07-09T13:01:50</modified>
    <unit name="meter" meter="1"/>
    <up_axis>Z_UP</up_axis>
  </asset>
  <library_effects>
    <effect id="Metal21-basecolor-effect">
      <profile_COMMON>
        <newparam sid="BaseColor_-_복사본_png-surface">
          <surface type="2D">
            <init_from>BaseColor_-_복사본_png</init_from>
          </surface>
        </newparam>
        <newparam sid="BaseColor_-_복사본_png-sampler">
          <sampler2D>
            <source>BaseColor_-_복사본_png-surface</source>
          </sampler2D>
        </newparam>
        <technique sid="common">
          <lambert>
            <emission>
              <color sid="emission">0 0 0 1</color>
            </emission>
            <diffuse>
              <texture texture="BaseColor_-_복사본_png-sampler" texcoord="ID2551"/>
            </diffuse>
            <index_of_refraction>
              <float sid="ior">1.45</float>
            </index_of_refraction>
          </lambert>
        </technique>
      </profile_COMMON>
    </effect>
  </library_effects>
  <library_images>
    <image id="BaseColor_-_복사본_png" name="BaseColor_-_복사본_png">
      <init_from>BaseColor%20-%20%EB%B3%B5%EC%82%AC%EB%B3%B8.png</init_from>
    </image>
  </library_images>
  <library_materials>
    <material id="Metal21-basecolor-material" name="Metal21-basecolor">
      <instance_effect url="#Metal21-basecolor-effect"/>
    </material>
  </library_materials>
  <library_geometries>
    <geometry id="ID2547_001-mesh" name="ID2547.001">
      <mesh>
        <source id="ID2547_001-mesh-positions">
          <float_array id="ID2547_001-mesh-positions-array" count="2868">47.81575 31.65222 1.555962 48.37375 31.97439 1.555962 47.81575 31.65222 -2.069038 48.37375 31.97439 -2.069038 48.37375 31.97439 1.555962 47.81575 31.65222 -2.069038 48.37375 31.97439 -2.069038 47.81575 31.65222 1.555962 51.24875 30.50789 -2.069038 48.43175 30.50789 -2.069038 51.24875 29.7507 -2.069038 47.81575 31.65222 -2.069038 -0.7512436 29.7507 -2.069038 47.81575 30.86355 -2.069038 52.46875 31.97439 -2.069038 52.46875 32.47439 -2.069038 48.37375 31.97439 -2.069038 -0.7512436 32.47439 -2.069038 52.46875 32.47439 -2.069038 -0.7512436 29.7507 -2.069038 -0.7512436 32.47439 -2.069038 48.37375 31.97439 -2.069038 47.81575 31.65222 -2.069038 52.46875 31.97439 -2.069038 48.43175 30.50789 -2.069038 51.24875 29.7507 -2.069038 47.81575 30.86355 -2.069038 51.24875 30.50789 -2.069038 48.37375 31.97439 1.555962 52.46875 31.97439 1.555962 48.37375 31.97439 -2.069038 52.46875 31.97439 -2.069038 52.46875 31.97439 1.555962 48.37375 31.97439 -2.069038 52.46875 31.97439 -2.069038 48.37375 31.97439 1.555962 52.46875 31.97439 1.555962 48.37375 31.97439 1.555962 52.46875 32.47439 1.555962 47.81575 30.86355 1.555962 47.24875 31.97439 1.555962 47.81575 31.65222 1.555962 -0.7512436 32.47439 1.555962 -0.7512436 31.97439 1.555962 51.24875 30.50789 1.555962 51.24875 29.7507 1.555962 48.43175 30.50789 1.555962 47.24875 29.7507 1.555962 47.24875 29.7507 1.555962 47.81575 30.86355 1.555962 47.24875 31.97439 1.555962 48.43175 30.50789 1.555962 51.24875 29.7507 1.555962 51.24875 30.50789 1.555962 -0.7512436 32.47439 1.555962 -0.7512436 31.97439 1.555962 52.46875 32.47439 1.555962 48.37375 31.97439 1.555962 47.81575 31.65222 1.555962 52.46875 31.97439 1.555962 47.81575 30.86355 1.555962 47.81575 30.86355 -2.069038 47.81575 30.86355 1.555962 47.81575 30.86355 -2.069038 52.46875 32.47439 1.555962 -0.7512436 32.47439 1.555962 52.46875 32.47439 -2.069038 -0.7512436 32.47439 -2.069038 -0.7512436 32.47439 1.555962 52.46875 32.47439 -2.069038 -0.7512436 32.47439 -2.069038 52.46875 32.47439 1.555962 52.46875 32.47439 1.555962 52.46875 32.47439 -2.069038 52.46875 31.97439 1.555962 52.46875 31.97439 -2.069038 52.46875 32.47439 -2.069038 52.46875 31.97439 1.555962 52.46875 31.97439 -2.069038 52.46875 32.47439 1.555962 48.43175 30.50789 1.555962 48.43175 30.50789 -2.069038 48.43175 30.50789 -2.069038 48.43175 30.50789 1.555962 51.24875 30.50789 1.555962 48.43175 30.50789 1.555962 51.24875 30.50789 -2.069038 48.43175 30.50789 -2.069038 48.43175 30.50789 1.555962 51.24875 30.50789 -2.069038 48.43175 30.50789 -2.069038 51.24875 30.50789 1.555962 51.24875 30.50789 1.555962 51.24875 30.50789 -2.069038 51.24875 29.7507 1.555962 51.24875 29.7507 -2.069038 51.24875 30.50789 -2.069038 51.24875 29.7507 1.555962 51.24875 29.7507 -2.069038 51.24875 30.50789 1.555962 47.24875 29.7507 0.8059616 -0.7512436 29.7507 -2.069038 -0.7512436 29.7507 0.8059616 47.24875 29.7507 1.555962 51.24875 29.7507 1.555962 51.24875 29.7507 -2.069038 51.24875 29.7507 -2.069038 47.24875 29.7507 0.8059616 -0.7512436 29.7507 -2.069038 51.24875 29.7507 1.555962 47.24875 29.7507 1.555962 -0.7512436 29.7507 0.8059616 -49.31823 30.86355 -2.069038 -49.93426 30.50789 -2.069038 -52.75124 29.7507 -2.069038 -52.75124 30.50789 -2.069038 -49.31823 31.65222 -2.069038 -49.87624 31.97439 -2.069038 -53.97128 31.97439 -2.069038 -53.97128 32.47439 -2.069038 -53.97128 31.97439 -2.069038 -53.97128 32.47439 -2.069038 -49.87624 31.97439 -2.069038 -49.31823 31.65222 -2.069038 -49.31823 30.86355 -2.069038 -49.93426 30.50789 -2.069038 -52.75124 29.7507 -2.069038 -52.75124 30.50789 -2.069038 -48.75124 31.97439 1.555962 -48.75124 29.7507 1.555962 -49.31823 31.65222 1.555962 -49.87624 31.97439 1.555962 -53.97128 32.47439 1.555962 -53.97128 31.97439 1.555962 -49.31823 30.86355 1.555962 -49.93426 30.50789 1.555962 -52.75124 30.50789 1.555962 -52.75124 29.7507 1.555962 -48.75124 29.7507 1.555962 -52.75124 30.50789 1.555962 -52.75124 29.7507 1.555962 -49.93426 30.50789 1.555962 -49.31823 30.86355 1.555962 -49.31823 31.65222 1.555962 -49.87624 31.97439 1.555962 -53.97128 32.47439 1.555962 -53.97128 31.97439 1.555962 -48.75124 31.97439 1.555962 -0.7512436 31.97439 1.555962 47.24875 31.97439 1.555962 -0.7512436 31.97439 0.8059616 47.24875 31.97439 0.8059616 47.24875 31.97439 1.555962 -0.7512436 31.97439 0.8059616 47.24875 31.97439 0.8059616 -0.7512436 31.97439 1.555962 -53.97128 32.47439 1.555962 -53.97128 32.47439 -2.069038 -53.97128 32.47439 1.555962 -53.97128 32.47439 -2.069038 47.24875 31.97439 0.8059616 47.24875 29.7507 0.8059616 -0.7512436 31.97439 0.8059616 -0.7512436 29.7507 0.8059616 47.24875 29.7507 0.8059616 -0.7512436 31.97439 0.8059616 -0.7512436 29.7507 0.8059616 47.24875 31.97439 0.8059616 -48.75124 29.7507 1.555962 -48.75124 29.7507 0.8059616 -52.75124 29.7507 1.555962 -52.75124 29.7507 -2.069038 -52.75124 29.7507 -2.069038 -48.75124 29.7507 0.8059616 -52.75124 29.7507 1.555962 -48.75124 29.7507 1.555962 -52.75124 30.50789 -2.069038 -52.75124 30.50789 1.555962 -52.75124 29.7507 -2.069038 -52.75124 29.7507 1.555962 -52.75124 30.50789 1.555962 -52.75124 29.7507 -2.069038 -52.75124 29.7507 1.555962 -52.75124 30.50789 -2.069038 -49.93426 30.50789 1.555962 -52.75124 30.50789 1.555962 -49.93426 30.50789 -2.069038 -52.75124 30.50789 -2.069038 -52.75124 30.50789 1.555962 -49.93426 30.50789 -2.069038 -52.75124 30.50789 -2.069038 -49.93426 30.50789 1.555962 -49.31823 30.86355 1.555962 -49.93426 30.50789 1.555962 -49.31823 30.86355 -2.069038 -49.93426 30.50789 -2.069038 -49.93426 30.50789 1.555962 -49.31823 30.86355 -2.069038 -49.93426 30.50789 -2.069038 -49.31823 30.86355 1.555962 -49.31823 31.65222 -2.069038 -49.31823 31.65222 1.555962 -49.31823 31.65222 1.555962 -49.31823 31.65222 -2.069038 -49.87624 31.97439 1.555962 -49.87624 31.97439 -2.069038 -49.87624 31.97439 -2.069038 -49.87624 31.97439 1.555962 -53.97128 31.97439 1.555962 -49.87624 31.97439 1.555962 -53.97128 31.97439 -2.069038 -49.87624 31.97439 -2.069038 -49.87624 31.97439 1.555962 -53.97128 31.97439 -2.069038 -49.87624 31.97439 -2.069038 -53.97128 31.97439 1.555962 -53.97128 32.47439 -2.069038 -53.97128 32.47439 1.555962 -53.97128 31.97439 -2.069038 -53.97128 31.97439 1.555962 -53.97128 32.47439 1.555962 -53.97128 31.97439 -2.069038 -53.97128 31.97439 1.555962 -53.97128 32.47439 -2.069038 -48.75124 31.97439 1.555962 -48.75124 31.97439 0.8059616 -48.75124 31.97439 0.8059616 -48.75124 31.97439 1.555962 -48.75124 31.97439 0.8059616 -48.75124 29.7507 0.8059616 -48.75124 31.97439 0.8059616 -48.75124 29.7507 0.8059616 -48.75124 -28.73493 0.805954 -0.7512512 -28.73493 -2.069046 -0.7512512 -28.73493 0.805954 -48.75124 -28.73493 1.555954 -52.75124 -28.73493 1.555954 -52.75124 -28.73493 -2.069046 -52.75124 -28.73493 -2.069046 -48.75124 -28.73493 0.805954 -0.7512512 -28.73493 -2.069046 -52.75124 -28.73493 1.555954 -48.75124 -28.73493 1.555954 -0.7512512 -28.73493 0.805954 -0.7512512 -28.73493 -2.069046 -49.31823 -30.63645 -2.069046 -0.7512512 -31.45862 -2.069046 -49.87624 -30.95862 -2.069046 -53.97128 -31.45862 -2.069046 -53.97128 -30.95862 -2.069046 -49.31823 -29.84778 -2.069046 -49.93426 -29.49212 -2.069046 -52.75124 -29.49212 -2.069046 -52.75124 -28.73493 -2.069046 -0.7512512 -28.73493 -2.069046 -52.75124 -29.49212 -2.069046 -52.75124 -28.73493 -2.069046 -49.93426 -29.49212 -2.069046 -49.31823 -29.84778 -2.069046 -49.31823 -30.63645 -2.069046 -49.87624 -30.95862 -2.069046 -53.97128 -31.45862 -2.069046 -53.97128 -30.95862 -2.069046 -0.7512512 -31.45862 -2.069046 -52.75124 -28.73493 -2.069046 -52.75124 -28.73493 1.555954 -52.75124 -29.49212 -2.069046 -52.75124 -29.49212 1.555954 -52.75124 -28.73493 1.555954 -52.75124 -29.49212 -2.069046 -52.75124 -29.49212 1.555954 -52.75124 -28.73493 -2.069046 -48.75124 -30.95862 1.555954 -49.31823 -29.84778 1.555954 -48.75124 -28.73493 1.555954 -49.93426 -29.49212 1.555954 -52.75124 -28.73493 1.555954 -52.75124 -29.49212 1.555954 -0.7512512 -30.95862 1.555954 -0.7512512 -31.45862 1.555954 -49.31823 -30.63645 1.555954 -49.87624 -30.95862 1.555954 -53.97128 -30.95862 1.555954 -53.97128 -31.45862 1.555954 -0.7512512 -31.45862 1.555954 -53.97128 -30.95862 1.555954 -53.97128 -31.45862 1.555954 -49.87624 -30.95862 1.555954 -48.75124 -30.95862 1.555954 -49.31823 -30.63645 1.555954 -49.31823 -29.84778 1.555954 -0.7512512 -30.95862 1.555954 -49.93426 -29.49212 1.555954 -52.75124 -28.73493 1.555954 -52.75124 -29.49212 1.555954 -48.75124 -28.73493 1.555954 -48.75124 -28.73493 1.555954 -48.75124 -28.73493 0.805954 -48.75124 -30.95862 1.555954 -48.75124 -30.95862 0.805954 -48.75124 -28.73493 0.805954 -48.75124 -30.95862 1.555954 -48.75124 -30.95862 0.805954 -48.75124 -28.73493 1.555954 -0.7512512 -28.73493 0.805954 -0.7512512 -30.95862 0.805954 -48.75124 -28.73493 0.805954 -48.75124 -30.95862 0.805954 -0.7512512 -30.95862 0.805954 -48.75124 -28.73493 0.805954 -48.75124 -30.95862 0.805954 -0.7512512 -28.73493 0.805954 47.24873 -28.73493 1.555954 47.24873 -28.73493 0.805954 51.24873 -28.73493 1.555954 51.24873 -28.73493 -2.069046 51.24873 -28.73493 -2.069046 47.24873 -28.73493 0.805954 51.24873 -28.73493 1.555954 47.24873 -28.73493 1.555954 -53.97128 -31.45862 1.555954 -0.7512512 -31.45862 1.555954 -53.97128 -31.45862 -2.069046 -0.7512512 -31.45862 -2.069046 -0.7512512 -31.45862 1.555954 -53.97128 -31.45862 -2.069046 -0.7512512 -31.45862 -2.069046 -53.97128 -31.45862 1.555954 -53.97128 -30.95862 -2.069046 -53.97128 -30.95862 1.555954 -53.97128 -31.45862 -2.069046 -53.97128 -31.45862 1.555954 -53.97128 -30.95862 1.555954 -53.97128 -31.45862 -2.069046 -53.97128 -31.45862 1.555954 -53.97128 -30.95862 -2.069046 -49.87624 -30.95862 1.555954 -53.97128 -30.95862 1.555954 -49.87624 -30.95862 -2.069046 -53.97128 -30.95862 -2.069046 -53.97128 -30.95862 1.555954 -49.87624 -30.95862 -2.069046 -53.97128 -30.95862 -2.069046 -49.87624 -30.95862 1.555954 -49.31823 -30.63645 1.555954 -49.87624 -30.95862 1.555954 -49.31823 -30.63645 -2.069046 -49.87624 -30.95862 -2.069046 -49.87624 -30.95862 1.555954 -49.31823 -30.63645 -2.069046 -49.87624 -30.95862 -2.069046 -49.31823 -30.63645 1.555954 -49.31823 -29.84778 -2.069046 -49.31823 -29.84778 1.555954 -49.31823 -29.84778 1.555954 -49.31823 -29.84778 -2.069046 -49.93426 -29.49212 1.555954 -49.93426 -29.49212 -2.069046 -49.93426 -29.49212 -2.069046 -49.93426 -29.49212 1.555954 -52.75124 -29.49212 1.555954 -49.93426 -29.49212 1.555954 -52.75124 -29.49212 -2.069046 -49.93426 -29.49212 -2.069046 -49.93426 -29.49212 1.555954 -52.75124 -29.49212 -2.069046 -49.93426 -29.49212 -2.069046 -52.75124 -29.49212 1.555954 52.46873 -30.95862 -2.069046 48.37373 -30.95862 -2.069046 52.46873 -31.45862 -2.069046 47.81573 -29.84778 -2.069046 47.81573 -30.63645 -2.069046 51.24873 -29.49212 -2.069046 51.24873 -28.73493 -2.069046 48.43173 -29.49212 -2.069046 51.24873 -28.73493 -2.069046 48.43173 -29.49212 -2.069046 47.81573 -29.84778 -2.069046 51.24873 -29.49212 -2.069046 48.37373 -30.95862 -2.069046 52.46873 -31.45862 -2.069046 47.81573 -30.63645 -2.069046 52.46873 -30.95862 -2.069046 51.24873 -29.49212 1.555954 48.43173 -29.49212 1.555954 51.24873 -28.73493 1.555954 47.81573 -30.63645 1.555954 47.24873 -28.73493 1.555954 47.81573 -29.84778 1.555954 52.46873 -30.95862 1.555954 52.46873 -31.45862 1.555954 48.37373 -30.95862 1.555954 47.24873 -30.95862 1.555954 52.46873 -31.45862 1.555954 47.24873 -30.95862 1.555954 48.37373 -30.95862 1.555954 47.81573 -30.63645 1.555954 47.24873 -28.73493 1.555954 52.46873 -30.95862 1.555954 48.43173 -29.49212 1.555954 51.24873 -28.73493 1.555954 47.81573 -29.84778 1.555954 51.24873 -29.49212 1.555954 -0.7512512 -30.95862 1.555954 -48.75124 -30.95862 1.555954 -0.7512512 -30.95862 0.805954 -48.75124 -30.95862 0.805954 -48.75124 -30.95862 1.555954 -0.7512512 -30.95862 0.805954 -48.75124 -30.95862 0.805954 -0.7512512 -30.95862 1.555954 47.24873 -28.73493 0.805954 47.24873 -30.95862 0.805954 47.24873 -30.95862 0.805954 47.24873 -28.73493 0.805954 47.24873 -28.73493 0.805954 47.24873 -28.73493 1.555954 47.24873 -30.95862 0.805954 47.24873 -30.95862 1.555954 47.24873 -28.73493 1.555954 47.24873 -30.95862 0.805954 47.24873 -30.95862 1.555954 47.24873 -28.73493 0.805954 51.24873 -28.73493 1.555954 51.24873 -28.73493 -2.069046 51.24873 -29.49212 1.555954 51.24873 -29.49212 -2.069046 51.24873 -28.73493 -2.069046 51.24873 -29.49212 1.555954 51.24873 -29.49212 -2.069046 51.24873 -28.73493 1.555954 52.46873 -31.45862 1.555954 52.46873 -31.45862 -2.069046 52.46873 -31.45862 1.555954 52.46873 -31.45862 -2.069046 48.43173 -29.49212 1.555954 51.24873 -29.49212 1.555954 48.43173 -29.49212 -2.069046 51.24873 -29.49212 -2.069046 51.24873 -29.49212 1.555954 48.43173 -29.49212 -2.069046 51.24873 -29.49212 -2.069046 48.43173 -29.49212 1.555954 47.81573 -29.84778 1.555954 48.43173 -29.49212 1.555954 47.81573 -29.84778 -2.069046 48.43173 -29.49212 -2.069046 48.43173 -29.49212 1.555954 47.81573 -29.84778 -2.069046 48.43173 -29.49212 -2.069046 47.81573 -29.84778 1.555954 47.81573 -30.63645 1.555954 47.81573 -30.63645 -2.069046 47.81573 -30.63645 1.555954 47.81573 -30.63645 -2.069046 48.37373 -30.95862 1.555954 48.37373 -30.95862 -2.069046 48.37373 -30.95862 -2.069046 48.37373 -30.95862 1.555954 52.46873 -30.95862 1.555954 48.37373 -30.95862 1.555954 52.46873 -30.95862 -2.069046 48.37373 -30.95862 -2.069046 48.37373 -30.95862 1.555954 52.46873 -30.95862 -2.069046 48.37373 -30.95862 -2.069046 52.46873 -30.95862 1.555954 52.46873 -30.95862 1.555954 52.46873 -30.95862 -2.069046 52.46873 -31.45862 1.555954 52.46873 -31.45862 -2.069046 52.46873 -30.95862 -2.069046 52.46873 -31.45862 1.555954 52.46873 -31.45862 -2.069046 52.46873 -30.95862 1.555954 47.24873 -30.95862 1.555954 47.24873 -30.95862 0.805954 47.24873 -30.95862 0.805954 47.24873 -30.95862 1.555954 56.13736 28.5079 1.555954 56.13736 24.5079 0.805954 56.13736 28.5079 -2.069046 56.13736 0.5079022 -2.069046 56.13736 0.5079022 0.805954 56.13736 24.5079 1.555954 56.13736 28.5079 1.555954 56.13736 24.5079 0.805954 56.13736 24.5079 1.555954 56.13736 0.5079022 -2.069046 56.13736 0.5079022 0.805954 56.13736 28.5079 -2.069046 61.39719 29.72793 -2.069046 60.43162 25.6329 -2.069046 61.39719 0.5079022 -2.069046 59.8094 25.07488 -2.069046 58.28651 25.07488 -2.069046 57.59962 25.69091 -2.069046 56.13736 0.5079022 -2.069046 57.59962 28.5079 -2.069046 56.13736 28.5079 -2.069046 60.43162 29.72793 -2.069046 61.39719 29.72793 -2.069046 60.43162 25.6329 -2.069046 60.43162 29.72793 -2.069046 57.59962 28.5079 -2.069046 56.13736 0.5079022 -2.069046 56.13736 28.5079 -2.069046 57.59962 25.69091 -2.069046 61.39719 0.5079022 -2.069046 58.28651 25.07488 -2.069046 59.8094 25.07488 -2.069046 56.13736 0.5079022 0.805954 56.13736 -23.4921 0.805954 56.13736 0.5079022 -2.069046 56.13736 -27.4921 -2.069046 56.13736 -23.4921 1.555954 56.13736 -27.4921 1.555954 56.13736 -23.4921 1.555954 56.13736 -27.4921 -2.069046 56.13736 -27.4921 1.555954 56.13736 -23.4921 0.805954 56.13736 0.5079022 -2.069046 56.13736 0.5079022 0.805954 60.43162 24.5079 0.805954 60.43162 0.5079022 0.805954 56.13736 24.5079 0.805954 56.13736 0.5079022 0.805954 60.43162 0.5079022 0.805954 56.13736 24.5079 0.805954 56.13736 0.5079022 0.805954 60.43162 24.5079 0.805954 61.39719 0.5079022 1.555954 60.43162 0.5079022 1.555954 61.39719 29.72793 1.555954 60.43162 25.6329 1.555954 60.43162 29.72793 1.555954 60.43162 24.5079 1.555954 59.8094 25.07488 1.555954 58.28651 25.07488 1.555954 56.13736 24.5079 1.555954 57.59962 25.69091 1.555954 57.59962 28.5079 1.555954 56.13736 28.5079 1.555954 56.13736 24.5079 1.555954 57.59962 28.5079 1.555954 56.13736 28.5079 1.555954 57.59962 25.69091 1.555954 58.28651 25.07488 1.555954 60.43162 24.5079 1.555954 59.8094 25.07488 1.555954 60.43162 25.6329 1.555954 60.43162 0.5079022 1.555954 61.39719 29.72793 1.555954 60.43162 29.72793 1.555954 61.39719 0.5079022 1.555954 57.59962 28.5079 1.555954 56.13736 28.5079 1.555954 57.59962 28.5079 -2.069046 56.13736 28.5079 -2.069046 56.13736 28.5079 1.555954 57.59962 28.5079 -2.069046 56.13736 28.5079 -2.069046 57.59962 28.5079 1.555954 61.39719 29.72793 1.555954 61.39719 29.72793 -2.069046 61.39719 0.5079022 1.555954 61.39719 0.5079022 -2.069046 61.39719 29.72793 -2.069046 61.39719 0.5079022 1.555954 61.39719 0.5079022 -2.069046 61.39719 29.72793 1.555954 60.43162 -24.6171 -2.069046 60.43162 -28.71214 -2.069046 61.39719 -28.71214 -2.069046 59.8094 -24.05909 -2.069046 58.28651 -24.05909 -2.069046 57.59962 -24.67511 -2.069046 57.59962 -27.4921 -2.069046 56.13736 -27.4921 -2.069046 56.13736 -27.4921 -2.069046 57.59962 -24.67511 -2.069046 57.59962 -27.4921 -2.069046 58.28651 -24.05909 -2.069046 59.8094 -24.05909 -2.069046 60.43162 -24.6171 -2.069046 61.39719 -28.71214 -2.069046 60.43162 -28.71214 -2.069046 57.59962 28.5079 1.555954 57.59962 28.5079 -2.069046 57.59962 25.69091 1.555954 57.59962 25.69091 -2.069046 57.59962 28.5079 -2.069046 57.59962 25.69091 1.555954 57.59962 25.69091 -2.069046 57.59962 28.5079 1.555954 57.59962 25.69091 1.555954 57.59962 25.69091 -2.069046 58.28651 25.07488 1.555954 58.28651 25.07488 -2.069046 57.59962 25.69091 -2.069046 58.28651 25.07488 1.555954 58.28651 25.07488 -2.069046 57.59962 25.69091 1.555954 59.8094 25.07488 1.555954 59.8094 25.07488 -2.069046 59.8094 25.07488 -2.069046 59.8094 25.07488 1.555954 60.43162 25.6329 -2.069046 60.43162 25.6329 1.555954 60.43162 25.6329 1.555954 60.43162 25.6329 -2.069046 60.43162 29.72793 -2.069046 60.43162 29.72793 1.555954 60.43162 25.6329 -2.069046 60.43162 25.6329 1.555954 60.43162 29.72793 1.555954 60.43162 25.6329 -2.069046 60.43162 25.6329 1.555954 60.43162 29.72793 -2.069046 61.39719 29.72793 1.555954 60.43162 29.72793 1.555954 61.39719 29.72793 -2.069046 60.43162 29.72793 -2.069046 60.43162 29.72793 1.555954 61.39719 29.72793 -2.069046 60.43162 29.72793 -2.069046 61.39719 29.72793 1.555954 56.13736 -27.4921 1.555954 57.59962 -27.4921 1.555954 56.13736 -27.4921 -2.069046 57.59962 -27.4921 -2.069046 57.59962 -27.4921 1.555954 56.13736 -27.4921 -2.069046 57.59962 -27.4921 -2.069046 56.13736 -27.4921 1.555954 60.43162 -24.6171 1.555954 59.8094 -24.05909 1.555954 60.43162 -23.4921 1.555954 58.28651 -24.05909 1.555954 56.13736 -23.4921 1.555954 57.59962 -24.67511 1.555954 57.59962 -27.4921 1.555954 56.13736 -27.4921 1.555954 61.39719 -28.71214 1.555954 60.43162 -28.71214 1.555954 61.39719 -28.71214 1.555954 60.43162 -24.6171 1.555954 60.43162 -28.71214 1.555954 60.43162 -23.4921 1.555954 57.59962 -27.4921 1.555954 56.13736 -23.4921 1.555954 56.13736 -27.4921 1.555954 57.59962 -24.67511 1.555954 58.28651 -24.05909 1.555954 59.8094 -24.05909 1.555954 60.43162 -23.4921 0.805954 56.13736 -23.4921 0.805954 56.13736 -23.4921 0.805954 60.43162 -23.4921 0.805954 60.43162 24.5079 0.805954 60.43162 24.5079 1.555954 60.43162 0.5079022 0.805954 60.43162 0.5079022 1.555954 60.43162 24.5079 1.555954 60.43162 0.5079022 0.805954 60.43162 0.5079022 1.555954 60.43162 24.5079 0.805954 61.39719 0.5079022 1.555954 61.39719 0.5079022 -2.069046 61.39719 -28.71214 1.555954 61.39719 -28.71214 -2.069046 61.39719 0.5079022 -2.069046 61.39719 -28.71214 1.555954 61.39719 -28.71214 -2.069046 61.39719 0.5079022 1.555954 60.43162 -28.71214 1.555954 61.39719 -28.71214 1.555954 60.43162 -28.71214 -2.069046 61.39719 -28.71214 -2.069046 61.39719 -28.71214 1.555954 60.43162 -28.71214 -2.069046 61.39719 -28.71214 -2.069046 60.43162 -28.71214 1.555954 60.43162 -24.6171 -2.069046 60.43162 -24.6171 1.555954 60.43162 -28.71214 -2.069046 60.43162 -28.71214 1.555954 60.43162 -24.6171 1.555954 60.43162 -28.71214 -2.069046 60.43162 -28.71214 1.555954 60.43162 -24.6171 -2.069046 59.8094 -24.05909 -2.069046 59.8094 -24.05909 1.555954 60.43162 -24.6171 -2.069046 60.43162 -24.6171 1.555954 59.8094 -24.05909 1.555954 60.43162 -24.6171 -2.069046 60.43162 -24.6171 1.555954 59.8094 -24.05909 -2.069046 58.28651 -24.05909 1.555954 58.28651 -24.05909 -2.069046 58.28651 -24.05909 -2.069046 58.28651 -24.05909 1.555954 57.59962 -24.67511 1.555954 57.59962 -24.67511 -2.069046 57.59962 -24.67511 1.555954 57.59962 -24.67511 -2.069046 57.59962 -24.67511 1.555954 57.59962 -24.67511 -2.069046 57.59962 -27.4921 1.555954 57.59962 -27.4921 -2.069046 57.59962 -24.67511 -2.069046 57.59962 -27.4921 1.555954 57.59962 -27.4921 -2.069046 57.59962 -24.67511 1.555954 60.43162 0.5079022 0.805954 60.43162 0.5079022 1.555954 60.43162 -23.4921 0.805954 60.43162 -23.4921 1.555954 60.43162 0.5079022 1.555954 60.43162 -23.4921 0.805954 60.43162 -23.4921 1.555954 60.43162 0.5079022 0.805954 -61.94617 -24.61712 -2.069046 -62.91174 -28.71215 -2.069046 -61.94617 -28.71215 -2.069046 -57.65195 -27.49212 -2.069046 -57.65195 0.5078869 -2.069046 -59.11417 -27.49212 -2.069046 -59.11417 -24.67513 -2.069046 -59.80099 -24.0591 -2.069046 -61.32403 -24.0591 -2.069046 -62.91174 0.5078869 -2.069046 -57.65195 0.5078869 -2.069046 -62.91174 -28.71215 -2.069046 -62.91174 0.5078869 -2.069046 -61.94617 -24.61712 -2.069046 -61.32403 -24.0591 -2.069046 -59.80099 -24.0591 -2.069046 -59.11417 -24.67513 -2.069046 -59.11417 -27.49212 -2.069046 -57.65195 -27.49212 -2.069046 -61.94617 -28.71215 -2.069046 -62.91174 0.5078869 -2.069046 -62.91174 0.5078869 1.555954 -62.91174 -28.71215 -2.069046 -62.91174 -28.71215 1.555954 -62.91174 0.5078869 1.555954 -62.91174 -28.71215 -2.069046 -62.91174 -28.71215 1.555954 -62.91174 0.5078869 -2.069046 -57.65195 28.50788 -2.069046 -59.11417 25.69089 -2.069046 -59.80099 25.07487 -2.069046 -61.32403 25.07487 -2.069046 -61.94617 25.63288 -2.069046 -61.94617 29.72792 -2.069046 -62.91174 29.72792 -2.069046 -59.11417 28.50788 -2.069046 -57.65195 28.50788 -2.069046 -59.11417 25.69089 -2.069046 -59.11417 28.50788 -2.069046 -61.94617 29.72792 -2.069046 -62.91174 29.72792 -2.069046 -61.94617 25.63288 -2.069046 -61.32403 25.07487 -2.069046 -59.80099 25.07487 -2.069046 -57.65195 -23.49212 0.805954 -57.65195 -27.49212 1.555954 -57.65195 -23.49212 1.555954 -57.65195 0.5078869 0.805954 -57.65195 0.5078869 -2.069046 -57.65195 -27.49212 -2.069046 -57.65195 -27.49212 -2.069046 -57.65195 -23.49212 0.805954 -57.65195 -27.49212 1.555954 -57.65195 0.5078869 -2.069046 -57.65195 0.5078869 0.805954 -57.65195 -23.49212 1.555954 -59.11417 -27.49212 1.555954 -57.65195 -27.49212 1.555954 -59.11417 -27.49212 -2.069046 -57.65195 -27.49212 -2.069046 -57.65195 -27.49212 1.555954 -59.11417 -27.49212 -2.069046 -57.65195 -27.49212 -2.069046 -59.11417 -27.49212 1.555954 -59.11417 -24.67513 -2.069046 -59.11417 -24.67513 1.555954 -59.11417 -27.49212 -2.069046 -59.11417 -27.49212 1.555954 -59.11417 -24.67513 1.555954 -59.11417 -27.49212 -2.069046 -59.11417 -27.49212 1.555954 -59.11417 -24.67513 -2.069046 -59.80099 -24.0591 -2.069046 -59.80099 -24.0591 1.555954 -59.11417 -24.67513 -2.069046 -59.11417 -24.67513 1.555954 -59.80099 -24.0591 1.555954 -59.11417 -24.67513 -2.069046 -59.11417 -24.67513 1.555954 -59.80099 -24.0591 -2.069046 -61.32403 -24.0591 1.555954 -61.32403 -24.0591 -2.069046 -61.32403 -24.0591 -2.069046 -61.32403 -24.0591 1.555954 -61.94617 -24.61712 1.555954 -61.94617 -24.61712 -2.069046 -61.94617 -24.61712 1.555954 -61.94617 -24.61712 -2.069046 -61.94617 -24.61712 1.555954 -61.94617 -24.61712 -2.069046 -61.94617 -28.71215 1.555954 -61.94617 -28.71215 -2.069046 -61.94617 -24.61712 -2.069046 -61.94617 -28.71215 1.555954 -61.94617 -28.71215 -2.069046 -61.94617 -24.61712 1.555954 -62.91174 -28.71215 1.555954 -61.94617 -28.71215 1.555954 -62.91174 -28.71215 -2.069046 -61.94617 -28.71215 -2.069046 -61.94617 -28.71215 1.555954 -62.91174 -28.71215 -2.069046 -61.94617 -28.71215 -2.069046 -62.91174 -28.71215 1.555954 -61.94617 -23.49212 1.555954 -61.94617 -24.61712 1.555954 -61.94617 0.5078869 1.555954 -61.94617 -28.71215 1.555954 -62.91174 0.5078869 1.555954 -62.91174 -28.71215 1.555954 -57.65195 -27.49212 1.555954 -59.11417 -24.67513 1.555954 -57.65195 -23.49212 1.555954 -59.80099 -24.0591 1.555954 -61.32403 -24.0591 1.555954 -59.11417 -27.49212 1.555954 -57.65195 -27.49212 1.555954 -59.11417 -24.67513 1.555954 -59.11417 -27.49212 1.555954 -61.32403 -24.0591 1.555954 -61.94617 -23.49212 1.555954 -61.94617 -24.61712 1.555954 -57.65195 -23.49212 1.555954 -59.80099 -24.0591 1.555954 -61.94617 -28.71215 1.555954 -62.91174 0.5078869 1.555954 -62.91174 -28.71215 1.555954 -61.94617 0.5078869 1.555954 -62.91174 29.72792 -2.069046 -62.91174 29.72792 1.555954 -62.91174 29.72792 1.555954 -62.91174 29.72792 -2.069046 -61.94617 29.72792 1.555954 -62.91174 29.72792 1.555954 -61.94617 29.72792 -2.069046 -62.91174 29.72792 -2.069046 -62.91174 29.72792 1.555954 -61.94617 29.72792 -2.069046 -62.91174 29.72792 -2.069046 -61.94617 29.72792 1.555954 -61.94617 29.72792 1.555954 -61.94617 29.72792 -2.069046 -61.94617 25.63288 1.555954 -61.94617 25.63288 -2.069046 -61.94617 29.72792 -2.069046 -61.94617 25.63288 1.555954 -61.94617 25.63288 -2.069046 -61.94617 29.72792 1.555954 -61.94617 25.63288 1.555954 -61.94617 25.63288 -2.069046 -61.32403 25.07487 1.555954 -61.32403 25.07487 -2.069046 -61.94617 25.63288 -2.069046 -61.32403 25.07487 1.555954 -61.32403 25.07487 -2.069046 -61.94617 25.63288 1.555954 -59.80099 25.07487 1.555954 -59.80099 25.07487 -2.069046 -59.80099 25.07487 -2.069046 -59.80099 25.07487 1.555954 -59.11417 25.69089 -2.069046 -59.11417 25.69089 1.555954 -59.11417 25.69089 1.555954 -59.11417 25.69089 -2.069046 -59.11417 28.50788 -2.069046 -59.11417 28.50788 1.555954 -59.11417 25.69089 -2.069046 -59.11417 25.69089 1.555954 -59.11417 28.50788 1.555954 -59.11417 25.69089 -2.069046 -59.11417 25.69089 1.555954 -59.11417 28.50788 -2.069046 -57.65195 28.50788 1.555954 -59.11417 28.50788 1.555954 -57.65195 28.50788 -2.069046 -59.11417 28.50788 -2.069046 -59.11417 28.50788 1.555954 -57.65195 28.50788 -2.069046 -59.11417 28.50788 -2.069046 -57.65195 28.50788 1.555954 -57.65195 28.50788 1.555954 -57.65195 28.50788 -2.069046 -57.65195 24.50788 1.555954 -57.65195 24.50788 0.805954 -57.65195 28.50788 -2.069046 -57.65195 24.50788 0.805954 -57.65195 24.50788 1.555954 -57.65195 28.50788 1.555954 -57.65195 0.5078869 0.805954 -57.65195 -23.49212 0.805954 -61.94617 0.5078869 0.805954 -61.94617 -23.49212 0.805954 -57.65195 -23.49212 0.805954 -61.94617 0.5078869 0.805954 -61.94617 -23.49212 0.805954 -57.65195 0.5078869 0.805954 -61.94617 0.5078869 1.555954 -61.94617 0.5078869 0.805954 -61.94617 -23.49212 1.555954 -61.94617 -23.49212 0.805954 -61.94617 0.5078869 0.805954 -61.94617 -23.49212 1.555954 -61.94617 -23.49212 0.805954 -61.94617 0.5078869 1.555954 -61.94617 25.63288 1.555954 -61.94617 24.50788 1.555954 -61.94617 29.72792 1.555954 -62.91174 29.72792 1.555954 -57.65195 28.50788 1.555954 -57.65195 24.50788 1.555954 -59.11417 28.50788 1.555954 -59.11417 25.69089 1.555954 -59.80099 25.07487 1.555954 -61.32403 25.07487 1.555954 -61.94617 24.50788 1.555954 -61.32403 25.07487 1.555954 -61.94617 25.63288 1.555954 -57.65195 24.50788 1.555954 -59.80099 25.07487 1.555954 -59.11417 25.69089 1.555954 -59.11417 28.50788 1.555954 -57.65195 28.50788 1.555954 -62.91174 29.72792 1.555954 -61.94617 29.72792 1.555954 -57.65195 24.50788 0.805954 -61.94617 24.50788 0.805954 -61.94617 24.50788 0.805954 -57.65195 24.50788 0.805954 -61.94617 24.50788 1.555954 -61.94617 24.50788 0.805954 -61.94617 24.50788 0.805954 -61.94617 24.50788 1.555954</float_array>
          <technique_common>
            <accessor source="#ID2547_001-mesh-positions-array" count="956" stride="3">
              <param name="X" type="float"/>
              <param name="Y" type="float"/>
              <param name="Z" type="float"/>
            </accessor>
          </technique_common>
        </source>
        <source id="ID2547_001-mesh-normals">
          <float_array id="ID2547_001-mesh-normals-array" count="321">-0.8660317 0.4999893 0 -0.5000025 0.866024 0 0.5000025 -0.866024 0 0.8660317 -0.4999893 0 0 0 1 0 0 1 0 0 -1 0 0 -1 0 0 -1 0 0 -1 0 1 0 0 -1 0 -2.66581e-7 0 -1 -1.89096e-7 0 -1 1.89096e-7 0 1 5.33163e-7 0 1 -0.8660317 -0.4999893 0 0.8660317 0.4999893 0 -1 0 0 1 0 0 -0.5000254 -0.8660107 0 0.5000254 0.8660107 0 0 1 0 0 0 1 0 0 1 0 0 -1 0 0 -1 0 0 -1 0 0 -1 5.33176e-7 0 -1 -1.06635e-6 0 1 0.4999893 -0.8660317 0 -0.4999893 0.8660317 0 0.4999893 0.8660317 0 -0.4999893 -0.8660317 0 0 -1 1.32685e-6 0 1 -1.63305e-6 0 0 1 0 0 1 0 0 -1 0 0 -1 0 0 1 0 0 -1 0 0 -1 -0.5000025 -0.866024 0 0.5000025 0.866024 0 1 2.10466e-6 0 -1 -1.05233e-6 0 2.70414e-7 0 1 9.2608e-7 0 -1 0 0 -1 0 0 -1 -2.70414e-7 0 -1 -1 5.08626e-6 0 0 0 -1 -1.3915e-7 0 -1 0 0 1 0 0 1 2.70414e-7 0 1 -5.10035e-7 0 1 5.10035e-7 0 -1 -2.70414e-7 0 -1 -0.6676705 -0.744457 0 -0.3574366 -0.9339374 0 0.6676705 0.744457 0 0.3574366 0.9339374 0 0.3574366 -0.9339374 0 -0.3574366 0.9339374 0 0.6676553 -0.7444705 0 -0.6676553 0.7444705 0 1.39151e-7 0 -1 0 0 -1 0 0 1 0.6676384 0.7444857 0 -0.6676384 -0.7444857 0 -0.6676705 0.744457 0 0.6676705 -0.744457 0 -1.85222e-6 0 1 4.19262e-7 0 1 -5.76447e-7 0 1 5.76447e-7 0 -1 -4.19262e-7 0 -1 1.85222e-6 0 -1 -1.92953e-6 0 1 1.92953e-6 0 -1 0 0 -1 0 0 -1 0 0 -1 -1 2.10466e-6 0 1 -1.05233e-6 0 0.3574734 0.9339234 0 0.6676874 0.7444418 0 0.6677026 0.7444282 0 -0.3574734 -0.9339234 0 -0.6676874 -0.7444418 0 -0.6677026 -0.7444282 0 -0.3574734 0.9339234 0 0.3574734 -0.9339234 0 -0.6677026 0.7444282 0 0.6677026 -0.7444282 0 0 0 -1 0 0 -1 0 0 1 -1 -1.01725e-5 0 0 0 -1 0 0 -1 -1.39158e-7 0 1</float_array>
          <technique_common>
            <accessor source="#ID2547_001-mesh-normals-array" count="107" stride="3">
              <param name="X" type="float"/>
              <param name="Y" type="float"/>
              <param name="Z" type="float"/>
            </accessor>
          </technique_common>
        </source>
        <source id="ID2547_001-mesh-map-0">
          <float_array id="ID2547_001-mesh-map-0-array" count="4080">0 0.06465518 0 0.05586504 0.04945272 0.06465518 0.04945272 0.05586504 0.04945272 0.06465518 0 0.05586504 0 0.05586504 0.04945272 0.06465518 0.04945272 0.05586504 0.04945272 0.06465518 0 0.05586504 0 0.06465518 -0.08021765 0.188 -0.08021765 0.2264297 -0.09054726 0.188 -0.06460642 0.2348335 -0.09054726 0.8973909 -0.0753656 0.2348335 -0.0753656 0.2348335 -0.09054726 0.8973909 -0.08021765 0.2264297 -0.09054726 0.188 -0.08021765 0.2264297 -0.09054726 0.8973909 -0.06021136 0.1713561 -0.05339026 0.1713561 -0.06021136 0.2272211 -0.06460642 0.2348335 -0.06021136 0.2272211 -0.09054726 0.8973909 -0.06021136 0.2272211 -0.05339026 0.1713561 -0.09054726 0.8973909 -0.05339026 0.8973909 -0.09054726 0.8973909 -0.05339026 0.1713561 -0.05339026 0.1713561 -0.09054726 0.8973909 -0.05339026 0.8973909 -0.09054726 0.8973909 -0.05339026 0.1713561 -0.06021136 0.2272211 -0.09054726 0.8973909 -0.06021136 0.2272211 -0.06460642 0.2348335 -0.06021136 0.2272211 -0.05339026 0.1713561 -0.06021136 0.1713561 -0.09054726 0.8973909 -0.08021765 0.2264297 -0.09054726 0.188 -0.08021765 0.2264297 -0.09054726 0.8973909 -0.0753656 0.2348335 -0.0753656 0.2348335 -0.09054726 0.8973909 -0.06460642 0.2348335 -0.09054726 0.188 -0.08021765 0.2264297 -0.08021765 0.188 0 0.05586504 0 0 0.04945272 0.05586504 0.04945272 0 0.04945272 0.05586504 0 0 0 0 0.04945272 0.05586504 0.04945272 0 0.04945272 0.05586504 0 0 0 0.05586504 -0.07082104 0.8590697 -0.07082104 0.8032047 -0.06400001 0.8590697 -0.08597534 0.7955922 -0.07082104 0.7878573 -0.07521611 0.7955922 -0.07521611 0.7955922 -0.07082104 0.7878573 -0.07082104 0.8032047 -0.07082104 0.8032047 -0.07082104 0.7878573 -0.06400001 0.8590697 -0.06400001 0.8590697 -0.07082104 0.7878573 -0.06400001 0.1330349 -0.07082104 0.1330349 -0.06400001 0.1330349 -0.07082104 0.7878573 -0.09082734 0.8424258 -0.101157 0.8424258 -0.09082734 0.8039961 -0.101157 0.8424258 -0.101157 0.7878573 -0.09082734 0.8039961 -0.09082734 0.8039961 -0.101157 0.7878573 -0.08597534 0.7955922 -0.07082104 0.7878573 -0.08597534 0.7955922 -0.101157 0.7878573 -0.101157 0.7878573 -0.08597534 0.7955922 -0.07082104 0.7878573 -0.08597534 0.7955922 -0.101157 0.7878573 -0.09082734 0.8039961 -0.09082734 0.8039961 -0.101157 0.7878573 -0.101157 0.8424258 -0.09082734 0.8039961 -0.101157 0.8424258 -0.09082734 0.8424258 -0.07082104 0.7878573 -0.06400001 0.1330349 -0.07082104 0.1330349 -0.06400001 0.1330349 -0.07082104 0.7878573 -0.06400001 0.8590697 -0.06400001 0.8590697 -0.07082104 0.7878573 -0.07082104 0.8032047 -0.07082104 0.8032047 -0.07082104 0.7878573 -0.07521611 0.7955922 -0.07521611 0.7955922 -0.07082104 0.7878573 -0.08597534 0.7955922 -0.06400001 0.8590697 -0.07082104 0.8032047 -0.07082104 0.8590697 0 0.06465518 0.04945272 0.06465518 0 0.07541441 0.04945272 0.07541441 0 0.07541441 0.04945272 0.06465518 0.04945272 0.06465518 0 0.07541441 0.04945272 0.07541441 0 0.07541441 0.04945272 0.06465518 0 0.06465518 -0.06400001 0.8590697 -0.06400001 0.1330349 -0.01454722 0.8590697 -0.01454722 0.1330349 -0.01454722 0.8590697 -0.06400001 0.1330349 -0.06400001 0.1330349 -0.01454722 0.8590697 -0.01454722 0.1330349 -0.01454722 0.8590697 -0.06400001 0.1330349 -0.06400001 0.8590697 0.04945272 0.006821036 0 0.006821036 0.04945272 0 0 0 0.04945272 0 0 0.006821036 0 0.006821036 0.04945272 0 0 0 0.04945272 0 0 0.006821036 0.04945272 0.006821036 0 0.08511835 0 0.07541441 0.04945272 0.08511835 0.04945272 0.07541441 0.04945272 0.08511835 0 0.07541441 0 0.07541441 0.04945272 0.08511835 0.04945272 0.07541441 0.04945272 0.08511835 0 0.07541441 0 0.08511835 0 0.1235481 0 0.08511835 0.04945272 0.1235481 0.04945272 0.08511835 0.04945272 0.1235481 0 0.08511835 0 0.08511835 0.04945272 0.1235481 0.04945272 0.08511835 0.04945272 0.1235481 0 0.08511835 0 0.1235481 0 0 0.04945272 0 0 0.0103296 0.04945272 0.0103296 0 0.0103296 0.04945272 0 0.04945272 0 0 0.0103296 0.04945272 0.0103296 0 0.0103296 0.04945272 0 0 0 -0.1297684 0.2425685 -0.09054726 0.8973909 -0.1297684 0.8973909 -0.14 0.2425685 -0.14 0.188 -0.1297684 0.2425685 -0.14 0.188 -0.09054726 0.188 -0.1297684 0.2425685 -0.09054726 0.8973909 -0.1297684 0.2425685 -0.09054726 0.188 -0.09054726 0.188 -0.1297684 0.2425685 -0.09054726 0.8973909 -0.1297684 0.2425685 -0.09054726 0.188 -0.14 0.188 -0.1297684 0.2425685 -0.14 0.188 -0.14 0.2425685 -0.1297684 0.8973909 -0.09054726 0.8973909 -0.1297684 0.2425685 -0.05339026 0.8973909 -0.0753656 1.559948 -0.09054726 0.8973909 -0.0753656 1.559948 -0.08021765 1.568352 -0.09054726 0.8973909 -0.09054726 0.8973909 -0.08021765 1.568352 -0.09054726 1.606782 -0.08021765 1.606782 -0.09054726 1.606782 -0.08021765 1.568352 -0.0753656 1.559948 -0.05339026 0.8973909 -0.06460642 1.559948 -0.06460642 1.559948 -0.05339026 0.8973909 -0.06021136 1.567561 -0.06021136 1.567561 -0.05339026 0.8973909 -0.06021136 1.623426 -0.05339026 1.623426 -0.06021136 1.623426 -0.05339026 0.8973909 -0.05339026 0.8973909 -0.06021136 1.623426 -0.05339026 1.623426 -0.06021136 1.623426 -0.05339026 0.8973909 -0.06021136 1.567561 -0.06021136 1.567561 -0.05339026 0.8973909 -0.06460642 1.559948 -0.06460642 1.559948 -0.05339026 0.8973909 -0.0753656 1.559948 -0.08021765 1.568352 -0.09054726 1.606782 -0.08021765 1.606782 -0.09054726 1.606782 -0.08021765 1.568352 -0.09054726 0.8973909 -0.09054726 0.8973909 -0.08021765 1.568352 -0.0753656 1.559948 -0.09054726 0.8973909 -0.0753656 1.559948 -0.05339026 0.8973909 -0.07082104 0.1330349 -0.07082104 -0.5217875 -0.06400001 0.1330349 -0.101157 -0.5217875 -0.07521611 -0.5295225 -0.07082104 -0.5217875 -0.07521611 -0.5295225 -0.07082104 -0.5371349 -0.07082104 -0.5217875 -0.07082104 -0.5217875 -0.07082104 -0.5371349 -0.06400001 0.1330349 -0.06400001 0.1330349 -0.07082104 -0.5371349 -0.06400001 -0.5930001 -0.07082104 -0.5930001 -0.06400001 -0.5930001 -0.07082104 -0.5371349 -0.07521611 -0.5295225 -0.101157 -0.5217875 -0.08597534 -0.5295225 -0.08597534 -0.5295225 -0.101157 -0.5217875 -0.09082734 -0.5379264 -0.09082734 -0.5379264 -0.101157 -0.5217875 -0.09082734 -0.5763561 -0.101157 -0.5763561 -0.09082734 -0.5763561 -0.101157 -0.5217875 -0.101157 -0.5217875 -0.09082734 -0.5763561 -0.101157 -0.5763561 -0.09082734 -0.5763561 -0.101157 -0.5217875 -0.09082734 -0.5379264 -0.09082734 -0.5379264 -0.101157 -0.5217875 -0.08597534 -0.5295225 -0.08597534 -0.5295225 -0.101157 -0.5217875 -0.07521611 -0.5295225 -0.07082104 -0.5371349 -0.06400001 -0.5930001 -0.07082104 -0.5930001 -0.06400001 -0.5930001 -0.07082104 -0.5371349 -0.06400001 0.1330349 -0.06400001 0.1330349 -0.07082104 -0.5371349 -0.07082104 -0.5217875 -0.07082104 -0.5217875 -0.07082104 -0.5371349 -0.07521611 -0.5295225 -0.07082104 -0.5217875 -0.07521611 -0.5295225 -0.101157 -0.5217875 -0.06400001 0.1330349 -0.07082104 -0.5217875 -0.07082104 0.1330349 -0.07082104 0.1330349 -0.07082104 0.7878573 -0.08105266 0.1330349 -0.08105266 0.7878573 -0.08105266 0.1330349 -0.07082104 0.7878573 -0.07082104 0.7878573 -0.08105266 0.1330349 -0.08105266 0.7878573 -0.08105266 0.1330349 -0.07082104 0.7878573 -0.07082104 0.1330349 -0.06400001 0.1330349 -0.06400001 -0.5930001 -0.01454722 0.1330349 -0.01454722 -0.5930001 -0.01454722 0.1330349 -0.06400001 -0.5930001 -0.06400001 -0.5930001 -0.01454722 0.1330349 -0.01454722 -0.5930001 -0.01454722 0.1330349 -0.06400001 -0.5930001 -0.06400001 0.1330349 -0.08105266 0.7878573 -0.1113886 0.7878573 -0.08105266 0.1330349 -0.1113886 0.1330349 -0.08105266 0.1330349 -0.1113886 0.7878573 -0.1113886 0.7878573 -0.08105266 0.1330349 -0.1113886 0.1330349 -0.08105266 0.1330349 -0.1113886 0.7878573 -0.08105266 0.7878573 -0.14 1.552213 -0.1297684 1.552213 -0.14 1.606782 -0.14 1.606782 -0.1297684 1.552213 -0.09054726 1.606782 -0.1297684 1.552213 -0.1297684 0.8973909 -0.09054726 1.606782 -0.09054726 0.8973909 -0.09054726 1.606782 -0.1297684 0.8973909 -0.1297684 0.8973909 -0.09054726 1.606782 -0.09054726 0.8973909 -0.09054726 1.606782 -0.1297684 0.8973909 -0.1297684 1.552213 -0.09054726 1.606782 -0.1297684 1.552213 -0.14 1.606782 -0.14 1.606782 -0.1297684 1.552213 -0.14 1.552213 0.04945272 0 0 0 0.04945272 0.0103296 0 0.0103296 0.04945272 0.0103296 0 0 0 0 0.04945272 0.0103296 0 0.0103296 0.04945272 0.0103296 0 0 0.04945272 0 0 0.08511835 0 0.1235481 0.04945272 0.08511835 0.04945272 0.1235481 0.04945272 0.08511835 0 0.1235481 0 0.1235481 0.04945272 0.08511835 0.04945272 0.1235481 0.04945272 0.08511835 0 0.1235481 0 0.08511835 0 0.07541441 0 0.08511835 0.04945272 0.07541441 0.04945272 0.08511835 0.04945272 0.07541441 0 0.08511835 0 0.08511835 0.04945272 0.07541441 0.04945272 0.08511835 0.04945272 0.07541441 0 0.08511835 0 0.07541441 0.04945272 0.06465518 0 0.06465518 0.04945272 0.07541441 0 0.07541441 0.04945272 0.07541441 0 0.06465518 0 0.06465518 0.04945272 0.07541441 0 0.07541441 0.04945272 0.07541441 0 0.06465518 0.04945272 0.06465518 0 0.05586504 0 0.06465518 0.04945272 0.05586504 0.04945272 0.06465518 0.04945272 0.05586504 0 0.06465518 0 0.06465518 0.04945272 0.05586504 0.04945272 0.06465518 0.04945272 0.05586504 0 0.06465518 0 0.05586504 0 0 0 0.05586504 0.04945272 0 0.04945272 0.05586504 0.04945272 0 0 0.05586504 0 0.05586504 0.04945272 0 0.04945272 0.05586504 0.04945272 0 0 0.05586504 0 0 0 0.006821036 0.04945272 0.006821036 0 0 0.04945272 0 0 0 0.04945272 0.006821036 0.04945272 0.006821036 0 0 0.04945272 0 0 0 0.04945272 0.006821036 0 0.006821036 -0.07082104 -0.5217875 -0.07082104 0.1330349 -0.08105266 -0.5217875 -0.08105266 0.1330349 -0.08105266 -0.5217875 -0.07082104 0.1330349 -0.07082104 0.1330349 -0.08105266 -0.5217875 -0.08105266 0.1330349 -0.08105266 -0.5217875 -0.07082104 0.1330349 -0.07082104 -0.5217875 -0.08105266 0.1330349 -0.1113886 0.1330349 -0.08105266 -0.5217875 -0.1113886 -0.5217875 -0.08105266 -0.5217875 -0.1113886 0.1330349 -0.1113886 0.1330349 -0.08105266 -0.5217875 -0.1113886 -0.5217875 -0.08105266 -0.5217875 -0.1113886 0.1330349 -0.08105266 0.1330349 0 0 0 0 0 0 0 0 0 0 0 0 0 0 0 0 0 0 0 0 0 0 0 0 0 0 0 0 0 0 0 0 0 0 0 0 0 0 0 0 0 0 0 0 0 0 0 0 0 0 0 0 0 0 0 0 0 0 0 0 0 0 0 0 0 0 0 0 0 0 0 0 0 0 0 0 0 0 0 0 0 0 0 0 0 0 0 0 0 0 0 0 0 0 0 0 0 0 0 0 0 0 0 0 0 0 0 0 0 0 0 0 0 0 0 0 0 0 0 0 0 0 0 0 0 0 0 0 0 0 0 0 0 0 0 0 0 0 0 0 0 0 0 0 0 0 0 0 0 0 0 0 0 0 0 0 0 0 0 0 0 0 0 0 0 0 0 0 0 0 0 0 0 0 0 0 0 0 0 0 0 0 0 0 0 0 0 0 0 0 0 0 0 0 0 0 0 0 0 0 0 0 0 0 0 0 0 0 0 0 0 0 0 0 0 0 0 0 0 0 0 0 0 0 0 0 0 0 0 0 0 0 0 0 0 0 0 0 0 0 0 0 0 0 0 0 0 0 0 0 0 0 0 0 0 0 0 0 0 0 0 0 0 0 0 0 0 0 0 0 0 0 0 0 0 0 0 0 0 0 0 0 0 0 0 0 0 0 0 0 0 0 0 0 0 0 0 0 0 0 0 0 0 0 0 0 0 0 0 0 0 0 0 0 0 0 0 0 0 0 0 0 0 0 0 0 0 0 0 0 0 0 0 0 0 0 0 0 0 0 0 0 0 0 0 0 0 0 0 0 0 0 0 0 0 0 0 0 0 0 0 0 0 0 0 0 0 0 0 0 0 0 0 0 0 0 0 0 0 0 0 0 0 0 0 0 0 0 0 0 0 0 0 0 0 0 0 0 0 0 0 0 0 0 0 0 0 0 0 0 0 0 0 0 0 0 0 0 0 0 0 0 0 0 0 0 0 0 0 0 0 0 0 0 0 0 0 0 0 0 0 0 0 0 0 0 0 0 0 0 0 0 0 0 0 0 0 0 0 0 0 0 0 0 0 0 0 0 0 0 0 0 0 0 0 0 0 0 0 0 0 0 0 0 0 0 0 0 0 0 0 0 0 0 0 0 0 0 0 0 0 0 0 0 0 0 0 0 0 0 0 0 0 0 0 0 0 0 0 0 0 0 0 0 0 0 0 0 0 0 0 0 0 0 0 0 0 0 0 0 0 0 0 0 0 0 0 0 0 0 0 0 0 0 0 0 0 0 0 0 0 0 0 0 0 0 0 0 0 0 0 0 0 0 0 0 0 0 0 0 0 0 0 0 0 0 0 0 0 0 0 0 0 0 0 0 0 0 0 0 0 0 0 0 0 0 0 0 0 0 0 0 0 0 0 0 0 0 0 0 0 0 0 0 0 0 0 0 0 0 0 0 0 0 0 0 0 0 0 0 0 0 0 0 0 0 0 0 0 0 0 0 0 0 0 0 0 0 0 0 0 0 0 0 0 0 0 0 0 0 0 0 0 0 0 0 0 0 0 0 0 0 0 0 0 0 0 0 0 0 0 0 0 0 0 0 0 0 0 0 0 0 0 0 0 0 0 0 0 0 0 0 0 0 0 0 0 0 0 0 0 0 0 0 0 0 0 0 0 0 0 0 0 0 0 0 0 0 0 0 0 0 0 0 0 0 0 0 0 0 0 0 0 0 0 0 0 0 0 0 0 0 0 0 0 0 0 0 0 0 0 0 0 0 0 0 0 0 0 0 0 0 0 0 0 0 0 0 0 0 0 0 0 0 0 0 0 0 0 0 0 0 0 0 0 0 0 0 0 0 0 0 0 0 0 0 0 0 0 0 0 0 0 0 0 0 0 0 0 0 0 0 0 0 0 0 0 0 0 0 0 0 0 0 0 0 0 0 0 0 0 0 0 0 0 0 0 0 0 0 0 0 0 0 0 0 0 0 0 0 0 0 0 0 0 0 0 0 0 0 0 0 0 0 0 0 0 0 0 0 0 0 0 0 0 0 0 0 0 0 0 0 0 0 0 0 0 0 0 0 0 0 0 0 0 0 0 0 0 0 0 0 0 0 0 0 0 0 0 0 0 0 0 0 0 0 0 0 0 0 0 0 0 0 0 0 0 0 0 0 0 0 0 0 0 0 0 0 0 0 0 0 0 0 0 0 0 0 0 0 0 0 0 0 0 0 0 0 0 0 0 0 0 0 0 0 0 0 0 0 0 0 0 0 0 0 0 0 0 0 0 0 0 0 0 0 0 0 0 0 0 0 0 0 0 0 0 0 0 0 0 0 0 0 0 0 0 0 0 0 0 0 0 0 0 0 0 0 0 0 0 0 0 0 0 0 0 0 0 0 0 0 0 0 0 0 0 0 0 0 0 0 0 0 0 0 0 0 0 0 0 0 0 0 0 0 0 0 0 0 0 0 0 0 0 0 0 0 0 0 0 0 0 0 0 0 0 0 0 0 0 0 0 0 0 0 0 0 0 0 0 0 0 0 0 0 0 0 0 0 0 0 0 0 0 0 0 0 0 0 0 0 0 0 0 0 0 0 0 0 0 0 0 0 0 0 0 0 0 0 0 0 0 0 0 0 0 0 0 0 0 0 0 0 0 0 0 0 0 0 0 0 0 0 0 0 0 0 0 0 0 0 0 0 0 0 0 0 0 0 0 0 0 0 0 0 0 0 0 0 0 0 0 0 0 0 0 0 0 0 0 0 0 0 0 0 0 0 0 0 0 0 0 0 0 0 0 0 0 0 0 0 0 0 0 0 0 0 0 0 0 0 0 0 0 0 0 0 0 0 0 0 0 0 0 0 0 0 0 0 0 0 0 0 0 0 0 0 0 0 0 0 0 0 0 0 0 0 0 0 0 0 0 0 0 0 0 0 0 0 0 0 0 0 0 0 0 0 0 0 0 0 0 0 0 0 0 0 0 0 0 0 0 0 0 0 0 0 0 0 0 0 0 0 0 0 0 0 0 0 0 0 0 0 0 0 0 0 0 0 0 0 0 0 0 0 0 0 0 0 0 0 0 0 0 0 0 0 0 0 0 0 0 0 0 0 0 0 0 0 0 0 0 0 0 0 0 0 0 0 0 0 0 0 0 0 0 0 0 0 0 0 0 0 0 0 0 0 0 0 0 0 0 0 0 0 0 0 0 0 0 0 0 0 0 0 0 0 0 0 0 0 0 0 0 0 0 0 0 0 0 0 0 0 0 0 0 0 0 0 0 0 0 0 0 0 0 0 0 0 0 0 0 0 0 0 0 0 0 0 0 0 0 0 0 0 0 0 0 0 0 0 0 0 0 0 0 0 0 0 0 0 0 0 0 0 0 0 0 0 0 0 0 0 0 0 0 0 0 0 0 0 0 0 0 0 0 0 0 0 0 0 0 0 0 0 0 0 0 0 0 0 0 0 0 0 0 0 0 0 0 0 0 0 0 0 0 0 0 0 0 0 0 0 0 0 0 0 0 0 0 0 0 0 0 0 0 0 0 0 0 0 0 0 0 0 0 0 0 0 0 0 0 0 0 0 0 0 0 0 0 0 0 0 0 0 0 0 0 0 0 0 0 0 0 0 0 0 0 0 0 0 0 0 0 0 0 0 0 0 0 0 0 0 0 0 0 0 0 0 0 0 0 0 0 0 0 0 0 0 0 0 0 0 0 0 0 0 0 0 0 0 0 0 0 0 0 0 0 0 0 0 0 0 0 0 0 0 0 0 0 0 0 0 0 0 0 0 0 0 0 0 0 0 0 0 0 0 0 0 0 0 0 0 0 0 0 0 0 0 0 0 0 0 0 0 0 0 0 0 0 0 0 0 0 0 0 0 0 0 0 0 0 0 0 0 0 0 0 0 0 0 0 0 0 0 0 0 0 0 0 0 0 0 0 0 0 0 0 0 0 0 0 0 0 0 0 0 0 0 0 0 0 0 0 0 0 0 0 0 0 0 0 0 0 0 0 0 0 0 0 0 0 0 0 0 0 0 0 0 0 0 0 0 0 0 0 0 0 0 0 0 0 0 0 0 0 0 0 0 0 0 0 0 0 0 0 0 0 0 0 0 0 0 0 0 0 0 0 0 0 0 0 0 0 0 0 0 0 0 0 0 0 0 0 0 0 0 0 0 0 0 0 0 0 0 0 0 0 0 0 0 0 0 0 0 0 0 0 0 0 0 0 0 0 0 0 0 0 0 0 0 0 0 0 0 0 0 0 0 0 0 0 0 0 0 0 0 0 0 0 0 0 0 0 0 0 0 0 0 0 0 0 0 0 0 0 0 0 0 0 0 0 0 0 0 0 0 0 0 0 0 0 0 0 0 0 0 0 0 0 0 0 0 0 0 0 0 0 0 0 0 0 0 0 0 0 0 0 0 0 0 0 0 0 0 0 0 0 0 0 0 0 0 0 0 0 0 0 0 0 0 0 0 0 0 0 0 0 0 0 0 0 0 0 0 0 0 0 0 0 0 0 0 0 0 0 0 0 0 0 0 0 0 0 0 0 0 0 0 0 0 0 0 0 0 0 0 0 0 0 0 0 0 0 0 0 0 0 0 0 0 0 0 0 0 0 0 0 0 0 0 0 0 0 0 0 0 0 0 0 0 0 0 0 0 0 0 0 0 0 0 0 0 0 0 0 0 0 0 0 0 0 0 0 0 0 0 0 0 0 0 0 0 0 0 0 0 0 0 0 0 0 0 0 0 0 0 0 0 0 0 0 0 0 0 0 0 0 0 0 0 0 0 0 0 0 0 0 0 0 0 0 0 0 0 0 0 0 0 0 0 0 0 0 0 0 0 0 0 0 0 0 0 0 0 0 0 0 0 0 0 0 0 0 0 0 0 0 0 0 0 0 0 0 0 0 0 0 0 0 0 0 0 0 0 0 0 0 0 0 0 0 0 0 0 0 0 0 0 0 0 0 0 0 0 0 0 0 0 0 0 0 0 0 0 0 0 0 0 0 0 0 0 0 0 0 0 0 0 0 0 0 0 0 0 0 0 0 0 0 0 0 0 0 0 0 0 0 0 0 0 0 0 0 0 0 0 0 0 0 0 0 0 0 0 0 0 0 0 0 0 0 0 0 0 0 0 0 0 0 0 0 0 0 0 0 0 0 0 0 0 0 0 0 0 0 0 0 0 0 0 0 0 0 0 0 0 0 0 0 0 0 0 0 0 0 0 0 0 0 0 0 0 0 0 0 0 0 0 0 0 0 0 0 0 0 0 0 0 0 0 0 0 0 0 0 0 0 0 0 0 0 0 0 0 0 0 0 0 0 0 0 0 0 0 0 0 0 0 0 0 0 0 0 0 0 0 0 0 0 0 0 0 0 0 0 0 0 0 0 0 0 0 0 0 0 0 0 0 0 0 0 0 0 0 0 0 0 0 0 0 0 0 0 0 0 0 0 0 0 0 0 0 0 0 0 0 0 0 0 0 0 0 0 0 0 0 0 0 0 0 0 0 0 0 0 0 0 0 0 0 0 0 0 0 0 0 0 0 0 0 0 0 0 0 0 0 0 0 0 0 0 0 0 0 0 0 0 0 0 0 0 0 0 0 0 0 0 0 0 0 0 0 0 0 0 0 0 0 0 0 0 0 0 0 0 0 0 0 0 0 0 0 0 0 0 0 0 0 0 0 0 0 0 0 0 0 0 0 0 0 0 0 0 0 0 0 0 0 0 0 0 0 0 0 0 0 0 0 0 0 0 0 0 0 0 0 0 0 0 0 0 0 0 0 0 0 0 0 0 0 0 0 0 0 0 0 0 0 0 0 0 0 0 0 0 0 0 0 0 0 0 0 0 0 0 0 0 0 0 0 0 0 0 0 0 0 0 0 0 0 0 0 0 0 0 0 0 0 0 0 0 0 0 0 0 0 0 0 0 0 0 0 0 0 0 0 0 0 0 0 0 0 0 0 0 0 0 0 0 0 0 0 0 0 0 0 0 0 0 0 0 0 0 0 0 0 0 0 0 0 0 0 0 0 0 0 0 0 0 0 0 0 0 0 0 0 0 0 0 0 0 0 0 0 0 0 0 0 0 0 0 0 0 0 0 0 0 0 0 0 0 0 0 0 0 0 0 0 0 0 0 0 0 0 0 0 0 0 0 0 0 0 0 0 0 0 0 0 0 0 0 0 0 0 0 0 0 0 0 0 0 0 0 0 0 0 0 0 0 0 0 0 0 0 0 0 0 0 0 0 0 0 0 0 0 0 0 0 0 0 0 0 0 0 0 0 0 0 0 0 0 0 0 0 0 0 0 0 0 0 0 0 0 0 0 0 0 0 0 0 0 0 0 0 0 0 0 0 0 0 0 0 0 0 0 0 0 0 0 0 0 0 0 0 0 0 0 0 0 0 0 0 0 0 0 0 0 0 0 0 0 0 0 0 0 0 0 0 0 0 0 0 0 0 0 0 0 0 0 0 0 0 0 0 0 0 0 0 0 0 0 0 0 0 0 0 0 0 0 0 0 0 0 0 0 0 0 0 0 0 0 0 0 0 0 0 0 0 0 0 0 0 0 0 0 0 0 0 0 0 0 0 0 0 0 0 0 0 0 0 0 0 0 0 0 0 0 0 0 0 0 0 0 0 0 0 0 0 0 0 0 0 0 0 0 0 0 0 0 0 0 0 0 0 0 0 0 0 0 0 0 0 0 0 0 0 0 0 0 0 0 0 0 0 0 0 0 0 0 0 0 0 0 0 0 0 0 0 0 0 0 0 0 0 0 0 0 0 0 0 0 0 0 0 0 0 0 0 0 0 0 0 0 0 0 0 0 0 0 0 0 0 0 0 0 0 0 0 0 0 0 0 0 0 0 0 0 0 0 0 0 0 0 0 0 0 0 0 0 0 0 0 0 0 0 0 0 0 0 0 0 0 0 0 0 0 0 0 0 0</float_array>
          <technique_common>
            <accessor source="#ID2547_001-mesh-map-0-array" count="2040" stride="2">
              <param name="S" type="float"/>
              <param name="T" type="float"/>
            </accessor>
          </technique_common>
        </source>
        <source id="ID2547_001-mesh-map-1">
          <float_array id="ID2547_001-mesh-map-1-array" count="4080">0 0 0 0 0 0 0 0 0 0 0 0 0 0 0 0 0 0 0 0 0 0 0 0 0 0 0 0 0 0 0 0 0 0 0 0 0 0 0 0 0 0 0 0 0 0 0 0 0 0 0 0 0 0 0 0 0 0 0 0 0 0 0 0 0 0 0 0 0 0 0 0 0 0 0 0 0 0 0 0 0 0 0 0 0 0 0 0 0 0 0 0 0 0 0 0 0 0 0 0 0 0 0 0 0 0 0 0 0 0 0 0 0 0 0 0 0 0 0 0 0 0 0 0 0 0 0 0 0 0 0 0 0 0 0 0 0 0 0 0 0 0 0 0 0 0 0 0 0 0 0 0 0 0 0 0 0 0 0 0 0 0 0 0 0 0 0 0 0 0 0 0 0 0 0 0 0 0 0 0 0 0 0 0 0 0 0 0 0 0 0 0 0 0 0 0 0 0 0 0 0 0 0 0 0 0 0 0 0 0 0 0 0 0 0 0 0 0 0 0 0 0 0 0 0 0 0 0 0 0 0 0 0 0 0 0 0 0 0 0 0 0 0 0 0 0 0 0 0 0 0 0 0 0 0 0 0 0 0 0 0 0 0 0 0 0 0 0 0 0 0 0 0 0 0 0 0 0 0 0 0 0 0 0 0 0 0 0 0 0 0 0 0 0 0 0 0 0 0 0 0 0 0 0 0 0 0 0 0 0 0 0 0 0 0 0 0 0 0 0 0 0 0 0 0 0 0 0 0 0 0 0 0 0 0 0 0 0 0 0 0 0 0 0 0 0 0 0 0 0 0 0 0 0 0 0 0 0 0 0 0 0 0 0 0 0 0 0 0 0 0 0 0 0 0 0 0 0 0 0 0 0 0 0 0 0 0 0 0 0 0 0 0 0 0 0 0 0 0 0 0 0 0 0 0 0 0 0 0 0 0 0 0 0 0 0 0 0 0 0 0 0 0 0 0 0 0 0 0 0 0 0 0 0 0 0 0 0 0 0 0 0 0 0 0 0 0 0 0 0 0 0 0 0 0 0 0 0 0 0 0 0 0 0 0 0 0 0 0 0 0 0 0 0 0 0 0 0 0 0 0 0 0 0 0 0 0 0 0 0 0 0 0 0 0 0 0 0 0 0 0 0 0 0 0 0 0 0 0 0 0 0 0 0 0 0 0 0 0 0 0 0 0 0 0 0 0 0 0 0 0 0 0 0 0 0 0 0 0 0 0 0 0 0 0 0 0 0 0 0 0 0 0 0 0 0 0 0 0 0 0 0 0 0 0 0 0 0 0 0 0 0 0 0 0 0 0 0 0 0 0 0 0 0 0 0 0 0 0 0 0 0 0 0 0 0 0 0 0 0 0 0 0 0 0 0 0 0 0 0 0 0 0 0 0 0 0 0 0 0 0 0 0 0 0 0 0 0 0 0 0 0 0 0 0 0 0 0 0 0 0 0 0 0 0 0 0 0 0 0 0 0 0 0 0 0 0 0 0 0 0 0 0 0 0 0 0 0 0 0 0 0 0 0 0 0 0 0 0 0 0 0 0 0 0 0 0 0 0 0 0 0 0 0 0 0 0 0 0 0 0 0 0 0 0 0 0 0 0 0 0 0 0 0 0 0 0 0 0 0 0 0 0 0 0 0 0 0 0 0 0 0 0 0 0 0 0 0 0 0 0 0 0 0 0 0 0 0 0 0 0 0 0 0 0 0 0 0 0 0 0 0 0 0 0 0 0 0 0 0 0 0 0 0 0 0 0 0 0 0 0 0 0 0 0 0 0 0 0 0 0 0 0 0 0 0 0 0 0 0 0 0 0 0 0 0 0 0 0 0 0 0 0 0 0 0 0 0 0 0 0 0 0 0 0 0 0 0 0 0 0 0 0 0 0 0 0 0 0 0 0 0 0 0 0 0 0 0 0 0 0 0 0 0 0 0 0 0 0 0 0 0 0 0 0 0 0 0 0 0 0 0 0 0 0 0 0 0 0 0 0 0 0 0 0 0 0 0 0 0 0 0 0 0 0 0 0 0 0 0 0 0 0 0 0 0 0 0 0 0 0 0 0 0 0 0 0 0 0 0 0 0 0 0 0 0 0 0 0 0 0 0 0 0 0 0 0 0 0 0 0 0 0 0 0 0 0 0 0 0 0 0 0 0 0 0 0 0 0 0 0 0 0 0 0 0 0 0 0 0 0 0 0 0 0 0 0 0 0 0 0 0 0 0 0 0 0 0 0 0 0 0 0 0 0 0 0 0 0 0 0 0 0 0 0 0 0 0 -0.04377883 1.364213 -0.083 0.7093909 -0.04377883 0.7093909 -0.03354722 1.364213 -0.03354722 1.418782 -0.04377883 1.364213 -0.03354722 1.418782 -0.083 1.418782 -0.04377883 1.364213 -0.083 0.7093909 -0.04377883 1.364213 -0.083 1.418782 -0.083 1.418782 -0.04377883 1.364213 -0.083 0.7093909 -0.04377883 1.364213 -0.083 1.418782 -0.03354722 1.418782 -0.04377883 1.364213 -0.03354722 1.418782 -0.03354722 1.364213 -0.04377883 0.7093909 -0.083 0.7093909 -0.04377883 1.364213 -0.083 0.7093909 -0.1089408 1.371948 -0.120157 0.7093909 -0.1089408 1.371948 -0.1133359 1.379561 -0.120157 0.7093909 -0.120157 0.7093909 -0.1133359 1.379561 -0.120157 1.435426 -0.1133359 1.435426 -0.120157 1.435426 -0.1133359 1.379561 -0.1089408 1.371948 -0.083 0.7093909 -0.0981816 1.371948 -0.0981816 1.371948 -0.083 0.7093909 -0.0933296 1.380352 -0.0933296 1.380352 -0.083 0.7093909 -0.0933296 1.418782 -0.083 1.418782 -0.0933296 1.418782 -0.083 0.7093909 -0.083 0.7093909 -0.0933296 1.418782 -0.083 1.418782 -0.0933296 1.418782 -0.083 0.7093909 -0.0933296 1.380352 -0.0933296 1.380352 -0.083 0.7093909 -0.0981816 1.371948 -0.0981816 1.371948 -0.083 0.7093909 -0.1089408 1.371948 -0.1133359 1.379561 -0.120157 1.435426 -0.1133359 1.435426 -0.120157 1.435426 -0.1133359 1.379561 -0.120157 0.7093909 -0.120157 0.7093909 -0.1133359 1.379561 -0.1089408 1.371948 -0.120157 0.7093909 -0.1089408 1.371948 -0.083 0.7093909 0.04945272 0.0103296 0 0.0103296 0.04945272 0 0 0 0.04945272 0 0 0.0103296 0 0.0103296 0.04945272 0 0 0 0.04945272 0 0 0.0103296 0.04945272 0.0103296 -0.1098211 1.422857 -0.1249753 1.430592 -0.140157 1.422857 -0.1249753 1.430592 -0.1298273 1.438996 -0.140157 1.422857 -0.140157 1.422857 -0.1298273 1.438996 -0.140157 1.477426 -0.1298273 1.477426 -0.140157 1.477426 -0.1298273 1.438996 -0.1098211 0.7680349 -0.103 0.7680349 -0.1098211 1.422857 -0.1249753 1.430592 -0.1098211 1.422857 -0.1142161 1.430592 -0.1142161 1.430592 -0.1098211 1.422857 -0.1098211 1.438205 -0.1098211 1.422857 -0.103 0.7680349 -0.1098211 1.438205 -0.1098211 1.438205 -0.103 0.7680349 -0.1098211 1.49407 -0.103 1.49407 -0.1098211 1.49407 -0.103 0.7680349 -0.103 0.7680349 -0.1098211 1.49407 -0.103 1.49407 -0.1098211 1.49407 -0.103 0.7680349 -0.1098211 1.438205 -0.1098211 1.438205 -0.103 0.7680349 -0.1098211 1.422857 -0.1098211 1.438205 -0.1098211 1.422857 -0.1142161 1.430592 -0.1142161 1.430592 -0.1098211 1.422857 -0.1249753 1.430592 -0.1098211 1.422857 -0.103 0.7680349 -0.1098211 0.7680349 -0.1298273 1.438996 -0.140157 1.477426 -0.1298273 1.477426 -0.140157 1.477426 -0.1298273 1.438996 -0.140157 1.422857 -0.140157 1.422857 -0.1298273 1.438996 -0.1249753 1.430592 -0.140157 1.422857 -0.1249753 1.430592 -0.1098211 1.422857 -0.03354722 1.364213 -0.04377883 1.364213 -0.03354722 1.333877 -0.04377883 1.333877 -0.03354722 1.333877 -0.04377883 1.364213 -0.04377883 1.364213 -0.03354722 1.333877 -0.04377883 1.333877 -0.03354722 1.333877 -0.04377883 1.364213 -0.03354722 1.364213 -0.1503885 0.7680349 -0.1200527 0.7680349 -0.1503885 1.422857 -0.1200527 1.422857 -0.1503885 1.422857 -0.1200527 0.7680349 -0.1200527 0.7680349 -0.1503885 1.422857 -0.1200527 1.422857 -0.1503885 1.422857 -0.1200527 0.7680349 -0.1503885 0.7680349 -0.03354722 0.05456852 -0.04377883 0.05456852 -0.03354722 0 -0.03354722 0 -0.04377883 0.05456852 -0.083 0 -0.04377883 0.05456852 -0.04377883 0.7093909 -0.083 0 -0.083 0.7093909 -0.083 0 -0.04377883 0.7093909 -0.04377883 0.7093909 -0.083 0 -0.083 0.7093909 -0.083 0 -0.04377883 0.7093909 -0.04377883 0.05456852 -0.083 0 -0.04377883 0.05456852 -0.03354722 0 -0.03354722 0 -0.04377883 0.05456852 -0.03354722 0.05456852 -0.103 1.49407 -0.103 0.7680349 -0.05354726 1.49407 -0.05354726 0.7680349 -0.05354726 1.49407 -0.103 0.7680349 -0.103 0.7680349 -0.05354726 1.49407 -0.05354726 0.7680349 -0.05354726 1.49407 -0.103 0.7680349 -0.103 1.49407 0 0 0.04945272 0 0 0.006821036 0.04945272 0.006821036 0 0.006821036 0.04945272 0 0.04945272 0 0 0.006821036 0.04945272 0.006821036 0 0.006821036 0.04945272 0 0 0 0 0.05586504 0 0 0.04945272 0.05586504 0.04945272 0 0.04945272 0.05586504 0 0 0 0 0.04945272 0.05586504 0.04945272 0 0.04945272 0.05586504 0 0 0 0.05586504 0 0.06465518 0 0.05586504 0.04945272 0.06465518 0.04945272 0.05586504 0.04945272 0.06465518 0 0.05586504 0 0.05586504 0.04945272 0.06465518 0.04945272 0.05586504 0.04945272 0.06465518 0 0.05586504 0 0.06465518 0.04945272 0.07541441 0 0.07541441 0.04945272 0.06465518 0 0.06465518 0.04945272 0.06465518 0 0.07541441 0 0.07541441 0.04945272 0.06465518 0 0.06465518 0.04945272 0.06465518 0 0.07541441 0.04945272 0.07541441 0 0.08511835 0 0.07541441 0.04945272 0.08511835 0.04945272 0.07541441 0.04945272 0.08511835 0 0.07541441 0 0.07541441 0.04945272 0.08511835 0.04945272 0.07541441 0.04945272 0.08511835 0 0.07541441 0 0.08511835 0 0.1235481 0 0.08511835 0.04945272 0.1235481 0.04945272 0.08511835 0.04945272 0.1235481 0 0.08511835 0 0.08511835 0.04945272 0.1235481 0.04945272 0.08511835 0.04945272 0.1235481 0 0.08511835 0 0.1235481 -0.1133359 -0.01664388 -0.1133359 0.0392211 -0.120157 -0.01664388 -0.0981816 0.04683357 -0.120157 0.7093909 -0.1089408 0.04683357 -0.1089408 0.04683357 -0.120157 0.7093909 -0.1133359 0.0392211 -0.120157 -0.01664388 -0.1133359 0.0392211 -0.120157 0.7093909 -0.0933296 0 -0.083 0 -0.0933296 0.03842967 -0.0981816 0.04683357 -0.0933296 0.03842967 -0.120157 0.7093909 -0.0933296 0.03842967 -0.083 0 -0.120157 0.7093909 -0.083 0.7093909 -0.120157 0.7093909 -0.083 0 -0.083 0 -0.120157 0.7093909 -0.083 0.7093909 -0.120157 0.7093909 -0.083 0 -0.0933296 0.03842967 -0.120157 0.7093909 -0.0933296 0.03842967 -0.0981816 0.04683357 -0.0933296 0.03842967 -0.083 0 -0.0933296 0 -0.120157 0.7093909 -0.1133359 0.0392211 -0.120157 -0.01664388 -0.1133359 0.0392211 -0.120157 0.7093909 -0.1089408 0.04683357 -0.1089408 0.04683357 -0.120157 0.7093909 -0.0981816 0.04683357 -0.120157 -0.01664388 -0.1133359 0.0392211 -0.1133359 -0.01664388 -0.1298273 0.05864387 -0.1298273 0.09707361 -0.140157 0.05864387 -0.1142161 0.1054775 -0.140157 0.1132125 -0.1249753 0.1054775 -0.1249753 0.1054775 -0.140157 0.1132125 -0.1298273 0.09707361 -0.140157 0.05864387 -0.1298273 0.09707361 -0.140157 0.1132125 -0.1098211 0.04199999 -0.103 0.04199999 -0.1098211 0.09786504 -0.140157 0.1132125 -0.1142161 0.1054775 -0.1098211 0.1132125 -0.1142161 0.1054775 -0.1098211 0.09786504 -0.1098211 0.1132125 -0.1098211 0.09786504 -0.103 0.04199999 -0.1098211 0.1132125 -0.1098211 0.1132125 -0.103 0.04199999 -0.1098211 0.7680349 -0.103 0.7680349 -0.1098211 0.7680349 -0.103 0.04199999 -0.103 0.04199999 -0.1098211 0.7680349 -0.103 0.7680349 -0.1098211 0.7680349 -0.103 0.04199999 -0.1098211 0.1132125 -0.1098211 0.1132125 -0.103 0.04199999 -0.1098211 0.09786504 -0.1098211 0.1132125 -0.1098211 0.09786504 -0.1142161 0.1054775 -0.1098211 0.1132125 -0.1142161 0.1054775 -0.140157 0.1132125 -0.1098211 0.09786504 -0.103 0.04199999 -0.1098211 0.04199999 -0.140157 0.1132125 -0.1298273 0.09707361 -0.140157 0.05864387 -0.1298273 0.09707361 -0.140157 0.1132125 -0.1249753 0.1054775 -0.1249753 0.1054775 -0.140157 0.1132125 -0.1142161 0.1054775 -0.140157 0.05864387 -0.1298273 0.09707361 -0.1298273 0.05864387 -0.1098211 0.7680349 -0.1098211 1.422857 -0.1200527 0.7680349 -0.1200527 1.422857 -0.1200527 0.7680349 -0.1098211 1.422857 -0.1098211 1.422857 -0.1200527 0.7680349 -0.1200527 1.422857 -0.1200527 0.7680349 -0.1098211 1.422857 -0.1098211 0.7680349 -0.1503885 0.1132125 -0.1200527 0.1132125 -0.1503885 0.7680349 -0.1200527 0.7680349 -0.1503885 0.7680349 -0.1200527 0.1132125 -0.1200527 0.1132125 -0.1503885 0.7680349 -0.1200527 0.7680349 -0.1503885 0.7680349 -0.1200527 0.1132125 -0.1503885 0.1132125 -0.04377883 0.05456852 -0.03354722 0.05456852 -0.04377883 0.08490443 -0.03354722 0.08490443 -0.04377883 0.08490443 -0.03354722 0.05456852 -0.03354722 0.05456852 -0.04377883 0.08490443 -0.03354722 0.08490443 -0.04377883 0.08490443 -0.03354722 0.05456852 -0.04377883 0.05456852 0 0.0103296 0.04945272 0.0103296 0 0 0.04945272 0 0 0 0.04945272 0.0103296 0.04945272 0.0103296 0 0 0.04945272 0 0 0 0.04945272 0.0103296 0 0.0103296 -0.103 0.7680349 -0.103 0.04199999 -0.05354726 0.7680349 -0.05354726 0.04199999 -0.05354726 0.7680349 -0.103 0.04199999 -0.103 0.04199999 -0.05354726 0.7680349 -0.05354726 0.04199999 -0.05354726 0.7680349 -0.103 0.04199999 -0.103 0.7680349 0 0.08511835 0 0.1235481 0.04945272 0.08511835 0.04945272 0.1235481 0.04945272 0.08511835 0 0.1235481 0 0.1235481 0.04945272 0.08511835 0.04945272 0.1235481 0.04945272 0.08511835 0 0.1235481 0 0.08511835 0 0.07541441 0 0.08511835 0.04945272 0.07541441 0.04945272 0.08511835 0.04945272 0.07541441 0 0.08511835 0 0.08511835 0.04945272 0.07541441 0.04945272 0.08511835 0.04945272 0.07541441 0 0.08511835 0 0.07541441 0 0.07541441 0.04945272 0.07541441 0 0.06465518 0.04945272 0.06465518 0 0.06465518 0.04945272 0.07541441 0.04945272 0.07541441 0 0.06465518 0.04945272 0.06465518 0 0.06465518 0.04945272 0.07541441 0 0.07541441 0 0.05586504 0 0.06465518 0.04945272 0.05586504 0.04945272 0.06465518 0.04945272 0.05586504 0 0.06465518 0 0.06465518 0.04945272 0.05586504 0.04945272 0.06465518 0.04945272 0.05586504 0 0.06465518 0 0.05586504 0 0 0 0.05586504 0.04945272 0 0.04945272 0.05586504 0.04945272 0 0 0.05586504 0 0.05586504 0.04945272 0 0.04945272 0.05586504 0.04945272 0 0 0.05586504 0 0 0.04945272 0 0 0 0.04945272 0.006821036 0 0.006821036 0.04945272 0.006821036 0 0 0 0 0.04945272 0.006821036 0 0.006821036 0.04945272 0.006821036 0 0 0.04945272 0 -0.1098211 0.1132125 -0.1098211 0.7680349 -0.1200527 0.1132125 -0.1200527 0.7680349 -0.1200527 0.1132125 -0.1098211 0.7680349 -0.1098211 0.7680349 -0.1200527 0.1132125 -0.1200527 0.7680349 -0.1200527 0.1132125 -0.1098211 0.7680349 -0.1098211 0.1132125 0 0 0 0 0 0 0 0 0 0 0 0 0 0 0 0 0 0 0 0 0 0 0 0 0 0 0 0 0 0 0 0 0 0 0 0 0 0 0 0 0 0 0 0 0 0 0 0 0 0 0 0 0 0 0 0 0 0 0 0 0 0 0 0 0 0 0 0 0 0 0 0 0 0 0 0 0 0 0 0 0 0 0 0 0 0 0 0 0 0 0 0 0 0 0 0 0 0 0 0 0 0 0 0 0 0 0 0 0 0 0 0 0 0 0 0 0 0 0 0 0 0 0 0 0 0 0 0 0 0 0 0 0 0 0 0 0 0 0 0 0 0 0 0 0 0 0 0 0 0 0 0 0 0 0 0 0 0 0 0 0 0 0 0 0 0 0 0 0 0 0 0 0 0 0 0 0 0 0 0 0 0 0 0 0 0 0 0 0 0 0 0 0 0 0 0 0 0 0 0 0 0 0 0 0 0 0 0 0 0 0 0 0 0 0 0 0 0 0 0 0 0 0 0 0 0 0 0 0 0 0 0 0 0 0 0 0 0 0 0 0 0 0 0 0 0 0 0 0 0 0 0 0 0 0 0 0 0 0 0 0 0 0 0 0 0 0 0 0 0 0 0 0 0 0 0 0 0 0 0 0 0 0 0 0 0 0 0 0 0 0 0 0 0 0 0 0 0 0 0 0 0 0 0 0 0 0 0 0 0 0 0 0 0 0 0 0 0 0 0 0 0 0 0 0 0 0 0 0 0 0 0 0 0 0 0 0 0 0 0 0 0 0 0 0 0 0 0 0 0 0 0 0 0 0 0 0 0 0 0 0 0 0 0 0 0 0 0 0 0 0 0 0 0 0 0 0 0 0 0 0 0 0 0 0 0 0 0 0 0 0 0 0 0 0 0 0 0 0 0 0 0 0 0 0 0 0 0 0 0 0 0 0 0 0 0 0 0 0 0 0 0 0 0 0 0 0 0 0 0 0 0 0 0 0 0 0 0 0 0 0 0 0 0 0 0 0 0 0 0 0 0 0 0 0 0 0 0 0 0 0 0 0 0 0 0 0 0 0 0 0 0 0 0 0 0 0 0 0 0 0 0 0 0 0 0 0 0 0 0 0 0 0 0 0 0 0 0 0 0 0 0 0 0 0 0 0 0 0 0 0 0 0 0 0 0 0 0 0 0 0 0 0 0 0 0 0 0 0 0 0 0 0 0 0 0 0 0 0 0 0 0 0 0 0 0 0 0 0 0 0 0 0 0 0 0 0 0 0 0 0 0 0 0 0 0 0 0 0 0 0 0 0 0 0 0 0 0 0 0 0 0 0 0 0 0 0 0 0 0 0 0 0 0 0 0 0 0 0 0 0 0 0 0 0 0 0 0 0 0 0 0 0 0 0 0 0 0 0 0 0 0 0 0 0 0 0 0 0 0 0 0 0 0 0 0 0 0 0 0 0 0 0 0 0 0 0 0 0 0 0 0 0 0 0 0 0 0 0 0 0 0 0 0 0 0 0 0 0 0 0 0 0 0 0 0 0 0 0 0 0 0 0 0 0 0 0 0 0 0 0 0 0 0 0 0 0 0 0 0 0 0 0 0 0 0 0 0 0 0 0 0 0 0 0 0 0 0 0 0 0 0 0 0 0 0 0 0 0 0 0 0 0 0 0 0 0 0 0 0 0 0 0 0 0 0 0 0 0 0 0 0 0 0 0 0 0 0 0 0 0 0 0 0 0 0 0 0 0 0 0 0 0 0 0 0 0 0 0 0 0 0 0 0 0 0 0 0 0 0 0 0 0 0 0 0 0 0 0 0 0 0 0 0 0 0 0 0 0 0 0 0 0 0 0 0 0 0 0 0 0 0 0 0 0 0 0 0 0 0 0 0 0 0 0 0 0 0 0 0 0 0 0 0 0 0 0 0 0 0 0 0 0 0 0 0 0 0 0 0 0 0 0 0 0 0 0 0 0 0 0 0 0 0 0 0 0 0 0 0 0 0 0 0 0 0 0 0 0 0 0 0 0 0 0 0 0 0 0 0 0 0 0 0 0 0 0 0 0 0 0 0 0 0 0 0 0 0 0 0 0 0 0 0 0 0 0 0 0 0 0 0 0 0 0 0 0 0 0 0 0 0 0 0 0 0 0 0 0 0 0 0 0 0 0 0 0 0 0 0 0 0 0 0 0 0 0 0 0 0 0 0 0 0 0 0 0 0 0 0 0 0 0 0 0 0 0 0 0 0 0 0 0 0 0 0 0 0 0 0 0 0 0 0 0 0 0 0 0 0 0 0 0 0 0 0 0 0 0 0 0 0 0 0 0 0 0 0 0 0 0 0 0 0 0 0 0 0 0 0 0 0 0 0 0 0 0 0 0 0 0 0 0 0 0 0 0 0 0 0 0 0 0 0 0 0 0 0 0 0 0 0 0 0 0 0 0 0 0 0 0 0 0 0 0 0 0 0 0 0 0 0 0 0 0 0 0 0 0 0 0 0 0 0 0 0 0 0 0 0 0 0 0 0 0 0 0 0 0 0 0 0 0 0 0 0 0 0 0 0 0 0 0 0 0 0 0 0 0 0 0 0 0 0 0 0 0 0 0 0 0 0 0 0 0 0 0 0 0 0 0 0 0 0 0 0 0 0 0 0 0 0 0 0 0 0 0 0 0 0 0 0 0 0 0 0 0 0 0 0 0 0 0 0 0 0 0 0 0 0 0 0 0 0 0 0 0 0 0 0 0 0 0 0 0 0 0 0 0 0 0 0 0 0 0 0 0 0 0 0 0 0 0 0 0 0 0 0 0 0 0 0 0 0 0 0 0 0 0 0 0 0 0 0 0 0 0 0 0 0 0 0 0 0 0 0 0 0 0 0 0 0 0 0 0 0 0 0 0 0 0 0 0 0 0 0 0 0 0 0 0 0 0 0 0 0 0 0 0 0 0 0 0 0 0 0 0 0 0 0 0 0 0 0 0 0 0 0 0 0 0 0 0 0 0 0 0 0 0 0 0 0 0 0 0 0 0 0 0 0 0 0 0 0 0 0 0 0 0 0 0 0 0 0 0 0 0 0 0 0 0 0 0 0 0 0 0 0 0 0 0 0 0 0 0 0 0 0 0 0 0 0 0 0 0 0 0 0 0 0 0 0 0 0 0 0 0 0 0 0 0 0 0 0 0 0 0 0 0 0 0 0 0 0 0 0 0 0 0 0 0 0 0 0 0 0 0 0 0 0 0 0 0 0 0 0 0 0 0 0 0 0 0 0 0 0 0 0 0 0 0 0 0 0 0 0 0 0 0 0 0 0 0 0 0 0 0 0 0 0 0 0 0 0 0 0 0 0 0 0 0 0 0 0 0 0 0 0 0 0 0 0 0 0 0 0 0 0 0 0 0 0 0 0 0 0 0 0 0 0 0 0 0 0 0 0 0 0 0 0 0 0 0 0 0 0 0 0 0 0 0 0 0 0 0 0 0 0 0 0 0 0 0 0 0 0 0 0 0 0 0 0 0 0 0 0 0 0 0 0 0 0 0 0 0 0 0 0 0 0 0 0 0 0 0 0 0 0 0 0 0 0 0 0 0 0 0 0 0 0 0 0 0 0 0 0 0 0 0 0 0 0 0 0 0 0 0 0 0 0 0 0 0 0 0 0 0 0 0 0 0 0 0 0 0 0 0 0 0 0 0 0 0 0 0 0 0 0 0 0 0 0 0 0 0 0 0 0 0 0 0 0 0 0 0 0 0 0 0 0 0 0 0 0 0 0 0 0 0 0 0 0 0 0 0 0 0 0 0 0 0 0 0 0 0 0 0 0 0 0 0 0 0 0 0 0 0 0 0 0 0 0 0 0 0 0 0 0 0 0 0 0 0 0 0 0 0 0 0 0 0 0 0 0 0 0 0 0 0 0 0 0 0 0 0 0 0 0 0 0 0 0 0 0 0 0 0 0 0 0 0 0 0 0 0 0 0 0 0 0 0 0 0 0 0 0 0 0 0 0 0 0 0 0 0 0 0 0 0 0 0 0 0 0 0 0 0 0 0 0 0 0 0 0 0 0 0 0 0 0 0 0 0 0 0 0 0 0 0 0 0 0 0 0 0 0 0 0 0 0 0 0 0 0 0 0 0 0 0 0 0 0 0 0 0 0 0 0 0 0 0 0 0 0 0 0 0 0 0 0 0 0 0 0 0 0 0 0 0 0 0 0 0 0 0 0 0 0 0 0 0 0 0 0 0 0 0 0 0 0 0 0 0 0 0 0 0 0 0 0 0 0 0 0 0 0 0 0 0 0 0 0 0 0 0 0 0 0 0 0 0 0 0 0 0 0 0 0 0 0 0 0 0 0 0 0 0 0 0 0 0 0 0 0 0 0 0 0 0 0 0 0 0 0 0 0 0 0 0 0 0 0 0 0 0 0 0 0 0 0 0 0 0 0 0 0 0 0 0 0 0 0 0 0 0 0 0 0 0 0 0 0 0 0 0 0 0 0 0 0 0 0 0 0 0 0 0 0 0 0 0 0 0 0 0 0 0 0 0 0 0 0 0 0 0 0</float_array>
          <technique_common>
            <accessor source="#ID2547_001-mesh-map-1-array" count="2040" stride="2">
              <param name="S" type="float"/>
              <param name="T" type="float"/>
            </accessor>
          </technique_common>
        </source>
        <source id="ID2547_001-mesh-map-2">
          <float_array id="ID2547_001-mesh-map-2-array" count="4080">0 0 0 0 0 0 0 0 0 0 0 0 0 0 0 0 0 0 0 0 0 0 0 0 0 0 0 0 0 0 0 0 0 0 0 0 0 0 0 0 0 0 0 0 0 0 0 0 0 0 0 0 0 0 0 0 0 0 0 0 0 0 0 0 0 0 0 0 0 0 0 0 0 0 0 0 0 0 0 0 0 0 0 0 0 0 0 0 0 0 0 0 0 0 0 0 0 0 0 0 0 0 0 0 0 0 0 0 0 0 0 0 0 0 0 0 0 0 0 0 0 0 0 0 0 0 0 0 0 0 0 0 0 0 0 0 0 0 0 0 0 0 0 0 0 0 0 0 0 0 0 0 0 0 0 0 0 0 0 0 0 0 0 0 0 0 0 0 0 0 0 0 0 0 0 0 0 0 0 0 0 0 0 0 0 0 0 0 0 0 0 0 0 0 0 0 0 0 0 0 0 0 0 0 0 0 0 0 0 0 0 0 0 0 0 0 0 0 0 0 0 0 0 0 0 0 0 0 0 0 0 0 0 0 0 0 0 0 0 0 0 0 0 0 0 0 0 0 0 0 0 0 0 0 0 0 0 0 0 0 0 0 0 0 0 0 0 0 0 0 0 0 0 0 0 0 0 0 0 0 0 0 0 0 0 0 0 0 0 0 0 0 0 0 0 0 0 0 0 0 0 0 0 0 0 0 0 0 0 0 0 0 0 0 0 0 0 0 0 0 0 0 0 0 0 0 0 0 0 0 0 0 0 0 0 0 0 0 0 0 0 0 0 0 0 0 0 0 0 0 0 0 0 0 0 0 0 0 0 0 0 0 0 0 0 0 0 0 0 0 0 0 0 0 0 0 0 0 0 0 0 0 0 0 0 0 0 0 0 0 0 0 0 0 0 0 0 0 0 0 0 0 0 0 0 0 0 0 0 0 0 0 0 0 0 0 0 0 0 0 0 0 0 0 0 0 0 0 0 0 0 0 0 0 0 0 0 0 0 0 0 0 0 0 0 0 0 0 0 0 0 0 0 0 0 0 0 0 0 0 0 0 0 0 0 0 0 0 0 0 0 0 0 0 0 0 0 0 0 0 0 0 0 0 0 0 0 0 0 0 0 0 0 0 0 0 0 0 0 0 0 0 0 0 0 0 0 0 0 0 0 0 0 0 0 0 0 0 0 0 0 0 0 0 0 0 0 0 0 0 0 0 0 0 0 0 0 0 0 0 0 0 0 0 0 0 0 0 0 0 0 0 0 0 0 0 0 0 0 0 0 0 0 0 0 0 0 0 0 0 0 0 0 0 0 0 0 0 0 0 0 0 0 0 0 0 0 0 0 0 0 0 0 0 0 0 0 0 0 0 0 0 0 0 0 0 0 0 0 0 0 0 0 0 0 0 0 0 0 0 0 0 0 0 0 0 0 0 0 0 0 0 0 0 0 0 0 0 0 0 0 0 0 0 0 0 0 0 0 0 0 0 0 0 0 0 0 0 0 0 0 0 0 0 0 0 0 0 0 0 0 0 0 0 0 0 0 0 0 0 0 0 0 0 0 0 0 0 0 0 0 0 0 0 0 0 0 0 0 0 0 0 0 0 0 0 0 0 0 0 0 0 0 0 0 0 0 0 0 0 0 0 0 0 0 0 0 0 0 0 0 0 0 0 0 0 0 0 0 0 0 0 0 0 0 0 0 0 0 0 0 0 0 0 0 0 0 0 0 0 0 0 0 0 0 0 0 0 0 0 0 0 0 0 0 0 0 0 0 0 0 0 0 0 0 0 0 0 0 0 0 0 0 0 0 0 0 0 0 0 0 0 0 0 0 0 0 0 0 0 0 0 0 0 0 0 0 0 0 0 0 0 0 0 0 0 0 0 0 0 0 0 0 0 0 0 0 0 0 0 0 0 0 0 0 0 0 0 0 0 0 0 0 0 0 0 0 0 0 0 0 0 0 0 0 0 0 0 0 0 0 0 0 0 0 0 0 0 0 0 0 0 0 0 0 0 0 0 0 0 0 0 0 0 0 0 0 0 0 0 0 0 0 0 0 0 0 0 0 0 0 0 0 0 0 0 0 0 0 0 0 0 0 0 0 0 0 0 0 0 0 0 0 0 0 0 0 0 0 0 0 0 0 0 0 0 0 0 0 0 0 0 0 0 0 0 0 0 0 0 0 0 0 0 0 0 0 0 0 0 0 0 0 0 0 0 0 0 0 0 0 0 0 0 0 0 0 0 0 0 0 0 0 0 0 0 0 0 0 0 0 0 0 0 0 0 0 0 0 0 0 0 0 0 0 0 0 0 0 0 0 0 0 0 0 0 0 0 0 0 0 0 0 0 0 0 0 0 0 0 0 0 0 0 0 0 0 0 0 0 0 0 0 0 0 0 0 0 0 0 0 0 0 0 0 0 0 0 0 0 0 0 0 0 0 0 0 0 0 0 0 0 0 0 0 0 0 0 0 0 0 0 0 0 0 0 0 0 0 0 0 0 0 0 0 0 0 0 0 0 0 0 0 0 0 0 0 0 0 0 0 0 0 0 0 0 0 0 0 0 0 0 0 0 0 0 0 0 0 0 0 0 0 0 0 0 0 0 0 0 0 0 0 0 0 0 0 0 0 0 0 0 0 0 0 0 0 0 0 0 0 0 0 0 0 0 0 0 0 0 0 0 0 0 0 0 0 0 0 0 0 0 0 0 0 0 0 0 0 0 0 0 0 0 0 0 0 0 0 0 0 0 0 0 0 0 0 0 0 0 0 0 0 0 0 0 0 0 0 0 0 0 0 0 0 0 0 0 0 0 0 0 0 0 0 0 0 0 0 0 0 0 0 0 0 0 0 0 0 0 0 0 0 0 0 0 0 0 0 0 0 0 0 0 0 0 0 0 0 0 0 0 0 0 0 0 0 0 0 0 0 0 0 0 0 0 0 0 0 0 0 0 0 0 0 0 0 0 0 0 0 0 0 0 0 0 0 0 0 0 0 0 0 0 0 0 0 0 0 0 0 0 0 0 0 0 0 0 0 0 0 0 0 0 0 0 0 0 0 0 0 0 0 0 0 0 0 0 0 0 0 0 0 0 0 0 0 0 0 0 0 0 0 0 0 0 0 0 0 0 0 0 0 0 0 0 0 0 0 0 0 0 0 0 0 0 0 0 0 0 0 0 0 0 0 0 0 0 0 0 0 0 0 0 0 0 0 0 0 0 0 0 0 0 0 0 0 0 0 0 0 0 0 0 0 0 0 0 0 0 0 0 0 0 0 0 0 0 0 0 0 0 0 0 0 0 0 0 0 0 0 0 0 0 0 0 0 0 0 0 0 0 0 0 0 0 0 0 0 0 0 0 0 0 0 0 0 0 0 0 0 0 0 0 0 0 0 0 0 0 0 0 0 0 0 0 0 0 0 0 0 0 0 0 0 0 0 0 0 0 0 0 0 0 0 0 0 0 0 0 0 0 0 0 0 0 0 0 0 0 0 0 0 0 0 0 0 0 0 0 0 0 0 0 0 0 0 0 0 0 0 0 0 0 0 0 0 0 0 0 0 0 0 0 0 0 0 0 0 0 0 0 0 0 0 0 0 0 0 0 0 0 0 0 0 0 0 0 0 0 0 0 0 0 0 0 0 0 0 0 0 0 0 0 0 0 0 0 0 0 0 0 0 0 0 0 0 0 0 0 0 0 0 0 0 0 0 0 0 0 0 0 0 0 0 0 0 0 0 0 0 0 0 0 0 0 0 0 0 0 0 0 0 0 0 0 0 0 0 0 0 0 0 0 0 0 0 0 0 0 0 0 0 0 0 0 0 0 0 0 0 0 0 0 0 0 0 0 0 0 0 0 0 0 0 0 0 0 0 0 0 0 0 0 0 0 0 0 0 0 0 0 0 0 0 0 0 0 0 0 0 0 0 0 0 0 0 0 0 0 0 0 0 0 0 0 0 0 0 0 0 0 0 0 0 0 0 0 0 0 0 0 0 0 0 0 0 0 0 0 0 0 0 0 0 0 0 0 0 0 0 0 0 0 0 0 0 0 0 0 0 0 0 0 0 0 0 0 0 0 0 0 0 0 0 0 0 0 0 0 0 0 0 0 0 0 0 0 0 0 0 0 0 0 0 0 0 0 0 0 0 0 0 0 0 0 0 0 0 0 0 0 0 0 0 0 0 0 0 0 0 0 0 0 0 0 0 0 0 0 0 0 0 0 0 0 0 0 0 0 0 0 0 0 0 0 0 0 0 0 0 0 0 0 0 0 0 0 0 0 0 0 0 0 0 0 0 0 0 0 0 0 0 0 0 0 0 0 0 0 0 0 0 0 0 0 0 0 0 0 0 0 0 0 0 0 0 0 0 0 0 0 0 0 0 0 0 0 0 0 0 0 0 0 0 0 0 0 0 0 0 0 0 0 0 0 0 0 0 0 0 0 0 0 0 0 0 0 0 0 0 0 0 0 0 0 0 0 0 0 0 0 0 0 0 0 0 0 0 0 0 0 0 0 0 0 0 0 0 0 0 0 0 0 0 0 0 0 0 0 0 0 0 0 0 0 0 0 0 0 0 0 0 0 0 0 0 0 0 0 0 0 0 0 0 0 0 0 0 0 0 0 0 0 0 0 0 0 0 0 0 0 0 0 0 0 0 0 0 0 0 0 0 0 -0.118 0.9149595 -0.1077684 0.8603909 -0.06854724 0.9149595 -0.06854724 0.9149595 -0.1077684 0.8603909 -0.06854724 0.5329797 -0.1077684 0.5329797 -0.06854724 0.5329797 -0.1077684 0.8603909 -0.118 0.8603909 -0.1077684 0.8603909 -0.118 0.9149595 -0.118 0.9149595 -0.1077684 0.8603909 -0.118 0.8603909 -0.1077684 0.8603909 -0.06854724 0.5329797 -0.1077684 0.5329797 -0.06854724 0.5329797 -0.1077684 0.8603909 -0.06854724 0.9149595 -0.06854724 0.9149595 -0.1077684 0.8603909 -0.118 0.9149595 -0.0313903 0.9316034 -0.03821134 0.8757383 -0.0313903 0.5329797 -0.03821134 0.8757383 -0.04260641 0.8681259 -0.0313903 0.5329797 -0.04260641 0.8681259 -0.05336564 0.8681259 -0.0313903 0.5329797 -0.05336564 0.8681259 -0.05821764 0.8765298 -0.0313903 0.5329797 -0.0313903 0.5329797 -0.05821764 0.8765298 -0.06854724 0.5329797 -0.05821764 0.8765298 -0.05821764 0.9149595 -0.06854724 0.5329797 -0.06854724 0.9149595 -0.06854724 0.5329797 -0.05821764 0.9149595 -0.03821134 0.9316034 -0.03821134 0.8757383 -0.0313903 0.9316034 -0.0313903 0.9316034 -0.03821134 0.8757383 -0.03821134 0.9316034 -0.05821764 0.9149595 -0.06854724 0.5329797 -0.06854724 0.9149595 -0.06854724 0.5329797 -0.05821764 0.9149595 -0.05821764 0.8765298 -0.06854724 0.5329797 -0.05821764 0.8765298 -0.0313903 0.5329797 -0.0313903 0.5329797 -0.05821764 0.8765298 -0.05336564 0.8681259 -0.0313903 0.5329797 -0.05336564 0.8681259 -0.04260641 0.8681259 -0.0313903 0.5329797 -0.04260641 0.8681259 -0.03821134 0.8757383 -0.0313903 0.5329797 -0.03821134 0.8757383 -0.0313903 0.9316034 -0.1077684 0.5329797 -0.1077684 0.2055685 -0.06854724 0.5329797 -0.06854724 0.5329797 -0.1077684 0.2055685 -0.06854724 0.151 -0.1077684 0.2055685 -0.118 0.2055685 -0.06854724 0.151 -0.118 0.151 -0.06854724 0.151 -0.118 0.2055685 -0.118 0.2055685 -0.06854724 0.151 -0.118 0.151 -0.06854724 0.151 -0.118 0.2055685 -0.1077684 0.2055685 -0.06854724 0.151 -0.1077684 0.2055685 -0.06854724 0.5329797 -0.06854724 0.5329797 -0.1077684 0.2055685 -0.1077684 0.5329797 -0.09305262 -0.4537875 -0.09305262 -0.1263763 -0.1233886 -0.4537875 -0.1233886 -0.1263763 -0.1233886 -0.4537875 -0.09305262 -0.1263763 -0.09305262 -0.1263763 -0.1233886 -0.4537875 -0.1233886 -0.1263763 -0.1233886 -0.4537875 -0.09305262 -0.1263763 -0.09305262 -0.4537875 -0.07599997 -0.1263763 -0.08282107 -0.1263763 -0.07599997 -0.525 -0.08282107 -0.1263763 -0.08282107 -0.4691349 -0.07599997 -0.525 -0.08282107 -0.525 -0.07599997 -0.525 -0.08282107 -0.4691349 -0.08282107 -0.1263763 -0.08282107 -0.4537875 -0.08282107 -0.4691349 -0.08282107 -0.4691349 -0.08282107 -0.4537875 -0.08721613 -0.4615225 -0.08721613 -0.4615225 -0.08282107 -0.4537875 -0.09797531 -0.4615225 -0.08282107 -0.4537875 -0.113157 -0.4537875 -0.09797531 -0.4615225 -0.09797531 -0.4615225 -0.113157 -0.4537875 -0.1028273 -0.4699264 -0.1028273 -0.4699264 -0.113157 -0.4537875 -0.1028273 -0.5083561 -0.113157 -0.5083561 -0.1028273 -0.5083561 -0.113157 -0.4537875 -0.113157 -0.4537875 -0.1028273 -0.5083561 -0.113157 -0.5083561 -0.1028273 -0.5083561 -0.113157 -0.4537875 -0.1028273 -0.4699264 -0.1028273 -0.4699264 -0.113157 -0.4537875 -0.09797531 -0.4615225 -0.09797531 -0.4615225 -0.113157 -0.4537875 -0.08282107 -0.4537875 -0.09797531 -0.4615225 -0.08282107 -0.4537875 -0.08721613 -0.4615225 -0.08721613 -0.4615225 -0.08282107 -0.4537875 -0.08282107 -0.4691349 -0.08282107 -0.4691349 -0.08282107 -0.4537875 -0.08282107 -0.1263763 -0.08282107 -0.4691349 -0.07599997 -0.525 -0.08282107 -0.525 -0.07599997 -0.525 -0.08282107 -0.4691349 -0.08282107 -0.1263763 -0.07599997 -0.525 -0.08282107 -0.1263763 -0.07599997 -0.1263763 0 0.0103296 0 0 0.04945272 0.0103296 0.04945272 0 0.04945272 0.0103296 0 0 0 0 0.04945272 0.0103296 0.04945272 0 0.04945272 0.0103296 0 0 0 0.0103296 -0.07599997 -0.525 -0.02654725 -0.525 -0.07599997 -0.1263763 -0.02654725 -0.1263763 -0.07599997 -0.1263763 -0.02654725 -0.525 -0.02654725 -0.525 -0.07599997 -0.1263763 -0.02654725 -0.1263763 -0.07599997 -0.1263763 -0.02654725 -0.525 -0.07599997 -0.525 -0.03821134 0.1902211 -0.03821134 0.1343561 -0.0313903 0.1343561 -0.0313903 0.1343561 -0.0313903 0.5329797 -0.03821134 0.1902211 -0.03821134 0.1902211 -0.0313903 0.5329797 -0.04260641 0.1978335 -0.04260641 0.1978335 -0.0313903 0.5329797 -0.05336564 0.1978335 -0.05336564 0.1978335 -0.0313903 0.5329797 -0.05821764 0.1894297 -0.05821764 0.151 -0.05821764 0.1894297 -0.06854724 0.151 -0.05821764 0.1894297 -0.0313903 0.5329797 -0.06854724 0.151 -0.06854724 0.5329797 -0.06854724 0.151 -0.0313903 0.5329797 -0.0313903 0.5329797 -0.06854724 0.151 -0.06854724 0.5329797 -0.06854724 0.151 -0.0313903 0.5329797 -0.05821764 0.1894297 -0.06854724 0.151 -0.05821764 0.1894297 -0.05821764 0.151 -0.05821764 0.1894297 -0.0313903 0.5329797 -0.05336564 0.1978335 -0.05336564 0.1978335 -0.0313903 0.5329797 -0.04260641 0.1978335 -0.04260641 0.1978335 -0.0313903 0.5329797 -0.03821134 0.1902211 -0.03821134 0.1902211 -0.0313903 0.5329797 -0.0313903 0.1343561 -0.0313903 0.1343561 -0.03821134 0.1343561 -0.03821134 0.1902211 0 0 0.04945272 0 0 0.03842967 0.04945272 0.03842967 0 0.03842967 0.04945272 0 0.04945272 0 0 0.03842967 0.04945272 0.03842967 0 0.03842967 0.04945272 0 0 0 0 0.03842967 0.04945272 0.03842967 0 0.04813367 0.04945272 0.04813367 0 0.04813367 0.04945272 0.03842967 0.04945272 0.03842967 0 0.04813367 0.04945272 0.04813367 0 0.04813367 0.04945272 0.03842967 0 0.03842967 0 0.0588929 0 0.04813367 0.04945272 0.0588929 0.04945272 0.04813367 0.04945272 0.0588929 0 0.04813367 0 0.04813367 0.04945272 0.0588929 0.04945272 0.04813367 0.04945272 0.0588929 0 0.04813367 0 0.0588929 0.04945272 0.06768304 0 0.06768304 0.04945272 0.0588929 0 0.0588929 0.04945272 0.0588929 0 0.06768304 0 0.06768304 0.04945272 0.0588929 0 0.0588929 0.04945272 0.0588929 0 0.06768304 0.04945272 0.06768304 0.04945272 0.1235481 0 0.1235481 0.04945272 0.06768304 0 0.06768304 0.04945272 0.06768304 0 0.1235481 0 0.1235481 0.04945272 0.06768304 0 0.06768304 0.04945272 0.06768304 0 0.1235481 0.04945272 0.1235481 0 0.006821036 0 0 0.04945272 0.006821036 0.04945272 0 0.04945272 0.006821036 0 0 0 0 0.04945272 0.006821036 0.04945272 0 0.04945272 0.006821036 0 0 0 0.006821036 0 0 0 0.0103296 0.04945272 0 0.04945272 0.0103296 0.04945272 0 0 0.0103296 0 0.0103296 0.04945272 0 0.04945272 0.0103296 0.04945272 0 0 0.0103296 0 0 -0.08282107 0.2163823 -0.08721613 0.2087697 -0.08282107 0.2010349 -0.08721613 0.2087697 -0.09797531 0.2087697 -0.08282107 0.2010349 -0.08282107 0.2010349 -0.09797531 0.2087697 -0.113157 0.2010349 -0.09797531 0.2087697 -0.1028273 0.2171736 -0.113157 0.2010349 -0.1028273 0.2171736 -0.1028273 0.2556034 -0.113157 0.2010349 -0.113157 0.2556034 -0.113157 0.2010349 -0.1028273 0.2556034 -0.07599997 -0.1263763 -0.07599997 0.2722473 -0.08282107 -0.1263763 -0.08282107 -0.1263763 -0.07599997 0.2722473 -0.08282107 0.2010349 -0.08282107 0.2010349 -0.07599997 0.2722473 -0.08282107 0.2163823 -0.08282107 0.2722473 -0.08282107 0.2163823 -0.07599997 0.2722473 -0.07599997 0.2722473 -0.08282107 0.2163823 -0.08282107 0.2722473 -0.08282107 0.2163823 -0.07599997 0.2722473 -0.08282107 0.2010349 -0.08282107 0.2010349 -0.07599997 0.2722473 -0.08282107 -0.1263763 -0.08282107 -0.1263763 -0.07599997 0.2722473 -0.07599997 -0.1263763 -0.1028273 0.2556034 -0.113157 0.2010349 -0.113157 0.2556034 -0.113157 0.2010349 -0.1028273 0.2556034 -0.1028273 0.2171736 -0.113157 0.2010349 -0.1028273 0.2171736 -0.09797531 0.2087697 -0.113157 0.2010349 -0.09797531 0.2087697 -0.08282107 0.2010349 -0.08282107 0.2010349 -0.09797531 0.2087697 -0.08721613 0.2087697 -0.08282107 0.2010349 -0.08721613 0.2087697 -0.08282107 0.2163823 -0.09305262 0.2010349 -0.1233886 0.2010349 -0.09305262 -0.1263763 -0.1233886 -0.1263763 -0.09305262 -0.1263763 -0.1233886 0.2010349 -0.1233886 0.2010349 -0.09305262 -0.1263763 -0.1233886 -0.1263763 -0.09305262 -0.1263763 -0.1233886 0.2010349 -0.09305262 0.2010349 -0.09305262 -0.4537875 -0.08282107 -0.4537875 -0.09305262 -0.1263763 -0.08282107 -0.1263763 -0.09305262 -0.1263763 -0.08282107 -0.4537875 -0.08282107 -0.4537875 -0.09305262 -0.1263763 -0.08282107 -0.1263763 -0.09305262 -0.1263763 -0.08282107 -0.4537875 -0.09305262 -0.4537875 -0.07599997 -0.1263763 -0.02654725 -0.1263763 -0.07599997 0.2722473 -0.02654725 0.2722473 -0.07599997 0.2722473 -0.02654725 -0.1263763 -0.02654725 -0.1263763 -0.07599997 0.2722473 -0.02654725 0.2722473 -0.07599997 0.2722473 -0.02654725 -0.1263763 -0.07599997 -0.1263763 0 0 0 0.006821036 0.04945272 0 0.04945272 0.006821036 0.04945272 0 0 0.006821036 0 0.006821036 0.04945272 0 0.04945272 0.006821036 0.04945272 0 0 0.006821036 0 0 0.04945272 0.06768304 0 0.06768304 0.04945272 0.1235481 0 0.1235481 0.04945272 0.1235481 0 0.06768304 0 0.06768304 0.04945272 0.1235481 0 0.1235481 0.04945272 0.1235481 0 0.06768304 0.04945272 0.06768304 0.04945272 0.0588929 0 0.0588929 0.04945272 0.06768304 0 0.06768304 0.04945272 0.06768304 0 0.0588929 0 0.0588929 0.04945272 0.06768304 0 0.06768304 0.04945272 0.06768304 0 0.0588929 0.04945272 0.0588929 0 0.04813367 0 0.0588929 0.04945272 0.04813367 0.04945272 0.0588929 0.04945272 0.04813367 0 0.0588929 0 0.0588929 0.04945272 0.04813367 0.04945272 0.0588929 0.04945272 0.04813367 0 0.0588929 0 0.04813367 0 0.04813367 0.04945272 0.04813367 0 0.03842967 0.04945272 0.03842967 0 0.03842967 0.04945272 0.04813367 0.04945272 0.04813367 0 0.03842967 0.04945272 0.03842967 0 0.03842967 0.04945272 0.04813367 0 0.04813367 0 0.03842967 0.04945272 0.03842967 0 0 0.04945272 0 0 0 0.04945272 0.03842967 0.04945272 0.03842967 0 0 0.04945272 0 0 0 0.04945272 0.03842967 0 0.03842967 -0.09305262 -0.1263763 -0.08282107 -0.1263763 -0.09305262 0.2010349 -0.08282107 0.2010349 -0.09305262 0.2010349 -0.08282107 -0.1263763 -0.08282107 -0.1263763 -0.09305262 0.2010349 -0.08282107 0.2010349 -0.09305262 0.2010349 -0.08282107 -0.1263763 -0.09305262 -0.1263763 0 0 0 0 0 0 0 0 0 0 0 0 0 0 0 0 0 0 0 0 0 0 0 0 0 0 0 0 0 0 0 0 0 0 0 0 0 0 0 0 0 0 0 0 0 0 0 0 0 0 0 0 0 0 0 0 0 0 0 0 0 0 0 0 0 0 0 0 0 0 0 0 0 0 0 0 0 0 0 0 0 0 0 0 0 0 0 0 0 0 0 0 0 0 0 0 0 0 0 0 0 0 0 0 0 0 0 0 0 0 0 0 0 0 0 0 0 0 0 0 0 0 0 0 0 0 0 0 0 0 0 0 0 0 0 0 0 0 0 0 0 0 0 0 0 0 0 0 0 0 0 0 0 0 0 0 0 0 0 0 0 0 0 0 0 0 0 0 0 0 0 0 0 0 0 0 0 0 0 0 0 0 0 0 0 0 0 0 0 0 0 0 0 0 0 0 0 0 0 0 0 0 0 0 0 0 0 0 0 0 0 0 0 0 0 0 0 0 0 0 0 0 0 0 0 0 0 0 0 0 0 0 0 0 0 0 0 0 0 0 0 0 0 0 0 0 0 0 0 0 0 0 0 0 0 0 0 0 0 0 0 0 0 0 0 0 0 0 0 0 0 0 0 0 0 0 0 0 0 0 0 0 0 0 0 0 0 0 0 0 0 0 0 0 0 0 0 0 0 0 0 0 0 0 0 0 0 0 0 0 0 0 0 0 0 0 0 0 0 0 0 0 0 0 0 0 0 0 0 0 0 0 0 0 0 0 0 0 0 0 0 0 0 0 0 0 0 0 0 0 0 0 0 0 0 0 0 0 0 0 0 0 0 0 0 0 0 0 0 0 0 0 0 0 0 0 0 0 0 0 0 0 0 0 0 0 0 0 0 0 0 0 0 0 0 0 0 0 0 0 0 0 0 0 0 0 0 0 0 0 0 0 0 0 0 0 0 0 0 0 0 0 0 0 0 0 0 0 0 0 0 0 0 0 0 0 0 0 0 0 0 0 0 0 0 0 0 0 0 0 0 0 0 0 0 0 0 0 0 0 0 0 0 0 0 0 0 0 0 0 0 0 0 0 0 0 0 0 0 0 0 0 0 0 0 0 0 0 0 0 0 0 0 0 0 0 0 0 0 0 0 0 0 0 0 0 0 0 0 0 0 0 0 0 0 0 0 0 0 0 0 0 0 0 0 0 0 0 0 0 0 0 0 0 0 0 0 0 0 0 0 0 0 0 0 0 0 0 0 0 0 0 0 0 0 0 0 0 0 0 0 0 0 0 0 0 0 0 0 0 0 0 0 0 0 0 0 0 0 0 0 0 0 0 0 0 0 0 0 0 0 0 0 0 0 0 0 0 0 0 0 0 0 0 0 0 0 0 0 0 0 0 0 0 0 0 0 0 0 0 0 0 0 0 0 0 0 0 0 0 0 0 0 0 0 0 0 0 0 0 0 0 0 0 0 0 0 0 0 0 0 0 0 0 0 0 0 0 0 0 0 0 0 0 0 0 0 0 0 0 0 0 0 0 0 0 0 0 0 0 0 0 0 0 0 0 0 0 0 0 0 0 0 0 0 0 0 0 0 0 0 0 0 0 0 0 0 0 0 0 0 0 0 0 0 0 0 0 0 0 0 0 0 0 0 0 0 0 0 0 0 0 0 0 0 0 0 0 0 0 0 0 0 0 0 0 0 0 0 0 0 0 0 0 0 0 0 0 0 0 0 0 0 0 0 0 0 0 0 0 0 0 0 0 0 0 0 0 0 0 0 0 0 0 0 0 0 0 0 0 0 0 0 0 0 0 0 0 0 0 0 0 0 0 0 0 0 0 0 0 0 0 0 0 0 0 0 0 0 0 0 0 0 0 0 0 0 0 0 0 0 0 0 0 0 0 0 0 0 0 0 0 0 0 0 0 0 0 0 0 0 0 0 0 0 0 0 0 0 0 0 0 0 0 0 0 0 0 0 0 0 0 0 0 0 0 0 0 0 0 0 0 0 0 0 0 0 0 0 0 0 0 0 0 0 0 0 0 0 0 0 0 0 0 0 0 0 0 0 0 0 0 0 0 0 0 0 0 0 0 0 0 0 0 0 0 0 0 0 0 0 0 0 0 0 0 0 0 0 0 0 0 0 0 0 0 0 0 0 0 0 0 0 0 0 0 0 0 0 0 0 0 0 0 0 0 0 0 0 0 0 0 0 0 0 0 0 0 0 0 0 0 0 0 0 0 0 0 0 0 0 0 0 0 0 0 0 0 0 0 0 0 0 0 0 0 0 0</float_array>
          <technique_common>
            <accessor source="#ID2547_001-mesh-map-2-array" count="2040" stride="2">
              <param name="S" type="float"/>
              <param name="T" type="float"/>
            </accessor>
          </technique_common>
        </source>
        <source id="ID2547_001-mesh-map-3">
          <float_array id="ID2547_001-mesh-map-3-array" count="4080">0 0 0 0 0 0 0 0 0 0 0 0 0 0 0 0 0 0 0 0 0 0 0 0 0 0 0 0 0 0 0 0 0 0 0 0 0 0 0 0 0 0 0 0 0 0 0 0 0 0 0 0 0 0 0 0 0 0 0 0 0 0 0 0 0 0 0 0 0 0 0 0 0 0 0 0 0 0 0 0 0 0 0 0 0 0 0 0 0 0 0 0 0 0 0 0 0 0 0 0 0 0 0 0 0 0 0 0 0 0 0 0 0 0 0 0 0 0 0 0 0 0 0 0 0 0 0 0 0 0 0 0 0 0 0 0 0 0 0 0 0 0 0 0 0 0 0 0 0 0 0 0 0 0 0 0 0 0 0 0 0 0 0 0 0 0 0 0 0 0 0 0 0 0 0 0 0 0 0 0 0 0 0 0 0 0 0 0 0 0 0 0 0 0 0 0 0 0 0 0 0 0 0 0 0 0 0 0 0 0 0 0 0 0 0 0 0 0 0 0 0 0 0 0 0 0 0 0 0 0 0 0 0 0 0 0 0 0 0 0 0 0 0 0 0 0 0 0 0 0 0 0 0 0 0 0 0 0 0 0 0 0 0 0 0 0 0 0 0 0 0 0 0 0 0 0 0 0 0 0 0 0 0 0 0 0 0 0 0 0 0 0 0 0 0 0 0 0 0 0 0 0 0 0 0 0 0 0 0 0 0 0 0 0 0 0 0 0 0 0 0 0 0 0 0 0 0 0 0 0 0 0 0 0 0 0 0 0 0 0 0 0 0 0 0 0 0 0 0 0 0 0 0 0 0 0 0 0 0 0 0 0 0 0 0 0 0 0 0 0 0 0 0 0 0 0 0 0 0 0 0 0 0 0 0 0 0 0 0 0 0 0 0 0 0 0 0 0 0 0 0 0 0 0 0 0 0 0 0 0 0 0 0 0 0 0 0 0 0 0 0 0 0 0 0 0 0 0 0 0 0 0 0 0 0 0 0 0 0 0 0 0 0 0 0 0 0 0 0 0 0 0 0 0 0 0 0 0 0 0 0 0 0 0 0 0 0 0 0 0 0 0 0 0 0 0 0 0 0 0 0 0 0 0 0 0 0 0 0 0 0 0 0 0 0 0 0 0 0 0 0 0 0 0 0 0 0 0 0 0 0 0 0 0 0 0 0 0 0 0 0 0 0 0 0 0 0 0 0 0 0 0 0 0 0 0 0 0 0 0 0 0 0 0 0 0 0 0 0 0 0 0 0 0 0 0 0 0 0 0 0 0 0 0 0 0 0 0 0 0 0 0 0 0 0 0 0 0 0 0 0 0 0 0 0 0 0 0 0 0 0 0 0 0 0 0 0 0 0 0 0 0 0 0 0 0 0 0 0 0 0 0 0 0 0 0 0 0 0 0 0 0 0 0 0 0 0 0 0 0 0 0 0 0 0 0 0 0 0 0 0 0 0 0 0 0 0 0 0 0 0 0 0 0 0 0 0 0 0 0 0 0 0 0 0 0 0 0 0 0 0 0 0 0 0 0 0 0 0 0 0 0 0 0 0 0 0 0 0 0 0 0 0 0 0 0 0 0 0 0 0 0 0 0 0 0 0 0 0 0 0 0 0 0 0 0 0 0 0 0 0 0 0 0 0 0 0 0 0 0 0 0 0 0 0 0 0 0 0 0 0 0 0 0 0 0 0 0 0 0 0 0 0 0 0 0 0 0 0 0 0 0 0 0 0 0 0 0 0 0 0 0 0 0 0 0 0 0 0 0 0 0 0 0 0 0 0 0 0 0 0 0 0 0 0 0 0 0 0 0 0 0 0 0 0 0 0 0 0 0 0 0 0 0 0 0 0 0 0 0 0 0 0 0 0 0 0 0 0 0 0 0 0 0 0 0 0 0 0 0 0 0 0 0 0 0 0 0 0 0 0 0 0 0 0 0 0 0 0 0 0 0 0 0 0 0 0 0 0 0 0 0 0 0 0 0 0 0 0 0 0 0 0 0 0 0 0 0 0 0 0 0 0 0 0 0 0 0 0 0 0 0 0 0 0 0 0 0 0 0 0 0 0 0 0 0 0 0 0 0 0 0 0 0 0 0 0 0 0 0 0 0 0 0 0 0 0 0 0 0 0 0 0 0 0 0 0 0 0 0 0 0 0 0 0 0 0 0 0 0 0 0 0 0 0 0 0 0 0 0 0 0 0 0 0 0 0 0 0 0 0 0 0 0 0 0 0 0 0 0 0 0 0 0 0 0 0 0 0 0 0 0 0 0 0 0 0 0 0 0 0 0 0 0 0 0 0 0 0 0 0 0 0 0 0 0 0 0 0 0 0 0 0 0 0 0 0 0 0 0 0 0 0 0 0 0 0 0 0 0 0 0 0 0 0 0 0 0 0 0 0 0 0 0 0 0 0 0 0 0 0 0 0 0 0 0 0 0 0 0 0 0 0 0 0 0 0 0 0 0 0 0 0 0 0 0 0 0 0 0 0 0 0 0 0 0 0 0 0 0 0 0 0 0 0 0 0 0 0 0 0 0 0 0 0 0 0 0 0 0 0 0 0 0 0 0 0 0 0 0 0 0 0 0 0 0 0 0 0 0 0 0 0 0 0 0 0 0 0 0 0 0 0 0 0 0 0 0 0 0 0 0 0 0 0 0 0 0 0 0 0 0 0 0 0 0 0 0 0 0 0 0 0 0 0 0 0 0 0 0 0 0 0 0 0 0 0 0 0 0 0 0 0 0 0 0 0 0 0 0 0 0 0 0 0 0 0 0 0 0 0 0 0 0 0 0 0 0 0 0 0 0 0 0 0 0 0 0 0 0 0 0 0 0 0 0 0 0 0 0 0 0 0 0 0 0 0 0 0 0 0 0 0 0 0 0 0 0 0 0 0 0 0 0 0 0 0 0 0 0 0 0 0 0 0 0 0 0 0 0 0 0 0 0 0 0 0 0 0 0 0 0 0 0 0 0 0 0 0 0 0 0 0 0 0 0 0 0 0 0 0 0 0 0 0 0 0 0 0 0 0 0 0 0 0 0 0 0 0 0 0 0 0 0 0 0 0 0 0 0 0 0 0 0 0 0 0 0 0 0 0 0 0 0 0 0 0 0 0 0 0 0 0 0 0 0 0 0 0 0 0 0 0 0 0 0 0 0 0 0 0 0 0 0 0 0 0 0 0 0 0 0 0 0 0 0 0 0 0 0 0 0 0 0 0 0 0 0 0 0 0 0 0 0 0 0 0 0 0 0 0 0 0 0 0 0 0 0 0 0 0 0 0 0 0 0 0 0 0 0 0 0 0 0 0 0 0 0 0 0 0 0 0 0 0 0 0 0 0 0 0 0 0 0 0 0 0 0 0 0 0 0 0 0 0 0 0 0 0 0 0 0 0 0 0 0 0 0 0 0 0 0 0 0 0 0 0 0 0 0 0 0 0 0 0 0 0 0 0 0 0 0 0 0 0 0 0 0 0 0 0 0 0 0 0 0 0 0 0 0 0 0 0 0 0 0 0 0 0 0 0 0 0 0 0 0 0 0 0 0 0 0 0 0 0 0 0 0 0 0 0 0 0 0 0 0 0 0 0 0 0 0 0 0 0 0 0 0 0 0 0 0 0 0 0 0 0 0 0 0 0 0 0 0 0 0 0 0 0 0 0 0 0 0 0 0 0 0 0 0 0 0 0 0 0 0 0 0 0 0 0 0 0 0 0 0 0 0 0 0 0 0 0 0 0 0 0 0 0 0 0 0 0 0 0 0 0 0 0 0 0 0 0 0 0 0 0 0 0 0 0 0 0 0 0 0 0 0 0 0 0 0 0 0 0 0 0 0 0 0 0 0 0 0 0 0 0 0 0 0 0 0 0 0 0 0 0 0 0 0 0 0 0 0 0 0 0 0 0 0 0 0 0 0 0 0 0 0 0 0 0 0 0 0 0 0 0 0 0 0 0 0 0 0 0 0 0 0 0 0 0 0 0 0 0 0 0 0 0 0 0 0 0 0 0 0 0 0 0 0 0 0 0 0 0 0 0 0 0 0 0 0 0 0 0 0 0 0 0 0 0 0 0 0 0 0 0 0 0 0 0 0 0 0 0 0 0 0 0 0 0 0 0 0 0 0 0 0 0 0 0 0 0 0 0 0 0 0 0 0 0 0 0 0 0 0 0 0 0 0 0 0 0 0 0 0 0 0 0 0 0 0 0 0 0 0 0 0 0 0 0 0 0 0 0 0 0 0 0 0 0 0 0 0 0 0 0 0 0 0 0 0 0 0 0 0 0 0 0 0 0 0 0 0 0 0 0 0 0 0 0 0 0 0 0 0 0 0 0 0 0 0 0 0 0 0 0 0 0 0 0 0 0 0 0 0 0 0 0 0 0 0 0 0 0 0 0 0 0 0 0 0 0 0 0 0 0 0 0 0 0 0 0 0 0 0 0 0 0 0 0 0 0 0 0 0 0 0 0 0 0 0 0 0 0 0 0 0 0 0 0 0 0 0 0 0 0 0 0 0 0 0 0 0 0 0 0 0 0 0 0 0 0 0 0 0 0 0 0 0 0 0 0 0 0 0 0 0 0 0 0 0 0 0 0 0 0 0 0 0 0 0 0 0 0 0 0 0 0 0 0 0 0 0 0 0 0 0 0 0 0 0 0 0 0 0 0 0 0 0 0 0 0 0 0 0 0 0 0 0 0 0 0 0 0 0 0 0 0 0 0 0 0 0 0 0 0 0 0 0 0 0 0 0 0 0 0 0 0 0 0 0 0 0 0 0 0 0 0 0 0 0 0 0 0 0 0 0 0 0 0 0 0 0 0 0 0 0 0 0 0 0 0 0 0 0 0 0 0 0 0 0 0 0 0 0 0 0 0 0 0 0 0 0 0 0 0 0 0 0 0 0 0 0 0 0 0 0 0 0 0 0 0 0 0 0 0 0 0 0 0 0 0 0 0 0 0 0 0 0 0 0 0 0 0 0 0 0 0 0 0 0 0 0 0 0 0 0 0 0 0 0 0 0 0 0 0 0 0 0 0 0 0 0 0 0 0 0 0 0 0 0 0 0 0 0 0 0 0 0 0 0 0 0 0 0 0 0 0 0 0 0 0 0 0 0 0 0 0 0 0 0 0 0 0 0 0 0 0 0 0 0 0 0 0 0 0 0 0 0 0 0 0 0 0 0 0 0 0 0 0 0 0 0 0 0 0 0 0 0 0 0 0 0 0 0 0 0 0 0 0 0 0 0 0 0 0 0 0 0 0 0 0 0 0 0 0 0 0 0 0 0 0 0 0 0 0 0 0 0 0 0 0 0 0 0 0 0 0 0 0 0 0 0 0 0 0 0 0 0 0 0 0 0 0 0 0 0 0 0 0 0 0 0 0 0 0 0 0 0 0 0 0 0 0 0 0 0 0 0 0 0 0 0 0 0 0 0 0 0 0 0 0 0 0 0 0 0 0 0 0 0 0 0 0 0 0 0 0 0 0 0 0 0 0 0 0 0 0 0 0 0 0 0 0 0 0 0 0 0 0 0 0 0 0 0 0 0 0 0 0 0 0 0 0 0 0 0 0 0 0 0 0 0 0 0 0 0 0 0 0 0 0 0 0 0 0 0 0 0 0 0 0 0 0 0 0 0 0 0 0 0 0 0 0 0 0 0 0 0 0 0 0 0 0 0 0 0 0 0 0 0 0 0 0 0 0 0 0 0 0 0 0 0 0 0 0 0 0 0 0 0 0 0 0 0 0 0 0 0 0 0 0 0 0 0 0 0 0 0 0 0 0 0 0 0 0 0 0 0 0 0 0 0 0 0 0 0 0 0 0 0 0 0 0 0 0 0 0 0 0 0 0 0 0 0 0 0 0 0 0 0 0 0 0 0 0 0 0 0 0 0 0 0 0 0 0 0 0 0 0 0 0 0 0 0 0 0 0 0 0 0 0 0 0 0 0 0 0 0 0 0 0 0 0 0 0 0 0 0 0 0 0 0 0 0 0 0 0 0 0 0 0 0 0 0 0 0 0 0 0 0 0 0 0 0 0 0 0 0 0 0 0 0 0 0 0 0 0 0 0 0 0 0 0 0 0 0 0 0 0 0 0 0 0 0 0 0 0 0 0 0 0 0 0 0 0 0 0 0 0 0 0 0 0 0 0 0 0 0 0 0 0 0 0 0 0 0 0 0 0 0 0 0 0 0 0 0 0 0 0 0 0 0 0 0 0 0 0 0 0 0 0 0 0 0 0 0 0 0 0 0 0 0 0 0 0 0 0 0 0 0 0 0 0 0 0 0 0 0 0 0 0 0 0 0 0 0 0 0 0 0 0 0 0 0 0 0 0 0 0 0 0 0 0 0 0 0 0 0 0 0 0 0 0 0 0 0 0 0 0 0 0 0 0 0 0 0 0 0 0 0 0 0 0 0 0 0 0 0 0 0 0 0 0 0 0 0 0 0 0 0 0 0 0 0 0 0 0 0 0 0 0 0 0 0 0 0 0 0 0 0 0 0 0 0 0 0 0 0 0 0 0 0 0 0 0 0 0 0 0 0 0 0 0 0 0 0 0 0 0 0 0 0 0 0 0 0 0 0 0 0 0 0 0 0 0 0 0 0 0 0 0 0 0 0 0 0 0 0 0 0 0 0 0 0 0 0 0 0 0 0 0 0 0 0 0 0 0 0 0 0 0 0 0 0 0 0 0 0 0 0 0 0 0 0 0 0 0 0 0 0 0 0 0 0 0 0 0 0 0 0 0 0 0 0 0 0 0 0 0 0 0 0 0 0 0 0 0 0 0 0 0 0 0 0 0 0 0 0 0 0 0 0 0 0 0 0 0 0 0 0 0 0 0 0 0 0 0 0 0 0 0 0 0 0 0 0 0 0 0 0 0 0 0 0 0 0 0 0 0 0 0 0 0 0 0 0 0 0 0 0 0.1977885 0.7677383 0.2046097 0.8236034 0.1977885 0.8236034 0.1674527 0.8069595 0.1674527 0.4249797 0.1777824 0.8069595 0.1777824 0.8069595 0.1674527 0.4249797 0.1777824 0.7685298 0.1777824 0.7685298 0.1674527 0.4249797 0.1826343 0.7601259 0.1826343 0.7601259 0.1674527 0.4249797 0.1933936 0.7601259 0.1933936 0.7601259 0.1674527 0.4249797 0.1977885 0.7677383 0.1977885 0.7677383 0.1674527 0.4249797 0.2046097 0.8236034 0.2046097 0.4249797 0.2046097 0.8236034 0.1674527 0.4249797 0.1674527 0.4249797 0.2046097 0.8236034 0.2046097 0.4249797 0.2046097 0.8236034 0.1674527 0.4249797 0.1977885 0.7677383 0.1977885 0.7677383 0.1674527 0.4249797 0.1933936 0.7601259 0.1933936 0.7601259 0.1674527 0.4249797 0.1826343 0.7601259 0.1826343 0.7601259 0.1674527 0.4249797 0.1777824 0.7685298 0.1777824 0.7685298 0.1674527 0.4249797 0.1777824 0.8069595 0.1777824 0.8069595 0.1674527 0.4249797 0.1674527 0.8069595 0.1977885 0.8236034 0.2046097 0.8236034 0.1977885 0.7677383 -0.1445473 0.5766237 -0.194 0.5766237 -0.1445473 0.178 -0.194 0.178 -0.1445473 0.178 -0.194 0.5766237 -0.194 0.5766237 -0.1445473 0.178 -0.194 0.178 -0.1445473 0.178 -0.194 0.5766237 -0.1445473 0.5766237 0.1674527 0.04299998 0.1777824 0.08142971 0.1674527 0.4249797 0.1777824 0.08142971 0.1826343 0.08983361 0.1674527 0.4249797 0.1826343 0.08983361 0.1933936 0.08983361 0.1674527 0.4249797 0.1933936 0.08983361 0.1977885 0.08222109 0.1674527 0.4249797 0.1674527 0.4249797 0.1977885 0.08222109 0.2046097 0.4249797 0.1977885 0.08222109 0.1977885 0.02635604 0.2046097 0.4249797 0.2046097 0.02635604 0.2046097 0.4249797 0.1977885 0.02635604 0.1777824 0.04299998 0.1777824 0.08142971 0.1674527 0.04299998 0.1674527 0.04299998 0.1777824 0.08142971 0.1777824 0.04299998 0.1977885 0.02635604 0.2046097 0.4249797 0.2046097 0.02635604 0.2046097 0.4249797 0.1977885 0.02635604 0.1977885 0.08222109 0.2046097 0.4249797 0.1977885 0.08222109 0.1674527 0.4249797 0.1674527 0.4249797 0.1977885 0.08222109 0.1933936 0.08983361 0.1674527 0.4249797 0.1933936 0.08983361 0.1826343 0.08983361 0.1674527 0.4249797 0.1826343 0.08983361 0.1777824 0.08142971 0.1674527 0.4249797 0.1777824 0.08142971 0.1674527 0.04299998 0.1282316 0.7523909 0.118 0.8069595 0.118 0.7523909 0.1282316 0.4249797 0.1674527 0.4249797 0.1282316 0.7523909 0.1674527 0.4249797 0.1674527 0.8069595 0.1282316 0.7523909 0.118 0.8069595 0.1282316 0.7523909 0.1674527 0.8069595 0.1674527 0.8069595 0.1282316 0.7523909 0.118 0.8069595 0.1282316 0.7523909 0.1674527 0.8069595 0.1674527 0.4249797 0.1282316 0.7523909 0.1674527 0.4249797 0.1282316 0.4249797 0.118 0.7523909 0.118 0.8069595 0.1282316 0.7523909 0 0.0103296 0 0 0.04945272 0.0103296 0.04945272 0 0.04945272 0.0103296 0 0 0 0 0.04945272 0.0103296 0.04945272 0 0.04945272 0.0103296 0 0 0 0.0103296 0.04945272 0.03842967 0 0.03842967 0.04945272 0 0 0 0.04945272 0 0 0.03842967 0 0.03842967 0.04945272 0 0 0 0.04945272 0 0 0.03842967 0.04945272 0.03842967 0.04945272 0.04813367 0 0.04813367 0.04945272 0.03842967 0 0.03842967 0.04945272 0.03842967 0 0.04813367 0 0.04813367 0.04945272 0.03842967 0 0.03842967 0.04945272 0.03842967 0 0.04813367 0.04945272 0.04813367 0 0.0588929 0 0.04813367 0.04945272 0.0588929 0.04945272 0.04813367 0.04945272 0.0588929 0 0.04813367 0 0.04813367 0.04945272 0.0588929 0.04945272 0.04813367 0.04945272 0.0588929 0 0.04813367 0 0.0588929 0 0.0588929 0.04945272 0.0588929 0 0.06768304 0.04945272 0.06768304 0 0.06768304 0.04945272 0.0588929 0.04945272 0.0588929 0 0.06768304 0.04945272 0.06768304 0 0.06768304 0.04945272 0.0588929 0 0.0588929 0 0.06768304 0.04945272 0.06768304 0 0.1235481 0.04945272 0.1235481 0 0.1235481 0.04945272 0.06768304 0.04945272 0.06768304 0 0.1235481 0.04945272 0.1235481 0 0.1235481 0.04945272 0.06768304 0 0.06768304 0 0.006821036 0 0 0.04945272 0.006821036 0.04945272 0 0.04945272 0.006821036 0 0 0 0 0.04945272 0.006821036 0.04945272 0 0.04945272 0.006821036 0 0 0 0.006821036 -0.2008211 0.2492125 -0.2008211 0.2338651 -0.2008211 0.5766237 -0.2008211 0.2338651 -0.2008211 0.178 -0.2008211 0.5766237 -0.2008211 0.5766237 -0.2008211 0.178 -0.194 0.5766237 -0.194 0.178 -0.194 0.5766237 -0.2008211 0.178 -0.231157 0.1946439 -0.2208273 0.2330736 -0.231157 0.2492125 -0.2208273 0.2330736 -0.2159753 0.2414775 -0.231157 0.2492125 -0.2159753 0.2414775 -0.2052161 0.2414775 -0.231157 0.2492125 -0.231157 0.2492125 -0.2052161 0.2414775 -0.2008211 0.2492125 -0.2008211 0.2338651 -0.2008211 0.2492125 -0.2052161 0.2414775 -0.2208273 0.1946439 -0.2208273 0.2330736 -0.231157 0.1946439 -0.231157 0.1946439 -0.2208273 0.2330736 -0.2208273 0.1946439 -0.2052161 0.2414775 -0.2008211 0.2492125 -0.2008211 0.2338651 -0.2008211 0.2492125 -0.2052161 0.2414775 -0.231157 0.2492125 -0.231157 0.2492125 -0.2052161 0.2414775 -0.2159753 0.2414775 -0.231157 0.2492125 -0.2159753 0.2414775 -0.2208273 0.2330736 -0.231157 0.2492125 -0.2208273 0.2330736 -0.231157 0.1946439 -0.2008211 0.178 -0.194 0.5766237 -0.194 0.178 -0.194 0.5766237 -0.2008211 0.178 -0.2008211 0.5766237 -0.2008211 0.5766237 -0.2008211 0.178 -0.2008211 0.2338651 -0.2008211 0.5766237 -0.2008211 0.2338651 -0.2008211 0.2492125 -0.1445473 0.9752473 -0.194 0.9752473 -0.1445473 0.5766237 -0.194 0.5766237 -0.1445473 0.5766237 -0.194 0.9752473 -0.194 0.9752473 -0.1445473 0.5766237 -0.194 0.5766237 -0.1445473 0.5766237 -0.194 0.9752473 -0.1445473 0.9752473 0 0 0 0.006821036 0.04945272 0 0.04945272 0.006821036 0.04945272 0 0 0.006821036 0 0.006821036 0.04945272 0 0.04945272 0.006821036 0.04945272 0 0 0.006821036 0 0 0 0.1235481 0.04945272 0.1235481 0 0.06768304 0.04945272 0.06768304 0 0.06768304 0.04945272 0.1235481 0.04945272 0.1235481 0 0.06768304 0.04945272 0.06768304 0 0.06768304 0.04945272 0.1235481 0 0.1235481 0 0.06768304 0.04945272 0.06768304 0 0.0588929 0.04945272 0.0588929 0 0.0588929 0.04945272 0.06768304 0.04945272 0.06768304 0 0.0588929 0.04945272 0.0588929 0 0.0588929 0.04945272 0.06768304 0 0.06768304 0 0.04813367 0 0.0588929 0.04945272 0.04813367 0.04945272 0.0588929 0.04945272 0.04813367 0 0.0588929 0 0.0588929 0.04945272 0.04813367 0.04945272 0.0588929 0.04945272 0.04813367 0 0.0588929 0 0.04813367 0.04945272 0.03842967 0 0.03842967 0.04945272 0.04813367 0 0.04813367 0.04945272 0.04813367 0 0.03842967 0 0.03842967 0.04945272 0.04813367 0 0.04813367 0.04945272 0.04813367 0 0.03842967 0.04945272 0.03842967 0.04945272 0 0 0 0.04945272 0.03842967 0 0.03842967 0.04945272 0.03842967 0 0 0 0 0.04945272 0.03842967 0 0.03842967 0.04945272 0.03842967 0 0 0.04945272 0 0 0 0 0.0103296 0.04945272 0 0.04945272 0.0103296 0.04945272 0 0 0.0103296 0 0.0103296 0.04945272 0 0.04945272 0.0103296 0.04945272 0 0 0.0103296 0 0 0.118 0.04299998 0.1674527 0.04299998 0.118 0.09756851 0.118 0.09756851 0.1674527 0.04299998 0.1282316 0.09756851 0.1282316 0.09756851 0.1674527 0.04299998 0.1282316 0.4249797 0.1674527 0.4249797 0.1282316 0.4249797 0.1674527 0.04299998 0.1674527 0.04299998 0.1282316 0.4249797 0.1674527 0.4249797 0.1282316 0.4249797 0.1674527 0.04299998 0.1282316 0.09756851 0.1282316 0.09756851 0.1674527 0.04299998 0.118 0.09756851 0.118 0.09756851 0.1674527 0.04299998 0.118 0.04299998 -0.2413886 0.5766237 -0.2413886 0.2492125 -0.2110527 0.5766237 -0.2110527 0.2492125 -0.2110527 0.5766237 -0.2413886 0.2492125 -0.2413886 0.2492125 -0.2110527 0.5766237 -0.2110527 0.2492125 -0.2110527 0.5766237 -0.2413886 0.2492125 -0.2413886 0.5766237 -0.2008211 0.5766237 -0.2110527 0.5766237 -0.2008211 0.2492125 -0.2110527 0.2492125 -0.2008211 0.2492125 -0.2110527 0.5766237 -0.2110527 0.5766237 -0.2008211 0.2492125 -0.2110527 0.2492125 -0.2008211 0.2492125 -0.2110527 0.5766237 -0.2008211 0.5766237 -0.2008211 0.9193823 -0.2008211 0.9040349 -0.2008211 0.9752473 -0.2008211 0.9040349 -0.2008211 0.5766237 -0.2008211 0.9752473 -0.2008211 0.9752473 -0.2008211 0.5766237 -0.194 0.9752473 -0.194 0.5766237 -0.194 0.9752473 -0.2008211 0.5766237 -0.231157 0.9586034 -0.231157 0.9040349 -0.2208273 0.9586034 -0.2208273 0.9586034 -0.231157 0.9040349 -0.2208273 0.9201737 -0.2208273 0.9201737 -0.231157 0.9040349 -0.2159753 0.9117698 -0.2159753 0.9117698 -0.231157 0.9040349 -0.2052161 0.9117698 -0.231157 0.9040349 -0.2008211 0.9040349 -0.2052161 0.9117698 -0.2008211 0.9193823 -0.2052161 0.9117698 -0.2008211 0.9040349 -0.2008211 0.9040349 -0.2052161 0.9117698 -0.2008211 0.9193823 -0.2052161 0.9117698 -0.2008211 0.9040349 -0.231157 0.9040349 -0.2052161 0.9117698 -0.231157 0.9040349 -0.2159753 0.9117698 -0.2159753 0.9117698 -0.231157 0.9040349 -0.2208273 0.9201737 -0.2208273 0.9201737 -0.231157 0.9040349 -0.2208273 0.9586034 -0.2208273 0.9586034 -0.231157 0.9040349 -0.231157 0.9586034 -0.2008211 0.5766237 -0.194 0.9752473 -0.194 0.5766237 -0.194 0.9752473 -0.2008211 0.5766237 -0.2008211 0.9752473 -0.2008211 0.9752473 -0.2008211 0.5766237 -0.2008211 0.9040349 -0.2008211 0.9752473 -0.2008211 0.9040349 -0.2008211 0.9193823 -0.2413886 0.9040349 -0.2413886 0.5766237 -0.2110527 0.9040349 -0.2110527 0.5766237 -0.2110527 0.9040349 -0.2413886 0.5766237 -0.2413886 0.5766237 -0.2110527 0.9040349 -0.2110527 0.5766237 -0.2110527 0.9040349 -0.2413886 0.5766237 -0.2413886 0.9040349 -0.2008211 0.9040349 -0.2110527 0.9040349 -0.2008211 0.5766237 -0.2110527 0.5766237 -0.2008211 0.5766237 -0.2110527 0.9040349 -0.2110527 0.9040349 -0.2008211 0.5766237 -0.2110527 0.5766237 -0.2008211 0.5766237 -0.2110527 0.9040349 -0.2008211 0.9040349</float_array>
          <technique_common>
            <accessor source="#ID2547_001-mesh-map-3-array" count="2040" stride="2">
              <param name="S" type="float"/>
              <param name="T" type="float"/>
            </accessor>
          </technique_common>
        </source>
        <vertices id="ID2547_001-mesh-vertices">
          <input semantic="POSITION" source="#ID2547_001-mesh-positions"/>
        </vertices>
        <triangles material="Metal21-basecolor-material" count="680">
          <input semantic="VERTEX" source="#ID2547_001-mesh-vertices" offset="0"/>
          <input semantic="NORMAL" source="#ID2547_001-mesh-normals" offset="1"/>
          <input semantic="TEXCOORD" source="#ID2547_001-mesh-map-0" offset="2" set="0"/>
          <input semantic="TEXCOORD" source="#ID2547_001-mesh-map-1" offset="2" set="1"/>
          <input semantic="TEXCOORD" source="#ID2547_001-mesh-map-2" offset="2" set="2"/>
          <input semantic="TEXCOORD" source="#ID2547_001-mesh-map-3" offset="2" set="3"/>
          <p>0 0 0 1 1 1 2 0 2 3 1 3 2 0 4 1 1 5 4 2 6 5 3 7 6 2 8 5 3 9 4 2 10 7 3 11 8 4 12 9 4 13 10 4 14 11 4 15 12 4 16 13 4 17 13 4 18 12 4 19 9 4 20 10 4 21 9 4 22 12 4 23 14 4 24 15 4 25 16 4 26 11 4 27 16 4 28 12 4 29 16 5 30 15 5 31 12 5 32 17 4 33 12 4 34 15 4 35 18 6 36 19 6 37 20 6 38 19 7 39 18 7 40 21 7 41 19 8 42 21 8 43 22 8 44 21 6 45 18 6 46 23 6 47 19 6 48 24 6 49 25 6 50 24 6 51 19 6 52 26 6 53 26 9 54 19 9 55 22 9 56 25 6 57 24 6 58 27 6 59 28 10 60 29 10 61 30 10 62 31 10 63 30 10 64 29 10 65 32 11 66 33 11 67 34 11 68 33 11 69 32 11 70 35 11 71 36 6 72 37 6 73 38 6 74 39 12 75 40 12 76 41 12 77 41 6 78 40 6 79 37 6 80 37 6 81 40 6 82 38 6 83 38 6 84 40 6 85 42 6 86 43 6 87 42 6 88 40 6 89 44 6 90 45 6 91 46 6 92 45 6 93 47 6 94 46 6 95 46 6 96 47 6 97 39 6 98 40 13 99 39 13 100 47 13 101 48 14 102 49 14 103 50 14 104 49 4 105 48 4 106 51 4 107 51 4 108 48 4 109 52 4 110 51 4 111 52 4 112 53 4 113 50 4 114 54 4 115 55 4 116 54 4 117 50 4 118 56 4 119 56 4 120 50 4 121 57 4 122 57 4 123 50 4 124 58 4 125 58 15 126 50 15 127 49 15 128 56 4 129 57 4 130 59 4 131 0 0 132 2 0 133 60 16 134 61 16 135 60 16 136 2 0 137 5 3 138 62 17 139 63 17 140 62 17 141 5 3 142 7 3 143 64 11 144 65 11 145 66 11 146 67 11 147 66 11 148 65 11 149 68 10 150 69 10 151 70 10 152 69 10 153 68 10 154 71 10 155 72 18 156 73 18 157 74 18 158 75 18 159 74 18 160 73 18 161 76 19 162 77 19 163 78 19 164 77 19 165 76 19 166 79 19 167 80 20 168 60 16 169 81 20 170 61 16 171 81 20 172 60 16 173 62 17 174 82 21 175 63 17 176 82 21 177 62 17 178 83 21 179 84 11 180 85 11 181 86 11 182 87 11 183 86 11 184 85 11 185 88 10 186 89 10 187 90 10 188 89 10 189 88 10 190 91 10 191 92 18 192 93 18 193 94 18 194 95 18 195 94 18 196 93 18 197 96 19 198 97 19 199 98 19 200 97 19 201 96 19 202 99 19 203 100 10 204 101 10 205 102 10 206 103 10 207 104 10 208 100 10 209 104 10 210 105 10 211 100 10 212 101 22 213 100 22 214 105 22 215 106 11 216 107 11 217 108 11 218 107 11 219 106 11 220 109 11 221 107 11 222 109 11 223 110 11 224 111 11 225 108 11 226 107 11 227 17 23 228 112 23 229 12 23 230 112 4 231 113 4 232 12 4 233 12 4 234 113 4 235 114 4 236 115 4 237 114 4 238 113 4 239 112 4 240 17 4 241 116 4 242 116 24 243 17 24 244 117 24 245 117 4 246 17 4 247 118 4 248 119 4 249 118 4 250 17 4 251 20 6 252 120 6 253 121 6 254 120 6 255 20 6 256 122 6 257 122 25 258 20 25 259 123 25 260 123 6 261 20 6 262 124 6 263 125 6 264 126 6 265 127 6 266 126 6 267 125 6 268 19 6 269 19 26 270 125 26 271 124 26 272 19 27 273 124 27 274 20 27 275 43 6 276 128 6 277 42 6 278 129 28 279 130 28 280 128 28 281 130 6 282 131 6 283 128 6 284 128 6 285 131 6 286 42 6 287 42 6 288 131 6 289 132 6 290 133 6 291 132 6 292 131 6 293 130 29 294 129 29 295 134 29 296 134 6 297 129 6 298 135 6 299 135 6 300 129 6 301 136 6 302 137 6 303 136 6 304 129 6 305 138 4 306 139 4 307 140 4 308 139 4 309 138 4 310 141 4 311 141 4 312 138 4 313 142 4 314 142 30 315 138 30 316 143 30 317 144 4 318 145 4 319 146 4 320 145 4 321 144 4 322 54 4 323 54 4 324 144 4 325 147 4 326 147 4 327 144 4 328 143 4 329 147 4 330 143 4 331 138 4 332 54 4 333 147 4 334 55 4 335 148 10 336 149 10 337 150 10 338 151 10 339 150 10 340 149 10 341 152 11 342 153 11 343 154 11 344 153 11 345 152 11 346 155 11 347 65 11 348 156 11 349 67 11 350 157 11 351 67 11 352 156 11 353 158 10 354 70 10 355 159 10 356 70 10 357 158 10 358 68 10 359 160 6 360 161 6 361 162 6 362 163 6 363 162 6 364 161 6 365 164 4 366 165 4 367 166 4 368 165 4 369 164 4 370 167 4 371 168 10 372 169 10 373 170 10 374 170 10 375 169 10 376 171 10 377 169 10 378 102 10 379 171 10 380 101 10 381 171 10 382 102 10 383 111 11 384 172 11 385 108 11 386 172 11 387 111 11 388 173 11 389 172 11 390 173 11 391 174 11 392 174 11 393 173 11 394 175 11 395 176 19 396 177 19 397 178 19 398 179 19 399 178 19 400 177 19 401 180 18 402 181 18 403 182 18 404 181 18 405 180 18 406 183 18 407 184 11 408 185 11 409 186 11 410 187 11 411 186 11 412 185 11 413 188 10 414 189 10 415 190 10 416 189 10 417 188 10 418 191 10 419 192 3 420 193 31 421 194 3 422 195 31 423 194 3 424 193 31 425 196 32 426 197 0 427 198 32 428 197 0 429 196 32 430 199 0 431 200 17 432 201 17 433 194 3 434 192 3 435 194 3 436 201 17 437 202 16 438 197 0 439 199 0 440 197 0 441 202 16 442 203 16 443 204 33 444 201 17 445 205 33 446 200 17 447 205 33 448 201 17 449 202 16 450 206 34 451 203 16 452 206 34 453 202 16 454 207 34 455 208 10 456 209 10 457 210 10 458 211 10 459 210 10 460 209 10 461 212 11 462 213 11 463 214 11 464 213 11 465 212 11 466 215 11 467 216 19 468 217 19 469 218 19 470 219 19 471 218 19 472 217 19 473 220 18 474 221 18 475 222 18 476 221 18 477 220 18 478 223 18 479 224 10 480 148 10 481 225 10 482 150 10 483 225 10 484 148 10 485 155 11 486 226 11 487 153 11 488 226 11 489 155 11 490 227 11 491 162 6 492 163 6 493 228 6 494 229 6 495 228 6 496 163 6 497 166 4 498 230 4 499 231 4 500 230 4 501 166 4 502 165 4 503 232 11 504 233 11 505 234 11 506 235 11 507 236 11 508 232 11 509 236 11 510 237 11 511 232 11 512 233 35 513 232 35 514 237 35 515 238 36 516 239 36 517 240 36 518 239 10 519 238 10 520 241 10 521 239 10 522 241 10 523 242 10 524 243 10 525 240 10 526 239 10 527 244 37 528 245 37 529 246 37 530 245 4 531 247 4 532 246 4 533 246 4 534 247 4 535 248 4 536 249 4 537 248 4 538 247 4 539 245 4 540 244 4 541 250 4 542 250 38 543 244 38 544 251 38 545 251 4 546 244 4 547 252 4 548 253 4 549 252 4 550 244 4 551 254 6 552 255 6 553 256 6 554 255 6 555 254 6 556 257 6 557 257 6 558 254 6 559 258 6 560 258 39 561 254 39 562 259 39 563 260 6 564 261 6 565 262 6 566 261 6 567 260 6 568 263 6 569 263 6 570 260 6 571 259 6 572 263 40 573 259 40 574 254 40 575 264 19 576 265 19 577 266 19 578 267 19 579 266 19 580 265 19 581 268 18 582 269 18 583 270 18 584 269 18 585 268 18 586 271 18 587 272 6 588 273 6 589 274 6 590 273 6 591 275 6 592 274 6 593 274 6 594 275 6 595 276 6 596 277 6 597 276 6 598 275 6 599 278 6 600 279 6 601 272 6 602 273 6 603 272 6 604 280 6 605 280 6 606 272 6 607 281 6 608 272 6 609 279 6 610 281 6 611 281 6 612 279 6 613 282 6 614 283 6 615 282 6 616 279 6 617 284 4 618 285 4 619 286 4 620 285 4 621 284 4 622 287 4 623 287 4 624 284 4 625 288 4 626 287 4 627 288 4 628 289 4 629 289 4 630 288 4 631 290 4 632 288 4 633 284 4 634 291 4 635 292 4 636 293 4 637 294 4 638 293 4 639 292 4 640 295 4 641 295 4 642 292 4 643 290 4 644 295 4 645 290 4 646 288 4 647 296 18 648 297 18 649 298 18 650 299 18 651 298 18 652 297 18 653 300 19 654 301 19 655 302 19 656 301 19 657 300 19 658 303 19 659 304 6 660 305 6 661 306 6 662 307 6 663 306 6 664 305 6 665 308 4 666 309 4 667 310 4 668 309 4 669 308 4 670 311 4 671 312 11 672 313 11 673 314 11 674 314 11 675 313 11 676 315 11 677 313 11 678 234 11 679 315 11 680 233 11 681 315 11 682 234 11 683 243 10 684 316 10 685 240 10 686 316 10 687 243 10 688 317 10 689 316 10 690 317 10 691 318 10 692 318 10 693 317 10 694 319 10 695 320 10 696 321 10 697 322 10 698 323 10 699 322 10 700 321 10 701 324 11 702 325 11 703 326 11 704 325 11 705 324 11 706 327 11 707 328 19 708 329 19 709 330 19 710 331 19 711 330 19 712 329 19 713 332 18 714 333 18 715 334 18 716 333 18 717 332 18 718 335 18 719 336 11 720 337 11 721 338 11 722 339 11 723 338 11 724 337 11 725 340 10 726 341 10 727 342 10 728 341 10 729 340 10 730 343 10 731 344 3 732 345 2 733 346 3 734 347 31 735 346 3 736 345 2 737 348 1 738 349 0 739 350 32 740 349 0 741 348 1 742 351 0 743 352 17 744 353 17 745 346 3 746 344 3 747 346 3 748 353 17 749 354 16 750 349 0 751 351 0 752 349 0 753 354 16 754 355 16 755 356 33 756 353 17 757 357 33 758 352 17 759 357 33 760 353 17 761 354 16 762 358 34 763 355 16 764 358 34 765 354 16 766 359 34 767 360 10 768 361 10 769 362 10 770 363 10 771 362 10 772 361 10 773 364 11 774 365 11 775 366 11 776 365 11 777 364 11 778 367 11 779 368 4 780 369 4 781 370 4 782 371 41 783 246 41 784 372 41 785 372 4 786 246 4 787 369 4 788 370 4 789 369 4 790 246 4 791 373 4 792 374 4 793 375 4 794 371 4 795 375 4 796 246 4 797 375 4 798 374 4 799 246 4 800 244 4 801 246 4 802 374 4 803 376 6 804 263 6 805 254 6 806 263 42 807 376 42 808 377 42 809 263 43 810 377 43 811 378 43 812 377 6 813 376 6 814 379 6 815 263 6 816 380 6 817 381 6 818 380 6 819 263 6 820 382 6 821 382 6 822 263 6 823 378 6 824 381 6 825 380 6 826 383 6 827 384 6 828 385 6 829 386 6 830 387 6 831 388 6 832 389 6 833 389 6 834 388 6 835 385 6 836 386 6 837 385 6 838 388 6 839 390 6 840 391 6 841 392 6 842 388 6 843 387 6 844 393 6 845 387 6 846 392 6 847 393 6 848 392 6 849 391 6 850 393 6 851 393 6 852 391 6 853 278 6 854 279 6 855 278 6 856 391 6 857 394 4 858 291 4 859 284 4 860 291 4 861 394 4 862 395 4 863 395 4 864 394 4 865 396 4 866 395 4 867 396 4 868 397 4 869 395 4 870 397 4 871 398 4 872 396 4 873 394 4 874 399 4 875 398 4 876 400 4 877 401 4 878 400 4 879 398 4 880 402 4 881 402 4 882 398 4 883 397 4 884 401 4 885 400 4 886 403 4 887 404 11 888 405 11 889 406 11 890 407 11 891 406 11 892 405 11 893 408 10 894 409 10 895 410 10 896 409 10 897 408 10 898 411 10 899 412 6 900 413 6 901 304 6 902 305 6 903 304 6 904 413 6 905 414 4 906 311 4 907 308 4 908 311 4 909 414 4 910 415 4 911 416 19 912 417 19 913 418 19 914 419 19 915 418 19 916 417 19 917 420 18 918 421 18 919 422 18 920 421 18 921 420 18 922 423 18 923 424 18 924 425 18 925 426 18 926 427 18 927 426 18 928 425 18 929 428 19 930 429 19 931 430 19 932 429 19 933 428 19 934 431 19 935 321 10 936 432 10 937 323 10 938 433 10 939 323 10 940 432 10 941 434 11 942 326 11 943 435 11 944 326 11 945 434 11 946 324 11 947 436 10 948 437 10 949 438 10 950 439 10 951 438 10 952 437 10 953 440 11 954 441 11 955 442 11 956 441 11 957 440 11 958 443 11 959 444 0 960 445 1 961 446 0 962 447 1 963 446 0 964 445 1 965 448 2 966 449 3 967 450 2 968 449 3 969 448 2 970 451 3 971 444 0 972 446 0 973 452 16 974 453 16 975 452 16 976 446 0 977 449 3 978 454 17 979 455 17 980 454 17 981 449 3 982 451 3 983 456 44 984 452 16 985 457 44 986 453 16 987 457 44 988 452 16 989 454 17 990 458 45 991 455 17 992 458 45 993 454 17 994 459 45 995 460 11 996 461 11 997 462 11 998 463 11 999 462 11 1000 461 11 1001 464 10 1002 465 10 1003 466 10 1004 465 10 1005 464 10 1006 467 10 1007 468 18 1008 469 18 1009 470 18 1010 471 18 1011 470 18 1012 469 18 1013 472 19 1014 473 19 1015 474 19 1016 473 19 1017 472 19 1018 475 19 1019 476 11 1020 404 11 1021 477 11 1022 406 11 1023 477 11 1024 404 11 1025 411 10 1026 478 10 1027 409 10 1028 478 10 1029 411 10 1030 479 10 1031 480 46 1032 481 46 1033 482 46 1034 482 19 1035 481 19 1036 483 19 1037 484 19 1038 483 19 1039 481 19 1040 485 19 1041 481 19 1042 480 19 1043 486 18 1044 487 18 1045 488 18 1046 487 18 1047 489 18 1048 490 18 1049 489 18 1050 487 18 1051 491 18 1052 491 47 1053 487 47 1054 486 47 1055 492 48 1056 493 48 1057 494 48 1058 493 4 1059 495 4 1060 494 4 1061 495 4 1062 496 4 1063 494 4 1064 496 4 1065 497 4 1066 494 4 1067 494 4 1068 497 4 1069 498 4 1070 497 4 1071 499 4 1072 498 4 1073 500 4 1074 498 4 1075 499 4 1076 501 4 1077 493 4 1078 492 4 1079 502 6 1080 503 6 1081 504 6 1082 505 6 1083 506 6 1084 507 6 1085 506 49 1086 505 49 1087 508 49 1088 506 6 1089 508 6 1090 509 6 1091 509 50 1092 508 50 1093 510 50 1094 509 6 1095 510 6 1096 511 6 1097 509 51 1098 511 51 1099 503 51 1100 509 52 1101 503 52 1102 502 52 1103 512 19 1104 513 19 1105 514 19 1106 514 19 1107 513 19 1108 515 19 1109 513 19 1110 516 19 1111 515 19 1112 517 19 1113 515 19 1114 516 19 1115 518 18 1116 519 18 1117 520 18 1118 519 53 1119 518 53 1120 521 53 1121 519 18 1122 521 18 1123 522 18 1124 522 18 1125 521 18 1126 523 18 1127 524 6 1128 525 6 1129 526 6 1130 527 6 1131 526 6 1132 525 6 1133 528 4 1134 529 4 1135 530 4 1136 529 4 1137 528 4 1138 531 4 1139 532 6 1140 533 6 1141 534 6 1142 533 54 1143 535 54 1144 534 54 1145 536 6 1146 534 6 1147 535 6 1148 533 19 1149 537 19 1150 535 19 1151 535 6 1152 537 6 1153 538 6 1154 538 6 1155 537 6 1156 539 6 1157 537 6 1158 540 6 1159 539 6 1160 539 55 1161 540 55 1162 541 55 1163 541 6 1164 540 6 1165 542 6 1166 543 6 1167 542 6 1168 540 6 1169 544 4 1170 545 4 1171 546 4 1172 545 56 1173 544 56 1174 547 56 1175 547 57 1176 544 57 1177 548 57 1178 548 4 1179 544 4 1180 549 4 1181 548 4 1182 549 4 1183 550 4 1184 550 4 1185 549 4 1186 551 4 1187 551 4 1188 549 4 1189 552 4 1190 551 4 1191 553 4 1192 554 4 1193 553 4 1194 551 4 1195 552 4 1196 553 4 1197 552 4 1198 555 4 1199 556 11 1200 557 11 1201 558 11 1202 559 11 1203 558 11 1204 557 11 1205 560 10 1206 561 10 1207 562 10 1208 561 10 1209 560 10 1210 563 10 1211 564 18 1212 565 18 1213 566 18 1214 567 18 1215 566 18 1216 565 18 1217 568 19 1218 569 19 1219 570 19 1220 569 19 1221 568 19 1222 571 19 1223 572 4 1224 573 4 1225 574 4 1226 574 58 1227 494 58 1228 572 58 1229 572 4 1230 494 4 1231 575 4 1232 575 4 1233 494 4 1234 576 4 1235 576 59 1236 494 59 1237 577 59 1238 578 4 1239 577 4 1240 579 4 1241 577 4 1242 494 4 1243 579 4 1244 498 4 1245 579 4 1246 494 4 1247 509 6 1248 580 6 1249 506 6 1250 580 6 1251 509 6 1252 581 6 1253 580 6 1254 581 6 1255 582 6 1256 581 60 1257 509 60 1258 583 60 1259 583 6 1260 509 6 1261 584 6 1262 584 6 1263 509 6 1264 585 6 1265 585 61 1266 509 61 1267 586 61 1268 586 6 1269 587 6 1270 585 6 1271 588 18 1272 589 18 1273 590 18 1274 591 18 1275 590 18 1276 589 18 1277 592 19 1278 593 19 1279 594 19 1280 593 19 1281 592 19 1282 595 19 1283 596 62 1284 597 62 1285 598 63 1286 599 63 1287 598 63 1288 597 62 1289 600 64 1290 601 65 1291 602 65 1292 601 65 1293 600 64 1294 603 64 1295 604 66 1296 598 63 1297 605 66 1298 599 63 1299 605 66 1300 598 63 1301 601 65 1302 606 67 1303 602 65 1304 606 67 1305 601 65 1306 607 67 1307 608 68 1308 609 68 1309 605 66 1310 604 66 1311 605 66 1312 609 68 1313 610 69 1314 606 67 1315 607 67 1316 606 67 1317 610 69 1318 611 69 1319 612 19 1320 613 19 1321 614 19 1322 615 19 1323 614 19 1324 613 19 1325 616 18 1326 617 18 1327 618 18 1328 617 18 1329 616 18 1330 619 18 1331 620 11 1332 621 11 1333 622 11 1334 623 11 1335 622 11 1336 621 11 1337 624 10 1338 625 10 1339 626 10 1340 625 10 1341 624 10 1342 627 10 1343 628 10 1344 629 10 1345 630 10 1346 631 10 1347 630 10 1348 629 10 1349 632 11 1350 633 11 1351 634 11 1352 633 11 1353 632 11 1354 635 11 1355 636 6 1356 637 6 1357 638 6 1358 637 6 1359 639 6 1360 638 6 1361 638 6 1362 639 6 1363 640 6 1364 639 70 1365 641 70 1366 640 70 1367 641 6 1368 642 6 1369 640 6 1370 643 6 1371 640 6 1372 642 6 1373 532 6 1374 644 6 1375 533 6 1376 533 71 1377 644 71 1378 638 71 1379 638 6 1380 644 6 1381 636 6 1382 645 6 1383 636 6 1384 644 6 1385 646 4 1386 647 4 1387 648 4 1388 647 4 1389 646 4 1390 649 4 1391 649 4 1392 646 4 1393 552 4 1394 552 4 1395 646 4 1396 555 4 1397 650 4 1398 651 4 1399 652 4 1400 651 4 1401 650 4 1402 653 4 1403 651 72 1404 653 72 1405 654 72 1406 651 4 1407 654 4 1408 649 4 1409 649 4 1410 654 4 1411 655 4 1412 649 4 1413 655 4 1414 647 4 1415 656 6 1416 657 6 1417 525 6 1418 527 6 1419 525 6 1420 657 6 1421 658 4 1422 528 4 1423 530 4 1424 528 4 1425 658 4 1426 659 4 1427 660 19 1428 661 19 1429 662 19 1430 663 19 1431 662 19 1432 661 19 1433 664 18 1434 665 18 1435 666 18 1436 665 18 1437 664 18 1438 667 18 1439 668 18 1440 669 18 1441 670 18 1442 671 18 1443 670 18 1444 669 18 1445 672 19 1446 673 19 1447 674 19 1448 673 19 1449 672 19 1450 675 19 1451 676 10 1452 677 10 1453 678 10 1454 679 10 1455 678 10 1456 677 10 1457 680 11 1458 681 11 1459 682 11 1460 681 11 1461 680 11 1462 683 11 1463 684 19 1464 685 19 1465 686 19 1466 687 19 1467 686 19 1468 685 19 1469 688 18 1470 689 18 1471 690 18 1472 689 18 1473 688 18 1474 691 18 1475 692 65 1476 693 65 1477 694 73 1478 695 73 1479 694 73 1480 693 65 1481 696 63 1482 697 74 1483 698 74 1484 697 74 1485 696 63 1486 699 63 1487 700 67 1488 693 65 1489 701 67 1490 692 65 1491 701 67 1492 693 65 1493 696 63 1494 702 66 1495 699 63 1496 702 66 1497 696 63 1498 703 66 1499 700 67 1500 701 67 1501 704 75 1502 705 75 1503 704 75 1504 701 67 1505 702 66 1506 706 76 1507 707 76 1508 706 76 1509 702 66 1510 703 66 1511 708 18 1512 709 18 1513 710 18 1514 711 18 1515 710 18 1516 709 18 1517 712 19 1518 713 19 1519 714 19 1520 713 19 1521 712 19 1522 715 19 1523 716 19 1524 717 19 1525 718 19 1526 719 19 1527 718 19 1528 717 19 1529 720 18 1530 721 18 1531 722 18 1532 721 18 1533 720 18 1534 723 18 1535 724 4 1536 725 4 1537 726 4 1538 727 4 1539 728 4 1540 729 4 1541 729 77 1542 728 77 1543 730 77 1544 730 78 1545 728 78 1546 731 78 1547 731 4 1548 728 4 1549 732 4 1550 732 79 1551 728 79 1552 724 79 1553 724 4 1554 728 4 1555 725 4 1556 733 4 1557 725 4 1558 728 4 1559 734 6 1560 735 6 1561 736 6 1562 735 6 1563 734 6 1564 737 6 1565 737 80 1566 734 80 1567 738 80 1568 738 6 1569 734 6 1570 739 6 1571 739 81 1572 734 81 1573 740 81 1574 740 82 1575 734 82 1576 741 82 1577 741 6 1578 734 6 1579 742 6 1580 743 6 1581 735 6 1582 737 6 1583 744 19 1584 745 19 1585 746 19 1586 747 19 1587 746 19 1588 745 19 1589 748 18 1590 749 18 1591 750 18 1592 749 18 1593 748 18 1594 751 18 1595 752 4 1596 753 4 1597 728 4 1598 753 4 1599 754 4 1600 728 4 1601 754 4 1602 755 4 1603 728 4 1604 755 4 1605 756 4 1606 728 4 1607 728 4 1608 756 4 1609 733 4 1610 756 83 1611 757 83 1612 733 83 1613 758 4 1614 733 4 1615 757 4 1616 759 4 1617 753 4 1618 752 4 1619 760 6 1620 761 6 1621 762 6 1622 763 6 1623 736 6 1624 764 6 1625 736 84 1626 763 84 1627 765 84 1628 736 6 1629 765 6 1630 734 6 1631 734 85 1632 765 85 1633 766 85 1634 734 6 1635 766 6 1636 767 6 1637 734 86 1638 767 86 1639 761 86 1640 734 87 1641 761 87 1642 760 87 1643 768 18 1644 769 18 1645 770 18 1646 771 18 1647 772 18 1648 768 18 1649 772 18 1650 773 18 1651 768 18 1652 769 88 1653 768 88 1654 773 88 1655 774 89 1656 775 89 1657 776 89 1658 775 19 1659 774 19 1660 777 19 1661 775 19 1662 777 19 1663 778 19 1664 779 19 1665 776 19 1666 775 19 1667 780 10 1668 781 10 1669 782 10 1670 783 10 1671 782 10 1672 781 10 1673 784 11 1674 785 11 1675 786 11 1676 785 11 1677 784 11 1678 787 11 1679 788 19 1680 789 19 1681 790 19 1682 791 19 1683 790 19 1684 789 19 1685 792 18 1686 793 18 1687 794 18 1688 793 18 1689 792 18 1690 795 18 1691 796 90 1692 797 90 1693 798 91 1694 799 92 1695 798 91 1696 797 90 1697 800 93 1698 801 94 1699 802 95 1700 801 94 1701 800 93 1702 803 93 1703 804 96 1704 797 90 1705 805 96 1706 796 90 1707 805 96 1708 797 90 1709 800 93 1710 806 97 1711 803 93 1712 806 97 1713 800 93 1714 807 97 1715 804 96 1716 805 96 1717 808 98 1718 809 98 1719 808 98 1720 805 96 1721 806 97 1722 810 99 1723 811 99 1724 810 99 1725 806 97 1726 807 97 1727 812 18 1728 813 18 1729 814 18 1730 815 18 1731 814 18 1732 813 18 1733 816 19 1734 817 19 1735 818 19 1736 817 19 1737 816 19 1738 819 19 1739 820 10 1740 821 10 1741 822 10 1742 823 10 1743 822 10 1744 821 10 1745 824 11 1746 825 11 1747 826 11 1748 825 11 1749 824 11 1750 827 11 1751 828 4 1752 829 4 1753 830 4 1754 829 18 1755 831 18 1756 830 18 1757 830 6 1758 831 6 1759 832 6 1760 833 6 1761 832 6 1762 831 6 1763 834 100 1764 835 100 1765 836 100 1766 835 101 1767 837 101 1768 836 101 1769 837 6 1770 838 6 1771 836 6 1772 836 6 1773 838 6 1774 828 6 1775 829 6 1776 828 6 1777 838 6 1778 839 6 1779 835 6 1780 834 6 1781 840 4 1782 841 4 1783 842 4 1784 843 4 1785 844 4 1786 845 4 1787 844 4 1788 843 4 1789 846 4 1790 846 4 1791 843 4 1792 847 4 1793 846 102 1794 847 102 1795 841 102 1796 846 4 1797 841 4 1798 840 4 1799 848 4 1800 849 4 1801 850 4 1802 849 4 1803 848 4 1804 851 4 1805 851 19 1806 848 19 1807 845 19 1808 851 18 1809 845 18 1810 844 18 1811 852 19 1812 853 19 1813 744 19 1814 745 19 1815 744 19 1816 853 19 1817 854 18 1818 751 18 1819 748 18 1820 751 18 1821 854 18 1822 855 18 1823 856 11 1824 857 11 1825 858 11 1826 859 11 1827 858 11 1828 857 11 1829 860 10 1830 861 10 1831 862 10 1832 861 10 1833 860 10 1834 863 10 1835 864 18 1836 865 18 1837 866 18 1838 867 18 1839 866 18 1840 865 18 1841 868 19 1842 869 19 1843 870 19 1844 869 19 1845 868 19 1846 871 19 1847 872 95 1848 873 95 1849 874 93 1850 875 93 1851 874 93 1852 873 95 1853 876 92 1854 877 90 1855 878 90 1856 877 90 1857 876 92 1858 879 92 1859 880 97 1860 874 93 1861 881 97 1862 875 93 1863 881 97 1864 874 93 1865 877 90 1866 882 96 1867 878 90 1868 882 96 1869 877 90 1870 883 96 1871 884 99 1872 885 99 1873 881 97 1874 880 97 1875 881 97 1876 885 99 1877 886 98 1878 882 96 1879 883 96 1880 882 96 1881 886 98 1882 887 98 1883 888 19 1884 889 19 1885 890 19 1886 891 19 1887 890 19 1888 889 19 1889 892 18 1890 893 18 1891 894 18 1892 893 18 1893 892 18 1894 895 18 1895 896 11 1896 897 11 1897 898 11 1898 899 11 1899 898 11 1900 897 11 1901 900 10 1902 901 10 1903 902 10 1904 901 10 1905 900 10 1906 903 10 1907 904 18 1908 905 18 1909 906 18 1910 906 103 1911 905 103 1912 907 103 1913 907 18 1914 905 18 1915 771 18 1916 772 18 1917 771 18 1918 905 18 1919 908 19 1920 778 19 1921 777 19 1922 778 19 1923 908 19 1924 909 19 1925 909 19 1926 908 19 1927 910 19 1928 910 19 1929 908 19 1930 911 19 1931 912 6 1932 913 6 1933 914 6 1934 915 6 1935 914 6 1936 913 6 1937 916 4 1938 917 4 1939 918 4 1940 917 4 1941 916 4 1942 919 4 1943 920 18 1944 921 18 1945 922 18 1946 923 18 1947 922 18 1948 921 18 1949 924 19 1950 925 19 1951 926 19 1952 925 19 1953 924 19 1954 927 19 1955 928 4 1956 929 4 1957 930 4 1958 929 4 1959 830 4 1960 930 4 1961 930 6 1962 830 6 1963 931 6 1964 832 6 1965 931 6 1966 830 6 1967 932 6 1968 933 6 1969 934 6 1970 934 104 1971 933 104 1972 935 104 1973 935 105 1974 933 105 1975 936 105 1976 936 6 1977 933 6 1978 937 6 1979 933 6 1980 929 6 1981 937 6 1982 928 6 1983 937 6 1984 929 6 1985 938 4 1986 939 4 1987 940 4 1988 939 4 1989 938 4 1990 941 4 1991 939 4 1992 941 4 1993 942 4 1994 942 106 1995 941 106 1996 943 106 1997 943 4 1998 941 4 1999 944 4 2000 944 4 2001 941 4 2002 945 4 2003 851 4 2004 946 4 2005 849 4 2006 946 4 2007 851 4 2008 947 4 2009 947 4 2010 851 4 2011 938 4 2012 947 19 2013 938 19 2014 940 19 2015 948 6 2016 912 6 2017 949 6 2018 914 6 2019 949 6 2020 912 6 2021 919 4 2022 950 4 2023 917 4 2024 950 4 2025 919 4 2026 951 4 2027 952 18 2028 953 18 2029 920 18 2030 921 18 2031 920 18 2032 953 18 2033 954 19 2034 927 19 2035 924 19 2036 927 19 2037 954 19 2038 955 19 2039</p>
        </triangles>
      </mesh>
    </geometry>
  </library_geometries>
  <library_visual_scenes>
    <visual_scene id="Scene" name="Scene">
      <node id="group_2_230" name="group_2.230" type="NODE">
        <matrix sid="transform">-0.009838818 0 0 0.002504635 0 -2.43108e-8 -0.019 0.02481318 0 0.019 -2.43108e-8 0.003250463 0 0 0 1</matrix>
        <instance_geometry url="#ID2547_001-mesh" name="group_2.230">
          <bind_material>
            <technique_common>
              <instance_material symbol="Metal21-basecolor-material" target="#Metal21-basecolor-material">
                <bind_vertex_input semantic="ID2551" input_semantic="TEXCOORD" input_set="0"/>
                <bind_vertex_input semantic="ID2559" input_semantic="TEXCOORD" input_set="1"/>
                <bind_vertex_input semantic="ID2567" input_semantic="TEXCOORD" input_set="2"/>
                <bind_vertex_input semantic="ID2593" input_semantic="TEXCOORD" input_set="3"/>
              </instance_material>
            </technique_common>
          </bind_material>
        </instance_geometry>
      </node>
    </visual_scene>
  </library_visual_scenes>
  <scene>
    <instance_visual_scene url="#Scene"/>
  </scene>
</COLLADA>